time_s,cop_x_cm,cop_y_cm,mass_kg,tr_kg,tl_kg,br_kg,bl_kg
2980.31820,-0.85536,2.20704,74.08673,20.94023,23.27473,14.63960,15.23217
2980.32820,-0.86058,2.19836,73.96369,20.93129,23.18207,14.58053,15.26980
2980.33820,-0.85985,2.21154,73.95972,20.93725,23.21651,14.57391,15.23205
2980.34820,-0.85949,2.21813,73.95773,20.94023,23.23373,14.57060,15.21317
2980.35820,-0.84228,2.20290,73.87845,20.89754,23.17971,14.60458,15.19662
2980.36820,-0.83974,2.20065,73.86673,20.89123,23.17173,14.60960,15.19417
2980.37820,-0.84361,2.17897,73.99768,20.88419,23.18651,14.67296,15.25401
2980.38820,-0.83799,2.17761,74.13094,20.93844,23.20721,14.69236,15.29293
2980.39820,-0.83524,2.18055,74.16073,20.96023,23.21273,14.68960,15.29817
2980.40820,-0.86340,2.19568,74.14020,20.94322,23.26670,14.64853,15.28175
2980.41820,-0.87131,2.21470,74.12022,20.95514,23.30473,14.61347,15.24688
2980.42820,-0.86378,2.21999,74.11673,20.97023,23.30473,14.60960,15.23217
2980.43820,-0.85932,2.22165,74.13013,20.99702,23.29133,14.59688,15.24490
2980.44820,-0.85712,2.22247,74.13673,21.01023,23.28473,14.59060,15.25117
2980.45820,-0.86044,2.23974,74.04199,21.01479,23.27966,14.53487,15.21267
2980.46820,-0.85503,2.25803,73.85110,21.00314,23.23635,14.46409,15.14752
2980.47820,-0.84269,2.26006,73.71073,20.98023,23.18173,14.44060,15.10817
2980.48820,-0.85179,2.25226,73.86957,21.00303,23.22885,14.47860,15.15909
2980.49820,-0.84270,2.24597,73.94051,21.00010,23.25386,14.53113,15.15541
2980.50820,-0.83106,2.24224,73.96073,20.99023,23.26373,14.57060,15.13617
2980.51820,-0.83804,2.25723,74.04881,21.05867,23.29668,14.53258,15.16089
2980.52820,-0.84206,2.26588,74.09973,21.09823,23.31573,14.51060,15.17517
2980.53820,-0.84206,2.26588,74.09973,21.09823,23.31573,14.51060,15.17517
2980.54820,-0.86185,2.24731,74.10061,21.02079,23.33333,14.55460,15.19189
2980.55820,-0.86185,2.24092,74.08929,21.01815,23.30845,14.55180,15.21089
2980.56820,-0.86149,2.24040,74.08773,21.01923,23.30473,14.55060,15.21317
2980.57820,-0.87936,2.21800,73.99005,20.93299,23.25985,14.55940,15.23781
2980.58820,-0.88872,2.18623,74.08273,20.89123,23.25373,14.62960,15.30817
2980.59820,-0.88930,2.17857,74.10538,20.88175,23.25179,14.64895,15.32288
2980.60820,-0.89170,2.14668,74.19973,20.84223,23.24373,14.72960,15.38417
2980.61820,-0.90227,2.14669,74.25717,20.86650,23.25363,14.71475,15.42230
2980.62820,-0.90206,2.15578,74.35557,20.91475,23.29349,14.71400,15.43333
2980.63820,-0.89019,2.16561,74.39873,20.94023,23.32573,14.72960,15.40317
2980.64820,-0.89019,2.16561,74.39873,20.94023,23.32573,14.72960,15.40317
2980.65820,-0.91816,2.19236,74.18226,20.90699,23.31720,14.61113,15.34692
2980.66820,-0.94057,2.24921,74.04405,20.93056,23.39588,14.48307,15.23453
2980.67820,-0.91620,2.25928,73.96745,20.94873,23.36451,14.46989,15.18432
2980.68820,-0.87149,2.27528,73.83373,20.98023,23.30473,14.45060,15.09817
2980.69820,-0.87675,2.27647,73.82564,20.97171,23.31224,14.44627,15.09543
2980.70820,-0.90194,2.27306,73.79914,20.91668,23.34033,14.44565,15.09648
2980.71820,-0.88159,2.23769,73.87173,20.90123,23.28473,14.53060,15.15517
2980.72820,-0.88068,2.24073,73.91194,20.91576,23.30410,14.53692,15.15517
2980.73820,-0.87964,2.24505,74.09673,20.96523,23.37923,14.57785,15.17442
2980.74820,-0.88675,2.22399,74.19873,20.95023,23.38673,14.62960,15.23217
2980.75820,-0.89069,2.22400,74.18223,20.94373,23.38339,14.62143,15.23367
2980.76820,-0.90648,2.22403,74.11623,20.91773,23.37006,14.58877,15.23967
2980.77820,-0.90840,2.22093,74.10565,20.90995,23.36145,14.58819,15.24606
2980.78820,-0.89484,2.20202,74.14230,20.90219,23.32963,14.63674,15.27374
2980.79820,-0.89611,2.21972,74.11373,20.91012,23.36217,14.61293,15.22851
2980.80820,-0.89629,2.22220,74.10973,20.91123,23.36673,14.60960,15.22217
2980.81820,-0.88995,2.23134,73.97734,20.93002,23.29848,14.53818,15.21066
2980.82820,-0.88220,2.25227,73.89473,20.92123,23.32573,14.52060,15.12717
2980.83820,-0.88220,2.25227,73.89473,20.92123,23.32573,14.52060,15.12717
2980.84820,-0.91164,2.23922,73.73884,20.82538,23.28603,14.49155,15.13589
2980.85820,-0.91260,2.23879,73.73373,20.82223,23.28473,14.49060,15.13617
2980.86820,-0.87070,2.20581,73.84322,20.85969,23.20597,14.57704,15.20052
2980.87820,-0.86972,2.17013,73.93373,20.82223,23.18173,14.65960,15.27017
2980.88820,-0.86972,2.17013,73.93373,20.82223,23.18173,14.65960,15.27017
2980.89820,-0.85008,2.15341,73.95712,20.81726,23.14640,14.70935,15.28410
2980.90820,-0.83045,2.13671,73.98050,20.81228,23.11108,14.75910,15.29803
2980.91820,-0.85103,2.10110,74.05673,20.75323,23.09973,14.81960,15.38417
2980.92820,-0.87275,2.08357,74.10179,20.71439,23.10827,14.84290,15.43622
2980.93820,-0.87899,2.07854,74.11473,20.70323,23.11073,14.84960,15.45117
2980.94820,-0.83961,2.07607,74.19832,20.74461,23.11073,14.91581,15.42717
2980.95820,-0.80059,2.08685,74.21573,20.82139,23.07933,14.91428,15.40073
2980.96820,-0.79116,2.09030,74.21573,20.84223,23.06973,14.90960,15.39417
2980.97820,-0.81147,2.12330,74.19522,20.88546,23.12175,14.82168,15.36633
2980.98820,-0.81332,2.14709,73.99092,20.85185,23.11138,14.75382,15.27387
2980.99820,-0.81110,2.15177,73.91273,20.83223,23.09973,14.73960,15.24117
2981.00820,-0.81527,2.17118,73.94957,20.85400,23.16280,14.72844,15.20434
2981.01820,-0.81857,2.18653,73.97873,20.87123,23.21273,14.71960,15.17517
2981.02820,-0.82187,2.19071,73.93953,20.86633,23.20783,14.70000,15.16537
2981.03820,-0.81981,2.19478,73.88704,20.86877,23.18727,14.67583,15.15517
2981.04820,-0.81071,2.19429,73.86773,20.88123,23.16173,14.66960,15.15517
2981.05820,-0.81278,2.17376,73.92650,20.86886,23.14255,14.70671,15.20837
2981.06820,-0.80581,2.14812,74.02326,20.86741,23.11837,14.76666,15.27082
2981.07820,-0.80070,2.14009,74.06073,20.87123,23.11073,14.78960,15.28917
2981.08820,-0.80675,2.13826,74.13241,20.88331,23.13529,14.80168,15.31213
2981.09820,-0.81061,2.13690,74.22809,20.90484,23.16614,14.81960,15.33752
2981.10820,-0.78745,2.14295,74.17973,20.92123,23.14073,14.81960,15.29817
2981.11820,-0.79016,2.17278,74.20766,20.96925,23.20639,14.78040,15.25162
2981.12820,-0.79297,2.20381,74.23673,21.01923,23.27473,14.73960,15.20317
2981.13820,-0.79885,2.20881,74.14518,20.98764,23.26796,14.71703,15.17255
2981.14820,-0.81088,2.21905,73.95834,20.92317,23.25414,14.67098,15.11005
2981.15820,-0.74949,2.26407,73.69073,20.95023,23.21273,14.61960,14.90817
2981.16820,-0.74813,2.26007,73.65664,20.95386,23.17573,14.60183,14.92522
2981.17820,-0.74591,2.24270,73.68746,20.96484,23.12708,14.60951,14.98603
2981.18820,-0.74637,2.21333,73.94667,20.97800,23.17379,14.72070,15.07419
2981.19820,-0.74939,2.20739,74.00887,20.98584,23.18378,14.73773,15.10151
2981.20820,-0.76213,2.20316,74.08773,21.01023,23.19273,14.72960,15.15517
2981.21820,-0.76111,2.20357,74.10229,21.01234,23.20062,14.73627,15.15306
2981.22820,-0.75228,2.20922,74.23317,21.04140,23.26806,14.78548,15.13824
2981.23820,-0.74987,2.21853,74.28873,21.08823,23.28473,14.76960,15.14617
2981.24820,-0.75394,2.22166,74.26531,21.08573,23.28341,14.75381,15.14236
2981.25820,-0.77026,2.23417,74.17163,21.07573,23.27815,14.69065,15.12709
2981.26820,-0.78543,2.23361,74.00332,21.00567,23.24576,14.65362,15.09827
2981.27820,-0.79221,2.22063,73.84373,20.91123,23.20273,14.65960,15.07017
2981.28820,-0.76752,2.21648,73.82962,20.91829,23.17379,14.68784,15.04970
2981.29820,-0.75723,2.21475,73.82373,20.92123,23.16173,14.69960,15.04117
2981.30820,-0.78397,2.19838,73.81440,20.86266,23.16173,14.70809,15.08192
2981.31820,-0.79391,2.19376,73.87007,20.86113,23.18150,14.71949,15.10796
2981.32820,-0.79397,2.19374,73.87073,20.86123,23.18173,14.71960,15.10817
2981.33820,-0.79722,2.18309,73.86435,20.80263,23.20202,14.76960,15.09010
2981.34820,-0.79167,2.16206,73.92612,20.84184,23.13143,14.76960,15.18324
2981.35820,-0.79161,2.16185,73.92673,20.84223,23.13073,14.76960,15.18417
2981.36820,-0.79864,2.16008,74.04355,20.83338,23.20329,14.82270,15.18417
2981.37820,-0.79926,2.15996,74.05993,20.83302,23.21303,14.82990,15.18399
2981.38820,-0.76994,2.17154,74.17973,20.91123,23.24373,14.85960,15.16517
2981.39820,-0.73208,2.16995,74.07307,20.91790,23.16839,14.86627,15.12051
2981.40820,-0.71311,2.16915,74.01973,20.92123,23.13073,14.86960,15.09817
2981.41820,-0.75557,2.21463,74.04373,20.97023,23.24373,14.75960,15.07017
2981.42820,-0.72500,2.18814,74.11997,20.97023,23.20313,14.84871,15.09790
2981.43820,-0.74045,2.18139,74.06859,20.91809,23.20273,14.84960,15.09817
2981.44820,-0.76922,2.20192,73.96744,20.86752,23.25963,14.80218,15.03811
2981.45820,-0.77470,2.20826,73.94773,20.86123,23.27473,14.78960,15.02217
2981.46820,-0.73835,2.22244,73.99725,20.98198,23.22955,14.75485,15.03086
2981.47820,-0.72903,2.19699,74.00904,20.97439,23.16157,14.78406,15.08902
2981.48820,-0.72842,2.19255,74.00973,20.97023,23.15173,14.78960,15.09817
2981.49820,-0.72714,2.20036,74.01736,20.97610,23.17578,14.78960,15.07588
2981.50820,-0.73076,2.20836,74.10115,20.99833,23.22952,14.80166,15.07163
2981.51820,-0.73373,2.20999,74.15273,21.01023,23.25373,14.80960,15.07917
2981.52820,-0.74406,2.19830,74.12723,20.99523,23.21548,14.79460,15.12192
2981.53820,-0.74750,2.19440,74.11873,20.99023,23.20273,14.78960,15.13617
2981.54820,-0.75669,2.20358,74.12023,20.99023,23.23348,14.77460,15.12192
2981.55820,-0.76033,2.20120,74.27367,21.01891,23.28858,14.81372,15.15247
2981.56820,-0.76053,2.19924,74.32873,21.02923,23.30473,14.82960,15.16517
2981.57820,-0.75921,2.21616,74.32401,21.04497,23.34132,14.81386,15.12386
2981.58820,-0.75345,2.24505,74.10964,21.05052,23.30167,14.71475,15.04271
2981.59820,-0.75120,2.24675,73.98473,21.03923,23.24373,14.66960,15.03217
2981.60820,-0.76845,2.26287,73.98351,21.00915,23.32537,14.66960,14.97938
2981.61820,-0.77931,2.27301,73.98273,20.99023,23.37673,14.66960,14.94617
2981.62820,-0.78145,2.27172,73.92371,20.98375,23.34365,14.64398,14.95234
2981.63820,-0.78503,2.26958,73.82533,20.97294,23.28851,14.60128,14.96261
2981.64820,-0.73684,2.24298,73.95673,21.01023,23.24373,14.70960,14.99317
2981.65820,-0.74636,2.24667,73.96946,21.01317,23.26037,14.69655,14.99937
2981.66820,-0.76171,2.25261,73.98999,21.01791,23.28721,14.67549,15.00937
2981.67820,-0.76601,2.25428,73.99573,21.01923,23.29473,14.66960,15.01217
2981.68820,-0.76164,2.24106,74.10341,21.06379,23.27171,14.68445,15.08346
2981.69820,-0.74135,2.24525,74.17883,21.11513,23.27911,14.70425,15.08033
2981.70820,-0.74829,2.26121,74.13220,21.10902,23.30923,14.67597,15.03799
2981.71820,-0.74089,2.27090,74.04881,21.08387,23.31586,14.67352,14.97555
2981.72820,-0.71711,2.26649,74.02973,21.07923,23.29473,14.70960,14.94617
2981.73820,-0.71711,2.26649,74.02973,21.07923,23.29473,14.70960,14.94617
2981.74820,-0.74958,2.27542,73.99973,21.05923,23.32573,14.65960,14.95517
2981.75820,-0.74091,2.26826,74.02020,21.05923,23.31479,14.68431,14.96188
2981.76820,-0.72412,2.25412,73.93802,21.02417,23.25471,14.70835,14.95080
2981.77820,-0.72247,2.25220,73.71973,20.96023,23.18173,14.66960,14.90817
2981.78820,-0.72606,2.25012,73.78062,20.96897,23.20270,14.68417,14.92478
2981.79820,-0.73174,2.24414,73.92976,20.99137,23.25020,14.72415,14.96404
2981.80820,-0.70804,2.23693,73.93773,21.00023,23.22273,14.75960,14.95517
2981.81820,-0.71354,2.23382,73.92318,20.98850,23.21569,14.75491,14.96409
2981.82820,-0.73396,2.21944,73.88445,20.95023,23.18417,14.73960,15.01044
2981.83820,-0.74383,2.20246,73.91932,20.95023,23.14996,14.73960,15.07952
2981.84820,-0.72088,2.15521,74.04622,20.89359,23.12888,14.89677,15.12698
2981.85820,-0.72720,2.09907,74.13373,20.80223,23.08973,15.01960,15.22217
2981.86820,-0.72720,2.09907,74.13373,20.80223,23.08973,15.01960,15.22217
2981.87820,-0.70227,2.03495,74.16867,20.68852,23.01553,15.19290,15.27172
2981.88820,-0.70512,2.01536,74.30573,20.72323,22.99773,15.21960,15.36517
2981.89820,-0.70590,2.01633,74.33282,20.73381,23.00628,15.22079,15.37195
2981.90820,-0.71187,2.02520,74.52134,20.81097,23.06903,15.22454,15.41680
2981.91820,-0.71362,2.04007,74.40870,20.79947,23.06271,15.17857,15.36795
2981.92820,-0.71472,2.04945,74.33773,20.79223,23.05873,15.14960,15.33717
2981.93820,-0.72144,2.06655,74.25628,20.78860,23.07000,15.10233,15.29536
2981.94820,-0.73324,2.09656,74.11373,20.78223,23.08973,15.01960,15.22217
2981.95820,-0.75277,2.11391,73.88389,20.71852,23.07360,14.93895,15.15282
2981.96820,-0.73481,2.12286,73.74873,20.72323,23.01773,14.89960,15.10817
2981.97820,-0.73481,2.12286,73.74873,20.72323,23.01773,14.89960,15.10817
2981.98820,-0.71720,2.11582,73.87725,20.77665,23.01773,14.93831,15.14456
2981.99820,-0.71150,2.11982,73.87543,20.78345,23.02281,14.94035,15.12882
2982.00820,-0.71084,2.12686,73.82973,20.77323,23.02873,14.92960,15.09817
2982.01820,-0.70302,2.10263,74.04723,20.80650,23.04579,15.01489,15.18006
2982.02820,-0.70167,2.09846,74.08473,20.81223,23.04873,15.02960,15.19417
2982.03820,-0.70167,2.09846,74.08473,20.81223,23.04873,15.02960,15.19417
2982.04820,-0.73455,2.10627,74.04427,20.80503,23.05733,14.96100,15.22091
2982.05820,-0.73657,2.10612,74.04273,20.80223,23.05873,14.95960,15.22217
2982.06820,-0.72758,2.10306,73.95931,20.76869,23.03293,14.96820,15.18949
2982.07820,-0.71267,2.09679,73.95712,20.75754,23.02246,15.00377,15.17335
2982.08820,-0.70251,2.09244,73.96573,20.75323,23.01773,15.02960,15.16517
2982.09820,-0.70851,2.09646,74.00845,20.78007,23.02923,15.01317,15.18598
2982.10820,-0.71346,2.09978,74.04373,20.80223,23.03873,14.99960,15.20317
2982.11820,-0.69357,2.10000,74.15510,20.83887,23.06877,15.05089,15.19658
2982.12820,-0.71484,2.11824,74.14731,20.83055,23.13177,15.01901,15.16599
2982.13820,-0.72579,2.12520,74.12873,20.82223,23.15173,14.99960,15.15517
2982.14820,-0.72140,2.14692,73.97920,20.81635,23.13936,14.94073,15.08276
2982.15820,-0.71832,2.16214,73.87473,20.81223,23.13073,14.89960,15.03217
2982.16820,-0.71003,2.14732,73.94540,20.81223,23.12469,14.94792,15.06056
2982.17820,-0.71508,2.11160,73.86993,20.72943,23.04693,14.98560,15.10797
2982.18820,-0.72209,2.09421,73.78873,20.67423,22.99773,14.98960,15.12717
2982.19820,-0.70426,2.07493,73.82717,20.69841,22.93387,15.01440,15.18049
2982.20820,-0.67957,2.05881,73.97842,20.75559,22.91376,15.07257,15.23650
2982.21820,-0.67093,2.05610,74.05873,20.78223,22.92573,15.09960,15.25117
2982.22820,-0.67143,2.05084,74.16085,20.80047,22.95065,15.12999,15.27974
2982.23820,-0.67174,2.04745,74.22673,20.81223,22.96673,15.14960,15.29817
2982.24820,-0.66776,2.04224,74.19067,20.79438,22.94635,15.15681,15.29312
2982.25820,-0.65715,2.01927,73.97277,20.69888,22.83888,15.16485,15.27017
2982.26820,-0.66489,2.02007,73.91773,20.68423,22.82373,15.13960,15.27017
2982.27820,-0.62527,2.02247,74.01323,20.73323,22.83873,15.20460,15.23667
2982.28820,-0.59613,2.03982,74.07604,20.80146,22.86382,15.21672,15.19404
2982.29820,-0.60735,2.05598,74.04073,20.82223,22.87473,15.15960,15.18417
2982.30820,-0.61800,2.07592,74.02839,20.84075,22.91366,15.11687,15.15711
2982.31820,-0.62979,2.09798,74.01473,20.86123,22.95673,15.06960,15.12717
2982.32820,-0.62979,2.09798,74.01473,20.86123,22.95673,15.06960,15.12717
2982.33820,-0.62224,2.11701,73.89350,20.86656,22.94130,15.01831,15.06732
2982.34820,-0.63131,2.11199,73.83673,20.84223,22.91573,14.99960,15.07917
2982.35820,-0.61333,2.12812,73.84953,20.88663,22.93115,14.99208,15.03967
2982.36820,-0.58620,2.15028,73.87232,20.95054,22.95257,14.98554,14.98367
2982.37820,-0.59337,2.13795,73.87659,20.92433,22.94134,15.00158,15.00934
2982.38820,-0.59470,2.13639,73.91153,20.92503,22.95633,15.01560,15.01457
2982.39820,-0.58877,2.14849,73.99785,20.96135,23.01054,15.03139,14.99457
2982.40820,-0.58569,2.15477,74.04273,20.98023,23.03873,15.03960,14.98417
2982.41820,-0.58532,2.15710,74.07123,21.00973,23.03373,15.02460,15.00317
2982.42820,-0.59492,2.16785,74.15518,21.05904,23.06932,14.99970,15.02712
2982.43820,-0.60507,2.17644,74.21173,21.07923,23.11073,14.98960,15.03217
2982.44820,-0.55044,2.17510,73.92723,21.04423,22.97198,14.97960,14.93142
2982.45820,-0.57163,2.17659,73.97073,21.05923,22.98773,14.94960,14.97417
2982.46820,-0.56529,2.17850,73.99328,21.06879,22.99778,14.96185,14.96486
2982.47820,-0.54578,2.18436,74.06273,21.09823,23.02873,14.99960,14.93617
2982.48820,-0.54578,2.18436,74.06273,21.09823,23.02873,14.99960,14.93617
2982.49820,-0.53362,2.17339,73.89475,21.04620,22.94512,14.99051,14.91292
2982.50820,-0.60196,2.18756,73.91273,21.01923,23.02873,14.90960,14.95517
2982.51820,-0.59757,2.18712,73.90691,21.02040,23.02267,14.91310,14.95075
2982.52820,-0.56448,2.18302,73.86537,21.02923,22.97582,14.94051,14.91981
2982.53820,-0.56667,2.17537,73.89173,21.02923,22.96673,14.94960,14.94617
2982.54820,-0.56667,2.17537,73.89173,21.02923,22.96673,14.94960,14.94617
2982.55820,-0.57328,2.16198,73.90347,20.99279,22.96673,14.98048,14.96347
2982.56820,-0.57737,2.15368,73.91073,20.97023,22.96673,14.99960,14.97417
2982.57820,-0.59411,2.14311,74.03960,20.96342,23.01582,15.04051,15.01986
2982.58820,-0.59544,2.14036,74.13682,20.97478,23.05327,15.07415,15.03463
2982.59820,-0.59302,2.14118,74.15073,20.98023,23.05873,15.07960,15.03217
2982.60820,-0.62025,2.14718,74.00173,20.93123,23.03873,15.00960,15.02217
2982.61820,-0.63154,2.10153,73.87873,20.80223,22.94673,15.05960,15.07017
2982.62820,-0.63154,2.10153,73.87873,20.80223,22.94673,15.05960,15.07017
2982.63820,-0.59764,2.10198,74.12451,20.91734,22.97862,15.12182,15.10673
2982.64820,-0.58800,2.10211,74.19473,20.95023,22.98773,15.13960,15.11717
2982.65820,-0.60444,2.10126,74.18386,20.95023,22.97852,15.10614,15.14896
2982.66820,-0.64487,2.12584,74.29554,20.99302,23.08197,15.04826,15.17229
2982.67820,-0.65114,2.13001,74.31473,21.00023,23.09973,15.03960,15.17517
2982.68820,-0.66568,2.16013,73.97761,20.90649,23.09113,14.94500,15.03499
2982.69820,-0.63909,2.15926,73.79717,20.87403,23.01347,14.93533,14.97433
2982.70820,-0.61747,2.15494,73.70373,20.86123,22.95673,14.93960,14.94617
2982.71820,-0.61771,2.16479,73.67464,20.88305,22.94945,14.90324,14.93890
2982.72820,-0.61780,2.16849,73.66373,20.89123,22.94673,14.88960,14.93617
2982.73820,-0.61780,2.16849,73.66373,20.89123,22.94673,14.88960,14.93617
2982.74820,-0.59568,2.13775,73.70973,20.88123,22.88473,14.95960,14.98417
2982.75820,-0.62753,2.12354,73.92138,20.88123,22.96434,15.00814,15.06767
2982.76820,-0.62626,2.12309,73.95520,20.89031,22.97385,15.01765,15.07339
2982.77820,-0.62527,2.12509,74.17068,20.96023,23.03825,15.05404,15.11815
2982.78820,-0.67826,2.13239,74.18373,20.96023,23.06973,14.96960,15.18417
2982.79820,-0.67731,2.13579,74.20361,20.96023,23.09260,14.98085,15.16992
2982.80820,-0.67574,2.14146,74.23673,20.96023,23.13073,14.99960,15.14617
2982.81820,-0.65409,2.14521,74.12295,20.96625,23.06932,14.97552,15.11186
2982.82820,-0.65808,2.16612,74.04487,20.98661,23.07049,14.91047,15.07730
2982.83820,-0.68454,2.19271,74.04073,21.01023,23.13073,14.83960,15.06017
2982.84820,-0.66621,2.19502,74.05030,21.02800,23.12617,14.85782,15.03831
2982.85820,-0.65843,2.21987,73.96751,21.03095,23.15448,14.82804,14.95405
2982.86820,-0.67449,2.24497,73.86073,21.01023,23.19273,14.76960,14.88817
2982.87820,-0.65232,2.23787,73.89034,21.03773,23.15994,14.79428,14.89840
2982.88820,-0.61165,2.22484,73.94473,21.08823,23.09973,14.83960,14.91717
2982.89820,-0.62463,2.21309,73.94887,21.06032,23.09197,14.84735,14.94922
2982.90820,-0.64760,2.17389,74.05926,21.02117,23.06973,14.90082,15.06754
2982.91820,-0.62084,2.16365,74.24473,21.09823,23.06973,14.95960,15.11717
2982.92820,-0.62624,2.17153,74.26378,21.10922,23.09574,14.94861,15.11021
2982.93820,-0.63653,2.17870,74.31544,21.10388,23.15520,14.96136,15.09500
2982.94820,-0.63831,2.16688,74.34973,21.05923,23.18173,15.01960,15.08917
2982.95820,-0.65013,2.17584,74.29261,21.05443,23.18173,14.97640,15.08005
2982.96820,-0.68306,2.20079,74.13395,21.04110,23.18173,14.85640,15.05472
2982.97820,-0.70470,2.20628,74.06149,21.00296,23.19447,14.82244,15.04161
2982.98820,-0.76194,2.20958,73.89488,20.88217,23.22652,14.76495,15.02123
2982.99820,-0.77742,2.20020,73.85573,20.85223,23.20273,14.74960,15.05117
2983.00820,-0.77476,2.20267,73.86450,20.86398,23.20421,14.74663,15.04969
2983.01820,-0.76267,2.21389,73.90437,20.91735,23.21097,14.73311,15.04293
2983.02820,-0.69211,2.23539,74.04473,21.06923,23.21273,14.76960,14.99317
2983.03820,-0.69374,2.23712,74.05219,21.07187,23.22018,14.76778,14.99236
2983.04820,-0.71004,2.25445,74.12673,21.09823,23.29473,14.74960,14.98417
2983.05820,-0.70953,2.25462,74.10942,21.09507,23.28808,14.74524,14.98101
2983.06820,-0.70398,2.25385,73.96952,21.06658,23.23028,14.71556,14.95709
2983.07820,-0.68967,2.23177,73.98740,21.04009,23.19585,14.77516,14.97630
2983.08820,-0.68728,2.22292,73.98936,21.02499,23.18339,14.79530,14.98568
2983.09820,-0.72210,2.22487,73.93559,20.98251,23.20006,14.75229,15.00073
2983.10820,-0.75240,2.21836,73.89746,20.92869,23.21000,14.73596,15.02281
2983.11820,-0.76255,2.19705,73.90473,20.87123,23.20273,14.77960,15.05117
2983.12820,-0.75095,2.18616,73.90960,20.86097,23.18058,14.81201,15.05604
2983.13820,-0.74108,2.17689,73.91373,20.85223,23.16173,14.83960,15.06017
2983.14820,-0.78673,2.15478,73.85080,20.77756,23.12732,14.80604,15.13989
2983.15820,-0.78431,2.14163,73.96773,20.78303,23.14871,14.86103,15.17497
2983.16820,-0.77913,2.13750,74.02773,20.79223,23.16173,14.88960,15.18417
2983.17820,-0.76970,2.14857,73.99257,20.85000,23.11903,14.83100,15.19255
2983.18820,-0.77641,2.15530,74.10263,20.88628,23.17001,14.83630,15.21004
2983.19820,-0.77810,2.15620,74.12573,20.89123,23.18173,14.83960,15.21317
2983.20820,-0.77810,2.15620,74.12573,20.89123,23.18173,14.83960,15.21317
2983.21820,-0.75675,2.17508,73.98573,20.94023,23.11073,14.75960,15.17517
2983.22820,-0.76556,2.17332,73.97342,20.89749,23.14043,14.78133,15.15416
2983.23820,-0.80728,2.17572,73.96873,20.85718,23.18574,14.74812,15.17770
2983.24820,-0.81516,2.17635,73.96873,20.85223,23.19273,14.73960,15.18417
2983.25820,-0.79559,2.16822,74.09916,20.88014,23.21608,14.80794,15.19499
2983.26820,-0.80207,2.15972,74.13812,20.85803,23.23373,14.83772,15.20864
2983.27820,-0.81969,2.15774,74.08873,20.82223,23.23373,14.81960,15.21317
2983.28820,-0.81730,2.16306,74.09381,20.85778,23.21849,14.79058,15.22696
2983.29820,-0.81640,2.16508,74.09573,20.87123,23.21273,14.77960,15.23217
2983.30820,-0.80895,2.15299,74.16182,20.86381,23.22015,14.83158,15.24628
2983.31820,-0.81142,2.16879,74.18764,20.89025,23.26045,14.81333,15.22360
2983.32820,-0.81333,2.17635,74.18873,20.90123,23.27473,14.79960,15.21317
2983.33820,-0.80934,2.17567,74.12827,20.89752,23.24023,14.78105,15.20946
2983.34820,-0.78659,2.15850,74.13370,20.90953,23.17563,14.81060,15.23794
2983.35820,-0.77641,2.14828,74.20273,20.92123,23.17173,14.84960,15.26017
2983.36820,-0.79202,2.15228,74.23182,20.93881,23.18445,14.81930,15.28926
2983.37820,-0.80215,2.15488,74.25073,20.95023,23.19273,14.79960,15.30817
2983.38820,-0.81101,2.15172,74.20721,20.90589,23.20094,14.80781,15.29257
2983.39820,-0.82316,2.14789,74.13251,20.84223,23.20772,14.81471,15.26785
2983.40820,-0.81901,2.15287,74.04473,20.84223,23.17173,14.77960,15.25117
2983.41820,-0.81748,2.16334,73.98838,20.83243,23.18202,14.76490,15.20903
2983.42820,-0.82999,2.16003,73.99000,20.81733,23.18734,14.75940,15.22593
2983.43820,-0.84465,2.14524,74.05273,20.81223,23.18173,14.76960,15.28917
2983.44820,-0.84465,2.14524,74.05273,20.81223,23.18173,14.76960,15.28917
2983.45820,-0.85977,2.13969,73.98373,20.75323,23.18173,14.76960,15.27917
2983.46820,-0.85977,2.13969,73.98373,20.75323,23.18173,14.76960,15.27917
2983.47820,-0.86744,2.12455,74.03611,20.73517,23.18173,14.79970,15.31951
2983.48820,-0.83925,2.09941,74.14149,20.75922,23.13842,14.87450,15.36935
2983.49820,-0.81802,2.08974,74.18673,20.78223,23.11073,14.90960,15.38417
2983.50820,-0.80733,2.08133,74.10829,20.73597,23.08324,14.93642,15.35266
2983.51820,-0.77333,2.08414,74.03991,20.76222,23.02571,14.93540,15.31658
2983.52820,-0.76158,2.08699,74.02773,20.78223,23.00773,14.92960,15.30817
2983.53820,-0.78742,2.09308,74.10073,20.75323,23.09973,14.94960,15.29817
2983.54820,-0.77157,2.10939,73.93873,20.80223,23.00773,14.84960,15.27917
2983.55820,-0.77212,2.10976,73.94645,20.80130,23.01442,14.85332,15.27741
2983.56820,-0.77744,2.11334,74.02173,20.79223,23.07973,14.88960,15.26017
2983.57820,-0.78246,2.11209,74.00755,20.78304,23.07645,14.88337,15.26469
2983.58820,-0.80343,2.10687,73.94846,20.74473,23.06282,14.85739,15.28352
2983.59820,-0.78566,2.10359,73.99073,20.76323,23.05873,14.88960,15.27917
2983.60820,-0.78205,2.10407,74.00009,20.77391,23.05513,14.88960,15.28145
2983.61820,-0.75819,2.10587,74.07788,20.85223,23.02873,14.88960,15.30732
2983.62820,-0.77729,2.09095,74.14138,20.84363,23.02644,14.89613,15.37517
2983.63820,-0.77734,2.07024,74.10909,20.77384,23.00981,14.95027,15.37517
2983.64820,-0.77934,2.07240,74.14265,20.77988,23.03061,14.95698,15.37517
2983.65820,-0.77990,2.07336,74.15458,20.78259,23.03809,14.95907,15.37484
2983.66820,-0.75782,2.08558,74.03954,20.81799,22.97437,14.90597,15.34121
2983.67820,-0.70835,2.06719,73.96245,20.84201,22.84511,14.92926,15.34607
2983.68820,-0.70781,2.06696,73.96173,20.84223,22.84373,14.92960,15.34617
2983.69820,-0.74353,2.06373,74.15078,20.85177,22.93533,14.95032,15.41336
2983.70820,-0.72947,2.03639,74.15538,20.80572,22.89519,15.02269,15.43178
2983.71820,-0.72229,2.02245,74.15773,20.78223,22.87473,15.05960,15.44117
2983.72820,-0.73091,2.05489,74.26107,20.86046,22.96300,15.01654,15.42108
2983.73820,-0.73430,2.06763,74.30173,20.89123,22.99773,14.99960,15.41317
2983.74820,-0.74120,2.06996,74.11365,20.83170,22.95373,14.95646,15.37176
2983.75820,-0.72207,2.11012,74.02845,20.86523,23.00026,14.91450,15.24846
2983.76820,-0.71924,2.11568,74.02073,20.87123,23.00773,14.90960,15.23217
2983.77820,-0.74298,2.11225,74.02465,20.85213,23.01801,14.89001,15.26450
2983.78820,-0.73745,2.10737,74.05844,20.86119,23.01313,14.90673,15.27738
2983.79820,-0.72696,2.10692,74.06873,20.87123,23.00773,14.91960,15.27017
2983.80820,-0.73787,2.12823,74.09191,20.91608,23.04585,14.86728,15.26270
2983.81820,-0.74156,2.13542,74.09973,20.93123,23.05873,14.84960,15.26017
2983.82820,-0.74632,2.14961,74.08398,20.96798,23.05873,14.79710,15.26017
2983.83820,-0.74734,2.15991,74.08555,20.97171,23.08941,14.79238,15.23205
2983.84820,-0.74658,2.16734,74.09464,20.96035,23.13032,14.80943,15.19455
2983.85820,-0.74657,2.16741,74.09473,20.96023,23.13073,14.80960,15.19417
2983.86820,-0.79341,2.15334,74.01679,20.88422,23.11467,14.76792,15.24999
2983.87820,-0.77532,2.13154,73.97273,20.83223,23.06973,14.82960,15.24117
2983.88820,-0.77347,2.12977,73.95832,20.83097,23.05670,14.82707,15.24358
2983.89820,-0.76068,2.11754,73.85873,20.82223,22.96673,14.80960,15.26017
2983.90820,-0.76280,2.11237,73.86673,20.80498,22.97198,14.82710,15.26267
2983.91820,-0.75495,2.09295,73.96886,20.78676,22.98773,14.90801,15.28637
2983.92820,-0.71930,2.08310,74.16573,20.87123,22.98773,14.97960,15.32717
2983.93820,-0.75653,2.09664,74.18504,20.88113,23.03327,14.91524,15.35539
2983.94820,-0.76551,2.10301,74.18473,20.89623,23.03873,14.88460,15.36517
2983.95820,-0.73653,2.09558,74.16473,20.90123,22.99773,14.91960,15.34617
2983.96820,-0.74574,2.10248,74.11455,20.88669,23.00500,14.89415,15.32872
2983.97820,-0.76188,2.11458,74.02673,20.86123,23.01773,14.84960,15.29817
2983.98820,-0.76600,2.10865,74.00771,20.84268,23.00575,14.85195,15.30733
2983.99820,-0.77776,2.09168,73.95334,20.78966,22.97152,14.85866,15.33351
2984.00820,-0.79131,2.09629,73.92773,20.77323,22.98773,14.83960,15.32717
2984.01820,-0.79702,2.11067,73.93985,20.79070,23.02408,14.81821,15.30686
2984.02820,-0.80646,2.13814,73.96598,20.81870,23.10069,14.78667,15.25992
2984.03820,-0.80487,2.14091,73.97373,20.81223,23.12073,14.79960,15.24117
2984.04820,-0.80429,2.14306,73.97143,20.81901,23.11958,14.79270,15.24014
2984.05820,-0.79981,2.15968,73.95373,20.87123,23.11073,14.73960,15.23217
2984.06820,-0.79981,2.15968,73.95373,20.87123,23.11073,14.73960,15.23217
2984.07820,-0.81483,2.16129,73.89056,20.84285,23.10679,14.71195,15.22898
2984.08820,-0.80605,2.14221,73.81173,20.81223,23.02873,14.71960,15.25117
2984.09820,-0.80555,2.14397,73.87572,20.82795,23.05674,14.73554,15.25550
2984.10820,-0.79963,2.14409,74.09449,20.87988,23.13513,14.79905,15.28043
2984.11820,-0.78036,2.11752,74.10246,20.87375,23.05967,14.84199,15.32706
2984.12820,-0.77480,2.10550,74.12222,20.86844,23.03759,14.86635,15.34984
2984.13820,-0.79663,2.09488,74.27673,20.84223,23.12073,14.92960,15.38417
2984.14820,-0.80017,2.09900,74.25945,20.84383,23.12233,14.91360,15.37969
2984.15820,-0.81496,2.11620,74.18745,20.85050,23.12899,14.84693,15.36103
2984.16820,-0.79807,2.13359,74.11071,20.87662,23.11391,14.81278,15.30740
2984.17820,-0.79415,2.13604,74.09973,20.88123,23.11073,14.80960,15.29817
2984.18820,-0.80718,2.14484,74.00273,20.85223,23.11073,14.76960,15.27017
2984.19820,-0.80589,2.14571,73.99694,20.85378,23.10855,14.76747,15.26714
2984.20820,-0.79297,2.15436,73.93896,20.86920,23.08674,14.74620,15.23682
2984.21820,-0.78322,2.15734,73.91773,20.82223,23.13073,14.79960,15.16517
2984.22820,-0.78322,2.15734,73.91773,20.82223,23.13073,14.79960,15.16517
2984.23820,-0.81109,2.16472,73.99397,20.87075,23.15152,14.74019,15.23151
2984.24820,-0.83172,2.18003,74.04668,20.86143,23.24190,14.73960,15.20375
2984.25820,-0.83213,2.18034,74.04773,20.86123,23.24373,14.73960,15.20317
2984.26820,-0.81777,2.18688,74.07656,20.90927,23.23412,14.72999,15.20317
2984.27820,-0.81718,2.18715,74.07773,20.91123,23.23373,14.72960,15.20317
2984.28820,-0.79151,2.20122,74.14734,20.97888,23.25333,14.73940,15.17572
2984.29820,-0.79889,2.21533,73.97331,20.95083,23.22335,14.67100,15.12813
2984.30820,-0.79906,2.21562,73.96973,20.95023,23.22273,14.66960,15.12717
2984.31820,-0.80132,2.19398,73.93039,20.88020,23.19912,14.71681,15.13426
2984.32820,-0.75737,2.16975,73.94235,20.90473,23.10312,14.77310,15.16140
2984.33820,-0.75071,2.16700,73.94573,20.91123,23.08973,14.77960,15.16517
2984.34820,-0.72580,2.14655,73.94325,20.91123,23.02192,14.82095,15.18915
2984.35820,-0.72059,2.14227,73.94273,20.91123,23.00773,14.82960,15.19417
2984.36820,-0.77554,2.12973,73.94100,20.83392,23.04334,14.81223,15.25151
2984.37820,-0.78017,2.12719,74.12971,20.87927,23.10173,14.84993,15.29878
2984.38820,-0.77747,2.12672,74.26873,20.92123,23.14073,14.87960,15.32717
2984.39820,-0.76224,2.14690,74.18203,20.93544,23.14073,14.84970,15.25616
2984.40820,-0.79264,2.16411,74.12498,20.91098,23.18723,14.79460,15.23217
2984.41820,-0.80449,2.16757,74.11573,20.90123,23.20273,14.77960,15.23217
2984.42820,-0.79129,2.16767,73.97811,20.87211,23.15030,14.76504,15.19067
2984.43820,-0.78634,2.16771,73.92673,20.86123,23.13073,14.75960,15.17517
2984.44820,-0.78840,2.18455,73.90373,20.87219,23.16066,14.73404,15.13684
2984.45820,-0.79447,2.21224,73.87251,20.90099,23.20297,14.67984,15.08871
2984.46820,-0.79708,2.21054,73.88173,20.91123,23.19273,14.66960,15.10817
2984.47820,-0.76950,2.21433,73.92436,20.96905,23.17264,14.67940,15.10327
2984.48820,-0.73009,2.21446,73.94162,21.00592,23.14649,14.71814,15.07106
2984.49820,-0.71825,2.21026,73.91173,20.98023,23.14073,14.74960,15.04117
2984.50820,-0.73167,2.19639,73.89063,20.95194,23.11147,14.74480,15.08242
2984.51820,-0.72496,2.16413,73.88920,20.92123,23.03679,14.78627,15.14491
2984.52820,-0.69394,2.14728,73.93596,20.94346,22.98773,14.83960,15.16517
2984.53820,-0.69888,2.14693,73.96273,20.94548,23.00048,14.84210,15.17467
2984.54820,-0.72659,2.13906,73.96273,20.89282,23.02760,14.84742,15.19489
2984.55820,-0.72877,2.13068,73.97638,20.87123,23.03010,14.87187,15.20317
2984.56820,-0.71005,2.12016,74.00422,20.87123,23.01248,14.91733,15.20317
2984.57820,-0.72832,2.10199,74.10907,20.86408,23.02276,14.94391,15.27832
2984.58820,-0.73757,2.09591,74.14773,20.86123,23.02873,14.94960,15.30817
2984.59820,-0.73385,2.09785,74.20833,20.86717,23.06496,14.97930,15.29689
2984.60820,-0.73383,2.07947,74.18660,20.85412,23.00536,14.98190,15.34522
2984.61820,-0.73558,2.06576,74.14273,20.84223,22.94673,14.96960,15.38417
2984.62820,-0.70936,2.09413,74.01519,20.83384,22.97190,14.96121,15.24824
2984.63820,-0.70924,2.09842,74.00813,20.83479,22.98069,14.95704,15.23560
2984.64820,-0.74281,2.09470,74.09178,20.83767,23.01525,14.93717,15.30169
2984.65820,-0.74302,2.10783,73.98273,20.79223,23.03873,14.92960,15.22217
2984.66820,-0.74302,2.10783,73.98273,20.79223,23.03873,14.92960,15.22217
2984.67820,-0.76519,2.11049,73.96983,20.78013,23.05183,14.89760,15.24027
2984.68820,-0.73022,2.11012,74.12373,20.84223,23.07973,14.96960,15.23217
2984.69820,-0.72968,2.10672,74.10510,20.83323,23.06664,14.97051,15.23472
2984.70820,-0.72433,2.07264,73.91873,20.74323,22.93573,14.97960,15.26017
2984.71820,-0.72538,2.07366,73.92230,20.74680,22.93760,14.97598,15.26193
2984.72820,-0.73697,2.08507,73.96189,20.78639,22.95840,14.93571,15.28139
2984.73820,-0.69058,2.07274,74.20200,20.87994,22.96673,15.03763,15.31770
2984.74820,-0.68973,2.07246,74.20573,20.88123,22.96673,15.03960,15.31817
2984.75820,-0.76552,2.09015,74.01664,20.75711,23.03654,14.94263,15.28036
2984.76820,-0.75938,2.08939,74.00027,20.76274,23.01876,14.93960,15.27917
2984.77820,-0.75894,2.08932,73.99973,20.76323,23.01773,14.93960,15.27917
2984.78820,-0.77174,2.11670,73.98209,20.80146,23.05791,14.87099,15.25173
2984.79820,-0.77200,2.11725,73.98173,20.80223,23.05873,14.86960,15.25117
2984.80820,-0.76221,2.09722,73.82423,20.72798,22.97473,14.88460,15.23692
2984.81820,-0.75153,2.08926,73.92501,20.76385,22.97271,14.91558,15.27287
2984.82820,-0.75039,2.08906,73.94873,20.77323,22.97673,14.91960,15.27917
2984.83820,-0.77229,2.10223,74.09519,20.79793,23.08146,14.92811,15.28769
2984.84820,-0.74532,2.09201,74.18942,20.81082,23.09114,15.00687,15.28059
2984.85820,-0.74026,2.08996,74.20073,20.81223,23.08973,15.01960,15.27917
2984.86820,-0.75206,2.09443,74.20654,20.81804,23.10192,14.99637,15.29021
2984.87820,-0.76058,2.09766,74.21073,20.82223,23.11073,14.97960,15.29817
2984.88820,-0.78819,2.11226,74.21803,20.84413,23.14066,14.91390,15.31934
2984.89820,-0.75254,2.09918,74.14773,20.83778,23.06283,14.94742,15.29971
2984.90820,-0.73493,2.09209,74.11973,20.83223,23.02873,14.96960,15.28917
2984.91820,-0.73678,2.10804,74.01981,20.81754,23.03607,14.93287,15.23334
2984.92820,-0.76750,2.11755,73.93977,20.78366,23.05338,14.87564,15.22709
2984.93820,-0.77847,2.11892,73.92373,20.77323,23.05873,14.85960,15.23217
2984.94820,-0.77847,2.11892,73.92373,20.77323,23.05873,14.85960,15.23217
2984.95820,-0.74487,2.08905,74.06904,20.78213,23.03896,14.97822,15.26974
2984.96820,-0.74594,2.08691,74.05286,20.77611,23.02848,14.97460,15.27367
2984.97820,-0.75253,2.07180,73.95734,20.73779,22.96128,14.95554,15.30273
2984.98820,-0.74022,2.06305,74.05773,20.75323,22.97673,15.00960,15.31817
2984.99820,-0.76479,2.08286,74.01549,20.76283,23.00649,14.93760,15.30857
2985.00820,-0.78719,2.09899,73.91666,20.73053,23.03263,14.88400,15.26950
2985.01820,-0.78447,2.09556,73.88273,20.70323,23.02873,14.89960,15.25117
2985.02820,-0.75552,2.10566,73.97937,20.78114,23.04081,14.91772,15.23970
2985.03820,-0.73657,2.11228,74.04273,20.83223,23.04873,14.92960,15.23217
2985.04820,-0.73950,2.11375,74.02203,20.82473,23.04873,14.92210,15.22647
2985.05820,-0.74878,2.12393,73.91943,20.80183,23.04383,14.87960,15.19417
2985.06820,-0.74116,2.12585,73.93473,20.82223,23.03873,14.87960,15.19417
2985.07820,-0.73146,2.12744,73.90043,20.82713,23.01864,14.87470,15.17996
2985.08820,-0.72032,2.11029,73.87978,20.80687,22.97108,14.90399,15.19784
2985.09820,-0.71895,2.08536,73.89973,20.77323,22.93573,14.94960,15.24117
2985.10820,-0.71233,2.08709,73.91906,20.78631,22.93971,14.95718,15.23587
2985.11820,-0.69394,2.09190,73.97274,20.82262,22.95076,14.97823,15.22113
2985.12820,-0.69222,2.08443,74.04513,20.83873,22.95323,15.00010,15.25307
2985.13820,-0.71518,2.06727,74.10051,20.81705,22.95187,15.00931,15.32228
2985.14820,-0.73738,2.07154,74.02845,20.77367,22.96658,14.97989,15.30831
2985.15820,-0.74059,2.07996,74.03785,20.78476,22.98837,14.96784,15.29688
2985.16820,-0.74891,2.10322,74.06596,20.81679,23.04850,14.93516,15.26551
2985.17820,-0.73500,2.10809,74.20073,20.87123,23.08973,14.96960,15.27017
2985.18820,-0.73922,2.11144,74.17851,20.86899,23.08973,14.95389,15.26591
2985.19820,-0.75381,2.12306,74.10173,20.86123,23.08973,14.89960,15.25117
2985.20820,-0.75695,2.13217,74.10803,20.86823,23.11609,14.89027,15.23344
2985.21820,-0.76591,2.15821,74.12603,20.88823,23.19143,14.86360,15.18277
2985.22820,-0.70529,2.17407,73.88873,20.93123,23.05873,14.80960,15.08917
2985.23820,-0.71000,2.17650,73.85249,20.91497,23.06128,14.80031,15.07593
2985.24820,-0.72810,2.17814,73.72721,20.84707,23.05989,14.77680,15.04345
2985.25820,-0.73608,2.15786,73.70973,20.80223,23.02873,14.79960,15.07917
2985.26820,-0.73619,2.15551,73.73764,20.80371,23.03626,14.81141,15.08626
2985.27820,-0.73670,2.14487,73.86449,20.81042,23.07049,14.86510,15.11848
2985.28820,-0.73067,2.13606,73.92138,20.81860,23.06754,14.89470,15.14055
2985.29820,-0.67994,2.08697,74.11311,20.87123,22.96918,15.02153,15.25117
2985.30820,-0.68121,2.08651,74.16178,20.87123,22.99645,15.04292,15.25117
2985.31820,-0.68224,2.08724,74.19550,20.87441,23.01561,15.05431,15.25117
2985.32820,-0.68367,2.09608,74.15821,20.89823,22.99849,15.00998,15.25152
2985.33820,-0.69943,2.09018,74.13647,20.85529,23.00936,15.01542,15.25641
2985.34820,-0.71156,2.08563,74.11973,20.82223,23.01773,15.01960,15.26017
2985.35820,-0.72265,2.08872,74.00327,20.78061,23.00049,14.98596,15.23621
2985.36820,-0.73798,2.09299,73.84273,20.72323,22.97673,14.93960,15.20317
2985.37820,-0.70933,2.10123,73.86451,20.77272,22.96683,14.94950,15.17546
2985.38820,-0.70334,2.10674,73.88354,20.79204,22.97663,14.94960,15.16527
2985.39820,-0.70329,2.10679,73.88373,20.79223,22.97673,14.94960,15.16517
2985.40820,-0.69220,2.09701,73.99206,20.83115,22.97024,14.98203,15.20863
2985.41820,-0.70513,2.07777,74.10007,20.81821,22.98459,15.02512,15.27215
2985.42820,-0.70845,2.07532,74.10873,20.81223,22.98773,15.02960,15.27917
2985.43820,-0.70124,2.09926,74.13432,20.89667,22.99626,14.96989,15.27150
2985.44820,-0.69999,2.10339,74.13873,20.91123,22.99773,14.95960,15.27017
2985.45820,-0.71477,2.11297,74.17352,20.91123,23.04948,14.95112,15.26169
2985.46820,-0.71889,2.13917,74.18378,20.93957,23.11250,14.92069,15.21102
2985.47820,-0.71997,2.15704,74.18673,20.96023,23.15173,14.89960,15.17517
2985.48820,-0.72661,2.17300,74.05514,20.93381,23.15173,14.85106,15.11854
2985.49820,-0.71812,2.20556,73.84915,20.93090,23.13749,14.76891,15.01185
2985.50820,-0.71137,2.21455,73.80473,20.94023,23.13073,14.74960,14.98417
2985.51820,-0.70421,2.20747,73.85543,20.94023,23.13807,14.78633,14.99079
2985.52820,-0.70162,2.20492,73.87373,20.94023,23.14073,14.79960,14.99317
2985.53820,-0.71674,2.19543,73.85131,20.91108,23.12578,14.79213,15.02232
2985.54820,-0.71841,2.18347,73.88297,20.88633,23.13066,14.82934,15.03664
2985.55820,-0.71492,2.17462,73.92273,20.87123,23.14073,14.86960,15.04117
2985.56820,-0.71589,2.14785,73.91480,20.81694,23.10352,14.91840,15.07594
2985.57820,-0.69354,2.12291,74.05430,20.83042,23.09193,15.01060,15.12135
2985.58820,-0.67889,2.11792,74.14673,20.86123,23.09973,15.04960,15.13617
2985.59820,-0.67746,2.12032,74.09195,20.86725,23.06902,15.01950,15.13617
2985.60820,-0.67651,2.12191,74.05573,20.87123,23.04873,14.99960,15.13617
2985.61820,-0.67433,2.12498,74.04138,20.87768,23.04373,14.98992,15.13004
2985.62820,-0.66816,2.15559,73.94395,20.92529,23.03761,14.90566,15.07539
2985.63820,-0.67366,2.17116,73.91973,20.94023,23.05873,14.86960,15.05117
2985.64820,-0.65772,2.16130,73.92458,20.93103,23.03886,14.90836,15.04633
2985.65820,-0.64623,2.13715,73.88993,20.88774,22.98326,14.95445,15.06447
2985.66820,-0.65203,2.12264,73.84773,20.85223,22.94673,14.95960,15.08917
2985.67820,-0.65694,2.10320,73.84479,20.81792,22.91633,14.98411,15.12643
2985.68820,-0.66205,2.08298,73.84173,20.78223,22.88473,15.00960,15.16517
2985.69820,-0.66205,2.08298,73.84173,20.78223,22.88473,15.00960,15.16517
2985.70820,-0.64086,2.06300,73.91908,20.80065,22.84728,15.06485,15.20630
2985.71820,-0.62451,2.03433,74.05652,20.80619,22.82977,15.15396,15.26660
2985.72820,-0.62252,2.02378,74.11473,20.80223,22.83373,15.18960,15.28917
2985.73820,-0.64394,2.03672,74.22582,20.86105,22.88244,15.14802,15.33432
2985.74820,-0.65669,2.05708,74.35407,20.89172,22.99376,15.15766,15.31093
2985.75820,-0.65647,2.06081,74.34795,20.89426,22.99975,15.15253,15.30141
2985.76820,-0.65532,2.08878,74.26973,20.92123,23.01773,15.08960,15.24117
2985.77820,-0.65852,2.09405,74.24508,20.91774,23.02377,15.07565,15.22792
2985.78820,-0.68622,2.13657,74.02991,20.88911,23.06314,14.95261,15.12505
2985.79820,-0.69848,2.14551,73.92673,20.88123,23.03873,14.88960,15.11717
2985.80820,-0.71141,2.15114,73.87820,20.85409,23.05529,14.87120,15.09762
2985.81820,-0.65038,2.23788,73.34912,20.76323,23.11073,14.80960,14.66556
2985.82820,-0.18390,2.54083,71.75516,20.76323,23.11073,14.80960,13.07160
2985.83820,-0.69312,2.13743,73.86392,20.82101,23.03546,14.92858,15.07887
2985.84820,-0.68314,2.14203,73.81273,20.78223,23.05873,14.95960,15.01217
2985.85820,-0.68314,2.14203,73.81273,20.78223,23.05873,14.95960,15.01217
2985.86820,-0.66908,2.13039,73.83015,20.80403,23.00959,14.97020,15.04633
2985.87820,-0.68317,2.12377,73.93482,20.82403,23.03025,14.97687,15.10367
2985.88820,-0.68893,2.12107,73.97773,20.83223,23.03873,14.97960,15.12717
2985.89820,-0.70578,2.13666,74.07573,20.87045,23.10929,14.96000,15.13599
2985.90820,-0.71639,2.14216,73.99692,20.84005,23.11073,14.93415,15.11199
2985.91820,-0.72226,2.14512,73.95073,20.82223,23.11073,14.91960,15.09817
2985.92820,-0.72024,2.14281,74.13369,20.88041,23.15373,14.95333,15.14623
2985.93820,-0.71986,2.14238,74.16773,20.89123,23.16173,14.95960,15.15517
2985.94820,-0.72646,2.15765,74.08418,20.88262,23.17034,14.91653,15.11469
2985.95820,-0.71539,2.16783,74.11586,20.88975,23.21515,14.94366,15.06730
2985.96820,-0.71328,2.16918,74.12373,20.89123,23.22273,14.94960,15.06017
2985.97820,-0.71590,2.16418,73.95603,20.86309,23.13486,14.89217,15.06592
2985.98820,-0.70842,2.15989,73.88224,20.87688,23.06327,14.85547,15.08662
2985.99820,-0.70179,2.15949,73.91773,20.90123,23.05873,14.85960,15.09817
2986.00820,-0.69841,2.14775,73.92788,20.88521,23.04270,14.88630,15.11366
2986.01820,-0.69546,2.13751,73.93673,20.87123,23.02873,14.90960,15.12717
2986.02820,-0.70243,2.10581,74.02405,20.81277,23.03613,14.99840,15.17675
2986.03820,-0.70737,2.08874,74.20125,20.82183,23.07647,15.06660,15.23635
2986.04820,-0.70825,2.08665,74.25273,20.83223,23.08973,15.07960,15.25117
2986.05820,-0.70825,2.08665,74.25273,20.83223,23.08973,15.07960,15.25117
2986.06820,-0.73257,2.10028,74.29023,20.82773,23.16083,15.06050,15.24117
2986.07820,-0.74090,2.09187,74.24518,20.78268,23.15182,15.06951,15.24117
2986.08820,-0.73658,2.09103,74.09822,20.75332,23.09146,15.03530,15.21814
2986.09820,-0.73198,2.09023,73.94573,20.72323,23.02873,14.99960,15.19417
2986.10820,-0.74324,2.07378,73.89562,20.65753,23.01147,15.02187,15.20475
2986.11820,-0.75203,2.06151,73.88926,20.61073,23.01476,15.05059,15.21317
2986.12820,-0.75189,2.06221,73.91673,20.61523,23.02873,15.05960,15.21317
2986.13820,-0.76236,2.05528,73.96373,20.60085,23.04839,15.07878,15.23571
2986.14820,-0.76628,2.04411,73.99739,20.57656,23.05628,15.11261,15.25193
2986.15820,-0.75656,2.03932,73.97473,20.56523,23.03873,15.12960,15.24117
2986.16820,-0.74783,2.04195,73.96095,20.55775,23.04660,15.14535,15.21125
2986.17820,-0.73868,2.04904,73.98124,20.56685,23.07247,15.16167,15.18024
2986.18820,-0.75064,2.05750,74.09673,20.62423,23.11073,15.13960,15.22217
2986.19820,-0.76150,2.06468,74.08208,20.62790,23.12172,15.11029,15.22217
2986.20820,-0.78028,2.07709,74.05673,20.63423,23.14073,15.05960,15.22217
2986.21820,-0.77792,2.08560,74.04835,20.64410,23.15355,15.04973,15.20096
2986.22820,-0.77153,2.10862,74.02568,20.67077,23.18822,15.02307,15.14363
2986.23820,-0.75522,2.12653,73.90573,20.66423,23.18173,14.99960,15.06017
2986.24820,-0.75522,2.12653,73.90573,20.66423,23.18173,14.99960,15.06017
2986.25820,-0.75512,2.15704,73.85242,20.69867,23.21450,14.93960,14.99965
2986.26820,-0.78032,2.13108,73.74773,20.60523,23.16173,14.93960,15.04117
2986.27820,-0.77706,2.12770,73.79045,20.61219,23.16917,14.95880,15.05029
2986.28820,-0.76673,2.11701,73.92573,20.63423,23.19273,15.01960,15.07917
2986.29820,-0.76673,2.11701,73.92573,20.63423,23.19273,15.01960,15.07917
2986.30820,-0.75069,2.10021,73.92618,20.62973,23.14304,15.05170,15.10171
2986.31820,-0.74154,2.07186,74.18873,20.67423,23.16173,15.14960,15.20317
2986.32820,-0.74239,2.07524,74.19893,20.67771,23.17529,15.14960,15.19633
2986.33820,-0.75248,2.10051,74.26328,20.69504,23.27829,15.14604,15.14392
2986.34820,-0.78155,2.10406,74.18573,20.63423,23.30473,15.11960,15.12717
2986.35820,-0.77873,2.10564,74.17569,20.63717,23.30099,15.11667,15.12087
2986.36820,-0.75300,2.12003,74.08435,20.66383,23.26699,15.09000,15.06353
2986.37820,-0.74294,2.12565,74.04873,20.67423,23.25373,15.07960,15.04117
2986.38820,-0.75497,2.14594,73.80618,20.61582,23.23393,15.00040,14.95603
2986.39820,-0.74929,2.14910,73.85238,20.65992,23.22750,14.98829,14.97667
2986.40820,-0.74484,2.15136,73.88973,20.69423,23.22273,14.97960,14.99317
2986.41820,-0.74576,2.14901,73.87760,20.67938,23.22273,14.98703,14.98847
2986.42820,-0.73170,2.14209,73.87101,20.65851,23.21727,15.02869,14.96654
2986.43820,-0.68683,2.14278,73.95173,20.72323,23.20273,15.07960,14.94617
2986.44820,-0.69221,2.13896,73.91137,20.70178,23.18782,15.07233,14.94945
2986.45820,-0.70164,2.13226,73.84073,20.66423,23.16173,15.05960,14.95517
2986.46820,-0.69821,2.13765,73.96639,20.69733,23.22072,15.09317,14.95517
2986.47820,-0.69153,2.15514,74.16144,20.77641,23.31432,15.11990,14.95081
2986.48820,-0.68840,2.16749,74.22373,20.82223,23.34573,15.10960,14.94617
2986.49820,-0.68980,2.16811,74.15724,20.80373,23.32669,15.09351,14.93330
2986.50820,-0.69359,2.16980,73.97753,20.75373,23.27524,15.05003,14.89852
2986.51820,-0.67084,2.16615,73.87473,20.74323,23.21273,15.04960,14.86917
2986.52820,-0.68304,2.14297,73.81120,20.70661,23.13648,15.03465,14.93346
2986.53820,-0.68717,2.13512,73.78973,20.69423,23.11073,15.02960,14.95517
2986.54820,-0.69121,2.14236,73.78547,20.70233,23.12351,15.01255,14.94708
2986.55820,-0.69659,2.15200,73.77979,20.71313,23.14056,14.98983,14.93628
2986.56820,-0.65668,2.14302,74.04973,20.79223,23.19273,15.10960,14.95517
2986.57820,-0.65847,2.14377,73.98973,20.78688,23.16487,15.08281,14.95517
2986.58820,-0.65507,2.13867,74.01120,20.79203,23.15591,15.09389,14.96938
2986.59820,-0.64992,2.13269,74.08773,20.80223,23.17173,15.12960,14.98417
2986.60820,-0.63555,2.14498,74.12693,20.86054,23.17663,15.11490,14.97486
2986.61820,-0.62061,2.15775,74.16773,20.92123,23.18173,15.09960,14.96517
2986.62820,-0.61788,2.16798,74.08817,20.89698,23.19191,15.08990,14.90938
2986.63820,-0.61275,2.18236,74.05495,20.89668,23.21916,15.08282,14.85629
2986.64820,-0.60815,2.18964,74.16167,20.94970,23.25338,15.08953,14.86905
2986.65820,-0.60737,2.19964,74.09431,20.94465,23.25079,15.06317,14.83570
2986.66820,-0.60559,2.22220,73.92442,20.92870,23.23854,14.99960,14.75758
2986.67820,-0.60538,2.21252,73.88773,20.91123,23.20273,14.99960,14.77417
2986.68820,-0.61568,2.21416,73.85832,20.89898,23.20273,14.97999,14.77662
2986.69820,-0.64380,2.21611,73.78841,20.86123,23.20505,14.93586,14.78626
2986.70820,-0.63173,2.20589,73.85673,20.86123,23.21273,14.98960,14.79317
2986.71820,-0.62067,2.20438,73.89436,20.87361,23.21792,15.01435,14.78847
2986.72820,-0.58713,2.19982,74.00873,20.91123,23.23373,15.08960,14.77417
2986.73820,-0.58713,2.19982,74.00873,20.91123,23.23373,15.08960,14.77417
2986.74820,-0.58069,2.20730,73.94719,20.93468,23.19786,15.04722,14.76743
2986.75820,-0.57278,2.20615,73.93573,20.96023,23.16173,15.02960,14.78417
2986.76820,-0.57603,2.20249,73.93753,20.95315,23.15801,15.03200,14.79437
2986.77820,-0.59470,2.17538,73.94439,20.89777,23.12957,15.05883,14.85821
2986.78820,-0.55492,2.17340,73.89573,20.87123,23.12073,15.12960,14.77417
2986.79820,-0.55597,2.17063,73.89591,20.86776,23.11531,15.13136,14.78147
2986.80820,-0.56552,2.14542,73.89751,20.83621,23.06612,15.14741,14.84778
2986.81820,-0.57277,2.12627,73.89873,20.81223,23.02873,15.15960,14.89817
2986.82820,-0.57526,2.12608,73.89046,20.80672,23.02873,15.15684,14.89817
2986.83820,-0.57032,2.11371,73.97327,20.80985,23.03460,15.20246,14.92636
2986.84820,-0.56227,2.10539,74.04673,20.82223,23.03873,15.23960,14.94617
2986.85820,-0.54142,2.11634,73.86757,20.80501,22.98532,15.20514,14.87209
2986.86820,-0.54152,2.09521,73.98086,20.80223,22.98668,15.26297,14.92897
2986.87820,-0.52722,2.09897,74.04466,20.85116,22.98773,15.26960,14.93617
2986.88820,-0.50872,2.08766,74.12196,20.88094,22.96694,15.30920,14.96488
2986.89820,-0.50854,2.08754,74.12273,20.88123,22.96673,15.30960,14.96517
2986.90820,-0.53366,2.08397,74.07831,20.82309,22.98698,15.30307,14.96517
2986.91820,-0.52449,2.09001,74.10273,20.83094,23.01321,15.32283,14.93575
2986.92820,-0.51792,2.09233,74.11673,20.84223,23.01773,15.32960,14.92717
2986.93820,-0.48372,2.09889,74.15046,20.89198,23.00930,15.35489,14.89429
2986.94820,-0.50975,2.09401,73.96545,20.81890,22.95699,15.29307,14.89649
2986.95820,-0.51633,2.09277,73.92673,20.80223,22.94673,15.27960,14.89817
2986.96820,-0.50455,2.09411,73.98504,20.82653,22.96130,15.30389,14.89331
2986.97820,-0.49210,2.09554,74.04673,20.85223,22.97673,15.32960,14.88817
2986.98820,-0.50025,2.07729,74.02746,20.81136,22.94695,15.34712,14.92204
2986.99820,-0.49036,2.06078,74.02317,20.80845,22.89374,15.36484,14.95614
2987.00820,-0.47612,2.05762,74.03173,20.83223,22.86473,15.36960,14.96517
2987.01820,-0.51412,2.04941,74.10573,20.78857,22.92541,15.38440,15.00735
2987.02820,-0.52746,2.04654,74.13173,20.77323,22.94673,15.38960,15.02217
2987.03820,-0.52746,2.04654,74.13173,20.77323,22.94673,15.38960,15.02217
2987.04820,-0.47791,2.03628,74.19441,20.80063,22.92293,15.47768,14.99317
2987.05820,-0.47796,2.03360,74.19973,20.79223,22.92573,15.48860,14.99317
2987.06820,-0.48348,2.04128,74.18264,20.79951,22.93336,15.46351,14.98626
2987.07820,-0.45416,2.06790,74.09781,20.84056,22.92880,15.43116,14.89728
2987.08820,-0.42567,2.07752,74.05773,20.86123,22.91573,15.43960,14.84117
2987.09820,-0.45446,2.08706,73.83446,20.78996,22.88591,15.35233,14.80626
2987.10820,-0.46531,2.09065,73.75073,20.76323,22.87473,15.31960,14.79317
2987.11820,-0.48324,2.08631,73.71421,20.73683,22.86549,15.29760,14.81429
2987.12820,-0.48810,2.05338,73.72209,20.68982,22.81067,15.34019,14.88141
2987.13820,-0.48061,2.04197,73.74473,20.68423,22.79273,15.36960,14.89817
2987.14820,-0.48396,2.03185,73.87592,20.69859,22.82292,15.41366,14.94075
2987.15820,-0.49041,2.02114,74.03151,20.71323,22.86516,15.46404,14.98907
2987.16820,-0.49296,2.02078,74.04973,20.71323,22.87473,15.46860,14.99317
2987.17820,-0.49296,2.02078,74.04973,20.71323,22.87473,15.46860,14.99317
2987.18820,-0.48738,1.99530,74.27573,20.75323,22.88473,15.54860,15.08917
2987.19820,-0.45132,2.00296,74.21046,20.77092,22.85362,15.56080,15.02512
2987.20820,-0.44117,2.02154,74.16095,20.78548,22.87039,15.53940,14.96568
2987.21820,-0.46237,2.04396,74.14818,20.79080,22.93050,15.49153,14.93536
2987.22820,-0.47165,2.05675,74.07134,20.78396,22.93358,15.44487,14.90893
2987.23820,-0.47452,2.08069,73.81243,20.75974,22.88248,15.33756,14.83264
2987.24820,-0.43853,2.07661,73.85973,20.78223,22.87473,15.39960,14.80317
2987.25820,-0.45096,2.07294,73.79881,20.76680,22.84229,15.36400,14.82572
2987.26820,-0.47000,2.06734,73.70573,20.74323,22.79273,15.30960,14.86017
2987.27820,-0.46129,2.05304,73.70388,20.72468,22.76396,15.34207,14.87316
2987.28820,-0.47403,2.02921,73.80154,20.69420,22.77492,15.39861,14.93380
2987.29820,-0.49915,2.02116,73.91173,20.68423,22.82373,15.41960,14.98417
2987.30820,-0.47978,2.01405,73.99333,20.71271,22.82021,15.46408,14.99633
2987.31820,-0.43956,1.99929,74.16333,20.77205,22.81287,15.55675,15.02167
2987.32820,-0.43749,2.00447,74.22527,20.81459,22.82359,15.54808,15.03900
2987.33820,-0.43105,2.01752,74.34897,20.89849,22.85497,15.53585,15.05965
2987.34820,-0.42385,2.02266,74.37573,20.91123,22.87473,15.54860,15.04117
2987.35820,-0.43184,2.02566,74.27961,20.87559,22.86357,15.52340,15.01705
2987.36820,-0.44684,2.03573,74.14017,20.82879,22.86101,15.47620,14.97417
2987.37820,-0.44884,2.04880,74.22751,20.87479,22.90901,15.46953,14.97417
2987.38820,-0.45879,2.05766,74.18141,20.86227,22.92317,15.44244,14.95353
2987.39820,-0.49196,2.07861,73.92281,20.77631,22.92441,15.34520,14.87689
2987.40820,-0.49978,2.07416,73.68873,20.69423,22.85373,15.29960,14.84117
2987.41820,-0.48968,2.06932,73.70217,20.70359,22.83669,15.31400,14.84789
2987.42820,-0.45771,2.05403,73.74473,20.73323,22.78273,15.35960,14.86917
2987.43820,-0.45993,2.05125,73.76581,20.72997,22.78943,15.36940,14.87702
2987.44820,-0.46879,2.04013,73.85013,20.71689,22.81622,15.40862,14.90839
2987.45820,-0.45988,2.00966,74.05673,20.75323,22.80273,15.48860,15.01217
2987.46820,-0.45988,2.00966,74.05673,20.75323,22.80273,15.48860,15.01217
2987.47820,-0.44315,1.98155,74.26173,20.80223,22.78273,15.56860,15.10817
2987.48820,-0.49710,1.98848,74.30926,20.78243,22.85302,15.51910,15.15471
2987.49820,-0.49764,1.98855,74.30973,20.78223,22.85373,15.51860,15.15517
2987.50820,-0.50160,1.99951,74.28868,20.79361,22.86567,15.49015,15.13924
2987.51820,-0.50459,2.00781,74.27273,20.80223,22.87473,15.46860,15.12717
2987.52820,-0.50613,2.01932,74.23044,20.79297,22.89659,15.45458,15.08630
2987.53820,-0.51516,2.06345,74.05199,20.75394,22.97393,15.39101,14.93310
2987.54820,-0.52874,2.08705,73.91073,20.72323,22.99773,15.32960,14.86017
2987.55820,-0.53716,2.09673,73.78086,20.71583,22.95962,15.25930,14.84611
2987.56820,-0.55646,2.10160,73.56336,20.67131,22.89110,15.16499,14.83596
2987.57820,-0.56503,2.08107,73.56973,20.61523,22.88473,15.20960,14.86017
2987.58820,-0.55174,2.06698,73.64517,20.63317,22.86587,15.25100,14.89513
2987.59820,-0.53618,2.05047,73.73373,20.65423,22.84373,15.29960,14.93617
2987.60820,-0.54206,2.01309,73.87531,20.63949,22.82087,15.37334,15.04162
2987.61820,-0.56495,1.97869,74.06587,20.63423,22.82648,15.43234,15.17282
2987.62820,-0.57588,1.96759,74.13973,20.63423,22.83373,15.44960,15.22217
2987.63820,-0.57224,1.97286,74.15185,20.65848,22.83373,15.43748,15.22217
2987.64820,-0.55354,1.97294,74.25001,20.70412,22.84593,15.47169,15.22827
2987.65820,-0.54311,1.97081,74.30773,20.72323,22.85373,15.49860,15.23217
2987.66820,-0.54399,1.98109,74.22785,20.70986,22.85373,15.47151,15.19274
2987.67820,-0.54547,1.99828,74.09470,20.68758,22.85373,15.42637,15.12703
2987.68820,-0.59240,2.01716,73.97152,20.65821,22.87194,15.31552,15.12585
2987.69820,-0.59956,2.01965,73.95573,20.65423,22.87473,15.29960,15.12717
2987.70820,-0.61720,2.02826,73.72328,20.55376,22.86621,15.25703,15.04628
2987.71820,-0.62454,2.02425,73.70605,20.53214,22.86473,15.25778,15.05140
2987.72820,-0.63740,2.01559,73.80885,20.54511,22.88425,15.27280,15.10669
2987.73820,-0.65139,2.01413,73.95285,20.58445,22.92491,15.27947,15.16403
2987.74820,-0.65267,2.01534,73.97428,20.58887,22.93700,15.28324,15.16517
2987.75820,-0.65225,2.02160,74.02116,20.60966,22.96413,15.28590,15.16147
2987.76820,-0.64853,2.02859,74.04573,20.63423,22.97673,15.27960,15.15517
2987.77820,-0.66066,2.02385,74.06697,20.62739,22.98069,15.27600,15.18289
2987.78820,-0.68220,2.01544,74.10473,20.61523,22.98773,15.26960,15.23217
2987.79820,-0.68220,2.01544,74.10473,20.61523,22.98773,15.26960,15.23217
2987.80820,-0.70769,2.03348,74.07872,20.61293,23.03333,15.21570,15.21676
2987.81820,-0.68352,2.03403,74.08873,20.60523,23.04873,15.26960,15.16517
2987.82820,-0.68352,2.03403,74.08873,20.60523,23.04873,15.26960,15.16517
2987.83820,-0.71466,2.04931,73.92532,20.60064,23.00658,15.14190,15.17621
2987.84820,-0.71977,2.03904,73.90673,20.56523,22.99773,15.15960,15.18417
2987.85820,-0.71977,2.03904,73.90673,20.56523,22.99773,15.15960,15.18417
2987.86820,-0.69803,2.01713,73.97473,20.56523,22.96673,15.22960,15.21317
2987.87820,-0.69803,2.01713,73.97473,20.56523,22.96673,15.22960,15.21317
2987.88820,-0.68722,2.03215,73.95479,20.59523,22.97372,15.20841,15.17743
2987.89820,-0.73027,2.04665,74.08873,20.59523,23.09973,15.19960,15.19417
2987.90820,-0.73077,2.05065,74.08345,20.60172,23.10314,15.18970,15.18889
2987.91820,-0.73548,2.08550,74.04042,20.65675,23.13588,15.10583,15.14196
2987.92820,-0.74136,2.10749,74.03756,20.67960,23.18274,15.07154,15.10368
2987.93820,-0.74512,2.12156,74.03573,20.69423,23.21273,15.04960,15.07917
2987.94820,-0.70874,2.15191,73.96384,20.75950,23.20327,15.01176,14.98931
2987.95820,-0.70666,2.15364,73.95973,20.76323,23.20273,15.00960,14.98417
2987.96820,-0.72950,2.16620,73.67167,20.71374,23.12155,14.88091,14.95547
2987.97820,-0.68222,2.15698,73.88438,20.78087,23.15111,14.99722,14.95517
2987.98820,-0.68126,2.15679,73.88873,20.78223,23.15173,14.99960,14.95517
2987.99820,-0.68776,2.14731,73.84925,20.75204,23.12773,14.99960,14.96988
2988.00820,-0.71549,2.11707,73.93068,20.69198,23.13810,15.05172,15.04888
2988.01820,-0.71940,2.11292,73.94473,20.68423,23.14073,15.05960,15.06017
2988.02820,-0.71536,2.12324,74.02867,20.71795,23.19026,15.07336,15.04710
2988.03820,-0.71353,2.12791,74.06673,20.73323,23.21273,15.07960,15.04117
2988.04820,-0.72210,2.13115,74.13715,20.75907,23.23921,15.07314,15.06572
2988.05820,-0.77873,2.15219,74.05987,20.73185,23.28890,14.96615,15.07297
2988.06820,-0.80216,2.16087,74.00773,20.71323,23.30473,14.91960,15.07017
2988.07820,-0.79146,2.16467,73.87048,20.69313,23.25551,14.89187,15.02997
2988.08820,-0.74547,2.15810,73.79416,20.70808,23.17387,14.91853,14.99368
2988.09820,-0.70195,2.14938,73.77773,20.73323,23.11073,14.95960,14.97417
2988.10820,-0.72383,2.15579,73.75516,20.70944,23.14184,14.93520,14.96868
2988.11820,-0.73783,2.15989,73.74073,20.69423,23.16173,14.91960,14.96517
2988.12820,-0.75100,2.14727,73.77737,20.66568,23.17124,14.94339,14.99705
2988.13820,-0.76852,2.12626,73.88703,20.64484,23.18915,14.98728,15.06576
2988.14820,-0.77401,2.11326,74.01373,20.66423,23.20273,15.01960,15.12717
2988.15820,-0.77169,2.11744,74.10308,20.70178,23.23172,15.02910,15.14048
2988.16820,-0.77746,2.12309,74.16727,20.72130,23.26865,15.03065,15.14667
2988.17820,-0.78775,2.12440,74.12473,20.69423,23.27473,15.01960,15.13617
2988.18820,-0.79244,2.12619,74.11892,20.69661,23.27473,15.00638,15.14120
2988.19820,-0.80551,2.13118,74.10273,20.70323,23.27473,14.96960,15.15517
2988.20820,-0.80169,2.11815,74.03269,20.66683,23.22727,14.97882,15.15978
2988.21820,-0.79134,2.10161,73.86482,20.60196,23.13900,14.98051,15.14336
2988.22820,-0.78429,2.10008,73.76173,20.57523,23.09973,14.96960,15.11717
2988.23820,-0.78697,2.09915,73.77124,20.57286,23.10472,14.97198,15.12169
2988.24820,-0.80718,2.09277,73.84277,20.56262,23.13667,14.98221,15.16126
2988.25820,-0.83986,2.08323,73.95873,20.55523,23.18173,14.98960,15.23217
2988.26820,-0.83083,2.09008,73.96317,20.57457,23.18723,14.98783,15.21354
2988.27820,-0.80346,2.11083,73.97661,20.63317,23.20389,14.98245,15.15709
2988.28820,-0.79607,2.12936,73.94917,20.64983,23.23109,14.96520,15.10305
2988.29820,-0.79976,2.14232,73.94315,20.65917,23.26020,14.94666,15.07711
2988.30820,-0.78333,2.14147,74.04473,20.72323,23.25373,14.95960,15.10817
2988.31820,-0.78333,2.14147,74.04473,20.72323,23.25373,14.95960,15.10817
2988.32820,-0.79027,2.14960,73.96073,20.69491,23.25853,14.93560,15.07169
2988.33820,-0.78652,2.15571,73.85869,20.68295,23.22965,14.90480,15.04129
2988.34820,-0.77429,2.15277,73.84673,20.70323,23.19273,14.89960,15.05117
2988.35820,-0.72292,2.14295,73.91373,20.77323,23.13073,14.94960,15.06017
2988.36820,-0.72610,2.14197,73.93926,20.77093,23.14499,14.95880,15.06454
2988.37820,-0.74036,2.13627,74.03703,20.76984,23.18567,14.98277,15.09876
2988.38820,-0.75258,2.12818,74.07873,20.79223,23.16173,14.95960,15.16517
2988.39820,-0.75258,2.12818,74.07873,20.79223,23.16173,14.95960,15.16517
2988.40820,-0.75758,2.14143,73.86395,20.70114,23.16832,14.93850,15.05599
2988.41820,-0.74803,2.14369,73.77673,20.68423,23.14073,14.92960,15.02217
2988.42820,-0.74623,2.14243,73.78109,20.68497,23.13851,14.93403,15.02358
2988.43820,-0.72989,2.13102,73.82069,20.69168,23.11838,14.97430,15.03633
2988.44820,-0.72368,2.12669,73.83573,20.69423,23.11073,14.98960,15.04117
2988.45820,-0.75549,2.12904,73.80643,20.65516,23.14003,14.96030,15.05094
2988.46820,-0.76187,2.08570,73.90769,20.63444,23.08034,15.01899,15.17392
2988.47820,-0.76193,2.08526,73.90873,20.63423,23.07973,15.01960,15.17517
2988.48820,-0.72430,2.07192,74.01442,20.66306,23.07012,15.10607,15.17517
2988.49820,-0.72275,2.01007,74.02069,20.57705,22.95903,15.19776,15.28685
2988.50820,-0.72275,2.00879,74.02073,20.57523,22.95673,15.19960,15.28917
2988.51820,-0.70079,2.01795,74.02226,20.60586,22.95673,15.20726,15.25242
2988.52820,-0.69407,2.02075,74.02273,20.61523,22.95673,15.20960,15.24117
2988.53820,-0.70873,2.00842,74.00509,20.57323,22.94833,15.21800,15.26553
2988.54820,-0.66969,2.00806,74.06221,20.60723,22.94673,15.27840,15.22985
2988.55820,-0.66173,2.00843,74.07373,20.61523,22.94673,15.28960,15.22217
2988.56820,-0.70163,2.01954,74.06177,20.60384,22.98716,15.22695,15.24382
2988.57820,-0.74313,2.03015,74.07023,20.58430,23.04616,15.17960,15.26017
2988.58820,-0.75252,2.03199,74.08473,20.57523,23.06973,15.17960,15.26017
2988.59820,-0.72844,2.04728,74.07249,20.61051,23.07693,15.17960,15.20545
2988.60820,-0.72379,2.05304,74.03002,20.60938,23.07173,15.16817,15.18074
2988.61820,-0.73034,2.05279,73.97764,20.58874,23.06062,15.15230,15.17598
2988.62820,-0.70732,2.04356,73.89956,20.55065,23.02273,15.19195,15.13423
2988.63820,-0.69726,2.03972,73.87073,20.53623,23.00773,15.20960,15.11717
2988.64820,-0.69726,2.03972,73.87073,20.53623,23.00773,15.20960,15.11717
2988.65820,-0.72971,2.04928,73.80332,20.50692,23.02824,15.15098,15.11717
2988.66820,-0.72084,2.01606,74.03673,20.53623,23.02873,15.24960,15.22217
2988.67820,-0.72191,2.00902,74.00848,20.52075,23.00473,15.24960,15.23340
2988.68820,-0.71697,1.99714,74.01588,20.52046,22.97083,15.26192,15.26267
2988.69820,-0.70746,1.99612,74.09073,20.55523,22.97673,15.27960,15.27917
2988.70820,-0.71314,1.99949,74.08044,20.56503,22.97183,15.25510,15.28848
2988.71820,-0.71906,2.00300,74.06973,20.57523,22.96673,15.22960,15.29817
2988.72820,-0.72121,2.01459,74.03456,20.57937,22.97955,15.20477,15.27086
2988.73820,-0.69626,2.05370,73.97582,20.65849,22.99278,15.13990,15.18466
2988.74820,-0.66767,2.07684,73.96673,20.73323,22.98773,15.10960,15.13617
2988.75820,-0.66838,2.07650,73.91969,20.69942,22.99263,15.11940,15.10824
2988.76820,-0.66740,2.07196,73.83839,20.64823,22.98107,15.13287,15.07623
2988.77820,-0.66389,2.06341,73.77239,20.61556,22.94707,15.13953,15.07023
2988.78820,-0.66471,2.06772,73.79664,20.63318,22.95772,15.13227,15.07347
2988.79820,-0.66618,2.07532,73.83973,20.66423,22.97673,15.11960,15.07917
2988.80820,-0.66387,2.07773,73.87711,20.67881,22.99205,15.12707,15.07917
2988.81820,-0.65289,2.07824,73.98451,20.71828,23.01773,15.15841,15.09008
2988.82820,-0.64111,2.07241,74.05873,20.74323,23.01773,15.18960,15.10817
2988.83820,-0.64111,2.07241,74.05873,20.74323,23.01773,15.18960,15.10817
2988.84820,-0.69971,2.09964,73.85884,20.67630,23.05476,15.05960,15.06819
2988.85820,-0.70256,2.09509,73.80329,20.64455,23.03889,15.05960,15.06025
2988.86820,-0.70271,2.09939,73.80894,20.65443,23.04626,15.05221,15.05604
2988.87820,-0.70336,2.12442,73.84473,20.71323,23.08973,15.00960,15.03217
2988.88820,-0.70341,2.12274,73.82534,20.70620,23.07979,15.00718,15.03217
2988.89820,-0.69660,2.11408,73.77450,20.68589,23.04194,15.01450,15.03217
2988.90820,-0.66884,2.10058,73.81357,20.69251,23.01479,15.07410,15.03217
2988.91820,-0.66163,2.09708,73.82373,20.69423,23.00773,15.08960,15.03217
2988.92820,-0.64661,2.10605,73.74353,20.71213,22.97136,15.05840,15.00164
2988.93820,-0.68089,2.09429,73.99273,20.70323,23.08973,15.12960,15.07017
2988.94820,-0.67887,2.09368,74.00129,20.70955,23.08647,15.13088,15.07439
2988.95820,-0.66205,2.08855,74.07256,20.76221,23.05934,15.14151,15.10949
2988.96820,-0.64929,2.08466,74.12673,20.80223,23.03873,15.14960,15.13617
2988.97820,-0.64595,2.09090,74.05530,20.79161,23.02737,15.13128,15.10503
2988.98820,-0.64537,2.09152,73.96692,20.76505,23.00364,15.11596,15.08226
2988.99820,-0.65287,2.07680,74.01773,20.75323,22.99773,15.13960,15.12717
2989.00820,-0.65679,2.07491,74.12124,20.77471,23.03131,15.16162,15.15360
2989.01820,-0.65114,2.06307,74.20297,20.80603,23.00976,15.17960,15.20759
2989.02820,-0.64717,2.05843,74.20173,20.81223,22.98773,15.17960,15.22217
2989.03820,-0.65790,2.09707,74.28984,20.88691,23.09093,15.12926,15.18274
2989.04820,-0.65995,2.10447,74.30673,20.90123,23.11073,15.11960,15.17517
2989.05820,-0.65995,2.10447,74.30673,20.90123,23.11073,15.11960,15.17517
2989.06820,-0.72371,2.14429,73.95775,20.76811,23.16634,14.97464,15.04865
2989.07820,-0.72660,2.15013,73.92673,20.75323,23.18173,14.96960,15.02217
2989.08820,-0.68353,2.15939,73.77336,20.77462,23.09914,14.94748,14.95212
2989.09820,-0.67420,2.16293,73.75646,20.77570,23.09947,14.95411,14.92717
2989.10820,-0.67648,2.16302,73.77073,20.77323,23.11073,14.95960,14.92717
2989.11820,-0.65632,2.15331,73.78862,20.77758,23.08559,14.99828,14.92717
2989.12820,-0.63479,2.14294,73.80773,20.78223,23.05873,15.03960,14.92717
2989.13820,-0.65103,2.11951,73.89572,20.77305,23.04422,15.06377,15.01468
2989.14820,-0.67199,2.09940,74.08345,20.77159,23.09165,15.12040,15.09981
2989.15820,-0.67663,2.10557,74.20273,20.78223,23.17173,15.15960,15.08917
2989.16820,-0.67984,2.10048,74.23609,20.79998,23.15718,15.15250,15.12643
2989.17820,-0.67911,2.12170,74.22340,20.84435,23.17436,15.10324,15.10145
2989.18820,-0.67483,2.14153,74.17573,20.85223,23.20273,15.07960,15.04117
2989.19820,-0.70139,2.15841,74.03259,20.81600,23.20877,15.00109,15.00675
2989.20820,-0.71887,2.16952,73.93873,20.79223,23.21273,14.94960,14.98417
2989.21820,-0.72560,2.17893,73.83710,20.76836,23.20660,14.91287,14.94928
2989.22820,-0.73429,2.17150,73.74979,20.75323,23.14569,14.87100,14.97987
2989.23820,-0.73700,2.16328,73.73573,20.75323,23.11073,14.85960,15.01217
2989.24820,-0.73220,2.16005,73.74218,20.74839,23.10895,14.87573,15.00911
2989.25820,-0.72422,2.13175,73.85541,20.71843,23.11461,14.97400,15.04837
2989.26820,-0.74256,2.11932,73.94173,20.71323,23.13073,14.98960,15.10817
2989.27820,-0.73503,2.11309,73.97587,20.71857,23.12539,15.01360,15.11831
2989.28820,-0.71438,2.09596,74.06973,20.73323,23.11073,15.07960,15.14617
2989.29820,-0.71214,2.09740,74.06181,20.72003,23.12393,15.09280,15.12505
2989.30820,-0.70324,2.10385,74.06771,20.71830,23.15007,15.11261,15.08672
2989.31820,-0.68949,2.11430,74.10401,20.75255,23.17130,15.11946,15.06069
2989.32820,-0.67826,2.12067,74.05073,20.78112,23.13184,15.08431,15.05347
2989.33820,-0.66471,2.13462,73.93795,20.82329,23.06803,15.01065,15.03598
2989.34820,-0.68404,2.14237,73.89743,20.79697,23.09540,14.98434,15.02072
2989.35820,-0.68742,2.14502,73.88010,20.79372,23.09694,14.97343,15.01600
2989.36820,-0.66671,2.14032,73.89499,20.82564,23.05864,14.98407,15.02664
2989.37820,-0.65035,2.14088,73.86850,20.83517,23.03520,14.98960,15.00853
2989.38820,-0.64289,2.14389,73.83810,20.82223,23.03982,15.00051,14.97554
2989.39820,-0.65115,2.13651,73.93328,20.82223,23.07244,15.03259,15.00602
2989.40820,-0.65551,2.13261,73.98373,20.82223,23.08973,15.04960,15.02217
2989.41820,-0.66616,2.15493,73.87514,20.83010,23.08973,14.97091,14.98440
2989.42820,-0.63622,2.15122,74.03049,20.88991,23.11025,15.03758,14.99275
2989.43820,-0.63850,2.14923,74.03986,20.88854,23.11073,15.03960,15.00099
2989.44820,-0.65794,2.13789,74.07273,20.87123,23.11073,15.03960,15.05117
2989.45820,-0.65165,2.13277,74.06073,20.86206,23.09614,15.05372,15.04882
2989.46820,-0.63621,2.11430,74.01694,20.82570,23.04655,15.09524,15.04945
2989.47820,-0.65420,2.10780,73.99973,20.80223,23.03873,15.07960,15.07917
2989.48820,-0.64912,2.10514,74.02810,20.80836,23.04077,15.09593,15.08305
2989.49820,-0.62932,2.09478,74.13873,20.83223,23.04873,15.15960,15.09817
2989.50820,-0.62887,2.09497,74.14026,20.83528,23.04720,15.15808,15.09970
2989.51820,-0.62688,2.09580,74.14688,20.84852,23.04058,15.15145,15.10632
2989.52820,-0.64945,2.11603,74.20773,20.89123,23.09973,15.09960,15.11717
2989.53820,-0.64625,2.11801,74.19141,20.88962,23.09811,15.09879,15.10489
2989.54820,-0.61522,2.14082,74.00482,20.86587,23.08527,15.08505,14.96863
2989.55820,-0.67062,2.14304,73.99573,20.81223,23.14073,15.03960,15.00317
2989.56820,-0.66742,2.14432,73.99253,20.81775,23.13745,15.03800,14.99933
2989.57820,-0.63059,2.15900,73.95573,20.88123,23.09973,15.01960,14.95517
2989.58820,-0.63059,2.15900,73.95573,20.88123,23.09973,15.01960,14.95517
2989.59820,-0.62723,2.14882,73.99688,20.88980,23.08258,15.03674,14.98774
2989.60820,-0.61371,2.18013,73.99050,20.95656,23.11363,14.98998,14.93033
2989.61820,-0.61100,2.18703,73.98773,20.97023,23.12073,14.97960,14.91717
2989.62820,-0.61010,2.17325,74.06286,20.96072,23.13024,15.02715,14.94475
2989.63820,-0.59619,2.15353,73.96128,20.91368,23.05283,15.04860,14.94617
2989.64820,-0.59546,2.15253,73.95573,20.91123,23.04873,15.04960,14.94617
2989.65820,-0.58681,2.13664,73.92535,20.87203,23.01835,15.08880,14.94617
2989.66820,-0.58663,2.13631,73.92473,20.87123,23.01773,15.08960,14.94617
2989.67820,-0.56986,2.11658,74.01998,20.87873,23.00273,15.15710,14.98142
2989.68820,-0.59771,2.09673,74.17108,20.85633,23.05010,15.20536,15.05928
2989.69820,-0.60320,2.09454,74.19073,20.85223,23.05873,15.20960,15.07017
2989.70820,-0.58680,2.10129,74.07826,20.86855,22.99777,15.16667,15.04527
2989.71820,-0.58046,2.10952,74.03703,20.86640,23.00222,15.15960,15.00880
2989.72820,-0.57657,2.11714,74.01273,20.86123,23.01773,15.15960,14.97417
2989.73820,-0.58160,2.12055,73.99258,20.85699,23.02110,15.14544,14.96905
2989.74820,-0.62288,2.14854,73.82773,20.82223,23.04873,15.02960,14.92717
2989.75820,-0.62319,2.14912,73.82648,20.82451,23.04759,15.02619,14.92820
2989.76820,-0.61614,2.14460,73.85028,20.84637,23.02522,15.02792,14.95077
2989.77820,-0.58217,2.11217,73.97073,20.86123,22.97673,15.12960,15.00317
2989.78820,-0.58238,2.11394,73.95093,20.86123,22.97073,15.11960,14.99937
2989.79820,-0.61315,2.10337,74.00589,20.81472,23.01549,15.14027,15.03541
2989.80820,-0.62756,2.09486,74.07073,20.79223,23.04873,15.16960,15.06017
2989.81820,-0.61539,2.09856,74.04980,20.80998,23.03063,15.16250,15.04669
2989.82820,-0.59325,2.10531,74.01173,20.84223,22.99773,15.14960,15.02217
2989.83820,-0.60138,2.10918,74.00327,20.83503,23.01249,15.13880,15.01695
2989.84820,-0.61653,2.14345,73.91110,20.86123,23.04278,15.04192,14.96516
2989.85820,-0.60168,2.15473,73.87473,20.90123,23.01773,15.00960,14.94617
2989.86820,-0.60351,2.15512,73.86059,20.89552,23.01630,15.00531,14.94346
2989.87820,-0.61553,2.14847,73.81848,20.83382,23.03142,15.02606,14.92717
2989.88820,-0.61668,2.13812,73.86773,20.80223,23.05873,15.07960,14.92717
2989.89820,-0.60679,2.12120,73.86148,20.78928,23.01317,15.10640,14.95263
2989.90820,-0.60527,2.09335,73.89147,20.77323,22.95673,15.13960,15.02191
2989.91820,-0.62983,2.08361,73.97777,20.75468,22.99477,15.15816,15.07017
2989.92820,-0.63826,2.08577,73.98794,20.72692,23.03557,15.17644,15.04902
2989.93820,-0.62981,2.09253,73.91755,20.71376,23.02899,15.16986,15.00494
2989.94820,-0.63377,2.08471,73.92271,20.71323,23.00722,15.16613,15.03613
2989.95820,-0.63483,2.06420,73.90637,20.69577,22.94855,15.17386,15.08819
2989.96820,-0.62211,2.05466,73.84973,20.66423,22.91573,15.19960,15.07017
2989.97820,-0.62050,2.05278,73.90337,20.67503,22.93049,15.21760,15.08025
2989.98820,-0.61211,2.04344,74.04705,20.70821,22.95175,15.26855,15.11854
2989.99820,-0.59680,2.02680,74.18126,20.74702,22.93794,15.32118,15.17512
2990.00820,-0.59435,2.02415,74.20273,20.75323,22.93573,15.32960,15.18417
2990.01820,-0.61044,2.05332,74.19773,20.76323,23.01773,15.28960,15.12717
2990.02820,-0.61066,2.05943,74.19359,20.77826,23.02012,15.27217,15.12303
2990.03820,-0.61322,2.07846,74.18060,20.82392,23.02873,15.21584,15.11212
2990.04820,-0.61986,2.06743,74.18773,20.79223,23.02873,15.23960,15.12717
2990.05820,-0.62267,2.06783,74.14711,20.77388,23.02440,15.23341,15.11542
2990.06820,-0.63351,2.06939,73.99073,20.70323,23.00773,15.20960,15.07017
2990.07820,-0.63436,2.06923,73.99141,20.70662,23.00423,15.20508,15.07548
2990.08820,-0.63842,2.06848,73.99464,20.72275,22.98756,15.18358,15.10075
2990.09820,-0.64865,2.07079,73.95203,20.72284,22.96980,15.14534,15.11405
2990.10820,-0.66299,2.07607,73.86773,20.70323,22.95673,15.09960,15.10817
2990.11820,-0.66029,2.07634,73.85824,20.70323,22.95198,15.09960,15.10343
2990.12820,-0.64446,2.07876,73.90252,20.71778,22.97145,15.13354,15.07975
2990.13820,-0.63084,2.08102,73.96073,20.73323,22.99773,15.16960,15.06017
2990.14820,-0.62918,2.09270,74.05481,20.77684,23.04771,15.17450,15.05576
2990.15820,-0.60355,2.08001,74.08477,20.82223,22.97881,15.18750,15.09622
2990.16820,-0.62336,2.06245,73.97973,20.73523,22.94673,15.18960,15.10817
2990.17820,-0.61555,2.06326,73.98851,20.72343,22.96633,15.21900,15.07975
2990.18820,-0.61538,2.06328,73.98873,20.72323,22.96673,15.21960,15.07917
2990.19820,-0.62225,2.03963,74.03328,20.73313,22.90634,15.21960,15.17420
2990.20820,-0.62852,2.07638,74.11411,20.82047,22.98610,15.16079,15.14675
2990.21820,-0.62864,2.07713,74.11573,20.82223,22.98773,15.15960,15.14617
2990.22820,-0.65587,2.10035,74.14437,20.81405,23.08836,15.13505,15.10690
2990.23820,-0.66192,2.10551,74.15073,20.81223,23.11073,15.12960,15.09817
2990.24820,-0.63813,2.10295,74.03139,20.78648,23.05749,15.13819,15.04923
2990.25820,-0.59681,2.10290,74.04105,20.83110,23.01843,15.16892,15.02261
2990.26820,-0.59594,2.10291,74.04173,20.83223,23.01773,15.16960,15.02217
2990.27820,-0.61683,2.11124,73.92948,20.80403,23.00644,15.10755,15.01146
2990.28820,-0.63922,2.10203,73.90117,20.75767,23.00620,15.10195,15.03536
2990.29820,-0.64034,2.09921,73.91173,20.75323,23.00773,15.10960,15.04117
2990.30820,-0.62241,2.10822,74.00422,20.82875,23.01621,15.10960,15.04966
2990.31820,-0.61921,2.10982,74.02073,20.84223,23.01773,15.10960,15.05117
2990.32820,-0.59620,2.09395,74.07917,20.85070,22.99232,15.16889,15.06727
2990.33820,-0.62853,2.09081,74.16529,20.83506,23.04869,15.17101,15.11053
2990.34820,-0.63454,2.09076,74.17773,20.83223,23.05873,15.16960,15.11717
2990.35820,-0.61260,2.10509,74.08745,20.86595,23.01816,15.12960,15.07374
2990.36820,-0.61087,2.10432,73.99877,20.83413,22.99495,15.12128,15.04840
2990.37820,-0.61654,2.09989,73.99073,20.81223,22.99773,15.12960,15.05117
2990.38820,-0.63365,2.12540,73.82677,20.79047,23.00498,15.04254,14.98878
2990.39820,-0.64014,2.13507,73.76473,20.78223,23.00773,15.00960,14.96517
2990.40820,-0.64082,2.12698,73.82915,20.78825,23.01375,15.03368,14.99347
2990.41820,-0.64466,2.12627,73.90857,20.81639,23.03041,15.03752,15.02425
2990.42820,-0.64689,2.12930,73.93273,20.83223,23.03873,15.02960,15.03217
2990.43820,-0.62939,2.12514,73.94533,20.83223,23.03273,15.06560,15.01477
2990.44820,-0.61538,2.12227,73.99419,20.84560,23.03901,15.09989,15.00969
2990.45820,-0.61148,2.12209,74.06162,20.86789,23.05616,15.11703,15.02054
2990.46820,-0.61089,2.12207,74.07173,20.87123,23.05873,15.11960,15.02217
2990.47820,-0.61703,2.12544,73.95413,20.85261,23.01855,15.07060,15.01237
2990.48820,-0.61715,2.12551,73.95173,20.85223,23.01773,15.06960,15.01217
2990.49820,-0.60999,2.14388,73.98505,20.87085,23.07849,15.07940,14.95631
2990.50820,-0.64820,2.15106,74.08082,20.90034,23.12921,15.03109,15.02018
2990.51820,-0.64937,2.15127,74.08373,20.90123,23.13073,15.02960,15.02217
2990.52820,-0.60822,2.13612,73.98741,20.89043,23.03513,15.06400,14.99785
2990.53820,-0.61139,2.12379,74.01173,20.87123,23.02873,15.08960,15.02217
2990.54820,-0.61663,2.12554,74.00817,20.86767,23.03586,15.08247,15.02217
2990.55820,-0.62610,2.12870,74.00173,20.86123,23.04873,15.06960,15.02217
2990.56820,-0.62368,2.11485,73.99466,20.83012,23.03070,15.10142,15.03243
2990.57820,-0.62638,2.09104,74.02613,20.78979,23.01237,15.15240,15.07157
2990.58820,-0.64617,2.09525,74.14947,20.83579,23.05303,15.13240,15.12824
2990.59820,-0.64627,2.09674,74.16689,20.84527,23.05873,15.13120,15.13169
2990.60820,-0.63517,2.10051,74.16756,20.85794,23.05873,15.13787,15.11303
2990.61820,-0.63200,2.11119,74.26973,20.89123,23.12073,15.15960,15.09817
2990.62820,-0.63200,2.11119,74.26973,20.89123,23.12073,15.15960,15.09817
2990.63820,-0.62160,2.13279,74.08885,20.88123,23.09371,15.09960,15.01430
2990.64820,-0.61156,2.12242,74.05351,20.88123,23.03905,15.09960,15.03363
2990.65820,-0.61647,2.11012,73.99853,20.83613,23.01163,15.10960,15.04117
2990.66820,-0.59030,2.10763,73.97873,20.87123,22.95673,15.10960,15.04117
2990.67820,-0.59662,2.10585,73.98533,20.86144,22.96465,15.11180,15.04744
2990.68820,-0.64674,2.08620,74.04897,20.77907,23.02089,15.13940,15.10961
2990.69820,-0.63872,2.04328,74.13273,20.75323,22.95673,15.21960,15.20317
2990.70820,-0.63872,2.04328,74.13273,20.75323,22.95673,15.21960,15.20317
2990.71820,-0.62286,2.02125,74.23634,20.76292,22.93639,15.28738,15.24965
2990.72820,-0.64308,2.02695,74.25404,20.76323,22.96506,15.26099,15.26476
2990.73820,-0.66020,2.02577,74.23022,20.73372,22.97673,15.24960,15.27017
2990.74820,-0.65650,2.03744,74.11505,20.70383,22.97673,15.23000,15.20450
2990.75820,-0.65642,2.03768,74.11273,20.70323,22.97673,15.22960,15.20317
2990.76820,-0.64686,2.05738,73.94980,20.71890,22.92894,15.15127,15.15069
2990.77820,-0.64712,2.05999,73.86297,20.68930,22.91573,15.13830,15.11964
2990.78820,-0.64755,2.05956,73.85673,20.68423,22.91573,15.13960,15.11717
2990.79820,-0.64167,2.06169,73.97748,20.73549,22.94266,15.15697,15.14237
2990.80820,-0.65893,2.05519,74.16457,20.77683,22.99066,15.17683,15.22025
2990.81820,-0.66185,2.05410,74.19173,20.78223,22.99773,15.17960,15.23217
2990.82820,-0.66185,2.05410,74.19173,20.78223,22.99773,15.17960,15.23217
2990.83820,-0.63868,2.07320,74.27273,20.86123,23.02873,15.17960,15.20317
2990.84820,-0.64039,2.06724,74.27877,20.86123,23.01288,15.17960,15.22505
2990.85820,-0.67430,2.07485,74.26790,20.84056,23.05192,15.13683,15.23859
2990.86820,-0.68774,2.07869,74.26273,20.83223,23.06973,15.11960,15.24117
2990.87820,-0.69244,2.10039,74.14464,20.80325,23.09943,15.08338,15.15858
2990.88820,-0.69422,2.10865,74.09973,20.79223,23.11073,15.06960,15.12717
2990.89820,-0.69422,2.10865,74.09973,20.79223,23.11073,15.06960,15.12717
2990.90820,-0.71797,2.10542,73.98831,20.73903,23.08742,15.02830,15.13356
2990.91820,-0.71809,2.10358,73.95873,20.73323,23.06973,15.01960,15.13617
2990.92820,-0.72724,2.10347,73.92964,20.70960,23.07579,15.01354,15.13072
2990.93820,-0.71067,2.09685,73.90415,20.69962,23.04923,15.03950,15.11581
2990.94820,-0.69552,2.09245,73.89973,20.70323,23.02873,15.05960,15.10817
2990.95820,-0.71582,2.09417,73.89033,20.70323,23.02873,15.02041,15.13796
2990.96820,-0.74470,2.08760,73.87666,20.68816,23.01442,14.97960,15.19448
2990.97820,-0.73026,2.03680,73.88173,20.60523,22.93573,15.08960,15.25117
2990.98820,-0.73942,2.03254,73.86878,20.57888,22.94064,15.09407,15.25519
2990.99820,-0.75078,2.02726,73.85273,20.54623,22.94673,15.09960,15.26017
2991.00820,-0.73646,2.00279,73.85040,20.51361,22.89873,15.15552,15.28254
2991.01820,-0.72239,1.97177,73.87578,20.47038,22.85636,15.23501,15.31403
2991.02820,-0.72760,1.96514,73.93811,20.45736,22.88445,15.26926,15.32704
2991.03820,-0.71833,1.95945,73.92730,20.46070,22.85631,15.27653,15.33376
2991.04820,-0.70368,1.93798,73.96583,20.46380,22.80616,15.31707,15.37880
2991.05820,-0.70931,1.91730,74.08073,20.45723,22.81273,15.36960,15.44117
2991.06820,-0.71532,1.91444,74.09705,20.45483,22.81537,15.36960,15.45725
2991.07820,-0.73202,1.90650,74.14239,20.44817,22.82270,15.36960,15.50192
2991.08820,-0.73505,1.90722,74.14643,20.45183,22.82373,15.36270,15.50817
2991.09820,-0.72963,1.90889,74.18775,20.46723,22.83790,15.37654,15.50608
2991.10820,-0.70412,1.89426,74.34973,20.46723,22.88473,15.49860,15.49917
2991.11820,-0.70036,1.89517,74.30833,20.46723,22.86357,15.48503,15.49250
2991.12820,-0.68588,1.90205,74.15374,20.46723,22.79577,15.43503,15.45570
2991.13820,-0.67781,1.91861,74.08420,20.46723,22.80902,15.41516,15.39279
2991.14820,-0.67484,1.92384,74.06880,20.47372,22.81053,15.40630,15.37825
2991.15820,-0.66908,1.92860,74.10173,20.52623,22.79273,15.37960,15.40317
2991.16820,-0.67060,1.92639,74.10381,20.52082,22.79218,15.38343,15.40739
2991.17820,-0.68437,1.90631,74.12272,20.47156,22.78720,15.41826,15.44570
2991.18820,-0.69702,1.88694,74.14507,20.42610,22.78273,15.45290,15.48336
2991.19820,-0.69860,1.87875,74.18012,20.41935,22.78326,15.47389,15.50362
2991.20820,-0.69505,1.89874,74.11398,20.44051,22.78855,15.42680,15.45812
2991.21820,-0.69335,1.91198,74.06131,20.45303,22.78832,15.39170,15.42826
2991.22820,-0.69752,1.90229,74.05973,20.43723,22.77173,15.39960,15.45117
2991.23820,-0.69753,1.90669,74.07293,20.45461,22.77635,15.38860,15.45337
2991.24820,-0.69754,1.92229,74.11973,20.51623,22.79273,15.34960,15.46117
2991.25820,-0.69942,1.91543,74.11350,20.48703,22.79601,15.37257,15.45789
2991.26820,-0.73596,1.90057,74.02810,20.37299,22.81192,15.38283,15.46037
2991.27820,-0.73883,1.90050,74.02173,20.36823,22.81273,15.37960,15.46117
2991.28820,-0.73785,1.93294,73.97567,20.40645,22.85291,15.32080,15.39551
2991.29820,-0.75392,1.95655,73.81679,20.38916,22.85373,15.23397,15.33994
2991.30820,-0.75475,1.95772,73.80873,20.38823,22.85373,15.22960,15.33717
2991.31820,-0.71133,1.96853,73.76033,20.40950,22.83906,15.25893,15.25284
2991.32820,-0.69553,1.97246,73.74273,20.41723,22.83373,15.26960,15.22217
2991.33820,-0.70140,1.98273,73.82042,20.46733,22.86244,15.24708,15.24356
2991.34820,-0.72990,1.99997,73.93717,20.49943,22.95477,15.22280,15.26017
2991.35820,-0.74116,2.00433,73.96373,20.49623,22.98773,15.21960,15.26017
2991.36820,-0.72300,2.01737,73.84373,20.50972,22.94593,15.17915,15.20894
2991.37820,-0.69358,2.01775,73.96613,20.56622,22.96268,15.23205,15.20518
2991.38820,-0.68577,2.01550,74.03473,20.58523,22.97673,15.25960,15.21317
2991.39820,-0.71338,1.99152,73.89384,20.49179,22.90957,15.23770,15.25478
2991.40820,-0.72362,1.98263,73.84173,20.45723,22.88473,15.22960,15.27017
2991.41820,-0.69946,1.98701,73.99204,20.53481,22.90958,15.26596,15.28169
2991.42820,-0.70857,1.99199,74.09034,20.56144,22.95684,15.27130,15.30076
2991.43820,-0.72441,1.99335,74.09073,20.54623,22.97673,15.25960,15.30817
2991.44820,-0.73012,2.00472,74.10974,20.56346,23.00762,15.24178,15.29689
2991.45820,-0.71952,2.02240,74.12788,20.59860,23.04061,15.23356,15.25512
2991.46820,-0.69739,2.03751,74.13573,20.63423,23.05873,15.23960,15.20317
2991.47820,-0.71323,2.04633,74.04456,20.61938,23.04848,15.18326,15.19344
2991.48820,-0.72834,2.05474,73.95773,20.60523,23.03873,15.12960,15.18417
2991.49820,-0.72732,2.05562,73.93148,20.59742,23.03388,15.12647,15.17370
2991.50820,-0.69442,2.03743,73.85826,20.55523,22.97393,15.18940,15.13970
2991.51820,-0.66355,2.01156,73.93573,20.55523,22.93573,15.27960,15.16517
2991.52820,-0.66725,2.02032,73.88102,20.54619,22.94096,15.25581,15.13806
2991.53820,-0.67988,2.02722,73.99139,20.59971,22.97479,15.23420,15.18269
2991.54820,-0.68986,2.02398,74.19173,20.67423,23.00773,15.23960,15.27017
2991.55820,-0.69054,2.03614,74.17179,20.68887,23.02088,15.21415,15.24790
2991.56820,-0.69307,2.08132,74.09773,20.74323,23.06973,15.11960,15.16517
2991.57820,-0.69924,2.08774,74.04606,20.72047,23.08277,15.10681,15.13601
2991.58820,-0.70434,2.11018,73.81340,20.66136,23.07689,15.04465,15.03050
2991.59820,-0.68098,2.11693,73.66473,20.67423,22.99773,14.99960,14.99317
2991.60820,-0.68098,2.11693,73.66473,20.67423,22.99773,14.99960,14.99317
2991.61820,-0.68580,2.12614,73.68086,20.69350,23.01778,14.97994,14.98963
2991.62820,-0.69017,2.12958,73.82912,20.73406,23.07633,15.00372,15.01502
2991.63820,-0.69575,2.12182,73.93879,20.73633,23.11399,15.04500,15.04347
2991.64820,-0.72309,2.12632,73.95573,20.71323,23.16173,15.02960,15.05117
2991.65820,-0.72206,2.12664,73.98540,20.72473,23.16886,15.03420,15.05761
2991.66820,-0.71444,2.12669,74.07756,20.76139,23.18702,15.05512,15.07402
2991.67820,-0.69626,2.12229,74.04636,20.75339,23.16222,15.07912,15.05162
2991.68820,-0.69694,2.12409,74.04485,20.75543,23.16514,15.07520,15.04908
2991.69820,-0.70471,2.13780,74.03327,20.76888,23.18935,15.04287,15.03217
2991.70820,-0.69958,2.12499,73.99673,20.73323,23.16173,15.06960,15.03217
2991.71820,-0.70043,2.12422,73.99804,20.73405,23.15920,15.06797,15.03683
2991.72820,-0.70996,2.11560,74.01273,20.74323,23.13073,15.04960,15.08917
2991.73820,-0.70990,2.11652,74.00432,20.74125,23.13073,15.04761,15.08474
2991.74820,-0.70935,2.12577,73.92022,20.72138,23.13073,15.02775,15.04037
2991.75820,-0.71860,2.12093,73.89978,20.75069,23.07360,14.97277,15.10271
2991.76820,-0.71924,2.12035,73.90073,20.75323,23.06973,14.96960,15.10817
2991.77820,-0.70461,2.12711,73.74988,20.68564,23.06973,14.98919,15.00532
2991.78820,-0.72159,2.10555,73.94959,20.68423,23.11971,15.05820,15.08745
2991.79820,-0.72194,2.10511,73.95373,20.68423,23.12073,15.05960,15.08917
2991.80820,-0.68642,2.11454,73.96525,20.72167,23.12073,15.08840,15.03445
2991.81820,-0.68494,2.11494,73.96573,20.72323,23.12073,15.08960,15.03217
2991.82820,-0.67822,2.09085,74.02291,20.67891,23.12073,15.17311,15.05016
2991.83820,-0.67873,2.07907,73.99315,20.66907,23.07473,15.16766,15.08169
2991.84820,-0.68021,2.07963,73.97173,20.67423,23.05873,15.14960,15.08917
2991.85820,-0.68800,2.09128,73.96350,20.69812,23.06779,15.10842,15.08917
2991.86820,-0.67737,2.09246,73.95328,20.70323,23.06043,15.11651,15.07311
2991.87820,-0.67512,2.09222,73.95173,20.70323,23.05873,15.11960,15.07017
2991.88820,-0.68267,2.08578,73.97951,20.68712,23.07039,15.13627,15.08573
2991.89820,-0.68871,2.08063,74.00173,20.67423,23.07973,15.14960,15.09817
2991.90820,-0.66875,2.06140,74.01813,20.69491,23.00630,15.17099,15.14594
2991.91820,-0.65001,2.06624,74.18122,20.73946,23.07381,15.23756,15.13040
2991.92820,-0.64596,2.07102,74.24073,20.75323,23.11073,15.25960,15.11717
2991.93820,-0.59409,2.07034,74.20239,20.82352,23.01559,15.25960,15.10368
2991.94820,-0.59355,2.07601,74.09808,20.81504,22.98086,15.21828,15.08390
2991.95820,-0.62273,2.08441,73.97321,20.76266,22.98668,15.16008,15.06379
2991.96820,-0.62800,2.08592,73.95073,20.75323,22.98773,15.14960,15.06017
2991.97820,-0.62106,2.11366,73.94404,20.80006,23.02690,15.11138,15.00571
2991.98820,-0.62073,2.11495,73.94373,20.80223,23.02873,15.10960,15.00317
2991.99820,-0.65945,2.09931,73.96326,20.71735,23.07443,15.13784,15.03364
2992.00820,-0.65940,2.10949,73.87573,20.70323,23.06973,15.10960,14.99317
2992.01820,-0.65525,2.10391,73.92626,20.71508,23.06973,15.12934,15.01212
2992.02820,-0.64912,2.09951,73.99136,20.73936,23.06973,15.14710,15.03517
2992.03820,-0.65065,2.12856,73.90473,20.78223,23.06973,15.05960,14.99317
2992.04820,-0.65186,2.12394,73.89077,20.76874,23.05995,15.06425,14.99783
2992.05820,-0.64154,2.12210,73.87109,20.76234,23.04873,15.07871,14.98131
2992.06820,-0.62754,2.12626,73.86673,20.77323,23.04873,15.08960,14.95517
2992.07820,-0.62754,2.12626,73.86673,20.77323,23.04873,15.08960,14.95517
2992.08820,-0.60512,2.13252,73.84773,20.80223,23.02873,15.08960,14.92717
2992.09820,-0.59331,2.11744,73.82157,20.78137,22.98524,15.11788,14.93707
2992.10820,-0.57934,2.08230,73.81503,20.73617,22.91279,15.18372,14.98235
2992.11820,-0.59334,2.06849,73.89073,20.72323,22.92573,15.20960,15.03217
2992.12820,-0.60100,2.06330,73.89773,20.70023,22.93606,15.22293,15.03851
2992.13820,-0.61383,2.04726,73.93100,20.65877,22.94517,15.25867,15.06840
2992.14820,-0.60654,2.03060,73.98767,20.67210,22.91117,15.28533,15.11907
2992.15820,-0.60537,2.02793,73.99673,20.67423,22.90573,15.28960,15.12717
2992.16820,-0.61484,2.02244,74.01272,20.65740,22.91414,15.29802,15.14316
2992.17820,-0.61662,2.02140,74.01573,20.65423,22.91573,15.29960,15.14617
2992.18820,-0.60063,2.02834,74.10369,20.70760,22.93669,15.31633,15.14307
2992.19820,-0.58864,2.01899,73.85573,20.64423,22.82373,15.27960,15.10817
2992.20820,-0.59050,2.01773,73.84353,20.63410,22.82259,15.28063,15.10621
2992.21820,-0.60747,2.00229,73.75864,20.54623,22.81055,15.29831,15.10355
2992.22820,-0.61094,1.98606,73.83232,20.54482,22.80273,15.32960,15.15517
2992.23820,-0.61297,1.98521,73.82561,20.53811,22.80273,15.32960,15.15517
2992.24820,-0.57021,1.95090,74.07873,20.58523,22.79273,15.47860,15.22217
2992.25820,-0.57550,1.95328,74.09932,20.59200,22.80577,15.47282,15.22874
2992.26820,-0.62195,1.97761,74.28308,20.66143,22.92322,15.41314,15.28529
2992.27820,-0.59889,2.00558,74.21873,20.74323,22.89473,15.33960,15.24117
2992.28820,-0.59889,2.00558,74.21873,20.74323,22.89473,15.33960,15.24117
2992.29820,-0.55317,2.05454,74.06258,20.78195,22.92324,15.30317,15.05423
2992.30820,-0.61077,2.04341,73.88312,20.66766,22.89556,15.23174,15.08816
2992.31820,-0.61250,2.04308,73.87773,20.66423,22.89473,15.22960,15.08917
2992.32820,-0.61551,2.03553,73.88830,20.62582,22.91489,15.26802,15.07957
2992.33820,-0.61563,2.03522,73.88873,20.62423,22.91573,15.26960,15.07917
2992.34820,-0.61737,2.03471,73.87010,20.62423,22.90310,15.25758,15.08519
2992.35820,-0.62409,2.02261,74.05260,20.68099,22.91459,15.27798,15.17904
2992.36820,-0.62441,2.02194,74.06373,20.68423,22.91573,15.27960,15.18417
2992.37820,-0.63846,2.04300,74.04575,20.70286,22.95491,15.22821,15.15976
2992.38820,-0.64628,2.05473,74.03573,20.71323,22.97673,15.19960,15.14617
2992.39820,-0.66447,2.07607,74.06519,20.72165,23.05499,15.17435,15.11419
2992.40820,-0.67417,2.08921,73.92121,20.69887,23.03529,15.11080,15.07625
2992.41820,-0.67537,2.09095,73.89273,20.69423,23.02873,15.09960,15.07017
2992.42820,-0.67341,2.12609,73.79032,20.71623,23.05983,15.03132,14.98293
2992.43820,-0.65025,2.11931,73.68033,20.68109,23.00781,15.05260,14.93883
2992.44820,-0.64657,2.11637,73.66773,20.67423,22.99773,15.05960,14.93617
2992.45820,-0.66534,2.12744,73.76644,20.70659,23.05969,15.04315,14.95701
2992.46820,-0.66097,2.13801,73.98664,20.76887,23.16236,15.09505,14.96036
2992.47820,-0.65357,2.13857,74.03873,20.78223,23.18173,15.11960,14.95517
2992.48820,-0.65282,2.12891,74.07547,20.78223,23.17218,15.13868,14.98237
2992.49820,-0.65201,2.11835,74.11573,20.78223,23.16173,15.15960,15.01217
2992.50820,-0.65086,2.12013,74.01624,20.78223,23.10851,15.11333,15.01217
2992.51820,-0.66818,2.10407,73.96149,20.73645,23.06973,15.10296,15.05235
2992.52820,-0.68889,2.08428,73.98173,20.68423,23.06973,15.12960,15.09817
2992.53820,-0.68133,2.07963,73.94591,20.67539,23.04230,15.13402,15.09419
2992.54820,-0.66637,2.06344,73.94359,20.64709,23.01673,15.18674,15.09303
2992.55820,-0.65917,2.04970,74.00073,20.62423,23.02873,15.24960,15.09817
2992.56820,-0.68440,2.04691,73.96599,20.59035,23.03307,15.22354,15.11902
2992.57820,-0.71729,2.04328,73.92073,20.54623,23.03873,15.18960,15.14617
2992.58820,-0.71407,2.04660,73.99970,20.57667,23.06564,15.20284,15.15456
2992.59820,-0.71001,2.06103,74.06313,20.62366,23.10292,15.19345,15.14309
2992.60820,-0.71004,2.08485,73.97799,20.64325,23.11036,15.13264,15.09174
2992.61820,-0.70747,2.09690,73.95005,20.65484,23.12133,15.11192,15.06195
2992.62820,-0.69859,2.11721,73.92735,20.69136,23.13723,15.07960,15.01916
2992.63820,-0.69080,2.11802,73.96573,20.72323,23.13073,15.07960,15.03217
2992.64820,-0.69049,2.11689,73.93444,20.71231,23.11943,15.07590,15.02680
2992.65820,-0.68962,2.11365,73.84502,20.68109,23.08716,15.06531,15.01146
2992.66820,-0.68915,2.11190,73.79673,20.66423,23.06973,15.05960,15.00317
2992.67820,-0.67516,2.11375,73.76149,20.68457,23.03448,15.04604,14.99640
2992.68820,-0.66172,2.08593,73.90030,20.70141,23.00975,15.11938,15.06976
2992.69820,-0.66000,2.07868,73.93973,20.70323,23.00773,15.13960,15.08917
2992.70820,-0.71957,2.07710,74.15016,20.72263,23.10761,15.12021,15.19972
2992.71820,-0.68433,2.09239,74.19073,20.76323,23.14073,15.15960,15.12717
2992.72820,-0.68048,2.09719,74.17023,20.76323,23.14423,15.15627,15.10651
2992.73820,-0.66212,2.12011,74.07261,20.76323,23.16089,15.14039,15.00809
2992.74820,-0.66497,2.12146,74.07092,20.76160,23.16589,15.13633,15.00709
2992.75820,-0.70295,2.12665,74.08493,20.74713,23.20553,15.09260,15.03967
2992.76820,-0.66368,2.15340,73.88873,20.78223,23.14073,15.02960,14.93617
2992.77820,-0.66633,2.15309,73.87841,20.77671,23.13913,15.02560,14.93697
2992.78820,-0.69660,2.14836,73.76564,20.71277,23.12073,14.98332,14.94882
2992.79820,-0.69369,2.13302,73.83948,20.70695,23.12073,15.02983,14.98196
2992.80820,-0.69183,2.12322,73.88673,20.70323,23.12073,15.05960,15.00317
2992.81820,-0.68806,2.11328,73.91683,20.70323,23.10638,15.08060,15.02662
2992.82820,-0.68108,2.09486,73.97273,20.70323,23.07973,15.11960,15.07017
2992.83820,-0.68840,2.09189,74.03713,20.70790,23.10353,15.13360,15.09211
2992.84820,-0.71448,2.09235,74.17349,20.71323,23.18038,15.14960,15.13028
2992.85820,-0.72245,2.09408,74.20173,20.71323,23.20273,15.14960,15.13617
2992.86820,-0.68963,2.11124,74.12025,20.76363,23.15989,15.11600,15.08073
2992.87820,-0.69598,2.14207,73.92592,20.73997,23.16836,15.03475,14.98285
2992.88820,-0.69854,2.14766,73.88973,20.73323,23.17173,15.01960,14.96517
2992.89820,-0.68144,2.14854,73.90099,20.72457,23.18991,15.06290,14.92361
2992.90820,-0.67879,2.14867,73.90273,20.72323,23.19273,15.06960,14.91717
2992.91820,-0.64830,2.12107,73.86486,20.71482,23.08921,15.11168,14.94915
2992.92820,-0.67396,2.10177,73.88853,20.68579,23.06973,15.10840,15.02461
2992.93820,-0.69862,2.09070,73.91273,20.66423,23.06973,15.09960,15.07917
2992.94820,-0.64646,2.06690,74.04211,20.68592,23.04732,15.22970,15.07917
2992.95820,-0.65564,2.05046,74.04754,20.65146,23.03160,15.25109,15.11339
2992.96820,-0.66739,2.04751,74.02973,20.63423,23.02873,15.23960,15.12717
2992.97820,-0.66083,2.05779,74.09397,20.67659,23.05767,15.23960,15.12011
2992.98820,-0.65810,2.06207,74.12073,20.69423,23.06973,15.23960,15.11717
2992.99820,-0.65467,2.04958,74.00067,20.63228,23.02026,15.24921,15.09892
2993.00820,-0.64295,2.03764,73.88519,20.57556,22.97017,15.26993,15.06953
2993.01820,-0.62773,2.04072,73.91273,20.59523,22.97673,15.28960,15.05117
2993.02820,-0.62773,2.04072,73.91273,20.59523,22.97673,15.28960,15.05117
2993.03820,-0.63618,2.04708,73.96057,20.62354,22.99723,15.27008,15.06972
2993.04820,-0.59201,2.06063,73.88487,20.69149,22.92855,15.24078,15.02406
2993.05820,-0.59126,2.06193,73.88528,20.69687,22.92764,15.23687,15.02390
2993.06820,-0.60189,2.06950,73.92073,20.72323,22.94673,15.20960,15.04117
2993.07820,-0.59999,2.06952,73.91856,20.72323,22.94553,15.21178,15.03801
2993.08820,-0.58659,2.07189,73.90813,20.72523,22.94503,15.22760,15.01027
2993.09820,-0.60555,2.09110,73.97473,20.74323,23.02873,15.20960,14.99317
2993.10820,-0.60171,2.09990,73.98932,20.76629,23.04284,15.20019,14.98000
2993.11820,-0.59802,2.11609,73.95066,20.78629,23.05247,15.16770,14.94421
2993.12820,-0.59939,2.12981,73.83093,20.77336,23.03886,15.12008,14.89863
2993.13820,-0.58370,2.11884,73.81783,20.77323,22.99568,15.14060,14.90832
2993.14820,-0.55500,2.07534,73.84977,20.74271,22.90425,15.23560,14.96721
2993.15820,-0.55628,2.01675,73.98873,20.66423,22.87473,15.37960,15.07017
2993.16820,-0.55470,2.01525,74.02061,20.66879,22.88406,15.39326,15.07450
2993.17820,-0.54938,2.01017,74.12873,20.68423,22.91573,15.43960,15.08917
2993.18820,-0.54938,2.01017,74.12873,20.68423,22.91573,15.43960,15.08917
2993.19820,-0.55657,1.99887,74.24435,20.70983,22.92133,15.45802,15.15517
2993.20820,-0.57760,2.01945,74.14373,20.73323,22.90573,15.34960,15.15517
2993.21820,-0.57694,2.02299,74.10605,20.72038,22.90790,15.34524,15.13252
2993.22820,-0.57769,2.03914,73.94721,20.67143,22.91573,15.31560,15.04445
2993.23820,-0.59264,2.05541,73.83521,20.65810,22.91573,15.24893,15.01245
2993.24820,-0.59561,2.06069,73.79956,20.65661,22.91327,15.22801,15.00167
2993.25820,-0.58190,2.06624,73.76781,20.68042,22.88866,15.21214,14.98659
2993.26820,-0.57970,2.06713,73.76273,20.68423,22.88473,15.20960,14.98417
2993.27820,-0.63006,2.09010,73.86479,20.72165,22.98202,15.13594,15.02518
2993.28820,-0.60450,2.05959,73.88873,20.70323,22.91573,15.20960,15.06017
2993.29820,-0.60450,2.05959,73.88873,20.70323,22.91573,15.20960,15.06017
2993.30820,-0.61560,2.05432,74.16302,20.76038,23.00335,15.26674,15.13255
2993.31820,-0.63578,2.05830,74.18719,20.74421,23.04672,15.26009,15.13617
2993.32820,-0.63679,2.05851,74.18773,20.74323,23.04873,15.25960,15.13617
2993.33820,-0.63297,2.06213,74.33363,20.79121,23.09866,15.28898,15.15478
2993.34820,-0.63289,2.06221,74.33673,20.79223,23.09973,15.28960,15.15517
2993.35820,-0.65040,2.05919,74.26710,20.74130,23.09973,15.27671,15.14937
2993.36820,-0.65539,2.08079,74.05965,20.69521,23.09351,15.21365,15.05728
2993.37820,-0.65253,2.09500,73.95673,20.68423,23.08973,15.17960,15.00317
2993.38820,-0.67717,2.11247,73.81165,20.65981,23.08484,15.09167,14.97533
2993.39820,-0.69786,2.13287,73.67073,20.64842,23.07863,14.99960,14.94408
2993.40820,-0.65574,2.14928,73.75973,20.76323,23.06973,14.99960,14.92717
2993.41820,-0.65619,2.15162,73.75923,20.76222,23.07801,14.99960,14.91940
2993.42820,-0.66019,2.17246,73.75473,20.75323,23.15173,14.99960,14.85017
2993.43820,-0.66435,2.17071,73.75903,20.75323,23.14863,14.99460,14.86257
2993.44820,-0.69850,2.15237,73.82126,20.75880,23.12073,14.96096,14.98076
2993.45820,-0.67317,2.13215,74.00473,20.80223,23.12073,15.04960,15.03217
2993.46820,-0.67836,2.12741,74.00496,20.78001,23.12769,15.06307,15.03419
2993.47820,-0.70177,2.10581,74.02997,20.70323,23.14916,15.11193,15.06564
2993.48820,-0.71984,2.08868,74.10973,20.70323,23.14073,15.11960,15.14617
2993.49820,-0.71820,2.08521,74.08264,20.68874,23.12792,15.12380,15.14218
2993.50820,-0.71202,2.07213,73.98073,20.63423,23.07973,15.13960,15.12717
2993.51820,-0.71617,2.06568,73.99538,20.65181,23.04985,15.12202,15.17170
2993.52820,-0.72075,2.04842,73.97653,20.61808,23.01646,15.13881,15.20317
2993.53820,-0.72192,2.03938,73.95573,20.58523,23.00773,15.15960,15.20317
2993.54820,-0.71193,2.05010,73.97597,20.61988,23.01979,15.15181,15.18449
2993.55820,-0.69596,2.06710,74.00667,20.67423,23.03873,15.13960,15.15411
2993.56820,-0.69371,2.06855,73.99873,20.67423,23.03873,15.13960,15.14617
2993.57820,-0.67870,2.06277,73.97431,20.68345,22.99633,15.14421,15.15032
2993.58820,-0.66112,2.05600,73.94573,20.69423,22.94673,15.14960,15.15517
2993.59820,-0.66054,2.05646,73.95215,20.69518,22.95104,15.15276,15.15317
2993.60820,-0.66727,2.05090,74.02047,20.67164,22.99689,15.19792,15.15403
2993.61820,-0.68107,2.03977,74.03673,20.63423,23.00773,15.21960,15.17517
2993.62820,-0.68107,2.03977,74.03673,20.63423,23.00773,15.21960,15.17517
2993.63820,-0.70672,2.03412,74.11590,20.61523,23.05502,15.23303,15.21261
2993.64820,-0.68077,2.03374,74.03773,20.61523,23.00773,15.23960,15.17517
2993.65820,-0.69904,2.03864,74.01713,20.60150,23.02524,15.21213,15.17826
2993.66820,-0.73400,2.04802,73.97773,20.57523,23.05873,15.15960,15.18417
2993.67820,-0.71091,2.04630,73.97427,20.59221,23.03412,15.18039,15.16754
2993.68820,-0.67742,2.04861,73.95670,20.62648,22.99696,15.19483,15.13842
2993.69820,-0.70700,2.06493,73.92425,20.63311,23.02411,15.12198,15.14505
2993.70820,-0.71263,2.07089,73.95040,20.64138,23.05063,15.11674,15.14165
2993.71820,-0.72336,2.08208,74.05856,20.65953,23.13273,15.13254,15.13376
2993.72820,-0.74782,2.08487,74.07751,20.64646,23.16606,15.11293,15.15206
2993.73820,-0.73921,2.08451,74.08430,20.65988,23.15549,15.11752,15.15141
2993.74820,-0.68751,2.08114,74.09873,20.72323,23.08973,15.14960,15.13617
2993.75820,-0.68751,2.08114,74.09873,20.72323,23.08973,15.14960,15.13617
2993.76820,-0.71101,2.11326,73.92419,20.68323,23.13065,15.06498,15.04533
2993.77820,-0.74813,2.12475,74.08573,20.71323,23.23373,15.04960,15.08917
2993.78820,-0.74813,2.12475,74.08573,20.71323,23.23373,15.04960,15.08917
2993.79820,-0.73528,2.12391,73.97631,20.70190,23.17745,15.03006,15.06690
2993.80820,-0.72002,2.11477,73.76930,20.64251,23.08445,15.01544,15.02689
2993.81820,-0.72436,2.10775,73.73673,20.60523,23.07973,15.02960,15.02217
2993.82820,-0.71306,2.10020,73.96373,20.67423,23.12073,15.08960,15.07917
2993.83820,-0.71061,2.09705,73.96010,20.67181,23.11079,15.09445,15.08305
2993.84820,-0.68313,2.06063,73.93137,20.64696,23.00054,15.15233,15.13154
2993.85820,-0.68702,2.05474,74.05773,20.67423,23.02873,15.17960,15.17517
2993.86820,-0.68702,2.05474,74.05773,20.67423,23.02873,15.17960,15.17517
2993.87820,-0.68684,2.05134,74.07644,20.65552,23.04744,15.20766,15.16582
2993.88820,-0.68002,2.06201,74.14576,20.71395,23.06460,15.19448,15.17273
2993.89820,-0.67782,2.06553,74.16773,20.73323,23.06973,15.18960,15.17517
2993.90820,-0.74028,2.03632,73.95523,20.55261,23.03012,15.16062,15.21188
2993.91820,-0.74250,2.03529,73.94773,20.54623,23.02873,15.15960,15.21317
2993.92820,-0.65877,2.02645,73.90836,20.59329,22.92981,15.23643,15.14883
2993.93820,-0.67061,2.00631,73.97494,20.55797,22.93899,15.28381,15.19417
2993.94820,-0.67952,1.99479,74.01473,20.53623,22.94673,15.30960,15.22217
2993.95820,-0.65067,2.02716,74.04952,20.65332,22.95521,15.25869,15.18229
2993.96820,-0.63438,2.01486,74.05148,20.67423,22.89553,15.26660,15.21512
2993.97820,-0.63241,2.01167,74.05073,20.67423,22.88473,15.26960,15.22217
2993.98820,-0.66015,1.99545,73.97043,20.58111,22.87798,15.27635,15.23499
2993.99820,-0.67355,1.98762,73.93173,20.53623,22.87473,15.27960,15.24117
2994.00820,-0.64529,1.98931,73.94896,20.56002,22.86652,15.31241,15.21000
2994.01820,-0.64131,1.97961,74.01782,20.57080,22.86473,15.34185,15.24044
2994.02820,-0.64306,1.97160,74.06973,20.57523,22.86473,15.35960,15.27017
2994.03820,-0.65171,1.96463,73.99757,20.53266,22.84236,15.35238,15.27017
2994.04820,-0.67766,1.96206,74.01960,20.51623,22.86336,15.33514,15.30487
2994.05820,-0.68632,1.96211,74.03873,20.51623,22.87473,15.32960,15.31817
2994.06820,-0.69421,1.95537,74.05209,20.49514,22.88176,15.34366,15.33153
2994.07820,-0.69754,1.95253,74.05773,20.48623,22.88473,15.34960,15.33717
2994.08820,-0.69754,1.95253,74.05773,20.48623,22.88473,15.34960,15.33717
2994.09820,-0.67825,1.94257,73.96643,20.46889,22.81631,15.35572,15.32551
2994.10820,-0.65945,1.94118,74.06773,20.48623,22.85373,15.41960,15.30817
2994.11820,-0.65782,1.93845,74.07053,20.48427,22.84845,15.42570,15.31210
2994.12820,-0.63529,1.91485,74.10118,20.48034,22.79362,15.48304,15.34417
2994.13820,-0.60579,1.91511,74.12373,20.52623,22.76173,15.49860,15.33717
2994.14820,-0.60807,1.91637,74.12353,20.52823,22.76373,15.49260,15.33897
2994.15820,-0.61719,1.92144,74.12273,20.53623,22.77173,15.46860,15.34617
2994.16820,-0.61730,1.91851,74.11001,20.52563,22.76536,15.47284,15.34617
2994.17820,-0.61078,1.90832,74.04293,20.49283,22.72589,15.48420,15.34001
2994.18820,-0.58625,1.91085,73.97273,20.51623,22.66973,15.46860,15.31817
2994.19820,-0.58120,1.90229,73.96263,20.49637,22.65592,15.49216,15.31817
2994.20820,-0.56896,1.88672,74.01533,20.47340,22.65909,15.56170,15.32114
2994.21820,-0.56431,1.88935,74.16273,20.50623,22.72073,15.60860,15.32717
2994.22820,-0.56889,1.89315,74.09343,20.49584,22.70305,15.57741,15.31712
2994.23820,-0.57755,1.90032,73.96273,20.47623,22.66973,15.51860,15.29817
2994.24820,-0.59000,1.90057,73.97907,20.47623,22.68006,15.50527,15.31751
2994.25820,-0.60846,1.90659,73.97567,20.47314,22.70073,15.47517,15.32664
2994.26820,-0.59615,1.91718,73.90673,20.46723,22.70073,15.46860,15.27017
2994.27820,-0.59615,1.91718,73.90673,20.46723,22.70073,15.46860,15.27017
2994.28820,-0.59705,1.97449,73.82116,20.57880,22.72473,15.31389,15.20374
2994.29820,-0.60524,1.99211,73.83373,20.55523,22.81273,15.32960,15.13617
2994.30820,-0.60546,1.99388,73.81358,20.55523,22.80662,15.31942,15.13231
2994.31820,-0.60635,2.00081,73.73473,20.55523,22.78273,15.27960,15.11717
2994.32820,-0.60739,1.99721,73.74180,20.55238,22.77807,15.28411,15.12725
2994.33820,-0.61193,1.98153,73.77252,20.53996,22.75781,15.30372,15.17104
2994.34820,-0.54840,2.00992,74.14373,20.73323,22.87473,15.39960,15.13617
2994.35820,-0.54767,2.01082,74.12511,20.73323,22.86669,15.39176,15.13343
2994.36820,-0.54138,2.01998,73.94345,20.72923,22.79354,15.31797,15.10270
2994.37820,-0.54546,2.02995,73.82773,20.68423,22.80273,15.29960,15.04117
2994.38820,-0.54546,2.02995,73.82773,20.68423,22.80273,15.29960,15.04117
2994.39820,-0.53080,2.02161,73.85386,20.70262,22.77273,15.31895,15.05956
2994.40820,-0.53032,2.02133,73.85473,20.70323,22.77173,15.31960,15.06017
2994.41820,-0.57069,2.00761,73.85317,20.64926,22.78033,15.30395,15.11962
2994.42820,-0.59009,1.98953,73.93141,20.63423,22.78273,15.32393,15.19052
2994.43820,-0.59199,1.98621,73.94973,20.63423,22.78273,15.32960,15.20317
2994.44820,-0.62148,1.95226,73.95555,20.55760,22.75266,15.35870,15.28659
2994.45820,-0.60113,1.95456,74.08975,20.60565,22.79065,15.41065,15.28279
2994.46820,-0.58910,1.95645,74.16573,20.63423,22.81273,15.43960,15.27917
2994.47820,-0.58648,1.94848,74.12358,20.61821,22.77816,15.43960,15.28760
2994.48820,-0.58599,1.94700,74.11573,20.61523,22.77173,15.43960,15.28917
2994.49820,-0.58522,1.94402,74.11447,20.61208,22.76446,15.44347,15.29446
2994.50820,-0.57662,1.91092,74.10044,20.57699,22.68376,15.48645,15.35323
2994.51820,-0.59146,1.93034,74.05273,20.58523,22.71073,15.42960,15.32717
2994.52820,-0.59659,1.92892,74.03051,20.57445,22.70391,15.42080,15.33135
2994.53820,-0.61639,1.93070,73.94777,20.54921,22.68655,15.37200,15.34001
2994.54820,-0.62199,1.95488,73.93373,20.59523,22.71073,15.30960,15.31817
2994.55820,-0.61873,1.96172,73.95515,20.60715,22.73355,15.31364,15.30080
2994.56820,-0.60589,1.98872,74.03973,20.65423,22.82373,15.32960,15.23217
2994.57820,-0.63903,2.00334,73.98286,20.64721,22.84479,15.25237,15.23849
2994.58820,-0.65524,2.02217,74.02360,20.68629,22.89080,15.20534,15.24117
2994.59820,-0.65610,2.02725,74.04973,20.70323,22.90573,15.19960,15.24117
2994.60820,-0.66925,2.03582,73.97238,20.69294,22.89828,15.14992,15.23124
2994.61820,-0.68868,2.04557,73.80446,20.61423,22.90958,15.11415,15.16651
2994.62820,-0.68573,2.04174,73.78673,20.57523,22.92573,15.14960,15.13617
2994.63820,-0.67881,2.04523,73.78555,20.60414,22.90744,15.13190,15.14207
2994.64820,-0.67401,2.04766,73.78473,20.62423,22.89473,15.11960,15.14617
2994.65820,-0.68032,2.04257,73.78927,20.61568,22.88949,15.11960,15.16451
2994.66820,-0.69524,2.00727,73.91233,20.58921,22.87405,15.18018,15.26888
2994.67820,-0.67822,1.99441,74.02873,20.60523,22.88473,15.24960,15.28917
2994.68820,-0.68556,2.00545,74.01524,20.61873,22.89915,15.21703,15.28033
2994.69820,-0.69556,2.01531,74.06229,20.66183,22.91573,15.17960,15.30513
2994.70820,-0.69739,2.01198,74.13573,20.69423,22.91573,15.17960,15.34617
2994.71820,-0.69739,2.01198,74.13573,20.69423,22.91573,15.17960,15.34617
2994.72820,-0.70950,2.02778,74.08069,20.65872,22.97018,15.16776,15.28403
2994.73820,-0.71786,2.03868,74.04273,20.63423,23.00773,15.15960,15.24117
2994.74820,-0.71838,2.03685,73.97109,20.61677,22.97702,15.14154,15.23575
2994.75820,-0.76730,2.03010,73.76170,20.50134,22.94720,15.07241,15.24075
2994.76820,-0.75800,2.02444,73.76033,20.49623,22.93320,15.09270,15.23820
2994.77820,-0.74079,2.00778,73.80183,20.48977,22.91019,15.14852,15.25336
2994.78820,-0.76053,1.99046,73.88696,20.47017,22.92370,15.17555,15.31754
2994.79820,-0.76431,1.99476,73.91636,20.48067,22.94440,15.17277,15.31852
2994.80820,-0.76936,2.01614,73.99891,20.52623,23.01675,15.15840,15.29753
2994.81820,-0.77729,2.00918,74.09173,20.52623,23.04873,15.18960,15.32717
2994.82820,-0.77890,2.01265,74.06093,20.52843,23.03971,15.16980,15.32299
2994.83820,-0.78461,2.02500,73.95173,20.53623,23.00773,15.09960,15.30817
2994.84820,-0.78372,2.02505,73.94055,20.52981,23.00773,15.10217,15.30085
2994.85820,-0.77981,2.02526,73.89195,20.50188,23.00773,15.11334,15.26901
2994.86820,-0.79921,2.01639,73.87686,20.45974,23.01222,15.11511,15.28979
2994.87820,-0.82568,2.00536,73.89173,20.42723,23.01773,15.10960,15.33717
2994.88820,-0.81790,2.01814,73.90360,20.44622,23.04716,15.10960,15.30062
2994.89820,-0.80929,2.03229,73.91673,20.46723,23.07973,15.10960,15.26017
2994.90820,-0.79599,2.03605,73.92539,20.49410,23.07016,15.10960,15.25152
2994.91820,-0.78543,2.04801,73.97255,20.54851,23.08236,15.09596,15.24572
2994.92820,-0.79182,2.05696,74.01673,20.57523,23.11073,15.07960,15.25117
2994.93820,-0.80332,2.05048,74.10241,20.56083,23.15465,15.11560,15.27133
2994.94820,-0.75775,2.03034,74.14473,20.57523,23.09973,15.19960,15.27017
2994.95820,-0.75837,2.03019,74.14468,20.57469,23.09973,15.19906,15.27120
2994.96820,-0.76607,2.02823,74.14400,20.56794,23.09973,15.19230,15.28404
2994.97820,-0.76915,2.02745,74.14373,20.56523,23.09973,15.18960,15.28917
2994.98820,-0.76880,2.02537,73.82880,20.50910,22.96367,15.09445,15.26158
2994.99820,-0.77829,2.01654,73.92597,20.52543,22.97592,15.10879,15.31583
2995.00820,-0.77869,2.01617,73.93073,20.52623,22.97673,15.10960,15.31817
2995.01820,-0.80943,2.01353,74.01338,20.50716,23.03585,15.11596,15.35441
2995.02820,-0.82474,2.01297,74.06823,20.50373,23.06973,15.11960,15.37517
2995.03820,-0.82398,2.01329,74.07073,20.50623,23.06973,15.11960,15.37517
2995.04820,-0.81617,2.04528,74.00848,20.53943,23.10376,15.06980,15.29549
2995.05820,-0.81457,2.05184,73.99573,20.54623,23.11073,15.05960,15.27917
2995.06820,-0.83473,2.03081,73.91157,20.43767,23.10147,15.09326,15.27917
2995.07820,-0.81445,2.02116,73.91303,20.43370,23.07502,15.13254,15.27176
2995.08820,-0.80929,2.01995,73.91673,20.43723,23.06973,15.13960,15.27017
2995.09820,-0.80735,2.01820,73.88683,20.44831,23.03539,15.11745,15.28568
2995.10820,-0.78332,1.99080,73.91852,20.44999,22.96353,15.17205,15.33295
2995.11820,-0.77478,1.98093,73.93973,20.44723,22.94673,15.19960,15.34617
2995.12820,-0.74867,1.97937,74.07892,20.51683,22.95376,15.24178,15.36656
2995.13820,-0.73767,1.97871,74.13773,20.54623,22.95673,15.25960,15.37517
2995.14820,-0.72935,1.97248,74.12288,20.53209,22.94188,15.28081,15.36810
2995.15820,-0.76066,1.97182,74.19498,20.53348,22.98065,15.26062,15.42023
2995.16820,-0.77385,1.97255,74.22473,20.53623,22.99773,15.24960,15.44117
2995.17820,-0.76840,1.98057,74.19996,20.54308,23.00245,15.24016,15.41427
2995.18820,-0.74156,2.01062,74.06135,20.55702,23.00475,15.20528,15.29431
2995.19820,-0.72954,2.01593,73.98473,20.54623,22.98773,15.19960,15.25117
2995.20820,-0.72346,2.02145,73.90238,20.54623,22.95714,15.17019,15.22882
2995.21820,-0.71920,2.02531,73.84473,20.54623,22.93573,15.14960,15.21317
2995.22820,-0.71185,2.02825,73.87626,20.56465,22.94540,15.15897,15.20724
2995.23820,-0.69940,2.03323,73.92970,20.59587,22.96181,15.17484,15.19719
2995.24820,-0.74559,2.05320,74.01873,20.58523,23.08973,15.14960,15.19417
2995.25820,-0.73990,2.07562,73.98520,20.62582,23.10208,15.10254,15.15476
2995.26820,-0.71635,2.06179,73.96579,20.60841,23.06317,15.15080,15.14341
2995.27820,-0.70219,2.04041,73.96873,20.57523,23.02873,15.20960,15.15517
2995.28820,-0.70219,2.04041,73.96873,20.57523,23.02873,15.20960,15.15517
2995.29820,-0.69248,2.03550,73.97373,20.63423,22.95673,15.16960,15.21317
2995.30820,-0.68086,2.01623,74.03462,20.61690,22.94739,15.23627,15.23406
2995.31820,-0.66002,1.99540,74.11523,20.61278,22.93123,15.31510,15.25612
2995.32820,-0.65226,1.99932,74.12073,20.63423,22.92573,15.30960,15.25117
2995.33820,-0.66674,2.00557,74.15336,20.64920,22.95027,15.28565,15.26823
2995.34820,-0.69961,2.01976,74.22751,20.68321,23.00605,15.23123,15.30701
2995.35820,-0.70124,2.03936,74.00673,20.61523,23.00773,15.18960,15.19417
2995.36820,-0.70110,2.04253,73.97439,20.60863,23.00553,15.18080,15.17943
2995.37820,-0.70058,2.05376,73.85973,20.58523,22.99773,15.14960,15.12717
2995.38820,-0.68719,2.05873,73.78418,20.59554,22.95892,15.12556,15.10416
2995.39820,-0.65905,2.06084,73.67438,20.60823,22.88823,15.10760,15.07032
2995.40820,-0.65446,2.04709,73.73873,20.59523,22.89473,15.15960,15.08917
2995.41820,-0.65668,2.03895,73.75133,20.58823,22.88283,15.16893,15.11134
2995.42820,-0.66301,2.01570,73.78733,20.56823,22.84883,15.19560,15.17467
2995.43820,-0.67962,2.00196,73.97173,20.57523,22.90573,15.24960,15.24117
2995.44820,-0.67548,2.00189,73.99857,20.58628,22.91024,15.25862,15.24343
2995.45820,-0.66129,2.00166,74.09073,20.62423,22.92573,15.28960,15.25117
2995.46820,-0.66129,2.00166,74.09073,20.62423,22.92573,15.28960,15.25117
2995.47820,-0.66502,1.99306,74.01083,20.57513,22.89993,15.29360,15.24217
2995.48820,-0.64317,2.00217,74.19173,20.66423,22.94673,15.32960,15.25117
2995.49820,-0.64576,2.00357,74.17223,20.65533,22.94873,15.32460,15.24357
2995.50820,-0.66810,2.01859,73.98885,20.57927,22.96572,15.27354,15.17032
2995.51820,-0.65873,2.03963,73.91873,20.61523,22.95673,15.21960,15.12717
2995.52820,-0.65769,2.04095,73.91360,20.61714,22.95607,15.21697,15.12342
2995.53820,-0.64735,2.05415,73.86229,20.63622,22.94949,15.19065,15.08592
2995.54820,-0.64300,2.05970,73.84073,20.64423,22.94673,15.17960,15.07017
2995.55820,-0.66206,2.06408,73.96780,20.64423,23.03597,15.20870,15.07890
2995.56820,-0.65886,2.07554,73.89536,20.67478,22.99977,15.14850,15.07230
2995.57820,-0.65768,2.07905,73.87173,20.68423,22.98773,15.12960,15.07017
2995.58820,-0.65389,2.06374,73.95573,20.65592,23.01604,15.20511,15.07867
2995.59820,-0.65663,2.06017,73.93698,20.65976,22.98956,15.18751,15.10016
2995.60820,-0.65903,2.05801,73.91773,20.66423,22.96673,15.16960,15.11717
2995.61820,-0.64310,2.04993,73.95513,20.67179,22.95502,15.20738,15.12095
2995.62820,-0.62875,2.03210,74.04963,20.68423,22.94043,15.26533,15.15964
2995.63820,-0.65650,2.02105,74.05423,20.64473,22.94673,15.25960,15.20317
2995.64820,-0.65774,2.00937,74.06147,20.61107,22.94673,15.29465,15.20901
2995.65820,-0.65015,2.00463,74.09473,20.61523,22.94673,15.31960,15.21317
2995.66820,-0.68342,1.99145,73.95034,20.52030,22.91402,15.28769,15.22833
2995.67820,-0.66721,1.98223,73.93047,20.49623,22.89652,15.32980,15.20791
2995.68820,-0.66240,1.98109,73.93373,20.49623,22.89473,15.33960,15.20317
2995.69820,-0.67027,1.98857,73.92902,20.51195,22.90049,15.30817,15.20841
2995.70820,-0.67742,1.99536,73.92473,20.52623,22.90573,15.27960,15.21317
2995.71820,-0.68470,1.99626,73.97933,20.54023,22.92673,15.27960,15.23277
2995.72820,-0.68783,1.99767,74.04748,20.54623,22.96531,15.30125,15.23468
2995.73820,-0.68783,1.99806,74.06473,20.54623,22.97673,15.30960,15.23217
2995.74820,-0.70047,2.00859,74.07931,20.55517,23.01058,15.28609,15.22747
2995.75820,-0.69895,2.01815,74.08526,20.58396,23.01635,15.26277,15.22217
2995.76820,-0.66505,2.01320,74.06273,20.62423,22.94673,15.26960,15.22217
2995.77820,-0.68121,2.02086,74.01140,20.60122,22.96443,15.24010,15.20565
2995.78820,-0.69100,2.02714,73.97056,20.58523,22.97673,15.21960,15.18900
2995.79820,-0.68357,2.02642,73.96573,20.59041,22.96638,15.22477,15.18417
2995.80820,-0.68101,2.03894,73.92759,20.61041,22.96451,15.19067,15.16199
2995.81820,-0.68585,2.06095,73.86773,20.63423,22.97673,15.12960,15.12717
2995.82820,-0.67925,2.06839,73.91592,20.66884,22.99469,15.12960,15.12279
2995.83820,-0.68541,2.07666,73.93795,20.68116,23.02219,15.11742,15.11717
2995.84820,-0.70684,2.07481,73.87973,20.63423,23.02873,15.09960,15.11717
2995.85820,-0.70780,2.06608,73.87483,20.61240,23.01937,15.11742,15.12564
2995.86820,-0.70900,2.05521,73.86873,20.58523,23.00773,15.13960,15.13617
2995.87820,-0.70900,2.05521,73.86873,20.58523,23.00773,15.13960,15.13617
2995.88820,-0.71158,2.04010,73.90540,20.59523,22.97039,15.14293,15.19684
2995.89820,-0.72312,2.02975,74.04273,20.61523,22.99773,15.16960,15.26017
2995.90820,-0.71951,2.02880,74.03680,20.60864,22.99773,15.17950,15.25094
2995.91820,-0.70863,2.02790,74.01792,20.60422,22.98812,15.19341,15.23217
2995.92820,-0.70069,2.03023,74.00273,20.62423,22.96673,15.17960,15.23217
2995.93820,-0.69591,2.03024,73.99007,20.62256,22.96095,15.18332,15.22324
2995.94820,-0.67818,2.03025,73.94317,20.61635,22.93957,15.19712,15.19013
2995.95820,-0.66848,2.02501,73.95998,20.61523,22.93361,15.22293,15.18820
2995.96820,-0.64908,2.00546,74.04659,20.61063,22.92573,15.30269,15.20755
2995.97820,-0.67050,2.00489,74.01413,20.58968,22.92573,15.27128,15.22745
2995.98820,-0.68307,2.00373,73.99908,20.57707,22.92573,15.25511,15.24117
2995.99820,-0.66791,2.00482,74.03786,20.60748,22.92165,15.26940,15.23934
2996.00820,-0.64722,2.02230,74.06173,20.69423,22.90573,15.22960,15.23217
2996.01820,-0.66278,2.03073,74.01267,20.67245,22.92597,15.20100,15.21325
2996.02820,-0.71808,2.06068,73.83873,20.59523,22.99773,15.09960,15.14617
2996.03820,-0.71808,2.06068,73.83873,20.59523,22.99773,15.09960,15.14617
2996.04820,-0.71808,2.06068,73.83873,20.59523,22.99773,15.09960,15.14617
2996.05820,-0.69754,2.08900,73.74887,20.64776,22.98375,15.03862,15.07874
2996.06820,-0.68622,2.08322,73.77953,20.66423,22.96673,15.05627,15.09231
2996.07820,-0.67496,2.06534,73.87753,20.66423,22.96673,15.12293,15.12364
2996.08820,-0.68117,2.04609,73.93483,20.63566,22.96673,15.16865,15.16379
2996.09820,-0.68171,2.04549,73.93573,20.63423,22.96673,15.16960,15.16517
2996.10820,-0.66574,2.04148,74.14773,20.67423,23.03873,15.25960,15.17517
2996.11820,-0.66574,2.04148,74.14773,20.67423,23.03873,15.25960,15.17517
2996.12820,-0.65182,2.05056,74.17259,20.73776,23.01939,15.23198,15.18346
2996.13820,-0.67329,2.08370,74.01478,20.71415,23.05747,15.14236,15.10081
2996.14820,-0.67401,2.08472,74.00973,20.71323,23.05873,15.13960,15.09817
2996.15820,-0.68966,2.09225,73.78564,20.70357,22.96020,15.01403,15.10783
2996.16820,-0.71038,2.08004,73.75251,20.59847,23.00620,15.06780,15.08004
2996.17820,-0.71100,2.07965,73.75173,20.59523,23.00773,15.06960,15.07917
2996.18820,-0.69590,2.09441,73.75336,20.63257,23.01909,15.05878,15.04291
2996.19820,-0.68309,2.10692,73.75473,20.66423,23.02873,15.04960,15.01217
2996.20820,-0.69316,2.07614,73.89469,20.63894,23.03716,15.12548,15.09311
2996.21820,-0.67279,2.09756,74.01576,20.72672,23.09048,15.13112,15.06745
2996.22820,-0.66883,2.10240,74.03273,20.74323,23.09973,15.12960,15.06017
2996.23820,-0.66438,2.08203,74.09146,20.74838,23.06315,15.16051,15.11942
2996.24820,-0.66018,2.07319,74.02375,20.74472,22.99809,15.13854,15.14241
2996.25820,-0.66015,2.08716,73.85773,20.73323,22.95673,15.06960,15.09817
2996.26820,-0.65774,2.08007,73.92143,20.71923,22.98543,15.11860,15.09817
2996.27820,-0.65670,2.07704,73.94873,20.71323,22.99773,15.13960,15.09817
2996.28820,-0.67389,2.07104,73.84893,20.65692,22.97563,15.11821,15.09817
2996.29820,-0.65173,2.05508,73.91090,20.66843,22.94898,15.17454,15.11895
2996.30820,-0.61375,2.03739,74.04473,20.71323,22.92573,15.25960,15.14617
2996.31820,-0.63832,2.04674,74.02710,20.70442,22.95450,15.21784,15.15035
2996.32820,-0.65970,2.05823,74.03970,20.70269,23.00096,15.18912,15.14693
2996.33820,-0.63441,2.06070,74.15873,20.73323,23.04873,15.25960,15.11717
2996.34820,-0.63356,2.07326,74.13307,20.75890,23.04873,15.22293,15.10251
2996.35820,-0.63278,2.08468,74.10973,20.78223,23.04873,15.18960,15.08917
2996.36820,-0.63278,2.08468,74.10973,20.78223,23.04873,15.18960,15.08917
2996.37820,-0.61407,2.09646,74.00910,20.81396,22.99573,15.14101,15.05840
2996.38820,-0.61669,2.09729,73.88519,20.78189,22.95715,15.10840,15.03775
2996.39820,-0.63702,2.10350,73.81159,20.76000,22.95555,15.05989,15.03614
2996.40820,-0.67276,2.11560,73.81651,20.75175,23.00589,15.00960,15.04926
2996.41820,-0.68739,2.12168,73.89173,20.76323,23.05873,15.00960,15.06017
2996.42820,-0.68120,2.12369,73.90092,20.77517,23.05873,15.01266,15.05436
2996.43820,-0.66747,2.12814,73.92133,20.80170,23.05873,15.01946,15.04143
2996.44820,-0.66712,2.13645,73.96273,20.83223,23.07973,15.00960,15.04117
2996.45820,-0.67068,2.13080,73.98226,20.82213,23.08309,15.02307,15.05397
2996.46820,-0.67771,2.11968,74.02073,20.80223,23.08973,15.04960,15.07917
2996.47820,-0.67771,2.11968,74.02073,20.80223,23.08973,15.04960,15.07917
2996.48820,-0.69642,2.10557,74.05472,20.76016,23.10611,15.07613,15.11231
2996.49820,-0.68268,2.08156,73.95773,20.71323,23.01773,15.09960,15.12717
2996.50820,-0.68247,2.08118,73.94391,20.70201,23.01952,15.10448,15.11791
2996.51820,-0.68144,2.07923,73.87481,20.64592,23.02846,15.12887,15.07156
2996.52820,-0.70663,2.03298,73.71773,20.51623,22.91573,15.13960,15.14617
2996.53820,-0.70588,2.03245,73.73839,20.52587,22.91654,15.14123,15.15474
2996.54820,-0.69748,2.02649,73.97073,20.63423,22.92573,15.15960,15.25117
2996.55820,-0.69776,2.02908,73.98184,20.63831,22.93658,15.16042,15.24652
2996.56820,-0.70182,2.06063,74.10987,20.68708,23.06579,15.16666,15.19035
2996.57820,-0.71050,2.08340,74.13873,20.71323,23.13073,15.13960,15.15517
2996.58820,-0.71050,2.08340,74.13873,20.71323,23.13073,15.13960,15.15517
2996.59820,-0.70423,2.11767,74.09686,20.75130,23.17926,15.09202,15.07429
2996.60820,-0.70567,2.11912,73.88036,20.70473,23.10219,15.03140,15.04204
2996.61820,-0.70573,2.11911,73.87373,20.70323,23.09973,15.02960,15.04117
2996.62820,-0.70573,2.12208,73.87373,20.71283,23.09973,15.02000,15.04117
2996.63820,-0.70573,2.12220,73.87373,20.71323,23.09973,15.01960,15.04117
2996.64820,-0.70216,2.11849,73.83945,20.70059,23.08001,15.02174,15.03710
2996.65820,-0.69266,2.09578,73.71757,20.63416,23.00074,15.04538,15.03728
2996.66820,-0.70504,2.06463,73.73073,20.56523,22.97673,15.09960,15.08917
2996.67820,-0.70030,2.02599,73.86063,20.53785,22.95566,15.19790,15.16922
2996.68820,-0.71484,1.95844,73.97593,20.47549,22.86675,15.29120,15.34249
2996.69820,-0.71753,1.95011,73.98573,20.46723,22.85373,15.29960,15.36517
2996.70820,-0.71729,1.94510,74.00389,20.46034,22.85499,15.31569,15.37287
2996.71820,-0.71542,1.90660,74.14373,20.40723,22.86473,15.43960,15.43217
2996.72820,-0.71608,1.91064,74.16491,20.41407,22.88340,15.44188,15.42557
2996.73820,-0.71587,1.93024,74.24140,20.45479,22.95117,15.43849,15.39695
2996.74820,-0.70732,1.95095,74.25773,20.51623,22.96673,15.39960,15.37517
2996.75820,-0.70956,1.96055,74.20118,20.51000,22.97109,15.37465,15.34544
2996.76820,-0.71629,2.00653,73.95205,20.50202,22.98220,15.25065,15.21717
2996.77820,-0.71116,2.03252,73.85773,20.54623,22.96673,15.16960,15.17517
2996.78820,-0.72087,2.03234,73.80541,20.51484,22.96673,15.15913,15.16471
2996.79820,-0.72973,2.03218,73.75773,20.48623,22.96673,15.14960,15.15517
2996.80820,-0.72349,2.01897,73.80922,20.49215,22.94838,15.17919,15.18950
2996.81820,-0.72095,2.01224,73.86333,20.50223,22.94833,15.19960,15.21317
2996.82820,-0.72212,2.01382,73.87573,20.50623,22.95673,15.19960,15.21317
2996.83820,-0.72405,2.01076,73.90617,20.50243,22.96852,15.21482,15.22040
2996.84820,-0.69053,2.01085,74.01023,20.56023,22.97223,15.26460,15.21317
2996.85820,-0.65392,2.01591,74.06473,20.62423,22.95673,15.28960,15.19417
2996.86820,-0.65899,2.01373,74.07702,20.62295,22.95816,15.28817,15.20774
2996.87820,-0.68937,2.00066,74.15073,20.61523,22.96673,15.27960,15.28917
2996.88820,-0.68966,2.00441,74.16096,20.61079,22.98939,15.28849,15.27228
2996.89820,-0.68587,2.02215,74.09237,20.61842,22.99909,15.25415,15.22072
2996.90820,-0.68087,2.03785,73.99473,20.63423,22.97673,15.19960,15.18417
2996.91820,-0.69361,2.04629,74.03403,20.62235,23.03918,15.20874,15.16376
2996.92820,-0.72124,2.06461,74.11946,20.59652,23.17494,15.22861,15.11939
2996.93820,-0.70192,2.08163,73.94827,20.63304,23.09254,15.14236,15.08034
2996.94820,-0.70473,2.08589,73.89997,20.62784,23.08299,15.11940,15.06974
2996.95820,-0.71156,2.09329,73.81573,20.61523,23.06973,15.07960,15.05117
2996.96820,-0.71254,2.09648,73.79829,20.61270,23.07226,15.07201,15.04131
2996.97820,-0.71109,2.11164,73.73087,20.61667,23.07739,15.03793,14.99887
2996.98820,-0.69860,2.12799,73.68553,20.64933,23.07073,15.00460,14.96087
2996.99820,-0.69556,2.12911,73.71245,20.66207,23.07757,15.01005,14.96275
2997.00820,-0.68802,2.12037,73.83130,20.67723,23.10463,15.06527,14.98417
2997.01820,-0.67587,2.10620,73.89863,20.65723,23.11863,15.13860,14.98417
2997.02820,-0.68285,2.10612,73.93977,20.66093,23.13904,15.14290,14.99690
2997.03820,-0.71342,2.11321,74.04773,20.68423,23.20273,15.11960,15.04117
2997.04820,-0.71326,2.11447,74.05125,20.69721,23.19591,15.10860,15.04953
2997.05820,-0.71501,2.12044,74.04484,20.73012,23.17862,15.06960,15.06651
2997.06820,-0.72316,2.12582,73.97873,20.68423,23.20273,15.06960,15.02217
2997.07820,-0.71894,2.12499,73.94025,20.67285,23.18861,15.06960,15.00919
2997.08820,-0.70062,2.11828,73.81279,20.63306,23.13108,15.07901,14.96964
2997.09820,-0.68261,2.10054,73.82670,20.62771,23.08723,15.12179,14.98996
2997.10820,-0.67090,2.08902,73.83573,20.62423,23.05873,15.14960,15.00317
2997.11820,-0.66148,2.08162,73.81053,20.62108,23.02303,15.15660,15.00982
2997.12820,-0.64397,2.06787,73.76373,20.61523,22.95673,15.16960,15.02217
2997.13820,-0.66512,2.04259,73.74305,20.54097,22.93699,15.19780,15.06729
2997.14820,-0.65203,2.02933,74.08073,20.59523,23.03873,15.32960,15.11717
2997.15820,-0.65203,2.02933,74.08073,20.59523,23.03873,15.32960,15.11717
2997.16820,-0.64856,2.03865,74.20339,20.69038,23.04616,15.29987,15.16698
2997.17820,-0.60715,2.03872,74.30140,20.77084,23.02372,15.33801,15.16884
2997.18820,-0.59753,2.03797,74.31473,20.78223,23.01773,15.34960,15.16517
2997.19820,-0.66699,2.08689,74.08176,20.70602,23.11559,15.19371,15.06644
2997.20820,-0.67777,2.09449,74.04573,20.69423,23.13073,15.16960,15.05117
2997.21820,-0.63659,2.11709,73.84740,20.73507,23.04573,15.10293,14.96367
2997.22820,-0.61009,2.11820,73.83954,20.74323,23.03648,15.13614,14.92368
2997.23820,-0.60482,2.11721,73.84873,20.74323,23.03873,15.14960,14.91717
2997.24820,-0.62630,2.12067,73.80553,20.72163,23.04593,15.11360,14.92437
2997.25820,-0.64003,2.10447,73.76544,20.67865,23.01273,15.11372,14.96035
2997.26820,-0.64228,2.09716,73.75573,20.66423,22.99773,15.11960,14.97417
2997.27820,-0.62310,2.08675,73.98236,20.74241,23.01996,15.18415,15.03585
2997.28820,-0.61444,2.08738,74.11889,20.79087,23.05429,15.21680,15.05693
2997.29820,-0.61288,2.09391,74.18439,20.81537,23.08979,15.22680,15.05243
2997.30820,-0.61244,2.09574,74.20273,20.82223,23.09973,15.22960,15.05117
2997.31820,-0.60787,2.09895,74.08373,20.79223,23.06973,15.20960,15.01217
2997.32820,-0.61263,2.13041,74.05069,20.83884,23.10572,15.13880,14.96733
2997.33820,-0.60520,2.16001,73.90619,20.85412,23.10064,15.06600,14.88543
2997.34820,-0.59771,2.16539,73.82173,20.84223,23.07973,15.04960,14.85017
2997.35820,-0.59780,2.15710,73.72497,20.81863,23.01896,15.02600,14.86138
2997.36820,-0.59918,2.14534,73.71137,20.80223,22.98924,15.03344,14.88646
2997.37820,-0.60007,2.14129,73.74773,20.80223,22.99773,15.04960,14.89817
2997.38820,-0.60007,2.14129,73.74773,20.80223,22.99773,15.04960,14.89817
2997.39820,-0.63516,2.11074,73.93473,20.76323,23.04873,15.11960,15.00317
2997.40820,-0.62094,2.12628,74.02826,20.82853,23.08931,15.12401,14.98641
2997.41820,-0.60006,2.14477,74.19061,20.92001,23.15433,15.14715,14.96912
2997.42820,-0.59633,2.14332,74.24673,20.93123,23.17173,15.16960,14.97417
2997.43820,-0.60536,2.14644,74.22237,20.91529,23.18334,15.15821,14.96552
2997.44820,-0.62501,2.15322,74.16940,20.88064,23.20859,15.13346,14.94671
2997.45820,-0.63836,2.16657,73.90273,20.80223,23.17173,15.05960,14.86917
2997.46820,-0.63514,2.16233,73.78665,20.76514,23.12605,15.04586,14.84960
2997.47820,-0.62894,2.15421,73.56473,20.69423,23.03873,15.01960,14.81217
2997.48820,-0.62428,2.14514,73.58416,20.69423,23.02103,15.03695,14.83195
2997.49820,-0.61858,2.12877,73.66532,20.71307,22.99750,15.06722,14.88753
2997.50820,-0.62706,2.13062,73.78916,20.76539,23.02465,15.06059,14.93852
2997.51820,-0.61667,2.12105,73.87811,20.77969,23.03213,15.10720,14.95909
2997.52820,-0.59655,2.10042,74.02331,20.79223,23.03873,15.19960,14.99275
2997.53820,-0.60130,2.09948,74.06346,20.80362,23.04806,15.19960,15.01217
2997.54820,-0.59888,2.10818,74.11195,20.83570,23.07297,15.19524,15.00803
2997.55820,-0.59951,2.10776,74.03373,20.81223,23.04873,15.17960,14.99317
2997.56820,-0.59375,2.10648,74.01347,20.80768,23.03711,15.18415,14.98452
2997.57820,-0.57682,2.10332,73.90030,20.79223,22.97529,15.17346,14.95931
2997.58820,-0.58633,2.10763,73.74073,20.79223,22.89473,15.07960,14.97417
2997.59820,-0.58633,2.10763,73.74073,20.79223,22.89473,15.07960,14.97417
2997.60820,-0.57667,2.06748,73.89764,20.71869,22.93109,15.24596,15.00190
2997.61820,-0.55284,2.04107,74.05673,20.77323,22.88473,15.30960,15.08917
2997.62820,-0.54966,2.03908,74.05574,20.76927,22.88166,15.31851,15.08630
2997.63820,-0.52075,2.02102,74.04673,20.73323,22.85373,15.39960,15.06017
2997.64820,-0.52208,2.02026,74.04890,20.73323,22.85252,15.39840,15.06475
2997.65820,-0.53531,2.01262,74.07059,20.73323,22.84047,15.38635,15.11053
2997.66820,-0.56493,2.00518,74.10186,20.70454,22.86338,15.37960,15.15435
2997.67820,-0.56557,2.00447,74.09352,20.70134,22.85937,15.37764,15.15517
2997.68820,-0.56187,1.99881,74.00136,20.68238,22.80577,15.35803,15.15517
2997.69820,-0.56028,1.99637,73.96173,20.67423,22.78273,15.34960,15.15517
2997.70820,-0.56866,1.99118,73.79695,20.62307,22.72028,15.30624,15.14737
2997.71820,-0.54530,1.98054,74.03832,20.70023,22.75033,15.38653,15.20123
2997.72820,-0.54443,1.98019,74.04773,20.70323,22.75173,15.38960,15.20317
2997.73820,-0.50737,1.96081,74.17157,20.71283,22.75173,15.50384,15.20317
2997.74820,-0.53476,1.95298,74.14592,20.67234,22.75173,15.48490,15.23695
2997.75820,-0.55467,1.94815,74.12473,20.64423,22.75173,15.46860,15.26017
2997.76820,-0.53956,1.95889,74.08673,20.67090,22.73773,15.44927,15.22884
2997.77820,-0.55165,1.95975,74.01632,20.63217,22.73798,15.43301,15.21317
2997.78820,-0.56183,1.95740,73.98973,20.60523,22.74173,15.42960,15.21317
2997.79820,-0.53304,1.96728,74.01896,20.65442,22.74173,15.44386,15.17896
2997.80820,-0.52145,1.97126,74.03073,20.67423,22.74173,15.44960,15.16517
2997.81820,-0.52194,1.97514,74.04490,20.66749,22.76938,15.46241,15.14562
2997.82820,-0.55401,1.98791,74.01717,20.64983,22.81225,15.41172,15.14337
2997.83820,-0.56640,1.99216,74.00373,20.64423,22.82373,15.38960,15.14617
2997.84820,-0.59039,2.00697,73.89894,20.61643,22.83798,15.32544,15.11908
2997.85820,-0.60007,2.01294,73.85673,20.60523,22.84373,15.29960,15.10817
2997.86820,-0.59821,1.98580,73.98220,20.59098,22.84373,15.37802,15.16948
2997.87820,-0.57361,1.98679,73.97664,20.61292,22.82172,15.39540,15.14660
2997.88820,-0.56386,1.99165,73.95373,20.62423,22.81273,15.38960,15.12717
2997.89820,-0.55674,1.98825,74.03406,20.64036,22.83273,15.42476,15.13621
2997.90820,-0.55710,1.98336,74.14942,20.67423,22.85071,15.44646,15.17802
2997.91820,-0.56791,1.98495,74.11173,20.67423,22.83373,15.40960,15.19417
2997.92820,-0.56791,1.98495,74.11173,20.67423,22.83373,15.40960,15.19417
2997.93820,-0.56092,2.03017,73.93027,20.64558,22.90249,15.36185,15.02035
2997.94820,-0.56286,2.03617,73.90013,20.64783,22.90195,15.34160,15.00875
2997.95820,-0.58774,2.05627,73.78028,20.62907,22.91512,15.25960,14.97649
2997.96820,-0.59758,2.05793,73.76573,20.60523,22.93573,15.25960,14.96517
2997.97820,-0.57844,2.04985,73.75756,20.62217,22.88783,15.27128,14.97627
2997.98820,-0.56763,2.03755,73.80156,20.63813,22.85801,15.29517,15.01025
2997.99820,-0.57204,2.02729,73.87973,20.64423,22.86473,15.31960,15.05117
2998.00820,-0.56070,2.01022,73.91317,20.63147,22.84185,15.36800,15.07185
2998.01820,-0.54628,1.98852,73.95573,20.61523,22.81273,15.42960,15.09817
2998.02820,-0.54192,1.97387,74.04136,20.65531,22.77538,15.43871,15.17196
2998.03820,-0.52461,1.95848,74.11055,20.67642,22.74482,15.48096,15.20836
2998.04820,-0.51006,1.96096,74.07073,20.64423,22.76173,15.51860,15.14617
2998.05820,-0.51006,1.96096,74.07073,20.64423,22.76173,15.51860,15.14617
2998.06820,-0.53134,1.96319,74.09868,20.67103,22.75856,15.46903,15.20006
2998.07820,-0.54213,1.97574,74.04173,20.64423,22.79273,15.44960,15.15517
2998.08820,-0.54438,1.97216,74.04773,20.63705,22.79182,15.45587,15.16299
2998.09820,-0.56678,1.93644,74.10773,20.56523,22.78273,15.51860,15.24117
2998.10820,-0.56868,1.93749,74.07631,20.56123,22.77176,15.50405,15.23928
2998.11820,-0.57483,1.94088,73.97495,20.54830,22.73639,15.45711,15.23315
2998.12820,-0.54953,1.95046,74.14773,20.63423,22.78273,15.49860,15.23217
2998.13820,-0.55062,1.94942,74.14412,20.62872,22.78273,15.50050,15.23217
2998.14820,-0.56341,1.95255,74.11012,20.60717,22.79455,15.48359,15.22481
2998.15820,-0.59747,1.98414,74.03273,20.61523,22.84373,15.37960,15.19417
2998.16820,-0.59747,1.98414,74.03273,20.61523,22.84373,15.37960,15.19417
2998.17820,-0.58978,1.98957,73.93373,20.60023,22.81823,15.35960,15.15567
2998.18820,-0.60882,2.01565,73.80371,20.58523,22.84128,15.27890,15.09829
2998.19820,-0.62175,2.02561,73.78873,20.58523,22.86473,15.24960,15.08917
2998.20820,-0.62794,2.02579,73.82674,20.55726,22.91565,15.28546,15.06838
2998.21820,-0.63039,2.02586,73.84173,20.54623,22.93573,15.29960,15.06017
2998.22820,-0.62610,2.02941,73.86807,20.58712,22.92187,15.27881,15.08027
2998.23820,-0.62564,2.04766,74.02689,20.68127,22.98050,15.26256,15.10255
2998.24820,-0.62624,2.05465,74.08873,20.71323,23.00773,15.25960,15.10817
2998.25820,-0.60225,2.08089,74.14246,20.75161,23.08640,15.28838,15.01607
2998.26820,-0.63414,2.10090,73.94103,20.72413,23.05966,15.16350,14.99374
2998.27820,-0.63516,2.10148,73.93473,20.72323,23.05873,15.15960,14.99317
2998.28820,-0.62075,2.11824,73.78247,20.73028,23.01573,15.10321,14.93326
2998.29820,-0.61470,2.12527,73.71873,20.73323,22.99773,15.07960,14.90817
2998.30820,-0.60675,2.11339,73.72545,20.71643,22.98009,15.11320,14.91573
2998.31820,-0.62466,2.09797,73.66085,20.64817,22.96026,15.11960,14.93282
2998.32820,-0.62882,2.09515,73.64673,20.63423,22.95673,15.11960,14.93617
2998.33820,-0.63975,2.09907,73.74089,20.66133,22.99805,15.11960,14.96192
2998.34820,-0.60088,2.05802,73.95023,20.68772,22.96245,15.26117,15.03889
2998.35820,-0.57966,2.03735,74.02973,20.69423,22.93573,15.32960,15.07017
2998.36820,-0.59674,2.01972,74.10425,20.67314,22.94346,15.35772,15.12993
2998.37820,-0.60394,2.01229,74.13573,20.66423,22.94673,15.36960,15.15517
2998.38820,-0.59317,1.99945,74.18230,20.67108,22.92550,15.40384,15.18188
2998.39820,-0.60092,1.99924,74.15999,20.67423,22.90855,15.37657,15.20063
2998.40820,-0.60593,2.00149,74.14273,20.67423,22.90573,15.35960,15.20317
2998.41820,-0.61409,2.01257,74.07505,20.64631,22.92987,15.34067,15.15821
2998.42820,-0.62031,2.02370,73.98252,20.60835,22.94950,15.32304,15.10163
2998.43820,-0.61483,2.02136,73.94973,20.59523,22.93573,15.32960,15.08917
2998.44820,-0.61428,2.02571,73.95973,20.60903,22.94193,15.32160,15.08717
2998.45820,-0.61207,2.04310,73.99973,20.66423,22.96673,15.28960,15.07917
2998.46820,-0.62136,2.02805,73.92806,20.60563,22.93426,15.29752,15.09066
2998.47820,-0.63512,2.00364,73.80748,20.51467,22.87520,15.30647,15.11114
2998.48820,-0.63267,1.99616,73.74673,20.50623,22.82373,15.28960,15.12717
2998.49820,-0.62755,1.98317,73.85696,20.50623,22.84639,15.35182,15.15251
2998.50820,-0.59769,1.95968,74.08792,20.55123,22.86064,15.47005,15.20599
2998.51820,-0.56957,1.95094,74.19973,20.60523,22.84373,15.51860,15.23217
2998.52820,-0.56957,1.95094,74.19973,20.60523,22.84373,15.51860,15.23217
2998.53820,-0.60816,1.94362,74.27653,20.55723,22.91285,15.53780,15.26865
2998.54820,-0.60977,1.94332,74.27973,20.55523,22.91573,15.53860,15.27017
2998.55820,-0.59005,1.93518,74.19045,20.56483,22.82741,15.51940,15.27881
2998.56820,-0.59011,1.93166,74.07567,20.51912,22.79455,15.50919,15.25282
2998.57820,-0.59222,1.93304,74.07230,20.51891,22.79727,15.50414,15.25198
2998.58820,-0.61026,1.94791,74.10485,20.54386,22.83969,15.46414,15.25716
2998.59820,-0.57591,1.93308,74.05973,20.51623,22.79273,15.52860,15.22217
2998.60820,-0.57712,1.93477,74.05585,20.51866,22.79353,15.52222,15.22145
2998.61820,-0.59091,1.95405,74.01173,20.54623,22.80273,15.44960,15.21317
2998.62820,-0.59251,1.95524,74.00829,20.54623,22.80458,15.44519,15.21229
2998.63820,-0.60790,1.96844,73.97152,20.54623,22.82587,15.40103,15.19839
2998.64820,-0.59253,1.97988,73.95573,20.54623,22.85373,15.41960,15.13617
2998.65820,-0.57722,1.98037,73.95513,20.57007,22.83110,15.42162,15.13233
2998.66820,-0.52270,1.97572,73.96071,20.64554,22.74383,15.44199,15.12935
2998.67820,-0.54514,1.95106,73.99073,20.57523,22.75173,15.48860,15.17517
2998.68820,-0.54514,1.95106,73.99073,20.57523,22.75173,15.48860,15.17517
2998.69820,-0.53245,1.94958,74.04673,20.62423,22.73073,15.48860,15.20317
2998.70820,-0.53245,1.94958,74.04673,20.62423,22.73073,15.48860,15.20317
2998.71820,-0.54826,1.92349,74.04480,20.56732,22.70179,15.51754,15.25816
2998.72820,-0.54139,1.91529,74.22373,20.60523,22.74173,15.57860,15.29817
2998.73820,-0.54042,1.91686,74.20146,20.60170,22.73734,15.57294,15.28948
2998.74820,-0.52799,1.93726,73.91843,20.55604,22.68385,15.50183,15.17671
2998.75820,-0.53258,1.93466,74.02873,20.56523,22.73073,15.53860,15.19417
2998.76820,-0.53258,1.93466,74.02873,20.56523,22.73073,15.53860,15.19417
2998.77820,-0.53611,1.92501,73.88694,20.49957,22.68219,15.52908,15.17609
2998.78820,-0.53629,1.92452,73.87973,20.49623,22.67973,15.52860,15.17517
2998.79820,-0.50385,1.89523,73.94148,20.50573,22.61133,15.60460,15.21982
2998.80820,-0.51799,1.88391,73.88454,20.49683,22.55035,15.56157,15.27579
2998.81820,-0.51899,1.88329,73.88073,20.49623,22.54673,15.55860,15.27917
2998.82820,-0.48749,1.87255,74.00655,20.51544,22.56593,15.65464,15.27053
2998.83820,-0.51131,1.85502,74.00983,20.47237,22.55401,15.65860,15.32485
2998.84820,-0.52570,1.84522,74.00873,20.44723,22.54673,15.65860,15.35617
2998.85820,-0.49905,1.85451,74.08472,20.49650,22.57178,15.69200,15.32444
2998.86820,-0.49379,1.85634,74.09973,20.50623,22.57673,15.69860,15.31817
2998.87820,-0.48732,1.88412,74.14214,20.57882,22.61913,15.65782,15.28637
2998.88820,-0.48203,1.91730,74.15821,20.65895,22.65627,15.59460,15.24839
2998.89820,-0.47877,1.94021,74.16373,20.71323,22.67973,15.54860,15.22217
2998.90820,-0.49032,1.95119,74.10379,20.70112,22.69246,15.51164,15.19857
2998.91820,-0.51693,1.97653,73.96573,20.67523,22.71973,15.42460,15.14617
2998.92820,-0.52516,1.98468,73.92073,20.68423,22.71073,15.37960,15.14617
2998.93820,-0.52538,1.98014,73.88133,20.65869,22.69845,15.38554,15.13865
2998.94820,-0.52628,1.96174,73.72173,20.55523,22.64873,15.40960,15.10817
2998.95820,-0.52092,1.95838,73.75375,20.57166,22.64020,15.41792,15.12398
2998.96820,-0.50349,1.94566,73.88999,20.63047,22.62000,15.45534,15.18417
2998.97820,-0.51530,1.94587,73.94773,20.61523,22.66973,15.47860,15.18417
2998.98820,-0.51339,1.94629,73.96439,20.62956,22.66651,15.47568,15.19265
2998.99820,-0.50813,1.95021,74.00251,20.65314,22.67796,15.47970,15.19172
2999.00820,-0.50705,1.95516,73.99873,20.63423,22.71073,15.49860,15.15517
2999.01820,-0.50673,1.95573,73.97216,20.64709,22.68416,15.47331,15.16760
2999.02820,-0.50630,1.95649,73.93673,20.66423,22.64873,15.43960,15.18417
2999.03820,-0.50608,1.94628,73.98684,20.64739,22.66178,15.48128,15.19638
2999.04820,-0.49634,1.93992,74.10385,20.67280,22.68418,15.52969,15.21718
2999.05820,-0.48461,1.94943,74.16373,20.73323,22.68973,15.51860,15.22217
2999.06820,-0.48078,1.95877,74.15623,20.75603,22.69290,15.49869,15.20861
2999.07820,-0.47188,1.98049,74.13878,20.80905,22.70028,15.45238,15.17707
2999.08820,-0.52274,2.00935,73.97173,20.74323,22.76173,15.34960,15.11717
2999.09820,-0.53061,2.01719,73.93025,20.72317,22.78281,15.33600,15.08827
2999.10820,-0.54589,2.03243,73.84973,20.68423,22.82373,15.30960,15.03217
2999.11820,-0.54314,2.03532,73.83274,20.69371,22.81360,15.29653,15.02891
2999.12820,-0.52757,2.03557,73.78483,20.70575,22.77415,15.28766,15.01727
2999.13820,-0.49909,2.01917,73.74773,20.68423,22.72073,15.33960,15.00317
2999.14820,-0.51527,2.01761,73.77839,20.67793,22.74005,15.33330,15.02711
2999.15820,-0.56538,2.00572,73.91619,20.65839,22.80212,15.33455,15.12112
2999.16820,-0.52487,1.98266,74.00173,20.67423,22.76173,15.42960,15.13617
2999.17820,-0.52610,1.98532,74.01833,20.67823,22.77613,15.43160,15.13237
2999.18820,-0.53218,1.99524,74.08884,20.69423,22.83373,15.43960,15.12128
2999.19820,-0.53803,1.99152,74.10938,20.69423,22.83373,15.43960,15.14182
2999.20820,-0.54425,1.99009,74.08389,20.69039,22.81796,15.42037,15.15517
2999.21820,-0.55759,1.99585,73.99107,20.67090,22.80162,15.37182,15.14673
2999.22820,-0.56943,2.00108,73.95273,20.65423,22.81273,15.34960,15.13617
2999.23820,-0.57568,2.01229,73.96082,20.67446,22.83363,15.32263,15.13011
2999.24820,-0.60713,2.04165,73.81773,20.65423,22.86473,15.21960,15.07917
2999.25820,-0.60481,2.04389,73.82800,20.66317,22.86909,15.21960,15.07614
2999.26820,-0.58170,2.06623,73.93066,20.75253,22.91271,15.21960,15.04582
2999.27820,-0.56372,2.08362,74.01073,20.82223,22.94673,15.21960,15.02217
2999.28820,-0.58078,2.07519,73.95240,20.77246,22.93467,15.21182,15.03345
2999.29820,-0.60124,2.06532,73.91210,20.69832,22.95300,15.23142,15.02936
2999.30820,-0.59356,2.06940,73.97373,20.70323,22.99773,15.26960,15.00317
2999.31820,-0.60222,2.06615,73.92465,20.69498,22.96645,15.23920,15.02402
2999.32820,-0.61421,2.05856,73.91606,20.69687,22.93488,15.21267,15.07165
2999.33820,-0.61510,2.05422,73.98773,20.71323,22.94673,15.22960,15.09817
2999.34820,-0.59572,2.05999,73.95458,20.73873,22.92038,15.22110,15.07437
2999.35820,-0.59229,2.06101,73.94873,20.74323,22.91573,15.21960,15.07017
2999.36820,-0.64147,2.01925,74.03613,20.66772,22.90724,15.25354,15.20763
2999.37820,-0.63185,1.99323,74.10953,20.64573,22.88788,15.32760,15.24832
2999.38820,-0.62861,1.98996,74.11973,20.64423,22.88473,15.33960,15.25117
2999.39820,-0.65097,1.99432,74.11295,20.61963,22.91951,15.32263,15.25117
2999.40820,-0.66951,1.99192,74.13988,20.59272,22.95444,15.33086,15.26187
2999.41820,-0.68080,1.98945,74.16173,20.57523,22.97673,15.33960,15.27017
2999.42820,-0.66000,2.00218,74.02967,20.56813,22.94762,15.31830,15.19562
2999.43820,-0.64350,2.00599,73.94761,20.56523,22.91464,15.30960,15.15814
2999.44820,-0.63672,2.00683,73.94702,20.57652,22.90573,15.30960,15.15517
2999.45820,-0.63001,2.01467,73.98685,20.61635,22.91475,15.30058,15.15517
2999.46820,-0.62503,2.02285,74.02473,20.65423,22.92573,15.28960,15.15517
2999.47820,-0.62846,2.02466,74.02473,20.66011,22.92573,15.27785,15.16105
2999.48820,-0.63606,2.03353,74.05413,20.69363,22.93833,15.24560,15.17657
2999.49820,-0.63952,2.03860,74.07373,20.71323,22.94673,15.22960,15.18417
2999.50820,-0.60999,2.05336,74.04210,20.74253,22.94673,15.23546,15.11739
2999.51820,-0.60101,2.06408,73.96390,20.73947,22.93841,15.21584,15.07017
2999.52820,-0.61923,2.06450,73.87873,20.70323,22.92573,15.17960,15.07017
2999.53820,-0.60891,2.05765,73.82654,20.67102,22.90493,15.20407,15.04652
2999.54820,-0.59388,2.04768,73.75073,20.62423,22.87473,15.23960,15.01217
2999.55820,-0.59767,2.04704,73.77909,20.64134,22.87228,15.22982,15.03564
2999.56820,-0.60921,2.03727,73.85855,20.67563,22.85319,15.21448,15.11524
2999.57820,-0.60896,2.02408,73.84473,20.64423,22.83373,15.23960,15.12717
2999.58820,-0.61382,2.02102,73.89308,20.64423,22.85227,15.25480,15.14177
2999.59820,-0.62459,2.01423,74.00051,20.64423,22.89349,15.28859,15.17420
2999.60820,-0.60313,2.00733,74.09173,20.69423,22.87473,15.31960,15.20317
2999.61820,-0.61880,2.00576,74.11893,20.67723,22.90261,15.32300,15.21609
2999.62820,-0.64918,2.00271,74.17173,20.64423,22.95673,15.32960,15.24117
2999.63820,-0.64918,2.00271,74.17173,20.64423,22.95673,15.32960,15.24117
2999.64820,-0.60615,2.02855,73.93064,20.65837,22.88466,15.27201,15.11560
2999.65820,-0.64980,2.03922,73.94214,20.64113,22.94328,15.22029,15.13744
2999.66820,-0.66726,2.04349,73.94673,20.63423,22.96673,15.19960,15.14617
2999.67820,-0.64602,2.06779,73.93096,20.69791,22.97257,15.16455,15.09594
2999.68820,-0.62744,2.10740,73.72907,20.73657,22.94273,15.05960,14.99017
2999.69820,-0.62570,2.11859,73.63373,20.73323,22.92573,15.01960,14.95517
2999.70820,-0.64029,2.09108,73.76995,20.71672,22.93398,15.07739,15.04186
2999.71820,-0.63333,2.07812,73.79810,20.71113,22.91431,15.10850,15.06416
2999.72820,-0.59539,2.04272,73.81841,20.69917,22.82365,15.19500,15.10059
2999.73820,-0.59452,2.00232,73.92641,20.67984,22.77565,15.26833,15.20259
2999.74820,-0.59584,1.98834,73.97974,20.67423,22.76725,15.29762,15.24064
2999.75820,-0.60645,1.96452,74.21677,20.68178,22.82136,15.38714,15.32649
2999.76820,-0.54125,1.95755,74.36273,20.77323,22.79273,15.47860,15.31817
2999.77820,-0.54421,1.95858,74.35394,20.76950,22.79467,15.47297,15.31680
2999.78820,-0.58651,1.97331,74.22826,20.71612,22.82237,15.39257,15.29721
2999.79820,-0.60390,1.97936,74.17673,20.69423,22.83373,15.35960,15.28917
2999.80820,-0.57337,2.00961,74.10640,20.72180,22.86319,15.35010,15.17131
2999.81820,-0.61734,2.05761,73.85036,20.68581,22.90407,15.18647,15.07401
2999.82820,-0.61926,2.05957,73.83973,20.68423,22.90573,15.17960,15.07017
2999.83820,-0.61816,2.07665,73.86501,20.73377,22.92645,15.14422,15.06057
2999.84820,-0.61596,2.09370,73.88783,20.78223,22.94673,15.11060,15.04827
2999.85820,-0.60581,2.09682,73.87073,20.78223,22.94673,15.11960,15.02217
2999.86820,-0.61083,2.08454,73.87341,20.75969,22.93106,15.13488,15.04777
2999.87820,-0.61894,2.06468,73.87773,20.72323,22.90573,15.15960,15.08917
2999.88820,-0.61985,2.06981,74.03668,20.79038,22.94908,15.16810,15.12912
2999.89820,-0.62937,2.06907,74.13273,20.80223,22.99158,15.18660,15.15232
2999.90820,-0.63102,2.06878,74.14473,20.80223,22.99773,15.18960,15.15517
2999.91820,-0.63071,2.07072,74.20107,20.82455,23.01502,15.19518,15.16633
2999.92820,-0.63376,2.06676,74.02962,20.76501,22.96039,15.16627,15.13795
2999.93820,-0.63642,2.06234,73.85673,20.70323,22.90573,15.13960,15.10817
2999.94820,-0.64039,2.06376,73.88553,20.70323,22.92733,15.14680,15.10817
2999.95820,-0.64193,2.06431,73.89673,20.70323,22.93573,15.14960,15.10817
2999.96820,-0.65718,2.05883,73.81825,20.64635,22.92853,15.14240,15.10097
2999.97820,-0.66436,2.05226,73.83621,20.63849,22.92573,15.14673,15.12526
2999.98820,-0.66486,2.05048,73.85573,20.64423,22.92573,15.14960,15.13617
2999.99820,-0.66656,2.04485,73.85309,20.63345,22.91671,15.15620,15.14673
3000.00820,-0.66352,2.02425,73.86530,20.61026,22.88037,15.19049,15.18417
3000.01820,-0.63099,2.02201,73.94273,20.66423,22.86473,15.22960,15.18417
3000.02820,-0.63641,2.01802,73.95733,20.65552,22.86908,15.23613,15.19659
3000.03820,-0.65587,2.00370,74.00973,20.62423,22.88473,15.25960,15.24117
3000.04820,-0.65098,2.00021,73.99293,20.61814,22.86961,15.26590,15.23928
3000.05820,-0.63895,1.98435,73.95220,20.59523,22.81714,15.28960,15.25023
3000.06820,-0.66294,1.97418,74.03673,20.59523,22.83373,15.28960,15.31817
3000.07820,-0.66234,1.97910,74.03714,20.60321,22.84197,15.28284,15.30912
3000.08820,-0.66814,2.01228,74.02493,20.63463,22.91113,15.23560,15.24357
3000.09820,-0.68255,2.01483,74.00273,20.60523,22.93573,15.22960,15.23217
3000.10820,-0.68255,2.01483,74.00273,20.60523,22.93573,15.22960,15.23217
3000.11820,-0.65263,2.06293,74.07873,20.71323,23.02873,15.20960,15.12717
3000.12820,-0.65757,2.06123,74.04779,20.70337,23.01479,15.19600,15.13363
3000.13820,-0.65786,2.05082,73.99623,20.69409,22.95985,15.17980,15.16249
3000.14820,-0.63975,2.03704,74.01273,20.71323,22.90573,15.19960,15.19417
3000.15820,-0.64048,2.03534,73.98853,20.70245,22.89671,15.19740,15.19197
3000.16820,-0.64268,2.03016,73.91520,20.66979,22.86937,15.19073,15.18531
3000.17820,-0.59890,2.02140,73.89173,20.69423,22.80273,15.22960,15.16517
3000.18820,-0.61241,2.02465,73.92668,20.69019,22.83788,15.22758,15.17103
3000.19820,-0.66561,2.03746,74.06473,20.67423,22.97673,15.21960,15.19417
3000.20820,-0.65047,2.04048,74.08473,20.70183,22.97073,15.22760,15.18457
3000.21820,-0.58696,2.05549,74.14173,20.80623,22.94873,15.25960,15.12717
3000.22820,-0.57482,2.06728,74.04973,20.78223,22.95673,15.25960,15.05117
3000.23820,-0.57964,2.06684,74.01644,20.76665,22.95124,15.25075,15.04781
3000.24820,-0.59671,2.06538,73.87928,20.70915,22.92296,15.21236,15.03480
3000.25820,-0.57120,2.06801,73.96283,20.78021,22.90981,15.22552,15.04730
3000.26820,-0.56277,2.07029,73.96450,20.79996,22.89843,15.22097,15.04513
3000.27820,-0.55655,2.08756,73.67973,20.77323,22.81273,15.11960,14.97417
3000.28820,-0.55751,2.08683,73.67981,20.76923,22.81441,15.12200,14.97417
3000.29820,-0.57019,2.07600,73.69935,20.72403,22.83618,15.15514,14.98400
3000.30820,-0.58875,2.04820,73.91573,20.73323,22.86473,15.21960,15.09817
3000.31820,-0.58918,2.04816,73.92080,20.73675,22.86407,15.21781,15.10217
3000.32820,-0.59397,2.04772,73.97709,20.77582,22.85679,15.19794,15.14654
3000.33820,-0.58341,2.03011,74.11293,20.80174,22.85373,15.25616,15.20130
3000.34820,-0.58276,2.02921,74.11873,20.80223,22.85373,15.25960,15.20317
3000.35820,-0.61474,2.05175,74.11489,20.77441,22.95257,15.23081,15.15711
3000.36820,-0.61609,2.05270,74.11473,20.77323,22.95673,15.22960,15.15517
3000.37820,-0.57530,2.04209,73.99100,20.75405,22.86848,15.25838,15.11009
3000.38820,-0.59321,2.03923,73.91757,20.72011,22.84985,15.22600,15.12161
3000.39820,-0.61372,2.03671,73.84657,20.68561,22.83435,15.19100,15.13561
3000.40820,-0.61168,2.03415,73.83572,20.67802,22.82725,15.19680,15.13365
3000.41820,-0.58470,2.00583,73.75819,20.60714,22.76082,15.27596,15.11426
3000.42820,-0.60469,1.97174,73.79273,20.52623,22.75173,15.33960,15.17517
3000.43820,-0.60694,1.97139,73.80905,20.53139,22.75499,15.33855,15.18412
3000.44820,-0.62597,1.96838,73.94773,20.57523,22.78273,15.32960,15.26017
3000.45820,-0.62568,1.95888,73.92517,20.55377,22.76016,15.34061,15.27063
3000.46820,-0.63273,1.94399,73.96528,20.52559,22.76355,15.37621,15.29993
3000.47820,-0.63914,1.93774,74.01673,20.51623,22.78273,15.39960,15.31817
3000.48820,-0.63914,1.93774,74.01673,20.51623,22.78273,15.39960,15.31817
3000.49820,-0.65808,1.96541,73.86352,20.51623,22.78273,15.29293,15.27163
3000.50820,-0.69456,1.98530,74.00326,20.56376,22.88167,15.25080,15.30703
3000.51820,-0.67909,1.98783,74.01984,20.57313,22.89025,15.27592,15.28054
3000.52820,-0.63268,1.99327,74.05373,20.59523,22.90573,15.34960,15.20317
3000.53820,-0.63505,2.00503,74.02418,20.60700,22.91477,15.31944,15.18297
3000.54820,-0.61830,2.03488,73.84260,20.64555,22.86615,15.22132,15.10959
3000.55820,-0.60118,2.03688,73.75573,20.65423,22.81273,15.19960,15.08917
3000.56820,-0.60163,2.04491,73.72151,20.66003,22.81273,15.17640,15.07235
3000.57820,-0.61149,2.00775,73.76794,20.59647,22.78344,15.24574,15.14229
3000.58820,-0.61854,1.97594,73.82073,20.54623,22.76173,15.30960,15.20317
3000.59820,-0.61108,1.97590,73.83123,20.55557,22.75844,15.31808,15.19914
3000.60820,-0.54830,1.97560,73.91973,20.63423,22.73073,15.38960,15.16517
3000.61820,-0.57055,1.97464,73.97099,20.63423,22.75766,15.37657,15.20253
3000.62820,-0.59772,1.99796,74.06649,20.68172,22.84195,15.32910,15.21371
3000.63820,-0.59544,2.02977,74.10373,20.74323,22.90573,15.28960,15.16517
3000.64820,-0.59905,2.04212,74.12199,20.77287,22.92698,15.26266,15.15949
3000.65820,-0.60725,2.07015,74.16349,20.84021,22.97528,15.20144,15.14656
3000.66820,-0.59687,2.08461,74.10673,20.85223,22.97673,15.17960,15.09817
3000.67820,-0.59687,2.08461,74.10673,20.85223,22.97673,15.17960,15.09817
3000.68820,-0.59703,2.08147,73.88178,20.74993,22.93582,15.17226,15.02378
3000.69820,-0.62134,2.05632,73.90673,20.71323,22.90573,15.17960,15.10817
3000.70820,-0.62604,2.05675,73.87885,20.69820,22.90573,15.17307,15.10186
3000.71820,-0.64296,2.05834,73.77873,20.64423,22.90573,15.14960,15.07917
3000.72820,-0.63676,2.05565,73.79469,20.65027,22.90041,15.16187,15.08214
3000.73820,-0.58652,2.02891,73.94943,20.69294,22.86234,15.28010,15.11405
3000.74820,-0.60179,2.01693,74.00473,20.65423,22.89473,15.31960,15.13617
3000.75820,-0.60100,2.01648,74.02238,20.66082,22.89707,15.32295,15.14154
3000.76820,-0.59721,2.01436,74.10642,20.69221,22.90824,15.33891,15.16707
3000.77820,-0.58915,2.01067,74.13039,20.70036,22.90220,15.35620,15.17163
3000.78820,-0.57792,2.00606,74.06473,20.67423,22.87473,15.36960,15.14617
3000.79820,-0.58329,2.00047,74.05003,20.66770,22.85447,15.35980,15.16806
3000.80820,-0.59436,1.98895,74.01973,20.65423,22.81273,15.33960,15.21317
3000.81820,-0.59195,2.00642,73.96830,20.64334,22.85007,15.32960,15.14528
3000.82820,-0.58145,2.00217,73.91273,20.63423,22.81273,15.32960,15.13617
3000.83820,-0.58145,2.00217,73.91273,20.63423,22.81273,15.32960,15.13617
3000.84820,-0.56692,2.01519,73.84257,20.62488,22.82302,15.32960,15.06508
3000.85820,-0.54456,2.04545,73.84258,20.68242,22.86348,15.31021,14.98648
3000.86820,-0.54389,2.04636,73.84273,20.68423,22.86473,15.30960,14.98417
3000.87820,-0.55664,2.03501,73.88540,20.70266,22.83467,15.29021,15.05787
3000.88820,-0.55704,2.03465,73.88673,20.70323,22.83373,15.28960,15.06017
3000.89820,-0.53227,2.01613,73.88986,20.70949,22.76927,15.32715,15.08395
3000.90820,-0.50380,1.97747,73.93301,20.67775,22.70104,15.42853,15.12569
3000.91820,-0.49861,1.96697,73.94873,20.66423,22.68973,15.45860,15.13617
3000.92820,-0.51450,1.95511,74.07329,20.66423,22.72423,15.49226,15.19256
3000.93820,-0.48989,1.93477,74.15329,20.67255,22.69663,15.56513,15.21898
3000.94820,-0.48431,1.93111,74.16473,20.67423,22.68973,15.57860,15.22217
3000.95820,-0.48034,1.94693,74.16091,20.70103,22.71215,15.55672,15.19100
3000.96820,-0.47706,1.96004,74.15773,20.72323,22.73073,15.53860,15.16517
3000.97820,-0.47093,1.98501,74.09333,20.73023,22.76713,15.51060,15.08537
3000.98820,-0.44890,1.98033,74.02684,20.74030,22.70283,15.50567,15.07804
3000.99820,-0.44085,1.97395,74.01073,20.74323,22.66973,15.50860,15.08917
3001.00820,-0.43432,2.00691,73.81548,20.76453,22.64062,15.40281,15.00752
3001.01820,-0.46582,1.98824,73.76910,20.68164,22.63583,15.40930,15.04233
3001.02820,-0.47978,1.97510,73.78273,20.64423,22.63873,15.42960,15.07017
3001.03820,-0.47190,1.96917,73.82638,20.66517,22.62418,15.44344,15.09359
3001.04820,-0.45759,1.95839,73.90573,20.70323,22.59773,15.46860,15.13617
3001.05820,-0.46561,1.94093,73.92284,20.66252,22.59183,15.50400,15.16449
3001.06820,-0.47403,1.92288,74.02913,20.62833,22.62962,15.57580,15.19538
3001.07820,-0.47600,1.91878,74.09473,20.62423,22.65873,15.60860,15.20317
3001.08820,-0.48531,1.92397,74.08184,20.62423,22.66806,15.58638,15.20317
3001.09820,-0.50072,1.92694,74.07068,20.61118,22.68423,15.56760,15.20767
3001.10820,-0.50534,1.92263,74.07673,20.59523,22.68973,15.57860,15.21317
3001.11820,-0.50718,1.93340,74.05579,20.59969,22.70799,15.56078,15.18733
3001.12820,-0.50947,1.94680,74.02973,20.60523,22.73073,15.53860,15.15517
3001.13820,-0.51566,1.94814,74.00904,20.59747,22.73073,15.52567,15.15517
3001.14820,-0.52944,1.95112,73.96307,20.58023,22.73073,15.49693,15.15517
3001.15820,-0.50371,1.96289,73.88938,20.59653,22.70943,15.48860,15.09482
3001.16820,-0.49155,1.96735,73.86473,20.60523,22.70073,15.48860,15.07017
3001.17820,-0.50588,1.97324,73.75788,20.60523,22.65714,15.41198,15.08353
3001.18820,-0.53211,1.99108,73.88213,20.64653,22.74653,15.38660,15.10247
3001.19820,-0.54072,1.99764,73.95473,20.66423,22.79273,15.38960,15.10817
3001.20820,-0.51236,2.01926,74.02857,20.73452,22.83604,15.40380,15.05421
3001.21820,-0.49876,2.02937,74.05163,20.76323,22.85373,15.40960,15.02507
3001.22820,-0.51477,2.03075,74.02132,20.73511,22.86849,15.39554,15.02217
3001.23820,-0.53560,2.03396,73.96400,20.69617,22.88406,15.37093,15.01284
3001.24820,-0.53498,2.03352,73.96136,20.69493,22.88232,15.37193,15.01217
3001.25820,-0.51816,2.02498,74.00812,20.71315,22.86393,15.40527,15.02577
3001.26820,-0.53064,2.01943,74.23978,20.77148,22.92393,15.43860,15.10577
3001.27820,-0.52853,2.02070,74.23497,20.77456,22.92216,15.43680,15.10145
3001.28820,-0.49539,2.03984,74.07873,20.79223,22.87473,15.39960,15.01217
3001.29820,-0.50077,2.03787,74.08872,20.78341,22.88301,15.40410,15.01820
3001.30820,-0.55392,2.01976,74.18373,20.69767,22.96584,15.44519,15.07503
3001.31820,-0.54213,2.03912,74.12173,20.73323,22.95673,15.39960,15.03217
3001.32820,-0.54288,2.04255,74.10286,20.73323,22.95673,15.38911,15.02378
3001.33820,-0.55337,2.07820,73.90373,20.73142,22.95673,15.27596,14.93963
3001.34820,-0.59408,2.07516,73.87273,20.70323,22.95673,15.21960,14.99317
3001.35820,-0.59408,2.07516,73.87273,20.70323,22.95673,15.21960,14.99317
3001.36820,-0.53729,2.06957,73.90031,20.75839,22.89973,15.27476,14.96743
3001.37820,-0.53231,2.06908,73.90273,20.76323,22.89473,15.27960,14.96517
3001.38820,-0.54345,2.07230,73.90273,20.76323,22.90518,15.26059,14.97373
3001.39820,-0.54776,2.08183,73.81733,20.75364,22.89517,15.22122,14.94730
3001.40820,-0.54791,2.08223,73.81373,20.75323,22.89473,15.21960,14.94617
3001.41820,-0.57866,2.07295,73.78035,20.70977,22.88843,15.19441,14.98774
3001.42820,-0.55583,2.04107,73.76729,20.65508,22.83225,15.28163,14.99833
3001.43820,-0.54061,2.03124,73.76973,20.64423,22.81273,15.31960,14.99317
3001.44820,-0.53471,2.01396,74.10844,20.74400,22.85632,15.39505,15.11306
3001.45820,-0.53358,2.01064,74.17373,20.76323,22.86473,15.40960,15.13617
3001.46820,-0.51907,2.00158,74.23483,20.77851,22.85588,15.44899,15.15145
3001.47820,-0.52744,2.00197,74.29994,20.78223,22.89169,15.46268,15.16334
3001.48820,-0.54230,2.00521,74.36269,20.78223,22.93913,15.46778,15.17354
3001.49820,-0.56440,1.99859,74.16136,20.67737,22.90412,15.43665,15.14322
3001.50820,-0.58234,2.01748,74.05973,20.65423,22.92889,15.37960,15.09701
3001.51820,-0.58506,2.02158,74.04873,20.65423,22.93573,15.36960,15.08917
3001.52820,-0.58506,2.02158,74.04873,20.65423,22.93573,15.36960,15.08917
3001.53820,-0.58642,2.05170,73.95073,20.69423,22.93573,15.27960,15.04117
3001.54820,-0.59163,2.05746,73.90735,20.68962,22.93342,15.25422,15.03010
3001.55820,-0.61051,2.07515,73.78058,20.70100,22.90445,15.14901,15.02611
3001.56820,-0.61118,2.07443,73.78873,20.71323,22.89473,15.13960,15.04117
3001.57820,-0.59484,2.06054,73.83220,20.68632,22.90232,15.21550,15.02806
3001.58820,-0.58187,2.03696,73.94620,20.68350,22.89600,15.29591,15.07080
3001.59820,-0.57536,2.01693,74.05573,20.69423,22.88473,15.34960,15.12717
3001.60820,-0.58716,2.01814,74.04999,20.68275,22.89679,15.33811,15.13234
3001.61820,-0.59590,2.01905,74.04573,20.67423,22.90573,15.32960,15.13617
3001.62820,-0.57378,1.99400,74.02640,20.64580,22.84147,15.38646,15.15266
3001.63820,-0.57781,1.96792,74.06259,20.60195,22.82187,15.44103,15.19774
3001.64820,-0.59342,1.96262,74.10073,20.58523,22.84373,15.44960,15.22217
3001.65820,-0.59158,1.96353,74.08850,20.58383,22.84091,15.44819,15.21556
3001.66820,-0.57134,1.96789,73.97278,20.57073,22.80033,15.43960,15.16212
3001.67820,-0.56029,1.96643,73.92273,20.56523,22.77173,15.43960,15.14617
3001.68820,-0.57190,1.97046,73.90188,20.55698,22.78085,15.41788,15.14617
3001.69820,-0.58703,1.97573,73.87473,20.54623,22.79273,15.38960,15.14617
3001.70820,-0.57643,1.96844,73.86216,20.53090,22.77709,15.41689,15.13728
3001.71820,-0.55338,1.95260,73.83483,20.49757,22.74309,15.47623,15.11795
3001.72820,-0.53372,1.96227,74.03273,20.60523,22.78273,15.49860,15.14617
3001.73820,-0.53207,1.97420,74.01978,20.62588,22.79323,15.47445,15.12622
3001.74820,-0.52783,1.99100,73.98781,20.65521,22.79965,15.43678,15.09617
3001.75820,-0.52445,1.97563,73.96518,20.62942,22.76228,15.45731,15.11617
3001.76820,-0.52491,1.96190,73.96086,20.60621,22.73842,15.47763,15.13861
3001.77820,-0.53030,1.94965,73.97973,20.58523,22.73073,15.49860,15.16517
3001.78820,-0.52893,1.94580,73.96607,20.57407,22.72139,15.50543,15.16517
3001.79820,-0.51816,1.93079,73.95647,20.55361,22.68753,15.53960,15.17573
3001.80820,-0.49651,1.92391,74.08673,20.61523,22.67973,15.57860,15.21317
3001.81820,-0.49565,1.92367,74.11027,20.62601,22.68193,15.58080,15.22153
3001.82820,-0.48957,1.92943,74.20795,20.68129,22.70246,15.58366,15.24054
3001.83820,-0.47588,1.95940,74.27255,20.75882,22.76032,15.56118,15.19223
3001.84820,-0.46822,1.97615,74.30873,20.80223,22.79273,15.54860,15.16517
3001.85820,-0.47706,1.98394,74.21145,20.78144,22.78180,15.50666,15.14156
3001.86820,-0.49336,1.99830,74.03273,20.74323,22.76173,15.42960,15.09817
3001.87820,-0.49460,1.99346,73.97809,20.70135,22.75579,15.44267,15.07828
3001.88820,-0.52687,2.00888,73.92673,20.68423,22.79273,15.37960,15.07017
3001.89820,-0.52353,2.00853,73.91505,20.68027,22.78867,15.38356,15.06255
3001.90820,-0.48972,2.00588,73.80063,20.64783,22.74525,15.41780,14.98975
3001.91820,-0.45552,2.01176,73.71873,20.68423,22.67973,15.39960,14.95517
3001.92820,-0.45803,2.01301,73.73140,20.68750,22.68793,15.39827,14.95771
3001.93820,-0.48304,2.02540,73.85807,20.72017,22.76993,15.38493,14.98304
3001.94820,-0.49302,2.03035,73.90873,20.73323,22.80273,15.37960,14.99317
3001.95820,-0.45377,2.00815,73.84969,20.72371,22.70558,15.42722,14.99317
3001.96820,-0.46158,2.01373,74.05722,20.80956,22.75990,15.42960,15.05816
3001.97820,-0.46188,2.01394,74.06373,20.81223,22.76173,15.42960,15.06017
3001.98820,-0.46496,2.01084,74.01618,20.79321,22.74271,15.42009,15.06017
3001.99820,-0.46672,1.99265,73.93248,20.73098,22.69673,15.43835,15.06642
3002.00820,-0.46769,1.98181,73.88373,20.69423,22.66973,15.44960,15.07017
3002.01820,-0.44892,1.99099,73.91585,20.73459,22.67796,15.45701,15.04629
3002.02820,-0.44489,1.99295,73.92273,20.74323,22.67973,15.45860,15.04117
3002.03820,-0.45593,1.97582,73.96291,20.70305,22.68793,15.49960,15.07233
3002.04820,-0.44059,1.96760,73.95034,20.70391,22.65306,15.51879,15.07459
3002.05820,-0.42347,1.96331,73.92973,20.71323,22.61773,15.52860,15.07017
3002.06820,-0.42414,1.95515,74.05807,20.74068,22.63900,15.56291,15.11547
3002.07820,-0.40321,1.96278,74.11124,20.78689,22.64873,15.57860,15.09702
3002.08820,-0.39353,1.96795,74.10873,20.80223,22.64873,15.57860,15.07917
3002.09820,-0.39313,1.96504,74.11936,20.81404,22.63368,15.57270,15.09894
3002.10820,-0.39043,1.94706,74.12706,20.80803,22.58576,15.58710,15.14617
3002.11820,-0.38912,1.93875,74.11373,20.78223,22.57673,15.60860,15.14617
3002.12820,-0.39590,1.93773,74.09207,20.76000,22.58300,15.60860,15.14047
3002.13820,-0.40101,1.93697,74.07573,20.74323,22.58773,15.60860,15.13617
3002.14820,-0.41706,1.93047,74.08523,20.73183,22.58355,15.59720,15.17265
3002.15820,-0.44404,1.92044,74.09034,20.70678,22.57902,15.57860,15.22594
3002.16820,-0.45054,1.92525,74.00573,20.65423,22.59773,15.57860,15.17517
3002.17820,-0.45965,1.92120,73.98467,20.61518,22.61133,15.59176,15.16640
3002.18820,-0.47711,1.91493,73.88592,20.53387,22.61464,15.59496,15.14245
3002.19820,-0.48407,1.91363,73.79973,20.49623,22.59773,15.57860,15.12717
3002.20820,-0.48212,1.91748,73.81401,20.51492,22.59983,15.57020,15.12906
3002.21820,-0.47483,1.93193,73.86773,20.58523,22.60773,15.53860,15.13617
3002.22820,-0.47686,1.94046,73.89193,20.61119,22.62357,15.52100,15.13617
3002.23820,-0.48141,1.97188,74.00815,20.71402,22.69073,15.46723,15.13617
3002.24820,-0.47176,1.97630,74.11873,20.75323,22.73073,15.49860,15.13617
3002.25820,-0.47355,1.98436,74.10149,20.75990,22.74015,15.48044,15.12100
3002.26820,-0.48254,2.01905,74.04740,20.80223,22.77873,15.39627,15.07017
3002.27820,-0.48854,2.03435,74.05473,20.84223,22.79273,15.34960,15.07017
3002.28820,-0.49245,2.03335,74.04207,20.82716,22.79709,15.35178,15.06602
3002.29820,-0.50648,2.02978,73.99673,20.77323,22.81273,15.35960,15.05117
3002.30820,-0.50648,2.02978,73.99673,20.77323,22.81273,15.35960,15.05117
3002.31820,-0.49610,2.04312,73.83487,20.76325,22.77057,15.30823,14.99282
3002.32820,-0.50583,2.03959,73.79173,20.69423,22.80273,15.33960,14.95517
3002.33820,-0.51220,2.03403,73.80617,20.68473,22.80273,15.34530,14.97341
3002.34820,-0.55202,2.00484,73.86928,20.62136,22.80874,15.37154,15.06765
3002.35820,-0.60489,1.98203,73.87573,20.52623,22.83373,15.37960,15.13617
3002.36820,-0.60489,1.98203,73.87573,20.52623,22.83373,15.37960,15.13617
3002.37820,-0.58922,1.98938,74.00373,20.61523,22.84373,15.37960,15.16517
3002.38820,-0.58842,1.98836,74.00552,20.61386,22.84281,15.38321,15.16563
3002.39820,-0.57838,1.97553,74.02780,20.59672,22.83138,15.42835,15.17134
3002.40820,-0.57734,1.96677,74.00805,20.58523,22.80285,15.43200,15.18797
3002.41820,-0.58856,1.96644,73.93973,20.58523,22.76173,15.37960,15.21317
3002.42820,-0.58394,1.97197,73.94449,20.58863,22.77907,15.38640,15.19039
3002.43820,-0.54761,1.97989,73.89358,20.58652,22.77698,15.42575,15.10433
3002.44820,-0.54358,1.97947,73.88473,20.58523,22.77173,15.42960,15.09817
3002.45820,-0.57258,1.98849,73.76963,20.55646,22.76213,15.35287,15.09817
3002.46820,-0.57381,1.98887,73.76473,20.55523,22.76173,15.34960,15.09817
3002.47820,-0.56345,1.95436,73.80482,20.52681,22.70196,15.41519,15.16085
3002.48820,-0.54121,1.94239,74.04317,20.60695,22.72257,15.48916,15.22449
3002.49820,-0.53772,1.94256,74.08573,20.62423,22.73073,15.49860,15.23217
3002.50820,-0.54981,1.96355,74.17005,20.66503,22.80757,15.47820,15.21925
3002.51820,-0.53570,1.98142,74.12326,20.65129,22.85196,15.49331,15.12670
3002.52820,-0.53145,1.98313,74.10473,20.64423,22.85373,15.49860,15.10817
3002.53820,-0.52332,1.96300,74.04185,20.62747,22.76821,15.49860,15.14758
3002.54820,-0.52175,1.95912,74.02973,20.62423,22.75173,15.49860,15.15517
3002.55820,-0.54547,1.96062,73.97677,20.58468,22.76514,15.47178,15.15517
3002.56820,-0.54679,1.94683,73.97301,20.53113,22.77173,15.52125,15.14891
3002.57820,-0.54227,1.94048,73.98273,20.51623,22.77173,15.54860,15.14617
3002.58820,-0.54955,1.93612,74.00048,20.51246,22.77173,15.54860,15.16770
3002.59820,-0.55978,1.92998,74.02548,20.50714,22.77173,15.54860,15.19802
3002.60820,-0.54069,1.91994,74.07973,20.52623,22.75173,15.58860,15.21317
3002.61820,-0.56679,1.90979,74.03053,20.47148,22.74480,15.57474,15.23951
3002.62820,-0.57836,1.90530,74.00873,20.44723,22.74173,15.56860,15.25117
3002.63820,-0.57836,1.90530,74.00873,20.44723,22.74173,15.56860,15.25117
3002.64820,-0.52268,1.90929,73.96679,20.49147,22.68595,15.59907,15.19030
3002.65820,-0.51242,1.91153,73.89873,20.48623,22.65873,15.58860,15.16517
3002.66820,-0.54325,1.92337,73.93527,20.48043,22.72427,15.55960,15.17097
3002.67820,-0.54325,1.92179,73.97781,20.48772,22.73670,15.57306,15.18034
3002.68820,-0.52671,1.91426,73.98973,20.49623,22.71073,15.59860,15.18417
3002.69820,-0.53418,1.93095,73.95700,20.50772,22.73427,15.55840,15.15661
3002.70820,-0.53971,1.94334,73.93273,20.51623,22.75173,15.52860,15.13617
3002.71820,-0.53724,1.94050,73.95491,20.51999,22.75173,15.53988,15.14331
3002.72820,-0.53649,1.93733,74.00135,20.52623,22.76238,15.55756,15.15517
3002.73820,-0.56521,1.95061,74.08373,20.52623,22.85373,15.54860,15.15517
3002.74820,-0.54881,1.96780,74.01644,20.56031,22.83604,15.50978,15.11031
3002.75820,-0.52013,1.99507,73.89539,20.60943,22.80433,15.45062,15.03101
3002.76820,-0.51041,2.00138,73.85073,20.61523,22.79273,15.43960,15.00317
3002.77820,-0.51564,1.99624,73.87949,20.60717,22.80106,15.45277,15.01849
3002.78820,-0.52780,1.98432,73.94636,20.58842,22.82043,15.48339,15.05412
3002.79820,-0.51502,1.97867,73.93853,20.58843,22.79749,15.50140,15.05121
3002.80820,-0.48776,1.97770,73.96461,20.62691,22.77117,15.52220,15.04433
3002.81820,-0.49696,1.99200,74.10673,20.69423,22.83373,15.50860,15.07017
3002.82820,-0.49492,2.00118,74.10353,20.70682,22.84909,15.49793,15.04969
3002.83820,-0.48856,2.02986,74.09353,20.74615,22.89709,15.46460,14.98569
3002.84820,-0.52860,2.05762,74.05373,20.75323,22.95673,15.36960,14.97417
3002.85820,-0.52950,2.06285,74.04878,20.75521,22.96881,15.36366,14.96110
3002.86820,-0.53316,2.08403,74.02873,20.76323,23.01773,15.33960,14.90817
3002.87820,-0.52568,2.08038,73.99685,20.75323,22.99700,15.34685,14.89977
3002.88820,-0.48814,2.06204,73.83743,20.70323,22.89338,15.38308,14.85774
3002.89820,-0.49564,2.03137,73.97369,20.71235,22.86519,15.42774,14.96841
3002.90820,-0.49459,2.02877,73.97188,20.70962,22.85842,15.43138,14.97246
3002.91820,-0.46733,2.00724,73.83875,20.65900,22.76092,15.46345,14.95539
3002.92820,-0.46200,1.98400,74.04373,20.71323,22.75173,15.51860,15.06017
3002.93820,-0.46167,1.98400,74.04585,20.71283,22.75337,15.52060,15.05905
3002.94820,-0.45698,1.98398,74.07614,20.70712,22.77680,15.54917,15.04305
3002.95820,-0.45378,1.98396,74.09673,20.70323,22.79273,15.56860,15.03217
3002.96820,-0.45870,2.00256,74.01750,20.69934,22.81048,15.52530,14.98238
3002.97820,-0.47388,2.03096,73.94417,20.71144,22.84740,15.45139,14.93394
3002.98820,-0.48492,2.03602,73.98273,20.73323,22.86473,15.42960,14.95517
3002.99820,-0.48016,2.04321,73.90418,20.71829,22.85668,15.41427,14.91494
3003.00820,-0.47403,2.06050,73.75998,20.69423,22.85166,15.37827,14.83582
3003.01820,-0.47659,2.06988,73.73073,20.69423,22.86473,15.35960,14.81217
3003.02820,-0.49592,2.03413,73.81479,20.65343,22.83943,15.40857,14.91337
3003.03820,-0.50026,2.02608,73.83373,20.64423,22.83373,15.41960,14.93617
3003.04820,-0.45303,2.02037,73.84997,20.66859,22.80044,15.48374,14.89720
3003.05820,-0.46281,2.02390,74.00968,20.72916,22.84533,15.48463,14.95055
3003.06820,-0.48649,2.02944,74.18873,20.79223,22.90573,15.46860,15.02217
3003.07820,-0.48334,2.02563,74.17903,20.74759,22.93226,15.51389,14.98529
3003.08820,-0.45525,2.02650,74.09836,20.75636,22.87881,15.51375,14.94944
3003.09820,-0.44978,2.02712,74.08273,20.76323,22.86473,15.50860,14.94617
3003.10820,-0.46516,2.01191,73.97192,20.70972,22.80365,15.48157,14.97698
3003.11820,-0.47828,1.99895,73.87773,20.66423,22.75173,15.45860,15.00317
3003.12820,-0.47821,1.99708,73.88806,20.65391,22.76205,15.47408,14.99801
3003.13820,-0.49216,1.98750,73.91943,20.62393,22.77943,15.49560,15.02047
3003.14820,-0.49816,1.98415,73.92873,20.61523,22.78273,15.49860,15.03217
3003.15820,-0.50102,1.97099,74.02560,20.61523,22.79687,15.54102,15.07248
3003.16820,-0.51243,1.95801,74.07276,20.58008,22.81749,15.57969,15.09550
3003.17820,-0.51675,1.95482,74.07573,20.56523,22.82373,15.58860,15.09817
3003.18820,-0.51211,1.95785,74.05276,20.57508,22.81027,15.57547,15.09194
3003.19820,-0.50261,1.96407,74.00573,20.59523,22.78273,15.54860,15.07917
3003.20820,-0.48648,1.97266,73.93748,20.60680,22.75901,15.53125,15.04042
3003.21820,-0.46784,1.96180,73.86379,20.58103,22.70639,15.55280,15.02357
3003.22820,-0.46266,1.94887,73.84573,20.55523,22.67973,15.57860,15.03217
3003.23820,-0.46487,1.93706,73.92430,20.56294,22.67973,15.60556,15.07608
3003.24820,-0.47391,1.91536,74.04946,20.56429,22.68111,15.64998,15.15407
3003.25820,-0.50817,1.89737,74.04773,20.49623,22.68973,15.65860,15.20317
3003.26820,-0.50577,1.90892,74.10819,20.53838,22.72038,15.65009,15.19934
3003.27820,-0.50253,1.92447,74.18973,20.59523,22.76173,15.63860,15.19417
3003.28820,-0.49995,1.92941,74.20707,20.61701,22.76617,15.62971,15.19417
3003.29820,-0.50057,1.94477,74.20737,20.64612,22.78723,15.59969,15.17432
3003.30820,-0.50910,1.96520,74.15989,20.65033,22.82168,15.55768,15.13020
3003.31820,-0.51706,1.98422,74.11573,20.65423,22.85373,15.51860,15.08917
3003.32820,-0.54456,2.02392,73.99765,20.64463,22.92285,15.42356,15.00661
3003.33820,-0.53330,2.03580,73.76673,20.59523,22.87473,15.37960,14.91717
3003.34820,-0.53713,2.03448,73.75339,20.58724,22.87058,15.37454,14.92102
3003.35820,-0.57130,2.02273,73.63473,20.51623,22.83373,15.32960,14.95517
3003.36820,-0.57130,2.02273,73.63473,20.51623,22.83373,15.32960,14.95517
3003.37820,-0.54038,1.99797,73.78878,20.55079,22.80971,15.42273,15.00554
3003.38820,-0.49312,1.95659,74.11373,20.62423,22.79273,15.58860,15.10817
3003.39820,-0.49312,1.95659,74.11373,20.62423,22.79273,15.58860,15.10817
3003.40820,-0.50042,1.93191,74.31631,20.64746,22.80773,15.65183,15.20930
3003.41820,-0.50663,1.92876,74.40422,20.66359,22.83273,15.66795,15.23995
3003.42820,-0.50786,1.92949,74.38879,20.65789,22.83180,15.66400,15.23510
3003.43820,-0.51762,1.93798,74.20173,20.59523,22.81273,15.61860,15.17517
3003.44820,-0.51762,1.93798,74.20173,20.59523,22.81273,15.61860,15.17517
3003.45820,-0.54545,1.99614,73.91907,20.54284,22.88830,15.48554,15.00239
3003.46820,-0.57586,1.97611,73.65273,20.39723,22.81273,15.44960,14.99317
3003.47820,-0.57352,1.97600,73.65741,20.40199,22.81035,15.45110,14.99397
3003.48820,-0.54793,1.97298,73.71016,20.45230,22.78123,15.47003,15.00660
3003.49820,-0.56882,1.95083,73.68973,20.38823,22.76173,15.48860,15.05117
3003.50820,-0.56882,1.95083,73.68973,20.38823,22.76173,15.48860,15.05117
3003.51820,-0.55528,1.96083,74.09805,20.54463,22.87692,15.55416,15.12235
3003.52820,-0.55437,1.96150,74.12573,20.55523,22.88473,15.55860,15.12717
3003.53820,-0.57361,1.99323,74.06994,20.56382,22.94653,15.48993,15.06966
3003.54820,-0.53604,2.02850,73.95742,20.64151,22.91714,15.42163,14.97714
3003.55820,-0.53458,2.02957,73.95373,20.64423,22.91573,15.41960,14.97417
3003.56820,-0.55924,2.05067,73.84108,20.60603,22.95589,15.36082,14.91834
3003.57820,-0.52247,2.05047,73.77276,20.64302,22.87794,15.35319,14.89860
3003.58820,-0.50152,2.05011,73.73573,20.66423,22.83373,15.34960,14.88817
3003.59820,-0.55287,2.04710,73.46592,20.53017,22.79894,15.26475,14.87205
3003.60820,-0.56208,2.04656,73.41773,20.50623,22.79273,15.24960,14.86917
3003.61820,-0.50798,2.02096,73.62853,20.55638,22.78423,15.39410,14.89382
3003.62820,-0.52621,1.99363,73.72240,20.53218,22.77531,15.43309,14.98182
3003.63820,-0.53958,1.98263,73.74973,20.51623,22.77173,15.43960,15.02217
3003.64820,-0.53922,1.99920,73.99682,20.58905,22.89773,15.48787,15.02217
3003.65820,-0.54152,1.99701,74.15085,20.62147,22.94869,15.52660,15.05409
3003.66820,-0.54339,1.99241,74.22873,20.63423,22.96673,15.54860,15.07917
3003.67820,-0.53789,2.00600,74.25918,20.67085,22.99224,15.53626,15.05984
3003.68820,-0.53026,2.02485,74.30146,20.72171,23.02766,15.51911,15.03298
3003.69820,-0.53003,2.02541,74.30273,20.72323,23.02873,15.51860,15.03217
3003.70820,-0.51913,2.04408,74.11121,20.73163,22.96825,15.43544,14.97589
3003.71820,-0.52600,2.06724,73.96698,20.72475,22.96521,15.36021,14.91681
3003.72820,-0.52738,2.05472,73.88941,20.68075,22.92281,15.36400,14.92185
3003.73820,-0.52402,2.04246,73.97185,20.69951,22.91293,15.39120,14.96821
3003.74820,-0.52275,2.04012,74.01273,20.71323,22.91573,15.39960,14.98417
3003.75820,-0.51774,2.02155,74.01159,20.67590,22.89211,15.44493,14.99865
3003.76820,-0.51079,1.99576,74.01000,20.62405,22.85930,15.50790,15.01876
3003.77820,-0.50961,1.99138,74.00973,20.61523,22.85373,15.51860,15.02217
3003.78820,-0.53423,1.99004,74.23051,20.67250,22.92179,15.52690,15.10932
3003.79820,-0.57140,2.00109,74.26573,20.67423,22.97673,15.47860,15.13617
3003.80820,-0.56035,2.01397,74.27327,20.70845,22.98891,15.46700,15.10891
3003.81820,-0.57151,2.03546,74.18226,20.71601,22.99773,15.39601,15.07252
3003.82820,-0.58574,2.04450,74.11073,20.70323,22.99773,15.34960,15.06017
3003.83820,-0.58445,2.04959,74.11427,20.70848,23.01110,15.34829,15.04640
3003.84820,-0.57589,2.08328,74.13773,20.74323,23.09973,15.33960,14.95517
3003.85820,-0.57699,2.10437,74.11317,20.77405,23.12295,15.29494,14.92123
3003.86820,-0.57801,2.15022,74.06275,20.84220,23.17388,15.20051,14.84616
3003.87820,-0.57755,2.17589,74.03673,20.88123,23.20273,15.14960,14.80317
3003.88820,-0.58913,2.19247,73.91783,20.86132,23.20561,15.09188,14.75902
3003.89820,-0.61621,2.23125,73.64132,20.81501,23.21232,14.95765,14.65633
3003.90820,-0.60185,2.18856,73.52973,20.75323,23.06973,14.98960,14.71717
3003.91820,-0.59717,2.17499,73.56878,20.73977,23.06266,15.03000,14.73636
3003.92820,-0.58797,2.14828,73.64573,20.71323,23.04873,15.10960,14.77417
3003.93820,-0.58616,2.13584,73.68037,20.70703,23.03533,15.13574,14.80227
3003.94820,-0.58008,2.09937,73.84741,20.72559,22.99781,15.20880,14.91521
3003.95820,-0.57511,2.07633,74.05073,20.79223,22.97673,15.24960,15.03217
3003.96820,-0.57511,2.07633,74.05073,20.79223,22.97673,15.24960,15.03217
3003.97820,-0.60612,2.10021,73.89876,20.70157,23.05496,15.21336,14.92887
3003.98820,-0.58916,2.09785,73.93773,20.73323,23.03873,15.22960,14.93617
3003.99820,-0.59614,2.10080,73.88712,20.71915,23.03240,15.20715,14.92842
3004.00820,-0.62346,2.11234,73.68973,20.66423,23.00773,15.11960,14.89817
3004.01820,-0.62028,2.11295,73.68154,20.66136,23.00773,15.12391,14.88854
3004.02820,-0.60580,2.11574,73.64428,20.64829,23.00773,15.14352,14.84475
3004.03820,-0.59416,2.09580,73.60773,20.64423,22.92573,15.14960,14.88817
3004.04820,-0.59046,2.09437,73.61747,20.64729,22.92383,15.15756,14.88879
3004.05820,-0.53540,2.07152,73.77110,20.69287,22.89523,15.28051,14.90249
3004.06820,-0.55433,2.05823,73.82564,20.67582,22.90148,15.29187,14.95647
3004.07820,-0.56719,2.04921,73.86273,20.66423,22.90573,15.29960,14.99317
3004.08820,-0.56885,2.05042,73.89539,20.67403,22.91911,15.30287,14.99938
3004.09820,-0.57228,2.05291,73.96273,20.69423,22.94673,15.30960,15.01217
3004.10820,-0.56706,2.05095,74.02149,20.70815,22.96112,15.33320,15.01902
3004.11820,-0.54954,2.06024,74.16723,20.77773,23.00773,15.36460,15.01717
3004.12820,-0.54884,2.07585,74.12273,20.80223,23.00773,15.31960,14.99317
3004.13820,-0.54207,2.08855,74.02077,20.80223,22.98867,15.28148,14.94839
3004.14820,-0.53470,2.11638,73.97267,20.84709,23.00567,15.22577,14.89414
3004.15820,-0.53390,2.11950,73.96773,20.85223,23.00773,15.21960,14.88817
3004.16820,-0.53697,2.13062,73.96057,20.86735,23.02443,15.19574,14.87306
3004.17820,-0.53777,2.13348,73.95873,20.87123,23.02873,15.18960,14.86917
3004.18820,-0.53937,2.11222,74.04455,20.84358,23.03826,15.25634,14.90636
3004.19820,-0.53482,2.12022,74.13944,20.88683,23.07728,15.26716,14.90817
3004.20820,-0.53332,2.12314,74.16873,20.90123,23.08973,15.26960,14.90817
3004.21820,-0.54955,2.13046,74.22576,20.90750,23.14111,15.26333,14.91381
3004.22820,-0.55920,2.13481,74.25973,20.91123,23.17173,15.25960,14.91717
3004.23820,-0.55048,2.16117,74.21053,20.98421,23.15533,15.17760,14.89339
3004.24820,-0.51261,2.17762,74.20894,21.05797,23.13416,15.16797,14.84885
3004.25820,-0.50560,2.17969,74.21073,21.06923,23.13073,15.16960,14.84117
3004.26820,-0.52933,2.19256,73.96693,20.96578,23.13073,15.11346,14.75697
3004.27820,-0.54397,2.18781,73.96098,20.93530,23.14223,15.11604,14.76741
3004.28820,-0.55117,2.18127,74.00573,20.93123,23.15173,15.12960,14.79317
3004.29820,-0.56092,2.20057,74.00573,20.97010,23.17552,15.07408,14.78604
3004.30820,-0.56346,2.20560,74.00573,20.98023,23.18173,15.05960,14.78417
3004.31820,-0.56494,2.20767,74.00638,20.98288,23.18616,15.05474,14.78261
3004.32820,-0.58963,2.24203,74.01719,21.02703,23.26003,14.97365,14.75648
3004.33820,-0.62177,2.26542,73.77833,20.93613,23.28368,14.89360,14.66492
3004.34820,-0.62135,2.26697,73.76676,20.93318,23.28473,14.89165,14.65720
3004.35820,-0.60813,2.25908,73.78675,20.92911,23.27524,14.92797,14.65444
3004.36820,-0.61891,2.23302,73.81173,20.88123,23.25373,14.96960,14.70717
3004.37820,-0.61532,2.21746,73.82073,20.86673,23.22323,14.99460,14.73617
3004.38820,-0.61172,2.20191,73.82973,20.85223,23.19273,15.01960,14.76517
3004.39820,-0.61954,2.19897,73.90458,20.84648,23.23361,15.04839,14.77611
3004.40820,-0.61423,2.20446,73.98982,20.89124,23.25752,15.05409,14.78696
3004.41820,-0.59519,2.21766,74.04169,20.97573,23.24683,15.02735,14.79178
3004.42820,-0.58955,2.22556,73.99245,20.98160,23.23721,15.00718,14.76647
3004.43820,-0.58934,2.23250,73.88351,20.95002,23.22615,14.98613,14.72120
3004.44820,-0.57256,2.23457,73.84903,20.96840,23.19386,14.97960,14.70717
3004.45820,-0.56554,2.23453,73.84873,20.98023,23.18173,14.97960,14.70717
3004.46820,-0.57019,2.21753,73.83327,20.92407,23.17359,15.02030,14.71531
3004.47820,-0.57126,2.21364,73.82973,20.91123,23.17173,15.02960,14.71717
3004.48820,-0.62280,2.19076,74.01856,20.90250,23.21892,15.04214,14.85500
3004.49820,-0.61691,2.17929,74.05173,20.91123,23.19273,15.05960,14.88817
3004.50820,-0.61457,2.18764,73.97681,20.89369,23.19273,15.04474,14.84566
3004.51820,-0.60925,2.20667,73.80654,20.85383,23.19273,15.01095,14.74904
3004.52820,-0.58440,2.17530,73.83673,20.82223,23.14073,15.09960,14.77417
3004.53820,-0.59767,2.17081,73.82287,20.80276,23.13743,15.08970,14.79298
3004.54820,-0.62463,2.16170,73.79473,20.76323,23.13073,15.06960,14.83117
3004.55820,-0.61303,2.15922,73.80714,20.77597,23.11734,15.08266,14.83117
3004.56820,-0.58602,2.14628,73.86785,20.80223,23.08525,15.13197,14.84840
3004.57820,-0.57692,2.12331,73.97114,20.80223,23.07210,15.19776,14.89905
3004.58820,-0.57560,2.11788,74.00645,20.80413,23.07353,15.21530,14.91349
3004.59820,-0.57603,2.11110,74.11438,20.81999,23.09961,15.25123,14.94354
3004.60820,-0.57227,2.10591,74.26673,20.85223,23.14073,15.29960,14.97417
3004.61820,-0.56914,2.11365,74.27173,20.86603,23.15513,15.29360,14.95697
3004.62820,-0.55663,2.14463,74.29173,20.92123,23.21273,15.26960,14.88817
3004.63820,-0.55663,2.14463,74.29173,20.92123,23.21273,15.26960,14.88817
3004.64820,-0.58287,2.17658,74.11868,20.87635,23.25865,15.18527,14.79841
3004.65820,-0.58240,2.18307,73.82973,20.80223,23.18173,15.11960,14.72617
3004.66820,-0.58083,2.18220,73.81442,20.80022,23.17182,15.11683,14.72555
3004.67820,-0.56109,2.16983,73.61595,20.77142,23.04242,15.08263,14.71948
3004.68820,-0.58203,2.15826,73.72773,20.74323,23.09973,15.12960,14.75517
3004.69820,-0.58252,2.15692,73.72714,20.73974,23.09854,15.13197,14.75689
3004.70820,-0.58798,2.14205,73.72056,20.70092,23.08538,15.15828,14.77597
3004.71820,-0.61001,2.09734,73.97288,20.69328,23.09782,15.25103,14.93074
3004.72820,-0.61207,2.09332,73.99973,20.69423,23.09973,15.25960,14.94617
3004.73820,-0.60062,2.11592,74.22598,20.79562,23.20581,15.28776,14.93679
3004.74820,-0.59988,2.11739,74.24073,20.80223,23.21273,15.28960,14.93617
3004.75820,-0.57234,2.15017,74.21518,20.88668,23.21982,15.23992,14.86875
3004.76820,-0.54711,2.20287,74.08665,20.95321,23.24815,15.15400,14.73129
3004.77820,-0.54404,2.21151,74.06073,20.96023,23.25373,15.13960,14.70717
3004.78820,-0.54404,2.21151,74.06073,20.96023,23.25373,15.13960,14.70717
3004.79820,-0.56303,2.22649,73.62863,20.86339,23.14098,14.99353,14.63073
3004.80820,-0.55574,2.21380,73.59273,20.84223,23.09973,15.00960,14.64117
3004.81820,-0.55412,2.21232,73.62175,20.85479,23.09973,15.01393,14.65330
3004.82820,-0.55212,2.21050,73.65758,20.87030,23.09973,15.01928,14.66827
3004.83820,-0.55081,2.20849,73.66709,20.86949,23.09973,15.02696,14.67092
3004.84820,-0.53538,2.18417,73.77041,20.84751,23.10468,15.12556,14.69266
3004.85820,-0.52347,2.16614,73.86973,20.83223,23.12073,15.20960,14.70717
3004.86820,-0.50706,2.16596,74.01785,20.87869,23.16180,15.26346,14.71391
3004.87820,-0.51437,2.17407,74.15301,20.92729,23.22001,15.26833,14.73738
3004.88820,-0.52779,2.18129,74.20873,20.95023,23.25373,15.24960,14.75517
3004.89820,-0.51477,2.18048,74.10422,20.95023,23.18884,15.22089,14.74426
3004.90820,-0.50510,2.17988,74.02673,20.95023,23.14073,15.19960,14.73617
3004.91820,-0.50163,2.19526,73.93545,20.93959,23.14689,15.17160,14.67737
3004.92820,-0.48287,2.18527,73.85507,20.90814,23.09804,15.19579,14.65311
3004.93820,-0.47114,2.16908,73.84873,20.89123,23.05873,15.22960,14.66917
3004.94820,-0.47312,2.16743,73.85564,20.89002,23.05873,15.23081,14.67608
3004.95820,-0.49215,2.14450,73.93161,20.84772,23.07188,15.27778,14.73423
3004.96820,-0.49849,2.12955,73.96673,20.80223,23.08973,15.32960,14.74517
3004.97820,-0.48565,2.13182,74.00149,20.83240,23.08754,15.33834,14.74321
3004.98820,-0.45363,2.13747,74.08837,20.90781,23.08208,15.36020,14.73829
3004.99820,-0.43988,2.13990,74.12573,20.94023,23.07973,15.36960,14.73617
3005.00820,-0.44422,2.14897,73.97397,20.92985,23.02942,15.29822,14.71648
3005.01820,-0.45535,2.15293,73.93673,20.91123,23.03873,15.27960,14.70717
3005.02820,-0.44204,2.15673,73.90408,20.91797,23.02492,15.27960,14.68159
3005.03820,-0.40870,2.15225,73.85509,20.91816,22.98106,15.31227,14.64359
3005.04820,-0.39413,2.12754,73.88673,20.89123,22.94673,15.37960,14.66917
3005.05820,-0.39636,2.12789,73.89872,20.89743,22.94879,15.37547,14.67703
3005.06820,-0.40357,2.12904,73.93739,20.91743,22.95546,15.36213,14.70236
3005.07820,-0.40718,2.12613,73.96898,20.91315,22.96905,15.37576,14.71101
3005.08820,-0.41012,2.11956,74.05318,20.89758,23.01323,15.42760,14.71477
3005.09820,-0.38222,2.14700,73.99818,20.97544,22.99180,15.37046,14.66049
3005.10820,-0.37489,2.15431,74.00453,21.00194,22.99282,15.35960,14.65017
3005.11820,-0.36831,2.16674,74.07535,21.05223,23.02501,15.35536,14.64275
3005.12820,-0.41178,2.19535,73.92573,20.96023,23.12073,15.29960,14.54517
3005.13820,-0.41081,2.19543,73.92004,20.96136,23.11650,15.29735,14.54484
3005.14820,-0.39683,2.19669,73.83876,20.97740,23.05607,15.26527,14.54002
3005.15820,-0.38395,2.19518,73.78078,20.98707,23.00693,15.24910,14.53768
3005.16820,-0.36298,2.16693,73.85941,20.95165,22.99773,15.35889,14.55114
3005.17820,-0.34494,2.18070,73.81573,20.97023,22.99773,15.34960,14.49817
3005.18820,-0.34663,2.17888,73.82716,20.97115,22.99773,15.35143,14.50686
3005.19820,-0.36770,2.15618,73.97002,20.98258,22.99773,15.37429,14.61543
3005.20820,-0.37051,2.14245,74.07959,20.99980,23.00103,15.40610,14.67266
3005.21820,-0.34767,2.14534,74.10773,21.01923,23.00773,15.43960,14.64117
3005.22820,-0.34596,2.14287,74.11245,21.01923,23.00249,15.44484,14.64589
3005.23820,-0.34489,2.14255,74.11734,21.02247,23.00111,15.44584,14.64792
3005.24820,-0.35171,2.17006,74.12607,21.06878,23.04943,15.39215,14.61570
3005.25820,-0.40042,2.19022,74.08797,21.00471,23.15634,15.35413,14.57279
3005.26820,-0.41387,2.19275,74.07573,20.98023,23.18173,15.34960,14.56417
3005.27820,-0.39271,2.22427,73.98068,21.07433,23.13325,15.24505,14.52805
3005.28820,-0.43691,2.22692,74.05538,21.02166,23.23916,15.25879,14.53577
3005.29820,-0.43882,2.22696,74.05873,21.01923,23.24373,15.25960,14.53617
3005.30820,-0.44201,2.25868,74.11453,21.07880,23.32063,15.22190,14.49320
3005.31820,-0.44305,2.26903,74.13273,21.09823,23.34573,15.20960,14.47917
3005.32820,-0.44751,2.28147,73.83114,21.03331,23.27012,15.11920,14.40850
3005.33820,-0.42754,2.28876,73.64273,21.01923,23.19469,15.07500,14.35381
3005.34820,-0.42293,2.28976,73.61573,21.01923,23.18173,15.06960,14.34517
3005.35820,-0.43624,2.26965,73.63038,20.97936,23.16545,15.09401,14.39156
3005.36820,-0.39400,2.20580,73.77386,20.94593,23.07830,15.26970,14.47993
3005.37820,-0.38341,2.19193,73.80673,20.94023,23.05873,15.30960,14.49817
3005.38820,-0.39855,2.17434,74.01940,20.95071,23.11792,15.37770,14.57308
3005.39820,-0.41223,2.15844,74.21273,20.96023,23.17173,15.43960,14.64117
3005.40820,-0.40546,2.14794,74.33033,20.97423,23.19343,15.49490,14.66777
3005.41820,-0.38312,2.12482,74.39823,20.98723,23.14533,15.55360,14.71207
3005.42820,-0.37479,2.11683,74.40573,20.99023,23.12073,15.56860,14.72617
3005.43820,-0.40095,2.14151,74.20063,20.94193,23.12773,15.47130,14.65967
3005.44820,-0.39899,2.13576,73.92591,20.86143,23.02642,15.42033,14.61773
3005.45820,-0.38362,2.11672,73.70973,20.79223,22.90573,15.40960,14.60217
3005.46820,-0.40598,2.12415,73.67116,20.76978,22.92933,15.37505,14.59699
3005.47820,-0.42248,2.12963,73.64273,20.75323,22.94673,15.34960,14.59317
3005.48820,-0.40882,2.13538,73.74262,20.81418,22.96366,15.36089,14.60390
3005.49820,-0.39166,2.13828,73.87573,20.87787,22.98837,15.39178,14.61772
3005.50820,-0.38633,2.13704,73.92073,20.89123,22.99773,15.40960,14.62217
3005.51820,-0.38633,2.13704,73.92073,20.89123,22.99773,15.40960,14.62217
3005.52820,-0.37855,2.12832,73.91071,20.88288,22.97184,15.42630,14.62969
3005.53820,-0.39161,2.12296,73.95947,20.85711,23.00914,15.45372,14.63949
3005.54820,-0.39456,2.12222,73.96973,20.85223,23.01773,15.45860,14.64117
3005.55820,-0.39664,2.11261,73.99405,20.83547,23.01773,15.48375,14.65710
3005.56820,-0.39704,2.11076,73.99873,20.83223,23.01773,15.48860,14.66017
3005.57820,-0.38486,2.11441,74.00537,20.87290,22.99283,15.47200,14.66764
3005.58820,-0.36899,2.08210,73.99465,20.84175,22.91278,15.52501,14.71511
3005.59820,-0.36577,2.07414,73.99173,20.83223,22.89473,15.53860,14.72617
3005.60820,-0.38766,2.08068,73.97311,20.83223,22.90497,15.49205,14.74386
3005.61820,-0.38174,2.09718,73.96502,20.85142,22.93450,15.47901,14.70009
3005.62820,-0.37976,2.09627,73.97192,20.85132,22.93573,15.48587,14.69899
3005.63820,-0.36317,2.08038,74.04373,20.84223,22.93573,15.55860,14.70717
3005.64820,-0.36976,2.08131,73.99986,20.82260,22.93243,15.54540,14.69942
3005.65820,-0.39284,2.08266,73.81170,20.73648,22.91170,15.49971,14.66382
3005.66820,-0.34927,2.06855,73.95473,20.79223,22.89473,15.58860,14.67917
3005.67820,-0.36099,2.07450,73.98741,20.79223,22.93334,15.58464,14.67719
3005.68820,-0.39990,2.09934,74.12049,20.81650,23.06847,15.55919,14.67632
3005.69820,-0.36337,2.10274,74.12373,20.92123,22.97673,15.51860,14.70717
3005.70820,-0.36337,2.10274,74.12373,20.92123,22.97673,15.51860,14.70717
3005.71820,-0.35905,2.09687,73.98873,20.83223,22.96673,15.54860,14.64117
3005.72820,-0.35819,2.09744,73.98437,20.83460,22.96364,15.54557,14.64057
3005.73820,-0.34523,2.10792,73.91281,20.87193,22.91790,15.49517,14.62781
3005.74820,-0.35147,2.12921,73.86073,20.88123,22.94673,15.44960,14.58317
3005.75820,-0.35217,2.12561,73.86945,20.88044,22.94102,15.45348,14.59450
3005.76820,-0.36136,2.08404,73.97687,20.87185,22.87847,15.49921,14.72734
3005.77820,-0.37632,2.08724,74.06459,20.88062,22.93198,15.50799,14.74401
3005.78820,-0.37736,2.08747,74.07073,20.88123,22.93573,15.50860,14.74517
3005.79820,-0.36135,2.02417,73.96038,20.76800,22.77835,15.59496,14.81906
3005.80820,-0.36068,2.02150,73.95573,20.76323,22.77173,15.59860,14.82217
3005.81820,-0.33296,2.01736,73.99470,20.77274,22.77173,15.65563,14.79461
3005.82820,-0.35711,2.01027,74.07148,20.76625,22.80037,15.65860,14.84626
3005.83820,-0.36814,2.00731,74.10373,20.76323,22.81273,15.65860,14.86917
3005.84820,-0.37839,2.02251,74.07542,20.76323,22.84544,15.62714,14.83960
3005.85820,-0.36521,2.04339,73.91964,20.74904,22.83563,15.58731,14.74766
3005.86820,-0.35732,2.04828,73.86273,20.74323,22.82373,15.57860,14.71717
3005.87820,-0.39158,2.01123,73.81970,20.62307,22.79856,15.61919,14.77888
3005.88820,-0.39952,2.00264,73.80973,20.59523,22.79273,15.62860,14.79317
3005.89820,-0.39122,1.99748,73.86357,20.64410,22.75877,15.62032,14.84039
3005.90820,-0.38208,1.98634,73.96286,20.65890,22.76618,15.66989,14.86789
3005.91820,-0.37360,1.97484,74.06373,20.66423,22.78273,15.72860,14.88817
3005.92820,-0.37506,1.97489,74.05730,20.66211,22.78124,15.72506,14.88888
3005.93820,-0.39202,1.97387,73.98755,20.63899,22.76014,15.68494,14.90348
3005.94820,-0.36611,1.95415,74.15973,20.69423,22.74173,15.75860,14.96517
3005.95820,-0.36884,1.95723,74.13744,20.68694,22.74600,15.75027,14.95424
3005.96820,-0.39235,1.98385,73.94573,20.62423,22.78273,15.67860,14.86017
3005.97820,-0.40484,1.97923,73.97051,20.63341,22.77309,15.66024,14.90377
3005.98820,-0.41991,1.97086,73.95544,20.61208,22.75845,15.64844,14.93647
3005.99820,-0.42062,1.96488,73.86473,20.54623,22.75173,15.66860,14.89817
3006.00820,-0.41447,1.95622,73.90480,20.55348,22.73990,15.69149,14.91992
3006.01820,-0.40612,1.93891,73.97801,20.55815,22.72193,15.73700,14.96093
3006.02820,-0.41788,1.91469,74.03873,20.50623,22.73073,15.79860,15.00317
3006.03820,-0.42971,1.91503,74.05687,20.51379,22.73488,15.77971,15.02848
3006.04820,-0.44917,1.91560,74.08673,20.52623,22.74173,15.74860,15.07017
3006.05820,-0.45059,1.91079,74.03986,20.49656,22.72840,15.75290,15.06200
3006.06820,-0.44654,1.90412,74.01213,20.47639,22.71073,15.76642,15.05860
3006.07820,-0.43731,1.90368,74.06573,20.50623,22.71073,15.77860,15.07017
3006.08820,-0.42524,1.90686,73.97225,20.50264,22.67010,15.75703,15.04249
3006.09820,-0.41467,1.91225,73.80342,20.47921,22.61244,15.71571,14.99606
3006.10820,-0.44030,1.91156,73.79806,20.43961,22.64667,15.70900,15.00277
3006.11820,-0.44302,1.91250,73.79763,20.43930,22.64976,15.70446,15.00410
3006.12820,-0.45328,1.92097,73.79673,20.45723,22.65873,15.66860,15.01217
3006.13820,-0.44377,1.91630,73.81752,20.44733,22.66566,15.70490,14.99963
3006.14820,-0.41673,1.91427,73.92639,20.46650,22.70349,15.78520,14.97120
3006.15820,-0.40109,1.92933,74.06173,20.54623,22.75173,15.79860,14.96517
3006.16820,-0.41399,1.92129,74.06635,20.52973,22.74480,15.79530,14.99652
3006.17820,-0.43966,1.89638,74.09655,20.49180,22.71943,15.80410,15.08121
3006.18820,-0.43811,1.87042,74.15964,20.47838,22.68520,15.85108,15.14497
3006.19820,-0.43802,1.86709,74.13357,20.47037,22.66720,15.84648,15.14952
3006.20820,-0.43863,1.87033,73.99073,20.44723,22.61773,15.79860,15.12717
3006.21820,-0.42721,1.87390,74.01047,20.46382,22.62424,15.81120,15.11121
3006.22820,-0.38860,1.89129,74.07311,20.52742,22.65359,15.84436,15.04773
3006.23820,-0.40905,1.91011,74.01774,20.53307,22.67675,15.77657,15.03135
3006.24820,-0.42051,1.92066,73.98673,20.53623,22.68973,15.73860,15.02217
3006.25820,-0.41131,1.93428,73.85822,20.54733,22.64767,15.68018,14.98303
3006.26820,-0.40606,1.93249,73.77248,20.52709,22.61198,15.66731,14.96608
3006.27820,-0.40704,1.92396,73.77673,20.50623,22.60773,15.68860,14.97417
3006.28820,-0.41143,1.90317,73.96673,20.52052,22.63701,15.76003,15.04917
3006.29820,-0.41318,1.89488,74.04273,20.52623,22.64873,15.78860,15.07917
3006.30820,-0.40451,1.89583,74.18473,20.56812,22.69275,15.83120,15.09266
3006.31820,-0.38457,1.90755,74.33332,20.64970,22.73603,15.85676,15.09083
3006.32820,-0.38088,1.91010,74.35373,20.66423,22.74173,15.85860,15.08917
3006.33820,-0.42409,1.95300,74.19706,20.66423,22.78986,15.70759,15.03538
3006.34820,-0.44098,2.00019,74.04187,20.65464,22.86182,15.61224,14.91318
3006.35820,-0.44158,2.00207,74.03573,20.65423,22.86473,15.60860,14.90817
3006.36820,-0.44507,2.01998,73.96952,20.67343,22.86473,15.55102,14.88035
3006.37820,-0.44521,2.02074,73.96673,20.67423,22.86473,15.54860,14.87917
3006.38820,-0.46438,2.04903,73.77857,20.63583,22.88393,15.46220,14.79661
3006.39820,-0.44412,2.05188,73.89089,20.69717,22.89808,15.49039,14.80525
3006.40820,-0.43208,2.05284,73.95973,20.73323,22.90573,15.50860,14.81217
3006.41820,-0.46581,2.07042,73.97720,20.74987,22.95646,15.44290,14.82798
3006.42820,-0.44683,2.08982,73.99069,20.80220,22.97503,15.42960,14.78386
3006.43820,-0.44155,2.09306,73.99273,20.81223,22.97673,15.42960,14.77417
3006.44820,-0.42331,2.10008,73.91222,20.81223,22.95183,15.42130,14.72686
3006.45820,-0.41957,2.10151,73.89573,20.81223,22.94673,15.41960,14.71717
3006.46820,-0.42567,2.09904,73.80967,20.79151,22.90848,15.38772,14.72195
3006.47820,-0.46333,2.10099,73.83173,20.77323,22.94613,15.35260,14.75977
3006.48820,-0.47713,2.10276,73.87373,20.77323,22.97673,15.34960,14.77417
3006.49820,-0.45864,2.10346,73.87933,20.80753,22.94803,15.34960,14.77417
3006.50820,-0.45337,2.07690,73.92133,20.78759,22.90674,15.39909,14.82791
3006.51820,-0.45447,2.06578,73.93773,20.77323,22.89473,15.41960,14.85017
3006.52820,-0.43902,2.07337,73.96160,20.79872,22.90795,15.43218,14.82275
3006.53820,-0.40662,2.08929,74.01173,20.85223,22.93573,15.45860,14.76517
3006.54820,-0.42203,2.08293,73.96120,20.79538,22.94204,15.46434,14.75943
3006.55820,-0.43844,2.09457,73.92943,20.79826,22.95813,15.41787,14.75517
3006.56820,-0.44219,2.10691,73.93373,20.83223,22.96673,15.37960,14.75517
3006.57820,-0.43372,2.12664,73.78583,20.82643,22.94875,15.32740,14.68325
3006.58820,-0.41110,2.12137,73.78555,20.83946,22.91850,15.35277,14.67482
3006.59820,-0.39893,2.10687,73.86473,20.85223,22.90573,15.39960,14.70717
3006.60820,-0.39928,2.10715,73.86092,20.85223,22.90437,15.39714,14.70717
3006.61820,-0.40174,2.10915,73.83373,20.85223,22.89473,15.37960,14.70717
3006.62820,-0.40904,2.11050,73.84392,20.84975,22.90765,15.37463,14.71190
3006.63820,-0.42602,2.11366,73.86762,20.84397,22.93771,15.36307,14.72288
3006.64820,-0.43616,2.12238,73.85945,20.85028,22.95477,15.33546,14.71893
3006.65820,-0.43738,2.12426,73.85573,20.85223,22.95673,15.32960,14.71717
3006.66820,-0.41258,2.08000,73.96513,20.83304,22.89723,15.44475,14.79010
3006.67820,-0.44305,2.11435,74.09710,20.89782,23.02209,15.39257,14.78462
3006.68820,-0.45598,2.11403,74.11693,20.88506,23.04556,15.39290,14.79341
3006.69820,-0.47890,2.10955,74.14373,20.85223,23.07973,15.39960,14.81217
3006.70820,-0.47442,2.10739,74.12805,20.84263,23.07301,15.40920,14.80321
3006.71820,-0.45896,2.11711,74.09312,20.84777,23.07877,15.41344,14.75314
3006.72820,-0.44652,2.14710,74.08973,20.90123,23.12073,15.37960,14.68817
3006.73820,-0.44652,2.14710,74.08973,20.90123,23.12073,15.37960,14.68817
3006.74820,-0.44091,2.15855,73.88620,20.88517,23.05297,15.30556,14.64250
3006.75820,-0.44896,2.16615,73.83273,20.86123,23.06973,15.28960,14.61217
3006.76820,-0.45794,2.16214,73.80881,20.83786,23.06589,15.28595,14.61911
3006.77820,-0.49822,2.14417,73.70173,20.73323,23.04873,15.26960,14.65017
3006.78820,-0.49472,2.14434,73.72651,20.74709,23.05013,15.27380,14.65549
3006.79820,-0.47810,2.14513,73.84451,20.81309,23.05679,15.29380,14.68083
3006.80820,-0.48642,2.13271,74.06573,20.86123,23.09973,15.33960,14.76517
3006.81820,-0.48491,2.13323,74.07680,20.86123,23.10799,15.34760,14.75997
3006.82820,-0.47734,2.13584,74.13213,20.86123,23.14933,15.38760,14.73397
3006.83820,-0.52348,2.12932,74.15673,20.82223,23.18173,15.35960,14.79317
3006.84820,-0.52165,2.13356,74.15499,20.82849,23.18822,15.35564,14.78264
3006.85820,-0.50028,2.18285,74.13473,20.90123,23.26373,15.30960,14.66017
3006.86820,-0.49984,2.18281,74.12195,20.89954,23.25767,15.30579,14.65895
3006.87820,-0.49442,2.18231,73.96216,20.87838,23.18201,15.25817,14.64360
3006.88820,-0.49203,2.18506,73.81297,20.85002,23.13042,15.21770,14.61483
3006.89820,-0.50068,2.19858,73.72873,20.80223,23.17173,15.20960,14.54517
3006.90820,-0.49660,2.19766,73.74984,20.80991,23.17365,15.21920,14.54709
3006.91820,-0.48285,2.19379,73.87648,20.85804,23.18850,15.25637,14.57356
3006.92820,-0.49007,2.19384,73.95573,20.89123,23.20273,15.24960,14.61217
3006.93820,-0.48386,2.19232,74.01181,20.91975,23.20273,15.25910,14.63023
3006.94820,-0.48354,2.19224,74.01473,20.92123,23.20273,15.25960,14.63117
3006.95820,-0.50908,2.19386,74.04407,20.90657,23.24013,15.24493,14.65244
3006.96820,-0.50066,2.18650,74.10909,20.93335,23.22820,15.26431,14.68323
3006.97820,-0.49687,2.18480,74.12073,20.94023,23.22273,15.26960,14.68817
3006.98820,-0.46816,2.16688,74.02196,20.89956,23.14637,15.31110,14.66493
3006.99820,-0.46267,2.16441,73.95826,20.87806,23.12194,15.31082,14.64744
3007.00820,-0.46315,2.16586,73.90588,20.86219,23.11136,15.30023,14.63209
3007.01820,-0.46318,2.16595,73.90273,20.86123,23.11073,15.29960,14.63117
3007.02820,-0.45800,2.15250,73.75081,20.80521,23.03287,15.29011,14.62263
3007.03820,-0.45772,2.15179,73.74273,20.80223,23.02873,15.28960,14.62217
3007.04820,-0.42253,2.12695,73.90828,20.84926,22.99957,15.38366,14.67579
3007.05820,-0.45697,2.13108,73.98779,20.81387,23.09556,15.39919,14.67917
3007.06820,-0.46824,2.14407,74.00985,20.84453,23.12016,15.36005,14.68511
3007.07820,-0.46842,2.14230,73.98689,20.82321,23.12208,15.36985,14.67175
3007.08820,-0.46204,2.13129,73.94373,20.77323,23.11073,15.40960,14.65017
3007.09820,-0.45525,2.13551,73.91903,20.77768,23.10529,15.40466,14.63140
3007.10820,-0.44829,2.13983,73.89373,20.78223,23.09973,15.39960,14.61217
3007.11820,-0.45414,2.12255,73.82119,20.75978,23.02315,15.37657,14.66169
3007.12820,-0.45693,2.09727,73.74017,20.68638,22.96673,15.40554,14.68152
3007.13820,-0.45581,2.08797,73.71973,20.64423,22.96673,15.43960,14.66917
3007.14820,-0.45386,2.08810,73.74235,20.65562,22.96911,15.44260,14.67502
3007.15820,-0.43192,2.09589,74.02641,20.80411,23.01396,15.47068,14.73765
3007.16820,-0.43392,2.10557,74.04573,20.82223,23.03873,15.45860,14.72617
3007.17820,-0.40660,2.10603,74.11559,20.85180,23.05201,15.51003,14.70174
3007.18820,-0.37024,2.10663,74.20873,20.89123,23.06973,15.57860,14.66917
3007.19820,-0.37616,2.10606,74.15352,20.88107,23.04534,15.55150,14.67561
3007.20820,-0.38964,2.10439,74.03150,20.85307,22.99563,15.49651,14.68629
3007.21820,-0.39686,2.10227,73.97773,20.82223,22.98773,15.48860,14.67917
3007.22820,-0.37672,2.10048,73.92704,20.82223,22.95192,15.49810,14.65478
3007.23820,-0.34438,2.08556,73.83216,20.79799,22.87166,15.53088,14.63164
3007.24820,-0.36962,2.06057,73.86473,20.74323,22.86473,15.55860,14.69817
3007.25820,-0.36559,2.05711,73.89720,20.75350,22.86242,15.57117,14.71011
3007.26820,-0.35262,2.04598,74.00193,20.78660,22.85499,15.61171,14.74863
3007.27820,-0.35710,2.04201,74.03546,20.78272,22.86577,15.62443,14.76255
3007.28820,-0.37765,2.04408,74.10334,20.77064,22.92457,15.63472,14.77340
3007.29820,-0.34354,2.09497,74.11573,20.90123,22.96673,15.56860,14.67917
3007.30820,-0.34354,2.09497,74.11573,20.90123,22.96673,15.56860,14.67917
3007.31820,-0.34157,2.13508,74.26508,21.01223,23.07476,15.53446,14.64362
3007.32820,-0.30542,2.15644,74.08073,21.03923,23.00773,15.47860,14.55517
3007.33820,-0.30542,2.15644,74.08073,21.03923,23.00773,15.47860,14.55517
3007.34820,-0.35898,2.17923,73.82373,20.97023,22.99773,15.32960,14.52617
3007.35820,-0.35937,2.17879,73.82242,20.96801,22.99773,15.33051,14.52617
3007.36820,-0.36428,2.17322,73.80594,20.94017,22.99773,15.34187,14.52617
3007.37820,-0.35034,2.16017,73.80055,20.92447,22.96799,15.37869,14.52941
3007.38820,-0.31415,2.14079,73.81273,20.93123,22.90573,15.43960,14.53617
3007.39820,-0.33000,2.12689,73.84959,20.91123,22.90258,15.45074,14.58503
3007.40820,-0.34633,2.03322,74.26973,20.83223,22.92573,15.70860,14.80317
3007.41820,-0.34599,2.03447,74.26280,20.83294,22.92502,15.70506,14.79978
3007.42820,-0.34153,2.05097,74.17173,20.84223,22.91573,15.65860,14.75517
3007.43820,-0.34153,2.05097,74.17173,20.84223,22.91573,15.65860,14.75517
3007.44820,-0.36617,2.04942,74.18028,20.82323,22.93473,15.63960,14.78272
3007.45820,-0.37964,2.07843,74.18453,20.85073,23.00413,15.59110,14.73857
3007.46820,-0.38029,2.07996,74.18473,20.85223,23.00773,15.58860,14.73617
3007.47820,-0.34579,2.08740,74.04356,20.87012,22.93055,15.56036,14.68253
3007.48820,-0.36366,2.09556,74.00505,20.85948,22.94490,15.52149,14.67917
3007.49820,-0.37604,2.10032,73.98673,20.85223,22.95673,15.49860,14.67917
3007.50820,-0.35563,2.10653,73.88281,20.84411,22.92344,15.49048,14.62478
3007.51820,-0.35089,2.10797,73.85873,20.84223,22.91573,15.48860,14.61217
3007.52820,-0.34567,2.08522,73.88869,20.80281,22.89917,15.55168,14.63504
3007.53820,-0.36820,2.07884,73.86875,20.76975,22.89977,15.53648,14.66274
3007.54820,-0.39645,2.07852,73.83573,20.74323,22.90573,15.49860,14.68817
3007.55820,-0.38670,2.07993,73.85693,20.76248,22.90359,15.50638,14.68448
3007.56820,-0.37511,2.04700,74.00308,20.77967,22.86590,15.58078,14.77673
3007.57820,-0.38723,2.03062,74.02773,20.75323,22.85373,15.59860,14.82217
3007.58820,-0.36721,2.03965,74.08538,20.78768,22.88255,15.62672,14.78843
3007.59820,-0.36837,2.04235,74.11579,20.80223,22.89473,15.62514,14.79369
3007.60820,-0.37303,2.04182,74.11873,20.80223,22.89473,15.61860,14.80317
3007.61820,-0.37693,2.04601,74.11259,20.80546,22.90151,15.60568,14.79994
3007.62820,-0.38510,2.05481,74.09973,20.81223,22.91573,15.57860,14.79317
3007.63820,-0.39447,2.06930,73.97346,20.79035,22.91011,15.52248,14.75052
3007.64820,-0.41873,2.08073,73.80690,20.73333,22.90573,15.45637,14.71147
3007.65820,-0.43152,2.08077,73.75573,20.70323,22.90573,15.43960,14.70717
3007.66820,-0.42173,2.07572,73.74493,20.68674,22.89947,15.46746,14.69125
3007.67820,-0.40437,2.07174,73.76195,20.69611,22.88731,15.49602,14.68251
3007.68820,-0.38752,2.07151,73.80473,20.73323,22.87473,15.50860,14.68817
3007.69820,-0.40284,2.08313,73.82341,20.75061,22.90600,15.47429,14.69252
3007.70820,-0.42277,2.09825,73.84773,20.77323,22.94673,15.42960,14.69817
3007.71820,-0.42593,2.09279,73.87759,20.76612,22.95384,15.44595,14.71168
3007.72820,-0.43364,2.07950,73.95043,20.74878,22.97118,15.48584,14.74463
3007.73820,-0.45463,2.05809,74.16468,20.73636,23.04061,15.56729,14.82043
3007.74820,-0.46304,2.05029,74.25173,20.73323,23.06973,15.59860,14.85017
3007.75820,-0.40600,2.04354,74.20481,20.75363,22.99969,15.65300,14.79849
3007.76820,-0.44832,2.05675,74.22645,20.72160,23.08746,15.62309,14.79430
3007.77820,-0.47883,2.06397,74.24573,20.70323,23.14073,15.59860,14.80317
3007.78820,-0.46736,2.05496,74.07710,20.68017,23.03493,15.55883,14.80317
3007.79820,-0.46358,2.05806,73.99308,20.67423,23.00136,15.53012,14.78737
3007.80820,-0.46091,2.07562,73.86196,20.67423,22.98083,15.47052,14.73637
3007.81820,-0.48653,2.07491,73.82673,20.63423,22.99773,15.44960,14.74517
3007.82820,-0.48590,2.07373,73.81232,20.63032,22.98929,15.44754,14.74517
3007.83820,-0.48249,2.06157,73.80112,20.61355,22.96009,15.46465,14.76283
3007.84820,-0.47765,2.02419,74.02073,20.60523,22.97673,15.58860,14.85017
3007.85820,-0.47949,2.02400,74.02179,20.60655,22.97541,15.58465,14.85517
3007.86820,-0.48869,2.02305,74.02705,20.61313,22.96883,15.56492,14.88017
3007.87820,-0.49080,2.02376,74.03420,20.61874,22.96976,15.55919,14.88651
3007.88820,-0.47492,2.03873,74.12468,20.67473,23.01568,15.57460,14.85967
3007.89820,-0.42427,2.01608,74.19973,20.68423,22.97673,15.68860,14.85017
3007.90820,-0.42289,2.01967,74.18335,20.68696,22.97603,15.68020,14.84016
3007.91820,-0.40804,2.06892,73.95452,20.71786,22.97019,15.56248,14.70398
3007.92820,-0.45619,2.08893,73.80073,20.64423,23.01773,15.47860,14.66017
3007.93820,-0.45619,2.08893,73.80073,20.64423,23.01773,15.47860,14.66017
3007.94820,-0.45560,2.09511,73.80073,20.67423,23.00773,15.44960,14.66917
3007.95820,-0.45560,2.09511,73.80073,20.67423,23.00773,15.44960,14.66917
3007.96820,-0.44773,2.09310,73.82701,20.68330,23.00773,15.46682,14.66917
3007.97820,-0.42043,2.12370,73.73761,20.75849,22.97859,15.39434,14.60619
3007.98820,-0.41874,2.12567,73.73173,20.76323,22.97673,15.38960,14.60217
3007.99820,-0.42443,2.13705,73.84540,20.79987,23.04436,15.39899,14.60217
3008.00820,-0.43509,2.12152,73.92887,20.77497,23.06847,15.44660,14.63883
3008.01820,-0.43575,2.12048,73.93373,20.77323,23.06973,15.44960,14.64117
3008.02820,-0.41754,2.11608,73.97348,20.78820,23.06405,15.48521,14.63601
3008.03820,-0.40049,2.11196,74.01073,20.80223,23.05873,15.51860,14.63117
3008.04820,-0.39064,2.08333,73.92873,20.71187,23.00769,15.58554,14.62364
3008.05820,-0.41303,2.05971,74.18220,20.72667,23.06592,15.65682,14.73279
3008.06820,-0.41793,2.05608,74.23673,20.73323,23.07973,15.66860,14.75517
3008.07820,-0.43780,2.08476,74.15092,20.76507,23.09052,15.56066,14.73467
3008.08820,-0.45127,2.09795,74.02466,20.73088,23.09283,15.50996,14.69098
3008.09820,-0.44969,2.09283,74.00073,20.70323,23.08973,15.52860,14.67917
3008.10820,-0.45573,2.11370,73.98052,20.75202,23.09670,15.45960,14.67220
3008.11820,-0.45836,2.12278,73.97173,20.77323,23.09973,15.42960,14.66917
3008.12820,-0.44492,2.12316,73.91093,20.76640,23.07172,15.42960,14.64321
3008.13820,-0.43949,2.13354,73.81542,20.75636,23.05873,15.40213,14.59820
3008.14820,-0.43986,2.13820,73.78473,20.75323,23.05873,15.38960,14.58317
3008.15820,-0.42562,2.14905,73.88723,20.79773,23.11023,15.41960,14.55967
3008.16820,-0.41143,2.15986,73.98973,20.84223,23.16173,15.44960,14.53617
3008.17820,-0.40671,2.18442,73.97073,20.90430,23.16806,15.38627,14.51211
3008.18820,-0.41042,2.20418,74.03092,20.97014,23.20224,15.34362,14.51492
3008.19820,-0.41473,2.20789,74.07873,20.99023,23.22273,15.33960,14.52617
3008.20820,-0.40249,2.21438,74.02456,20.97895,23.22273,15.34524,14.47764
3008.21820,-0.40466,2.22441,73.96502,20.97595,23.22273,15.31531,14.45103
3008.22820,-0.41339,2.22818,73.95173,20.98023,23.22273,15.28960,14.45917
3008.23820,-0.40278,2.23773,73.95001,20.98023,23.25267,15.30687,14.41023
3008.24820,-0.40911,2.24353,73.99797,20.98023,23.30018,15.31960,14.39796
3008.25820,-0.42790,2.24123,74.06985,20.98023,23.33573,15.32271,14.43117
3008.26820,-0.41310,2.25121,74.04716,21.00290,23.33189,15.31424,14.39814
3008.27820,-0.39265,2.26925,73.99973,21.03923,23.32573,15.28960,14.34517
3008.28820,-0.38228,2.26344,73.96365,21.03923,23.28525,15.28960,14.34957
3008.29820,-0.37158,2.25989,73.97036,21.04786,23.26910,15.30254,14.35086
3008.30820,-0.37489,2.26495,74.03973,21.05923,23.31573,15.31960,14.34517
3008.31820,-0.36985,2.27220,74.06298,21.08800,23.32444,15.31088,14.33965
3008.32820,-0.35813,2.28904,74.11703,21.15489,23.34471,15.29061,14.32682
3008.33820,-0.36172,2.29635,74.10741,21.15823,23.35937,15.27640,14.31341
3008.34820,-0.36158,2.30996,74.04212,21.16089,23.36167,15.24188,14.27768
3008.35820,-0.34916,2.32217,73.92937,21.16693,23.32744,15.20161,14.23339
3008.36820,-0.34072,2.31786,73.92843,21.17976,23.30005,15.20273,14.24589
3008.37820,-0.32979,2.31145,73.88945,21.18195,23.25365,15.20000,14.25385
3008.38820,-0.34303,2.32083,73.78473,21.12823,23.27473,15.17960,14.20217
3008.39820,-0.34296,2.32155,73.75849,21.13143,23.25809,15.16360,14.20537
3008.40820,-0.34282,2.32310,73.70273,21.13823,23.22273,15.12960,14.21217
3008.41820,-0.34282,2.32310,73.70273,21.13823,23.22273,15.12960,14.21217
3008.42820,-0.36008,2.29573,73.75725,21.06526,23.23996,15.20000,14.25202
3008.43820,-0.36130,2.28578,73.88873,21.08823,23.26373,15.23960,14.29717
3008.44820,-0.36228,2.28430,73.90889,21.09440,23.26486,15.24166,14.30797
3008.45820,-0.36775,2.27609,74.02089,21.12869,23.27114,15.25309,14.36797
3008.46820,-0.36434,2.25925,74.13323,21.14323,23.26923,15.29960,14.42117
3008.47820,-0.35783,2.24709,74.18173,21.13823,23.26373,15.33960,14.44017
3008.48820,-0.34297,2.23195,74.20809,21.12725,23.24122,15.38901,14.45060
3008.49820,-0.33832,2.23027,74.08922,21.08572,23.20620,15.38001,14.41730
3008.50820,-0.34449,2.23904,73.97473,21.05923,23.19273,15.33960,14.38317
3008.51820,-0.34712,2.22489,73.98385,21.04213,23.16936,15.35670,14.41566
3008.52820,-0.34910,2.21422,73.99073,21.02923,23.15173,15.36960,14.44017
3008.53820,-0.35995,2.19869,73.87646,20.95820,23.10422,15.36590,14.44814
3008.54820,-0.31031,2.17410,73.81973,20.93123,23.01773,15.44960,14.42117
3008.55820,-0.31288,2.17499,73.82845,20.93355,23.02349,15.44720,14.42421
3008.56820,-0.34236,2.18523,73.92873,20.96023,23.08973,15.41960,14.45917
3008.57820,-0.34219,2.18461,73.92813,20.96070,23.08688,15.41913,14.46141
3008.58820,-0.33969,2.17572,73.91946,20.96737,23.04621,15.41247,14.49341
3008.59820,-0.35450,2.18328,74.02786,21.00761,23.09507,15.40026,14.52493
3008.60820,-0.35561,2.18408,74.03573,21.01023,23.09973,15.39960,14.52617
3008.61820,-0.33111,2.18366,73.98965,21.01023,23.07093,15.41880,14.48969
3008.62820,-0.37205,2.18245,73.88413,20.93514,23.07923,15.37208,14.49768
3008.63820,-0.37424,2.18239,73.87873,20.93123,23.07973,15.36960,14.49817
3008.64820,-0.36999,2.18826,73.90750,20.96000,23.08710,15.36222,14.49817
3008.65820,-0.36848,2.19034,73.91773,20.97023,23.08973,15.35960,14.49817
3008.66820,-0.35715,2.13782,73.89698,20.87229,23.00507,15.46667,14.55295
3008.67820,-0.37109,2.08498,73.91000,20.75330,22.96050,15.56828,14.62792
3008.68820,-0.37931,2.06369,73.91873,20.70323,22.94673,15.60860,14.66017
3008.69820,-0.37934,2.04713,74.03219,20.73804,22.92515,15.62948,14.73953
3008.70820,-0.40039,2.01523,74.18488,20.70514,22.94430,15.70133,14.83411
3008.71820,-0.40951,2.00452,74.22973,20.68423,22.95673,15.72860,14.86017
3008.72820,-0.40845,2.00686,74.17030,20.64324,22.97039,15.74226,14.81440
3008.73820,-0.41336,2.01699,74.11571,20.64225,22.97222,15.70807,14.79317
3008.74820,-0.41997,2.02804,74.08273,20.66423,22.96673,15.65860,14.79317
3008.75820,-0.41474,2.05109,74.06305,20.71274,22.98149,15.60939,14.75943
3008.76820,-0.41253,2.06083,74.05473,20.73323,22.98773,15.58860,14.74517
3008.77820,-0.42634,2.07315,73.99346,20.71450,23.01027,15.55368,14.71501
3008.78820,-0.46910,2.09065,73.81499,20.64060,23.03536,15.46720,14.67183
3008.79820,-0.47892,2.08380,73.77973,20.61523,23.01773,15.45860,14.68817
3008.80820,-0.46047,2.08693,73.81993,20.65486,23.01198,15.47009,14.68301
3008.81820,-0.44680,2.08924,73.84973,20.68423,23.00773,15.47860,14.67917
3008.82820,-0.44680,2.08924,73.84973,20.68423,23.00773,15.47860,14.67917
3008.83820,-0.43360,2.07726,73.96945,20.71621,23.00773,15.52780,14.71771
3008.84820,-0.45242,2.10473,74.02226,20.77870,23.06561,15.45901,14.71894
3008.85820,-0.45771,2.11206,74.02873,20.79223,23.07973,15.43960,14.71717
3008.86820,-0.49184,2.15363,73.87363,20.79223,23.12248,15.30546,14.65346
3008.87820,-0.46085,2.16566,73.79182,20.77430,23.13073,15.33623,14.55057
3008.88820,-0.45861,2.16590,73.78873,20.77323,23.13073,15.33960,14.54517
3008.89820,-0.45850,2.15079,73.66573,20.73323,23.04873,15.31960,14.56417
3008.90820,-0.46380,2.14334,73.71197,20.73323,23.05213,15.33320,14.59341
3008.91820,-0.47707,2.12858,73.88094,20.74071,23.09721,15.38575,14.65727
3008.92820,-0.48208,2.12804,74.01373,20.75323,23.16173,15.42960,14.66917
3008.93820,-0.48208,2.12804,74.01373,20.75323,23.16173,15.42960,14.66917
3008.94820,-0.46879,2.14501,74.08702,20.82160,23.19196,15.41980,14.65366
3008.95820,-0.45993,2.16815,74.09573,20.88123,23.21273,15.37960,14.62217
3008.96820,-0.46416,2.17677,74.03205,20.88123,23.20281,15.34120,14.60681
3008.97820,-0.47318,2.19513,73.89673,20.88123,23.18173,15.25960,14.57417
3008.98820,-0.47251,2.19540,73.83436,20.86836,23.15830,15.24310,14.56460
3008.99820,-0.46671,2.19507,73.70118,20.84442,23.10177,15.21179,14.54321
3009.00820,-0.45321,2.19239,73.68131,20.85104,23.07461,15.21841,14.53725
3009.01820,-0.44948,2.18839,73.71142,20.84392,23.08678,15.24663,14.53409
3009.02820,-0.44838,2.17245,73.85731,20.81223,23.15375,15.35162,14.53971
3009.03820,-0.46361,2.16216,73.92673,20.81223,23.16173,15.35960,14.59317
3009.04820,-0.45691,2.16119,73.93826,20.82270,23.15497,15.36622,14.59437
3009.05820,-0.42342,2.15635,73.99587,20.87501,23.12120,15.39934,14.60033
3009.06820,-0.41233,2.15362,74.03127,20.89406,23.11433,15.41660,14.60627
3009.07820,-0.40408,2.13736,74.25437,20.92883,23.15925,15.50540,14.66089
3009.08820,-0.41743,2.13556,74.16973,20.90123,23.13073,15.46860,14.66917
3009.09820,-0.41561,2.13789,74.17306,20.90711,23.13441,15.46747,14.66406
3009.10820,-0.38945,2.17523,74.21635,20.99870,23.19007,15.44195,14.58562
3009.11820,-0.43921,2.18328,74.04173,20.97023,23.14073,15.29960,14.63117
3009.12820,-0.43921,2.18328,74.04173,20.97023,23.14073,15.29960,14.63117
3009.13820,-0.45244,2.19244,73.70953,20.83842,23.10421,15.24616,14.52074
3009.14820,-0.46026,2.16792,73.72825,20.82223,23.05230,15.25820,14.59552
3009.15820,-0.46630,2.16366,73.71413,20.80363,23.04873,15.25960,14.60217
3009.16820,-0.48820,2.15702,73.75246,20.73090,23.12277,15.31377,14.58502
3009.17820,-0.49051,2.15633,73.75673,20.72323,23.13073,15.31960,14.58317
3009.18820,-0.50987,2.15278,73.75321,20.67850,23.16189,15.32965,14.58317
3009.19820,-0.52649,2.15024,73.76761,20.64449,23.19626,15.34237,14.58449
3009.20820,-0.49265,2.16334,74.00773,20.78223,23.24373,15.37960,14.60217
3009.21820,-0.49230,2.16150,74.01767,20.78466,23.24124,15.38263,14.60914
3009.22820,-0.48689,2.13304,74.17173,20.82223,23.20273,15.42960,14.71717
3009.23820,-0.48584,2.13238,74.17037,20.82337,23.19864,15.42960,14.71876
3009.24820,-0.46320,2.11953,74.16118,20.84599,23.12875,15.44126,14.74517
3009.25820,-0.44226,2.11181,74.21573,20.86123,23.12073,15.48860,14.74517
3009.26820,-0.42804,2.09899,74.27390,20.87445,23.10024,15.52826,14.77095
3009.27820,-0.45710,2.13077,74.23346,20.87583,23.17838,15.45725,14.72201
3009.28820,-0.48805,2.16341,74.17373,20.87123,23.25373,15.37960,14.66917
3009.29820,-0.48000,2.19646,74.11813,20.91143,23.28789,15.32601,14.59280
3009.30820,-0.47603,2.21277,74.09073,20.93123,23.30473,15.29960,14.55517
3009.31820,-0.47668,2.24451,73.89526,20.91742,23.30473,15.21671,14.45640
3009.32820,-0.47736,2.27668,73.77932,20.95906,23.29780,15.11722,14.40524
3009.33820,-0.47753,2.28461,73.76673,20.98023,23.29473,15.08960,14.40217
3009.34820,-0.48111,2.29166,73.55700,20.92626,23.24554,15.03495,14.35025
3009.35820,-0.47936,2.28521,73.50430,20.91042,23.20894,15.02798,14.35696
3009.36820,-0.47536,2.27378,73.55673,20.92123,23.19273,15.04960,14.39317
3009.37820,-0.48447,2.25286,73.61186,20.88678,23.19273,15.09554,14.43682
3009.38820,-0.49121,2.23738,73.65273,20.86123,23.19273,15.12960,14.46917
3009.39820,-0.47878,2.20015,73.81681,20.85619,23.17537,15.23600,14.54925
3009.40820,-0.47958,2.15487,74.11191,20.85223,23.20817,15.38288,14.66863
3009.41820,-0.49210,2.13565,74.31073,20.85223,23.26373,15.45860,14.73617
3009.42820,-0.48604,2.14964,74.36310,20.89514,23.29754,15.45169,14.71872
3009.43820,-0.48430,2.18683,74.28178,20.94453,23.32100,15.36554,14.65071
3009.44820,-0.49583,2.20344,74.05773,20.91123,23.27473,15.26960,14.60217
3009.45820,-0.49119,2.22430,74.00753,20.91953,23.30418,15.24471,14.53911
3009.46820,-0.48463,2.25376,73.93673,20.93123,23.34573,15.20960,14.45017
3009.47820,-0.49870,2.24926,73.84733,20.88483,23.32401,15.18831,14.45017
3009.48820,-0.49592,2.24110,73.70178,20.83471,23.26063,15.17208,14.43437
3009.49820,-0.46525,2.23819,73.66673,20.85223,23.21273,15.18960,14.41217
3009.50820,-0.46525,2.23819,73.66673,20.85223,23.21273,15.18960,14.41217
3009.51820,-0.46672,2.20142,73.77817,20.82864,23.18397,15.26522,14.50034
3009.52820,-0.43502,2.17472,73.90873,20.85223,23.15173,15.35960,14.54517
3009.53820,-0.44424,2.17040,73.97470,20.85757,23.17166,15.37083,14.57465
3009.54820,-0.46780,2.15937,74.14373,20.87123,23.22273,15.39960,14.65017
3009.55820,-0.46070,2.15472,74.15660,20.86937,23.21713,15.41992,14.65017
3009.56820,-0.43919,2.14066,74.19558,20.86372,23.20018,15.48150,14.65017
3009.57820,-0.44882,2.13279,74.22292,20.85614,23.19838,15.48597,14.68242
3009.58820,-0.46346,2.13150,74.23073,20.85223,23.20273,15.46860,14.70717
3009.59820,-0.44201,2.15040,74.26853,20.90753,23.23143,15.46860,14.66097
3009.60820,-0.41606,2.18222,74.21196,20.95826,23.25066,15.43464,14.56840
3009.61820,-0.40862,2.19275,74.17973,20.97023,23.25373,15.41960,14.53617
3009.62820,-0.40535,2.21595,73.98260,20.97023,23.21148,15.32849,14.47240
3009.63820,-0.40365,2.22051,73.93960,20.97161,23.19921,15.30891,14.45986
3009.64820,-0.39278,2.21658,73.92332,20.98898,23.15940,15.30212,14.47282
3009.65820,-0.40793,2.21480,73.98954,20.98235,23.19980,15.31536,14.49203
3009.66820,-0.40904,2.21554,74.01163,20.98430,23.21342,15.32236,14.49155
3009.67820,-0.36200,2.23421,74.02004,21.03796,23.22540,15.35322,14.40345
3009.68820,-0.37997,2.24007,74.00057,21.03125,23.23950,15.31967,14.41016
3009.69820,-0.38710,2.24416,73.98929,21.02994,23.24733,15.30324,14.40878
3009.70820,-0.41007,2.27486,73.91773,21.03923,23.29473,15.21960,14.36417
3009.71820,-0.40799,2.27406,73.91479,21.04063,23.28899,15.22030,14.36487
3009.72820,-0.37877,2.26322,73.87722,21.05923,23.21273,15.23314,14.37212
3009.73820,-0.35716,2.25961,73.89673,21.05923,23.21273,15.27960,14.34517
3009.74820,-0.35798,2.25988,73.89771,21.05877,23.21463,15.27914,14.34517
3009.75820,-0.36975,2.26364,73.91161,21.05215,23.24178,15.27251,14.34517
3009.76820,-0.36305,2.24529,73.94884,21.06701,23.18973,15.28738,14.40473
3009.77820,-0.36157,2.24279,73.95273,21.06923,23.18173,15.28960,14.41217
3009.78820,-0.36948,2.24041,74.09413,21.09675,23.23107,15.31807,14.44823
3009.79820,-0.36990,2.24028,74.10173,21.09823,23.23373,15.31960,14.45017
3009.80820,-0.40830,2.24086,73.99284,21.00703,23.26165,15.29168,14.43249
3009.81820,-0.41428,2.24912,73.98367,21.02627,23.26373,15.25771,14.43596
3009.82820,-0.41703,2.25637,73.98273,21.04923,23.26373,15.22960,14.44017
3009.83820,-0.37256,2.26516,73.87859,21.06576,23.21331,15.23787,14.36165
3009.84820,-0.37832,2.24012,73.81241,21.02169,23.13665,15.23960,14.41447
3009.85820,-0.38197,2.23363,73.80173,21.01023,23.12073,15.23960,14.43117
3009.86820,-0.38663,2.22310,73.83389,20.96317,23.15288,15.29450,14.42333
3009.87820,-0.38791,2.22020,73.84273,20.95023,23.16173,15.30960,14.42117
3009.88820,-0.38637,2.21796,73.77221,20.93450,23.12809,15.29333,14.41629
3009.89820,-0.39244,2.20290,73.82559,20.92123,23.12449,15.32246,14.45741
3009.90820,-0.40052,2.18847,73.94973,20.92123,23.15173,15.36960,14.50717
3009.91820,-0.38905,2.15222,74.03192,20.89429,23.10996,15.45651,14.57117
3009.92820,-0.39659,2.12224,74.18765,20.87433,23.12492,15.54000,14.64840
3009.93820,-0.40246,2.11665,74.23973,20.87123,23.14073,15.55860,14.66917
3009.94820,-0.38604,2.11693,74.33245,20.90808,23.15976,15.59544,14.66917
3009.95820,-0.37574,2.11711,74.39073,20.93123,23.17173,15.61860,14.66917
3009.96820,-0.38251,2.11703,74.39657,20.92831,23.17786,15.61276,14.67764
3009.97820,-0.39503,2.11689,74.40738,20.92291,23.18921,15.60195,14.69331
3009.98820,-0.45482,2.12892,74.26173,20.85223,23.21273,15.49860,14.69817
3009.99820,-0.42841,2.12970,74.12370,20.82988,23.15573,15.49860,14.63950
3010.00820,-0.38378,2.13474,73.93223,20.82873,23.05958,15.48210,14.56182
3010.01820,-0.36435,2.13836,73.86473,20.84223,23.01773,15.46860,14.53617
3010.02820,-0.37597,2.12681,73.81343,20.78580,23.00633,15.48000,14.54130
3010.03820,-0.38475,2.11810,73.77473,20.74323,22.99773,15.48860,14.54517
3010.04820,-0.39290,2.11339,73.82296,20.73997,23.01434,15.50163,14.56700
3010.05820,-0.41757,2.10962,74.03743,20.77612,23.09306,15.52860,14.63964
3010.06820,-0.42595,2.11599,74.16073,20.82223,23.14073,15.52860,14.66917
3010.07820,-0.42595,2.11599,74.16073,20.82223,23.14073,15.52860,14.66917
3010.08820,-0.38957,2.14052,74.19473,20.89123,23.17173,15.53860,14.59317
3010.09820,-0.40135,2.13812,74.18284,20.88008,23.16801,15.52374,14.61101
3010.10820,-0.42216,2.13670,74.13211,20.85734,23.15600,15.48595,14.63282
3010.11820,-0.43256,2.16730,73.77773,20.81223,23.08973,15.33960,14.53617
3010.12820,-0.43176,2.16387,73.78041,20.80273,23.08973,15.35178,14.53617
3010.13820,-0.40831,2.14819,73.85065,20.79792,23.08554,15.43102,14.53617
3010.14820,-0.37922,2.14121,73.93673,20.83223,23.07973,15.48860,14.53617
3010.15820,-0.38190,2.14250,73.88505,20.81920,23.06626,15.47166,14.52792
3010.16820,-0.38540,2.14420,73.81773,20.80223,23.04873,15.44960,14.51717
3010.17820,-0.37446,2.13265,73.90799,20.83587,23.03127,15.47898,14.56188
3010.18820,-0.36310,2.11735,74.02459,20.87295,23.01373,15.51860,14.61932
3010.19820,-0.37112,2.11791,74.01235,20.85322,23.02801,15.51860,14.61251
3010.20820,-0.37540,2.12137,74.03115,20.86162,23.04199,15.51213,14.61541
3010.21820,-0.38740,2.13802,74.03546,20.88433,23.07593,15.47101,14.60419
3010.22820,-0.39611,2.15918,73.95473,20.89123,23.08973,15.40960,14.56417
3010.23820,-0.38828,2.16364,73.97677,20.91236,23.09616,15.41266,14.55560
3010.24820,-0.37057,2.17372,74.02673,20.96023,23.11073,15.41960,14.53617
3010.25820,-0.37116,2.17315,74.00727,20.95143,23.10610,15.41782,14.53191
3010.26820,-0.37648,2.16230,73.82339,20.85961,23.05333,15.41022,14.50023
3010.27820,-0.37299,2.13934,73.89473,20.85223,23.02873,15.45860,14.55517
3010.28820,-0.37360,2.14126,73.89684,20.85396,23.03448,15.45687,14.55153
3010.29820,-0.37506,2.14449,73.90215,20.85197,23.05010,15.45897,14.54112
3010.30820,-0.36960,2.12016,73.88426,20.80565,23.00694,15.50581,14.56586
3010.31820,-0.37362,2.09348,73.90629,20.76423,22.97493,15.55120,14.61593
