time_s,cop_x_cm,cop_y_cm,mass_kg,tr_kg,tl_kg,br_kg,bl_kg
4590.58440,-0.05935,-4.70050,49.70086,7.32559,7.27839,17.45672,17.64016
4590.59440,-0.05935,-4.70050,49.70086,7.32559,7.27839,17.45672,17.64016
4590.60440,-0.05591,-4.70707,49.67967,7.32559,7.25786,17.45010,17.64612
4590.61440,-0.08135,-4.70830,49.68546,7.31057,7.27189,17.43882,17.66418
4590.62440,-0.08856,-4.70774,49.68986,7.30659,7.27839,17.43672,17.66816
4590.63440,-0.08463,-4.70990,49.76816,7.31529,7.28796,17.47152,17.69339
4590.64440,-0.07023,-4.69409,49.74799,7.31659,7.31523,17.47672,17.63945
4590.65440,-0.02636,-4.70435,49.83842,7.31659,7.31939,17.57228,17.63016
4590.66440,-0.03551,-4.70342,49.77224,7.31079,7.30779,17.53452,17.61914
4590.67440,-0.04671,-4.70134,49.71386,7.30659,7.29939,17.49672,17.61116
4590.68440,-0.03393,-4.69248,49.77311,7.33584,7.30689,17.51172,17.61866
4590.69440,0.00229,-4.68536,49.73420,7.36786,7.27895,17.50187,17.58552
4590.70440,0.01339,-4.68391,49.71386,7.37559,7.26839,17.49672,17.57316
4590.71440,-0.00810,-4.69673,49.67917,7.33743,7.26839,17.49287,17.58048
4590.72440,-0.03719,-4.71409,49.63230,7.28587,7.26839,17.48766,17.59038
4590.73440,-0.05976,-4.73962,49.61350,7.24292,7.25027,17.49535,17.62496
4590.74440,-0.06251,-4.74317,49.61186,7.23759,7.24739,17.49672,17.63016
4590.75440,-0.01447,-4.74243,49.73986,7.29659,7.22739,17.55672,17.65916
4590.76440,-0.01439,-4.74200,49.73853,7.29714,7.22739,17.55560,17.65841
4590.77440,-0.01318,-4.70400,49.63026,7.34211,7.23351,17.45792,17.59672
4590.78440,-0.05457,-4.70342,49.69186,7.31659,7.27839,17.46672,17.63016
4590.79440,-0.05369,-4.70277,49.70473,7.31164,7.28854,17.47910,17.62546
4590.80440,-0.05843,-4.69511,49.74916,7.30468,7.32525,17.50277,17.61646
4590.81440,-0.07755,-4.68044,49.76286,7.32559,7.34039,17.46672,17.63016
4590.82440,-0.06600,-4.68058,49.74229,7.32559,7.33404,17.46974,17.61292
4590.83440,-0.04239,-4.68085,49.70032,7.32559,7.32108,17.47592,17.57773
4590.84440,-0.05807,-4.69034,49.69931,7.30628,7.31939,17.47672,17.59692
4590.85440,-0.08730,-4.71445,49.65786,7.27209,7.28889,17.45672,17.64016
4590.86440,-0.09742,-4.72893,49.61186,7.25759,7.25839,17.43672,17.65916
4590.87440,-0.09742,-4.72893,49.61186,7.25759,7.25839,17.43672,17.65916
4590.88440,-0.06462,-4.68535,49.73396,7.33970,7.30707,17.45306,17.63414
4590.89440,-0.02790,-4.69314,49.84686,7.39459,7.26839,17.49672,17.68716
4590.90440,-0.01200,-4.70145,49.83317,7.38016,7.26062,17.52262,17.66977
4590.91440,0.01511,-4.71562,49.80986,7.35559,7.24739,17.56672,17.64016
4590.92440,-0.00772,-4.72053,49.78641,7.33800,7.24739,17.54633,17.65469
4590.93440,-0.06890,-4.75476,49.73303,7.27031,7.22477,17.51706,17.72088
4590.94440,-0.05404,-4.80685,49.77286,7.22759,7.16539,17.59672,17.78316
4590.95440,-0.05404,-4.80685,49.77286,7.22759,7.16539,17.59672,17.78316
4590.96440,-0.05004,-4.82744,49.80350,7.23525,7.12162,17.60895,17.83768
4590.97440,-0.06863,-4.89109,49.60786,7.10959,7.05239,17.61572,17.83016
4590.98440,-0.06890,-4.88182,49.64311,7.12184,7.07039,17.62072,17.83016
4590.99440,-0.06974,-4.85408,49.74886,7.15859,7.12439,17.63572,17.83016
4591.00440,-0.05500,-4.85633,49.69536,7.14884,7.11389,17.63572,17.79691
4591.01440,-0.01257,-4.86384,49.50486,7.11959,7.07214,17.61847,17.69466
4591.02440,-0.01851,-4.86613,49.41486,7.11959,7.04139,17.56672,17.68716
4591.03440,-0.01851,-4.86613,49.41486,7.11959,7.04139,17.56672,17.68716
4591.04440,-0.08279,-4.80094,49.64043,7.17859,7.18897,17.54672,17.72616
4591.05440,-0.08773,-4.79495,49.66386,7.18099,7.20639,17.55032,17.72616
4591.06440,-0.07003,-4.78872,49.74998,7.20936,7.21656,17.58517,17.73889
4591.07440,-0.08099,-4.76024,50.05186,7.28659,7.28939,17.64572,17.83016
4591.08440,-0.06580,-4.75673,50.04022,7.29835,7.28195,17.64572,17.81420
4591.09440,0.04366,-4.72900,49.96243,7.38837,7.23002,17.64322,17.70082
4591.10440,0.02555,-4.71304,50.02553,7.41992,7.25195,17.62236,17.73130
4591.11440,0.01200,-4.70110,50.07286,7.44359,7.26839,17.60672,17.75416
4591.12440,0.01903,-4.68164,50.09358,7.46209,7.29873,17.60672,17.72604
4591.13440,0.04664,-4.65222,50.14366,7.49359,7.34669,17.63225,17.67113
4591.14440,0.06955,-4.66123,50.16026,7.48498,7.34039,17.67572,17.65916
4591.15440,-0.00140,-4.67961,50.14230,7.42865,7.35100,17.64088,17.72177
4591.16440,-0.06618,-4.69405,50.13586,7.38459,7.36139,17.60672,17.78316
4591.17440,-0.00507,-4.71643,50.14336,7.39959,7.29939,17.66622,17.77816
4591.18440,0.03529,-4.75889,50.14986,7.37509,7.23239,17.74072,17.80166
4591.19440,0.01457,-4.77899,50.14886,7.33559,7.22739,17.75572,17.83016
4591.20440,0.03453,-4.80607,50.00386,7.30109,7.16039,17.74072,17.80166
4591.21440,0.05461,-4.83331,49.85886,7.26659,7.09339,17.72572,17.77316
4591.22440,0.08461,-4.84978,49.73918,7.23227,7.05731,17.73452,17.71508
4591.23440,0.06760,-4.88222,49.68040,7.19748,7.00453,17.72028,17.75811
4591.24440,0.06135,-4.89115,49.66786,7.18859,6.99039,17.71572,17.77316
4591.25440,0.08454,-4.89964,49.62648,7.19441,6.95426,17.71572,17.76209
4591.26440,0.13895,-4.89174,49.59268,7.22783,6.92839,17.72766,17.70881
4591.27440,0.16448,-4.88229,49.58986,7.24759,6.92839,17.73572,17.67816
4591.28440,0.12356,-4.85339,49.53342,7.23254,6.99010,17.67552,17.63527
4591.29440,0.09065,-4.84248,49.55911,7.22759,7.02614,17.65572,17.64966
4591.30440,0.11549,-4.83849,49.64595,7.25598,7.03139,17.69941,17.65916
4591.31440,0.07090,-4.80170,49.75270,7.28128,7.11711,17.67654,17.67777
4591.32440,0.01249,-4.76486,49.83586,7.29659,7.20639,17.63572,17.69716
4591.33440,0.03595,-4.74967,49.82420,7.32206,7.21071,17.63140,17.66002
4591.34440,0.02929,-4.71283,49.80545,7.34990,7.25787,17.58652,17.61116
4591.35440,0.00076,-4.70003,49.80286,7.34559,7.28939,17.55672,17.61116
4591.36440,0.01169,-4.70687,49.87468,7.35173,7.28939,17.59908,17.63449
4591.37440,0.01854,-4.71117,49.91986,7.35559,7.28939,17.62572,17.64916
4591.38440,0.01100,-4.69729,49.96202,7.39217,7.29559,17.60154,17.67272
4591.39440,-0.01611,-4.69540,50.16146,7.44497,7.30559,17.61710,17.79380
4591.40440,-0.02982,-4.69942,50.26786,7.46359,7.30939,17.63572,17.85916
4591.41440,-0.03793,-4.69579,50.22963,7.45295,7.31679,17.61787,17.84203
4591.42440,-0.09439,-4.67285,50.06086,7.40459,7.36589,17.51672,17.77366
4591.43440,-0.11384,-4.66646,50.06586,7.40459,7.38139,17.49672,17.78316
4591.44440,-0.12148,-4.66980,50.12286,7.42409,7.37139,17.49672,17.83066
4591.45440,-0.12911,-4.67313,50.17986,7.44359,7.36139,17.49672,17.87816
4591.46440,-0.12911,-4.67313,50.17986,7.44359,7.36139,17.49672,17.87816
4591.47440,-0.16650,-4.72002,50.01600,7.33161,7.32217,17.48407,17.87816
4591.48440,-0.23205,-4.74543,49.82235,7.22957,7.31194,17.41460,17.86624
4591.49440,-0.25809,-4.74426,49.76386,7.20759,7.31939,17.37772,17.85916
4591.50440,-0.19156,-4.76593,49.74515,7.23310,7.24114,17.41940,17.85150
4591.51440,-0.22772,-4.80248,49.62789,7.16886,7.19172,17.38409,17.88322
4591.52440,-0.23489,-4.80738,49.61086,7.15859,7.18639,17.37772,17.88816
4591.53440,-0.23450,-4.81774,49.50886,7.14859,7.14439,17.33772,17.87816
4591.54440,-0.26588,-4.81953,49.51304,7.12237,7.16795,17.33012,17.89260
4591.55440,-0.31889,-4.81174,49.57975,7.10198,7.22451,17.32275,17.93050
4591.56440,-0.32365,-4.78375,49.73737,7.16092,7.27219,17.33600,17.96825
4591.57440,-0.32642,-4.77335,49.78210,7.18047,7.28833,17.33530,17.97801
4591.58440,-0.34653,-4.75110,49.88410,7.22006,7.32707,17.32277,18.01420
4591.59440,-0.38706,-4.74763,49.96386,7.22759,7.35039,17.30772,18.07816
4591.60440,-0.38079,-4.74272,49.95853,7.24674,7.34045,17.29317,18.07816
4591.61440,-0.36122,-4.72735,49.94186,7.30659,7.30939,17.24772,18.07816
4591.62440,-0.36122,-4.72735,49.94186,7.30659,7.30939,17.24772,18.07816
4591.63440,-0.41737,-4.66243,50.02158,7.32331,7.45843,17.20532,18.03452
4591.64440,-0.43066,-4.64798,49.98286,7.30659,7.49539,17.18772,17.99316
4591.65440,-0.43513,-4.64277,49.98299,7.31156,7.50189,17.17765,17.99189
4591.66440,-0.46096,-4.60389,49.99813,7.35146,7.55174,17.11533,17.97959
4591.67440,-0.41775,-4.57507,50.12786,7.40484,7.60039,17.17547,17.94716
4591.68440,-0.40182,-4.56444,50.17586,7.42459,7.61839,17.19772,17.93516
4591.69440,-0.45881,-4.60934,50.17186,7.37559,7.56739,17.17872,18.05016
4591.70440,-0.45881,-4.60934,50.17186,7.37559,7.56739,17.17872,18.05016
4591.71440,-0.51775,-4.63844,50.18886,7.30659,7.57739,17.18772,18.11716
4591.72440,-0.48369,-4.68327,50.00786,7.25759,7.47439,17.18772,18.08816
4591.73440,-0.48369,-4.68327,50.00786,7.25759,7.47439,17.18772,18.08816
4591.74440,-0.52290,-4.68408,49.99643,7.24044,7.48639,17.15401,18.11559
4591.75440,-0.55225,-4.67782,50.00519,7.23611,7.50704,17.12872,18.13332
4591.76440,-0.55208,-4.66053,50.04886,7.25759,7.53639,17.12872,18.12616
4591.77440,-0.56115,-4.68453,49.99393,7.23163,7.49350,17.11743,18.15137
4591.78440,-0.57625,-4.72442,49.90286,7.18859,7.42239,17.09872,18.19316
4591.79440,-0.63349,-4.73843,49.81270,7.09587,7.45812,17.08171,18.17700
4591.80440,-0.68341,-4.71742,49.92780,7.09716,7.53645,17.07872,18.21546
4591.81440,-0.68889,-4.71419,49.94586,7.09959,7.54639,17.07872,18.22116
4591.82440,-0.67222,-4.72166,49.89586,7.09959,7.51539,17.07372,18.20716
4591.83440,-0.67134,-4.73479,49.85360,7.09097,7.48293,17.06288,18.21682
4591.84440,-0.76373,-4.76775,49.89886,7.04059,7.47439,17.02872,18.35516
4591.85440,-0.76464,-4.77132,49.90153,7.03113,7.47682,17.03842,18.35516
4591.86440,-0.76747,-4.78246,49.90986,7.00159,7.48439,17.06872,18.35516
4591.87440,-0.76668,-4.77468,49.87588,7.01631,7.47684,17.03852,18.34421
4591.88440,-0.77431,-4.75890,49.86498,7.04823,7.47625,16.99254,18.34795
4591.89440,-0.78871,-4.75421,49.93786,7.06059,7.49539,16.99872,18.38316
4591.90440,-0.79188,-4.74537,49.91085,7.06633,7.50114,16.97631,18.36707
4591.91440,-0.80874,-4.71781,49.95386,7.10567,7.53475,16.93824,18.37521
4591.92440,-0.81449,-4.70948,49.97886,7.11959,7.54639,16.92972,18.38316
4591.93440,-0.85326,-4.69103,50.02564,7.11216,7.60803,16.91487,18.39059
4591.94440,-0.86668,-4.68465,50.04186,7.10959,7.62939,16.90972,18.39316
4591.95440,-0.87355,-4.68398,50.06793,7.11873,7.62939,16.90515,18.41465
4591.96440,-0.87932,-4.67745,50.09270,7.13597,7.63379,16.89312,18.42982
4591.97440,-0.87093,-4.65712,50.07086,7.15859,7.64939,16.86972,18.39316
4591.98440,-0.91021,-4.66079,50.10029,7.14606,7.66254,16.85093,18.44076
4591.99440,-0.92498,-4.64177,50.14780,7.19410,7.67039,16.80853,18.47477
4592.00440,-0.91978,-4.62898,50.16586,7.22759,7.67039,16.78972,18.47816
4592.01440,-0.93393,-4.62435,50.20012,7.22578,7.69257,16.79152,18.49024
4592.02440,-0.99800,-4.60337,50.35586,7.21759,7.79339,16.79972,18.54516
4592.03440,-1.01228,-4.63653,50.21725,7.15917,7.73745,16.77546,18.54516
4592.04440,-1.03832,-4.67770,50.11273,7.08988,7.68524,16.76479,18.57281
4592.05440,-1.05041,-4.68528,50.15186,7.07959,7.69039,16.77972,18.60216
4592.06440,-1.06017,-4.68334,50.15105,7.09168,7.68233,16.75593,18.62111
4592.07440,-1.07508,-4.69174,50.17557,7.08943,7.67331,16.75256,18.66026
4592.08440,-1.07619,-4.71902,50.23786,7.04059,7.68039,16.82972,18.68716
4592.09440,-1.09311,-4.70283,50.21810,7.05320,7.69763,16.78809,18.67917
4592.10440,-1.11645,-4.68051,50.19086,7.07059,7.72139,16.73072,18.66816
4592.11440,-1.11645,-4.68051,50.19086,7.07059,7.72139,16.73072,18.66816
4592.12440,-1.12608,-4.70017,50.04352,7.03679,7.66861,16.68352,18.65460
4592.13440,-1.11376,-4.71647,50.07886,7.03059,7.64939,16.72072,18.67816
4592.14440,-1.10558,-4.71810,50.02904,7.02368,7.63812,16.71345,18.65380
4592.15440,-1.09245,-4.73178,49.95962,6.99309,7.61839,16.72625,18.62189
4592.16440,-1.09452,-4.75018,49.98986,6.96159,7.61839,16.76972,18.64016
4592.17440,-1.09012,-4.75159,50.01372,6.96972,7.61412,16.77800,18.65188
4592.18440,-1.06269,-4.76039,50.16286,7.02059,7.58739,16.82972,18.72516
4592.19440,-1.06269,-4.76039,50.16286,7.02059,7.58739,16.82972,18.72516
4592.20440,-0.96034,-4.75550,50.15914,7.02779,7.58987,16.93932,18.60216
4592.21440,-0.95267,-4.73948,50.25186,7.05059,7.62939,16.96972,18.60216
4592.22440,-0.95267,-4.73948,50.25186,7.05059,7.62939,16.96972,18.60216
4592.23440,-0.95779,-4.72344,50.23186,7.07009,7.63939,16.93472,18.58766
4592.24440,-0.90457,-4.75978,50.05186,7.04059,7.53639,16.93972,18.53516
4592.25440,-0.90754,-4.75651,50.07877,7.04059,7.55142,16.94917,18.53758
4592.26440,-0.91681,-4.74630,50.16286,7.04059,7.59839,16.97872,18.54516
4592.27440,-0.90077,-4.74761,50.17064,7.04857,7.58979,16.99305,18.53922
4592.28440,-0.83911,-4.75265,50.20056,7.07928,7.55672,17.04817,18.51639
4592.29440,-0.83007,-4.80749,50.05786,7.02059,7.45339,17.04872,18.53516
4592.30440,-0.82343,-4.80665,50.06434,7.02299,7.45471,17.05712,18.52952
4592.31440,-0.77167,-4.80023,50.10946,7.04179,7.46307,17.11992,18.48468
4592.32440,-0.74912,-4.79831,50.09186,7.05059,7.45339,17.12872,18.45916
4592.33440,-0.74939,-4.79780,50.10481,7.05296,7.45589,17.13228,18.46367
4592.34440,-0.75137,-4.79403,50.20086,7.07059,7.47439,17.15872,18.49716
4592.35440,-0.75137,-4.79403,50.20086,7.07059,7.47439,17.15872,18.49716
4592.36440,-0.71914,-4.78493,50.16286,7.08959,7.46439,17.15872,18.45016
4592.37440,-0.74176,-4.81373,50.17855,7.06116,7.43400,17.16852,18.51487
4592.38440,-0.74221,-4.81430,50.17886,7.06059,7.43339,17.16872,18.51616
4592.39440,-0.79463,-4.81694,50.20857,6.98723,7.50954,17.19565,18.51616
4592.40440,-0.63980,-4.85678,50.01484,7.00139,7.35204,17.26702,18.39439
4592.41440,-0.63818,-4.85718,50.01286,7.00159,7.35039,17.26772,18.39316
4592.42440,-0.66229,-4.82959,50.12248,7.03986,7.40423,17.25475,18.42365
4592.43440,-0.67530,-4.81470,50.18186,7.06059,7.43339,17.24772,18.44016
4592.44440,-0.65931,-4.82602,50.05378,7.02574,7.40638,17.23901,18.38266
4592.45440,-0.60688,-4.85733,50.07535,7.02059,7.34899,17.31524,18.39053
4592.46440,-0.59883,-4.86210,50.08186,7.02059,7.34039,17.32772,18.39316
4592.47440,-0.57367,-4.83785,50.11144,7.04669,7.37606,17.34512,18.34357
4592.48440,-0.54476,-4.83304,49.99080,7.08088,7.31770,17.28558,18.30664
4592.49440,-0.53751,-4.83270,49.95486,7.08959,7.29939,17.26772,18.29816
4592.50440,-0.57443,-4.82264,49.96686,7.03784,7.37664,17.28272,18.26966
4592.51440,-0.58673,-4.81929,49.97086,7.02059,7.40239,17.28772,18.26016
4592.52440,-0.56507,-4.88342,49.87486,6.97634,7.27864,17.31022,18.30966
4592.53440,-0.56135,-4.91380,50.05136,6.95484,7.28389,17.42197,18.39066
4592.54440,-0.56251,-4.91677,50.12086,6.95259,7.29939,17.45672,18.41216
4592.55440,-0.55403,-4.90691,50.14001,6.97971,7.29939,17.44874,18.41216
4592.56440,-0.54273,-4.89377,50.16554,7.01588,7.29939,17.43810,18.41216
4592.57440,-0.50015,-4.92177,50.01266,6.98203,7.22821,17.44661,18.35581
4592.58440,-0.49968,-4.92211,50.01086,6.98159,7.22739,17.44672,18.35516
4592.59440,-0.53706,-4.93444,49.99686,6.97159,7.20639,17.40672,18.41216
4592.60440,-0.53706,-4.93444,49.99686,6.97159,7.20639,17.40672,18.41216
4592.61440,-0.53712,-4.93309,49.88825,6.95501,7.19512,17.37027,18.36786
4592.62440,-0.52901,-4.93606,49.93886,6.97159,7.18639,17.38772,18.39316
4592.63440,-0.52226,-4.93713,49.97361,6.97159,7.19389,17.41247,18.39566
4592.64440,-0.50105,-4.95251,50.08986,6.96192,7.20273,17.50339,18.42183
4592.65440,-0.49909,-4.97683,50.11386,6.94259,7.17539,17.53672,18.45916
4592.66440,-0.47631,-4.97244,50.14914,6.95680,7.18078,17.56612,18.44544
4592.67440,-0.45264,-4.96787,50.18586,6.97159,7.18639,17.59672,18.43116
4592.68440,-0.46444,-4.97291,50.12161,6.94920,7.17958,17.57400,18.41883
4592.69440,-0.48860,-4.98324,49.99048,6.90350,7.16567,17.52765,18.39366
4592.70440,-0.45026,-4.97375,50.01886,6.93259,7.16539,17.55672,18.36416
4592.71440,-0.45758,-4.98143,49.96056,6.90306,7.16166,17.54925,18.34659
4592.72440,-0.45095,-4.99137,49.91741,6.88707,7.14373,17.55177,18.33484
4592.73440,-0.41962,-4.98647,50.00786,6.94259,7.12439,17.57672,18.36416
4592.74440,-0.42571,-4.99329,50.00712,6.93149,7.12032,17.58042,18.37489
4592.75440,-0.43609,-5.00490,50.00586,6.91259,7.11339,17.58672,18.39316
4592.76440,-0.43609,-5.00490,50.00586,6.91259,7.11339,17.58672,18.39316
4592.77440,-0.41814,-5.03431,49.97902,6.87639,7.07759,17.63048,18.39456
4592.78440,-0.41598,-5.06456,50.08086,6.85359,7.06239,17.70572,18.45916
4592.79440,-0.41990,-5.05502,50.05982,6.86101,7.07007,17.68344,18.44530
4592.80440,-0.42879,-5.02833,49.98868,6.88183,7.08796,17.61747,18.40141
4592.81440,-0.41608,-5.03817,49.95875,6.87454,7.06533,17.62477,18.39411
4592.82440,-0.41443,-5.03945,49.95486,6.87359,7.06239,17.62572,18.39316
4592.83440,-0.39513,-5.03877,50.09286,6.89359,7.08239,17.69572,18.42116
4592.84440,-0.39728,-5.04471,50.07458,6.88471,7.07313,17.69315,18.42361
4592.85440,-0.41258,-5.08680,49.96478,6.82579,7.00919,17.68052,18.44928
4592.86440,-0.41783,-5.09967,50.06686,6.83459,7.00039,17.71572,18.51616
4592.87440,-0.41891,-5.09851,50.06598,6.83611,7.00119,17.71252,18.51616
4592.88440,-0.42791,-5.08878,50.05865,6.84877,7.00786,17.68585,18.51616
4592.89440,-0.42154,-5.11633,50.05488,6.81521,6.97989,17.72493,18.53486
4592.90440,-0.42139,-5.11684,50.05486,6.81459,6.97939,17.72572,18.53516
4592.91440,-0.42214,-5.08351,50.16812,6.84547,7.05305,17.74948,18.52011
4592.92440,-0.42234,-5.07478,50.19786,6.85359,7.07239,17.75572,18.51616
4592.93440,-0.44153,-5.09299,50.19177,6.78486,7.09936,17.79922,18.50833
4592.94440,-0.38832,-5.10486,50.16302,6.80939,7.04075,17.82225,18.49063
4592.95440,-0.37994,-5.10623,50.15886,6.81459,7.03139,17.82472,18.48816
4592.96440,-0.37994,-5.10623,50.15886,6.81459,7.03139,17.82472,18.48816
4592.97440,-0.35046,-5.17172,50.24468,6.78356,6.94178,17.93212,18.58722
4592.98440,-0.34966,-5.18004,50.22986,6.77459,6.92839,17.93472,18.59216
4592.99440,-0.37588,-5.16946,50.22909,6.78998,6.93609,17.88853,18.61449
4593.00440,-0.38372,-5.16629,50.22886,6.79459,6.93839,17.87472,18.62116
4593.01440,-0.35485,-5.20693,50.11712,6.75093,6.86217,17.89692,18.60710
4593.02440,-0.38820,-5.20971,50.24066,6.72079,6.91975,17.94912,18.65100
4593.03440,-0.40342,-5.20567,50.29786,6.71559,6.94939,17.96472,18.66816
4593.04440,-0.40342,-5.20567,50.29786,6.71559,6.94939,17.96472,18.66816
4593.05440,-0.40893,-5.22587,50.19800,6.66277,6.93060,17.96215,18.64248
4593.06440,-0.42145,-5.22471,50.20186,6.64759,6.94939,17.96472,18.64016
4593.07440,-0.38722,-5.23293,50.17029,6.67176,6.89858,17.96472,18.63523
4593.08440,-0.35203,-5.24138,50.13786,6.69659,6.84639,17.96472,18.63016
4593.09440,-0.37593,-5.27032,50.23243,6.67780,6.82698,18.00230,18.72535
4593.10440,-0.34413,-5.31250,50.33086,6.65485,6.78328,18.11057,18.78216
4593.11440,-0.31568,-5.32793,50.35686,6.64759,6.76339,18.16372,18.78216
4593.12440,-0.32834,-5.34821,50.33640,6.61659,6.74417,18.16992,18.80572
4593.13440,-0.35810,-5.36647,50.35999,6.58157,6.74512,18.18193,18.85137
4593.14440,-0.38963,-5.37481,50.41186,6.55859,6.76339,18.19372,18.89616
4593.15440,-0.37298,-5.37272,50.39256,6.56849,6.75300,18.19372,18.87735
4593.16440,-0.35598,-5.37060,50.37286,6.57859,6.74239,18.19372,18.85816
4593.17440,-0.35888,-5.36540,50.34983,6.57369,6.75268,18.18392,18.83954
4593.18440,-0.34334,-5.36867,50.34775,6.57185,6.74673,18.20279,18.82637
4593.19440,-0.30552,-5.38638,50.39241,6.57852,6.71273,18.26213,18.83903
4593.20440,-0.32859,-5.38605,50.40396,6.56379,6.73126,18.25569,18.85322
4593.21440,-0.37114,-5.40810,50.36351,6.51001,6.72566,18.24006,18.88778
4593.22440,-0.37572,-5.44789,50.26086,6.46059,6.66039,18.23372,18.90616
4593.23440,-0.39898,-5.43994,50.32265,6.46392,6.69073,18.23372,18.93428
4593.24440,-0.43845,-5.42645,50.42786,6.46959,6.74239,18.23372,18.98216
4593.25440,-0.43721,-5.43869,50.39089,6.45775,6.71751,18.22889,18.98675
4593.26440,-0.43377,-5.47277,50.28821,6.42486,6.64838,18.21546,18.99950
4593.27440,-0.44460,-5.48258,50.36286,6.42059,6.65039,18.24372,19.04816
4593.28440,-0.42454,-5.48272,50.34444,6.42301,6.64288,18.25560,19.02295
4593.29440,-0.36353,-5.47820,50.30162,6.43577,6.62897,18.29272,18.94416
4593.30440,-0.37065,-5.45841,50.36066,6.45652,6.66727,18.29272,18.94416
4593.31440,-0.37370,-5.44014,50.38397,6.47752,6.69272,18.27962,18.93411
4593.32440,-0.36797,-5.41678,50.32842,6.50927,6.69801,18.22724,18.89390
4593.33440,-0.36599,-5.40788,50.27468,6.51868,6.69412,18.19372,18.86816
4593.34440,-0.36896,-5.41853,50.24286,6.49959,6.68139,18.19372,18.86816
4593.35440,-0.37419,-5.43331,50.25519,6.46174,6.68990,18.23157,18.87199
4593.36440,-0.38124,-5.45327,50.27186,6.41059,6.70139,18.28272,18.87716
4593.37440,-0.34126,-5.47131,50.32107,6.46535,6.61965,18.29859,18.93748
4593.38440,-0.39361,-5.48069,50.30519,6.45092,6.60927,18.24439,19.00061
4593.39440,-0.39375,-5.48170,50.31302,6.44819,6.61179,18.25080,19.00224
4593.40440,-0.38950,-5.48873,50.37286,6.43059,6.62939,18.30272,19.01016
4593.41440,-0.38833,-5.49067,50.37334,6.43139,6.62443,18.30352,19.01400
4593.42440,-0.37856,-5.50683,50.37734,6.43805,6.58310,18.31019,19.04600
4593.43440,-0.37594,-5.50582,50.40149,6.42090,6.60873,18.34224,19.02962
4593.44440,-0.37596,-5.50570,50.40186,6.42059,6.60939,18.34272,19.02916
4593.45440,-0.40394,-5.54300,50.28686,6.39159,6.52639,18.28272,19.08616
4593.46440,-0.36536,-5.59805,50.25815,6.31337,6.47590,18.39163,19.07725
4593.47440,-0.36498,-5.59860,50.25786,6.31259,6.47539,18.39272,19.07716
4593.48440,-0.37726,-5.53308,50.36346,6.41621,6.54337,18.32672,19.07716
4593.49440,-0.38357,-5.49943,50.41786,6.46959,6.57839,18.29272,19.07716
4593.50440,-0.37321,-5.52394,50.25343,6.42696,6.52445,18.26662,19.03540
4593.51440,-0.40086,-5.49385,50.42200,6.43799,6.62340,18.30622,19.05439
4593.52440,-0.40520,-5.48883,50.45086,6.44059,6.63939,18.31272,19.05816
4593.53440,-0.37781,-5.52886,50.40313,6.40286,6.57626,18.35891,19.06509
4593.54440,-0.34201,-5.57006,50.42734,6.40565,6.48857,18.40972,19.12340
4593.55440,-0.33232,-5.58032,50.44086,6.41059,6.46439,18.42272,19.14316
4593.56440,-0.30857,-5.55529,50.42976,6.44019,6.48733,18.41532,19.08692
4593.57440,-0.29811,-5.57011,50.51032,6.45059,6.46475,18.45682,19.13817
4593.58440,-0.32938,-5.60281,50.46535,6.37707,6.45439,18.47172,19.16216
4593.59440,-0.34269,-5.60864,50.53532,6.36639,6.46993,18.50132,19.19768
4593.60440,-0.34347,-5.60768,50.56886,6.37159,6.47539,18.51172,19.21016
4593.61440,-0.34063,-5.60606,50.52280,6.37159,6.46726,18.49237,19.19158
4593.62440,-0.33042,-5.58684,50.54844,6.40817,6.47981,18.48032,19.18014
4593.63440,-0.32694,-5.57667,50.60886,6.43059,6.49539,18.49172,19.19116
4593.64440,-0.33293,-5.57230,50.57335,6.42446,6.50213,18.47335,19.17340
4593.65440,-0.33651,-5.57080,50.52110,6.42555,6.49102,18.44238,19.16216
4593.66440,-0.33628,-5.57209,50.49086,6.43059,6.47539,18.42272,19.16216
4593.67440,-0.28766,-5.53968,50.59486,6.51909,6.48539,18.44222,19.14816
4593.68440,-0.23924,-5.50740,50.69886,6.60759,6.49539,18.46172,19.13416
4593.69440,-0.23924,-5.50740,50.69886,6.60759,6.49539,18.46172,19.13416
4593.70440,-0.27257,-5.47356,50.55456,6.62979,6.51093,18.32926,19.08458
4593.71440,-0.25446,-5.30042,50.58010,6.79157,6.73989,18.20125,18.84740
4593.72440,-0.24439,-5.24607,50.60586,6.84359,6.81539,18.17372,18.77316
4593.73440,-0.23067,-5.03134,50.78104,7.08144,7.10309,18.03856,18.55796
4593.74440,-0.15830,-4.80295,50.74770,7.35678,7.32679,17.83154,18.23259
4593.75440,-0.13500,-4.74840,50.71686,7.42459,7.37139,17.77572,18.14516
4593.76440,-0.12891,-4.55248,50.84832,7.64790,7.62336,17.62488,17.95218
4593.77440,-0.12778,-4.51602,50.87286,7.68959,7.67039,17.59672,17.91616
4593.78440,-0.09893,-4.28724,50.90295,7.98245,7.89739,17.35272,17.67039
4593.79440,-0.10229,-4.17402,51.06186,8.15259,8.03039,17.25772,17.62116
4593.80440,-0.09195,-4.12041,51.16867,8.22289,8.11426,17.25279,17.57873
4593.81440,-0.06423,-3.97663,51.45733,8.41289,8.34093,17.23945,17.46407
4593.82440,-0.07866,-3.81671,51.81286,8.61459,8.61839,17.19772,17.38216
4593.83440,-0.07866,-3.81671,51.81286,8.61459,8.61839,17.19772,17.38216
4593.84440,-0.07098,-3.67907,52.22986,8.81159,8.87539,17.21772,17.32516
4593.85440,-0.07520,-3.64835,52.24426,8.84132,8.92093,17.19007,17.29194
4593.86440,-0.08549,-3.50826,52.35901,8.99922,9.12376,17.07690,17.15913
4593.87440,-0.07423,-3.38796,52.56886,9.18559,9.28739,17.00872,17.08716
4593.88440,-0.07614,-3.36135,52.53336,9.20859,9.31323,16.96572,17.04583
4593.89440,-0.08378,-3.25455,52.39136,9.30059,9.41656,16.79372,16.88049
4593.90440,-0.10982,-3.12641,52.48886,9.46059,9.58639,16.65072,16.79116
4593.91440,-0.10705,-3.11139,52.51058,9.47835,9.61111,16.64712,16.77400
4593.92440,-0.08683,-3.00160,52.66986,9.60859,9.79239,16.62072,16.64816
4593.93440,-0.08388,-2.99494,52.69831,9.62377,9.80308,16.62329,16.64816
4593.94440,-0.06264,-2.94698,52.92582,9.73763,9.88443,16.64872,16.65504
4593.95440,-0.05172,-2.92157,53.21715,9.82963,9.95977,16.71539,16.71237
4593.96440,-0.04760,-2.91198,53.32786,9.86459,9.98839,16.74072,16.73416
4593.97440,-0.13558,-2.87084,53.66350,9.91310,10.16166,16.75062,16.83812
4593.98440,-0.12405,-2.85527,53.97186,10.00159,10.22539,16.82972,16.91516
4593.99440,-0.12405,-2.85527,53.97186,10.00159,10.22539,16.82972,16.91516
4594.00440,-0.13740,-2.83699,53.92698,10.02139,10.23199,16.77098,16.90262
4594.01440,-0.14429,-2.82757,53.90386,10.03159,10.23539,16.74072,16.89616
4594.02440,-0.21234,-2.77913,53.81004,10.06547,10.28057,16.57567,16.88834
4594.03440,-0.24957,-2.76892,53.40656,9.98447,10.23291,16.41099,16.77819
4594.04440,-0.25331,-2.76852,53.35286,9.97259,10.22539,16.39172,16.76316
4594.05440,-0.30445,-2.75548,53.27604,9.94528,10.25408,16.31814,16.75853
4594.06440,-0.36342,-2.74045,53.18774,9.91390,10.28706,16.23357,16.75321
4594.07440,-0.47554,-2.77544,53.14186,9.81459,10.28739,16.17272,16.86716
4594.08440,-0.47554,-2.77544,53.14186,9.81459,10.28739,16.17272,16.86716
4594.09440,-0.55494,-2.74914,53.30125,9.81459,10.40916,16.15292,16.92458
4594.10440,-0.56761,-2.76241,53.32054,9.79596,10.40408,16.16535,16.95516
4594.11440,-0.66540,-2.81697,53.62008,9.72673,10.45847,16.25932,17.17556
4594.12440,-0.69057,-2.82579,53.71186,9.71659,10.48239,16.28272,17.23016
4594.13440,-0.73796,-2.80438,53.75083,9.73583,10.52827,16.22352,17.26321
4594.14440,-0.79816,-2.77781,53.71162,9.75216,10.55977,16.11358,17.28611
4594.15440,-0.81708,-2.77026,53.58286,9.74659,10.53439,16.03372,17.26816
4594.16440,-0.82828,-2.77350,53.52272,9.71001,10.54059,16.02752,17.24460
4594.17440,-0.83516,-2.77549,53.48586,9.68759,10.54439,16.02372,17.23016
4594.18440,-0.87207,-2.77203,53.47661,9.68759,10.54902,15.97369,17.26632
4594.19440,-0.91729,-2.76723,53.44818,9.69690,10.54020,15.89492,17.31616
4594.20440,-0.91137,-2.76720,53.43186,9.70659,10.52439,15.88472,17.31616
4594.21440,-0.92449,-2.78412,53.35286,9.64759,10.51389,15.88972,17.30166
4594.22440,-0.94613,-2.79943,53.35636,9.60809,10.51889,15.90422,17.32516
4594.23440,-0.95460,-2.79777,53.43886,9.62759,10.53439,15.91372,17.36316
4594.24440,-0.96757,-2.78169,53.56189,9.64403,10.60216,15.94004,17.37566
4594.25440,-0.99332,-2.74973,53.80794,9.67693,10.73768,15.99267,17.40066
4594.26440,-0.98373,-2.76323,53.77105,9.66279,10.70598,16.00112,17.40116
4594.27440,-0.99684,-2.77641,53.73569,9.63759,10.68674,15.99316,17.41819
4594.28440,-1.06969,-2.75012,53.82186,9.63759,10.78139,15.94372,17.45916
4594.29440,-1.06968,-2.73921,53.83226,9.65714,10.79154,15.92912,17.45446
4594.30440,-1.08127,-2.70171,53.84548,9.70712,10.83515,15.87101,17.43221
4594.31440,-1.12975,-2.68350,53.76891,9.66770,10.88829,15.81386,17.39906
4594.32440,-1.15453,-2.67420,53.72986,9.64759,10.91539,15.78472,17.38216
4594.33440,-1.14584,-2.63245,53.58519,9.68251,10.92323,15.69208,17.28738
4594.34440,-1.14636,-2.60452,53.54246,9.70379,10.95111,15.64992,17.23764
4594.35440,-1.13691,-2.56175,53.57386,9.74315,11.02435,15.63712,17.16924
4594.36440,-1.06648,-2.53680,53.51686,9.79559,11.00839,15.64472,17.06816
4594.37440,-1.06648,-2.53680,53.51686,9.79559,11.00839,15.64472,17.06816
4594.38440,-1.03463,-2.43890,53.65564,9.93214,11.15617,15.61361,16.95372
4594.39440,-0.94680,-2.42371,54.22186,10.08059,11.26639,15.84472,17.03016
4594.40440,-0.95836,-2.41063,54.28864,10.10025,11.30417,15.84250,17.04172
4594.41440,-1.04976,-2.30710,54.82286,10.25759,11.60639,15.82472,17.13416
4594.42440,-1.04100,-2.28972,54.82891,10.28146,11.62674,15.81482,17.10589
4594.43440,-0.96219,-2.12707,54.89497,10.50848,11.81773,15.71916,16.84960
4594.44440,-0.89825,-1.95053,55.03186,10.77959,12.02839,15.59472,16.62916
4594.45440,-0.89825,-1.95053,55.03186,10.77959,12.02839,15.59472,16.62916
4594.46440,-0.85284,-1.71196,55.06162,11.08103,12.31543,15.36528,16.29988
4594.47440,-0.86119,-1.50935,54.98069,11.28862,12.56202,15.10822,16.02183
4594.48440,-0.86130,-1.50740,54.97986,11.29059,12.56439,15.10572,16.01916
4594.49440,-0.84026,-1.30746,54.93886,11.49759,12.82139,14.90572,15.71416
4594.50440,-0.84026,-1.30746,54.93886,11.49759,12.82139,14.90572,15.71416
4594.51440,-0.78379,-1.14535,54.78186,11.70359,12.93539,14.69572,15.44716
4594.52440,-0.76177,-1.07250,54.77594,11.78780,13.02355,14.63651,15.32808
4594.53440,-0.75032,-1.03460,54.77286,11.83159,13.06939,14.60572,15.26616
4594.54440,-0.77002,-0.91652,54.83898,12.00298,13.21207,14.44129,15.18264
4594.55440,-0.72853,-0.80814,54.99443,12.17244,13.37552,14.39949,15.04698
4594.56440,-0.72140,-0.79358,55.01786,12.19559,13.39839,14.39672,15.02716
4594.57440,-0.68063,-0.74801,54.99234,12.27563,13.41637,14.35612,14.94422
4594.58440,-0.65109,-0.71500,54.97386,12.33359,13.42939,14.32672,14.88416
4594.59440,-0.61108,-0.68024,55.10842,12.42770,13.48233,14.34878,14.84960
4594.60440,-0.62415,-0.60086,55.31600,12.53313,13.66710,14.32752,14.78825
4594.61440,-0.63425,-0.57621,55.37486,12.55959,13.72839,14.31672,14.77016
4594.62440,-0.61789,-0.49320,55.38966,12.66171,13.83495,14.24272,14.65028
4594.63440,-0.59576,-0.41858,55.33961,12.74593,13.90791,14.16245,14.52331
4594.64440,-0.57891,-0.37178,55.28286,12.79559,13.94439,14.10672,14.43616
4594.65440,-0.60869,-0.29569,55.25976,12.85576,14.05745,13.99731,14.34924
4594.66440,-0.59142,-0.23005,55.03698,12.87034,14.09282,13.89642,14.17740
4594.67440,-0.56755,-0.21925,54.90186,12.85459,14.06839,13.87672,14.10216
4594.68440,-0.56805,-0.20403,54.88533,12.88724,14.06426,13.83539,14.09844
4594.69440,-0.56876,-0.18242,54.86186,12.93359,14.05839,13.77672,14.09316
4594.70440,-0.57649,-0.17638,54.88200,12.92879,14.08765,13.78152,14.08405
4594.71440,-0.61443,-0.17064,54.87103,12.88488,14.13997,13.77202,14.07416
4594.72440,-0.64521,-0.17149,54.83686,12.84459,14.16139,13.75672,14.07416
4594.73440,-0.63989,-0.16459,54.97495,12.88369,14.20693,13.79137,14.09297
4594.74440,-0.65041,-0.14187,55.28356,12.97137,14.32640,13.83999,14.14579
4594.75440,-0.67033,-0.12221,55.49486,13.03159,14.41839,13.85672,14.18816
4594.76440,-0.64405,-0.10508,55.50855,13.06082,14.43763,13.86782,14.14228
4594.77440,-0.59932,-0.07594,55.53186,13.11059,14.47039,13.88672,14.06416
4594.78440,-0.59932,-0.07594,55.53186,13.11059,14.47039,13.88672,14.06416
4594.79440,-0.61656,-0.08820,55.33343,13.06221,14.39046,13.81661,14.06416
4594.80440,-0.58245,-0.07887,55.13829,13.08326,14.29515,13.74419,14.01568
4594.81440,-0.57514,-0.07630,55.11886,13.09059,14.28439,13.73672,14.00716
4594.82440,-0.53443,-0.07140,54.95178,13.09059,14.21321,13.70706,13.94092
4594.83440,-0.58206,-0.12285,54.83486,13.02259,14.09939,13.65772,14.05516
4594.84440,-0.58534,-0.13347,54.84366,13.00419,14.09659,13.67625,14.06663
4594.85440,-0.60660,-0.20244,54.90086,12.88459,14.07839,13.79672,14.14116
4594.86440,-0.59199,-0.20093,54.98511,12.91659,14.09139,13.82422,14.15291
4594.87440,-0.54325,-0.19361,55.28984,13.02967,14.14574,13.92157,14.19286
4594.88440,-0.52760,-0.18502,55.44786,13.08159,14.19239,13.96672,14.20716
4594.89440,-0.51959,-0.17823,55.41010,13.08783,14.18407,13.95232,14.18588
4594.90440,-0.48606,-0.14985,55.25277,13.11383,14.14941,13.89232,14.09721
4594.91440,-0.49939,-0.19229,55.06886,13.02259,14.04739,13.87672,14.12216
4594.92440,-0.50039,-0.19985,55.06660,13.01665,14.03397,13.88028,14.13570
4594.93440,-0.50782,-0.25594,55.04986,12.97259,13.93439,13.90672,14.23616
4594.94440,-0.50742,-0.26681,55.04686,12.95723,13.92203,13.92112,14.24648
4594.95440,-0.49955,-0.34977,55.03794,12.84586,13.82879,14.03815,14.32514
4594.96440,-0.45826,-0.37620,55.14693,12.85644,13.80710,14.13339,14.35001
4594.97440,-0.42658,-0.39649,55.23086,12.86459,13.79039,14.20672,14.36916
4594.98440,-0.41542,-0.36172,55.28929,12.92613,13.84137,14.18807,14.33373
4594.99440,-0.36288,-0.36529,55.30531,12.94404,13.82255,14.24513,14.29359
4595.00440,-0.36181,-0.36586,55.30486,12.94359,13.82139,14.24672,14.29316
4595.01440,-0.35750,-0.32320,55.13262,12.94359,13.84119,14.16753,14.18031
4595.02440,-0.35746,-0.32276,55.13086,12.94359,13.84139,14.16672,14.17916
4595.03440,-0.35848,-0.34347,55.09299,12.95023,13.76631,14.14014,14.23630
4595.04440,-0.34804,-0.33818,55.05980,12.96843,13.74480,14.11891,14.22766
4595.05440,-0.34497,-0.33376,55.05586,12.97259,13.74939,14.11672,14.21716
4595.06440,-0.35877,-0.32286,55.05586,12.98136,13.76694,14.09039,14.21716
4595.07440,-0.35947,-0.36146,54.93162,12.92306,13.67190,14.08672,14.24994
4595.08440,-0.35928,-0.36786,54.91186,12.91359,13.65639,14.08672,14.25516
4595.09440,-0.33743,-0.33852,55.01766,12.98181,13.71016,14.09828,14.22741
4595.10440,-0.32154,-0.31718,55.09486,13.03159,13.74939,14.10672,14.20716
4595.11440,-0.30853,-0.30679,54.89789,12.99459,13.71566,14.06319,14.12445
4595.12440,-0.26160,-0.30070,54.78770,12.99727,13.67401,14.06558,14.05084
4595.13440,-0.21439,-0.30420,54.85986,13.04159,13.65639,14.11672,14.04516
4595.14440,-0.20738,-0.29823,54.87162,13.04159,13.67648,14.13142,14.02213
4595.15440,-0.18633,-0.30187,54.81571,13.03089,13.65121,14.14109,13.99253
4595.16440,-0.17563,-0.30953,54.76286,13.02259,13.61539,14.13672,13.98816
4595.17440,-0.11570,-0.33499,54.82959,13.08259,13.52662,14.18570,14.03469
4595.18440,-0.07782,-0.35109,54.87186,13.12059,13.47039,14.21672,14.06416
4595.19440,-0.08468,-0.35584,54.89546,13.12059,13.47039,14.21979,14.08470
4595.20440,-0.09591,-0.36362,54.93416,13.12059,13.47039,14.22481,14.11837
4595.21440,-0.12350,-0.37309,55.08886,13.11059,13.53239,14.27672,14.16916
4595.22440,-0.12013,-0.36782,55.00986,13.10059,13.51689,14.25172,14.14066
4595.23440,-0.10136,-0.40601,54.86419,13.02139,13.43372,14.28228,14.12681
4595.24440,-0.08623,-0.44871,54.79886,12.95359,13.36739,14.33672,14.14116
4595.25440,-0.12668,-0.48061,54.81322,12.91943,13.33175,14.32682,14.23522
4595.26440,-0.16792,-0.51313,54.82786,12.88459,13.29539,14.31672,14.33116
4595.27440,-0.16792,-0.51313,54.82786,12.88459,13.29539,14.31672,14.33116
4595.28440,-0.14087,-0.69742,54.84080,12.67063,13.07226,14.57136,14.52655
4595.29440,-0.10987,-0.75663,54.82686,12.65859,12.93539,14.61572,14.61716
4595.30440,-0.15173,-0.77737,54.90504,12.61895,12.96158,14.64117,14.68334
4595.31440,-0.24086,-0.81817,55.10587,12.56069,13.01479,14.68572,14.84467
4595.32440,-0.26830,-0.82605,55.21486,12.57959,13.02739,14.68572,14.92216
4595.33440,-0.29955,-0.84399,55.17761,12.52384,13.02246,14.68325,14.94806
4595.34440,-0.38421,-0.89258,55.07695,12.37317,13.00913,14.67659,15.01806
4595.35440,-1.12076,-0.55118,56.83497,12.27809,14.76542,14.66829,15.12316
4595.36440,-0.47084,-1.06820,54.54297,12.00415,12.71196,14.67423,15.15263
4595.37440,-0.44292,-1.18660,54.36686,11.86159,12.49239,14.76572,15.24716
4595.38440,-0.45988,-1.21849,54.36779,11.80833,12.47001,14.79814,15.29131
4595.39440,-0.53360,-1.35715,54.37181,11.57679,12.37270,14.93908,15.48325
4595.40440,-0.53366,-1.54781,54.73786,11.41859,12.23439,15.27572,15.80916
4595.41440,-0.52805,-1.55214,54.74423,11.41362,12.23172,15.29089,15.80801
4595.42440,-0.49414,-1.58852,54.77765,11.36603,12.20632,15.39767,15.80762
4595.43440,-0.53457,-1.65004,54.68479,11.24282,12.14204,15.42445,15.87548
4595.44440,-0.53604,-1.65445,54.67013,11.23649,12.13150,15.42177,15.88037
4595.45440,-0.54580,-1.68910,54.54530,11.19018,12.04157,15.39492,15.91862
4595.46440,-0.54951,-1.70231,54.49786,11.17259,12.00739,15.38472,15.93316
4595.47440,-0.53971,-1.82771,54.21670,10.95875,11.80345,15.47382,15.98068
4595.48440,-0.53747,-2.00104,53.99111,10.75166,11.50538,15.57372,16.16035
4595.49440,-0.53745,-2.00278,53.98886,10.74959,11.50239,15.57472,16.16216
4595.50440,-0.59818,-2.14738,54.16904,10.63277,11.34993,15.70342,16.48292
4595.51440,-0.60511,-2.22470,54.28130,10.58283,11.26133,15.79924,16.63789
4595.52440,-0.61147,-2.30103,54.39286,10.53359,11.17339,15.89472,16.79116
4595.53440,-0.65938,-2.35881,54.58562,10.51653,11.12904,15.94504,16.99501
4595.54440,-0.66761,-2.36873,54.61886,10.51359,11.12139,15.95372,17.03016
4595.55440,-0.71949,-2.47847,54.49049,10.32537,10.99650,16.01443,17.15419
4595.56440,-0.71685,-2.54147,54.52790,10.27988,10.90595,16.08134,17.26074
4595.57440,-0.70907,-2.57538,54.56986,10.26759,10.85339,16.12372,17.32516
4595.58440,-0.71426,-2.62793,54.57489,10.19995,10.79718,16.18724,17.39051
4595.59440,-0.72037,-2.68974,54.58080,10.12038,10.73105,16.26197,17.46739
4595.60440,-0.73622,-2.88746,54.60363,9.99287,10.39379,16.38053,17.83644
4595.61440,-0.73638,-2.88945,54.60386,9.99159,10.39039,16.38172,17.84016
4595.62440,-0.75446,-2.94643,54.75886,9.92359,10.37939,16.50172,17.95416
4595.63440,-0.76575,-3.00019,54.62122,9.85773,10.26543,16.48692,18.01114
4595.64440,-0.80899,-3.00679,54.53882,9.79833,10.27867,16.45212,18.00970
4595.65440,-0.82279,-3.00245,54.52686,9.78559,10.29739,16.44172,18.00216
4595.66440,-0.80169,-3.03155,54.52291,9.78559,10.22635,16.46639,18.04459
4595.67440,-0.77868,-3.07599,54.53905,9.78559,10.12596,16.50315,18.12435
4595.68440,-0.79905,-3.11421,54.51702,9.73075,10.08139,16.52172,18.18316
4595.69440,-0.78892,-3.15528,54.51933,9.71482,9.99994,16.55150,18.25306
4595.70440,-0.77333,-3.17589,54.54286,9.72659,9.94739,16.57072,18.29816
4595.71440,-0.76968,-3.21761,54.47032,9.68381,9.86431,16.58312,18.33908
4595.72440,-0.75167,-3.26436,54.43619,9.64519,9.77909,16.62792,18.38400
4595.73440,-0.72931,-3.29431,54.45086,9.62759,9.73039,16.68072,18.41216
4595.74440,-0.70438,-3.28674,54.35324,9.64743,9.69389,16.64501,18.36692
4595.75440,-0.68247,-3.27799,54.20213,9.65877,9.64958,16.58799,18.30580
4595.76440,-0.72556,-3.28547,54.19486,9.60859,9.67939,16.58072,18.32616
4595.77440,-0.71076,-3.28648,54.14843,9.61537,9.65368,16.57001,18.30937
4595.78440,-0.68406,-3.28831,54.06486,9.62759,9.60739,16.55072,18.27916
4595.79440,-0.69027,-3.30773,54.05262,9.60311,9.58147,16.56152,18.30652
4595.80440,-0.70085,-3.36797,54.04468,9.55231,9.48667,16.59527,18.41043
4595.81440,-0.70002,-3.41288,54.06886,9.53959,9.40139,16.62072,18.50716
4595.82440,-0.69635,-3.42725,54.07337,9.53507,9.37342,16.63200,18.53288
4595.83440,-0.68643,-3.46606,54.08557,9.52288,9.29781,16.66249,18.60239
4595.84440,-0.69496,-3.49308,54.05786,9.49059,9.25639,16.67072,18.64016
4595.85440,-0.69496,-3.49308,54.05786,9.49059,9.25639,16.67072,18.64016
4595.86440,-0.71000,-3.42724,54.07186,9.56859,9.33939,16.58072,18.58316
4595.87440,-0.71423,-3.43454,54.03369,9.55237,9.32497,16.57319,18.58316
4595.88440,-0.73194,-3.46505,53.87465,9.48482,9.26486,16.54181,18.58316
4595.89440,-0.75389,-3.51431,53.73786,9.41159,9.17439,16.52172,18.63016
4595.90440,-0.75366,-3.52011,53.75050,9.41542,9.16124,16.52427,18.64956
4595.91440,-0.75271,-3.54428,53.80316,9.43137,9.10646,16.53491,18.73042
4595.92440,-0.76467,-3.58440,53.86926,9.42035,9.04547,16.56296,18.84048
4595.93440,-0.78698,-3.62819,53.92686,9.38259,8.99939,16.60072,18.94416
4595.94440,-0.78745,-3.65605,54.03065,9.37270,8.97863,16.66003,19.01929
4595.95440,-0.78692,-3.64988,54.03252,9.37908,8.98752,16.65522,19.01070
4595.96440,-0.78097,-3.59844,54.02917,9.42829,9.05908,16.61182,18.92998
4595.97440,-0.76806,-3.60745,53.95886,9.40159,9.04039,16.62072,18.89616
4595.98440,-0.76608,-3.60548,53.95988,9.40659,9.04039,16.61868,18.89422
4595.99440,-0.74369,-3.59194,53.97085,9.45138,9.03141,16.60708,18.88097
4596.00440,-0.70230,-3.62314,53.98740,9.45800,8.95658,16.66006,18.91276
4596.01440,-0.68616,-3.63530,53.99386,9.46059,8.92739,16.68072,18.92516
4596.02440,-0.64895,-3.63176,54.01861,9.53880,8.86601,16.66092,18.95288
4596.03440,-0.64857,-3.63172,54.01886,9.53959,8.86539,16.66072,18.95316
4596.04440,-0.67189,-3.67228,53.91586,9.48059,8.79339,16.64072,19.00116
4596.05440,-0.70028,-3.58740,54.08715,9.59742,8.93597,16.57141,18.98235
4596.06440,-0.70057,-3.58655,54.08886,9.59859,8.93739,16.57072,18.98216
4596.07440,-0.68908,-3.56197,54.02286,9.61135,8.96027,16.54036,18.91088
4596.08440,-0.72399,-3.57024,53.90846,9.55983,8.95291,16.49303,18.90269
4596.09440,-0.73149,-3.57623,53.90386,9.54959,8.94739,16.49172,18.91516
4596.10440,-0.66929,-3.56024,53.98900,9.63387,8.93019,16.52612,18.89882
4596.11440,-0.65919,-3.55765,54.00286,9.64759,8.92739,16.53172,18.89616
4596.12440,-0.69713,-3.57541,53.92294,9.60502,8.90046,16.48829,18.92917
4596.13440,-0.70758,-3.60251,53.92296,9.60435,8.83705,16.47596,19.00560
4596.14440,-0.71104,-3.62046,53.93186,9.60859,8.79339,16.47172,19.05816
4596.15440,-0.69919,-3.58996,53.92904,9.62198,8.85118,16.47172,18.98416
4596.16440,-0.74336,-3.56632,53.92211,9.61393,8.91277,16.42141,18.97400
4596.17440,-0.76259,-3.56207,53.91986,9.60859,8.92739,16.40172,18.98216
4596.18440,-0.78326,-3.54603,53.87288,9.60859,8.94913,16.35334,18.96183
4596.19440,-0.79208,-3.53919,53.85286,9.60859,8.95839,16.33272,18.95316
4596.20440,-0.78883,-3.54574,53.85170,9.60472,8.94639,16.34007,18.96051
4596.21440,-0.80800,-3.55937,53.87404,9.57999,8.94661,16.35172,18.99572
4596.22440,-0.82289,-3.56136,53.88886,9.56859,8.95839,16.35172,19.01016
4596.23440,-0.82289,-3.56136,53.88886,9.56859,8.95839,16.35172,19.01016
4596.24440,-0.81970,-3.62914,53.84837,9.50140,8.85158,16.40340,19.09199
4596.25440,-0.81531,-3.67536,53.77822,9.45619,8.76387,16.42032,19.13784
4596.26440,-0.81467,-3.68111,53.76786,9.45059,8.75239,16.42172,19.14316
4596.27440,-0.80624,-3.65925,53.98840,9.55743,8.77200,16.43152,19.22746
4596.28440,-0.80607,-3.65881,53.99286,9.55959,8.77239,16.43172,19.22916
4596.29440,-0.77946,-3.66596,53.98502,9.53019,8.78219,16.49051,19.18213
4596.30440,-0.82739,-3.65879,53.90468,9.52959,8.77249,16.39273,19.20987
4596.31440,-0.82788,-3.65871,53.90386,9.52959,8.77239,16.39172,19.21016
4596.32440,-0.79700,-3.72164,53.78704,9.40287,8.71101,16.50062,19.17254
4596.33440,-0.79754,-3.72645,53.80050,9.40399,8.70307,16.50532,19.18812
4596.34440,-0.80385,-3.76524,53.92005,9.41416,8.64139,16.54486,19.31964
4596.35440,-0.80437,-3.80027,53.97186,9.38259,8.60739,16.60072,19.38116
4596.36440,-0.76672,-3.81221,53.99416,9.40634,8.56279,16.63466,19.39037
4596.37440,-0.76420,-3.81698,53.99506,9.40781,8.55032,16.63676,19.40016
4596.38440,-0.80399,-3.80858,53.97086,9.38259,8.58739,16.60072,19.40016
4596.39440,-0.79179,-3.80271,53.99830,9.41591,8.57710,16.59582,19.40947
4596.40440,-0.77911,-3.79661,54.02686,9.45059,8.56639,16.59072,19.41916
4596.41440,-0.78433,-3.81545,53.99397,9.41178,8.54962,16.60716,19.42541
4596.42440,-0.79501,-3.85397,53.92686,9.33259,8.51539,16.64072,19.43816
4596.43440,-0.76964,-3.87033,54.12886,9.39159,8.48439,16.71072,19.54216
4596.44440,-0.79859,-3.87421,54.11347,9.37364,8.48806,16.68508,19.56670
4596.45440,-0.82395,-3.89643,54.07498,9.33899,8.45731,16.66952,19.60916
4596.46440,-0.77992,-3.92400,54.05386,9.33259,8.39139,16.72072,19.60916
4596.47440,-0.78117,-3.91551,54.01918,9.32491,8.40781,16.71013,19.57634
4596.48440,-0.78463,-3.89188,53.92286,9.30359,8.45339,16.68072,19.48516
4596.49440,-0.78394,-3.89226,53.92861,9.30721,8.45077,16.68072,19.48991
4596.50440,-0.76673,-3.89297,53.97049,9.32817,8.44192,16.70140,19.49900
4596.51440,-0.72570,-3.88658,53.97586,9.31359,8.47339,16.76972,19.41916
4596.52440,-0.72177,-3.89022,53.97234,9.31359,8.46363,16.77292,19.42220
4596.53440,-0.70538,-3.90536,53.95767,9.31359,8.42297,16.78625,19.43487
4596.54440,-0.65026,-3.90044,53.94486,9.34259,8.40139,16.81972,19.38116
4596.55440,-0.65304,-3.90385,53.94594,9.33965,8.39661,16.81972,19.38996
4596.56440,-0.66510,-3.91869,53.95064,9.32690,8.37580,16.81972,19.42821
4596.57440,-0.66178,-3.92269,53.94185,9.32788,8.36247,16.81862,19.43288
4596.58440,-0.60561,-3.91455,53.86692,9.36809,8.31691,16.81196,19.36996
4596.59440,-0.57513,-3.84087,53.91486,9.41159,8.46339,16.82972,19.21016
4596.60440,-0.57513,-3.84087,53.91486,9.41159,8.46339,16.82972,19.21016
4596.61440,-0.56578,-3.82137,53.83195,9.41522,8.47830,16.79736,19.14107
4596.62440,-0.50711,-3.78235,53.67368,9.45901,8.47377,16.74923,18.99167
4596.63440,-0.45000,-3.77591,53.65586,9.50959,8.43239,16.76072,18.95316
4596.64440,-0.45518,-3.78220,53.60185,9.48230,8.42683,16.75515,18.93757
4596.65440,-0.45589,-3.79963,53.55023,9.46059,8.39035,16.75072,18.94857
4596.66440,-0.42820,-3.82380,53.60686,9.44261,8.37039,16.83070,18.96316
4596.67440,-0.40315,-3.84819,53.77654,9.46396,8.34790,16.92361,19.04107
4596.68440,-0.39545,-3.85993,53.88486,9.49059,8.32939,16.95972,19.10516
4596.69440,-0.43742,-3.81873,53.78080,9.46479,8.41797,16.88232,19.01572
4596.70440,-0.40805,-3.80483,53.74408,9.44425,8.45905,16.92132,18.91946
4596.71440,-0.40215,-3.80367,53.74086,9.44159,8.46339,16.92972,18.90616
4596.72440,-0.44195,-3.77367,53.57832,9.46653,8.45479,16.77578,18.88122
4596.73440,-0.47670,-3.79155,53.43539,9.39343,8.43816,16.73598,18.86782
4596.74440,-0.50607,-3.81524,53.31486,9.31359,8.42239,16.72072,18.85816
4596.75440,-0.50445,-3.80269,53.29562,9.31359,8.44533,16.71332,18.82338
4596.76440,-0.50388,-3.79828,53.28886,9.31359,8.45339,16.71072,18.81116
4596.77440,-0.52129,-3.81798,53.14956,9.31359,8.36103,16.62133,18.85362
4596.78440,-0.50676,-3.81920,53.15681,9.30616,8.36801,16.65013,18.83252
4596.79440,-0.49966,-3.81728,53.17586,9.30359,8.38139,16.67072,18.82016
4596.80440,-0.52498,-3.79818,53.20483,9.32386,8.41532,16.63348,18.83216
4596.81440,-0.55428,-3.76632,53.26368,9.35259,8.48065,16.59742,18.83301
4596.82440,-0.54909,-3.76247,53.27786,9.35259,8.49439,16.61072,18.82016
4596.83440,-0.54909,-3.76247,53.27786,9.35259,8.49439,16.61072,18.82016
4596.84440,-0.59859,-3.75937,53.13986,9.32359,8.48439,16.51172,18.82016
4596.85440,-0.60923,-3.75394,53.14110,9.31114,8.50991,16.51172,18.80833
4596.86440,-0.61432,-3.76311,53.15112,9.30976,8.49328,16.51172,18.83637
4596.87440,-0.61347,-3.77082,53.15686,9.31359,8.47339,16.51172,18.85816
4596.88440,-0.61347,-3.77082,53.15686,9.31359,8.47339,16.51172,18.85816
4596.89440,-0.61110,-3.79253,53.00886,9.25459,8.43239,16.50172,18.82016
4596.90440,-0.60704,-3.80008,53.10927,9.28147,8.42142,16.52860,18.87777
4596.91440,-0.62998,-3.81182,53.12914,9.26978,8.41239,16.52181,18.92516
4596.92440,-0.65739,-3.81761,53.06386,9.23459,8.41239,16.49172,18.92516
4596.93440,-0.67179,-3.82667,53.13033,9.21567,8.43228,16.52520,18.95718
4596.94440,-0.69499,-3.85704,53.21104,9.19074,8.41315,16.56072,19.04643
4596.95440,-0.70344,-3.87910,53.22186,9.18559,8.37039,16.56072,19.10516
4596.96440,-0.70344,-3.87910,53.22186,9.18559,8.37039,16.56072,19.10516
4596.97440,-0.73732,-3.91269,53.24661,9.14599,8.33970,16.57062,19.19030
4596.98440,-0.78550,-4.02219,52.98086,8.96859,8.17539,16.56072,19.27616
4596.99440,-0.77783,-4.03795,52.97946,8.96044,8.14646,16.57757,19.29498
4597.00440,-0.75820,-4.07830,52.97586,8.93959,8.07239,16.62072,19.34316
4597.01440,-0.75440,-4.08905,52.98670,8.92623,8.06426,16.64395,19.35226
4597.02440,-0.74388,-4.11886,53.01681,8.88914,8.04168,16.70846,19.37753
4597.03440,-0.75100,-4.17986,53.08630,8.83781,7.97317,16.78461,19.49072
4597.04440,-0.76089,-4.21668,53.12986,8.81159,7.92739,16.81972,19.57116
4597.05440,-0.70627,-4.28627,53.32050,8.78556,7.85075,17.00498,19.67921
4597.06440,-0.75438,-4.33197,53.44486,8.73259,7.83539,17.05872,19.81816
4597.07440,-0.76001,-4.36735,53.44534,8.70187,7.78331,17.08272,19.87744
4597.08440,-0.77784,-4.47941,53.44686,8.60459,7.61839,17.15872,20.06516
4597.09440,-0.77784,-4.47941,53.44686,8.60459,7.61839,17.15872,20.06516
4597.10440,-0.82459,-4.57915,53.50470,8.55858,7.44789,17.17484,20.32339
4597.11440,-0.87996,-4.68600,53.63051,8.49487,7.29789,17.23049,20.60726
4597.12440,-0.88714,-4.69986,53.64686,8.48659,7.27839,17.23772,20.64416
4597.13440,-0.84531,-4.86195,53.81164,8.45624,6.97459,17.39906,20.98175
4597.14440,-0.91859,-4.96345,54.00186,8.37859,6.86639,17.47672,21.28016
4597.15440,-0.91923,-4.96687,53.98767,8.37100,6.86188,17.47672,21.27807
4597.16440,-0.92440,-4.99459,53.87286,8.30959,6.82539,17.47672,21.26116
4597.17440,-0.92440,-4.99459,53.87286,8.30959,6.82539,17.47672,21.26116
4597.18440,-0.93797,-5.00674,53.68396,8.30959,6.74373,17.36948,21.26116
4597.19440,-0.97474,-5.05567,53.73386,8.25059,6.70139,17.40672,21.37516
4597.20440,-0.97474,-5.05567,53.73386,8.25059,6.70139,17.40672,21.37516
4597.21440,-1.00811,-5.04017,53.67743,8.25059,6.72218,17.33841,21.36625
4597.22440,-1.01107,-5.12862,53.66498,8.19218,6.56894,17.38722,21.51664
4597.23440,-1.01109,-5.12951,53.66486,8.19159,6.56739,17.38772,21.51816
4597.24440,-1.07263,-5.18210,53.57562,8.11891,6.49195,17.34172,21.62304
4597.25440,-1.07800,-5.18669,53.56786,8.11259,6.48539,17.33772,21.63216
4597.26440,-1.08830,-5.21501,53.46473,8.07431,6.42914,17.31428,21.64700
4597.27440,-1.09467,-5.28269,53.30034,8.00365,6.29699,17.29903,21.70068
4597.28440,-1.09520,-5.29175,53.27986,7.99459,6.27939,17.29772,21.70816
4597.29440,-1.08922,-5.32479,53.17459,7.95196,6.21675,17.29772,21.70816
4597.30440,-1.04006,-5.40366,53.19888,7.94559,6.04557,17.37602,21.83170
4597.31440,-1.05228,-5.42910,53.15934,7.90007,6.02139,17.38772,21.85016
4597.32440,-1.04021,-5.46708,53.18872,7.88373,5.95682,17.43286,21.91530
4597.33440,-1.02046,-5.48757,53.23586,7.89659,5.90839,17.46672,21.96416
4597.34440,-1.02046,-5.48757,53.23586,7.89659,5.90839,17.46672,21.96416
4597.35440,-1.05075,-5.50586,53.14306,7.90396,5.83430,17.37796,22.02684
4597.36440,-1.05533,-5.51239,53.13886,7.90659,5.81539,17.36772,22.04916
4597.37440,-1.10710,-5.49061,53.11835,7.90659,5.86082,17.29445,22.05649
4597.38440,-1.12600,-5.48267,53.11086,7.90659,5.87739,17.26772,22.05916
4597.39440,-1.18442,-5.51545,53.15657,7.84927,5.87014,17.27497,22.16218
4597.40440,-1.23391,-5.54869,53.07713,7.79922,5.82230,17.22681,22.22880
4597.41440,-1.24422,-5.55653,53.04086,7.78859,5.80539,17.20772,22.23916
4597.42440,-1.27928,-5.56551,53.01278,7.75331,5.81259,17.18684,22.26004
4597.43440,-1.36251,-5.58628,53.08813,7.69483,5.84199,17.17872,22.37259
4597.44440,-1.40011,-5.59562,53.13486,7.67059,5.85639,17.17872,22.42916
4597.45440,-1.40420,-5.60842,53.15721,7.65851,5.84431,17.19623,22.45815
4597.46440,-1.40687,-5.61681,53.17186,7.65059,5.83639,17.20772,22.47716
4597.47440,-1.46094,-5.64123,53.15830,7.57788,5.84872,17.20772,22.52399
4597.48440,-1.50643,-5.66987,53.12892,7.50426,5.84818,17.21183,22.56466
4597.49440,-1.52338,-5.68915,53.09886,7.46359,5.83639,17.21772,22.58116
4597.50440,-1.57403,-5.69047,53.21190,7.45388,5.87132,17.21772,22.66897
4597.51440,-1.64074,-5.71937,53.30260,7.39584,5.88452,17.23569,22.78655
4597.52440,-1.66828,-5.77676,53.24164,7.29638,5.83479,17.27312,22.83735
4597.53440,-1.69687,-5.81626,53.20267,7.21398,5.81539,17.30242,22.87088
4597.54440,-1.71543,-5.83406,53.18686,7.16859,5.81539,17.31772,22.88516
4597.55440,-1.75631,-5.86828,53.16213,7.08277,5.81539,17.34196,22.92201
4597.56440,-1.79942,-5.91783,53.17026,6.97569,5.80890,17.39985,22.98582
4597.57440,-1.79866,-5.94462,53.24046,6.94324,5.79566,17.46541,23.03615
4597.58440,-1.78471,-5.96612,53.32429,6.91731,5.79136,17.54695,23.06866
4597.59440,-1.76641,-6.00915,53.53706,6.86999,5.78835,17.71452,23.16420
4597.60440,-1.77650,-6.02142,53.66186,6.86359,5.79539,17.76572,23.23716
4597.61440,-1.79530,-6.02147,53.66552,6.85296,5.80675,17.75473,23.25108
4597.62440,-1.82780,-6.02157,53.67186,6.83459,5.82639,17.73572,23.27516
4597.63440,-1.82780,-6.02157,53.67186,6.83459,5.82639,17.73572,23.27516
4597.64440,-1.92751,-6.10090,53.54854,6.64243,5.80315,17.74812,23.35484
4597.65440,-1.94337,-6.12930,53.51987,6.60309,5.76915,17.75479,23.39284
4597.66440,-1.95661,-6.13359,53.54118,6.59085,5.77624,17.76037,23.41373
4597.67440,-1.99318,-6.14439,53.65124,6.56383,5.80327,17.79212,23.49201
4597.68440,-1.99404,-6.17563,53.73586,6.54859,5.76439,17.84472,23.57816
4597.69440,-1.99315,-6.18663,53.72350,6.53457,5.74966,17.85422,23.58505
4597.70440,-1.99032,-6.22196,53.68386,6.48959,5.70239,17.88472,23.60716
4597.71440,-1.99032,-6.22196,53.68386,6.48959,5.70239,17.88472,23.60716
4597.72440,-2.00009,-6.22896,53.72086,6.47725,5.70665,17.90173,23.63523
4597.73440,-1.99809,-6.24723,53.70749,6.45069,5.68715,17.92472,23.64494
4597.74440,-1.98256,-6.25626,53.64286,6.44059,5.66139,17.92472,23.61616
4597.75440,-1.96413,-6.25756,53.65402,6.45175,5.64967,17.94146,23.61114
4597.76440,-1.94943,-6.28578,53.59779,6.38815,5.63425,17.99769,23.57769
4597.77440,-1.94936,-6.30291,53.55686,6.34259,5.63039,18.02472,23.55916
4597.78440,-1.97692,-6.29693,53.58786,6.32259,5.67139,18.02472,23.56916
4597.79440,-1.97692,-6.29693,53.58786,6.32259,5.67139,18.02472,23.56916
4597.80440,-1.92079,-6.33227,53.45701,6.33243,5.54939,18.02472,23.55047
4597.81440,-1.83986,-6.27925,53.47268,6.40090,5.60877,18.06333,23.39968
4597.82440,-1.83906,-6.27870,53.47286,6.40159,5.60939,18.06372,23.39816
4597.83440,-1.80300,-6.29369,53.27094,6.39178,5.53882,18.02549,23.31484
4597.84440,-1.77541,-6.25495,53.38466,6.46880,5.57798,18.03462,23.30326
4597.85440,-1.77514,-6.25456,53.38586,6.46959,5.57839,18.03472,23.30316
4597.86440,-1.77666,-6.24039,53.27733,6.47820,5.57839,17.97442,23.24631
4597.87440,-1.77690,-6.23810,53.25986,6.47959,5.57839,17.96472,23.23716
4597.88440,-1.66767,-6.25174,53.32092,6.50539,5.53453,18.10146,23.17954
4597.89440,-1.65985,-6.22283,53.39278,6.54313,5.58071,18.10652,23.16242
4597.90440,-1.66147,-6.21777,53.40286,6.54859,5.58939,18.10372,23.16116
4597.91440,-1.63695,-6.19368,53.37230,6.58136,5.60606,18.08705,23.09783
4597.92440,-1.55564,-6.16782,53.36874,6.67167,5.57547,18.09532,23.02628
4597.93440,-1.53167,-6.16527,53.37686,6.69659,5.55839,18.10372,23.01816
4597.94440,-1.54763,-6.15541,53.27966,6.67499,5.58071,18.06052,22.96344
4597.95440,-1.54377,-6.14147,53.21515,6.66659,5.60681,18.04372,22.89803
4597.96440,-1.51029,-6.11224,53.25600,6.73169,5.61939,18.03875,22.86616
4597.97440,-1.52646,-6.12667,53.12666,6.71742,5.57005,17.97303,22.86616
4597.98440,-1.54371,-6.14153,53.04486,6.68659,5.54739,17.94472,22.86616
4597.99440,-1.51485,-6.13383,53.07973,6.70476,5.55518,17.97811,22.84168
4598.00440,-1.44688,-6.09323,53.22975,6.78988,5.59950,18.04631,22.79406
4598.01440,-1.43469,-6.07566,53.28786,6.82459,5.61939,18.05372,22.79016
4598.02440,-1.40990,-6.06118,53.32568,6.85448,5.63220,18.07202,22.76698
4598.03440,-1.39406,-6.05193,53.34986,6.87359,5.64039,18.08372,22.75216
4598.04440,-1.37093,-6.04785,53.35805,6.89774,5.62770,18.09191,22.74070
4598.05440,-1.32547,-6.03312,53.38321,6.95780,5.60805,18.09968,22.71769
4598.06440,-1.24803,-5.97642,53.46886,7.11959,5.59939,18.07372,22.67616
4598.07440,-1.22376,-5.96735,53.37512,7.13705,5.58086,18.04200,22.61521
4598.08440,-1.15894,-5.91254,53.20268,7.22091,5.58381,17.95644,22.44152
4598.09440,-1.12092,-5.84239,53.19686,7.31659,5.65039,17.90472,22.32516
4598.10440,-1.12555,-5.81027,53.11951,7.35089,5.67209,17.82807,22.26846
4598.11440,-1.13856,-5.74532,52.98717,7.41459,5.72689,17.68572,22.15998
4598.12440,-1.14518,-5.71991,53.01107,7.45308,5.75339,17.65043,22.15416
4598.13440,-1.12667,-5.67353,52.99635,7.56077,5.74986,17.55844,22.12729
4598.14440,-1.09734,-5.64220,52.95886,7.63059,5.74339,17.50672,22.07816
4598.15440,-1.08141,-5.62771,52.95886,7.65007,5.75756,17.50672,22.04451
4598.16440,-1.03836,-5.58855,52.95886,7.70273,5.79586,17.50672,21.95355
4598.17440,-1.01977,-5.51396,53.13064,7.79041,5.92578,17.52362,21.89083
4598.18440,-1.02236,-5.47184,53.26386,7.83759,6.01139,17.53672,21.87816
4598.19440,-0.97401,-5.38919,53.55186,8.04459,6.07339,17.52672,21.90716
4598.20440,-0.95455,-5.36888,53.56026,8.08227,6.08563,17.51712,21.87524
4598.21440,-0.90054,-5.31251,53.58359,8.18693,6.11963,17.49045,21.78657
4598.22440,-0.91209,-5.25108,53.53186,8.27059,6.16639,17.36772,21.72716
4598.23440,-0.90413,-5.24411,53.53002,8.28416,6.16869,17.36312,21.71405
4598.24440,-0.86833,-5.20991,53.58011,8.36101,6.18573,17.35455,21.67881
4598.25440,-0.83758,-5.17325,53.77086,8.46759,6.21739,17.37772,21.70816
4598.26440,-0.83514,-5.14568,53.82054,8.50370,6.25994,17.36852,21.68838
4598.27440,-0.82701,-5.05373,53.98686,8.62459,6.40239,17.33772,21.62216
4598.28440,-0.82701,-5.05373,53.98686,8.62459,6.40239,17.33772,21.62216
4598.29440,-0.76718,-4.98058,53.82275,8.72225,6.43173,17.23550,21.43327
4598.30440,-0.74711,-4.89574,53.87786,8.79159,6.57839,17.21772,21.29016
4598.31440,-0.74199,-4.88670,53.86466,8.80248,6.58510,17.20683,21.27025
4598.32440,-0.69612,-4.80864,53.75954,8.89677,6.64484,17.11872,21.09921
4598.33440,-0.65918,-4.76826,53.77386,8.94959,6.69139,17.11872,21.01416
4598.34440,-0.65654,-4.75740,53.77330,8.96703,6.69939,17.10428,21.00260
4598.35440,-0.63548,-4.67054,53.76886,9.10659,6.76339,16.98872,20.91016
4598.36440,-0.63771,-4.65832,53.76248,9.11311,6.78378,16.97633,20.88926
4598.37440,-0.65802,-4.54717,53.70448,9.17245,6.96911,16.86366,20.69926
4598.38440,-0.65141,-4.29728,53.81838,9.41441,7.35123,16.68513,20.36760
4598.39440,-0.65093,-4.29053,53.82286,9.42159,7.36139,16.68072,20.35916
4598.40440,-0.62824,-4.13320,53.71990,9.59682,7.52474,16.48371,20.11463
4598.41440,-0.58714,-4.01699,53.77179,9.70445,7.70773,16.45231,19.90730
4598.42440,-0.58631,-4.01468,53.77286,9.70659,7.71139,16.45172,19.90316
4598.43440,-0.55701,-3.95159,53.80357,9.81088,7.76592,16.39878,19.82798
4598.44440,-0.53098,-3.89557,53.83086,9.90359,7.81439,16.35172,19.76116
4598.45440,-0.52687,-3.88918,53.83086,9.92124,7.81184,16.33919,19.75860
4598.46440,-0.52619,-3.86098,53.90120,9.98045,7.84246,16.31513,19.76316
4598.47440,-0.54214,-3.84742,54.00086,9.99159,7.89639,16.33272,19.78016
4598.48440,-0.51363,-3.79462,54.08959,10.09510,7.94753,16.30807,19.73888
4598.49440,-0.55511,-3.74679,54.00536,10.11681,8.01101,16.19352,19.68402
4598.50440,-0.59154,-3.73755,53.91986,10.09059,8.03039,16.13272,19.66616
4598.51440,-0.59652,-3.70524,54.04455,10.14501,8.09446,16.13272,19.67236
4598.52440,-0.59877,-3.69070,54.10086,10.16959,8.12339,16.13272,19.67516
4598.53440,-0.69479,-3.62479,54.03468,10.18340,8.24339,15.96690,19.64098
4598.54440,-0.72301,-3.59790,53.96947,10.15501,8.31321,15.92857,19.57268
4598.55440,-0.71472,-3.59564,53.92686,10.11959,8.33939,15.95372,19.51416
4598.56440,-0.71614,-3.58255,53.90329,10.11335,8.36851,15.94679,19.47465
4598.57440,-0.73630,-3.58900,53.93303,10.11059,8.36621,15.93882,19.51742
4598.58440,-0.75660,-3.60173,53.97486,10.11059,8.35039,15.93372,19.58016
4598.59440,-0.75135,-3.62910,53.95092,10.07773,8.31030,15.96156,19.60132
4598.60440,-0.74716,-3.65090,53.93186,10.05159,8.27839,15.98372,19.61816
4598.61440,-0.79578,-3.68496,53.84346,9.97301,8.24647,15.95917,19.66481
4598.62440,-0.83372,-3.70991,53.79396,9.91139,8.23249,15.94982,19.70026
4598.63440,-0.83837,-3.71212,53.79786,9.90359,8.23639,15.95372,19.70416
4598.64440,-0.83882,-3.70957,53.78540,9.90195,8.23984,15.94880,19.69482
4598.65440,-0.81962,-3.72058,53.68727,9.87005,8.21272,15.95735,19.64716
4598.66440,-0.79629,-3.74658,53.64986,9.84459,8.16439,15.99372,19.64716
4598.67440,-0.84095,-3.75215,53.66407,9.81078,8.18987,15.97902,19.68440
4598.68440,-0.88741,-3.75794,53.67886,9.77559,8.21639,15.96372,19.72316
4598.69440,-0.86648,-3.78395,53.66563,9.76579,8.16053,15.99312,19.74619
4598.70440,-0.87425,-3.82888,53.68191,9.73337,8.09259,16.02372,19.83223
4598.71440,-0.93448,-3.86524,53.74325,9.68804,8.07259,16.02372,19.95889
4598.72440,-0.91321,-3.87753,53.70246,9.68759,8.03063,16.03105,19.95320
4598.73440,-0.88730,-3.92535,53.61803,9.64517,7.93273,16.06511,19.97502
4598.74440,-0.90900,-3.97441,53.59486,9.56859,7.88639,16.10372,20.03616
4598.75440,-0.93227,-3.97446,53.60988,9.55064,7.90911,16.10006,20.05008
4598.76440,-0.97249,-3.97456,53.63586,9.51959,7.94839,16.09372,20.07416
4598.77440,-0.97483,-3.99925,53.61031,9.49307,7.90852,16.10514,20.10358
4598.78440,-0.98134,-4.06798,53.53934,9.41941,7.79777,16.13686,20.18530
4598.79440,-0.97761,-4.13203,53.57911,9.36278,7.71665,16.21708,20.28260
4598.80440,-0.97051,-4.16217,53.65586,9.34259,7.69039,16.28272,20.34016
4598.81440,-0.93957,-4.22631,53.70375,9.31530,7.58181,16.37125,20.43538
4598.82440,-0.91080,-4.35036,53.75650,9.23930,7.38193,16.50821,20.62706
4598.83440,-0.90812,-4.39707,53.76586,9.20459,7.30939,16.55072,20.70116
4598.84440,-0.94307,-4.50896,53.70798,9.11154,7.12110,16.57270,20.90265
4598.85440,-0.95584,-4.54984,53.68686,9.07759,7.05239,16.58072,20.97616
4598.86440,-0.97524,-4.67679,53.54788,8.94531,6.84477,16.62258,21.13523
4598.87440,-1.06626,-4.80090,53.46466,8.81060,6.66390,16.60518,21.38499
4598.88440,-1.08149,-4.81825,53.45486,8.79159,6.63939,16.60072,21.42316
4598.89440,-1.13725,-4.94287,53.20804,8.58003,6.48889,16.62652,21.51260
4598.90440,-1.22530,-5.12679,53.34416,8.29189,6.38527,16.87066,21.79634
4598.91440,-1.23810,-5.15331,53.37286,8.25059,6.37239,16.90972,21.84016
4598.92440,-1.17958,-5.32608,53.68986,8.04459,6.25839,17.33772,22.04916
4598.93440,-1.17958,-5.32608,53.68986,8.04459,6.25839,17.33772,22.04916
4598.94440,-1.12117,-5.33321,54.03486,8.18159,6.19639,17.43672,22.22016
4598.95440,-1.07288,-5.32522,53.66496,8.17188,6.12649,17.33089,22.03569
4598.96440,-1.07143,-5.32498,53.65386,8.17159,6.12439,17.32772,22.03016
4598.97440,-1.05829,-5.31094,53.22622,8.17159,6.04322,17.14063,21.87079
4598.98440,-1.06131,-5.31461,53.02386,8.19119,5.96104,17.02110,21.85054
4598.99440,-1.06137,-5.31469,53.01986,8.19159,5.95939,17.01872,21.85016
4599.00440,-1.04946,-5.32879,52.84564,8.15298,5.91881,16.98902,21.78483
4599.01440,-1.04934,-5.32894,52.84386,8.15259,5.91839,16.98872,21.78416
4599.02440,-1.09713,-5.35138,52.78506,8.08497,5.91839,16.97010,21.81160
4599.03440,-1.08316,-5.39627,52.80228,8.01255,5.89143,17.06772,21.83058
4599.04440,-1.07539,-5.41937,52.81186,7.97559,5.87739,17.11872,21.84016
4599.05440,-1.02448,-5.43666,52.89600,7.97559,5.85936,17.22089,21.84016
4599.06440,-1.03681,-5.50269,52.98468,7.87411,5.83059,17.34952,21.93046
4599.07440,-1.04018,-5.51296,52.99686,7.85759,5.82639,17.36772,21.94516
4599.08440,-1.03136,-5.58742,52.99425,7.72033,5.78991,17.51453,21.96948
4599.09440,-1.03002,-5.59867,52.99386,7.69959,5.78439,17.53672,21.97316
4599.10440,-1.00154,-5.70874,53.03126,7.54914,5.68834,17.73987,22.05391
4599.11440,-1.01296,-5.80287,53.01097,7.37774,5.63583,17.88761,22.10979
4599.12440,-1.01548,-5.81430,53.00686,7.35559,5.63039,17.90472,22.11616
4599.13440,-0.98890,-5.81675,52.98794,7.32749,5.64817,17.95632,22.05596
4599.14440,-0.90663,-5.80990,52.83661,7.33977,5.61471,17.97222,21.90991
4599.15440,-0.85781,-5.80312,52.72986,7.36559,5.57839,17.95472,21.83116
4599.16440,-0.86012,-5.78580,52.57013,7.33668,5.60803,17.90413,21.72130
4599.17440,-0.86101,-5.77913,52.50886,7.32559,5.61939,17.88472,21.67916
4599.18440,-0.86101,-5.77913,52.50886,7.32559,5.61939,17.88472,21.67916
4599.19440,-0.80789,-5.81952,52.27428,7.27709,5.51744,17.88472,21.59503
4599.20440,-0.79628,-5.80983,52.30519,7.26678,5.55756,17.92393,21.55691
4599.21440,-0.78486,-5.81108,52.30373,7.26659,5.55452,17.93722,21.54541
4599.22440,-0.69519,-5.84132,52.28449,7.25302,5.49404,18.04979,21.48764
4599.23440,-0.65743,-5.90828,52.26986,7.20759,5.38239,18.13372,21.54616
4599.24440,-0.64476,-5.91360,52.23172,7.20438,5.36422,18.13372,21.52941
4599.25440,-0.62184,-5.92324,52.16286,7.19859,5.33139,18.13372,21.49916
4599.26440,-0.63599,-5.93670,52.17918,7.13235,5.37075,18.19084,21.48524
4599.27440,-0.62145,-5.97766,52.16230,7.04139,5.36395,18.29112,21.46584
4599.28440,-0.58907,-6.00629,52.12486,7.02059,5.31039,18.33272,21.46116
4599.29440,-0.59515,-6.01607,52.12098,6.99198,5.31573,18.35211,21.46116
4599.30440,-0.60416,-6.04575,52.08485,6.92010,5.31127,18.39559,21.45789
4599.31440,-0.60936,-6.08520,52.01951,6.83543,5.29060,18.44225,21.45123
4599.32440,-0.58810,-6.07761,52.03017,6.85191,5.29393,18.45651,21.42783
4599.33440,-0.54914,-6.06301,52.05086,6.88359,5.30039,18.48172,21.38516
4599.34440,-0.54176,-6.08255,52.02602,6.84795,5.28563,18.51412,21.37832
4599.35440,-0.51556,-6.11782,52.03010,6.80943,5.24463,18.58612,21.38992
4599.36440,-0.49238,-6.11867,52.11586,6.85359,5.21839,18.61172,21.43216
4599.37440,-0.48626,-6.12449,52.12073,6.84409,5.21572,18.63095,21.42997
4599.38440,-0.46975,-6.14020,52.13389,6.81844,5.20848,18.68292,21.42405
4599.39440,-0.48067,-6.12316,52.16886,6.81459,5.25939,18.69072,21.40416
4599.40440,-0.49018,-6.11443,52.18289,6.82126,5.27595,18.67945,21.40623
4599.41440,-0.52198,-6.08523,52.22986,6.84359,5.33139,18.64172,21.41316
4599.42440,-0.52198,-6.08523,52.22986,6.84359,5.33139,18.64172,21.41316
4599.43440,-0.50690,-6.10429,52.21474,6.82595,5.30187,18.67016,21.41676
4599.44440,-0.48625,-6.12979,52.16698,6.80179,5.25659,18.69588,21.41272
4599.45440,-0.49723,-6.11484,52.12986,6.81459,5.26939,18.65172,21.39416
4599.46440,-0.49130,-6.08841,52.17322,6.83713,5.31738,18.65750,21.36121
4599.47440,-0.39410,-6.07526,52.03786,6.89359,5.25939,18.65172,21.23316
4599.48440,-0.39635,-6.07595,52.02994,6.89359,5.25598,18.64512,21.23525
4599.49440,-0.41464,-6.08149,51.96586,6.89359,5.22839,18.59172,21.25216
4599.50440,-0.41711,-6.08128,51.98313,6.89359,5.23290,18.59722,21.25942
4599.51440,-0.43296,-6.07921,52.12825,6.89788,5.26719,18.64502,21.31816
4599.52440,-0.39972,-6.07627,52.17186,6.93259,5.24939,18.67172,21.31816
4599.53440,-0.39972,-6.07627,52.17186,6.93259,5.24939,18.67172,21.31816
4599.54440,-0.39350,-6.07069,52.05040,6.91695,5.24939,18.63523,21.24883
4599.55440,-0.38702,-6.08339,51.85219,6.90259,5.18856,18.56005,21.20099
4599.56440,-0.38687,-6.08696,51.83486,6.90259,5.17639,18.55172,21.20416
4599.57440,-0.39994,-6.06673,51.90910,6.89368,5.24866,18.58142,21.18535
4599.58440,-0.40007,-6.06652,51.90986,6.89359,5.24939,18.58172,21.18516
4599.59440,-0.39949,-6.05213,51.94069,6.94275,5.24023,18.54839,21.20933
4599.60440,-0.39168,-6.03324,52.04584,6.96141,5.28935,18.59072,21.20436
4599.61440,-0.39152,-6.03292,52.04786,6.96159,5.29039,18.59172,21.20416
4599.62440,-0.31102,-6.05006,51.83407,6.99593,5.16676,18.54879,21.12259
4599.63440,-0.36804,-6.06514,51.81589,6.92580,5.19833,18.54172,21.15003
4599.64440,-0.38030,-6.06728,51.81886,6.91259,5.20739,18.54172,21.15716
4599.65440,-0.36134,-6.05067,51.91088,6.97193,5.20739,18.55032,21.18124
4599.66440,-0.35825,-6.04797,51.92586,6.98159,5.20739,18.55172,21.18516
4599.67440,-0.35891,-6.04138,51.95532,6.97474,5.23616,18.57227,21.17214
4599.68440,-0.41872,-6.04381,51.87954,6.93818,5.24939,18.49990,21.19207
4599.69440,-0.44657,-6.04636,51.83786,6.92259,5.24939,18.46172,21.20416
4599.70440,-0.47005,-6.04109,51.91524,6.91285,5.28930,18.48119,21.23190
4599.71440,-0.48558,-6.05087,51.93713,6.89183,5.29318,18.49430,21.25782
4599.72440,-0.46998,-6.07694,51.83586,6.87359,5.22839,18.48172,21.25216
4599.73440,-0.47970,-6.08727,51.93404,6.88571,5.21567,18.50596,21.32671
4599.74440,-0.48328,-6.10140,52.02431,6.88819,5.20200,18.54331,21.39081
4599.75440,-0.48097,-6.10772,52.04686,6.88359,5.19739,18.56172,21.40416
4599.76440,-0.51352,-6.10625,52.03862,6.84528,5.23715,18.55687,21.39931
4599.77440,-0.54812,-6.10468,52.02986,6.80459,5.27939,18.55172,21.39416
4599.78440,-0.57154,-6.10778,52.01942,6.79509,5.27939,18.52798,21.41695
4599.79440,-0.61154,-6.11812,52.10290,6.77067,5.29955,18.54492,21.48776
4599.80440,-0.62672,-6.12559,52.20586,6.75559,5.32139,18.59172,21.53716
4599.81440,-0.62672,-6.12559,52.20586,6.75559,5.32139,18.59172,21.53716
4599.82440,-0.61887,-6.15067,52.05784,6.75345,5.23202,18.53143,21.54094
4599.83440,-0.65385,-6.16901,52.01613,6.71974,5.21430,18.50286,21.57923
4599.84440,-0.66751,-6.17616,51.99986,6.70659,5.20739,18.49172,21.59416
4599.85440,-0.65635,-6.19155,52.15786,6.68659,5.22839,18.60172,21.64116
4599.86440,-0.68072,-6.19244,52.12258,6.66895,5.23595,18.57292,21.64476
4599.87440,-0.71023,-6.19857,52.06922,6.64803,5.23067,18.53252,21.65800
4599.88440,-0.68553,-6.20668,52.08586,6.66659,5.19739,18.55172,21.67016
4599.89440,-0.68553,-6.20668,52.08586,6.66659,5.19739,18.55172,21.67016
4599.90440,-0.77271,-6.19507,52.13745,6.63029,5.27199,18.50801,21.72716
4599.91440,-0.79783,-6.20035,52.10089,6.59857,5.28328,18.49188,21.72716
4599.92440,-0.81637,-6.21855,52.09465,6.56042,5.27843,18.50472,21.75108
4599.93440,-0.82540,-6.26824,52.15086,6.49959,5.23839,18.58172,21.83116
4599.94440,-0.82540,-6.26824,52.15086,6.49959,5.23839,18.58172,21.83116
4599.95440,-0.87333,-6.29859,52.11256,6.41849,5.24149,18.58672,21.86586
4599.96440,-0.85837,-6.27537,52.31686,6.48959,5.26939,18.63172,21.92616
4599.97440,-0.86223,-6.27599,52.30366,6.48739,5.26719,18.62292,21.92616
4599.98440,-0.89571,-6.28651,52.19353,6.45759,5.24817,18.55950,21.92827
4599.99440,-0.91313,-6.33012,52.16686,6.36159,5.23839,18.62172,21.94516
4600.00440,-0.91513,-6.33002,52.15987,6.35875,5.23992,18.61881,21.94239
4600.01440,-0.93331,-6.32905,52.09629,6.33292,5.25383,18.59232,21.91723
4600.02440,-0.94060,-6.32866,52.07086,6.32259,5.25939,18.58172,21.90716
4600.03440,-0.92277,-6.33367,52.06498,6.38042,5.18882,18.54251,21.95323
4600.04440,-0.94943,-6.36054,52.07278,6.33308,5.17650,18.56152,22.00168
4600.05440,-0.94971,-6.36082,52.07286,6.33259,5.17639,18.56172,22.00216
4600.06440,-0.93869,-6.33403,52.10254,6.37123,5.20551,18.55052,21.97528
4600.07440,-0.93174,-6.32220,52.11584,6.39248,5.21427,18.54400,21.96509
4600.08440,-0.93749,-6.35337,52.08186,6.36159,5.16639,18.55172,22.00216
4600.09440,-0.94351,-6.34706,52.08221,6.36512,5.17735,18.54111,21.99862
4600.10440,-0.95451,-6.33552,52.08286,6.37159,5.19739,18.52172,21.99216
4600.11440,-0.95521,-6.36255,52.13817,6.33939,5.18006,18.57951,22.03922
4600.12440,-0.93614,-6.34993,52.18112,6.35115,5.20668,18.61126,22.01203
4600.13440,-0.93569,-6.34950,52.18186,6.35159,5.20739,18.61172,22.01116
4600.14440,-0.96895,-6.33765,52.16026,6.35879,5.22251,18.55412,22.02484
4600.15440,-0.95593,-6.32906,52.06844,6.37019,5.21033,18.51452,21.97340
4600.16440,-0.95170,-6.32841,52.05486,6.37159,5.20739,18.51172,21.96416
4600.17440,-0.91615,-6.28282,52.12366,6.47307,5.22545,18.48592,21.93922
4600.18440,-0.91037,-6.27541,52.13486,6.48959,5.22839,18.48172,21.93516
4600.19440,-0.89127,-6.25164,52.10970,6.53826,5.22839,18.44399,21.89907
4600.20440,-0.88650,-6.21116,52.12871,6.63510,5.22839,18.36201,21.90321
4600.21440,-0.89070,-6.20327,52.14386,6.65659,5.22839,18.34272,21.91616
4600.22440,-0.84462,-6.18189,52.11768,6.69950,5.22839,18.34272,21.84707
4600.23440,-0.81874,-6.12448,52.19108,6.78786,5.28825,18.32082,21.79415
4600.24440,-0.81558,-6.10625,52.22186,6.81459,5.31039,18.31272,21.78416
4600.25440,-0.81723,-6.12431,52.24254,6.80663,5.28176,18.32863,21.82552
4600.26440,-0.81973,-6.15164,52.27386,6.79459,5.23839,18.35272,21.88816
4600.27440,-0.81566,-6.13859,52.24352,6.80750,5.24840,18.33013,21.85750
4600.28440,-0.80898,-6.11717,52.19379,6.82866,5.26480,18.29309,21.80723
4600.29440,-0.77675,-6.09869,52.26786,6.89359,5.25939,18.30272,21.81216
4600.30440,-0.74329,-6.05320,52.25749,6.98326,5.27159,18.24843,21.75421
4600.31440,-0.72190,-6.02410,52.25086,7.04059,5.27939,18.21372,21.71716
4600.32440,-0.72316,-6.02373,52.24727,7.05037,5.26961,18.20067,21.72662
4600.33440,-0.72524,-6.02312,52.24139,7.06642,5.25356,18.17928,21.74213
4600.34440,-0.69506,-5.98846,52.24386,7.10959,5.29039,18.17372,21.67016
4600.35440,-0.73421,-5.99373,52.25404,7.07262,5.31771,18.16836,21.69534
4600.36440,-0.73462,-6.00388,52.22782,7.06891,5.29195,18.15892,21.70804
4600.37440,-0.69826,-6.00995,52.18986,7.09959,5.23839,18.15372,21.69816
4600.38440,-0.72976,-5.99371,52.21929,7.09959,5.28254,18.12998,21.70718
4600.39440,-0.76395,-5.97453,52.27990,7.10909,5.33139,18.10847,21.73094
4600.40440,-0.76328,-5.97317,52.31086,7.11959,5.33139,18.11372,21.74616
4600.41440,-0.78330,-5.96789,52.37977,7.12862,5.35088,18.11372,21.78656
4600.42440,-0.80533,-5.96209,52.45586,7.13859,5.37239,18.11372,21.83116
4600.43440,-0.79117,-5.96127,52.44664,7.14812,5.36254,18.11690,21.81908
4600.44440,-0.76165,-5.95957,52.42744,7.16799,5.34201,18.12352,21.79391
4600.45440,-0.77409,-5.96792,52.33586,7.15859,5.31039,18.07372,21.79316
4600.46440,-0.77338,-5.95755,52.36236,7.17709,5.32202,18.06884,21.79441
4600.47440,-0.76849,-5.88526,52.54786,7.30659,5.40339,18.03472,21.80316
4600.48440,-0.79298,-5.90091,52.50826,7.26840,5.39597,18.02411,21.81978
4600.49440,-0.83064,-5.92063,52.45404,7.21605,5.38988,18.00472,21.84339
4600.50440,-0.81765,-5.90448,52.48686,7.24759,5.40339,18.00472,21.83116
4600.51440,-0.81168,-5.91451,52.47184,7.24043,5.38384,18.01187,21.83569
4600.52440,-0.79510,-5.94240,52.43012,7.22057,5.32954,18.03174,21.84827
4600.53440,-0.83896,-5.93161,52.41786,7.17859,5.39339,18.01472,21.83116
4600.54440,-0.84274,-5.93003,52.42264,7.17403,5.40273,18.01700,21.82888
4600.55440,-0.85555,-5.92467,52.43886,7.15859,5.43439,18.02472,21.82116
4600.56440,-0.85555,-5.92467,52.43886,7.15859,5.43439,18.02472,21.82116
4600.57440,-0.83497,-5.94639,52.61998,7.20396,5.38239,18.09134,21.94229
4600.58440,-0.90263,-5.95095,52.55786,7.17859,5.38239,18.00472,21.99216
4600.59440,-0.90263,-5.95095,52.55786,7.17859,5.38239,18.00472,21.99216
4600.60440,-0.86876,-5.97031,52.37196,7.13349,5.33859,18.00172,21.89816
4600.61440,-0.89452,-5.93537,52.45386,7.16859,5.40339,17.97472,21.90716
4600.62440,-0.89905,-5.93914,52.43610,7.16047,5.39857,17.96884,21.90822
4600.63440,-0.93311,-5.96754,52.30286,7.09959,5.36239,17.92472,21.91616
4600.64440,-0.92940,-5.97007,52.30206,7.09569,5.36029,17.93272,21.91336
4600.65440,-0.89469,-5.99485,52.29986,7.05780,5.34083,18.01148,21.88975
4600.66440,-0.88161,-6.01461,52.34986,7.02996,5.33514,18.07910,21.90566
4600.67440,-0.87300,-6.02763,52.38286,7.01159,5.33139,18.12372,21.91616
4600.68440,-0.89158,-5.99786,52.39902,7.03487,5.38034,18.08570,21.89810
4600.69440,-0.90535,-5.99955,52.39101,7.02816,5.38128,18.07192,21.90965
4600.70440,-0.89774,-6.03854,52.36186,6.99159,5.32139,18.10372,21.94516
4600.71440,-0.86485,-6.02552,52.34604,7.02922,5.30994,18.09827,21.90861
4600.72440,-0.83743,-6.01466,52.33286,7.06059,5.30039,18.09372,21.87816
4600.73440,-0.88043,-6.05236,52.35877,6.97331,5.30721,18.14145,21.93680
4600.74440,-0.90002,-6.05300,52.31789,6.91603,5.35343,18.15544,21.89299
4600.75440,-0.89993,-6.04947,52.30686,6.91259,5.36239,18.15372,21.87816
4600.76440,-0.90192,-6.10166,52.31366,6.82929,5.32754,18.23787,21.91896
4600.77440,-0.89922,-6.08546,52.32527,6.84841,5.34828,18.22757,21.90101
4600.78440,-0.89876,-6.08158,52.32686,6.85359,5.35239,18.22372,21.89716
4600.79440,-0.86657,-6.08841,52.22194,6.82549,5.34035,18.24035,21.81575
4600.80440,-0.84254,-6.09352,52.14386,6.80459,5.33139,18.25272,21.75516
4600.81440,-0.82669,-6.09129,52.17783,6.83277,5.31622,18.25995,21.76889
4600.82440,-0.83650,-6.10580,52.21704,6.83704,5.28785,18.26272,21.82943
4600.83440,-0.84244,-6.11156,52.22686,6.83459,5.27939,18.26272,21.85016
4600.84440,-0.83322,-6.12179,52.18686,6.81837,5.26291,18.27083,21.83475
4600.85440,-0.79187,-6.13491,52.18800,6.79627,5.25525,18.34331,21.79316
4600.86440,-0.78561,-6.12932,52.22986,6.80459,5.26939,18.36272,21.79316
4600.87440,-0.77310,-6.11014,52.23894,6.82405,5.29599,18.36272,21.75619
4600.88440,-0.76633,-6.09975,52.24386,6.83459,5.31039,18.36272,21.73616
4600.89440,-0.75874,-6.10472,52.23606,6.84599,5.28579,18.35672,21.74756
4600.90440,-0.74269,-6.11817,52.27874,6.84753,5.26333,18.39514,21.77274
4600.91440,-0.73557,-6.12474,52.30986,6.84359,5.25939,18.42272,21.78416
4600.92440,-0.72455,-6.11429,52.22381,6.85167,5.25535,18.38636,21.73043
4600.93440,-0.70913,-6.09385,52.08924,6.86835,5.25416,18.32320,21.64354
4600.94440,-0.71388,-6.06763,52.04886,6.89359,5.27939,18.27272,21.60316
4600.95440,-0.70145,-6.06217,52.01797,6.89359,5.28462,18.27272,21.56704
4600.96440,-0.70892,-6.06451,51.92088,6.89359,5.25655,18.21679,21.55395
4600.97440,-0.72179,-6.06530,51.87563,6.91936,5.21839,18.15372,21.58416
4600.98440,-0.70046,-6.03639,52.00246,6.98776,5.24562,18.17223,21.59685
4600.99440,-0.69182,-5.99570,52.23786,7.06059,5.32139,18.22372,21.63216
4601.00440,-0.67565,-6.00335,52.17591,7.04659,5.30319,18.22722,21.59891
4601.01440,-0.67057,-6.01671,52.11581,7.01044,5.29459,18.24037,21.57041
4601.02440,-0.71696,-6.01502,52.21786,6.99159,5.34139,18.25272,21.63216
4601.03440,-0.71696,-6.01502,52.21786,6.99159,5.34139,18.25272,21.63216
4601.04440,-0.70101,-5.97940,52.22060,7.04573,5.36949,18.21914,21.58624
4601.05440,-0.69504,-5.99628,52.07492,7.02724,5.31480,18.17433,21.55855
4601.06440,-0.69552,-6.00832,52.02186,7.01159,5.29039,18.16372,21.55616
4601.07440,-0.66515,-6.00019,52.15774,7.04513,5.30759,18.23252,21.57250
4601.08440,-0.66218,-5.99745,52.17485,7.05719,5.30584,18.23233,21.57949
4601.09440,-0.66500,-5.99166,52.15403,7.08095,5.29039,18.19509,21.58760
4601.10440,-0.64768,-5.98714,52.13664,7.08716,5.29039,18.20130,21.55779
4601.11440,-0.64793,-5.98368,52.13076,7.08959,5.29449,18.19572,21.55096
4601.12440,-0.70613,-5.96909,52.14998,7.09163,5.33037,18.13290,21.59508
4601.13440,-0.66351,-5.97535,52.24786,7.10959,5.32139,18.21372,21.60316
4601.14440,-0.67178,-5.97550,52.24596,7.10269,5.32749,18.20972,21.60606
4601.15440,-0.74624,-5.97687,52.22886,7.04059,5.38239,18.17372,21.63216
4601.16440,-0.73931,-5.97934,52.22592,7.04635,5.37028,18.17490,21.63440
4601.17440,-0.69718,-5.99572,52.20596,7.08669,5.28769,18.17572,21.65586
4601.18440,-0.78610,-5.97645,52.22486,7.06059,5.36239,18.10372,21.69816
4601.19440,-0.77671,-5.97258,52.22675,7.06918,5.36312,18.10736,21.68709
4601.20440,-0.69137,-5.93737,52.24397,7.14733,5.36974,18.14047,21.58642
4601.21440,-0.69862,-5.95361,52.09602,7.11181,5.33272,18.09566,21.55584
4601.22440,-0.70001,-5.95462,52.09086,7.10959,5.33139,18.09372,21.55616
4601.23440,-0.67549,-5.92345,51.90858,7.15761,5.31081,17.98690,21.45326
4601.24440,-0.67499,-5.92281,51.90486,7.15859,5.31039,17.98472,21.45116
4601.25440,-0.67182,-5.91411,51.95832,7.12988,5.37177,18.04313,21.41354
4601.26440,-0.69856,-5.92297,51.90545,7.12307,5.34569,17.99227,21.44442
4601.27440,-0.71291,-5.92777,51.87686,7.11959,5.33139,17.96472,21.46116
4601.28440,-0.65948,-5.87333,51.91360,7.20976,5.37398,17.95637,21.37349
4601.29440,-0.67957,-5.87065,51.92679,7.21912,5.37392,17.92931,21.40444
4601.30440,-0.68511,-5.87211,51.92786,7.21759,5.37239,17.92472,21.41316
4601.31440,-0.68841,-5.88214,51.92020,7.19289,5.37239,17.94175,21.41316
4601.32440,-0.68898,-5.88389,51.91886,7.18859,5.37239,17.94472,21.41316
4601.33440,-0.68425,-5.87287,51.83830,7.18859,5.37795,17.91139,21.36038
4601.34440,-0.68897,-5.85593,51.76308,7.19244,5.39433,17.86547,21.31084
4601.35440,-0.70081,-5.84466,51.74811,7.19778,5.41091,17.83873,21.30068
4601.36440,-0.69561,-5.80888,51.90487,7.26219,5.46616,17.85640,21.32012
4601.37440,-0.71036,-5.80566,51.93063,7.26762,5.47439,17.84575,21.34287
4601.38440,-0.73458,-5.81928,51.88171,7.24127,5.45773,17.81941,21.36330
4601.39440,-0.73977,-5.83098,51.93688,7.21620,5.46965,17.86491,21.38612
4601.40440,-0.74049,-5.83492,51.96186,7.20759,5.47539,17.88472,21.39416
4601.41440,-0.77296,-5.84755,51.92294,7.16932,5.47539,17.86526,21.41297
4601.42440,-0.81608,-5.85696,51.97796,7.14859,5.48808,17.86076,21.48054
4601.43440,-0.83277,-5.85863,52.02786,7.14859,5.49639,17.86472,21.51816
4601.44440,-0.78624,-5.85517,51.96594,7.15510,5.48271,17.88427,21.44386
4601.45440,-0.76133,-5.85332,51.93286,7.15859,5.47539,17.89472,21.40416
4601.46440,-0.76154,-5.87223,51.88406,7.12870,5.45038,17.90082,21.40416
4601.47440,-0.74415,-5.88886,51.97364,7.11569,5.44720,17.97792,21.43283
4601.48440,-0.73299,-5.89174,52.05086,7.11959,5.45539,18.02472,21.45116
4601.49440,-0.76949,-5.87073,52.00145,7.14338,5.46759,17.93322,21.45726
4601.50440,-0.77907,-5.88990,51.97474,7.11650,5.44428,17.93572,21.47824
4601.51440,-0.77025,-5.91076,51.97786,7.08959,5.42439,17.97472,21.48916
4601.52440,-0.78280,-5.91036,51.94645,7.09563,5.41171,17.93848,21.50064
4601.53440,-0.79104,-5.91010,51.92586,7.09959,5.40339,17.91472,21.50816
4601.54440,-0.81350,-5.92761,51.89706,7.04679,5.40939,17.92672,21.51416
4601.55440,-0.82712,-5.93989,51.93222,7.02326,5.41339,17.95083,21.54474
4601.56440,-0.82510,-5.94076,52.01286,7.04059,5.41339,17.97472,21.58416
4601.57440,-0.85447,-5.96104,52.00752,6.99304,5.41339,17.98442,21.61666
4601.58440,-0.91607,-5.99587,52.02756,6.92804,5.40370,17.98502,21.71080
4601.59440,-0.94837,-6.00999,52.05486,6.91259,5.39339,17.97472,21.77416
4601.60440,-0.95733,-5.99294,52.03643,6.93140,5.40914,17.93632,21.75957
4601.61440,-0.97173,-5.96556,52.00686,6.96159,5.43439,17.87472,21.73616
4601.62440,-0.98432,-5.97438,52.00226,6.94780,5.42697,17.87118,21.75631
4601.63440,-1.00993,-5.99630,52.02374,6.90135,5.42851,17.89712,21.79676
4601.64440,-1.01449,-6.00657,52.07686,6.86359,5.45539,17.95472,21.80316
4601.65440,-1.03216,-5.99999,52.03900,6.89180,5.43325,17.88722,21.82673
4601.66440,-1.07364,-5.99763,51.95731,6.90632,5.40475,17.78404,21.86220
4601.67440,-1.09023,-6.01411,51.93386,6.84359,5.42439,17.81572,21.85016
4601.68440,-1.10388,-6.00307,51.99794,6.85439,5.45391,17.81896,21.87068
4601.69440,-1.12806,-5.98351,52.11186,6.87359,5.50639,17.82472,21.90716
4601.70440,-1.14745,-5.99173,52.07186,6.85102,5.50068,17.80501,21.91516
4601.71440,-1.19633,-6.01014,51.97979,6.79918,5.48869,17.75457,21.93734
4601.72440,-1.19824,-5.99320,52.04086,6.83459,5.50639,17.74572,21.95416
4601.73440,-1.20583,-5.99370,52.03608,6.83003,5.50867,17.73889,21.95849
4601.74440,-1.22556,-5.99430,52.00919,6.81903,5.51195,17.71350,21.96472
4601.75440,-1.20441,-5.99041,51.97186,6.83459,5.49639,17.70572,21.93516
4601.76440,-1.20441,-5.99041,51.97186,6.83459,5.49639,17.70572,21.93516
4601.77440,-1.24807,-5.97261,52.06186,6.83459,5.55839,17.69572,21.97316
4601.78440,-1.25248,-5.97275,52.04410,6.82775,5.56067,17.68889,21.96678
4601.79440,-1.27185,-5.97405,51.96786,6.79647,5.57086,17.66101,21.93951
4601.80440,-1.29192,-5.97772,51.89513,6.75957,5.58209,17.63962,21.91384
4601.81440,-1.30500,-5.98011,51.84786,6.73559,5.58939,17.62572,21.89716
4601.82440,-1.33412,-5.93218,51.95991,6.81459,5.64626,17.56442,21.93464
4601.83440,-1.32608,-5.94304,51.89037,6.81459,5.60488,17.54143,21.92947
4601.84440,-1.32486,-5.95097,51.85605,6.81026,5.58294,17.53112,21.93173
4601.85440,-1.36056,-5.95982,51.94872,6.77093,5.62427,17.57112,21.98240
4601.86440,-1.37445,-5.96326,51.98486,6.75559,5.64039,17.58672,22.00216
4601.87440,-1.33550,-5.99069,51.86432,6.76539,5.53945,17.56712,21.99236
4601.88440,-1.37608,-5.99323,51.96770,6.74599,5.57757,17.58632,22.05782
4601.89440,-1.37692,-5.99327,51.96986,6.74559,5.57839,17.58672,22.05916
4601.90440,-1.41163,-6.00470,51.74446,6.71619,5.52841,17.46912,22.03074
4601.91440,-1.38624,-6.00340,51.83676,6.74807,5.52134,17.51076,22.05659
4601.92440,-1.36501,-6.00214,51.91586,6.77459,5.51639,17.54672,22.07816
4601.93440,-1.43473,-5.98009,52.05502,6.74617,5.62811,17.55652,22.12422
4601.94440,-1.43615,-5.97964,52.05786,6.74559,5.63039,17.55672,22.12516
4601.95440,-1.44158,-5.99449,51.86182,6.72598,5.56962,17.47830,22.08791
4601.96440,-1.43673,-5.98316,52.02707,6.75172,5.60890,17.53552,22.13093
4601.97440,-1.43411,-5.97703,52.11686,6.76559,5.63039,17.56672,22.15416
4601.98440,-1.42654,-5.98273,52.02457,6.76559,5.59542,17.53272,22.13085
4601.99440,-1.42686,-5.98911,51.93996,6.75769,5.56869,17.50072,22.11286
4602.00440,-1.50186,-5.99190,52.05786,6.68659,5.66139,17.53672,22.17316
4602.01440,-1.48659,-5.98911,52.07857,6.70517,5.65410,17.54613,22.17316
4602.02440,-1.43705,-5.98004,52.14586,6.76559,5.63039,17.57672,22.17316
4602.03440,-1.43870,-6.00001,52.12677,6.74922,5.59658,17.58217,22.19880
4602.04440,-1.44093,-5.99259,52.11155,6.77628,5.58288,17.54534,22.20706
4602.05440,-1.44131,-5.98176,52.11186,6.79459,5.58939,17.52672,22.20116
4602.06440,-1.43765,-5.99346,51.94761,6.75152,5.56676,17.49752,22.13181
4602.07440,-1.47425,-5.99946,51.93700,6.72084,5.58125,17.47935,22.15556
4602.08440,-1.48775,-6.00005,51.95486,6.71559,5.58939,17.47672,22.17316
4602.09440,-1.47699,-5.99566,51.94223,6.71559,5.59641,17.48374,22.14649
4602.10440,-1.47243,-5.99379,51.93686,6.71559,5.59939,17.48672,22.13516
4602.11440,-1.46235,-5.98221,51.94293,6.73303,5.60976,17.48419,22.11594
4602.12440,-1.44398,-5.95650,51.88845,6.77292,5.61545,17.44092,22.05916
4602.13440,-1.46097,-5.96914,51.78086,6.75559,5.57839,17.38772,22.05916
4602.14440,-1.48262,-5.97434,51.73466,6.71419,5.59699,17.38172,22.04176
4602.15440,-1.48457,-5.98100,51.76001,6.69589,5.60618,17.40948,22.04845
4602.16440,-1.46381,-5.98632,51.85359,6.71140,5.60084,17.46243,22.07893
4602.17440,-1.45821,-5.98775,51.87886,6.71559,5.59939,17.47672,22.08716
4602.18440,-1.48006,-5.97832,51.82986,6.72539,5.59939,17.41792,22.08716
4602.19440,-1.48243,-5.97642,51.80031,6.72823,5.59384,17.39848,22.07976
4602.20440,-1.50682,-5.98170,51.70104,6.70363,5.58284,17.34772,22.06685
4602.21440,-1.53486,-5.99651,51.67186,6.65659,5.58939,17.34772,22.07816
4602.22440,-1.53486,-5.99651,51.67186,6.65659,5.58939,17.34772,22.07816
4602.23440,-1.58012,-5.98720,51.69129,6.64587,5.62582,17.31343,22.10616
4602.24440,-1.57271,-5.98875,51.63986,6.66659,5.58939,17.27772,22.10616
4602.25440,-1.58411,-5.99279,51.65837,6.65099,5.60023,17.28829,22.11885
4602.26440,-1.61580,-6.00401,51.70986,6.60759,5.63039,17.31772,22.15416
4602.27440,-1.60006,-6.01671,51.67782,6.59355,5.60807,17.33572,22.14048
4602.28440,-1.58237,-6.05216,51.57910,6.52611,5.57199,17.37852,22.10248
4602.29440,-1.60079,-6.07505,51.50486,6.45059,5.57839,17.39772,22.07816
4602.30440,-1.58366,-6.06415,51.50152,6.46942,5.58340,17.39772,22.05098
4602.31440,-1.53605,-6.03387,51.49225,6.52174,5.59731,17.39772,21.97548
4602.32440,-1.58550,-6.07670,51.40086,6.40159,5.59939,17.41672,21.98316
4602.33440,-1.54925,-6.07324,51.42064,6.43770,5.57570,17.43282,21.97442
4602.34440,-1.42811,-6.06168,51.48686,6.55859,5.49639,17.48672,21.94516
4602.35440,-1.44245,-6.06771,51.47197,6.53014,5.50773,17.49116,21.94294
4602.36440,-1.46896,-6.08802,51.43734,6.45543,5.52853,17.51822,21.93516
4602.37440,-1.38960,-6.08519,51.49586,6.53859,5.46539,17.55672,21.93516
4602.38440,-1.38960,-6.08519,51.49586,6.53859,5.46539,17.55672,21.93516
4602.39440,-1.43001,-6.04532,51.71285,6.57216,5.57284,17.57641,21.99144
4602.40440,-1.42679,-6.09356,51.76186,6.51959,5.52739,17.65572,22.05916
4602.41440,-1.42606,-6.09509,51.76698,6.51850,5.52620,17.66008,22.06221
4602.42440,-1.42007,-6.10762,51.80886,6.50959,5.51639,17.69572,22.08716
4602.43440,-1.42161,-6.10890,51.81110,6.50799,5.51559,17.69652,22.09100
4602.44440,-1.43703,-6.12175,51.83350,6.49199,5.50759,17.70452,22.12940
4602.45440,-1.44734,-6.12533,51.85738,6.47005,5.52691,17.72526,22.13516
4602.46440,-1.44753,-6.12537,51.85786,6.46959,5.52739,17.72572,22.13516
4602.47440,-1.40029,-6.11787,51.69456,6.47948,5.49671,17.69603,22.02234
4602.48440,-1.40369,-6.16033,51.64505,6.43009,5.43846,17.71822,22.05829
4602.49440,-1.40672,-6.19348,51.60786,6.39159,5.39339,17.73572,22.08716
4602.50440,-1.40286,-6.20225,51.67961,6.38109,5.40039,17.78437,22.11376
4602.51440,-1.39572,-6.21848,51.81286,6.36159,5.41339,17.87472,22.16316
4602.52440,-1.37959,-6.20601,51.80894,6.40365,5.39878,17.85013,22.15639
4602.53440,-1.34730,-6.18534,51.82335,6.46607,5.38660,17.83310,22.13758
4602.54440,-1.34133,-6.18884,51.86386,6.44059,5.41339,17.88472,22.12516
4602.55440,-1.33659,-6.21557,51.79138,6.40747,5.36923,17.88952,22.12516
4602.56440,-1.33771,-6.23365,51.68790,6.38439,5.32779,17.86272,22.11300
4602.57440,-1.34124,-6.22748,51.67386,6.39159,5.33139,17.84472,22.10616
4602.58440,-1.31025,-6.23274,51.75645,6.41628,5.31351,17.89581,22.13085
4602.59440,-1.30485,-6.23365,51.77086,6.42059,5.31039,17.90472,22.13516
4602.60440,-1.29003,-6.22672,51.87754,6.45424,5.31667,17.93895,22.16768
4602.61440,-1.31482,-6.24079,51.93404,6.43639,5.31530,17.95364,22.22871
4602.62440,-1.34377,-6.25633,51.91486,6.40159,5.31039,17.94472,22.25816
4602.63440,-1.34377,-6.25633,51.91486,6.40159,5.31039,17.94472,22.25816
4602.64440,-1.38575,-6.26414,51.81170,6.36228,5.30868,17.88541,22.25533
4602.65440,-1.39704,-6.27082,51.79486,6.35159,5.30039,17.87472,22.26816
4602.66440,-1.39855,-6.26919,51.90689,6.38050,5.30039,17.89640,22.32960
4602.67440,-1.39913,-6.26857,51.94986,6.39159,5.30039,17.90472,22.35316
4602.68440,-1.38002,-6.27541,51.88521,6.38424,5.27762,17.90472,22.31863
4602.69440,-1.40583,-6.27821,51.91528,6.35757,5.30468,17.91452,22.33850
4602.70440,-1.43980,-6.27854,51.97086,6.33259,5.34139,17.92472,22.37216
4602.71440,-1.42701,-6.26355,51.92375,6.36822,5.32931,17.88244,22.34377
4602.72440,-1.42047,-6.25708,51.89766,6.39159,5.31479,17.85472,22.33656
4602.73440,-1.43774,-6.26368,51.86486,6.37359,5.31039,17.83672,22.34416
4602.74440,-1.48922,-6.26997,51.88328,6.33795,5.33585,17.81927,22.39022
4602.75440,-1.51570,-6.27218,51.91086,6.32259,5.35239,17.81572,22.42016
4602.76440,-1.50994,-6.28100,51.86976,6.31445,5.33123,17.81165,22.41243
4602.77440,-1.52887,-6.27056,51.90010,6.33606,5.34018,17.78146,22.44240
4602.78440,-1.55778,-6.24592,51.99586,6.37159,5.38239,17.75572,22.48616
4602.79440,-1.55936,-6.26402,51.87562,6.33813,5.34748,17.73148,22.45852
4602.80440,-1.57706,-6.29169,51.78910,6.29774,5.30554,17.71057,22.47525
4602.81440,-1.59400,-6.30053,51.83286,6.29259,5.30039,17.71572,22.52416
4602.82440,-1.57879,-6.30387,51.86680,6.29259,5.30039,17.74966,22.52416
4602.83440,-1.56265,-6.30741,51.90286,6.29259,5.30039,17.78572,22.52416
4602.84440,-1.56444,-6.29830,51.89016,6.30788,5.30299,17.76239,22.51690
4602.85440,-1.56810,-6.27970,51.86423,6.33910,5.30828,17.71477,22.50209
4602.86440,-1.59090,-6.26499,51.90903,6.35159,5.33936,17.69572,22.52237
4602.87440,-1.60049,-6.26172,51.93386,6.35159,5.35239,17.69572,22.53416
4602.88440,-1.62128,-6.27702,51.82421,6.30994,5.33454,17.66172,22.51801
4602.89440,-1.62495,-6.27973,51.80486,6.30259,5.33139,17.65572,22.51516
4602.90440,-1.64727,-6.27385,51.86266,6.31109,5.34924,17.64722,22.55511
4602.91440,-1.66354,-6.26432,51.94171,6.30409,5.39574,17.67122,22.57066
4602.92440,-1.66572,-6.26282,51.95386,6.30259,5.40339,17.67572,22.57216
4602.93440,-1.70925,-6.26871,51.87577,6.30489,5.37009,17.58522,22.61557
4602.94440,-1.73999,-6.27001,51.88886,6.31259,5.36239,17.54672,22.66716
4602.95440,-1.72500,-6.25532,51.90381,6.33513,5.37665,17.54902,22.64301
4602.96440,-1.67488,-6.20621,51.95386,6.41059,5.42439,17.55672,22.56216
4602.97440,-1.67488,-6.20621,51.95386,6.41059,5.42439,17.55672,22.56216
4602.98440,-1.77049,-6.23390,51.93219,6.33814,5.42884,17.50450,22.66072
4602.99440,-1.74679,-6.23784,51.97186,6.32259,5.44439,17.56672,22.63816
4603.00440,-1.73722,-6.22824,51.98589,6.34283,5.44922,17.56442,22.62942
4603.01440,-1.70885,-6.19857,52.02903,6.41212,5.45742,17.54905,22.61043
4603.02440,-1.72466,-6.20917,52.01236,6.41879,5.42275,17.51572,22.65510
4603.03440,-1.72968,-6.21096,51.99422,6.41431,5.41903,17.50581,22.65507
4603.04440,-1.73727,-6.20011,51.85786,6.35159,5.47539,17.49672,22.53416
4603.05440,-1.73889,-6.19849,51.85988,6.35361,5.47751,17.49369,22.53507
4603.06440,-1.76235,-6.18418,51.88017,6.36510,5.50321,17.46342,22.54844
4603.07440,-1.83560,-6.18489,51.89886,6.31259,5.55839,17.43672,22.59116
4603.08440,-1.82820,-6.18107,51.89811,6.32111,5.55839,17.43672,22.58189
4603.09440,-1.76568,-6.14920,51.88574,6.39336,5.55582,17.43372,22.50283
4603.10440,-1.75094,-6.14620,51.81771,6.41309,5.52725,17.40039,22.47698
4603.11440,-1.74533,-6.14506,51.79186,6.42059,5.51639,17.38772,22.46716
4603.12440,-1.73366,-6.15644,51.99378,6.43039,5.52718,17.48476,22.55146
4603.13440,-1.73342,-6.15667,51.99786,6.43059,5.52739,17.48672,22.55316
4603.14440,-1.71134,-6.16367,51.94243,6.40188,5.52739,17.51641,22.49674
4603.15440,-1.73771,-6.14944,51.88460,6.40159,5.54681,17.45848,22.47772
4603.16440,-1.73852,-6.14900,51.88286,6.40159,5.54739,17.45672,22.47716
4603.17440,-1.72106,-6.11119,51.88678,6.43997,5.59596,17.44105,22.40979
4603.18440,-1.67009,-6.09438,51.93094,6.47508,5.60939,17.48740,22.35906
4603.19440,-1.66161,-6.09321,51.93886,6.47959,5.60939,17.49672,22.35316
4603.20440,-1.63046,-6.07899,51.95088,6.49676,5.62742,17.52248,22.30422
4603.21440,-1.62533,-6.07664,51.95286,6.49959,5.63039,17.52672,22.29616
4603.22440,-1.63462,-6.06019,52.00888,6.49959,5.68101,17.54146,22.28682
4603.23440,-1.63797,-6.04700,52.06654,6.49852,5.72570,17.56516,22.27716
4603.24440,-1.58568,-6.07880,52.06386,6.48959,5.66139,17.63572,22.27716
4603.25440,-1.59078,-6.07007,52.05406,6.49394,5.67468,17.62069,22.26474
4603.26440,-1.59510,-6.03746,51.99593,6.51580,5.71361,17.56672,22.19980
4603.27440,-1.54362,-6.03291,51.91186,6.53859,5.68139,17.56672,22.12516
4603.28440,-1.55612,-6.03197,51.88518,6.52732,5.68852,17.55062,22.11872
4603.29440,-1.59807,-6.02882,51.79586,6.48959,5.71239,17.49672,22.09716
4603.30440,-1.59657,-6.02327,51.80855,6.50254,5.71504,17.49143,22.09954
4603.31440,-1.58476,-6.00244,51.87024,6.53859,5.74093,17.49811,22.09262
4603.32440,-1.57096,-5.99269,51.91786,6.53859,5.77439,17.53672,22.06816
4603.33440,-1.55714,-5.97989,51.89207,6.55701,5.77900,17.52290,22.03316
4603.34440,-1.56365,-5.96398,51.93338,6.56071,5.82134,17.53056,22.02077
4603.35440,-1.57902,-5.96338,51.98186,6.54859,5.84639,17.54672,22.04016
4603.36440,-1.55316,-5.93937,52.05542,6.58985,5.87749,17.57064,22.01743
4603.37440,-1.53582,-5.92327,52.10486,6.61759,5.89839,17.58672,22.00216
4603.38440,-1.52315,-5.92217,52.08129,6.62187,5.89096,17.58672,21.98173
4603.39440,-1.46131,-5.90795,51.98586,6.65177,5.87055,17.58672,21.87682
4603.40440,-1.47786,-5.89923,52.03886,6.65659,5.89839,17.58672,21.89716
4603.41440,-1.44174,-5.89060,52.01753,6.66628,5.90324,17.61048,21.83752
4603.42440,-1.42305,-5.86613,51.95314,6.68144,5.92828,17.58769,21.75572
4603.43440,-1.44402,-5.84988,51.90886,6.68659,5.94939,17.53672,21.73616
4603.44440,-1.43890,-5.83733,51.96358,6.70547,5.97243,17.54952,21.73616
4603.45440,-1.42827,-5.81127,52.07758,6.74480,6.02043,17.57619,21.73616
4603.46440,-1.42143,-5.80789,52.04031,6.73509,6.02874,17.57672,21.69976
4603.47440,-1.40829,-5.78934,52.06066,6.73624,6.07494,17.60087,21.64861
4603.48440,-1.40683,-5.76492,52.23486,6.77459,6.13539,17.64572,21.67916
4603.49440,-1.39379,-5.74588,52.22849,6.79052,6.16152,17.64253,21.63392
4603.50440,-1.35863,-5.70975,52.20106,6.81999,6.20796,17.64262,21.53049
4603.51440,-1.33427,-5.72524,52.15486,6.80459,6.17639,17.66572,21.50816
4603.52440,-1.35407,-5.71816,52.12772,6.80689,6.18352,17.62685,21.51046
4603.53440,-1.42050,-5.69441,52.03686,6.81459,6.20739,17.49672,21.51816
4603.54440,-1.41911,-5.70354,52.02705,6.80401,6.19467,17.50439,21.52399
4603.55440,-1.41306,-5.74331,51.98438,6.75801,6.13933,17.53772,21.54932
4603.56440,-1.38736,-5.72761,52.01586,6.77459,6.16639,17.56672,21.50816
4603.57440,-1.39223,-5.72726,52.00506,6.77169,6.16739,17.55872,21.50726
4603.58440,-1.43147,-5.72551,51.91948,6.74953,6.17225,17.49379,21.50391
4603.59440,-1.39009,-5.73757,52.02286,6.78459,6.13539,17.55672,21.54616
4603.60440,-1.39246,-5.73736,52.01639,6.78405,6.13481,17.55137,21.54616
4603.61440,-1.41626,-5.73524,51.95168,6.77870,6.12892,17.49790,21.54616
4603.62440,-1.43487,-5.73593,51.91556,6.77269,6.12439,17.46472,21.55376
4603.63440,-1.43694,-5.75770,52.04276,6.75559,6.12339,17.53872,21.62506
4603.64440,-1.43560,-5.76545,52.07786,6.75559,6.11439,17.55672,21.65116
4603.65440,-1.43796,-5.76386,52.07438,6.75648,6.11627,17.55136,21.65027
4603.66440,-1.46158,-5.74796,52.03956,6.76541,6.13502,17.49779,21.64134
4603.67440,-1.52735,-5.76395,52.00102,6.68893,6.16547,17.47731,21.66930
4603.68440,-1.52935,-5.76445,51.99986,6.68659,6.16639,17.47672,21.67016
4603.69440,-1.55155,-5.72427,51.99398,6.70619,6.23695,17.42772,21.62312
4603.70440,-1.56156,-5.72615,52.01857,6.70659,6.23839,17.42672,21.64687
4603.71440,-1.52883,-5.75506,51.97004,6.69820,6.16881,17.45187,21.65116
4603.72440,-1.53994,-5.74630,51.96919,6.69659,6.19018,17.43975,21.64268
4603.73440,-1.54311,-5.74375,51.97086,6.69659,6.19639,17.43672,21.64116
4603.74440,-1.56089,-5.73694,51.98021,6.68809,6.22274,17.42822,21.64116
4603.75440,-1.52452,-5.71843,52.07366,6.73135,6.24496,17.47205,21.62529
4603.76440,-1.49440,-5.70524,52.14386,6.76559,6.25839,17.50672,21.61316
4603.77440,-1.52150,-5.73301,51.98095,6.73650,6.18348,17.42745,21.63352
4603.78440,-1.55671,-5.72201,51.93682,6.72559,6.20848,17.37560,21.62715
4603.79440,-1.56562,-5.71437,51.94286,6.72559,6.22739,17.36772,21.62216
4603.80440,-1.54488,-5.72887,52.02637,6.74895,6.19177,17.40802,21.67764
4603.81440,-1.53015,-5.73917,52.08586,6.76559,6.16639,17.43672,21.71716
4603.82440,-1.56155,-5.74019,52.05143,6.72391,6.19720,17.42464,21.70568
4603.83440,-1.57968,-5.76146,52.02326,6.67699,6.18859,17.43672,21.72096
4603.84440,-1.57594,-5.79237,52.01486,6.64759,6.14539,17.46672,21.75516
4603.85440,-1.53715,-5.76679,52.09398,6.70677,6.16412,17.49088,21.73221
4603.86440,-1.53484,-5.78646,52.06486,6.69219,6.12659,17.49472,21.75136
4603.87440,-1.55025,-5.81079,52.01086,6.65659,6.09339,17.48672,21.77416
4603.88440,-1.55278,-5.81660,52.03860,6.65514,6.08839,17.49801,21.79706
4603.89440,-1.56589,-5.84669,52.18286,6.64759,6.06239,17.55672,21.91616
4603.90440,-1.54578,-5.86658,52.11022,6.64759,5.99925,17.54723,21.91616
4603.91440,-1.53712,-5.88354,52.04860,6.63732,5.95583,17.53929,21.91616
4603.92440,-1.56553,-5.87293,52.08764,6.61593,6.01091,17.54463,21.91616
4603.93440,-1.56660,-5.83484,52.13694,6.66903,6.05687,17.51312,21.89792
4603.94440,-1.56004,-5.80166,52.14733,6.71563,6.08870,17.47925,21.86376
4603.95440,-1.56891,-5.80908,52.09207,6.67405,6.09975,17.48451,21.83376
4603.96440,-1.57264,-5.81220,52.06886,6.65659,6.10439,17.48672,21.82116
4603.97440,-1.58859,-5.85774,52.02550,6.60095,6.04548,17.50308,21.87598
4603.98440,-1.59214,-5.86787,52.01586,6.58859,6.03239,17.50672,21.88816
4603.99440,-1.54654,-5.88952,52.12724,6.61692,5.98159,17.58488,21.94385
4604.00440,-1.50283,-5.86788,52.08186,6.66659,5.97039,17.56672,21.87816
4604.01440,-1.50893,-5.86795,52.07834,6.66443,5.97153,17.55990,21.88248
4604.02440,-1.55072,-5.87486,52.02619,6.64314,5.96439,17.50672,21.91194
4604.03440,-1.53028,-5.89709,51.93986,6.62759,5.90839,17.50672,21.89716
4604.04440,-1.53201,-5.89698,51.94929,6.62529,5.91322,17.51132,21.89946
4604.05440,-1.53782,-5.89661,51.98086,6.61759,5.92939,17.52672,21.90716
4604.06440,-1.53361,-5.89269,51.99819,6.62848,5.93162,17.52894,21.90916
4604.07440,-1.51351,-5.88454,52.04546,6.66234,5.92778,17.54119,21.91415
4604.08440,-1.49482,-5.90377,51.99886,6.64759,5.88739,17.55672,21.90716
4604.09440,-1.49482,-5.90377,51.99886,6.64759,5.88739,17.55672,21.90716
4604.10440,-1.56798,-5.85950,52.06099,6.65298,5.99806,17.49228,21.91767
4604.11440,-1.51219,-5.86018,52.15226,6.70695,5.96473,17.54783,21.93275
4604.12440,-1.50328,-5.86028,52.16686,6.71559,5.95939,17.55672,21.93516
4604.13440,-1.54055,-5.87041,51.94486,6.62759,5.97039,17.49672,21.85016
4604.14440,-1.53705,-5.87334,51.94050,6.62432,5.96593,17.50217,21.84809
4604.15440,-1.50332,-5.89713,51.90459,6.60352,5.92386,17.54672,21.83049
4604.16440,-1.45278,-5.89509,51.90193,6.66285,5.86853,17.54672,21.82383
4604.17440,-1.43257,-5.89427,51.90086,6.68659,5.84639,17.54672,21.82116
4604.18440,-1.47873,-5.85962,51.83030,6.65719,5.93753,17.48792,21.74766
4604.19440,-1.47931,-5.83272,51.87002,6.68599,5.97957,17.47692,21.72754
4604.20440,-1.47931,-5.83219,51.87086,6.68659,5.98039,17.47672,21.72716
4604.21440,-1.44874,-5.82654,51.90742,6.73248,5.95628,17.48450,21.73416
4604.22440,-1.44002,-5.82493,51.91786,6.74559,5.94939,17.48672,21.73616
4604.23440,-1.46036,-5.82946,51.86261,6.68694,5.98424,17.49522,21.69621
4604.24440,-1.50671,-5.82796,51.83501,6.66809,5.99974,17.44572,21.72146
4604.25440,-1.51425,-5.82756,51.83186,6.66659,6.00139,17.43672,21.72716
4604.26440,-1.49574,-5.82877,51.83959,6.68376,5.98336,17.44531,21.72716
4604.27440,-1.39525,-5.84225,51.88088,6.74534,5.90121,17.52335,21.71098
4604.28440,-1.37827,-5.84456,51.88786,6.75559,5.88739,17.53672,21.70816
4604.29440,-1.41498,-5.86145,51.94710,6.70493,5.91401,17.57106,21.75710
4604.30440,-1.42102,-5.86422,51.95686,6.69659,5.91839,17.57672,21.76516
4604.31440,-1.39110,-5.86129,51.99329,6.68687,5.94365,17.63938,21.72339
4604.32440,-1.35858,-5.85978,52.02956,6.67759,5.96519,17.70472,21.68206
4604.33440,-1.35050,-5.87414,52.00886,6.68659,5.91839,17.69572,21.70816
4604.34440,-1.34181,-5.87522,52.00279,6.68912,5.91195,17.70078,21.70095
4604.35440,-1.29644,-5.88512,51.95304,6.69068,5.87575,17.73033,21.65628
4604.36440,-1.33624,-5.89185,51.93186,6.64759,5.89839,17.71572,21.67016
4604.37440,-1.32384,-5.89875,51.91501,6.66187,5.86432,17.70839,21.68042
4604.38440,-1.30238,-5.91070,51.88586,6.68659,5.80539,17.69572,21.69816
4604.39440,-1.31337,-5.90142,51.89090,6.67939,5.83491,17.69212,21.68448
4604.40440,-1.34425,-5.89660,51.82043,6.64430,5.86396,17.65715,21.65502
4604.41440,-1.35279,-5.90537,51.76086,6.62759,5.84639,17.63572,21.65116
4604.42440,-1.37958,-5.87100,51.87068,6.67216,5.90647,17.61053,21.68152
4604.43440,-1.40264,-5.86007,51.95246,6.69659,5.92679,17.59672,21.73236
4604.44440,-1.41901,-5.87335,51.94262,6.67234,5.91839,17.59672,21.75516
4604.45440,-1.40159,-5.88022,51.99209,6.68075,5.90631,17.63235,21.77267
4604.46440,-1.38561,-5.88129,52.03486,6.69659,5.89839,17.65572,21.78416
4604.47440,-1.40009,-5.89289,51.97886,6.66899,5.88599,17.63972,21.78416
4604.48440,-1.43086,-5.90866,51.90803,6.61822,5.88374,17.62048,21.78559
4604.49440,-1.47834,-5.89980,51.97786,6.56859,5.97039,17.64572,21.79316
4604.50440,-1.47222,-5.89665,51.90095,6.59660,5.93099,17.58923,21.78414
4604.51440,-1.46897,-5.89624,51.82498,6.62279,5.88739,17.53152,21.78328
4604.52440,-1.47282,-5.89958,51.83486,6.61759,5.88739,17.53672,21.79316
4604.53440,-1.47174,-5.89143,51.90410,6.60909,5.93115,17.57877,21.78509
4604.54440,-1.47028,-5.88043,51.99786,6.59759,5.99039,17.63572,21.77416
4604.55440,-1.47028,-5.88043,51.99786,6.59759,5.99039,17.63572,21.77416
4604.56440,-1.47492,-5.88199,51.98518,6.60967,5.97167,17.61217,21.79167
4604.57440,-1.49524,-5.89395,51.95826,6.58819,5.95939,17.59672,21.81396
4604.58440,-1.50676,-5.90124,51.94586,6.56859,5.95939,17.59672,21.82116
4604.59440,-1.45075,-5.89359,51.90686,6.62759,5.90839,17.58672,21.78416
4604.60440,-1.45759,-5.90414,51.90151,6.61689,5.89378,17.58672,21.80412
4604.61440,-1.46385,-5.92456,51.90621,6.59094,5.87439,17.60737,21.83351
4604.62440,-1.45253,-5.92708,51.93286,6.57859,5.88739,17.64572,21.82116
4604.63440,-1.45357,-5.92787,51.94154,6.57579,5.89047,17.65132,21.82396
4604.64440,-1.45261,-5.92800,51.97397,6.57537,5.89839,17.66802,21.83219
4604.65440,-1.42467,-5.91331,52.05186,6.62759,5.89839,17.68572,21.84016
4604.66440,-1.43721,-5.91758,52.00632,6.61402,5.89126,17.66295,21.83809
4604.67440,-1.47937,-5.93193,51.85386,6.56859,5.86739,17.58672,21.83116
4604.68440,-1.47371,-5.93125,51.87013,6.57122,5.87021,17.59845,21.83025
4604.69440,-1.42346,-5.92220,52.02194,6.59425,5.90426,17.70652,21.81691
4604.70440,-1.47115,-5.90478,51.93786,6.56859,5.94939,17.63572,21.78416
4604.71440,-1.47115,-5.90478,51.93786,6.56859,5.94939,17.63572,21.78416
4604.72440,-1.42447,-5.90551,52.00854,6.64759,5.88577,17.64572,21.82946
4604.73440,-1.43159,-5.92908,52.02686,6.64759,5.83639,17.64572,21.89716
4604.74440,-1.43591,-5.92606,52.02643,6.64435,5.84642,17.64356,21.89209
4604.75440,-1.47166,-5.90105,52.02286,6.61759,5.92939,17.62572,21.85016
4604.76440,-1.46907,-5.90192,52.01406,6.61659,5.92629,17.62572,21.84546
4604.77440,-1.45039,-5.90911,51.94686,6.60469,5.90559,17.62872,21.80786
4604.78440,-1.49155,-5.90355,52.05486,6.57859,5.97039,17.65572,21.85016
4604.79440,-1.48797,-5.90361,52.04546,6.58070,5.96588,17.65353,21.84535
4604.80440,-1.45537,-5.90417,51.96003,6.59990,5.92482,17.63367,21.80164
4604.81440,-1.41485,-5.91875,51.89683,6.59791,5.87839,17.65475,21.76577
4604.82440,-1.41393,-5.91922,51.89586,6.59759,5.87739,17.65572,21.76516
4604.83440,-1.38375,-5.91288,51.90029,6.64138,5.84912,17.65018,21.75962
4604.84440,-1.35949,-5.90777,51.90386,6.67659,5.82639,17.64572,21.75516
4604.85440,-1.43694,-5.89972,52.00089,6.62904,5.91566,17.64572,21.81047
4604.86440,-1.39070,-5.90447,52.12829,6.66580,5.89880,17.72410,21.83959
4604.87440,-1.38970,-5.90457,52.13086,6.66659,5.89839,17.72572,21.84016
4604.88440,-1.38527,-5.91906,51.91358,6.63490,5.84472,17.66105,21.77291
4604.89440,-1.42681,-5.91298,51.92373,6.61001,5.88589,17.64088,21.78695
4604.90440,-1.44080,-5.90851,51.96486,6.60759,5.90839,17.64572,21.80316
4604.91440,-1.46608,-5.90029,51.92236,6.61609,5.90839,17.58707,21.81081
4604.92440,-1.47055,-5.89883,51.91486,6.61759,5.90839,17.57672,21.81216
4604.93440,-1.45426,-5.93221,51.83836,6.57594,5.85569,17.60222,21.80451
4604.94440,-1.43543,-5.91390,51.99883,6.61845,5.89343,17.65715,21.82979
4604.95440,-1.42331,-5.89549,52.13186,6.65659,5.92939,17.69572,21.85016
4604.96440,-1.46296,-5.91850,51.95984,6.59298,5.89904,17.63139,21.83643
4604.97440,-1.48168,-5.92463,51.99394,6.56859,5.91763,17.64920,21.85852
4604.98440,-1.48302,-5.92358,52.03286,6.56859,5.92939,17.66572,21.86916
4604.99440,-1.46651,-5.90810,52.00439,6.59706,5.92939,17.64382,21.83412
4605.00440,-1.46040,-5.90237,51.99386,6.60759,5.92939,17.63572,21.82116
4605.01440,-1.45683,-5.93048,51.90950,6.57254,5.88009,17.63572,21.82116
4605.02440,-1.44631,-5.94407,51.94483,6.57779,5.85235,17.65956,21.85513
4605.03440,-1.44086,-5.94023,52.00786,6.59759,5.85639,17.67572,21.87816
4605.04440,-1.41816,-5.93818,52.11479,6.61541,5.86887,17.73513,21.89539
4605.05440,-1.40957,-5.93585,52.12945,6.61869,5.87443,17.74904,21.88730
4605.06440,-1.42124,-5.93426,52.03046,6.60362,5.86940,17.70381,21.85363
4605.07440,-1.45236,-5.92129,51.97852,6.59331,5.89683,17.65249,21.83589
4605.08440,-1.48262,-5.93241,51.95814,6.56027,5.89963,17.63972,21.85852
4605.09440,-1.48370,-5.95926,51.95086,6.52959,5.86739,17.66572,21.88816
4605.10440,-1.46389,-5.95216,51.97953,6.54322,5.87679,17.68922,21.87030
4605.11440,-1.44158,-5.94416,52.01186,6.55859,5.88739,17.71572,21.85016
4605.12440,-1.44903,-5.95090,51.98552,6.55009,5.87423,17.70298,21.85823
4605.13440,-1.46791,-5.95670,51.99571,6.53544,5.87809,17.69972,21.88246
4605.14440,-1.48415,-5.95051,52.08086,6.52959,5.91839,17.72572,21.90716
4605.15440,-1.48749,-5.94289,52.08121,6.53624,5.92924,17.71522,21.90051
4605.16440,-1.49348,-5.93263,52.07381,6.55209,5.93504,17.68872,21.89796
4605.17440,-1.49310,-5.93989,52.05886,6.55859,5.90839,17.67572,21.91616
4605.18440,-1.48619,-5.94018,52.07879,6.55663,5.91445,17.69526,21.91245
4605.19440,-1.46590,-5.94104,52.13741,6.55089,5.93227,17.75273,21.90153
4605.20440,-1.45780,-5.94139,52.16086,6.54859,5.93939,17.77572,21.89716
4605.21440,-1.47718,-5.94378,52.08346,6.53719,5.92679,17.72772,21.89176
4605.22440,-1.46197,-5.99320,51.87757,6.48197,5.82030,17.70524,21.87006
4605.23440,-1.45992,-5.98611,51.88926,6.49139,5.82979,17.70372,21.86436
4605.24440,-1.45037,-5.90394,52.06699,6.59466,5.95636,17.69481,21.82116
4605.25440,-1.41560,-5.93009,52.09486,6.56859,5.92939,17.77572,21.82116
4605.26440,-1.41940,-5.93079,52.08601,6.56641,5.92787,17.76919,21.82254
4605.27440,-1.46171,-5.93847,51.98762,6.54222,5.91093,17.69661,21.83786
4605.28440,-1.46807,-5.93963,51.97286,6.53859,5.90839,17.68572,21.84016
4605.29440,-1.45432,-5.94483,51.89546,6.53859,5.87802,17.66612,21.81273
4605.30440,-1.41326,-5.93458,52.03843,6.58710,5.88710,17.73364,21.83060
4605.31440,-1.41202,-5.93427,52.04286,6.58859,5.88739,17.73572,21.83116
4605.32440,-1.42116,-5.92777,51.90023,6.58859,5.86799,17.65810,21.78556
4605.33440,-1.38664,-5.94453,51.96885,6.59723,5.83762,17.72295,21.81105
4605.34440,-1.38520,-5.94523,51.97186,6.59759,5.83639,17.72572,21.81216
4605.35440,-1.41150,-5.91963,52.06016,6.60729,5.90625,17.72572,21.82089
4605.36440,-1.41231,-5.91885,52.06286,6.60759,5.90839,17.72572,21.82116
4605.37440,-1.38207,-5.91591,52.03492,6.61535,5.90063,17.74124,21.77770
4605.38440,-1.37170,-5.90571,52.07569,6.63414,5.91495,17.75400,21.77261
4605.39440,-1.37136,-5.90376,52.08586,6.63759,5.91839,17.75572,21.77416
4605.40440,-1.39900,-5.94238,52.06804,6.55359,5.90991,17.79814,21.80640
4605.41440,-1.38156,-5.94545,51.98921,6.56409,5.87354,17.77172,21.77986
4605.42440,-1.37760,-5.94477,51.97586,6.56859,5.86739,17.76572,21.77416
4605.43440,-1.38441,-5.91510,52.00952,6.61824,5.89348,17.72364,21.77416
4605.44440,-1.38570,-5.90951,52.01586,6.62759,5.89839,17.71572,21.77416
4605.45440,-1.38570,-5.90951,52.01586,6.62759,5.89839,17.71572,21.77416
4605.46440,-1.36667,-5.91919,52.03038,6.62529,5.88211,17.74767,21.77531
4605.47440,-1.41954,-5.90740,51.99586,6.60759,5.91839,17.68572,21.78416
4605.48440,-1.40953,-5.91052,52.00370,6.60759,5.91317,17.70140,21.78155
4605.49440,-1.41290,-5.91041,52.03586,6.61314,5.91562,17.70683,21.80027
4605.50440,-1.43820,-5.90327,52.04386,6.61759,5.92939,17.67572,21.82116
4605.51440,-1.42581,-5.89047,52.02226,6.63199,5.93899,17.66612,21.78516
4605.52440,-1.41238,-5.87659,51.99886,6.64759,5.94939,17.65572,21.74616
4605.53440,-1.37449,-5.89177,51.93986,6.64163,5.90648,17.67956,21.71219
4605.54440,-1.33702,-5.90004,51.90751,6.63170,5.88975,17.71925,21.66681
4605.55440,-1.32881,-5.89862,51.91286,6.62759,5.89839,17.73572,21.65116
4605.56440,-1.33343,-5.88851,51.93226,6.64303,5.91067,17.72384,21.65472
4605.57440,-1.34626,-5.86790,51.97329,6.66976,5.94082,17.70096,21.66175
4605.58440,-1.37690,-5.84043,52.03386,6.68659,6.00139,17.67572,21.67016
4605.59440,-1.38036,-5.84027,52.02068,6.68659,5.99855,17.66538,21.67016
4605.60440,-1.39032,-5.83980,51.98286,6.68659,5.99039,17.63572,21.67016
4605.61440,-1.38203,-5.85215,51.94150,6.67719,5.96157,17.63572,21.66703
4605.62440,-1.36433,-5.87850,51.85350,6.65719,5.90023,17.63572,21.66036
4605.63440,-1.37263,-5.88199,51.95886,6.65659,5.91839,17.67572,21.70816
4605.64440,-1.36539,-5.88240,51.96271,6.65659,5.91839,17.68622,21.70151
4605.65440,-1.37274,-5.87222,52.01571,6.65659,5.95444,17.70222,21.70246
4605.66440,-1.41128,-5.85195,52.10086,6.65659,6.02139,17.69572,21.72716
4605.67440,-1.40309,-5.85606,52.10973,6.65892,6.01183,17.70739,21.73159
4605.68440,-1.37970,-5.86780,52.13506,6.66559,5.98449,17.74072,21.74426
4605.69440,-1.39738,-5.87064,52.10786,6.66659,5.97039,17.70572,21.76516
4605.70440,-1.39762,-5.88024,52.08463,6.65315,5.95627,17.70800,21.76721
4605.71440,-1.39845,-5.91284,52.00586,6.60759,5.90839,17.71572,21.77416
4605.72440,-1.39825,-5.91400,51.99310,6.60333,5.90693,17.71425,21.76859
4605.73440,-1.39731,-5.91929,51.93510,6.58400,5.90026,17.70759,21.74325
4605.74440,-1.40771,-5.91084,51.98686,6.59759,5.91839,17.70572,21.76516
4605.75440,-1.40849,-5.90721,51.98246,6.59859,5.92459,17.70172,21.75756
4605.76440,-1.41546,-5.87538,51.94706,6.60469,5.98249,17.67072,21.68916
4605.77440,-1.41443,-5.88256,51.98486,6.57859,6.00139,17.71572,21.68916
4605.78440,-1.41479,-5.88232,51.99423,6.58082,6.00196,17.71743,21.69402
4605.79440,-1.41842,-5.87999,52.08795,6.60310,6.00768,17.73458,21.74259
4605.80440,-1.42077,-5.87848,52.14886,6.61759,6.01139,17.74572,21.77416
4605.81440,-1.41033,-5.87127,52.12121,6.63824,6.00054,17.72472,21.75771
4605.82440,-1.39593,-5.86995,52.02366,6.65944,5.95869,17.67522,21.73031
4605.83440,-1.40528,-5.89249,51.93786,6.62759,5.91839,17.65572,21.73616
4605.84440,-1.41142,-5.90163,51.98442,6.61799,5.91839,17.67972,21.76832
4605.85440,-1.43818,-5.89784,52.08666,6.61709,5.95261,17.69622,21.82074
4605.86440,-1.46035,-5.88276,52.14386,6.62759,5.99039,17.68572,21.84016
4605.87440,-1.45670,-5.90008,52.00706,6.60419,5.94119,17.64972,21.81196
4605.88440,-1.45425,-5.91167,51.91586,6.58859,5.90839,17.62572,21.79316
4605.89440,-1.45277,-5.91932,51.95834,6.57419,5.91559,17.66172,21.80684
4605.90440,-1.42397,-5.92649,52.00870,6.58947,5.89607,17.70452,21.81864
4605.91440,-1.41300,-5.92812,52.02186,6.59759,5.88739,17.71572,21.82116
4605.92440,-1.45183,-5.95869,51.96151,6.53979,5.86104,17.69872,21.86196
4605.93440,-1.45869,-5.96409,51.95086,6.52959,5.85639,17.69572,21.86916
4605.94440,-1.47715,-5.94585,51.96191,6.52959,5.90059,17.67872,21.85301
4605.95440,-1.44881,-5.93297,52.08116,6.57124,5.91689,17.72672,21.86631
4605.96440,-1.44325,-5.93127,52.10186,6.57859,5.91839,17.73572,21.86916
4605.97440,-1.46404,-5.93618,52.03600,6.54537,5.92459,17.71320,21.85284
4605.98440,-1.47628,-5.94576,52.00938,6.53575,5.90598,17.69572,21.87193
4605.99440,-1.47315,-5.95033,52.02886,6.54859,5.88739,17.69572,21.89716
4606.00440,-1.45204,-5.93402,51.99931,6.55438,5.91173,17.70151,21.83169
4606.01440,-1.43669,-5.92217,51.97786,6.55859,5.92939,17.70572,21.78416
4606.02440,-1.45925,-5.95431,51.99303,6.53169,5.88663,17.71262,21.86209
4606.03440,-1.50500,-5.94001,52.12129,6.55500,5.92666,17.69404,21.94559
4606.04440,-1.51861,-5.92901,52.16786,6.56859,5.94939,17.68572,21.96416
4606.05440,-1.49604,-5.93654,52.07954,6.54987,5.92971,17.69052,21.90944
4606.06440,-1.49213,-5.95253,51.95453,6.51562,5.89757,17.67128,21.87006
4606.07440,-1.53062,-5.96709,51.89986,6.48959,5.87739,17.62572,21.90716
4606.08440,-1.51002,-5.95487,52.01446,6.51359,5.90859,17.67972,21.91256
4606.09440,-1.49633,-5.94674,52.09086,6.52959,5.92939,17.71572,21.91616
4606.10440,-1.48559,-5.95379,52.10046,6.54099,5.90419,17.72172,21.93356
4606.11440,-1.52793,-5.94346,52.11886,6.54259,5.93059,17.67772,21.96796
4606.12440,-1.56092,-5.93345,52.12686,6.53859,5.95939,17.64572,21.98316
4606.13440,-1.55464,-5.93728,52.09499,6.53283,5.94877,17.64424,21.96914
4606.14440,-1.51801,-5.95936,51.97169,6.50909,5.89262,17.65473,21.91525
4606.15440,-1.51780,-5.95926,52.03886,6.51959,5.89839,17.67572,21.94516
4606.16440,-1.51780,-5.95926,52.03886,6.51959,5.89839,17.67572,21.94516
4606.17440,-1.53346,-5.95249,52.05786,6.51959,5.91839,17.66572,21.95416
4606.18440,-1.53175,-5.95812,52.04796,6.50943,5.91331,17.67334,21.95187
4606.19440,-1.52817,-5.96988,52.02732,6.48826,5.90273,17.68921,21.94711
4606.20440,-1.51292,-5.97272,52.08532,6.49993,5.89839,17.72285,21.96415
4606.21440,-1.50639,-5.97178,52.11686,6.50959,5.89839,17.73572,21.97316
4606.22440,-1.50526,-5.96147,52.02820,6.53061,5.87978,17.67481,21.94300
4606.23440,-1.47089,-5.95825,52.10886,6.53859,5.89839,17.74572,21.92616
4606.24440,-1.48078,-5.95926,52.10539,6.53200,5.90186,17.73879,21.93274
4606.25440,-1.49943,-5.96115,52.09886,6.51959,5.90839,17.72572,21.94516
4606.26440,-1.50085,-5.97327,52.07996,6.50909,5.88669,17.72572,21.95846
4606.27440,-1.49929,-5.99630,52.07916,6.49309,5.84989,17.74322,21.99296
4606.28440,-1.49152,-5.99722,52.14286,6.49959,5.85639,17.77572,22.01116
4606.29440,-1.49370,-5.98999,52.09372,6.49959,5.86126,17.75022,21.98265
4606.30440,-1.49994,-5.96927,51.95332,6.49959,5.87517,17.67738,21.90119
4606.31440,-1.47715,-5.94454,51.93186,6.53859,5.88739,17.65572,21.85016
4606.32440,-1.47348,-5.95266,51.89974,6.52143,5.87837,17.66232,21.83762
4606.33440,-1.46041,-5.98155,51.78586,6.46059,5.84639,17.68572,21.79316
4606.34440,-1.45869,-5.97587,51.78564,6.47562,5.84422,17.67265,21.79316
4606.35440,-1.44812,-5.94752,51.82136,6.54481,5.84795,17.63277,21.79584
4606.36440,-1.42735,-5.90983,51.99519,6.61729,5.90298,17.66632,21.80859
4606.37440,-1.43129,-5.90113,52.03669,6.62860,5.92152,17.66966,21.81691
4606.38440,-1.50683,-5.91849,51.96989,6.55189,5.94257,17.62452,21.85091
4606.39440,-1.41590,-5.92845,51.94586,6.57859,5.88739,17.69572,21.78416
4606.40440,-1.41667,-5.92840,51.94996,6.57659,5.89049,17.69872,21.78416
4606.41440,-1.42353,-5.92794,51.98686,6.55859,5.91839,17.72572,21.78416
4606.42440,-1.42353,-5.92794,51.98686,6.55859,5.91839,17.72572,21.78416
4606.43440,-1.46336,-5.94789,52.03677,6.55859,5.88485,17.70117,21.89216
4606.44440,-1.48828,-5.92623,52.08938,6.56824,5.93726,17.68606,21.89782
4606.45440,-1.48885,-5.92530,52.09086,6.56859,5.93939,17.68572,21.89716
4606.46440,-1.48345,-5.95507,52.02205,6.53262,5.89091,17.69615,21.90237
4606.47440,-1.51750,-5.99283,51.99815,6.48530,5.84639,17.69143,21.97502
4606.48440,-1.53310,-5.99697,52.01386,6.47959,5.84639,17.68572,22.00216
4606.49440,-1.54188,-5.99230,52.03811,6.45890,5.88348,17.70712,21.98861
4606.50440,-1.54541,-5.99043,52.04786,6.45059,5.89839,17.71572,21.98316
4606.51440,-1.57917,-6.04456,51.97831,6.36959,5.83948,17.72390,22.04534
4606.52440,-1.57973,-6.05692,51.98652,6.35641,5.82639,17.74020,22.06350
4606.53440,-1.57228,-6.05726,52.01186,6.36159,5.82639,17.75572,22.06816
4606.54440,-1.55976,-6.04655,52.05280,6.39103,5.83099,17.76032,22.07046
4606.55440,-1.52055,-6.02255,52.18664,6.47372,5.83466,17.78699,22.09127
4606.56440,-1.52917,-6.06182,52.17586,6.42059,5.79539,17.82472,22.13516
4606.57440,-1.53927,-6.07730,52.09813,6.39236,5.77003,17.80467,22.13107
4606.58440,-1.56719,-6.08605,52.02022,6.35159,5.77267,17.77572,22.12025
4606.59440,-1.59431,-6.06306,52.01286,6.36959,5.80539,17.72172,22.11616
4606.60440,-1.60417,-6.04317,52.02510,6.39347,5.82975,17.69166,22.11022
4606.61440,-1.60358,-6.03488,52.04986,6.40159,5.84639,17.69572,22.10616
4606.62440,-1.61209,-6.04464,52.02010,6.39199,5.82671,17.68132,22.12008
4606.63440,-1.62016,-6.04629,51.99176,6.39188,5.81639,17.65862,22.12487
4606.64440,-1.61806,-6.03005,51.99886,6.41059,5.83639,17.64572,22.10616
4606.65440,-1.60900,-6.03013,51.97666,6.40519,5.83639,17.65172,22.08336
4606.66440,-1.60296,-6.03018,51.96186,6.40159,5.83639,17.65572,22.06816
4606.67440,-1.58886,-6.04629,51.95986,6.39759,5.80319,17.67572,22.08336
4606.68440,-1.57634,-6.05963,51.96861,6.39936,5.77308,17.69302,22.10314
4606.69440,-1.62206,-6.00224,52.03086,6.44059,5.87739,17.62572,22.08716
4606.70440,-1.61306,-6.03962,51.96788,6.39876,5.81911,17.64922,22.10079
4606.71440,-1.61953,-6.07932,51.94101,6.33307,5.78805,17.69471,22.12518
4606.72440,-1.63791,-6.07649,51.98986,6.31259,5.82639,17.71572,22.13516
4606.73440,-1.63791,-6.07649,51.98986,6.31259,5.82639,17.71572,22.13516
4606.74440,-1.62879,-6.05439,52.04509,6.36414,5.83819,17.70066,22.14210
4606.75440,-1.65713,-6.09337,51.97486,6.31259,5.78439,17.68572,22.19216
4606.76440,-1.63761,-6.08588,52.00671,6.33324,5.78824,17.70322,22.18201
4606.77440,-1.60142,-6.07200,52.06586,6.37159,5.79539,17.73572,22.16316
4606.78440,-1.60365,-6.07789,52.03529,6.36163,5.78475,17.72885,22.16007
4606.79440,-1.61218,-6.08862,52.02299,6.33563,5.78340,17.73890,22.16505
4606.80440,-1.62433,-6.08698,52.15477,6.31577,5.83770,17.80512,22.19618
4606.81440,-1.61242,-6.07985,52.16310,6.33217,5.83957,17.80692,22.18444
4606.82440,-1.56499,-6.06220,52.09313,6.38804,5.80769,17.77572,22.12168
4606.83440,-1.57285,-6.09303,51.98070,6.32646,5.77266,17.77572,22.10586
4606.84440,-1.57718,-6.11005,51.91886,6.29259,5.75339,17.77572,22.09716
4606.85440,-1.55388,-6.06426,52.02886,6.39159,5.78439,17.75572,22.09716
4606.86440,-1.56520,-6.06577,52.01508,6.38492,5.78439,17.74239,22.10338
4606.87440,-1.59626,-6.07220,51.97737,6.36616,5.77967,17.70638,22.12516
4606.88440,-1.55875,-6.07717,52.02307,6.38602,5.75914,17.75274,22.12516
4606.89440,-1.54826,-6.07856,52.03586,6.39159,5.75339,17.76572,22.12516
4606.90440,-1.56996,-6.07537,52.00883,6.37228,5.77367,17.74641,22.11647
4606.91440,-1.55666,-6.08875,52.05587,6.36179,5.76460,17.79471,22.13478
4606.92440,-1.55637,-6.08903,52.05686,6.36159,5.76439,17.79572,22.13516
4606.93440,-1.56570,-6.08503,52.01766,6.36159,5.76439,17.76632,22.12536
4606.94440,-1.56589,-6.08495,52.01686,6.36159,5.76439,17.76572,22.12516
4606.95440,-1.57040,-6.08917,51.98976,6.35271,5.75733,17.75661,22.12311
4606.96440,-1.57350,-6.09832,51.94164,6.33777,5.74021,17.74552,22.11814
4606.97440,-1.53024,-6.07998,52.09686,6.39159,5.76439,17.81572,22.12516
4606.98440,-1.61246,-6.05000,52.06016,6.38193,5.83394,17.70947,22.13482
4606.99440,-1.62036,-6.07871,52.04528,6.32403,5.82281,17.75099,22.14745
4607.00440,-1.62309,-6.09498,52.03786,6.29259,5.81539,17.77572,22.15416
4607.01440,-1.62362,-6.08579,52.02086,6.30959,5.81539,17.75022,22.14566
4607.02440,-1.62371,-6.08417,52.01786,6.31259,5.81539,17.74572,22.14416
4607.03440,-1.65918,-6.09974,51.87081,6.30409,5.75419,17.64372,22.16881
4607.04440,-1.63364,-6.09569,51.96471,6.31959,5.76974,17.70222,22.17316
4607.05440,-1.62804,-6.09450,51.98586,6.32259,5.77439,17.71572,22.17316
4607.06440,-1.62851,-6.12196,52.02225,6.28465,5.75814,17.76991,22.20955
4607.07440,-1.60096,-6.12874,52.04531,6.27924,5.75339,17.81910,22.19357
4607.08440,-1.57972,-6.12781,52.05486,6.28359,5.75339,17.84472,22.17316
4607.09440,-1.59985,-6.12065,51.98430,6.28359,5.75339,17.78784,22.15948
4607.10440,-1.60770,-6.11787,51.95686,6.28359,5.75339,17.76572,22.15416
4607.11440,-1.60770,-6.11787,51.95686,6.28359,5.75339,17.76572,22.15416
4607.12440,-1.63691,-6.12300,51.92776,6.25449,5.76406,17.74632,22.16289
4607.13440,-1.61591,-6.10485,51.99379,6.30112,5.77409,17.75542,22.16316
4607.14440,-1.61162,-6.10688,51.97826,6.29879,5.76819,17.75572,22.15556
4607.15440,-1.57797,-6.10867,51.89586,6.31299,5.73079,17.74372,22.10836
4607.16440,-1.56519,-6.10293,51.88786,6.33259,5.72239,17.73572,22.09716
4607.17440,-1.55924,-6.10110,51.92507,6.32649,5.74130,17.76622,22.09106
4607.18440,-1.55544,-6.09993,51.94886,6.32259,5.75339,17.78572,22.08716
4607.19440,-1.55603,-6.09896,51.95386,6.32420,5.75517,17.78572,22.08877
4607.20440,-1.56374,-6.10132,52.01154,6.32299,5.76439,17.80444,22.11972
4607.21440,-1.56876,-6.10937,52.04586,6.31259,5.76439,17.82472,22.14416
4607.22440,-1.54399,-6.11484,52.01274,6.31739,5.73943,17.83432,22.12160
4607.23440,-1.51410,-6.11465,52.01916,6.33637,5.72237,17.85422,22.10619
4607.24440,-1.51077,-6.10790,52.06586,6.35159,5.73339,17.86472,22.11616
4607.25440,-1.51483,-6.10544,52.07633,6.35427,5.73876,17.86203,22.12126
4607.26440,-1.52344,-6.10020,52.09862,6.35999,5.75019,17.85632,22.13212
4607.27440,-1.52585,-6.09874,52.10486,6.36159,5.75339,17.85472,22.13516
4607.28440,-1.51248,-6.14981,51.93304,6.28959,5.66912,17.86290,22.11143
4607.29440,-1.49919,-6.15171,51.88907,6.26393,5.68032,17.88403,22.06078
4607.30440,-1.49882,-6.15137,51.88886,6.26359,5.68139,17.88472,22.05916
4607.31440,-1.50200,-6.14696,51.99806,6.29359,5.68659,17.90172,22.11616
4607.32440,-1.48811,-6.13452,52.11686,6.30259,5.73339,17.96472,22.11616
4607.33440,-1.50012,-6.14124,52.06802,6.29181,5.71755,17.93832,22.12034
4607.34440,-1.54287,-6.16516,51.89486,6.25359,5.66139,17.84472,22.13516
4607.35440,-1.53684,-6.16306,51.91246,6.26019,5.66359,17.85352,22.13516
4607.36440,-1.50560,-6.14868,52.00984,6.29855,5.68041,17.89792,22.13296
4607.37440,-1.47060,-6.12399,52.13386,6.35159,5.71239,17.94472,22.12516
4607.38440,-1.46986,-6.12603,52.10394,6.34293,5.70946,17.94032,22.11123
4607.39440,-1.46648,-6.13534,51.96794,6.30360,5.69613,17.92032,22.04789
4607.40440,-1.46836,-6.12824,51.82986,6.32259,5.66139,17.83472,22.01116
4607.41440,-1.46482,-6.12911,51.82506,6.32159,5.65929,17.83772,22.00646
4607.42440,-1.43293,-6.13700,51.78186,6.31259,5.64039,17.86472,21.96416
4607.43440,-1.42443,-6.13904,51.78541,6.31531,5.63385,17.87381,21.96243
4607.44440,-1.34266,-6.15517,51.83076,6.34645,5.57651,17.96175,21.94605
4607.45440,-1.37114,-6.11640,51.92086,6.38159,5.65039,17.93472,21.95416
4607.46440,-1.37114,-6.11640,51.92086,6.38159,5.65039,17.93472,21.95416
4607.47440,-1.35449,-6.15002,51.79916,6.32549,5.60190,17.95374,21.91803
4607.48440,-1.28527,-6.11047,51.96552,6.44675,5.60909,17.99352,21.91616
4607.49440,-1.28317,-6.10920,51.97086,6.45059,5.60939,17.99472,21.91616
4607.50440,-1.26486,-6.09824,51.94273,6.47872,5.59969,17.97532,21.88900
4607.51440,-1.26429,-6.09790,51.94186,6.47959,5.59939,17.97472,21.88816
4607.52440,-1.32461,-6.17821,51.81281,6.32725,5.53923,17.99413,21.95220
4607.53440,-1.27852,-6.14181,52.01062,6.41765,5.57716,18.05195,21.96386
4607.54440,-1.27704,-6.14061,52.01686,6.42059,5.57839,18.05372,21.96416
4607.55440,-1.29079,-6.14435,51.95849,6.39860,5.57839,18.03174,21.94976
4607.56440,-1.33329,-6.14471,51.82204,6.37475,5.56998,17.94056,21.93674
4607.57440,-1.34048,-6.14455,51.79986,6.37159,5.56839,17.92472,21.93516
4607.58440,-1.31826,-6.16649,51.83556,6.32144,5.57689,18.01822,21.91901
4607.59440,-1.31434,-6.17036,51.84186,6.31259,5.57839,18.03472,21.91616
4607.60440,-1.29138,-6.19027,51.88899,6.32100,5.53547,18.07596,21.95656
4607.61440,-1.35294,-6.21310,51.87098,6.25623,5.54419,18.05852,22.01204
4607.62440,-1.36549,-6.21674,51.86586,6.24359,5.54739,18.05372,22.02116
4607.63440,-1.36549,-6.21674,51.86586,6.24359,5.54739,18.05372,22.02116
4607.64440,-1.36743,-6.15156,51.98923,6.37159,5.59605,17.98119,22.04041
4607.65440,-1.36601,-6.17481,52.09986,6.37159,5.56839,18.03472,22.12516
4607.66440,-1.36616,-6.17646,52.09275,6.36898,5.56560,18.03382,22.12435
4607.67440,-1.36767,-6.19317,52.02086,6.34259,5.53739,18.02472,22.11616
4607.68440,-1.38624,-6.18528,52.03061,6.34484,5.55539,18.00472,22.12566
4607.69440,-1.45047,-6.16706,51.96602,6.33153,5.59545,17.91072,22.12832
4607.70440,-1.46716,-6.17771,51.78386,6.29259,5.56839,17.84472,22.07816
4607.71440,-1.46220,-6.17006,51.83027,6.29718,5.59183,17.86769,22.07357
4607.72440,-1.48427,-6.17097,51.85486,6.27319,5.61939,17.87672,22.08556
4607.73440,-1.50289,-6.17757,51.83486,6.25359,5.61939,17.86472,22.09716
4607.74440,-1.50145,-6.17615,51.85610,6.25890,5.62218,17.87102,22.10400
4607.75440,-1.48693,-6.16183,52.07086,6.31259,5.65039,17.93472,22.17316
4607.76440,-1.48628,-6.16489,52.05377,6.30722,5.64485,17.93290,22.16880
4607.77440,-1.47423,-6.19897,51.87578,6.25471,5.57894,17.91697,22.12516
4607.78440,-1.43021,-6.22578,51.81986,6.26359,5.49639,17.93472,22.12516
4607.79440,-1.44332,-6.22672,51.81709,6.25007,5.50714,17.93125,22.12863
4607.80440,-1.46553,-6.24307,51.82002,6.21779,5.50291,17.93832,22.16100
4607.81440,-1.46068,-6.27136,51.83586,6.20459,5.45539,17.96472,22.21116
4607.82440,-1.46091,-6.26901,51.85168,6.20986,5.45903,17.96654,22.21625
4607.83440,-1.46161,-6.26209,51.89820,6.22537,5.46972,17.97189,22.23122
4607.84440,-1.50445,-6.25401,51.96041,6.20014,5.52739,17.97472,22.25816
4607.85440,-1.53283,-6.28791,51.88322,6.11921,5.51375,17.98572,22.26454
4607.86440,-1.51553,-6.31819,51.87386,6.09659,5.46539,18.02472,22.28716
4607.87440,-1.52599,-6.32366,51.89168,6.09022,5.46327,18.02684,22.31134
4607.88440,-1.56619,-6.33853,51.95220,6.06659,5.46650,18.03036,22.38874
4607.89440,-1.57137,-6.31904,51.93186,6.06659,5.50639,18.01472,22.34416
4607.90440,-1.57137,-6.31904,51.93186,6.06659,5.50639,18.01472,22.34416
4607.91440,-1.58621,-6.33085,51.88594,5.98940,5.54645,18.05282,22.29726
4607.92440,-1.56080,-6.39427,51.71486,5.91959,5.43439,18.07372,22.28716
4607.93440,-1.56069,-6.39684,51.71691,5.91527,5.43331,18.07911,22.28921
4607.94440,-1.55981,-6.41814,51.73386,5.87959,5.42439,18.12372,22.30616
4607.95440,-1.55227,-6.42343,51.73773,5.87959,5.41323,18.13452,22.31039
4607.96440,-1.47601,-6.47797,51.78793,5.88229,5.29760,18.24633,22.36171
4607.97440,-1.47473,-6.48899,51.89986,5.90959,5.26939,18.27272,22.44816
4607.98440,-1.47473,-6.48899,51.89986,5.90959,5.26939,18.27272,22.44816
4607.99440,-1.49964,-6.49336,51.86387,5.90369,5.25759,18.23201,22.47058
4608.00440,-1.51593,-6.51983,51.92500,5.86478,5.24939,18.27983,22.53100
4608.01440,-1.51521,-6.53605,51.98486,5.84059,5.24939,18.33272,22.56216
4608.02440,-1.51648,-6.53995,52.02658,5.82271,5.26727,18.36848,22.56812
4608.03440,-1.51733,-6.54259,52.05486,5.81059,5.27939,18.39272,22.57216
4608.04440,-1.50706,-6.56303,51.96843,5.79702,5.22796,18.37843,22.56502
4608.05440,-1.54701,-6.55618,52.04595,5.80713,5.24994,18.35636,22.63252
4608.06440,-1.55678,-6.55284,52.07086,5.81059,5.25939,18.35272,22.64816
4608.07440,-1.55075,-6.56054,52.03894,5.78623,5.25939,18.36952,22.62380
4608.08440,-1.55202,-6.56060,52.05722,5.79839,5.25099,18.36432,22.64352
4608.09440,-1.55248,-6.56033,52.06186,5.80159,5.24939,18.36272,22.64816
4608.10440,-1.60306,-6.53566,52.12066,5.80159,5.31827,18.32912,22.67168
4608.11440,-1.61269,-6.53096,52.13186,5.80159,5.33139,18.32272,22.67616
4608.12440,-1.63038,-6.55546,51.99746,5.75735,5.29107,18.28352,22.66552
4608.13440,-1.64479,-6.57141,51.96425,5.70614,5.29888,18.30207,22.65716
4608.14440,-1.64516,-6.56863,52.02386,5.69259,5.33139,18.34272,22.65716
4608.15440,-1.66655,-6.56232,52.09514,5.69259,5.36091,18.34992,22.69172
4608.16440,-1.67173,-6.57688,52.09910,5.68539,5.33567,18.35272,22.72532
4608.17440,-1.67051,-6.58350,52.08986,5.68259,5.32139,18.35272,22.73316
4608.18440,-1.74909,-6.58654,52.03497,5.61273,5.37272,18.30282,22.74670
4608.19440,-1.78079,-6.58777,52.01286,5.58459,5.39339,18.28272,22.75216
4608.20440,-1.76213,-6.59341,51.93270,5.57979,5.36843,18.27312,22.71136
4608.21440,-1.75693,-6.61050,51.81827,5.54386,5.34139,18.26272,22.67030
4608.22440,-1.78507,-6.63097,51.76686,5.48659,5.34139,18.26272,22.67616
4608.23440,-1.76388,-6.63948,51.80074,5.49243,5.32328,18.29777,22.68726
4608.24440,-1.73994,-6.66558,51.79029,5.46202,5.29223,18.35201,22.68403
4608.25440,-1.73366,-6.67976,51.76586,5.43759,5.27939,18.37272,22.67616
4608.26440,-1.73188,-6.69962,51.81160,5.40788,5.27345,18.42559,22.70467
4608.27440,-1.73067,-6.71316,51.84286,5.38759,5.26939,18.46172,22.72416
4608.28440,-1.73887,-6.73066,51.86551,5.36434,5.25747,18.48556,22.75813
4608.29440,-1.73602,-6.74903,51.83286,5.34259,5.23079,18.49572,22.76376
4608.30440,-1.73040,-6.75338,51.80086,5.33859,5.21839,18.49172,22.75216
4608.31440,-1.72841,-6.75156,51.82409,5.34004,5.22580,18.50333,22.75492
4608.32440,-1.71674,-6.74092,51.96086,5.34859,5.26939,18.57172,22.77116
4608.33440,-1.72662,-6.75664,51.83443,5.32556,5.23085,18.52472,22.75330
4608.34440,-1.73043,-6.77778,51.77589,5.30433,5.19214,18.51445,22.76497
4608.35440,-1.72229,-6.78145,51.86886,5.30959,5.19739,18.56172,22.80016
4608.36440,-1.72543,-6.78378,51.87161,5.29959,5.20264,18.56922,22.80016
4608.37440,-1.73212,-6.78874,51.87746,5.27831,5.21381,18.58518,22.80016
4608.38440,-1.73677,-6.77436,51.89638,5.30440,5.22429,18.56222,22.80547
4608.39440,-1.73810,-6.76295,51.90786,5.32859,5.22839,18.54172,22.80916
4608.40440,-1.76848,-6.79006,51.92509,5.26443,5.23433,18.57736,22.84896
4608.41440,-1.78923,-6.80856,51.93686,5.22059,5.23839,18.60172,22.87616
4608.42440,-1.74072,-6.81988,51.82489,5.22729,5.18342,18.60172,22.81247
4608.43440,-1.71194,-6.85249,51.78994,5.19545,5.13416,18.65192,22.80841
4608.44440,-1.71002,-6.86315,51.79786,5.18159,5.12539,18.67172,22.81916
4608.45440,-1.75333,-6.86487,51.82159,5.14886,5.15894,18.66354,22.85025
4608.46440,-1.72662,-6.90176,51.64290,5.10883,5.07987,18.65332,22.80088
4608.47440,-1.71967,-6.90874,51.60786,5.10259,5.06339,18.65172,22.79016
4608.48440,-1.74492,-6.88098,51.83836,5.10259,5.17192,18.72759,22.83626
4608.49440,-1.73598,-6.90422,51.89961,5.09833,5.13539,18.77072,22.89516
4608.50440,-1.74469,-6.91105,51.88027,5.07900,5.13539,18.77072,22.89516
4608.51440,-1.71919,-6.89202,51.88686,5.10259,5.15639,18.78072,22.84716
4608.52440,-1.71976,-6.89455,51.88693,5.09686,5.15639,18.78579,22.84788
4608.53440,-1.72548,-6.91976,51.88766,5.03962,5.15639,18.83652,22.85513
4608.54440,-1.69470,-6.95303,51.71686,5.02359,5.06339,18.81072,22.81916
4608.55440,-1.69470,-6.95303,51.71686,5.02359,5.06339,18.81072,22.81916
4608.56440,-1.68168,-6.92771,51.72517,5.00605,5.14001,18.84764,22.73147
4608.57440,-1.66942,-6.95099,51.75785,5.01331,5.08629,18.87011,22.78814
4608.58440,-1.66906,-6.95180,51.75886,5.01359,5.08439,18.87072,22.79016
4608.59440,-1.63996,-6.95097,51.70456,4.99516,5.09409,18.89884,22.71646
4608.60440,-1.63905,-6.95095,51.70286,4.99459,5.09439,18.89972,22.71416
4608.61440,-1.63359,-6.98660,51.65810,4.93565,5.06381,18.94448,22.71416
4608.62440,-1.54664,-6.98467,51.85922,5.00722,5.03558,19.07002,22.74640
4608.63440,-1.53152,-6.98216,51.89786,5.02359,5.03239,19.08972,22.75216
4608.64440,-1.56665,-6.99494,51.78925,4.98201,5.02391,19.03881,22.74452
4608.65440,-1.51998,-6.98795,51.82903,5.00709,5.02239,19.08805,22.71149
4608.66440,-1.50940,-6.98610,51.84086,5.01359,5.02239,19.09972,22.70516
4608.67440,-1.52330,-6.97496,51.80558,4.99175,5.06271,19.08852,22.66260
4608.68440,-1.53423,-6.96620,51.77786,4.97459,5.09439,19.07972,22.62916
4608.69440,-1.50986,-6.97078,51.79077,4.98893,5.07216,19.10052,22.62916
4608.70440,-1.51222,-6.99716,51.67490,4.95211,5.02667,19.08064,22.61548
4608.71440,-1.51688,-7.00675,51.62786,4.93559,5.01239,19.06972,22.61016
4608.72440,-1.51661,-6.99507,51.60986,4.94286,5.02810,19.05440,22.58450
4608.73440,-1.51623,-6.97883,51.58486,4.95297,5.04990,19.03312,22.54886
4608.74440,-1.46396,-6.96485,51.59245,4.99321,5.04277,19.05869,22.49778
4608.75440,-1.46228,-6.96340,51.60196,4.99759,5.04353,19.06075,22.50009
4608.76440,-1.46380,-6.95435,51.68086,5.02359,5.05339,19.06972,22.53416
4608.77440,-1.45311,-6.94064,51.72938,5.03950,5.07805,19.08921,22.52263
4608.78440,-1.44177,-6.92814,51.70192,5.05290,5.08762,19.07653,22.48486
4608.79440,-1.44599,-6.93532,51.61386,5.04359,5.06339,19.03972,22.46716
4608.80440,-1.45769,-6.93922,51.55942,5.02809,5.05942,19.01588,22.45603
4608.81440,-1.47565,-6.95066,51.46481,4.99878,5.04439,18.97972,22.44192
4608.82440,-1.47661,-6.98320,51.39386,4.96459,4.99139,18.97972,22.45816
4608.83440,-1.46933,-6.97306,51.45630,4.97145,5.01952,19.01060,22.45473
4608.84440,-1.45545,-6.95370,51.57586,4.98459,5.07339,19.06972,22.44816
4608.85440,-1.43528,-6.95698,51.56136,4.98709,5.06064,19.08447,22.42916
4608.86440,-1.39413,-6.94813,51.58178,5.02145,5.05027,19.10866,22.40140
4608.87440,-1.43169,-6.91196,51.70586,5.07359,5.10439,19.06972,22.45816
4608.88440,-1.42920,-6.92709,51.68451,5.04944,5.09004,19.08687,22.45816
4608.89440,-1.41373,-6.94358,51.65352,5.01117,5.08488,19.12912,22.42836
4608.90440,-1.39330,-6.92163,51.66986,5.02359,5.12539,19.14872,22.37216
4608.91440,-1.39690,-6.92171,51.59982,5.02019,5.11485,19.11506,22.34972
4608.92440,-1.40392,-6.92187,51.46386,5.01359,5.09439,19.04972,22.30616
4608.93440,-1.38607,-6.93055,51.46803,5.01150,5.07770,19.07498,22.30384
4608.94440,-1.33506,-6.95534,51.47995,5.00554,5.03002,19.14717,22.29722
4608.95440,-1.30522,-6.91418,51.57386,5.07359,5.07339,19.15872,22.26816
4608.96440,-1.30363,-6.91398,51.59278,5.08217,5.06899,19.16092,22.28070
4608.97440,-1.30799,-6.92336,51.64439,5.08906,5.05100,19.17308,22.33126
4608.98440,-1.34387,-6.95968,51.58886,5.00459,5.04239,19.18872,22.35316
4608.99440,-1.33400,-6.94579,51.61262,5.03174,5.05130,19.18448,22.34510
4609.00440,-1.29741,-6.89433,51.70086,5.13259,5.08439,19.16872,22.31516
4609.01440,-1.29277,-6.90013,51.67199,5.12572,5.07240,19.16756,22.30631
4609.02440,-1.27161,-6.92659,51.54078,5.09450,5.01791,19.16226,22.26610
4609.03440,-1.27590,-6.95180,51.41714,5.05417,4.97712,19.13931,22.24654
4609.04440,-1.30515,-6.96349,51.36086,5.02359,4.97039,19.10872,22.25816
4609.05440,-1.31666,-6.94636,51.49326,5.03052,5.02793,19.15031,22.28450
4609.06440,-1.28513,-6.92815,51.52086,5.09259,5.01239,19.13872,22.27716
4609.07440,-1.28819,-6.92724,51.52260,5.08904,5.01833,19.13944,22.27578
4609.08440,-1.31598,-6.91901,51.53839,5.05680,5.07227,19.14602,22.26328
4609.09440,-1.32737,-6.91564,51.54486,5.04359,5.09439,19.14872,22.25816
4609.10440,-1.32880,-6.97885,51.42652,4.95726,5.01485,19.17782,22.27659
4609.11440,-1.30009,-6.91434,51.63223,5.09673,5.06137,19.16912,22.30501
4609.12440,-1.29891,-6.91161,51.64086,5.10259,5.06339,19.16872,22.30616
4609.13440,-1.29715,-6.92046,51.45462,5.05555,5.05379,19.13032,22.21496
4609.14440,-1.30644,-6.91688,51.42382,5.06950,5.04187,19.09087,22.22158
4609.15440,-1.31414,-6.91362,51.40486,5.08259,5.03239,19.05972,22.23016
4609.16440,-1.30864,-6.90251,51.43159,5.09319,5.05212,19.06820,22.21807
4609.17440,-1.28824,-6.86132,51.53086,5.13259,5.12539,19.09972,22.17316
4609.18440,-1.30400,-6.87333,51.52747,5.13259,5.09759,19.07938,22.21792
4609.19440,-1.33287,-6.90560,51.46114,5.07677,5.06740,19.06972,22.24725
4609.20440,-1.33792,-6.91188,51.44586,5.06359,5.06339,19.06972,22.24916
4609.21440,-1.34817,-6.89748,51.57669,5.08775,5.09756,19.09472,22.29666
4609.22440,-1.35127,-6.92934,51.48213,5.07666,5.01804,19.05780,22.32963
4609.23440,-1.35147,-6.93605,51.45886,5.07359,5.00139,19.04972,22.33416
4609.24440,-1.39052,-6.93833,51.46544,5.03575,5.03539,19.04424,22.35006
4609.25440,-1.42266,-6.94020,51.47086,5.00459,5.06339,19.03972,22.36316
4609.26440,-1.45212,-6.92632,51.50009,5.00459,5.10046,19.01833,22.37670
4609.27440,-1.46957,-6.92914,51.49537,5.00459,5.09316,18.99538,22.40224
4609.28440,-1.47178,-6.93246,51.48886,5.00459,5.08439,18.98972,22.41016
4609.29440,-1.50176,-6.90148,51.42622,5.03267,5.11391,18.89684,22.38280
4609.30440,-1.53088,-6.91992,51.46174,5.00866,5.10329,18.90278,22.44701
4609.31440,-1.53789,-6.93220,51.48586,4.99459,5.09439,18.91972,22.47716
4609.32440,-1.55615,-6.91357,51.54301,5.01812,5.12417,18.90099,22.49973
4609.33440,-1.57587,-6.89346,51.60486,5.04359,5.15639,18.88072,22.52416
4609.34440,-1.59115,-6.91761,51.57983,4.99651,5.14388,18.89800,22.54144
4609.35440,-1.61101,-6.92208,51.63815,4.98223,5.15951,18.91560,22.58081
4609.36440,-1.61765,-6.91375,51.69086,4.99459,5.17639,18.91972,22.60016
4609.37440,-1.62307,-6.90467,51.61562,4.99459,5.18214,18.87844,22.56045
4609.38440,-1.66106,-6.91168,51.58211,4.96686,5.18739,18.84542,22.58244
4609.39440,-1.69824,-6.92895,51.62186,4.93559,5.18739,18.85072,22.64816
4609.40440,-1.67804,-6.93459,51.58980,4.93559,5.16834,18.86001,22.62586
4609.41440,-1.65474,-6.94110,51.55286,4.93559,5.14639,18.87072,22.60016
4609.42440,-1.68044,-6.93001,51.49693,4.94029,5.15579,18.80962,22.59123
4609.43440,-1.72735,-6.92276,51.52081,4.93619,5.18096,18.76892,22.63474
4609.44440,-1.74741,-6.92869,51.61886,4.92559,5.19739,18.80072,22.69516
4609.45440,-1.74912,-6.92044,51.63900,4.93529,5.21032,18.79823,22.69516
4609.46440,-1.75277,-6.90292,51.68186,4.95592,5.23784,18.79294,22.69516
4609.47440,-1.76431,-6.92081,51.61119,4.94525,5.19406,18.75739,22.71449
4609.48440,-1.76932,-6.93347,51.56686,4.93559,5.16639,18.74072,22.72416
4609.49440,-1.73038,-6.91576,51.65276,4.99253,5.16639,18.76967,22.72416
4609.50440,-1.72897,-6.91512,51.65586,4.99459,5.16639,18.77072,22.72416
4609.51440,-1.76714,-6.93164,51.60931,4.92768,5.18676,18.77072,22.72416
4609.52440,-1.78319,-6.91508,51.56272,4.91598,5.22677,18.74191,22.67806
4609.53440,-1.78216,-6.91469,51.55881,4.91661,5.22625,18.74072,22.67524
4609.54440,-1.75541,-6.91491,51.56398,4.93598,5.20739,18.75557,22.66504
4609.55440,-1.70989,-6.90533,51.64986,4.97459,5.20739,18.81072,22.65716
4609.56440,-1.71120,-6.90745,51.64370,4.97312,5.20285,18.80779,22.65995
4609.57440,-1.71716,-6.91708,51.61570,4.96645,5.18218,18.79445,22.67261
4609.58440,-1.71883,-6.91978,51.60786,4.96459,5.17639,18.79072,22.67616
4609.59440,-1.69795,-6.91924,51.66665,4.96637,5.18739,18.84092,22.67197
4609.60440,-1.71852,-6.90033,51.54186,4.98459,5.18739,18.74072,22.62916
4609.61440,-1.71780,-6.90277,51.53322,4.97987,5.18491,18.74232,22.62612
4609.62440,-1.70576,-6.93092,51.43459,4.92793,5.15389,18.76314,22.58962
4609.63440,-1.66332,-6.93245,51.44286,4.95459,5.12539,18.79072,22.57216
4609.64440,-1.66332,-6.93245,51.44286,4.95459,5.12539,18.79072,22.57216
4609.65440,-1.66726,-6.92080,51.55610,4.97362,5.15489,18.81927,22.60832
4609.66440,-1.66746,-6.92021,51.56186,4.97459,5.15639,18.82072,22.61016
4609.67440,-1.66280,-6.92059,51.54983,4.98045,5.14730,18.81485,22.60723
4609.68440,-1.69727,-6.91588,51.50629,4.98049,5.14936,18.75372,22.62272
4609.69440,-1.74884,-6.90952,51.48986,4.96459,5.17639,18.70072,22.64816
4609.70440,-1.73802,-6.91159,51.51370,4.96459,5.17639,18.72456,22.64816
4609.71440,-1.68777,-6.91398,51.54111,4.96459,5.17639,18.79697,22.60316
4609.72440,-1.68491,-6.91405,51.54186,4.96459,5.17639,18.80072,22.60016
4609.73440,-1.68742,-6.89652,51.56041,5.00107,5.18320,18.76980,22.60634
4609.74440,-1.68897,-6.88571,51.57186,5.02359,5.18739,18.75072,22.61016
4609.75440,-1.64790,-6.89782,51.63505,5.02359,5.17248,18.82882,22.61016
4609.76440,-1.62330,-6.90035,51.58825,5.03972,5.14138,18.82038,22.58676
4609.77440,-1.62141,-6.89977,51.57086,5.04359,5.13539,18.81072,22.58116
4609.78440,-1.63787,-6.91436,51.39698,5.00243,5.10935,18.75192,22.53328
4609.79440,-1.66193,-6.92826,51.36302,4.96939,5.10439,18.74072,22.54852
4609.80440,-1.66591,-6.93037,51.36286,4.96459,5.10439,18.74072,22.55316
4609.81440,-1.67495,-6.93018,51.50971,4.97172,5.12649,18.79062,22.62088
4609.82440,-1.67857,-6.93010,51.56886,4.97459,5.13539,18.81072,22.64816
4609.83440,-1.68035,-6.92187,51.57346,4.98225,5.14727,18.80306,22.64088
4609.84440,-1.68282,-6.91043,51.57984,4.99288,5.16376,18.79242,22.63078
4609.85440,-1.70413,-6.96013,51.50686,4.92559,5.10439,18.80072,22.67616
4609.86440,-1.73906,-6.94636,51.53483,4.93993,5.12663,18.75769,22.71058
4609.87440,-1.76873,-6.94695,51.53705,4.93793,5.12773,18.72540,22.74599
4609.88440,-1.79083,-6.95531,51.52482,4.92729,5.11710,18.70412,22.77631
4609.89440,-1.79437,-6.95665,51.52286,4.92559,5.11539,18.70072,22.78116
4609.90440,-1.76278,-6.93203,51.62806,4.98253,5.13470,18.72967,22.78116
4609.91440,-1.76186,-6.93153,51.61890,4.98018,5.13638,18.72892,22.77342
4609.92440,-1.76615,-6.93549,51.48086,4.93273,5.14782,18.70786,22.69245
4609.93440,-1.77878,-6.93565,51.43886,4.91559,5.15639,18.69072,22.67616
4609.94440,-1.77372,-6.93391,51.46632,4.92489,5.15639,18.70003,22.68500
4609.95440,-1.78055,-6.91846,51.57974,4.94893,5.18951,18.71992,22.72138
4609.96440,-1.79534,-6.90274,51.67586,4.96459,5.22839,18.73072,22.75216
4609.97440,-1.78981,-6.89466,51.63074,4.96929,5.23309,18.71192,22.71644
4609.98440,-1.78357,-6.88553,51.57986,4.97459,5.23839,18.69072,22.67616
4609.99440,-1.78581,-6.90272,51.51500,4.94216,5.21912,18.69072,22.66300
4610.00440,-1.79436,-6.90251,51.54506,4.94918,5.21851,18.68731,22.69005
4610.01440,-1.80591,-6.86467,51.74486,5.03359,5.25939,18.68072,22.77116
4610.02440,-1.79644,-6.87303,51.73727,5.02625,5.24624,18.69589,22.76888
4610.03440,-1.77618,-6.90295,51.63758,4.97375,5.21121,18.72686,22.72577
4610.04440,-1.79082,-6.91279,51.49186,4.91559,5.21839,18.70072,22.65716
4610.05440,-1.80194,-6.90176,51.53453,4.92859,5.23873,18.69405,22.67316
4610.06440,-1.82413,-6.87975,51.61986,4.95459,5.27939,18.68072,22.70516
4610.07440,-1.80608,-6.89032,51.60303,4.95156,5.25516,18.69755,22.69876
4610.08440,-1.76981,-6.90352,51.54896,4.95197,5.21421,18.71554,22.66724
4610.09440,-1.76778,-6.88027,51.48563,4.97130,5.23488,18.66954,22.60991
4610.10440,-1.76683,-6.87290,51.49246,4.98119,5.24301,18.66392,22.60434
4610.11440,-1.76730,-6.86955,51.53286,4.98501,5.25477,18.67810,22.61498
4610.12440,-1.77654,-6.90070,51.45486,4.91559,5.23839,18.70072,22.60016
4610.13440,-1.76800,-6.89277,51.45968,4.93214,5.24070,18.69653,22.59031
4610.14440,-1.73579,-6.86285,51.47786,4.99459,5.24939,18.68072,22.55316
4610.15440,-1.72812,-6.87047,51.46715,4.98619,5.23847,18.69332,22.54917
4610.16440,-1.70240,-6.90143,51.43236,4.94909,5.19880,18.74495,22.53952
4610.17440,-1.71763,-6.91234,51.45853,4.92292,5.20551,18.76508,22.56502
4610.18440,-1.71838,-6.90997,51.48831,4.92617,5.21347,18.77464,22.57402
4610.19440,-1.69124,-6.85927,51.70440,5.02278,5.27440,18.80991,22.59730
4610.20440,-1.74839,-6.84774,51.81286,5.01359,5.33139,18.80072,22.66716
4610.21440,-1.74839,-6.84774,51.81286,5.01359,5.33139,18.80072,22.66716
4610.22440,-1.73253,-6.84477,51.79900,5.02199,5.32698,18.80492,22.64511
4610.23440,-1.67280,-6.83356,51.74686,5.05359,5.31039,18.82072,22.56216
4610.24440,-1.67537,-6.84129,51.70172,5.03452,5.30291,18.81589,22.54840
4610.25440,-1.68621,-6.86972,51.56689,4.97849,5.26767,18.79681,22.52392
4610.26440,-1.69045,-6.87607,51.57786,4.98459,5.24939,18.79072,22.55316
4610.27440,-1.65166,-6.84838,51.66822,5.02412,5.29054,18.83913,22.51443
4610.28440,-1.61044,-6.87103,51.58659,4.96699,5.28013,18.90766,22.43181
4610.29440,-1.60928,-6.87209,51.58286,4.96459,5.27939,18.90972,22.42916
4610.30440,-1.59713,-6.85200,51.63962,5.01051,5.29023,18.90456,22.43432
4610.31440,-1.58576,-6.83320,51.69286,5.05359,5.30039,18.89972,22.43916
4610.32440,-1.57602,-6.85214,51.64564,5.03306,5.26857,18.90998,22.43403
4610.33440,-1.56122,-6.86852,51.60270,5.02429,5.23169,18.91648,22.43024
4610.34440,-1.51550,-6.85528,51.61786,5.11259,5.17639,18.88972,22.43916
4610.35440,-1.53219,-6.86377,51.55402,5.06303,5.19403,18.88972,22.40724
4610.36440,-1.54820,-6.85650,51.48697,5.04527,5.21486,18.85728,22.36956
4610.37440,-1.55080,-6.85470,51.47586,5.04359,5.21839,18.85072,22.36316
4610.38440,-1.49817,-6.87246,51.58980,5.04359,5.20093,18.96632,22.37896
4610.39440,-1.48754,-6.87604,51.61286,5.04359,5.19739,18.98972,22.38216
4610.40440,-1.46427,-6.90180,51.42722,5.03519,5.11087,18.93932,22.34184
4610.41440,-1.43935,-6.90149,51.59178,5.05879,5.12043,19.02212,22.39044
4610.42440,-1.43547,-6.90050,51.62986,5.06359,5.12539,19.03972,22.40116
4610.43440,-1.43792,-6.89559,51.62039,5.07046,5.12776,19.02551,22.39666
4610.44440,-1.43265,-6.94268,51.54396,5.01513,5.06152,19.05144,22.41587
4610.45440,-1.42745,-6.96752,51.52586,4.98459,5.03239,19.07972,22.42916
4610.46440,-1.39562,-6.94376,51.65437,5.02648,5.06931,19.13581,22.42277
4610.47440,-1.38267,-6.93409,51.70686,5.04359,5.08439,19.15872,22.42016
4610.48440,-1.39276,-6.91633,51.68690,5.05784,5.10649,19.12308,22.39949
4610.49440,-1.40609,-6.90385,51.58132,5.05641,5.11539,19.05924,22.35028
4610.50440,-1.40975,-6.90175,51.54286,5.05359,5.11539,19.03972,22.33416
4610.51440,-1.41304,-6.87926,51.60199,5.08074,5.15080,19.03628,22.33416
4610.52440,-1.41615,-6.86861,51.69553,5.09216,5.18207,19.06487,22.35642
4610.53440,-1.41392,-6.89135,51.68186,5.06359,5.15639,19.08972,22.37216
4610.54440,-1.41359,-6.87684,51.73024,5.06949,5.19297,19.10683,22.36095
4610.55440,-1.41335,-6.86678,51.76386,5.07359,5.21839,19.11872,22.35316
4610.56440,-1.42432,-6.87043,51.69129,5.07043,5.19883,19.07486,22.34717
4610.57440,-1.44299,-6.87665,51.56830,5.06508,5.16568,19.00053,22.33700
4610.58440,-1.43483,-6.88936,51.45686,5.02359,5.15639,18.99972,22.27716
4610.59440,-1.44893,-6.88401,51.44290,5.02359,5.16570,18.97645,22.27716
4610.60440,-1.46991,-6.87910,51.49180,5.02605,5.18402,18.97186,22.30988
4610.61440,-1.48024,-6.88178,51.63298,5.03139,5.20060,19.01999,22.38100
4610.62440,-1.46463,-6.87850,51.70966,5.05662,5.19799,19.04912,22.40593
4610.63440,-1.44230,-6.87358,51.73086,5.08259,5.18739,19.05972,22.40116
4610.64440,-1.43990,-6.86852,51.74518,5.09213,5.19217,19.05972,22.40116
4610.65440,-1.45821,-6.84825,51.76519,5.10625,5.22806,19.03305,22.39783
4610.66440,-1.51017,-6.83991,51.71386,5.07359,5.26939,18.97972,22.39116
4610.67440,-1.50148,-6.83890,51.68336,5.07671,5.26246,18.97279,22.37141
4610.68440,-1.48361,-6.83831,51.62212,5.08599,5.24225,18.95632,22.33756
4610.69440,-1.48077,-6.84088,51.61486,5.09259,5.22839,18.94972,22.34416
4610.70440,-1.48407,-6.83445,51.61659,5.08600,5.24988,18.95319,22.32753
4610.71440,-1.49028,-6.82233,51.61986,5.07359,5.29039,18.95972,22.29616
4610.72440,-1.48615,-6.83132,51.59470,5.06225,5.27634,18.96425,22.29185
4610.73440,-1.47400,-6.85780,51.52070,5.02892,5.23501,18.97759,22.27919
4610.74440,-1.45397,-6.86350,51.41986,5.03359,5.19739,18.94972,22.23916
4610.75440,-1.43705,-6.86832,51.44044,5.04207,5.18212,18.97093,22.24531
4610.76440,-1.35911,-6.89814,51.51532,5.07359,5.09811,19.06710,22.27652
4610.77440,-1.31006,-6.94439,51.49886,5.06259,5.00139,19.12872,22.30616
4610.78440,-1.32439,-6.96908,51.50364,5.02579,4.98335,19.15072,22.34378
4610.79440,-1.31355,-7.00718,51.65886,5.03359,4.91939,19.22872,22.47716
4610.80440,-1.31033,-6.99595,51.68768,5.05097,4.93303,19.22872,22.47496
4610.81440,-1.30676,-6.95794,51.80097,5.10191,4.99032,19.23525,22.47348
4610.82440,-1.33483,-6.96411,51.84086,5.06359,5.02239,19.25872,22.49616
4610.83440,-1.33483,-6.96411,51.84086,5.06359,5.02239,19.25872,22.49616
4610.84440,-1.37711,-6.94006,51.78892,5.08510,5.04539,19.16227,22.49616
4610.85440,-1.39184,-6.93169,51.77086,5.09259,5.05339,19.12872,22.49616
4610.86440,-1.42859,-6.98316,51.60852,5.00806,4.98959,19.09348,22.51739
4610.87440,-1.44694,-6.92926,51.59486,5.04359,5.07339,19.02972,22.44816
4610.88440,-1.44375,-6.92956,51.58865,5.04539,5.06970,19.02882,22.44474
4610.89440,-1.41264,-6.93272,51.52901,5.05828,5.03797,19.02512,22.40764
4610.90440,-1.42438,-6.93427,51.56086,5.00459,5.09439,19.07972,22.38216
4610.91440,-1.42819,-6.93404,51.56404,5.00633,5.09379,19.07492,22.38900
4610.92440,-1.47057,-6.93151,51.59937,5.02566,5.08713,19.02159,22.46500
4610.93440,-1.48793,-6.93047,51.61386,5.03359,5.08439,18.99972,22.49616
4610.94440,-1.49039,-6.94512,51.65856,5.02167,5.07188,19.02952,22.53549
4610.95440,-1.46683,-6.97527,51.68212,4.98729,5.04249,19.10298,22.54935
4610.96440,-1.45464,-6.98506,51.67886,4.97459,5.03239,19.12872,22.54316
4610.97440,-1.47472,-6.98694,51.57440,4.96643,5.01607,19.06425,22.52765
4610.98440,-1.50486,-6.96564,51.65250,4.96459,5.08127,19.06652,22.54012
4610.99440,-1.50972,-6.96152,51.67186,4.96459,5.09439,19.06972,22.54316
4611.00440,-1.50972,-6.96152,51.67186,4.96459,5.09439,19.06972,22.54316
4611.01440,-1.45742,-6.93299,51.53586,5.03359,5.06339,18.99972,22.43916
4611.02440,-1.44092,-6.93399,51.54493,5.04790,5.04860,19.00927,22.43916
4611.03440,-1.43093,-6.93410,51.55970,5.05810,5.04104,19.01786,22.44269
4611.04440,-1.50953,-6.92456,51.60686,5.00459,5.12539,18.99972,22.47716
4611.05440,-1.51041,-6.89714,51.58904,5.06313,5.12539,18.93184,22.46868
4611.06440,-1.46228,-6.89659,51.59126,5.10664,5.08357,18.94670,22.45434
4611.07440,-1.43899,-6.89868,51.59386,5.12259,5.06339,18.95972,22.44816
4611.08440,-1.45710,-6.93604,51.54940,5.06593,5.02682,18.97406,22.48258
4611.09440,-1.46425,-6.95078,51.53186,5.04359,5.01239,18.97972,22.49616
4611.10440,-1.49977,-6.93075,51.56168,5.02939,5.07771,18.96552,22.48906
4611.11440,-1.50776,-6.91786,51.66403,5.05199,5.10439,18.98102,22.52663
4611.12440,-1.50511,-6.91594,51.70086,5.06359,5.10439,18.98972,22.54316
4611.13440,-1.56875,-6.90802,51.65278,5.04237,5.13409,18.91265,22.56367
4611.14440,-1.59223,-6.92896,51.50305,5.00562,5.09404,18.85203,22.55136
4611.15440,-1.59108,-6.93855,51.45186,4.99459,5.07339,18.84072,22.54316
4611.16440,-1.58836,-6.92995,51.49072,5.00400,5.09101,18.85255,22.54316
4611.17440,-1.57982,-6.90299,51.61286,5.03359,5.14639,18.88972,22.54316
4611.18440,-1.59638,-6.91872,51.54129,5.02290,5.10740,18.84753,22.56346
4611.19440,-1.57673,-6.91113,51.57004,5.05471,5.09842,18.85244,22.56447
4611.20440,-1.55366,-6.89670,51.63186,5.08259,5.11539,18.88072,22.55316
4611.21440,-1.57876,-6.89857,51.56826,5.04719,5.13399,18.85672,22.53036
4611.22440,-1.60125,-6.89021,51.56626,5.04735,5.15233,18.82884,22.53773
4611.23440,-1.60516,-6.88366,51.59386,5.06359,5.15639,18.82072,22.55316
4611.24440,-1.61029,-6.88974,51.62395,5.05577,5.15639,18.83635,22.57543
4611.25440,-1.61827,-6.89921,51.67086,5.04359,5.15639,18.86072,22.61016
4611.26440,-1.61352,-6.89727,51.64856,5.03894,5.16104,18.86072,22.58786
4611.27440,-1.61391,-6.89873,51.61769,5.03359,5.15699,18.85132,22.57579
4611.28440,-1.62054,-6.90290,51.61186,5.03359,5.14639,18.84072,22.59116
4611.29440,-1.60254,-6.89789,51.57556,5.05220,5.13197,18.82676,22.56464
4611.30440,-1.61962,-6.90403,51.44416,5.01011,5.13425,18.78772,22.51208
4611.31440,-1.66416,-6.91807,51.33886,4.93559,5.15639,18.76072,22.48616
4611.32440,-1.66416,-6.91807,51.33886,4.93559,5.15639,18.76072,22.48616
4611.33440,-1.63907,-6.91833,51.40286,4.96825,5.13573,18.78739,22.51149
4611.34440,-1.62654,-6.91846,51.43486,4.98459,5.12539,18.80072,22.52416
4611.35440,-1.61171,-6.91633,51.49786,5.02181,5.10535,18.81027,22.56043
4611.36440,-1.66248,-6.92348,51.59398,5.00535,5.12455,18.81072,22.65336
4611.37440,-1.66919,-6.92207,51.58344,5.00087,5.13014,18.80235,22.65009
4611.38440,-1.71139,-6.90652,51.45549,4.96894,5.17204,18.72508,22.58944
4611.39440,-1.70265,-6.91048,51.50086,4.98459,5.15639,18.74072,22.61916
4611.40440,-1.70906,-6.90838,51.49918,4.97829,5.16710,18.73862,22.61517
4611.41440,-1.73318,-6.90048,51.49286,4.95459,5.20739,18.73072,22.60016
4611.42440,-1.72474,-6.90655,51.47606,4.95270,5.19227,18.73492,22.59617
4611.43440,-1.69591,-6.92704,51.42966,4.94559,5.14400,18.75492,22.58515
4611.44440,-1.70712,-6.91819,51.49286,4.94559,5.17639,18.77072,22.60016
4611.45440,-1.70712,-6.91819,51.49286,4.94559,5.17639,18.77072,22.60016
4611.46440,-1.67226,-6.88496,51.48187,5.01657,5.17828,18.73612,22.55090
4611.47440,-1.71740,-6.91499,51.56286,4.94559,5.19739,18.79072,22.62916
4611.48440,-1.71461,-6.91207,51.56133,4.95000,5.19928,18.78892,22.62313
4611.49440,-1.68646,-6.88255,51.54586,4.99459,5.21839,18.77072,22.56216
4611.50440,-1.68755,-6.88329,51.54478,4.99369,5.21740,18.76982,22.56387
4611.51440,-1.69512,-6.89248,51.53134,4.98579,5.20187,18.76252,22.58116
4611.52440,-1.65625,-6.91128,51.50334,4.99912,5.14054,18.78252,22.58116
4611.53440,-1.64030,-6.91899,51.49186,5.00459,5.11539,18.79072,22.58116
4611.54440,-1.66924,-6.89066,51.42082,4.98539,5.18451,18.74272,22.50820
4611.55440,-1.61999,-6.87511,51.39002,5.03163,5.16723,18.74072,22.45044
4611.56440,-1.61789,-6.87451,51.38886,5.03359,5.16639,18.74072,22.44816
4611.57440,-1.61509,-6.86773,51.36074,5.05298,5.15670,18.71163,22.43943
4611.58440,-1.61501,-6.86752,51.35986,5.05359,5.15639,18.71072,22.43916
4611.59440,-1.60633,-6.86674,51.39418,5.06437,5.15419,18.72612,22.44950
4611.60440,-1.58876,-6.86816,51.50094,5.08514,5.15145,18.77566,22.48869
4611.61440,-1.62753,-6.88049,51.45686,5.03359,5.16639,18.76072,22.49616
4611.62440,-1.62740,-6.88919,51.43691,5.03812,5.13829,18.74712,22.51339
4611.63440,-1.61309,-6.86946,51.54896,5.06973,5.17345,18.78436,22.52142
4611.64440,-1.60616,-6.85466,51.61586,5.08259,5.20739,18.81072,22.51516
4611.65440,-1.61931,-6.85334,51.57834,5.06635,5.21915,18.79392,22.49892
4611.66440,-1.62966,-6.85229,51.54886,5.05359,5.22839,18.78072,22.48616
4611.67440,-1.61597,-6.86443,51.53993,5.04547,5.20730,18.80101,22.48616
4611.68440,-1.59668,-6.88153,51.52736,5.03404,5.17758,18.82958,22.48616
4611.69440,-1.62874,-6.88901,51.50650,5.01419,5.17639,18.80163,22.51428
4611.70440,-1.63017,-6.88835,51.50496,5.01539,5.17639,18.79802,22.51516
4611.71440,-1.63163,-6.88430,51.49118,5.02918,5.16901,18.77612,22.51687
4611.72440,-1.60479,-6.93298,51.44386,4.98459,5.09439,18.83072,22.53416
4611.73440,-1.60270,-6.92981,51.44413,4.98810,5.09808,18.82982,22.52813
4611.74440,-1.58156,-6.89779,51.44686,5.02359,5.13539,18.82072,22.46716
4611.75440,-1.57317,-6.88378,51.50173,5.03539,5.16607,18.84432,22.45595
4611.76440,-1.56829,-6.88709,51.56641,5.03769,5.16910,18.87783,22.48179
4611.77440,-1.56893,-6.89613,51.58486,5.03359,5.15639,18.88972,22.50516
4611.78440,-1.57578,-6.90331,51.51465,5.02179,5.13810,18.86081,22.49395
4611.79440,-1.54237,-6.89327,51.55279,5.05253,5.13759,18.88753,22.47515
4611.80440,-1.48374,-6.87017,51.68686,5.11259,5.15639,18.95972,22.45816
4611.81440,-1.48438,-6.89446,51.59072,5.07165,5.12327,18.95512,22.44068
4611.82440,-1.48513,-6.92309,51.47786,5.02359,5.08439,18.94972,22.42016
4611.83440,-1.48322,-6.91424,51.49831,5.03145,5.10052,18.95365,22.41269
4611.84440,-1.45069,-6.91491,51.52342,5.05279,5.08261,18.98272,22.40530
4611.85440,-1.41596,-6.93170,51.51586,5.06359,5.03239,19.00972,22.41016
4611.86440,-1.41596,-6.93170,51.51586,5.06359,5.03239,19.00972,22.41016
4611.87440,-1.41591,-6.90364,51.53488,5.09253,5.07061,18.98972,22.38202
4611.88440,-1.46233,-6.89968,51.56986,5.05359,5.12539,18.98972,22.40116
4611.89440,-1.45428,-6.90044,51.59230,5.06345,5.11825,18.99992,22.41068
4611.90440,-1.43866,-6.90190,51.63586,5.08259,5.10439,19.01972,22.42916
4611.91440,-1.45242,-6.90361,51.62653,5.07687,5.10439,19.00468,22.44059
4611.92440,-1.47751,-6.91372,51.57819,5.05309,5.09578,18.97602,22.45330
4611.93440,-1.45149,-6.93682,51.47786,5.01359,5.06339,18.99972,22.40116
4611.94440,-1.45038,-6.93333,51.47954,5.02619,5.05898,18.98922,22.40515
4611.95440,-1.44351,-6.92042,51.48796,5.07359,5.04239,18.95392,22.41806
4611.96440,-1.43332,-6.92111,51.49586,5.07359,5.04239,18.96972,22.41016
4611.97440,-1.45929,-6.91817,51.50804,5.06519,5.05982,18.95292,22.43011
4611.98440,-1.55686,-6.90713,51.55386,5.03359,5.12539,18.88972,22.50516
4611.99440,-1.55215,-6.90657,51.55386,5.03779,5.12245,18.89112,22.50250
4612.00440,-1.52975,-6.90392,51.55386,5.05779,5.10845,18.89779,22.48983
4612.01440,-1.52776,-6.91113,51.54386,5.04359,5.10439,18.90972,22.48616
4612.02440,-1.52554,-6.90887,51.52752,5.04745,5.10241,18.90091,22.47675
4612.03440,-1.50450,-6.88938,51.39236,5.07908,5.08808,18.83143,22.39377
4612.04440,-1.49669,-6.90053,51.52886,5.04359,5.12539,18.93972,22.42016
4612.05440,-1.49669,-6.90053,51.52886,5.04359,5.12539,18.93972,22.42016
4612.06440,-1.51109,-6.89783,51.51526,5.04359,5.12879,18.91626,22.42662
4612.07440,-1.53906,-6.89260,51.48886,5.04359,5.13539,18.87072,22.43916
4612.08440,-1.54991,-6.88516,51.50939,5.04695,5.15290,18.86399,22.44556
4612.09440,-1.57090,-6.86954,51.52049,5.05359,5.18376,18.83752,22.44562
4612.10440,-1.57019,-6.86755,51.46086,5.05359,5.17639,18.81072,22.42016
4612.11440,-1.63209,-6.86856,51.29791,4.97960,5.21573,18.73580,22.36678
4612.12440,-1.62835,-6.84114,51.40974,5.03123,5.24815,18.74032,22.39004
4612.13440,-1.62802,-6.84000,51.41486,5.03359,5.24939,18.74072,22.39116
4612.14440,-1.60436,-6.83940,51.49934,5.06239,5.23883,18.77912,22.41900
4612.15440,-1.60338,-6.83938,51.50286,5.06359,5.23839,18.78072,22.42016
4612.16440,-1.59004,-6.86817,51.38574,5.04439,5.16927,18.76152,22.41056
4612.17440,-1.65408,-6.85905,51.46450,5.03408,5.21582,18.73221,22.48240
4612.18440,-1.65744,-6.85851,51.46886,5.03359,5.21839,18.73072,22.48616
4612.19440,-1.68874,-6.85404,51.45975,5.02530,5.23496,18.69759,22.50190
4612.20440,-1.68482,-6.83026,51.57323,5.07256,5.26412,18.70732,22.52923
4612.21440,-1.68270,-6.82559,51.59686,5.08259,5.26939,18.71072,22.53416
4612.22440,-1.70351,-6.79960,51.64144,5.09682,5.32299,18.69222,22.52942
4612.23440,-1.72655,-6.77083,51.69086,5.11259,5.38239,18.67172,22.52416
4612.24440,-1.72439,-6.77503,51.65660,5.10553,5.37298,18.66558,22.51250
4612.25440,-1.70456,-6.81117,51.37686,5.04571,5.29464,18.62020,22.41631
4612.26440,-1.70165,-6.80765,51.45486,5.05359,5.31039,18.65172,22.43916
4612.27440,-1.69843,-6.79807,51.49431,5.09076,5.30281,18.63655,22.46419
4612.28440,-1.69716,-6.78809,51.52555,5.11035,5.31207,18.63287,22.47026
4612.29440,-1.70071,-6.79315,51.49586,5.07359,5.33139,18.65172,22.43916
4612.30440,-1.72157,-6.79345,51.47285,5.04999,5.34968,18.63992,22.43326
4612.31440,-1.70338,-6.81855,51.37249,5.03359,5.28923,18.63172,22.41795
4612.32440,-1.68058,-6.83591,51.31386,5.03359,5.23839,18.63172,22.41016
4612.33440,-1.67418,-6.81052,51.43455,5.09686,5.25655,18.63172,22.44941
4612.34440,-1.66966,-6.79264,51.51986,5.14159,5.26939,18.63172,22.47716
4612.35440,-1.68373,-6.79508,51.45617,5.11111,5.28151,18.61609,22.44746
4612.36440,-1.70480,-6.80550,51.34982,5.05825,5.28941,18.59492,22.40724
4612.37440,-1.69696,-6.86098,51.29086,5.01359,5.19739,18.62172,22.45816
4612.38440,-1.67361,-6.86036,51.39942,5.03199,5.20199,18.68106,22.48438
4612.39440,-1.64633,-6.85964,51.52686,5.05359,5.20739,18.75072,22.51516
4612.40440,-1.63723,-6.87361,51.52302,5.04906,5.17958,18.76429,22.53008
4612.41440,-1.61702,-6.90467,51.51447,5.03901,5.11777,18.79444,22.56325
4612.42440,-1.59645,-6.91607,51.54986,5.05359,5.08439,18.82072,22.59116
4612.43440,-1.62687,-6.92146,51.64886,5.04039,5.10485,18.84349,22.66013
4612.44440,-1.68864,-6.92588,51.80861,5.01689,5.14969,18.86695,22.77508
4612.45440,-1.68941,-6.91273,51.72486,5.02359,5.15639,18.82072,22.72416
4612.46440,-1.69482,-6.90843,51.67536,5.02093,5.15905,18.79411,22.70127
4612.47440,-1.70979,-6.89653,51.53886,5.01359,5.16639,18.72072,22.63816
4612.48440,-1.72423,-6.90052,51.54516,4.99721,5.17500,18.72282,22.65013
4612.49440,-1.76406,-6.90639,51.57196,4.95420,5.21002,18.73072,22.67702
4612.50440,-1.71802,-6.87730,51.58186,5.01359,5.21839,18.73072,22.61916
4612.51440,-1.71802,-6.87730,51.58186,5.01359,5.21839,18.73072,22.61916
4612.52440,-1.69000,-6.90796,51.61304,4.98710,5.18167,18.80496,22.63931
4612.53440,-1.71265,-6.87934,51.80686,5.03359,5.23839,18.82072,22.71416
4612.54440,-1.71265,-6.87934,51.80686,5.03359,5.23839,18.82072,22.71416
4612.55440,-1.68796,-6.89263,51.80786,5.02359,5.21839,18.86072,22.70516
4612.56440,-1.69375,-6.90042,51.78528,5.01499,5.20484,18.85198,22.71346
4612.57440,-1.72014,-6.93589,51.68263,4.97592,5.14325,18.81224,22.75121
4612.58440,-1.74198,-6.93289,51.49386,4.98459,5.10439,18.69072,22.71416
4612.59440,-1.74038,-6.93288,51.49971,4.98108,5.10907,18.69882,22.71074
4612.60440,-1.71776,-6.93506,51.55155,4.94728,5.14811,18.78339,22.67277
4612.61440,-1.65129,-6.95843,51.47686,4.96459,5.06339,18.81072,22.63816
4612.62440,-1.65680,-6.95717,51.49320,4.96756,5.06646,18.80874,22.65044
4612.63440,-1.70680,-6.94569,51.64186,4.99459,5.09439,18.79072,22.76216
4612.64440,-1.70894,-6.94668,51.63598,4.98844,5.09716,18.79161,22.75877
4612.65440,-1.72926,-6.95765,51.57999,4.92612,5.12373,18.80394,22.72620
4612.66440,-1.70980,-6.96832,51.63167,4.93283,5.10292,18.84421,22.75170
4612.67440,-1.70183,-6.97268,51.65286,4.93559,5.09439,18.86072,22.76216
4612.68440,-1.72294,-6.96232,51.72656,4.96371,5.10409,18.84133,22.81743
4612.69440,-1.77066,-6.96954,51.72790,4.93674,5.11496,18.81191,22.86430
4612.70440,-1.77261,-6.96985,51.72786,4.93559,5.11539,18.81072,22.86616
4612.71440,-1.73601,-6.95755,51.77682,4.96343,5.12499,18.84912,22.83928
4612.72440,-1.73448,-6.95704,51.77886,4.96459,5.12539,18.85072,22.83816
4612.73440,-1.78220,-7.01363,51.59358,4.88011,5.04571,18.79312,22.87464
4612.74440,-1.78554,-6.97608,51.73519,4.89501,5.14324,18.83920,22.85774
4612.75440,-1.78558,-6.97484,51.73986,4.89559,5.14639,18.84072,22.85716
4612.76440,-1.76553,-7.01585,51.67205,4.87245,5.06343,18.85668,22.87950
4612.77440,-1.77038,-7.01677,51.67041,4.86187,5.07161,18.86072,22.87621
4612.78440,-1.78152,-7.00612,51.68786,4.85659,5.10439,18.86072,22.86616
4612.79440,-1.78170,-7.00795,51.69029,4.85569,5.10160,18.86252,22.87048
4612.80440,-1.78352,-7.02649,51.71486,4.84659,5.07339,18.88072,22.91416
4612.81440,-1.77987,-7.02521,51.70874,4.84740,5.07429,18.88145,22.90559
4612.82440,-1.74500,-7.01270,51.64162,4.85276,5.08439,18.88688,22.81759
4612.83440,-1.80267,-7.02961,51.65786,4.81759,5.08439,18.86072,22.89516
4612.84440,-1.80775,-7.02520,51.67948,4.82547,5.09066,18.85668,22.90668
4612.85440,-1.81055,-7.00851,51.73819,4.86289,5.10237,18.84282,22.93011
4612.86440,-1.74551,-7.01114,51.63786,4.88659,5.05339,18.85072,22.84716
4612.87440,-1.75943,-7.00859,51.64924,4.88279,5.06515,18.84313,22.85816
4612.88440,-1.78221,-7.00442,51.66786,4.87659,5.08439,18.83072,22.87616
4612.89440,-1.77001,-7.01361,51.63617,4.86602,5.06802,18.84128,22.86085
4612.90440,-1.75791,-7.00642,51.67586,4.86325,5.09473,18.87672,22.84116
4612.91440,-1.75731,-6.99873,51.70986,4.86659,5.11539,18.88972,22.83816
4612.92440,-1.79103,-6.98637,51.67257,4.88738,5.11539,18.81155,22.85824
4612.93440,-1.77993,-6.99997,51.64737,4.88653,5.08059,18.81410,22.86616
4612.94440,-1.75312,-7.02024,51.63586,4.87659,5.04239,18.85072,22.86616
4612.95440,-1.77386,-7.01631,51.61596,4.86389,5.06017,18.82955,22.86235
4612.96440,-1.80214,-7.01094,51.58886,4.84659,5.08439,18.80072,22.85716
4612.97440,-1.79881,-6.96926,51.65612,4.89320,5.14516,18.78892,22.82884
4612.98440,-1.82660,-6.94630,51.67723,4.91367,5.18084,18.74496,22.83777
4612.99440,-1.84702,-6.95033,51.65986,4.90559,5.17639,18.72072,22.85716
4613.00440,-1.83871,-6.95239,51.64786,4.90144,5.17354,18.72929,22.84359
4613.01440,-1.78534,-6.96943,51.55700,4.87199,5.14673,18.78072,22.75756
4613.02440,-1.78134,-6.97493,51.53486,4.86659,5.13539,18.78072,22.75216
4613.03440,-1.79969,-6.96846,51.60156,4.88453,5.14505,18.77152,22.80046
4613.04440,-1.82117,-6.96088,51.67986,4.90559,5.15639,18.76072,22.85716
4613.05440,-1.81958,-6.96421,51.62650,4.89225,5.15179,18.75152,22.83094
4613.06440,-1.78545,-6.95796,51.56014,4.90400,5.14128,18.75001,22.76485
4613.07440,-1.74828,-6.94622,51.55586,4.93559,5.13539,18.76072,22.72416
4613.08440,-1.76823,-6.94709,51.56751,4.92332,5.14797,18.75459,22.74164
4613.09440,-1.81156,-6.94898,51.59285,4.89665,5.17530,18.74125,22.77964
4613.10440,-1.79109,-6.97210,51.56516,4.89889,5.11539,18.75072,22.80016
4613.11440,-1.78568,-6.95954,51.57284,4.91539,5.12879,18.74419,22.78448
4613.12440,-1.78080,-6.93858,51.57486,4.93559,5.15639,18.73072,22.75216
4613.13440,-1.78245,-6.94256,51.54874,4.92694,5.15092,18.72543,22.74545
4613.14440,-1.78744,-6.95466,51.46960,4.90074,5.13435,18.70938,22.72513
4613.15440,-1.79082,-6.96012,51.62486,4.87659,5.17639,18.80072,22.77116
4613.16440,-1.79352,-6.94703,51.59021,4.89717,5.17870,18.76103,22.75331
4613.17440,-1.79668,-6.90531,51.45125,4.96640,5.17647,18.62432,22.68406
4613.18440,-1.77021,-6.93436,51.41886,4.93559,5.13539,18.67172,22.67616
4613.19440,-1.77422,-6.92634,51.45624,4.95008,5.14631,18.66962,22.69023
4613.20440,-1.78927,-6.89629,51.59686,5.00459,5.18739,18.66172,22.74316
4613.21440,-1.78927,-6.89629,51.59686,5.00459,5.18739,18.66172,22.74316
4613.22440,-1.79054,-6.92627,51.45670,4.92926,5.16737,18.67125,22.68881
4613.23440,-1.82586,-6.93927,51.58286,4.92559,5.16639,18.69072,22.80016
4613.24440,-1.82539,-6.93723,51.57796,4.92648,5.16916,18.68814,22.79419
4613.25440,-1.81511,-6.91523,51.53408,4.94189,5.19489,18.66487,22.73243
4613.26440,-1.75208,-6.90229,51.60486,5.01359,5.16639,18.70072,22.72416
4613.27440,-1.74909,-6.90010,51.61596,5.01831,5.16883,18.70466,22.72416
4613.28440,-1.71930,-6.87817,51.72699,5.06556,5.19324,18.74403,22.72416
4613.29440,-1.71425,-6.87445,51.74586,5.07359,5.19739,18.75072,22.72416
4613.30440,-1.71008,-6.87584,51.56833,5.04480,5.18780,18.70274,22.63300
4613.31440,-1.74238,-6.84869,51.43825,5.08066,5.18739,18.56860,22.60160
4613.32440,-1.74408,-6.84727,51.43186,5.08259,5.18739,18.56172,22.60016
4613.33440,-1.70003,-6.78442,51.48082,5.21507,5.20659,18.50412,22.55504
4613.34440,-1.68914,-6.77422,51.39850,5.23998,5.18800,18.45420,22.51631
4613.35440,-1.68886,-6.77399,51.39586,5.24059,5.18739,18.45272,22.51516
4613.36440,-1.68419,-6.74419,51.48026,5.28504,5.22734,18.45272,22.51516
4613.37440,-1.68162,-6.72778,51.52686,5.30959,5.24939,18.45272,22.51516
4613.38440,-1.64789,-6.68849,51.52603,5.40732,5.24028,18.39474,22.48369
4613.39440,-1.65014,-6.64388,51.69022,5.47607,5.30660,18.39916,22.50839
4613.40440,-1.65213,-6.63600,51.72586,5.48659,5.32139,18.40272,22.51516
4613.41440,-1.60953,-6.57057,51.68322,5.56695,5.38043,18.35352,22.38232
4613.42440,-1.57980,-6.56956,51.72687,5.61689,5.34204,18.35929,22.40865
4613.43440,-1.57559,-6.57233,51.73786,5.62359,5.33139,18.36272,22.42016
4613.44440,-1.56137,-6.60976,51.73680,5.56610,5.30372,18.43670,22.43027
4613.45440,-1.54887,-6.64265,51.73586,5.51559,5.27939,18.50172,22.43916
4613.46440,-1.53947,-6.63853,51.59244,5.50210,5.27229,18.45983,22.35822
4613.47440,-1.52553,-6.62773,51.67302,5.52428,5.29140,18.49171,22.36563
4613.48440,-1.52142,-6.62403,51.72986,5.53559,5.30039,18.51172,22.38216
4613.49440,-1.52319,-6.61642,51.71081,5.51307,5.33618,18.52326,22.33829
4613.50440,-1.49084,-6.63701,51.68133,5.48247,5.31392,18.57878,22.30616
4613.51440,-1.45297,-6.66647,51.66386,5.46659,5.25939,18.63172,22.30616
4613.52440,-1.44668,-6.65813,51.66034,5.46073,5.28341,18.64344,22.27277
4613.53440,-1.44224,-6.65224,51.65786,5.45659,5.30039,18.65172,22.24916
4613.54440,-1.44224,-6.65224,51.65786,5.45659,5.30039,18.65172,22.24916
4613.55440,-1.45233,-6.73335,51.63522,5.35019,5.21839,18.73552,22.33112
4613.56440,-1.43106,-6.73123,51.65286,5.35859,5.21839,18.76072,22.31516
4613.57440,-1.43106,-6.73123,51.65286,5.35859,5.21839,18.76072,22.31516
4613.58440,-1.39776,-6.72579,51.67142,5.36665,5.22646,18.80106,22.27724
4613.59440,-1.44194,-6.79874,51.56381,5.24575,5.16033,18.81902,22.33871
4613.60440,-1.45265,-6.81399,51.54086,5.22059,5.14639,18.82072,22.35316
4613.61440,-1.42586,-6.78737,51.64386,5.25059,5.19739,18.87072,22.32516
4613.62440,-1.42351,-6.79045,51.63129,5.25059,5.18789,18.86765,22.32516
4613.63440,-1.41839,-6.79714,51.60395,5.25059,5.16722,18.86099,22.32516
4613.64440,-1.40106,-6.80686,51.59986,5.25959,5.13539,18.87072,22.33416
4613.65440,-1.41942,-6.80561,51.61207,5.22395,5.17631,18.89019,22.32162
4613.66440,-1.42921,-6.82410,51.57445,5.14211,5.20875,18.94279,22.28080
4613.67440,-1.37243,-6.86756,51.44586,5.12259,5.10439,18.96972,22.24916
4613.68440,-1.36711,-6.86005,51.53324,5.13925,5.12207,19.00032,22.27160
4613.69440,-1.35682,-6.84555,51.70286,5.17159,5.15639,19.05972,22.31516
4613.70440,-1.35024,-6.85196,51.65651,5.16241,5.14181,19.05501,22.29728
4613.71440,-1.32963,-6.87204,51.51165,5.13373,5.09622,19.04031,22.24140
4613.72440,-1.30391,-6.86177,51.52586,5.16159,5.09439,19.04972,22.22016
4613.73440,-1.30499,-6.86560,51.51504,5.15734,5.08782,19.04760,22.22228
4613.74440,-1.31290,-6.87241,51.51754,5.13741,5.09287,19.05930,22.22796
4613.75440,-1.32670,-6.84609,51.66886,5.12259,5.19739,19.12872,22.22016
4613.76440,-1.32825,-6.85162,51.65138,5.11399,5.18996,19.12726,22.22016
4613.77440,-1.33530,-6.87682,51.57191,5.07492,5.15619,19.12064,22.22016
4613.78440,-1.33625,-6.88569,51.54227,5.06528,5.13989,19.11524,22.22185
4613.79440,-1.32205,-6.90094,51.47573,5.08417,5.07339,19.08202,22.23615
4613.80440,-1.28811,-6.89367,51.48586,5.10259,5.07339,19.10872,22.20116
4613.81440,-1.28811,-6.89367,51.48586,5.10259,5.07339,19.10872,22.20116
4613.82440,-1.24343,-6.89867,51.39337,5.10259,5.04384,19.11825,22.12869
4613.83440,-1.25593,-6.91496,51.40257,5.09162,5.01990,19.11872,22.17234
4613.84440,-1.26801,-6.92816,51.41386,5.08259,5.00139,19.11872,22.21116
4613.85440,-1.33078,-6.92437,51.47839,5.05585,5.04933,19.10120,22.27200
4613.86440,-1.33610,-6.92405,51.48386,5.05359,5.05339,19.09972,22.27716
4613.87440,-1.34139,-6.92596,51.45373,5.04337,5.05339,19.08951,22.26746
4613.88440,-1.31131,-6.91702,51.50486,5.06025,5.06673,19.13239,22.24549
4613.89440,-1.29377,-6.91165,51.54486,5.07359,5.07339,19.15872,22.23916
4613.90440,-1.34273,-6.90372,51.50742,5.06399,5.09355,19.09248,22.25740
4613.91440,-1.30149,-6.92023,51.46041,5.05337,5.05763,19.13006,22.21935
4613.92440,-1.25994,-6.93640,51.41686,5.04359,5.02239,19.16872,22.18216
4613.93440,-1.26232,-6.93608,51.41274,5.04520,5.02070,19.16234,22.18450
4613.94440,-1.28943,-6.93241,51.36586,5.06359,5.00139,19.08972,22.21116
4613.95440,-1.27516,-6.92979,51.37002,5.06359,5.00811,19.10860,22.18972
4613.96440,-1.30984,-6.91578,51.36982,5.05537,5.04787,19.07558,22.19100
4613.97440,-1.32394,-6.91394,51.36786,5.05359,5.05339,19.05972,22.20116
4613.98440,-1.27237,-6.94061,51.37610,5.02065,5.02786,19.15772,22.16987
4613.99440,-1.25917,-6.91540,51.41803,5.05156,5.06202,19.16221,22.14225
4614.00440,-1.25742,-6.89016,51.45086,5.08259,5.09439,19.14872,22.12516
4614.01440,-1.25609,-6.90499,51.29972,5.04111,5.07260,19.12060,22.06541
4614.02440,-1.25552,-6.91129,51.23586,5.02359,5.06339,19.10872,22.04016
4614.03440,-1.26433,-6.91062,51.28134,5.03927,5.05817,19.10402,22.07989
4614.04440,-1.24620,-6.90656,51.38153,5.07292,5.05339,19.13905,22.11616
4614.05440,-1.23314,-6.90483,51.41086,5.08259,5.05339,19.15872,22.11616
4614.06440,-1.24738,-6.89573,51.41154,5.08597,5.07067,19.13874,22.11616
4614.07440,-1.25019,-6.90813,51.39942,5.06980,5.05649,19.14587,22.12726
4614.08440,-1.23238,-6.92962,51.38986,5.05359,5.02239,19.17872,22.13516
4614.09440,-1.27255,-6.93167,51.35328,5.02999,5.03419,19.13742,22.15168
4614.10440,-1.30051,-6.93310,51.32786,5.01359,5.04239,19.10872,22.16316
4614.11440,-1.28270,-6.91929,51.34874,5.03679,5.05438,19.11645,22.14112
4614.12440,-1.25057,-6.90071,51.38177,5.07175,5.06778,19.13516,22.10708
4614.13440,-1.21194,-6.93327,51.38086,5.05359,5.01239,19.19872,22.11616
4614.14440,-1.21377,-6.91251,51.39886,5.07325,5.04306,19.18539,22.09716
4614.15440,-1.24361,-6.88323,51.46075,5.07820,5.11637,19.17417,22.09200
4614.16440,-1.28518,-6.90259,51.50186,5.02359,5.13539,19.19872,22.14416
4614.17440,-1.22921,-6.89182,51.47259,5.09285,5.08468,19.18223,22.11283
4614.18440,-1.14931,-6.87644,51.43086,5.19159,5.01239,19.15872,22.06816
4614.19440,-1.17816,-6.88792,51.39437,5.15233,5.01853,19.14645,22.07705
4614.20440,-1.24101,-6.91293,51.31503,5.06700,5.03186,19.11979,22.09639
4614.21440,-1.18644,-6.87605,51.48186,5.14159,5.07339,19.18872,22.07816
4614.22440,-1.20021,-6.87486,51.43381,5.12363,5.08448,19.16760,22.05810
4614.23440,-1.24015,-6.87156,51.31292,5.07717,5.11438,19.10964,22.01172
4614.24440,-1.25386,-6.87164,51.44186,5.11259,5.10439,19.11872,22.10616
4614.25440,-1.25757,-6.87333,51.42959,5.11051,5.10023,19.11061,22.10824
4614.26440,-1.27173,-6.87975,51.38286,5.10259,5.08439,19.07972,22.11616
4614.27440,-1.28221,-6.87777,51.37774,5.10094,5.08951,19.06652,22.12078
4614.28440,-1.31400,-6.87174,51.36224,5.09594,5.10501,19.02652,22.13478
4614.29440,-1.40892,-6.86165,51.38886,5.08259,5.14639,18.93972,22.22016
4614.30440,-1.41190,-6.86098,51.38340,5.07440,5.15500,18.94182,22.21218
4614.31440,-1.42095,-6.87137,51.32632,5.03540,5.15925,18.94342,22.18825
4614.32440,-1.41274,-6.92008,51.18886,5.00459,5.05339,18.91972,22.21116
4614.33440,-1.41274,-6.92008,51.18886,5.00459,5.05339,18.91972,22.21116
4614.34440,-1.40808,-6.89714,51.38886,5.01359,5.13539,19.00972,22.23016
4614.35440,-1.40930,-6.90707,51.37458,4.99987,5.12391,19.01532,22.23548
4614.36440,-1.41510,-6.95445,51.30658,4.93453,5.06925,19.04199,22.26081
4614.37440,-1.43594,-6.96049,51.35686,4.90559,5.09439,19.06972,22.28716
4614.38440,-1.43145,-6.96156,51.36070,4.90639,5.09191,19.07604,22.28636
4614.39440,-1.38370,-6.97324,51.40950,4.91559,5.06587,19.14632,22.28172
4614.40440,-1.42793,-6.96520,51.46286,4.91559,5.09439,19.11872,22.33416
4614.41440,-1.42388,-6.96514,51.47908,4.92352,5.08976,19.12318,22.34263
4614.42440,-1.38266,-6.96449,51.64486,5.00459,5.04239,19.16872,22.42916
4614.43440,-1.38266,-6.96449,51.64486,5.00459,5.04239,19.16872,22.42916
4614.44440,-1.37943,-6.99772,51.49603,4.92922,5.01377,19.17826,22.37478
4614.45440,-1.37447,-6.98708,51.63862,4.97263,5.02199,19.20752,22.43648
4614.46440,-1.37427,-6.98657,51.64486,4.97459,5.02239,19.20872,22.43916
4614.47440,-1.41504,-6.96754,51.62566,4.98419,5.05215,19.14152,22.44780
4614.48440,-1.37640,-6.98807,51.52214,4.95579,5.01403,19.16752,22.38480
4614.49440,-1.37472,-6.98896,51.51786,4.95459,5.01239,19.16872,22.38216
4614.50440,-1.36227,-6.99433,51.54090,4.97379,4.98551,19.17512,22.40648
4614.51440,-1.35528,-6.99735,51.55386,4.98459,4.97039,19.17872,22.42016
4614.52440,-1.37958,-7.00932,51.44015,4.93562,4.97039,19.14552,22.38862
4614.53440,-1.36932,-7.00083,51.58697,4.95764,4.99587,19.20446,22.42900
4614.54440,-1.36602,-6.99846,51.62386,4.96459,5.00139,19.21872,22.43916
4614.55440,-1.35641,-6.99364,51.61888,4.94882,5.02712,19.24362,22.39932
4614.56440,-1.33615,-6.99602,51.57138,4.92069,5.04069,19.27362,22.33638
4614.57440,-1.33240,-6.99671,51.56186,4.91559,5.04239,19.27872,22.32516
4614.58440,-1.33905,-6.98209,51.64436,4.95528,5.05176,19.26980,22.36752
4614.59440,-1.34730,-6.96398,51.74686,5.00459,5.06339,19.25872,22.42016
4614.60440,-1.31682,-6.98152,51.57859,4.99039,5.00517,19.23032,22.35271
4614.61440,-1.30709,-6.98070,51.54191,4.99635,4.99397,19.21872,22.33287
4614.62440,-1.31098,-6.96941,51.58705,5.01292,5.01168,19.21872,22.34373
4614.63440,-1.31113,-6.96896,51.58886,5.01359,5.01239,19.21872,22.34416
4614.64440,-1.32064,-6.98774,51.51377,4.96701,5.00194,19.21872,22.32610
4614.65440,-1.30646,-6.99283,51.55786,4.98459,4.98139,19.23872,22.35316
4614.66440,-1.30715,-6.98936,51.55616,4.98378,4.98972,19.23791,22.34476
4614.67440,-1.31498,-6.94989,51.53686,4.97459,5.08439,19.22872,22.24916
4614.68440,-1.28205,-6.95477,51.60514,5.01214,5.04912,19.26248,22.28140
4614.69440,-1.23846,-6.96393,51.63716,5.05081,4.99595,19.29085,22.29955
4614.70440,-1.25058,-6.96536,51.54186,5.02359,5.00139,19.25872,22.25816
4614.71440,-1.25329,-6.95144,51.54869,5.02814,5.02963,19.25417,22.23675
4614.72440,-1.25455,-6.93611,51.50459,5.01586,5.06794,19.24417,22.17661
4614.73440,-1.25217,-6.93768,51.44186,4.99459,5.07339,19.23872,22.13516
4614.74440,-1.25200,-6.92157,51.51345,5.01606,5.10234,19.25117,22.14388
4614.75440,-1.25164,-6.88742,51.66577,5.06176,5.16393,19.27766,22.16242
4614.76440,-1.24015,-6.90151,51.71212,5.06029,5.14263,19.31469,22.19451
4614.77440,-1.23307,-6.93734,51.76486,5.02725,5.10473,19.38105,22.25183
4614.78440,-1.26543,-6.94644,51.70686,4.97459,5.12539,19.36772,22.23916
4614.79440,-1.26780,-6.94345,51.69860,4.97975,5.12539,19.35585,22.23761
4614.80440,-1.27519,-6.93411,51.67280,4.99588,5.12539,19.31875,22.23277
4614.81440,-1.29433,-6.96536,51.50586,4.96459,5.05339,19.24872,22.23916
4614.82440,-1.29233,-6.96029,51.52291,4.97082,5.06192,19.25288,22.23729
4614.83440,-1.28472,-6.94103,51.58786,4.99459,5.09439,19.26872,22.23016
4614.84440,-1.28472,-6.94103,51.58786,4.99459,5.09439,19.26872,22.23016
4614.85440,-1.24480,-6.97665,51.52956,4.97467,5.02239,19.30872,22.22378
4614.86440,-1.25375,-6.99090,51.45196,4.92747,5.02239,19.30872,22.19338
4614.87440,-1.25263,-6.98783,51.45251,4.93174,5.02516,19.30605,22.18958
4614.88440,-1.23592,-6.95358,51.49770,4.99132,5.05168,19.28762,22.16708
4614.89440,-1.21762,-6.98594,51.58586,4.95459,5.03239,19.38772,22.21116
4614.90440,-1.21709,-6.98553,51.58114,4.95539,5.03159,19.38532,22.20884
4614.91440,-1.21103,-6.98088,51.52686,4.96459,5.02239,19.35772,22.18216
4614.92440,-1.21345,-6.98052,51.52842,4.96405,5.02406,19.35611,22.18420
4614.93440,-1.24372,-6.97595,51.54788,4.95734,5.04486,19.33598,22.20970
4614.94440,-1.18082,-6.98806,51.56429,4.99205,4.98596,19.38391,22.20237
4614.95440,-1.17571,-6.98900,51.56486,4.99459,4.98139,19.38772,22.20116
4614.96440,-1.14745,-6.97765,51.47171,5.02215,4.96143,19.34970,22.13843
4614.97440,-1.20028,-6.97176,51.36616,4.98654,4.98984,19.27267,22.11711
4614.98440,-1.20314,-6.97148,51.36086,4.98459,4.99139,19.26872,22.11616
4614.99440,-1.20265,-6.96575,51.40530,5.00397,4.99357,19.27090,22.13685
4615.00440,-1.20376,-6.94592,51.56318,5.06519,5.00790,19.28292,22.20717
4615.01440,-1.21453,-6.94852,51.55686,5.03359,5.03239,19.29872,22.19216
4615.02440,-1.20815,-6.94491,51.55747,5.03763,5.03664,19.30256,22.18064
4615.03440,-1.18296,-6.93065,51.55986,5.05359,5.05339,19.31772,22.13516
4615.04440,-1.19824,-6.93171,51.55122,5.04018,5.06271,19.30886,22.13948
4615.05440,-1.23126,-6.94299,51.50031,5.00699,5.06043,19.27872,22.15416
4615.06440,-1.22118,-6.94707,51.48886,5.01359,5.04239,19.27872,22.15416
4615.07440,-1.22065,-6.91870,51.55092,5.04350,5.08875,19.27872,22.13995
4615.08440,-1.23120,-6.91150,51.59895,5.05359,5.10439,19.27872,22.16225
4615.09440,-1.23702,-6.95432,51.50975,4.99040,5.05327,19.29292,22.17316
4615.10440,-1.25970,-6.96533,51.50963,4.97162,5.04716,19.28466,22.20620
4615.11440,-1.26901,-6.96274,51.52686,4.97459,5.05339,19.27872,22.22016
4615.12440,-1.31740,-6.97321,51.47029,4.93287,5.06046,19.23630,22.24067
4615.13440,-1.33992,-6.96192,51.51360,4.92979,5.09747,19.23292,22.25342
4615.14440,-1.34264,-6.94457,51.58786,4.94559,5.13539,19.24872,22.25816
4615.15440,-1.33653,-6.94579,51.53431,4.96804,5.09970,19.20842,22.25816
4615.16440,-1.35688,-6.93976,51.57044,4.98459,5.10386,19.18458,22.29741
4615.17440,-1.37441,-6.93486,51.62386,4.98459,5.12539,19.18872,22.32516
4615.18440,-1.37716,-6.92851,51.63589,4.98931,5.13743,19.18636,22.32280
4615.19440,-1.38604,-6.90794,51.67486,5.00459,5.17639,19.17872,22.31516
4615.20440,-1.37943,-6.90969,51.64818,4.99999,5.17179,19.17872,22.29768
4615.21440,-1.37198,-6.93458,51.56856,4.98079,5.11901,19.16952,22.29924
4615.22440,-1.37236,-6.96145,51.51186,4.96459,5.06339,19.15872,22.32516
4615.23440,-1.36076,-6.94819,51.47269,4.98690,5.06339,19.13185,22.29055
4615.24440,-1.34941,-6.92846,51.48031,5.00504,5.09129,19.13077,22.25321
4615.25440,-1.35252,-6.92377,51.54686,4.99459,5.12539,19.16872,22.25816
4615.26440,-1.37219,-6.93047,51.57722,4.98079,5.12999,19.17332,22.29312
4615.27440,-1.39526,-6.93833,51.61286,4.96459,5.13539,19.17872,22.33416
4615.28440,-1.37454,-6.92579,51.62792,5.01262,5.11870,19.16244,22.33416
4615.29440,-1.36190,-6.91583,51.61915,5.04076,5.11138,19.14525,22.32174
4615.30440,-1.39806,-6.93296,51.55586,4.95459,5.14639,19.15872,22.29616
4615.31440,-1.40127,-6.92806,51.54992,4.95459,5.15629,19.15212,22.28692
4615.32440,-1.38529,-6.92646,51.51521,4.95459,5.15310,19.15490,22.25263
4615.33440,-1.33113,-6.93829,51.48368,4.97040,5.10439,19.18872,22.22016
4615.34440,-1.32054,-6.92210,51.54935,5.01194,5.11231,19.19061,22.23449
4615.35440,-1.33463,-6.90994,51.64478,5.03423,5.13631,19.19632,22.27792
4615.36440,-1.34053,-6.90484,51.68486,5.04359,5.14639,19.19872,22.29616
4615.37440,-1.33622,-6.90536,51.60044,5.03784,5.13433,19.17001,22.25826
4615.38440,-1.32016,-6.92683,51.54368,4.99927,5.11318,19.20107,22.23016
4615.39440,-1.31092,-6.94199,51.54786,4.97459,5.10439,19.23872,22.23016
4615.40440,-1.28283,-6.94105,51.49022,5.01606,5.05378,19.20357,22.21680
4615.41440,-1.27094,-6.94065,51.46586,5.03359,5.03239,19.18872,22.21116
4615.42440,-1.26792,-6.90738,51.51647,5.08209,5.06895,19.16763,22.19780
4615.43440,-1.27145,-6.90844,51.46226,5.06129,5.07669,19.15872,22.16556
4615.44440,-1.27351,-6.91492,51.42986,5.04359,5.07339,19.15872,22.15416
4615.45440,-1.28341,-6.88061,51.54304,5.07803,5.13877,19.16575,22.16049
4615.46440,-1.24749,-6.85759,51.48948,5.11672,5.14145,19.14458,22.08672
4615.47440,-1.23773,-6.85550,51.46486,5.12259,5.13539,19.13872,22.06816
4615.48440,-1.26360,-6.88080,51.40486,5.07359,5.11539,19.12872,22.08716
4615.49440,-1.26360,-6.88080,51.40486,5.07359,5.11539,19.12872,22.08716
4615.50440,-1.23843,-6.82795,51.65780,5.17552,5.18335,19.17591,22.12303
4615.51440,-1.21408,-6.84655,51.46886,5.12259,5.15639,19.16872,22.02116
4615.52440,-1.21420,-6.84849,51.46248,5.11863,5.15470,19.16953,22.01962
4615.53440,-1.21636,-6.87080,51.39556,5.07706,5.13263,19.17694,22.00893
4615.54440,-1.22495,-6.87270,51.45386,5.11259,5.10439,19.15872,22.07816
4615.55440,-1.22286,-6.87176,51.45989,5.11365,5.10663,19.16299,22.07661
4615.56440,-1.19670,-6.86010,51.53522,5.12699,5.13463,19.21632,22.05728
4615.57440,-1.18574,-6.85521,51.56686,5.13259,5.14639,19.23872,22.04916
4615.58440,-1.17813,-6.85193,51.42388,5.14122,5.11665,19.17155,21.99446
4615.59440,-1.20805,-6.86744,51.45530,5.10415,5.12499,19.18792,22.03824
4615.60440,-1.20931,-6.86809,51.45686,5.10259,5.12539,19.18872,22.04016
4615.61440,-1.21211,-6.85694,51.49848,5.10259,5.15885,19.20504,22.03200
4615.62440,-1.22829,-6.89270,51.38858,5.06143,5.09751,19.17512,22.05452
4615.63440,-1.23127,-6.90001,51.36586,5.05359,5.08439,19.16872,22.05916
4615.64440,-1.25123,-6.84551,51.46733,5.11097,5.17006,19.13545,22.05084
4615.65440,-1.25526,-6.83451,51.48786,5.12259,5.18739,19.12872,22.04916
4615.66440,-1.16664,-6.86250,51.49373,5.14690,5.10104,19.21256,22.03323
4615.67440,-1.16304,-6.86344,51.55052,5.15674,5.10037,19.23387,22.05953
4615.68440,-1.17568,-6.85926,51.60286,5.16159,5.11539,19.23872,22.08716
4615.69440,-1.23124,-6.86758,51.59359,5.14091,5.11539,19.18882,22.14847
4615.70440,-1.21364,-6.86206,51.51199,5.15492,5.09764,19.15727,22.10216
4615.71440,-1.18372,-6.85542,51.45386,5.17159,5.08439,19.14872,22.04916
4615.72440,-1.21257,-6.86289,51.45327,5.14874,5.09025,19.13700,22.07728
4615.73440,-1.23297,-6.86818,51.45286,5.13259,5.09439,19.12872,22.09716
4615.74440,-1.22896,-6.88068,51.41840,5.10962,5.08233,19.14021,22.08625
4615.75440,-1.25150,-6.87728,51.38762,5.08603,5.10746,19.12251,22.07161
4615.76440,-1.26494,-6.87061,51.38486,5.08259,5.12539,19.10872,22.06816
4615.77440,-1.25750,-6.84232,51.45657,5.13868,5.14740,19.09523,22.07526
4615.78440,-1.29028,-6.86017,51.42693,5.11260,5.12728,19.06842,22.11863
4615.79440,-1.30493,-6.87220,51.40286,5.09259,5.11539,19.05972,22.13516
4615.80440,-1.30804,-6.85935,51.40318,5.10839,5.12862,19.04037,22.12581
4615.81440,-1.31459,-6.83237,51.40386,5.14159,5.15639,18.99972,22.10616
4615.82440,-1.30526,-6.82959,51.42474,5.15203,5.15639,19.01016,22.10616
4615.83440,-1.31856,-6.83053,51.43341,5.14120,5.16685,19.00927,22.11609
4615.84440,-1.33850,-6.83370,51.42386,5.12259,5.17639,18.99972,22.12516
4615.85440,-1.33206,-6.82981,51.40634,5.13369,5.17055,18.98804,22.11406
4615.86440,-1.31217,-6.83048,51.34282,5.14159,5.14841,18.97392,22.07890
4615.87440,-1.30107,-6.83298,51.30586,5.14159,5.13539,18.96972,22.05916
4615.88440,-1.30107,-6.83298,51.30586,5.14159,5.13539,18.96972,22.05916
4615.89440,-1.30725,-6.86264,51.34486,5.09259,5.12539,19.02972,22.09716
4615.90440,-1.32001,-6.85943,51.30852,5.08799,5.12999,19.00212,22.08842
4615.91440,-1.33439,-6.83840,51.34976,5.11166,5.16189,18.98076,22.09546
4615.92440,-1.33331,-6.80891,51.49386,5.16159,5.20739,18.99972,22.12516
4615.93440,-1.31311,-6.82398,51.46449,5.14872,5.18033,19.02282,22.11262
4615.94440,-1.28363,-6.86136,51.41311,5.11599,5.11846,19.06642,22.11224
4615.95440,-1.30719,-6.87502,51.42986,5.10259,5.10439,19.05972,22.16316
4615.96440,-1.31883,-6.86460,51.43118,5.10259,5.12815,19.04652,22.15392
4615.97440,-1.34245,-6.84345,51.43386,5.10259,5.17639,19.01972,22.13516
4615.98440,-1.33612,-6.84183,51.44610,5.12265,5.16245,19.01292,22.14808
4615.99440,-1.33863,-6.83211,51.50016,5.16159,5.15626,18.99635,22.18595
4616.00440,-1.36772,-6.81921,51.55986,5.16159,5.19739,18.98972,22.21116
4616.01440,-1.35908,-6.82959,51.54416,5.14855,5.18382,19.00569,22.20610
4616.02440,-1.33298,-6.86156,51.48664,5.10860,5.14005,19.04972,22.18827
4616.03440,-1.31314,-6.89078,51.36186,5.07359,5.08439,19.04972,22.15416
4616.04440,-1.31169,-6.87994,51.39756,5.08787,5.10161,19.05392,22.15416
4616.05440,-1.30628,-6.83929,51.53186,5.14159,5.16639,19.06972,22.15416
4616.06440,-1.31147,-6.84812,51.51146,5.12785,5.15609,19.06770,22.15982
4616.07440,-1.32946,-6.87956,51.41069,5.07754,5.11539,19.04932,22.16844
4616.08440,-1.31976,-6.86611,51.33386,5.09259,5.11539,19.00972,22.11616
4616.09440,-1.31976,-6.86611,51.33386,5.09259,5.11539,19.00972,22.11616
4616.10440,-1.32105,-6.86378,51.35726,5.08404,5.13384,19.02772,22.11166
4616.11440,-1.32659,-6.86467,51.42366,5.08664,5.14244,19.04972,22.14486
4616.12440,-1.33141,-6.86923,51.46986,5.10259,5.12539,19.04972,22.19216
4616.13440,-1.30969,-6.86777,51.45321,5.10709,5.12089,19.06322,22.16201
4616.14440,-1.28312,-6.86597,51.43286,5.11259,5.11539,19.07972,22.12516
4616.15440,-1.28546,-6.85444,51.43781,5.12564,5.12934,19.06622,22.11661
4616.16440,-1.24652,-6.83256,51.48007,5.18245,5.13036,19.07558,22.09168
4616.17440,-1.20755,-6.82530,51.51386,5.22059,5.11539,19.09972,22.07816
4616.18440,-1.27867,-6.84462,51.42364,5.13036,5.14393,19.06289,22.08645
4616.19440,-1.28402,-6.84805,51.41386,5.12198,5.14264,19.06033,22.08892
4616.20440,-1.27108,-6.87268,51.38859,5.11605,5.08800,19.06972,22.11482
4616.21440,-1.26258,-6.83814,51.46386,5.16159,5.13539,19.06972,22.09716
4616.22440,-1.25813,-6.83914,51.45265,5.16070,5.13178,19.07060,22.08957
4616.23440,-1.21204,-6.85077,51.34019,5.14939,5.09439,19.08362,22.01280
4616.24440,-1.21058,-6.86894,51.38777,5.11793,5.09439,19.13926,22.03618
4616.25440,-1.21033,-6.87203,51.39586,5.11259,5.09439,19.14872,22.04016
4616.26440,-1.26092,-6.85330,51.42247,5.14015,5.11435,19.07363,22.09434
4616.27440,-1.26356,-6.85232,51.42386,5.14159,5.11539,19.06972,22.09716
4616.28440,-1.21719,-6.86599,51.38774,5.12353,5.09543,19.12580,22.04298
4616.29440,-1.24555,-6.83033,51.60246,5.15964,5.18274,19.15722,22.10286
4616.30440,-1.24716,-6.82842,51.61386,5.16159,5.18739,19.15872,22.10616
4616.31440,-1.27961,-6.84649,51.55230,5.11675,5.17903,19.13592,22.12060
4616.32440,-1.24191,-6.86702,51.53125,5.12672,5.11846,19.16090,22.12516
4616.33440,-1.23026,-6.87061,51.53086,5.13259,5.10439,19.16872,22.12516
4616.34440,-1.28965,-6.88742,51.47110,5.09939,5.08779,19.10315,22.18077
4616.35440,-1.30183,-6.89086,51.45886,5.09259,5.08439,19.08972,22.19216
4616.36440,-1.31230,-6.90790,51.38781,5.04013,5.08439,19.09636,22.16693
4616.37440,-1.27567,-6.90552,51.45586,5.06625,5.07706,19.14572,22.16683
4616.38440,-1.25477,-6.90002,51.50786,5.09259,5.07339,19.16872,22.17316
4616.39440,-1.26298,-6.90256,51.36586,5.04408,5.08816,19.14060,22.09302
4616.40440,-1.29435,-6.89441,51.34758,5.03773,5.10924,19.10114,22.09946
4616.41440,-1.30589,-6.89060,51.36486,5.04359,5.11539,19.08972,22.11616
4616.42440,-1.25284,-6.88334,51.45432,5.09968,5.09338,19.13871,22.12255
4616.43440,-1.23122,-6.88038,51.49086,5.12259,5.08439,19.15872,22.12516
4616.44440,-1.22013,-6.87888,51.50948,5.12966,5.08439,19.17361,22.12181
4616.45440,-1.20431,-6.87674,51.53607,5.13977,5.08439,19.19489,22.11702
4616.46440,-1.23297,-6.86427,51.53258,5.14159,5.11007,19.15731,22.12361
4616.47440,-1.23951,-6.86177,51.53086,5.14159,5.11539,19.14872,22.12516
4616.48440,-1.21525,-6.87398,51.41858,5.10083,5.10624,19.16535,22.04615
4616.49440,-1.19043,-6.91059,51.34587,5.08315,5.02705,19.17815,22.05751
4616.50440,-1.18923,-6.91265,51.34286,5.08259,5.02239,19.17872,22.05916
4616.51440,-1.18604,-6.87596,51.48086,5.15159,5.06339,19.17872,22.08716
4616.52440,-1.18554,-6.88003,51.46959,5.14522,5.05833,19.18035,22.08569
4616.53440,-1.16755,-6.88549,51.53399,5.15330,5.05068,19.22412,22.10589
4616.54440,-1.15686,-6.87480,51.61886,5.18159,5.06339,19.24872,22.12516
4616.55440,-1.17933,-6.87360,51.58898,5.14987,5.09189,19.23953,22.10769
4616.56440,-1.18001,-6.87609,51.55234,5.13497,5.09391,19.23631,22.08716
4616.57440,-1.13783,-6.88246,51.54986,5.17159,5.04239,19.24872,22.08716
4616.58440,-1.14993,-6.88777,51.52421,5.14504,5.05184,19.24872,22.07861
4616.59440,-1.16474,-6.89428,51.49286,5.11259,5.06339,19.24872,22.06816
4616.60440,-1.15077,-6.89141,51.45776,5.12159,5.05394,19.23972,22.04251
4616.61440,-1.13009,-6.87721,51.49991,5.15464,5.06129,19.25122,22.03276
4616.62440,-1.12574,-6.86421,51.60386,5.18159,5.08439,19.27872,22.05916
4616.63440,-1.14007,-6.85729,51.55705,5.17253,5.09980,19.24852,22.03621
4616.64440,-1.17203,-6.84186,51.45302,5.15239,5.13402,19.18140,21.98520
4616.65440,-1.12071,-6.86895,51.50686,5.14159,5.09439,19.27872,21.99216
4616.66440,-1.13343,-6.86101,51.55273,5.15149,5.11155,19.27542,22.01427
4616.67440,-1.15919,-6.84494,51.64586,5.17159,5.14639,19.26872,22.05916
4616.68440,-1.14337,-6.85828,51.59207,5.16829,5.10877,19.26542,22.04959
4616.69440,-1.13380,-6.88614,51.51256,5.14542,5.05285,19.26202,22.05227
4616.70440,-1.17973,-6.88757,51.57286,5.11259,5.09439,19.26872,22.09716
4616.71440,-1.17973,-6.88757,51.57286,5.11259,5.09439,19.26872,22.09716
4616.72440,-1.18489,-6.87089,51.56314,5.13253,5.11025,19.23804,22.08233
4616.73440,-1.20519,-6.87963,51.46770,5.10585,5.09822,19.19546,22.06816
4616.74440,-1.22382,-6.88715,51.44732,5.08084,5.10223,19.18872,22.07553
4616.75440,-1.26857,-6.86609,51.54486,5.07359,5.17639,19.18872,22.10616
4616.76440,-1.26857,-6.86609,51.54486,5.07359,5.17639,19.18872,22.10616
4616.77440,-1.23435,-6.89134,51.31830,5.09499,5.05311,19.10124,22.06896
4616.78440,-1.26684,-6.84009,51.49586,5.12259,5.17639,19.11872,22.07816
4616.79440,-1.26559,-6.84171,51.48529,5.12044,5.17275,19.11736,22.07473
4616.80440,-1.25242,-6.86453,51.34430,5.08911,5.12450,19.09794,22.03274
4616.81440,-1.28329,-6.88115,51.30786,5.05359,5.11539,19.07972,22.05916
4616.82440,-1.28329,-6.88115,51.30786,5.05359,5.11539,19.07972,22.05916
4616.83440,-1.27899,-6.86623,51.41616,5.11914,5.10494,19.07022,22.12186
4616.84440,-1.27876,-6.86545,51.42186,5.12259,5.10439,19.06972,22.12516
4616.85440,-1.30253,-6.86265,51.41426,5.11079,5.12099,19.04972,22.13276
4616.86440,-1.38411,-6.84485,51.39704,5.08586,5.18262,18.96972,22.15884
4616.87440,-1.33803,-6.82244,51.44186,5.16159,5.16639,18.96972,22.14416
4616.88440,-1.38027,-6.82689,51.45400,5.11202,5.20837,18.97478,22.15883
4616.89440,-1.41346,-6.83272,51.39422,5.09363,5.20164,18.92580,22.17316
4616.90440,-1.41105,-6.83316,51.37286,5.10259,5.18739,18.90972,22.17316
4616.91440,-1.43786,-6.84177,51.26849,5.06232,5.18739,18.86945,22.14933
4616.92440,-1.44369,-6.84364,51.24586,5.05359,5.18739,18.86072,22.14416
4616.93440,-1.45079,-6.83728,51.33108,5.07690,5.19543,18.86876,22.18998
4616.94440,-1.53184,-6.84030,51.41553,5.03442,5.24801,18.85439,22.27871
4616.95440,-1.54966,-6.84133,51.42986,5.02359,5.25939,18.85072,22.29616
4616.96440,-1.51947,-6.84128,51.36335,5.05602,5.21377,18.82324,22.27033
4616.97440,-1.53282,-6.84239,51.32951,5.05730,5.20323,18.79040,22.27858
4616.98440,-1.56855,-6.84346,51.34886,5.03359,5.22839,18.78072,22.30616
4616.99440,-1.54027,-6.84676,51.38260,5.06171,5.19957,18.80181,22.31952
4617.00440,-1.52833,-6.84816,51.39686,5.07359,5.18739,18.81072,22.32516
4617.01440,-1.56014,-6.87360,51.40325,5.00330,5.20159,18.84622,22.35214
4617.02440,-1.56926,-6.85405,51.45507,5.03012,5.22919,18.83260,22.36316
4617.03440,-1.56763,-6.84141,51.47586,5.05359,5.23839,18.82072,22.36316
4617.04440,-1.55013,-6.83744,51.43106,5.05825,5.23373,18.81605,22.32303
4617.05440,-1.52183,-6.84755,51.36557,5.05724,5.19887,18.82024,22.28922
4617.06440,-1.50403,-6.87908,51.33486,5.04359,5.13539,18.84072,22.31516
4617.07440,-1.52958,-6.86125,51.46246,5.04939,5.19513,18.86392,22.35402
4617.08440,-1.54801,-6.84840,51.55486,5.05359,5.23839,18.88072,22.38216
4617.09440,-1.53184,-6.84656,51.47598,5.05359,5.22679,18.86332,22.33228
4617.10440,-1.54269,-6.86014,51.43916,5.03619,5.20621,18.85072,22.34604
4617.11440,-1.55904,-6.87093,51.45386,5.02359,5.19739,18.85072,22.38216
4617.12440,-1.54875,-6.86283,51.47667,5.04640,5.19739,18.85072,22.38216
4617.13440,-1.53094,-6.84633,51.51718,5.08513,5.20400,18.85199,22.37606
4617.14440,-1.52053,-6.82115,51.54686,5.10259,5.24939,18.86072,22.33416
4617.15440,-1.50840,-6.82932,51.57386,5.08954,5.24939,18.90077,22.33416
4617.16440,-1.49359,-6.83929,51.60686,5.07359,5.24939,18.94972,22.33416
4617.17440,-1.50018,-6.84853,51.56022,5.06373,5.22903,18.93001,22.33744
4617.18440,-1.51439,-6.86497,51.46510,5.04599,5.19067,18.88660,22.34184
4617.19440,-1.52244,-6.83628,51.46786,5.07359,5.22839,18.85072,22.31516
4617.20440,-1.52136,-6.83880,51.45994,5.06959,5.22511,18.85232,22.31292
4617.21440,-1.50883,-6.86858,51.37231,5.02268,5.18739,18.87336,22.28889
4617.22440,-1.50782,-6.87566,51.40686,5.01359,5.18739,18.89972,22.30616
4617.23440,-1.50363,-6.87319,51.40906,5.01959,5.18739,18.89972,22.30236
4617.24440,-1.48687,-6.86332,51.41786,5.04359,5.18739,18.89972,22.28716
4617.25440,-1.49797,-6.86524,51.41786,5.03472,5.19194,18.89540,22.29580
4617.26440,-1.52264,-6.86759,51.41786,5.01396,5.20739,18.88686,22.30964
4617.27440,-1.49529,-6.85889,51.41786,5.03359,5.20739,18.89972,22.27716
4617.28440,-1.49175,-6.85895,51.40154,5.03359,5.20399,18.89632,22.26764
4617.29440,-1.48488,-6.85908,51.36986,5.03359,5.19739,18.88972,22.24916
4617.30440,-1.48300,-6.86340,51.36578,5.03699,5.18345,18.88666,22.25868
4617.31440,-1.47369,-6.87618,51.36236,5.03683,5.15414,18.89626,22.27513
4617.32440,-1.45713,-6.88910,51.37561,5.01696,5.14752,18.94195,22.26917
4617.33440,-1.44005,-6.88818,51.38164,5.03018,5.13757,18.95182,22.26207
4617.34440,-1.38679,-6.88054,51.38170,5.08431,5.10067,18.96092,22.23580
4617.35440,-1.38861,-6.89999,51.31427,5.04488,5.08296,18.96663,22.21980
4617.36440,-1.38960,-6.91052,51.27786,5.02359,5.07339,18.96972,22.21116
4617.37440,-1.35778,-6.91599,51.36770,5.06985,5.03250,19.00324,22.26211
4617.38440,-1.33873,-6.91347,51.42446,5.09659,5.02259,19.02572,22.27956
4617.39440,-1.32920,-6.89589,51.47415,5.11080,5.05786,19.04615,22.25934
4617.40440,-1.34863,-6.91052,51.47086,5.10259,5.03239,19.02972,22.30616
4617.41440,-1.34821,-6.90989,51.47422,5.10537,5.03168,19.02901,22.30816
4617.42440,-1.34566,-6.90407,51.51795,5.13553,5.02328,19.02239,22.33674
4617.43440,-1.37511,-6.92753,51.51886,5.07359,5.03239,19.04972,22.36316
4617.44440,-1.37450,-6.92589,51.51417,5.07492,5.03386,19.04692,22.35847
4617.45440,-1.36533,-6.90375,51.44918,5.09259,5.05339,19.00972,22.29348
4617.46440,-1.35023,-6.90041,51.41093,5.09259,5.05339,19.00972,22.25523
4617.47440,-1.34108,-6.93646,51.31239,5.03912,5.00627,19.02785,22.23916
4617.48440,-1.42658,-6.91943,51.46053,5.05258,5.06026,18.98225,22.36544
4617.49440,-1.43113,-6.91832,51.46886,5.05359,5.06339,18.97972,22.37216
4617.50440,-1.43858,-6.93327,51.34536,5.04409,5.01494,18.92272,22.36361
4617.51440,-1.45755,-6.93266,51.46678,5.04359,5.04061,18.95734,22.42524
4617.52440,-1.45872,-6.93257,51.47486,5.04359,5.04239,18.95972,22.42916
4617.53440,-1.43460,-6.92681,51.41345,5.02439,5.06254,18.97891,22.34759
4617.54440,-1.43359,-6.92656,51.41086,5.02359,5.06339,18.97972,22.34416
4617.55440,-1.42432,-6.91326,51.48299,5.08352,5.04765,18.96448,22.38733
4617.56440,-1.43449,-6.90761,51.49044,5.10717,5.03823,18.93222,22.41283
4617.57440,-1.44818,-6.91277,51.44586,5.08259,5.04239,18.91972,22.40116
4617.58440,-1.46374,-6.89693,51.41482,5.08736,5.06723,18.88199,22.37823
4617.59440,-1.47996,-6.88041,51.38248,5.09234,5.09310,18.84269,22.35435
4617.60440,-1.45785,-6.92048,51.38686,5.07359,5.02239,18.88972,22.40116
4617.61440,-1.44516,-6.88828,51.47733,5.13833,5.04812,18.88225,22.40863
4617.62440,-1.44257,-6.88170,51.49586,5.15159,5.05339,18.88072,22.41016
4617.63440,-1.47181,-6.88849,51.52297,5.11894,5.07608,18.89123,22.43672
4617.64440,-1.49774,-6.89889,51.51771,5.09259,5.07789,18.88428,22.46295
4617.65440,-1.49981,-6.90322,51.49386,5.09259,5.06339,18.87072,22.46716
4617.66440,-1.48939,-6.90090,51.46726,5.09959,5.05639,18.86372,22.44756
4617.67440,-1.48886,-6.89454,51.49475,5.13016,5.04562,18.84658,22.47239
4617.68440,-1.49049,-6.89231,51.51086,5.14159,5.04239,18.84072,22.48616
4617.69440,-1.49051,-6.90351,51.57192,5.11366,5.05707,18.89705,22.50415
4617.70440,-1.49054,-6.91594,51.63986,5.08259,5.07339,18.95972,22.52416
4617.71440,-1.48485,-6.91948,51.56096,5.08638,5.04608,18.92596,22.50254
4617.72440,-1.54007,-6.90764,51.39775,5.07243,5.05463,18.79836,22.47233
4617.73440,-1.60049,-6.89113,51.36586,5.05359,5.10439,18.73072,22.47716
4617.74440,-1.59064,-6.91338,51.35313,5.03045,5.07489,18.75964,22.48815
4617.75440,-1.59713,-6.93478,51.34156,5.01934,5.03554,18.75769,22.52898
4617.76440,-1.60720,-6.93859,51.33986,5.02359,5.02239,18.74072,22.55316
4617.77440,-1.62222,-6.94870,51.42976,5.01257,5.02819,18.77552,22.61348
4617.78440,-1.63306,-6.95600,51.49486,5.00459,5.03239,18.80072,22.65716
4617.79440,-1.64353,-6.97024,51.60970,4.96457,5.06255,18.88134,22.70124
4617.80440,-1.65134,-6.98195,51.73337,4.93559,5.08900,18.95813,22.75065
4617.81440,-1.65163,-6.98363,51.78086,4.93559,5.09439,18.97972,22.77116
4617.82440,-1.64974,-6.99012,51.78591,4.91722,5.09899,19.00268,22.76703
4617.83440,-1.64917,-7.00159,51.76796,4.89320,5.09351,19.01910,22.76216
4617.84440,-1.65268,-7.00972,51.71711,4.88811,5.07034,18.99650,22.76216
4617.85440,-1.63231,-7.01028,51.67504,4.89522,5.05385,18.99427,22.73171
4617.86440,-1.60658,-7.00803,51.64286,4.90559,5.04239,18.99972,22.69516
4617.87440,-1.62491,-7.01757,51.59381,4.88354,5.03339,18.97722,22.69966
4617.88440,-1.66264,-7.02653,51.62250,4.86113,5.04103,18.96790,22.75243
4617.89440,-1.68091,-7.02326,51.72886,4.86659,5.06339,18.98972,22.80916
4617.90440,-1.68734,-7.00257,51.75612,4.88433,5.09785,18.97686,22.79707
4617.91440,-1.70161,-6.95667,51.81669,4.92376,5.17442,18.94829,22.77022
4617.92440,-1.69135,-6.95148,51.75156,4.92859,5.16869,18.92572,22.72856
4617.93440,-1.68510,-6.95515,51.71586,4.92559,5.15639,18.91972,22.71416
4617.94440,-1.67823,-6.94391,51.62788,4.94219,5.14809,18.87075,22.66685
4617.95440,-1.67682,-6.94160,51.60986,4.94559,5.14639,18.86072,22.65716
4617.96440,-1.70954,-6.93929,51.49717,4.90120,5.17396,18.81421,22.60780
4617.97440,-1.73686,-6.87768,51.54586,4.96459,5.25939,18.74072,22.58116
4617.98440,-1.73686,-6.87768,51.54586,4.96459,5.25939,18.74072,22.58116
4617.99440,-1.71192,-6.90770,51.50979,4.93767,5.21134,18.78072,22.58006
4618.00440,-1.69483,-6.93061,51.48286,4.94559,5.14639,18.78072,22.61016
4618.01440,-1.69483,-6.93061,51.48286,4.94559,5.14639,18.78072,22.61016
4618.02440,-1.69755,-6.96987,51.57886,4.88659,5.13539,18.88072,22.67616
4618.03440,-1.69682,-6.96859,51.58586,4.88793,5.13829,18.88348,22.67616
4618.04440,-1.68451,-6.95489,51.67628,4.90250,5.17235,18.92526,22.67616
4618.05440,-1.65347,-6.98988,51.65786,4.86659,5.12539,18.98972,22.67616
4618.06440,-1.65600,-6.98739,51.63371,4.86570,5.12726,18.97644,22.66431
4618.07440,-1.68047,-6.96220,51.39209,4.85659,5.14639,18.84493,22.54417
4618.08440,-1.66151,-6.96783,51.45742,4.85659,5.14639,18.89760,22.55684
4618.09440,-1.65356,-6.97019,51.48486,4.85659,5.14639,18.91972,22.56216
4618.10440,-1.58670,-6.98751,51.57516,4.89327,5.08808,19.00437,22.58944
4618.11440,-1.58248,-6.98861,51.58086,4.89559,5.08439,19.00972,22.59116
4618.12440,-1.55520,-7.01672,51.51246,4.87355,5.02967,19.03252,22.57672
4618.13440,-1.51887,-7.04044,51.48925,4.86659,4.97860,19.07190,22.57216
4618.14440,-1.51215,-7.04405,51.48886,4.86659,4.97039,19.07972,22.57216
4618.15440,-1.48977,-7.06518,51.42993,4.84169,4.93636,19.10379,22.54809
4618.16440,-1.46970,-7.05106,51.58793,4.87727,4.96276,19.16568,22.58222
4618.17440,-1.46617,-7.04686,51.62686,4.88659,4.97039,19.17872,22.59116
4618.18440,-1.47867,-7.05435,51.67666,4.85339,4.99612,19.22022,22.60693
4618.19440,-1.48122,-7.05588,51.68686,4.84659,5.00139,19.22872,22.61016
4618.20440,-1.45564,-7.05842,51.70840,4.88717,4.95915,19.22872,22.63335
4618.21440,-1.45530,-7.05553,51.67219,4.89559,4.95039,19.20382,22.62239
4618.22440,-1.45632,-7.05483,51.66386,4.89559,4.95039,19.19872,22.61916
4618.23440,-1.49015,-7.03679,51.73789,4.88314,5.01788,19.20527,22.63161
4618.24440,-1.51364,-7.07155,51.70126,4.85559,4.95959,19.18772,22.69836
4618.25440,-1.51610,-7.09055,51.66886,4.84659,4.91939,19.17872,22.72416
4618.26440,-1.55399,-7.06802,51.70596,4.83959,4.98449,19.15772,22.72416
4618.27440,-1.57022,-7.05838,51.72186,4.83659,5.01239,19.14872,22.72416
4618.28440,-1.54303,-7.07229,51.72448,4.83659,4.98132,19.18241,22.72416
4618.29440,-1.50420,-7.09217,51.72822,4.83659,4.93694,19.23054,22.72416
4618.30440,-1.54102,-7.07071,51.60586,4.79759,5.00139,19.16872,22.63816
4618.31440,-1.54116,-7.05688,51.62233,4.80882,5.02460,19.16498,22.62394
4618.32440,-1.54135,-7.03714,51.64586,4.82486,5.05776,19.15963,22.60361
4618.33440,-1.42529,-7.07768,51.45122,4.87328,4.88061,19.15872,22.53861
4618.34440,-1.41687,-7.08086,51.43686,4.87659,4.86739,19.15872,22.53416
4618.35440,-1.40663,-7.03839,51.59179,4.90415,4.96529,19.21575,22.50660
4618.36440,-1.40610,-7.03618,51.59986,4.90559,4.97039,19.21872,22.50516
4618.37440,-1.38647,-7.02425,51.71868,4.91979,5.00601,19.28352,22.50936
4618.38440,-1.37366,-7.02916,51.73086,4.91559,5.00139,19.30872,22.50516
4618.39440,-1.37660,-7.00910,51.67518,4.93821,5.01357,19.25652,22.46688
4618.40440,-1.36438,-7.00315,51.57456,4.94345,5.00242,19.21872,22.40997
4618.41440,-1.34130,-7.01698,51.47786,4.92559,4.97039,19.21872,22.36316
4618.42440,-1.34414,-7.01852,51.47751,4.92204,4.97039,19.21872,22.36635
4618.43440,-1.34932,-7.02133,51.47686,4.91559,4.97039,19.21872,22.37216
4618.44440,-1.34992,-7.01477,51.45387,4.93746,4.95890,19.18535,22.37216
4618.45440,-1.30770,-7.02022,51.42025,4.96561,4.91201,19.19158,22.35106
4618.46440,-1.25464,-7.04057,51.42686,4.95459,4.87839,19.26872,22.32516
4618.47440,-1.27550,-7.02543,51.44126,4.95909,4.91079,19.24622,22.32516
4618.48440,-1.28577,-7.00801,51.45252,4.97667,4.93469,19.22174,22.31942
4618.49440,-1.25194,-7.01038,51.43842,5.00351,4.89979,19.22845,22.30667
4618.50440,-1.23919,-7.01004,51.45200,5.00459,4.90210,19.24892,22.29640
4618.51440,-1.21676,-7.00918,51.47986,5.00459,4.90939,19.28872,22.27716
4618.52440,-1.24299,-7.01634,51.46270,4.98182,4.91269,19.27222,22.29597
4618.53440,-1.29714,-7.03243,51.42943,4.94056,4.91127,19.23348,22.34411
4618.54440,-1.29951,-7.03673,51.43386,4.95459,4.88839,19.21872,22.37216
4618.55440,-1.29872,-7.03442,51.46825,4.95459,4.90017,19.23582,22.37767
4618.56440,-1.30156,-7.03233,51.58646,4.93578,4.94636,19.30680,22.39751
4618.57440,-1.32770,-7.06478,51.46686,4.85659,4.92939,19.29872,22.38216
4618.58440,-1.33181,-7.05299,51.49669,4.87711,4.94117,19.28732,22.39109
4618.59440,-1.34925,-7.00288,51.62386,4.96459,4.99139,19.23872,22.42916
4618.60440,-1.35179,-7.01259,51.58685,4.94629,4.98058,19.23664,22.42334
4618.61440,-1.36043,-7.04902,51.46575,4.87969,4.94164,19.23621,22.40822
4618.62440,-1.35511,-7.04559,51.56522,4.89520,4.95287,19.27364,22.44351
4618.63440,-1.35155,-7.04330,51.63186,4.90559,4.96039,19.29872,22.46716
4618.64440,-1.36043,-7.04334,51.60050,4.89951,4.96039,19.27952,22.46108
4618.65440,-1.36287,-7.04422,51.52381,4.88659,4.95667,19.25360,22.42695
4618.66440,-1.33508,-7.04557,51.50686,4.88659,4.95039,19.27872,22.39116
4618.67440,-1.37793,-7.03649,51.56004,4.89630,4.97136,19.24292,22.44946
4618.68440,-1.41880,-7.02784,51.61086,4.90559,4.99139,19.20872,22.50516
4618.69440,-1.38870,-7.04949,51.51225,4.86113,4.96802,19.24292,22.44018
4618.70440,-1.36008,-7.04183,51.48265,4.88459,4.95621,19.23964,22.40221
4618.71440,-1.35589,-7.02456,51.51486,4.92559,4.96039,19.21872,22.41016
4618.72440,-1.34272,-7.00646,51.42939,4.94187,4.96853,19.17802,22.34097
4618.73440,-1.35069,-6.99805,51.55781,4.97327,4.98089,19.19736,22.40630
4618.74440,-1.35121,-6.99785,51.56486,4.97459,4.98139,19.19872,22.41016
4618.75440,-1.37669,-6.97051,51.44706,4.95559,5.03934,19.13222,22.31991
4618.76440,-1.37804,-6.96906,51.44086,4.95459,5.04239,19.12872,22.31516
4618.77440,-1.33764,-6.98784,51.41988,4.97366,4.97691,19.14779,22.32152
4618.78440,-1.32800,-6.99520,51.48842,4.96281,4.98439,19.20227,22.33895
4618.79440,-1.33309,-6.99392,51.51886,4.95459,5.00139,19.21872,22.34416
4618.80440,-1.36667,-6.99802,51.44680,4.91400,5.01879,19.18559,22.32842
4618.81440,-1.34733,-6.99137,51.38289,4.93879,4.99666,19.15382,22.29362
4618.82440,-1.34193,-6.98983,51.37286,4.94559,4.99139,19.14872,22.28716
4618.83440,-1.31921,-6.98110,51.41480,4.97339,4.99139,19.16757,22.28245
4618.84440,-1.29376,-6.97132,51.46186,5.00459,4.99139,19.18872,22.27716
4618.85440,-1.29198,-6.99023,51.35967,4.97414,4.95939,19.17324,22.25290
4618.86440,-1.29320,-6.97096,51.41856,4.98689,5.00149,19.18672,22.24346
4618.87440,-1.29444,-6.95514,51.48486,5.00459,5.03239,19.19872,22.24916
4618.88440,-1.31272,-6.95263,51.45587,5.00459,5.03239,19.16337,22.25552
4618.89440,-1.32751,-6.96706,51.47723,4.99039,5.01819,19.17002,22.29863
4618.90440,-1.33045,-6.97337,51.49086,4.98459,5.01239,19.17872,22.31516
4618.91440,-1.33428,-6.96857,51.49989,4.99717,5.01239,19.16582,22.32451
4618.92440,-1.34233,-6.95851,51.51886,5.02359,5.01239,19.13872,22.34416
4618.93440,-1.35579,-6.98271,51.44383,4.97240,4.99436,19.13872,22.33834
4618.94440,-1.37181,-6.98112,51.44237,4.97040,4.99968,19.12102,22.35127
4618.95440,-1.37618,-6.96791,51.47886,4.99459,5.01239,19.10872,22.36316
4618.96440,-1.37504,-6.96209,51.44067,5.00029,5.01239,19.08649,22.34150
4618.97440,-1.39013,-6.97305,51.41699,4.97096,5.01239,19.08682,22.34682
4618.98440,-1.40215,-6.98463,51.42086,4.94559,5.01239,19.09972,22.36316
4618.99440,-1.40297,-6.97623,51.43197,4.95870,5.02039,19.09083,22.36205
4619.00440,-1.40952,-6.90912,51.52086,5.06359,5.08439,19.01972,22.35316
4619.01440,-1.40533,-6.91192,51.48974,5.06598,5.06955,19.00775,22.34646
4619.02440,-1.39603,-6.91815,51.42059,5.07130,5.03657,18.98116,22.33156
4619.03440,-1.38280,-6.94772,51.38886,5.04359,4.99139,19.00972,22.34416
4619.04440,-1.39605,-6.92191,51.41306,5.05679,5.04111,18.99212,22.32304
4619.05440,-1.41289,-6.88910,51.44386,5.07359,5.10439,18.96972,22.29616
4619.06440,-1.41289,-6.88910,51.44386,5.07359,5.10439,18.96972,22.29616
4619.07440,-1.44136,-6.94140,51.47230,5.00081,5.06473,19.02194,22.38483
4619.08440,-1.41423,-6.96016,51.53286,5.03359,5.00139,19.04972,22.44816
4619.09440,-1.42973,-6.95395,51.52689,5.02667,5.02120,19.03540,22.44363
4619.10440,-1.48612,-6.94746,51.49004,4.98809,5.06723,18.98972,22.44500
4619.11440,-1.50013,-6.97461,51.45386,4.95459,5.03239,18.98972,22.47716
4619.12440,-1.51897,-6.95023,51.44074,4.96419,5.07527,18.95164,22.44964
4619.13440,-1.55902,-6.89836,51.41286,4.98459,5.16639,18.87072,22.39116
4619.14440,-1.54202,-6.90464,51.43064,4.99396,5.14635,18.88979,22.40053
4619.15440,-1.50997,-6.92948,51.47116,4.99115,5.10109,18.94952,22.42940
4619.16440,-1.51710,-6.95320,51.47786,4.94559,5.09439,18.98972,22.44816
4619.17440,-1.51157,-6.94635,51.48644,4.96275,5.09439,18.98312,22.44618
4619.18440,-1.49484,-6.92558,51.51244,5.01475,5.09439,18.96312,22.44018
4619.19440,-1.50626,-6.92961,51.44586,5.01359,5.07339,18.91972,22.43916
4619.20440,-1.49974,-6.92449,51.46746,5.02939,5.07339,18.92172,22.44296
4619.21440,-1.47371,-6.90404,51.55386,5.09259,5.07339,18.92972,22.45816
4619.22440,-1.47230,-6.90749,51.54180,5.08448,5.07131,18.93388,22.45213
4619.23440,-1.47656,-6.92056,51.48646,5.04379,5.07159,18.94372,22.42736
4619.24440,-1.51501,-6.92012,51.44886,5.00459,5.10439,18.91972,22.42016
4619.25440,-1.51136,-6.91682,51.45264,5.01698,5.10019,18.91342,22.42205
4619.26440,-1.50081,-6.90352,51.46798,5.06470,5.08551,18.88536,22.43240
4619.27440,-1.51587,-6.89927,51.47330,5.07002,5.09083,18.86462,22.44782
4619.28440,-1.52596,-6.89642,51.47686,5.07359,5.09439,18.85072,22.45816
4619.29440,-1.53854,-6.90866,51.48001,5.05109,5.08989,18.85972,22.47931
4619.30440,-1.55393,-6.92361,51.48386,5.02359,5.08439,18.87072,22.50516
4619.31440,-1.58578,-6.88303,51.52590,5.03127,5.17667,18.84464,22.47332
4619.32440,-1.51207,-6.93647,51.37686,5.00459,5.05339,18.88972,22.42916
4619.33440,-1.51209,-6.93393,51.38890,5.00855,5.05751,18.89134,22.43150
4619.34440,-1.51694,-6.90372,51.52433,5.05179,5.10907,18.90531,22.45816
4619.35440,-1.56368,-6.88948,51.50886,5.03359,5.15639,18.86072,22.45816
4619.36440,-1.56368,-6.88948,51.50886,5.03359,5.15639,18.86072,22.45816
4619.37440,-1.50050,-6.88888,51.52863,5.06588,5.12937,18.91279,22.42059
4619.38440,-1.46783,-6.88857,51.53886,5.08259,5.11539,18.93972,22.40116
4619.39440,-1.50524,-6.90087,51.51147,5.05852,5.10626,18.90652,22.44017
4619.40440,-1.52325,-6.90116,51.44214,5.02005,5.13038,18.89134,22.40037
4619.41440,-1.52525,-6.90073,51.42986,5.01359,5.13539,18.88972,22.39116
4619.42440,-1.52187,-6.88719,51.42326,5.03245,5.14577,18.87180,22.37324
4619.43440,-1.48901,-6.90856,51.45912,5.04891,5.08817,18.91107,22.41098
4619.44440,-1.45776,-6.92979,51.49386,5.06359,5.03239,18.94972,22.44816
4619.45440,-1.45874,-6.92807,51.49636,5.06151,5.03884,18.95180,22.44421
4619.46440,-1.46247,-6.92154,51.50586,5.05359,5.06339,18.95972,22.42916
4619.47440,-1.43267,-6.91531,51.51635,5.06165,5.07146,18.99199,22.39124
4619.48440,-1.42420,-6.94272,51.42839,5.00632,5.04766,19.01632,22.35809
4619.49440,-1.42393,-6.94865,51.40986,4.99459,5.04239,19.01972,22.35316
4619.50440,-1.37422,-6.90972,51.42216,5.05937,5.06781,19.01972,22.27526
4619.51440,-1.42311,-6.95569,51.21002,4.97601,5.00615,18.94592,22.28194
4619.52440,-1.43630,-6.96772,51.16286,4.95459,4.99139,18.92972,22.28716
4619.53440,-1.44938,-6.94917,51.16389,4.97523,5.01255,18.89411,22.28200
4619.54440,-1.46164,-6.93179,51.16486,4.99459,5.03239,18.86072,22.27716
4619.55440,-1.47457,-6.93877,51.13756,4.96659,5.03939,18.86072,22.27086
4619.56440,-1.49673,-6.93073,51.25676,4.96859,5.07879,18.88802,22.32136
4619.57440,-1.50383,-6.92602,51.31286,4.97459,5.09439,18.89972,22.34416
4619.58440,-1.49096,-6.92012,51.26806,5.00203,5.07143,18.86668,22.32792
4619.59440,-1.48007,-6.92368,51.19911,4.99342,5.05851,18.85606,22.29113
4619.60440,-1.47935,-6.93152,51.16686,4.96459,5.06339,18.87072,22.26816
4619.61440,-1.46943,-6.91654,51.20163,4.98169,5.08676,18.88155,22.25163
4619.62440,-1.46195,-6.90524,51.22786,4.99459,5.10439,18.88972,22.23916
4619.63440,-1.46245,-6.91265,51.19366,4.99459,5.08102,18.87319,22.24486
4619.64440,-1.46136,-6.90373,51.23588,5.01321,5.09075,18.87554,22.25638
4619.65440,-1.45899,-6.88014,51.34686,5.04359,5.13539,18.89972,22.26816
4619.66440,-1.46366,-6.87899,51.31088,5.04814,5.12628,18.87285,22.26361
4619.67440,-1.48675,-6.88446,51.25377,5.03540,5.11539,18.83163,22.27134
4619.68440,-1.50775,-6.89268,51.23686,5.01359,5.11539,18.82072,22.28716
4619.69440,-1.47924,-6.89150,51.26842,5.02248,5.11539,18.86028,22.27027
4619.70440,-1.44364,-6.89003,51.30786,5.03359,5.11539,18.90972,22.24916
4619.71440,-1.46347,-6.90918,51.22506,5.01604,5.07354,18.86517,22.27031
4619.72440,-1.48785,-6.94167,51.18101,4.97659,5.03139,18.85527,22.31776
4619.73440,-1.48791,-6.95264,51.25086,4.95459,5.04239,18.90972,22.34416
4619.74440,-1.48791,-6.95264,51.25086,4.95459,5.04239,18.90972,22.34416
4619.75440,-1.51137,-6.92103,51.20522,4.97459,5.08447,18.84072,22.30544
4619.76440,-1.51793,-6.93734,51.18818,4.95571,5.06339,18.84392,22.32516
4619.77440,-1.52072,-6.92729,51.23276,4.95373,5.09669,18.86333,22.31902
4619.78440,-1.49509,-6.87513,51.39586,5.03359,5.16639,18.88972,22.30616
4619.79440,-1.50606,-6.87501,51.39619,5.02699,5.17332,18.88345,22.31243
4619.80440,-1.54503,-6.88765,51.36353,4.99137,5.17400,18.85765,22.34052
4619.81440,-1.57949,-6.91423,51.29486,4.94559,5.14639,18.83072,22.37216
4619.82440,-1.57849,-6.90983,51.35829,4.95946,5.15489,18.84743,22.39651
4619.83440,-1.57209,-6.89991,51.49277,4.99459,5.16867,18.88225,22.44727
4619.84440,-1.55157,-6.90593,51.35543,4.99459,5.12800,18.84291,22.38993
4619.85440,-1.56097,-6.91272,51.31826,4.97439,5.12559,18.83472,22.38356
4619.86440,-1.56980,-6.88962,51.45986,5.01359,5.16639,18.85072,22.42916
4619.87440,-1.57561,-6.89250,51.43206,5.00779,5.16019,18.83672,22.42736
4619.88440,-1.59812,-6.90504,51.32304,4.98063,5.13757,18.78666,22.41818
4619.89440,-1.59480,-6.90902,51.33186,4.96459,5.14639,18.81072,22.41016
4619.90440,-1.59596,-6.90745,51.33254,4.96933,5.14533,18.80491,22.41297
4619.91440,-1.60242,-6.89870,51.33630,4.99567,5.13941,18.77266,22.42856
4619.92440,-1.60681,-6.89276,51.33886,5.01359,5.13539,18.75072,22.43916
4619.93440,-1.61046,-6.92041,51.29311,4.97309,5.10464,18.76572,22.44966
4619.94440,-1.55394,-6.91984,51.39986,4.98459,5.11539,18.87072,22.42916
4619.95440,-1.55670,-6.91788,51.39929,4.98529,5.11900,18.86648,22.42852
4619.96440,-1.59364,-6.89140,51.40049,4.99459,5.16964,18.81389,22.42238
4619.97440,-1.60176,-6.88347,51.50086,4.99459,5.20739,18.85072,22.44816
4619.98440,-1.59861,-6.88303,51.49874,4.99734,5.20520,18.85072,22.44547
4619.99440,-1.55726,-6.87729,51.47086,5.03359,5.17639,18.85072,22.41016
4620.00440,-1.55726,-6.87729,51.47086,5.03359,5.17639,18.85072,22.41016
4620.01440,-1.55094,-6.93203,51.40325,4.97870,5.09446,18.88174,22.44834
4620.02440,-1.58911,-6.91339,51.40848,4.97401,5.14220,18.84354,22.44873
4620.03440,-1.59154,-6.91140,51.40986,4.97459,5.14639,18.84072,22.44816
4620.04440,-1.55914,-6.87621,51.48871,5.01164,5.20434,18.87872,22.39401
4620.05440,-1.56468,-6.89289,51.37152,4.98631,5.16883,18.84310,22.37329
4620.06440,-1.56514,-6.89406,51.36386,4.98459,5.16639,18.84072,22.37216
4620.07440,-1.57068,-6.87283,51.45791,5.01214,5.20534,18.85022,22.39021
4620.08440,-1.57097,-6.87172,51.46286,5.01359,5.20739,18.85072,22.39116
4620.09440,-1.50730,-6.91205,51.35150,4.99052,5.11751,18.89765,22.34582
4620.10440,-1.45508,-6.91608,51.41478,5.01038,5.10101,18.96924,22.33416
4620.11440,-1.43679,-6.91283,51.46186,5.02359,5.10439,18.99972,22.33416
4620.12440,-1.41156,-6.87770,51.46425,5.08661,5.12115,18.96781,22.28869
4620.13440,-1.40236,-6.89590,51.52964,5.06241,5.11719,19.03352,22.31652
4620.14440,-1.40175,-6.90184,51.54386,5.05359,5.11539,19.04972,22.32516
4620.15440,-1.39952,-6.90137,51.53064,5.05500,5.11242,19.04477,22.31844
4620.16440,-1.37017,-6.89522,51.35686,5.07359,5.07339,18.97972,22.23016
4620.17440,-1.36996,-6.89642,51.36379,5.07079,5.07486,18.98602,22.23212
4620.18440,-1.37045,-6.91258,51.45250,5.03016,5.09656,19.06762,22.25816
4620.19440,-1.41472,-6.91610,51.40786,4.98459,5.12539,19.03972,22.25816
4620.20440,-1.39971,-6.89995,51.45241,5.03635,5.11884,19.02662,22.27061
4620.21440,-1.41671,-6.91016,51.40586,5.01529,5.10769,19.00572,22.27716
4620.22440,-1.42740,-6.91819,51.37586,4.99459,5.10439,18.99972,22.27716
4620.23440,-1.43230,-6.91158,51.36792,4.99141,5.12090,18.99337,22.26224
4620.24440,-1.44285,-6.89736,51.35086,4.98459,5.15639,18.97972,22.23016
4620.25440,-1.43080,-6.88958,51.48994,5.01822,5.16779,19.02532,22.27861
4620.26440,-1.42462,-6.88225,51.57776,5.04929,5.17069,19.04262,22.31516
4620.27440,-1.42679,-6.88112,51.56486,5.05359,5.16639,19.02972,22.31516
4620.28440,-1.42084,-6.87336,51.47651,5.05929,5.16069,18.98982,22.26671
4620.29440,-1.40118,-6.86315,51.39476,5.08208,5.14469,18.95217,22.21582
4620.30440,-1.37615,-6.85597,51.36986,5.11259,5.12539,18.93972,22.19216
4620.31440,-1.37692,-6.85240,51.40189,5.10907,5.14335,18.95732,22.19216
4620.32440,-1.37834,-6.84584,51.46086,5.10259,5.17639,18.98972,22.19216
4620.33440,-1.37771,-6.86372,51.39598,5.08796,5.13777,18.97472,22.19554
4620.34440,-1.38435,-6.89579,51.36559,5.04086,5.10658,18.99972,22.21843
4620.35440,-1.39354,-6.89839,51.45886,5.01359,5.14639,19.05972,22.23916
4620.36440,-1.42114,-6.88936,51.47068,5.03177,5.15094,19.01427,22.27371
4620.37440,-1.43847,-6.89227,51.47428,5.05359,5.12327,18.97352,22.32390
4620.38440,-1.41997,-6.90840,51.46186,5.05359,5.08439,18.98972,22.33416
4620.39440,-1.40696,-6.89102,51.49602,5.06679,5.11719,19.00794,22.30410
4620.40440,-1.39143,-6.87026,51.53686,5.08259,5.15639,19.02972,22.26816
4620.41440,-1.40706,-6.88203,51.52028,5.07104,5.13804,19.01492,22.29629
4620.42440,-1.44182,-6.90823,51.48344,5.04538,5.09725,18.98202,22.35879
4620.43440,-1.44151,-6.88323,51.57886,5.10259,5.11539,18.96972,22.39116
4620.44440,-1.42337,-6.88877,51.52574,5.09619,5.09875,18.97292,22.35788
4620.45440,-1.42823,-6.90691,51.39347,5.04768,5.08020,18.95386,22.31173
4620.46440,-1.51952,-6.92018,51.35286,4.97459,5.11539,18.89972,22.36316
4620.47440,-1.48118,-6.90692,51.39126,5.01875,5.10867,18.91892,22.34492
4620.48440,-1.39989,-6.87880,51.47286,5.11259,5.09439,18.95972,22.30616
4620.49440,-1.39989,-6.87880,51.47286,5.11259,5.09439,18.95972,22.30616
4620.50440,-1.51824,-6.87170,51.43562,5.06359,5.15203,18.85072,22.36928
4620.51440,-1.52968,-6.85860,51.46486,5.06359,5.18739,18.85072,22.36316
4620.52440,-1.53294,-6.85213,51.48630,5.07607,5.19379,18.84432,22.37212
4620.53440,-1.53987,-6.83840,51.53186,5.10259,5.20739,18.83072,22.39116
4620.54440,-1.54849,-6.84645,51.49565,5.08284,5.20172,18.82341,22.38769
4620.55440,-1.57550,-6.87167,51.38251,5.02112,5.18401,18.80055,22.37683
4620.56440,-1.56870,-6.87573,51.45755,5.02252,5.18836,18.84202,22.40465
4620.57440,-1.55485,-6.87060,51.55086,5.04359,5.19739,18.88072,22.42916
4620.58440,-1.56830,-6.86295,51.46396,5.05163,5.18935,18.81635,22.40663
