time_s,cop_x_cm,cop_y_cm,mass_kg,tr_kg,tl_kg,br_kg,bl_kg
4738.70450,0.80484,-3.40695,54.89586,9.62759,9.61739,18.84072,16.81016
4738.71450,0.75871,-3.40639,54.89486,9.61859,9.62739,18.79072,16.85816
4738.72450,0.75615,-3.40630,54.88355,9.61209,9.63012,18.78812,16.85322
4738.73450,0.73898,-3.40576,54.80786,9.56859,9.64839,18.77072,16.82016
4738.74450,0.74278,-3.40795,54.80357,9.56989,9.64033,18.77202,16.82133
4738.75450,0.76164,-3.42695,54.80112,9.57989,9.58379,18.78462,16.85282
4738.76450,0.71741,-3.45605,54.97686,9.58859,9.56639,18.81072,17.01116
4738.77450,0.71502,-3.45031,54.96945,9.58859,9.57765,18.80386,16.99936
4738.78450,0.69449,-3.42495,54.92730,9.57911,9.63351,18.76552,16.94916
4738.79450,0.65421,-3.50379,54.95986,9.50959,9.52439,18.80072,17.12516
4738.80450,0.65421,-3.50379,54.95986,9.50959,9.52439,18.80072,17.12516
4738.81450,0.66139,-3.44042,55.01786,9.56859,9.63839,18.78072,17.03016
4738.82450,0.66129,-3.44034,55.01749,9.56864,9.63839,18.78035,17.03011
4738.83450,0.65127,-3.43275,54.98025,9.57396,9.63839,18.74311,17.02479
4738.84450,0.62036,-3.43403,54.88786,9.54959,9.62739,18.68072,17.03016
4738.85450,0.62031,-3.43391,54.88874,9.55007,9.62750,18.68063,17.03054
4738.86450,0.61581,-3.42204,54.97686,9.59859,9.63839,18.67172,17.06816
4738.87450,0.61581,-3.42204,54.97686,9.59859,9.63839,18.67172,17.06816
4738.88450,0.60116,-3.43361,54.95857,9.57059,9.63211,18.67172,17.08416
4738.89450,0.60705,-3.43493,54.94986,9.56909,9.62739,18.67622,17.07716
4738.90450,0.62393,-3.42756,54.95486,9.58859,9.62739,18.68072,17.05816
4738.91450,0.57683,-3.40100,54.92326,9.60567,9.66326,18.58764,17.06670
4738.92450,0.57524,-3.41499,55.02052,9.58249,9.68679,18.65872,17.09252
4738.93450,0.57620,-3.41775,55.03586,9.57859,9.68939,18.67172,17.09616
4738.94450,0.57844,-3.40125,54.97866,9.61447,9.67327,18.60932,17.08160
4738.95450,0.58051,-3.38599,54.92586,9.64759,9.65839,18.55172,17.06816
4738.96450,0.57716,-3.41431,54.83436,9.58323,9.62249,18.56485,17.06378
4738.97450,0.57334,-3.44660,54.73038,9.51009,9.58170,18.57978,17.05881
4738.98450,0.53004,-3.46179,54.76386,9.47059,9.59639,18.58172,17.11516
4738.99450,0.59525,-3.48614,54.73341,9.47801,9.51991,18.64113,17.09437
4739.00450,0.60160,-3.54123,54.76288,9.42848,9.44733,18.71382,17.17324
4739.01450,0.59633,-3.55635,54.77586,9.41159,9.43239,18.73072,17.20116
4739.02450,0.59061,-3.57548,54.94911,9.44084,9.41664,18.78322,17.30841
4739.03450,0.58871,-3.58183,55.00686,9.45059,9.41139,18.80072,17.34416
4739.04450,0.61096,-3.58259,55.05886,9.44609,9.43189,18.86022,17.32066
4739.05450,0.59266,-3.57892,55.04796,9.40167,9.48143,18.87577,17.28910
4739.06450,0.53254,-3.57235,54.95486,9.34259,9.52439,18.81072,17.27716
4739.07450,0.58269,-3.56601,55.00022,9.37346,9.52439,18.86679,17.23558
4739.08450,0.57860,-3.56707,54.95113,9.35404,9.52439,18.85581,17.21689
4739.09450,0.55941,-3.56981,54.90786,9.33259,9.52439,18.83072,17.22016
4739.10450,0.61647,-3.56880,54.87681,9.36997,9.47877,18.84973,17.17834
4739.11450,0.64950,-3.56822,54.85886,9.39159,9.45239,18.86072,17.15416
4739.12450,0.63147,-3.58861,54.78326,9.34245,9.42656,18.84812,17.16613
4739.13450,0.65902,-3.60477,54.77729,9.38793,9.34020,18.83442,17.21474
4739.14450,0.68141,-3.60721,54.79986,9.43159,9.29839,18.83072,17.23916
4739.15450,0.65641,-3.60001,54.78789,9.41899,9.32422,18.80552,17.23916
4739.16450,0.59647,-3.60020,54.82118,9.34985,9.40428,18.81592,17.25113
4739.17450,0.56992,-3.60280,54.84486,9.31359,9.44239,18.83072,17.25816
4739.18450,0.56165,-3.60409,54.85396,9.31165,9.44433,18.82685,17.27113
4739.19450,0.52723,-3.60948,54.89186,9.30359,9.45239,18.81072,17.32516
4739.20450,0.52723,-3.60948,54.89186,9.30359,9.45239,18.81072,17.32516
4739.21450,0.50484,-3.56203,54.96083,9.38807,9.50584,18.73313,17.33378
4739.22450,0.50985,-3.55447,54.85286,9.39159,9.48339,18.68072,17.29716
4739.23450,0.50696,-3.55739,54.83492,9.38576,9.47603,18.67371,17.29942
4739.24450,0.47953,-3.57438,54.71886,9.34481,9.43628,18.62061,17.31716
4739.25450,0.43168,-3.53689,54.85486,9.36259,9.55539,18.61172,17.32516
4739.26450,0.43524,-3.53960,54.84838,9.36499,9.54423,18.61052,17.32864
4739.27450,0.46134,-3.55951,54.80086,9.38259,9.46239,18.60172,17.35416
4739.28450,0.46174,-3.55033,54.85710,9.39332,9.49310,18.62022,17.35046
4739.29450,0.44471,-3.55062,54.94810,9.37935,9.53770,18.65905,17.37200
4739.30450,0.41407,-3.57810,54.93986,9.32359,9.52439,18.67172,17.42016
4739.31450,0.40343,-3.56881,54.93031,9.31991,9.54717,18.65703,17.40620
4739.32450,0.38225,-3.55382,54.92094,9.31359,9.58639,18.63172,17.38924
4739.33450,0.38003,-3.56193,54.90934,9.30488,9.57159,18.63172,17.40116
4739.34450,0.39120,-3.57733,54.86924,9.29448,9.53112,18.63586,17.40778
4739.35450,0.42166,-3.57563,54.97786,9.36259,9.50439,18.66172,17.44916
4739.36450,0.41829,-3.57797,54.94344,9.35774,9.49179,18.64475,17.44916
4739.37450,0.39473,-3.58509,54.84394,9.33021,9.46805,18.59172,17.45396
4739.38450,0.35621,-3.58446,54.86786,9.29359,9.51439,18.59172,17.46816
4739.39450,0.35442,-3.57976,54.83416,9.29844,9.50930,18.56748,17.45895
4739.40450,0.34055,-3.56044,54.74940,9.31359,9.51146,18.49172,17.43264
4739.41450,0.31927,-3.54892,54.82156,9.31116,9.56639,18.50384,17.44016
4739.42450,0.32149,-3.55838,54.85111,9.29859,9.56639,18.53422,17.45191
4739.43450,0.29279,-3.56429,54.84886,9.28359,9.56639,18.51172,17.48716
4739.44450,0.29454,-3.56122,54.83461,9.28109,9.57139,18.50922,17.47291
4739.45450,0.28904,-3.56822,54.77577,9.24933,9.56610,18.50420,17.45615
4739.46450,0.25625,-3.61765,54.72686,9.17559,9.50439,18.51172,17.53516
4739.47450,0.27704,-3.62748,54.76977,9.20177,9.46924,18.53354,17.56522
4739.48450,0.34178,-3.65810,54.90386,9.28359,9.35939,18.60172,17.65916
4739.49450,0.34147,-3.65119,54.91109,9.29375,9.36835,18.59483,17.65417
4739.50450,0.34025,-3.62460,54.93891,9.33282,9.40278,18.56834,17.63496
4739.51450,0.24475,-3.59874,54.90986,9.27359,9.51439,18.49172,17.63016
4739.52450,0.24450,-3.59523,54.90338,9.27359,9.52063,18.48812,17.62104
4739.53450,0.24760,-3.56495,54.85515,9.28060,9.56996,18.46065,17.54394
4739.54450,0.28449,-3.53160,54.84986,9.33259,9.59639,18.45272,17.46816
4739.55450,0.28590,-3.53367,54.85041,9.33128,9.59290,18.45608,17.47015
4739.56450,0.29760,-3.55095,54.85498,9.32043,9.56375,18.48408,17.48672
4739.57450,0.30497,-3.56184,54.85786,9.31359,9.54539,18.50172,17.49716
4739.58450,0.29516,-3.56121,54.85346,9.31359,9.54539,18.48707,17.50742
4739.59450,0.28263,-3.57025,54.82041,9.29540,9.53048,18.47263,17.52189
4739.60450,0.29041,-3.58798,54.77586,9.26359,9.50439,18.49172,17.51616
4739.61450,0.29725,-3.56832,54.88477,9.30765,9.54499,18.51152,17.52062
4739.62450,0.30151,-3.52955,54.96433,9.36714,9.60628,18.49776,17.49314
4739.63450,0.29865,-3.50958,54.93086,9.38259,9.62739,18.46172,17.45916
4739.64450,0.27737,-3.52050,54.93520,9.35779,9.62739,18.46172,17.48830
4739.65450,0.26433,-3.52719,54.93786,9.34259,9.62739,18.46172,17.50616
4739.66450,0.29249,-3.54219,55.02029,9.37077,9.59146,18.51104,17.54702
4739.67450,0.30028,-3.51270,54.93350,9.40405,9.59933,18.44366,17.48646
4739.68450,0.29887,-3.50009,54.89086,9.41159,9.60739,18.41272,17.45916
4739.69450,0.31956,-3.52289,54.87346,9.36896,9.58912,18.47275,17.44263
4739.70450,0.28564,-3.54015,54.79343,9.29386,9.59509,18.46432,17.44016
4739.71450,0.28010,-3.54222,54.78186,9.28359,9.59639,18.46172,17.44016
4739.72450,0.32638,-3.51181,54.92019,9.37755,9.62336,18.49652,17.42276
4739.73450,0.33328,-3.50728,54.94086,9.39159,9.62739,18.50172,17.42016
4739.74450,0.29632,-3.49424,54.76630,9.36249,9.62739,18.39544,17.38097
4739.75450,0.29917,-3.47630,54.78290,9.37249,9.66626,18.39747,17.34669
4739.76450,0.30869,-3.47328,54.82886,9.38259,9.67939,18.42272,17.34416
4739.77450,0.29617,-3.50015,54.72652,9.36001,9.60189,18.37757,17.38705
4739.78450,0.32794,-3.52501,54.73519,9.36744,9.53778,18.41470,17.41527
4739.79450,0.34037,-3.53055,54.74986,9.37259,9.52439,18.43272,17.42016
4739.80450,0.32923,-3.54201,54.85502,9.36465,9.54106,18.47994,17.46937
4739.81450,0.31237,-3.55934,55.01486,9.35259,9.56639,18.55172,17.54416
4739.82450,0.35214,-3.58439,54.91541,9.34031,9.48414,18.56400,17.52697
4739.83450,0.34365,-3.55497,54.97178,9.38126,9.53344,18.54091,17.51616
4739.84450,0.32281,-3.52689,55.04586,9.41159,9.59639,18.52172,17.51616
4739.85450,0.31650,-3.52885,55.00986,9.40416,9.58668,18.50286,17.51616
4739.86450,0.30014,-3.53451,54.83829,9.36864,9.54934,18.43062,17.48968
4739.87450,0.31630,-3.53043,54.80986,9.36259,9.55539,18.44272,17.44916
4739.88450,0.35565,-3.55220,54.79566,9.35828,9.50247,18.48962,17.44529
4739.89450,0.40779,-3.58105,54.77686,9.35259,9.43239,18.55172,17.44016
4739.90450,0.39175,-3.61035,54.75817,9.31269,9.39552,18.56182,17.48814
4739.91450,0.34569,-3.63659,54.78525,9.26849,9.38591,18.56152,17.56933
4739.92450,0.31658,-3.63421,54.82886,9.26359,9.41139,18.55172,17.60216
4739.93450,0.31658,-3.63421,54.82886,9.26359,9.41139,18.55172,17.60216
4739.94450,0.33190,-3.60549,54.83163,9.29825,9.44675,18.53786,17.54878
4739.95450,0.36140,-3.58720,54.79127,9.33820,9.43693,18.51474,17.50139
4739.96450,0.36545,-3.58621,54.78386,9.34259,9.43239,18.51172,17.49716
4739.97450,0.30567,-3.56496,54.87386,9.34259,9.51439,18.48172,17.53516
4739.98450,0.30445,-3.56859,54.84859,9.33474,9.50482,18.47520,17.53383
4739.99450,0.29954,-3.58315,54.74753,9.30336,9.46652,18.44914,17.52851
4740.00450,0.36076,-3.63210,54.77586,9.33259,9.32939,18.51172,17.60216
4740.01450,0.36806,-3.63769,54.76311,9.32784,9.31639,18.51922,17.59966
4740.02450,0.39828,-3.66389,54.75336,9.31609,9.26189,18.56422,17.61116
4740.03450,0.42312,-3.69217,54.83886,9.32359,9.21539,18.63172,17.66816
4740.04450,0.41864,-3.67256,54.81917,9.33221,9.24725,18.60738,17.63232
4740.05450,0.40285,-3.60343,54.74986,9.36259,9.35939,18.52172,17.50616
4740.06450,0.40467,-3.59542,54.75162,9.36259,9.37923,18.52492,17.48488
4740.07450,0.41226,-3.56204,54.75895,9.36259,9.46190,18.53825,17.39621
4740.08450,0.36303,-3.51009,54.63977,9.35511,9.55291,18.42287,17.30888
4740.09450,0.35642,-3.48291,54.63086,9.37998,9.59009,18.38514,17.27564
4740.10450,0.43109,-3.39441,54.85012,9.57099,9.68811,18.40015,17.19087
4740.11450,0.41144,-3.40683,54.76386,9.51959,9.67939,18.38272,17.18216
4740.12450,0.41289,-3.40146,54.78594,9.52787,9.69175,18.38752,17.17880
4740.13450,0.42346,-3.36223,54.94786,9.58859,9.78239,18.42272,17.15416
4740.14450,0.42698,-3.35924,54.94842,9.59020,9.78819,18.42586,17.14417
4740.15450,0.45629,-3.33431,54.95312,9.60362,9.83651,18.45204,17.06095
4740.16450,0.40392,-3.22274,55.03386,9.68759,10.05039,18.34272,16.95316
4740.17450,0.40392,-3.22274,55.03386,9.68759,10.05039,18.34272,16.95316
4740.18450,0.43440,-3.20512,54.85986,9.66759,10.05039,18.31272,16.82916
4740.19450,0.42703,-3.15260,54.95392,9.71610,10.16227,18.30282,16.77272
4740.20450,0.42696,-3.15208,54.95486,9.71659,10.16339,18.30272,16.77216
4740.21450,0.41422,-3.12927,55.02386,9.76559,10.19439,18.27272,16.79116
4740.22450,0.41422,-3.12927,55.02386,9.76559,10.19439,18.27272,16.79116
4740.23450,0.42790,-3.15652,54.89846,9.69786,10.15101,18.29388,16.75571
4740.24450,0.43527,-3.18310,54.81847,9.64505,10.11100,18.31525,16.74717
4740.25450,0.40193,-3.19833,55.03686,9.69659,10.10139,18.33272,16.90616
4740.26450,0.39680,-3.20731,54.96680,9.67762,10.07352,18.30949,16.90616
4740.27450,0.39436,-3.23459,54.88365,9.63333,10.02227,18.30835,16.91970
4740.28450,0.39666,-3.23983,54.89486,9.62759,10.01939,18.32272,16.92516
4740.29450,0.36382,-3.23973,54.93861,9.61814,10.04475,18.31278,16.96294
4740.30450,0.33066,-3.23963,54.98286,9.60859,10.07039,18.30272,17.00116
4740.31450,0.32959,-3.23376,54.97434,9.61967,10.07039,18.28596,16.99832
4740.32450,0.33347,-3.22270,54.91969,9.63525,10.06189,18.24755,16.97500
4740.33450,0.34236,-3.22772,54.87486,9.61859,10.05039,18.25272,16.95316
4740.34450,0.35322,-3.21850,54.85895,9.63506,10.05039,18.24192,16.93157
4740.35450,0.37491,-3.24858,54.88654,9.61721,10.00575,18.30130,16.96228
4740.36450,0.38314,-3.27128,54.91086,9.59859,9.97839,18.34272,16.99116
4740.37450,0.37000,-3.24282,54.97195,9.63286,10.03452,18.32285,16.98172
4740.38450,0.35671,-3.21404,55.03386,9.66759,10.09139,18.30272,16.97216
4740.39450,0.31741,-3.20420,55.02274,9.64288,10.13586,18.27184,16.97216
4740.40450,0.28283,-3.17529,54.93329,9.63991,10.17633,18.18556,16.93149
4740.41450,0.27644,-3.16105,54.88186,9.64759,10.18439,18.14372,16.90616
4740.42450,0.26903,-3.15650,54.85160,9.63523,10.19675,18.13137,16.88825
4740.43450,0.27313,-3.14443,54.94500,9.65223,10.24260,18.16685,16.88332
4740.44450,0.27852,-3.13869,55.01486,9.66759,10.26639,18.19372,16.88716
4740.45450,0.26898,-3.13056,54.97780,9.67376,10.26639,18.15666,16.88098
4740.46450,0.26307,-3.12552,54.95486,9.67759,10.26639,18.13372,16.87716
4740.47450,0.26222,-3.13884,54.85979,9.64493,10.23250,18.11719,16.86517
4740.48450,0.26658,-3.16677,54.74105,9.59478,10.17258,18.11277,16.86092
4740.49450,0.29023,-3.20472,54.80986,9.57859,10.12239,18.19372,16.91516
4740.50450,0.29818,-3.23936,54.80086,9.55909,10.05539,18.21872,16.96766
4740.51450,0.30613,-3.27401,54.79186,9.53959,9.98839,18.24372,17.02016
4740.52450,0.28990,-3.30361,54.75523,9.48613,9.95771,18.25807,17.05332
4740.53450,0.28420,-3.35625,54.86736,9.45609,9.90089,18.33772,17.17266
4740.54450,0.29504,-3.37853,55.01686,9.48059,9.87539,18.40272,17.25816
4740.55450,0.27852,-3.39467,54.97132,9.44644,9.85461,18.39282,17.27746
4740.56450,0.28593,-3.42395,54.95286,9.42659,9.79739,18.41272,17.31616
4740.57450,0.31020,-3.43672,54.98086,9.44159,9.76139,18.44272,17.33516
4740.58450,0.28833,-3.42033,55.02491,9.46089,9.79703,18.41797,17.34902
4740.59450,0.26606,-3.40363,55.06986,9.48059,9.83339,18.39272,17.36316
4740.60450,0.26249,-3.42266,54.97384,9.43598,9.79845,18.38420,17.35521
4740.61450,0.25533,-3.46091,54.78179,9.34678,9.72856,18.36715,17.33930
4740.62450,0.35770,-3.44354,54.88186,9.44159,9.71039,18.45272,17.27716
4740.63450,0.33908,-3.44319,54.80362,9.42668,9.69884,18.40429,17.27381
4740.64450,0.32111,-3.47005,54.72422,9.37650,9.65685,18.39145,17.29943
4740.65450,0.34470,-3.51798,54.81586,9.33259,9.61739,18.51172,17.35416
4740.66450,0.34622,-3.51313,54.89874,9.36922,9.62109,18.51912,17.38931
4740.67450,0.34881,-3.50491,55.03986,9.43159,9.62739,18.53172,17.44916
4740.68450,0.34881,-3.50491,55.03986,9.43159,9.62739,18.53172,17.44916
4740.69450,0.34890,-3.49818,54.83556,9.35989,9.64453,18.49974,17.33140
4740.70450,0.37288,-3.47143,54.91043,9.43369,9.66110,18.49439,17.32124
4740.71450,0.38485,-3.45808,54.94786,9.47059,9.66939,18.49172,17.31616
4740.72450,0.37535,-3.42953,54.87600,9.46354,9.72012,18.45015,17.24218
4740.73450,0.39806,-3.43324,54.76199,9.38363,9.75126,18.50080,17.12631
4740.74450,0.39912,-3.43209,54.75060,9.38678,9.74692,18.49320,17.12372
4740.75450,0.40329,-3.42395,54.68986,9.41159,9.72039,18.44272,17.11516
4740.76450,0.41688,-3.42783,54.69456,9.41406,9.71024,18.45980,17.11046
4740.77450,0.46689,-3.44648,54.72050,9.41916,9.66945,18.53111,17.10077
4740.78450,0.49413,-3.46785,54.75686,9.41159,9.63839,18.59172,17.11516
4740.79450,0.49413,-3.46785,54.75686,9.41159,9.63839,18.59172,17.11516
4740.80450,0.42414,-3.46283,54.84901,9.37124,9.72289,18.59053,17.16435
4740.81450,0.46316,-3.42044,55.00586,9.50959,9.74139,18.58172,17.17316
4740.82450,0.46316,-3.42044,55.00586,9.50959,9.74139,18.58172,17.17316
4740.83450,0.42259,-3.39128,55.07012,9.50069,9.84322,18.57183,17.15438
4740.84450,0.42311,-3.38999,55.04038,9.49351,9.84307,18.56452,17.13928
4740.85450,0.44128,-3.38412,54.82765,9.44874,9.82721,18.52384,17.02786
4740.86450,0.52000,-3.39262,54.90586,9.50059,9.78239,18.61172,17.01116
4740.87450,0.51750,-3.39426,54.89327,9.49582,9.77880,18.60688,17.01178
4740.88450,0.49824,-3.40690,54.79647,9.45911,9.75114,18.56965,17.01657
4740.89450,0.49227,-3.42565,54.71394,9.42703,9.70930,18.55198,17.02563
4740.90450,0.55796,-3.49687,54.63762,9.39194,9.54702,18.63093,17.06774
4740.91450,0.58185,-3.52526,54.82604,9.42099,9.51501,18.72876,17.16128
4740.92450,0.58232,-3.52582,54.82986,9.42159,9.51439,18.73072,17.16316
4740.93450,0.55448,-3.50881,54.81534,9.41305,9.55880,18.69656,17.14694
4740.94450,0.57697,-3.47045,55.04844,9.48881,9.65633,18.76892,17.13438
4740.95450,0.57759,-3.46964,55.05386,9.49059,9.65839,18.77072,17.13416
4740.96450,0.56626,-3.44897,55.01162,9.50731,9.67687,18.71792,17.10952
4740.97450,0.56732,-3.45729,54.78586,9.45092,9.63453,18.65982,17.04059
4740.98450,0.56774,-3.45907,54.75086,9.44159,9.62739,18.65172,17.03016
4740.99450,0.57727,-3.46303,54.82568,9.46682,9.61869,18.67695,17.06322
4741.00450,0.57869,-3.46362,54.83686,9.47059,9.61739,18.68072,17.06816
4741.01450,0.61993,-3.46847,54.76881,9.47920,9.57346,18.68933,17.02681
4741.02450,0.58153,-3.46515,54.78506,9.44636,9.61992,18.68194,17.03683
4741.03450,0.57525,-3.46458,54.78886,9.44159,9.62739,18.68072,17.03916
4741.04450,0.57525,-3.46458,54.78886,9.44159,9.62739,18.68072,17.03916
4741.05450,0.61109,-3.42403,54.93338,9.50945,9.70753,18.73252,16.98388
4741.06450,0.61783,-3.42422,54.97186,9.51959,9.71039,18.75072,16.99116
4741.07450,0.61783,-3.42422,54.97186,9.51959,9.71039,18.75072,16.99116
4741.08450,0.65151,-3.45494,54.88886,9.50959,9.61739,18.76072,17.00116
4741.09450,0.65282,-3.45523,54.88460,9.50959,9.61521,18.76019,16.99962
4741.10450,0.67999,-3.47203,54.84343,9.50532,9.56472,18.77766,16.99573
4741.11450,0.69317,-3.51210,54.96286,9.49059,9.52439,18.87072,17.07716
4741.12450,0.63978,-3.50136,54.96286,9.47210,9.56876,18.82143,17.10057
4741.13450,0.63743,-3.48812,54.97092,9.47919,9.59639,18.81552,17.07982
4741.14450,0.65638,-3.48410,54.97586,9.49059,9.59639,18.83072,17.05816
4741.15450,0.67227,-3.46537,55.00232,9.52440,9.61697,18.83072,17.03023
4741.16450,0.68879,-3.44588,55.02986,9.55959,9.63839,18.83072,17.00116
4741.17450,0.67180,-3.48004,54.96812,9.50618,9.58792,18.83072,17.04330
4741.18450,0.63833,-3.50733,54.93306,9.46544,9.55074,18.81092,17.10597
4741.19450,0.62227,-3.49883,54.96286,9.48059,9.56639,18.79072,17.12516
4741.20450,0.60488,-3.50635,54.98636,9.47059,9.56639,18.79072,17.15866
4741.21450,0.58750,-3.51387,55.00986,9.46059,9.56639,18.79072,17.19216
4741.22450,0.57001,-3.53557,54.98659,9.43633,9.53025,18.78082,17.23919
4741.23450,0.51962,-3.56130,54.91881,9.38238,9.49884,18.73607,17.30151
4741.24450,0.48637,-3.56496,54.87386,9.35259,9.50439,18.70072,17.31616
4741.25450,0.48365,-3.56081,54.90195,9.34986,9.52676,18.71436,17.31098
4741.26450,0.50227,-3.55111,54.98304,9.37131,9.55658,18.75799,17.29716
4741.27450,0.54751,-3.55345,54.99386,9.42159,9.50439,18.77072,17.29716
4741.28450,0.53591,-3.55267,54.95834,9.39606,9.51956,18.76332,17.27940
4741.29450,0.51613,-3.55135,54.89786,9.35259,9.54539,18.75072,17.24916
4741.30450,0.53820,-3.55310,54.86493,9.35629,9.52615,18.75812,17.22437
4741.31450,0.56489,-3.54584,54.83513,9.37332,9.51633,18.75962,17.18586
4741.32450,0.54628,-3.52842,54.87986,9.39159,9.55539,18.74072,17.19216
4741.33450,0.56814,-3.51297,54.93225,9.42785,9.57444,18.75904,17.17091
4741.34450,0.58969,-3.49117,54.99685,9.46457,9.61265,18.78284,17.13679
4741.35450,0.54472,-3.50470,54.92458,9.39231,9.62725,18.76094,17.14409
4741.36450,0.56920,-3.51157,54.88350,9.39886,9.58994,18.76436,17.13034
4741.37450,0.61291,-3.52337,54.81286,9.41159,9.52439,18.77072,17.10616
4741.38450,0.61367,-3.51821,54.80620,9.41405,9.53204,18.76579,17.09432
4741.39450,0.61571,-3.50425,54.78820,9.42072,9.55271,18.75245,17.06232
4741.40450,0.65382,-3.48796,54.82686,9.47059,9.55539,18.77072,17.03016
4741.41450,0.65784,-3.48956,54.83279,9.48010,9.54408,18.76934,17.03926
4741.42450,0.67619,-3.50673,54.86261,9.51734,9.47589,18.77072,17.09866
4741.43450,0.65602,-3.52823,54.84086,9.45059,9.48339,18.80072,17.10616
4741.44450,0.65602,-3.52823,54.84086,9.45059,9.48339,18.80072,17.10616
4741.45450,0.65612,-3.53021,54.88879,9.47539,9.47036,18.80072,17.14232
4741.46450,0.65624,-3.53294,54.95486,9.50959,9.45239,18.80072,17.19216
4741.47450,0.69597,-3.48378,54.99086,9.56859,9.52439,18.81072,17.08716
4741.48450,0.68252,-3.48321,54.86886,9.57859,9.47339,18.72072,17.09616
4741.49450,0.68023,-3.47892,54.86950,9.57987,9.48266,18.71686,17.09011
4741.50450,0.66671,-3.45338,54.88058,9.58739,9.54047,18.69792,17.05480
4741.51450,0.68137,-3.47914,54.92986,9.57859,9.50439,18.75072,17.09616
4741.52450,0.68137,-3.47914,54.92986,9.57859,9.50439,18.75072,17.09616
4741.53450,0.67499,-3.48307,54.92325,9.57571,9.49549,18.74210,17.10995
4741.54450,0.65918,-3.49284,54.90686,9.56859,9.47339,18.72072,17.14416
4741.55450,0.69206,-3.49160,54.80687,9.59829,9.41201,18.68112,17.11545
4741.56450,0.71061,-3.51718,54.95486,9.57859,9.42139,18.80072,17.15416
4741.57450,0.71061,-3.51718,54.95486,9.57859,9.42139,18.80072,17.15416
4741.58450,0.67734,-3.50195,54.90040,9.62710,9.39070,18.68191,17.20069
4741.59450,0.69592,-3.49868,54.85531,9.59888,9.41118,18.71042,17.13483
4741.60450,0.69611,-3.49865,54.85486,9.59859,9.41139,18.71072,17.13416
4741.61450,0.68113,-3.43477,54.93000,9.66680,9.52311,18.66228,17.07781
4741.62450,0.68096,-3.43404,54.93086,9.66759,9.52439,18.66172,17.07716
4741.63450,0.66506,-3.45168,54.80480,9.62205,9.48347,18.62212,17.07716
4741.64450,0.66692,-3.44486,54.83628,9.62941,9.50349,18.63333,17.07005
4741.65450,0.66959,-3.44064,54.86186,9.63759,9.51439,18.64172,17.06816
4741.66450,0.63778,-3.41877,54.94016,9.66369,9.56833,18.61562,17.09252
4741.67450,0.63365,-3.40732,54.74915,9.61626,9.57639,18.55952,16.99698
4741.68450,0.63375,-3.40609,54.71886,9.60859,9.57639,18.55172,16.98216
4741.69450,0.64141,-3.41576,54.68314,9.59116,9.55810,18.56043,16.97345
4741.70450,0.64254,-3.41719,54.67786,9.58859,9.55539,18.56172,16.97216
4741.71450,0.60415,-3.39298,54.58054,9.60024,9.56763,18.45157,16.96109
4741.72450,0.59837,-3.37072,54.66423,9.64976,9.60086,18.43777,16.97584
4741.73450,0.61302,-3.36745,54.76786,9.67759,9.61739,18.48172,16.99116
4741.74450,0.58753,-3.33562,54.83065,9.70674,9.68691,18.45257,16.98443
4741.75450,0.56989,-3.31729,54.80034,9.70144,9.72554,18.41999,16.95337
4741.76450,0.56700,-3.31486,54.78386,9.69659,9.73039,18.41272,16.94416
4741.77450,0.56700,-3.31486,54.78386,9.69659,9.73039,18.41272,16.94416
4741.78450,0.56295,-3.33742,54.90886,9.69659,9.72039,18.47172,17.02016
4741.79450,0.54497,-3.31265,54.86854,9.70289,9.75945,18.42195,16.98425
4741.80450,0.52909,-3.33227,54.82195,9.66904,9.72958,18.41181,17.01152
4741.81450,0.52605,-3.35183,54.80886,9.64759,9.69939,18.42272,17.03916
4741.82450,0.51978,-3.35083,54.84466,9.64401,9.71801,18.43668,17.04596
4741.83450,0.50983,-3.34925,54.90147,9.63833,9.74755,18.45884,17.05676
4741.84450,0.48992,-3.35036,54.91786,9.64759,9.74139,18.43272,17.09616
4741.85450,0.48340,-3.33535,54.94286,9.67209,9.76189,18.41272,17.09616
4741.86450,0.47688,-3.32036,54.96786,9.69659,9.78239,18.39272,17.09616
4741.87450,0.45108,-3.33675,54.92466,9.64179,9.78239,18.39272,17.10776
4741.88450,0.40625,-3.34776,54.89635,9.59062,9.79705,18.37261,17.13608
4741.89450,0.39127,-3.31403,54.98686,9.66759,9.83339,18.32272,17.16316
4741.90450,0.40133,-3.31371,54.93035,9.65158,9.83013,18.32272,17.12592
4741.91450,0.42192,-3.31305,54.81501,9.61891,9.82346,18.32272,17.04992
4741.92450,0.40008,-3.33331,54.75086,9.58859,9.78239,18.29272,17.08716
4741.93450,0.39690,-3.33790,54.76302,9.58642,9.77783,18.29706,17.10171
4741.94450,0.38854,-3.34998,54.79502,9.58070,9.76583,18.30849,17.13999
4741.95450,0.38545,-3.35445,54.80686,9.57859,9.76139,18.31272,17.15416
4741.96450,0.39309,-3.34277,54.82828,9.62049,9.75513,18.29141,17.16126
4741.97450,0.39332,-3.35063,54.86586,9.60859,9.76139,18.32272,17.17316
4741.98450,0.37631,-3.33641,54.87865,9.61235,9.79638,18.30391,17.16601
4741.99450,0.33848,-3.30653,54.88555,9.61859,9.86451,18.25323,17.14923
4742.00450,0.31240,-3.28946,54.84689,9.61859,9.89184,18.20057,17.13589
4742.01450,0.31077,-3.29889,54.76750,9.56415,9.89539,18.21268,17.09528
4742.02450,0.38923,-3.28567,54.71886,9.57859,9.89539,18.27272,16.97216
4742.03450,0.38042,-3.28313,54.71741,9.57156,9.90800,18.26787,16.96998
4742.04450,0.34636,-3.28245,54.71930,9.53969,9.94220,18.25767,16.97974
4742.05450,0.32660,-3.30447,54.73886,9.50959,9.92639,18.27272,17.03016
4742.06450,0.32057,-3.30210,54.75870,9.50959,9.93913,18.27517,17.03481
4742.07450,0.30202,-3.29480,54.81986,9.50959,9.97839,18.28272,17.04916
4742.08450,0.30585,-3.30104,54.84141,9.51134,9.96928,18.29673,17.06405
4742.09450,0.32175,-3.32700,54.93119,9.51864,9.93133,18.35513,17.12609
4742.10450,0.35359,-3.37215,54.90786,9.50959,9.82339,18.39272,17.18216
4742.11450,0.35077,-3.37286,54.92670,9.51199,9.82591,18.39632,17.19248
4742.12450,0.32411,-3.37948,55.06846,9.52251,9.84931,18.42392,17.27272
4742.13450,0.27969,-3.38988,55.09486,9.47059,9.88539,18.43272,17.30616
4742.14450,0.27690,-3.38667,55.09021,9.46985,9.89226,18.42755,17.30055
4742.15450,0.25540,-3.36193,55.05441,9.46417,9.94510,18.38778,17.25736
4742.16450,0.24185,-3.34632,55.03186,9.46059,9.97839,18.36272,17.23016
4742.17450,0.28114,-3.36713,54.91666,9.45638,9.89178,18.35852,17.20998
4742.18450,0.32757,-3.39108,54.76913,9.44618,9.79248,18.35272,17.17775
4742.19450,0.31923,-3.38600,54.78086,9.44159,9.81339,18.35272,17.17316
4742.20450,0.33097,-3.39960,54.80756,9.44159,9.79010,18.38113,17.19475
4742.21450,0.29408,-3.42053,54.83344,9.39261,9.79781,18.39652,17.24650
4742.22450,0.26600,-3.42704,54.83686,9.36259,9.81339,18.39272,17.26816
4742.23450,0.28935,-3.42734,54.81214,9.36259,9.80402,18.40977,17.23577
4742.24450,0.27993,-3.43160,54.93560,9.38952,9.80999,18.43343,17.30266
4742.25450,0.27391,-3.43348,54.99286,9.40159,9.81339,18.44272,17.33516
4742.26450,0.29068,-3.44832,54.95081,9.37720,9.78733,18.46711,17.31918
4742.27450,0.29386,-3.45113,54.94286,9.37259,9.78239,18.47172,17.31616
4742.28450,0.30224,-3.49685,54.80245,9.27693,9.71921,18.50682,17.29949
4742.29450,0.32519,-3.51498,54.87785,9.29855,9.68009,18.55251,17.34670
4742.30450,0.34073,-3.52335,54.94586,9.32359,9.65839,18.58172,17.38216
4742.31450,0.31957,-3.55249,54.82524,9.27253,9.59771,18.54472,17.41028
4742.32450,0.32455,-3.59167,54.85390,9.23979,9.54605,18.59832,17.46974
4742.33450,0.32892,-3.60181,54.87886,9.23459,9.53539,18.62172,17.48716
4742.34450,0.32345,-3.59682,54.86327,9.24944,9.52723,18.59202,17.49459
4742.35450,0.32155,-3.59509,54.85786,9.25459,9.52439,18.58172,17.49716
4742.36450,0.31982,-3.58558,54.95086,9.23959,9.59414,18.64172,17.47541
4742.37450,0.30760,-3.57815,54.95186,9.24209,9.60989,18.62422,17.47566
4742.38450,0.30372,-3.57673,54.94186,9.24459,9.60739,18.61172,17.47816
4742.39450,0.33501,-3.56805,55.00890,9.28109,9.61484,18.64896,17.46401
4742.40450,0.34571,-3.56508,55.03186,9.29359,9.61739,18.66172,17.45916
4742.41450,0.36013,-3.58278,54.90907,9.26066,9.56549,18.65056,17.43237
4742.42450,0.39387,-3.61176,54.87824,9.24711,9.49872,18.69119,17.44122
4742.43450,0.40714,-3.62064,54.91786,9.25459,9.48339,18.72072,17.45916
4742.44450,0.37596,-3.61702,54.87612,9.22389,9.50856,18.69064,17.45302
4742.45450,0.38881,-3.59622,54.89977,9.25326,9.53733,18.68959,17.41958
4742.46450,0.40901,-3.58471,54.93086,9.28359,9.54539,18.70072,17.40116
4742.47450,0.40912,-3.58177,54.92718,9.29133,9.54346,18.69124,17.40116
4742.48450,0.40955,-3.56955,54.91186,9.32359,9.53539,18.65172,17.40116
4742.49450,0.44616,-3.57825,54.89652,9.32804,9.50471,18.68587,17.37790
4742.50450,0.48265,-3.59406,54.89921,9.32221,9.47339,18.73934,17.36427
4742.51450,0.48086,-3.60789,54.93591,9.30147,9.47339,18.77657,17.38448
4742.52450,0.46706,-3.60112,54.93545,9.30800,9.48300,18.75229,17.39216
4742.53450,0.46911,-3.59420,54.96398,9.31399,9.50346,18.76348,17.38305
4742.54450,0.48673,-3.60077,55.01186,9.30359,9.51439,18.82072,17.37316
4742.55450,0.48673,-3.60077,55.01186,9.30359,9.51439,18.82072,17.37316
4742.56450,0.43065,-3.58983,55.04861,9.29609,9.56089,18.77572,17.41591
4742.57450,0.41556,-3.58360,55.05459,9.29495,9.57912,18.76072,17.41980
4742.58450,0.43622,-3.56217,54.97133,9.30359,9.59360,18.73588,17.33825
4742.59450,0.43086,-3.54910,54.85886,9.30359,9.58639,18.67172,17.29716
4742.60450,0.43069,-3.55811,54.88106,9.28176,9.59416,18.70465,17.30049
4742.61450,0.43160,-3.56995,54.92679,9.26191,9.60123,18.74897,17.31468
4742.62450,0.43451,-3.56153,54.94586,9.30359,9.58639,18.72072,17.33516
4742.63450,0.42122,-3.56247,54.90655,9.28513,9.58907,18.70227,17.33008
4742.64450,0.38471,-3.56505,54.79886,9.23459,9.59639,18.65172,17.31616
4742.65450,0.39883,-3.56771,54.82707,9.24521,9.58907,18.67333,17.31946
4742.66450,0.42049,-3.56273,54.84059,9.27813,9.57276,18.67472,17.31498
4742.67450,0.41568,-3.54596,54.77886,9.30359,9.56639,18.61172,17.29716
4742.68450,0.39481,-3.53397,54.77257,9.29619,9.60043,18.58952,17.28643
4742.69450,0.35927,-3.51354,54.76186,9.28359,9.65839,18.55172,17.26816
4742.70450,0.37375,-3.52073,54.76891,9.28115,9.64599,18.57604,17.26573
4742.71450,0.41393,-3.54070,54.78851,9.27440,9.61153,18.64361,17.25897
4742.72450,0.40396,-3.57476,54.86686,9.24459,9.58639,18.70072,17.33516
4742.73450,0.40108,-3.57418,54.92701,9.26414,9.58887,18.70815,17.36585
4742.74450,0.39118,-3.58568,55.07519,9.30201,9.57409,18.73314,17.46595
4742.75450,0.38747,-3.62716,54.96686,9.23459,9.50439,18.74072,17.48716
4742.76450,0.38654,-3.61253,55.00275,9.25167,9.53484,18.74072,17.47553
4742.77450,0.38371,-3.56818,55.11186,9.30359,9.62739,18.74072,17.44016
4742.78450,0.39009,-3.56836,55.09098,9.30359,9.61977,18.73822,17.42941
4742.79450,0.41567,-3.56912,55.00748,9.30359,9.58927,18.72822,17.38641
4742.80450,0.42196,-3.53922,54.93786,9.32359,9.61739,18.68072,17.31616
4742.81450,0.41602,-3.53851,54.92198,9.32237,9.61485,18.66630,17.31846
4742.82450,0.37511,-3.53687,54.77839,9.30592,9.58573,18.55782,17.32892
4742.83450,0.39056,-3.56066,54.58786,9.25459,9.51439,18.53172,17.28716
4742.84450,0.39549,-3.55695,54.61054,9.26635,9.51931,18.53772,17.28716
4742.85450,0.43150,-3.52985,54.77686,9.35259,9.55539,18.58172,17.28716
4742.86450,0.43176,-3.53194,54.78242,9.34949,9.55539,18.58797,17.28956
4742.87450,0.43389,-3.54931,54.82873,9.32370,9.55539,18.64008,17.30956
4742.88450,0.38441,-3.54995,54.95486,9.31359,9.60739,18.65172,17.38216
4742.89450,0.38228,-3.54967,54.94542,9.31296,9.60546,18.64484,17.38216
4742.90450,0.36292,-3.54707,54.85963,9.30728,9.58784,18.58234,17.38216
4742.91450,0.36928,-3.54861,54.86110,9.31553,9.57639,18.58290,17.38628
4742.92450,0.39631,-3.55322,54.94286,9.33259,9.57639,18.64172,17.39216
4742.93450,0.37735,-3.55368,54.89388,9.31461,9.57639,18.61072,17.39216
4742.94450,0.36571,-3.55397,54.86386,9.30359,9.57639,18.59172,17.39216
4742.95450,0.41305,-3.57461,54.82977,9.28654,9.53208,18.65138,17.35977
4742.96450,0.40504,-3.55737,54.88186,9.33259,9.54539,18.62172,17.38216
4742.97450,0.40504,-3.55737,54.88186,9.33259,9.54539,18.62172,17.38216
4742.98450,0.37683,-3.52802,54.85386,9.35259,9.58639,18.55172,17.36316
4742.99450,0.40894,-3.56271,54.83486,9.29359,9.55539,18.64172,17.34416
4743.00450,0.40894,-3.56271,54.83486,9.29359,9.55539,18.64172,17.34416
4743.01450,0.41153,-3.55610,54.85908,9.30921,9.56399,18.64172,17.34416
4743.02450,0.41226,-3.55426,54.86586,9.31359,9.56639,18.64172,17.34416
4743.03450,0.35579,-3.57900,54.78582,9.23616,9.55682,18.60692,17.38592
4743.04450,0.36824,-3.58792,54.85569,9.27541,9.52008,18.61895,17.44126
4743.05450,0.37159,-3.58876,54.86886,9.28359,9.51439,18.62172,17.44916
4743.06450,0.40544,-3.57369,54.83411,9.32615,9.49615,18.60435,17.40746
4743.07450,0.41777,-3.58565,54.82973,9.31606,9.47599,18.62782,17.40986
4743.08450,0.41885,-3.58778,54.82986,9.31359,9.47339,18.63172,17.41116
4743.09450,0.39545,-3.58927,54.80513,9.28946,9.48546,18.61362,17.41659
4743.10450,0.38004,-3.59025,54.78886,9.27359,9.49339,18.60172,17.42016
4743.11450,0.35803,-3.55026,54.85670,9.33921,9.54722,18.54273,17.42753
4743.12450,0.34093,-3.53595,54.90403,9.34016,9.59704,18.54414,17.42269
4743.13450,0.33779,-3.53591,54.91186,9.33259,9.60739,18.55172,17.42016
4743.14450,0.38147,-3.52933,54.85951,9.38347,9.55430,18.52960,17.39214
4743.15450,0.39705,-3.52698,54.84086,9.40159,9.53539,18.52172,17.38216
4743.16450,0.38201,-3.56079,54.70436,9.33559,9.47314,18.49922,17.39641
4743.17450,0.39292,-3.56630,54.83886,9.34284,9.49889,18.57422,17.42291
4743.18450,0.39821,-3.56437,54.89886,9.35259,9.51439,18.60172,17.43016
4743.19450,0.36726,-3.54687,54.89228,9.35646,9.55039,18.55527,17.43016
4743.20450,0.32346,-3.52218,54.95316,9.38677,9.60057,18.50032,17.46550
4743.21450,0.32664,-3.52402,54.99686,9.40159,9.59639,18.51172,17.48716
4743.22450,0.29964,-3.50983,54.92107,9.37139,9.63460,18.46920,17.44588
4743.23450,0.28279,-3.50097,54.87386,9.35259,9.65839,18.44272,17.42016
4743.24450,0.28279,-3.50097,54.87386,9.35259,9.65839,18.44272,17.42016
4743.25450,0.27719,-3.50780,54.81556,9.33091,9.64344,18.42777,17.41343
4743.26450,0.33470,-3.54279,54.90186,9.32359,9.59639,18.55172,17.43016
4743.27450,0.31329,-3.53900,54.82176,9.31126,9.59023,18.49627,17.42400
4743.28450,0.28615,-3.54297,54.78736,9.30029,9.57980,18.45545,17.45182
4743.29450,0.26396,-3.55319,54.81236,9.29497,9.56916,18.44535,17.50288
4743.30450,0.25820,-3.55208,54.84065,9.30186,9.57467,18.44548,17.51864
4743.31450,0.25821,-3.54222,54.89786,9.32359,9.59639,18.45272,17.52516
4743.32450,0.26340,-3.53464,54.87509,9.32359,9.60679,18.44777,17.49695
4743.33450,0.26647,-3.53101,54.86622,9.31369,9.62234,18.45708,17.47311
4743.34450,0.26421,-3.53521,54.88086,9.30359,9.62739,18.47172,17.47816
4743.35450,0.26126,-3.53598,54.86126,9.29360,9.62878,18.46805,17.47083
4743.36450,0.25206,-3.55014,54.74577,9.23277,9.61576,18.45881,17.43843
4743.37450,0.28199,-3.57379,54.79886,9.25459,9.55539,18.50172,17.48716
4743.38450,0.25938,-3.56433,54.80222,9.26098,9.57289,18.46841,17.49995
4743.39450,0.21479,-3.54568,54.80886,9.27359,9.60739,18.40272,17.52516
4743.40450,0.21516,-3.56106,54.82218,9.25595,9.59263,18.42756,17.54604
4743.41450,0.23708,-3.57619,54.84295,9.25695,9.56239,18.46481,17.55880
4743.42450,0.27429,-3.55482,54.83786,9.31359,9.55539,18.45272,17.51616
4743.43450,0.27429,-3.55482,54.83786,9.31359,9.55539,18.45272,17.51616
4743.44450,0.22113,-3.54738,54.87661,9.30109,9.59914,18.41747,17.55891
4743.45450,0.24923,-3.54739,54.87886,9.29359,9.60739,18.46172,17.51616
4743.46450,0.25096,-3.54359,54.88936,9.29609,9.61764,18.46672,17.50891
4743.47450,0.25614,-3.53222,54.92086,9.30359,9.64839,18.48172,17.48716
4743.48450,0.26655,-3.54435,54.86561,9.28634,9.61739,18.48422,17.47766
4743.49450,0.28135,-3.57795,54.73186,9.23959,9.53739,18.48197,17.47291
4743.50450,0.23169,-3.56919,54.82786,9.25459,9.57639,18.45272,17.54416
4743.51450,0.23169,-3.56919,54.82786,9.25459,9.57639,18.45272,17.54416
4743.52450,0.23325,-3.53626,54.76967,9.30765,9.58245,18.37222,17.50735
4743.53450,0.22213,-3.54739,54.84986,9.26359,9.62739,18.44272,17.51616
4743.54450,0.22805,-3.54644,54.85075,9.26895,9.62462,18.44531,17.51187
4743.55450,0.28192,-3.53781,54.85888,9.31773,9.59942,18.46889,17.47284
4743.56450,0.28839,-3.53677,54.85986,9.32359,9.59639,18.47172,17.46816
4743.57450,0.20903,-3.57515,54.68375,9.16436,9.60284,18.44150,17.47505
4743.58450,0.22778,-3.59406,54.91486,9.23459,9.56639,18.51172,17.60216
4743.59450,0.22732,-3.59283,54.90947,9.23459,9.56749,18.50842,17.59897
4743.60450,0.22601,-3.58542,54.86653,9.23681,9.56839,18.48283,17.57849
4743.61450,0.24492,-3.60539,54.87186,9.25459,9.50439,18.49172,17.62116
4743.62450,0.24492,-3.60539,54.87186,9.25459,9.50439,18.49172,17.62116
4743.63450,0.22688,-3.59927,54.87054,9.23899,9.53427,18.48379,17.61349
4743.64450,0.17668,-3.58224,54.86686,9.19559,9.61739,18.46172,17.59216
4743.65450,0.17639,-3.57440,54.83874,9.20480,9.61739,18.43796,17.57858
4743.66450,0.15880,-3.56345,54.77601,9.20401,9.62296,18.38488,17.56416
4743.67450,0.14503,-3.56137,54.74986,9.19559,9.62739,18.36272,17.56416
4743.68450,0.16029,-3.56880,54.72469,9.16910,9.62739,18.39583,17.53237
4743.69450,0.17085,-3.55446,54.81142,9.20925,9.65150,18.41272,17.53794
4743.70450,0.17163,-3.54929,54.83986,9.22459,9.65839,18.41272,17.54416
4743.71450,0.17842,-3.54571,54.83986,9.25039,9.64119,18.39552,17.55276
4743.72450,0.17953,-3.54513,54.83986,9.25459,9.63839,18.39272,17.55416
4743.73450,0.14049,-3.57694,54.83728,9.18665,9.62893,18.40992,17.61178
4743.74450,0.15441,-3.57988,54.87126,9.19279,9.62739,18.43852,17.61256
4743.75450,0.15771,-3.57951,54.87686,9.19559,9.62739,18.44272,17.61116
4743.76450,0.17840,-3.52350,54.83864,9.26334,9.68125,18.38191,17.51213
4743.77450,0.13211,-3.52406,54.87335,9.25722,9.69801,18.34688,17.57124
4743.78450,0.12417,-3.52551,54.87986,9.25459,9.69939,18.34272,17.58316
4743.79450,0.14668,-3.53212,54.89083,9.25978,9.68208,18.37158,17.57739
4743.80450,0.16317,-3.53696,54.89886,9.26359,9.66939,18.39272,17.57316
4743.81450,0.19536,-3.54013,54.79008,9.24953,9.63831,18.39272,17.50952
4743.82450,0.19814,-3.55665,54.77332,9.21499,9.62739,18.42232,17.50862
4743.83450,0.19514,-3.56206,54.78086,9.20459,9.62739,18.43272,17.51616
4743.84450,0.20344,-3.55264,54.67208,9.20459,9.61259,18.38832,17.46658
4743.85450,0.17237,-3.56153,54.71896,9.20459,9.60739,18.37272,17.53426
4743.86450,0.17146,-3.57327,54.75422,9.19976,9.59613,18.39417,17.56416
4743.87450,0.18999,-3.57184,54.84948,9.21586,9.61619,18.44955,17.56788
4743.88450,0.20271,-3.56070,54.97786,9.24459,9.65839,18.50172,17.57316
4743.89450,0.19890,-3.56680,54.88975,9.25629,9.60171,18.44072,17.59103
4743.90450,0.22155,-3.55612,54.88136,9.26979,9.61103,18.45170,17.54884
4743.91450,0.23687,-3.54725,54.90986,9.27359,9.63839,18.48172,17.51616
4743.92450,0.24403,-3.54718,54.89312,9.26181,9.64459,18.49412,17.49260
4743.93450,0.24842,-3.54713,54.88286,9.25459,9.64839,18.50172,17.47816
4743.94450,0.24512,-3.55135,54.87349,9.24567,9.64393,18.50172,17.48217
4743.95450,0.25415,-3.55684,54.87225,9.24905,9.62689,18.50914,17.48716
4743.96450,0.27640,-3.55727,54.88986,9.27359,9.60739,18.52172,17.48716
4743.97450,0.29917,-3.55515,54.92613,9.29886,9.59970,18.54370,17.48386
4743.98450,0.31984,-3.56412,54.94748,9.30617,9.57812,18.57344,17.48975
4743.99450,0.29336,-3.58205,54.88886,9.25459,9.56639,18.56172,17.50616
4744.00450,0.30535,-3.57256,54.89386,9.27233,9.57322,18.56172,17.48660
4744.01450,0.32439,-3.55750,54.90181,9.30049,9.58405,18.56172,17.45555
4744.02450,0.34341,-3.54245,54.90975,9.32864,9.59488,18.56172,17.42451
4744.03450,0.34635,-3.54682,54.76146,9.29099,9.57093,18.52777,17.37178
4744.04450,0.33679,-3.52160,54.81786,9.30359,9.63839,18.53172,17.34416
4744.05450,0.34838,-3.51839,54.80846,9.31349,9.63295,18.53172,17.33030
4744.06450,0.36029,-3.51912,54.78822,9.31561,9.62207,18.53438,17.31616
4744.07450,0.36043,-3.52713,54.76695,9.29965,9.61144,18.53970,17.31616
4744.08450,0.36965,-3.53154,54.82830,9.30905,9.61263,18.57316,17.33345
4744.09450,0.38828,-3.53430,54.97001,9.34060,9.62333,18.63733,17.36875
4744.10450,0.39534,-3.53535,55.02386,9.35259,9.62739,18.66172,17.38216
4744.11450,0.35187,-3.50326,54.91957,9.35259,9.66872,18.55349,17.34477
4744.12450,0.37549,-3.50579,54.81786,9.35259,9.62739,18.53172,17.30616
4744.13450,0.38564,-3.50712,54.85669,9.37420,9.61604,18.54271,17.32374
4744.14450,0.40154,-3.50464,54.87202,9.39755,9.60395,18.54732,17.32320
4744.15450,0.39868,-3.49615,54.77986,9.37259,9.61739,18.52172,17.26816
4744.16450,0.41596,-3.50138,54.79404,9.37622,9.60612,18.54717,17.26452
4744.17450,0.44618,-3.51051,54.81886,9.38259,9.58639,18.59172,17.25816
4744.18450,0.42679,-3.49884,54.81288,9.38259,9.61238,18.56412,17.25379
4744.19450,0.36955,-3.46952,54.80564,9.38259,9.68034,18.48798,17.25473
4744.20450,0.39503,-3.50180,54.84786,9.38259,9.61739,18.54172,17.30616
4744.21450,0.40289,-3.49754,54.86389,9.39838,9.61739,18.54404,17.30407
4744.22450,0.41638,-3.49121,54.91567,9.43657,9.61240,18.54934,17.31736
4744.23450,0.37643,-3.51598,54.91186,9.39159,9.59639,18.54172,17.38216
4744.24450,0.38081,-3.51041,54.91495,9.40109,9.60138,18.53934,17.37313
4744.25450,0.39487,-3.49253,54.92486,9.43159,9.61739,18.53172,17.34416
4744.26450,0.39617,-3.49656,54.91282,9.42094,9.61415,18.53789,17.33984
4744.27450,0.40184,-3.51413,54.86047,9.37463,9.60006,18.56474,17.32105
4744.28450,0.39076,-3.50389,54.91494,9.39120,9.62698,18.56185,17.33491
4744.29450,0.38959,-3.50301,54.91836,9.39159,9.62989,18.56172,17.33516
4744.30450,0.38217,-3.49799,54.93686,9.39159,9.64839,18.56172,17.33516
4744.31450,0.38480,-3.49736,54.91948,9.39159,9.64388,18.55622,17.32779
4744.32450,0.41298,-3.49524,54.77281,9.39599,9.59375,18.51282,17.27025
4744.33450,0.46792,-3.51931,54.72386,9.43159,9.48339,18.52172,17.28716
4744.34450,0.46792,-3.51931,54.72386,9.43159,9.48339,18.52172,17.28716
4744.35450,0.40436,-3.48540,54.73761,9.40409,9.59706,18.47589,17.26058
4744.36450,0.43790,-3.50212,54.81608,9.41149,9.57670,18.55092,17.27697
4744.37450,0.43830,-3.50232,54.81686,9.41159,9.57639,18.55172,17.27716
4744.38450,0.41435,-3.50929,54.95486,9.41159,9.60739,18.59172,17.34416
4744.39450,0.41435,-3.50929,54.95486,9.41159,9.60739,18.59172,17.34416
4744.40450,0.42666,-3.50521,54.96067,9.41623,9.61460,18.60566,17.32418
4744.41450,0.45619,-3.49032,54.95634,9.42208,9.64315,18.63509,17.25602
4744.42450,0.42043,-3.48577,54.88086,9.39159,9.65839,18.58172,17.24916
4744.43450,0.43617,-3.50013,54.77292,9.40036,9.57766,18.53784,17.25706
4744.44450,0.43717,-3.49004,54.77810,9.40159,9.60247,18.54052,17.23352
4744.45450,0.43701,-3.48839,54.78086,9.40159,9.60739,18.54172,17.23016
4744.46450,0.41310,-3.47455,54.68521,9.39281,9.61617,18.47152,17.20471
4744.47450,0.40976,-3.47262,54.67186,9.39159,9.61739,18.46172,17.20116
4744.48450,0.41960,-3.52859,54.63396,9.33301,9.52867,18.51340,17.25887
4744.49450,0.42290,-3.53069,54.81127,9.34904,9.56880,18.59192,17.30151
4744.50450,0.42314,-3.52973,54.83686,9.35259,9.57639,18.60172,17.30616
4744.51450,0.41804,-3.48577,54.88158,9.42053,9.62971,18.55012,17.28122
4744.52450,0.36300,-3.49399,54.92221,9.38859,9.65594,18.53294,17.34473
4744.53450,0.35544,-3.49614,54.92686,9.38259,9.65839,18.53172,17.35416
4744.54450,0.37460,-3.50324,54.94542,9.36571,9.66458,18.58235,17.33278
4744.55450,0.38949,-3.50877,54.95986,9.35259,9.66939,18.62172,17.31616
4744.56450,0.40141,-3.51068,54.88758,9.34536,9.64699,18.60726,17.28797
4744.57450,0.38734,-3.51230,54.77768,9.34986,9.60058,18.52899,17.29825
4744.58450,0.38033,-3.51263,54.74686,9.35259,9.58639,18.50172,17.30616
4744.59450,0.39757,-3.51618,54.78831,9.38095,9.56385,18.51627,17.32725
4744.60450,0.41104,-3.50888,54.84377,9.40619,9.57535,18.53632,17.32591
4744.61450,0.41842,-3.49979,54.88586,9.42159,9.59639,18.55172,17.31616
4744.62450,0.40244,-3.47986,54.88365,9.39283,9.67234,18.55909,17.25938
4744.63450,0.39675,-3.47277,54.88286,9.38259,9.69939,18.56172,17.23916
4744.64450,0.40875,-3.48113,54.89454,9.41106,9.65486,18.55442,17.27420
4744.65450,0.41975,-3.49420,54.84061,9.39283,9.62291,18.55909,17.26578
4744.66450,0.42208,-3.49776,54.81986,9.38259,9.61739,18.56172,17.25816
4744.67450,0.42601,-3.47098,54.86539,9.42523,9.65498,18.54726,17.23792
4744.68450,0.42752,-3.46072,54.88286,9.44159,9.66939,18.54172,17.23016
4744.69450,0.43043,-3.47519,54.91668,9.45179,9.63611,18.55246,17.27632
4744.70450,0.41298,-3.48835,54.93157,9.43897,9.62241,18.55073,17.31946
4744.71450,0.37843,-3.48952,54.90686,9.40159,9.64839,18.53172,17.32516
4744.72450,0.38644,-3.49222,54.86766,9.40159,9.62830,18.52192,17.31585
4744.73450,0.39081,-3.50416,54.85971,9.39101,9.60739,18.53399,17.32732
4744.74450,0.38765,-3.51142,54.88586,9.38259,9.60739,18.55172,17.34416
4744.75450,0.40875,-3.49215,54.78396,9.40039,9.60064,18.50875,17.27418
4744.76450,0.42206,-3.47999,54.71986,9.41159,9.59639,18.48172,17.23016
4744.77450,0.42206,-3.47999,54.71986,9.41159,9.59639,18.48172,17.23016
4744.78450,0.42458,-3.47732,54.84937,9.42147,9.63792,18.54104,17.24894
4744.79450,0.40600,-3.49534,54.85786,9.39159,9.62739,18.55172,17.28716
4744.80450,0.40875,-3.49231,54.87286,9.40021,9.63127,18.55422,17.28716
4744.81450,0.41812,-3.48819,54.93738,9.42440,9.63938,18.57479,17.29881
4744.82450,0.39583,-3.52687,54.84586,9.34259,9.59639,18.58172,17.32516
4744.83450,0.42945,-3.52274,54.88378,9.38531,9.57671,18.60092,17.32084
4744.84450,0.46582,-3.51827,54.92486,9.43159,9.55539,18.62172,17.31616
4744.85450,0.44335,-3.52346,54.93270,9.42179,9.55539,18.60702,17.34850
4744.86450,0.43467,-3.53554,54.96193,9.39738,9.56078,18.63533,17.36844
4744.87450,0.44996,-3.54248,54.98386,9.38259,9.56639,18.68072,17.35416
4744.88450,0.44583,-3.52973,54.96505,9.39199,9.58124,18.65646,17.33535
4744.89450,0.44558,-3.51516,54.90813,9.39228,9.59639,18.62682,17.29264
4744.90450,0.44972,-3.51355,54.86886,9.38259,9.59639,18.62172,17.26816
4744.91450,0.44972,-3.51355,54.86886,9.38259,9.59639,18.62172,17.26816
4744.92450,0.44587,-3.50392,54.85686,9.42159,9.57639,18.57172,17.28716
4744.93450,0.44516,-3.50702,54.84256,9.41129,9.57429,18.57382,17.28317
4744.94450,0.44323,-3.51540,54.80393,9.38344,9.56861,18.57950,17.27237
4744.95450,0.45598,-3.53111,54.63786,9.35259,9.50439,18.54172,17.23916
4744.96450,0.45875,-3.53257,54.66661,9.36616,9.49726,18.54632,17.25687
4744.97450,0.45957,-3.53478,54.77919,9.40699,9.48995,18.56402,17.31823
4744.98450,0.43145,-3.52598,54.83386,9.39159,9.54539,18.57172,17.32516
4744.99450,0.42368,-3.51692,54.84007,9.38952,9.57138,18.56712,17.31205
4745.00450,0.39769,-3.48663,54.86086,9.38259,9.65839,18.55172,17.26816
4745.01450,0.40161,-3.49148,54.84614,9.38466,9.63953,18.54712,17.27483
4745.02450,0.42182,-3.50428,54.82032,9.40088,9.58360,18.54334,17.29251
4745.03450,0.44515,-3.49279,54.89786,9.43159,9.60739,18.58172,17.27716
4745.04450,0.44428,-3.49292,54.90407,9.43826,9.60256,18.57712,17.28613
4745.05450,0.43241,-3.49599,54.91198,9.44035,9.59582,18.56402,17.31179
4745.06450,0.40237,-3.50482,54.86886,9.37259,9.62739,18.57172,17.29716
4745.07450,0.40237,-3.50482,54.86886,9.37259,9.62739,18.57172,17.29716
4745.08450,0.40705,-3.50637,54.85650,9.38677,9.60521,18.55717,17.30734
4745.09450,0.41526,-3.50907,54.83486,9.41159,9.56639,18.53172,17.32516
4745.10450,0.40352,-3.50694,54.86474,9.40115,9.59231,18.54252,17.32876
4745.11450,0.37149,-3.49848,54.87502,9.37539,9.64199,18.53292,17.32472
4745.12450,0.35152,-3.49016,54.79886,9.36259,9.64839,18.48172,17.30616
4745.13450,0.35719,-3.48632,54.83413,9.38768,9.64476,18.48172,17.31998
4745.14450,0.34193,-3.48400,54.87218,9.39261,9.65862,18.47679,17.34416
4745.15450,0.31608,-3.48849,54.84786,9.35259,9.67939,18.47172,17.34416
4745.16450,0.35939,-3.51101,54.79836,9.33279,9.62791,18.52122,17.31644
4745.17450,0.35983,-3.51123,54.79786,9.33259,9.62739,18.52172,17.31616
4745.18450,0.37189,-3.51252,54.80677,9.35239,9.60759,18.52172,17.32507
4745.19450,0.36939,-3.53179,54.90978,9.36239,9.58681,18.56093,17.39966
4745.20450,0.36933,-3.53218,54.91186,9.36259,9.58639,18.56172,17.40116
4745.21450,0.33397,-3.52752,54.88513,9.32397,9.62699,18.54192,17.39225
4745.22450,0.33362,-3.52748,54.88486,9.32359,9.62739,18.54172,17.39216
4745.23450,0.33363,-3.53087,54.88328,9.33071,9.61155,18.53380,17.40721
4745.24450,0.33696,-3.53032,54.82652,9.31661,9.60739,18.52331,17.37921
4745.25450,0.33759,-3.53005,54.81586,9.31359,9.60739,18.52172,17.37316
4745.26450,0.34139,-3.53263,54.80638,9.31359,9.59792,18.52172,17.37316
4745.27450,0.33882,-3.54062,54.93082,9.34747,9.58771,18.54778,17.44787
4745.28450,0.33834,-3.54177,54.94986,9.35259,9.58639,18.55172,17.45916
4745.29450,0.33108,-3.53367,54.94523,9.34681,9.61010,18.54594,17.44239
4745.30450,0.35060,-3.55665,54.92343,9.34259,9.55144,18.56384,17.46555
4745.31450,0.34538,-3.57683,54.88060,9.30633,9.52439,18.57172,17.47816
4745.32450,0.33127,-3.57807,54.96217,9.29359,9.56212,18.60799,17.49847
4745.33450,0.32781,-3.57723,54.99786,9.29359,9.57639,18.62172,17.50616
4745.34450,0.35696,-3.57329,54.88458,9.27722,9.56339,18.61752,17.42645
4745.35450,0.39707,-3.56785,54.72941,9.25481,9.54557,18.61178,17.31725
4745.36450,0.33188,-3.55793,54.88923,9.30310,9.57608,18.56222,17.44783
4745.37450,0.33820,-3.55023,54.90961,9.32196,9.58277,18.56172,17.44316
4745.38450,0.37290,-3.50081,54.98262,9.42536,9.62368,18.53946,17.39411
4745.39450,0.34901,-3.50698,54.88386,9.38259,9.61739,18.50172,17.38216
4745.40450,0.34279,-3.49013,54.91026,9.39425,9.65545,18.49558,17.36497
4745.41450,0.33888,-3.47953,54.92686,9.40159,9.67939,18.49172,17.35416
4745.42450,0.33923,-3.48183,54.88199,9.39303,9.66682,18.47793,17.34421
4745.43450,0.37198,-3.50923,54.72513,9.36713,9.57248,18.46557,17.31995
4745.44450,0.40497,-3.52670,54.78386,9.38259,9.53539,18.52172,17.34416
4745.45450,0.38103,-3.51755,54.79475,9.37269,9.57104,18.50687,17.34416
4745.46450,0.34607,-3.50926,54.83730,9.35473,9.62364,18.50220,17.35674
4745.47450,0.32457,-3.51138,54.90147,9.33868,9.65679,18.52359,17.38241
4745.48450,0.35206,-3.51590,54.87586,9.35239,9.62335,18.53172,17.36840
4745.49450,0.38848,-3.51969,54.82486,9.37259,9.57639,18.53172,17.34416
4745.50450,0.37818,-3.51802,54.80330,9.33878,9.60677,18.54152,17.31623
4745.51450,0.35238,-3.50486,54.79833,9.33706,9.63839,18.50806,17.31481
4745.52450,0.33640,-3.49275,54.81686,9.37259,9.63839,18.46172,17.34416
4745.53450,0.33640,-3.49275,54.81686,9.37259,9.63839,18.46172,17.34416
4745.54450,0.31705,-3.51086,54.88486,9.33259,9.65839,18.51172,17.38216
4745.55450,0.32352,-3.52467,54.87567,9.33259,9.62198,18.51526,17.40585
4745.56450,0.34572,-3.53214,54.88190,9.36463,9.57411,18.51452,17.42864
4745.57450,0.36413,-3.50054,54.92286,9.42159,9.60739,18.50172,17.39216
4745.58450,0.35449,-3.50128,54.85626,9.39315,9.61099,18.48408,17.36804
4745.59450,0.33579,-3.49665,54.74866,9.35699,9.62099,18.44192,17.32876
4745.60450,0.33314,-3.48610,54.76786,9.38259,9.62739,18.42272,17.33516
4745.61450,0.32591,-3.48173,54.79923,9.39292,9.63844,18.41916,17.34870
4745.62450,0.31288,-3.47385,54.85586,9.41159,9.65839,18.41272,17.37316
4745.63450,0.30488,-3.47984,54.84388,9.39538,9.65604,18.41272,17.37974
4745.64450,0.28200,-3.49695,54.80965,9.34907,9.64933,18.41272,17.39853
4745.65450,0.30308,-3.53392,54.84286,9.31359,9.60739,18.49172,17.43016
4745.66450,0.30387,-3.52837,54.86290,9.32930,9.61195,18.48717,17.43449
4745.67450,0.29861,-3.50946,54.93768,9.37599,9.63663,18.47172,17.45334
4745.68450,0.27052,-3.50905,54.96186,9.35259,9.66939,18.47172,17.46816
4745.69450,0.27003,-3.49711,54.96774,9.36647,9.68633,18.46019,17.45475
4745.70450,0.26843,-3.45832,54.98686,9.41159,9.74139,18.42272,17.41116
4745.71450,0.27165,-3.47244,54.91864,9.37670,9.71850,18.42716,17.39627
4745.72450,0.26970,-3.52061,54.70810,9.26347,9.64295,18.43133,17.37035
4745.73450,0.22468,-3.51543,54.80386,9.29359,9.65839,18.39272,17.45916
4745.74450,0.22457,-3.51463,54.78638,9.28462,9.66322,18.39272,17.44582
4745.75450,0.22554,-3.52276,54.70055,9.24247,9.65619,18.39272,17.40917
4745.76450,0.23070,-3.56459,54.59486,9.19559,9.56639,18.39272,17.44016
4745.77450,0.23575,-3.56441,54.62470,9.20299,9.56966,18.40677,17.44528
4745.78450,0.27690,-3.56299,54.86886,9.26359,9.59639,18.52172,17.48716
4745.79450,0.27054,-3.56936,54.86166,9.25089,9.59129,18.52272,17.49676
4745.80450,0.21600,-3.62734,54.82146,9.14149,9.54749,18.54272,17.58976
4745.81450,0.24062,-3.63250,55.04286,9.18559,9.56639,18.64172,17.64916
4745.82450,0.23851,-3.63080,55.03081,9.18500,9.56698,18.63353,17.64530
4745.83450,0.21928,-3.61530,54.92123,9.17968,9.57230,18.55906,17.61019
4745.84450,0.21773,-3.60319,54.83458,9.18219,9.56933,18.51083,17.57223
4745.85450,0.26289,-3.60274,54.82686,9.20459,9.54539,18.54172,17.53516
4745.86450,0.26166,-3.59798,54.82477,9.20720,9.55350,18.53649,17.52758
4745.87450,0.25819,-3.58454,54.81886,9.21459,9.57639,18.52172,17.50616
4745.88450,0.23400,-3.58112,54.79483,9.20978,9.58120,18.48376,17.52010
4745.89450,0.26516,-3.60296,54.77854,9.19588,9.53704,18.52885,17.51677
4745.90450,0.26707,-3.60381,54.77886,9.19559,9.53539,18.53172,17.51616
4745.91450,0.31726,-3.60737,54.94154,9.25341,9.52461,18.61992,17.54360
4745.92450,0.31828,-3.60745,54.94486,9.25459,9.52439,18.62172,17.54416
4745.93450,0.30749,-3.63808,54.87741,9.17736,9.50484,18.65105,17.54416
4745.94450,0.29123,-3.62881,54.93690,9.19183,9.53295,18.64612,17.56600
4745.95450,0.27867,-3.62099,54.98486,9.20459,9.55539,18.64172,17.58316
4745.96450,0.32393,-3.58442,55.04525,9.30260,9.56628,18.63182,17.54455
4745.97450,0.33597,-3.61064,54.89780,9.24314,9.51207,18.63172,17.51087
4745.98450,0.33761,-3.61441,54.87686,9.23459,9.50439,18.63172,17.50616
4745.99450,0.35862,-3.62201,54.87514,9.25176,9.46833,18.64031,17.51475
4746.00450,0.36208,-3.62327,54.87486,9.25459,9.46239,18.64172,17.51616
4746.01450,0.39001,-3.64490,54.77177,9.23181,9.39804,18.64742,17.49452
4746.02450,0.39275,-3.65320,54.73959,9.20894,9.39004,18.65737,17.48324
4746.03450,0.37856,-3.64695,54.77486,9.20459,9.42139,18.66172,17.48716
4746.04450,0.34677,-3.62765,54.89654,9.24059,9.47323,18.64732,17.53540
4746.05450,0.38072,-3.64444,54.89778,9.25459,9.41923,18.67700,17.54696
4746.06450,0.39874,-3.65389,54.87986,9.25459,9.39039,18.69072,17.54416
4746.07450,0.39863,-3.65598,54.89466,9.25459,9.39039,18.69812,17.55156
4746.08450,0.39859,-3.65671,54.89986,9.25459,9.39039,18.70072,17.55416
4746.09450,0.38408,-3.65074,54.87729,9.24239,9.40930,18.68303,17.54257
4746.10450,0.38547,-3.66801,54.91898,9.24679,9.37747,18.70161,17.59311
4746.11450,0.39229,-3.68147,54.95486,9.25459,9.34939,18.72072,17.63016
4746.12450,0.42924,-3.69382,54.83896,9.25459,9.28046,18.70852,17.59539
4746.13450,0.44089,-3.70516,54.73497,9.22409,9.24859,18.70072,17.56157
4746.14450,0.43317,-3.70734,54.71586,9.20459,9.25639,18.70072,17.55416
4746.15450,0.40220,-3.70773,54.79272,9.21679,9.26920,18.68852,17.61821
4746.16450,0.38244,-3.70797,54.84186,9.22459,9.27739,18.68072,17.65916
4746.17450,0.40008,-3.68400,54.83837,9.24515,9.31330,18.68072,17.59921
4746.18450,0.42900,-3.64471,54.83266,9.27887,9.37215,18.68072,17.50092
4746.19450,0.43104,-3.60136,54.74293,9.26404,9.46053,18.65238,17.36598
4746.20450,0.43100,-3.60048,54.74086,9.26359,9.46239,18.65172,17.36316
4746.21450,0.44027,-3.57225,54.88884,9.33121,9.51335,18.67132,17.37296
4746.22450,0.41111,-3.51309,54.80786,9.37259,9.58639,18.55172,17.29716
4746.23450,0.41633,-3.51695,54.79717,9.37144,9.57455,18.55402,17.29716
4746.24450,0.45653,-3.54677,54.71486,9.36259,9.48339,18.57172,17.29716
4746.25450,0.44728,-3.55096,54.70719,9.34435,9.48895,18.57436,17.29954
4746.26450,0.42880,-3.54430,54.75894,9.32563,9.54147,18.59612,17.29572
4746.27450,0.44167,-3.51185,54.88886,9.38259,9.60739,18.62172,17.27716
4746.28450,0.42235,-3.49424,54.91939,9.38518,9.65779,18.61020,17.26622
4746.29450,0.38045,-3.44338,55.01179,9.40382,9.79389,18.58543,17.22865
4746.30450,0.42126,-3.39112,55.13186,9.49059,9.87539,18.61172,17.15416
4746.31450,0.42114,-3.38356,55.07986,9.48836,9.87762,18.58728,17.12660
4746.32450,0.42069,-3.35698,54.89786,9.48059,9.88539,18.50172,17.03016
4746.33450,0.42530,-3.35810,54.85960,9.47375,9.87606,18.49489,17.01490
4746.34450,0.43114,-3.36728,54.72920,9.44421,9.83757,18.46534,16.98208
4746.35450,0.39629,-3.38643,54.72686,9.42159,9.81339,18.44272,17.04916
4746.36450,0.39041,-3.39022,54.68953,9.40181,9.81095,18.43605,17.04072
4746.37450,0.36968,-3.40598,54.62142,9.34616,9.80492,18.43089,17.03945
4746.38450,0.36948,-3.41410,54.83086,9.39159,9.81339,18.49172,17.13416
4746.39450,0.36948,-3.41410,54.83086,9.39159,9.81339,18.49172,17.13416
4746.40450,0.41264,-3.41085,54.91986,9.44159,9.80239,18.54172,17.13416
4746.41450,0.39561,-3.41213,54.90460,9.42132,9.81423,18.53261,17.13644
4746.42450,0.34399,-3.41793,54.88064,9.36570,9.84750,18.51061,17.15683
4746.43450,0.36574,-3.42302,54.97786,9.41159,9.82339,18.54172,17.20116
4746.44450,0.36574,-3.42302,54.97786,9.41159,9.82339,18.54172,17.20116
4746.45450,0.31881,-3.40824,54.92203,9.35368,9.89735,18.51172,17.15928
4746.46450,0.33511,-3.43189,54.89886,9.36259,9.82339,18.51172,17.20116
4746.47450,0.33543,-3.43689,54.89229,9.35865,9.81299,18.51273,17.20793
4746.48450,0.33827,-3.48148,54.83386,9.32359,9.72039,18.52172,17.26816
4746.49450,0.32854,-3.47944,54.84948,9.31919,9.73513,18.52172,17.27344
4746.50450,0.25013,-3.46397,54.96039,9.28250,9.84764,18.51519,17.31507
4746.51450,0.25141,-3.47234,54.83386,9.27359,9.79239,18.46172,17.30616
4746.52450,0.25032,-3.46877,54.83679,9.27167,9.80391,18.46374,17.29747
4746.53450,0.24062,-3.43705,54.86286,9.25459,9.90639,18.48172,17.22016
4746.54450,0.24641,-3.43957,54.85032,9.25668,9.89385,18.48062,17.21917
4746.55450,0.29357,-3.46035,54.74939,9.27359,9.79181,18.47231,17.21169
4746.56450,0.29586,-3.46326,54.75417,9.27359,9.78649,18.47762,17.21647
4746.57450,0.29762,-3.46550,54.75786,9.27359,9.78239,18.48172,17.22016
4746.58450,0.28288,-3.45940,54.78035,9.26996,9.80851,18.47809,17.22379
4746.59450,0.25665,-3.47180,54.75871,9.22416,9.81698,18.47977,17.23780
4746.60450,0.25613,-3.50624,54.66786,9.16559,9.76139,18.49172,17.24916
4746.61450,0.24491,-3.52881,54.72805,9.17372,9.71991,18.49985,17.33456
4746.62450,0.23581,-3.53633,54.75820,9.17559,9.71039,18.50172,17.37050
4746.63450,0.25835,-3.53262,54.80214,9.20913,9.70093,18.51892,17.37316
4746.64450,0.25422,-3.53396,54.93147,9.17286,9.77858,18.61538,17.36465
4746.65450,0.25283,-3.53431,54.95286,9.16559,9.79239,18.63172,17.36316
4746.66450,0.21867,-3.55534,54.87239,9.13100,9.74863,18.58231,17.41045
4746.67450,0.23061,-3.55864,54.97538,9.15866,9.74842,18.62182,17.44647
4746.68450,0.23491,-3.55775,54.99786,9.16559,9.75139,18.63172,17.44916
4746.69450,0.22999,-3.52816,54.89228,9.16559,9.78630,18.57212,17.36827
4746.70450,0.22913,-3.52299,54.87386,9.16559,9.79239,18.56172,17.35416
4746.71450,0.21508,-3.55199,54.83634,9.09820,9.77708,18.59235,17.36871
4746.72450,0.24332,-3.57867,54.85783,9.09151,9.72697,18.64568,17.39367
4746.73450,0.25519,-3.58516,54.86986,9.09659,9.71039,18.66172,17.40116
4746.74450,0.24191,-3.59341,54.81474,9.10404,9.66421,18.60958,17.43692
4746.75450,0.26900,-3.60060,54.80477,9.09916,9.64839,18.64370,17.41352
4746.76450,0.27997,-3.60211,54.80786,9.09659,9.64839,18.66172,17.40116
4746.77450,0.25325,-3.59584,54.89409,9.11618,9.67338,18.65192,17.45260
4746.78450,0.22552,-3.58934,54.98386,9.13659,9.69939,18.64172,17.50616
4746.79450,0.19201,-3.60325,54.95992,9.07581,9.71842,18.64786,17.51782
4746.80450,0.18057,-3.61306,55.00403,9.06748,9.71819,18.66392,17.55444
4746.81450,0.18674,-3.61372,55.04186,9.08659,9.71039,18.67172,17.57316
4746.82450,0.20639,-3.59046,54.93254,9.08659,9.72912,18.64152,17.47532
4746.83450,0.21812,-3.54345,54.92268,9.13447,9.79109,18.60354,17.39358
4746.84450,0.21734,-3.52289,54.96286,9.16559,9.82339,18.59172,17.38216
4746.85450,0.21989,-3.52665,54.88933,9.14893,9.80558,18.57449,17.36033
4746.86450,0.22179,-3.52945,54.83486,9.13659,9.79239,18.56172,17.34416
4746.87450,0.20714,-3.54815,54.80063,9.10880,9.76340,18.55367,17.37476
4746.88450,0.19555,-3.57588,54.75859,9.07440,9.71673,18.55220,17.41527
4746.89450,0.24366,-3.57559,54.79986,9.10659,9.69939,18.60172,17.39216
4746.90450,0.25208,-3.59516,54.77977,9.07768,9.67440,18.63112,17.39657
4746.91450,0.23997,-3.60771,54.82696,9.06392,9.67414,18.65341,17.43549
4746.92450,0.19753,-3.59179,54.96594,9.09725,9.72668,18.63647,17.50554
4746.93450,0.18568,-3.58735,55.00486,9.10659,9.74139,18.63172,17.52516
4746.94450,0.19006,-3.60317,55.01088,9.10659,9.70527,18.64032,17.55870
4746.95450,0.19078,-3.60575,55.01186,9.10659,9.69939,18.64172,17.56416
4746.96450,0.24072,-3.55842,55.05891,9.13599,9.80035,18.69955,17.42301
4746.97450,0.25943,-3.58485,54.90110,9.11699,9.70145,18.66250,17.42016
4746.98450,0.25128,-3.58545,54.88926,9.11016,9.70277,18.65301,17.42332
4746.99450,0.19217,-3.59052,54.83139,9.06279,9.71813,18.59625,17.45423
4747.00450,0.26090,-3.62117,54.91286,9.09659,9.63839,18.69072,17.48716
4747.01450,0.25541,-3.62305,54.89924,9.08508,9.64074,18.68837,17.48505
4747.02450,0.23970,-3.62841,54.86031,9.05219,9.64745,18.68166,17.47901
4747.03450,0.23678,-3.62787,54.85254,9.05223,9.64607,18.67398,17.48025
4747.04450,0.22675,-3.62477,54.85460,9.05357,9.65289,18.66099,17.48716
4747.05450,0.20226,-3.62856,54.88586,9.00859,9.69939,18.69072,17.48716
4747.06450,0.21270,-3.62019,54.89645,9.02247,9.70928,18.69543,17.46928
4747.07450,0.24987,-3.59819,54.91391,9.06461,9.72608,18.70923,17.41398
4747.08450,0.26463,-3.62179,54.83689,9.05110,9.65649,18.70248,17.42682
4747.09450,0.27500,-3.62700,54.83846,9.05239,9.64319,18.71512,17.42776
4747.10450,0.29563,-3.62406,54.90686,9.06759,9.65839,18.76072,17.42016
4747.11450,0.28864,-3.62533,54.86063,9.05829,9.64887,18.73772,17.41575
4747.12450,0.26062,-3.62493,54.73902,9.03533,9.63133,18.66366,17.40871
4747.13450,0.24059,-3.60579,54.86886,9.06759,9.68939,18.67172,17.44016
4747.14450,0.23937,-3.60450,54.86418,9.06253,9.69597,18.67286,17.43283
4747.15450,0.23089,-3.59555,54.83186,9.02759,9.74139,18.68072,17.38216
4747.16450,0.23017,-3.59244,54.82956,9.03679,9.73886,18.66945,17.38446
4747.17450,0.23164,-3.58969,54.80760,9.05839,9.71636,18.63862,17.39423
4747.18450,0.24463,-3.61526,54.75986,9.02759,9.66939,18.66172,17.40116
4747.19450,0.25016,-3.61667,54.79564,9.04362,9.66219,18.67078,17.41905
4747.20450,0.26050,-3.63390,54.87869,9.06166,9.63103,18.70785,17.47816
4747.21450,0.23512,-3.67440,54.76586,8.94959,9.60739,18.73072,17.47816
4747.22450,0.23250,-3.67331,54.76142,8.94848,9.60962,18.72628,17.47705
4747.23450,0.21155,-3.66459,54.72586,8.93959,9.62739,18.69072,17.46816
4747.24450,0.21296,-3.66615,54.73301,8.94278,9.62288,18.69292,17.47443
4747.25450,0.22045,-3.67884,54.79864,8.96759,9.58984,18.71072,17.53049
4747.26450,0.18933,-3.67947,54.86086,8.95959,9.61739,18.71072,17.57316
4747.27450,0.18933,-3.67947,54.86086,8.95959,9.61739,18.71072,17.57316
4747.28450,0.18967,-3.66511,54.84502,8.96283,9.64331,18.69992,17.53896
4747.29450,0.19951,-3.65155,54.81578,8.96175,9.66707,18.69872,17.48824
4747.30450,0.21595,-3.67285,54.81386,8.94959,9.62739,18.73072,17.50616
4747.31450,0.19341,-3.68410,54.79348,8.92533,9.61769,18.71617,17.53430
4747.32450,0.16948,-3.69606,54.77186,8.89959,9.60739,18.70072,17.56416
4747.33450,0.23434,-3.69358,54.83322,8.96152,9.57217,18.75186,17.54768
4747.34450,0.26868,-3.73453,54.86932,8.95341,9.49393,18.82172,17.60026
4747.35450,0.25956,-3.76079,54.86286,8.91959,9.46239,18.84072,17.64016
4747.36450,0.24501,-3.75374,54.85798,8.90565,9.49165,18.83375,17.62692
4747.37450,0.23868,-3.75067,54.85586,8.89959,9.50439,18.83072,17.62116
4747.38450,0.21941,-3.74502,54.78789,8.89959,9.49516,18.77198,17.62116
4747.39450,0.25004,-3.74544,54.78561,8.91913,9.47385,18.79004,17.60259
4747.40450,0.25084,-3.74547,54.78586,8.91959,9.47339,18.79072,17.60216
4747.41450,0.25820,-3.73008,54.88485,8.95918,9.50408,18.81052,17.61107
4747.42450,0.28139,-3.73996,54.75059,8.92038,9.47401,18.81072,17.54549
4747.43450,0.28186,-3.74016,54.74786,8.91959,9.47339,18.81072,17.54416
4747.44450,0.28261,-3.69780,54.83472,8.97978,9.54425,18.79548,17.51521
4747.45450,0.28285,-3.68459,54.86186,8.99859,9.56639,18.79072,17.50616
4747.46450,0.30019,-3.76135,54.73696,8.89694,9.44149,18.85102,17.54751
4747.47450,0.30466,-3.75431,54.96124,8.94785,9.48270,18.91947,17.61121
4747.48450,0.30495,-3.75094,55.00386,8.95959,9.49339,18.92972,17.62116
4747.49450,0.31248,-3.77113,54.91786,8.93404,9.44145,18.92121,17.62116
4747.50450,0.31904,-3.74396,54.98958,8.98024,9.48477,18.91972,17.60485
4747.51450,0.31991,-3.73892,55.00386,8.98859,9.49339,18.91972,17.60216
4747.52450,0.34216,-3.73036,55.02709,9.02284,9.48759,18.92553,17.59113
4747.53450,0.35822,-3.72419,55.04386,9.04759,9.48339,18.92972,17.58316
4747.54450,0.27213,-3.73135,54.97208,8.96027,9.52927,18.87126,17.61128
4747.55450,0.29992,-3.73137,54.98830,8.99545,9.49951,18.87958,17.61376
4747.56450,0.32031,-3.73049,55.00286,9.01859,9.48339,18.88972,17.61116
4747.57450,0.30610,-3.72775,54.89734,8.98968,9.48339,18.84708,17.57719
4747.58450,0.29467,-3.73040,54.88772,8.94993,9.51352,18.86745,17.55681
4747.59450,0.29252,-3.73174,54.89886,8.93959,9.52439,18.88072,17.55416
4747.60450,0.33868,-3.74037,54.91058,8.97549,9.47164,18.90929,17.55416
4747.61450,0.35551,-3.74352,54.91486,8.98859,9.45239,18.91972,17.55416
4747.62450,0.36528,-3.74398,54.96346,8.99601,9.46018,18.94940,17.55787
4747.63450,0.34849,-3.73376,54.94851,8.99010,9.48572,18.92640,17.54629
4747.64450,0.32768,-3.72688,54.88786,8.97859,9.49339,18.88072,17.53516
4747.65450,0.32768,-3.72688,54.88786,8.97859,9.49339,18.88072,17.53516
4747.66450,0.34999,-3.70231,54.91423,9.03728,9.50275,18.86371,17.51049
4747.67450,0.37416,-3.71061,54.77419,9.00946,9.46334,18.85094,17.45044
4747.68450,0.37264,-3.70828,54.77353,9.00975,9.46844,18.84839,17.44695
4747.69450,0.35748,-3.68833,54.79386,9.01859,9.51439,18.83072,17.43016
4747.70450,0.34567,-3.70830,54.79224,8.98663,9.49781,18.84690,17.46090
4747.71450,0.34289,-3.73426,54.82746,8.96052,9.47339,18.88738,17.50616
4747.72450,0.36246,-3.72964,54.87786,8.98859,9.47339,18.90972,17.50616
4747.73450,0.34534,-3.72003,54.88477,9.00277,9.48467,18.87736,17.51998
4747.74450,0.34124,-3.70360,54.85400,9.03491,9.48168,18.82438,17.51302
4747.75450,0.38603,-3.70426,54.77986,9.04759,9.44239,18.83072,17.45916
4747.76450,0.38564,-3.70025,54.80440,9.05163,9.45628,18.83868,17.45781
4747.77450,0.38318,-3.67457,54.96186,9.07759,9.54539,18.88972,17.44916
4747.78450,0.39252,-3.68036,54.92442,9.08803,9.50831,18.87208,17.45600
4747.79450,0.37320,-3.69167,54.84877,9.06368,9.47985,18.83345,17.47180
4747.80450,0.31024,-3.69340,54.83286,8.98859,9.54539,18.82072,17.47816
4747.81450,0.33475,-3.69673,54.80010,8.99939,9.51551,18.82432,17.46088
4747.82450,0.38625,-3.69584,54.77750,9.04307,9.46635,18.83432,17.43376
4747.83450,0.40021,-3.68372,54.84086,9.08659,9.47339,18.84072,17.44016
4747.84450,0.37688,-3.66020,54.87793,9.10441,9.52472,18.81221,17.43660
4747.85450,0.33483,-3.61782,54.94486,9.13659,9.61739,18.76072,17.43016
4747.86450,0.33779,-3.62539,54.91236,9.13021,9.59446,18.75435,17.43335
4747.87450,0.33850,-3.64144,54.84378,9.10302,9.55965,18.74762,17.43349
4747.88450,0.31964,-3.64091,54.84686,9.05759,9.60739,18.77072,17.41116
4747.89450,0.32324,-3.63442,54.85613,9.07398,9.60977,18.76359,17.40878
4747.90450,0.33504,-3.61927,54.84492,9.11072,9.60566,18.73612,17.39242
4747.91450,0.33588,-3.63829,54.70786,9.05759,9.56639,18.72072,17.36316
4747.92450,0.33588,-3.63829,54.70786,9.05759,9.56639,18.72072,17.36316
4747.93450,0.31993,-3.63168,54.86386,9.09659,9.59639,18.74072,17.43016
4747.94450,0.32464,-3.63478,54.86371,9.09659,9.58888,18.74661,17.43163
4747.95450,0.34425,-3.64770,54.86310,9.09659,9.55760,18.77115,17.43777
4747.96450,0.37797,-3.63510,55.03186,9.15559,9.58639,18.84072,17.44916
4747.97450,0.38240,-3.63530,55.02295,9.15889,9.57957,18.83852,17.44597
4747.98450,0.41499,-3.63823,54.93777,9.18020,9.52219,18.81522,17.42016
4747.99450,0.38803,-3.64877,54.83186,9.13659,9.50439,18.77072,17.42016
4748.00450,0.38803,-3.64877,54.83186,9.13659,9.50439,18.77072,17.42016
4748.01450,0.38236,-3.63392,54.84486,9.14167,9.53944,18.76507,17.39868
4748.02450,0.37800,-3.62251,54.85486,9.14559,9.56639,18.76072,17.38216
4748.03450,0.40409,-3.67860,54.77515,9.09608,9.45396,18.80267,17.42244
4748.04450,0.33731,-3.69953,54.74813,9.02893,9.46171,18.77163,17.48586
4748.05450,0.33564,-3.69976,54.74786,9.02759,9.46239,18.77072,17.48716
4748.06450,0.35523,-3.68665,54.87424,9.07972,9.48451,18.80758,17.50243
4748.07450,0.37734,-3.67620,54.96649,9.12532,9.49529,18.83693,17.50895
4748.08450,0.40906,-3.68520,54.81886,9.11659,9.43239,18.81072,17.45916
4748.09450,0.38458,-3.68165,54.86454,9.10884,9.46414,18.81072,17.48084
4748.10450,0.37745,-3.68061,54.87786,9.10659,9.47339,18.81072,17.48716
4748.11450,0.38792,-3.68092,54.85180,9.10659,9.46384,18.81072,17.47065
4748.12450,0.37959,-3.68563,54.85561,9.09797,9.46239,18.81072,17.48453
4748.13450,0.37799,-3.68638,54.85686,9.09659,9.46239,18.81072,17.48716
4748.14450,0.34174,-3.69554,54.84568,9.09659,9.43659,18.75912,17.55338
4748.15450,0.36012,-3.70795,54.81720,9.08799,9.40573,18.77652,17.54696
4748.16450,0.36407,-3.70973,54.81286,9.08659,9.40139,18.78072,17.54416
4748.17450,0.33988,-3.72289,54.84040,9.05847,9.40713,18.79220,17.58260
4748.18450,0.32192,-3.73266,54.86086,9.03759,9.41139,18.80072,17.61116
4748.19450,0.33167,-3.69932,54.82217,9.05949,9.45665,18.77152,17.53451
4748.20450,0.35043,-3.69735,54.94280,9.11847,9.44316,18.79759,17.58358
4748.21450,0.35581,-3.70103,54.99086,9.13659,9.43239,18.81072,17.61116
4748.22450,0.29791,-3.69354,54.96137,9.09972,9.47737,18.75910,17.62517
4748.23450,0.34213,-3.71414,54.97676,9.13025,9.40237,18.79252,17.65162
4748.24450,0.36490,-3.72231,54.98586,9.14559,9.37039,18.81072,17.65916
4748.25450,0.35087,-3.70468,54.96323,9.13854,9.41231,18.78846,17.62392
4748.26450,0.32707,-3.67476,54.92486,9.12659,9.48339,18.75072,17.56416
4748.27450,0.34415,-3.67408,54.84617,9.13269,9.45228,18.72632,17.53488
4748.28450,0.32310,-3.66403,54.83995,9.10639,9.50064,18.72280,17.51012
4748.29450,0.30215,-3.65774,54.86886,9.08659,9.54539,18.73072,17.50616
4748.30450,0.29865,-3.62766,54.85497,9.11075,9.58888,18.69509,17.46026
4748.31450,0.29635,-3.60793,54.84586,9.12659,9.61739,18.67172,17.43016
4748.32450,0.27669,-3.62760,54.75406,9.09119,9.57419,18.63572,17.45296
4748.33450,0.29464,-3.63389,54.70862,9.12092,9.51388,18.60566,17.46816
4748.34450,0.31485,-3.62943,54.71886,9.15559,9.49339,18.60172,17.46816
4748.35450,0.30085,-3.63996,54.77886,9.14407,9.50006,18.62596,17.50877
4748.36450,0.27243,-3.64493,54.87825,9.13049,9.53550,18.65392,17.55834
4748.37450,0.26010,-3.64375,54.91686,9.12659,9.55539,18.66172,17.57316
4748.38450,0.26867,-3.62651,54.95346,9.15599,9.57999,18.66172,17.55576
4748.39450,0.27438,-3.61503,54.97786,9.17559,9.59639,18.66172,17.54416
4748.40450,0.27438,-3.61503,54.97786,9.17559,9.59639,18.66172,17.54416
4748.41450,0.25606,-3.61604,54.93290,9.15207,9.60211,18.63924,17.53948
4748.42450,0.26660,-3.63252,54.95786,9.12659,9.59639,18.69072,17.54416
4748.43450,0.25372,-3.62646,54.91497,9.12659,9.59639,18.65268,17.53931
4748.44450,0.22683,-3.61379,54.82560,9.12659,9.59639,18.57342,17.52920
4748.45450,0.25906,-3.63926,54.80286,9.07759,9.57639,18.65172,17.49716
4748.46450,0.25906,-3.63926,54.80286,9.07759,9.57639,18.65172,17.49716
4748.47450,0.25129,-3.62280,54.85986,9.12659,9.58639,18.62172,17.52516
4748.48450,0.24115,-3.61443,54.90522,9.15467,9.59395,18.60372,17.55288
4748.49450,0.21211,-3.58291,54.99518,9.20169,9.65368,18.56529,17.57452
4748.50450,0.18880,-3.54774,55.01486,9.19559,9.75139,18.55172,17.51616
4748.51450,0.19532,-3.54799,54.93230,9.18143,9.73651,18.53252,17.48184
4748.52450,0.21126,-3.54452,54.71078,9.14585,9.70413,18.47647,17.38433
4748.53450,0.19572,-3.53085,54.83886,9.17559,9.75139,18.49172,17.42016
4748.54450,0.19698,-3.53790,54.83094,9.17079,9.73651,18.49412,17.42952
4748.55450,0.20097,-3.56023,54.80586,9.15559,9.68939,18.50172,17.45916
4748.56450,0.19961,-3.56201,54.79746,9.15084,9.68696,18.50050,17.45916
4748.57450,0.19368,-3.56978,54.76096,9.13021,9.67638,18.49521,17.45916
4748.58450,0.18960,-3.57214,54.84318,9.13224,9.69692,18.52950,17.48453
4748.59450,0.19106,-3.56681,54.94475,9.15310,9.72377,18.56172,17.50616
4748.60450,0.20268,-3.54545,55.00356,9.20762,9.74099,18.55162,17.50333
4748.61450,0.19016,-3.57116,54.73386,9.14559,9.64839,18.46172,17.47816
4748.62450,0.19213,-3.56705,54.74420,9.14999,9.65741,18.46502,17.47178
4748.63450,0.20800,-3.53385,54.82786,9.18559,9.73039,18.49172,17.42016
4748.64450,0.20198,-3.53574,54.83142,9.17976,9.73289,18.49172,17.42705
4748.65450,0.16163,-3.54733,54.85557,9.14508,9.74802,18.48747,17.47500
4748.66450,0.19652,-3.52724,54.83686,9.21459,9.72039,18.45272,17.44916
4748.67450,0.19705,-3.52992,54.82047,9.20810,9.71478,18.45162,17.44597
4748.68450,0.20235,-3.55291,54.70271,9.15999,9.66708,18.44701,17.42863
4748.69450,0.20999,-3.56307,54.82286,9.19559,9.64839,18.48172,17.49716
4748.70450,0.20999,-3.56307,54.82286,9.19559,9.64839,18.48172,17.49716
4748.71450,0.19885,-3.59369,54.92989,9.12845,9.67856,18.58875,17.53413
4748.72450,0.19854,-3.59454,54.93286,9.12659,9.67939,18.59172,17.53516
4748.73450,0.16778,-3.58241,54.98912,9.14502,9.70946,18.56262,17.57202
4748.74450,0.24863,-3.60312,54.90170,9.16518,9.60947,18.60091,17.52613
4748.75450,0.25032,-3.60355,54.89986,9.16559,9.60739,18.60172,17.52516
4748.76450,0.21956,-3.59798,54.86066,9.15579,9.61719,18.55272,17.53496
4748.77450,0.24358,-3.59449,54.84990,9.17655,9.60115,18.55696,17.51525
4748.78450,0.26598,-3.59142,54.84086,9.19559,9.58639,18.56172,17.49716
4748.79450,0.26173,-3.64945,54.93786,9.15189,9.52347,18.64911,17.61339
4748.80450,0.26111,-3.65781,54.95186,9.14559,9.51439,18.66172,17.63016
4748.81450,0.27258,-3.62716,54.93994,9.17113,9.55867,18.64469,17.56545
4748.82450,0.30420,-3.61537,54.91236,9.20024,9.54854,18.64172,17.52186
4748.83450,0.30943,-3.61424,54.90786,9.20459,9.54539,18.64172,17.51616
4748.84450,0.27452,-3.59144,55.02898,9.20459,9.64178,18.65878,17.52384
4748.85450,0.29641,-3.60541,54.94769,9.18827,9.59658,18.66172,17.50112
4748.86450,0.30102,-3.60837,54.93086,9.18559,9.58639,18.66172,17.49716
4748.87450,0.30803,-3.60158,54.87807,9.21028,9.56000,18.61915,17.48865
4748.88450,0.30925,-3.60039,54.86886,9.21459,9.55539,18.61172,17.48716
4748.89450,0.36416,-3.64444,54.84757,9.20607,9.45066,18.67899,17.51185
4748.90450,0.33735,-3.67313,54.91942,9.15393,9.45815,18.73365,17.57369
4748.91450,0.33136,-3.67658,54.93186,9.14559,9.46239,18.74072,17.58316
4748.92450,0.29767,-3.68681,54.91195,9.16090,9.41568,18.67257,17.66280
4748.93450,0.28736,-3.68995,54.90586,9.16559,9.40139,18.65172,17.68716
4748.94450,0.30345,-3.69264,54.92739,9.15032,9.41745,18.69831,17.66132
4748.95450,0.32517,-3.69629,54.95649,9.12968,9.43914,18.76128,17.62640
4748.96450,0.29902,-3.63481,54.93586,9.18559,9.52439,18.66172,17.56416
4748.97450,0.29210,-3.61333,54.98084,9.20697,9.57011,18.65435,17.54941
4748.98450,0.31771,-3.59595,54.88368,9.22910,9.55665,18.61545,17.48249
4748.99450,0.32836,-3.59225,54.84086,9.23459,9.54539,18.60172,17.45916
4749.00450,0.33167,-3.59844,54.81823,9.22729,9.53006,18.60172,17.45916
4749.01450,0.33289,-3.60073,54.80986,9.22459,9.52439,18.60172,17.45916
4749.02450,0.37320,-3.60307,54.73786,9.24619,9.47255,18.59452,17.42460
4749.03450,0.37435,-3.61275,54.73313,9.21168,9.48221,18.62808,17.41116
4749.04450,0.36890,-3.61603,54.74186,9.19559,9.49339,18.64172,17.41116
4749.05450,0.34455,-3.59421,54.78712,9.21376,9.54310,18.61575,17.41450
4749.06450,0.34085,-3.55954,54.91327,9.26228,9.62129,18.62662,17.40308
4749.07450,0.36478,-3.56097,54.94486,9.27359,9.61739,18.66172,17.39216
4749.08450,0.33155,-3.54404,54.96841,9.29775,9.64216,18.60736,17.42115
4749.09450,0.30979,-3.53294,54.98386,9.31359,9.65839,18.57172,17.44016
4749.10450,0.33496,-3.55834,54.87284,9.28309,9.58946,18.57782,17.42247
4749.11450,0.33423,-3.56777,54.83707,9.26359,9.57398,18.57823,17.42127
4749.12450,0.30661,-3.55654,54.89478,9.26359,9.62083,18.57252,17.43784
4749.13450,0.30275,-3.55497,54.90286,9.26359,9.62739,18.57172,17.44016
4749.14450,0.28742,-3.56525,54.87557,9.25591,9.60095,18.54613,17.47257
4749.15450,0.28738,-3.56811,54.88096,9.22934,9.62248,18.57538,17.45375
4749.16450,0.28787,-3.56832,54.88286,9.22459,9.62739,18.58172,17.44916
4749.17450,0.28787,-3.56832,54.88286,9.22459,9.62739,18.58172,17.44916
4749.18450,0.36451,-3.52905,54.86686,9.32359,9.61739,18.57172,17.35416
4749.19450,0.34402,-3.52059,54.95695,9.32359,9.66887,18.59152,17.37297
4749.20450,0.30916,-3.49984,54.87062,9.31378,9.69880,18.51330,17.34473
4749.21450,0.30785,-3.50076,54.85557,9.31359,9.69155,18.50421,17.34623
4749.22450,0.30582,-3.51292,54.75502,9.31244,9.62866,18.45180,17.36213
4749.23450,0.32889,-3.52160,54.81786,9.30359,9.63839,18.52172,17.35416
4749.24450,0.32238,-3.51979,54.83773,9.30543,9.64778,18.52172,17.36281
4749.25450,0.29412,-3.51192,54.92413,9.31343,9.68858,18.52172,17.40041
4749.26450,0.29202,-3.51126,54.93711,9.31359,9.69452,18.52547,17.40354
4749.27450,0.27591,-3.50977,54.98389,9.30209,9.72579,18.54022,17.41579
4749.28450,0.25792,-3.51677,54.87686,9.26359,9.71039,18.50172,17.40116
4749.29450,0.26003,-3.50531,54.87157,9.27279,9.72695,18.49252,17.37931
4749.30450,0.27315,-3.47906,54.84328,9.29669,9.75640,18.47092,17.31927
4749.31450,0.29340,-3.51974,54.80786,9.27359,9.66939,18.50172,17.36316
4749.32450,0.28754,-3.51483,54.85063,9.28072,9.68888,18.50885,17.37219
4749.33450,0.26882,-3.49910,54.98786,9.30359,9.75139,18.53172,17.40116
4749.34450,0.26534,-3.50299,54.95781,9.28703,9.74817,18.52865,17.39395
4749.35450,0.25018,-3.51993,54.82714,9.21503,9.73417,18.51532,17.36262
4749.36450,0.25835,-3.52448,54.70186,9.19559,9.69939,18.48172,17.32516
4749.37450,0.25835,-3.52448,54.70186,9.19559,9.69939,18.48172,17.32516
4749.38450,0.29777,-3.53776,54.75947,9.24459,9.63839,18.51172,17.36477
4749.39450,0.26090,-3.55386,54.85617,9.23920,9.63839,18.51942,17.45916
4749.40450,0.26885,-3.57344,54.87965,9.19232,9.64623,18.58825,17.45284
4749.41450,0.27428,-3.56349,54.91886,9.16559,9.71039,18.64172,17.40116
4749.42450,0.27136,-3.56094,54.90700,9.16882,9.70921,18.62878,17.40019
4749.43450,0.24987,-3.54576,54.80231,9.18750,9.69103,18.52990,17.39389
4749.44450,0.27677,-3.60491,54.73686,9.10659,9.60739,18.61172,17.41116
4749.45450,0.27862,-3.60385,54.74266,9.11185,9.60666,18.61172,17.41243
4749.46450,0.29702,-3.59324,54.80066,9.16452,9.59933,18.61172,17.42509
4749.47450,0.30437,-3.58900,54.82386,9.18559,9.59639,18.61172,17.43016
4749.48450,0.29660,-3.60200,54.88462,9.17511,9.59639,18.64315,17.46997
4749.49450,0.26858,-3.64673,54.92819,9.13309,9.54556,18.67172,17.57783
4749.50450,0.26439,-3.65332,54.92586,9.12659,9.53539,18.67172,17.59216
4749.51450,0.26561,-3.65330,54.97381,9.11078,9.56753,18.71334,17.58215
4749.52450,0.23892,-3.63491,54.96972,9.08030,9.64096,18.70786,17.54059
4749.53450,0.23428,-3.63184,54.96186,9.07759,9.64839,18.70072,17.53516
4749.54450,0.21072,-3.62344,54.96284,9.06778,9.67878,18.68112,17.53516
4749.55450,0.21025,-3.62327,54.96286,9.06759,9.67939,18.68072,17.53516
4749.56450,0.20019,-3.61963,54.89883,9.05452,9.67939,18.64871,17.51621
4749.57450,0.18102,-3.63995,54.88576,9.02514,9.65539,18.64720,17.55803
4749.58450,0.17699,-3.64644,54.89186,9.01859,9.64839,18.65172,17.57316
4749.59450,0.18450,-3.65039,54.83780,9.04308,9.59602,18.60949,17.58921
4749.60450,0.16640,-3.66317,54.86676,9.01996,9.59823,18.62427,17.62429
4749.61450,0.15134,-3.67248,54.89686,8.99859,9.60739,18.64172,17.64916
4749.62450,0.12889,-3.66585,54.98742,9.00998,9.64270,18.64742,17.68732
4749.63450,0.11198,-3.66084,55.05586,9.01859,9.66939,18.65172,17.71616
4749.64450,0.10896,-3.69231,55.03025,8.97460,9.62875,18.67900,17.74790
4749.65450,0.07820,-3.68929,55.00016,8.94652,9.65393,18.65289,17.74682
4749.66450,0.06565,-3.67686,54.99586,8.94959,9.67939,18.63172,17.73516
4749.67450,0.06438,-3.69233,54.91655,8.95648,9.60836,18.58344,17.76826
4749.68450,0.06432,-3.71941,54.93780,8.93039,9.57639,18.62012,17.81090
4749.69450,0.06451,-3.72684,54.95886,8.91959,9.57639,18.64172,17.82116
4749.70450,0.09842,-3.75666,54.90213,8.94868,9.45639,18.62717,17.86989
4749.71450,0.11115,-3.76786,54.88086,8.95959,9.41139,18.62172,17.88816
4749.72450,0.07735,-3.78278,54.92215,8.93009,9.41877,18.62909,17.94420
4749.73450,0.06357,-3.81809,54.95591,8.88369,9.39135,18.67495,18.00592
4749.74450,0.06293,-3.82903,54.96286,8.87059,9.38039,18.69072,18.02116
4749.75450,0.05004,-3.79107,54.97220,8.90504,9.44055,18.64458,17.98203
4749.76450,0.03403,-3.76159,54.99616,8.92959,9.49511,18.61172,17.95974
4749.77450,0.04069,-3.76391,55.04055,8.92959,9.50439,18.64241,17.96416
4749.78450,0.06733,-3.77386,54.96287,8.91739,9.46657,18.64952,17.92939
4749.79450,0.07956,-3.77853,54.90086,8.90959,9.44239,18.64172,17.90716
4749.80450,0.08604,-3.76165,54.90879,8.93399,9.46130,18.62952,17.88398
4749.81450,0.11162,-3.78615,54.88428,8.93726,9.39083,18.64637,17.90983
4749.82450,0.12499,-3.80816,54.86586,8.92959,9.33939,18.66172,17.93516
4749.83450,0.12499,-3.80816,54.86586,8.92959,9.33939,18.66172,17.93516
4749.84450,0.06530,-3.77855,54.95486,8.96859,9.40139,18.59172,17.99316
4749.85450,0.04073,-3.80022,54.96424,8.92555,9.39532,18.60827,18.03509
4749.86450,0.07977,-3.79559,54.95522,8.95097,9.37807,18.62788,17.99830
4749.87450,0.11654,-3.78173,54.94486,8.98859,9.37039,18.63172,17.95416
4749.88450,0.07893,-3.76509,54.95567,8.98389,9.41880,18.59412,17.95886
4749.89450,0.04295,-3.76428,54.89570,8.95058,9.43399,18.55172,17.95941
4749.90450,0.05006,-3.78418,54.81586,8.91959,9.39039,18.55172,17.95416
4749.91450,0.07270,-3.78777,54.82338,8.94732,9.35655,18.55642,17.96309
4749.92450,0.09822,-3.79181,54.83186,8.97859,9.31839,18.56172,17.97316
4749.93450,0.10048,-3.79853,54.85580,8.96136,9.32744,18.59383,17.97316
4749.94450,0.10529,-3.81280,54.90673,8.92472,9.34670,18.66215,17.97316
4749.95450,0.12956,-3.83823,54.87184,8.91959,9.27903,18.68052,17.99271
4749.96450,0.14237,-3.83615,54.86804,8.93088,9.27147,18.68354,17.98215
4749.97450,0.17299,-3.82835,54.84493,8.95832,9.25513,18.68326,17.94822
4749.98450,0.16919,-3.82040,54.73486,8.94959,9.24639,18.63172,17.90716
4749.99450,0.16600,-3.80828,54.77813,8.97190,9.26757,18.62717,17.91149
4750.00450,0.15521,-3.76733,54.92486,9.04759,9.33939,18.61172,17.92616
4750.01450,0.16082,-3.77730,54.86598,9.01815,9.32513,18.61862,17.90408
4750.02450,0.16419,-3.81053,54.71695,8.91959,9.29412,18.64637,17.85688
4750.03450,0.11313,-3.80955,54.87586,8.91959,9.34939,18.66172,17.94516
4750.04450,0.13045,-3.80448,54.84639,8.92672,9.34464,18.66172,17.91332
4750.05450,0.18295,-3.79557,54.75531,8.94499,9.31743,18.66402,17.82887
4750.06450,0.17226,-3.82025,54.76686,8.92959,9.27739,18.67172,17.88816
4750.07450,0.17226,-3.82025,54.76686,8.92959,9.27739,18.67172,17.88816
4750.08450,0.18031,-3.82673,54.84386,8.93959,9.27739,18.71072,17.91616
4750.09450,0.18062,-3.82436,54.85676,8.94649,9.28049,18.71072,17.91906
4750.10450,0.17950,-3.80150,54.97106,9.00759,9.31249,18.70582,17.94516
4750.11450,0.14409,-3.78768,54.95486,8.99859,9.34939,18.66172,17.94516
4750.12450,0.14537,-3.78094,54.94277,9.00175,9.35843,18.65410,17.92850
4750.13450,0.15766,-3.72436,54.82556,9.02469,9.43239,18.58772,17.78076
4750.14450,0.17418,-3.71212,54.66086,8.99859,9.43239,18.55172,17.67816
4750.15450,0.17418,-3.71212,54.66086,8.99859,9.43239,18.55172,17.67816
4750.16450,0.16090,-3.65184,54.74791,9.10305,9.50203,18.47434,17.66849
4750.17450,0.16045,-3.64980,54.75086,9.10659,9.50439,18.47172,17.66816
4750.18450,0.20114,-3.70324,54.74792,9.05858,9.42307,18.56970,17.69657
4750.19450,0.19899,-3.72484,54.71650,9.03799,9.38121,18.57172,17.72558
4750.20450,0.19893,-3.72526,54.71586,9.03759,9.38039,18.57172,17.72616
4750.21450,0.22699,-3.76015,54.70519,8.99976,9.33092,18.63962,17.73489
4750.22450,0.23835,-3.75127,54.82973,9.04764,9.34612,18.66904,17.76694
4750.23450,0.24664,-3.74340,54.92886,9.08659,9.35939,18.69072,17.79216
4750.24450,0.25593,-3.74245,54.94350,9.09619,9.35699,18.70032,17.79000
4750.25450,0.28534,-3.73945,54.98986,9.12659,9.34939,18.73072,17.78316
4750.26450,0.28062,-3.74037,54.95674,9.10612,9.35652,18.72842,17.76568
4750.27450,0.26912,-3.73991,54.87583,9.04897,9.38760,18.73001,17.70925
4750.28450,0.28345,-3.72824,54.97486,9.08659,9.41139,18.76072,17.71616
4750.29450,0.27709,-3.73275,54.95849,9.07586,9.40575,18.75507,17.72181
4750.30450,0.27086,-3.76126,54.86491,9.03217,9.34935,18.74349,17.73989
4750.31450,0.27036,-3.77088,54.83386,9.01859,9.32939,18.74072,17.74516
4750.32450,0.27227,-3.76082,54.91416,9.03246,9.36662,18.76992,17.74516
4750.33450,0.27297,-3.75711,54.94386,9.03759,9.38039,18.78072,17.74516
4750.34450,0.32927,-3.78739,54.84641,9.03759,9.27489,18.80270,17.73124
4750.35450,0.32237,-3.76921,54.97972,9.08109,9.31972,18.81809,17.76082
4750.36450,0.31262,-3.75884,55.03986,9.09659,9.34939,18.82072,17.77316
4750.37450,0.34092,-3.77919,55.01258,9.04571,9.34202,18.89372,17.73113
4750.38450,0.32905,-3.77578,54.90202,9.03484,9.32416,18.83339,17.70963
4750.39450,0.32072,-3.77173,54.86386,9.03759,9.31839,18.80072,17.70716
4750.40450,0.30254,-3.78268,54.95730,9.04732,9.31353,18.81532,17.78113
4750.41450,0.28343,-3.79419,55.05586,9.05759,9.30839,18.83072,17.85916
4750.42450,0.31594,-3.79613,55.03329,9.05149,9.30229,18.86671,17.81280
4750.43450,0.31033,-3.77628,54.97799,9.05979,9.32340,18.82323,17.77157
4750.44450,0.29342,-3.76279,54.95186,9.06759,9.33939,18.78072,17.76416
4750.45450,0.25009,-3.74326,54.87125,9.03789,9.38909,18.71466,17.72961
4750.46450,0.22651,-3.73078,54.87077,9.01859,9.43827,18.70384,17.71008
4750.47450,0.23412,-3.73118,54.95588,9.01859,9.46593,18.75650,17.71487
4750.48450,0.20784,-3.72846,55.05013,9.01859,9.50420,18.77072,17.75663
4750.49450,0.18930,-3.72661,55.09686,9.01859,9.52439,18.77072,17.78316
4750.50450,0.21090,-3.73624,54.98989,9.01859,9.46516,18.74420,17.76194
4750.51450,0.24825,-3.74560,54.86596,9.02625,9.39330,18.72129,17.72511
4750.52450,0.27597,-3.73769,54.89686,9.04759,9.40139,18.75072,17.69716
4750.53450,0.26492,-3.74419,54.88716,9.02868,9.40139,18.75072,17.70637
4750.54450,0.22606,-3.74585,55.00251,9.00374,9.46107,18.78468,17.75303
4750.55450,0.19741,-3.74030,55.13586,8.99859,9.52439,18.82072,17.79216
4750.56450,0.18057,-3.73810,55.09451,8.98005,9.53437,18.79696,17.78313
4750.57450,0.16194,-3.73565,55.04886,8.95959,9.54539,18.77072,17.77316
4750.58450,0.16954,-3.73358,55.03292,8.96484,9.53978,18.76710,17.76121
4750.59450,0.18539,-3.72927,54.99971,8.97578,9.52808,18.75955,17.73630
4750.60450,0.20125,-3.72495,54.96651,8.98673,9.51638,18.75200,17.71139
4750.61450,0.18343,-3.71261,54.97286,8.96859,9.56639,18.75072,17.68716
4750.62450,0.23632,-3.69807,54.94023,9.01924,9.53978,18.75072,17.63049
4750.63450,0.29487,-3.69211,54.90652,9.05690,9.50510,18.77027,17.57425
4750.64450,0.29497,-3.69410,54.90273,9.05365,9.50227,18.77173,17.57508
4750.65450,0.28555,-3.71260,54.87486,9.01859,9.48339,18.78072,17.59216
4750.66450,0.28555,-3.71260,54.87486,9.01859,9.48339,18.78072,17.59216
4750.67450,0.39726,-3.75994,54.92189,9.03624,9.36756,18.92860,17.58950
4750.68450,0.43167,-3.78977,55.05686,9.02759,9.34939,19.04972,17.63016
4750.69450,0.44444,-3.79066,55.02052,9.02989,9.33283,19.04512,17.61268
4750.70450,0.48191,-3.80973,54.91726,9.02632,9.25600,19.04352,17.59142
4750.71450,0.46378,-3.86358,54.97886,8.98859,9.18439,19.08972,17.71616
4750.72450,0.48185,-3.85754,55.00508,9.00216,9.19405,19.11249,17.69638
4750.73450,0.54221,-3.83737,55.09286,9.04759,9.22639,19.18872,17.63016
4750.74450,0.53958,-3.83652,55.05984,9.03643,9.22867,19.17961,17.61513
4750.75450,0.53839,-3.82687,54.89902,8.99639,9.23859,19.13574,17.52830
4750.76450,0.56602,-3.80291,54.72586,8.98859,9.24639,19.08972,17.40116
4750.77450,0.56975,-3.79814,54.75953,8.99959,9.25807,19.10072,17.40116
4750.78450,0.58262,-3.78171,54.87586,9.03759,9.29839,19.13872,17.40116
4750.79450,0.59316,-3.78495,54.87362,9.04166,9.28577,19.14686,17.39933
4750.80450,0.64101,-3.79641,54.88017,9.06361,9.23843,19.18892,17.38920
4750.81450,0.69881,-3.78562,55.01486,9.11659,9.25639,19.27872,17.36316
4750.82450,0.70373,-3.78239,55.01786,9.12739,9.25439,19.27572,17.36036
4750.83450,0.74850,-3.75147,55.04766,9.22069,9.24569,19.25472,17.32656
4750.84450,0.75311,-3.73485,55.07286,9.18559,9.32939,19.30872,17.24916
4750.85450,0.74715,-3.73405,55.07068,9.18123,9.33495,19.30436,17.25014
4750.86450,0.69833,-3.72751,55.05286,9.14559,9.38039,19.26872,17.25816
4750.87450,0.69857,-3.72864,55.03365,9.14202,9.37478,19.26268,17.25417
4750.88450,0.70129,-3.74120,54.82023,9.10243,9.31236,19.19557,17.20988
4750.89450,0.78938,-3.75780,54.72809,9.08659,9.25739,19.27517,17.10893
4750.90450,0.79228,-3.75819,54.72786,9.08659,9.25639,19.27872,17.10616
4750.91450,0.77305,-3.74397,54.72618,9.12854,9.24800,19.21159,17.13805
4750.92450,0.72113,-3.72546,54.82471,9.13659,9.31757,19.18883,17.18172
4750.93450,0.72057,-3.72527,54.82586,9.13659,9.31839,19.18872,17.18216
4750.94450,0.77738,-3.67896,54.92677,9.22197,9.37855,19.22753,17.09871
4750.95450,0.77912,-3.67754,54.92986,9.22459,9.38039,19.22872,17.09616
4750.96450,0.74599,-3.72086,54.81515,9.17037,9.29161,19.18158,17.17159
4750.97450,0.71365,-3.72896,55.14443,9.18498,9.36831,19.29609,17.29504
4750.98450,0.71317,-3.72888,55.15186,9.18559,9.37039,19.29872,17.29716
4750.99450,0.73397,-3.68272,55.13439,9.26127,9.40047,19.24050,17.23215
4751.00450,0.71371,-3.68571,55.13218,9.25854,9.39523,19.21629,17.26212
4751.01450,0.69734,-3.68915,55.13086,9.25459,9.39039,19.19872,17.28716
4751.02450,0.70513,-3.68613,55.06646,9.25459,9.37593,19.17539,17.26056
4751.03450,0.71405,-3.68266,54.99286,9.25459,9.35939,19.14872,17.23016
4751.04450,0.72493,-3.69536,54.93410,9.23803,9.32546,19.14872,17.22188
4751.05450,0.69545,-3.65415,54.91671,9.27666,9.38021,19.06372,17.19612
4751.06450,0.69022,-3.64693,54.91586,9.28359,9.39039,19.04972,17.19216
4751.07450,0.68966,-3.63851,54.93371,9.30059,9.39974,19.04122,17.19216
4751.08450,0.68956,-3.63702,54.93686,9.30359,9.40139,19.03972,17.19216
4751.09450,0.70889,-3.62225,54.90404,9.32799,9.40139,19.02289,17.15176
4751.10450,0.72922,-3.62213,54.98957,9.37544,9.38339,19.04543,17.18530
4751.11450,0.73200,-3.62258,55.00486,9.38259,9.38039,19.04972,17.19216
4751.12450,0.72680,-3.62128,55.00796,9.37959,9.38759,19.04772,17.19306
4751.13450,0.68196,-3.61391,55.01109,9.34921,9.43681,19.02274,17.20232
4751.14450,0.69652,-3.64708,54.82286,9.32359,9.31839,18.96972,17.21116
4751.15450,0.71214,-3.63388,54.84111,9.31629,9.36365,19.00622,17.15495
4751.16450,0.71791,-3.62900,54.84786,9.31359,9.38039,19.01972,17.13416
4751.17450,0.69938,-3.61170,54.87779,9.32746,9.41835,18.99782,17.13416
4751.18450,0.69268,-3.61673,54.94564,9.33259,9.42428,19.01921,17.16955
4751.19450,0.69274,-3.62079,54.96586,9.33259,9.42139,19.02972,17.18216
4751.20450,0.65787,-3.59005,54.92425,9.35449,9.45935,18.94212,17.16829
4751.21450,0.61186,-3.59756,54.93514,9.33412,9.46536,18.90972,17.22594
4751.22450,0.59962,-3.60454,54.94486,9.32359,9.46239,18.90972,17.24916
4751.23450,0.60962,-3.60182,55.00143,9.34949,9.46239,18.92558,17.26396
4751.24450,0.61851,-3.59940,55.05186,9.37259,9.46239,18.93972,17.27716
4751.25450,0.60874,-3.58933,55.01766,9.37259,9.47499,18.90972,17.26036
4751.26450,0.56670,-3.57738,55.08278,9.37259,9.52617,18.88972,17.29431
4751.27450,0.54250,-3.57382,55.14286,9.37259,9.55539,18.88972,17.32516
4751.28450,0.54200,-3.54956,55.09650,9.39638,9.57430,18.84153,17.28429
4751.29450,0.50965,-3.55634,55.02843,9.36950,9.56138,18.79242,17.30513
4751.30450,0.48916,-3.57062,55.00386,9.34259,9.54539,18.78072,17.33516
4751.31450,0.49835,-3.57448,54.97789,9.34097,9.52878,18.78072,17.32742
4751.32450,0.54626,-3.59462,54.84286,9.33259,9.44239,18.78072,17.28716
4751.33450,0.54626,-3.59462,54.84286,9.33259,9.44239,18.78072,17.28716
4751.34450,0.49676,-3.59149,54.90891,9.33898,9.46614,18.74542,17.35837
4751.35450,0.44328,-3.58381,54.98286,9.29359,9.55539,18.76072,17.37316
4751.36450,0.44328,-3.58381,54.98286,9.29359,9.55539,18.76072,17.37316
4751.37450,0.45335,-3.56690,54.90755,9.33414,9.52974,18.69451,17.34916
4751.38450,0.44858,-3.60675,54.96895,9.28427,9.50463,18.76967,17.41038
4751.39450,0.45471,-3.60701,54.92965,9.28359,9.49124,18.75808,17.39675
4751.40450,0.47311,-3.60628,54.81086,9.28359,9.45239,18.72072,17.35416
4751.41450,0.44734,-3.62094,54.78106,9.25968,9.43091,18.69681,17.39366
4751.42450,0.38190,-3.64494,54.79286,9.21802,9.41890,18.66168,17.49426
4751.43450,0.34994,-3.63795,54.92286,9.22459,9.47339,18.68072,17.54416
4751.44450,0.35120,-3.63191,54.94019,9.23810,9.48032,18.67760,17.54416
4751.45450,0.34820,-3.62244,54.98625,9.26359,9.49339,18.67172,17.55755
4751.46450,0.33004,-3.62590,54.99141,9.25700,9.49339,18.65786,17.58316
4751.47450,0.30942,-3.62685,54.97381,9.23428,9.50782,18.64546,17.58625
4751.48450,0.29860,-3.62924,55.01386,9.21459,9.53539,18.67172,17.59216
4751.49450,0.29860,-3.62924,55.01386,9.21459,9.53539,18.67172,17.59216
4751.50450,0.24645,-3.61781,54.89340,9.18202,9.55443,18.57712,17.57983
4751.51450,0.22977,-3.64221,54.81486,9.13659,9.51439,18.56172,17.60216
4751.52450,0.22609,-3.63618,54.80543,9.14556,9.51669,18.54332,17.59986
4751.53450,0.21374,-3.61600,54.77386,9.17559,9.52439,18.48172,17.59216
4751.54450,0.21374,-3.61600,54.77386,9.17559,9.52439,18.48172,17.59216
4751.55450,0.24247,-3.66460,54.80111,9.16821,9.42427,18.53922,17.66941
4751.56450,0.17601,-3.65279,54.83086,9.11659,9.51439,18.52172,17.67816
4751.57450,0.16812,-3.65814,54.85524,9.10969,9.51669,18.53092,17.69794
4751.58450,0.13113,-3.67939,54.91386,9.07302,9.52209,18.55022,17.76853
4751.59450,0.09545,-3.69064,54.83686,9.02759,9.51439,18.51172,17.78316
4751.60450,0.09545,-3.69064,54.83686,9.02759,9.51439,18.51172,17.78316
4751.61450,0.12174,-3.65485,55.08686,9.11659,9.59639,18.58172,17.79216
4751.62450,0.12030,-3.65581,55.05650,9.10768,9.59267,18.57354,17.78261
4751.63450,0.10192,-3.66448,54.77256,9.02249,9.56059,18.49272,17.69676
4751.64450,0.06649,-3.65546,54.94986,9.05759,9.60739,18.50172,17.78316
4751.65450,0.06649,-3.65546,54.94986,9.05759,9.60739,18.50172,17.78316
4751.66450,0.08215,-3.63015,54.91027,9.11598,9.59651,18.44332,17.75446
4751.67450,0.15294,-3.66863,54.94221,9.14501,9.48563,18.52016,17.79141
4751.68450,0.15437,-3.66941,54.94286,9.14559,9.48339,18.52172,17.79216
4751.69450,0.09747,-3.66339,54.92158,9.12375,9.51251,18.46068,17.82464
4751.70450,0.05274,-3.65866,54.90486,9.10659,9.53539,18.41272,17.85016
4751.71450,0.05059,-3.65918,54.94093,9.09917,9.55381,18.43549,17.85246
4751.72450,0.03918,-3.66230,54.98545,9.05317,9.60739,18.48931,17.83557
4751.73450,0.03185,-3.66460,54.89986,9.01859,9.60739,18.47172,17.80216
4751.74450,0.04586,-3.66045,54.94510,9.07205,9.57929,18.45870,17.83506
4751.75450,0.01962,-3.65362,55.03200,9.08821,9.60909,18.45272,17.88197
4751.76450,0.01328,-3.65267,55.04486,9.08659,9.61739,18.45272,17.88816
4751.77450,0.01328,-3.65016,55.02956,9.07894,9.62589,18.45272,17.87201
4751.78450,0.03137,-3.65682,54.98095,9.07759,9.59467,18.45272,17.85598
4751.79450,0.05269,-3.66519,54.92694,9.07759,9.55616,18.45272,17.84047
4751.80450,0.00433,-3.66823,54.77538,9.01965,9.55539,18.37352,17.82682
4751.81450,-0.00208,-3.67029,54.72786,8.99859,9.55539,18.36272,17.81116
4751.82450,-0.01389,-3.65824,54.81473,9.02706,9.58532,18.36272,17.83963
4751.83450,-0.01939,-3.66964,54.88940,9.01390,9.59639,18.40623,17.87288
4751.84450,-0.02059,-3.68655,54.93486,8.98859,9.59639,18.45272,17.89716
4751.85450,-0.04469,-3.67168,54.90197,8.98271,9.62693,18.41161,17.88072
4751.86450,-0.06164,-3.66123,54.87886,8.97859,9.64839,18.38272,17.86916
4751.87450,-0.02943,-3.69462,54.91606,8.97859,9.58059,18.44212,17.91476
4751.88450,-0.02643,-3.71349,54.91686,8.97859,9.53539,18.44632,17.95656
4751.89450,-0.03874,-3.71125,54.90086,8.97859,9.53539,18.42272,17.96416
4751.90450,-0.03106,-3.68439,54.90499,8.99629,9.58377,18.41682,17.90811
4751.91450,-0.04855,-3.66811,54.87031,9.00263,9.60488,18.37100,17.89181
4751.92450,-0.06405,-3.66973,54.84486,8.99859,9.59639,18.34272,17.90716
4751.93450,-0.05935,-3.66712,54.88026,9.01039,9.60288,18.35452,17.91247
4751.94450,-0.05609,-3.66531,54.90486,9.01859,9.60739,18.36272,17.91616
4751.95450,-0.05609,-3.66531,54.90486,9.01859,9.60739,18.36272,17.91616
4751.96450,-0.10415,-3.68427,55.06410,8.97768,9.65651,18.42192,18.00799
4751.97450,-0.07356,-3.68580,55.10986,9.01859,9.62739,18.44272,18.02116
4751.98450,-0.08974,-3.70311,55.03889,8.97676,9.60342,18.42862,18.03009
4751.99450,-0.11939,-3.70699,55.01526,8.95262,9.61023,18.40332,18.04909
4752.00450,-0.13217,-3.68933,55.07886,8.97859,9.64839,18.39272,18.05916
4752.01450,-0.10339,-3.66524,55.03326,9.02131,9.64839,18.36392,17.99964
4752.02450,-0.07215,-3.63910,54.98386,9.06759,9.64839,18.33272,17.93516
4752.03450,-0.06873,-3.65405,54.88179,9.01631,9.62893,18.33747,17.89908
4752.04450,-0.04381,-3.67103,54.83942,8.98791,9.60211,18.37632,17.87308
4752.05450,-0.02099,-3.67142,54.91586,9.01859,9.59639,18.41272,17.88816
4752.06450,-0.02099,-3.67142,54.91586,9.01859,9.59639,18.41272,17.88816
4752.07450,-0.03423,-3.63973,54.92426,9.04799,9.64619,18.37072,17.85936
4752.08450,-0.00916,-3.70161,54.92386,8.97859,9.56639,18.47172,17.90716
4752.09450,-0.01076,-3.69583,54.93385,8.96805,9.59422,18.48523,17.88636
4752.10450,-0.01415,-3.68355,54.95512,8.94564,9.65341,18.51396,17.84211
4752.11450,-0.01507,-3.68024,54.96086,8.93959,9.66939,18.52172,17.83016
4752.12450,-0.01149,-3.65353,54.88371,9.02088,9.62626,18.40641,17.83016
4752.13450,-0.00523,-3.62313,54.87386,9.02759,9.68939,18.40272,17.75416
4752.14450,-0.00523,-3.62313,54.87386,9.02759,9.68939,18.40272,17.75416
4752.15450,0.02150,-3.57523,54.86231,9.12729,9.70100,18.33110,17.70292
4752.16450,-0.01668,-3.55239,54.82086,9.09659,9.77239,18.29272,17.65916
4752.17450,-0.02931,-3.55809,54.83553,9.08792,9.77239,18.29272,17.68249
4752.18450,-0.07346,-3.57803,54.88686,9.05759,9.77239,18.29272,17.76416
4752.19450,-0.06272,-3.58760,54.86898,9.05759,9.74322,18.29743,17.77075
4752.20450,-0.03649,-3.62154,54.86784,9.07497,9.64377,18.31272,17.83638
4752.21450,-0.06732,-3.63134,55.06986,9.13659,9.62739,18.31272,17.99316
4752.22450,-0.07010,-3.63279,55.08142,9.12770,9.63673,18.32383,17.99316
4752.23450,-0.09141,-3.63052,55.11036,9.10579,9.67399,18.33305,17.99753
4752.24450,-0.13022,-3.60596,55.07186,9.13659,9.68939,18.23372,18.01216
4752.25450,-0.13022,-3.60596,55.07186,9.13659,9.68939,18.23372,18.01216
4752.26450,-0.14746,-3.59997,55.09386,9.09659,9.75139,18.26272,17.98316
4752.27450,-0.14724,-3.60463,55.07839,9.09125,9.74018,18.26065,17.98632
4752.28450,-0.14239,-3.63942,54.96004,9.05557,9.65152,18.24372,18.00923
4752.29450,-0.11497,-3.60872,55.03286,9.12659,9.67939,18.24372,17.98316
4752.30450,-0.12325,-3.61056,55.00771,9.11568,9.67727,18.23160,17.98316
4752.31450,-0.19730,-3.62700,54.78386,9.01859,9.65839,18.12372,17.98316
4752.32450,-0.19264,-3.62799,54.78206,9.01759,9.65639,18.12972,17.97836
4752.33450,-0.15523,-3.63761,54.79142,9.01152,9.64253,18.18776,17.94960
4752.34450,-0.19527,-3.64362,55.01886,9.03759,9.67939,18.22372,18.07816
4752.35450,-0.19527,-3.64362,55.01886,9.03759,9.67939,18.22372,18.07816
4752.36450,-0.23923,-3.59656,54.97534,9.05693,9.75870,18.12700,18.03270
4752.37450,-0.22233,-3.60024,54.98550,9.03818,9.77207,18.17223,18.00302
4752.38450,-0.22177,-3.60040,54.98586,9.03759,9.77239,18.17372,18.00216
4752.39450,-0.21717,-3.56958,54.79768,9.02789,9.79179,18.09612,17.88188
4752.40450,-0.21702,-3.56863,54.79186,9.02759,9.79239,18.09372,17.87816
4752.41450,-0.21589,-3.57430,54.79175,9.01977,9.78653,18.10292,17.88253
4752.42450,-0.21145,-3.62118,54.80650,8.95269,9.74599,18.18292,17.92490
4752.43450,-0.22584,-3.63180,54.85886,8.92959,9.76139,18.21372,17.95416
4752.44450,-0.22388,-3.63060,54.85566,8.93549,9.75729,18.20872,17.95416
4752.45450,-0.20303,-3.62257,54.82270,8.98661,9.71425,18.16768,17.95416
4752.46450,-0.17398,-3.64795,54.78486,8.96859,9.65839,18.20372,17.95416
4752.47450,-0.18119,-3.64382,54.80126,8.96859,9.67389,18.20272,17.95606
4752.48450,-0.24648,-3.60500,54.94316,8.97091,9.81339,18.18791,17.97095
4752.49450,-0.25051,-3.59151,54.89986,8.98859,9.81339,18.14372,17.95416
4752.50450,-0.24593,-3.60786,54.83236,8.96102,9.77852,18.14372,17.94910
4752.51450,-0.24237,-3.62060,54.77986,8.93959,9.75139,18.14372,17.94516
4752.52450,-0.22654,-3.62088,54.86539,8.96326,9.75623,18.18238,17.96352
4752.53450,-0.23618,-3.62895,54.90725,8.95296,9.76139,18.20117,17.99173
4752.54450,-0.26852,-3.63842,54.84686,8.90959,9.76139,18.17372,18.00216
4752.55450,-0.26527,-3.64090,54.85289,8.92023,9.74684,18.17017,18.01564
4752.56450,-0.25936,-3.64540,54.86386,8.93959,9.72039,18.16372,18.04016
4752.57450,-0.26247,-3.63769,54.95566,8.92759,9.78219,18.21712,18.02876
4752.58450,-0.24764,-3.63199,55.04626,8.94359,9.81079,18.26472,18.02716
4752.59450,-0.23639,-3.63161,55.06586,8.95959,9.80239,18.27272,18.03116
4752.60450,-0.24834,-3.62831,54.95358,8.95365,9.77804,18.20797,18.01393
4752.61450,-0.28928,-3.60066,54.86554,8.91443,9.85377,18.15180,17.94554
4752.62450,-0.31148,-3.58345,54.85786,8.89059,9.91639,18.14372,17.90716
4752.63450,-0.32616,-3.59442,54.85786,8.91399,9.86659,18.10172,17.97556
4752.64450,-0.33595,-3.60174,54.85786,8.92959,9.83339,18.07372,18.02116
4752.65450,-0.35745,-3.60463,54.82906,8.90019,9.84599,18.06172,18.02116
4752.66450,-0.38902,-3.62808,54.85426,8.86859,9.82979,18.06572,18.09016
4752.67450,-0.40048,-3.64241,54.88386,8.86059,9.81339,18.07372,18.13616
4752.68450,-0.39495,-3.63541,54.90481,8.87471,9.82323,18.07689,18.12997
4752.69450,-0.37593,-3.60365,54.96550,8.92860,9.86658,18.07693,18.09338
4752.70450,-0.39014,-3.61087,54.89586,8.89959,9.85439,18.05372,18.08816
4752.71450,-0.41133,-3.59607,54.89443,8.88580,9.90334,18.03994,18.06535
4752.72450,-0.43473,-3.57971,54.89286,8.87059,9.95739,18.02472,18.04016
4752.73450,-0.43485,-3.58229,54.85479,8.87059,9.93812,18.00592,18.04016
4752.74450,-0.45252,-3.57416,54.91385,8.89832,9.95023,17.98472,18.08058
4752.75450,-0.47221,-3.56175,55.02886,8.92959,9.98839,17.98472,18.12616
4752.76450,-0.47221,-3.56175,55.02886,8.92959,9.98839,17.98472,18.12616
4752.77450,-0.48497,-3.56577,54.88681,8.90944,9.95004,17.91922,18.10811
4752.78450,-0.48325,-3.58639,54.93686,8.89059,9.93639,17.96472,18.14516
4752.79450,-0.48587,-3.58394,54.91966,8.89059,9.93639,17.95300,18.13969
4752.80450,-0.49357,-3.57674,54.86909,8.89059,9.93639,17.91851,18.12360
4752.81450,-0.49666,-3.57385,54.84886,8.89059,9.93639,17.90472,18.11716
4752.82450,-0.52002,-3.58552,54.85486,8.85725,9.94373,17.91139,18.14249
4752.83450,-0.48512,-3.55881,54.81988,8.89755,9.95565,17.89821,18.06847
4752.84450,-0.47527,-3.55193,54.81186,8.90959,9.95739,17.89472,18.05016
4752.85450,-0.43652,-3.57436,54.96894,8.91799,9.94899,18.01232,18.08964
4752.86450,-0.45792,-3.58131,54.80786,8.89959,9.89539,17.92472,18.08816
4752.87450,-0.45885,-3.58911,54.77970,8.87803,9.88857,17.93132,18.08178
4752.88450,-0.46216,-3.61680,54.67986,8.80159,9.86439,17.95472,18.05916
4752.89450,-0.46310,-3.61323,54.74432,8.82535,9.87121,17.96132,18.08644
4752.90450,-0.45962,-3.60368,54.95931,8.90762,9.88538,17.98865,18.17766
4752.91450,-0.43188,-3.61616,54.90386,8.89959,9.84439,18.00472,18.15516
4752.92450,-0.43146,-3.61861,54.90845,8.89347,9.84619,18.01363,18.15516
4752.93450,-0.43102,-3.64193,54.95018,8.83330,9.86439,18.09481,18.15768
4752.94450,-0.47014,-3.62806,54.90286,8.85059,9.86439,18.00472,18.18316
4752.95450,-0.47014,-3.62806,54.90286,8.85059,9.86439,18.00472,18.18316
4752.96450,-0.46627,-3.63898,54.89486,8.82159,9.86439,18.03472,18.17416
4752.97450,-0.46546,-3.63775,54.90168,8.82868,9.86258,18.03199,18.17843
4752.98450,-0.45985,-3.62576,54.95406,8.89569,9.84229,17.99772,18.21836
4752.99450,-0.48238,-3.62806,54.81186,8.86059,9.82339,17.93472,18.19316
4753.00450,-0.48203,-3.62326,54.80735,8.86236,9.83162,17.93118,18.18219
4753.01450,-0.47858,-3.57521,54.76221,8.88006,9.91392,17.89578,18.07245
4753.02450,-0.41782,-3.61651,54.82003,8.91842,9.79611,17.96262,18.14288
4753.03450,-0.41594,-3.61783,54.82186,8.91959,9.79239,17.96472,18.14516
4753.04450,-0.42868,-3.62692,54.77679,8.86178,9.81297,17.98432,18.11773
4753.05450,-0.42894,-3.62711,54.77586,8.86059,9.81339,17.98472,18.11716
4753.06450,-0.41796,-3.63091,54.80138,8.86939,9.80415,18.00232,18.12552
4753.07450,-0.34378,-3.65958,54.89665,8.89649,9.74049,18.11598,18.14369
4753.08450,-0.33209,-3.66421,54.90886,8.89959,9.73039,18.13372,18.14516
4753.09450,-0.33692,-3.63750,54.95649,8.90825,9.80228,18.14238,18.10359
4753.10450,-0.33767,-3.63337,54.96386,8.90959,9.81339,18.14372,18.09716
4753.11450,-0.31277,-3.64223,54.97864,8.91736,9.78928,18.17483,18.09716
4753.12450,-0.31748,-3.60367,54.91086,8.96841,9.80805,18.08441,18.04999
4753.13450,-0.31994,-3.59509,54.89586,8.97859,9.81339,18.06372,18.04016
4753.14450,-0.30951,-3.64155,54.80413,8.88770,9.76122,18.12263,18.03259
4753.15450,-0.28802,-3.64358,54.73680,8.88756,9.73358,18.11675,17.99892
4753.16450,-0.28453,-3.64237,54.72786,8.89059,9.73039,18.11372,17.99316
4753.17450,-0.26871,-3.65801,54.80592,8.94065,9.66930,18.12220,18.07377
4753.18450,-0.26589,-3.66080,54.81986,8.94959,9.65839,18.12372,18.08816
4753.19450,-0.25809,-3.68774,54.83668,8.90913,9.63976,18.18236,18.10543
4753.20450,-0.24892,-3.71942,54.85646,8.86154,9.61783,18.25134,18.12575
4753.21450,-0.24790,-3.71743,54.95386,8.89959,9.61739,18.26272,18.17416
4753.22450,-0.24885,-3.71393,54.96236,8.90059,9.62769,18.26472,18.16936
4753.23450,-0.24688,-3.68407,55.05021,8.90688,9.72310,18.30434,18.11589
4753.24450,-0.21864,-3.68836,55.08086,8.89959,9.73039,18.36272,18.08816
4753.25450,-0.22283,-3.67254,55.02470,8.92359,9.72559,18.30560,18.06992
4753.26450,-0.22737,-3.65536,54.96386,8.94959,9.72039,18.24372,18.05016
4753.27450,-0.20603,-3.67957,54.92006,8.91959,9.67719,18.27912,18.04416
4753.28450,-0.21025,-3.69136,54.95026,8.90559,9.67299,18.30272,18.06896
4753.29450,-0.22254,-3.68846,54.98986,8.90959,9.68939,18.30272,18.08816
4753.30450,-0.18368,-3.71385,54.95121,8.90959,9.61511,18.33292,18.09360
4753.31450,-0.14484,-3.70907,54.95226,8.93959,9.59699,18.35272,18.06296
4753.32450,-0.13598,-3.69477,54.96986,8.95959,9.61739,18.35272,18.04016
4753.33450,-0.13881,-3.69554,54.97711,8.94147,9.63612,18.37084,18.02868
4753.34450,-0.14067,-3.69604,54.98186,8.92959,9.64839,18.38272,18.02116
4753.35450,-0.14472,-3.69549,54.89541,8.90171,9.64839,18.36252,17.98278
4753.36450,-0.14206,-3.69303,54.76469,8.86836,9.64347,18.33431,17.91854
4753.37450,-0.09619,-3.68435,54.74786,8.90959,9.61739,18.34272,17.87816
4753.38450,-0.05473,-3.69273,54.71890,8.92383,9.57324,18.36646,17.85537
4753.39450,-0.00787,-3.72585,54.68448,8.92058,9.48542,18.41173,17.86675
4753.40450,-0.00683,-3.75218,54.68186,8.89959,9.44239,18.43272,17.90716
4753.41450,0.00972,-3.74505,54.74155,8.93672,9.44239,18.44635,17.91609
4753.42450,0.02834,-3.73704,54.80886,8.97859,9.44239,18.46172,17.92616
4753.43450,0.01635,-3.73724,54.84752,8.96380,9.46968,18.48067,17.93336
4753.44450,0.00029,-3.72737,54.91720,8.95254,9.52814,18.50643,17.93009
4753.45450,0.01015,-3.69900,54.93486,8.98859,9.56639,18.49172,17.88816
4753.46450,0.01043,-3.71058,54.91386,8.96094,9.55904,18.50922,17.88466
4753.47450,0.02853,-3.71866,54.87203,8.94459,9.54186,18.52758,17.85801
4753.48450,0.06067,-3.69402,54.86686,9.00859,9.53539,18.50172,17.82116
4753.49450,0.05001,-3.70299,54.85993,8.97775,9.54232,18.51558,17.82428
4753.50450,0.02990,-3.71990,54.84686,8.91959,9.55539,18.54172,17.83016
4753.51450,0.03596,-3.72868,54.79346,8.91482,9.52106,18.52742,17.83016
4753.52450,0.05285,-3.75317,54.64511,8.90157,9.42570,18.48768,17.83016
4753.53450,0.12826,-3.74582,54.59355,8.96700,9.36059,18.49149,17.77447
4753.54450,0.12998,-3.74556,54.59286,8.96859,9.35939,18.49172,17.77316
4753.55450,0.10208,-3.73738,54.79856,8.98675,9.42993,18.54172,17.84016
4753.56450,0.06146,-3.71909,54.86486,8.96859,9.51439,18.54172,17.84016
4753.57450,0.05485,-3.72353,54.87762,8.96001,9.51659,18.54832,17.85270
4753.58450,0.03144,-3.73924,54.92286,8.92959,9.52439,18.57172,17.89716
4753.59450,0.03144,-3.73924,54.92286,8.92959,9.52439,18.57172,17.89716
4753.60450,0.05704,-3.73653,54.88526,8.95262,9.49525,18.56232,17.87507
4753.61450,-0.00443,-3.72096,54.91386,8.93959,9.55539,18.51172,17.90716
4753.62450,0.00144,-3.72187,54.89896,8.93959,9.54819,18.51172,17.89946
4753.63450,0.05054,-3.72903,54.77276,8.94059,9.48749,18.50972,17.83496
4753.64450,0.01530,-3.71989,54.84386,8.94959,9.52439,18.49172,17.87816
4753.65450,0.01577,-3.72168,54.85066,8.94859,9.52339,18.49672,17.88196
4753.66450,0.02001,-3.73771,54.91186,8.93959,9.51439,18.54172,17.91616
4753.67450,0.02001,-3.73771,54.91186,8.93959,9.51439,18.54172,17.91616
4753.68450,0.02332,-3.72948,54.91746,8.93959,9.53609,18.54872,17.89306
4753.69450,0.03345,-3.73166,54.94571,8.93959,9.54034,18.57572,17.89006
4753.70450,0.04086,-3.76405,54.97886,8.93959,9.47339,18.60172,17.96416
4753.71450,0.07918,-3.74723,54.98054,8.97231,9.48178,18.61850,17.90794
4753.72450,0.06928,-3.75224,54.83951,8.91983,9.47488,18.58766,17.85714
4753.73450,0.06626,-3.75368,54.81486,8.90959,9.47339,18.58172,17.85016
4753.74450,0.08283,-3.72481,54.84580,8.97703,9.48577,18.55078,17.83222
4753.75450,0.09303,-3.70704,54.86486,9.01859,9.49339,18.53172,17.82116
4753.76450,0.09166,-3.76379,54.68381,8.91744,9.39734,18.54022,17.82881
4753.77450,0.08457,-3.77223,54.72156,8.89194,9.41524,18.57572,17.83866
4753.78450,0.08336,-3.77194,54.73386,8.89059,9.42139,18.58172,17.84016
4753.79450,0.11162,-3.73948,54.72706,8.95689,9.43074,18.54772,17.79171
4753.80450,0.05773,-3.75195,54.75731,8.90994,9.45789,18.54172,17.84776
4753.81450,0.04734,-3.75516,54.76286,8.89959,9.46239,18.54172,17.85916
4753.82450,0.07954,-3.76431,54.77851,8.91578,9.42947,18.57410,17.85916
4753.83450,0.10698,-3.77211,54.79186,8.92959,9.40139,18.60172,17.85916
4753.84450,0.12255,-3.76982,54.80961,8.94104,9.40139,18.61890,17.84828
4753.85450,0.14187,-3.76508,54.89795,8.95985,9.42354,18.66900,17.84556
4753.86450,0.14841,-3.76252,54.96186,8.96859,9.44239,18.70072,17.85016
4753.87450,0.16021,-3.76569,54.91777,8.97581,9.41276,18.68626,17.84293
4753.88450,0.12890,-3.77823,54.83955,8.90873,9.42349,18.67430,17.83303
4753.89450,0.11444,-3.78280,54.81486,8.88059,9.43239,18.67172,17.83016
4753.90450,0.11444,-3.78280,54.81486,8.88059,9.43239,18.67172,17.83016
4753.91450,0.13400,-3.76463,54.78086,8.93074,9.41454,18.62922,17.80636
4753.92450,0.13745,-3.76142,54.77486,8.93959,9.41139,18.62172,17.80216
4753.93450,0.16776,-3.74747,54.84186,8.94559,9.46139,18.68782,17.74706
4753.94450,0.14018,-3.75865,54.78786,8.90959,9.45239,18.66172,17.76416
4753.95450,0.13493,-3.74919,54.79611,8.91959,9.46789,18.64922,17.75941
4753.96450,0.11711,-3.72944,54.85602,8.96465,9.49044,18.61172,17.78921
4753.97450,0.11385,-3.74311,54.91186,8.98859,9.45239,18.61172,17.85916
4753.98450,0.12764,-3.73484,54.89557,8.99324,9.46217,18.61637,17.82379
4753.99450,0.14351,-3.72534,54.87686,8.99859,9.47339,18.62172,17.78316
4754.00450,0.14963,-3.73543,54.83314,8.98908,9.44393,18.61697,17.78316
4754.01450,0.14921,-3.74695,54.83092,8.98329,9.42126,18.62112,17.80525
4754.02450,0.14113,-3.74737,54.88286,8.98859,9.43239,18.63172,17.83016
4754.03450,0.12988,-3.74155,54.85513,8.98389,9.44179,18.60822,17.82123
4754.04450,0.09943,-3.73317,54.86862,8.97486,9.47552,18.58545,17.83279
4754.05450,0.06965,-3.73014,54.94386,8.96859,9.51439,18.59172,17.86916
4754.06450,0.07551,-3.73969,54.90917,8.95519,9.49310,18.59515,17.86573
4754.07450,0.08675,-3.75800,54.84286,8.92959,9.45239,18.60172,17.85916
4754.08450,0.09416,-3.74595,54.87226,8.94324,9.47759,18.61222,17.83921
4754.09450,0.11266,-3.73670,54.89466,8.95494,9.49569,18.63522,17.80881
4754.10450,0.12151,-3.76104,54.83486,8.92959,9.44239,18.64172,17.82116
4754.11450,0.10747,-3.74836,54.80756,8.93659,9.45674,18.60322,17.81101
4754.12450,0.09170,-3.74183,54.77261,8.94259,9.45469,18.55972,17.81561
4754.13450,0.11091,-3.77350,54.80186,8.92959,9.40139,18.61172,17.85916
4754.14450,0.11091,-3.77350,54.80186,8.92959,9.40139,18.61172,17.85916
4754.15450,0.11008,-3.76061,54.88770,8.93800,9.45273,18.64538,17.85159
4754.16450,0.09455,-3.75918,54.92497,8.93959,9.46706,18.64283,17.87549
4754.17450,0.03640,-3.76487,55.00093,8.93269,9.48569,18.61402,17.96853
4754.18450,0.02155,-3.77222,55.00786,8.90959,9.49339,18.62172,17.98316
4754.19450,0.02076,-3.75454,55.02700,8.93137,9.52067,18.60852,17.96644
4754.20450,0.01798,-3.69198,55.09486,9.00859,9.61739,18.56172,17.90716
4754.21450,0.02558,-3.69901,55.07554,9.00229,9.60017,18.56802,17.90506
4754.22450,0.04121,-3.72601,54.98122,8.97244,9.53306,18.57051,17.90522
4754.23450,-0.00720,-3.72787,54.90086,8.94959,9.52439,18.49172,17.93516
4754.24450,0.00278,-3.72556,54.88436,8.95179,9.52219,18.49392,17.91646
4754.25450,0.03407,-3.71941,54.82715,8.95029,9.51922,18.50643,17.85122
4754.26450,0.01528,-3.72868,54.83304,8.90805,9.54114,18.52782,17.85603
4754.27450,0.00252,-3.73905,54.87466,8.88286,9.55539,18.55766,17.87874
4754.28450,0.00069,-3.75370,55.00286,8.89059,9.55539,18.61172,17.94516
4754.29450,0.01591,-3.75333,54.97756,8.90186,9.53653,18.60712,17.93205
4754.30450,0.06784,-3.75050,54.91500,8.94203,9.48220,18.60151,17.88926
4754.31450,0.07170,-3.74360,55.01128,8.95267,9.52050,18.64406,17.89405
4754.32450,0.07420,-3.73913,55.07386,8.95959,9.54539,18.67172,17.89716
4754.33450,0.05341,-3.73524,55.01599,8.94226,9.55267,18.63360,17.88746
4754.34450,0.02267,-3.73812,54.80349,8.89276,9.52381,18.53768,17.84924
4754.35450,0.03915,-3.75782,54.60586,8.86059,9.44239,18.49172,17.81116
4754.36450,0.03712,-3.75891,54.76199,8.86599,9.48669,18.56195,17.84736
4754.37450,0.03540,-3.75984,54.89486,8.87059,9.52439,18.62172,17.87816
4754.38450,0.05895,-3.76143,54.89895,8.92704,9.46548,18.59717,17.90925
4754.39450,0.05623,-3.75654,54.86220,8.93959,9.45239,18.56275,17.90747
4754.40450,0.05594,-3.75635,54.86086,8.93959,9.45239,18.56172,17.90716
4754.41450,-0.00478,-3.76355,54.85988,8.89157,9.48277,18.53232,17.95322
4754.42450,0.03153,-3.76716,54.82105,8.89932,9.45331,18.55113,17.91729
4754.43450,0.03268,-3.76727,54.81986,8.89959,9.45239,18.55172,17.91616
4754.44450,0.08184,-3.78249,54.81496,8.86137,9.45239,18.64972,17.85148
4754.45450,0.08285,-3.78280,54.81486,8.86059,9.45239,18.65172,17.85016
4754.46450,0.09174,-3.77863,54.80736,8.88309,9.43739,18.63672,17.85016
4754.47450,0.11155,-3.76673,54.92959,8.94065,9.44936,18.66566,17.87392
4754.48450,0.11455,-3.76486,54.95186,8.94959,9.45239,18.67172,17.87816
4754.49450,0.12783,-3.77912,54.80290,8.89993,9.41789,18.66330,17.82177
4754.50450,0.13034,-3.78181,54.77486,8.89059,9.41139,18.66172,17.81116
4754.51450,0.10387,-3.80981,54.77314,8.83134,9.40281,18.68662,17.85237
4754.52450,0.05624,-3.79855,54.86488,8.86373,9.42805,18.63998,17.93312
4754.53450,0.04921,-3.79597,54.87986,8.87059,9.43239,18.63172,17.94516
4754.54450,0.05715,-3.77534,54.90146,8.90587,9.45399,18.61732,17.92428
4754.55450,0.06310,-3.75645,54.92208,8.92447,9.48780,18.61661,17.89319
4754.56450,0.06611,-3.74507,54.93486,8.92959,9.51439,18.62172,17.86916
4754.57450,0.04910,-3.74471,54.97793,8.92959,9.52972,18.62172,17.89690
4754.58450,0.04281,-3.74457,54.99386,8.92959,9.53539,18.62172,17.90716
4754.59450,0.03952,-3.73913,54.79895,8.90777,9.50485,18.54172,17.84461
4754.60450,0.00997,-3.74260,54.72658,8.86417,9.51580,18.51172,17.83489
4754.61450,-0.00089,-3.74472,54.72686,8.85059,9.52439,18.51172,17.84016
4754.62450,0.03222,-3.76166,54.68541,8.89350,9.42694,18.48990,17.87507
4754.63450,0.04171,-3.77141,54.75356,8.90576,9.41409,18.52376,17.90995
4754.64450,0.03770,-3.77603,54.86822,8.90053,9.44655,18.58135,17.93979
4754.65450,0.03698,-3.77687,54.88886,8.89959,9.45239,18.59172,17.94516
4754.66450,0.04307,-3.76185,54.93155,8.89959,9.50285,18.62083,17.90829
4754.67450,0.04326,-3.76139,54.93286,8.89959,9.50439,18.62172,17.90716
4754.68450,-0.01527,-3.74504,55.00504,8.88686,9.58076,18.59627,17.94116
4754.69450,0.10081,-3.73150,54.92686,8.94959,9.52439,18.64172,17.81116
4754.70450,0.08225,-3.72713,54.96793,8.94959,9.54874,18.63879,17.83081
4754.71450,0.06207,-3.72001,55.03415,8.93831,9.59950,18.65766,17.83868
4754.72450,0.10268,-3.72562,54.97986,8.91959,9.58639,18.70072,17.77316
4754.73450,0.09862,-3.72961,54.91261,8.91959,9.55415,18.66179,17.77709
4754.74450,0.09233,-3.73579,54.80886,8.91959,9.50439,18.60172,17.78316
4754.75450,0.10519,-3.73472,54.78583,8.91959,9.49922,18.60642,17.76060
4754.76450,0.11791,-3.73657,54.81109,8.91959,9.50326,18.63522,17.75302
4754.77450,0.11591,-3.74001,54.86886,8.91959,9.51439,18.66172,17.77316
4754.78450,0.11591,-3.74001,54.86886,8.91959,9.51439,18.66172,17.77316
4754.79450,0.10767,-3.73257,54.82196,8.93559,9.50054,18.61172,17.77411
4754.80450,0.08559,-3.74690,54.82586,8.90959,9.49339,18.61172,17.81116
4754.81450,0.09596,-3.73985,54.86742,8.92985,9.50404,18.62546,17.80807
4754.82450,0.11574,-3.72641,54.94686,8.96859,9.52439,18.65172,17.80216
4754.83450,0.12914,-3.75026,54.92780,8.94106,9.48804,18.68666,17.81204
4754.84450,0.15461,-3.81880,54.96572,8.87671,9.39988,18.80241,17.88671
4754.85450,0.15628,-3.86523,55.10286,8.85059,9.35939,18.89972,17.99316
4754.86450,0.16698,-3.85889,55.11056,8.86459,9.36324,18.90322,17.97951
4754.87450,0.17503,-3.85399,55.07971,8.86644,9.36304,18.89607,17.95416
4754.88450,0.15304,-3.86674,54.99586,8.82159,9.34939,18.87072,17.95416
4754.89450,0.14801,-3.86247,55.01677,8.83662,9.35157,18.85983,17.96875
4754.90450,0.12998,-3.84717,55.09186,8.89059,9.35939,18.82072,18.02116
4754.91450,0.12509,-3.85403,55.05779,8.87152,9.35061,18.81643,18.01923
4754.92450,0.11429,-3.88182,54.93714,8.80384,9.31140,18.80974,18.01216
4754.93450,0.13898,-3.89058,54.95186,8.81159,9.28739,18.84072,18.01216
4754.94450,0.13434,-3.88465,54.95030,8.81381,9.29895,18.83183,18.00572
4754.95450,0.12213,-3.86805,54.92989,8.81794,9.32808,18.80194,17.98194
4754.96450,0.13960,-3.88616,54.86481,8.80206,9.27887,18.80723,17.97665
4754.97450,0.14616,-3.90225,54.83924,8.78521,9.24859,18.81952,17.98592
4754.98450,0.12846,-3.91682,54.90086,8.76259,9.25639,18.85072,18.03116
4754.99450,0.12846,-3.91682,54.90086,8.76259,9.25639,18.85072,18.03116
4755.00450,0.15561,-3.90364,54.88559,8.78931,9.25639,18.85072,17.98916
4755.01450,0.19116,-3.88300,54.94718,8.85181,9.26389,18.86436,17.96711
4755.02450,0.19718,-3.87850,54.98186,8.87059,9.26739,18.87072,17.97316
4755.03450,0.18504,-3.87373,54.85919,8.84161,9.26739,18.82242,17.92776
4755.04450,0.23603,-3.84166,54.91597,8.90752,9.29746,18.84982,17.86117
4755.05450,0.23762,-3.84068,54.91786,8.90959,9.29839,18.85072,17.85916
4755.06450,0.19265,-3.85199,54.82765,8.85247,9.29839,18.80529,17.87149
4755.07450,0.16827,-3.85812,54.77886,8.82159,9.29839,18.78072,17.87816
4755.08450,0.14918,-3.85468,54.96114,8.85981,9.32877,18.81012,17.96244
4755.09450,0.17218,-3.86601,54.86782,8.85098,9.27943,18.80111,17.93630
4755.10450,0.17314,-3.86648,54.86386,8.85059,9.27739,18.80072,17.93516
4755.11450,0.18582,-3.82466,54.88836,8.89861,9.33815,18.78112,17.87048
4755.12450,0.17970,-3.84251,54.84908,8.86175,9.31902,18.79042,17.87789
4755.13450,0.17950,-3.84308,54.84786,8.86059,9.31839,18.79072,17.87816
4755.14450,0.19990,-3.83898,54.88632,8.88321,9.31839,18.81334,17.87137
4755.15450,0.20655,-3.83764,54.89886,8.89059,9.31839,18.82072,17.86916
4755.16450,0.18349,-3.84702,54.79025,8.83204,9.31839,18.79527,17.84455
4755.17450,0.18518,-3.81712,54.91982,8.91248,9.35290,18.78230,17.87214
4755.18450,0.18627,-3.81119,54.94786,8.92959,9.35939,18.78072,17.87816
4755.19450,0.21435,-3.84505,54.89220,8.90702,9.28192,18.81081,17.89245
4755.20450,0.20956,-3.85375,55.08577,8.89959,9.33248,18.90990,17.94380
4755.21450,0.20646,-3.85320,55.13286,8.89959,9.34939,18.92972,17.95416
4755.22450,0.22606,-3.85342,55.13204,8.92413,9.32403,18.92972,17.95416
4755.23450,0.23042,-3.85348,55.13186,8.92959,9.31839,18.92972,17.95416
4755.24450,0.23517,-3.83215,54.89250,8.92279,9.29731,18.82160,17.85080
4755.25450,0.22531,-3.81381,54.81158,8.89269,9.34463,18.79831,17.77595
4755.26450,0.21985,-3.81011,54.82586,8.88059,9.37039,18.81072,17.76416
4755.27450,0.21854,-3.78153,54.72794,8.89427,9.39271,18.74592,17.69504
4755.28450,0.21803,-3.77039,54.68986,8.89959,9.40139,18.72072,17.66816
4755.29450,0.22317,-3.78630,54.68770,8.89959,9.36250,18.72612,17.69949
4755.30450,0.19864,-3.80621,54.67814,8.89424,9.31692,18.69567,17.77131
4755.31450,0.17889,-3.81055,54.67286,8.89059,9.30839,18.67172,17.80216
4755.32450,0.18993,-3.82549,54.69771,8.87978,9.29165,18.70900,17.81729
4755.33450,0.22466,-3.84312,54.84242,8.89375,9.28333,18.81201,17.85333
4755.34450,0.24192,-3.84648,54.92686,8.90959,9.28739,18.86072,17.86916
4755.35450,0.21645,-3.83895,54.84013,8.88658,9.29978,18.80762,17.84615
4755.36450,0.19870,-3.83370,54.77986,8.87059,9.30839,18.77072,17.83016
4755.37450,0.20593,-3.84626,54.79714,8.85867,9.29588,18.80052,17.84208
4755.38450,0.20717,-3.85242,54.84747,8.85653,9.29987,18.82963,17.86145
4755.39450,0.20107,-3.84852,54.91183,8.86643,9.32066,18.84448,17.88026
4755.40450,0.17869,-3.85898,54.88907,8.81102,9.34335,18.86003,17.87466
4755.41450,0.17943,-3.87859,54.86929,8.78272,9.31790,18.87929,17.88938
4755.42450,0.20806,-3.88552,54.91486,8.83159,9.26739,18.88972,17.92616
4755.43450,0.20110,-3.88241,54.94585,8.82818,9.28851,18.89994,17.92923
4755.44450,0.18765,-3.87640,55.00586,8.82159,9.32939,18.91972,17.93516
4755.45450,0.18439,-3.88549,54.97986,8.80934,9.31114,18.91472,17.94466
4755.46450,0.16854,-3.90649,54.91036,8.76579,9.28121,18.90312,17.96024
4755.47450,0.15678,-3.89422,54.92686,8.75259,9.32939,18.90972,17.93516
4755.48450,0.15314,-3.89846,54.86102,8.74219,9.30791,18.88234,17.92858
4755.49450,0.14541,-3.90537,54.79908,8.74945,9.26365,18.83412,17.95186
4755.50450,0.14379,-3.90322,54.91986,8.80159,9.25639,18.84072,18.02116
4755.51450,0.14554,-3.88765,54.93561,8.81874,9.28194,18.83372,18.00121
4755.52450,0.14879,-3.85875,54.96486,8.85059,9.32939,18.82072,17.96416
4755.53450,0.14476,-3.87094,54.93450,8.82324,9.31734,18.82767,17.96625
4755.54450,0.13323,-3.90583,54.84774,8.74509,9.28290,18.84754,17.97221
4755.55450,0.17824,-3.90096,54.87286,8.79159,9.25639,18.87072,17.95416
4755.56450,0.17824,-3.90096,54.87286,8.79159,9.25639,18.87072,17.95416
4755.57450,0.17663,-3.87780,54.97536,8.84260,9.29494,18.86933,17.96849
4755.58450,0.16343,-3.91369,54.81086,8.78159,9.21539,18.83072,17.98316
4755.59450,0.16916,-3.91159,54.86982,8.79457,9.22683,18.85470,17.99372
4755.60450,0.18936,-3.90417,55.07886,8.84059,9.26739,18.93972,18.03116
4755.61450,0.17834,-3.89264,55.04085,8.83870,9.28461,18.90843,18.00911
4755.62450,0.14567,-3.86063,54.90910,8.83159,9.32542,18.80769,17.94440
4755.63450,0.17877,-3.90330,54.95086,8.83159,9.23639,18.87072,18.01216
4755.64450,0.16953,-3.89754,54.95154,8.82703,9.25507,18.86389,18.00556
4755.65450,0.13339,-3.88547,54.94907,8.79874,9.31164,18.84508,17.99362
4755.66450,0.11617,-3.91233,54.93186,8.75259,9.28739,18.86072,18.03116
4755.67450,0.11617,-3.91233,54.93186,8.75259,9.28739,18.86072,18.03116
4755.68450,0.16217,-3.90976,54.97086,8.79159,9.26739,18.89972,18.01216
4755.69450,0.15938,-3.90845,54.96391,8.79070,9.26918,18.89357,18.01047
4755.70450,0.12880,-3.89654,54.90926,8.78320,9.28739,18.83476,18.00391
4755.71450,0.10561,-3.91434,55.09586,8.80159,9.28739,18.88072,18.12616
4755.72450,0.10561,-3.91434,55.09586,8.80159,9.28739,18.88072,18.12616
4755.73450,0.13093,-3.89637,55.01507,8.81842,9.28739,18.85547,18.05378
4755.74450,0.13571,-3.89299,54.99986,8.82159,9.28739,18.85072,18.04016
4755.75450,0.09277,-3.91011,54.92580,8.74669,9.29665,18.83389,18.04858
4755.76450,0.11681,-3.89541,55.06138,8.79895,9.32443,18.88028,18.05772
4755.77450,0.12291,-3.89201,55.08986,8.81159,9.32939,18.88972,18.05916
4755.78450,0.10127,-3.88616,55.01337,8.80050,9.32939,18.83485,18.04863
4755.79450,0.10546,-3.87727,54.94200,8.81156,9.31624,18.79325,18.02094
4755.80450,0.16943,-3.86490,54.91286,8.87059,9.27739,18.80072,17.96416
4755.81450,0.10246,-3.86418,54.85928,8.79633,9.33567,18.76312,17.96416
4755.82450,0.09818,-3.86414,54.85586,8.79159,9.33939,18.76072,17.96416
4755.83450,0.08601,-3.87393,54.90469,8.77586,9.34767,18.78555,17.99561
4755.84450,0.08690,-3.86553,54.92355,8.80060,9.34939,18.77140,18.00216
4755.85450,0.08702,-3.86516,54.92386,8.80159,9.34939,18.77072,18.00216
4755.86450,0.07447,-3.86918,54.99414,8.78869,9.37583,18.80296,18.02666
4755.87450,0.10012,-3.85664,55.00470,8.83697,9.36129,18.79256,18.01387
4755.88450,0.10224,-3.85567,55.00286,8.84059,9.35939,18.79072,18.01216
4755.89450,0.11928,-3.84416,54.98997,8.85575,9.36773,18.79072,17.97577
4755.90450,0.12472,-3.84049,54.98586,8.86059,9.37039,18.79072,17.96416
4755.91450,0.08014,-3.87144,54.93462,8.77827,9.36115,18.79072,18.00448
4755.92450,0.09116,-3.85286,54.97457,8.83802,9.35939,18.76501,18.01216
4755.93450,0.09441,-3.84878,54.98286,8.85059,9.35939,18.76072,18.01216
4755.94450,0.11339,-3.84640,54.91986,8.82623,9.36863,18.77752,17.94748
4755.95450,0.11710,-3.84457,54.95469,8.84041,9.37039,18.78555,17.95833
4755.96450,0.11720,-3.84310,55.00486,8.86059,9.37039,18.79072,17.98316
4755.97450,0.12330,-3.84537,54.96102,8.86535,9.34561,18.77166,17.97839
4755.98450,0.13001,-3.84788,54.91286,8.87059,9.31839,18.75072,17.97316
4755.99450,0.10079,-3.83951,54.90206,8.83531,9.37023,18.74352,17.95300
4756.00450,0.06986,-3.83917,54.87554,8.80719,9.39039,18.71912,17.95884
4756.01450,0.06225,-3.84030,54.86686,8.80159,9.39039,18.71072,17.96416
4756.02450,0.07988,-3.85926,54.85246,8.77351,9.36807,18.75392,17.95696
4756.03450,0.10041,-3.86101,54.95918,8.81327,9.35939,18.79376,17.99275
4756.04450,0.11043,-3.85688,55.04186,8.85059,9.35939,18.81072,18.02116
4756.05450,0.12454,-3.86302,54.95966,8.83319,9.33479,18.80472,17.98696
4756.06450,0.13397,-3.86712,54.90486,8.82159,9.31839,18.80072,17.96416
4756.07450,0.13385,-3.88327,54.95318,8.79199,9.32504,18.85447,17.98167
4756.08450,0.12916,-3.89243,54.93806,8.76059,9.32939,18.87232,17.97576
4756.09450,0.12608,-3.89148,54.90686,8.75259,9.32939,18.86072,17.96416
4756.10450,0.13233,-3.87617,54.86606,8.76999,9.33539,18.83072,17.92996
4756.11450,0.14227,-3.86063,54.81836,8.79063,9.33638,18.79866,17.89269
4756.12450,0.15189,-3.85175,54.78419,8.80571,9.33135,18.77856,17.86857
4756.13450,0.12248,-3.85034,54.81743,8.79305,9.35838,18.77072,17.89528
4756.14450,0.08592,-3.85262,54.86886,8.77259,9.39039,18.77072,17.93516
4756.15450,0.11491,-3.85122,54.84160,8.78622,9.37112,18.78012,17.90414
4756.16450,0.16515,-3.87297,54.84987,8.79689,9.31085,18.83725,17.90488
4756.17450,0.18488,-3.89926,54.89386,8.79159,9.26739,18.88972,17.94516
4756.18450,0.18184,-3.89737,54.89045,8.79386,9.26853,18.88188,17.94618
4756.19450,0.15942,-3.88980,54.89986,8.81159,9.27214,18.84047,17.97566
4756.20450,0.16324,-3.91107,55.00786,8.81159,9.25639,18.89972,18.04016
4756.21450,0.17241,-3.90276,54.99850,8.82857,9.25639,18.88967,18.02387
4756.22450,0.18970,-3.88707,54.98086,8.86059,9.25639,18.87072,17.99316
4756.23450,0.18709,-3.88910,54.97188,8.85275,9.25639,18.87072,17.99202
4756.24450,0.16639,-3.89973,54.94232,8.80170,9.27207,18.88058,17.98796
4756.25450,0.16544,-3.88446,55.06186,8.83159,9.31839,18.90972,18.00216
4756.26450,0.16544,-3.88446,55.06186,8.83159,9.31839,18.90972,18.00216
4756.27450,0.17578,-3.87470,54.91280,8.80641,9.31795,18.87292,17.91552
4756.28450,0.16211,-3.90611,54.85586,8.75259,9.27739,18.88072,17.94516
4756.29450,0.16358,-3.89720,54.86497,8.77014,9.28428,18.86961,17.94094
4756.30450,0.16870,-3.86603,54.89686,8.83159,9.30839,18.83072,17.92616
4756.31450,0.16636,-3.87285,54.84698,8.81002,9.29707,18.82419,17.91570
4756.32450,0.16256,-3.88918,54.73193,8.75573,9.27418,18.81572,17.88630
4756.33450,0.17951,-3.85903,54.96686,8.84059,9.33939,18.87072,17.91616
4756.34450,0.16755,-3.85851,54.99700,8.84279,9.34841,18.86852,17.93728
4756.35450,0.12524,-3.85667,55.10386,8.85059,9.38039,18.86072,18.01216
4756.36450,0.13157,-3.85928,55.07471,8.84626,9.36878,18.85844,18.00123
4756.37450,0.14637,-3.87015,54.99720,8.82719,9.33599,18.85732,17.97670
4756.38450,0.12256,-3.87727,55.07286,8.81159,9.35939,18.88072,18.02116
4756.39450,0.12256,-3.87727,55.07286,8.81159,9.35939,18.88072,18.02116
4756.40450,0.12473,-3.85518,54.99659,8.80870,9.39039,18.84802,17.94948
4756.41450,0.12489,-3.83752,55.08486,8.88059,9.39039,18.82072,17.99316
4756.42450,0.12841,-3.83844,55.07775,8.87879,9.38760,18.82342,17.98794
4756.43450,0.16403,-3.84779,55.00586,8.86059,9.35939,18.85072,17.93516
4756.44450,0.16297,-3.84818,54.99263,8.85798,9.35669,18.84532,17.93264
4756.45450,0.14843,-3.85266,54.86309,8.82889,9.33209,18.79072,17.91139
4756.46450,0.10992,-3.85854,54.90586,8.80159,9.35939,18.79072,17.95416
4756.47450,0.10992,-3.85854,54.90586,8.80159,9.35939,18.79072,17.95416
4756.48450,0.10080,-3.85008,54.90675,8.80603,9.37562,18.77516,17.94994
4756.49450,0.06803,-3.82436,54.88936,8.81248,9.42533,18.71844,17.93311
4756.50450,0.06507,-3.83756,54.81986,8.78159,9.40139,18.71072,17.92616
4756.51450,0.06369,-3.83174,54.85046,8.79179,9.41533,18.71412,17.92922
4756.52450,0.06102,-3.82047,54.90986,8.81159,9.44239,18.72072,17.93516
4756.53450,0.06865,-3.81852,54.88273,8.81945,9.43020,18.70892,17.92415
4756.54450,0.08946,-3.81099,54.96679,8.86854,9.42723,18.72842,17.94260
4756.55450,0.09239,-3.80952,55.00786,8.88059,9.43239,18.74072,17.95416
4756.56450,0.07611,-3.80559,55.02209,8.86704,9.46017,18.74072,17.95416
4756.57450,0.10829,-3.80829,54.95470,8.88081,9.41744,18.73398,17.92247
4756.58450,0.12763,-3.81051,54.91886,8.89059,9.39039,18.73072,17.90716
4756.59450,0.08754,-3.79808,54.93580,8.89059,9.42596,18.68837,17.93087
4756.60450,0.08029,-3.79584,54.93886,8.89059,9.43239,18.68072,17.93516
4756.61450,0.04229,-3.81391,54.92223,8.84152,9.43239,18.67323,17.97508
4756.62450,0.01672,-3.80317,54.99599,8.81482,9.50952,18.70442,17.96723
4756.63450,0.01328,-3.80040,55.01086,8.81159,9.52439,18.71072,17.96416
4756.64450,0.04866,-3.78230,55.00330,8.86955,9.50759,18.69392,17.93224
4756.65450,0.03151,-3.80310,54.99770,8.86395,9.46115,18.67492,17.99768
4756.66450,0.02667,-3.80800,54.99686,8.86059,9.45239,18.67172,18.01216
4756.67450,0.02847,-3.81246,54.92194,8.84319,9.43411,18.65388,17.99075
4756.68450,0.03070,-3.81801,54.82886,8.82159,9.41139,18.63172,17.96416
4756.69450,0.05240,-3.81733,54.80248,8.81446,9.41139,18.65311,17.92353
4756.70450,0.05280,-3.81750,54.92454,8.83238,9.43363,18.69686,17.96167
4756.71450,0.04952,-3.81768,54.97686,8.84059,9.44239,18.71072,17.98316
4756.72450,0.03997,-3.79517,54.90227,8.84059,9.47180,18.66124,17.92865
4756.73450,0.05427,-3.80790,54.98374,8.84779,9.46107,18.71300,17.96188
4756.74450,0.06128,-3.81629,55.02686,8.85059,9.45239,18.74072,17.98316
4756.75450,0.03060,-3.84174,54.89418,8.74516,9.45239,18.74072,17.95591
4756.76450,0.01846,-3.85182,54.84186,8.70359,9.45239,18.74072,17.94516
4756.77450,0.03559,-3.83965,54.81404,8.73181,9.44421,18.72027,17.91775
4756.78450,0.05942,-3.82273,54.77541,8.77102,9.43285,18.69186,17.87968
4756.79450,0.05704,-3.82461,54.93986,8.80159,9.45239,18.74072,17.94516
4756.80450,0.04998,-3.80857,54.91260,8.81899,9.46457,18.70070,17.92834
4756.81450,0.04486,-3.79694,54.89286,8.83159,9.47339,18.67172,17.91616
4756.82450,0.03766,-3.79931,54.90992,8.81982,9.48516,18.68290,17.92204
4756.83450,0.03096,-3.80638,54.99626,8.82330,9.49339,18.71415,17.96541
4756.84450,0.02979,-3.81021,55.04886,8.83159,9.49339,18.73072,17.99316
4756.85450,0.02979,-3.81021,55.04886,8.83159,9.49339,18.73072,17.99316
4756.86450,0.05634,-3.83360,55.09347,8.82820,9.45510,18.79022,18.01995
4756.87450,0.08513,-3.82991,55.12586,8.86059,9.44239,18.81072,18.01216
4756.88450,0.08513,-3.82991,55.12586,8.86059,9.44239,18.81072,18.01216
4756.89450,0.06754,-3.80066,55.06901,8.87756,9.47718,18.74284,17.97143
4756.90450,0.06439,-3.79543,55.05886,8.88059,9.48339,18.73072,17.96416
4756.91450,0.02592,-3.77936,55.00360,8.86120,9.52314,18.67353,17.94574
4756.92450,0.03220,-3.78976,54.96086,8.84059,9.50439,18.68072,17.93516
4756.93450,0.02964,-3.78595,54.95981,8.83870,9.51510,18.67883,17.92718
4756.94450,0.01562,-3.77595,54.95731,8.82917,9.54791,18.66931,17.91092
4756.95450,0.00187,-3.78948,54.96186,8.82159,9.52439,18.66172,17.95416
4756.96450,0.00187,-3.78948,54.96186,8.82159,9.52439,18.66172,17.95416
4756.97450,-0.00719,-3.78809,54.92486,8.79159,9.54539,18.66172,17.92616
4756.98450,-0.00294,-3.78619,54.96055,8.81145,9.54203,18.66509,17.94199
4756.99450,0.00170,-3.79660,55.00753,8.82892,9.51512,18.67700,17.98649
4757.00450,-0.00798,-3.83346,54.94686,8.77259,9.46239,18.69072,18.02116
4757.01450,-0.00500,-3.83090,54.94728,8.77448,9.46680,18.69282,18.01318
4757.02450,-0.00769,-3.81743,54.94676,8.78159,9.49200,18.68203,17.99114
4757.03450,-0.06000,-3.80289,54.93886,8.78159,9.52439,18.61172,18.02116
4757.04450,-0.05686,-3.79523,54.95734,8.79039,9.54023,18.61612,18.01060
4757.05450,-0.04574,-3.76808,55.02286,8.82159,9.59639,18.63172,17.97316
4757.06450,-0.04815,-3.76987,55.00375,8.81949,9.58778,18.62122,17.97526
4757.07450,-0.07092,-3.77727,54.93789,8.80348,9.56392,18.57548,17.99501
4757.08450,-0.12300,-3.77980,54.96086,8.77259,9.59639,18.55172,18.04016
4757.09450,-0.11106,-3.77414,54.97598,8.78687,9.60080,18.56012,18.02819
4757.10450,-0.06165,-3.75985,55.02593,8.83870,9.60017,18.59592,17.99114
4757.11450,-0.04458,-3.78603,54.99986,8.83159,9.53539,18.61172,18.02116
4757.12450,-0.04458,-3.78603,54.99986,8.83159,9.53539,18.61172,18.02116
4757.13450,-0.05841,-3.73803,54.95286,8.88059,9.58639,18.52172,17.96416
4757.14450,-0.05774,-3.73836,54.95758,8.88059,9.58719,18.52492,17.96488
4757.15450,-0.05294,-3.74172,55.01914,8.87899,9.60135,18.56332,17.97548
4757.16450,-0.08575,-3.73737,55.10286,8.86059,9.65839,18.58172,18.00216
4757.17450,-0.09150,-3.73362,55.09787,8.86059,9.66579,18.57192,17.99958
4757.18450,-0.14774,-3.69751,55.04181,8.85778,9.73692,18.47532,17.97179
4757.19450,-0.11527,-3.72641,54.97875,8.82264,9.68107,18.52037,17.95467
4757.20450,-0.10969,-3.72722,54.97884,8.82446,9.67731,18.52568,17.95139
4757.21450,-0.06781,-3.72675,54.99686,8.85059,9.65839,18.56172,17.92616
4757.22450,-0.06781,-3.72675,54.99686,8.85059,9.65839,18.56172,17.92616
4757.23450,-0.07231,-3.72439,54.96397,8.84706,9.65653,18.54314,17.91724
4757.24450,-0.08611,-3.71770,54.82888,8.83159,9.64263,18.47381,17.88086
4757.25450,-0.02769,-3.75335,54.91686,8.83159,9.58639,18.59172,17.90716
4757.26450,-0.02106,-3.74849,54.93702,8.85427,9.58219,18.58752,17.91304
4757.27450,-0.01936,-3.73172,54.99592,8.92312,9.57355,18.55024,17.94900
4757.28450,-0.09349,-3.73650,54.94186,8.87059,9.59639,18.48172,17.99316
4757.29450,-0.04754,-3.70625,55.01441,8.89827,9.66608,18.54854,17.90152
4757.30450,-0.04535,-3.70481,55.01786,8.89959,9.66939,18.55172,17.89716
4757.31450,-0.04210,-3.72451,54.99890,8.87648,9.63858,18.56950,17.91435
4757.32450,-0.07658,-3.73018,55.01253,8.85392,9.65206,18.55505,17.95149
4757.33450,-0.09492,-3.72623,55.02586,8.85059,9.66939,18.54172,17.96416
4757.34450,-0.05663,-3.71967,54.97882,8.85059,9.66939,18.56692,17.89192
4757.35450,-0.04933,-3.71842,54.96986,8.85059,9.66939,18.57172,17.87816
4757.36450,0.02329,-3.74701,54.86860,8.85889,9.55817,18.60492,17.84662
4757.37450,0.01003,-3.76252,55.01973,8.86897,9.56138,18.65364,17.93574
4757.38450,0.00462,-3.76437,55.05286,8.87059,9.56639,18.66172,17.95416
4757.39450,-0.00006,-3.76394,54.96738,8.85436,9.55503,18.62926,17.92873
4757.40450,0.04564,-3.75399,54.99395,8.89690,9.54539,18.65804,17.89362
4757.41450,0.06560,-3.75014,55.03386,8.91959,9.54539,18.68072,17.88816
4757.42450,0.05175,-3.73854,54.97164,8.91959,9.55246,18.63193,17.86765
4757.43450,0.04600,-3.73373,54.94586,8.91959,9.55539,18.61172,17.85916
4757.44450,0.03754,-3.75293,54.98157,8.87030,9.57039,18.66815,17.87273
4757.45450,0.05500,-3.77998,54.91602,8.85059,9.50297,18.67718,17.88529
4757.46450,0.06341,-3.78780,54.88386,8.85059,9.47339,18.67172,17.88816
4757.47450,0.03776,-3.78912,54.91963,8.82942,9.50332,18.67829,17.90860
4757.48450,0.06473,-3.78521,54.94009,8.84977,9.49922,18.70240,17.88869
4757.49450,0.07871,-3.78353,54.94286,8.86059,9.49339,18.71072,17.87816
4757.50450,0.09921,-3.78364,54.96627,8.87192,9.48962,18.73716,17.86759
4757.51450,0.12804,-3.78380,54.99925,8.88787,9.48430,18.77439,17.85269
4757.52450,0.15240,-3.79884,54.89968,8.85529,9.44739,18.78778,17.80922
4757.53450,0.16844,-3.79897,54.95426,8.87619,9.44439,18.81472,17.81896
4757.54450,0.17969,-3.79022,55.09483,8.92704,9.46154,18.84901,17.85725
4757.55450,0.15707,-3.78822,55.01985,8.91189,9.45649,18.79762,17.85385
4757.56450,0.15338,-3.80900,54.91035,8.85947,9.42230,18.79022,17.83836
4757.57450,0.16206,-3.82423,54.87386,8.83159,9.40139,18.81072,17.83016
4757.58450,0.15874,-3.81166,54.96385,8.84291,9.45026,18.84052,17.83016
4757.59450,0.15650,-3.80317,55.02486,8.85059,9.48339,18.86072,17.83016
4757.60450,0.15650,-3.80317,55.02486,8.85059,9.48339,18.86072,17.83016
4757.61450,0.12088,-3.83266,54.98202,8.79079,9.45779,18.85372,17.87972
4757.62450,0.11944,-3.84126,55.06086,8.80159,9.45239,18.88072,17.92616
4757.63450,0.12650,-3.83098,55.05358,8.81531,9.46107,18.87232,17.90488
4757.64450,0.16890,-3.82445,54.98288,8.83725,9.43141,18.86866,17.84556
4757.65450,0.19740,-3.84787,54.92186,8.82159,9.37039,18.88972,17.84016
4757.66450,0.18596,-3.84184,54.97798,8.81699,9.40811,18.90812,17.84476
4757.67450,0.17257,-3.83478,55.04386,8.81159,9.45239,18.92972,17.85016
4757.68450,0.18475,-3.83392,55.05054,8.82805,9.44022,18.93211,17.85016
4757.69450,0.21236,-3.84174,55.02819,8.85092,9.39106,18.93305,17.85316
4757.70450,0.18984,-3.86293,54.94086,8.79159,9.37039,18.91972,17.85916
4757.71450,0.18703,-3.85751,54.90142,8.78819,9.37379,18.89966,17.83978
4757.72450,0.20226,-3.85820,54.79945,8.78159,9.34502,18.87411,17.79873
4757.73450,0.24190,-3.87967,54.75086,8.78159,9.27739,18.89972,17.79216
4757.74450,0.24180,-3.87846,54.80492,8.79519,9.28453,18.91332,17.81188
4757.75450,0.24160,-3.87611,54.90986,8.82159,9.29839,18.93972,17.85016
4757.76450,0.24160,-3.87611,54.90986,8.82159,9.29839,18.93972,17.85016
4757.77450,0.24085,-3.85873,54.93108,8.79175,9.37711,18.97932,17.78289
4757.78450,0.28718,-3.87173,55.08986,8.86059,9.32939,19.04972,17.85016
4757.79450,0.28556,-3.87439,55.06504,8.84595,9.32939,19.04972,17.83998
4757.80450,0.27796,-3.88531,54.95957,8.78941,9.32482,19.04319,17.80216
4757.81450,0.27234,-3.88884,54.91186,8.78159,9.30839,19.01972,17.80216
4757.82450,0.28219,-3.88765,54.92866,8.79209,9.30629,19.03022,17.80006
4757.83450,0.31919,-3.88319,54.99186,8.83159,9.29839,19.06972,17.79216
4757.84450,0.31919,-3.88319,54.99186,8.83159,9.29839,19.06972,17.79216
4757.85450,0.29716,-3.87448,54.89641,8.83159,9.28789,18.99336,17.78357
4757.86450,0.30199,-3.85315,54.89686,8.83159,9.33939,18.99972,17.72616
4757.87450,0.30205,-3.85340,54.89815,8.83393,9.33689,18.99810,17.72923
4757.88450,0.30342,-3.85770,54.92038,8.85940,9.30839,18.98564,17.76694
4757.89450,0.31151,-3.87462,55.00393,8.84624,9.30839,19.05143,17.79786
4757.90450,0.31409,-3.88257,55.03038,8.83765,9.30653,19.07672,17.80948
4757.91450,0.30418,-3.89029,54.92505,8.80498,9.28587,19.04339,17.79081
4757.92450,0.30010,-3.89346,54.88186,8.79159,9.27739,19.02972,17.78316
4757.93450,0.28904,-3.87288,54.94312,8.80860,9.33015,19.02972,17.77465
4757.94450,0.31013,-3.88140,54.91278,8.79482,9.31340,19.05487,17.74969
4757.95450,0.31457,-3.88373,54.90486,8.79159,9.30839,19.05972,17.74516
4757.96450,0.34636,-3.86411,54.79188,8.81859,9.29131,19.01563,17.66635
4757.97450,0.37235,-3.84806,54.69986,8.84059,9.27739,18.97972,17.60216
4757.98450,0.37826,-3.85556,54.73255,8.83844,9.27238,19.00597,17.61576
4757.99450,0.38819,-3.89196,54.85899,8.80868,9.25639,19.11263,17.68129
4758.00450,0.37419,-3.91172,54.89386,8.77259,9.25639,19.14872,17.71616
4758.01450,0.37502,-3.91297,54.82637,8.78637,9.21742,19.10167,17.72091
4758.02450,0.33172,-3.90701,55.01229,8.79388,9.28534,19.13370,17.79936
4758.03450,0.31862,-3.90484,55.08986,8.79159,9.31839,19.15872,17.82116
4758.04450,0.33121,-3.90216,55.00621,8.78133,9.30760,19.14253,17.77475
4758.05450,0.34198,-3.89987,54.93486,8.77259,9.29839,19.12872,17.73516
4758.06450,0.32728,-3.89254,55.01292,8.79355,9.32080,19.12872,17.76985
4758.07450,0.33360,-3.90397,55.01292,8.78733,9.29945,19.14298,17.78316
4758.08450,0.33842,-3.90970,55.00086,8.78159,9.28739,19.14872,17.78316
4758.09450,0.31103,-3.88353,54.85327,8.78159,9.30188,19.03906,17.73075
4758.10450,0.29438,-3.88645,54.78469,8.77508,9.27876,18.98972,17.74113
4758.11450,0.29274,-3.89210,54.78386,8.77259,9.26739,18.98972,17.75416
4758.12450,0.29908,-3.87482,54.75263,8.79672,9.27449,18.95778,17.72364
4758.13450,0.31063,-3.84334,54.69586,8.84059,9.28739,18.89972,17.66816
4758.14450,0.31074,-3.84981,54.72313,8.83411,9.28739,18.92017,17.68146
4758.15450,0.31093,-3.86057,54.76859,8.82331,9.28739,18.95427,17.70361
4758.16450,0.29950,-3.86546,54.91876,8.83124,9.31732,19.00800,17.76219
4758.17450,0.29909,-3.86558,54.92386,8.83159,9.31839,19.00972,17.76416
4758.18450,0.31434,-3.87145,54.90274,8.84023,9.28863,19.00972,17.76416
4758.19450,0.27094,-3.92030,54.95686,8.77259,9.25639,19.04972,17.87816
4758.20450,0.27433,-3.91524,54.97501,8.79074,9.25639,19.04507,17.88281
4758.21450,0.27822,-3.90944,54.99586,8.81159,9.25639,19.03972,17.88816
4758.22450,0.27700,-3.93231,54.96050,8.75675,9.24447,19.07508,17.88419
4758.23450,0.27183,-3.96695,54.92357,8.67502,9.23068,19.13158,17.88630
4758.24450,0.25211,-3.96629,55.02386,8.68359,9.25639,19.14872,17.93516
4758.25450,0.27110,-3.97701,54.88612,8.66544,9.20381,19.12126,17.89561
4758.26450,0.28709,-3.98391,54.78628,8.65793,9.16225,19.09846,17.86764
4758.27450,0.28012,-3.97747,54.85486,8.67359,9.18439,19.10872,17.88816
4758.28450,0.26509,-3.96142,54.81065,8.67359,9.20859,19.06730,17.86117
4758.29450,0.24779,-3.94294,54.75986,8.67359,9.23639,19.01972,17.83016
4758.30450,0.24122,-3.95071,54.77186,8.66134,9.23389,19.02972,17.84691
4758.31450,0.22724,-3.96724,54.79739,8.63527,9.22857,19.05100,17.88255
4758.32450,0.23939,-4.01349,54.78286,8.59459,9.15339,19.09972,17.93516
4758.33450,0.23118,-3.98542,54.87532,8.64473,9.20077,19.08592,17.94390
4758.34450,0.21179,-3.98458,54.96249,8.65759,9.21829,19.09249,17.99412
4758.35450,0.20049,-4.02147,54.93786,8.60459,9.17439,19.11872,18.04016
4758.36450,0.20049,-4.02147,54.93786,8.60459,9.17439,19.11872,18.04016
4758.37450,0.18389,-4.00996,54.94604,8.60459,9.20477,19.10178,18.03490
4758.38450,0.17207,-4.00177,54.95186,8.60459,9.22639,19.08972,18.03116
4758.39450,0.18115,-3.94745,55.02753,8.66092,9.32573,19.08305,17.95783
4758.40450,0.19728,-3.94201,55.06486,8.71359,9.29839,19.06972,17.98316
4758.41450,0.19349,-3.94279,55.00964,8.70378,9.28826,19.04685,17.97074
4758.42450,0.18566,-3.94439,54.89586,8.68359,9.26739,18.99972,17.94516
4758.43450,0.18240,-3.95322,54.85890,8.67072,9.24693,18.98982,17.95143
4758.44450,0.17185,-3.97269,54.82643,8.64459,9.21562,18.98622,17.98000
4758.45450,0.16392,-3.97576,54.91286,8.64459,9.23639,19.01972,18.01216
4758.46450,0.15538,-3.99124,54.88155,8.61463,9.21889,19.02309,18.02495
4758.47450,0.14119,-4.01439,54.84527,8.58166,9.18439,19.01982,18.05940
4758.48450,0.14661,-3.99934,54.89686,8.63459,9.18439,18.99972,18.07816
4758.49450,0.15052,-3.99495,54.92590,8.64317,9.19583,19.01072,18.07618
4758.50450,0.16235,-3.98165,55.01390,8.66917,9.23050,19.04405,18.07018
4758.51450,0.14154,-3.98447,55.00387,8.64671,9.24290,19.03502,18.07924
4758.52450,0.07617,-3.99748,54.89522,8.56871,9.25424,18.97548,18.09680
4758.53450,0.15308,-3.97474,54.84086,8.65459,9.20539,18.95972,18.02116
4758.54450,0.14866,-3.97038,54.83471,8.65862,9.20985,18.94699,18.01925
4758.55450,0.12892,-3.95928,54.79073,8.65224,9.22857,18.90625,18.00366
4758.56450,0.11703,-3.97764,54.71486,8.57559,9.23639,18.92972,17.97316
4758.57450,0.12155,-3.98147,54.77408,8.59218,9.22988,18.94862,18.00340
4758.58450,0.13847,-3.99580,54.99686,8.65459,9.20539,19.01972,18.11716
4758.59450,0.13810,-3.99459,54.99065,8.65459,9.20629,19.01612,18.11365
4758.60450,0.13174,-3.98141,54.93254,8.65369,9.22007,18.97972,18.07906
4758.61450,0.10583,-3.97195,54.97986,8.64459,9.26739,18.97972,18.08816
4758.62450,0.10700,-3.96628,54.97318,8.65243,9.27105,18.97001,18.07969
4758.63450,0.11343,-3.91010,54.90950,8.72635,9.31167,18.87224,17.99924
4758.64450,0.04953,-3.93149,54.96286,8.65459,9.34939,18.88972,18.06916
4758.65450,0.05238,-3.93099,54.95564,8.65895,9.34387,18.88535,18.06747
4758.66450,0.08156,-3.92587,54.88186,8.70359,9.28739,18.84072,18.05016
4758.67450,0.08156,-3.92587,54.88186,8.70359,9.28739,18.84072,18.05016
4758.68450,0.07750,-3.92258,54.85845,8.70117,9.29005,18.82624,18.04099
4758.69450,0.07993,-3.92424,54.83906,8.70335,9.27752,18.81741,18.04077
4758.70450,0.10984,-3.94785,54.94586,8.72259,9.23639,18.88972,18.09716
4758.71450,0.08993,-3.94460,54.92470,8.70005,9.25985,18.87638,18.08842
4758.72450,0.09183,-3.95001,54.86761,8.67887,9.24932,18.87129,18.06811
4758.73450,0.11439,-3.95826,54.83886,8.68359,9.21539,18.88072,18.05916
4758.74450,0.12124,-3.95474,54.78395,8.67412,9.21539,18.87125,18.02319
4758.75450,0.12163,-3.95454,54.78086,8.67359,9.21539,18.87072,18.02116
4758.76450,0.10619,-3.94543,54.87731,8.68101,9.26139,18.89224,18.04268
4758.77450,0.12640,-3.97564,54.87936,8.67253,9.19781,18.92735,18.08166
4758.78450,0.14712,-4.00269,54.85386,8.66359,9.13339,18.94972,18.10716
4758.79450,0.16314,-4.00047,54.86299,8.66359,9.14169,18.97462,18.08309
4758.80450,0.17409,-4.03946,54.84725,8.60574,9.10064,19.03841,18.10247
4758.81450,0.17557,-4.04707,54.84386,8.59459,9.09239,19.04972,18.10716
4758.82450,0.16614,-4.02366,54.92711,8.63209,9.13814,19.04222,18.11466
4758.83450,0.16300,-4.01587,54.95486,8.64459,9.15339,19.03972,18.11716
4758.84450,0.16796,-3.96145,54.99352,8.70426,9.23749,19.00581,18.04595
4758.85450,0.16385,-3.87724,54.97041,8.73986,9.39739,18.95336,17.87980
4758.86450,0.16143,-3.85531,54.95486,8.74259,9.44239,18.93972,17.83016
4758.87450,0.20638,-3.85853,54.79945,8.75684,9.36897,18.90408,17.76957
4758.88450,0.18470,-3.85043,54.78132,8.74107,9.39820,18.88327,17.75879
4758.89450,0.16900,-3.84673,54.79886,8.73259,9.42139,18.88072,17.76416
4758.90450,0.16900,-3.84673,54.79886,8.73259,9.42139,18.88072,17.76416
4758.91450,0.23416,-3.89070,54.71286,8.73259,9.28739,18.91972,17.77316
4758.92450,0.22849,-3.91446,54.79756,8.72149,9.26928,18.96645,17.84034
4758.93450,0.23478,-3.94686,54.87719,8.73058,9.20835,19.00558,17.93269
4758.94450,0.24208,-3.95783,54.89086,8.74259,9.17439,19.00972,17.96416
4758.95450,0.21567,-3.94700,54.88453,8.73925,9.20173,18.97639,17.96716
4758.96450,0.17091,-3.92864,54.87379,8.73360,9.24805,18.91989,17.97224
4758.97450,0.17623,-3.96473,54.76086,8.68359,9.17439,18.91972,17.98316
4758.98450,0.15727,-3.96265,54.82989,8.68898,9.19651,18.92511,18.01929
4758.99450,0.14111,-3.96088,54.88886,8.69359,9.21539,18.92972,18.05016
4759.00450,0.14007,-3.96284,54.85515,8.68516,9.20811,18.91986,18.04202
4759.01450,0.10860,-3.96355,54.77016,8.66173,9.20211,18.86072,18.04560
4759.02450,0.07916,-3.95058,54.90786,8.69359,9.24639,18.86072,18.10716
4759.03450,0.08531,-3.93453,54.88116,8.70133,9.26856,18.84737,18.06390
4759.04450,0.09841,-3.90033,54.82434,8.71781,9.31572,18.81896,17.97185
4759.05450,0.10221,-3.89040,54.80786,8.72259,9.32939,18.81072,17.94516
4759.06450,0.08283,-3.93158,54.88675,8.70896,9.26987,18.83941,18.06851
4759.07450,0.08547,-3.93222,54.93268,8.73112,9.26122,18.84366,18.09669
4759.08450,0.08975,-3.92574,54.93886,8.74259,9.26739,18.84072,18.08816
4759.09450,0.10102,-3.93192,54.89768,8.72200,9.25958,18.85492,18.06118
4759.10450,0.05807,-3.93987,54.90094,8.68490,9.27863,18.83920,18.09821
4759.11450,0.03933,-3.94200,54.90886,8.67359,9.28739,18.83072,18.11716
4759.12450,-0.00741,-3.91669,54.96743,8.67951,9.36164,18.79480,18.13149
4759.13450,0.01015,-3.91360,54.92286,8.66359,9.37039,18.81072,18.07816
4759.14450,0.00798,-3.92108,54.93760,8.65721,9.36357,18.82172,18.09510
4759.15450,0.00030,-3.94759,54.98986,8.63459,9.33939,18.86072,18.15516
4759.16450,0.00122,-3.94901,54.95359,8.63459,9.32412,18.84375,18.15113
4759.17450,-0.00448,-3.95591,54.85032,8.64097,9.26739,18.77852,18.16344
4759.18450,-0.03673,-3.96164,54.96186,8.66359,9.26739,18.77072,18.26016
4759.19450,-0.03417,-3.96411,54.95550,8.65884,9.26409,18.77555,18.25702
4759.20450,-0.00483,-3.99247,54.88286,8.60459,9.22639,18.83072,18.22116
4759.21450,-0.00830,-3.98941,54.88726,8.60679,9.23299,18.82632,18.22116
4759.22450,-0.02372,-3.97253,54.92222,8.62324,9.26857,18.80779,18.22263
4759.23450,-0.03785,-3.94517,55.01022,8.66257,9.32390,18.79445,18.22929
4759.24450,-0.04222,-3.93735,55.03991,8.67260,9.34246,18.79369,18.23116
4759.25450,-0.04956,-3.93542,55.06966,8.66188,9.36760,18.80992,18.23026
4759.26450,-0.08487,-3.93204,54.90586,8.64459,9.33939,18.70072,18.22116
4759.27450,-0.08421,-3.93348,54.89695,8.64009,9.33750,18.70162,18.21774
4759.28450,-0.07752,-3.94809,54.80686,8.59459,9.31839,18.71072,18.18316
4759.29450,-0.08086,-3.95040,54.81010,8.59288,9.31560,18.70982,18.19180
4759.30450,-0.11212,-3.97255,54.86176,8.58000,9.29207,18.70882,18.28087
4759.31450,-0.08740,-3.96026,55.05286,8.62459,9.33939,18.79072,18.29816
4759.32450,-0.08740,-3.96026,55.05286,8.62459,9.33939,18.79072,18.29816
4759.33450,-0.09263,-3.93676,54.90932,8.63435,9.33939,18.70284,18.23274
4759.34450,-0.12657,-3.93243,55.03076,8.62498,9.39896,18.72954,18.27728
4759.35450,-0.12795,-3.93228,55.03586,8.62459,9.40139,18.73072,18.27916
4759.36450,-0.12183,-3.90690,55.02022,8.64299,9.43911,18.71232,18.22580
4759.37450,-0.12130,-3.90469,55.01886,8.64459,9.44239,18.71072,18.22116
4759.38450,-0.12848,-3.90854,55.01790,8.64459,9.43279,18.70112,18.23940
4759.39450,-0.12628,-3.88838,54.95354,8.66283,9.44199,18.65368,18.19504
4759.40450,-0.12617,-3.88754,54.95086,8.66359,9.44239,18.65172,18.19316
4759.41450,-0.12400,-3.88677,54.95210,8.66471,9.44352,18.65397,18.18990
4759.42450,-0.10237,-3.88858,54.96690,8.67149,9.43727,18.68201,18.17613
4759.43450,-0.08554,-3.91803,54.98586,8.66359,9.38039,18.72072,18.22116
4759.44450,-0.12242,-3.91495,54.99444,8.66359,9.39062,18.67815,18.26208
4759.45450,-0.19727,-3.90871,55.01186,8.66359,9.41139,18.59172,18.34516
4759.46450,-0.18501,-3.91183,54.93353,8.64032,9.40142,18.59172,18.30006
4759.47450,-0.16209,-3.91308,54.89011,8.62409,9.40037,18.61548,18.25016
4759.48450,-0.15182,-3.91066,54.93786,8.63459,9.41139,18.64172,18.25016
4759.49450,-0.15022,-3.89832,54.92177,8.64055,9.42987,18.62980,18.22155
4759.50450,-0.15827,-3.89481,54.91027,8.63271,9.44239,18.62172,18.21345
4759.51450,-0.16451,-3.89812,54.90986,8.62459,9.44239,18.62172,18.22116
4759.52450,-0.16902,-3.88932,54.89615,8.65975,9.42392,18.57404,18.23844
4759.53450,-0.17208,-3.88335,54.88686,8.68359,9.41139,18.54172,18.25016
4759.54450,-0.14556,-3.91573,54.86839,8.64843,9.36252,18.60132,18.25612
4759.55450,-0.13258,-3.92332,54.86063,8.63651,9.35363,18.62583,18.24466
4759.56450,-0.14017,-3.90152,54.86786,8.65459,9.39039,18.60172,18.22116
4759.57450,-0.15303,-3.89442,54.85202,8.65815,9.39871,18.57400,18.22116
4759.58450,-0.17883,-3.88609,54.83754,8.65422,9.41790,18.53807,18.22735
4759.59450,-0.21151,-3.89940,54.88886,8.60459,9.45239,18.57172,18.26016
4759.60450,-0.19578,-3.88935,54.82964,8.61869,9.44299,18.54822,18.21974
4759.61450,-0.17800,-3.87798,54.76286,8.63459,9.43239,18.52172,18.17416
4759.62450,-0.17184,-3.88753,54.83242,8.62519,9.44179,18.57342,18.19202
4759.63450,-0.17113,-3.90777,54.93624,8.62399,9.42842,18.62702,18.25681
4759.64450,-0.17813,-3.91849,54.96486,8.63459,9.40139,18.62172,18.30716
4759.65450,-0.16995,-3.91184,54.91610,8.62999,9.40599,18.61252,18.26760
4759.66450,-0.15379,-3.91000,54.87287,8.63373,9.39251,18.60781,18.23883
4759.67450,-0.13961,-3.92295,54.90334,8.65359,9.35145,18.62106,18.27724
4759.68450,-0.12795,-3.91719,54.91014,8.65459,9.36655,18.63822,18.25078
4759.69450,-0.10574,-3.90419,54.92086,8.65459,9.40139,18.67172,18.19316
4759.70450,-0.10674,-3.90735,54.94198,8.65756,9.39776,18.67799,18.20867
4759.71450,-0.09745,-3.90688,54.99575,8.68009,9.39402,18.69402,18.22762
4759.72450,-0.07447,-3.89296,55.01786,8.71359,9.40139,18.70072,18.20216
4759.73450,-0.09256,-3.89399,54.96689,8.68777,9.40793,18.67818,18.19301
4759.74450,-0.12444,-3.90336,54.85825,8.63459,9.40281,18.63688,18.18397
4759.75450,-0.10865,-3.92414,54.84786,8.63459,9.34939,18.65172,18.21216
4759.76450,-0.10780,-3.92027,54.85470,8.64379,9.35175,18.64700,18.21216
4759.77450,-0.10504,-3.90774,54.87686,8.67359,9.35939,18.63172,18.21216
4759.78450,-0.10148,-3.91402,54.89200,8.66860,9.35423,18.64875,18.22042
4759.79450,-0.09038,-3.93363,54.93931,8.65301,9.33810,18.70198,18.24622
4759.80450,-0.08849,-3.92850,54.97531,8.67543,9.33985,18.69988,18.26016
4759.81450,-0.09223,-3.91416,54.98486,8.70359,9.34939,18.67172,18.26016
4759.82450,-0.06923,-3.89080,55.00806,8.73100,9.38595,18.68508,18.20603
4759.83450,-0.06834,-3.91281,54.88030,8.66282,9.35907,18.69072,18.16769
4759.84450,-0.07071,-3.92163,54.85159,8.64095,9.35030,18.69527,18.16507
4759.85450,-0.07426,-3.93668,54.87886,8.60459,9.35939,18.74072,18.17416
4759.86450,-0.07426,-3.93668,54.87886,8.60459,9.35939,18.74072,18.17416
4759.87450,-0.08049,-3.93015,54.90553,8.63099,9.35743,18.71972,18.19739
4759.88450,-0.02417,-3.99514,54.87186,8.59459,9.22639,18.81072,18.24016
4759.89450,-0.02221,-3.98955,54.87753,8.60440,9.23188,18.80622,18.23503
4759.90450,-0.00903,-3.93589,54.94279,8.69566,9.29114,18.76428,18.19171
4759.91450,-0.07604,-3.96463,55.02386,8.61459,9.32939,18.80072,18.27916
4759.92450,-0.07607,-3.96308,55.02232,8.61620,9.33101,18.79830,18.27682
4759.93450,-0.07646,-3.94548,55.00486,8.63459,9.34939,18.77072,18.25016
4759.94450,-0.07376,-3.94490,55.00428,8.63644,9.34875,18.77200,18.24709
4759.95450,-0.04007,-3.93762,54.99708,8.65964,9.34075,18.78800,18.20869
4759.96450,-0.05345,-3.93037,54.88970,8.66359,9.31913,18.71351,18.19347
4759.97450,-0.05414,-3.93015,54.88586,8.66359,9.31839,18.71072,18.19316
4759.98450,-0.04238,-3.93779,54.91562,8.65495,9.31839,18.74912,18.19316
4759.99450,-0.04189,-3.93810,54.91686,8.65459,9.31839,18.75072,18.19316
4760.00450,0.00094,-3.96430,54.86642,8.64489,9.24855,18.78952,18.18346
4760.01450,-0.02838,-3.93773,54.95994,8.69165,9.29633,18.75230,18.21966
4760.02450,-0.02964,-3.93660,54.96386,8.69359,9.29839,18.75072,18.22116
4760.03450,-0.04529,-3.95630,54.96677,8.60731,9.33814,18.81858,18.20274
4760.04450,-0.02803,-3.92702,54.91980,8.67085,9.32979,18.75349,18.16566
4760.05450,-0.02730,-3.92578,54.91786,8.67359,9.32939,18.75072,18.16416
4760.06450,-0.01630,-3.92448,54.96684,8.67359,9.34860,18.78914,18.15552
4760.07450,-0.01585,-3.92442,54.96886,8.67359,9.34939,18.79072,18.15516
4760.08450,0.00620,-3.93547,54.89339,8.64843,9.32321,18.80612,18.11563
4760.09450,0.02306,-3.94261,54.83200,8.63172,9.30263,18.81348,18.08416
4760.10450,-0.01232,-3.91360,54.91986,8.69359,9.33939,18.75072,18.13616
4760.11450,0.01090,-3.92022,54.99373,8.70189,9.33939,18.80882,18.14363
4760.12450,-0.02397,-3.92891,54.81215,8.62972,9.33109,18.74602,18.10532
4760.13450,-0.03211,-3.93042,54.77186,8.61459,9.32939,18.73072,18.09716
4760.14450,0.02153,-3.92957,54.88588,8.69759,9.28580,18.77264,18.12986
4760.15450,0.03184,-3.92941,54.90786,8.71359,9.27739,18.78072,18.13616
4760.16450,0.02351,-3.93277,54.87175,8.68495,9.28611,18.78072,18.11997
4760.17450,0.01346,-3.93682,54.82825,8.65045,9.29661,18.78072,18.10047
4760.18450,0.04643,-3.91694,54.91086,8.70359,9.31839,18.81072,18.07816
4760.19450,0.02126,-3.91708,54.84696,8.68939,9.31129,18.76102,18.08526
4760.20450,0.01235,-3.94036,54.86133,8.66300,9.28638,18.78332,18.12863
4760.21450,0.01292,-3.94983,54.87786,8.65459,9.27739,18.80072,18.14516
4760.22450,0.01294,-3.96431,54.80586,8.62579,9.24787,18.79352,18.13868
4760.23450,0.01295,-3.96995,54.77786,8.61459,9.23639,18.79072,18.13616
4760.24450,0.01841,-3.95671,54.88778,8.65251,9.26615,18.81472,18.15440
4760.25450,0.01964,-3.92998,54.99080,8.69708,9.31969,18.82326,18.15076
4760.26450,0.01093,-3.90674,54.96086,8.70359,9.35939,18.79072,18.10716
4760.27450,0.02297,-3.91857,54.88353,8.69773,9.31135,18.77314,18.10130
4760.28450,0.00354,-3.92341,54.80644,8.67058,9.30158,18.73712,18.09716
4760.29450,-0.01590,-3.92094,54.79086,8.65459,9.31839,18.72072,18.09716
4760.30450,0.03497,-3.94681,54.87171,8.64873,9.28851,18.83145,18.10302
4760.31450,0.07085,-3.96505,54.92886,8.64459,9.26739,18.90972,18.10716
4760.32450,0.05848,-3.95298,54.87553,8.64848,9.27518,18.86340,18.08848
4760.33450,0.04445,-3.93257,54.81155,8.66288,9.28894,18.79916,18.06057
4760.34450,0.07755,-3.92395,54.93186,8.71359,9.29839,18.85072,18.06916
4760.35450,0.07867,-3.91715,54.90472,8.72106,9.29839,18.83105,18.05421
4760.36450,0.08041,-3.90665,54.86286,8.73259,9.29839,18.80072,18.03116
4760.37450,0.08155,-3.92471,54.82422,8.71465,9.26021,18.80072,18.04864
4760.38450,0.07505,-3.92998,54.87859,8.71530,9.26471,18.81912,18.07946
4760.39450,0.06165,-3.90270,55.04986,8.75259,9.34939,18.85072,18.09716
4760.40450,0.05688,-3.90604,54.99384,8.72995,9.34556,18.83921,18.07913
4760.41450,0.03975,-3.93741,54.89117,8.67056,9.29568,18.82542,18.09951
4760.42450,0.02910,-3.96673,54.87686,8.64459,9.24639,18.83072,18.15516
4760.43450,0.01733,-3.95211,54.94294,8.65343,9.29432,18.84003,18.15516
4760.44450,0.00384,-3.93536,55.01886,8.66359,9.34939,18.85072,18.15516
4760.45450,0.00336,-3.94093,55.02972,8.66359,9.33950,18.85555,18.17109
4760.46450,-0.00147,-3.94737,55.02476,8.67039,9.31553,18.84012,18.19872
4760.47450,-0.00798,-3.92585,54.94886,8.68359,9.32939,18.78072,18.15516
4760.48450,-0.00262,-3.92837,54.91554,8.67373,9.32225,18.78072,18.13884
4760.49450,-0.00855,-3.92339,54.85120,8.65762,9.32926,18.75716,18.10716
4760.50450,-0.04075,-3.90391,54.85186,8.66359,9.37039,18.71072,18.10716
4760.51450,-0.04075,-3.90391,54.85186,8.66359,9.37039,18.71072,18.10716
4760.52450,-0.03242,-3.89393,54.93086,8.70359,9.38039,18.72072,18.12616
4760.53450,-0.02123,-3.89929,54.90951,8.70006,9.36398,18.72778,18.11769
4760.54450,0.01274,-3.91557,54.84480,8.68936,9.31425,18.74917,18.09202
4760.55450,0.01370,-3.94309,54.91386,8.70359,9.25639,18.77072,18.18316
4760.56450,0.01881,-3.93902,54.89490,8.69155,9.27204,18.77975,18.15157
4760.57450,0.03167,-3.92814,54.89880,8.67822,9.31285,18.81133,18.09640
4760.58450,0.03528,-3.92294,55.07686,8.73259,9.32939,18.85072,18.16416
4760.59450,0.03818,-3.91299,55.09124,8.74130,9.34943,18.85290,18.14761
4760.60450,0.04859,-3.87731,55.14286,8.77259,9.42139,18.86072,18.08816
4760.61450,0.05330,-3.88672,55.09578,8.76379,9.39191,18.85192,18.08816
4760.62450,0.06839,-3.92250,54.94624,8.73039,9.28981,18.82952,18.09652
4760.63450,0.06248,-3.93055,55.00786,8.72259,9.29839,18.86072,18.12616
4760.64450,0.06199,-3.92040,55.00492,8.72889,9.31561,18.85232,18.10810
4760.65450,0.06014,-3.88222,54.99386,8.75259,9.38039,18.82072,18.04016
4760.66450,0.05321,-3.88948,54.96992,8.74230,9.36527,18.81022,18.05213
4760.67450,0.04423,-3.91684,54.93593,8.71997,9.31049,18.80411,18.10136
4760.68450,0.10826,-3.91672,55.14686,8.78159,9.31839,18.92972,18.11716
4760.69450,0.11214,-3.91689,55.10402,8.76920,9.31629,18.92552,18.09301
4760.70450,0.12819,-3.92590,54.90674,8.71440,9.28466,18.90153,18.00615
4760.71450,0.13351,-3.95734,54.77086,8.68359,9.19539,18.87072,18.02116
4760.72450,0.13351,-3.95734,54.77086,8.68359,9.19539,18.87072,18.02116
4760.73450,0.12996,-3.95612,54.78670,8.67586,9.21123,18.88192,18.01768
4760.74450,0.12432,-3.95417,54.81186,8.66359,9.23639,18.89972,18.01216
4760.75450,0.17134,-3.92334,54.88914,8.73085,9.26859,18.93092,17.95878
4760.76450,0.14331,-3.93382,54.94781,8.71151,9.28193,18.94425,18.01011
4760.77450,0.13289,-3.93593,54.97097,8.70745,9.28848,18.94675,18.02829
4760.78450,0.14225,-3.91751,54.94741,8.74077,9.29185,18.91345,18.00134
4760.79450,0.13978,-3.93120,54.79286,8.72259,9.22639,18.85072,17.99316
4760.80450,0.14214,-3.92966,54.80105,8.72439,9.23098,18.85603,17.98965
4760.81450,0.16597,-3.91409,54.88386,8.74259,9.27739,18.90972,17.95416
4760.82450,0.16597,-3.91409,54.88386,8.74259,9.27739,18.90972,17.95416
4760.83450,0.14450,-3.90498,54.90259,8.76132,9.28676,18.87320,17.98132
4760.84450,0.13676,-3.94798,54.84338,8.69635,9.22883,18.89856,18.01964
4760.85450,0.13650,-3.94980,54.84086,8.69359,9.22639,18.89972,18.02116
4760.86450,0.12338,-3.90531,54.83611,8.72114,9.30429,18.85317,17.95751
4760.87450,0.12810,-3.95293,54.76746,8.63899,9.24949,18.90677,17.97221
4760.88450,0.12839,-3.95556,54.76386,8.63459,9.24639,18.90972,17.97316
4760.89450,0.11328,-3.94713,54.80186,8.68059,9.23306,18.86372,18.02449
4760.90450,0.10574,-3.94292,54.82086,8.70359,9.22639,18.84072,18.05016
4760.91450,0.10269,-3.94430,54.82854,8.70119,9.22799,18.84312,18.05624
4760.92450,0.06927,-3.95899,54.92098,8.67682,9.24720,18.87153,18.12543
4760.93450,0.08695,-3.94627,54.96786,8.71359,9.25639,18.88072,18.11716
4760.94450,0.08794,-3.94557,54.96516,8.71440,9.25639,18.87982,18.11455
4760.95450,0.09803,-3.93847,54.93786,8.72259,9.25639,18.87072,18.08816
4760.96450,0.06594,-3.93028,54.96719,8.69659,9.31173,18.87072,18.08816
4760.97450,0.09876,-3.91724,54.93532,8.72224,9.30705,18.87072,18.03530
4760.98450,0.11185,-3.91484,54.92286,8.73259,9.29839,18.87072,18.02116
4760.99450,0.11684,-3.92757,54.84498,8.71089,9.26390,18.85959,18.01059
4761.00450,0.10137,-3.93608,54.78881,8.67736,9.25857,18.84531,18.00757
4761.01450,0.08485,-3.93467,54.79386,8.66359,9.27739,18.84072,18.01216
4761.02450,0.09396,-3.94531,54.82690,8.67062,9.25560,18.86181,18.03887
4761.03450,0.09707,-3.91891,54.93985,8.74359,9.28316,18.84951,18.06359
4761.04450,0.09677,-3.90615,54.98086,8.77259,9.29839,18.84072,18.06916
4761.05450,0.06599,-3.90581,55.00216,8.73709,9.34170,18.84782,18.07555
4761.06450,0.05343,-3.90568,55.01086,8.72259,9.35939,18.85072,18.07816
4761.07450,0.09734,-3.90092,54.88571,8.74380,9.30848,18.82244,18.01099
4761.08450,0.09311,-3.91099,54.86368,8.70360,9.31721,18.84622,17.99665
4761.09450,0.08394,-3.91591,54.87586,8.68359,9.32939,18.86072,18.00216
4761.10450,0.08694,-3.91669,54.92485,8.69779,9.32939,18.87492,18.02275
4761.11450,0.08817,-3.91701,54.94486,8.70359,9.32939,18.88072,18.03116
4761.12450,0.10677,-3.93455,54.83513,8.70359,9.25120,18.84919,18.03116
4761.13450,0.07098,-3.93742,54.82986,8.67999,9.26616,18.82482,18.05889
4761.14450,0.03857,-3.93226,54.87086,8.66359,9.30839,18.82072,18.07816
4761.15450,0.07502,-3.92491,54.94107,8.70430,9.30839,18.86143,18.06695
4761.16450,0.08053,-3.92310,54.95525,8.70938,9.31233,18.87045,18.06309
4761.17450,0.04998,-3.92817,54.90186,8.67359,9.31839,18.84072,18.06916
4761.18450,0.05180,-3.92564,54.89726,8.68279,9.31379,18.83152,18.06916
4761.19450,0.05394,-3.92266,54.89186,8.69359,9.30839,18.82072,18.06916
4761.20450,0.04728,-3.93056,54.90962,8.67582,9.31295,18.83894,18.08191
4761.21450,0.04833,-3.94245,54.86268,8.65459,9.29021,18.83799,18.07989
4761.22450,0.05918,-3.94538,54.78086,8.65459,9.25639,18.81072,18.05916
4761.23450,0.05879,-3.94148,54.80846,8.65873,9.27065,18.81992,18.05916
4761.24450,0.05687,-3.93193,54.84362,8.69073,9.27313,18.80312,18.07664
4761.25450,0.05517,-3.92609,54.84686,8.72259,9.25639,18.77072,18.09716
4761.26450,0.03161,-3.92777,54.84785,8.69573,9.27952,18.76823,18.10437
4761.27450,-0.01852,-3.93136,54.84997,8.63859,9.32873,18.76294,18.11972
4761.28450,-0.03957,-3.93287,54.85086,8.61459,9.34939,18.76072,18.12616
4761.29450,0.03821,-3.94128,54.93022,8.68740,9.28230,18.82617,18.13434
4761.30450,0.02386,-3.91911,54.95168,8.67495,9.35521,18.83117,18.09034
4761.31450,0.01091,-3.91616,54.92868,8.67032,9.35939,18.80786,18.09110
4761.32450,0.01077,-3.91069,54.90779,8.68779,9.34824,18.77976,18.09199
4761.33450,0.07354,-3.90601,54.97986,8.75259,9.31839,18.83072,18.07816
4761.34450,0.05687,-3.90770,54.94253,8.73180,9.32285,18.81163,18.07625
4761.35450,-0.00523,-3.91398,54.80386,8.65459,9.33939,18.74072,18.06916
4761.36450,0.00155,-3.91651,54.81766,8.66047,9.33195,18.75032,18.07492
4761.37450,0.03378,-3.92856,54.88337,8.68847,9.29652,18.79603,18.10235
4761.38450,0.02430,-3.92949,54.93787,8.68519,9.31542,18.81459,18.12268
4761.39450,0.01926,-3.92574,54.96145,8.68286,9.33453,18.82231,18.12176
4761.40450,0.05314,-3.92502,54.99456,8.70935,9.32062,18.85542,18.10917
4761.41450,0.02555,-3.90180,54.86386,8.69359,9.34939,18.77072,18.05016
4761.42450,0.02634,-3.90360,54.87192,8.69527,9.34603,18.77408,18.05654
4761.43450,0.03011,-3.91217,54.91032,8.70327,9.33003,18.79008,18.08694
4761.44450,0.02959,-3.91384,54.91373,8.69922,9.33118,18.79518,18.08816
4761.45450,0.02382,-3.93003,54.92696,8.65135,9.34438,18.84234,18.08889
4761.46450,0.03582,-3.95986,54.85986,8.61459,9.28739,18.86072,18.09716
4761.47450,0.03785,-3.95548,54.87214,8.62331,9.29321,18.86072,18.09490
4761.48450,0.06547,-3.90738,55.00384,8.72259,9.35298,18.86250,18.06577
4761.49450,0.11133,-3.92408,54.91952,8.72024,9.28739,18.88072,18.03116
4761.50450,0.09402,-3.93366,54.89241,8.69008,9.28559,18.87532,18.04142
4761.51450,0.02475,-3.95535,54.88786,8.65459,9.26739,18.82072,18.14516
4761.52450,0.03182,-3.95358,54.88418,8.65931,9.26571,18.82312,18.13604
4761.53450,0.11041,-3.93367,54.84044,8.71005,9.24859,18.85001,18.03180
4761.54450,0.07550,-3.93825,54.82274,8.66580,9.27602,18.84116,18.03976
4761.55450,0.07446,-3.93773,54.82365,8.66657,9.27680,18.83953,18.04076
4761.56450,0.08227,-3.92942,54.84352,8.69968,9.27017,18.82628,18.04738
4761.57450,0.08555,-3.92594,54.85186,8.71359,9.26739,18.82072,18.05016
4761.58450,0.08014,-3.89906,54.92101,8.73183,9.33654,18.83032,18.02231
4761.59450,0.04285,-3.90950,54.92289,8.69477,9.34909,18.82102,18.05801
4761.60450,0.04169,-3.90986,54.92286,8.69359,9.34939,18.82072,18.05916
4761.61450,0.07260,-3.91892,54.89858,8.72062,9.29257,18.82072,18.06468
4761.62450,0.11108,-3.92355,54.89294,8.74479,9.25541,18.84250,18.05024
4761.63450,0.15831,-3.91383,54.94286,8.75259,9.28739,18.91972,17.98316
4761.64450,0.13785,-3.91274,54.94895,8.74629,9.29831,18.90313,18.00122
4761.65450,0.06095,-3.90866,54.97186,8.72259,9.33939,18.84072,18.06916
4761.66450,0.05659,-3.90867,54.96407,8.72495,9.33444,18.82892,18.07577
4761.67450,0.04086,-3.91558,54.89858,8.70661,9.31463,18.79448,18.08285
4761.68450,0.03820,-3.92695,54.83186,8.66359,9.30839,18.80072,18.05916
4761.69450,0.03528,-3.91037,54.85130,8.70314,9.31510,18.76720,18.06586
4761.70450,0.07832,-3.91774,54.92541,8.72259,9.30226,18.83947,18.06109
4761.71450,0.08896,-3.92144,54.94086,8.72259,9.29839,18.86072,18.05916
4761.72450,0.07225,-3.90739,54.96659,8.73089,9.33242,18.84412,18.05916
4761.73450,0.06882,-3.90451,54.97186,8.73259,9.33939,18.84072,18.05916
4761.74450,0.07404,-3.93514,54.83891,8.67251,9.28210,18.84072,18.04358
4761.75450,0.06409,-3.96751,54.75788,8.60862,9.24172,18.85137,18.05618
4761.76450,0.05168,-3.97438,54.77986,8.59459,9.24639,18.86072,18.07816
4761.77450,0.05828,-3.96114,54.81794,8.63883,9.24639,18.84392,18.08880
4761.78450,0.08802,-3.96074,54.80738,8.64175,9.24100,18.87335,18.05129
4761.79450,0.10900,-3.96927,54.77286,8.61459,9.23639,18.90972,18.01216
4761.80450,0.11519,-3.95594,54.84424,8.65277,9.25355,18.91525,18.02267
4761.81450,0.12018,-3.94520,54.90186,8.68359,9.26739,18.91972,18.03116
4761.82450,0.11763,-3.94404,54.78258,8.67649,9.23828,18.86363,18.00418
4761.83450,0.12528,-3.95025,54.74167,8.66010,9.22639,18.86912,17.98606
4761.84450,0.12883,-3.95297,54.74486,8.65459,9.22639,18.88072,17.98316
4761.85450,0.08638,-3.94242,54.73861,8.64891,9.25536,18.82960,18.00474
4761.86450,0.05409,-3.93440,54.73386,8.64459,9.27739,18.79072,18.02116
4761.87450,0.10756,-3.95142,54.81142,8.67763,9.22884,18.86423,18.04072
4761.88450,0.10017,-3.96959,54.94678,8.68639,9.22051,18.91412,18.12576
4761.89450,0.08731,-3.97345,54.98486,8.68359,9.22639,18.91972,18.15516
4761.90450,0.04214,-3.96032,54.95991,8.64866,9.28485,18.88479,18.14162
4761.91450,0.06954,-3.97674,54.86165,8.62741,9.23452,18.89152,18.10819
4761.92450,0.08757,-3.98532,54.82686,8.62459,9.20539,18.89972,18.09716
4761.93450,0.06546,-3.97617,54.86999,8.63873,9.22731,18.87921,18.12474
4761.94450,0.05631,-3.97238,54.88786,8.64459,9.23639,18.87072,18.13616
4761.95450,0.03552,-3.96022,54.87958,8.64894,9.25861,18.83587,18.13616
4761.96450,0.01067,-3.94214,54.87453,8.65914,9.29028,18.79165,18.13346
4761.97450,0.03104,-3.91953,54.92986,8.70359,9.31839,18.80072,18.10716
4761.98450,0.04042,-3.93256,54.91768,8.68619,9.30041,18.82392,18.10716
4761.99450,0.02003,-3.94443,54.83984,8.64517,9.28739,18.80012,18.10716
4762.00450,0.00030,-3.94619,54.78986,8.62459,9.28739,18.77072,18.10716
4762.01450,0.01092,-3.92205,54.93632,8.68200,9.33602,18.80001,18.11829
4762.02450,0.01839,-3.90507,55.03986,8.72259,9.37039,18.82072,18.12616
4762.03450,0.02172,-3.91007,55.03986,8.71675,9.36415,18.83079,18.12817
4762.04450,0.02745,-3.91870,55.03986,8.70668,9.35339,18.84815,18.13165
4762.05450,0.03319,-3.92733,55.03986,8.69661,9.34262,18.86551,18.13512
4762.06450,0.03367,-3.90770,55.01378,8.73805,9.34002,18.81161,18.12410
4762.07450,0.05849,-3.91249,55.05786,8.76259,9.31839,18.84072,18.13616
4762.08450,0.05953,-3.90326,54.94070,8.73417,9.33057,18.81172,18.06424
4762.09450,0.02186,-3.88940,54.96366,8.73644,9.36927,18.77314,18.08481
4762.10450,-0.00521,-3.88436,55.03986,8.75259,9.39039,18.76072,18.13616
4762.11450,0.00837,-3.88514,54.90025,8.74675,9.34833,18.71399,18.09118
4762.12450,0.02947,-3.89090,54.91106,8.74259,9.34217,18.75032,18.07598
4762.13450,0.03770,-3.89466,54.99086,8.74259,9.35939,18.80072,18.08816
4762.14450,0.03770,-3.89466,54.99086,8.74259,9.35939,18.80072,18.08816
4762.15450,0.00267,-3.91270,54.82186,8.67359,9.32939,18.74072,18.07816
4762.16450,0.04330,-3.90978,54.90601,8.72219,9.31544,18.78572,18.08266
4762.17450,0.08004,-3.90794,55.03463,8.76743,9.31690,18.85161,18.09868
4762.18450,0.05768,-3.91093,55.07986,8.74259,9.34939,18.87072,18.11716
4762.19450,0.07236,-3.91609,55.01273,8.73509,9.32239,18.86322,18.09203
4762.20450,0.08288,-3.91822,54.90941,8.73159,9.28684,18.82822,18.06276
4762.21450,0.06574,-3.91028,54.91986,8.74259,9.29839,18.80072,18.07816
4762.22450,0.05454,-3.90883,54.93891,8.73329,9.31744,18.80537,18.08281
4762.23450,0.04166,-3.90716,54.96086,8.72259,9.33939,18.81072,18.08816
4762.24450,0.02932,-3.91178,54.88389,8.69572,9.32983,18.78339,18.07495
4762.25450,0.02329,-3.90957,54.85959,8.69495,9.32794,18.76436,18.07234
4762.26450,0.03379,-3.90028,54.94086,8.73259,9.33939,18.78072,18.08816
4762.27450,0.00841,-3.89597,54.96938,8.71925,9.37251,18.77612,18.10150
4762.28450,-0.02135,-3.89091,55.00286,8.70359,9.41139,18.77072,18.11716
4762.29450,0.00654,-3.91379,54.94122,8.68979,9.34975,18.78912,18.11256
4762.30450,0.02895,-3.94769,54.88358,8.65856,9.28046,18.81992,18.12464
4762.31450,0.00633,-3.96282,54.91558,8.62589,9.28713,18.83992,18.16264
4762.32450,0.00753,-3.95522,54.89819,8.63459,9.29106,18.82405,18.14849
4762.33450,0.01432,-3.94329,54.87392,8.64479,9.30166,18.81031,18.11716
4762.34450,0.01962,-3.95254,54.90086,8.62459,9.30839,18.85072,18.11716
4762.35450,0.01962,-3.95254,54.90086,8.62459,9.30839,18.85072,18.11716
4762.36450,0.03842,-3.95705,54.84170,8.64199,9.26083,18.82752,18.11136
4762.37450,0.05205,-3.96031,54.79886,8.65459,9.22639,18.81072,18.10716
4762.38450,0.03188,-3.94101,54.76336,8.66808,9.24769,18.75392,18.09367
4762.39450,0.02675,-3.94105,54.88602,8.66552,9.29028,18.81140,18.11882
4762.40450,0.02750,-3.94294,54.91886,8.66359,9.29839,18.83072,18.12616
4762.41450,0.00034,-3.97164,54.92222,8.63923,9.25471,18.82232,18.20596
4762.42450,0.06167,-3.94925,54.96694,8.70777,9.25471,18.85399,18.15047
4762.43450,0.07011,-3.94677,54.96878,8.71268,9.25639,18.86072,18.13899
4762.44450,0.02553,-3.97481,54.90586,8.62459,9.25639,18.86072,18.16416
4762.45450,0.01922,-3.97473,54.90586,8.62259,9.25859,18.85472,18.16996
4762.46450,-0.00036,-3.97837,54.90364,8.61055,9.26113,18.84082,18.19114
4762.47450,0.02199,-3.99409,54.89486,8.59459,9.23639,18.88072,18.18316
4762.48450,0.01474,-3.99048,54.88166,8.58879,9.24659,18.87072,18.17556
4762.49450,-0.01010,-3.97794,54.82619,8.56559,9.28193,18.83472,18.14396
4762.50450,0.01096,-3.98750,54.81286,8.56559,9.25459,18.85472,18.13796
4762.51450,-0.00261,-4.00586,54.78148,8.52372,9.24215,18.86372,18.15188
4762.52450,-0.00719,-4.02065,54.96886,8.58559,9.20539,18.88972,18.28816
4762.53450,-0.00719,-4.02065,54.96886,8.58559,9.20539,18.88972,18.28816
4762.54450,-0.02350,-3.97180,54.95394,8.59551,9.30839,18.85164,18.19840
4762.55450,-0.03669,-3.97748,55.02386,8.60459,9.30839,18.86072,18.25016
4762.56450,-0.03669,-3.97748,55.02386,8.60459,9.30839,18.86072,18.25016
4762.57450,0.04248,-4.02277,54.92286,8.57559,9.19539,18.93972,18.21216
4762.58450,0.03888,-4.02132,54.91643,8.57630,9.19611,18.93122,18.21280
4762.59450,-0.00118,-4.00511,54.84500,8.58424,9.20404,18.83678,18.21995
4762.60450,-0.01139,-4.02654,54.80329,8.53789,9.18536,18.84934,18.23070
4762.61450,-0.01015,-4.02468,54.81738,8.54035,9.19191,18.85549,18.22962
4762.62450,0.00458,-3.99104,54.99537,8.59637,9.27463,18.90714,18.21724
4762.63450,-0.00797,-3.99727,55.01086,8.61459,9.24639,18.88072,18.26916
4762.64450,-0.00797,-3.99727,55.01086,8.61459,9.24639,18.88072,18.26916
4762.65450,-0.00055,-4.00215,55.01110,8.60767,9.24162,18.89719,18.26463
4762.66450,0.02312,-4.01772,55.01186,8.58559,9.22639,18.94972,18.25016
4762.67450,-0.00980,-4.03523,54.90736,8.52954,9.20644,18.91172,18.25966
4762.68450,-0.02548,-4.03541,55.01221,8.55441,9.21499,18.91932,18.32349
4762.69450,-0.02607,-4.03538,55.01686,8.55559,9.21539,18.91972,18.32616
4762.70450,-0.02348,-4.02068,54.87760,8.54598,9.21539,18.86306,18.25317
4762.71450,-0.00948,-4.03519,54.82641,8.51035,9.19956,18.89085,18.22565
4762.72450,0.00385,-4.04970,54.78286,8.47659,9.18439,18.91972,18.20216
4762.73450,0.01354,-4.04345,54.83235,8.50112,9.19084,18.93220,18.20819
4762.74450,0.05027,-4.01975,55.02086,8.59459,9.21539,18.97972,18.23116
4762.75450,0.04149,-4.01745,54.96846,8.58099,9.21759,18.95592,18.21396
4762.76450,0.01198,-4.00829,54.76411,8.53851,9.21589,18.85870,18.15102
4762.77450,0.03468,-4.00877,54.78486,8.58559,9.17439,18.85072,18.17416
4762.78450,0.03161,-4.00752,54.76905,8.57851,9.17935,18.84600,18.16519
4762.79450,0.01169,-4.00069,54.71721,8.55882,9.19863,18.81456,18.14521
4762.80450,-0.00920,-3.99486,54.71586,8.56559,9.20539,18.78072,18.16416
4762.81450,-0.02251,-4.00088,54.80584,8.55856,9.22719,18.81587,18.20423
4762.82450,-0.02813,-4.00342,54.84386,8.55559,9.23639,18.83072,18.22116
4762.83450,-0.03686,-4.01131,54.72673,8.54205,9.19299,18.77472,18.21696
4762.84450,-0.04568,-4.01945,54.64893,8.52331,9.16700,18.74351,18.21511
4762.85450,-0.04319,-4.01759,54.76386,8.51659,9.21539,18.81072,18.22116
4762.86450,-0.04085,-4.01496,54.86209,8.54949,9.22064,18.82979,18.26217
4762.87450,-0.02677,-4.00756,54.93319,8.59859,9.21239,18.83405,18.28816
4762.88450,-0.00365,-3.99851,54.85986,8.62459,9.18439,18.80072,18.25016
4762.89450,-0.01185,-3.98360,54.92707,8.64305,9.22368,18.80545,18.25489
4762.90450,-0.02096,-3.96705,55.00186,8.66359,9.26739,18.81072,18.26016
4762.91450,-0.01113,-3.97332,55.04652,8.66939,9.26101,18.83972,18.27640
4762.92450,-0.00011,-3.96702,54.99860,8.67945,9.25053,18.81971,18.24891
4762.93450,0.00266,-3.95934,54.94186,8.68359,9.24639,18.79072,18.22116
4762.94450,0.01718,-3.93881,54.88169,8.70111,9.25866,18.76151,18.16041
4762.95450,0.02754,-3.92416,54.83886,8.71359,9.26739,18.74072,18.11716
4762.96450,0.01945,-3.93711,54.82411,8.68157,9.26344,18.75511,18.12400
4762.97450,0.00573,-3.95908,54.79911,8.62730,9.25673,18.77950,18.13558
4762.98450,-0.00207,-3.95846,54.81586,8.64459,9.24639,18.76072,18.16416
4762.99450,0.01499,-3.97149,54.82715,8.63291,9.23043,18.79965,18.16416
4763.00450,0.03610,-3.98767,54.85343,8.62030,9.21268,18.85215,18.16830
4763.01450,0.00227,-3.96222,54.90486,8.65459,9.25639,18.80072,18.19316
4763.02450,0.01279,-3.96176,54.88738,8.65459,9.25179,18.80532,18.17568
4763.03450,0.02516,-3.96122,54.86686,8.65459,9.24639,18.81072,18.15516
4763.04450,0.02298,-3.96311,54.85398,8.63619,9.25605,18.81992,18.14182
4763.05450,0.04951,-3.96512,54.82046,8.63299,9.24347,18.83992,18.10408
4763.06450,0.08366,-3.96489,54.79886,8.65459,9.21539,18.85072,18.07816
4763.07450,0.07963,-3.95969,54.79048,8.65459,9.22517,18.84141,18.06932
4763.08450,0.08223,-3.95368,54.80399,8.66484,9.23376,18.84123,18.06415
4763.09450,0.09794,-3.95362,54.85428,8.68712,9.22805,18.86409,18.07501
4763.10450,0.10249,-3.95360,54.86886,8.69359,9.22639,18.87072,18.07816
4763.11450,0.08936,-3.96537,54.84685,8.66590,9.21858,18.87072,18.09165
4763.12450,0.08400,-3.97018,54.83786,8.65459,9.21539,18.87072,18.09716
4763.13450,0.10944,-3.95411,54.82666,8.66089,9.24409,18.89102,18.03066
4763.14450,0.11149,-3.97503,54.83166,8.65729,9.19899,18.89972,18.07566
4763.15450,0.10769,-3.98695,54.83586,8.65459,9.17439,18.89972,18.10716
4763.16450,0.12624,-3.94572,54.92391,8.72463,9.23230,18.89745,18.06952
4763.17450,0.12993,-3.97120,54.77786,8.66359,9.18439,18.88972,18.04016
4763.18450,0.12661,-3.97162,54.79471,8.66359,9.18887,18.89399,18.04827
4763.19450,0.11622,-3.97293,54.84738,8.66359,9.20287,18.90732,18.07360
4763.20450,0.12164,-3.97231,54.86331,8.66982,9.20331,18.91596,18.07421
4763.21450,0.14030,-3.97620,54.89109,8.68167,9.19115,18.94174,18.07653
4763.22450,0.10440,-4.00444,54.90386,8.63459,9.17439,18.94972,18.14516
4763.23450,0.11865,-3.99445,54.90092,8.65118,9.18090,18.94972,18.11912
4763.24450,0.17227,-3.95686,54.88986,8.71359,9.20539,18.94972,18.02116
4763.25450,0.17227,-3.95686,54.88986,8.71359,9.20539,18.94972,18.02116
4763.26450,0.15812,-3.96915,54.90878,8.66779,9.22778,18.98712,18.02609
4763.27450,0.17969,-3.96020,54.79186,8.68359,9.19539,18.93972,17.97316
4763.28450,0.17969,-3.96020,54.79186,8.68359,9.19539,18.93972,17.97316
4763.29450,0.16699,-3.98560,54.80547,8.67398,9.14836,18.94012,18.04301
4763.30450,0.15740,-3.96999,54.98686,8.71359,9.20539,18.97972,18.08816
4763.31450,0.17141,-3.97431,54.97237,8.70939,9.19447,18.99442,18.07409
4763.32450,0.22422,-3.99055,54.91786,8.69359,9.15339,19.04972,18.02116
4763.33450,0.22038,-3.99202,54.92431,8.68875,9.15678,19.05295,18.02584
4763.34450,0.20118,-3.99938,54.95657,8.66455,9.17372,19.06907,18.04922
4763.35450,0.21212,-3.97847,54.88686,8.72259,9.14339,18.98972,18.03116
4763.36450,0.21344,-3.97826,54.88784,8.72196,9.14486,18.99252,18.02850
4763.37450,0.23299,-3.97619,54.90007,8.71287,9.16289,19.03258,17.99173
4763.38450,0.25904,-3.98677,54.88986,8.70359,9.14339,19.06972,17.97316
4763.39450,0.25421,-3.98876,54.87747,8.69476,9.14339,19.06616,17.97316
4763.40450,0.20473,-4.00918,54.75086,8.60459,9.14339,19.02972,17.97316
4763.41450,0.20756,-4.00921,54.75086,8.60744,9.14046,19.03043,17.97252
4763.42450,0.24105,-4.00842,54.77300,8.64900,9.10797,19.04242,17.97361
4763.43450,0.20854,-3.99663,54.99686,8.69359,9.16439,19.06972,18.06916
4763.44450,0.20854,-3.99663,54.99686,8.69359,9.16439,19.06972,18.06916
4763.45450,0.19383,-3.99744,54.88166,8.67439,9.14423,19.01212,18.05092
4763.46450,0.20813,-4.00057,54.88289,8.67359,9.13791,19.03166,18.03974
4763.47450,0.22039,-4.00312,54.88786,8.67359,9.13339,19.04972,18.03116
4763.48450,0.21798,-4.00927,54.90337,8.67359,9.12361,19.05449,18.05168
4763.49450,0.21028,-4.02888,54.95286,8.67359,9.09239,19.06972,18.11716
4763.50450,0.18388,-4.02511,54.92803,8.64307,9.12395,19.05420,18.10682
4763.51450,0.19580,-4.02513,54.90486,8.64552,9.11395,19.05519,18.09020
4763.52450,0.20653,-4.02617,54.90486,8.65459,9.10239,19.05972,18.08816
4763.53450,0.20888,-4.01951,54.97686,8.68059,9.11573,19.07305,18.10749
4763.54450,0.17735,-4.03891,54.93970,8.62834,9.10921,19.06654,18.13561
4763.55450,0.16040,-4.05068,54.90186,8.59459,9.10239,19.05972,18.14516
4763.56450,0.15319,-4.01752,54.93630,8.64379,9.14421,19.01872,18.12958
4763.57450,0.15161,-4.01024,54.94386,8.65459,9.15339,19.00972,18.12616
4763.58450,0.16466,-4.01798,54.84509,8.63799,9.11936,18.99312,18.09462
4763.59450,0.14390,-4.01218,54.85116,8.61815,9.15513,18.98972,18.08816
4763.60450,0.13882,-4.01057,54.85686,8.61459,9.16439,18.98972,18.08816
4763.61450,0.14008,-4.03305,54.87165,8.59075,9.13892,19.02259,18.11939
4763.62450,0.14036,-4.03793,54.87486,8.58559,9.13339,19.02972,18.12616
4763.63450,0.11420,-4.03237,54.85660,8.59306,9.13339,18.97992,18.15023
4763.64450,0.08443,-4.05918,54.87610,8.55541,9.11281,18.98964,18.21824
4763.65450,0.07209,-4.07332,54.88786,8.53559,9.10239,18.99972,18.25016
4763.66450,0.10224,-4.05372,54.93756,8.59878,9.10239,18.99972,18.23667
4763.67450,0.08601,-4.03639,54.96070,8.58980,9.16061,18.99972,18.21057
4763.68450,0.07435,-4.03257,54.96186,8.57559,9.18439,18.99972,18.20216
4763.69450,0.07353,-4.01603,54.94837,8.60328,9.19220,18.96422,18.18867
4763.70450,0.07320,-4.00928,54.94286,8.61459,9.19539,18.94972,18.18316
4763.71450,0.05137,-4.00158,55.04044,8.64287,9.21731,18.94265,18.23760
4763.72450,0.03162,-4.01245,55.00986,8.61241,9.21163,18.93269,18.25313
4763.73450,0.02707,-4.01840,54.97986,8.59459,9.20539,18.92972,18.25016
4763.74450,0.07014,-3.99648,54.85825,8.62271,9.19063,18.89527,18.14964
4763.75450,0.06261,-3.99410,54.78854,8.60217,9.19426,18.87132,18.12078
4763.76450,0.03350,-4.00190,54.76786,8.56559,9.20539,18.86072,18.13616
4763.77450,0.05602,-3.98427,54.87347,8.61810,9.22958,18.88963,18.13616
4763.78450,0.07161,-3.97205,54.94686,8.65459,9.24639,18.90972,18.13616
4763.79450,0.03798,-3.98656,54.83299,8.61919,9.20981,18.84541,18.15858
4763.80450,0.01427,-3.99184,54.84885,8.60049,9.22097,18.84202,18.18537
4763.81450,0.01410,-3.98848,54.91486,8.60459,9.24639,18.87072,18.19316
4763.82450,0.01410,-3.98848,54.91486,8.60459,9.24639,18.87072,18.19316
4763.83450,0.04363,-3.96949,54.91239,8.63496,9.26097,18.87656,18.13990
4763.84450,0.04053,-3.97653,54.88786,8.61459,9.25639,18.88072,18.13616
4763.85450,0.03510,-3.97816,54.90093,8.60788,9.26343,18.88709,18.14253
4763.86450,0.02590,-3.98092,54.92309,8.59652,9.27536,18.89788,18.15332
4763.87450,0.02434,-3.98139,54.92686,8.59459,9.27739,18.89972,18.15516
4763.88450,0.00833,-3.96724,54.81979,8.61119,9.25996,18.80925,18.13939
4763.89450,0.01172,-3.93808,54.98086,8.65459,9.33939,18.85072,18.13616
4763.90450,0.02310,-3.94371,54.95136,8.65741,9.31335,18.84758,18.13302
4763.91450,0.04242,-3.95327,54.90136,8.66220,9.26920,18.84226,18.12770
4763.92450,0.04803,-3.95604,54.88686,8.66359,9.25639,18.84072,18.12616
4763.93450,0.07045,-3.97772,54.87266,8.63590,9.22728,18.88971,18.11977
4763.94450,0.01978,-3.98184,54.81200,8.58505,9.24847,18.84598,18.13249
4763.95450,0.00179,-3.97628,54.88088,8.58895,9.28035,18.85376,18.15782
4763.96450,0.01893,-3.97684,54.96936,8.62229,9.27449,18.88642,18.18616
4763.97450,0.06647,-3.98952,54.95269,8.66162,9.19916,18.89909,18.19283
4763.98450,0.06444,-3.97923,54.94394,8.66359,9.21915,18.89015,18.17105
4763.99450,0.05548,-3.95703,54.92786,8.66359,9.26739,18.87072,18.12616
4764.00450,0.03846,-3.95603,54.89321,8.63785,9.28422,18.85752,18.11362
4764.01450,0.00919,-3.95552,54.82187,8.59516,9.30486,18.82742,18.09443
4764.02450,0.02004,-3.95859,54.81986,8.61459,9.27739,18.82072,18.10716
4764.03450,0.03758,-3.94884,54.84581,8.65276,9.27113,18.81774,18.10418
4764.04450,0.07061,-3.92965,54.90042,8.72902,9.25892,18.81072,18.10176
4764.05450,0.04330,-3.94208,54.87886,8.68359,9.26739,18.81072,18.11716
4764.06450,0.05502,-3.95151,54.88834,8.67411,9.25726,18.83980,18.11716
4764.07450,0.07916,-3.97093,54.90786,8.65459,9.23639,18.89972,18.11716
4764.08450,0.06904,-3.97080,54.87393,8.64170,9.23854,18.88275,18.11093
4764.09450,0.03733,-3.97038,54.76789,8.60143,9.24525,18.82973,18.09147
4764.10450,0.11443,-3.95970,54.81886,8.68359,9.20539,18.87072,18.05916
4764.11450,0.10799,-3.95504,54.82634,8.67919,9.22343,18.87072,18.05300
4764.12450,0.08847,-3.94094,54.84901,8.66585,9.27810,18.87072,18.03433
4764.13450,0.09318,-3.93041,55.00986,8.71359,9.30839,18.90972,18.07816
4764.14450,0.10160,-3.93065,54.99688,8.71557,9.30157,18.91192,18.06782
4764.15450,0.12715,-3.93139,54.95755,8.72157,9.28091,18.91859,18.03649
4764.16450,0.12007,-3.93545,54.91326,8.70499,9.27319,18.90392,18.03116
4764.17450,0.07197,-3.95236,54.79606,8.63859,9.26059,18.85052,18.04636
4764.18450,0.06297,-3.95675,54.92886,8.65459,9.27739,18.88972,18.10716
4764.19450,0.06859,-3.95814,54.90666,8.65639,9.26499,18.88392,18.10136
4764.20450,0.09113,-3.96372,54.81786,8.66359,9.21539,18.86072,18.07816
4764.21450,0.09717,-3.96030,54.84166,8.67739,9.21759,18.86652,18.08016
4764.22450,0.12752,-3.94776,54.94169,8.73144,9.22639,18.90121,18.08264
4764.23450,0.15870,-3.95342,54.96583,8.72569,9.22639,18.95869,18.05506
4764.24450,0.17553,-3.95647,54.97886,8.72259,9.22639,18.98972,18.04016
4764.25450,0.15439,-3.96511,54.96092,8.69131,9.23099,18.98512,18.05350
4764.26450,0.08658,-3.97549,54.82854,8.62699,9.22719,18.89692,18.07744
4764.27450,0.08720,-3.97534,54.81742,8.62619,9.22471,18.89292,18.07360
4764.28450,0.13739,-3.97348,54.80086,8.64459,9.20539,18.92972,18.02116
4764.29450,0.13462,-3.97487,54.80622,8.64219,9.20619,18.93132,18.02652
4764.30450,0.10535,-3.99097,54.87111,8.61538,9.21539,18.95368,18.08666
4764.31450,0.13396,-3.99224,54.90886,8.62459,9.21539,18.99972,18.06916
4764.32450,0.13447,-3.98894,54.90902,8.63011,9.21787,18.99492,18.06612
4764.33450,0.13878,-3.95390,54.90046,8.68647,9.24311,18.93972,18.03116
4764.34450,0.12163,-3.98742,54.78086,8.60459,9.20539,18.93972,18.03116
4764.35450,0.12050,-3.98639,54.78652,8.60529,9.20900,18.94043,18.03180
4764.36450,0.10566,-3.97288,54.86086,8.61459,9.25639,18.94972,18.04016
4764.37450,0.10966,-3.97294,54.85398,8.61459,9.25399,18.95132,18.03408
4764.38450,0.15798,-3.97447,54.78470,8.62011,9.22223,18.97212,17.97024
4764.39450,0.18486,-3.98328,54.89786,8.68359,9.17439,18.99972,18.04016
4764.40450,0.18486,-3.98328,54.89786,8.68359,9.17439,18.99972,18.04016
4764.41450,0.18769,-3.96589,54.94730,8.70260,9.21338,19.00923,18.02209
4764.42450,0.18784,-3.96499,54.94986,8.70359,9.21539,19.00972,18.02116
4764.43450,0.20544,-4.02842,54.79345,8.61818,9.09736,19.03851,18.03939
4764.44450,0.20554,-4.01421,54.95795,8.65261,9.15037,19.08724,18.06772
4764.45450,0.20550,-4.01333,54.96686,8.65459,9.15339,19.08972,18.06916
4764.46450,0.19031,-4.00496,54.81676,8.63559,9.14389,19.01372,18.02356
4764.47450,0.17370,-3.99022,54.94281,8.65359,9.20229,19.03822,18.04871
4764.48450,0.17287,-3.98947,54.94986,8.65459,9.20539,19.03972,18.05016
4764.49450,0.15628,-3.94700,55.19744,8.74863,9.29464,19.04932,18.10486
4764.50450,0.15559,-3.94522,55.20786,8.75259,9.29839,19.04972,18.10716
4764.51450,0.20118,-3.96845,55.08007,8.73987,9.21320,19.05608,18.07092
4764.52450,0.24376,-3.97416,54.99400,8.73973,9.17154,19.06686,18.01587
4764.53450,0.25031,-3.97109,54.98886,8.74259,9.17439,19.06972,18.00216
4764.54450,0.23851,-3.97903,54.90952,8.70267,9.16934,19.05456,17.98296
4764.55450,0.22921,-3.98844,54.84353,8.66520,9.16270,19.04688,17.96875
4764.56450,0.25509,-4.00680,54.97686,8.68359,9.14339,19.12872,18.02116
4764.57450,0.24314,-4.00180,54.94086,8.67609,9.15127,19.10284,18.01066
4764.58450,0.22318,-3.99345,54.88086,8.66359,9.16439,19.05972,17.99316
4764.59450,0.22538,-3.99375,54.95379,8.67507,9.17588,19.08786,18.01498
4764.60450,0.19079,-3.98384,54.81589,8.63183,9.19815,19.01765,17.96826
4764.61450,0.17163,-3.97848,54.71486,8.60459,9.20539,18.96972,17.93516
4764.62450,0.23825,-3.97684,54.81270,8.70640,9.13937,19.00154,17.96539
4764.63450,0.25534,-3.97641,54.83786,8.73259,9.12239,19.00972,17.97316
4764.64450,0.25534,-3.97641,54.83786,8.73259,9.12239,19.00972,17.97316
4764.65450,0.24445,-4.00997,55.00827,8.70712,9.12239,19.10757,18.07119
4764.66450,0.24455,-4.01193,55.04286,8.71359,9.12239,19.11872,18.08816
4764.67450,0.24458,-4.02248,54.81627,8.63972,9.09749,19.07805,18.00101
4764.68450,0.24415,-4.01056,54.86780,8.66526,9.11729,19.07802,18.00723
4764.69450,0.24406,-4.00769,54.88786,8.67359,9.12239,19.07972,18.01216
4764.70450,0.23675,-3.98961,54.98683,8.71434,9.15732,19.07972,18.03545
4764.71450,0.23527,-3.98596,55.00686,8.72259,9.16439,19.07972,18.04016
4764.72450,0.23527,-3.98596,55.00686,8.72259,9.16439,19.07972,18.04016
4764.73450,0.25231,-3.98420,54.88696,8.70406,9.14816,19.05924,17.97549
4764.74450,0.23959,-3.98653,54.91886,8.71359,9.14339,19.04972,18.01216
4764.75450,0.25518,-3.98075,54.92169,8.69945,9.17238,19.08507,17.96479
4764.76450,0.25800,-4.00643,54.93200,8.69359,9.11972,19.09972,18.01897
4764.77450,0.25646,-4.01829,54.93586,8.69359,9.09239,19.09972,18.05016
4764.78450,0.25550,-3.99442,55.02106,8.73548,9.13570,19.09972,18.05016
4764.79450,0.25511,-3.98469,55.05586,8.75259,9.15339,19.09972,18.05016
4764.80450,0.22545,-3.96515,54.99845,8.72207,9.21236,19.06351,18.00050
4764.81450,0.19623,-3.95296,55.03940,8.72201,9.25521,19.04712,18.01506
4764.82450,0.19516,-3.95735,55.10786,8.74259,9.24639,19.05972,18.05916
4764.83450,0.19965,-3.95740,54.94675,8.71974,9.21651,19.00699,18.00350
4764.84450,0.18982,-3.96455,54.86557,8.70359,9.18897,18.96972,18.00330
4764.85450,0.20752,-3.96715,54.95788,8.73201,9.18439,19.01032,18.03116
4764.86450,0.19283,-3.96779,54.92260,8.70677,9.19657,18.99912,18.02014
4764.87450,0.16802,-3.96955,54.86086,8.67359,9.20539,18.96972,18.01216
4764.88450,0.16648,-3.97440,54.84186,8.67934,9.18179,18.95245,18.02828
4764.89450,0.17718,-3.96754,54.85338,8.68823,9.19316,18.96292,18.00907
4764.90450,0.19083,-3.95550,54.88286,8.69359,9.22639,18.98972,17.97316
4764.91450,0.18055,-3.94974,54.87241,8.69881,9.23162,18.96620,17.97577
4764.92450,0.15820,-3.93720,54.84968,8.71018,9.24298,18.91506,17.98146
4764.93450,0.15149,-3.93344,54.84286,8.71359,9.24639,18.89972,17.98316
4764.94450,0.18084,-3.94789,54.86267,8.69472,9.23696,18.96574,17.96524
4764.95450,0.10361,-3.93675,54.90386,8.66359,9.30839,18.91972,18.01216
4764.96450,0.10620,-3.93655,54.90687,8.66839,9.30506,18.91972,18.01371
4764.97450,0.14637,-3.93618,54.94632,8.73498,9.25227,18.92392,18.03515
4764.98450,0.18739,-3.94323,54.96686,8.78159,9.19539,18.93972,18.05016
4764.99450,0.16453,-3.93464,54.93959,8.75870,9.23007,18.91986,18.03097
4765.00450,0.11942,-3.91769,54.88586,8.71359,9.29839,18.88072,17.99316
4765.01450,0.12376,-3.92518,54.86837,8.71029,9.27793,18.88072,17.99943
4765.02450,0.12762,-3.94840,54.83220,8.68742,9.23309,18.89029,18.02140
4765.03450,0.11757,-3.96466,54.83086,8.65459,9.22639,18.90972,18.04016
4765.04450,0.12755,-3.95929,54.85099,8.66746,9.23299,18.91962,18.03092
4765.05450,0.14026,-3.94859,54.90603,8.70001,9.24418,18.93086,18.03099
4765.06450,0.11741,-3.94912,54.94899,8.71947,9.23747,18.90402,18.08803
4765.07450,0.11226,-3.94493,54.98589,8.73249,9.24662,18.90302,18.10376
4765.08450,0.10924,-3.93626,55.04686,8.75259,9.26739,18.90972,18.11716
4765.09450,0.10924,-3.93626,55.04686,8.75259,9.26739,18.90972,18.11716
4765.10450,0.10405,-3.97553,54.75834,8.66359,9.16762,18.84717,18.07997
4765.11450,0.08890,-3.98269,54.86076,8.66359,9.18375,18.87943,18.13400
4765.12450,0.09119,-3.97847,54.85899,8.66914,9.18777,18.87589,18.12618
4765.13450,0.10907,-3.93072,54.81503,8.72090,9.23649,18.82468,18.03295
4765.14450,0.04722,-3.94615,54.90886,8.67359,9.27739,18.84072,18.11716
4765.15450,0.05096,-3.94171,54.91916,8.68151,9.28353,18.84270,18.11142
4765.16450,0.06608,-3.92375,54.96086,8.71359,9.30839,18.85072,18.08816
4765.17450,0.06843,-3.93442,54.94068,8.69591,9.29375,18.86126,18.08977
4765.18450,0.08408,-3.98588,54.85559,8.61822,9.21976,18.91608,18.10152
4765.19450,0.13233,-4.00876,54.93286,8.65459,9.15339,18.97972,18.14516
4765.20450,0.12484,-4.00535,54.93186,8.65559,9.16028,18.96872,18.14727
4765.21450,0.08919,-3.98912,54.92710,8.66035,9.19309,18.91634,18.15732
4765.22450,0.07732,-3.97911,54.91145,8.66359,9.20886,18.89019,18.14881
4765.23450,0.09635,-3.98589,54.86930,8.64702,9.19539,18.90972,18.11716
4765.24450,0.09846,-3.98072,54.91886,8.62459,9.24639,18.95972,18.08816
4765.25450,0.09820,-3.98022,54.92291,8.62990,9.24360,18.95612,18.09329
4765.26450,0.10189,-3.97642,54.95335,8.68270,9.20987,18.92328,18.13750
4765.27450,0.16609,-3.98914,54.84586,8.67359,9.15339,18.95972,18.05916
4765.28450,0.16099,-3.98606,54.85090,8.67599,9.16003,18.95340,18.06148
4765.29450,0.10242,-3.95072,54.90886,8.70359,9.23639,18.88072,18.08816
4765.30450,0.10159,-3.95433,54.89358,8.69567,9.23063,18.87992,18.08736
4765.31450,0.09171,-3.99569,54.72868,8.60595,9.16721,18.87431,18.08121
4765.32450,0.08700,-3.99222,54.86391,8.62300,9.20244,18.91920,18.11927
4765.33450,0.08381,-3.98986,54.95586,8.63459,9.22639,18.94972,18.14516
4765.34450,0.07980,-3.98831,54.91449,8.62489,9.22639,18.93356,18.12964
4765.35450,0.07920,-3.99397,54.84549,8.60459,9.21064,18.91847,18.11179
4765.36450,0.09222,-4.00884,54.87486,8.60459,9.18439,18.94972,18.13616
4765.37450,0.08973,-4.02809,54.84448,8.59538,9.13744,18.94051,18.17114
4765.38450,0.08952,-4.02976,54.84186,8.59459,9.13339,18.93972,18.17416
4765.39450,0.08125,-4.01330,54.95554,8.60390,9.20048,18.97699,18.17416
4765.40450,0.07470,-4.05263,54.94297,8.53907,9.16646,19.02719,18.21024
4765.41450,0.07438,-4.05479,54.94186,8.53559,9.16439,19.02972,18.21216
4765.42450,0.07940,-4.04182,54.96298,8.55947,9.17859,19.02280,18.20212
4765.43450,0.12246,-4.01846,54.91797,8.63288,9.14692,18.98142,18.15675
4765.44450,0.12449,-4.01852,54.91286,8.63459,9.14339,18.97972,18.15516
4765.45450,0.10340,-3.99697,54.93738,8.63459,9.20326,18.96529,18.13424
4765.46450,0.09525,-3.98865,54.94686,8.63459,9.22639,18.95972,18.12616
4765.47450,0.08984,-3.97422,54.93433,8.65903,9.23266,18.92212,18.12052
4765.48450,0.10970,-3.97379,54.89873,8.65988,9.22125,18.92857,18.08903
4765.49450,0.11863,-3.97695,54.88786,8.65459,9.21539,18.93972,18.07816
4765.50450,0.12832,-3.97293,54.70399,8.65459,9.16517,18.85953,18.02470
4765.51450,0.13061,-3.97198,54.66086,8.65459,9.15339,18.84072,18.01216
4765.52450,0.12038,-3.97632,54.84766,8.66203,9.19637,18.91428,18.07498
4765.53450,0.16026,-3.97630,54.92795,8.69646,9.18814,18.97081,18.07255
4765.54450,0.16936,-3.97610,54.93686,8.70359,9.18439,18.97972,18.06916
4765.55450,0.20431,-3.98279,54.83307,8.70359,9.13451,18.97167,18.02330
4765.56450,0.17706,-3.99807,54.91410,8.67039,9.15725,19.01122,18.07524
4765.57450,0.16976,-4.00086,54.93586,8.66359,9.16439,19.01972,18.08816
4765.58450,0.14716,-3.98047,54.85957,8.69712,9.15517,18.91911,18.08816
4765.59450,0.14280,-3.97653,54.84486,8.70359,9.15339,18.89972,18.08816
4765.60450,0.13659,-3.99726,54.79561,8.64881,9.14233,18.92185,18.08263
4765.61450,0.14909,-3.99588,54.78467,8.63078,9.16011,18.95020,18.04359
4765.62450,0.16501,-3.97941,54.81086,8.65459,9.18439,18.95972,18.01216
4765.63450,0.19021,-3.96796,54.82338,8.69938,9.17122,18.95313,17.99964
4765.64450,0.15769,-3.97660,54.84296,8.65838,9.19781,18.96282,18.02395
4765.65450,0.13371,-3.98427,54.84986,8.62459,9.21539,18.96972,18.04016
4765.66450,0.14234,-3.98131,54.95008,8.65063,9.22908,19.00504,18.06532
4765.67450,0.15269,-3.97776,55.07082,8.68202,9.24557,19.04759,18.09564
4765.68450,0.15321,-3.97758,55.07686,8.68359,9.24639,19.04972,18.09716
4765.69450,0.19492,-3.98987,54.89636,8.69309,9.14854,19.00222,18.05251
4765.70450,0.18855,-3.97521,54.98376,8.69359,9.21179,19.03772,18.04066
4765.71450,0.18810,-3.97441,54.98886,8.69359,9.21539,19.03972,18.04016
4765.72450,0.20017,-3.96285,55.01792,8.71359,9.23275,19.04972,18.02186
4765.73450,0.21382,-3.97797,54.97403,8.71117,9.18439,19.04731,18.03116
4765.74450,0.19382,-3.98600,54.90870,8.68041,9.17455,19.01972,18.03402
4765.75450,0.19713,-3.99467,54.88686,8.67359,9.15339,19.01972,18.04016
4765.76450,0.17904,-3.98384,54.93234,8.69662,9.17124,18.99669,18.06780
4765.77450,0.16720,-3.97289,54.92796,8.69636,9.19645,18.97972,18.05543
4765.78450,0.16829,-3.97068,54.89986,8.68359,9.20539,18.97972,18.03116
4765.79450,0.17726,-3.96261,54.91216,8.70116,9.21125,18.97972,18.02003
4765.80450,0.18360,-3.95691,54.92086,8.71359,9.21539,18.97972,18.01216
4765.81450,0.16977,-3.98893,54.85425,8.67396,9.15624,18.96823,18.05580
4765.82450,0.16643,-4.00665,54.83551,8.65960,9.12189,18.96891,18.08510
4765.83450,0.17856,-3.99603,54.88927,8.68595,9.13856,18.98504,18.07972
4765.84450,0.15937,-3.99817,54.92748,8.67619,9.15557,18.98972,18.10600
4765.85450,0.16164,-4.01100,54.89777,8.64857,9.14264,19.00526,18.10130
4765.86450,0.17909,-4.01945,54.85486,8.63459,9.12239,19.01972,18.07816
4765.87450,0.17476,-4.00449,54.90132,8.65713,9.15091,19.01512,18.07816
4765.88450,0.16970,-3.98696,54.95586,8.68359,9.18439,19.00972,18.07816
4765.89450,0.17407,-4.00272,54.91896,8.66604,9.15199,19.01422,18.08671
4765.90450,0.15784,-4.01211,54.88646,8.64759,9.13729,18.99572,18.10586
4765.91450,0.10992,-3.99013,54.91446,8.65425,9.19263,18.94239,18.12519
4765.92450,0.12187,-3.98457,54.91624,8.66546,9.19539,18.94722,18.10816
4765.93450,0.14607,-3.98153,54.89226,8.68059,9.17979,18.95072,18.08116
4765.94450,0.14674,-3.99132,54.83759,8.67392,9.14513,18.93072,18.08783
4765.95450,0.14469,-3.98911,54.83052,8.67117,9.15088,18.92731,18.08116
4765.96450,0.13814,-3.98064,54.81686,8.66359,9.17439,18.91972,18.05916
4765.97450,0.13814,-3.98064,54.81686,8.66359,9.17439,18.91972,18.05916
4765.98450,0.18355,-4.03263,54.81734,8.62459,9.08856,19.01645,18.08773
4765.99450,0.18267,-4.02239,54.84586,8.62459,9.12239,19.02972,18.06916
4766.00450,0.17506,-4.02065,54.88441,8.63112,9.13252,19.03299,18.08778
4766.01450,0.14811,-4.01831,54.95426,8.63499,9.15691,19.03012,18.13224
4766.02450,0.12405,-4.02093,54.93386,8.61459,9.16439,19.00972,18.14516
4766.03450,0.13479,-4.01858,54.92010,8.62646,9.15373,19.00456,18.13535
4766.04450,0.16841,-4.01123,54.87709,8.66355,9.12039,18.98843,18.10471
4766.05450,0.18659,-4.00726,54.85386,8.68359,9.10239,18.97972,18.08816
4766.06450,0.12022,-4.03701,54.81276,8.59210,9.10902,18.96646,18.14517
4766.07450,0.12196,-4.04332,54.97289,8.63329,9.10435,19.00800,18.22726
4766.08450,0.13055,-4.04118,55.01686,8.65459,9.10239,19.01972,18.24016
4766.09450,0.16876,-4.02934,54.92846,8.64859,9.10839,19.02972,18.14176
4766.10450,0.18705,-4.03339,54.83486,8.62459,9.09239,19.02972,18.08816
4766.11450,0.18110,-4.03503,54.86566,8.63059,9.09239,19.03172,18.11096
4766.12450,0.15739,-4.04158,54.98886,8.65459,9.09239,19.03972,18.20216
4766.13450,0.14867,-4.03966,54.96185,8.64451,9.09838,19.02512,18.19384
4766.14450,0.10493,-4.03003,54.82682,8.59415,9.12831,18.95213,18.15223
4766.15450,0.11656,-4.02191,54.86778,8.64187,9.11336,18.93972,18.17283
4766.16450,0.12052,-4.02106,54.86958,8.64379,9.11407,18.94372,18.16800
4766.17450,0.15176,-4.01833,54.86102,8.62827,9.13339,18.99452,18.10484
4766.18450,0.10986,-4.05802,54.93186,8.55559,9.13339,19.04972,18.19316
4766.19450,0.11251,-4.05735,54.93658,8.55818,9.13392,19.05285,18.19162
4766.20450,0.14550,-4.04902,54.99552,8.59063,9.14055,19.09192,18.17242
4766.21450,0.15930,-4.04593,55.01450,8.60406,9.14069,19.10559,18.16416
4766.22450,0.15483,-4.05206,54.93503,8.59743,9.10692,19.06652,18.16416
4766.23450,0.13184,-4.04928,54.91741,8.61297,9.09239,19.01295,18.19910
4766.24450,0.13387,-4.04687,54.93141,8.62140,9.09429,19.01413,18.20159
4766.25450,0.18900,-4.01936,55.11069,8.71869,9.12131,19.07720,18.19348
4766.26450,0.19119,-4.01826,55.11786,8.72259,9.12239,19.07972,18.19316
4766.27450,0.13626,-4.05163,54.69606,8.55444,9.07394,18.96572,18.10196
4766.28450,0.15281,-4.07903,54.77450,8.54559,9.04223,19.03497,18.15171
4766.29450,0.15403,-4.08065,54.78086,8.54559,9.04039,19.03972,18.15516
4766.30450,0.12511,-4.07788,54.76018,8.55499,9.03099,18.98332,18.19088
4766.31450,0.13752,-4.06910,54.66774,8.52777,9.04958,18.97972,18.11067
4766.32450,0.13813,-4.06874,54.66386,8.52659,9.05039,18.97972,18.10716
4766.33450,0.12293,-4.06633,54.79151,8.53485,9.08896,19.01645,18.15124
4766.34450,0.12158,-4.06611,54.80286,8.53559,9.09239,19.01972,18.15516
4766.35450,0.12854,-4.08344,54.84357,8.52916,9.07025,19.05543,18.18873
4766.36450,0.14217,-4.05569,54.96091,8.58291,9.12103,19.07800,18.17897
4766.37450,0.14442,-4.04852,54.98186,8.59459,9.13339,19.07972,18.17416
4766.38450,0.15571,-4.06220,55.00245,8.61929,9.08233,19.07972,18.22110
4766.39450,0.12275,-4.07061,54.95110,8.57621,9.08861,19.05512,18.23116
4766.40450,0.11497,-4.07182,54.93886,8.56559,9.09239,19.04972,18.23116
4766.41450,0.11497,-4.07182,54.93886,8.56559,9.09239,19.04972,18.23116
4766.42450,0.16370,-4.04425,54.85386,8.59459,9.10239,19.03972,18.11716
4766.43450,0.16514,-4.06159,54.74095,8.57437,9.04454,19.00487,18.11716
4766.44450,0.18416,-4.06336,54.82486,8.58589,9.05579,19.05972,18.12346
4766.45450,0.19202,-4.06088,54.88186,8.59459,9.07139,19.08972,18.12616
4766.46450,0.17529,-4.03749,54.88045,8.64337,9.07846,19.01901,18.13959
4766.47450,0.15912,-4.04081,54.88067,8.62809,9.08583,19.01392,18.15282
4766.48450,0.14612,-4.05914,54.88180,8.57809,9.09208,19.04802,18.16362
4766.49450,0.14547,-4.06005,54.88186,8.57559,9.09239,19.04972,18.16416
4766.50450,0.18359,-4.03274,54.92286,8.65459,9.09239,19.03972,18.13616
4766.51450,0.14388,-4.04858,54.89734,8.61457,9.08601,19.01652,18.18024
4766.52450,0.11213,-4.05049,54.86187,8.59086,9.09370,18.98214,18.19517
4766.53450,0.11003,-4.04372,54.84986,8.59459,9.10239,18.96972,18.18316
4766.54450,0.14497,-4.02457,54.92049,8.64570,9.12020,18.99843,18.15617
4766.55450,0.18087,-4.02239,54.94817,8.66865,9.11145,19.03496,18.13311
4766.56450,0.19851,-4.04344,54.90485,8.64245,9.07294,19.06170,18.12776
4766.57450,0.19228,-4.05843,54.86031,8.61423,9.05071,19.05954,18.13583
4766.58450,0.18114,-4.06681,54.82986,8.59459,9.04039,19.04972,18.14516
4766.59450,0.18939,-4.06185,54.83565,8.59904,9.04975,19.05863,18.12823
4766.60450,0.20102,-4.05392,54.90019,8.61348,9.07517,19.09150,18.12005
4766.61450,0.20273,-4.05175,54.97186,8.62459,9.09239,19.11872,18.13616
4766.62450,0.18924,-4.04959,54.92641,8.62459,9.08294,19.07867,18.14021
4766.63450,0.17521,-4.04995,54.86460,8.62161,9.06514,19.03270,18.14516
4766.64450,0.18074,-4.05662,54.85069,8.61498,9.05123,19.03932,18.14516
4766.65450,0.16790,-4.05227,54.84041,8.60404,9.06930,19.02881,18.13825
4766.66450,0.14483,-4.04397,54.82386,8.58559,9.10239,19.00972,18.12616
4766.67450,0.14483,-4.04397,54.82386,8.58559,9.10239,19.00972,18.12616
4766.68450,0.16721,-4.02885,54.87893,8.62661,9.11553,19.02478,18.11201
4766.69450,0.16362,-4.02780,55.01286,8.64459,9.14339,19.06972,18.15516
4766.70450,0.16376,-4.03084,54.91894,8.63112,9.11916,19.03606,18.13261
4766.71450,0.17317,-4.04105,54.79529,8.61112,9.07466,19.00566,18.10384
4766.72450,0.19188,-4.04962,54.92186,8.62459,9.08139,19.07972,18.13616
4766.73450,0.18494,-4.04838,54.94804,8.62459,9.09283,19.08412,18.14650
4766.74450,0.16395,-4.04461,55.02737,8.62459,9.12750,19.09745,18.17783
4766.75450,0.17889,-4.04286,55.01016,8.63427,9.11648,19.09808,18.16132
4766.76450,0.23509,-4.03949,54.91712,8.66363,9.06524,19.09310,18.09516
4766.77450,0.16874,-4.04829,54.88086,8.62459,9.07139,19.02972,18.15516
4766.78450,0.16791,-4.04175,54.88950,8.62902,9.08548,19.02858,18.14641
4766.79450,0.16375,-4.00909,54.93268,8.65118,9.15594,19.02290,18.10266
4766.80450,0.16142,-3.99083,54.95686,8.66359,9.19539,19.01972,18.07816
4766.81450,0.17701,-4.02828,54.96433,8.64119,9.12993,19.06566,18.12755
4766.82450,0.18075,-4.05180,54.93812,8.62459,9.08139,19.07381,18.15833
4766.83450,0.17668,-4.04945,54.91762,8.62412,9.08092,19.05878,18.15380
4766.84450,0.17922,-4.04882,54.87131,8.61741,9.07421,19.04536,18.13433
4766.85450,0.15977,-4.05239,54.98286,8.58559,9.13339,19.10872,18.15516
4766.86450,0.15977,-4.05239,54.98286,8.58559,9.13339,19.10872,18.15516
4766.87450,0.16285,-4.01769,54.92034,8.64902,9.13339,19.01770,18.12022
4766.88450,0.18125,-4.00850,54.86926,8.65459,9.13339,19.00972,18.07156
4766.89450,0.17836,-4.00807,54.89536,8.64509,9.15239,19.02872,18.06916
4766.90450,0.15967,-4.00264,54.94151,8.67214,9.15339,19.00122,18.11476
4766.91450,0.15870,-4.00236,54.94386,8.67359,9.15339,18.99972,18.11716
4766.92450,0.16690,-4.01476,54.83081,8.63654,9.12394,18.99022,18.08011
4766.93450,0.14410,-4.01536,54.94323,8.64967,9.14577,19.00480,18.14300
4766.94450,0.13654,-4.01535,54.98186,8.65459,9.15339,19.00972,18.16416
4766.95450,0.16152,-4.00356,54.91725,8.67861,9.13683,18.98487,18.11695
4766.96450,0.16164,-4.01154,54.90813,8.66509,9.12818,18.99395,18.12091
4766.97450,0.15603,-4.02309,54.91286,8.64459,9.12239,19.00972,18.13616
4766.98450,0.15814,-4.01617,54.88214,8.64459,9.12911,18.99692,18.11152
4766.99450,0.16262,-4.00144,54.81686,8.64459,9.14339,18.96972,18.05916
4767.00450,0.16341,-4.03200,54.82859,8.61009,9.10820,19.01112,18.09918
4767.01450,0.19911,-4.02527,54.89723,8.65725,9.09943,19.04380,18.09674
4767.02450,0.21394,-4.01668,54.92386,8.68359,9.10239,19.04972,18.08816
4767.03450,0.21082,-4.00681,54.95905,8.69739,9.12378,19.04972,18.08816
4767.04450,0.19682,-4.01583,54.92587,8.66978,9.11890,19.04282,18.09437
4767.05450,0.19115,-4.02188,54.90386,8.65459,9.11239,19.03972,18.09716
4767.06450,0.17572,-3.99249,54.85881,8.66775,9.15536,18.98427,18.05142
4767.07450,0.16887,-3.97946,54.83886,8.67359,9.17439,18.95972,18.03116
4767.08450,0.17662,-3.98144,54.83464,8.67743,9.16441,18.96356,18.02924
4767.09450,0.20870,-3.98396,54.82448,8.69676,9.13573,18.97972,18.01227
4767.10450,0.20756,-3.97142,54.84086,8.70359,9.16439,18.97972,17.99316
4767.11450,0.20892,-3.96686,54.83006,8.70731,9.16812,18.97227,17.98236
4767.12450,0.21087,-3.96034,54.81464,8.71263,9.17344,18.96163,17.96694
4767.13450,0.21122,-3.95917,54.81186,8.71359,9.17439,18.95972,17.96416
4767.14450,0.15639,-3.98206,54.89250,8.69439,9.16479,18.95012,18.08320
4767.15450,0.18561,-4.00875,54.87378,8.69359,9.09527,18.97852,18.10640
4767.16450,0.18708,-4.00858,54.87244,8.69289,9.09593,18.98041,18.10321
4767.17450,0.18668,-3.99136,54.86625,8.68237,9.14588,18.98730,18.05071
4767.18450,0.14593,-3.98190,54.85686,8.66359,9.18439,18.94972,18.05916
4767.19450,0.14874,-3.97898,54.85360,8.66743,9.18650,18.94780,18.05187
4767.20450,0.16513,-3.96716,54.87804,8.69040,9.19994,18.95790,18.02980
4767.21450,0.18056,-3.96868,55.00786,8.71359,9.21539,19.01972,18.05916
4767.22450,0.17495,-3.95391,54.99751,8.72514,9.23610,18.99583,18.04044
4767.23450,0.16647,-3.93158,54.98186,8.74259,9.26739,18.95972,18.01216
4767.24450,0.16564,-3.93810,54.95801,8.73605,9.25040,18.95319,18.01837
4767.25450,0.15705,-3.96077,54.90757,8.71321,9.20214,18.93972,18.05249
4767.26450,0.14265,-3.98007,54.90486,8.69359,9.17439,18.93972,18.09716
4767.27450,0.14265,-3.98007,54.90486,8.69359,9.17439,18.93972,18.09716
4767.28450,0.16882,-3.92730,54.93491,8.76192,9.24301,18.91972,18.01027
4767.29450,0.13752,-3.93427,54.94758,8.72859,9.26367,18.91972,18.03560
4767.30450,0.13424,-3.93219,54.94813,8.73218,9.26528,18.91224,18.03843
4767.31450,0.14413,-3.91812,54.94086,8.77259,9.25639,18.88072,18.03116
4767.32450,0.14413,-3.91812,54.94086,8.77259,9.25639,18.88072,18.03116
4767.33450,0.18112,-3.93796,54.94153,8.77218,9.20921,18.92840,18.03174
4767.34450,0.15467,-3.91572,54.83486,8.73259,9.26739,18.88072,17.95416
4767.35450,0.15327,-3.90713,54.85618,8.75236,9.27527,18.86991,17.95864
4767.36450,0.14591,-3.86206,54.96837,8.85642,9.31673,18.81300,17.98222
4767.37450,0.13406,-3.88642,54.86686,8.76259,9.31839,18.84072,17.94516
4767.38450,0.13257,-3.88499,54.87546,8.76888,9.31839,18.83687,17.95132
4767.39450,0.12474,-3.87744,54.92073,8.80199,9.31839,18.81660,17.98375
4767.40450,0.12247,-3.87525,54.93386,8.81159,9.31839,18.81072,17.99316
4767.41450,0.18028,-3.86555,54.86317,8.82101,9.30897,18.83900,17.89419
4767.42450,0.14701,-3.91130,54.89386,8.75259,9.27739,18.88072,17.98316
4767.43450,0.14777,-3.90984,54.90016,8.75672,9.27886,18.88072,17.98386
4767.44450,0.15780,-3.89039,54.98386,8.81159,9.29839,18.88072,17.99316
4767.45450,0.15784,-3.89166,54.97813,8.80812,9.29691,18.88136,17.99175
4767.46450,0.15968,-3.90877,54.90381,8.76359,9.27575,18.89078,17.97369
4767.47450,0.17531,-3.91370,54.91573,8.77618,9.25522,18.90402,17.98031
4767.48450,0.18202,-3.91581,54.92086,8.78159,9.24639,18.90972,17.98316
4767.49450,0.22909,-3.87895,54.89513,8.84983,9.25846,18.88817,17.89867
4767.50450,0.19999,-3.87431,54.91105,8.84038,9.28433,18.86876,17.91758
4767.51450,0.17294,-3.87000,54.92586,8.83159,9.30839,18.85072,17.93516
4767.52450,0.18895,-3.89170,54.84792,8.81258,9.24946,18.85072,17.93516
4767.53450,0.18978,-3.89283,54.84386,8.81159,9.24639,18.85072,17.93516
4767.54450,0.15787,-3.90595,54.86022,8.76850,9.26330,18.86163,17.96680
4767.55450,0.13374,-3.90908,54.90834,8.75075,9.28935,18.87302,17.99523
4767.56450,0.14194,-3.88300,55.02386,8.81159,9.32939,18.88072,18.00216
4767.57450,0.14916,-3.89506,54.86068,8.77961,9.27855,18.83972,17.96280
4767.58450,0.17896,-3.88326,54.91342,8.82835,9.27559,18.85532,17.95416
4767.59450,0.18514,-3.88009,54.93286,8.84059,9.27739,18.86072,17.95416
4767.60450,0.16114,-3.87608,54.96074,8.79221,9.34463,18.89270,17.93120
4767.61450,0.15588,-3.87521,54.96686,8.78159,9.35939,18.89972,17.92616
4767.62450,0.12470,-3.90579,54.78592,8.72989,9.27787,18.82085,17.95731
4767.63450,0.17409,-3.90475,54.88858,8.79357,9.25045,18.87140,17.97316
4767.64450,0.20155,-3.89774,54.97086,8.83159,9.25639,18.90972,17.97316
4767.65450,0.18164,-3.91394,54.89240,8.77145,9.25170,18.90502,17.96423
4767.66450,0.14995,-3.92403,54.83339,8.71966,9.25985,18.88692,17.96696
4767.67450,0.13124,-3.90715,54.89386,8.75259,9.28739,18.86072,17.99316
4767.68450,0.13201,-3.91556,54.88258,8.75728,9.25874,18.85132,18.01524
4767.69450,0.13287,-3.92506,54.86986,8.76259,9.22639,18.84072,18.04016
4767.70450,0.12802,-3.92447,54.81473,8.73445,9.23788,18.83498,18.00743
4767.71450,0.13609,-3.91480,54.86050,8.74049,9.27011,18.86218,17.98772
4767.72450,0.14998,-3.90383,54.96386,8.77259,9.29839,18.89972,17.99316
4767.73450,0.17211,-3.90213,54.91838,8.77259,9.28754,18.90489,17.95336
4767.74450,0.17523,-3.90406,54.88176,8.76276,9.28067,18.90022,17.93811
4767.75450,0.14437,-3.91025,54.89210,8.74552,9.28642,18.88355,17.97661
4767.76450,0.13913,-3.91130,54.89386,8.74259,9.28739,18.88072,17.98316
4767.77450,0.17652,-3.93076,54.94762,8.76145,9.23929,18.93637,18.01051
4767.78450,0.17877,-3.93193,54.95086,8.76259,9.23639,18.93972,18.01216
4767.79450,0.14614,-3.91554,55.01898,8.75259,9.30827,18.94259,18.01554
4767.80450,0.14026,-3.92234,54.91086,8.75259,9.25639,18.88072,18.02116
4767.81450,0.16955,-3.92378,54.90771,8.75259,9.25189,18.91627,17.98696
4767.82450,0.17441,-3.92846,54.90346,8.73307,9.25874,18.93981,17.97184
4767.83450,0.12767,-3.93288,54.90286,8.70359,9.27739,18.90972,18.01216
4767.84450,0.13927,-3.93761,54.90286,8.69991,9.26967,18.92811,18.00517
4767.85450,0.15921,-3.94575,54.90286,8.69359,9.25639,18.95972,17.99316
4767.86450,0.15921,-3.94575,54.90286,8.69359,9.25639,18.95972,17.99316
4767.87450,0.16631,-3.97145,54.82968,8.67965,9.18461,18.94578,18.01964
4767.88450,0.19493,-3.94702,54.85608,8.73527,9.19636,18.93972,17.98472
4767.89450,0.20622,-3.93127,54.88186,8.76259,9.21539,18.93972,17.96416
4767.90450,0.20526,-3.91549,54.93841,8.78992,9.24461,18.93972,17.96416
4767.91450,0.21707,-3.93077,55.03086,8.78159,9.24639,19.00972,17.99316
4767.92450,0.21805,-3.93276,55.02046,8.78159,9.23819,19.00572,17.99496
4767.93450,0.22200,-3.94071,54.97886,8.78159,9.20539,18.98972,18.00216
4767.94450,0.21729,-3.94149,54.95586,8.76799,9.20959,18.98572,17.99256
4767.95450,0.20407,-3.94706,54.84921,8.71735,9.21194,18.96576,17.95416
4767.96450,0.22711,-3.95701,54.78986,8.73259,9.15339,18.94972,17.95416
4767.97450,0.22711,-3.95701,54.78986,8.73259,9.15339,18.94972,17.95416
4767.98450,0.22685,-3.91777,54.92734,8.74967,9.27572,19.00177,17.90018
4767.99450,0.21667,-3.89255,54.93286,8.83159,9.25639,18.90972,17.93516
4768.00450,0.21667,-3.89255,54.93286,8.83159,9.25639,18.90972,17.93516
4768.01450,0.21674,-3.92349,55.01386,8.77259,9.26739,19.00972,17.96416
4768.02450,0.21217,-3.92504,54.99530,8.76614,9.26401,19.00098,17.96416
4768.03450,0.18807,-3.93322,54.89760,8.73224,9.24619,18.95501,17.96416
4768.04450,0.22574,-3.92161,54.92986,8.81159,9.20539,18.93972,17.97316
4768.05450,0.22725,-3.92031,54.93587,8.81229,9.20978,18.94396,17.96984
4768.06450,0.24659,-3.90553,55.01130,8.82079,9.26169,18.99814,17.93067
4768.07450,0.24133,-3.93120,54.96986,8.81159,9.19539,18.97972,17.98316
4768.08450,0.24133,-3.93120,54.96986,8.81159,9.19539,18.97972,17.98316
4768.09450,0.23003,-3.94759,54.94086,8.75259,9.20539,19.00972,17.97316
4768.10450,0.23003,-3.94759,54.94086,8.75259,9.20539,19.00972,17.97316
4768.11450,0.22932,-3.93929,54.85168,8.74339,9.20539,18.97295,17.92995
4768.12450,0.19093,-3.91693,54.86476,8.74259,9.26429,18.93172,17.92616
4768.13450,0.18892,-3.91579,54.86586,8.74259,9.26739,18.92972,17.92616
4768.14450,0.23093,-3.87326,54.96588,8.83132,9.31402,18.94476,17.87578
4768.15450,0.19728,-3.87945,54.98004,8.82217,9.31293,18.91836,17.92659
4768.16450,0.18421,-3.88501,54.97486,8.81159,9.30839,18.90972,17.94516
4768.17450,0.23951,-3.87922,54.98435,8.84862,9.28845,18.94770,17.89958
4768.18450,0.24245,-3.87891,54.98486,8.85059,9.28739,18.94972,17.89716
4768.19450,0.24865,-3.89117,54.85772,8.82273,9.24382,18.92115,17.87002
4768.20450,0.22691,-3.87032,54.94708,8.83537,9.31085,18.92612,17.87474
4768.21450,0.22161,-3.86468,54.97786,8.84059,9.32939,18.92972,17.87816
4768.22450,0.23140,-3.86505,54.95326,8.84059,9.32037,18.92972,17.86258
4768.23450,0.23355,-3.86513,54.94786,8.84059,9.31839,18.92972,17.85916
4768.24450,0.24112,-3.87457,54.91268,8.85695,9.26767,18.90517,17.88289
4768.25450,0.22621,-3.88220,54.85074,8.80401,9.28181,18.90792,17.85700
4768.26450,0.22257,-3.88342,54.83886,8.79159,9.28739,18.90972,17.85016
4768.27450,0.23253,-3.89221,54.83155,8.77616,9.27927,18.93408,17.84204
4768.28450,0.26287,-3.89454,54.85416,8.78798,9.26929,18.97212,17.82477
4768.29450,0.26944,-3.89461,54.85986,8.79159,9.26739,18.97972,17.82116
4768.30450,0.28404,-3.89573,54.90759,8.82702,9.24497,18.98695,17.84864
4768.31450,0.28962,-3.89615,54.92586,8.84059,9.23639,18.98972,17.85916
4768.32450,0.29826,-3.89129,54.87210,8.85145,9.21956,18.96257,17.83852
4768.33450,0.29986,-3.89967,54.78286,8.82109,9.20039,18.94972,17.81166
4768.34450,0.29417,-3.91217,54.73886,8.78159,9.19539,18.95972,17.80216
4768.35450,0.27693,-3.90235,54.82525,8.81087,9.21809,18.95240,17.84389
4768.36450,0.24092,-3.91590,54.83676,8.75297,9.24719,18.97051,17.86609
4768.37450,0.22774,-3.92350,54.82786,8.72259,9.25639,18.97972,17.86916
4768.38450,0.24330,-3.92554,54.86689,8.73836,9.24851,19.00338,17.87665
4768.39450,0.26580,-3.92849,54.92347,8.76122,9.23708,19.03766,17.88751
4768.40450,0.26714,-3.92867,54.92686,8.76259,9.23639,19.03972,17.88816
4768.41450,0.24549,-3.92963,54.96258,8.76259,9.24579,19.03032,17.92388
4768.42450,0.24538,-3.93978,54.82890,8.76259,9.17757,18.96258,17.92616
4768.43450,0.25294,-3.94748,54.80241,8.75355,9.15943,18.96778,17.92164
4768.44450,0.25405,-3.94277,54.80695,8.74986,9.17594,18.97517,17.90598
4768.45450,0.24043,-3.92227,54.81586,8.76259,9.21539,18.94972,17.88816
4768.46450,0.24569,-3.92688,54.81564,8.75822,9.20862,18.96064,17.88816
4768.47450,0.26453,-3.94335,54.81486,8.74259,9.18439,18.99972,17.88816
4768.48450,0.27139,-3.94651,54.79770,8.73379,9.17999,19.00852,17.87540
4768.49450,0.27459,-3.95155,54.80121,8.72550,9.17731,19.02263,17.87577
4768.50450,0.26202,-3.95387,54.85883,8.73212,9.18393,19.02926,17.91352
4768.51450,0.25717,-3.94782,54.84750,8.73899,9.18791,19.01052,17.91008
4768.52450,0.25150,-3.93680,54.83862,8.76494,9.18557,18.97289,17.91522
4768.53450,0.25746,-3.94149,54.88986,8.79159,9.16439,18.97972,17.95416
4768.54450,0.24200,-3.93349,54.86618,8.78113,9.18637,18.95860,17.94008
4768.55450,0.19359,-3.90842,54.79218,8.74847,9.25503,18.89260,17.89608
4768.56450,0.25439,-3.96213,54.70186,8.72259,9.12239,18.94972,17.90716
4768.57450,0.25533,-3.96206,54.73731,8.72896,9.12775,18.96247,17.91813
4768.58450,0.26029,-3.96169,54.92389,8.76252,9.15594,19.02959,17.97584
4768.59450,0.25963,-3.96116,54.95810,8.77063,9.16028,19.03796,17.98924
4768.60450,0.25440,-3.96335,54.89231,8.75895,9.14521,19.00972,17.97843
4768.61450,0.27034,-3.98101,54.99786,8.74259,9.15339,19.09972,18.00216
4768.62450,0.27034,-3.98101,54.99786,8.74259,9.15339,19.09972,18.00216
4768.63450,0.26700,-3.97000,54.98488,8.74980,9.16853,19.08170,17.98486
4768.64450,0.24170,-3.94243,54.93036,8.76259,9.20439,19.00922,17.95416
4768.65450,0.21801,-3.93263,54.89186,8.76259,9.21539,18.95972,17.95416
4768.66450,0.20809,-3.95873,54.86462,8.70902,9.19724,18.98696,17.97141
4768.67450,0.21273,-3.95933,54.86543,8.71045,9.19462,18.99182,17.96854
4768.68450,0.28266,-3.93250,54.90739,8.79704,9.18634,19.01508,17.90892
4768.69450,0.21037,-3.93727,54.82924,8.73214,9.21415,18.94886,17.93409
4768.70450,0.17849,-3.93938,54.79486,8.70359,9.22639,18.91972,17.94516
