time_s,cop_x_cm,cop_y_cm,mass_kg,tr_kg,tl_kg,br_kg,bl_kg
5151.62950,-1.60017,-2.92625,124.04486,22.95159,23.15039,34.48672,43.45616
5151.63950,-1.58942,-2.98349,123.39536,22.68186,22.86893,34.48632,43.35825
5151.64950,-1.54668,-3.05707,122.24586,22.30959,22.42239,34.44672,43.06716
5151.65950,-1.54668,-3.05707,122.24586,22.30959,22.42239,34.44672,43.06716
5151.66950,-1.51816,-3.16472,121.03386,21.77659,21.94039,34.49672,42.82016
5151.67950,-1.51808,-3.16548,121.02062,21.77274,21.93547,34.49463,42.81778
5151.68950,-1.51098,-3.24162,119.69572,21.38587,21.44408,34.28513,42.58064
5151.69950,-1.57380,-3.33646,118.29586,20.81959,21.01739,34.02872,42.43016
5151.70950,-1.57420,-3.33706,118.29140,20.81709,21.01521,34.02806,42.43105
5151.71950,-1.61433,-3.39722,117.84540,20.56709,20.79654,33.96206,42.51971
5151.72950,-1.63410,-3.42687,117.62686,20.44459,20.68939,33.92972,42.56316
5151.73950,-1.69157,-3.51227,117.80164,20.16787,20.58599,34.13088,42.91690
5151.74950,-1.66575,-3.53979,118.17935,20.19644,20.54542,34.34688,43.09061
5151.75950,-1.64675,-3.56005,118.45886,20.21759,20.51539,34.50672,43.21916
5151.76950,-1.63895,-3.54526,118.65886,20.28659,20.59214,34.55147,43.22866
5151.77950,-1.60404,-3.48685,119.52213,20.59435,20.88795,34.73904,43.30078
5151.78950,-1.57019,-3.44536,120.29086,20.88859,21.07939,34.89472,43.42816
5151.79950,-1.53766,-3.39441,120.98836,21.17859,21.30314,35.01910,43.48754
5151.80950,-1.51831,-3.36412,121.40686,21.35259,21.43739,35.09372,43.52316
5151.81950,-1.47672,-3.33009,121.84426,21.57159,21.55439,35.19512,43.52316
5151.82950,-1.41596,-3.27534,122.47491,21.89346,21.74985,35.33891,43.49268
5151.83950,-1.39696,-3.25690,122.66986,21.99459,21.81739,35.38272,43.47516
5151.84950,-1.37966,-3.22566,122.66274,22.11147,21.86605,35.31152,43.37370
5151.85950,-1.37717,-3.18452,122.50434,22.19159,21.95016,35.16429,43.19830
5151.86950,-1.38295,-3.17236,122.40986,22.19159,21.98139,35.10372,43.13316
5151.87950,-1.38474,-3.13350,122.14462,22.28887,21.99659,34.87724,42.98192
5151.88950,-1.38531,-3.12119,122.06086,22.31959,22.00139,34.80572,42.93416
5151.89950,-1.36946,-3.10351,121.45838,22.29135,21.90508,34.59644,42.66550
5151.90950,-1.38198,-3.08334,121.04816,22.26078,21.89346,34.39989,42.49403
5151.91950,-1.40652,-3.06567,120.81039,22.23471,21.92644,34.24617,42.40307
5151.92950,-1.40948,-3.06354,120.78186,22.23159,21.93039,34.22772,42.39216
5151.93950,-1.36213,-3.04133,120.56186,22.30959,21.88939,34.17872,42.18416
5151.94950,-1.35208,-3.05404,120.60886,22.29059,21.85839,34.24772,42.21216
5151.95950,-1.35256,-3.05453,120.61367,22.28904,21.85909,34.25019,42.21535
5151.96950,-1.37334,-3.07599,120.82286,22.22159,21.88939,34.35772,42.35416
5151.97950,-1.35961,-3.08122,120.96526,22.25643,21.87879,34.42791,42.40213
5151.98950,-1.34736,-3.09179,121.28036,22.30509,21.88889,34.56122,42.52516
5151.99950,-1.34854,-3.09722,121.45586,22.31959,21.90939,34.62572,42.60116
5152.00950,-1.34580,-3.10413,121.42959,22.30465,21.87797,34.63602,42.61095
5152.01950,-1.34950,-3.11371,121.47939,22.28365,21.86607,34.66999,42.65968
5152.02950,-1.36131,-3.11948,121.61986,22.27059,21.89939,34.71572,42.73416
5152.03950,-1.36272,-3.13233,121.58077,22.23922,21.84803,34.72481,42.76871
5152.04950,-1.36442,-3.14777,121.53386,22.20159,21.78639,34.73572,42.81016
5152.05950,-1.36432,-3.14846,121.53602,22.19936,21.78572,34.73924,42.81171
5152.06950,-1.36438,-3.17708,121.61987,22.09734,21.76539,34.88036,42.87677
5152.07950,-1.36900,-3.18912,121.64886,22.04359,21.76539,34.93472,42.90516
5152.08950,-1.36896,-3.18954,121.58033,22.03559,21.74646,34.91072,42.88756
5152.09950,-1.36887,-3.19060,121.40899,22.01559,21.69913,34.85072,42.84356
5152.10950,-1.38652,-3.20894,121.26686,21.96459,21.60139,34.78572,42.91516
5152.11950,-1.40384,-3.21302,121.23643,21.92784,21.60548,34.75974,42.94337
5152.12950,-1.43320,-3.21995,121.18486,21.86559,21.61239,34.71572,42.99116
5152.13950,-1.44091,-3.22254,121.09854,21.84765,21.58561,34.67178,42.99350
5152.14950,-1.46074,-3.22920,120.87721,21.80165,21.51695,34.55911,42.99950
5152.15950,-1.45522,-3.23035,120.80886,21.75759,21.53039,34.58672,42.93416
5152.16950,-1.45943,-3.22988,120.81165,21.75759,21.53388,34.57627,42.94391
5152.17950,-1.46731,-3.22901,120.81686,21.75759,21.54039,34.55672,42.96216
5152.18950,-1.46705,-3.23216,120.82648,21.74979,21.53493,34.56972,42.97204
5152.19950,-1.46184,-3.24395,120.89419,21.74324,21.50321,34.62237,43.02536
5152.20950,-1.44945,-3.25175,121.00586,21.78659,21.45839,34.66572,43.09516
5152.21950,-1.44528,-3.25522,121.02671,21.78391,21.45011,34.68978,43.10291
5152.22950,-1.43733,-3.26686,121.13226,21.76655,21.44335,34.77863,43.14372
5152.23950,-1.44734,-3.27301,121.27186,21.73759,21.48939,34.84472,43.20016
5152.24950,-1.44734,-3.27301,121.27186,21.73759,21.48939,34.84472,43.20016
5152.25950,-1.41200,-3.29199,121.20986,21.72759,21.37639,34.92472,43.18116
5152.26950,-1.41510,-3.29322,121.19530,21.71992,21.37236,34.91692,43.18610
5152.27950,-1.42701,-3.29794,121.13930,21.69042,21.35686,34.88692,43.20510
5152.28950,-1.46334,-3.31039,121.26286,21.62859,21.39639,34.90472,43.33316
5152.29950,-1.46382,-3.31089,121.26428,21.62642,21.39639,34.90621,43.33525
5152.30950,-1.46748,-3.31475,121.27520,21.60975,21.39639,34.91771,43.35134
5152.31950,-1.48023,-3.31340,121.24995,21.61244,21.39196,34.86755,43.37800
5152.32950,-1.49345,-3.30873,121.20986,21.62859,21.38639,34.79572,43.39916
5152.33950,-1.50112,-3.31066,121.29874,21.61919,21.41708,34.82502,43.43745
5152.34950,-1.48379,-3.31107,121.38586,21.67859,21.38639,34.85472,43.46616
5152.35950,-1.48379,-3.31116,121.38613,21.67813,21.38646,34.85532,43.46622
5152.36950,-1.48323,-3.32033,121.41279,21.63213,21.39313,34.91532,43.47222
5152.37950,-1.48295,-3.32481,121.42586,21.60959,21.39639,34.94472,43.47516
5152.38950,-1.44007,-3.31362,121.37211,21.74881,21.29770,34.90066,43.42493
5152.39950,-1.45676,-3.31824,121.35926,21.70705,21.31034,34.88963,43.45224
5152.40950,-1.47848,-3.32416,121.35386,21.64859,21.33539,34.88472,43.48516
5152.41950,-1.47452,-3.32166,121.32445,21.64333,21.34353,34.88735,43.45023
5152.42950,-1.46341,-3.31463,121.24186,21.62859,21.36639,34.89472,43.35216
5152.43950,-1.46075,-3.31632,121.21271,21.64393,21.33172,34.87324,43.36382
5152.44950,-1.46085,-3.31227,121.36760,21.67079,21.38131,34.91832,43.39718
5152.45950,-1.46258,-3.31006,121.42986,21.66859,21.41739,34.94472,43.39916
5152.46950,-1.45282,-3.31906,121.40939,21.67749,21.35331,34.95362,43.42497
5152.47950,-1.44246,-3.33604,121.38214,21.65740,21.27335,34.99004,43.46136
5152.48950,-1.43866,-3.34264,121.37186,21.64859,21.24339,35.00472,43.47516
5152.49950,-1.43660,-3.35714,121.19784,21.55773,21.19565,35.02012,43.42434
5152.50950,-1.43598,-3.36148,121.14586,21.53059,21.18139,35.02472,43.40916
5152.51950,-1.41933,-3.38020,121.02805,21.48439,21.08668,35.06245,43.39453
5152.52950,-1.45150,-3.40171,121.02058,21.37973,21.07456,35.07372,43.49257
5152.53950,-1.46259,-3.40646,121.02886,21.35259,21.07939,35.07372,43.52316
5152.54950,-1.47036,-3.41028,120.99532,21.36021,21.03975,35.02874,43.56662
5152.55950,-1.45952,-3.40947,120.88890,21.35491,21.01204,35.01472,43.50723
5152.56950,-1.45550,-3.40886,120.85986,21.35259,21.00739,35.01472,43.48516
5152.57950,-1.46025,-3.41397,121.00068,21.33141,21.05081,35.08831,43.53016
5152.58950,-1.46446,-3.41851,121.12586,21.31259,21.08939,35.15372,43.57016
5152.59950,-1.47618,-3.42593,121.07773,21.28776,21.05798,35.12332,43.60867
5152.60950,-1.47899,-3.42689,121.10226,21.29206,21.05711,35.12261,43.63048
5152.61950,-1.46673,-3.41800,121.20386,21.33259,21.09939,35.16372,43.60816
5152.62950,-1.45594,-3.41496,121.21457,21.35758,21.09429,35.17392,43.58878
5152.63950,-1.44367,-3.41135,121.23942,21.39676,21.08302,35.18069,43.57896
5152.64950,-1.43930,-3.40976,121.27286,21.43159,21.06839,35.17372,43.59916
5152.65950,-1.44459,-3.39885,121.31459,21.46713,21.10548,35.14281,43.59916
5152.66950,-1.44958,-3.38860,121.35386,21.50059,21.14039,35.11372,43.59916
5152.67950,-1.46316,-3.39288,121.38541,21.49474,21.13455,35.09619,43.65992
5152.68950,-1.46342,-3.39399,121.37859,21.48422,21.13676,35.10281,43.65480
5152.69950,-1.45804,-3.39289,121.36186,21.48059,21.14039,35.11372,43.62716
5152.70950,-1.44844,-3.39646,121.30420,21.49326,21.08843,35.10105,43.62146
5152.71950,-1.44897,-3.39342,121.28016,21.50481,21.08461,35.07681,43.61393
5152.72950,-1.45727,-3.38645,121.29286,21.51059,21.12039,35.05372,43.60816
5152.73950,-1.45712,-3.38495,121.26095,21.51650,21.11123,35.03333,43.59989
5152.74950,-1.45678,-3.38138,121.18486,21.53059,21.08939,34.98472,43.58016
5152.75950,-1.46362,-3.38176,121.07425,21.50533,21.07374,34.93927,43.55592
5152.76950,-1.46073,-3.38661,120.93001,21.48059,21.02204,34.90482,43.52257
5152.77950,-1.45132,-3.39100,120.89486,21.48059,20.98639,34.91472,43.51316
5152.78950,-1.46212,-3.39026,120.88375,21.47554,20.99144,34.88442,43.53235
5152.79950,-1.47272,-3.38954,120.87286,21.47059,20.99639,34.85472,43.55116
5152.80950,-1.47137,-3.38796,120.90857,21.48589,21.00201,34.85982,43.56085
5152.81950,-1.45908,-3.37713,121.05252,21.54126,21.05476,34.90591,43.55060
5152.82950,-1.44873,-3.36836,121.15586,21.57959,21.09939,34.94472,43.53216
5152.83950,-1.44352,-3.35983,121.21060,21.62311,21.12047,34.94132,43.52570
5152.84950,-1.43354,-3.34363,121.31627,21.70729,21.15976,34.93440,43.51483
5152.85950,-1.44118,-3.36378,121.27986,21.68859,21.05839,34.91472,43.61816
5152.86950,-1.48728,-3.36756,121.25198,21.64133,21.07573,34.81986,43.71506
5152.87950,-1.57684,-3.37490,121.19786,21.54959,21.10939,34.63572,43.90316
5152.88950,-1.63915,-3.38462,121.26168,21.48400,21.14573,34.55639,44.07556
5152.89950,-1.72192,-3.37973,121.55735,21.47418,21.28558,34.47050,44.32708
5152.90950,-1.72727,-3.35970,121.81086,21.55959,21.39639,34.48672,44.36816
5152.91950,-1.72444,-3.35276,121.75119,21.56739,21.40458,34.45942,44.31980
5152.92950,-1.69943,-3.33579,121.65038,21.63395,21.39297,34.41672,44.20674
5152.93950,-1.66777,-3.32640,121.63886,21.71759,21.35539,34.41672,44.14916
5152.94950,-1.66289,-3.31275,121.61412,21.75533,21.38166,34.38127,44.09586
5152.95950,-1.65003,-3.27682,121.54902,21.85466,21.45079,34.28798,43.95559
5152.96950,-1.63368,-3.26328,121.50203,21.90515,21.45572,34.26168,43.87948
5152.97950,-1.58845,-3.22655,121.40074,22.03696,21.48332,34.20984,43.67061
5152.98950,-1.57659,-3.19730,121.42286,22.10259,21.58139,34.18772,43.55116
5152.99950,-1.57189,-3.19085,121.37891,22.11968,21.58283,34.16345,43.51296
5153.00950,-1.55443,-3.16693,121.21615,22.18297,21.58815,34.07356,43.37147
5153.01950,-1.51759,-3.15874,121.06486,22.26059,21.49939,34.02872,43.27616
5153.02950,-1.52060,-3.15812,121.07734,22.26319,21.50459,34.02352,43.28604
5153.03950,-1.52915,-3.15635,121.11286,22.27059,21.51939,34.00872,43.31416
5153.04950,-1.52915,-3.15635,121.11286,22.27059,21.51939,34.00872,43.31416
5153.05950,-1.53147,-3.15940,121.17874,22.24765,21.54998,34.05578,43.32534
5153.06950,-1.53434,-3.16642,121.38934,22.25363,21.58270,34.13959,43.41342
5153.07950,-1.53530,-3.17018,121.51586,22.27059,21.59139,34.17872,43.47516
5153.08950,-1.54548,-3.18248,121.65249,22.22466,21.62104,34.25953,43.54725
5153.09950,-1.55279,-3.19131,121.75086,22.19159,21.64239,34.31772,43.59916
5153.10950,-1.54637,-3.21090,121.68595,22.12859,21.57748,34.36863,43.61125
5153.11950,-1.55455,-3.24462,121.61274,22.01781,21.48210,34.42243,43.69040
5153.12950,-1.56397,-3.26268,121.60486,21.95912,21.44163,34.45102,43.75309
5153.13950,-1.57872,-3.30188,121.67505,21.83234,21.38431,34.56891,43.88948
5153.14950,-1.56283,-3.33830,121.56386,21.67859,21.30439,34.71572,43.86516
5153.15950,-1.56234,-3.34421,121.56120,21.66613,21.28437,34.72832,43.88238
5153.16950,-1.55934,-3.38055,121.54486,21.58959,21.16139,34.80572,43.98816
5153.17950,-1.56239,-3.39014,121.50534,21.54461,21.14137,34.82379,43.99557
5153.18950,-1.58391,-3.45851,121.22140,21.22445,20.99827,34.95199,44.04669
5153.19950,-1.59175,-3.48963,121.07171,21.07725,20.92808,35.00789,44.05850
5153.20950,-1.59545,-3.50540,120.99907,21.00308,20.89338,35.03807,44.06454
5153.21950,-1.59183,-3.54550,120.95905,20.82811,20.84175,35.20461,44.08458
5153.22950,-1.59945,-3.59855,120.87886,20.68159,20.67939,35.29272,44.22516
5153.23950,-1.59945,-3.59855,120.87886,20.68159,20.67939,35.29272,44.22516
5153.24950,-1.59631,-3.61313,121.07586,20.64159,20.70939,35.43272,44.29216
5153.25950,-1.59629,-3.61317,121.07755,20.64185,20.70947,35.43331,44.29292
5153.26950,-1.59358,-3.61765,121.24689,20.66852,20.71680,35.49265,44.36892
5153.27950,-1.57325,-3.62007,121.55031,20.72189,20.75412,35.63688,44.43742
5153.28950,-1.56917,-3.62002,121.59834,20.73079,20.76186,35.66172,44.44397
5153.29950,-1.56997,-3.61053,121.64602,20.75065,20.80888,35.66172,44.42476
5153.30950,-1.57303,-3.57988,121.89281,20.84091,20.96682,35.67729,44.40778
5153.31950,-1.57361,-3.57419,121.94186,20.85859,20.99639,35.68072,44.40616
5153.32950,-1.57581,-3.57526,121.74800,20.85859,20.92414,35.58467,44.38061
5153.33950,-1.57610,-3.57541,121.72186,20.85859,20.91439,35.57172,44.37716
5153.34950,-1.59047,-3.57287,121.63830,20.79725,20.96062,35.55394,44.32649
5153.35950,-1.59890,-3.56082,121.62964,20.81629,21.00288,35.50722,44.30325
5153.36950,-1.59972,-3.55937,121.62986,20.81959,21.00739,35.50172,44.30116
5153.37950,-1.60275,-3.55552,121.58956,20.82089,21.01272,35.47325,44.28270
5153.38950,-1.62090,-3.53098,121.30342,20.82510,21.04062,35.28571,44.15199
5153.39950,-1.60848,-3.53803,121.20986,20.79959,20.99639,35.30272,44.11116
5153.40950,-1.61083,-3.54024,121.19196,20.78776,20.99033,35.29969,44.11419
5153.41950,-1.61623,-3.54530,121.15086,20.76059,20.97639,35.29272,44.12116
5153.42950,-1.62154,-3.54048,121.18299,20.75549,21.01821,35.29782,44.11147
5153.43950,-1.63095,-3.54470,121.18479,20.74039,21.01147,35.28742,44.14551
5153.44950,-1.63509,-3.55322,121.15686,20.73059,20.96639,35.27272,44.18716
5153.45950,-1.65562,-3.55848,121.19511,20.70560,20.97659,35.25793,44.25499
5153.46950,-1.66990,-3.57298,121.31068,20.67000,20.97480,35.30689,44.35899
5153.47950,-1.66597,-3.57982,121.36786,20.66159,20.96639,35.35272,44.38716
5153.48950,-1.65966,-3.58097,121.52007,20.70345,20.97062,35.39881,44.44720
5153.49950,-1.65108,-3.58254,121.72786,20.76059,20.97639,35.46172,44.52916
5153.50950,-1.67037,-3.61442,121.67074,20.64431,20.90295,35.49742,44.62606
5153.51950,-1.69669,-3.64641,121.76152,20.52891,20.87850,35.58068,44.77342
5153.52950,-1.70793,-3.64834,121.97286,20.52359,20.94539,35.65172,44.85216
5153.53950,-1.71564,-3.66091,121.96222,20.46642,20.93165,35.68230,44.88185
5153.54950,-1.74926,-3.69479,121.96467,20.32421,20.89348,35.73092,45.01606
5153.55950,-1.77226,-3.71214,121.97986,20.25659,20.87339,35.74072,45.10916
5153.56950,-1.80250,-3.73716,121.92427,20.14592,20.83157,35.74072,45.20606
5153.57950,-1.83159,-3.76121,121.87086,20.03959,20.79139,35.74072,45.29916
5153.58950,-1.83235,-3.76183,121.86791,20.03609,20.79057,35.74072,45.30053
5153.59950,-1.89021,-3.82373,121.70736,19.73406,20.70841,35.80663,45.45826
5153.60950,-1.90775,-3.86093,121.73786,19.59559,20.65839,35.90972,45.57416
5153.61950,-1.90875,-3.87092,121.66326,19.55256,20.62342,35.91591,45.57137
5153.62950,-1.90827,-3.89849,121.48371,19.44918,20.52060,35.93879,45.57514
5153.63950,-1.89293,-3.92788,121.40986,19.40759,20.38139,35.98972,45.63116
5153.64950,-1.89210,-3.93392,121.32614,19.36391,20.36553,35.99752,45.59918
5153.65950,-1.88974,-3.95113,121.08786,19.23959,20.32039,36.01972,45.50816
5153.66950,-1.88336,-3.95250,121.04294,19.23825,20.29981,36.01838,45.48650
5153.67950,-1.85781,-3.95797,120.86326,19.23290,20.21745,36.01304,45.39987
5153.68950,-1.84016,-3.96093,120.65586,19.21059,20.15639,35.98972,45.29916
5153.69950,-1.83143,-3.95599,120.68607,19.24230,20.16068,35.99615,45.28695
5153.70950,-1.79922,-3.93767,120.80231,19.35973,20.17830,36.02180,45.24249
5153.71950,-1.77734,-3.91751,121.26586,19.45659,20.34039,36.19872,45.27016
5153.72950,-1.77334,-3.91509,121.28915,19.47710,20.34039,36.20011,45.27155
5153.73950,-1.74850,-3.90007,121.43386,19.60459,20.34039,36.20872,45.28016
5153.74950,-1.74389,-3.89657,121.45416,19.61985,20.35047,36.21572,45.26812
5153.75950,-1.71512,-3.86719,121.59937,19.73826,20.43651,36.24486,45.17974
5153.76950,-1.71210,-3.81829,121.72686,19.89159,20.58639,36.15872,45.09016
5153.77950,-1.71210,-3.81829,121.72686,19.89159,20.58639,36.15872,45.09016
5153.78950,-1.69741,-3.77627,121.90086,20.08168,20.67879,36.09009,45.05030
5153.79950,-1.64398,-3.75612,121.95086,20.23659,20.64839,36.10872,44.95716
5153.80950,-1.64398,-3.75612,121.95086,20.23659,20.64839,36.10872,44.95716
5153.81950,-1.65007,-3.72754,121.77586,20.20759,20.77139,36.03972,44.75716
5153.82950,-1.65007,-3.72754,121.77586,20.20759,20.77139,36.03972,44.75716
5153.83950,-1.62938,-3.72860,121.49550,20.18973,20.68925,35.98615,44.63037
5153.84950,-1.63433,-3.72484,121.29742,20.14403,20.68828,35.92639,44.53872
5153.85950,-1.63526,-3.72436,121.27686,20.13859,20.68939,35.91972,44.52916
5153.86950,-1.65124,-3.72343,121.04813,20.10299,20.65290,35.80491,44.48733
5153.87950,-1.66005,-3.72065,121.04834,20.11045,20.66026,35.77292,44.50471
5153.88950,-1.66473,-3.71883,121.06786,20.11859,20.66839,35.76072,44.52016
5153.89950,-1.64338,-3.72277,121.05062,20.13583,20.62443,35.79520,44.49516
5153.90950,-1.63996,-3.72340,121.04786,20.13859,20.61739,35.80072,44.49116
5153.91950,-1.64718,-3.73437,121.12999,20.10181,20.62352,35.85527,44.54939
5153.92950,-1.64078,-3.74610,121.28377,20.09586,20.61876,35.95017,44.61898
5153.93950,-1.63906,-3.74686,121.29986,20.09859,20.61739,35.95972,44.62416
5153.94950,-1.62656,-3.72699,121.33732,20.18659,20.64772,35.92404,44.57897
5153.95950,-1.62082,-3.71225,121.38099,20.27159,20.65589,35.87534,44.57816
5153.96950,-1.62248,-3.71153,121.39186,20.28659,20.64839,35.86072,44.59616
5153.97950,-1.61946,-3.69701,121.42178,20.34408,20.67831,35.82552,44.57387
5153.98950,-1.61734,-3.68679,121.44286,20.38459,20.69939,35.80072,44.55816
5153.99950,-1.65275,-3.67804,121.39153,20.35892,20.75427,35.70336,44.57498
5154.00950,-1.64457,-3.65818,121.50979,20.44914,20.80995,35.69072,44.55999
5154.01950,-1.63578,-3.64530,121.59586,20.51359,20.84339,35.69072,44.54816
5154.02950,-1.64827,-3.63500,121.40892,20.49612,20.85213,35.58677,44.47391
5154.03950,-1.65008,-3.63351,121.38186,20.49359,20.85339,35.57172,44.46316
5154.04950,-1.63437,-3.62831,121.42603,20.52907,20.86063,35.60069,44.43564
5154.05950,-1.59321,-3.60587,121.52190,20.66267,20.87935,35.62692,44.35296
5154.06950,-1.58211,-3.59941,121.54686,20.70059,20.88439,35.63172,44.33016
5154.07950,-1.61208,-3.59953,121.41726,20.65561,20.88439,35.53261,44.34465
5154.08950,-1.61251,-3.59460,121.38851,20.65679,20.89959,35.51692,44.31521
5154.09950,-1.60382,-3.58977,121.39986,20.67159,20.91439,35.53172,44.28216
5154.10950,-1.60370,-3.58414,121.42635,20.69287,20.93220,35.52303,44.27825
5154.11950,-1.60355,-3.57680,121.46086,20.72059,20.95539,35.51172,44.27316
5154.12950,-1.59953,-3.57796,121.42020,20.72059,20.93529,35.50416,44.26016
5154.13950,-1.57155,-3.58792,121.14635,20.71452,20.79448,35.46172,44.17563
5154.14950,-1.55920,-3.59587,121.04186,20.70059,20.73039,35.46172,44.14916
5154.15950,-1.55198,-3.59509,120.95319,20.69229,20.71249,35.44905,44.09937
5154.16950,-1.53306,-3.58505,120.99539,20.72602,20.74645,35.48776,44.03516
5154.17950,-1.52369,-3.57623,121.14886,20.76959,20.80239,35.54172,44.03516
5154.18950,-1.52425,-3.58595,121.30086,20.75706,20.81535,35.62333,44.10511
5154.19950,-1.52498,-3.59871,121.50086,20.74059,20.83239,35.73072,44.19716
5154.20950,-1.51923,-3.60755,121.56066,20.71728,20.82901,35.79795,44.21642
5154.21950,-1.50776,-3.62500,121.68471,20.67197,20.82359,35.93318,44.25597
5154.22950,-1.50188,-3.62854,121.85586,20.68159,20.85339,36.01972,44.30116
5154.23950,-1.50188,-3.62854,121.85586,20.68159,20.85339,36.01972,44.30116
5154.24950,-1.51788,-3.65902,121.67310,20.56539,20.74465,36.00592,44.35714
5154.25950,-1.49637,-3.66232,121.60986,20.60259,20.66839,35.99972,44.33916
5154.26950,-1.50606,-3.66050,121.61805,20.59089,20.69257,35.98802,44.34657
5154.27950,-1.52121,-3.65766,121.63086,20.57259,20.73039,35.96972,44.35816
5154.28950,-1.52464,-3.66252,121.53492,20.53008,20.71440,35.95802,44.33242
5154.29950,-1.53730,-3.66892,121.41224,20.46875,20.69998,35.92681,44.31670
5154.30950,-1.55601,-3.66581,121.48244,20.48200,20.72714,35.89369,44.37961
5154.31950,-1.55825,-3.66544,121.49086,20.48359,20.73039,35.88972,44.38716
5154.32950,-1.58393,-3.64840,121.34408,20.48329,20.77159,35.74994,44.33926
5154.33950,-1.60952,-3.64526,121.26586,20.45359,20.79139,35.67172,44.34916
5154.34950,-1.60924,-3.64762,121.26415,20.44584,20.78601,35.67947,44.35284
5154.35950,-1.60737,-3.66323,121.25286,20.39459,20.75039,35.73072,44.37716
5154.36950,-1.61090,-3.66138,121.29252,20.40306,20.76519,35.73072,44.39354
5154.37950,-1.62498,-3.65401,121.45114,20.43697,20.82439,35.73072,44.45906
5154.38950,-1.68987,-3.64417,121.49586,20.44459,20.88439,35.56172,44.60516
5154.39950,-1.68987,-3.64417,121.49586,20.44459,20.88439,35.56172,44.60516
5154.40950,-1.70061,-3.63929,121.50220,20.41899,20.93819,35.56012,44.58490
5154.41950,-1.69885,-3.64422,121.52886,20.38459,20.95539,35.61172,44.57716
5154.42950,-1.70331,-3.64136,121.53474,20.38879,20.96841,35.59772,44.57982
5154.43950,-1.73068,-3.62383,121.57086,20.41459,21.04839,35.51172,44.59616
5154.44950,-1.73127,-3.62372,121.56023,20.41743,21.04251,35.50233,44.59796
5154.45950,-1.73582,-3.62287,121.47848,20.43933,20.99725,35.43006,44.61183
5154.46950,-1.76244,-3.60054,121.59086,20.47359,21.12039,35.37272,44.62416
5154.47950,-1.76244,-3.60054,121.59086,20.47359,21.12039,35.37272,44.62416
5154.48950,-1.75919,-3.59890,121.58777,20.47745,21.12425,35.37658,44.60949
5154.49950,-1.75637,-3.59352,121.50112,20.47033,21.13039,35.35179,44.54860
5154.50950,-1.75936,-3.59002,121.39786,20.45359,21.13039,35.31272,44.50116
5154.51950,-1.76578,-3.60205,121.36077,20.40310,21.10412,35.32817,44.52537
5154.52950,-1.77182,-3.61339,121.32586,20.35559,21.07939,35.34272,44.54816
5154.53950,-1.77215,-3.62077,121.35341,20.33800,21.06708,35.37203,44.57630
5154.54950,-1.78407,-3.63400,121.23977,20.29722,20.99876,35.32727,44.61652
5154.55950,-1.78846,-3.63701,121.18986,20.28659,20.97639,35.30272,44.62416
5154.56950,-1.79071,-3.63313,121.26124,20.29540,21.01252,35.32034,44.63297
5154.57950,-1.80496,-3.64675,121.33686,20.24379,21.01739,35.36672,44.70896
5154.58950,-1.80686,-3.64868,121.34586,20.23659,21.01739,35.37272,44.71916
5154.59950,-1.81083,-3.64086,121.40897,20.26325,21.05384,35.36383,44.72805
5154.60950,-1.81133,-3.63988,121.41686,20.26659,21.05839,35.36272,44.72916
5154.61950,-1.80253,-3.65221,121.22255,20.21993,20.97335,35.34500,44.68427
5154.62950,-1.78722,-3.65931,121.19248,20.21173,20.93358,35.38224,44.66492
5154.63950,-1.78158,-3.65841,121.25686,20.22659,20.94539,35.41272,44.67216
5154.64950,-1.77756,-3.64693,121.35914,20.25010,21.01770,35.44740,44.64394
5154.65950,-1.77721,-3.63770,121.53750,20.30254,21.07510,35.47781,44.68205
5154.66950,-1.77878,-3.63694,121.60586,20.32559,21.07939,35.48172,44.71916
5154.67950,-1.76675,-3.63038,121.61584,20.35629,21.08707,35.48940,44.68308
5154.68950,-1.76311,-3.62840,121.61886,20.36559,21.08939,35.49172,44.67216
5154.69950,-1.74905,-3.62233,121.60830,20.40020,21.08353,35.49172,44.63285
5154.70950,-1.75083,-3.61306,121.48686,20.41233,21.07939,35.41878,44.57635
5154.71950,-1.75822,-3.60989,121.41486,20.40459,21.07939,35.37272,44.55816
5154.72950,-1.75697,-3.59310,121.34211,20.43920,21.10931,35.30819,44.48541
5154.73950,-1.75609,-3.58125,121.29086,20.46359,21.13039,35.26272,44.43416
5154.74950,-1.75385,-3.57117,121.29394,20.47899,21.16966,35.25502,44.39027
5154.75950,-1.73844,-3.55505,121.40236,20.55906,21.21265,35.26797,44.36267
5154.76950,-1.73385,-3.55097,121.43586,20.58259,21.22239,35.27272,44.35816
5154.77950,-1.72633,-3.55197,121.40669,20.57491,21.21472,35.28807,44.32899
5154.78950,-1.71573,-3.55147,121.49621,20.59546,21.22764,35.33846,44.33465
5154.79950,-1.71313,-3.55122,121.52686,20.60259,21.23239,35.35272,44.33916
5154.80950,-1.71260,-3.54472,121.66957,20.63959,21.27921,35.38292,44.36785
5154.81950,-1.71243,-3.54262,121.71586,20.65159,21.29439,35.39272,44.37716
5154.82950,-1.70841,-3.55025,121.67017,20.62130,21.26821,35.41325,44.36741
5154.83950,-1.69971,-3.54826,121.63329,20.61359,21.27382,35.42843,44.31745
5154.84950,-1.69318,-3.53596,121.64186,20.64159,21.31439,35.42272,44.26316
5154.85950,-1.69646,-3.53861,121.56134,20.61622,21.29787,35.40177,44.24547
5154.86950,-1.70159,-3.54275,121.43552,20.57658,21.27205,35.36905,44.21784
5154.87950,-1.70673,-3.54691,121.30970,20.53695,21.24623,35.33632,44.19020
5154.88950,-1.70466,-3.54607,121.36886,20.52359,21.28439,35.38272,44.17816
5154.89950,-1.71111,-3.54616,121.45570,20.54548,21.29194,35.38272,44.23555
5154.90950,-1.71321,-3.54619,121.48386,20.55259,21.29439,35.38272,44.25416
5154.91950,-1.70689,-3.55637,121.50330,20.51503,21.28439,35.44694,44.25694
5154.92950,-1.69883,-3.56800,121.50486,20.45359,21.28439,35.53172,44.23516
5154.93950,-1.70267,-3.57424,121.46298,20.43366,21.25670,35.52159,44.25103
5154.94950,-1.71020,-3.58649,121.38086,20.39459,21.20239,35.50172,44.28216
5154.95950,-1.68793,-3.60862,121.16086,20.33559,21.06839,35.52172,44.23516
5154.96950,-1.68753,-3.61091,121.18121,20.33165,21.06708,35.53616,44.24632
5154.97950,-1.68488,-3.62609,121.31586,20.30559,21.05839,35.63172,44.32016
5154.98950,-1.68099,-3.62592,121.33639,20.31190,21.05997,35.64577,44.31874
5154.99950,-1.65730,-3.61784,121.53159,20.37862,21.10291,35.73557,44.31450
5155.00950,-1.65230,-3.60568,121.67686,20.43459,21.16139,35.76072,44.32016
5155.01950,-1.65716,-3.60442,121.64282,20.42965,21.16139,35.73630,44.31547
5155.02950,-1.67029,-3.60102,121.55082,20.41632,21.16139,35.67030,44.30281
5155.03950,-1.65700,-3.60882,121.48886,20.39459,21.12039,35.70072,44.27316
5155.04950,-1.65103,-3.60902,121.52887,20.40465,21.12291,35.72589,44.27542
5155.05950,-1.63534,-3.60956,121.63417,20.43114,21.12953,35.79211,44.28139
5155.06950,-1.63604,-3.61219,121.64577,20.41098,21.13966,35.81566,44.27947
5155.07950,-1.63063,-3.62141,121.65776,20.36833,21.13721,35.87906,44.27316
5155.08950,-1.60028,-3.62967,121.70109,20.40099,21.07521,35.95173,44.27316
5155.09950,-1.59274,-3.63627,121.60393,20.37875,21.02915,35.95015,44.24588
5155.10950,-1.58195,-3.65090,121.34258,20.31249,20.92854,35.92561,44.17595
5155.11950,-1.58520,-3.65609,121.28876,20.27818,20.91697,35.92586,44.16775
5155.12950,-1.60171,-3.66221,121.32323,20.23402,20.94026,35.93972,44.20923
5155.13950,-1.61015,-3.66827,121.36007,20.22744,20.92710,35.93972,44.26580
5155.14950,-1.59866,-3.65308,121.40810,20.29923,20.95245,35.92237,44.23404
5155.15950,-1.55186,-3.59059,121.53318,20.58017,21.04713,35.83072,44.07516
5155.16950,-1.51029,-3.53011,121.58647,20.84661,21.12147,35.70572,43.91266
5155.17950,-1.48983,-3.49754,121.63280,20.99497,21.16286,35.63641,43.83856
5155.18950,-1.45148,-3.43483,121.73186,21.28359,21.24339,35.50172,43.70316
5155.19950,-1.45148,-3.43483,121.73186,21.28359,21.24339,35.50172,43.70316
5155.20950,-1.42284,-3.36533,121.36543,21.55956,21.20938,35.13510,43.46140
5155.21950,-1.39033,-3.34610,121.26773,21.63944,21.19731,35.10062,43.33037
5155.22950,-1.37438,-3.33667,121.21986,21.67859,21.19139,35.08372,43.26616
5155.23950,-1.35058,-3.31234,121.19410,21.78818,21.20200,35.02867,43.17525
5155.24950,-1.32725,-3.28849,121.16886,21.89559,21.21239,34.97472,43.08616
5155.25950,-1.31773,-3.28691,120.98199,21.91023,21.13967,34.89896,43.03313
5155.26950,-1.30879,-3.27643,120.65192,21.92459,21.06334,34.75453,42.90946
5155.27950,-1.30920,-3.26765,120.50786,21.92459,21.05839,34.68572,42.83916
5155.28950,-1.31009,-3.22932,120.61874,22.06839,21.15691,34.59152,42.80192
5155.29950,-1.33792,-3.22477,120.72086,22.05359,21.23239,34.57672,42.85816
5155.30950,-1.33841,-3.22458,120.73187,22.05581,21.23516,34.57827,42.86263
5155.31950,-1.36001,-3.21606,121.21086,22.15259,21.35539,34.64572,43.05716
5155.32950,-1.36454,-3.21685,121.26975,22.15913,21.36580,34.65411,43.09072
5155.33950,-1.38258,-3.22000,121.50532,22.18530,21.40741,34.68767,43.22495
5155.34950,-1.39873,-3.23294,121.91086,22.23159,21.43739,34.78572,43.45616
5155.35950,-1.41219,-3.23727,121.89994,22.19553,21.44641,34.77879,43.47921
5155.36950,-1.46396,-3.25392,121.85794,22.05687,21.48107,34.75212,43.56788
5155.37950,-1.52344,-3.27451,121.96486,21.90559,21.56039,34.78572,43.71316
5155.38950,-1.53116,-3.28050,121.94741,21.87237,21.55536,34.78908,43.73061
5155.39950,-1.56208,-3.30447,121.87761,21.73948,21.53523,34.80250,43.80041
5155.40950,-1.56961,-3.31059,121.86001,21.70619,21.52957,34.80642,43.81784
5155.41950,-1.58073,-3.34616,121.77153,21.56693,21.44747,34.87339,43.88373
5155.42950,-1.60411,-3.35996,121.53986,21.45159,21.40739,34.81572,43.86516
5155.43950,-1.60969,-3.35914,121.48160,21.43915,21.40366,34.78552,43.85326
5155.44950,-1.63041,-3.35609,121.26581,21.39310,21.38985,34.67368,43.80918
5155.45950,-1.64466,-3.35735,121.23469,21.37418,21.39108,34.63831,43.83111
5155.46950,-1.70254,-3.37275,121.36393,21.31149,21.41739,34.59851,44.03654
5155.47950,-1.72871,-3.38769,121.36791,21.23334,21.41739,34.60513,44.11204
5155.48950,-1.74132,-3.39387,121.37677,21.19496,21.42601,34.61223,44.14357
5155.49950,-1.77865,-3.41244,121.42193,21.07559,21.46235,34.64768,44.23631
5155.50950,-1.77429,-3.42288,121.41106,21.07559,21.40293,34.65492,44.27762
5155.51950,-1.78906,-3.43368,121.33086,20.99659,21.39639,34.65572,44.28216
5155.52950,-1.82763,-3.44257,121.32886,20.92759,21.41739,34.61572,44.36816
5155.53950,-1.83308,-3.44490,121.30557,20.90707,21.41739,34.61031,44.37079
5155.54950,-1.87525,-3.45479,121.16007,20.78353,21.43762,34.54928,44.38965
5155.55950,-1.92997,-3.42437,121.15486,20.80959,21.57139,34.36772,44.40616
5155.56950,-1.92997,-3.42437,121.15486,20.80959,21.57139,34.36772,44.40616
5155.57950,-1.94940,-3.40190,121.10650,20.85350,21.62994,34.24745,44.37561
5155.58950,-1.96051,-3.38905,121.07886,20.87859,21.66339,34.17872,44.35816
5155.59950,-1.94891,-3.35561,121.11625,20.99138,21.74133,34.11535,44.26818
5155.60950,-1.95671,-3.31745,121.10355,21.08715,21.84378,33.99202,44.18061
5155.61950,-1.96545,-3.30608,121.08286,21.10559,21.87839,33.93972,44.15916
5155.62950,-1.94026,-3.27805,121.38286,21.26084,21.97889,33.99147,44.15166
5155.63950,-1.92828,-3.25142,121.67123,21.33875,22.14582,34.07849,44.10817
5155.64950,-1.92767,-3.24874,121.70047,21.34333,22.16596,34.08892,44.10226
5155.65950,-1.92013,-3.23496,121.86127,21.41770,22.22275,34.10902,44.11180
5155.66950,-1.91276,-3.22149,122.01886,21.49059,22.27839,34.12872,44.12116
5155.67950,-1.85156,-3.22586,122.17747,21.56020,22.24226,34.30408,44.07093
5155.68950,-1.83256,-3.21031,122.05366,21.61271,22.22859,34.24852,43.96384
5155.69950,-1.83109,-3.20811,122.03386,21.61859,22.22739,34.23772,43.95016
5155.70950,-1.84845,-3.21216,121.79445,21.57498,22.16331,34.12291,43.93325
5155.71950,-1.83320,-3.22695,121.77735,21.56959,22.08357,34.16337,43.96083
5155.72950,-1.82832,-3.23097,121.78086,21.56959,22.06339,34.17872,43.96916
5155.73950,-1.83910,-3.22826,121.69755,21.54889,22.06870,34.13096,43.94900
5155.74950,-1.84164,-3.22530,121.54611,21.56003,22.01904,34.04343,43.92361
5155.75950,-1.83935,-3.22512,121.52086,21.56959,22.00139,34.02872,43.92116
5155.76950,-1.82251,-3.23807,121.33819,21.51835,21.91823,34.04357,43.85804
5155.77950,-1.81666,-3.24257,121.27486,21.50059,21.88939,34.04872,43.83616
5155.78950,-1.81164,-3.24352,121.24502,21.48083,21.89343,34.06888,43.80189
5155.79950,-1.78981,-3.25732,121.28319,21.45159,21.86288,34.17675,43.79197
5155.80950,-1.78411,-3.26224,121.31586,21.45159,21.84839,34.20772,43.80816
5155.81950,-1.77183,-3.26822,121.37062,21.45159,21.83609,34.26724,43.81570
5155.82950,-1.75320,-3.27730,121.45386,21.45159,21.81739,34.35772,43.82716
5155.83950,-1.75224,-3.29265,121.43422,21.37618,21.80409,34.42679,43.82716
5155.84950,-1.74155,-3.30703,121.41777,21.31413,21.78367,34.51127,43.80871
5155.85950,-1.73575,-3.31019,121.41486,21.30359,21.77639,34.53672,43.79816
5155.86950,-1.72426,-3.31475,121.37262,21.29932,21.74141,34.55379,43.77811
5155.87950,-1.70294,-3.31959,121.32680,21.30431,21.69439,34.58744,43.74066
5155.88950,-1.68205,-3.31500,121.36586,21.34259,21.69439,34.62572,43.70316
5155.89950,-1.66345,-3.31208,121.36229,21.36758,21.68368,34.65122,43.65981
5155.90950,-1.64557,-3.30927,121.35886,21.39159,21.67339,34.67572,43.61816
5155.91950,-1.62101,-3.31279,121.44046,21.41199,21.66319,34.76191,43.60337
5155.92950,-1.58445,-3.31954,121.53926,21.44179,21.63248,34.88042,43.58457
5155.93950,-1.57198,-3.32277,121.55886,21.45159,21.61239,34.91472,43.58016
5155.94950,-1.56967,-3.32150,121.56152,21.45664,21.61505,34.91738,43.57245
5155.95950,-1.56506,-3.31896,121.56684,21.46675,21.62037,34.92270,43.55702
5155.96950,-1.55277,-3.32590,121.59862,21.46439,21.59697,34.97432,43.56294
5155.97950,-1.54631,-3.33075,121.61686,21.46059,21.58139,35.00472,43.57016
5155.98950,-1.58459,-3.32833,121.52086,21.42495,21.59594,34.88836,43.61161
5155.99950,-1.59896,-3.32742,121.48486,21.41159,21.60139,34.84472,43.62716
5156.00950,-1.59437,-3.32583,121.37611,21.38909,21.59389,34.82972,43.56341
5156.01950,-1.63564,-3.30272,121.68586,21.47059,21.74539,34.77572,43.69416
5156.02950,-1.63895,-3.30511,121.65530,21.45412,21.73828,34.76874,43.69416
5156.03950,-1.67746,-3.31710,121.53739,21.35259,21.73404,34.70770,43.74307
5156.04950,-1.72933,-3.30919,121.74086,21.35259,21.84839,34.65572,43.88416
5156.05950,-1.74649,-3.30838,121.72876,21.34744,21.85354,34.60707,43.92071
5156.06950,-1.80855,-3.30682,121.67336,21.31609,21.87356,34.43855,44.04516
5156.07950,-1.85879,-3.30987,121.59136,21.25009,21.89423,34.32589,44.12116
5156.08950,-1.87694,-3.31156,121.55965,21.22925,21.89476,34.28128,44.15436
5156.09950,-1.90869,-3.31689,121.49586,21.20459,21.86839,34.18772,44.23516
5156.10950,-1.90869,-3.31689,121.49586,21.20459,21.86839,34.18772,44.23516
5156.11950,-1.95645,-3.30348,121.48586,21.19556,21.94533,34.05820,44.28677
5156.12950,-1.97443,-3.28770,121.48586,21.25359,21.97139,33.94972,44.31116
5156.13950,-1.97443,-3.28770,121.48586,21.25359,21.97139,33.94972,44.31116
5156.14950,-1.98662,-3.27334,121.49286,21.32259,21.98139,33.84972,44.33916
5156.15950,-1.98656,-3.27031,121.45226,21.32426,21.98139,33.82975,44.31684
5156.16950,-1.98635,-3.25816,121.28984,21.33098,21.98139,33.74989,44.22758
5156.17950,-1.97887,-3.23687,121.11486,21.38159,21.98139,33.64072,44.11116
5156.18950,-1.98036,-3.23245,121.10603,21.38992,21.99339,33.62422,44.09849
5156.19950,-1.98630,-3.21475,121.07069,21.42325,22.04139,33.55822,44.04783
5156.20950,-1.98530,-3.20973,121.05234,21.43697,22.04774,33.53896,44.02868
5156.21950,-1.95749,-3.20123,121.05186,21.50359,22.02606,33.54989,43.97233
5156.22950,-1.90846,-3.18210,121.28786,21.63559,22.08073,33.66255,43.90899
5156.23950,-1.89623,-3.17732,121.34686,21.66859,22.09439,33.69072,43.89316
5156.24950,-1.89255,-3.16821,121.49363,21.73026,22.13421,33.70633,43.92283
5156.25950,-1.84451,-3.14593,121.78638,21.88925,22.19994,33.81602,43.88116
5156.26950,-1.82951,-3.13963,121.86686,21.93459,22.21739,33.84972,43.86516
5156.27950,-1.82578,-3.14598,121.73686,21.91559,22.15539,33.81972,43.84616
5156.28950,-1.82578,-3.14598,121.73686,21.91559,22.15539,33.81972,43.84616
5156.29950,-1.81942,-3.12958,121.82471,22.01460,22.17580,33.77882,43.85549
5156.30950,-1.81381,-3.12186,121.81186,22.10259,22.12439,33.70072,43.88416
5156.31950,-1.81471,-3.11980,121.80326,22.10582,22.12905,33.69102,43.87737
5156.32950,-1.82162,-3.10393,121.73709,22.13070,22.16487,33.61639,43.82513
5156.33950,-1.81012,-3.08257,121.48586,22.15259,22.16539,33.51172,43.65616
5156.34950,-1.80964,-3.08254,121.48590,22.15298,22.16519,33.51271,43.65502
5156.35950,-1.76159,-3.07928,121.48986,22.19159,22.14539,33.61072,43.54216
5156.36950,-1.76159,-3.07928,121.48986,22.19159,22.14539,33.61072,43.54216
5156.37950,-1.71007,-3.09043,121.37561,22.17286,22.06309,33.72140,43.41826
5156.38950,-1.66898,-3.08421,121.55086,22.30059,22.03239,33.78972,43.42816
5156.39950,-1.66898,-3.08421,121.55086,22.30059,22.03239,33.78972,43.42816
5156.40950,-1.65282,-3.08668,121.57311,22.29047,22.03745,33.85546,43.38973
5156.41950,-1.62448,-3.08484,121.57319,22.30582,22.03194,33.91972,43.31571
5156.42950,-1.58776,-3.07239,121.50986,22.37959,22.00139,33.91972,43.20916
5156.43950,-1.54426,-3.05384,121.28273,22.44860,21.94811,33.86731,43.01872
5156.44950,-1.53795,-3.05115,121.24986,22.45859,21.94039,33.85972,42.99116
5156.45950,-1.53334,-3.03450,121.10180,22.47884,21.95436,33.78359,42.88500
5156.46950,-1.52286,-3.01912,121.29235,22.58708,21.99788,33.79325,42.91414
5156.47950,-1.51958,-3.01596,121.39086,22.62559,22.01239,33.80972,42.94316
5156.48950,-1.49100,-3.00668,121.54362,22.70843,22.03519,33.87812,42.92188
5156.49950,-1.50066,-2.99938,121.80086,22.76423,22.11307,33.91492,43.00864
5156.50950,-1.50654,-2.99801,121.86686,22.77359,22.13539,33.91972,43.03816
5156.51950,-1.48409,-3.00007,121.79643,22.79892,22.07307,33.92479,42.99965
5156.52950,-1.46220,-3.00208,121.72786,22.82359,22.01239,33.92972,42.96216
5156.53950,-1.43249,-3.00314,121.77855,22.85183,21.99719,34.00865,42.92088
5156.54950,-1.40946,-2.99905,121.62002,22.85752,21.95491,33.99363,42.81396
5156.55950,-1.39802,-2.99467,121.44686,22.85259,21.91939,33.94972,42.72516
5156.56950,-1.37921,-2.98857,121.34502,22.86272,21.90419,33.94465,42.63345
5156.57950,-1.33690,-2.96744,121.10125,22.91483,21.87436,33.89677,42.41530
5156.58950,-1.32737,-2.96141,121.04386,22.93159,21.86839,33.87972,42.36416
5156.59950,-1.32245,-2.94291,121.03163,22.97757,21.91607,33.84175,42.29624
5156.60950,-1.31570,-2.91756,121.01486,23.04059,21.98139,33.78972,42.20316
5156.61950,-1.28951,-2.90440,121.21961,23.10926,22.05888,33.89052,42.16095
5156.62950,-1.25597,-2.89761,121.46964,23.19936,22.09809,34.01209,42.16010
5156.63950,-1.24530,-2.89816,121.54586,23.22859,22.09439,34.04872,42.17416
5156.64950,-1.23525,-2.89419,121.57857,23.24704,22.10928,34.07388,42.14837
5156.65950,-1.17829,-2.86704,121.80618,23.40294,22.18336,34.18553,42.03435
5156.66950,-1.16442,-2.85818,121.88186,23.46559,22.19639,34.19772,42.02216
5156.67950,-1.13746,-2.85604,121.86680,23.51501,22.15276,34.21703,41.98200
5156.68950,-1.09460,-2.85264,121.84286,23.59359,22.08339,34.24772,41.91816
5156.69950,-1.07907,-2.84045,121.87915,23.65452,22.10120,34.24772,41.87571
5156.70950,-1.04542,-2.80669,121.94597,23.79434,22.16702,34.23441,41.75019
5156.71950,-1.03118,-2.76827,121.93525,23.87863,22.28416,34.18513,41.58733
5156.72950,-1.02897,-2.76271,121.93395,23.89183,22.30021,34.17753,41.56438
5156.73950,-0.99286,-2.70614,121.94286,24.11659,22.38139,34.05872,41.38616
5156.74950,-0.99230,-2.68988,121.94375,24.16059,22.42473,34.01672,41.34172
5156.75950,-0.97537,-2.60145,121.97287,24.42016,22.64932,33.81872,41.08467
5156.76950,-0.96100,-2.57120,121.99786,24.52159,22.71939,33.76972,40.98716
5156.77950,-0.95781,-2.53853,122.18722,24.65590,22.83351,33.73488,40.96292
5156.78950,-0.95607,-2.48809,122.48562,24.86820,23.00815,33.67011,40.93916
5156.79950,-0.95739,-2.47036,122.59386,24.94559,23.06839,33.64072,40.93916
5156.80950,-0.95822,-2.46906,122.59915,24.94861,23.07445,33.63788,40.93820
5156.81950,-0.99784,-2.40660,122.85286,25.09359,23.36539,33.50172,40.89216
5156.82950,-0.99784,-2.40660,122.85286,25.09359,23.36539,33.50172,40.89216
5156.83950,-0.99252,-2.31516,123.33550,25.43077,23.71321,33.40990,40.78161
5156.84950,-0.98006,-2.27719,123.44686,25.58759,23.80639,33.34172,40.71116
5156.85950,-0.98017,-2.27615,123.44883,25.58994,23.81046,33.33999,40.70845
5156.86950,-0.98714,-2.21180,123.57086,25.73559,24.06239,33.23272,40.54016
5156.87950,-0.98908,-2.19823,123.51525,25.76473,24.08432,33.17149,40.49471
5156.88950,-0.99298,-2.17107,123.40402,25.82302,24.12817,33.04903,40.40380
5156.89950,-1.00082,-2.12565,123.45081,25.92443,24.29160,32.94758,40.28720
5156.90950,-1.00468,-2.10436,123.50386,25.97259,24.38039,32.91372,40.23716
5156.91950,-0.99972,-2.04767,123.45031,26.11831,24.51973,32.75661,40.05566
5156.92950,-1.01535,-2.02322,123.44186,26.16059,24.60639,32.66572,40.00916
5156.93950,-1.03415,-1.99437,123.56001,26.22826,24.74366,32.60072,39.98737
5156.94950,-1.06443,-1.94788,123.75086,26.33759,24.96539,32.49572,39.95216
5156.95950,-1.06443,-1.94788,123.75086,26.33759,24.96539,32.49572,39.95216
5156.96950,-1.10942,-1.89605,123.70131,26.39592,25.16770,32.28528,39.85240
5156.97950,-1.14826,-1.85665,123.70986,26.41659,25.36439,32.15772,39.77116
5156.98950,-1.14826,-1.85665,123.70986,26.41659,25.36439,32.15772,39.77116
5156.99950,-1.17742,-1.80801,123.57897,26.44659,25.54326,31.98251,39.60662
5157.00950,-1.19681,-1.78686,123.53986,26.44659,25.64139,31.90872,39.54316
5157.01950,-1.19681,-1.78686,123.53986,26.44659,25.64139,31.90872,39.54316
5157.02950,-1.23515,-1.74429,123.66586,26.53559,25.83639,31.76972,39.52416
5157.03950,-1.23957,-1.73038,123.64298,26.56133,25.87643,31.72058,39.48464
5157.04950,-1.25461,-1.68639,123.54897,26.63459,26.00167,31.56009,39.35263
5157.05950,-1.26409,-1.66963,123.43786,26.63459,26.04506,31.48072,39.27749
5157.06950,-1.27007,-1.65906,123.36786,26.63459,26.07239,31.43072,39.23016
5157.07950,-1.28561,-1.63434,123.31732,26.65701,26.16207,31.34028,39.15796
5157.08950,-1.32319,-1.57897,123.17095,26.68063,26.37489,31.14090,38.97452
5157.09950,-1.33929,-1.55921,123.08686,26.66359,26.46239,31.07272,38.88816
5157.10950,-1.35613,-1.52122,122.94576,26.71276,26.55717,30.90952,38.76630
5157.11950,-1.36294,-1.50587,122.88886,26.73259,26.59539,30.84372,38.71716
5157.12950,-1.40634,-1.46674,123.00341,26.75902,26.82979,30.74767,38.66693
5157.13950,-1.45640,-1.40565,122.85854,26.79657,27.05830,30.50034,38.50333
5157.14950,-1.46338,-1.39606,122.83371,26.80238,27.09327,30.46317,38.47489
5157.15950,-1.48481,-1.32932,122.77860,26.84344,27.38744,30.33563,38.21209
5157.16950,-1.48654,-1.25271,122.95286,27.02859,27.69239,30.22672,38.00516
5157.17950,-1.48654,-1.25271,122.95286,27.02859,27.69239,30.22672,38.00516
5157.18950,-1.48886,-1.19935,122.89591,27.09415,27.88908,30.12804,37.78463
5157.19950,-1.49005,-1.17212,122.86686,27.12759,27.98939,30.07772,37.67216
5157.20950,-1.49993,-1.12844,123.02659,27.20074,28.22362,30.05087,37.55135
5157.21950,-1.49215,-1.04904,123.13036,27.33365,28.56625,29.98837,37.24210
5157.22950,-1.48943,-1.03652,123.13586,27.35459,28.61539,29.97772,37.18816
5157.23950,-1.47698,-0.99716,123.18719,27.44059,28.76539,29.95105,37.03016
5157.24950,-1.48886,-0.93753,123.35888,27.55063,29.05630,29.88715,36.86480
5157.25950,-1.50259,-0.90723,123.46986,27.60159,29.22039,29.84872,36.79916
5157.26950,-1.52851,-0.81164,124.05003,27.83176,29.77729,29.81424,36.62675
5157.27950,-1.53263,-0.79643,124.14286,27.86859,29.86639,29.80872,36.59916
5157.28950,-1.53609,-0.65236,124.57753,28.19303,30.53128,29.67628,36.17694
5157.29950,-1.58365,-0.49907,124.95878,28.43362,31.31053,29.47555,35.73908
5157.30950,-1.58998,-0.48088,125.00286,28.46059,31.40439,29.45072,35.68716
5157.31950,-1.58998,-0.48088,125.00286,28.46059,31.40439,29.45072,35.68716
5157.32950,-1.65816,-0.21270,124.60286,28.82895,32.31009,28.70086,34.76296
5157.33950,-1.66734,-0.17966,124.55286,28.86559,32.42939,28.61472,34.64316
5157.34950,-1.67666,-0.07592,124.46136,29.10259,32.71364,28.30872,34.33641
5157.35950,-1.67976,-0.04131,124.43086,29.18159,32.80839,28.20672,34.23416
5157.36950,-1.71083,0.00812,124.18254,29.23026,32.90524,27.95442,34.09262
5157.37950,-1.74684,0.08348,123.94930,29.33246,33.09602,27.64175,33.87908
5157.38950,-1.75316,0.11955,123.97586,29.40859,33.22939,27.55972,33.77816
5157.39950,-1.77994,0.14513,123.63367,29.38180,33.22203,27.35280,33.67704
5157.40950,-1.79463,0.15920,123.45002,29.37583,33.21115,27.23262,33.63042
5157.41950,-1.79689,0.16140,123.42645,29.38732,33.19966,27.20388,33.63559
5157.42950,-1.79714,0.16165,123.42386,29.38859,33.19839,27.20072,33.63616
5157.43950,-1.79123,0.15034,123.31050,29.42286,33.04548,27.13130,33.71086
5157.44950,-1.79041,0.14878,123.29486,29.42759,33.02439,27.12172,33.72116
5157.45950,-1.77243,0.12363,123.01101,29.43637,32.73615,27.03384,33.80464
5157.46950,-1.71106,0.02952,122.82586,29.36859,32.20339,27.19072,34.06316
5157.47950,-1.70501,0.01204,122.76231,29.33445,32.11153,27.21274,34.10359
5157.48950,-1.67249,-0.08194,122.42186,29.15159,31.61939,27.33072,34.32016
5157.49950,-1.66593,-0.14581,122.30885,29.00264,31.36961,27.44605,34.49055
5157.50950,-1.64673,-0.22959,122.29019,28.86192,31.05173,27.63239,34.74416
5157.51950,-1.62385,-0.28884,122.39072,28.81007,30.83480,27.79535,34.95051
5157.52950,-1.61791,-0.30423,122.41686,28.79659,30.77839,27.83772,35.00416
5157.53950,-1.60168,-0.36464,122.43082,28.66658,30.59080,28.02008,35.15337
5157.54950,-1.56514,-0.43323,122.69886,28.59859,30.41939,28.31572,35.36516
5157.55950,-1.54435,-0.44086,122.60536,28.57409,30.35789,28.35572,35.31766
5157.56950,-1.52353,-0.44850,122.51186,28.54959,30.29639,28.39572,35.27016
5157.57950,-1.52353,-0.44850,122.51186,28.54959,30.29639,28.39572,35.27016
5157.58950,-1.47535,-0.45644,122.44618,28.56038,30.21144,28.49063,35.18373
5157.59950,-1.45568,-0.45542,122.37686,28.54959,30.19439,28.52472,35.10816
5157.60950,-1.45568,-0.45542,122.37686,28.54959,30.19439,28.52472,35.10816
5157.61950,-1.39963,-0.44923,122.02435,28.57556,30.03237,28.49230,34.92411
5157.62950,-1.41510,-0.42817,122.04586,28.61859,30.11239,28.41572,34.89916
5157.63950,-1.41846,-0.42270,122.04918,28.62853,30.13331,28.39787,34.88947
5157.64950,-1.42728,-0.40832,122.05790,28.65471,30.18834,28.35089,34.86397
5157.65950,-1.42462,-0.39908,122.06341,28.67754,30.21763,28.33814,34.83010
5157.66950,-1.41627,-0.36458,122.11290,28.76207,30.34174,28.30027,34.70881
5157.67950,-1.42322,-0.33047,122.21686,28.83559,30.50139,28.25572,34.62416
5157.68950,-1.42122,-0.32346,122.21153,28.85692,30.51506,28.23755,34.60199
5157.69950,-1.41319,-0.29540,122.19019,28.94225,30.56973,28.16489,34.51333
5157.70950,-1.43687,-0.25856,122.17086,29.01359,30.68639,28.01772,34.45316
5157.71950,-1.43892,-0.25282,122.15457,29.01582,30.70693,28.00209,34.42972
5157.72950,-1.44606,-0.23285,122.09786,29.02359,30.77839,27.94772,34.34816
5157.73950,-1.44288,-0.23114,122.08395,29.02996,30.77436,27.94382,34.33581
5157.74950,-1.42319,-0.21821,121.96148,29.06739,30.74609,27.90472,34.24328
5157.75950,-1.43384,-0.20830,121.76486,29.03259,30.73739,27.81772,34.17716
5157.76950,-1.43259,-0.20538,121.78046,29.03739,30.75587,27.82372,34.16348
5157.77950,-1.42018,-0.18200,121.88805,29.08211,30.88892,27.86416,34.05285
5157.78950,-1.39307,-0.16577,121.83126,29.16151,30.86832,27.83451,33.96692
5157.79950,-1.36917,-0.15143,121.78182,29.23138,30.85070,27.80872,33.89102
5157.80950,-1.34065,-0.13067,121.77755,29.30959,30.88128,27.80872,33.77796
5157.81950,-1.33544,-0.12986,121.74633,29.30959,30.87017,27.80872,33.75785
5157.82950,-1.33649,-0.12438,121.68844,29.31939,30.86101,27.76882,33.73923
5157.83950,-1.33307,-0.11273,121.64686,29.29959,30.92239,27.77872,33.64616
5157.84950,-1.33307,-0.11273,121.64686,29.29959,30.92239,27.77872,33.64616
5157.85950,-1.33606,-0.09633,121.69706,29.34660,30.98774,27.74684,33.61588
5157.86950,-1.31042,-0.09151,121.70086,29.39859,30.96339,27.76872,33.57016
5157.87950,-1.31042,-0.09151,121.70086,29.39859,30.96339,27.76872,33.57016
5157.88950,-1.31686,-0.07493,121.65148,29.46254,30.96339,27.66348,33.56206
5157.89950,-1.31810,-0.07109,121.63993,29.47765,30.96305,27.63945,33.55978
5157.90950,-1.29103,-0.07698,121.64722,29.48428,30.92861,27.71230,33.52203
5157.91950,-1.26227,-0.08128,121.74372,29.55029,30.88758,27.77253,33.53332
5157.92950,-1.25832,-0.08163,121.76786,29.56659,30.88139,27.77872,33.54116
5157.93950,-1.24685,-0.09926,121.55048,29.43694,30.80912,27.83818,33.46623
5157.94950,-1.26378,-0.12224,121.61207,29.37204,30.78197,27.88454,33.57352
5157.95950,-1.27225,-0.13372,121.64286,29.33959,30.76839,27.90772,33.62716
5157.96950,-1.26681,-0.16385,121.82286,29.32959,30.70639,28.01772,33.76916
5157.97950,-1.26681,-0.16385,121.82286,29.32959,30.70639,28.01772,33.76916
5157.98950,-1.27819,-0.18346,121.87227,29.28177,30.67372,28.05677,33.86000
5157.99950,-1.27927,-0.19861,121.85486,29.23059,30.63539,28.09672,33.89216
5158.00950,-1.27927,-0.19861,121.85486,29.23059,30.63539,28.09672,33.89216
5158.01950,-1.27092,-0.21351,121.84236,29.18570,30.59448,28.15922,33.90296
5158.02950,-1.26457,-0.22484,121.83286,29.15159,30.56339,28.20672,33.91116
5158.03950,-1.25219,-0.23464,121.83112,29.14287,30.51892,28.24945,33.91988
5158.04950,-1.25415,-0.23827,121.89078,29.14159,30.53002,28.27334,33.94583
5158.05950,-1.25465,-0.23856,121.89886,29.14159,30.53239,28.27572,33.94916
5158.06950,-1.25997,-0.22788,121.72896,29.12416,30.52368,28.19818,33.88294
5158.07950,-1.26321,-0.22910,121.72017,29.10683,30.53016,28.20226,33.88093
5158.08950,-1.26392,-0.22991,121.72486,29.10259,30.53239,28.20672,33.88316
5158.09950,-1.26295,-0.22115,121.69872,29.13657,30.53239,28.16316,33.86661
5158.10950,-1.26281,-0.21985,121.69486,29.14159,30.53239,28.15672,33.86416
5158.11950,-1.24432,-0.21241,121.69486,29.20523,30.50845,28.14504,33.83613
5158.12950,-1.22571,-0.20155,121.57302,29.21440,30.49743,28.13069,33.73051
5158.13950,-1.22214,-0.19788,121.49286,29.19059,30.50139,28.12672,33.67416
5158.14950,-1.22269,-0.18376,121.47847,29.25044,30.50973,28.05854,33.65977
5158.15950,-1.19779,-0.17446,121.31057,29.29969,30.42736,27.99985,33.58367
5158.16950,-1.18952,-0.17288,121.25686,29.30959,30.39939,27.98772,33.56016
5158.17950,-1.19228,-0.17521,121.27324,29.30528,30.39939,27.99203,33.57654
5158.18950,-1.19593,-0.17828,121.29486,29.29959,30.39939,27.99772,33.59816
5158.19950,-1.19593,-0.17828,121.29486,29.29959,30.39939,27.99772,33.59816
5158.20950,-1.17860,-0.15729,121.25455,29.31939,30.47139,28.00742,33.45635
5158.21950,-1.19110,-0.15817,121.22386,29.29959,30.47139,27.97772,33.47516
5158.22950,-1.19110,-0.15817,121.22386,29.29959,30.47139,27.97772,33.47516
5158.23950,-1.20839,-0.15783,121.26286,29.27959,30.51239,27.96772,33.50316
5158.24950,-1.16997,-0.15266,121.26586,29.31959,30.50139,28.03672,33.40816
5158.25950,-1.16997,-0.15266,121.26586,29.31959,30.50139,28.03672,33.40816
5158.26950,-1.18121,-0.14653,121.30026,29.32759,30.54299,28.01352,33.41616
5158.27950,-1.17186,-0.14594,121.29893,29.35075,30.52230,28.01592,33.40996
5158.28950,-1.15749,-0.15206,121.37020,29.37859,30.49705,28.06207,33.43249
5158.29950,-1.15908,-0.15684,121.45286,29.37859,30.51239,28.09672,33.46516
5158.30950,-1.16251,-0.15125,121.45185,29.41343,30.50684,28.05178,33.47980
5158.31950,-1.16792,-0.14273,121.35836,29.42309,30.49639,27.98272,33.45616
5158.32950,-1.16997,-0.13969,121.26586,29.39859,30.49139,27.95772,33.41816
5158.33950,-1.17056,-0.13904,121.31100,29.40973,30.50596,27.96629,33.42902
5158.34950,-1.17173,-0.13776,121.40129,29.43202,30.53511,27.98343,33.45073
5158.35950,-1.18611,-0.13100,121.47483,29.44531,30.59414,27.96455,33.47083
5158.36950,-1.21418,-0.11675,121.59690,29.47241,30.70337,27.91632,33.50480
5158.37950,-1.22345,-0.11018,121.66386,29.49659,30.74739,27.89772,33.52216
5158.38950,-1.22514,-0.11251,121.65289,29.49429,30.73184,27.89007,33.53670
5158.39950,-1.22962,-0.11864,121.62403,29.48825,30.69090,27.86993,33.57495
5158.40950,-1.23416,-0.10636,121.64286,29.50659,30.74739,27.84772,33.54116
5158.41950,-1.23416,-0.10636,121.64286,29.50659,30.74739,27.84772,33.54116
5158.42950,-1.24523,-0.09702,121.60486,29.52659,30.75839,27.77872,33.54116
5158.43950,-1.24523,-0.09702,121.60486,29.52659,30.75839,27.77872,33.54116
5158.44950,-1.22975,-0.07967,121.15972,29.46759,30.68892,27.67125,33.33197
5158.45950,-1.22002,-0.07435,121.11786,29.46759,30.69639,27.67872,33.27516
5158.46950,-1.22017,-0.07709,121.04991,29.44771,30.66796,27.66614,33.26811
5158.47950,-1.22055,-0.08433,120.87111,29.39539,30.59312,27.63302,33.24957
5158.48950,-1.22060,-0.08527,120.84786,29.38859,30.58339,27.62872,33.24716
5158.49950,-1.25696,-0.11557,120.86463,29.27589,30.54380,27.64784,33.39711
5158.50950,-1.25815,-0.14007,121.09586,29.25059,30.55339,27.77872,33.51316
5158.51950,-1.25926,-0.14304,121.12721,29.25575,30.54797,27.78520,33.53829
5158.52950,-1.26372,-0.15488,121.25261,29.27638,30.52628,27.81113,33.63882
5158.53950,-1.28069,-0.18942,121.56786,29.22059,30.55339,27.96772,33.82616
5158.54950,-1.28743,-0.18984,121.62936,29.22559,30.57639,27.97272,33.85466
5158.55950,-1.30760,-0.19109,121.81386,29.24059,30.64539,27.98772,33.94016
5158.56950,-1.30760,-0.19109,121.81386,29.24059,30.64539,27.98772,33.94016
5158.57950,-1.32546,-0.20407,121.85863,29.18583,30.65279,28.01325,34.00676
5158.58950,-1.38741,-0.23242,121.88553,29.01464,30.68562,28.02268,34.16259
5158.59950,-1.43459,-0.24449,121.80126,28.89427,30.70027,27.97092,34.23580
5158.60950,-1.55620,-0.29210,121.55771,28.55641,30.66514,27.85366,34.48251
5158.61950,-1.65542,-0.33914,121.57886,28.24359,30.73739,27.89772,34.70016
5158.62950,-1.66224,-0.34177,121.59740,28.22869,30.74725,27.90201,34.71945
5158.63950,-1.71904,-0.36366,121.75186,28.10459,30.82939,27.93772,34.88016
5158.64950,-1.71897,-0.36355,121.75439,28.10569,30.83013,27.93796,34.88061
5158.65950,-1.71273,-0.35204,122.00757,28.21601,30.90394,27.96177,34.92585
5158.66950,-1.74423,-0.29379,122.10103,28.39617,31.08101,27.73582,34.88802
5158.67950,-1.74964,-0.28422,122.10361,28.42205,31.10761,27.69586,34.87809
5158.68950,-1.76254,-0.21353,121.87886,28.56859,31.22939,27.40972,34.67116
5158.69950,-1.75271,-0.17608,121.77483,28.64845,31.29852,27.30972,34.51814
5158.70950,-1.74789,-0.15770,121.72386,28.68759,31.33239,27.26072,34.44316
5158.71950,-1.69500,-0.10685,121.61386,28.88459,31.35239,27.16172,34.21516
5158.72950,-1.69500,-0.10685,121.61386,28.88459,31.35239,27.16172,34.21516
5158.73950,-1.64313,-0.07948,121.60434,29.02586,31.35239,27.16172,34.06437
5158.74950,-1.53866,-0.02176,121.47586,29.27959,31.34239,27.14172,33.71216
5158.75950,-1.53866,-0.02176,121.47586,29.27959,31.34239,27.14172,33.71216
5158.76950,-1.48648,0.05370,121.45786,29.46759,31.54739,27.09172,33.35116
5158.77950,-1.48648,0.05370,121.45786,29.46759,31.54739,27.09172,33.35116
5158.78950,-1.44618,0.09781,121.19657,29.57081,31.54739,26.97962,33.09874
5158.79950,-1.39789,0.14405,121.12506,29.72583,31.60195,26.92632,32.87096
5158.80950,-1.39263,0.14890,121.12386,29.74359,31.60939,26.92272,32.84816
5158.81950,-1.39263,0.14890,121.12386,29.74359,31.60939,26.92272,32.84816
5158.82950,-1.35228,0.18514,121.69790,30.00151,31.83563,27.04676,32.81400
5158.83950,-1.34850,0.18766,121.74786,30.02059,31.85539,27.06172,32.81016
5158.84950,-1.32671,0.21076,122.00103,30.17458,31.95370,27.08782,32.78493
5158.85950,-1.32347,0.21421,122.03886,30.19759,31.96839,27.09172,32.78116
5158.86950,-1.30202,0.21934,122.19340,30.28773,31.98449,27.13465,32.78653
5158.87950,-1.26587,0.23314,122.54740,30.45510,32.07169,27.23594,32.78467
5158.88950,-1.25633,0.23820,122.66686,30.50359,32.11139,27.27072,32.78116
5158.89950,-1.25633,0.23820,122.66686,30.50359,32.11139,27.27072,32.78116
5158.90950,-1.19463,0.24536,122.10813,30.48201,31.88610,27.20314,32.53688
5158.91950,-1.18936,0.24322,122.05586,30.46459,31.86539,27.21072,32.51516
5158.92950,-1.18130,0.22141,121.83313,30.38201,31.71767,27.21072,32.52274
5158.93950,-1.17872,0.21441,121.76186,30.35559,31.67039,27.21072,32.52516
5158.94950,-1.17872,0.21441,121.76186,30.35559,31.67039,27.21072,32.52516
5158.95950,-1.09533,0.18047,121.15556,30.17298,31.36381,27.34001,32.27876
5158.96950,-1.05967,0.16087,120.83286,30.05959,31.20939,27.39972,32.16416
5158.97950,-1.04119,0.14366,120.69422,30.02247,31.08515,27.42245,32.16416
5158.98950,-1.02783,0.11286,120.72186,30.00059,30.95789,27.49472,32.26866
5158.99950,-1.02041,0.08759,120.79386,29.99059,30.87039,27.55972,32.37316
5159.00950,-1.01106,0.04251,120.99043,29.90040,30.82037,27.76967,32.49998
5159.01950,-1.00715,0.02364,121.07286,29.86259,30.79939,27.85772,32.55316
5159.02950,-0.98669,-0.01084,121.19129,29.82364,30.71441,28.01038,32.64286
5159.03950,-0.91316,-0.10549,121.74690,29.78482,30.52535,28.52108,32.91565
5159.04950,-0.89588,-0.12259,121.90086,29.79359,30.50139,28.63472,32.97116
5159.05950,-0.88440,-0.13936,121.94280,29.76576,30.46026,28.71496,33.00181
5159.06950,-0.86743,-0.16416,122.00486,29.72459,30.39939,28.83372,33.04716
5159.07950,-0.84166,-0.19095,122.04564,29.70142,30.29930,28.94911,33.09582
5159.08950,-0.80398,-0.23722,122.13686,29.65159,30.14606,29.14905,33.19016
5159.09950,-0.78828,-0.26777,122.22486,29.60559,30.07139,29.28172,33.26616
5159.10950,-0.78134,-0.27378,122.20065,29.58614,30.04679,29.30910,33.25862
5159.11950,-0.76019,-0.29757,122.16101,29.52808,29.95808,29.40773,33.26711
5159.12950,-0.75592,-0.30347,122.15986,29.51659,29.93739,29.43072,33.27516
5159.13950,-0.74437,-0.30432,121.96792,29.49683,29.85917,29.39040,33.22153
5159.14950,-0.72720,-0.30559,121.68386,29.46759,29.74339,29.33072,33.14216
5159.15950,-0.71914,-0.30158,121.47469,29.44292,29.68765,29.27695,33.06717
5159.16950,-0.69818,-0.29825,121.18670,29.42533,29.58278,29.21398,32.96461
5159.17950,-0.67813,-0.29951,121.07086,29.43759,29.50739,29.20172,32.92416
5159.18950,-0.68265,-0.30581,120.88037,29.35927,29.45961,29.17517,32.88633
5159.19950,-0.68494,-0.30900,120.78386,29.31959,29.43539,29.16172,32.86716
5159.20950,-0.68367,-0.31767,121.06844,29.38035,29.46701,29.24232,32.97876
5159.21950,-0.71468,-0.32885,121.50264,29.44239,29.55645,29.30350,33.20030
5159.22950,-0.73410,-0.33245,121.66186,29.45759,29.59939,29.31072,33.29416
5159.23950,-0.72158,-0.32662,121.77983,29.52439,29.62096,29.33609,33.29839
5159.24950,-0.70719,-0.32166,121.93074,29.60048,29.64471,29.37349,33.31206
5159.25950,-0.72362,-0.34012,121.86786,29.50659,29.60939,29.39072,33.36116
5159.26950,-0.71862,-0.33875,121.86153,29.51759,29.60262,29.39072,33.35060
5159.27950,-0.67863,-0.32783,121.81086,29.60559,29.54839,29.39072,33.26616
5159.28950,-0.67682,-0.32620,121.80750,29.61147,29.54959,29.38832,33.25812
5159.29950,-0.65812,-0.31020,121.72065,29.66424,29.54005,29.34603,33.17033
5159.30950,-0.62439,-0.28487,121.33186,29.72459,29.42539,29.19172,32.99016
5159.31950,-0.62259,-0.27940,121.31602,29.73875,29.43259,29.17492,32.96976
5159.32950,-0.61040,-0.25974,121.22283,29.78910,29.44132,29.11344,32.87895
5159.33950,-0.59336,-0.25358,121.10986,29.80359,29.40439,29.09172,32.81016
5159.34950,-0.57106,-0.24529,121.04077,29.82504,29.39312,29.09899,32.72361
5159.35950,-0.53198,-0.23078,120.91986,29.86259,29.37339,29.11172,32.57216
5159.36950,-0.51705,-0.22904,120.87941,29.87467,29.35070,29.12159,32.53245
5159.37950,-0.47665,-0.22434,120.77007,29.90734,29.28937,29.14825,32.42511
5159.38950,-0.41679,-0.22010,120.62686,29.98059,29.16839,29.17172,32.30616
5159.39950,-0.39015,-0.21978,120.70216,30.01495,29.17264,29.24856,32.26600
5159.40950,-0.34257,-0.21336,120.85730,30.10176,29.19595,29.37072,32.18887
5159.41950,-0.32869,-0.19781,120.95055,30.18642,29.23950,29.37072,32.15390
5159.42950,-0.31902,-0.19316,120.99753,30.22727,29.24640,29.38003,32.14383
5159.43950,-0.29423,-0.19011,121.09221,30.30599,29.23045,29.41726,32.13851
5159.44950,-0.27214,-0.18750,121.18258,30.37695,29.21775,29.45272,32.13516
5159.45950,-0.24425,-0.18585,121.31654,30.46390,29.20549,29.51004,32.13711
5159.46950,-0.21411,-0.18788,121.46786,30.54359,29.18939,29.58972,32.14516
5159.47950,-0.20975,-0.18601,121.47686,30.55427,29.19311,29.59572,32.13376
5159.48950,-0.17747,-0.17432,121.57214,30.63259,29.22399,29.65520,32.06036
5159.49950,-0.17497,-0.18917,121.78686,30.63259,29.25039,29.76872,32.13516
5159.50950,-0.16786,-0.18856,121.81676,30.65183,29.24909,29.78432,32.13152
5159.51950,-0.12034,-0.18451,122.01686,30.78059,29.24039,29.88872,32.10716
5159.52950,-0.12034,-0.18451,122.01686,30.78059,29.24039,29.88872,32.10716
5159.53950,-0.06326,-0.20641,122.27186,30.84959,29.17939,30.10772,32.13516
5159.54950,-0.08737,-0.20472,122.72586,30.92859,29.33239,30.18672,32.27816
5159.55950,-0.08737,-0.20472,122.72586,30.92859,29.33239,30.18672,32.27816
5159.56950,-0.05003,-0.19270,122.57386,30.94859,29.30239,30.19672,32.12616
5159.57950,-0.04668,-0.15274,122.09586,30.95859,29.27139,29.95772,31.90816
5159.58950,-0.04657,-0.15253,122.09093,30.95829,29.27038,29.95587,31.90639
5159.59950,-0.03541,-0.13137,121.59779,30.92888,29.16940,29.77057,31.72893
5159.60950,-0.03530,-0.13115,121.59286,30.92859,29.16839,29.76872,31.72716
5159.61950,-0.01944,-0.12817,121.01161,30.78116,29.04439,29.67031,31.51575
5159.62950,0.02144,-0.12172,120.89886,30.80959,28.99439,29.69972,31.39516
5159.63950,0.02144,-0.12172,120.89886,30.80959,28.99439,29.69972,31.39516
5159.64950,0.02231,-0.12267,120.88230,30.80251,28.98827,29.70092,31.39060
5159.65950,0.03119,-0.13349,120.73877,30.73722,28.92526,29.71913,31.35716
5159.66950,0.04735,-0.15814,120.59886,30.65259,28.81039,29.77872,31.35716
5159.67950,0.04905,-0.15916,120.59616,30.63907,28.81715,29.79561,31.34432
5159.68950,0.05238,-0.16117,120.59086,30.61259,28.83039,29.82872,31.31916
5159.69950,0.07004,-0.17811,120.70006,30.61259,28.79458,29.93267,31.36022
5159.70950,0.08484,-0.20059,120.88266,30.61259,28.76523,30.06560,31.43925
5159.71950,0.09336,-0.21452,120.99886,30.61259,28.74839,30.14772,31.49016
5159.72950,0.10379,-0.21611,121.24627,30.67207,28.80184,30.24169,31.53068
5159.73950,0.09883,-0.22942,121.43957,30.68159,28.81626,30.31539,31.62633
5159.74950,0.09418,-0.23859,121.54786,30.68159,28.82039,30.35672,31.68916
5159.75950,0.09468,-0.26814,121.68055,30.59738,28.81189,30.50897,31.76231
5159.76950,0.09477,-0.27332,121.70386,30.58259,28.81039,30.53572,31.77516
5159.77950,0.09666,-0.26698,121.67018,30.60001,28.81039,30.50669,31.75310
5159.78950,0.09424,-0.28174,121.78526,30.58677,28.80093,30.57091,31.82665
5159.79950,0.09362,-0.28488,121.80786,30.58259,28.79939,30.58472,31.84116
5159.80950,0.09309,-0.29643,121.81204,30.55334,28.76896,30.61456,31.87518
5159.81950,0.09273,-0.30423,121.81486,30.53359,28.74839,30.63472,31.89816
5159.82950,0.08306,-0.33113,121.71655,30.42223,28.66835,30.66952,31.95645
5159.83950,0.08397,-0.34116,121.57310,30.37079,28.59665,30.65152,31.95414
5159.84950,0.08568,-0.34552,121.47986,30.34559,28.55339,30.63472,31.94616
5159.85950,0.06850,-0.35426,121.57597,30.34559,28.55339,30.63472,32.04227
5159.86950,0.05896,-0.36466,121.62940,30.34559,28.52381,30.63472,32.12528
5159.87950,0.03951,-0.36901,121.57298,30.31648,28.50239,30.58095,32.17316
5159.88950,0.02271,-0.38315,121.63652,30.29363,28.48055,30.58842,32.27391
5159.89950,0.02202,-0.38995,121.69886,30.29659,28.47139,30.61472,32.31616
5159.90950,0.00744,-0.40102,121.67880,30.25132,28.44790,30.60899,32.37060
5159.91950,-0.02256,-0.43386,121.71731,30.12637,28.41614,30.66886,32.50594
5159.92950,-0.03028,-0.44377,121.73886,30.08959,28.41039,30.69472,32.54416
5159.93950,-0.01729,-0.45685,121.81790,30.10479,28.36327,30.75552,32.59432
5159.94950,-0.01319,-0.46098,121.84286,30.10959,28.34839,30.77472,32.61016
5159.95950,0.01173,-0.48733,121.68756,30.04974,28.19309,30.82699,32.61774
5159.96950,0.01746,-0.51133,121.63127,29.97029,28.11755,30.89439,32.64904
5159.97950,0.01526,-0.52648,121.62486,29.91159,28.09239,30.94372,32.67716
5159.98950,0.03134,-0.53684,121.48437,29.89269,27.98907,30.93742,32.66519
5159.99950,0.05814,-0.55367,121.30610,29.86332,27.84397,30.95262,32.64619
5160.00950,0.06834,-0.55998,121.24986,29.85259,27.79439,30.96372,32.63916
5160.01950,0.05028,-0.55338,121.12575,29.82172,27.80132,30.88182,32.62089
5160.02950,0.03966,-0.54949,121.05286,29.80359,27.80539,30.83372,32.61016
5160.03950,0.04810,-0.53680,120.88133,29.82168,27.77296,30.75325,32.53344
5160.04950,0.04097,-0.51656,120.69106,29.84322,27.76792,30.61650,32.46342
5160.05950,0.02121,-0.49625,120.55106,29.86036,27.79135,30.47422,32.42514
5160.06950,-0.00068,-0.46743,120.50041,29.88740,27.89239,30.36090,32.35971
5160.07950,-0.02969,-0.42534,120.34445,29.92041,28.00675,30.16931,32.24798
5160.08950,-0.04037,-0.40921,120.26286,29.93159,28.04139,30.08772,32.20216
5160.09950,-0.07959,-0.39487,120.36950,29.93159,28.16849,30.03192,32.23750
5160.10950,-0.10359,-0.38610,120.43486,29.93159,28.24639,29.99772,32.25916
5160.11950,-0.12106,-0.37385,120.42018,29.93159,28.30399,29.94181,32.24278
5160.12950,-0.13611,-0.35671,120.55124,29.98535,28.40425,29.91132,32.25032
5160.13950,-0.13828,-0.34610,120.74786,30.05959,28.48139,29.92872,32.27816
5160.14950,-0.14924,-0.33852,120.91004,30.09988,28.55993,29.93841,32.31182
5160.15950,-0.18784,-0.31612,121.16486,30.13859,28.76389,29.91822,32.34416
5160.16950,-0.21589,-0.30101,121.26386,30.13859,28.89239,29.88872,32.34416
5160.17950,-0.22359,-0.29545,121.32019,30.16159,28.92639,29.87205,32.36016
5160.18950,-0.23895,-0.28435,121.43286,30.20759,28.99439,29.83872,32.39216
5160.19950,-0.25234,-0.27110,121.44860,30.21609,29.06414,29.80044,32.36792
5160.20950,-0.28096,-0.24247,121.40886,30.23092,29.18239,29.68572,32.30983
5160.21950,-0.30207,-0.22097,121.28686,30.23759,29.23039,29.55972,32.25916
5160.22950,-0.32368,-0.21451,121.21863,30.21643,29.25242,29.48674,32.26305
5160.23950,-0.35215,-0.20601,121.12886,30.18859,29.28139,29.39072,32.26816
5160.24950,-0.36874,-0.20664,121.06133,30.13744,29.29605,29.36227,32.26557
5160.25950,-0.41696,-0.20164,120.91742,30.02161,29.36773,29.27272,32.25536
5160.26950,-0.42837,-0.19094,120.95586,30.03959,29.42539,29.24172,32.24916
5160.27950,-0.44953,-0.18753,120.93628,30.02462,29.44881,29.18798,32.27488
5160.28950,-0.49080,-0.18447,120.88936,29.97760,29.48898,29.09681,32.32597
5160.29950,-0.50947,-0.19066,120.84963,29.91866,29.49560,29.08423,32.35114
5160.30950,-0.52229,-0.18771,120.87043,29.91443,29.52565,29.06283,32.36751
5160.31950,-0.54893,-0.17844,120.93486,29.92159,29.59939,29.01272,32.40116
5160.32950,-0.54893,-0.17844,120.93486,29.92159,29.59939,29.01272,32.40116
5160.33950,-0.58102,-0.20844,120.75527,29.74903,29.52463,29.00824,32.47337
5160.34950,-0.60462,-0.22499,120.78786,29.68459,29.51739,29.02272,32.56316
5160.35950,-0.60757,-0.22217,120.77762,29.69450,29.51739,28.99959,32.56613
5160.36950,-0.62181,-0.22081,120.76317,29.69716,29.51487,28.95019,32.60095
5160.37950,-0.64624,-0.23369,120.78186,29.64559,29.50739,28.94272,32.68616
5160.38950,-0.65009,-0.23418,120.80927,29.64679,29.51702,28.94406,32.70140
5160.39950,-0.66549,-0.23613,120.91889,29.65160,29.55552,28.94940,32.76236
5160.40950,-0.68112,-0.23672,121.01736,29.64734,29.60489,28.95772,32.80741
5160.41950,-0.70087,-0.23182,121.13200,29.63544,29.69896,28.96986,32.82773
5160.42950,-0.70687,-0.21971,121.22457,29.67487,29.76925,28.95843,32.82202
5160.43950,-0.71490,-0.21130,121.26936,29.69792,29.81289,28.93455,32.82399
5160.44950,-0.73505,-0.20185,121.26336,29.71125,29.84689,28.86189,32.84333
5160.45950,-0.75592,-0.21252,121.09055,29.62169,29.79488,28.80963,32.86435
5160.46950,-0.75867,-0.21479,121.06086,29.60559,29.78439,28.80372,32.86716
5160.47950,-0.75246,-0.21168,121.16786,29.66459,29.79439,28.81372,32.89516
5160.48950,-0.75246,-0.21168,121.16786,29.66459,29.79439,28.81372,32.89516
5160.49950,-0.77481,-0.21183,121.21583,29.63395,29.84776,28.80493,32.92919
5160.50950,-0.79612,-0.20831,121.48386,29.69459,29.93739,28.81372,33.03816
5160.51950,-0.79972,-0.20733,121.49650,29.69619,29.94723,28.80812,33.04496
5160.52950,-0.82965,-0.19915,121.60183,29.70952,30.02923,28.76145,33.10163
5160.53950,-0.84094,-0.19627,121.64519,29.71480,30.06063,28.74530,33.12446
5160.54950,-0.83772,-0.21489,121.96056,29.73654,30.09425,28.88420,33.24558
5160.55950,-0.85932,-0.21030,122.15829,29.75927,30.19311,28.89556,33.31035
5160.56950,-0.87488,-0.20622,122.30171,29.78125,30.26340,28.89850,33.35856
5160.57950,-0.89012,-0.19704,122.44675,29.84019,30.32499,28.86605,33.41552
5160.58950,-0.93485,-0.19534,122.37686,29.81259,30.32739,28.73372,33.50316
5160.59950,-0.94035,-0.19231,122.37267,29.81186,30.34229,28.71689,33.50163
5160.60950,-0.98623,-0.16710,122.33777,29.80582,30.46645,28.57662,33.48888
5160.61950,-1.00386,-0.15771,122.31821,29.80114,30.51188,28.52216,33.48303
5160.62950,-1.06926,-0.15171,121.65286,29.55659,30.46039,28.26572,33.37016
5160.63950,-1.10120,-0.12399,121.17186,29.49659,30.43039,28.00772,33.23716
5160.64950,-1.10120,-0.12399,121.17186,29.49659,30.43039,28.00772,33.23716
5160.65950,-1.11281,-0.10269,120.79636,29.44427,30.40986,27.84944,33.09279
5160.66950,-1.12510,-0.08540,120.42704,29.37096,30.39149,27.71340,32.95119
5160.67950,-1.12679,-0.08371,120.37986,29.35859,30.38939,27.69872,32.93316
5160.68950,-1.12528,-0.08643,120.26065,29.33938,30.33509,27.66561,32.92058
5160.69950,-1.12451,-0.08781,120.19986,29.32959,30.30739,27.64872,32.91416
5160.70950,-1.11862,-0.07697,120.14450,29.33947,30.32717,27.62895,32.84891
5160.71950,-1.10296,-0.08030,120.27480,29.38110,30.33272,27.69259,32.86839
5160.72950,-1.08929,-0.08332,120.38986,29.41759,30.33739,27.74872,32.88616
5160.73950,-1.08886,-0.08375,120.48161,29.43509,30.36314,27.77597,32.90741
5160.74950,-1.07341,-0.09244,120.83981,29.51003,30.41994,27.91425,32.99559
5160.75950,-1.03775,-0.11103,121.04886,29.56659,30.36839,28.05672,33.05716
5160.76950,-1.03883,-0.11475,121.20860,29.58570,30.40857,28.11062,33.10371
5160.77950,-1.03996,-0.11862,121.37486,29.60559,30.45039,28.16672,33.15216
5160.78950,-1.02060,-0.11935,121.39205,29.63367,30.42690,28.20110,33.13038
5160.79950,-0.99551,-0.12049,121.64284,29.69216,30.48642,28.33256,33.13170
5160.80950,-0.98917,-0.12084,121.78486,29.71459,30.53239,28.39572,33.14216
5160.81950,-0.98408,-0.12144,121.80210,29.75039,30.50189,28.38246,33.16736
5160.82950,-0.97587,-0.12241,121.82991,29.80815,30.45269,28.36107,33.20800
5160.83950,-0.96448,-0.14609,121.80486,29.75359,30.36839,28.43572,33.24716
5160.84950,-0.96665,-0.15082,121.92018,29.75979,30.39381,28.47850,33.28808
5160.85950,-0.96798,-0.15372,121.99086,29.76359,30.40939,28.50472,33.31316
5160.86950,-0.96282,-0.16239,121.89162,29.70839,30.36925,28.52702,33.28696
5160.87950,-0.95657,-0.16996,121.72870,29.65518,30.30175,28.51997,33.25180
5160.88950,-0.95437,-0.17065,121.64286,29.64559,30.26539,28.49472,33.23716
5160.89950,-0.95039,-0.16865,121.57802,29.66489,30.22481,28.45562,33.23271
5160.90950,-0.93207,-0.16908,121.41990,29.66718,30.14232,28.42911,33.18128
5160.91950,-0.91437,-0.17216,121.30586,29.64559,30.09139,28.44572,33.12316
5160.92950,-0.91879,-0.17456,121.31086,29.64559,30.08106,28.43572,33.14849
5160.93950,-0.92764,-0.17937,121.32086,29.64559,30.06039,28.41572,33.19916
5160.94950,-0.92895,-0.17755,121.26704,29.63718,30.05198,28.39470,33.18318
5160.95950,-0.93151,-0.17929,121.21107,29.62559,30.02682,28.37234,33.18632
5160.96950,-0.93302,-0.18785,121.24786,29.62559,29.99939,28.38572,33.23716
5160.97950,-0.93334,-0.18804,121.26681,29.62831,30.00498,28.39117,33.24234
5160.98950,-0.93581,-0.19004,121.37782,29.64559,30.03164,28.42007,33.28052
5160.99950,-0.93701,-0.19210,121.35486,29.64559,30.00939,28.40572,33.29416
5161.00950,-0.94768,-0.19145,121.40962,29.64559,30.03973,28.40202,33.32228
5161.01950,-0.96581,-0.19036,121.50286,29.64559,30.09139,28.39572,33.37016
5161.02950,-0.96366,-0.19345,121.54085,29.65274,30.08646,28.41274,33.38891
5161.03950,-0.95786,-0.20178,121.64351,29.67207,30.07313,28.45874,33.43957
5161.04950,-0.94924,-0.19327,121.79886,29.72459,30.14239,28.50472,33.42716
5161.05950,-0.94790,-0.19582,121.79097,29.71965,30.12981,28.50965,33.43185
5161.06950,-0.94427,-0.20272,121.76963,29.70632,30.09581,28.52299,33.44451
5161.07950,-0.92461,-0.18994,122.06986,29.80359,30.21439,28.62472,33.42716
5161.08950,-0.92399,-0.18964,122.07828,29.81230,30.21144,28.62177,33.43277
5161.09950,-0.92045,-0.18790,122.12686,29.86259,30.19439,28.60472,33.46516
5161.10950,-0.92159,-0.18628,122.10377,29.86129,30.19297,28.59175,33.45777
5161.11950,-0.92635,-0.17956,122.00755,29.85588,30.18702,28.53769,33.42695
5161.12950,-0.98268,-0.17299,121.64186,29.72459,30.17339,28.33572,33.40816
5161.13950,-0.98885,-0.16960,121.60046,29.71979,30.17591,28.30344,33.40132
5161.14950,-1.03263,-0.14402,121.28762,29.68459,30.19307,28.06672,33.34324
5161.15950,-1.02510,-0.13890,121.19850,29.67751,30.18339,28.05244,33.28516
5161.16950,-1.05804,-0.13500,121.06586,29.62559,30.19048,27.94908,33.30071
5161.17950,-1.08078,-0.14068,121.21786,29.62559,30.23539,27.95772,33.39916
5161.18950,-1.08076,-0.14105,121.21548,29.62405,30.23379,27.95816,33.39947
5161.19950,-1.08038,-0.17583,120.98375,29.47659,30.08228,27.99661,33.42827
5161.20950,-1.08772,-0.19124,120.82286,29.38859,30.00939,27.98772,33.43716
5161.21950,-1.08465,-0.19398,120.79943,29.38099,29.99099,27.99274,33.43471
5161.22950,-1.06387,-0.21251,120.64086,29.32959,29.86639,28.02672,33.41816
5161.23950,-1.06301,-0.21628,120.63303,29.31792,29.85429,28.03706,33.42377
5161.24950,-1.05521,-0.25055,120.56189,29.21188,29.74422,28.13102,33.47478
5161.25950,-1.04403,-0.28245,120.75586,29.19059,29.69139,28.27572,33.59816
5161.26950,-1.04056,-0.28427,120.77371,29.19492,29.68611,28.28959,33.60310
5161.27950,-1.01383,-0.29828,120.91105,29.22825,29.64544,28.39625,33.64110
5161.28950,-0.98575,-0.32686,121.36665,29.27607,29.66732,28.64427,33.77899
5161.29950,-0.97885,-0.33574,121.52086,29.28959,29.68139,28.72372,33.82616
5161.30950,-0.93295,-0.33968,121.79086,29.36859,29.71239,28.90272,33.80716
5161.31950,-0.93295,-0.33968,121.79086,29.36859,29.71239,28.90272,33.80716
5161.32950,-0.91899,-0.34930,121.73186,29.33959,29.66139,28.94272,33.78816
5161.33950,-0.86718,-0.35390,121.49028,29.30988,29.54951,29.00213,33.62875
5161.34950,-0.86667,-0.35394,121.48786,29.30959,29.54839,29.00272,33.62716
5161.35950,-0.87444,-0.32057,120.89776,29.23137,29.51770,28.77599,33.37270
5161.36950,-0.88179,-0.31824,120.81077,29.18134,29.53779,28.76377,33.32787
5161.37950,-0.88915,-0.31622,120.72886,29.13159,29.55839,28.75372,33.28516
5161.38950,-0.90319,-0.30562,120.66709,29.17509,29.54099,28.64149,33.30952
5161.39950,-0.90528,-0.30403,120.65786,29.18159,29.53839,28.62472,33.31316
5161.40950,-0.93002,-0.30884,120.99853,29.22428,29.63598,28.67613,33.46215
5161.41950,-0.93613,-0.31004,121.25865,29.28925,29.69116,28.71852,33.55973
5161.42950,-0.93861,-0.31054,121.47086,29.34859,29.73239,28.75372,33.63616
5161.43950,-0.95432,-0.29801,121.55085,29.41807,29.76859,28.67840,33.68579
5161.44950,-0.95351,-0.30523,121.72245,29.46759,29.76411,28.71319,33.77757
5161.45950,-0.94531,-0.31625,121.80086,29.46759,29.74339,28.77372,33.81616
5161.46950,-0.96109,-0.31496,121.96090,29.49504,29.80062,28.77837,33.88688
5161.47950,-0.97916,-0.31349,122.14486,29.52659,29.86639,28.78372,33.96816
5161.48950,-0.97993,-0.31369,122.15211,29.53047,29.86497,28.78113,33.97554
5161.49950,-0.98712,-0.31798,122.17563,29.53368,29.85024,28.76887,34.02284
5161.50950,-0.99298,-0.32648,122.10286,29.46759,29.83539,28.78372,34.01616
5161.51950,-0.99303,-0.32441,122.10893,29.47310,29.84395,28.78096,34.01092
5161.52950,-0.98727,-0.31445,122.07366,29.49095,29.86228,28.76251,33.95792
5161.53950,-0.97741,-0.30689,121.98786,29.49659,29.85539,28.74372,33.89216
5161.54950,-0.96519,-0.30594,121.91686,29.47709,29.84539,28.76372,33.83066
5161.55950,-0.95296,-0.30500,121.84586,29.45759,29.83539,28.78372,33.76916
5161.56950,-0.94795,-0.30106,121.69792,29.45759,29.78443,28.72709,33.72881
5161.57950,-0.95908,-0.30070,121.52015,29.39898,29.75843,28.66945,33.69329
5161.58950,-0.97250,-0.30198,121.40186,29.33959,29.75339,28.63472,33.67416
5161.59950,-0.97189,-0.29621,121.38354,29.33959,29.77523,28.62767,33.64105
5161.60950,-0.97163,-0.29378,121.37586,29.33959,29.78439,28.62472,33.62716
5161.61950,-0.95921,-0.31005,121.23319,29.29292,29.67506,28.63805,33.62716
5161.62950,-0.94307,-0.33074,121.10385,29.23278,29.56238,28.68152,33.62716
5161.63950,-0.93708,-0.33831,121.06886,29.21059,29.52739,28.70372,33.62716
5161.64950,-0.93152,-0.33903,120.91391,29.15695,29.50206,28.69875,33.55614
5161.65950,-0.92040,-0.33763,120.83186,29.13394,29.49266,28.71356,33.49170
5161.66950,-0.91208,-0.33441,120.94586,29.18159,29.51739,28.74372,33.50316
5161.67950,-0.91422,-0.32979,120.94686,29.18609,29.53789,28.73372,33.48916
5161.68950,-0.91636,-0.32517,120.94786,29.19059,29.55839,28.72372,33.47516
5161.69950,-0.91214,-0.32837,120.98278,29.19771,29.55127,28.74510,33.48870
5161.70950,-0.89973,-0.32406,121.03137,29.23377,29.56167,28.76699,33.46894
5161.71950,-0.89431,-0.32123,121.04886,29.25059,29.56839,28.77372,33.45616
5161.72950,-0.88606,-0.31685,121.02530,29.26237,29.56839,28.77372,33.42082
5161.73950,-0.88099,-0.31417,121.01086,29.26959,29.56839,28.77372,33.39916
5161.74950,-0.87872,-0.32010,120.96427,29.23712,29.54675,28.79019,33.39022
5161.75950,-0.86581,-0.34740,120.90784,29.14387,29.46780,28.89244,33.40374
5161.76950,-0.85785,-0.35891,121.04486,29.16159,29.45539,28.96272,33.46516
5161.77950,-0.84158,-0.36232,121.24585,29.21505,29.48114,29.05133,33.49833
5161.78950,-0.82259,-0.37664,121.59093,29.27454,29.51234,29.21101,33.59304
5161.79950,-0.82010,-0.38769,121.73386,29.27959,29.51739,29.28172,33.65516
5161.80950,-0.82191,-0.38728,121.80736,29.29194,29.54272,29.29963,33.67307
5161.81950,-0.82303,-0.38703,121.85286,29.29959,29.55839,29.31072,33.68416
5161.82950,-0.82303,-0.38703,121.85286,29.29959,29.55839,29.31072,33.68416
5161.83950,-0.82238,-0.37567,121.77340,29.32929,29.55097,29.24463,33.64852
5161.84950,-0.80930,-0.36336,121.72204,29.38126,29.53989,29.20471,33.59618
5161.85950,-0.80704,-0.36189,121.71786,29.38859,29.53839,29.20172,33.58916
5161.86950,-0.80809,-0.34741,121.64086,29.40859,29.55839,29.14172,33.53216
5161.87950,-0.80291,-0.36171,121.58986,29.34859,29.51739,29.19172,33.53216
5161.88950,-0.81469,-0.36144,121.56392,29.31998,29.53485,29.17475,33.53434
5161.89950,-0.85155,-0.36062,121.48286,29.23059,29.58939,29.12172,33.54116
5161.90950,-0.84394,-0.35736,121.46088,29.24884,29.57784,29.11427,33.51992
5161.91950,-0.83542,-0.35829,121.43451,29.24689,29.56207,29.12743,33.49812
5161.92950,-0.84285,-0.36934,121.45286,29.19059,29.56839,29.17172,33.52216
5161.93950,-0.83947,-0.36700,121.31359,29.16913,29.53494,29.13572,33.47380
5161.94950,-0.83241,-0.36786,121.19469,29.14654,29.49545,29.12093,33.43177
5161.95950,-0.83053,-0.37616,121.40386,29.17159,29.52739,29.20172,33.50316
5161.96950,-0.83242,-0.37805,121.43543,29.17159,29.53257,29.21159,33.51969
5161.97950,-0.83754,-0.38317,121.52077,29.17159,29.54657,29.23825,33.56435
5161.98950,-0.83144,-0.38855,121.59006,29.17454,29.54839,29.28574,33.58139
5161.99950,-0.81649,-0.39632,121.71056,29.19546,29.54417,29.36478,33.60615
5162.00950,-0.81954,-0.38721,121.66242,29.23197,29.53306,29.29653,33.60086
5162.01950,-0.82110,-0.38256,121.63786,29.25059,29.52739,29.26172,33.59816
5162.02950,-0.82014,-0.37910,121.57979,29.23544,29.53295,29.25162,33.55978
5162.03950,-0.81920,-0.37570,121.52286,29.22059,29.53839,29.24172,33.52216
5162.04950,-0.84127,-0.37166,121.36204,29.24731,29.45539,29.07577,33.58356
5162.05950,-0.83260,-0.37570,121.30986,29.20059,29.45539,29.12172,33.53216
5162.06950,-0.83635,-0.37815,121.31661,29.19584,29.45039,29.11922,33.55116
5162.07950,-0.84824,-0.38723,121.35617,29.17911,29.43787,29.12162,33.61757
5162.08950,-0.85025,-0.39256,121.41486,29.17159,29.44539,29.15172,33.64616
5162.09950,-0.85479,-0.39266,121.43142,29.16679,29.45763,29.15172,33.65528
5162.10950,-0.86919,-0.39299,121.48386,29.15159,29.49639,29.15172,33.68416
5162.11950,-0.87610,-0.39203,121.47322,29.15159,29.49639,29.12722,33.69802
5162.12950,-0.90007,-0.38848,121.46804,29.15318,29.51117,29.05590,33.74779
5162.13950,-0.91232,-0.38595,121.58128,29.15980,29.57276,29.06914,33.77958
5162.14950,-0.91308,-0.38368,121.59662,29.16983,29.58226,29.06433,33.78019
5162.15950,-0.89851,-0.37239,121.49519,29.21922,29.54401,29.00724,33.72472
5162.16950,-0.90417,-0.36492,121.45683,29.21237,29.57209,28.97984,33.69253
5162.17950,-0.90617,-0.36353,121.43555,29.20783,29.57374,28.96858,33.68540
5162.18950,-0.90946,-0.36698,121.36486,29.19059,29.53839,28.94272,33.69316
5162.19950,-0.90946,-0.36698,121.36486,29.19059,29.53839,28.94272,33.69316
5162.20950,-0.90957,-0.36331,121.45742,29.23464,29.55869,28.94272,33.72137
5162.21950,-0.90737,-0.36699,121.54986,29.27009,29.54839,28.95772,33.77366
5162.22950,-0.90507,-0.37440,121.54786,29.26059,29.51739,28.97272,33.79716
5162.23950,-0.88273,-0.38356,121.62259,29.28218,29.48307,29.04967,33.80768
5162.24950,-0.86304,-0.39110,121.67519,29.30070,29.44973,29.11172,33.81305
5162.25950,-0.84862,-0.39259,121.61386,29.31067,29.40223,29.11280,33.78816
5162.26950,-0.84227,-0.39426,121.61386,29.31959,29.38439,29.12172,33.78816
5162.27950,-0.84227,-0.39426,121.61386,29.31959,29.38439,29.12172,33.78816
5162.28950,-0.80391,-0.40085,121.49186,29.34859,29.26139,29.14172,33.74016
5162.29950,-0.81601,-0.42241,121.44186,29.23059,29.24039,29.20172,33.76916
5162.30950,-0.81601,-0.42241,121.44186,29.23059,29.24039,29.20172,33.76916
5162.31950,-0.77982,-0.43125,121.41414,29.22069,29.18990,29.29974,33.70381
5162.32950,-0.77946,-0.43134,121.41386,29.22059,29.18939,29.30072,33.70316
5162.33950,-0.79098,-0.45619,121.38020,29.12258,29.13890,29.35022,33.76850
5162.34950,-0.77315,-0.47869,121.56301,29.11169,29.11760,29.49922,33.83450
5162.35950,-0.77297,-0.47891,121.56486,29.11159,29.11739,29.50072,33.83516
5162.36950,-0.78744,-0.47530,121.50386,29.11159,29.10739,29.43072,33.85416
5162.37950,-0.78595,-0.48438,121.55053,29.07225,29.12073,29.49672,33.86083
5162.38950,-0.78520,-0.48891,121.57386,29.05259,29.12739,29.52972,33.86416
5162.39950,-0.78707,-0.47839,121.69323,29.15627,29.13698,29.47831,33.92166
5162.40950,-0.78734,-0.47684,121.71086,29.17159,29.13839,29.47072,33.93016
5162.41950,-0.77849,-0.48320,121.76086,29.15159,29.14839,29.53972,33.92116
5162.42950,-0.78816,-0.46821,121.75038,29.13546,29.23952,29.52359,33.85181
5162.43950,-0.79048,-0.46461,121.74786,29.13159,29.26139,29.51972,33.83516
5162.44950,-0.79152,-0.45907,121.61262,29.11436,29.24330,29.46890,33.78606
5162.45950,-0.77724,-0.45549,121.52658,29.10377,29.23171,29.47809,33.71301
5162.46950,-0.77506,-0.45508,121.51686,29.10259,29.23039,29.48072,33.70316
5162.47950,-0.77484,-0.43540,121.40550,29.15392,29.23039,29.37632,33.64487
5162.48950,-0.77481,-0.43246,121.38886,29.16159,29.23039,29.36072,33.63616
5162.49950,-0.78950,-0.41542,121.33933,29.16755,29.29126,29.28970,33.59081
5162.50950,-0.78475,-0.40434,121.27177,29.18778,29.29745,29.25024,33.53630
5162.51950,-0.78220,-0.40441,121.26586,29.19059,29.29139,29.25172,33.53216
5162.52950,-0.76847,-0.40359,121.33105,29.21408,29.30373,29.29812,33.51513
5162.53950,-0.75883,-0.40301,121.37686,29.23059,29.31239,29.33072,33.50316
5162.54950,-0.75729,-0.39894,121.39360,29.27957,29.29317,29.29414,33.52672
5162.55950,-0.75212,-0.39911,121.53843,29.30254,29.33917,29.35556,33.54116
5162.56950,-0.75035,-0.40023,121.59486,29.29959,29.36339,29.39072,33.54116
5162.57950,-0.74731,-0.39871,121.56790,29.30857,29.34947,29.37724,33.53262
5162.58950,-0.73398,-0.39357,121.53874,29.33631,29.33506,29.37284,33.49452
5162.59950,-0.70395,-0.38330,121.55086,29.38859,29.34339,29.41072,33.40816
5162.60950,-0.68650,-0.37427,121.49983,29.43769,29.31774,29.38589,33.35850
5162.61950,-0.64063,-0.35054,121.36586,29.56659,29.25039,29.32072,33.22816
5162.62950,-0.61536,-0.34634,121.36327,29.61395,29.22412,29.34292,33.18228
5162.63950,-0.56284,-0.33143,121.37791,29.73781,29.18672,29.37339,33.07998
5162.64950,-0.54642,-0.31802,121.41086,29.81259,29.19939,29.36072,33.03816
5162.65950,-0.55856,-0.32665,121.35314,29.77263,29.16535,29.33852,33.07664
5162.66950,-0.60059,-0.34780,121.24228,29.65686,29.11479,29.28259,33.18804
5162.67950,-0.63693,-0.35877,121.22086,29.57559,29.12739,29.25172,33.26616
5162.68950,-0.65496,-0.36351,121.32495,29.58545,29.14269,29.24185,33.35496
5162.69950,-0.67344,-0.36837,121.43186,29.59559,29.15839,29.23172,33.44616
5162.70950,-0.69797,-0.37649,121.38321,29.50327,29.18397,29.23172,33.46425
5162.71950,-0.73863,-0.39268,121.33836,29.38621,29.19319,29.21312,33.54584
5162.72950,-0.75449,-0.39960,121.32886,29.34859,29.18939,29.20172,33.58916
5162.73950,-0.76761,-0.40793,121.26271,29.31772,29.14403,29.16392,33.63704
5162.74950,-0.81040,-0.42353,121.24150,29.21995,29.14864,29.13164,33.74126
5162.75950,-0.84491,-0.43405,121.25886,29.14159,29.17939,29.12172,33.81616
5162.76950,-0.88044,-0.44363,121.21134,29.07327,29.17395,29.06776,33.89636
5162.77950,-0.91670,-0.45340,121.16286,29.00359,29.16839,29.01272,33.97816
5162.78950,-0.94973,-0.45871,121.19103,28.96827,29.18903,28.96907,34.06467
5162.79950,-1.01783,-0.46896,121.27083,28.90107,29.23998,28.88369,34.24609
5162.80950,-1.06481,-0.47471,121.36786,28.86559,29.29139,28.83372,34.37716
5162.81950,-1.10013,-0.47801,121.48357,28.86559,29.32923,28.78964,34.49912
5162.82950,-1.18758,-0.48312,121.66945,28.85068,29.40594,28.64703,34.76579
5162.83950,-1.23269,-0.48215,121.64686,28.82559,29.42539,28.53472,34.86116
5162.84950,-1.23300,-0.48149,121.69108,28.83448,29.44117,28.54583,34.86960
5162.85950,-1.23384,-0.47968,121.81392,28.85917,29.48500,28.57670,34.89306
5162.86950,-1.23023,-0.47539,121.78178,28.87495,29.47671,28.55592,34.87420
5162.87950,-1.21956,-0.46478,121.60378,28.90095,29.42205,28.47592,34.80487
5162.88950,-1.17561,-0.44658,121.32886,28.92459,29.36339,28.44572,34.59516
5162.89950,-1.16760,-0.44595,121.29624,28.91975,29.35590,28.45756,34.56303
5162.90950,-1.14534,-0.44420,121.20564,28.90633,29.33510,28.49044,34.47376
5162.91950,-1.09850,-0.43001,121.31186,28.97359,29.39439,28.60472,34.33916
5162.92950,-1.08850,-0.42658,121.35579,29.00287,29.40448,28.62431,34.32412
5162.93950,-1.06151,-0.41733,121.47450,29.08201,29.43176,28.67725,34.28348
5162.94950,-1.04804,-0.41272,121.53386,29.12159,29.44539,28.70372,34.26316
5162.95950,-0.99360,-0.41622,121.42487,29.14049,29.35530,28.78562,34.14346
5162.96950,-0.93038,-0.42911,121.26636,29.14443,29.20646,28.88312,34.03235
5162.97950,-0.91799,-0.43341,121.22886,29.14159,29.16839,28.90272,34.01616
5162.98950,-0.89223,-0.43388,121.31389,29.17169,29.17667,28.98549,33.98004
5162.99950,-0.89352,-0.43919,121.39886,29.18159,29.17939,29.01272,34.02516
5163.00950,-0.89016,-0.45007,121.52131,29.14710,29.21474,29.11531,34.04416
5163.01950,-0.85899,-0.47539,121.81786,29.22059,29.14839,29.27172,34.17716
5163.02950,-0.85987,-0.47736,121.80434,29.21552,29.13643,29.26782,34.18457
5163.03950,-0.86365,-0.49202,121.67980,29.17769,29.03637,29.23522,34.23052
5163.04950,-0.84945,-0.50160,121.45186,29.15159,28.90239,29.19172,34.20616
5163.05950,-0.85182,-0.50031,121.45279,29.15468,28.90662,29.18243,34.20905
5163.06950,-0.87002,-0.49037,121.45993,29.17849,28.93916,29.11101,34.23127
5163.07950,-0.86065,-0.50069,121.10486,29.08259,28.81039,29.06272,34.14916
5163.08950,-0.86065,-0.50069,121.10486,29.08259,28.81039,29.06272,34.14916
5163.09950,-0.85889,-0.47885,121.17586,29.18159,28.86139,29.00272,34.13016
5163.10950,-0.85889,-0.47885,121.17586,29.18159,28.86139,29.00272,34.13016
5163.11950,-0.89125,-0.48659,121.05705,29.07367,28.87129,28.96312,34.14897
5163.12950,-0.88292,-0.48976,121.00537,29.08249,28.82090,28.95282,34.14916
5163.13950,-0.88283,-0.48979,121.00486,29.08259,28.82039,28.95272,34.14916
5163.14950,-0.87901,-0.49164,121.01014,29.09579,28.79993,28.95272,34.16170
5163.15950,-0.87704,-0.49259,121.01286,29.10259,28.78939,28.95272,34.16816
5163.16950,-0.90532,-0.49609,121.13446,29.12137,28.81015,28.91317,34.28976
5163.17950,-0.88539,-0.51020,121.31265,29.10479,28.83691,29.07094,34.30000
5163.18950,-0.88274,-0.51204,121.33586,29.10259,28.84039,29.09172,34.30116
5163.19950,-0.88834,-0.50810,121.43923,29.12778,28.88557,29.10041,34.32548
5163.20950,-0.89307,-0.51594,121.65729,29.15743,28.91823,29.16202,34.41961
5163.21950,-0.89369,-0.51730,121.68986,29.16159,28.92239,29.17172,34.43416
5163.22950,-0.88497,-0.49305,121.62664,29.21321,28.96995,29.11430,34.32918
5163.23950,-0.87865,-0.47547,121.58086,29.25059,29.00439,29.07272,34.25316
5163.24950,-0.86982,-0.47561,121.56470,29.25909,28.98738,29.08123,34.23700
5163.25950,-0.87593,-0.47070,121.58145,29.23754,29.04316,29.09367,34.20708
5163.26950,-0.88156,-0.46707,121.59586,29.22059,29.08639,29.10172,34.18716
5163.27950,-0.87911,-0.46592,121.55220,29.22799,29.06419,29.08026,34.17976
5163.28950,-0.88038,-0.45678,121.62492,29.28905,29.08673,29.05052,34.19862
5163.29950,-0.88113,-0.45372,121.65586,29.30959,29.09739,29.04272,34.20616
5163.30950,-0.88113,-0.45372,121.65586,29.30959,29.09739,29.04272,34.20616
5163.31950,-0.87658,-0.41876,121.79386,29.39859,29.26139,29.03272,34.10116
5163.32950,-0.87708,-0.41946,121.79452,29.39969,29.25688,29.03052,34.10743
5163.33950,-0.88154,-0.42466,121.80675,29.40859,29.22606,29.01494,34.15716
5163.34950,-0.88461,-0.42115,121.86186,29.40859,29.27139,29.03272,34.14916
5163.35950,-0.88671,-0.41973,121.85166,29.40259,29.28003,29.02792,34.14112
5163.36950,-0.90298,-0.40694,121.73278,29.35395,29.33971,28.97383,34.06529
5163.37950,-0.90934,-0.38892,121.40586,29.31959,29.31239,28.83372,33.94016
5163.38950,-0.91304,-0.39141,121.36476,29.29228,29.30660,28.83096,33.93492
5163.39950,-0.92277,-0.39796,121.25686,29.22059,29.29139,28.82372,33.92116
5163.40950,-0.90465,-0.40491,121.16386,29.20819,29.22195,28.84232,33.89140
5163.41950,-0.88869,-0.41669,121.17304,29.20059,29.17141,28.89898,33.90207
5163.42950,-0.88090,-0.42878,121.27979,29.20059,29.15852,28.97199,33.94869
5163.43950,-0.87118,-0.43870,121.43654,29.22331,29.15839,29.05170,34.00314
5163.44950,-0.87080,-0.44830,121.50237,29.20793,29.15426,29.09973,34.04044
5163.45950,-0.88064,-0.45138,121.42786,29.16159,29.14839,29.08272,34.03516
5163.46950,-0.86828,-0.45883,121.33099,29.13343,29.09038,29.09905,34.00813
5163.47950,-0.85868,-0.46462,121.25586,29.11159,29.04539,29.11172,33.98716
5163.48950,-0.85868,-0.46462,121.25586,29.11159,29.04539,29.11172,33.98716
5163.49950,-0.85872,-0.45138,121.28836,29.16659,29.07639,29.07222,33.97316
5163.50950,-0.85458,-0.45474,121.35686,29.17159,29.08639,29.11172,33.98716
5163.51950,-0.85474,-0.45417,121.35681,29.17300,29.08803,29.10983,33.98595
5163.52950,-0.86477,-0.41840,121.35386,29.26059,29.18939,28.99272,33.91116
5163.53950,-0.87213,-0.42511,121.39686,29.24059,29.19439,29.01272,33.94916
5163.54950,-0.87415,-0.42994,121.45036,29.24059,29.19439,29.03272,33.98266
5163.55950,-0.86882,-0.42807,121.46086,29.26059,29.18939,29.03272,33.97816
5163.56950,-0.87048,-0.42143,121.50046,29.28484,29.21959,29.02282,33.97321
5163.57950,-0.87416,-0.41476,121.51086,29.30459,29.24039,28.99772,33.96816
5163.58950,-0.87616,-0.41487,121.48086,29.29959,29.23039,28.98272,33.96816
5163.59950,-0.87573,-0.40476,121.69818,29.36678,29.32183,29.02100,33.98857
5163.60950,-0.87515,-0.39117,121.99186,29.45759,29.44539,29.07272,34.01616
5163.61950,-0.87515,-0.39117,121.99186,29.45759,29.44539,29.07272,34.01616
5163.62950,-0.88508,-0.37632,121.95973,29.47792,29.48896,29.00902,33.98383
5163.63950,-0.87914,-0.36491,122.05486,29.54659,29.52739,29.00272,33.97816
5163.64950,-0.87450,-0.35873,121.96633,29.53679,29.52739,28.98312,33.91903
5163.65950,-0.86501,-0.34609,121.78567,29.51679,29.52739,28.94312,33.79837
5163.66950,-0.84506,-0.35828,121.67768,29.50141,29.42539,28.96272,33.78816
5163.67950,-0.86626,-0.37320,121.56169,29.37479,29.41629,28.97410,33.79650
5163.68950,-0.85566,-0.39418,121.60886,29.34859,29.35339,29.05272,33.85416
5163.69950,-0.86150,-0.40452,121.67176,29.33231,29.34484,29.08279,33.91182
5163.70950,-0.87572,-0.44304,121.87682,29.29699,29.27318,29.17652,34.13013
5163.71950,-0.87389,-0.46246,121.94486,29.30959,29.18939,29.20172,34.24416
5163.72950,-0.88379,-0.47110,121.92866,29.26675,29.17823,29.20892,34.27476
5163.73950,-0.90139,-0.48648,121.89986,29.19059,29.15839,29.22172,34.32916
5163.74950,-0.90366,-0.48982,121.87395,29.18813,29.13058,29.20536,34.34989
5163.75950,-0.91618,-0.49855,121.79262,29.17199,29.06119,29.14732,34.41212
5163.76950,-0.93410,-0.49800,121.75862,29.14532,29.07453,29.10732,34.43145
5163.77950,-0.94097,-0.49548,121.67375,29.11346,29.07923,29.07928,34.40177
5163.78950,-0.94803,-0.48813,121.52045,29.06947,29.08911,29.03012,34.33175
5163.79950,-0.93740,-0.48491,121.65179,29.14214,29.09644,29.05012,34.36309
5163.80950,-0.94156,-0.48236,121.63480,29.14424,29.09984,29.02822,34.36250
5163.81950,-0.95655,-0.47658,121.54275,29.12437,29.10647,28.96199,34.34992
5163.82950,-0.96176,-0.47741,121.54813,29.11886,29.11012,28.95545,34.36371
5163.83950,-0.96971,-0.47793,121.64966,29.13535,29.13947,28.96512,34.40972
5163.84950,-0.96878,-0.46725,121.79633,29.20135,29.20081,28.97179,34.42239
5163.85950,-0.96248,-0.46088,121.84277,29.23213,29.22630,28.98090,34.40343
5163.86950,-0.94605,-0.44790,121.91186,29.28959,29.27139,29.00272,34.34816
5163.87950,-0.94605,-0.44790,121.91186,29.28959,29.27139,29.00272,34.34816
5163.88950,-0.95441,-0.42313,122.10762,29.36514,29.42253,28.99720,34.32275
5163.89950,-0.94180,-0.39999,122.09386,29.40859,29.49639,28.98272,34.20616
5163.90950,-0.94180,-0.39999,122.09386,29.40859,29.49639,28.98272,34.20616
5163.91950,-0.92841,-0.37576,122.07020,29.49767,29.52563,28.92008,34.12682
5163.92950,-0.91953,-0.35884,122.06792,29.54899,29.56381,28.89272,34.06240
5163.93950,-0.91767,-0.35495,122.07286,29.55659,29.57939,28.89272,34.04416
5163.94950,-0.90804,-0.34705,122.03025,29.57079,29.58687,28.88525,33.98735
5163.95950,-0.90479,-0.34438,122.01586,29.57559,29.58939,28.88272,33.96816
5163.96950,-0.87952,-0.34464,121.93346,29.58062,29.54300,28.90936,33.90048
5163.97950,-0.88777,-0.33487,121.99588,29.60075,29.60541,28.89594,33.89377
5163.98950,-0.88975,-0.33396,122.03491,29.60431,29.62564,28.90551,33.89945
5163.99950,-0.89365,-0.34579,122.25286,29.59725,29.67506,29.00605,33.97449
5164.00950,-0.90904,-0.35387,122.46886,29.60392,29.72973,29.05939,34.07583
5164.01950,-0.91435,-0.35449,122.51539,29.60559,29.74725,29.06500,34.09756
5164.02950,-0.92428,-0.34507,122.46486,29.60559,29.77339,29.01272,34.07316
5164.03950,-0.92423,-0.34400,122.43462,29.60017,29.76990,29.00381,34.06075
5164.04950,-0.92380,-0.33506,122.18262,29.55503,29.74075,28.92952,33.95732
5164.05950,-0.92045,-0.31580,121.77033,29.49758,29.70095,28.79905,33.77275
5164.06950,-0.91618,-0.29696,121.42086,29.45759,29.67139,28.68372,33.60816
5164.07950,-0.89109,-0.28909,121.24007,29.46322,29.61958,28.66175,33.49552
5164.08950,-0.89705,-0.28840,120.82509,29.37036,29.51387,28.53904,33.40182
5164.09950,-0.90776,-0.29068,120.70986,29.32959,29.48639,28.49472,33.39916
5164.10950,-0.89299,-0.31735,120.90986,29.31235,29.45967,28.64903,33.48882
5164.11950,-0.89063,-0.32161,120.94186,29.30959,29.45539,28.67372,33.50316
5164.12950,-0.93491,-0.33841,121.23679,29.30089,29.51803,28.69982,33.71805
5164.13950,-0.94810,-0.39597,121.52165,29.21259,29.43776,28.88739,33.98392
5164.14950,-0.94901,-0.40355,121.55486,29.20059,29.42539,28.91272,34.01616
5164.15950,-0.97314,-0.41667,121.46351,29.14056,29.37145,28.86139,34.09011
5164.16950,-0.95783,-0.42519,121.48413,29.14037,29.33615,28.91436,34.09325
5164.17950,-0.95523,-0.42610,121.48886,29.14159,29.33239,28.92272,34.09216
5164.18950,-0.94532,-0.43412,121.40766,29.11317,29.27903,28.94012,34.07534
5164.19950,-0.93813,-0.43993,121.34886,29.09259,29.24039,28.95272,34.06316
5164.20950,-0.93879,-0.44520,121.26380,29.05006,29.21403,28.95272,34.04700
5164.21950,-0.94426,-0.44334,121.24360,29.04259,29.22166,28.93520,34.04416
5164.22950,-0.94808,-0.44136,121.23986,29.04259,29.23039,28.92272,34.04416
5164.23950,-0.95339,-0.45116,121.18051,28.99203,29.20035,28.93005,34.05808
5164.24950,-0.97244,-0.45949,121.25914,28.97359,29.21225,28.93272,34.14058
5164.25950,-0.97853,-0.46118,121.29486,28.97359,29.22039,28.93272,34.16816
5164.26950,-0.99663,-0.45517,121.46342,29.01072,29.29614,28.92529,34.23128
5164.27950,-1.00289,-0.45309,121.52186,29.02359,29.32239,28.92272,34.25316
5164.28950,-0.97875,-0.43882,121.68688,29.12571,29.37567,28.96712,34.21838
5164.29950,-1.01086,-0.43435,121.69232,29.10313,29.42473,28.90206,34.26240
5164.30950,-1.02513,-0.43454,121.67386,29.08259,29.43539,28.87372,34.28216
5164.31950,-1.02095,-0.41448,121.65857,29.13143,29.48621,28.82932,34.21161
5164.32950,-1.01667,-0.39388,121.64286,29.18159,29.53839,28.78372,34.13916
5164.33950,-1.03077,-0.38400,121.63581,29.19497,29.57433,28.72736,34.13916
5164.34950,-1.05529,-0.37840,121.60446,29.17144,29.61257,28.66709,34.15336
5164.35950,-1.06158,-0.37791,121.59486,29.16159,29.62039,28.65472,34.15816
5164.36950,-1.07396,-0.37273,121.67538,29.18055,29.66801,28.63924,34.18758
5164.37950,-1.13320,-0.36665,121.96463,29.18279,29.83817,28.60759,34.33607
5164.38950,-1.14916,-0.36750,122.02986,29.17159,29.87639,28.60472,34.37716
5164.39950,-1.16698,-0.36744,122.10153,29.18202,29.90100,28.57798,34.44054
5164.40950,-1.21569,-0.36726,122.29786,29.21059,29.96839,28.50472,34.61416
5164.41950,-1.22002,-0.36628,122.24446,29.19419,29.96419,28.48370,34.60239
5164.42950,-1.22380,-0.36759,122.19830,29.18090,29.94810,28.46452,34.60478
5164.43950,-1.22153,-0.37036,122.22686,29.19059,29.93739,28.47472,34.62416
5164.44950,-1.22021,-0.37416,122.03710,29.12295,29.89293,28.45656,34.56467
5164.45950,-1.19951,-0.38324,121.73980,29.03997,29.78363,28.45746,34.45875
5164.46950,-1.18716,-0.38747,121.62586,29.01359,29.73239,28.46472,34.41516
5164.47950,-1.18716,-0.38747,121.62586,29.01359,29.73239,28.46472,34.41516
5164.48950,-1.15373,-0.37921,121.50986,29.04259,29.69139,28.47472,34.30116
5164.49950,-1.15160,-0.37966,121.45889,29.03454,29.67241,28.46461,34.28733
5164.50950,-1.14947,-0.38130,121.27479,28.99222,29.61701,28.42572,34.23984
5164.51950,-1.15409,-0.38123,121.28386,28.98359,29.63039,28.42572,34.24416
5164.52950,-1.14326,-0.38343,121.30279,29.00144,29.61002,28.44718,34.24416
5164.53950,-1.09406,-0.39339,121.38886,29.08259,29.51739,28.54472,34.24416
5164.54950,-1.08976,-0.39791,121.33667,29.06334,29.48738,28.55124,34.23470
5164.55950,-1.08270,-0.40533,121.25111,29.03179,29.43818,28.56194,34.21919
5164.56950,-1.07217,-0.41708,121.38060,29.06769,29.40222,28.61704,34.29364
5164.57950,-1.06924,-0.42038,121.43186,29.08259,29.39439,28.63472,34.32016
5164.58950,-1.06351,-0.40575,121.58250,29.13119,29.49639,28.67383,34.28109
5164.59950,-1.06090,-0.40819,121.65186,29.15159,29.49639,28.69372,34.31016
5164.60950,-1.06681,-0.40880,121.66910,29.13897,29.51405,28.69792,34.31815
5164.61950,-1.07496,-0.40965,121.69286,29.12159,29.53839,28.70372,34.32916
5164.62950,-1.07496,-0.40965,121.69286,29.12159,29.53839,28.70372,34.32916
5164.63950,-1.03464,-0.41042,121.76223,29.17179,29.51752,28.79985,34.27307
5164.64950,-1.02222,-0.40999,121.75889,29.15179,29.53819,28.85319,34.21573
5164.65950,-1.00752,-0.40933,121.77995,29.18822,29.51545,28.86815,34.20813
5164.66950,-0.98108,-0.41593,121.72262,29.21766,29.42311,28.88569,34.19616
5164.67950,-0.97832,-0.42912,121.56386,29.16159,29.33239,28.87372,34.19616
5164.68950,-0.97646,-0.43082,121.55983,29.15792,29.32507,28.88068,34.19616
5164.69950,-0.97325,-0.43375,121.55286,29.15159,29.31239,28.89272,34.19616
5164.70950,-0.97419,-0.43991,121.51241,29.12717,29.28452,28.89519,34.20553
5164.71950,-0.97673,-0.45659,121.40307,29.06117,29.20919,28.90185,34.23087
5164.72950,-0.95863,-0.48889,121.53186,29.03259,29.12739,29.04272,34.32916
5164.73950,-0.96318,-0.48840,121.53310,29.01545,29.14776,29.04769,34.32221
5164.74950,-0.97546,-0.48706,121.53646,28.96914,29.20279,29.06111,34.30342
5164.75950,-0.94770,-0.50978,121.44886,28.99359,29.01539,29.07272,34.36716
5164.76950,-0.94770,-0.50978,121.44886,28.99359,29.01539,29.07272,34.36716
5164.77950,-0.98420,-0.51380,121.49786,28.93459,29.07639,29.05272,34.43416
5164.78950,-0.97941,-0.50944,121.41736,28.93209,29.06364,29.03022,34.39141
5164.79950,-0.96810,-0.49938,121.20436,28.92459,29.02289,28.96772,34.28916
5164.80950,-0.97732,-0.50847,121.28986,28.92459,29.01539,28.98272,34.36716
5164.81950,-0.97732,-0.50847,121.28986,28.92459,29.01539,28.98272,34.36716
5164.82950,-0.97397,-0.48129,121.43664,28.99749,29.15738,28.98930,34.29247
5164.83950,-0.96546,-0.47525,121.61386,29.08259,29.18939,29.01272,34.32916
5164.84950,-0.95957,-0.47051,121.67866,29.10947,29.21883,29.03336,34.31700
5164.85950,-0.93507,-0.45084,121.94866,29.22147,29.34150,29.11936,34.26633
5164.86950,-0.93333,-0.44501,122.01426,29.24752,29.37815,29.12961,34.25899
5164.87950,-0.95336,-0.44184,121.99426,29.23419,29.39881,29.07694,34.28432
5164.88950,-0.92412,-0.42676,121.78286,29.28959,29.32239,29.00272,34.16816
5164.89950,-0.93058,-0.42826,121.77309,29.27005,29.32918,28.99941,34.17445
5164.90950,-0.95644,-0.43429,121.73402,29.19190,29.35633,28.98616,34.19962
5164.91950,-0.96470,-0.43597,121.74320,29.18031,29.36339,28.97893,34.22057
5164.92950,-0.97597,-0.43800,121.85782,29.22955,29.35843,28.95272,34.31712
5164.93950,-0.97886,-0.44334,121.77849,29.18355,29.33777,28.95272,34.30445
5164.94950,-0.98047,-0.44440,121.77122,29.17418,29.33798,28.95408,34.30498
5164.95950,-0.98593,-0.44231,121.85586,29.19059,29.37339,28.96272,34.32916
5164.96950,-0.98593,-0.44231,121.85586,29.19059,29.37339,28.96272,34.32916
5164.97950,-0.96200,-0.47064,121.78802,29.14654,29.23352,29.04171,34.36625
5164.98950,-0.94235,-0.47008,121.93186,29.19059,29.26139,29.12172,34.35816
5164.99950,-0.94386,-0.47253,121.91870,29.17786,29.25471,29.12388,34.36226
5165.00950,-0.95601,-0.49375,121.80615,29.06961,29.19568,29.14415,34.39671
5165.01950,-0.95116,-0.50397,121.76493,29.03650,29.15447,29.17118,34.40279
5165.02950,-0.94927,-0.50796,121.74886,29.02359,29.13839,29.18172,34.40516
5165.03950,-0.94574,-0.51587,121.53986,28.95359,29.06639,29.16172,34.35816
5165.04950,-0.94574,-0.51587,121.53986,28.95359,29.06639,29.16172,34.35816
5165.05950,-0.92722,-0.54338,121.55658,28.89555,28.98574,29.27975,34.39554
5165.06950,-0.93976,-0.57520,121.52986,28.79659,28.90239,29.33072,34.50016
5165.07950,-0.93976,-0.57520,121.52986,28.79659,28.90239,29.33072,34.50016
5165.08950,-0.92205,-0.58986,121.56896,28.75749,28.88187,29.43825,34.49136
5165.09950,-0.93402,-0.59825,121.72527,28.74669,28.92198,29.49021,34.56639
5165.10950,-0.93415,-0.59834,121.72686,28.74659,28.92239,29.49072,34.56716
5165.11950,-0.92653,-0.60164,121.64073,28.69808,28.91249,29.51943,34.51073
5165.12950,-0.92645,-0.60167,121.63986,28.69759,28.91239,29.51972,34.51016
5165.13950,-0.92534,-0.60378,121.64712,28.69539,28.90678,29.52852,34.51643
5165.14950,-0.91442,-0.62169,121.71775,28.68203,28.85795,29.60639,34.57138
5165.15950,-0.89901,-0.62861,121.81286,28.71759,28.83039,29.65972,34.60516
5165.16950,-0.89710,-0.62976,121.78327,28.70989,28.81796,29.65862,34.59680
5165.17950,-0.88048,-0.63961,121.51493,28.63681,28.71178,29.64972,34.51662
5165.18950,-0.87154,-0.64377,121.28086,28.54959,28.66639,29.64972,34.41516
5165.19950,-0.87333,-0.64499,121.26403,28.54310,28.65847,29.64312,34.41934
5165.20950,-0.88783,-0.65485,121.12786,28.49059,28.59439,29.58972,34.45316
5165.21950,-0.88959,-0.65513,121.12896,28.48619,28.59780,29.58972,34.45525
5165.22950,-0.90094,-0.66036,121.17579,28.45678,28.62147,29.60982,34.48771
5165.23950,-0.88093,-0.68059,121.43786,28.49959,28.59439,29.74872,34.59516
5165.24950,-0.87453,-0.67692,121.52515,28.52931,28.62524,29.77882,34.59177
5165.25950,-0.89723,-0.66819,121.82884,28.58437,28.75964,29.80559,34.67924
5165.26950,-0.92147,-0.66626,121.94486,28.58859,28.82039,29.78872,34.74716
5165.27950,-0.92745,-0.66299,121.96452,28.58488,28.85081,29.78501,34.74382
5165.28950,-0.93758,-0.65746,121.99786,28.57859,28.90239,29.77872,34.73816
5165.29950,-0.95495,-0.66148,121.94143,28.53749,28.89543,29.74389,34.76463
5165.30950,-0.96347,-0.66683,121.85268,28.50538,28.85712,29.70961,34.78057
5165.31950,-0.96445,-0.67059,121.78586,28.49059,28.82039,29.68972,34.78516
5165.32950,-1.00117,-0.66964,121.95834,28.47656,28.92066,29.68271,34.87841
5165.33950,-1.02576,-0.68168,122.23818,28.46079,29.00358,29.76254,35.01127
5165.34950,-1.03505,-0.69459,122.45286,28.45059,29.04539,29.84872,35.10816
5165.35950,-1.04947,-0.69046,122.37902,28.40949,29.07396,29.81389,35.08169
5165.36950,-1.05576,-0.68867,122.34686,28.39159,29.08639,29.79872,35.07016
5165.37950,-1.05358,-0.68541,122.37209,28.42089,29.08639,29.78759,35.07721
5165.38950,-1.04073,-0.67238,122.06838,28.41630,29.01807,29.68393,34.95008
5165.39950,-1.03486,-0.66754,121.84686,28.38159,28.97439,29.62972,34.86116
5165.40950,-1.05692,-0.66593,121.57746,28.25739,28.98039,29.56372,34.77596
5165.41950,-1.07168,-0.66485,121.39786,28.17459,28.98439,29.51972,34.71916
5165.42950,-1.06812,-0.66372,121.31170,28.17459,28.94983,29.48876,34.69852
5165.43950,-1.05834,-0.65870,120.97074,28.15827,28.83224,29.37033,34.60991
5165.44950,-1.06059,-0.65661,120.87186,28.13459,28.82039,29.34072,34.57616
5165.45950,-1.06371,-0.65024,120.75239,28.13459,28.79782,29.27520,34.54478
5165.46950,-1.06881,-0.63365,120.56966,28.14659,28.78739,29.16212,34.47356
5165.47950,-1.07264,-0.61655,120.44186,28.16459,28.79939,29.07272,34.40516
5165.48950,-1.07583,-0.60650,120.55110,28.22417,28.84463,29.05617,34.42613
5165.49950,-1.07842,-0.59834,120.63986,28.27259,28.88139,29.04272,34.44316
5165.50950,-1.07842,-0.59834,120.63986,28.27259,28.88139,29.04272,34.44316
5165.51950,-1.10816,-0.60046,120.86899,28.28981,28.96150,29.05133,34.56634
5165.52950,-1.11562,-0.59166,121.29888,28.38633,29.11543,29.13786,34.65926
5165.53950,-1.11606,-0.59017,121.36286,28.40159,29.13839,29.15172,34.67116
5165.54950,-1.11614,-0.57843,121.70483,28.51184,29.25296,29.20340,34.73663
5165.55950,-1.10215,-0.57788,122.00600,28.56814,29.34257,29.32935,34.76594
5165.56950,-1.10198,-0.57789,122.00886,28.56859,29.34339,29.33072,34.76616
5165.57950,-1.10941,-0.54817,122.03186,28.66759,29.41439,29.22172,34.72816
5165.58950,-1.11732,-0.54323,122.02826,28.66519,29.44151,29.20012,34.72144
5165.59950,-1.13961,-0.52036,121.96502,28.68135,29.51755,29.09116,34.67496
5165.60950,-1.13088,-0.49745,121.80086,28.75659,29.48639,28.96272,34.59516
5165.61950,-1.12966,-0.49129,121.75310,28.75419,29.49887,28.94592,34.55412
5165.62950,-1.13321,-0.46689,121.55194,28.73875,29.54815,28.85608,34.40896
5165.63950,-1.16417,-0.44664,121.34394,28.70608,29.58882,28.70341,34.34563
5165.64950,-1.17146,-0.43979,121.25850,28.70125,29.58903,28.64741,34.32082
5165.65950,-1.16606,-0.42890,121.04186,28.72659,29.51739,28.53472,34.26316
5165.66950,-1.16606,-0.42890,121.04186,28.72659,29.51739,28.53472,34.26316
5165.67950,-1.19106,-0.43277,121.22451,28.69354,29.61775,28.58416,34.32906
5165.68950,-1.20322,-0.44070,121.36986,28.66759,29.67139,28.64472,34.38616
5165.69950,-1.20322,-0.44070,121.36986,28.66759,29.67139,28.64472,34.38616
5165.70950,-1.20136,-0.45124,121.40839,28.66979,29.63161,28.66592,34.44107
5165.71950,-1.20710,-0.44073,121.51786,28.68759,29.72239,28.68372,34.42416
5165.72950,-1.20729,-0.44296,121.51898,28.68279,29.71583,28.68852,34.43184
5165.73950,-1.20807,-0.45226,121.52365,28.66279,29.68850,28.70852,34.46384
5165.74950,-1.20607,-0.45157,121.53586,28.66769,29.69316,28.71500,34.46001
5165.75950,-1.18955,-0.43305,121.59497,28.73493,29.75303,28.72206,34.38494
5165.76950,-1.18356,-0.44384,121.53139,28.72831,29.67157,28.71544,34.41607
5165.77950,-1.18053,-0.44632,121.51410,28.72659,29.65178,28.71751,34.41822
5165.78950,-1.17031,-0.44404,121.50886,28.72659,29.66139,28.74372,34.37716
5165.79950,-1.17031,-0.44404,121.50886,28.72659,29.66139,28.74372,34.37716
5165.80950,-1.16282,-0.45746,121.56762,28.72659,29.61808,28.79252,34.43043
5165.81950,-1.15487,-0.47025,121.67086,28.72659,29.59939,28.86372,34.48116
5165.82950,-1.15528,-0.46903,121.65872,28.72797,29.59870,28.85544,34.47661
5165.83950,-1.15870,-0.45885,121.55757,28.73946,29.59296,28.78648,34.43868
5165.84950,-1.15396,-0.45316,121.52504,28.75031,29.59684,28.77352,34.40436
5165.85950,-1.14242,-0.45421,121.57586,28.75659,29.60939,28.82372,34.38616
5165.86950,-1.14249,-0.45108,121.65407,28.78928,29.63091,28.82786,34.40602
5165.87950,-1.14260,-0.44667,121.76486,28.83559,29.66139,28.83372,34.43416
5165.88950,-1.15171,-0.44593,121.78763,28.84549,29.66634,28.80897,34.46683
5165.89950,-1.16549,-0.43928,121.84808,28.89392,29.68250,28.75039,34.52127
5165.90950,-1.16907,-0.43456,121.87786,28.92459,29.69139,28.72372,34.53816
5165.91950,-1.17124,-0.43904,121.76432,28.87687,29.66059,28.71164,34.51521
5165.92950,-1.18549,-0.45276,121.79538,28.84559,29.63350,28.71751,34.59878
5165.93950,-1.19126,-0.45761,121.84286,28.84559,29.63039,28.72372,34.64316
5165.94950,-1.17696,-0.45992,121.82058,28.85301,29.59995,28.74600,34.62163
5165.95950,-1.17201,-0.46072,121.81286,28.85559,29.58939,28.75372,34.61416
5165.96950,-1.15356,-0.47559,121.63054,28.81259,29.46555,28.76232,34.59008
5165.97950,-1.15461,-0.48330,121.64516,28.78039,29.46364,28.79847,34.60267
5165.98950,-1.15523,-0.48410,121.65186,28.77659,29.46639,28.80372,34.60516
5165.99950,-1.16251,-0.51107,121.51490,28.70854,29.32513,28.78649,34.69474
5166.00950,-1.18928,-0.53394,121.55564,28.64685,29.28433,28.79232,34.83214
5166.01950,-1.19344,-0.53695,121.56586,28.63859,29.28139,28.79372,34.85216
5166.02950,-1.20493,-0.54532,121.47995,28.56986,29.26462,28.78963,34.85584
5166.03950,-1.22156,-0.55742,121.35586,28.47059,29.24039,28.78372,34.86116
5166.04950,-1.22697,-0.57798,121.42496,28.44736,29.18697,28.82437,34.96626
5166.05950,-1.26857,-0.63826,121.68325,28.31321,29.12203,28.96344,35.28457
5166.06950,-1.27518,-0.64623,121.71986,28.29259,29.11739,28.98272,35.32716
5166.07950,-1.28937,-0.65530,122.14652,28.33248,29.23013,29.10355,35.48036
5166.08950,-1.35720,-0.67128,122.80503,28.36159,29.42529,29.19172,35.82644
5166.09950,-1.37067,-0.67251,122.84946,28.35579,29.44539,29.18012,35.86816
5166.10950,-1.39495,-0.67585,123.04633,28.38143,29.49433,29.17769,35.99289
5166.11950,-1.40972,-0.67832,123.18786,28.40159,29.52739,29.18172,36.07716
5166.12950,-1.44730,-0.67584,122.90586,28.29734,29.51239,29.04747,36.04866
5166.13950,-1.46299,-0.66558,122.59354,28.23363,29.48437,28.92104,35.95451
5166.14950,-1.46408,-0.66230,122.51786,28.22359,29.47639,28.89272,35.92516
5166.15950,-1.45003,-0.65772,122.22686,28.14184,29.44564,28.87847,35.76091
5166.16950,-1.44533,-0.65619,122.12986,28.11459,29.43539,28.87372,35.70616
5166.17950,-1.40934,-0.65974,121.94460,28.10018,29.34351,28.90302,35.59788
5166.18950,-1.35950,-0.66074,121.65286,28.08178,29.21916,28.92510,35.42683
5166.19950,-1.33789,-0.65649,121.48386,28.07559,29.16839,28.91272,35.32716
5166.20950,-1.33327,-0.66022,121.12984,27.98383,29.07353,28.85134,35.22114
5166.21950,-1.30197,-0.65313,120.84600,27.93367,29.02755,28.85566,35.02912
5166.22950,-1.28360,-0.64708,120.80286,27.93759,29.03539,28.88272,34.94716
5166.23950,-1.27850,-0.64452,120.74250,27.94122,29.01685,28.86490,34.91952
5166.24950,-1.25225,-0.64060,120.63393,27.95455,28.97304,28.87365,34.83269
5166.25950,-1.22228,-0.64158,120.62886,27.96659,28.95339,28.94272,34.76616
5166.26950,-1.21027,-0.63798,120.72426,28.03427,28.94979,28.95352,34.78668
5166.27950,-1.18897,-0.63160,120.89386,28.15459,28.94339,28.97272,34.82316
5166.28950,-1.18368,-0.62250,120.96010,28.19347,28.98407,28.97992,34.80264
5166.29950,-1.17445,-0.59947,121.20746,28.30543,29.11147,29.01072,34.77984
5166.30950,-1.17473,-0.58727,121.43786,28.38159,29.20939,29.04272,34.80416
5166.31950,-1.17275,-0.57229,121.49428,28.44313,29.25445,29.01341,34.78328
5166.32950,-1.16205,-0.53502,121.61562,28.59207,29.36191,28.95192,34.70972
5166.33950,-1.14912,-0.51481,121.65786,28.66759,29.41439,28.93272,34.64316
5166.34950,-1.15885,-0.50154,121.68522,28.69603,29.46983,28.88988,34.62948
5166.35950,-1.17615,-0.47796,121.73386,28.74659,29.56839,28.81372,34.60516
5166.36950,-1.16576,-0.46423,121.70182,28.77863,29.59431,28.79572,34.53316
5166.37950,-1.13709,-0.42423,121.59122,28.87807,29.65515,28.72448,34.33352
5166.38950,-1.11893,-0.39652,121.49586,28.95359,29.68139,28.65472,34.20616
5166.39950,-1.11893,-0.39652,121.49586,28.95359,29.68139,28.65472,34.20616
5166.40950,-1.06688,-0.36329,121.37586,29.07259,29.68139,28.62472,33.99716
5166.41950,-1.06995,-0.35831,121.35186,29.06973,29.69911,28.60758,33.97545
5166.42950,-1.07620,-0.34266,121.28593,29.06724,29.75293,28.56123,33.90453
5166.43950,-1.06539,-0.31827,121.24086,29.10259,29.82539,28.53472,33.77816
5166.44950,-1.06764,-0.31899,121.23390,29.08819,29.83259,28.53952,33.77360
5166.45950,-1.06603,-0.31446,121.22445,29.08488,29.85539,28.54284,33.74134
5166.46950,-1.03805,-0.29264,121.26486,29.22059,29.85539,28.50472,33.68416
5166.47950,-1.03805,-0.29264,121.26486,29.22059,29.85539,28.50472,33.68416
5166.48950,-1.03504,-0.28977,121.33382,29.25143,29.87341,28.51512,33.69386
5166.49950,-1.02939,-0.28437,121.46386,29.30959,29.90739,28.53472,33.71216
5166.50950,-1.04645,-0.29360,121.58043,29.30197,29.92263,28.54996,33.80587
5166.51950,-1.01142,-0.29717,121.78491,29.34746,29.95768,28.70029,33.77947
5166.52950,-1.00861,-0.29705,121.80074,29.35618,29.95729,28.70702,33.78025
5166.53950,-0.99214,-0.29490,121.89014,29.42195,29.94656,28.73023,33.79140
5166.54950,-0.97896,-0.28502,121.82903,29.46163,29.92989,28.69848,33.73902
5166.55950,-0.97698,-0.28354,121.81986,29.46759,29.92739,28.69372,33.73116
5166.56950,-0.95951,-0.27400,121.73770,29.45769,29.94818,28.71352,33.61831
5166.57950,-0.95715,-0.27316,121.72710,29.45904,29.94614,28.71372,33.60820
5166.58950,-0.93734,-0.26641,121.63836,29.47229,29.92561,28.71372,33.52674
5166.59950,-0.91046,-0.25204,121.67157,29.55404,29.93675,28.72340,33.45739
5166.60950,-0.90982,-0.25165,121.67386,29.55659,29.93739,28.72372,33.45616
5166.61950,-0.91563,-0.24777,121.79434,29.57178,30.00182,28.74991,33.47083
5166.62950,-0.90664,-0.22660,121.93204,29.69377,30.06039,28.71917,33.45871
5166.63950,-0.90521,-0.22484,121.93486,29.70459,30.06039,28.71372,33.45616
5166.64950,-0.93457,-0.21162,122.00858,29.73039,30.14149,28.64052,33.49618
5166.65950,-0.96093,-0.19974,122.07486,29.75359,30.21439,28.57472,33.53216
5166.66950,-1.01739,-0.17698,121.83132,29.70508,30.26488,28.34801,33.51335
5166.67950,-1.15604,-0.12215,121.77540,29.68479,30.55051,27.95170,33.58840
5166.68950,-1.15744,-0.12160,121.77486,29.68459,30.55339,27.94772,33.58916
5166.69950,-1.21797,-0.09724,121.71744,29.67139,30.66823,27.76358,33.61424
5166.70950,-1.28583,-0.06742,121.80764,29.66459,30.87906,27.62205,33.64194
5166.71950,-1.32929,-0.07898,121.66689,29.48962,30.92239,27.60872,33.64616
5166.72950,-1.31197,-0.07956,121.62922,29.45459,30.93559,27.67472,33.56432
5166.73950,-1.30284,-0.07976,121.61086,29.43759,30.94239,27.70872,33.52216
5166.74950,-1.23471,-0.09291,121.46192,29.38129,30.85474,27.88617,33.33972
5166.75950,-1.12805,-0.11587,121.34731,29.34239,30.71456,28.16994,33.12042
5166.76950,-1.11432,-0.11893,121.33786,29.33959,30.69639,28.20672,33.09516
5166.77950,-1.01142,-0.16244,121.09795,29.27807,30.40815,28.44224,32.96949
5166.78950,-0.99720,-0.16845,121.06486,29.26959,30.36839,28.47472,32.95216
5166.79950,-0.89456,-0.22704,121.10140,29.24436,30.10043,28.80445,32.95216
5166.80950,-0.78399,-0.28626,121.30696,29.26582,29.86464,29.19128,32.98522
5166.81950,-0.76979,-0.29378,121.33686,29.26959,29.83539,29.24172,32.99016
5166.82950,-0.72654,-0.31895,121.27562,29.26444,29.67685,29.33845,32.99588
5166.83950,-0.66037,-0.36547,121.32912,29.23764,29.48208,29.57654,33.03286
5166.84950,-0.63526,-0.38602,121.40286,29.22059,29.42539,29.69972,33.05716
5166.85950,-0.55913,-0.42678,121.44208,29.24811,29.19973,29.90474,33.08950
5166.86950,-0.52463,-0.44525,121.45986,29.26059,29.09739,29.99772,33.10416
5166.87950,-0.49408,-0.47883,121.58031,29.27446,28.96234,30.12839,33.21512
5166.88950,-0.46062,-0.52053,121.90138,29.33047,28.83718,30.32346,33.41027
5166.89950,-0.45274,-0.53093,121.99986,29.34859,28.81039,30.37572,33.46516
5166.90950,-0.47531,-0.52515,122.02687,29.37779,28.82499,30.29615,33.52794
5166.91950,-0.48659,-0.53376,122.03491,29.35987,28.80071,30.28619,33.58815
5166.92950,-0.48970,-0.54508,122.03286,29.32959,28.76939,30.30672,33.62716
5166.93950,-0.50737,-0.54913,122.07838,29.30890,28.79008,30.29982,33.67957
5166.94950,-0.51532,-0.55095,122.09886,29.29959,28.79939,30.29672,33.70316
5166.95950,-0.50955,-0.56260,122.09589,29.28512,28.75005,30.32603,33.73469
5166.96950,-0.50703,-0.58855,122.13953,29.25734,28.65958,30.38221,33.84040
5166.97950,-0.51895,-0.59868,122.21932,29.25202,28.64841,30.39285,33.92604
5166.98950,-0.52259,-0.60407,122.19280,29.21978,28.63923,30.40188,33.93191
5166.99950,-0.52267,-0.62357,122.14981,29.15556,28.57861,30.44488,33.97076
5167.00950,-0.52239,-0.65237,122.12875,29.08292,28.48704,30.50804,34.05076
5167.01950,-0.52747,-0.67400,122.04029,29.00775,28.40471,30.52572,34.10212
5167.02950,-0.53069,-0.68246,121.98886,28.97359,28.36939,30.52572,34.12016
5167.03950,-0.53069,-0.68246,121.98886,28.97359,28.36939,30.52572,34.12016
5167.04950,-0.51972,-0.70012,121.44828,28.77303,28.22178,30.49340,33.96006
5167.05950,-0.51630,-0.71048,121.23786,28.69759,28.14339,30.47572,33.92116
5167.06950,-0.52485,-0.70548,121.23812,28.70525,28.16243,30.44426,33.92618
5167.07950,-0.54862,-0.69158,121.23886,28.72659,28.21539,30.35672,33.94016
5167.08950,-0.54706,-0.69286,121.18113,28.71252,28.19550,30.34702,33.92609
5167.09950,-0.53033,-0.69135,121.04345,28.70738,28.14403,30.33182,33.86022
5167.10950,-0.51461,-0.68834,120.96386,28.71759,28.11239,30.32672,33.80716
5167.11950,-0.51461,-0.68834,120.96386,28.71759,28.11239,30.32672,33.80716
5167.12950,-0.50366,-0.68738,120.82548,28.70279,28.06725,30.30452,33.75092
5167.13950,-0.50257,-0.68999,120.81003,28.68058,28.06840,30.32224,33.73882
5167.14950,-0.50305,-0.69051,120.81586,28.67759,28.07139,30.32672,33.74016
5167.15950,-0.52205,-0.68320,120.99890,28.70759,28.16614,30.33304,33.79213
5167.16950,-0.50696,-0.69389,121.24210,28.72583,28.20539,30.47572,33.83516
5167.17950,-0.49314,-0.67978,121.39798,28.82627,28.25327,30.49012,33.82832
5167.18950,-0.48509,-0.66373,121.58486,28.91459,28.33839,30.51572,33.81616
5167.19950,-0.48509,-0.66373,121.58486,28.91459,28.33839,30.51572,33.81616
5167.20950,-0.47436,-0.65492,121.48008,28.91459,28.33600,30.49461,33.73488
5167.21950,-0.49019,-0.64377,121.51186,28.91459,28.41039,30.46572,33.72116
5167.22950,-0.49019,-0.64377,121.51186,28.91459,28.41039,30.46572,33.72116
5167.23950,-0.45857,-0.63391,121.67586,28.98359,28.47139,30.56572,33.65516
5167.24950,-0.46042,-0.63381,121.71520,28.99765,28.47640,30.56572,33.67542
5167.25950,-0.46554,-0.63356,121.82447,29.03673,28.49031,30.56572,33.73172
5167.26950,-0.44290,-0.61835,121.77475,29.12759,28.45719,30.51420,33.67577
5167.27950,-0.43917,-0.61073,121.65995,29.13095,28.44021,30.46508,33.62371
5167.28950,-0.43914,-0.60025,121.33654,29.08819,28.38567,30.34952,33.51316
5167.29950,-0.43806,-0.60923,121.20787,29.04819,28.31701,30.32952,33.51316
5167.30950,-0.43772,-0.61328,121.22820,29.03735,28.31595,30.35127,33.52364
5167.31950,-0.43722,-0.62059,121.32886,29.02359,28.33839,30.41572,33.55116
5167.32950,-0.43722,-0.62059,121.32886,29.02359,28.33839,30.41572,33.55116
5167.33950,-0.43274,-0.64182,121.53814,29.03782,28.30996,30.51661,33.67376
5167.34950,-0.44396,-0.65410,121.65676,29.01707,28.32113,30.56395,33.75461
5167.35950,-0.45227,-0.66520,121.74444,28.99439,28.32586,30.60622,33.81797
5167.36950,-0.45569,-0.67568,121.77986,28.96359,28.31739,30.64472,33.85416
5167.37950,-0.45770,-0.67820,121.77105,28.94852,28.31484,30.64983,33.85786
5167.38950,-0.46607,-0.68872,121.73435,28.88576,28.30420,30.67110,33.87329
5167.39950,-0.46532,-0.70433,121.63286,28.88459,28.17439,30.62472,33.94916
5167.40950,-0.46741,-0.70611,121.59550,28.86045,28.17153,30.62472,33.93880
5167.41950,-0.47611,-0.71352,121.43981,28.75988,28.15960,30.62472,33.89561
5167.42950,-0.48533,-0.71897,121.24083,28.67611,28.12113,30.58538,33.85821
5167.43950,-0.48660,-0.71940,121.20886,28.66759,28.11239,30.57472,33.85416
5167.44950,-0.48429,-0.71374,121.33886,28.71759,28.15339,30.59472,33.87316
5167.45950,-0.48813,-0.71453,121.35260,28.71355,28.15966,30.59472,33.88468
5167.46950,-0.52156,-0.72050,121.45776,28.68085,28.20984,30.58503,33.98204
5167.47950,-0.51596,-0.71170,121.31786,28.70759,28.16439,30.50572,33.94016
5167.48950,-0.51596,-0.71170,121.31786,28.70759,28.16439,30.50572,33.94016
5167.49950,-0.49944,-0.68958,120.98138,28.70759,28.12405,30.38766,33.76208
5167.50950,-0.51485,-0.67004,120.78086,28.70759,28.13339,30.24672,33.69316
5167.51950,-0.51485,-0.67004,120.78086,28.70759,28.13339,30.24672,33.69316
5167.52950,-0.52700,-0.64797,120.70686,28.71759,28.20539,30.16672,33.61716
5167.53950,-0.52395,-0.64698,120.70702,28.72458,28.20372,30.16831,33.61041
5167.54950,-0.49853,-0.63871,120.70834,28.78286,28.18982,30.18155,33.55411
5167.55950,-0.48922,-0.63066,120.99418,28.86462,28.28573,30.26543,33.57840
5167.56950,-0.48888,-0.62945,121.02374,28.87651,28.29419,30.26893,33.58411
5167.57950,-0.48569,-0.61926,121.24991,28.97584,28.35593,30.28907,33.62907
5167.58950,-0.48448,-0.61539,121.33586,29.01359,28.37939,30.29672,33.64616
5167.59950,-0.46559,-0.61057,121.38766,29.06332,28.37981,30.32526,33.61927
5167.60950,-0.48666,-0.60109,121.49495,29.06994,28.47451,30.31202,33.63848
5167.61950,-0.49508,-0.59730,121.53786,29.07259,28.51239,30.30672,33.64616
5167.62950,-0.51062,-0.58532,121.36364,29.03299,28.53318,30.21763,33.57984
5167.63950,-0.51179,-0.56196,121.28933,29.08160,28.57358,30.12948,33.50466
5167.64950,-0.51181,-0.56149,121.28786,29.08259,28.57439,30.12772,33.50316
5167.65950,-0.49193,-0.55987,121.43586,29.15159,28.58439,30.18672,33.51316
5167.66950,-0.49193,-0.55987,121.43586,29.15159,28.58439,30.18672,33.51316
5167.67950,-0.49412,-0.55963,121.32763,29.12207,28.56373,30.15720,33.48463
5167.68950,-0.49905,-0.55968,121.45427,29.13139,28.61436,30.19593,33.51259
5167.69950,-0.49915,-0.55968,121.45686,29.13159,28.61539,30.19672,33.51316
5167.70950,-0.49075,-0.55393,121.30630,29.14282,28.56315,30.13548,33.46485
5167.71950,-0.48418,-0.54944,121.18886,29.15159,28.52239,30.08772,33.42716
5167.72950,-0.48664,-0.55336,121.14469,29.12310,28.50906,30.08772,33.42481
5167.73950,-0.48485,-0.56716,121.01314,29.03587,28.46043,30.11565,33.40119
5167.74950,-0.46883,-0.57215,121.00086,29.02359,28.44039,30.16672,33.37016
5167.75950,-0.47300,-0.57499,121.00869,29.00793,28.44470,30.17455,33.38151
5167.76950,-0.45782,-0.59409,121.08129,28.99419,28.39149,30.26624,33.42938
5167.77950,-0.43864,-0.60709,121.13486,29.00359,28.33839,30.33672,33.45616
5167.78950,-0.43931,-0.61254,121.24142,29.02505,28.33839,30.36558,33.51240
5167.79950,-0.43955,-0.61446,121.27886,29.03259,28.33839,30.37572,33.53216
5167.80950,-0.42187,-0.62981,121.35872,29.01134,28.31568,30.48562,33.54608
5167.81950,-0.38906,-0.63159,121.30395,29.04470,28.24698,30.51733,33.49494
5167.82950,-0.38400,-0.63086,121.28786,29.05259,28.23539,30.51572,33.48416
5167.83950,-0.38991,-0.63245,121.27020,29.04418,28.22698,30.49890,33.50014
5167.84950,-0.39961,-0.63864,121.39758,29.03169,28.26667,30.54675,33.55247
5167.85950,-0.40598,-0.64302,121.49486,29.02359,28.29739,30.58472,33.58916
5167.86950,-0.42679,-0.65004,121.35893,28.96485,28.25460,30.51843,33.62105
5167.87950,-0.43079,-0.65139,121.33286,28.95359,28.24639,30.50572,33.62716
5167.88950,-0.42975,-0.64723,121.16600,28.90902,28.23439,30.47143,33.55116
5167.89950,-0.43628,-0.64374,120.78609,28.83179,28.15093,30.34425,33.45912
5167.90950,-0.43899,-0.64361,120.69186,28.81559,28.12339,30.30672,33.44616
5167.91950,-0.46108,-0.64911,120.46410,28.67178,28.13069,30.27752,33.38411
5167.92950,-0.47235,-0.66912,120.53024,28.65436,28.07353,30.29592,33.50643
5167.93950,-0.47349,-0.67575,120.58586,28.66759,28.05139,30.30672,33.56016
5167.94950,-0.51669,-0.66887,120.60724,28.63883,28.12661,30.22561,33.61620
5167.95950,-0.53207,-0.66642,120.61486,28.62859,28.15339,30.19672,33.63616
5167.96950,-0.53557,-0.67017,120.59491,28.60912,28.14366,30.19672,33.64541
5167.97950,-0.55453,-0.67747,120.52638,28.54110,28.14081,30.17854,33.66592
5167.98950,-0.58045,-0.68316,120.44586,28.46059,28.15339,30.14772,33.68416
5167.99950,-0.59546,-0.67387,120.31154,28.44112,28.15875,30.06012,33.65155
5168.00950,-0.61133,-0.66405,120.16986,28.42059,28.16439,29.96772,33.61716
5168.01950,-0.63219,-0.67158,120.36242,28.40733,28.22858,30.01656,33.70995
5168.02950,-0.65523,-0.67431,120.55563,28.42070,28.29168,30.03282,33.81044
5168.03950,-0.66980,-0.67377,120.66986,28.44059,28.32839,30.02772,33.87316
5168.04950,-0.69989,-0.67797,120.94296,28.42679,28.44839,30.08979,33.97799
5168.05950,-0.73479,-0.68327,121.24009,28.45465,28.53208,30.10799,34.14537
5168.06950,-0.75729,-0.68686,121.42386,28.49059,28.56339,30.09772,34.27216
5168.07950,-0.76630,-0.68178,121.56355,28.52048,28.62622,30.10992,34.30693
5168.08950,-0.77206,-0.67854,121.65286,28.53959,28.66639,30.11772,34.32916
5168.09950,-0.79019,-0.67006,121.55804,28.52147,28.68512,30.03921,34.31225
5168.10950,-0.81064,-0.65291,121.54566,28.53359,28.75859,29.96372,34.28976
5168.11950,-0.81633,-0.64520,121.57886,28.54959,28.79939,29.94772,34.28216
5168.12950,-0.81633,-0.64520,121.57886,28.54959,28.79939,29.94772,34.28216
5168.13950,-0.84135,-0.62608,121.38341,28.54090,28.81764,29.79223,34.23264
5168.14950,-0.84514,-0.62319,121.35386,28.53959,28.82039,29.76872,34.22516
5168.15950,-0.87276,-0.62069,121.02286,28.43418,28.78262,29.63790,34.16816
5168.16950,-0.87619,-0.62938,120.95786,28.38159,28.75839,29.64972,34.16816
5168.17950,-0.88660,-0.62174,121.05668,28.39379,28.83342,29.65582,34.17365
5168.18950,-0.88991,-0.62507,121.23642,28.41910,28.87535,29.70743,34.23454
5168.19950,-0.88772,-0.63045,121.31286,28.43059,28.87139,29.73872,34.27216
5168.20950,-0.89690,-0.62574,121.40031,28.44138,28.92700,29.74412,34.28781
5168.21950,-0.90472,-0.62172,121.47486,28.45059,28.97439,29.74872,34.30116
5168.22950,-0.90050,-0.62410,121.52569,28.47051,28.96585,29.76499,34.32434
5168.23950,-0.90025,-0.62695,121.63076,28.50133,28.96946,29.78523,34.37475
5168.24950,-0.92808,-0.62411,121.77686,28.50959,29.04539,29.76872,34.45316
5168.25950,-0.92988,-0.62520,121.72033,28.49373,29.02872,29.75245,34.44543
5168.26950,-0.93190,-0.62625,121.60172,28.46535,28.99549,29.71842,34.42246
5168.27950,-0.92894,-0.62364,121.43086,28.44059,28.95339,29.66972,34.36716
5168.28950,-0.93856,-0.61800,121.34217,28.42868,28.95339,29.61224,34.34786
5168.29950,-0.95238,-0.60989,121.21486,28.41159,28.95339,29.52972,34.32016
5168.30950,-0.95453,-0.61344,121.06810,28.35697,28.91974,29.50820,34.28319
5168.31950,-0.95107,-0.62165,120.92995,28.28819,28.87958,29.52061,34.24157
5168.32950,-0.94774,-0.62506,120.91786,28.27259,28.87139,29.53972,34.23416
5168.33950,-0.95045,-0.62862,120.94076,28.26952,28.86639,29.54617,34.25868
5168.34950,-0.96451,-0.64712,121.05986,28.25359,28.84039,29.57972,34.38616
5168.35950,-0.96056,-0.65777,121.16356,28.24139,28.84487,29.65251,34.42479
5168.36950,-0.95714,-0.67341,121.36525,28.23583,28.86222,29.76404,34.50316
5168.37950,-0.96789,-0.67397,121.59886,28.29259,28.91239,29.78872,34.60516
5168.38950,-0.97113,-0.68115,121.59821,28.26046,28.90590,29.81143,34.62041
5168.39950,-0.97645,-0.69292,121.59715,28.20780,28.89527,29.84867,34.64541
5168.40950,-0.96958,-0.70570,121.59394,28.19359,28.83983,29.88062,34.67990
5168.41950,-0.96652,-0.70925,121.59286,28.19359,28.82039,29.88872,34.69016
5168.42950,-0.98373,-0.72366,121.57331,28.08801,28.83994,29.93662,34.70873
5168.43950,-0.98413,-0.72400,121.57286,28.08559,28.84039,29.93772,34.70916
5168.44950,-0.99685,-0.71467,121.36216,28.03659,28.84039,29.85050,34.63468
5168.45950,-0.98172,-0.73377,121.16486,27.99659,28.68639,29.83872,34.64316
5168.46950,-0.98459,-0.73445,121.16366,27.99016,28.68868,29.83654,34.64828
5168.47950,-1.00827,-0.74179,121.16141,27.93657,28.70219,29.82280,34.69985
5168.48950,-1.00997,-0.75794,121.22786,27.92759,28.65639,29.85872,34.78516
5168.49950,-1.01036,-0.75690,121.24076,27.93012,28.66537,29.86125,34.78402
5168.50950,-1.01304,-0.74978,121.32986,27.94759,28.72739,29.87872,34.77616
5168.51950,-1.01304,-0.74978,121.32986,27.94759,28.72739,29.87872,34.77616
5168.52950,-0.99542,-0.74604,121.34864,28.00592,28.69773,29.87872,34.76627
5168.53950,-0.99432,-0.71992,121.61186,28.11459,28.85139,29.89872,34.74716
5168.54950,-0.99792,-0.72060,121.57454,28.10074,28.84412,29.88464,34.74505
5168.55950,-1.00825,-0.72251,121.46487,28.06539,28.81794,29.83872,34.74282
5168.56950,-1.00377,-0.72151,121.50186,28.09559,28.81039,29.83872,34.75716
5168.57950,-1.00679,-0.71591,121.47976,28.09559,28.82988,29.81971,34.73459
5168.58950,-1.01649,-0.69793,121.40886,28.09559,28.89239,29.75872,34.66216
5168.59950,-1.01856,-0.69959,121.41457,28.08941,28.89239,29.76181,34.67096
5168.60950,-1.02756,-0.70682,121.43940,28.06257,28.89239,29.77523,34.70921
5168.61950,-1.03263,-0.71358,121.66986,28.10459,28.92239,29.82872,34.81416
5168.62950,-1.03157,-0.70785,121.62990,28.11388,28.92495,29.80340,34.78768
5168.63950,-1.02804,-0.68888,121.49786,28.14459,28.93339,29.71972,34.70016
5168.64950,-1.02804,-0.68888,121.49786,28.14459,28.93339,29.71972,34.70016
5168.65950,-1.03101,-0.68028,121.06495,28.07229,28.84798,29.57752,34.56716
5168.66950,-1.03465,-0.68413,120.99286,28.04559,28.82039,29.55972,34.56716
5168.67950,-1.03806,-0.68365,120.98329,28.03800,28.82600,29.55323,34.56606
5168.68950,-1.06671,-0.68060,120.91649,27.97585,28.87293,29.50358,34.56413
5168.69950,-1.07623,-0.68778,121.01316,27.96919,28.88693,29.52958,34.62746
5168.70950,-1.07994,-0.69058,121.05086,27.96659,28.89239,29.53972,34.65216
5168.71950,-1.03856,-0.67830,121.14186,28.09559,28.87139,29.56972,34.60516
5168.72950,-1.03856,-0.67830,121.14186,28.09559,28.87139,29.56972,34.60516
5168.73950,-1.04367,-0.69119,121.33397,28.08858,28.90014,29.65386,34.69140
5168.74950,-1.06070,-0.71263,121.34606,28.01075,28.86951,29.68972,34.77609
5168.75950,-1.06352,-0.71566,121.33286,27.99659,28.86139,29.68972,34.78516
5168.76950,-1.05435,-0.72762,121.44164,28.07401,28.77123,29.68972,34.90668
5168.77950,-1.08441,-0.71739,121.45574,28.03599,28.87036,29.65012,34.89926
5168.78950,-1.08472,-0.71728,121.45586,28.03559,28.87139,29.64972,34.89916
5168.79950,-1.09173,-0.72446,121.54034,28.02305,28.88525,29.68272,34.94932
5168.80950,-1.09533,-0.72815,121.58386,28.01659,28.89239,29.69972,34.97516
5168.81950,-1.09789,-0.72188,121.46607,28.00958,28.87767,29.64363,34.93519
5168.82950,-1.10368,-0.72185,121.26616,27.93939,28.85438,29.60271,34.86968
5168.83950,-1.10451,-0.72232,121.23986,27.92759,28.85139,29.59972,34.86116
5168.84950,-1.10451,-0.72232,121.23986,27.92759,28.85139,29.59972,34.86116
5168.85950,-1.10451,-0.72232,121.23986,27.92759,28.85139,29.59972,34.86116
5168.86950,-1.10863,-0.72492,121.29051,27.93597,28.85286,29.60384,34.89784
5168.87950,-1.11133,-0.73598,121.27094,27.90466,28.81619,29.61831,34.93179
5168.88950,-1.11232,-0.73787,121.26486,27.89759,28.81039,29.61972,34.93716
5168.89950,-1.10742,-0.73013,121.17572,27.90902,28.79839,29.57972,34.88859
5168.90950,-1.08768,-0.72342,121.25989,27.95031,28.83219,29.63363,34.84377
5168.91950,-1.08461,-0.72325,121.28886,27.95659,28.84039,29.64972,34.84216
5168.92950,-1.09172,-0.72276,121.19809,27.92248,28.83461,29.62081,34.82019
5168.93950,-1.09933,-0.73893,121.41127,27.92276,28.84801,29.70041,34.94009
5168.94950,-1.09979,-0.74210,121.46486,27.92759,28.85139,29.71972,34.96616
5168.95950,-1.07519,-0.73137,121.55012,27.99621,28.87981,29.76062,34.91348
5168.96950,-1.06431,-0.72663,121.58786,28.02659,28.89239,29.77872,34.89016
5168.97950,-1.04601,-0.71876,121.49369,28.06236,28.85443,29.74952,34.82738
5168.98950,-1.05112,-0.71217,121.48488,28.04017,28.90761,29.75318,34.78392
5168.99950,-1.05568,-0.71076,121.49486,28.02659,28.93339,29.75872,34.77616
5169.00950,-1.06502,-0.68912,121.39540,28.06039,28.96818,29.65142,34.71541
5169.01950,-1.08168,-0.66794,121.33986,28.09902,29.01620,29.53972,34.68492
5169.02950,-1.09291,-0.67018,121.41786,28.10459,29.03539,29.53972,34.73816
5169.03950,-1.09163,-0.66202,121.44323,28.12801,29.06740,29.53191,34.71591
5169.04950,-1.08989,-0.65084,121.47799,28.16009,29.11125,29.52122,34.68543
5169.05950,-1.08965,-0.64927,121.48286,28.16459,29.11739,29.51972,34.68116
5169.06950,-1.07844,-0.63211,121.45281,28.22383,29.13542,29.47765,34.61591
5169.07950,-1.06746,-0.60009,121.37086,28.33259,29.15839,29.36072,34.51916
5169.08950,-1.07344,-0.59289,121.34238,28.33259,29.18324,29.33042,34.49613
5169.09950,-1.07733,-0.58820,121.32386,28.33259,29.19939,29.31072,34.48116
5169.10950,-1.08772,-0.59283,121.34359,28.30077,29.21590,29.32280,34.50411
5169.11950,-1.09872,-0.60364,121.40167,28.25516,29.23149,29.36516,34.54986
5169.12950,-1.07793,-0.62225,121.53786,28.26259,29.18939,29.48072,34.60516
5169.13950,-1.07151,-0.61659,121.55840,28.29440,29.19745,29.47669,34.58986
5169.14950,-1.05953,-0.60924,121.58205,28.34002,29.20223,29.47596,34.56384
5169.15950,-1.04790,-0.61412,121.54986,28.33259,29.16839,29.50072,34.54816
5169.16950,-1.04974,-0.60869,121.46803,28.32769,29.16349,29.46152,34.51533
5169.17950,-1.05166,-0.60304,121.38286,28.32259,29.15839,29.42072,34.48116
5169.18950,-1.05166,-0.60304,121.38286,28.32259,29.15839,29.42072,34.48116
5169.19950,-1.02537,-0.60155,121.35074,28.32989,29.14379,29.47182,34.40524
5169.20950,-1.01850,-0.57770,121.26221,28.37566,29.18292,29.40312,34.30051
5169.21950,-1.01956,-0.56908,121.23386,28.39159,29.19939,29.37072,34.27216
5169.22950,-1.01622,-0.55774,121.16071,28.40860,29.20790,29.32819,34.21602
5169.23950,-1.00698,-0.55930,121.09704,28.39436,29.18355,29.33795,34.18118
5169.24950,-1.00558,-0.55988,121.08886,28.39159,29.17939,29.34072,34.17716
5169.25950,-1.00564,-0.55027,121.29686,28.48059,29.24039,29.35072,34.22516
5169.26950,-1.00517,-0.55812,121.38470,28.47699,29.24399,29.39752,34.26620
5169.27950,-1.00096,-0.58021,121.67802,28.48463,29.25795,29.54156,34.39388
5169.28950,-0.99498,-0.59467,121.92186,28.50959,29.27139,29.64972,34.49116
5169.29950,-0.98613,-0.59595,121.98954,28.52759,29.27859,29.68896,34.49440
5169.30950,-0.97083,-0.60525,122.10482,28.54159,29.26943,29.77312,34.52068
5169.31950,-0.97158,-0.61772,122.09586,28.50959,29.23039,29.79872,34.55716
5169.32950,-0.96657,-0.61412,122.10223,28.52184,29.24044,29.80362,34.53633
5169.33950,-0.95305,-0.60439,122.11945,28.55495,29.26759,29.81687,34.48004
5169.34950,-0.94872,-0.59679,122.07427,28.55694,29.28488,29.80550,34.42695
5169.35950,-0.94035,-0.58275,121.90754,28.53999,29.29791,29.76632,34.30332
5169.36950,-0.93599,-0.59201,121.81221,28.51332,29.22991,29.75965,34.30932
5169.37950,-0.92986,-0.59190,121.83772,28.53840,29.21749,29.76401,34.31783
5169.38950,-0.91454,-0.58801,121.94586,28.61859,29.20939,29.77872,34.33916
5169.39950,-0.91454,-0.58801,121.94586,28.61859,29.20939,29.77872,34.33916
5169.40950,-0.93900,-0.59200,122.12375,28.61594,29.27498,29.79757,34.43525
5169.41950,-0.97231,-0.58575,122.18186,28.60859,29.34339,29.73872,34.49116
5169.42950,-0.97231,-0.58575,122.18186,28.60859,29.34339,29.73872,34.49116
5169.43950,-0.98710,-0.55358,121.87834,28.61180,29.36820,29.54893,34.34941
5169.44950,-1.00197,-0.54336,121.97986,28.64759,29.43539,29.51972,34.37716
5169.45950,-1.00197,-0.54336,121.97986,28.64759,29.43539,29.51972,34.37716
5169.46950,-1.03746,-0.50544,122.08486,28.72659,29.60939,29.39072,34.35816
5169.47950,-1.03608,-0.49256,122.04646,28.76235,29.62427,29.34056,34.31928
5169.48950,-1.03883,-0.44478,121.88708,28.88961,29.67615,29.12968,34.19165
5169.49950,-1.06169,-0.42260,121.76586,28.93459,29.69139,28.96272,34.17716
5169.50950,-1.06517,-0.41573,121.68536,28.92999,29.69392,28.91925,34.14220
5169.51950,-1.08058,-0.39631,121.40482,28.88745,29.70469,28.78522,34.02746
5169.52950,-1.09300,-0.40858,121.36786,28.79659,29.71239,28.82372,34.03516
5169.53950,-1.09300,-0.40858,121.36786,28.79659,29.71239,28.82372,34.03516
5169.54950,-1.09688,-0.41355,121.29851,28.79659,29.65253,28.77992,34.06947
5169.55950,-1.09832,-0.41539,121.27286,28.79659,29.63039,28.76372,34.08216
5169.56950,-1.09404,-0.43116,121.33822,28.77079,29.60373,28.83252,34.13118
5169.57950,-1.08976,-0.44465,121.54322,28.78379,29.61745,28.92886,34.21312
5169.58950,-1.08918,-0.44643,121.57486,28.78659,29.62039,28.94272,34.22516
5169.59950,-1.05751,-0.44963,121.61707,28.81559,29.59456,29.02272,34.18421
5169.60950,-1.06126,-0.46069,121.63922,28.81559,29.54624,29.02272,34.25468
5169.61950,-1.06088,-0.46404,121.65770,28.82543,29.52739,29.02272,34.28216
5169.62950,-1.06777,-0.48829,121.41135,28.65927,29.44621,29.05242,34.25345
5169.63950,-1.06784,-0.48854,121.40886,28.65759,29.44539,29.05272,34.25316
5169.64950,-1.02342,-0.49849,121.49512,28.71640,29.37482,29.15956,34.24434
5169.65950,-1.02451,-0.52046,121.49621,28.61436,29.36033,29.25907,34.26245
5169.66950,-1.02556,-0.53201,121.49586,28.55959,29.35339,29.31072,34.27216
5169.67950,-1.02012,-0.53295,121.51464,28.57392,29.34301,29.32061,34.27710
5169.68950,-1.01292,-0.53457,121.52995,28.58589,29.32970,29.33611,34.27825
5169.69950,-1.00250,-0.53882,121.50486,28.56859,29.31239,29.37072,34.25316
5169.70950,-0.99759,-0.54231,121.51021,28.56351,29.30143,29.39212,34.25316
5169.71950,-0.98416,-0.55186,121.52486,28.54959,29.27139,29.45072,34.25316
5169.72950,-0.98616,-0.56989,121.58888,28.49222,29.26308,29.53303,34.30055
5169.73950,-0.97190,-0.57864,121.66873,28.49702,29.24949,29.60639,34.31583
5169.74950,-0.96071,-0.58254,121.71986,28.50959,29.24039,29.64972,34.32016
5169.75950,-0.94717,-0.59441,121.67672,28.49383,29.17237,29.68290,34.32763
5169.76950,-0.94439,-0.59685,121.66786,28.49059,29.15839,29.68972,34.32916
5169.77950,-0.93437,-0.60097,121.69044,28.49059,29.14710,29.72867,34.32408
5169.78950,-0.95035,-0.61800,121.67136,28.41954,29.11819,29.74568,34.38795
5169.79950,-0.96302,-0.62541,121.65186,28.38159,29.10739,29.73872,34.42416
5169.80950,-0.94641,-0.62944,121.65685,28.43064,29.03921,29.73872,34.44827
5169.81950,-0.93745,-0.63702,121.68095,28.39914,29.04166,29.80693,34.43322
5169.82950,-0.93239,-0.64314,121.70186,28.36159,29.05639,29.86872,34.41516
5169.83950,-0.89666,-0.62943,121.61206,28.46053,28.98821,29.82715,34.33617
5169.84950,-0.88941,-0.62665,121.59386,28.48059,28.97439,29.81872,34.32016
5169.85950,-0.91246,-0.63069,121.56023,28.42689,28.99066,29.79160,34.35108
5169.86950,-0.90765,-0.62816,121.54062,28.43196,28.98979,29.79062,34.32825
5169.87950,-0.89868,-0.62597,121.54386,28.45059,28.98439,29.79872,34.31016
5169.88950,-0.89138,-0.61292,121.43187,28.46718,28.98439,29.74895,34.23135
5169.89950,-0.88988,-0.61023,121.40886,28.47059,28.98439,29.73872,34.21516
5169.90950,-0.89814,-0.61712,121.45719,28.45217,28.98900,29.75713,34.25889
5169.91950,-0.90763,-0.62503,121.51275,28.43101,28.99429,29.77830,34.30915
5169.92950,-0.90062,-0.61361,121.59486,28.49959,29.02539,29.76872,34.30116
5169.93950,-0.90256,-0.61216,121.59799,28.50363,29.03054,29.76074,34.30308
5169.94950,-0.91879,-0.59759,121.59242,28.53739,29.07188,29.67872,34.30443
5169.95950,-0.91068,-0.58370,121.32186,28.51959,29.03539,29.58972,34.17716
5169.96950,-0.91047,-0.58286,121.32445,28.52394,29.03672,29.58719,34.17659
5169.97950,-0.90734,-0.57045,121.36286,28.58859,29.05639,29.54972,34.16816
5169.98950,-0.90300,-0.56777,121.35100,28.59290,29.06071,29.55188,34.14551
5169.99950,-0.88162,-0.56533,121.31266,28.60259,29.04579,29.58372,34.08056
5170.00950,-0.87789,-0.57020,121.31586,28.59859,29.02539,29.59972,34.09216
5170.01950,-0.89027,-0.56530,121.35066,28.61659,29.04999,29.56372,34.12036
5170.02950,-0.88651,-0.55441,121.46506,28.68199,29.09699,29.56372,34.12236
5170.03950,-0.87851,-0.54933,121.52586,28.71759,29.11739,29.57972,34.11116
5170.04950,-0.88342,-0.54329,121.63769,28.76557,29.15481,29.57159,34.14573
5170.05950,-0.89057,-0.53451,121.80086,28.83559,29.20939,29.55972,34.19616
5170.06950,-0.89352,-0.54874,121.75063,28.76973,29.17535,29.59321,34.21235
5170.07950,-0.90758,-0.54602,121.74453,28.75783,29.19890,29.56265,34.22516
5170.08950,-0.92440,-0.52594,121.79286,28.81559,29.27139,29.48072,34.22516
5170.09950,-0.95366,-0.50801,121.68486,28.81079,29.32035,29.35160,34.20212
5170.10950,-1.00263,-0.47652,121.68834,28.84351,29.45739,29.18292,34.20452
5170.11950,-1.02124,-0.46350,121.81886,28.88459,29.54839,29.15172,34.23416
5170.12950,-1.05274,-0.45647,121.87946,28.87691,29.62272,29.09961,34.28021
5170.13950,-1.09915,-0.44611,121.96886,28.86559,29.73239,29.02272,34.34816
5170.14950,-1.08957,-0.44498,122.12123,28.87619,29.80104,29.11146,34.33253
5170.15950,-1.07194,-0.43503,122.17492,28.88116,29.87517,29.18172,34.23686
5170.16950,-1.05570,-0.42040,122.06694,28.87564,29.90707,29.18172,34.10250
5170.17950,-1.02943,-0.40454,121.97935,28.94703,29.87837,29.14265,34.01130
5170.18950,-1.00875,-0.39208,121.91086,29.00359,29.85539,29.11172,33.94016
5170.19950,-1.00676,-0.38612,121.84416,29.01214,29.84649,29.07697,33.90856
5170.20950,-0.97213,-0.33659,121.47030,29.15243,29.78951,28.85560,33.67276
5170.21950,-0.94482,-0.31352,121.40686,29.26059,29.77339,28.79372,33.57916
5170.22950,-0.94664,-0.30617,121.33726,29.26059,29.77867,28.75532,33.54268
5170.23950,-0.92770,-0.29821,121.21866,29.28891,29.73495,28.72332,33.47148
5170.24950,-0.90502,-0.29823,121.17186,29.31959,29.68139,28.73372,33.43716
5170.25950,-0.89958,-0.29968,121.20107,29.32608,29.68139,28.75644,33.43716
5170.26950,-0.88850,-0.30265,121.26067,29.33932,29.68139,28.80279,33.43716
5170.27950,-0.87907,-0.31053,121.29580,29.33605,29.65983,28.84933,33.45059
5170.28950,-0.86146,-0.32832,121.39612,29.32547,29.62451,28.95741,33.48874
5170.29950,-0.85928,-0.33800,121.50241,29.31404,29.63594,29.02598,33.52645
5170.30950,-0.85843,-0.34177,121.54386,29.30959,29.64039,29.05272,33.54116
5170.31950,-0.83657,-0.32862,121.61748,29.37199,29.68386,29.08708,33.47455
5170.32950,-0.82260,-0.32774,121.68110,29.43449,29.65697,29.09439,33.49525
5170.33950,-0.82091,-0.32946,121.69286,29.44759,29.64039,29.09172,33.51316
5170.34950,-0.80909,-0.35102,121.53634,29.36245,29.53461,29.13472,33.50456
5170.35950,-0.80717,-0.35453,121.51086,29.34859,29.51739,29.14172,33.50316
5170.36950,-0.83992,-0.38084,121.62456,29.24273,29.53798,29.21033,33.63353
5170.37950,-0.81441,-0.40510,121.71892,29.25049,29.44633,29.31962,33.70248
5170.38950,-0.81414,-0.40534,121.71986,29.25059,29.44539,29.32072,33.70316
5170.39950,-0.81647,-0.45474,121.89806,29.13278,29.38500,29.51773,33.86255
5170.40950,-0.81871,-0.49992,122.01886,29.04259,29.29139,29.65972,34.02516
5170.41950,-0.81901,-0.50098,122.03474,29.04321,29.29271,29.66591,34.03291
5170.42950,-0.82166,-0.51057,122.17905,29.04889,29.30464,29.72216,34.10336
5170.43950,-0.82592,-0.52136,122.25716,29.03389,29.29909,29.76272,34.16146
5170.44950,-0.85187,-0.56455,122.13424,28.86054,29.18242,29.80377,34.28751
5170.45950,-0.87969,-0.58240,122.29786,28.81559,29.20939,29.84872,34.42416
5170.46950,-0.87970,-0.58282,122.29500,28.81419,29.20719,29.84872,34.42489
5170.47950,-0.87977,-0.58661,122.26900,28.80153,29.18719,29.84872,34.43156
5170.48950,-0.89867,-0.62080,122.08471,28.65983,29.05838,29.84872,34.51779
5170.49950,-0.89953,-0.62208,122.08194,28.65287,29.05719,29.85192,34.51996
5170.50950,-0.90414,-0.62824,122.08261,28.61353,29.06386,29.87859,34.52663
5170.51950,-0.90589,-0.63058,122.08286,28.59859,29.06639,29.88872,34.52916
5170.52950,-0.89702,-0.64811,122.07197,28.53028,29.03570,29.97683,34.52916
5170.53950,-0.88802,-0.64774,121.89564,28.49989,28.98490,29.94802,34.46283
5170.54950,-0.88793,-0.64774,121.89386,28.49959,28.98439,29.94772,34.46216
5170.55950,-0.87334,-0.64176,121.99187,28.56790,28.99429,29.96752,34.46216
5170.56950,-0.86942,-0.64498,122.17700,28.63789,28.99439,29.99742,34.54730
5170.57950,-0.86938,-0.64501,122.17886,28.63859,28.99439,29.99772,34.54816
5170.58950,-0.85831,-0.64515,122.03135,28.62869,28.93400,29.96802,34.50064
5170.59950,-0.85820,-0.64515,122.02986,28.62859,28.93339,29.96772,34.50016
5170.60950,-0.86434,-0.64101,122.00108,28.60525,28.96528,29.95994,34.47060
5170.61950,-0.87570,-0.64046,121.64593,28.50184,28.90403,29.86097,34.37909
5170.62950,-0.87592,-0.64048,121.63786,28.49959,28.90239,29.85872,34.37716
5170.63950,-0.87332,-0.62680,121.59539,28.52572,28.92918,29.81952,34.32097
5170.64950,-0.87194,-0.61954,121.57286,28.53959,28.94339,29.79872,34.29116
5170.65950,-0.88137,-0.62747,121.50902,28.49687,28.91363,29.78432,34.31420
5170.66950,-0.89226,-0.62668,121.37458,28.46979,28.88139,29.71640,34.30700
5170.67950,-0.89297,-0.61649,121.30386,28.49059,28.88139,29.65972,34.27216
5170.68950,-0.90378,-0.61474,121.34706,28.49059,28.91115,29.65012,34.29520
5170.69950,-0.90860,-0.61712,121.50186,28.50931,28.95299,29.69204,34.34752
5170.70950,-0.90116,-0.62174,121.61886,28.52959,28.96339,29.74872,34.37716
5170.71950,-0.92526,-0.62080,121.63746,28.50019,29.00659,29.71932,34.41136
5170.72950,-0.93627,-0.62731,121.77468,28.49612,29.04075,29.75811,34.47970
5170.73950,-0.93189,-0.63349,121.88286,28.50959,29.04539,29.80872,34.51916
5170.74950,-0.95115,-0.62507,121.84443,28.46750,29.11432,29.77822,34.48439
5170.75950,-0.96347,-0.61968,121.81986,28.44059,29.15839,29.75872,34.46216
5170.76950,-0.94692,-0.61174,121.95966,28.50599,29.20159,29.80672,34.44536
5170.77950,-0.93443,-0.60474,121.96886,28.54959,29.19979,29.80272,34.41676
5170.78950,-0.93344,-0.60359,121.91286,28.54959,29.17939,29.77872,34.40516
5170.79950,-0.94008,-0.58583,121.83906,28.56699,29.22199,29.70732,34.34276
5170.80950,-0.94987,-0.57087,121.82138,28.57859,29.28191,29.65972,34.30116
5170.81950,-0.96124,-0.57073,121.79934,28.54839,29.30239,29.64740,34.30116
5170.82950,-0.96718,-0.57743,121.77887,28.51831,29.28699,29.65099,34.32258
5170.83950,-0.96882,-0.58634,121.78857,28.50013,29.26214,29.66917,34.35712
5170.84950,-0.96860,-0.57658,121.78726,28.51959,29.29419,29.64972,34.32376
5170.85950,-0.96859,-0.56505,121.78756,28.53863,29.33689,29.63083,34.28121
5170.86950,-0.97072,-0.58365,121.80186,28.48059,29.30239,29.68972,34.32916
5170.87950,-0.95987,-0.58102,121.83014,28.51250,29.29795,29.70184,34.31785
5170.88950,-0.94387,-0.57714,121.87186,28.55959,29.29139,29.71972,34.30116
5170.89950,-0.93419,-0.59687,122.18768,28.56450,29.33067,29.89317,34.39934
5170.90950,-0.91214,-0.61694,122.80200,28.64429,29.43386,30.16980,34.55405
5170.91950,-0.89151,-0.62239,123.32286,28.75659,29.53839,30.36572,34.66216
5170.92950,-0.90433,-0.60465,123.23900,28.76210,29.58915,30.28351,34.60423
5170.93950,-0.90621,-0.58575,123.12011,28.76659,29.63039,30.21672,34.50641
5170.94950,-0.91752,-0.57837,122.92409,28.73018,29.61362,30.12713,34.45316
5170.95950,-0.94600,-0.57739,122.57660,28.63699,29.54715,29.97331,34.41915
5170.96950,-0.94413,-0.58352,122.28232,28.55242,29.45915,29.92245,34.34829
5170.97950,-0.94362,-0.58518,122.20286,28.52959,29.43539,29.90872,34.32916
5170.98950,-0.88069,-0.58421,121.75012,28.45149,29.30392,29.94727,34.04744
5170.99950,-0.83857,-0.61377,121.71086,28.42059,29.15839,30.07772,34.05416
5171.00950,-0.83857,-0.61377,121.71086,28.42059,29.15839,30.07772,34.05416
5171.01950,-0.83679,-0.60696,121.76286,28.43059,29.20939,30.09772,34.02516
5171.02950,-0.83214,-0.61150,121.79575,28.42636,29.20495,30.13083,34.03360
5171.03950,-0.81251,-0.63625,121.95801,28.39112,29.18456,30.29939,34.08294
5171.04950,-0.80122,-0.66598,122.11586,28.32259,29.16839,30.47572,34.14916
5171.05950,-0.79321,-0.68370,122.10398,28.27791,29.11255,30.53726,34.17625
5171.06950,-0.77484,-0.75478,122.08252,28.07458,28.92520,30.78204,34.30070
5171.07950,-0.79528,-0.79426,122.12886,27.90759,28.90239,30.91372,34.40516
5171.08950,-0.80116,-0.80954,122.11914,27.85071,28.87287,30.94936,34.44620
5171.09950,-0.81160,-0.83672,122.10186,27.74959,28.82039,31.01272,34.51916
5171.10950,-0.81160,-0.83672,122.10186,27.74959,28.82039,31.01272,34.51916
5171.11950,-0.85232,-0.85106,121.71290,27.66250,28.65073,30.79815,34.60153
5171.12950,-0.88371,-0.84772,121.59386,27.64059,28.63539,30.67472,34.64316
5171.13950,-0.88371,-0.84772,121.59386,27.64059,28.63539,30.67472,34.64316
5171.14950,-0.90209,-0.83654,121.56438,27.67197,28.65000,30.57762,34.66479
5171.15950,-0.91501,-0.83664,121.52886,27.71059,28.59439,30.48572,34.73816
5171.16950,-0.92244,-0.83461,121.54763,27.71059,28.61388,30.47384,34.74933
5171.17950,-0.94628,-0.82812,121.60786,27.71059,28.67639,30.43572,34.78516
5171.18950,-0.94469,-0.82854,121.62507,27.71059,28.68218,30.44842,34.78389
5171.19950,-0.93778,-0.83033,121.69992,27.71059,28.70733,30.50363,34.77837
5171.20950,-0.95679,-0.82559,122.10486,27.77959,28.85139,30.57472,34.89916
5171.21950,-0.95637,-0.82620,122.11343,27.78128,28.85041,30.57829,34.90345
5171.22950,-0.95222,-0.83229,122.19915,27.79825,28.84059,30.61401,34.94630
5171.23950,-0.92204,-0.83944,122.48086,27.83859,28.89239,30.79372,34.95616
5171.24950,-0.92331,-0.83766,122.49999,27.84724,28.90216,30.79062,34.95997
5171.25950,-0.93601,-0.81991,122.69126,27.93375,28.99977,30.75967,34.99806
5171.26950,-0.93804,-0.81708,122.72186,27.94759,29.01539,30.75472,35.00416
5171.27950,-0.91491,-0.80777,122.46216,27.94759,28.94483,30.69592,34.87382
5171.28950,-0.95597,-0.79675,122.39708,27.93779,28.98357,30.55850,34.91722
5171.29950,-0.95681,-0.79653,122.39586,27.93759,28.98439,30.55572,34.91816
5171.30950,-0.96904,-0.78277,122.14016,27.88579,28.99095,30.45082,34.81260
5171.31950,-0.98403,-0.77330,121.83244,27.79743,28.98665,30.35004,34.69832
5171.32950,-0.98653,-0.77265,121.78186,27.77959,28.98439,30.33672,34.68116
5171.33950,-0.98524,-0.78612,121.61195,27.70863,28.90432,30.33021,34.66879
5171.34950,-0.98455,-0.79335,121.52086,27.67059,28.86139,30.32672,34.66216
5171.35950,-0.98389,-0.79865,121.53747,27.67059,28.84087,30.33649,34.68952
5171.36950,-0.98447,-0.79791,121.83363,27.74033,28.91279,30.40647,34.77403
5171.37950,-0.98455,-0.79779,121.87286,27.74959,28.92239,30.41572,34.78516
5171.38950,-0.99857,-0.79650,122.00982,27.75820,28.98441,30.43295,34.83426
5171.39950,-0.99906,-0.80206,122.10820,27.76419,28.99439,30.47251,34.87711
5171.40950,-0.99701,-0.80876,122.19697,27.76953,28.99439,30.51529,34.91775
5171.41950,-1.00924,-0.80607,122.34949,27.77713,29.07210,30.54590,34.95437
5171.42950,-1.01322,-0.80517,122.39886,27.77959,29.09739,30.55572,34.96616
5171.43950,-1.00213,-0.81356,122.30250,27.75769,29.02950,30.56302,34.95229
5171.44950,-0.98698,-0.82684,122.35300,27.73499,29.00439,30.65259,34.96103
5171.45950,-0.98291,-0.83060,122.38486,27.72959,29.00439,30.68472,34.96616
5171.46950,-1.00127,-0.83069,122.34163,27.69369,29.01978,30.64809,34.98008
5171.47950,-1.02618,-0.83416,122.22074,27.65869,28.98013,30.55515,35.02677
5171.48950,-1.03291,-0.83543,122.18186,27.65059,28.96339,30.52572,35.04216
5171.49950,-1.03054,-0.82873,122.15226,27.68759,28.94859,30.48132,35.03476
5171.50950,-1.02971,-0.82637,122.14186,27.70059,28.94339,30.46572,35.03216
5171.51950,-1.02971,-0.82637,122.14186,27.70059,28.94339,30.46572,35.03216
5171.52950,-1.03381,-0.83467,121.95491,27.62444,28.88843,30.44129,35.00075
5171.53950,-1.02565,-0.83622,121.97086,27.65059,28.86139,30.44572,35.01316
5171.54950,-1.03144,-0.84230,121.85938,27.60221,28.82563,30.42469,35.00685
5171.55950,-1.05052,-0.85339,121.91003,27.58159,28.81039,30.41572,35.10233
5171.56950,-1.05904,-0.87035,122.04857,27.55911,28.80620,30.48010,35.20316
5171.57950,-1.05715,-0.89770,122.16903,27.46830,28.80610,30.63352,35.26111
5171.58950,-1.06477,-0.90662,122.20686,27.43359,28.81039,30.66472,35.29816
5171.59950,-1.06637,-0.92437,122.20626,27.35679,28.79179,30.73672,35.32096
5171.60950,-1.08838,-0.96287,122.18126,27.14539,28.78539,30.87412,35.37636
5171.61950,-1.10235,-0.98065,122.16486,27.03859,28.78939,30.93372,35.40316
5171.62950,-1.09946,-0.98661,122.17010,27.01449,28.78398,30.96847,35.40316
5171.63950,-1.08308,-1.02588,122.19922,26.85259,28.74870,31.19042,35.40752
5171.64950,-1.08021,-1.03771,122.20386,26.80159,28.73839,31.25172,35.41216
5171.65950,-1.08357,-1.04286,122.27540,26.79669,28.74819,31.28112,35.44940
5171.66950,-1.08706,-1.04821,122.34986,26.79159,28.75839,31.31172,35.48816
5171.67950,-1.08853,-1.04479,122.30360,26.79159,28.75578,31.28558,35.47065
5171.68950,-1.08707,-1.03399,122.09544,26.80573,28.70491,31.17672,35.40808
5171.69950,-1.07674,-1.03199,121.95386,26.83159,28.62539,31.11272,35.38416
5171.70950,-1.07842,-1.02436,121.89553,26.83625,28.63496,31.07562,35.34869
5171.71950,-1.08321,-1.00254,121.72886,26.84959,28.66229,30.96962,35.24736
5171.72950,-1.13069,-0.97589,121.47686,26.83159,28.70739,30.73472,35.20316
5171.73950,-1.13252,-0.97340,121.51152,26.84097,28.72712,30.73663,35.20680
5171.74950,-1.13759,-0.96649,121.60780,26.86703,28.78190,30.74195,35.21690
5171.75950,-1.14022,-0.96291,121.65786,26.88059,28.81039,30.74472,35.22216
5171.76950,-1.13690,-0.95209,121.61372,26.92969,28.79881,30.68403,35.20119
5171.77950,-1.12758,-0.93914,121.73036,27.01778,28.83331,30.67742,35.20185
5171.78950,-1.12335,-0.93649,121.82786,27.04859,28.86139,30.70472,35.21316
5171.79950,-1.12161,-0.93218,122.00262,27.10684,28.90637,30.73421,35.25519
5171.80950,-1.11416,-0.90663,122.05180,27.22770,28.94488,30.65766,35.22155
5171.81950,-1.11158,-0.89754,122.04686,27.26559,28.95339,30.62472,35.20316
5171.82950,-1.11739,-0.90602,122.08299,27.22946,28.96077,30.66159,35.23118
5171.83950,-1.12255,-0.91097,122.08577,27.20990,28.95508,30.66790,35.25289
5171.84950,-1.13544,-0.91903,122.04372,27.18206,28.92042,30.63949,35.30175
5171.85950,-1.15864,-0.89217,122.07786,27.21659,29.04539,30.55572,35.26016
5171.86950,-1.15864,-0.89217,122.07786,27.21659,29.04539,30.55572,35.26016
5171.87950,-1.17319,-0.89222,122.05886,27.17659,29.07639,30.54572,35.26016
5171.88950,-1.17444,-0.89236,122.02130,27.17140,29.06352,30.52962,35.25676
5171.89950,-1.18013,-0.89300,121.85057,27.14782,29.00498,30.45645,35.24131
5171.90950,-1.19387,-0.88547,121.73986,27.14759,28.99439,30.36572,35.23216
5171.91950,-1.19387,-0.88547,121.73986,27.14759,28.99439,30.36572,35.23216
5171.92950,-1.19862,-0.87155,121.72623,27.22223,28.98777,30.27127,35.24495
5171.93950,-1.20980,-0.86411,121.62286,27.18659,29.01539,30.22672,35.19416
5171.94950,-1.21278,-0.86284,121.61761,27.18877,29.01758,30.21368,35.19758
5171.95950,-1.23991,-0.85125,121.56993,27.20864,29.03745,30.09514,35.22871
5171.96950,-1.25077,-0.84661,121.55086,27.21659,29.04539,30.04772,35.24116
5171.97950,-1.27789,-0.85662,121.57726,27.16285,29.05799,30.03772,35.31870
5171.98950,-1.29208,-0.86112,121.56131,27.11551,29.07395,30.03772,35.33413
5171.99950,-1.30315,-0.86464,121.54886,27.07859,29.08639,30.03772,35.34616
5172.00950,-1.30447,-0.87083,121.55670,27.06879,29.06679,30.04752,35.37360
5172.01950,-1.33366,-0.89498,121.71029,26.95079,29.12678,30.15562,35.47711
5172.02950,-1.33396,-0.89523,121.71186,26.94959,29.12739,30.15672,35.47816
5172.03950,-1.34102,-0.90268,121.67266,26.91137,29.10779,30.15672,35.49678
5172.04950,-1.34116,-0.90283,121.67186,26.91059,29.10739,30.15672,35.49716
5172.05950,-1.34623,-0.89460,121.59215,26.88445,29.14071,30.13124,35.43575
5172.06950,-1.35870,-0.88670,121.52586,26.87059,29.16614,30.07901,35.41013
5172.07950,-1.36156,-0.88568,121.51886,26.87059,29.16839,30.06772,35.41216
5172.08950,-1.36344,-0.86649,121.63995,26.92202,29.27516,30.06772,35.37505
5172.09950,-1.37723,-0.85328,121.82339,26.94959,29.40292,30.08731,35.38357
5172.10950,-1.35806,-0.84288,121.92877,27.05249,29.40439,30.08772,35.38416
5172.11950,-1.34671,-0.82624,121.95707,27.14002,29.41896,30.04542,35.35267
5172.12950,-1.34563,-0.81371,121.92686,27.17659,29.43539,29.99772,35.31716
5172.13950,-1.34000,-0.79583,121.89302,27.22782,29.46406,29.94649,35.25465
5172.14950,-1.33185,-0.76668,121.72899,27.28018,29.49099,29.84010,35.11771
5172.15950,-1.33032,-0.75904,121.62186,27.27559,29.48639,29.79872,35.06116
5172.16950,-1.31351,-0.75034,121.54686,27.30559,29.46779,29.78072,34.99276
5172.17950,-1.30229,-0.74453,121.49686,27.32559,29.45539,29.76872,34.94716
5172.18950,-1.30833,-0.74810,121.33827,27.28363,29.40421,29.71921,34.93122
5172.19950,-1.30144,-0.75621,121.33107,27.28924,29.35208,29.72951,34.96024
5172.20950,-1.29770,-0.75967,121.34186,27.29559,29.33239,29.73872,34.97516
5172.21950,-1.31620,-0.75531,121.43806,27.30299,29.39307,29.72466,35.01734
5172.22950,-1.31750,-0.75908,121.48564,27.29108,29.40714,29.75527,35.03216
5172.23950,-1.31554,-0.76108,121.49086,27.28559,29.40439,29.76872,35.03216
5172.24950,-1.31554,-0.76108,121.49086,27.28559,29.40439,29.76872,35.03216
5172.25950,-1.30348,-0.74910,121.50186,27.35459,29.40439,29.73872,35.00416
5172.26950,-1.29075,-0.74526,121.48034,27.38018,29.38918,29.73872,34.97226
5172.27950,-1.26093,-0.73928,121.45896,27.47734,29.31387,29.71517,34.95259
5172.28950,-1.25553,-0.73963,121.46886,27.51259,29.28139,29.69972,34.97516
5172.29950,-1.27887,-0.73258,121.40526,27.47719,29.32459,29.63972,34.96376
5172.30950,-1.30688,-0.74006,121.36166,27.39419,29.34739,29.62372,34.99636
5172.31950,-1.31516,-0.74818,121.36086,27.35459,29.34339,29.63972,35.02316
5172.32950,-1.32189,-0.74516,121.31706,27.35021,29.34339,29.60468,35.01878
5172.33950,-1.33053,-0.74128,121.26086,27.34459,29.34339,29.55972,35.01316
5172.34950,-1.33178,-0.74679,121.23345,27.34459,29.30126,29.54336,35.04425
5172.35950,-1.34233,-0.75025,121.18666,27.33547,29.27015,29.50100,35.08004
5172.36950,-1.35180,-0.74535,121.17886,27.32559,29.30239,29.48072,35.07016
5172.37950,-1.36231,-0.74484,121.05910,27.30658,29.26818,29.41419,35.07016
5172.38950,-1.38142,-0.74164,120.94108,27.29429,29.24229,29.31780,35.08670
5172.39950,-1.39732,-0.73604,120.97132,27.31281,29.26760,29.26903,35.12188
5172.40950,-1.40091,-0.72676,120.94674,27.35523,29.26290,29.20509,35.12352
5172.41950,-1.40268,-0.71433,120.90386,27.41359,29.25039,29.12172,35.11816
5172.42950,-1.40268,-0.71433,120.90386,27.41359,29.25039,29.12172,35.11816
5172.43950,-1.41871,-0.71238,121.00020,27.43665,29.28283,29.09891,35.18181
5172.44950,-1.42758,-0.69884,121.05486,27.47359,29.34339,29.06272,35.17516
5172.45950,-1.42594,-0.71037,121.25261,27.48724,29.36124,29.14602,35.25811
5172.46950,-1.42039,-0.73543,121.81376,27.53674,29.44094,29.37422,35.46186
5172.47950,-1.41575,-0.74236,122.17386,27.58159,29.52739,29.51072,35.55416
5172.48950,-1.41575,-0.74236,122.17386,27.58159,29.52739,29.51072,35.55416
5172.49950,-1.42795,-0.74433,122.47768,27.65686,29.58358,29.54290,35.69434
5172.50950,-1.43807,-0.74596,122.73086,27.71959,29.63039,29.56972,35.81116
5172.51950,-1.45360,-0.73382,122.69704,27.72563,29.67388,29.50389,35.79365
5172.52950,-1.45922,-0.68824,122.57230,27.81261,29.77356,29.34281,35.64332
5172.53950,-1.45724,-0.67193,122.52786,27.84859,29.80439,29.29172,35.58316
5172.54950,-1.45261,-0.66216,122.24843,27.82905,29.74480,29.19402,35.48057
5172.55950,-1.45569,-0.63935,122.04886,27.84859,29.75339,29.07272,35.37416
5172.56950,-1.45730,-0.63606,122.00306,27.84459,29.75339,29.05082,35.35426
5172.57950,-1.46952,-0.60638,121.57025,27.80162,29.75026,28.85766,35.16072
5172.58950,-1.44865,-0.60696,121.38686,27.73959,29.72239,28.89272,35.03216
5172.59950,-1.44865,-0.60696,121.38686,27.73959,29.72239,28.89272,35.03216
5172.60950,-1.44592,-0.60546,121.61543,27.77768,29.80049,28.96891,35.06835
5172.61950,-1.44579,-0.60539,121.62686,27.77959,29.80439,28.97272,35.07016
5172.62950,-1.47343,-0.58854,121.52002,27.79821,29.82498,28.82667,35.07016
5172.63950,-1.46346,-0.59396,121.49905,27.77978,29.80461,28.86332,35.05135
5172.64950,-1.46335,-0.59402,121.49886,27.77959,29.80439,28.86372,35.05116
5172.65950,-1.47406,-0.58980,121.48011,27.77312,29.82444,28.83139,35.05116
5172.66950,-1.47086,-0.57695,121.59267,27.82947,29.88997,28.83646,35.03676
5172.67950,-1.46798,-0.57359,121.63186,27.84859,29.90739,28.84372,35.03216
5172.68950,-1.47150,-0.55503,121.82066,27.93656,30.00822,28.83383,35.04205
5172.69950,-1.47154,-0.55482,121.82286,27.93759,30.00939,28.83372,35.04216
5172.70950,-1.46691,-0.54782,121.69573,27.91447,30.00939,28.81061,34.96126
5172.71950,-1.47221,-0.52707,121.73800,27.96525,30.08953,28.76463,34.91859
5172.72950,-1.47237,-0.52663,121.73986,27.96659,30.09139,28.76372,34.91816
5172.73950,-1.47737,-0.51329,121.71351,28.02524,30.09139,28.67872,34.91816
5172.74950,-1.47826,-0.51094,121.70886,28.03559,30.09139,28.66372,34.91816
5172.75950,-1.49865,-0.50238,121.54812,27.96153,30.13431,28.60565,34.84663
5172.76950,-1.47750,-0.50501,121.61614,27.99715,30.11719,28.66108,34.84072
5172.77950,-1.47275,-0.50581,121.63486,28.00659,30.11239,28.67372,34.84216
5172.78950,-1.48659,-0.49816,121.48921,27.99530,30.09489,28.57832,34.82071
5172.79950,-1.51231,-0.51271,121.41751,27.88040,30.09798,28.58767,34.85144
5172.80950,-1.51540,-0.51692,121.42586,27.85859,30.10139,28.60472,34.86116
5172.81950,-1.52024,-0.52292,121.47041,27.84789,30.10139,28.62254,34.89859
5172.82950,-1.52898,-0.53374,121.55086,27.82859,30.10139,28.65472,34.96616
5172.83950,-1.54902,-0.55219,121.42080,27.73713,30.03259,28.62955,35.02154
5172.84950,-1.55784,-0.56252,121.37756,27.67933,30.01482,28.64256,35.04085
5172.85950,-1.56361,-0.57042,121.35629,27.63252,30.00950,28.66331,35.05096
5172.86950,-1.56286,-0.57343,121.35532,27.62614,29.99937,28.67134,35.05846
5172.87950,-1.55652,-0.60010,121.35819,27.57473,29.91018,28.74186,35.13142
5172.88950,-1.56227,-0.62514,121.41386,27.52259,29.85539,28.80372,35.23216
5172.89950,-1.55399,-0.62614,121.41961,27.52520,29.85017,28.82698,35.21726
5172.90950,-1.53061,-0.62896,121.43586,27.53259,29.83539,28.89272,35.17516
5172.91950,-1.53696,-0.63107,121.40722,27.51526,29.82797,28.87893,35.18506
5172.92950,-1.56663,-0.63901,121.27959,27.44718,29.79353,28.80463,35.23425
5172.93950,-1.59274,-0.64492,121.17086,27.39459,29.76339,28.73372,35.27916
5172.94950,-1.62931,-0.64736,121.23880,27.37075,29.80630,28.68664,35.37511
5172.95950,-1.65407,-0.64902,121.28486,27.35459,29.83539,28.65472,35.44016
5172.96950,-1.70110,-0.64505,121.38040,27.33058,29.92554,28.59103,35.53325
5172.97950,-1.78612,-0.64626,121.51986,27.24921,30.06625,28.49805,35.70635
5172.98950,-1.84480,-0.65492,121.58486,27.15759,30.14239,28.45472,35.83016
5172.99950,-1.87490,-0.65902,121.77911,27.14081,30.22882,28.47570,35.93379
5173.00950,-1.91597,-0.66461,122.04520,27.11782,30.34721,28.50443,36.07574
5173.01950,-2.00132,-0.68747,122.70986,26.99959,30.65539,28.68372,36.37116
5173.02950,-1.99368,-0.68547,122.80646,27.02462,30.68650,28.72418,36.37116
5173.03950,-1.97119,-0.67959,123.09186,27.09859,30.77839,28.84372,36.37116
5173.04950,-1.90716,-0.66656,122.85895,27.09859,30.73912,28.91954,36.10171
5173.05950,-1.81639,-0.63202,122.28910,27.10404,30.65064,28.91060,35.62383
5173.06950,-1.79208,-0.61658,122.04486,27.10759,30.61439,28.86372,35.45916
5173.07950,-1.72942,-0.57262,121.71087,27.20301,30.59567,28.79124,35.12094
5173.08950,-1.64111,-0.50623,121.43974,27.42740,30.59612,28.68978,34.72643
5173.09950,-1.61052,-0.48188,121.40586,27.53259,30.60439,28.65472,34.61416
5173.10950,-1.60127,-0.47058,121.41151,27.57404,30.62584,28.64182,34.56981
5173.11950,-1.55319,-0.41181,121.44086,27.78959,30.73739,28.57472,34.33916
5173.12950,-1.53469,-0.37543,121.38857,27.91836,30.77709,28.47354,34.21958
5173.13950,-1.50428,-0.32124,121.31814,28.12638,30.82337,28.31799,34.05040
5173.14950,-1.48811,-0.29792,121.29586,28.23359,30.82939,28.24572,33.98716
5173.15950,-1.48614,-0.26913,121.52034,28.38680,30.93897,28.20257,33.99201
5173.16950,-1.46612,-0.23015,122.05140,28.67864,31.11507,28.21445,34.04325
5173.17950,-1.44719,-0.22117,122.36186,28.81559,31.17839,28.27572,34.09216
5173.18950,-1.44182,-0.21950,122.51567,28.87010,31.20825,28.30817,34.12915
5173.19950,-1.43089,-0.21611,122.82958,28.98136,31.26917,28.37440,34.20465
5173.20950,-1.42857,-0.21361,122.86648,29.02869,31.25343,28.35089,34.23347
5173.21950,-1.42527,-0.21362,122.94784,29.09259,31.22939,28.33437,34.29149
5173.22950,-1.42461,-0.22067,123.02535,29.09259,31.22939,28.37243,34.33094
5173.23950,-1.42396,-0.22771,123.10286,29.09259,31.22939,28.41050,34.37038
5173.24950,-1.41934,-0.26372,123.25649,29.02830,31.17429,28.55970,34.49421
5173.25950,-1.41564,-0.29192,123.36086,28.97359,31.12739,28.67372,34.58616
5173.26950,-1.41605,-0.34528,123.45831,28.85140,31.00812,28.84027,34.75852
5173.27950,-1.41888,-0.39280,123.73023,28.80559,30.92792,29.00506,34.99167
5173.28950,-1.42013,-0.40558,123.83986,28.80559,30.91139,29.05272,35.07016
5173.29950,-1.41230,-0.45763,123.85490,28.68519,30.75631,29.20252,35.21088
5173.30950,-1.40833,-0.45666,123.70223,28.67852,30.69498,29.14919,35.17955
5173.31950,-1.40777,-0.45652,123.68086,28.67759,30.68639,29.14172,35.17516
5173.32950,-1.40612,-0.46275,123.39486,28.56859,30.62439,29.12172,35.08016
5173.33950,-1.41175,-0.45621,123.27319,28.55502,30.61496,29.06238,35.04083
5173.34950,-1.43357,-0.43054,122.80050,28.50731,30.57406,28.82728,34.89185
5173.35950,-1.44339,-0.41803,122.57886,28.49959,30.54239,28.70372,34.83316
5173.36950,-1.44593,-0.41350,122.53286,28.50848,30.53573,28.66616,34.82249
5173.37950,-1.45621,-0.40057,122.44244,28.54838,30.52164,28.55501,34.81741
5173.38950,-1.46085,-0.41079,122.68486,28.57859,30.55339,28.62472,34.92816
5173.39950,-1.45880,-0.40892,122.75340,28.59671,30.57837,28.64437,34.93395
5173.40950,-1.44990,-0.40082,123.05142,28.67552,30.68698,28.72980,34.95911
5173.41950,-1.44737,-0.39691,123.17056,28.71139,30.72969,28.75672,34.97276
5173.42950,-1.44144,-0.37818,123.50296,28.85239,30.85059,28.78772,35.01226
5173.43950,-1.39220,-0.34226,123.60286,29.00359,30.94239,28.82372,34.83316
5173.44950,-1.39220,-0.34226,123.60286,29.00359,30.94239,28.82372,34.83316
5173.45950,-1.38953,-0.28666,123.64439,29.12722,31.14040,28.72713,34.64964
5173.46950,-1.37394,-0.25295,123.44014,29.18953,31.16106,28.61370,34.47585
5173.47950,-1.36561,-0.23588,123.32986,29.22059,31.16839,28.55472,34.38616
5173.48950,-1.32844,-0.16585,123.37486,29.43759,31.35239,28.46472,34.12016
5173.49950,-1.32844,-0.16585,123.37486,29.43759,31.35239,28.46472,34.12016
5173.50950,-1.34671,-0.12980,123.24042,29.46660,31.45202,28.32061,34.00119
5173.51950,-1.30169,-0.06148,123.43284,29.76747,31.61611,28.23830,33.81096
5173.52950,-1.30076,-0.06011,123.43686,29.77359,31.61939,28.23672,33.80716
5173.53950,-1.30036,-0.03569,123.33711,29.81034,31.66514,28.15422,33.70741
5173.54950,-1.30023,-0.02754,123.30386,29.82259,31.68039,28.12672,33.67416
5173.55950,-1.28224,-0.01365,123.15340,29.85190,31.65108,28.07787,33.57255
5173.56950,-1.28404,0.01634,123.18416,29.93981,31.74055,27.99930,33.50450
5173.57950,-1.28409,0.01694,123.18486,29.94159,31.74239,27.99772,33.50316
5173.58950,-1.29332,0.02111,123.10901,29.91579,31.75271,27.96160,33.47891
5173.59950,-1.31143,0.01796,123.16468,29.90795,31.77139,27.94408,33.54125
5173.60950,-1.31353,0.01639,123.19286,29.91159,31.77339,27.94772,33.56016
5173.61950,-1.31512,0.02224,123.04389,29.91986,31.72208,27.86496,33.53699
5173.62950,-1.31545,0.02346,123.01286,29.92159,31.71139,27.84772,33.53216
5173.63950,-1.31458,-0.00246,122.88451,29.79579,31.63319,27.91572,33.53981
5173.64950,-1.31974,-0.01507,122.80246,29.73543,31.58462,27.92289,33.55951
5173.65950,-1.32544,-0.02368,122.73886,29.69459,31.54739,27.91772,33.57916
5173.66950,-1.30956,-0.04233,122.68852,29.66079,31.45567,27.97289,33.59916
5173.67950,-1.28901,-0.07505,122.74218,29.62900,31.33808,28.08814,33.68697
5173.68950,-1.28626,-0.08004,122.75786,29.62559,31.32239,28.10672,33.70316
5173.69950,-1.28032,-0.10215,122.65161,29.55844,31.21784,28.14072,33.73461
5173.70950,-1.27928,-0.10606,122.63286,29.54659,31.19939,28.14672,33.74016
5173.71950,-1.26509,-0.13046,122.58502,29.46799,31.12308,28.24297,33.75098
5173.72950,-1.24129,-0.14821,122.49275,29.43581,31.01428,28.29905,33.74360
5173.73950,-1.23082,-0.14765,122.44786,29.45759,30.97339,28.28572,33.73116
5173.74950,-1.20006,-0.15359,122.33566,29.45192,30.89179,28.32539,33.66656
5173.75950,-1.15786,-0.16586,122.13986,29.42592,30.75550,28.37794,33.58049
5173.76950,-1.14293,-0.17204,122.05186,29.40859,30.69639,28.39572,33.55116
5173.77950,-1.12039,-0.16931,121.93306,29.40859,30.65247,28.40292,33.46908
5173.78950,-1.11161,-0.16825,121.88686,29.40859,30.63539,28.40572,33.43716
5173.79950,-1.09463,-0.16777,121.77295,29.41371,30.57673,28.39433,33.38818
5173.80950,-1.05232,-0.16470,121.65525,29.45710,30.49175,28.41395,33.29245
5173.81950,-1.02958,-0.16261,121.63086,29.48759,30.46039,28.43572,33.24716
5173.82950,-1.01989,-0.16732,121.80649,29.54275,30.46659,28.49145,33.30570
5173.83950,-1.01239,-0.17098,121.94286,29.58559,30.47139,28.53472,33.35116
5173.84950,-0.99149,-0.16962,121.96052,29.61922,30.45373,28.56836,33.31921
5173.85950,-0.96556,-0.16089,122.04644,29.67628,30.48570,28.62541,33.25905
5173.86950,-0.94896,-0.15450,122.10886,29.71459,30.51239,28.66372,33.21816
5173.87950,-0.90836,-0.13553,121.99864,29.76935,30.50477,28.67065,33.05388
5173.88950,-0.87526,-0.12456,121.72575,29.78629,30.41160,28.61605,32.91181
5173.89950,-0.86965,-0.12360,121.64286,29.78359,30.37839,28.59472,32.88616
5173.90950,-0.85425,-0.10806,121.43116,29.76899,30.37109,28.55092,32.74016
5173.91950,-0.84854,-0.10229,121.35286,29.76359,30.36839,28.53472,32.68616
5173.92950,-0.83361,-0.09558,121.25054,29.78070,30.33627,28.51028,32.62330
5173.93950,-0.80277,-0.07372,121.05632,29.84209,30.29468,28.44171,32.47784
5173.94950,-0.80074,-0.06723,121.05386,29.86259,30.30739,28.42572,32.45816
5173.95950,-0.81046,-0.06208,121.06046,29.86259,30.33799,28.40172,32.45816
5173.96950,-0.81069,-0.06056,121.10509,29.87247,30.35839,28.41265,32.46157
5173.97950,-0.80030,-0.06373,121.17213,29.88895,30.35839,28.45754,32.46725
5173.98950,-0.79863,-0.06424,121.18286,29.89159,30.35839,28.46472,32.46816
5173.99950,-0.78758,-0.06635,121.47734,29.99683,30.38832,28.53231,32.55988
5174.00950,-0.78718,-0.06643,121.48786,30.00059,30.38939,28.53472,32.56316
5174.01950,-0.80323,-0.08390,121.67620,29.97361,30.41676,28.60735,32.67848
5174.02950,-0.79399,-0.08598,121.83686,30.05959,30.39939,28.62472,32.75316
5174.03950,-0.80005,-0.08814,121.82342,30.02647,30.41427,28.63432,32.74836
5174.04950,-0.80875,-0.09515,121.70383,29.95779,30.38620,28.62096,32.73888
5174.05950,-0.81111,-0.10031,121.58786,29.92159,30.33739,28.59472,32.73416
5174.06950,-0.81560,-0.10478,121.62204,29.89893,30.35314,28.62122,32.74875
5174.07950,-0.82279,-0.11195,121.67686,29.86259,30.37839,28.66372,32.77216
5174.08950,-0.80959,-0.11446,121.65958,29.86259,30.35643,28.69252,32.74804
5174.09950,-0.78921,-0.11991,121.63210,29.85899,30.31739,28.74012,32.71560
5174.10950,-0.79476,-0.12164,121.63786,29.85259,30.31739,28.73372,32.73416
5174.11950,-0.79469,-0.12335,121.64226,29.84563,30.31739,28.74299,32.73625
5174.12950,-0.79449,-0.12824,121.65485,29.82577,30.31739,28.76948,32.74221
5174.13950,-0.79827,-0.14462,121.69986,29.82259,30.25539,28.78372,32.83816
5174.14950,-0.79444,-0.14996,121.71233,29.81160,30.24404,28.81146,32.84523
5174.15950,-0.78352,-0.16521,121.74797,29.78022,30.21159,28.89071,32.86545
5174.16950,-0.77774,-0.17328,121.76686,29.76359,30.19439,28.93272,32.87616
5174.17950,-0.78377,-0.18895,121.76404,29.71236,30.16055,28.96562,32.92551
5174.18950,-0.77258,-0.21031,121.76680,29.65459,30.10565,29.05620,32.95037
5174.19950,-0.75129,-0.21593,121.73759,29.64792,30.06793,29.10862,32.91312
5174.20950,-0.73345,-0.22808,121.64011,29.61639,29.98686,29.14322,32.89364
5174.21950,-0.74064,-0.24073,121.69786,29.58559,29.97839,29.18172,32.95216
5174.22950,-0.74196,-0.24140,121.69954,29.58117,29.98007,29.18324,32.95505
5174.23950,-0.74769,-0.24430,121.70682,29.56196,29.98735,29.18987,32.96764
5174.24950,-0.75082,-0.24440,121.69875,29.55314,29.99169,29.18597,32.96794
5174.25950,-0.76192,-0.24113,121.59481,29.51760,29.99386,29.14020,32.94316
5174.26950,-0.75873,-0.25073,121.48157,29.47853,29.92631,29.13357,32.94316
5174.27950,-0.75831,-0.25614,121.41986,29.45079,29.89509,29.13272,32.94126
5174.28950,-0.76258,-0.28059,121.14986,29.29959,29.78439,29.14172,32.92416
5174.29950,-0.76244,-0.28291,121.15670,29.29338,29.78160,29.15162,32.93010
5174.30950,-0.76037,-0.30719,121.25151,29.23500,29.75708,29.26153,32.99790
5174.31950,-0.75372,-0.31550,121.51086,29.27959,29.79439,29.36072,33.07616
5174.32950,-0.75392,-0.31655,121.50748,29.27648,29.79025,29.36162,33.07913
5174.33950,-0.75621,-0.32824,121.46998,29.24198,29.74425,29.37162,33.11213
5174.34950,-0.73862,-0.35944,121.39806,29.16649,29.61869,29.46172,33.15116
5174.35950,-0.73643,-0.36173,121.39386,29.16159,29.60939,29.47072,33.15216
5174.36950,-0.75402,-0.37115,121.29091,29.12199,29.54901,29.41133,33.20858
5174.37950,-0.77023,-0.37787,121.38298,29.12159,29.55820,29.41072,33.29248
5174.38950,-0.78471,-0.38910,121.30828,29.02553,29.55839,29.43019,33.29416
5174.39950,-0.78842,-0.41128,121.54128,29.00391,29.57431,29.55367,33.40939
5174.40950,-0.78716,-0.41642,121.62886,29.01359,29.57939,29.58972,33.44616
5174.41950,-0.78070,-0.43081,121.76547,29.05516,29.52679,29.63214,33.55137
5174.42950,-0.76236,-0.44023,121.83036,29.04547,29.51739,29.72472,33.54278
5174.43950,-0.74942,-0.44538,121.86086,29.03259,29.51739,29.78872,33.52216
5174.44950,-0.76555,-0.43211,121.80810,29.02608,29.56943,29.72439,33.48819
5174.45950,-0.74501,-0.43259,121.67586,29.05195,29.47739,29.69245,33.45407
5174.46950,-0.73498,-0.43468,121.63386,29.06259,29.43539,29.68972,33.44616
5174.47950,-0.73281,-0.42249,121.64986,29.10550,29.46521,29.66063,33.41852
5174.48950,-0.73200,-0.41792,121.65586,29.12159,29.47639,29.64972,33.40816
5174.49950,-0.73038,-0.42966,121.63954,29.08523,29.44226,29.68274,33.42931
5174.50950,-0.73666,-0.45658,121.66432,29.01139,29.38439,29.75092,33.51762
5174.51950,-0.74242,-0.46106,121.69786,29.00359,29.38439,29.75872,33.55116
5174.52950,-0.75249,-0.46633,121.74406,28.97959,29.40239,29.77672,33.58536
5174.53950,-0.73428,-0.47842,121.76646,28.99959,29.32859,29.81872,33.61956
5174.54950,-0.71768,-0.48413,121.76086,29.02359,29.27139,29.83872,33.62716
5174.55950,-0.72056,-0.47892,121.69020,29.00547,29.28347,29.81456,33.58669
5174.56950,-0.72246,-0.47551,121.64386,28.99359,29.29139,29.79872,33.56016
5174.57950,-0.71941,-0.47624,121.65030,29.01332,29.27086,29.79067,33.57546
5174.58950,-0.71606,-0.47434,121.65247,29.04087,29.25449,29.77356,33.58355
5174.59950,-0.72173,-0.45996,121.61686,29.03259,29.32239,29.74872,33.51316
5174.60950,-0.72228,-0.45222,121.63990,29.08491,29.32239,29.70600,33.52660
5174.61950,-0.72170,-0.44887,121.55974,29.10367,29.28303,29.65012,33.52292
5174.62950,-0.72043,-0.45432,121.44586,29.06259,29.24039,29.63972,33.50316
5174.63950,-0.72388,-0.46237,121.48534,29.05319,29.22582,29.65852,33.54781
5174.64950,-0.72777,-0.47145,121.52986,29.04259,29.20939,29.67972,33.59816
5174.65950,-0.72777,-0.47145,121.52986,29.04259,29.20939,29.67972,33.59816
5174.66950,-0.71321,-0.48917,121.63714,29.06259,29.14630,29.75244,33.67581
5174.67950,-0.71643,-0.49530,121.73086,29.06259,29.15839,29.78872,33.72116
5174.68950,-0.71643,-0.49530,121.73086,29.06259,29.15839,29.78872,33.72116
5174.69950,-0.72700,-0.48947,121.62396,29.03569,29.16529,29.73424,33.68875
5174.70950,-0.70989,-0.50717,121.49264,28.98709,29.05670,29.76739,33.68146
5174.71950,-0.70180,-0.51470,121.46186,28.97359,29.01539,29.78872,33.68416
5174.72950,-0.72808,-0.51196,121.59666,28.98217,29.08580,29.77155,33.75714
5174.73950,-0.73240,-0.51151,121.61886,28.98359,29.09739,29.76872,33.76916
5174.74950,-0.74298,-0.50093,121.58201,28.99328,29.12648,29.71151,33.75074
5174.75950,-0.75818,-0.51842,121.33786,28.89459,29.01539,29.64972,33.77816
5174.76950,-0.75594,-0.52567,121.33457,28.87368,28.99613,29.67532,33.78944
5174.77950,-0.74953,-0.54640,121.32518,28.81395,28.94110,29.74848,33.82165
5174.78950,-0.74921,-0.55055,121.36008,28.81087,28.93868,29.76929,33.84123
5174.79950,-0.75049,-0.55668,121.48657,28.82749,28.94958,29.81015,33.89935
5174.80950,-0.74958,-0.56405,121.55800,28.83278,28.93900,29.84189,33.94432
5174.81950,-0.74910,-0.56795,121.59586,28.83559,28.93339,29.85872,33.96816
5174.82950,-0.75459,-0.57183,121.61768,28.81431,28.94430,29.87508,33.98398
5174.83950,-0.76656,-0.56777,121.59386,28.82559,28.94339,29.81872,34.00616
5174.84950,-0.76652,-0.56749,121.58614,28.82414,28.94267,29.81656,34.00277
5174.85950,-0.76598,-0.56386,121.48686,28.80559,28.93339,29.78872,33.95916
5174.86950,-0.76649,-0.56309,121.48794,28.80649,28.93708,29.78692,33.95745
5174.87950,-0.77191,-0.55534,121.50059,28.81650,28.97439,29.76781,33.94189
5174.88950,-0.77488,-0.55518,121.51786,28.82559,28.97439,29.75872,33.95916
5174.89950,-0.77626,-0.55490,121.52044,28.82492,28.97777,29.75673,33.96101
5174.90950,-0.79014,-0.55211,121.54627,28.81830,29.01155,29.73687,33.97956
5174.91950,-0.80725,-0.55360,121.54639,28.80607,29.01588,29.70112,34.02332
5174.92950,-0.80783,-0.55374,121.54586,28.80559,29.01539,29.69972,34.02516
5174.93950,-0.78174,-0.55970,121.65353,28.81529,29.02509,29.81515,33.99800
5174.94950,-0.76555,-0.55938,121.60787,28.83518,28.98522,29.81872,33.96875
5174.95950,-0.76523,-0.55937,121.60686,28.83559,28.98439,29.81872,33.96816
5174.96950,-0.79368,-0.57615,121.63234,28.75817,28.98439,29.82852,34.06126
5174.97950,-0.79426,-0.57649,121.63286,28.75659,28.98439,29.82872,34.06316
5174.98950,-0.79072,-0.56783,121.57419,28.76881,28.99050,29.79816,34.01672
5174.99950,-0.81936,-0.57178,121.61264,28.70080,29.05570,29.80426,34.05187
5175.00950,-0.82474,-0.57343,121.62586,28.68759,29.06639,29.80872,34.06316
5175.01950,-0.81454,-0.56805,121.63521,28.72074,29.06639,29.80872,34.03936
5175.02950,-0.80917,-0.58964,121.50974,28.60774,29.00471,29.87642,34.02087
5175.03950,-0.80799,-0.59708,121.46786,28.56859,28.98439,29.89872,34.01616
5175.04950,-0.80245,-0.58969,121.56299,28.62432,29.01310,29.90435,34.02123
5175.05950,-0.79815,-0.58397,121.63686,28.66759,29.03539,29.90872,34.02516
5175.06950,-0.77120,-0.58052,121.50279,28.67310,28.98463,29.91424,33.93082
5175.07950,-0.75818,-0.57235,121.31778,28.69129,28.92215,29.84333,33.86101
5175.08950,-0.76227,-0.56988,121.28286,28.69759,28.91239,29.80872,33.86416
5175.09950,-0.76415,-0.56537,121.35198,28.74727,28.91959,29.78712,33.89800
5175.10950,-0.78663,-0.55832,121.32577,28.70186,28.99003,29.75690,33.87698
5175.11950,-0.79479,-0.55634,121.30586,28.67759,29.01539,29.74872,33.86416
5175.12950,-0.79479,-0.55634,121.30586,28.67759,29.01539,29.74872,33.86416
5175.13950,-0.81863,-0.55984,121.15786,28.58859,29.01539,29.69972,33.85416
5175.14950,-0.80766,-0.55509,121.14237,28.58859,29.03327,29.72296,33.79754
5175.15950,-0.80160,-0.56254,121.21586,28.55319,29.06399,29.81072,33.78796
5175.16950,-0.80251,-0.56965,121.27186,28.52959,29.07639,29.85872,33.80716
5175.17950,-0.82180,-0.56371,121.38414,28.54147,29.14946,29.84684,33.84637
5175.18950,-0.83552,-0.56630,121.46419,28.53055,29.18464,29.85775,33.89124
5175.19950,-0.83615,-0.57361,121.46786,28.50959,29.16839,29.87872,33.91116
5175.20950,-0.83833,-0.57363,121.52951,28.50959,29.19757,29.90225,33.92010
5175.21950,-0.84077,-0.57365,121.59886,28.50959,29.23039,29.92872,33.93016
5175.22950,-0.83556,-0.57177,121.54846,28.49087,29.23519,29.93784,33.88456
5175.23950,-0.81333,-0.56744,121.46602,28.49411,29.21591,29.95732,33.79868
5175.24950,-0.79537,-0.56494,121.43586,28.51959,29.18939,29.96772,33.75916
5175.25950,-0.79537,-0.56494,121.43586,28.51959,29.18939,29.96772,33.75916
5175.26950,-0.83791,-0.54033,121.29086,28.49959,29.27139,29.79872,33.72116
5175.27950,-0.83436,-0.54341,121.23777,28.47765,29.25168,29.80508,33.70336
5175.28950,-0.82695,-0.54983,121.12718,28.43196,29.21063,29.81832,33.66627
5175.29950,-0.82526,-0.55919,120.97186,28.41159,29.10739,29.76872,33.68416
5175.30950,-0.82839,-0.55842,120.99600,28.42080,29.11374,29.76237,33.69909
5175.31950,-0.83505,-0.55679,121.04735,28.44039,29.12726,29.74886,33.73084
5175.32950,-0.85066,-0.56097,121.07586,28.42059,29.13839,29.73872,33.77816
5175.33950,-0.85233,-0.56728,121.10429,28.40057,29.13839,29.76773,33.79760
5175.34950,-0.85587,-0.58071,121.16479,28.35798,29.13839,29.82946,33.83896
5175.35950,-0.85118,-0.58460,121.25524,28.37066,29.14793,29.87337,33.86328
5175.36950,-0.84030,-0.58851,121.42477,28.41039,29.16780,29.94555,33.90103
5175.37950,-0.81184,-0.58433,121.71886,28.51959,29.22039,30.05772,33.92116
5175.38950,-0.80625,-0.58393,121.65369,28.51645,29.19470,30.04519,33.89735
5175.39950,-0.79434,-0.58310,121.51502,28.50979,29.14003,30.01852,33.84668
5175.40950,-0.79037,-0.57288,121.52340,28.56177,29.14648,29.98172,33.83343
5175.41950,-0.79021,-0.55845,121.52172,28.60931,29.17504,29.93382,33.80354
5175.42950,-0.80118,-0.55967,121.47886,28.54703,29.21047,29.94468,33.77668
5175.43950,-0.80425,-0.56001,121.46686,28.52959,29.22039,29.94772,33.76916
5175.44950,-0.80081,-0.55341,121.26886,28.50799,29.18295,29.88364,33.69428
5175.45950,-0.79485,-0.55829,120.99489,28.43421,29.10053,29.84217,33.61799
5175.46950,-0.79388,-0.55984,120.95386,28.42059,29.08639,29.83872,33.60816
5175.47950,-0.80242,-0.57333,121.15086,28.41159,29.11739,29.91872,33.70316
5175.48950,-0.80532,-0.57777,121.14881,28.37993,29.12445,29.94126,33.70316
5175.49950,-0.81095,-0.59670,121.20830,28.28579,29.14619,30.04830,33.72802
5175.50950,-0.79603,-0.61034,121.44386,28.33259,29.13839,30.15672,33.81616
5175.51950,-0.80019,-0.60990,121.44164,28.32674,29.14553,30.14982,33.81955
5175.52950,-0.81913,-0.60790,121.43153,28.30014,29.17798,30.11843,33.83498
5175.53950,-0.83042,-0.61342,121.38572,28.23989,29.18714,30.12500,33.83369
5175.54950,-0.82856,-0.62390,121.32586,28.17459,29.16839,30.16672,33.81616
5175.55950,-0.81425,-0.63162,121.30486,28.17459,29.11739,30.19672,33.81616
5175.56950,-0.81529,-0.63233,121.31092,28.17055,29.12052,30.20076,33.81909
5175.57950,-0.82337,-0.63967,121.36475,28.13132,29.14611,30.24325,33.84407
5175.58950,-0.81368,-0.64812,121.36386,28.10459,29.12739,30.29672,33.83516
5175.59950,-0.81323,-0.64970,121.37029,28.10034,29.12630,30.30532,33.83832
5175.60950,-0.80896,-0.66355,121.42811,28.06064,29.11951,30.38481,33.86315
5175.61950,-0.80384,-0.67240,121.47486,28.01659,29.13839,30.46572,33.85416
5175.62950,-0.80384,-0.67240,121.47486,28.01659,29.13839,30.46572,33.85416
5175.63950,-0.79817,-0.66003,121.61570,28.10984,29.17741,30.45620,33.87224
5175.64950,-0.79721,-0.65797,121.60637,28.11985,29.17395,30.44440,33.86816
5175.65950,-0.79047,-0.64372,121.44146,28.17248,29.11957,30.33125,33.81816
5175.66950,-0.74439,-0.62991,121.43386,28.20359,29.15839,30.42572,33.64616
5175.67950,-0.74439,-0.62991,121.43386,28.20359,29.15839,30.42572,33.64616
5175.68950,-0.72503,-0.62417,121.26434,28.24168,29.07077,30.36001,33.59187
5175.69950,-0.73571,-0.61907,121.16274,28.18539,29.10616,30.33732,33.53387
5175.70950,-0.73607,-0.61892,121.15986,28.18359,29.10739,30.33672,33.53216
5175.71950,-0.72814,-0.62520,121.41117,28.29905,29.07731,30.36486,33.66994
5175.72950,-0.72790,-0.62539,121.41886,28.30259,29.07639,30.36572,33.67416
5175.73950,-0.73514,-0.62551,121.39573,28.26469,29.10273,30.37214,33.65617
5175.74950,-0.73617,-0.61700,121.41227,28.30316,29.11739,30.33877,33.65295
5175.75950,-0.73519,-0.61420,121.42186,28.32259,29.11739,30.32672,33.65516
5175.76950,-0.70759,-0.59439,121.32001,28.39922,29.09799,30.27822,33.54458
5175.77950,-0.71289,-0.58360,121.29733,28.42698,29.11692,30.22464,33.52879
5175.78950,-0.71620,-0.57814,121.28686,28.44059,29.12739,30.19672,33.52216
5175.79950,-0.71417,-0.57007,121.30223,28.46726,29.15090,30.18316,33.50091
5175.80950,-0.71178,-0.56059,121.32032,28.49865,29.17856,30.16720,33.47591
5175.81950,-0.71794,-0.55110,121.25217,28.52534,29.16995,30.09031,33.46657
5175.82950,-0.71567,-0.52953,121.41371,28.62240,29.26461,30.07772,33.44898
5175.83950,-0.71509,-0.52604,121.44386,28.63859,29.28139,30.07772,33.44616
5175.84950,-0.69828,-0.53052,121.25856,28.60459,29.20319,30.06922,33.38156
5175.85950,-0.71007,-0.53225,121.25525,28.59859,29.19844,30.04059,33.41763
5175.86950,-0.72743,-0.53334,121.28982,28.59859,29.20907,30.00868,33.47348
5175.87950,-0.72965,-0.54147,121.54052,28.63859,29.24526,30.08358,33.57309
5175.88950,-0.73207,-0.54598,121.64386,28.64759,29.26139,30.11772,33.61716
5175.89950,-0.72728,-0.54843,121.79513,28.66940,29.29848,30.18245,33.64480
5175.90950,-0.71145,-0.55310,121.81500,28.68481,29.26758,30.22118,33.64143
5175.91950,-0.70606,-0.55454,121.80086,28.68759,29.25039,30.22672,33.63616
5175.92950,-0.71024,-0.55778,121.90589,28.69468,29.27594,30.25866,33.67661
5175.93950,-0.71783,-0.56366,122.09686,28.70759,29.32239,30.31672,33.75016
5175.94950,-0.71769,-0.56357,122.10508,28.72161,29.31272,30.30705,33.76370
5175.95950,-0.72261,-0.56955,122.06532,28.69189,29.29157,30.30370,33.77816
5175.96950,-0.73204,-0.58086,121.97486,28.60859,29.27139,30.31672,33.77816
5175.97950,-0.72883,-0.57608,121.86926,28.59659,29.25879,30.28672,33.72716
5175.98950,-0.70902,-0.56310,121.61046,28.61859,29.18319,30.19532,33.61336
5175.99950,-0.69721,-0.55655,121.48486,28.63859,29.13839,30.14772,33.56016
5176.00950,-0.69550,-0.54338,121.35018,28.63859,29.14443,30.08732,33.47983
5176.01950,-0.69438,-0.53473,121.26186,28.63859,29.14839,30.04772,33.42716
5176.02950,-0.69140,-0.53208,121.14677,28.62402,29.12217,30.01494,33.38564
5176.03950,-0.68633,-0.52759,120.95171,28.59933,29.07773,29.95939,33.31527
5176.04950,-0.70488,-0.52566,121.05386,28.60859,29.12739,29.94772,33.37016
5176.05950,-0.69814,-0.52364,121.03129,28.62047,29.11551,29.94376,33.35155
5176.06950,-0.68483,-0.52080,121.02236,28.64939,29.09739,29.94772,33.32786
5176.07950,-0.65766,-0.52311,121.25186,28.74659,29.09739,30.03772,33.37016
5176.08950,-0.66203,-0.51775,121.32204,28.77497,29.13105,30.03112,33.38490
5176.09950,-0.67748,-0.49877,121.57086,28.87559,29.25039,30.00772,33.43716
5176.10950,-0.67230,-0.49442,121.58786,28.88679,29.27048,30.01931,33.41127
5176.11950,-0.65961,-0.48217,121.61455,28.90767,29.32771,30.04698,33.33219
5176.12950,-0.64994,-0.47054,121.61388,28.91439,29.38274,30.06712,33.24964
5176.13950,-0.64135,-0.46088,121.55706,28.94897,29.37242,30.02908,33.20659
5176.14950,-0.63008,-0.44248,121.45825,29.00605,29.36594,29.95567,33.13060
5176.15950,-0.63428,-0.43467,121.43953,29.01139,29.39321,29.92946,33.10546
5176.16950,-0.63600,-0.43146,121.43186,29.01359,29.40439,29.91872,33.09516
5176.17950,-0.62738,-0.41789,121.39312,29.04875,29.42287,29.88892,33.03258
5176.18950,-0.62154,-0.40868,121.36686,29.07259,29.43539,29.86872,32.99016
5176.19950,-0.62331,-0.40630,121.29117,29.05471,29.42943,29.84488,32.96215
5176.20950,-0.62193,-0.39947,121.26713,29.07668,29.43221,29.81508,32.94316
5176.21950,-0.62073,-0.39704,121.27986,29.09259,29.43539,29.80872,32.94316
5176.22950,-0.58255,-0.39119,121.45836,29.19289,29.45239,29.90222,32.91086
5176.23950,-0.57582,-0.39016,121.48986,29.21059,29.45539,29.91872,32.90516
5176.24950,-0.60376,-0.40595,121.31404,29.06612,29.43090,29.89933,32.91770
5176.25950,-0.59554,-0.41025,121.31986,29.07259,29.40439,29.91872,32.92416
5176.26950,-0.58922,-0.39962,121.31076,29.11389,29.41524,29.89072,32.89091
5176.27950,-0.58540,-0.38393,121.37290,29.19059,29.45208,29.85495,32.87529
5176.28950,-0.60801,-0.39544,121.59873,29.19059,29.49976,29.90130,33.00707
5176.29950,-0.61184,-0.40178,121.66430,29.20200,29.48617,29.91100,33.06513
5176.30950,-0.61248,-0.41501,121.75087,29.23555,29.42376,29.91771,33.17385
5176.31950,-0.61755,-0.42032,121.82963,29.25653,29.41238,29.92074,33.23999
5176.32950,-0.63891,-0.43336,122.09970,29.32367,29.40544,29.92453,33.44606
5176.33950,-0.65370,-0.43273,122.18386,29.35859,29.41439,29.88872,33.52216
5176.34950,-0.65150,-0.43249,122.14729,29.35859,29.39806,29.87722,33.51342
5176.35950,-0.64569,-0.43313,121.99151,29.35629,29.32200,29.82032,33.49290
5176.36950,-0.65107,-0.43792,121.87986,29.34859,29.25039,29.75872,33.52216
5176.37950,-0.65062,-0.43367,121.84575,29.35322,29.25209,29.73881,33.50163
5176.38950,-0.64867,-0.41515,121.69742,29.37335,29.25947,29.65223,33.41237
5176.39950,-0.64903,-0.40957,121.62530,29.37562,29.25219,29.61398,33.38352
5176.40950,-0.65782,-0.40242,121.30144,29.34346,29.16630,29.46444,33.32724
5176.41950,-0.66539,-0.39974,121.14386,29.29959,29.14839,29.41072,33.28516
5176.42950,-0.66539,-0.39974,121.14386,29.29959,29.14839,29.41072,33.28516
5176.43950,-0.67698,-0.39656,120.97279,29.27517,29.10714,29.31986,33.27063
5176.44950,-0.66883,-0.41636,120.96816,29.25596,29.01906,29.35959,33.33354
5176.45950,-0.66655,-0.42191,120.96686,29.25059,28.99439,29.37072,33.35116
5176.46950,-0.68112,-0.43160,121.04886,29.26959,28.96339,29.35072,33.46516
5176.47950,-0.68111,-0.43348,121.05831,29.26878,28.95880,29.35612,33.47461
5176.48950,-0.68203,-0.45369,121.19509,29.26692,28.91901,29.42165,33.58752
5176.49950,-0.69155,-0.46639,121.60286,29.32959,28.98439,29.52972,33.75916
5176.50950,-0.69239,-0.46624,121.61195,29.33060,28.98853,29.53073,33.76209
5176.51950,-0.69993,-0.46492,121.69286,29.33959,29.02539,29.53972,33.78816
5176.52950,-0.69993,-0.46492,121.69286,29.33959,29.02539,29.53972,33.78816
5176.53950,-0.70887,-0.47018,121.75226,29.32519,29.04015,29.55772,33.82920
5176.54950,-0.71268,-0.48041,121.90445,29.31370,29.06992,29.63207,33.88875
5176.55950,-0.69059,-0.48201,121.98986,29.33959,29.07639,29.70972,33.86416
5176.56950,-0.69413,-0.48913,121.94090,29.30933,29.04511,29.70632,33.88014
5176.57950,-0.69753,-0.49741,121.88875,29.28497,29.00023,29.69586,33.90768
5176.58950,-0.69202,-0.48859,121.95686,29.33959,29.02539,29.68972,33.90216
5176.59950,-0.70611,-0.49034,122.00229,29.33369,29.04368,29.67792,33.94700
5176.60950,-0.72348,-0.49550,122.07811,29.32959,29.05639,29.66972,34.02241
5176.61950,-0.73635,-0.49941,122.01648,29.29656,29.03906,29.63670,34.04416
5176.62950,-0.75152,-0.48171,121.88609,29.29800,29.06990,29.52957,33.98862
5176.63950,-0.75402,-0.47829,121.86486,29.29959,29.07639,29.51072,33.97816
5176.64950,-0.74061,-0.47629,121.66547,29.26650,29.02464,29.48527,33.88907
5176.65950,-0.72793,-0.46401,121.61617,29.28854,29.04449,29.47502,33.80813
5176.66950,-0.72019,-0.45503,121.60586,29.30959,29.06639,29.47072,33.75916
5176.67950,-0.70333,-0.43693,121.43952,29.33441,29.05812,29.41279,33.63419
5176.68950,-0.69981,-0.43315,121.40486,29.33959,29.05639,29.40072,33.60816
5176.69950,-0.70061,-0.42928,121.45430,29.36125,29.07917,29.40072,33.61316
5176.70950,-0.71558,-0.42583,121.52677,29.36254,29.13113,29.39249,33.64061
5176.71950,-0.73546,-0.42535,121.57249,29.34026,29.17799,29.38106,33.67318
5176.72950,-0.73605,-0.42533,121.57386,29.33959,29.17939,29.38072,33.67416
5176.73950,-0.70570,-0.41237,121.68423,29.48284,29.15846,29.37607,33.66685
5176.74950,-0.70648,-0.40367,121.91286,29.53659,29.26139,29.43072,33.68416
5176.75950,-0.70630,-0.39644,121.89048,29.54691,29.27895,29.41006,33.65455
5176.76950,-0.71939,-0.36827,121.81426,29.58399,29.35559,29.29932,33.57536
5176.77950,-0.72834,-0.35867,121.79186,29.59559,29.38439,29.25172,33.56016
5176.78950,-0.74840,-0.36017,121.66432,29.50143,29.40883,29.22788,33.52619
5176.79950,-0.76203,-0.36118,121.57786,29.43759,29.42539,29.21172,33.50316
5176.80950,-0.76745,-0.36106,121.54650,29.42304,29.42539,29.19592,33.50214
5176.81950,-0.80972,-0.35724,121.27536,29.30709,29.43039,29.06272,33.47516
5176.82950,-0.80945,-0.34859,121.19586,29.29959,29.44539,29.03272,33.41816
5176.83950,-0.80418,-0.36068,121.21352,29.25823,29.43099,29.09731,33.42699
5176.84950,-0.78639,-0.39240,121.28274,29.17816,29.37585,29.26055,33.46818
5176.85950,-0.77317,-0.41244,121.33786,29.14159,29.33239,29.36072,33.50316
5176.86950,-0.75761,-0.43354,121.49398,29.13699,29.29979,29.48424,33.57296
5176.87950,-0.73934,-0.45832,121.67786,29.13159,29.26139,29.62972,33.65516
5176.88950,-0.73934,-0.45832,121.67786,29.13159,29.26139,29.62972,33.65516
5176.89950,-0.76474,-0.46772,121.90713,29.13159,29.32116,29.66891,33.78547
5176.90950,-0.75292,-0.48900,122.27286,29.18159,29.33239,29.82872,33.93016
5176.91950,-0.75520,-0.48762,122.26966,29.18749,29.33239,29.81482,33.93496
5176.92950,-0.77578,-0.47514,122.24086,29.24059,29.33239,29.68972,33.97816
5176.93950,-0.77409,-0.47328,122.23041,29.24817,29.32978,29.68188,33.97058
5176.94950,-0.77203,-0.46456,122.18793,29.26959,29.33472,29.64580,33.93782
5176.95950,-0.77981,-0.45468,122.15100,29.26959,29.36995,29.60603,33.90544
5176.96950,-0.78865,-0.45140,121.97857,29.23936,29.33494,29.52825,33.87602
5176.97950,-0.80846,-0.45633,121.61583,29.13688,29.23693,29.40032,33.84169
5176.98950,-0.82542,-0.46284,121.49886,29.05259,29.23039,29.38072,33.83516
5176.99950,-0.81306,-0.46810,121.42746,29.04273,29.17803,29.39092,33.81578
5177.00950,-0.78901,-0.47831,121.28886,29.02359,29.07639,29.41072,33.77816
5177.01950,-0.78901,-0.47831,121.28886,29.02359,29.07639,29.41072,33.77816
5177.02950,-0.79724,-0.49511,121.38928,28.95814,29.10051,29.50148,33.82914
5177.03950,-0.78463,-0.50525,121.63486,28.97359,29.14839,29.63972,33.87316
5177.04950,-0.78464,-0.50257,121.69589,28.99841,29.16707,29.64427,33.88614
5177.05950,-0.78430,-0.48985,121.93242,29.09570,29.25084,29.66194,33.92394
5177.06950,-0.78294,-0.47716,122.03586,29.14159,29.32239,29.66972,33.90216
5177.07950,-0.78259,-0.47770,122.05786,29.14012,29.33149,29.68277,33.90348
5177.08950,-0.78101,-0.48017,122.15786,29.13345,29.37282,29.74211,33.90948
5177.09950,-0.78056,-0.48086,122.18586,29.13159,29.38439,29.75872,33.91116
5177.10950,-0.77586,-0.47548,121.90200,29.08428,29.32453,29.68244,33.81075
5177.11950,-0.77852,-0.48048,121.94986,29.07259,29.33239,29.70972,33.83516
5177.12950,-0.77747,-0.48144,121.92748,29.06377,29.32536,29.71071,33.82764
5177.13950,-0.76746,-0.49200,121.72521,28.98008,29.25581,29.72503,33.76429
5177.14950,-0.76333,-0.51044,121.73886,28.94459,29.19939,29.77872,33.81616
5177.15950,-0.76325,-0.51193,121.74210,28.94189,29.19570,29.78322,33.82129
5177.16950,-0.76239,-0.52695,121.77486,28.91459,29.15839,29.82872,33.87316
5177.17950,-0.76239,-0.52695,121.77486,28.91459,29.15839,29.82872,33.87316
5177.18950,-0.79184,-0.53127,121.90654,28.90490,29.20777,29.81904,33.97483
5177.19950,-0.75193,-0.53765,122.00186,28.94459,29.17939,29.93772,33.94016
5177.20950,-0.75193,-0.53765,122.00186,28.94459,29.17939,29.93772,33.94016
5177.21950,-0.75758,-0.53956,121.83662,28.91560,29.11948,29.87105,33.93050
5177.22950,-0.74006,-0.54198,121.62716,28.91459,29.00778,29.82022,33.88457
5177.23950,-0.75720,-0.55149,121.52483,28.81856,29.00439,29.81872,33.88316
5177.24950,-0.79101,-0.55449,121.45327,28.73818,29.03477,29.76973,33.91059
5177.25950,-0.79170,-0.55454,121.45186,28.73659,29.03539,29.76872,33.91116
5177.26950,-0.80498,-0.55098,121.49554,28.76459,29.04715,29.72448,33.95932
5177.27950,-0.80825,-0.54782,121.53441,28.79547,29.05161,29.70316,33.98418
5177.28950,-0.78393,-0.54659,121.54986,28.82559,29.03539,29.74872,33.94016
5177.29950,-0.78162,-0.54392,121.53165,28.81825,29.04829,29.75378,33.91133
5177.30950,-0.77192,-0.53454,121.46123,28.79659,29.08639,29.76872,33.80953
5177.31950,-0.76396,-0.53273,121.38953,28.80014,29.05832,29.75291,33.77816
5177.32950,-0.76162,-0.53033,121.38786,28.80127,29.06915,29.75752,33.75992
5177.33950,-0.76335,-0.52610,121.45286,28.79659,29.12739,29.78872,33.74016
5177.34950,-0.73746,-0.53956,121.47470,28.82095,29.04171,29.84752,33.76452
5177.35950,-0.71798,-0.54438,121.54299,28.83010,29.03939,29.92601,33.74748
5177.36950,-0.70069,-0.54706,121.61933,28.83548,29.05606,30.00612,33.72168
5177.37950,-0.70684,-0.56008,121.66034,28.79443,29.04715,30.04972,33.76904
5177.38950,-0.70808,-0.56255,121.66786,28.78659,29.04539,30.05772,33.77816
5177.39950,-0.68893,-0.58897,121.66266,28.74942,28.93909,30.14618,33.82797
5177.40950,-0.66877,-0.60531,121.80429,28.74376,28.92463,30.27712,33.85879
5177.41950,-0.66343,-0.60815,121.86086,28.74659,28.93339,30.31672,33.86416
5177.42950,-0.66516,-0.62084,121.89082,28.72291,28.90343,30.35006,33.91442
5177.43950,-0.65831,-0.64261,121.90121,28.66196,28.85290,30.43533,33.95102
5177.44950,-0.64772,-0.65261,121.87486,28.61859,28.83039,30.49572,33.93016
5177.45950,-0.65344,-0.66033,121.82081,28.59509,28.78715,30.47692,33.96165
5177.46950,-0.65989,-0.66905,121.75986,28.56859,28.73839,30.45572,33.99716
5177.47950,-0.63775,-0.69122,121.79226,28.53919,28.66459,30.56312,34.02536
5177.48950,-0.63808,-0.71869,121.80366,28.47819,28.58419,30.62872,34.11256
5177.49950,-0.64814,-0.72716,121.79686,28.45059,28.56339,30.62472,34.15816
5177.50950,-0.65167,-0.72818,121.80086,28.44259,28.56779,30.62472,34.16576
5177.51950,-0.66142,-0.73347,121.82972,28.41963,28.57598,30.63424,34.19986
5177.52950,-0.68496,-0.75335,121.95086,28.36159,28.58439,30.68472,34.32016
5177.53950,-0.68852,-0.75186,122.04424,28.37331,28.62425,30.70816,34.33852
5177.54950,-0.69407,-0.74954,122.18986,28.39159,28.68639,30.74472,34.36716
5177.55950,-0.69952,-0.75754,122.03805,28.34976,28.61448,30.69772,34.37609
5177.56950,-0.72418,-0.75868,121.85887,28.29319,28.58133,30.59819,34.38616
5177.57950,-0.74505,-0.74976,121.84986,28.28259,28.63539,30.54572,34.38616
5177.58950,-0.75188,-0.75029,121.71361,28.24508,28.60643,30.49825,34.36385
5177.59950,-0.76016,-0.76825,121.44958,28.14215,28.49039,30.45052,34.36652
5177.60950,-0.76093,-0.78710,121.32686,28.07559,28.39939,30.45572,34.39616
5177.61950,-0.77140,-0.78912,121.35597,28.06793,28.40986,30.44806,34.43012
5177.62950,-0.79321,-0.79332,121.41660,28.05197,28.43167,30.43210,34.50086
5177.63950,-0.80193,-0.79500,121.44086,28.04559,28.44039,30.42572,34.52916
5177.64950,-0.80244,-0.82350,121.43008,27.94770,28.38150,30.51697,34.58391
5177.65950,-0.84385,-0.84069,121.72922,27.92759,28.44860,30.56470,34.78834
5177.66950,-0.84996,-0.84108,121.77243,27.93458,28.45953,30.56130,34.81702
5177.67950,-0.89634,-0.84098,122.09809,28.00449,28.54095,30.51705,35.03560
5177.68950,-0.95285,-0.86234,122.25045,27.95809,28.54339,30.47692,35.27205
5177.69950,-0.96139,-0.86430,122.29220,27.96238,28.54788,30.46848,35.31346
5177.70950,-1.00167,-0.87198,122.51286,27.99659,28.57439,30.42572,35.51616
5177.71950,-1.01512,-0.87105,122.43074,27.96859,28.56945,30.37654,35.51616
5177.72950,-1.05256,-0.86847,122.20264,27.89081,28.55573,30.23994,35.51616
5177.73950,-1.13717,-0.85002,122.00286,27.86859,28.58439,29.92872,35.62116
5177.74950,-1.15182,-0.84552,121.91747,27.85120,28.58635,29.86443,35.61549
5177.75950,-1.19500,-0.83224,121.66632,27.80005,28.59209,29.67535,35.59883
5177.76950,-1.22733,-0.81320,121.19086,27.73959,28.53339,29.42072,35.49716
5177.77950,-1.24213,-0.80491,121.11166,27.72661,28.55363,29.35494,35.47648
5177.78950,-1.29477,-0.77543,120.83086,27.68059,28.62539,29.12172,35.40316
5177.79950,-1.29534,-0.77289,120.79258,27.67399,28.62759,29.10874,35.38226
5177.80950,-1.29855,-0.76227,120.65143,27.65059,28.64141,29.05685,35.30259
5177.81950,-1.30396,-0.75493,120.62677,27.65059,28.66874,29.03019,35.27725
5177.82950,-1.30035,-0.74752,120.64441,27.67752,28.68923,29.02158,35.25607
5177.83950,-1.25976,-0.70256,120.89079,27.90663,28.81361,29.02158,35.14897
5177.84950,-1.25645,-0.68760,121.14045,27.99321,28.92368,29.06185,35.16172
5177.85950,-1.25389,-0.68042,121.26695,28.03784,28.97669,29.08397,35.16846
5177.86950,-1.24094,-0.65593,121.72786,28.20359,29.15839,29.17172,35.19416
5177.87950,-1.24024,-0.65251,121.74033,28.21679,29.16933,29.16639,35.18783
5177.88950,-1.23316,-0.61835,121.86499,28.34879,29.27866,29.11305,35.12449
5177.89950,-1.22499,-0.57327,122.21786,28.53959,29.49639,29.11172,35.07016
5177.90950,-1.22201,-0.56679,122.21236,28.55829,29.50979,29.09882,35.04546
5177.91950,-1.19523,-0.50848,122.16286,28.72659,29.63039,28.98272,34.82316
5177.92950,-1.19523,-0.50848,122.16286,28.72659,29.63039,28.98272,34.82316
5177.93950,-1.15126,-0.49078,122.04656,28.80619,29.59000,28.97212,34.67826
5177.94950,-1.14698,-0.48599,122.02106,28.81290,29.59671,28.96540,34.64605
5177.95950,-1.14526,-0.48407,122.01086,28.81559,29.59939,28.96272,34.63316
5177.96950,-1.10882,-0.46502,122.02374,28.87159,29.65155,29.01552,34.48508
5177.97950,-1.10290,-0.46658,121.75254,28.83159,29.55315,28.94352,34.42428
5177.98950,-1.10201,-0.46681,121.71186,28.82559,29.53839,28.93272,34.41516
5177.99950,-1.09864,-0.46555,121.46686,28.81579,29.43745,28.83570,34.37792
5178.00950,-1.09857,-0.46552,121.46186,28.81559,29.43539,28.83372,34.37716
5178.01950,-1.09960,-0.46200,121.18511,28.79384,29.34314,28.72122,34.32691
5178.02950,-1.13393,-0.46244,120.90856,28.71966,29.28232,28.56829,34.33829
5178.03950,-1.13499,-0.46249,120.90286,28.71759,29.28139,28.56472,34.33916
5178.04950,-1.16728,-0.46497,120.40040,28.57306,29.17178,28.38139,34.27417
5178.05950,-1.17766,-0.47650,120.35866,28.54685,29.11711,28.35900,34.33571
5178.06950,-1.18511,-0.48559,120.33786,28.52959,29.07639,28.34572,34.38616
5178.07950,-1.18575,-0.49047,120.48406,28.55645,29.09373,28.38618,34.44770
5178.08950,-1.18699,-0.49991,120.76786,28.60859,29.12739,28.46472,34.56716
5178.09950,-1.15005,-0.50788,121.16705,28.75711,29.12739,28.60823,34.67432
5178.10950,-1.13501,-0.51442,121.98169,29.00035,29.23829,28.79303,34.95002
5178.11950,-1.13643,-0.51480,122.10186,29.03259,29.26139,28.81372,34.99416
5178.12950,-1.12392,-0.50402,122.27517,29.13872,29.29583,28.82501,35.01561
5178.13950,-1.14392,-0.47380,122.58389,29.27783,29.46673,28.77565,35.06368
5178.14950,-1.14999,-0.46930,122.61986,29.28959,29.49639,28.76372,35.07016
5178.15950,-1.15092,-0.46566,122.53153,29.28959,29.47362,28.71928,35.04905
5178.16950,-1.15166,-0.46275,122.46086,29.28959,29.45539,28.68372,35.03216
5178.17950,-1.16063,-0.45073,122.36126,29.27916,29.48251,28.62166,34.97793
5178.18950,-1.16414,-0.45073,122.26808,29.24640,29.47053,28.60040,34.95075
5178.19950,-1.16093,-0.45826,122.26686,29.23059,29.44539,28.62472,34.96616
5178.20950,-1.16117,-0.44786,122.11880,29.20372,29.45691,28.58085,34.87732
5178.21950,-1.16137,-0.43928,121.99686,29.18159,29.46639,28.54472,34.80416
5178.22950,-1.16252,-0.44087,121.80265,29.12023,29.42586,28.51095,34.74562
5178.23950,-1.17371,-0.44949,121.57618,29.00239,29.38891,28.49020,34.69468
5178.24950,-1.18220,-0.45556,121.51386,28.94459,29.38439,28.49472,34.69016
5178.25950,-1.17630,-0.45355,121.23085,28.88877,29.31505,28.43327,34.59376
5178.26950,-1.17203,-0.45634,121.05999,28.84012,29.26686,28.41306,34.53994
5178.27950,-1.17229,-0.45994,121.09986,28.83559,29.27139,28.43572,34.55716
5178.28950,-1.16232,-0.46318,121.09930,28.84122,29.24828,28.45771,34.55209
5178.29950,-1.15460,-0.46569,121.09886,28.84559,29.23039,28.47472,34.54816
5178.30950,-1.14894,-0.47358,121.20332,28.84559,29.23855,28.54001,34.57917
5178.31950,-1.15337,-0.48152,121.22630,28.81255,29.24039,28.57152,34.60184
5178.32950,-1.15786,-0.48636,121.22586,28.78659,29.24039,28.58472,34.61416
5178.33950,-1.11102,-0.48026,121.46126,28.93177,29.24039,28.68233,34.60678
5178.34950,-1.10078,-0.47893,121.51286,28.96359,29.24039,28.70372,34.60516
5178.35950,-1.08348,-0.48252,121.64834,28.99746,29.25225,28.78275,34.61589
5178.36950,-1.04962,-0.47619,121.80043,29.10397,29.25237,28.84372,34.60037
5178.37950,-1.04512,-0.47420,121.81086,29.12159,29.25039,28.84372,34.59516
5178.38950,-1.04512,-0.47420,121.81086,29.12159,29.25039,28.84372,34.59516
5178.39950,-1.06561,-0.47829,122.00482,29.15615,29.28688,28.84372,34.71806
5178.40950,-1.08212,-0.49358,121.97282,29.09444,29.25146,28.84372,34.78321
5178.41950,-1.08002,-0.49267,121.98474,29.10363,29.25287,28.84612,34.78212
5178.42950,-1.05017,-0.47687,122.13286,29.23059,29.28139,28.87372,34.74716
5178.43950,-1.05689,-0.47838,122.10382,29.21541,29.27457,28.85612,34.75772
5178.44950,-1.07501,-0.48067,122.02785,29.18183,29.25949,28.80252,34.78401
5178.45950,-1.06115,-0.47329,122.09286,29.23059,29.28139,28.82372,34.75716
5178.46950,-1.07860,-0.47342,121.91081,29.15627,29.26776,28.76236,34.72443
5178.47950,-1.10321,-0.46140,121.73322,29.10767,29.29547,28.65740,34.67268
5178.48950,-1.12105,-0.44828,121.63286,29.09259,29.33239,28.57472,34.63316
5178.49950,-1.12310,-0.43776,121.35877,29.05168,29.29762,28.47995,34.52952
5178.50950,-1.12406,-0.43284,121.23086,29.03259,29.28139,28.43572,34.48116
5178.51950,-1.11682,-0.42988,121.12882,29.01876,29.26184,28.42142,34.42680
5178.52950,-1.11523,-0.42078,121.07538,29.02734,29.27585,28.39195,34.38024
5178.53950,-1.12732,-0.40966,121.18686,29.07259,29.34339,28.36572,34.40516
5178.54950,-1.11874,-0.39789,121.33654,29.14359,29.40720,28.38971,34.39605
5178.55950,-1.10946,-0.38515,121.49886,29.22059,29.47639,28.41572,34.38616
5178.56950,-1.11851,-0.37427,121.66470,29.22733,29.60785,28.46224,34.36728
5178.57950,-1.11384,-0.36081,121.83905,29.29117,29.70027,28.49419,34.35343
5178.58950,-1.10381,-0.35168,121.94386,29.35859,29.73239,28.50472,34.34816
5178.59950,-1.09529,-0.33798,121.92204,29.37904,29.77467,28.49790,34.27043
5178.60950,-1.09306,-0.33122,121.86853,29.36310,29.80077,28.49472,34.20995
5178.61950,-1.09406,-0.33101,121.84386,29.34859,29.80439,28.49472,34.19616
5178.62950,-1.08929,-0.32625,121.94069,29.37829,29.84717,28.52442,34.19081
5178.63950,-1.08603,-0.32300,122.00686,29.39859,29.87639,28.54472,34.18716
5178.64950,-1.09412,-0.33386,121.90674,29.31038,29.85792,28.56260,34.17584
5178.65950,-1.11080,-0.34340,121.81246,29.24259,29.82899,28.53872,34.20216
5178.66950,-1.12759,-0.34665,121.77286,29.23059,29.80439,28.48472,34.25316
5178.67950,-1.13512,-0.35947,121.74166,29.15762,29.79382,28.52173,34.26849
5178.68950,-1.14183,-0.37089,121.71386,29.09259,29.78439,28.55472,34.28216
5178.69950,-1.14481,-0.37613,121.72148,29.08306,29.76963,28.55948,34.30930
5178.70950,-1.16133,-0.41826,121.75273,28.98931,29.65352,28.62158,34.48833
5178.71950,-1.16280,-0.44640,121.73486,28.90459,29.57939,28.69372,34.55716
5178.72950,-1.16451,-0.45235,121.75668,28.89696,29.56572,28.70686,34.58713
5178.73950,-1.16822,-0.46528,121.80411,28.88039,29.53601,28.73543,34.65227
5178.74950,-1.16769,-0.49816,121.71889,28.79741,29.40261,28.77958,34.73929
5178.75950,-1.16706,-0.50966,121.67986,28.76659,29.35339,28.79372,34.76616
5178.76950,-1.21253,-0.52580,121.67741,28.64581,29.38685,28.78556,34.85919
5178.77950,-1.22278,-0.52944,121.67686,28.61859,29.39439,28.78372,34.88016
5178.78950,-1.22878,-0.53738,121.39378,28.51863,29.31711,28.73332,34.82472
5178.79950,-1.22520,-0.55242,121.43646,28.49959,29.27635,28.78252,34.87800
5178.80950,-1.22430,-0.55500,121.45486,28.49959,29.27139,28.79372,34.89016
5178.81950,-1.21752,-0.56443,121.37569,28.48124,29.20188,28.79372,34.89885
5178.82950,-1.20787,-0.57298,121.42286,28.47059,29.18939,28.85372,34.90916
5178.83950,-1.20896,-0.57513,121.42436,28.46202,29.18725,28.85993,34.91516
5178.84950,-1.21157,-0.58058,121.44642,28.44439,29.18629,28.88065,34.93509
5178.85950,-1.20690,-0.57252,121.50186,28.49059,29.20939,28.87372,34.92816
5178.86950,-1.20385,-0.56907,121.54073,28.51543,29.22135,28.87579,34.92816
5178.87950,-1.19366,-0.55757,121.67086,28.59859,29.26139,28.88272,34.92816
5178.88950,-1.19366,-0.55757,121.67086,28.59859,29.26139,28.88272,34.92816
5178.89950,-1.17133,-0.55331,121.46302,28.59974,29.18411,28.84602,34.83316
5178.90950,-1.17246,-0.55045,121.52586,28.60859,29.22039,28.86372,34.83316
5178.91950,-1.17246,-0.55045,121.52586,28.60859,29.22039,28.86372,34.83316
5178.92950,-1.16701,-0.54582,121.38786,28.58859,29.19939,28.83372,34.76616
5178.93950,-1.16722,-0.54555,121.38486,28.58959,29.19839,28.83072,34.76616
5178.94950,-1.16656,-0.54199,121.35346,28.60159,29.19039,28.80572,34.75576
5178.95950,-1.14381,-0.53168,121.31386,28.62859,29.19939,28.82372,34.66216
5178.96950,-1.14336,-0.52955,121.29699,28.63119,29.20006,28.81439,34.65136
5178.97950,-1.13888,-0.50827,121.12833,28.65719,29.20673,28.72105,34.54336
5178.98950,-1.10357,-0.47320,120.94372,28.78092,29.18082,28.60848,34.37349
5178.99950,-1.10026,-0.47066,120.94944,28.79367,29.18431,28.60772,34.36374
5179.00950,-1.08204,-0.45716,121.07811,28.87233,29.23898,28.64105,34.32574
5179.01950,-1.07458,-0.45164,121.13086,28.90459,29.26139,28.65472,34.31016
5179.02950,-1.07328,-0.43829,121.09132,28.90241,29.31546,28.64175,34.23169
5179.03950,-1.07984,-0.43155,121.22286,28.97359,29.34339,28.61472,34.29116
5179.04950,-1.07984,-0.43155,121.22286,28.97359,29.34339,28.61472,34.29116
5179.05950,-1.09785,-0.40673,121.36343,29.03273,29.48396,28.57186,34.27487
5179.06950,-1.10297,-0.39626,121.54686,29.09259,29.56839,28.58472,34.30116
5179.07950,-1.10297,-0.39626,121.54686,29.09259,29.56839,28.58472,34.30116
5179.08950,-1.08918,-0.40351,121.54686,29.08291,29.53938,28.63308,34.29149
5179.09950,-1.08806,-0.40378,121.54391,29.08159,29.53784,28.63617,34.28831
5179.10950,-1.08146,-0.40402,121.51441,29.07159,29.53234,28.65067,34.25981
5179.11950,-1.04732,-0.40408,121.57863,29.13874,29.49585,28.70987,34.23416
5179.12950,-1.03887,-0.40403,121.60586,29.16159,29.48639,28.72372,34.23416
5179.13950,-1.07373,-0.40228,121.53020,29.10436,29.51646,28.64709,34.26229
5179.14950,-1.07481,-0.40223,121.52786,29.10259,29.51739,28.64472,34.26316
5179.15950,-1.05267,-0.41311,121.41793,29.07666,29.43236,28.68050,34.22842
5179.16950,-1.03831,-0.41939,121.24386,29.02334,29.36839,28.69122,34.16091
5179.17950,-1.04040,-0.41811,121.21986,29.01359,29.37339,28.68372,34.14916
5179.18950,-1.03926,-0.41206,121.35239,29.07025,29.41277,28.69332,34.17605
5179.19950,-1.05387,-0.42866,121.20368,28.94847,29.37464,28.70342,34.17716
5179.20950,-1.05433,-0.42919,121.19886,28.94459,29.37339,28.70372,34.17716
5179.21950,-1.06585,-0.43891,121.38710,28.96302,29.39377,28.74253,34.28777
5179.22950,-1.06620,-0.43921,121.39286,28.96359,29.39439,28.74372,34.29116
5179.23950,-1.06284,-0.45468,121.40651,28.91886,29.36331,28.80437,34.31997
5179.24950,-1.05253,-0.47564,121.37431,28.86294,29.29219,28.87387,34.34531
5179.25950,-1.05090,-0.47847,121.36786,28.85559,29.28139,28.88272,34.34816
5179.26950,-1.05144,-0.48004,121.65516,28.89724,29.36894,28.97622,34.41276
5179.27950,-1.03869,-0.49262,121.85220,28.91908,29.37425,29.08400,34.47487
5179.28950,-1.02497,-0.50576,122.00886,28.93459,29.36339,29.18172,34.52916
5179.29950,-1.02337,-0.50691,122.04243,28.94080,29.36708,29.19603,34.53852
5179.30950,-1.00717,-0.51847,122.38186,29.00359,29.40439,29.34072,34.63316
5179.31950,-1.00803,-0.52153,122.62113,29.02976,29.47596,29.42617,34.68924
5179.32950,-1.01385,-0.54557,122.94668,29.02958,29.50181,29.56503,34.85026
5179.33950,-1.01736,-0.56041,123.02786,29.01359,29.47639,29.60972,34.92816
5179.34950,-1.01512,-0.56204,122.76766,28.97260,29.38491,29.53309,34.87707
5179.35950,-1.01743,-0.56520,122.51493,28.90388,29.31649,29.47482,34.81974
5179.36950,-1.02011,-0.56663,122.46286,28.87559,29.31239,29.47072,34.80416
5179.37950,-1.00845,-0.56973,122.34367,28.86963,29.24505,29.45284,34.77615
5179.38950,-1.00053,-0.57184,122.26286,28.86559,29.19939,29.44072,34.75716
5179.39950,-1.00090,-0.57534,122.24678,28.84375,29.19482,29.45385,34.75436
5179.40950,-1.00678,-0.60686,122.12004,28.66904,29.14058,29.55154,34.75889
5179.41950,-1.00991,-0.61625,122.09186,28.62859,29.11739,29.56972,34.77616
5179.42950,-1.00862,-0.61744,122.11211,28.62961,29.11954,29.58199,34.78097
5179.43950,-0.99301,-0.63284,122.37093,28.64811,29.14084,29.73099,34.85100
5179.44950,-0.97977,-0.64798,122.62186,28.67759,29.14839,29.85872,34.93716
5179.45950,-0.97283,-0.64778,122.65946,28.69639,29.14839,29.87752,34.93716
5179.46950,-0.96502,-0.64756,122.70186,28.71759,29.14839,29.89872,34.93716
5179.47950,-0.96502,-0.64756,122.70186,28.71759,29.14839,29.89872,34.93716
5179.48950,-0.95516,-0.65077,122.58093,28.72122,29.07049,29.86522,34.92400
5179.49950,-0.95739,-0.64407,122.57086,28.73659,29.08639,29.83872,34.90916
5179.50950,-0.96546,-0.64243,122.47518,28.71405,29.07259,29.79272,34.89582
5179.51950,-0.97794,-0.63927,122.33158,28.68233,29.05350,29.72058,34.87517
5179.52950,-0.98445,-0.63659,122.26358,28.67090,29.04722,29.68115,34.86431
5179.53950,-0.98253,-0.63618,122.23194,28.66505,29.04032,29.67733,34.84924
5179.54950,-0.97163,-0.63724,122.19788,28.65780,29.02583,29.69907,34.81518
5179.55950,-0.96918,-0.64601,122.19161,28.63694,28.99669,29.72387,34.83411
5179.56950,-0.96495,-0.66079,122.20854,28.61557,28.94686,29.76525,34.88086
5179.57950,-0.96444,-0.65802,122.25886,28.64759,28.95339,29.75872,34.89916
5179.58950,-0.96444,-0.65802,122.25886,28.64759,28.95339,29.75872,34.89916
5179.59950,-0.98293,-0.66405,122.42486,28.64461,29.00219,29.78872,34.98934
5179.60950,-0.99263,-0.67066,122.38586,28.59859,28.99439,29.78872,35.00416
5179.61950,-0.99134,-0.67051,122.35300,28.60267,28.97562,29.77260,35.00212
5179.62950,-0.98632,-0.66995,122.22486,28.61859,28.90239,29.70972,34.99416
5179.63950,-0.98632,-0.66995,122.22486,28.61859,28.90239,29.70972,34.99416
5179.64950,-0.98541,-0.67401,121.85935,28.51978,28.80751,29.63665,34.89540
5179.65950,-0.99698,-0.67806,121.87286,28.43059,28.88139,29.69972,34.86116
5179.66950,-0.99513,-0.67676,121.84936,28.43259,28.87529,29.69172,34.84976
5179.67950,-0.97548,-0.66535,121.64956,28.45949,28.81529,29.62472,34.75006
5179.68950,-0.94887,-0.66823,121.75486,28.53959,28.76939,29.66972,34.77616
5179.69950,-0.95011,-0.66938,121.75673,28.53365,28.77006,29.67305,34.77996
5179.70950,-0.96253,-0.68089,121.77539,28.47432,28.77673,29.70639,34.81796
5179.71950,-0.96750,-0.68549,121.78286,28.45059,28.77939,29.71972,34.83316
5179.72950,-0.98291,-0.68652,121.72994,28.45059,28.74901,29.65112,34.87922
5179.73950,-0.97749,-0.68564,121.63470,28.43137,28.72822,29.64011,34.83500
5179.74950,-0.97725,-0.68560,121.63086,28.43059,28.72739,29.63972,34.83316
5179.75950,-0.97683,-0.68120,121.54857,28.43059,28.71216,29.60162,34.80421
5179.76950,-0.96344,-0.67978,121.74815,28.47886,28.76532,29.68627,34.81769
5179.77950,-0.96023,-0.67976,121.80286,28.49059,28.77939,29.70972,34.82316
5179.78950,-0.96345,-0.66275,121.67938,28.52335,28.77939,29.60892,34.76772
5179.79950,-0.96406,-0.65950,121.65586,28.52959,28.77939,29.58972,34.75716
5179.80950,-0.98473,-0.66850,121.77934,28.48843,28.83063,29.63172,34.82856
5179.81950,-0.96794,-0.67341,121.83730,28.49655,28.82359,29.69852,34.81864
5179.82950,-0.96399,-0.67401,121.84386,28.49959,28.82039,29.70972,34.81416
5179.83950,-0.96200,-0.66782,121.83210,28.50863,28.83893,29.70068,34.78387
5179.84950,-0.95965,-0.66053,121.81827,28.51927,28.86074,29.69004,34.74823
5179.85950,-0.97344,-0.66785,121.77386,28.50959,28.81039,29.63972,34.81416
5179.86950,-0.97117,-0.66918,121.77764,28.50959,28.80508,29.64790,34.81508
5179.87950,-0.95128,-0.68084,121.81086,28.50959,28.75839,29.71972,34.82316
5179.88950,-0.95235,-0.68513,121.83165,28.48914,28.76567,29.74710,34.82974
5179.89950,-0.95998,-0.68880,121.87125,28.46231,28.79151,29.77136,34.84607
5179.90950,-0.96875,-0.68190,121.87186,28.48059,28.81039,29.72872,34.85216
5179.91950,-0.96155,-0.67904,121.80163,28.48400,28.78926,29.71202,34.81636
5179.92950,-0.94953,-0.67427,121.68459,28.48968,28.75403,29.68417,34.75671
5179.93950,-0.98701,-0.65038,121.57414,28.47128,28.84784,29.54455,34.71047
5179.94950,-0.99326,-0.65105,121.55910,28.45706,28.85139,29.53403,34.71661
5179.95950,-1.01314,-0.65719,121.51086,28.40159,28.85139,29.51072,34.74716
5179.96950,-1.01663,-0.65644,121.49125,28.40159,28.84613,29.49159,34.75194
5179.97950,-1.01485,-0.66961,121.53036,28.39659,28.79939,29.52022,34.81416
5179.98950,-1.00927,-0.68357,121.59086,28.39159,28.75839,29.56972,34.87116
5179.99950,-1.01195,-0.68804,121.53245,28.34430,28.75442,29.58164,34.85209
5180.00950,-1.01623,-0.69858,121.42717,28.26257,28.73054,29.60117,34.83289
5180.01950,-1.01751,-0.72075,121.32886,28.20359,28.62539,29.60972,34.89016
5180.02950,-1.01988,-0.72860,121.40952,28.19961,28.62539,29.64548,34.93903
5180.03950,-1.02347,-0.74047,121.53186,28.19359,28.62539,29.69972,35.01316
5180.04950,-1.03905,-0.75030,121.63494,28.17276,28.64195,29.72589,35.09434
5180.05950,-1.04629,-0.76277,121.80235,28.16599,28.66033,29.79199,35.18404
5180.06950,-1.03654,-0.76877,121.92186,28.18359,28.66639,29.85872,35.21316
5180.07950,-1.04797,-0.76955,121.89839,28.15614,28.67872,29.84281,35.22072
5180.08950,-1.06529,-0.77073,121.86286,28.11459,28.69739,29.81872,35.23216
5180.09950,-1.07408,-0.78223,121.66076,28.02670,28.62971,29.78582,35.21853
5180.10950,-1.08221,-0.80876,121.38351,27.89046,28.49558,29.76752,35.22995
5180.11950,-1.08015,-0.82402,121.32786,27.84859,28.43039,29.78872,35.26016
5180.12950,-1.07807,-0.84424,121.31658,27.77433,28.39185,29.86345,35.28695
5180.13950,-1.06781,-0.87687,121.33550,27.67197,28.32931,30.00356,35.33066
5180.14950,-1.05871,-0.88816,121.37186,27.65059,28.30739,30.06772,35.34616
5180.15950,-1.06179,-0.88062,121.42889,27.67847,28.34593,30.05832,35.34616
5180.16950,-1.06833,-0.86461,121.55022,27.73781,28.42793,30.03832,35.34616
5180.17950,-1.08746,-0.86269,121.54931,27.68779,28.48779,30.03422,35.33951
5180.18950,-1.12668,-0.84884,121.52908,27.57461,28.66543,30.02772,35.26132
5180.19950,-1.13433,-0.82778,121.50686,27.54259,28.79939,30.02772,35.13716
5180.20950,-1.13185,-0.82159,121.54928,27.54259,28.85205,30.05480,35.09985
5180.21950,-1.11872,-0.80487,121.70158,27.54014,29.01444,30.16631,34.98068
5180.22950,-1.09598,-0.79755,121.86786,27.53259,29.13839,30.31672,34.88016
5180.23950,-1.09543,-0.79475,121.89744,27.52734,29.17234,30.33755,34.86021
5180.24950,-1.09387,-0.78677,121.98194,27.51234,29.26934,30.39705,34.80321
5180.25950,-1.08825,-0.78456,122.02850,27.49181,29.32337,30.45552,34.75780
5180.26950,-1.07292,-0.79594,121.99411,27.44320,29.29509,30.53100,34.72482
5180.27950,-1.07751,-0.79974,121.97251,27.39600,29.31189,30.55500,34.70962
5180.28950,-1.08184,-0.80058,121.94820,27.37558,29.31654,30.55168,34.70441
5180.29950,-1.11132,-0.81199,121.75463,27.21265,29.32854,30.53976,34.67368
5180.30950,-1.08023,-0.83164,121.82086,27.23659,29.23039,30.63472,34.71916
5180.31950,-1.07826,-0.82868,121.83542,27.24905,29.24047,30.63472,34.71118
5180.32950,-1.06888,-0.81462,121.90475,27.30838,29.28847,30.63472,34.67318
5180.33950,-1.06292,-0.80805,121.91497,27.33786,29.29887,30.62688,34.65136
5180.34950,-1.03633,-0.78681,121.84220,27.44213,29.27429,30.56283,34.56296
5180.35950,-1.03056,-0.77881,121.86194,27.48094,29.28745,30.54967,34.54388
5180.36950,-1.02938,-0.77692,121.86060,27.49064,29.28720,30.54265,34.54010
5180.37950,-1.03752,-0.78923,121.77342,27.43834,29.23314,30.53053,34.57141
5180.38950,-1.05183,-0.82300,121.67186,27.28559,29.15839,30.59472,34.63316
5180.39950,-1.05015,-0.82589,121.66781,27.28028,29.14642,30.60282,34.63829
5180.40950,-1.03318,-0.85508,121.62686,27.22659,29.02539,30.68472,34.69016
5180.41950,-1.03206,-0.85900,121.63878,27.22027,29.01635,30.69984,34.70232
5180.42950,-1.01742,-0.90582,121.78515,27.14759,28.90658,30.88342,34.84757
5180.43950,-0.99613,-0.92730,121.89086,27.14759,28.84039,30.99372,34.90916
5180.44950,-0.99920,-0.93029,121.89013,27.13595,28.83576,30.99636,34.92207
5180.45950,-1.02994,-0.96010,121.88286,27.01959,28.78939,31.02272,35.05116
5180.46950,-1.03039,-0.96293,121.88399,27.01159,28.78277,31.02999,35.05964
5180.47950,-1.03552,-0.99715,121.90451,26.91528,28.70550,31.12163,35.16210
5180.48950,-1.03567,-1.01736,121.98186,26.86159,28.68639,31.21172,35.22216
5180.49950,-1.03841,-1.01785,121.97875,26.86026,28.68368,31.20384,35.23097
5180.50950,-1.06584,-1.02275,121.94762,26.84702,28.65653,31.12503,35.31905
5180.51950,-1.07316,-1.01418,121.87024,26.87811,28.63603,31.03653,35.31957
5180.52950,-1.07471,-1.01331,121.86298,26.87825,28.63725,31.02858,35.31890
5180.53950,-1.09490,-1.01158,121.83098,26.85225,28.65792,30.98258,35.33823
5180.54950,-1.10318,-1.01087,121.81786,26.84159,28.66639,30.96372,35.34616
5180.55950,-1.13739,-0.99249,121.73447,26.81250,28.75561,30.85705,35.30931
5180.56950,-1.12126,-0.99244,121.68918,26.86882,28.67885,30.82462,35.31689
5180.57950,-1.12073,-0.99246,121.68786,26.87059,28.67639,30.82372,35.31716
5180.58950,-1.12508,-0.99142,121.65577,26.86617,28.67174,30.80070,35.31716
5180.59950,-1.13871,-0.99331,121.55255,26.83475,28.64596,30.74492,35.32692
5180.60950,-1.13724,-1.00384,121.55786,26.80159,28.62539,30.78472,35.34616
5180.61950,-1.13232,-1.00301,121.57772,26.81842,28.62203,30.79112,35.34616
5180.62950,-1.12263,-1.00138,121.61686,26.85159,28.61539,30.80372,35.34616
5180.63950,-1.12103,-0.99559,121.60743,26.87145,28.62213,30.78386,35.33000
5180.64950,-1.11803,-0.98082,121.65156,26.93006,28.66245,30.75462,35.30443
5180.65950,-1.11829,-0.97403,121.77886,26.96959,28.71739,30.77472,35.31716
5180.66950,-1.11241,-0.96559,121.80116,27.00699,28.73524,30.76443,35.29451
5180.67950,-1.09414,-0.94704,121.93846,27.12171,28.78259,30.76628,35.26788
5180.68950,-1.08521,-0.94396,122.05886,27.17659,28.79939,30.79372,35.28916
5180.69950,-1.09367,-0.93556,121.96396,27.17026,28.80713,30.73116,35.25542
5180.70950,-1.09725,-0.93201,121.92386,27.16759,28.81039,30.70472,35.24116
5180.71950,-1.08855,-0.93067,121.79856,27.16759,28.75999,30.66972,35.20126
5180.72950,-1.08335,-0.93290,121.86736,27.20889,28.73839,30.67572,35.24436
5180.73950,-1.08272,-0.93410,121.91986,27.22659,28.73839,30.68472,35.27016
5180.74950,-1.06781,-0.92118,121.87899,27.28672,28.72853,30.64714,35.21660
5180.75950,-1.05664,-0.90519,121.83862,27.36814,28.71401,30.57796,35.17851
5180.76950,-1.06771,-0.90245,121.84986,27.39459,28.70739,30.52572,35.22216
5180.77950,-1.06039,-0.89214,121.89453,27.43643,28.74125,30.52572,35.19113
5180.78950,-1.05214,-0.88052,121.94486,27.48359,28.77939,30.52572,35.15616
5180.79950,-1.04950,-0.87867,121.74911,27.45063,28.73194,30.47299,35.09355
5180.80950,-1.07246,-0.85068,121.62806,27.51066,28.76537,30.29087,35.06116
5180.81950,-1.08255,-0.83948,121.61986,27.54259,28.78939,30.22672,35.06116
5180.82950,-1.08483,-0.82564,121.48828,27.55866,28.78611,30.14174,35.00177
5180.83950,-1.08952,-0.79721,121.21886,27.59159,28.77939,29.96772,34.88016
5180.84950,-1.10127,-0.79004,121.21933,27.61052,28.79880,29.91613,34.89389
5180.85950,-1.10118,-0.78005,121.28997,27.67155,28.82378,29.88887,34.90577
5180.86950,-1.07553,-0.77613,121.42686,27.74959,28.83039,29.94772,34.89916
5180.87950,-1.07761,-0.77582,121.62605,27.80079,28.87361,29.98530,34.96634
5180.88950,-1.07735,-0.78141,122.02161,27.89921,28.92962,30.07557,35.11721
5180.89950,-1.07240,-0.79265,122.34686,27.97659,28.94339,30.16672,35.26016
5180.90950,-1.07915,-0.79196,122.48379,27.99702,28.99040,30.19227,35.30410
5180.91950,-1.08559,-0.79129,122.61486,28.01659,29.03539,30.21672,35.34616
5180.92950,-1.09317,-0.77652,122.54756,28.04810,29.05195,30.13180,35.31572
5180.93950,-1.12065,-0.73664,122.32997,28.10421,29.10845,29.89474,35.22257
5180.94950,-1.13554,-0.71738,122.21686,28.12459,29.13839,29.77872,35.17516
5180.95950,-1.14762,-0.68793,122.05736,28.13619,29.20973,29.65750,35.05394
5180.96950,-1.15423,-0.66266,121.89037,28.15079,29.25178,29.54522,34.94259
5180.97950,-1.15051,-0.65593,121.80160,28.16149,29.23520,29.50297,34.90195
5180.98950,-1.14943,-0.65398,121.77586,28.16459,29.23039,29.49072,34.89016
5180.99950,-1.12374,-0.63254,121.69186,28.20534,29.26449,29.48240,34.73963
5181.00950,-1.11942,-0.62282,121.64960,28.23317,29.26856,29.44667,34.70121
5181.01950,-1.12864,-0.61018,121.63709,28.27319,29.29006,29.37482,34.69902
5181.02950,-1.13649,-0.61123,121.69486,28.26259,29.32239,29.39072,34.71916
5181.03950,-1.14885,-0.60204,121.63157,28.26259,29.34147,29.32604,34.70148
5181.04950,-1.16660,-0.59787,121.56025,28.26259,29.32994,29.24243,34.72530
5181.05950,-1.17325,-0.60659,121.54823,28.24896,29.29139,29.23172,34.77616
5181.06950,-1.18368,-0.60715,121.57767,28.21792,29.33338,29.24739,34.77898
5181.07950,-1.19971,-0.60511,121.67300,28.18459,29.42271,29.28072,34.78498
5181.08950,-1.20139,-0.60060,121.57620,28.17616,29.40937,29.23873,34.75194
5181.09950,-1.20426,-0.59063,121.38702,28.16459,29.38439,29.15292,34.68512
5181.10950,-1.20640,-0.58422,121.31502,28.16459,29.38439,29.11292,34.65312
5181.11950,-1.21012,-0.58267,121.32728,28.15428,29.40878,29.11859,34.64563
5181.12950,-1.21711,-0.58007,121.35486,28.13459,29.45539,29.13172,34.63316
5181.13950,-1.22392,-0.57916,121.43068,28.16145,29.46933,29.12152,34.67838
5181.14950,-1.23993,-0.57943,121.64451,28.22032,29.51053,29.11855,34.79511
5181.15950,-1.24543,-0.58340,121.77586,28.23359,29.53839,29.15172,34.85216
5181.16950,-1.26064,-0.57924,121.76702,28.21353,29.57647,29.12486,34.85216
5181.17950,-1.29341,-0.57274,121.73966,28.15419,29.65753,29.07918,34.84876
5181.18950,-1.29972,-0.57580,121.71986,28.11459,29.67139,29.09172,34.84216
5181.19950,-1.29972,-0.57580,121.71986,28.11459,29.67139,29.09172,34.84216
5181.20950,-1.29603,-0.56958,121.76057,28.16710,29.67139,29.06871,34.85337
5181.21950,-1.29347,-0.56527,121.78886,28.20359,29.67139,29.05272,34.86116
5181.22950,-1.30378,-0.57083,121.60979,28.13928,29.62093,29.00388,34.84569
5181.23950,-1.29181,-0.58340,121.44286,28.04559,29.56839,29.05272,34.77616
5181.24950,-1.29896,-0.58257,121.43821,28.04559,29.57062,29.03050,34.79151
5181.25950,-1.32705,-0.58103,121.42439,28.04093,29.57689,28.94988,34.85669
5181.26950,-1.32641,-0.58936,121.44599,28.01877,29.56496,28.98397,34.87829
5181.27950,-1.32578,-0.59430,121.44173,27.99838,29.55700,29.00411,34.88223
5181.28950,-1.32450,-0.59605,121.36491,27.95931,29.55038,29.01073,34.84448
5181.29950,-1.32538,-0.59509,121.35770,27.95631,29.55502,29.00787,34.83849
5181.30950,-1.33795,-0.57994,121.52895,28.04938,29.62391,28.95992,34.89574
5181.31950,-1.31931,-0.59600,121.43886,27.98659,29.55839,29.03272,34.86116
5181.32950,-1.32103,-0.59505,121.44153,27.98837,29.56294,29.02737,34.86285
5181.33950,-1.33889,-0.58565,121.46724,28.00416,29.60939,28.97353,34.88016
5181.34950,-1.34237,-0.58919,121.44886,27.97659,29.60939,28.98272,34.88016
5181.35950,-1.34237,-0.58919,121.44886,27.97659,29.60939,28.98272,34.88016
5181.36950,-1.33586,-0.58714,121.46600,27.99807,29.60698,28.98755,34.87340
5181.37950,-1.31540,-0.58069,121.51986,28.06559,29.59939,29.00272,34.85216
5181.38950,-1.31127,-0.57663,121.45390,28.05589,29.59939,28.99302,34.80560
5181.39950,-1.31100,-0.58015,121.73801,28.12252,29.64886,29.06062,34.90601
5181.40950,-1.31099,-0.58026,121.74686,28.12459,29.65039,29.06272,34.90916
5181.41950,-1.32712,-0.56793,121.57032,28.09946,29.65748,28.95963,34.85375
5181.42950,-1.33354,-0.57484,121.49752,28.06232,29.62323,28.94460,34.86737
5181.43950,-1.33066,-0.59060,121.52586,28.03559,29.57939,28.99272,34.91816
5181.44950,-1.30187,-0.57729,121.63063,28.13755,29.59810,29.02078,34.87419
5181.45950,-1.29989,-0.57637,121.63786,28.14459,29.59939,29.02272,34.87116
5181.46950,-1.29905,-0.58295,121.61037,28.12344,29.57243,29.03329,34.88121
5181.47950,-1.27200,-0.59132,121.61268,28.13140,29.52090,29.10239,34.85798
5181.48950,-1.25907,-0.59255,121.62586,28.14459,29.50739,29.13172,34.84216
5181.49950,-1.26551,-0.60721,121.52358,28.06997,29.45541,29.14010,34.85809
5181.50950,-1.27518,-0.61131,121.53610,28.06407,29.44539,29.12475,34.90189
5181.51950,-1.27669,-0.61153,121.54186,28.06559,29.44539,29.12172,34.90916
5181.52950,-1.25930,-0.63830,121.71901,28.04064,29.41129,29.27891,34.98817
5181.53950,-1.25578,-0.64370,121.75486,28.03559,29.40439,29.31072,35.00416
5181.54950,-1.23602,-0.64444,121.57124,28.02008,29.32931,29.29521,34.92663
5181.55950,-1.23439,-0.65147,121.48595,27.98365,29.28805,29.29602,34.91823
5181.56950,-1.23749,-0.65899,121.43786,27.94759,29.26139,29.30072,34.92816
5181.57950,-1.22637,-0.66695,121.52786,27.93122,29.27776,29.39072,34.92816
5181.58950,-1.22390,-0.66871,121.54786,27.92759,29.28139,29.41072,34.92816
5181.59950,-1.22884,-0.66211,121.55326,27.94863,29.29812,29.37834,34.92816
5181.60950,-1.21221,-0.66538,121.62745,27.97362,29.29060,29.43508,34.92816
5181.61950,-1.20341,-0.66915,121.65686,27.97659,29.28139,29.47072,34.92816
5181.62950,-1.19054,-0.66068,121.69919,28.02461,29.29849,29.47886,34.89723
