time_s,cop_x_cm,cop_y_cm,mass_kg,tr_kg,tl_kg,br_kg,bl_kg
6465.64350,0.86318,-1.38721,60.51586,14.76359,11.81239,16.70072,17.23916
6465.65350,0.86735,-1.38531,60.50641,14.76450,11.81239,16.70072,17.22880
6465.66350,0.90708,-1.36935,60.42115,14.77359,11.80815,16.70274,17.13668
6465.67350,0.88912,-1.39729,60.50386,14.77359,11.77039,16.72072,17.23916
6465.68350,0.88736,-1.39734,60.50172,14.76883,11.77408,16.72191,17.23690
6465.69350,0.87356,-1.40014,60.48186,14.72932,11.79745,16.73181,17.22328
6465.70350,0.86642,-1.42228,60.44555,14.69051,11.76163,16.74176,17.25164
6465.71350,0.85999,-1.44223,60.41286,14.65559,11.72939,16.75072,17.27716
6465.72350,0.86888,-1.41556,60.38712,14.67440,11.76998,16.73092,17.21182
6465.73350,0.86897,-1.41529,60.38686,14.67459,11.77039,16.73072,17.21116
6465.74350,0.88978,-1.41539,60.32207,14.67459,11.74175,16.72603,17.17970
6465.75350,0.91065,-1.41549,60.25728,14.67459,11.71312,16.72133,17.14825
6465.76350,0.87603,-1.41550,60.36986,14.65559,11.78139,16.75072,17.18216
6465.77350,0.89887,-1.39042,60.47267,14.74969,11.79882,16.74201,17.18216
6465.78350,0.90224,-1.38673,60.48786,14.76359,11.80139,16.74072,17.18216
6465.79350,0.89045,-1.40408,60.49084,14.73426,11.78598,16.75514,17.21547
6465.80350,0.87932,-1.41647,60.50732,14.71578,11.77883,16.76664,17.24608
6465.81350,0.88340,-1.38977,60.57686,14.77359,11.82239,16.75072,17.23016
6465.82350,0.85802,-1.39862,60.59444,14.72174,11.85842,16.77620,17.23807
6465.83350,0.87227,-1.40441,60.50006,14.72339,11.80003,16.74540,17.23124
6465.84350,0.87469,-1.40503,60.48686,14.72459,11.79139,16.74072,17.23016
6465.85350,0.87952,-1.38316,60.47224,14.74093,11.82665,16.72352,17.18114
6465.86350,0.88031,-1.37960,60.46986,14.74359,11.83239,16.72072,17.17316
6465.87350,0.86965,-1.39689,60.41732,14.70138,11.80569,16.72072,17.18953
6465.88350,0.84882,-1.39441,60.47508,14.72813,11.81085,16.69492,17.24118
6465.89350,0.84571,-1.39356,60.48586,14.73359,11.81239,16.69072,17.24916
6465.90350,0.85635,-1.39049,60.46675,14.73975,11.80598,16.68949,17.23153
6465.91350,0.91529,-1.37707,60.21009,14.72030,11.74820,16.65749,17.08410
6465.92350,0.90303,-1.38320,60.12286,14.67459,11.73939,16.64072,17.06816
6465.93350,0.89604,-1.35223,60.12730,14.69679,11.80081,16.61112,17.01858
6465.94350,0.89358,-1.34135,60.12886,14.70459,11.82239,16.60072,17.00116
6465.95350,0.87965,-1.35239,60.02748,14.66572,11.78747,16.56749,17.00679
6465.96350,0.86463,-1.35580,60.09952,14.69635,11.77961,16.55350,17.07006
6465.97350,0.86207,-1.35264,60.19186,14.73359,11.79139,16.56072,17.10616
6465.98350,0.86079,-1.36587,60.17264,14.70321,11.77837,16.57932,17.11174
6465.99350,0.84321,-1.37206,60.27618,14.72117,11.78961,16.59072,17.17468
6466.00350,0.83295,-1.37089,60.34686,14.74359,11.80139,16.59072,17.21116
6466.01350,0.84920,-1.35320,60.40948,14.79257,11.82681,16.59692,17.19318
6466.02350,0.85914,-1.34238,60.44786,14.82259,11.84239,16.60072,17.18216
6466.03350,0.85838,-1.34766,60.38768,14.79434,11.83011,16.59663,17.16660
6466.04350,0.86014,-1.35398,60.29686,14.75930,11.80839,16.58691,17.14226
6466.05350,0.87231,-1.34839,60.27986,14.78359,11.79139,16.57072,17.13416
6466.06350,0.87316,-1.33118,60.25836,14.78359,11.82739,16.56072,17.08666
6466.07350,0.85163,-1.31889,60.22151,14.76378,11.86339,16.53141,17.06292
6466.08350,0.82879,-1.32392,60.20586,14.74359,11.86339,16.51172,17.08716
6466.09350,0.85506,-1.32493,60.21081,14.75844,11.84805,16.53598,17.06835
6466.10350,0.88186,-1.32597,60.21586,14.77359,11.83239,16.56072,17.04916
6466.11350,0.88186,-1.32597,60.21586,14.77359,11.83239,16.56072,17.04916
6466.12350,0.83202,-1.33584,60.19336,14.72184,11.84814,16.53147,17.09191
6466.13350,0.82251,-1.32819,60.23761,14.74134,11.86839,16.52172,17.10616
6466.14350,0.82488,-1.32454,60.25486,14.75359,11.87339,16.52172,17.10616
6466.15350,0.85568,-1.31806,60.29896,14.79021,11.87339,16.55087,17.08448
6466.16350,0.86704,-1.31535,60.22761,14.77334,11.86589,16.54647,17.04191
6466.17350,0.86737,-1.31517,60.19886,14.76359,11.86339,16.54172,17.03016
6466.18350,0.87976,-1.31537,60.24518,14.79851,11.84843,16.54813,17.05011
6466.19350,0.87687,-1.31218,60.26163,14.81506,11.84759,16.53612,17.06286
6466.20350,0.84649,-1.31406,60.24478,14.79427,11.85595,16.50588,17.08868
6466.21350,0.82618,-1.35160,60.21286,14.70459,11.83239,16.55072,17.12516
6466.22350,0.81857,-1.34867,60.20134,14.69979,11.83983,16.53896,17.12276
6466.23350,0.80294,-1.33854,60.16942,14.69635,11.85595,16.50412,17.11300
6466.24350,0.82981,-1.33577,60.18386,14.73359,11.83239,16.51172,17.10616
6466.25350,0.83320,-1.32856,60.21422,14.74946,11.84895,16.51632,17.09949
6466.26350,0.84451,-1.30449,60.31586,14.80259,11.90439,16.53172,17.07716
6466.27350,0.84471,-1.31081,60.26390,14.78813,11.87915,16.51947,17.07716
6466.28350,0.83383,-1.33042,60.14800,14.74126,11.82300,16.49101,17.09273
6466.29350,0.79598,-1.33068,60.29386,14.73359,11.89439,16.52172,17.14416
6466.30350,0.79875,-1.33041,60.29258,14.73215,11.89599,16.52636,17.13808
6466.31350,0.81032,-1.32927,60.28725,14.72615,11.90266,16.54569,17.11275
6466.32350,0.83038,-1.36467,60.22086,14.70459,11.80139,16.56072,17.15416
6466.33350,0.82636,-1.36007,60.22539,14.71095,11.80916,16.55112,17.15416
6466.34350,0.79316,-1.32210,60.26286,14.76359,11.87339,16.47172,17.15416
6466.35350,0.79667,-1.32249,60.26119,14.76474,11.87046,16.47459,17.15140
6466.36350,0.83179,-1.32645,60.24453,14.77623,11.84115,16.50333,17.12382
6466.37350,0.85048,-1.33068,60.24404,14.78359,11.82239,16.52172,17.11634
6466.38350,0.84383,-1.33366,60.26186,14.78359,11.82239,16.52172,17.13416
6466.39350,0.82637,-1.34318,60.25086,14.76359,11.81239,16.51172,17.16316
6466.40350,0.81516,-1.30938,60.18551,14.77349,11.86289,16.45231,17.09682
6466.41350,0.81505,-1.30904,60.18486,14.77359,11.86339,16.45172,17.09616
6466.42350,0.80747,-1.33179,60.32086,14.78359,11.85339,16.50172,17.18216
6466.43350,0.80747,-1.33179,60.32086,14.78359,11.85339,16.50172,17.18216
6466.44350,0.78126,-1.38016,60.27968,14.65810,11.83281,16.56937,17.21941
6466.45350,0.82773,-1.36466,60.37785,14.73280,11.84229,16.61032,17.19244
6466.46350,0.82821,-1.36450,60.37886,14.73359,11.84239,16.61072,17.19216
6466.47350,0.82961,-1.34196,60.37508,14.75880,11.87518,16.58550,17.15559
6466.48350,0.82075,-1.32591,60.34375,14.77844,11.88421,16.53724,17.14386
6466.49350,0.81045,-1.32289,60.31286,14.78359,11.87339,16.50172,17.15416
6466.50350,0.83322,-1.32730,60.27366,14.77222,11.85578,16.52445,17.12121
6466.51350,0.85055,-1.33065,60.24386,14.76359,11.84239,16.54172,17.09616
6466.52350,0.85952,-1.30171,60.27611,14.82284,11.87389,16.51172,17.06766
6466.53350,0.80491,-1.31114,60.28386,14.79084,11.88439,16.47172,17.13691
6466.54350,0.78571,-1.31750,60.28286,14.77359,11.88439,16.46172,17.16316
6466.55350,0.79840,-1.31624,60.21629,14.75673,11.87512,16.46172,17.12271
6466.56350,0.80077,-1.31601,60.20386,14.75359,11.87339,16.46172,17.11516
6466.57350,0.81278,-1.32451,60.25468,14.76220,11.86478,16.49618,17.13153
6466.58350,0.75937,-1.35045,60.29587,14.69496,11.88164,16.51041,17.20887
6466.59350,0.75101,-1.35416,60.30086,14.68459,11.88439,16.51172,17.22016
6466.60350,0.77668,-1.34593,60.20952,14.70771,11.84277,16.47703,17.18200
6466.61350,0.77180,-1.34214,60.10562,14.68734,11.82729,16.43682,17.15416
6466.62350,0.76370,-1.34291,60.09286,14.67459,11.83239,16.43172,17.15416
6466.63350,0.77124,-1.32738,60.27057,14.72547,11.90097,16.48334,17.16080
6466.64350,0.77392,-1.32187,60.33386,14.74359,11.92539,16.50172,17.16316
6466.65350,0.78787,-1.35076,60.15967,14.68721,11.82854,16.48726,17.15666
6466.66350,0.77575,-1.36799,60.13053,14.64175,11.81571,16.50079,17.17228
6466.67350,0.75658,-1.37468,60.17186,14.61559,11.84239,16.52172,17.19216
6466.68350,0.77087,-1.35794,60.16826,14.63959,11.86099,16.51572,17.15196
6466.69350,0.77612,-1.35891,60.22464,14.66171,11.86115,16.53009,17.17169
6466.70350,0.77341,-1.36658,60.26186,14.66559,11.85339,16.54172,17.20116
6466.71350,0.78186,-1.34966,60.19820,14.66933,11.86629,16.51675,17.14582
6466.72350,0.79375,-1.32587,60.10886,14.67459,11.88439,16.48172,17.06816
6466.73350,0.81621,-1.34196,60.17060,14.67459,11.86920,16.54493,17.08188
6466.74350,0.83146,-1.35985,60.21967,14.67018,11.84800,16.59602,17.10547
6466.75350,0.82306,-1.36108,60.20386,14.66559,11.84239,16.58072,17.11516
6466.76350,0.82334,-1.37726,60.22198,14.65089,11.82231,16.60521,17.14357
6466.77350,0.81819,-1.40531,60.26586,14.60667,11.81169,16.66503,17.18247
6466.78350,0.81252,-1.41695,60.29186,14.57659,11.82239,16.70072,17.19216
6466.79350,0.81054,-1.41278,60.29186,14.58210,11.82791,16.69244,17.18940
6466.80350,0.80534,-1.40182,60.29186,14.59659,11.84239,16.67072,17.18216
6466.81350,0.82227,-1.40680,60.29516,14.60355,11.82371,16.68904,17.17886
6466.82350,0.84441,-1.42227,60.29294,14.60155,11.78383,16.72072,17.18684
6466.83350,0.83174,-1.43446,60.27886,14.57659,11.77039,16.72072,17.21116
6466.84350,0.83454,-1.43084,60.20798,14.56704,11.75851,16.69735,17.18507
6466.85350,0.84214,-1.42101,60.01640,14.54126,11.72641,16.63419,17.11454
6466.86350,0.91605,-1.44966,59.88286,14.51759,11.61639,16.69072,17.05816
6466.87350,0.91834,-1.44565,59.93751,14.53330,11.63507,16.70666,17.06249
6466.88350,0.92608,-1.43212,60.12286,14.58659,11.69839,16.76072,17.07716
6466.89350,0.92608,-1.43212,60.12286,14.58659,11.69839,16.76072,17.07716
6466.90350,0.92377,-1.47480,60.29333,14.55850,11.68814,16.87447,17.17222
6466.91350,0.91869,-1.46587,60.46486,14.62559,11.71939,16.88972,17.23016
6466.92350,0.93001,-1.46163,60.44264,14.63870,11.70784,16.88083,17.21527
6466.93350,0.96915,-1.44454,60.38395,14.68229,11.68395,16.86122,17.15649
6466.94350,0.96730,-1.43705,60.44786,14.67459,11.73939,16.89972,17.13416
6466.95350,0.96730,-1.43705,60.44786,14.67459,11.73939,16.89972,17.13416
6466.96350,0.92520,-1.40499,60.57786,14.74359,11.81239,16.83972,17.18216
6466.97350,0.91977,-1.40791,60.55656,14.73479,11.80409,16.82982,17.18786
6466.98350,0.87280,-1.43595,60.36685,14.65310,11.72840,16.74714,17.23821
6466.99350,0.89356,-1.45239,60.38675,14.62822,11.71845,16.81132,17.22876
6467.00350,0.91244,-1.46733,60.40486,14.60559,11.70939,16.86972,17.22016
6467.01350,0.91016,-1.46552,60.40222,14.60650,11.71212,16.86427,17.21934
6467.02350,0.88741,-1.44745,60.37586,14.61559,11.73939,16.80972,17.21116
6467.03350,0.89178,-1.44988,60.39106,14.61269,11.74249,16.82662,17.20926
6467.04350,0.93097,-1.47169,60.52786,14.58659,11.77039,16.97872,17.19216
6467.05350,0.92928,-1.47147,60.50766,14.58659,11.76219,16.96582,17.19306
6467.06350,0.91200,-1.46945,60.33373,14.58725,11.69113,16.85039,17.20496
6467.07350,0.89218,-1.46955,60.41239,14.59392,11.71846,16.85705,17.24296
6467.08350,0.88427,-1.46959,60.44386,14.59659,11.72939,16.85972,17.25816
6467.09350,0.88594,-1.47629,60.45323,14.56056,11.75173,16.90296,17.23798
6467.10350,0.84967,-1.48820,60.42537,14.51805,11.75055,16.88035,17.27641
6467.11350,0.84907,-1.48835,60.42486,14.51759,11.75039,16.87972,17.27716
6467.12350,0.89362,-1.51288,60.36250,14.51759,11.65833,16.90942,17.27716
6467.13350,0.89408,-1.51314,60.36186,14.51759,11.65739,16.90972,17.27716
6467.14350,0.85477,-1.54794,60.28246,14.42153,11.62701,16.90972,17.32421
6467.15350,0.85737,-1.54900,60.35966,14.43879,11.64030,16.93621,17.34436
6467.16350,0.85910,-1.54918,60.39986,14.44859,11.64739,16.94972,17.35416
6467.17350,0.88513,-1.53360,60.27843,14.48241,11.60229,16.88901,17.30472
6467.18350,0.86002,-1.52132,60.30597,14.47106,11.65803,16.87972,17.29716
6467.19350,0.85568,-1.51985,60.31286,14.46859,11.66739,16.87972,17.29716
6467.20350,0.87204,-1.52971,60.24252,14.46859,11.61084,16.86593,17.29716
6467.21350,0.87942,-1.53416,60.21086,14.46859,11.58539,16.85972,17.29716
6467.22350,0.85475,-1.52495,60.28934,14.48227,11.63003,16.85252,17.32452
6467.23350,0.86010,-1.53608,60.37818,14.46671,11.65459,16.92172,17.33516
6467.24350,0.86590,-1.54179,60.40086,14.45859,11.65739,16.94972,17.33516
6467.25350,0.86590,-1.54179,60.40086,14.45859,11.65739,16.94972,17.33516
6467.26350,0.85993,-1.52504,60.32309,14.50129,11.62539,16.85826,17.33815
6467.27350,0.89142,-1.57187,60.27486,14.44859,11.53339,16.92972,17.36316
6467.28350,0.88188,-1.56190,60.30608,14.45453,11.56729,16.92675,17.35751
6467.29350,0.85939,-1.53836,60.37986,14.46859,11.64739,16.91972,17.34416
6467.30350,0.86064,-1.55049,60.35319,14.46859,11.60376,16.90760,17.37325
6467.31350,0.84404,-1.56576,60.31329,14.40820,11.60650,16.92412,17.37447
6467.32350,0.83290,-1.57049,60.29886,14.36959,11.62639,16.93972,17.36316
6467.33350,0.83084,-1.55203,60.25573,14.41210,11.61407,16.87194,17.35761
6467.34350,0.83873,-1.55432,60.22886,14.41488,11.59363,16.86619,17.35416
6467.35350,0.84465,-1.56323,60.22886,14.39959,11.58539,16.88972,17.35416
6467.36350,0.82127,-1.55641,60.24497,14.39556,11.61439,16.86959,17.36544
6467.37350,0.78661,-1.54630,60.26886,14.38959,11.65739,16.83972,17.38216
6467.38350,0.78542,-1.55312,60.25334,14.37989,11.64236,16.83972,17.39137
6467.39350,0.77517,-1.55238,60.22314,14.36959,11.64158,16.82012,17.39185
6467.40350,0.76582,-1.54406,60.20886,14.36959,11.65739,16.79972,17.38216
6467.41350,0.76521,-1.54278,60.22001,14.37778,11.65739,16.79644,17.38839
6467.42350,0.76776,-1.53377,60.26161,14.41959,11.65739,16.77972,17.40491
6467.43350,0.77934,-1.52867,60.23048,14.41959,11.65739,16.77972,17.37378
6467.44350,0.74160,-1.54439,60.14531,14.35204,11.64658,16.75072,17.39596
6467.45350,0.71102,-1.55689,60.12986,14.30159,11.65739,16.75072,17.42016
6467.46350,0.71448,-1.54019,60.16967,14.34009,11.68014,16.73759,17.41185
6467.47350,0.72237,-1.52662,60.18422,14.37544,11.68690,16.72072,17.40116
6467.48350,0.72842,-1.54046,60.11986,14.35059,11.64739,16.72072,17.40116
6467.49350,0.71215,-1.52644,60.13593,14.35416,11.68775,16.70286,17.39116
6467.50350,0.68290,-1.50123,60.16486,14.36059,11.76039,16.67072,17.37316
6467.51350,0.69365,-1.50647,60.12886,14.34604,11.74548,16.68163,17.35571
6467.52350,0.69309,-1.52578,60.11803,14.32799,11.70792,16.69332,17.38880
6467.53350,0.66013,-1.54297,60.20686,14.34059,11.68839,16.68072,17.49716
6467.54350,0.66516,-1.54143,60.19804,14.33569,11.69354,16.68807,17.48074
6467.55350,0.67876,-1.53728,60.17420,14.32244,11.70745,16.70794,17.43637
6467.56350,0.65003,-1.55305,60.17586,14.31059,11.67839,16.68072,17.50616
6467.57350,0.64822,-1.55050,60.16659,14.30947,11.68223,16.67454,17.50035
6467.58350,0.64033,-1.53941,60.12626,14.30464,11.69889,16.64766,17.47508
6467.59350,0.64744,-1.53195,60.09088,14.31085,11.69704,16.63310,17.44989
6467.60350,0.68748,-1.52932,60.06898,14.33599,11.66935,16.65222,17.41142
6467.61350,0.69153,-1.52554,60.10286,14.32059,11.70939,16.69072,17.38216
6467.62350,0.69153,-1.52554,60.10286,14.32059,11.70939,16.69072,17.38216
6467.63350,0.72131,-1.49573,60.01923,14.38457,11.68766,16.62488,17.32212
6467.64350,0.67939,-1.52309,60.25186,14.35059,11.75039,16.72072,17.43016
6467.65350,0.67939,-1.52309,60.25186,14.35059,11.75039,16.72072,17.43016
6467.66350,0.66606,-1.52861,60.19086,14.33059,11.72939,16.69072,17.44016
6467.67350,0.67007,-1.53080,60.18702,14.33059,11.72195,16.69432,17.44016
6467.68350,0.70294,-1.55007,60.17266,14.33179,11.66367,16.73140,17.44580
6467.69350,0.72800,-1.57360,60.27386,14.34059,11.63639,16.80972,17.48716
6467.70350,0.72800,-1.57360,60.27386,14.34059,11.63639,16.80972,17.48716
6467.71350,0.71798,-1.51296,60.30086,14.40959,11.73939,16.74072,17.41116
6467.72350,0.74568,-1.53489,60.13056,14.37988,11.63741,16.72092,17.39235
6467.73350,0.74596,-1.53511,60.12886,14.37959,11.63639,16.72072,17.39216
6467.74350,0.70644,-1.50438,60.00663,14.35497,11.68902,16.62735,17.33529
6467.75350,0.69938,-1.49889,59.98486,14.35059,11.69839,16.61072,17.32516
6467.76350,0.74083,-1.54646,59.98986,14.33059,11.59539,16.69072,17.37316
6467.77350,0.73088,-1.54046,60.01653,14.33725,11.61606,16.68405,17.37916
6467.78350,0.72591,-1.53746,60.02986,14.34059,11.62639,16.68072,17.38216
6467.79350,0.76627,-1.56056,60.08815,14.34929,11.58202,16.75815,17.39869
6467.80350,0.78312,-1.58211,60.26569,14.36695,11.58401,16.85586,17.45887
6467.81350,0.78486,-1.58501,60.29286,14.36959,11.58539,16.86972,17.46816
6467.82350,0.79552,-1.58459,60.27544,14.38120,11.56739,16.86391,17.46293
6467.83350,0.79203,-1.57782,60.29290,14.38959,11.58443,16.85972,17.45916
6467.84350,0.80294,-1.58798,60.34723,14.37513,11.59539,16.91754,17.45916
6467.85350,0.83354,-1.59395,60.28313,14.38413,11.54303,16.91790,17.43807
6467.86350,0.84287,-1.59439,60.25286,14.38959,11.52339,16.90972,17.43016
6467.87350,0.87996,-1.58795,60.14433,14.38472,11.49857,16.90972,17.35132
6467.88350,0.89769,-1.56993,60.01478,14.38336,11.49162,16.86824,17.27155
6467.89350,0.86209,-1.55140,59.98986,14.38959,11.52339,16.79972,17.27716
6467.90350,0.87516,-1.54664,60.01259,14.41573,11.51960,16.80351,17.27375
6467.91350,0.89656,-1.53884,60.04986,14.45859,11.51339,16.80972,17.26816
6467.92350,0.89671,-1.58197,59.91886,14.36059,11.44139,16.83972,17.27716
6467.93350,0.89652,-1.58355,59.97013,14.36396,11.45594,16.86278,17.28745
6467.94350,0.89564,-1.59085,60.20786,14.37959,11.52339,16.96972,17.33516
6467.95350,0.89564,-1.59085,60.20786,14.37959,11.52339,16.96972,17.33516
6467.96350,0.92205,-1.59234,60.26418,14.44763,11.47563,16.96776,17.37316
6467.97350,0.93331,-1.58495,60.35286,14.47859,11.50239,16.99872,17.37316
6467.98350,0.93061,-1.57930,60.31877,14.47313,11.50812,16.98263,17.35489
6467.99350,0.92497,-1.56751,60.24775,14.46177,11.52005,16.94911,17.31682
6468.00350,0.91559,-1.58273,60.18600,14.40919,11.50581,16.95646,17.31453
6468.01350,0.91408,-1.58634,60.17786,14.39959,11.50239,16.95972,17.31616
6468.02350,0.91912,-1.58271,60.10686,14.41959,11.46139,16.90972,17.31616
6468.03350,0.93715,-1.58702,60.10650,14.42643,11.44303,16.92772,17.30932
6468.04350,0.96760,-1.59623,60.11702,14.42815,11.42155,16.97376,17.29356
6468.05350,0.96474,-1.59898,60.13686,14.40959,11.44139,16.99872,17.28716
6468.06350,0.95481,-1.60176,60.13613,14.40595,11.43739,16.98817,17.30461
6468.07350,0.94267,-1.60861,60.17676,14.39959,11.44314,16.99888,17.33516
6468.08350,0.95683,-1.61398,60.29001,14.39959,11.47757,17.07769,17.33516
6468.09350,0.95149,-1.61222,60.27421,14.39959,11.47543,17.06201,17.33718
6468.10350,0.92615,-1.60354,60.16486,14.39959,11.45139,16.96972,17.34416
6468.11350,0.93306,-1.60675,60.14600,14.39729,11.43713,16.97179,17.33979
6468.12350,0.94535,-1.61273,60.12073,14.38959,11.41820,16.98337,17.32957
6468.13350,0.90945,-1.59704,60.24586,14.38959,11.51339,16.99872,17.34416
6468.14350,0.91116,-1.59840,60.22085,14.38959,11.49904,16.98807,17.34416
6468.15350,0.91861,-1.60435,60.11213,14.38959,11.43662,16.94176,17.34416
6468.16350,0.93942,-1.63121,60.05286,14.35059,11.37939,16.97872,17.34416
6468.17350,0.93669,-1.63109,60.07075,14.34948,11.38850,16.98539,17.34738
6468.18350,0.91497,-1.63007,60.21386,14.34059,11.46139,17.03872,17.37316
6468.19350,0.92149,-1.63159,60.20682,14.34488,11.45006,17.03982,17.37206
6468.20350,0.97261,-1.64507,60.15705,14.37885,11.35920,17.05092,17.36807
6468.21350,0.95765,-1.65540,60.22238,14.37219,11.36653,17.07092,17.41274
6468.22350,0.95183,-1.65943,60.24786,14.36959,11.36939,17.07872,17.43016
6468.23350,0.96836,-1.64071,60.17856,14.38279,11.37599,17.05232,17.36746
6468.24350,0.95232,-1.62903,60.13502,14.36117,11.40977,17.02892,17.33516
6468.25350,0.95181,-1.62899,60.13486,14.36059,11.41039,17.02872,17.33516
6468.26350,0.95352,-1.61144,60.12923,14.39884,11.41602,16.98991,17.32447
6468.27350,0.95485,-1.59779,60.12486,14.42859,11.42039,16.95972,17.31616
6468.28350,0.94894,-1.60513,60.10623,14.41065,11.41096,16.95972,17.32490
6468.29350,0.92550,-1.62439,60.07320,14.35825,11.39843,16.96236,17.35416
6468.30350,0.91551,-1.60950,60.15486,14.37959,11.45139,16.96972,17.35416
6468.31350,0.93476,-1.59482,60.13003,14.39798,11.46105,16.96512,17.30587
6468.32350,0.95717,-1.57773,60.10115,14.41937,11.47228,16.95977,17.24972
6468.33350,0.93631,-1.65215,60.04386,14.29159,11.37939,17.02872,17.34416
6468.34350,0.94783,-1.62685,60.02822,14.33415,11.39677,16.99397,17.30333
6468.35350,0.94958,-1.62302,60.02586,14.34059,11.39939,16.98872,17.29716
6468.36350,0.94470,-1.62486,60.03420,14.34059,11.39813,16.98632,17.30917
6468.37350,0.92668,-1.63093,60.09495,14.35698,11.39177,16.97661,17.36959
6468.38350,0.97678,-1.60970,60.10486,14.40959,11.39939,16.99872,17.29716
6468.39350,0.96001,-1.61762,60.05996,14.39170,11.37712,16.96988,17.32126
6468.40350,0.94162,-1.62057,60.04535,14.38780,11.36700,16.94065,17.34990
6468.41350,0.94631,-1.61587,60.07286,14.39959,11.37939,16.94972,17.34416
6468.42350,0.92123,-1.61765,60.13961,14.36404,11.43888,16.98527,17.35141
6468.43350,0.91176,-1.61832,60.16486,14.35059,11.46139,16.99872,17.35416
6468.44350,0.93898,-1.63415,59.96922,14.30752,11.37890,16.97755,17.30525
6468.45350,0.97002,-1.63894,60.07249,14.37687,11.34117,17.00514,17.34932
6468.46350,0.97802,-1.63852,60.13986,14.40959,11.33839,17.01872,17.37316
6468.47350,0.96989,-1.63660,60.17687,14.39752,11.37138,17.03883,17.36914
6468.48350,0.95783,-1.63375,60.23186,14.37959,11.42039,17.06872,17.36316
6468.49350,0.95669,-1.63232,60.16408,14.37343,11.40129,17.03791,17.35145
6468.50350,0.97179,-1.63522,60.11511,14.38800,11.35809,17.01872,17.35030
6468.51350,0.98173,-1.63761,60.11086,14.39959,11.33839,17.01872,17.35416
6468.52350,0.98645,-1.63542,60.10900,14.42377,11.31917,17.00012,17.36594
6468.53350,0.99607,-1.62834,60.12141,14.44269,11.32423,17.00104,17.35345
6468.54350,1.00572,-1.62011,60.14086,14.44859,11.34839,17.01872,17.32516
6468.55350,0.99003,-1.61844,60.09829,14.41444,11.36869,17.00882,17.30635
6468.56350,0.96821,-1.61529,60.07021,14.37959,11.39979,16.99872,17.29211
6468.57350,0.96573,-1.61167,60.09576,14.38949,11.41039,16.99872,17.29716
6468.58350,0.95297,-1.62858,60.08358,14.36543,11.38465,16.99872,17.33478
6468.59350,0.93641,-1.64808,60.06086,14.33059,11.35839,16.99872,17.37316
6468.60350,0.96072,-1.64541,60.00586,14.35009,11.32239,16.98422,17.34916
6468.61350,0.96809,-1.64568,59.99586,14.35509,11.31239,16.98422,17.34416
6468.62350,0.95114,-1.64863,60.04086,14.34059,11.33839,16.99872,17.36316
6468.63350,0.95114,-1.64863,60.04086,14.34059,11.33839,16.99872,17.36316
6468.64350,0.93685,-1.65480,60.07886,14.34059,11.33839,16.99872,17.40116
6468.65350,0.93796,-1.65269,60.08286,14.34422,11.34203,16.99872,17.39789
6468.66350,0.93275,-1.64726,60.12242,14.35762,11.35986,16.99872,17.40622
6468.67350,0.92055,-1.64431,60.17786,14.36959,11.37939,16.99872,17.43016
6468.68350,0.92051,-1.64850,60.14854,14.35620,11.36916,16.99675,17.42642
6468.69350,0.92038,-1.65986,60.06928,14.32003,11.34150,16.99143,17.41631
6468.70350,0.91830,-1.66414,60.13764,14.30159,11.37786,17.04262,17.41557
6468.71350,0.91621,-1.66256,60.25086,14.30159,11.43039,17.09872,17.42016
6468.72350,0.91865,-1.65745,60.30035,14.32584,11.44079,17.10367,17.43006
6468.73350,0.92114,-1.65225,60.35086,14.35059,11.45139,17.10872,17.44016
6468.74350,0.90170,-1.66404,60.25480,14.34358,11.38619,17.03861,17.48644
6468.75350,0.94850,-1.62376,60.26270,14.44271,11.39687,17.00872,17.41440
6468.76350,0.96030,-1.60686,60.25189,14.46762,11.41198,16.99457,17.37771
6468.77350,0.92878,-1.60270,60.13533,14.42192,11.41861,16.93563,17.35917
6468.78350,0.93168,-1.61089,60.10986,14.42859,11.37939,16.91972,17.38216
6468.79350,0.92884,-1.61117,60.10541,14.42504,11.38030,16.91699,17.38307
6468.80350,0.90036,-1.61391,60.06086,14.38959,11.38939,16.88972,17.39216
6468.81350,0.90182,-1.61254,60.07616,14.39259,11.39659,16.89672,17.39026
6468.82350,0.90967,-1.60376,60.22226,14.41369,11.46139,16.96262,17.38456
6468.83350,0.86199,-1.63612,60.29786,14.36059,11.46139,16.98872,17.48716
6468.84350,0.86199,-1.63612,60.29786,14.36059,11.46139,16.98872,17.48716
6468.85350,0.89719,-1.61417,60.38597,14.42643,11.49141,17.01777,17.45037
6468.86350,0.86753,-1.62322,60.35916,14.38998,11.49239,16.99892,17.47787
6468.87350,0.86722,-1.62332,60.35886,14.38959,11.49239,16.99872,17.47816
6468.88350,0.85978,-1.61327,60.13312,14.36978,11.44190,16.89080,17.43064
6468.89350,0.84193,-1.62845,60.16152,14.36959,11.41423,16.88096,17.49674
6468.90350,0.81917,-1.64329,60.10738,14.31111,11.41039,16.87972,17.50616
6468.91350,0.82424,-1.63434,60.12775,14.30573,11.44810,16.90271,17.47121
6468.92350,0.83396,-1.62154,60.16251,14.31054,11.49195,16.92945,17.43057
6468.93350,0.83043,-1.64801,60.04019,14.25056,11.42975,16.92102,17.43886
6468.94350,0.81012,-1.65109,60.03578,14.23532,11.43501,16.90580,17.45965
6468.95350,0.80148,-1.65069,60.04186,14.23259,11.44139,16.89972,17.46816
6468.96350,0.82714,-1.64198,60.18306,14.31594,11.44139,16.92524,17.50048
6468.97350,0.83164,-1.64046,60.20786,14.33059,11.44139,16.92972,17.50616
6468.98350,0.82083,-1.65873,60.16466,14.27875,11.42651,16.94412,17.51528
6468.99350,0.82440,-1.65859,60.06144,14.25116,11.41039,16.92309,17.47680
6469.00350,0.82998,-1.65129,60.04086,14.26159,11.41039,16.90972,17.45916
6469.01350,0.78652,-1.62664,60.10006,14.28379,11.47847,16.85792,17.47988
6469.02350,0.79919,-1.65773,60.10458,14.24793,11.43431,16.91372,17.50862
6469.03350,0.80901,-1.67170,60.09886,14.23259,11.41039,16.93972,17.51616
6469.04350,0.78904,-1.64168,60.12246,14.26872,11.46348,16.88810,17.50215
6469.05350,0.78194,-1.63099,60.13086,14.28159,11.48239,16.86972,17.49716
6469.06350,0.78194,-1.63099,60.13086,14.28159,11.48239,16.86972,17.49716
6469.07350,0.78747,-1.64915,60.04873,14.26671,11.41427,16.84972,17.51803
6469.08350,0.78411,-1.64256,59.99186,14.23259,11.44139,16.84972,17.46816
6469.09350,0.78421,-1.63712,60.03746,14.24915,11.45867,16.85692,17.47272
6469.10350,0.77827,-1.61353,60.17034,14.30375,11.52323,16.86292,17.48044
6469.11350,0.75849,-1.59319,60.13386,14.31059,11.55439,16.80972,17.45916
6469.12350,0.76343,-1.59762,60.08917,14.30535,11.52874,16.79869,17.45640
6469.13350,0.77643,-1.60928,59.97186,14.29159,11.46139,16.76972,17.44916
6469.14350,0.77587,-1.60743,59.97336,14.27659,11.48189,16.78472,17.43016
6469.15350,0.75735,-1.61229,60.05133,14.26649,11.51269,16.80952,17.46263
6469.16350,0.73873,-1.61924,60.13086,14.27159,11.52339,16.81972,17.51616
6469.17350,0.71443,-1.61603,60.10321,14.24296,11.54862,16.80031,17.51131
6469.18350,0.71024,-1.62239,60.06271,14.22228,11.53515,16.79427,17.51101
6469.19350,0.73322,-1.63279,60.05086,14.23259,11.49239,16.80972,17.51616
6469.20350,0.72894,-1.61685,60.09169,14.24775,11.53673,16.80972,17.49749
6469.21350,0.72223,-1.59185,60.15586,14.27159,11.60639,16.80972,17.46816
6469.22350,0.72181,-1.59727,60.13586,14.27522,11.57985,16.79517,17.48561
6469.23350,0.73051,-1.61320,60.09683,14.27426,11.52204,16.78804,17.51250
6469.24350,0.74680,-1.62433,60.08986,14.26159,11.50239,16.81972,17.50616
6469.25350,0.73039,-1.61391,60.06011,14.25809,11.52059,16.78507,17.49636
6469.26350,0.71415,-1.59961,59.99366,14.25859,11.52919,16.72772,17.47816
6469.27350,0.74068,-1.60906,59.97286,14.27159,11.48239,16.74072,17.47816
6469.28350,0.74153,-1.60147,59.97754,14.27879,11.49715,16.73712,17.46448
6469.29350,0.74304,-1.58800,59.98586,14.29159,11.52339,16.73072,17.44016
6469.30350,0.72637,-1.60694,59.92847,14.23171,11.50878,16.73785,17.45014
6469.31350,0.70815,-1.63856,59.87365,14.14445,11.48946,16.77158,17.46816
6469.32350,0.72997,-1.63366,59.96286,14.18259,11.50239,16.80972,17.46816
6469.33350,0.72997,-1.63366,59.96286,14.18259,11.50239,16.80972,17.46816
6469.34350,0.73974,-1.61554,60.12858,14.27081,11.53295,16.82072,17.50410
6469.35350,0.73275,-1.64870,60.14886,14.23259,11.49239,16.85972,17.56416
6469.36350,0.73924,-1.64414,60.13530,14.24792,11.48328,16.84639,17.55772
6469.37350,0.76196,-1.62818,60.08786,14.30159,11.45139,16.79972,17.53516
6469.38350,0.75973,-1.62997,60.08495,14.29239,11.45461,16.80432,17.53363
6469.39350,0.75004,-1.63778,60.07228,14.25239,11.46861,16.82432,17.52696
6469.40350,0.73166,-1.61475,60.14986,14.28159,11.53339,16.80972,17.52516
6469.41350,0.73166,-1.61475,60.14986,14.28159,11.53339,16.80972,17.52516
6469.42350,0.74756,-1.62249,60.14288,14.28569,11.50588,16.82410,17.52721
6469.43350,0.74113,-1.64511,60.12009,14.21782,11.50432,16.87126,17.52670
6469.44350,0.72877,-1.64378,60.12086,14.20259,11.52339,16.86972,17.52516
6469.45350,0.76736,-1.65989,60.28586,14.27159,11.48239,16.93972,17.59216
6469.46350,0.76853,-1.66105,60.27898,14.26817,11.47982,16.94121,17.58978
6469.47350,0.78026,-1.67260,60.21017,14.23401,11.45408,16.95606,17.56602
6469.48350,0.77528,-1.66525,60.18926,14.21859,11.47999,16.95372,17.53696
6469.49350,0.77133,-1.66075,60.19986,14.22259,11.49239,16.94972,17.53516
6469.50350,0.77945,-1.63924,60.06263,14.25101,11.46201,16.86150,17.48811
6469.51350,0.74461,-1.66399,59.77477,14.12488,11.40002,16.79043,17.45944
6469.52350,0.74425,-1.66425,59.77186,14.12359,11.39939,16.78972,17.45916
6469.53350,0.80271,-1.65344,59.95798,14.23150,11.39939,16.85902,17.46807
6469.54350,0.80330,-1.65333,59.95986,14.23259,11.39939,16.85972,17.46816
6469.55350,0.80733,-1.65605,59.96928,14.23154,11.39730,16.87123,17.46921
6469.56350,0.82176,-1.67917,60.06255,14.21201,11.39578,16.95915,17.49561
6469.57350,0.76615,-1.67874,60.09786,14.18259,11.44139,16.92972,17.54416
6469.58350,0.79285,-1.68431,60.19089,14.21704,11.43192,16.98054,17.56139
6469.59350,0.82779,-1.69202,60.20416,14.23876,11.39548,17.01426,17.55565
6469.60350,0.83313,-1.69321,60.20386,14.24159,11.38939,17.01872,17.55416
6469.61350,0.84552,-1.66554,60.17236,14.29268,11.39791,16.96848,17.51329
6469.62350,0.84768,-1.66071,60.16686,14.30159,11.39939,16.95972,17.50616
6469.63350,0.85345,-1.65229,60.13309,14.30938,11.39939,16.94240,17.48191
6469.64350,0.83991,-1.64454,60.21571,14.29438,11.47019,16.98151,17.46963
6469.65350,0.83743,-1.64343,60.23086,14.29159,11.48239,16.98872,17.46816
6469.66350,0.83197,-1.64005,60.17046,14.28030,11.47675,16.96106,17.45235
6469.67350,0.86010,-1.64994,60.07877,14.28590,11.40583,16.94688,17.44016
6469.68350,0.87296,-1.65491,60.06086,14.29159,11.37939,16.94972,17.44016
6469.69350,0.84808,-1.64298,60.12729,14.29159,11.43925,16.94972,17.44673
6469.70350,0.83889,-1.63857,60.15186,14.29159,11.46139,16.94972,17.44916
6469.71350,0.85624,-1.65532,60.06321,14.26228,11.40864,16.95705,17.43524
6469.72350,0.86121,-1.65443,60.11204,14.28079,11.41334,16.97082,17.44710
6469.73350,0.86023,-1.64945,60.16986,14.30159,11.43039,16.97872,17.45916
6469.74350,0.87789,-1.66037,60.19304,14.30159,11.41148,17.01532,17.46465
6469.75350,0.90220,-1.65796,60.14988,14.30159,11.39939,17.02664,17.42226
6469.76350,0.91891,-1.64667,60.13550,14.32522,11.39939,17.01872,17.39216
6469.77350,0.93019,-1.64293,60.20393,14.37048,11.39329,17.02482,17.41534
6469.78350,0.93401,-1.64267,60.23786,14.38959,11.38939,17.02872,17.43016
6469.79350,0.92374,-1.65616,60.19786,14.32413,11.40212,17.05902,17.41258
6469.80350,0.93341,-1.66111,60.10654,14.30264,11.37153,17.04633,17.38604
6469.81350,0.94738,-1.65785,60.05086,14.32059,11.33839,17.01872,17.37316
6469.82350,0.94267,-1.65713,60.06557,14.32174,11.34540,17.01872,17.37971
6469.83350,0.90651,-1.65167,60.17886,14.33059,11.39939,17.01872,17.43016
6469.84350,0.92046,-1.65757,60.19002,14.32699,11.39219,17.04752,17.42332
6469.85350,0.95102,-1.65119,60.20158,14.36155,11.37939,17.06148,17.39916
6469.86350,0.95922,-1.62731,60.18986,14.41959,11.37939,17.00872,17.38216
6469.87350,0.97376,-1.64356,60.14283,14.37644,11.35951,17.04751,17.35937
6469.88350,0.99565,-1.66473,60.05709,14.34039,11.30311,17.06912,17.34447
6469.89350,1.00234,-1.66877,60.01986,14.35059,11.26639,17.04872,17.35416
6469.90350,1.00234,-1.66877,60.01986,14.35059,11.26639,17.04872,17.35416
6469.91350,0.97600,-1.66383,60.10886,14.35059,11.31739,17.05872,17.38216
6469.92350,0.96338,-1.65458,60.11436,14.34326,11.35146,17.05139,17.36824
6469.93350,0.94212,-1.65024,60.13402,14.32217,11.39239,17.05324,17.36622
6469.94350,0.94352,-1.67875,60.15886,14.30159,11.34839,17.08872,17.42016
6469.95350,0.95256,-1.66933,60.17031,14.32559,11.35412,17.08327,17.40734
6469.96350,0.97158,-1.64942,60.20813,14.37177,11.37667,17.08327,17.37643
6469.97350,0.96268,-1.65847,60.22086,14.34059,11.38939,17.10872,17.38216
6469.98350,0.96268,-1.65847,60.22086,14.34059,11.38939,17.10872,17.38216
6469.99350,0.96976,-1.65232,60.18286,14.34059,11.38939,17.09872,17.35416
6470.00350,0.97723,-1.64846,60.18072,14.34985,11.38939,17.09872,17.34275
6470.01350,0.99553,-1.64694,60.15829,14.36588,11.36779,17.09640,17.32823
6470.02350,0.97675,-1.68285,60.10686,14.32059,11.29639,17.08872,17.40116
6470.03350,0.97972,-1.68018,60.07729,14.31694,11.29447,17.08104,17.38484
6470.04350,0.99214,-1.66903,59.95409,14.30174,11.28647,17.04904,17.31684
6470.05350,1.00640,-1.65758,60.14286,14.36059,11.33839,17.10872,17.33516
6470.06350,1.00743,-1.65223,60.13785,14.36592,11.34504,17.10219,17.32470
6470.07350,1.01582,-1.60839,60.09686,14.40959,11.39939,17.04872,17.23916
6470.08350,1.01130,-1.61160,60.10510,14.40763,11.39645,17.04872,17.25230
6470.09350,0.97185,-1.64191,60.17710,14.38477,11.37021,17.05443,17.36769
6470.10350,0.99502,-1.65212,60.13486,14.33059,11.37939,17.11872,17.30616
6470.11350,0.99366,-1.65128,60.12298,14.33239,11.37471,17.10882,17.30706
6470.12350,0.98084,-1.64245,59.99859,14.34877,11.32839,17.00963,17.31180
6470.13350,0.99041,-1.63861,59.95586,14.33059,11.33839,17.01872,17.26816
6470.14350,0.99041,-1.63861,59.95586,14.33059,11.33839,17.01872,17.26816
6470.15350,1.01692,-1.63021,60.05707,14.39604,11.33839,17.04296,17.27968
6470.16350,1.03411,-1.62476,60.12286,14.43859,11.33839,17.05872,17.28716
6470.17350,1.02915,-1.63871,60.06911,14.39148,11.32571,17.07080,17.28112
6470.18350,1.01552,-1.66035,60.02733,14.33088,11.31145,17.09060,17.29439
6470.19350,1.00842,-1.66888,60.02286,14.31059,11.30739,17.09872,17.30616
6470.20350,1.03801,-1.63510,60.08598,14.39840,11.33552,17.08500,17.26706
6470.21350,1.01717,-1.62830,60.13698,14.40246,11.37125,17.07872,17.28455
6470.22350,1.00493,-1.63137,60.14486,14.38959,11.37939,17.07872,17.29716
6470.23350,1.03246,-1.62338,60.05653,14.41806,11.33413,17.04222,17.26212
6470.24350,1.04267,-1.62042,60.02386,14.42859,11.31739,17.02872,17.24916
6470.25350,1.01015,-1.64549,60.03033,14.36534,11.31739,17.05028,17.29732
6470.26350,1.01145,-1.67187,60.17047,14.37331,11.29977,17.11746,17.37993
6470.27350,1.01413,-1.67504,60.19686,14.37959,11.29639,17.12872,17.39216
6470.28350,1.01344,-1.63873,60.12922,14.40140,11.34148,17.07054,17.31580
6470.29350,1.00142,-1.66497,60.10828,14.34396,11.32079,17.10034,17.34320
6470.30350,0.99723,-1.67917,60.10986,14.32059,11.30739,17.11872,17.36316
6470.31350,1.01046,-1.66010,60.06077,14.34989,11.30739,17.08209,17.32140
6470.32350,1.01529,-1.65313,60.04286,14.36059,11.30739,17.06872,17.30616
6470.33350,1.01304,-1.63427,60.12973,14.41023,11.34462,17.06142,17.31346
6470.34350,0.96711,-1.65213,60.27063,14.36435,11.40365,17.11712,17.38551
6470.35350,0.95047,-1.66128,60.31086,14.34059,11.42039,17.13872,17.41116
6470.36350,0.95167,-1.64943,60.23512,14.36090,11.39905,17.08054,17.39464
6470.37350,0.96889,-1.64017,60.06266,14.35819,11.35239,17.01712,17.33496
6470.38350,0.97886,-1.64912,60.04386,14.33059,11.34839,17.04872,17.31616
6470.39350,0.97196,-1.64259,60.06216,14.34279,11.36120,17.03652,17.32165
6470.40350,0.96756,-1.63842,60.07386,14.35059,11.36939,17.02872,17.32516
6470.41350,0.95566,-1.64896,60.02538,14.30877,11.36273,17.02872,17.32516
6470.42350,0.90450,-1.65811,59.93944,14.25228,11.35839,16.96951,17.35925
6470.43350,0.87527,-1.65966,59.90286,14.23259,11.35839,16.92972,17.38216
6470.44350,0.92186,-1.65211,59.94068,14.27468,11.35229,16.97181,17.34190
6470.45350,0.93303,-1.65594,59.94453,14.28310,11.33545,16.98085,17.34512
6470.46350,0.92144,-1.66133,59.93186,14.27159,11.32739,16.96972,17.36316
6470.47350,0.91725,-1.66639,60.01286,14.27568,11.34458,17.00204,17.39057
6470.48350,0.91121,-1.67368,60.12986,14.28159,11.36939,17.04872,17.43016
6470.49350,0.89566,-1.67210,60.14309,14.29139,11.36939,17.02422,17.45809
6470.50350,0.89416,-1.68171,60.24947,14.30159,11.37919,17.06732,17.50137
6470.51350,0.90938,-1.69338,60.34586,14.30159,11.38939,17.13872,17.51616
6470.52350,0.90938,-1.69338,60.34586,14.30159,11.38939,17.13872,17.51616
6470.53350,0.89482,-1.67259,60.21519,14.31546,11.37479,17.03652,17.48842
6470.54350,0.87243,-1.66580,60.08875,14.28482,11.36939,16.97025,17.46429
6470.55350,0.86613,-1.66614,60.05986,14.27159,11.36939,16.95972,17.45916
6470.56350,0.85523,-1.65116,60.00382,14.24947,11.40700,16.93760,17.40976
6470.57350,0.85135,-1.64582,59.98386,14.24159,11.42039,16.92972,17.39216
6470.58350,0.84582,-1.62499,59.92060,14.31968,11.36998,16.81110,17.41984
6470.59350,0.83987,-1.64090,59.88026,14.27208,11.35850,16.82952,17.42016
6470.60350,0.83536,-1.64128,59.90509,14.26627,11.37394,16.84199,17.42289
6470.61350,0.81433,-1.65119,60.08262,14.23259,11.45751,16.93868,17.45384
6470.62350,0.83655,-1.67817,60.13886,14.23259,11.41039,16.99872,17.49716
6470.63350,0.82166,-1.67199,60.20900,14.24830,11.44091,16.99872,17.52107
6470.64350,0.77140,-1.65113,60.44686,14.30159,11.54439,16.99872,17.60216
6470.65350,0.77482,-1.65656,60.41129,14.28947,11.52691,16.99719,17.59771
6470.66350,0.78975,-1.68024,60.25662,14.23681,11.45091,16.99052,17.57838
6470.67350,0.72927,-1.66224,60.13886,14.19259,11.49239,16.88972,17.56416
6470.68350,0.72927,-1.66224,60.13886,14.19259,11.49239,16.88972,17.56416
6470.69350,0.77475,-1.67119,59.97872,14.20247,11.39058,16.86006,17.52561
6470.70350,0.75635,-1.68226,60.04686,14.18259,11.41039,16.88972,17.56416
6470.71350,0.75072,-1.68012,60.04840,14.18033,11.41895,16.88497,17.56416
6470.72350,0.70896,-1.66424,60.05986,14.16359,11.48239,16.84972,17.56416
6470.73350,0.71013,-1.66519,60.05843,14.15969,11.48319,16.85449,17.56106
6470.74350,0.71982,-1.67306,60.04651,14.12724,11.48981,16.89422,17.53523
6470.75350,0.68186,-1.65711,60.05832,14.16203,11.50208,16.81289,17.58132
6470.76350,0.68050,-1.65649,60.05886,14.16359,11.50239,16.80972,17.58316
6470.77350,0.67775,-1.65658,60.09186,14.16359,11.51625,16.82292,17.58910
6470.78350,0.66039,-1.66560,60.16431,14.17003,11.51695,16.82972,17.64761
6470.79350,0.65162,-1.67055,60.19486,14.17359,11.51339,16.82972,17.67816
6470.80350,0.63322,-1.63931,60.18695,14.21214,11.55392,16.76151,17.65938
6470.81350,0.63301,-1.63895,60.18686,14.21259,11.55439,16.76072,17.65916
6470.82350,0.61587,-1.63844,60.09125,14.18487,11.54251,16.71546,17.64841
6470.83350,0.60343,-1.63698,60.03874,14.17535,11.53339,16.68072,17.64928
6470.84350,0.60577,-1.63360,60.10486,14.21259,11.53339,16.68072,17.67816
6470.85350,0.58967,-1.62334,60.12576,14.20872,11.57326,16.67298,17.67081
6470.86350,0.60526,-1.62786,60.08989,14.18238,11.57230,16.70252,17.63269
6470.87350,0.62317,-1.63691,60.05986,14.17359,11.54439,16.72072,17.62116
6470.88350,0.62732,-1.62238,60.10984,14.21894,11.55874,16.70684,17.62532
6470.89350,0.63208,-1.60572,60.16729,14.27107,11.57523,16.69088,17.63011
6470.90350,0.61365,-1.60198,60.04118,14.21893,11.58302,16.65256,17.58666
6470.91350,0.61157,-1.59449,60.13253,14.23836,11.62262,16.67722,17.59433
6470.92350,0.61292,-1.59213,60.18086,14.25159,11.63639,16.69072,17.60216
6470.93350,0.64744,-1.57936,60.11436,14.31591,11.57713,16.64013,17.58120
6470.94350,0.68172,-1.58114,60.06050,14.32604,11.53912,16.64981,17.54552
6470.95350,0.68961,-1.58364,60.04986,14.32059,11.53339,16.66072,17.53516
6470.96350,0.69340,-1.57335,60.12257,14.34197,11.57046,16.68211,17.52803
6470.97350,0.69492,-1.56921,60.15186,14.35059,11.58539,16.69072,17.52516
6470.98350,0.70096,-1.56584,60.15792,14.36210,11.58539,16.69072,17.51971
6470.99350,0.70690,-1.56932,60.16584,14.36561,11.57611,16.69956,17.52456
6471.00350,0.70945,-1.57648,60.17086,14.36059,11.56439,16.71072,17.53516
6471.01350,0.69686,-1.58635,60.15934,14.32522,11.56876,16.72264,17.54271
6471.02350,0.68701,-1.59717,60.13670,14.27882,11.57687,16.74367,17.53734
6471.03350,0.74047,-1.57323,60.10686,14.32059,11.58539,16.76072,17.44016
6471.04350,0.76498,-1.56329,60.17742,14.37723,11.58539,16.77464,17.44016
6471.05350,0.79148,-1.55255,60.25386,14.43859,11.58539,16.78972,17.44016
6471.06350,0.80145,-1.55237,60.17192,14.43374,11.55533,16.76596,17.41689
6471.07350,0.81648,-1.54959,60.13827,14.44819,11.53368,16.75493,17.40147
6471.08350,0.82104,-1.54690,60.19386,14.46859,11.54439,16.76972,17.41116
6471.09350,0.82104,-1.54690,60.19386,14.46859,11.54439,16.76972,17.41116
6471.10350,0.81205,-1.56385,60.07232,14.42755,11.48826,16.73520,17.42131
6471.11350,0.80109,-1.56293,60.15286,14.41959,11.53339,16.76972,17.43016
6471.12350,0.82342,-1.57419,60.17920,14.42617,11.50844,16.80784,17.43674
6471.13350,0.86550,-1.59541,60.22886,14.43859,11.46139,16.87972,17.44916
6471.14350,0.86005,-1.59356,60.24411,14.43200,11.47941,16.88665,17.44604
6471.15350,0.84289,-1.59648,60.27149,14.40928,11.50618,16.89972,17.45630
6471.16350,0.82972,-1.60872,60.26886,14.38959,11.49239,16.89972,17.48716
6471.17350,0.82522,-1.60712,60.27630,14.38719,11.50223,16.89972,17.48716
6471.18350,0.81273,-1.60266,60.29697,14.38052,11.52957,16.89972,17.48716
6471.19350,0.88886,-1.58635,60.03386,14.40959,11.43039,16.83972,17.35416
6471.20350,0.88886,-1.58635,60.03386,14.40959,11.43039,16.83972,17.35416
6471.21350,0.87252,-1.60231,60.43886,14.43859,11.53339,16.99872,17.46816
6471.22350,0.87265,-1.58872,60.38825,14.45023,11.53601,16.96094,17.44107
6471.23350,0.88226,-1.55928,60.21564,14.47179,11.51791,16.86295,17.36299
6471.24350,0.91258,-1.60669,60.18186,14.41959,11.43039,16.93972,17.39216
6471.25350,0.91446,-1.59690,60.19434,14.43591,11.44527,16.93252,17.38064
6471.26350,0.92042,-1.56594,60.23386,14.48759,11.49239,16.90972,17.34416
6471.27350,0.92231,-1.57215,60.22926,14.47632,11.48526,16.92122,17.34646
6471.28350,0.92991,-1.58879,60.20787,14.44703,11.46139,16.94993,17.34951
6471.29350,0.93548,-1.57064,60.18180,14.48373,11.46139,16.90738,17.32930
6471.30350,0.93911,-1.55883,60.16486,14.50759,11.46139,16.87972,17.31616
6471.31350,0.94782,-1.55460,60.14972,14.49918,11.47443,16.89233,17.28378
6471.32350,0.97951,-1.57031,60.00399,14.43384,11.43549,16.92553,17.20913
6471.33350,0.98474,-1.57604,59.97086,14.41959,11.42039,16.92972,17.20116
6471.34350,0.98444,-1.54744,60.04626,14.46859,11.47919,16.91972,17.17877
6471.35350,0.94202,-1.54251,60.15901,14.46859,11.54093,16.91972,17.22978
6471.36350,0.93529,-1.52953,60.22903,14.50969,11.56439,16.90579,17.24916
6471.37350,0.99844,-1.54049,60.25028,14.55055,11.50376,16.96389,17.23209
6471.38350,1.03971,-1.55153,60.25686,14.56659,11.46139,17.00872,17.22016
6471.39350,1.04447,-1.50502,60.38296,14.63010,11.57553,17.01792,17.15941
6471.40350,1.04619,-1.47777,60.29789,14.64548,11.59529,16.96035,17.09678
6471.41350,1.04620,-1.47752,60.29686,14.64559,11.59539,16.95972,17.09616
6471.42350,1.07589,-1.46109,60.30960,14.68381,11.60618,16.96952,17.05009
6471.43350,1.07649,-1.46076,60.30986,14.68459,11.60639,16.96972,17.04916
6471.44350,1.03900,-1.46461,60.19739,14.63920,11.59258,16.90395,17.06166
6471.45350,1.06229,-1.50052,60.16099,14.58476,11.53639,16.97167,17.06816
6471.46350,1.07365,-1.50951,60.16686,14.57659,11.52339,16.99872,17.06816
6471.47350,1.07174,-1.47207,60.22167,14.64532,11.57733,16.95609,17.04293
6471.48350,1.05706,-1.46980,60.23975,14.63581,11.60072,16.95466,17.04855
6471.49350,1.04235,-1.47319,60.24986,14.61559,11.61639,16.95972,17.05816
6471.50350,1.03650,-1.46789,60.34344,14.67035,11.61639,16.94586,17.11084
6471.51350,1.03392,-1.46555,60.38486,14.69459,11.61639,16.93972,17.13416
6471.52350,1.03705,-1.46561,60.14875,14.62676,11.58119,16.88820,17.05259
6471.53350,1.04652,-1.49649,60.39624,14.64999,11.58399,17.00786,17.15440
6471.54350,1.04797,-1.50149,60.44286,14.65559,11.58539,17.02872,17.17316
6471.55350,1.03865,-1.49451,60.22757,14.59845,11.56750,16.96004,17.10159
6471.56350,1.01136,-1.47766,60.20142,14.62060,11.57847,16.88623,17.11611
6471.57350,0.99706,-1.46946,60.29386,14.66559,11.59539,16.86972,17.16316
6471.58350,0.98682,-1.47084,60.23762,14.61453,11.61833,16.87712,17.12764
6471.59350,0.98322,-1.47132,60.21786,14.59659,11.62639,16.87972,17.11516
6471.60350,1.00038,-1.48717,60.15813,14.57447,11.58068,16.89447,17.10852
6471.61350,0.97725,-1.51083,60.19310,14.54350,11.56439,16.91156,17.17365
6471.62350,0.95711,-1.52321,60.23186,14.52759,11.56439,16.91972,17.22016
6471.63350,0.93556,-1.49771,60.21324,14.56140,11.58987,16.84622,17.21575
6471.64350,0.88112,-1.48843,60.12203,14.52531,11.61083,16.75914,17.22675
6471.65350,0.85560,-1.50221,60.06486,14.46859,11.60639,16.75072,17.23916
6471.66350,0.86750,-1.48753,60.08893,14.50091,11.62321,16.74742,17.21739
6471.67350,0.88667,-1.46388,60.12776,14.55303,11.65034,16.74210,17.18229
6471.68350,0.86527,-1.48291,60.10384,14.49087,11.65191,16.76212,17.19895
6471.69350,0.83728,-1.49594,60.01902,14.42418,11.64739,16.74591,17.20154
6471.70350,0.83074,-1.48792,59.95986,14.41959,11.64739,16.71072,17.18216
6471.71350,0.82281,-1.49034,60.01454,14.43699,11.64739,16.71072,17.21944
6471.72350,0.80385,-1.49325,60.11411,14.46484,11.65514,16.70822,17.28591
6471.73350,0.77169,-1.48292,60.11586,14.43859,11.70939,16.69072,17.27716
6471.74350,0.78729,-1.47877,60.08093,14.44928,11.69442,16.68359,17.25364
6471.75350,0.81551,-1.47128,60.01786,14.46859,11.66739,16.67072,17.21116
6471.76350,0.80387,-1.48358,60.00124,14.45445,11.64194,16.66011,17.24475
6471.77350,0.77727,-1.49789,60.04639,14.43917,11.63916,16.66190,17.30616
6471.78350,0.76756,-1.48292,60.18486,14.45859,11.71939,16.70072,17.30616
6471.79350,0.77086,-1.47134,60.19582,14.48298,11.73035,16.68658,17.29591
6471.80350,0.76464,-1.45419,60.18010,14.50398,11.74777,16.64880,17.27954
6471.81350,0.73059,-1.46539,60.08076,14.43842,11.74049,16.61569,17.28617
6471.82350,0.72033,-1.46171,60.06154,14.43579,11.74443,16.59416,17.28716
6471.83350,0.70406,-1.44473,60.04786,14.45859,11.76039,16.54172,17.28716
6471.84350,0.71366,-1.45174,60.04066,14.44923,11.74815,16.56068,17.28260
6471.85350,0.73901,-1.47771,60.04067,14.41959,11.70939,16.62547,17.28622
6471.86350,0.72273,-1.48979,60.11386,14.41959,11.70939,16.64072,17.34416
6471.87350,0.71340,-1.48948,60.10642,14.41479,11.71179,16.62872,17.35112
6471.88350,0.68575,-1.48344,60.11910,14.41375,11.73427,16.59792,17.37316
6471.89350,0.69182,-1.46752,60.23386,14.45859,11.78139,16.62072,17.37316
6471.90350,0.69168,-1.47339,60.22350,14.44879,11.77117,16.62498,17.37856
6471.91350,0.69109,-1.49893,60.17843,14.40620,11.72673,16.64350,17.40201
6471.92350,0.69087,-1.50981,60.13545,14.38530,11.70026,16.64192,17.40797
6471.93350,0.69498,-1.51513,59.95319,14.36036,11.63217,16.57850,17.38216
6471.94350,0.72674,-1.49863,60.13986,14.43859,11.67839,16.64072,17.38216
6471.95350,0.72266,-1.49794,60.13057,14.43517,11.67957,16.63366,17.38216
6471.96350,0.69127,-1.49500,60.06480,14.40555,11.68839,16.58577,17.38509
6471.97350,0.68472,-1.51442,60.09986,14.36959,11.68839,16.63072,17.41116
6471.98350,0.68781,-1.51519,60.10043,14.37016,11.68604,16.63474,17.40949
6471.99350,0.71880,-1.52289,60.10618,14.37591,11.66247,16.67497,17.39283
6472.00350,0.73863,-1.52782,60.10986,14.37959,11.64739,16.70072,17.38216
6472.01350,0.74087,-1.52849,60.12563,14.39085,11.64120,16.70072,17.39286
6472.02350,0.70021,-1.52883,60.12723,14.36475,11.66710,16.67120,17.42419
6472.03350,0.67080,-1.52871,60.11986,14.34059,11.68839,16.65072,17.44016
6472.04350,0.71865,-1.51978,60.11986,14.39020,11.66233,16.66754,17.39980
6472.05350,0.72546,-1.54710,60.17748,14.36605,11.63933,16.73092,17.44118
6472.06350,0.72509,-1.55182,60.18686,14.36059,11.63639,16.74072,17.44916
6472.07350,0.72839,-1.54817,60.14465,14.36059,11.62778,16.72349,17.43279
6472.08350,0.72892,-1.54759,60.13786,14.36059,11.62639,16.72072,17.43016
6472.09350,0.69880,-1.55427,60.11894,14.33479,11.62639,16.69492,17.46284
6472.10350,0.76822,-1.55679,60.26206,14.39853,11.61779,16.80166,17.44408
6472.11350,0.78028,-1.55702,60.28586,14.40959,11.61639,16.81972,17.44016
6472.12350,0.75959,-1.55243,60.24753,14.38993,11.63163,16.79073,17.43525
6472.13350,0.73913,-1.55078,60.19686,14.36117,11.64286,16.76482,17.42800
6472.14350,0.74273,-1.56207,60.15686,14.33059,11.62639,16.77972,17.42016
6472.15350,0.74171,-1.56798,60.01201,14.29676,11.58216,16.73722,17.39587
6472.16350,0.74155,-1.56889,59.98986,14.29159,11.57539,16.73072,17.39216
6472.17350,0.77305,-1.56394,59.95374,14.32513,11.53927,16.72212,17.36722
6472.18350,0.79047,-1.56537,59.98140,14.35639,11.51619,16.72932,17.37950
6472.19350,0.79247,-1.56573,59.98686,14.36059,11.51339,16.73072,17.38216
6472.20350,0.79551,-1.57532,59.94558,14.31759,11.51339,16.75652,17.35808
6472.21350,0.79600,-1.57688,59.93886,14.31059,11.51339,16.76072,17.35416
6472.22350,0.78139,-1.59284,60.01110,14.29396,11.51913,16.79455,17.40347
6472.23350,0.78571,-1.59521,60.16880,14.32746,11.54720,16.84875,17.44539
6472.24350,0.79664,-1.58839,60.24386,14.36059,11.56439,16.86972,17.44916
6472.25350,0.81374,-1.58403,60.22856,14.36551,11.56439,16.88065,17.41801
6472.26350,0.78785,-1.56510,60.26993,14.40425,11.59351,16.82733,17.44484
6472.27350,0.77013,-1.55833,60.29386,14.41959,11.60639,16.79972,17.46816
6472.28350,0.81639,-1.56089,60.32306,14.44806,11.58376,16.85082,17.44042
6472.29350,0.83349,-1.56183,60.33386,14.45859,11.57539,16.86972,17.43016
6472.30350,0.85548,-1.56151,60.26086,14.46589,11.53743,16.85512,17.40242
6472.31350,0.83730,-1.56959,60.22145,14.40362,11.56135,16.87162,17.38486
6472.32350,0.82756,-1.57263,60.21686,14.37959,11.57539,16.87972,17.38216
6472.33350,0.81987,-1.55767,60.23654,14.40311,11.59987,16.85572,17.37784
6472.34350,0.82286,-1.54667,60.25364,14.42436,11.61506,16.84750,17.36672
6472.35350,0.86248,-1.56486,60.23886,14.40959,11.57539,16.90972,17.34416
6472.36350,0.86358,-1.56559,60.23104,14.41626,11.56343,16.90052,17.35083
6472.37350,0.86728,-1.56802,60.20486,14.43859,11.52339,16.86972,17.37316
6472.38350,0.85624,-1.57220,60.24810,14.43422,11.53535,16.88122,17.39731
6472.39350,0.83219,-1.58729,60.34525,14.41039,11.56113,16.92202,17.45171
6472.40350,0.87511,-1.59105,60.18586,14.37959,11.51339,16.92972,17.36316
6472.41350,0.87511,-1.59105,60.18586,14.37959,11.51339,16.92972,17.36316
6472.42350,0.85887,-1.57640,60.11647,14.39913,11.50264,16.85154,17.36316
6472.43350,0.83870,-1.55369,60.16586,14.42859,11.55439,16.81972,17.36316
6472.44350,0.84336,-1.56045,60.17169,14.42276,11.54489,16.83505,17.36899
6472.45350,0.85390,-1.57574,60.18486,14.40959,11.52339,16.86972,17.38216
6472.46350,0.84724,-1.56797,60.13734,14.40474,11.52824,16.84063,17.36374
6472.47350,0.85011,-1.56290,60.10744,14.39469,11.53878,16.83912,17.33485
6472.48350,0.86045,-1.56621,60.12886,14.38959,11.54439,16.86972,17.32516
6472.49350,0.85399,-1.55655,60.18214,14.40831,11.57415,16.86972,17.32996
6472.50350,0.84701,-1.54610,60.23986,14.42859,11.60639,16.86972,17.33516
6472.51350,0.85522,-1.55549,60.21163,14.43183,11.56615,16.86323,17.35041
6472.52350,0.87201,-1.57467,60.15401,14.43845,11.48404,16.84998,17.38154
6472.53350,0.88656,-1.58017,60.11686,14.39959,11.49239,16.88972,17.33516
6472.54350,0.88661,-1.57397,60.09577,14.40322,11.49603,16.87517,17.32134
6472.55350,0.88005,-1.55285,60.12443,14.43816,11.52914,16.84606,17.31108
6472.56350,0.86860,-1.53518,60.23786,14.48759,11.57539,16.83972,17.33516
6472.57350,0.86615,-1.52886,60.21625,14.49491,11.57539,16.81774,17.32820
6472.58350,0.86190,-1.51793,60.17886,14.50759,11.57539,16.77972,17.31616
6472.59350,0.87010,-1.51801,60.13043,14.49380,11.56797,16.77972,17.28894
6472.60350,0.87086,-1.51962,60.05986,14.46499,11.56195,16.77288,17.26004
6472.61350,0.84549,-1.52221,60.09186,14.45859,11.57539,16.76072,17.29716
6472.62350,0.84811,-1.52545,60.08900,14.45143,11.57277,16.77002,17.29478
6472.63350,0.85538,-1.53445,60.08105,14.43157,11.56549,16.79585,17.28815
6472.64350,0.84767,-1.52625,60.14186,14.42859,11.61639,16.81972,17.27716
6472.65350,0.85307,-1.52201,60.15796,14.44446,11.61869,16.81972,17.27509
6472.66350,0.87113,-1.50782,60.21186,14.49759,11.62639,16.81972,17.26816
6472.67350,0.86899,-1.51389,60.19118,14.48694,11.61204,16.81663,17.27557
6472.68350,0.85965,-1.54034,60.10124,14.44063,11.54962,16.80321,17.30778
6472.69350,0.88811,-1.53161,60.03586,14.40959,11.57539,16.83972,17.21116
6472.70350,0.88586,-1.53432,60.05760,14.41184,11.57539,16.84566,17.22470
6472.71350,0.87103,-1.55519,60.21517,14.42917,11.57112,16.88972,17.32516
6472.72350,0.88740,-1.56241,60.18166,14.43449,11.53229,16.88972,17.32516
6472.73350,0.89895,-1.56609,60.15871,14.43859,11.50857,16.88972,17.32183
6472.74350,0.89102,-1.55219,60.17986,14.43859,11.55439,16.88972,17.29716
6472.75350,0.89154,-1.55436,60.18272,14.43859,11.54988,16.89192,17.30233
6472.76350,0.89546,-1.57262,60.20856,14.43804,11.51339,16.91137,17.34576
6472.77350,0.89347,-1.57851,60.23306,14.43304,11.51339,16.92637,17.36026
6472.78350,0.89171,-1.58374,60.25486,14.42859,11.51339,16.93972,17.37316
6472.79350,0.92444,-1.53960,60.07349,14.47761,11.50261,16.84168,17.25159
6472.80350,0.88120,-1.56590,60.05822,14.41164,11.49269,16.83972,17.31417
6472.81350,0.87986,-1.56673,60.05786,14.40959,11.49239,16.83972,17.31616
6472.82350,0.87107,-1.54847,60.08129,14.41669,11.54352,16.83262,17.28846
6472.83350,0.86748,-1.54102,60.09086,14.41959,11.56439,16.82972,17.27716
6472.84350,0.87027,-1.56576,60.00276,14.40281,11.47797,16.80455,17.31744
6472.85350,0.87762,-1.58547,60.19914,14.41679,11.49665,16.90292,17.38278
6472.86350,0.87872,-1.58789,60.23386,14.41959,11.50239,16.91972,17.39216
6472.87350,0.85308,-1.58520,60.03982,14.35176,11.49381,16.85103,17.34322
6472.88350,0.86475,-1.58135,60.13084,14.34919,11.54571,16.91712,17.31882
6472.89350,0.86734,-1.58080,60.15086,14.35059,11.55439,16.92972,17.31616
6472.90350,0.85290,-1.57341,60.12162,14.37553,11.53633,16.86952,17.34024
6472.91350,0.85054,-1.57221,60.11686,14.37959,11.53339,16.85972,17.34416
6472.92350,0.87784,-1.59770,60.02914,14.36325,11.44481,16.86832,17.35276
6472.93350,0.86293,-1.60331,60.06646,14.34912,11.46021,16.88119,17.37595
6472.94350,0.84855,-1.60439,60.10486,14.34059,11.48239,16.88972,17.39216
6472.95350,0.81308,-1.59439,60.19976,14.34789,11.54225,16.88242,17.42720
6472.96350,0.83014,-1.58468,60.12425,14.36460,11.51868,16.85023,17.39076
6472.97350,0.84091,-1.58253,60.08486,14.36959,11.50239,16.83972,17.37316
6472.98350,0.81517,-1.59230,60.05925,14.30945,11.52578,16.85086,17.37316
6472.99350,0.79467,-1.60007,60.03886,14.26159,11.54439,16.85972,17.37316
6473.00350,0.78902,-1.62098,59.94118,14.21053,11.49851,16.85232,17.37982
6473.01350,0.79087,-1.61861,60.01860,14.24110,11.50739,16.86442,17.40568
6473.02350,0.79484,-1.60852,60.13486,14.29159,11.53339,16.87972,17.43016
6473.03350,0.81778,-1.60073,60.01469,14.29769,11.49618,16.84312,17.37770
6473.04350,0.83986,-1.61057,59.94148,14.30159,11.43495,16.83180,17.37315
6473.05350,0.84469,-1.62030,59.94386,14.30159,11.41039,16.83972,17.39216
6473.06350,0.80099,-1.60866,60.04878,14.28329,11.50433,16.85192,17.40924
6473.07350,0.77313,-1.60125,60.11586,14.27159,11.56439,16.85972,17.42016
6473.08350,0.78717,-1.60421,60.18124,14.29186,11.56439,16.89282,17.43216
6473.09350,0.79344,-1.61008,60.27289,14.32059,11.55954,16.92031,17.47245
6473.10350,0.77903,-1.61186,60.27186,14.32059,11.55439,16.89972,17.49716
6473.11350,0.78318,-1.61863,60.28786,14.31535,11.54860,16.91903,17.50488
6473.12350,0.79182,-1.63272,60.32119,14.30443,11.53653,16.95926,17.52098
6473.13350,0.78710,-1.60250,60.35990,14.36606,11.57149,16.91111,17.51124
6473.14350,0.78456,-1.59014,60.37086,14.38959,11.58539,16.88972,17.50616
6473.15350,0.79775,-1.61334,60.35366,14.34745,11.55873,16.94132,17.50616
6473.16350,0.78610,-1.60111,60.26986,14.34059,11.56195,16.88852,17.47880
6473.17350,0.76204,-1.57533,60.19390,14.34419,11.59375,16.81212,17.44384
6473.18350,0.76304,-1.58028,60.31486,14.35059,11.62639,16.86972,17.46816
6473.19350,0.76881,-1.57654,60.25762,14.35419,11.60803,16.84452,17.45088
6473.20350,0.77029,-1.57455,60.15841,14.35331,11.57139,16.79608,17.43761
6473.21350,0.75489,-1.58275,60.16286,14.34059,11.56439,16.78972,17.46816
6473.22350,0.74554,-1.57146,60.15386,14.34779,11.58311,16.76488,17.45808
6473.23350,0.72892,-1.55138,60.13786,14.36059,11.61639,16.72072,17.44016
6473.24350,0.73054,-1.56041,60.11578,14.34673,11.59690,16.72542,17.44674
6473.25350,0.73518,-1.58626,60.05269,14.30713,11.54119,16.73884,17.46553
6473.26350,0.76704,-1.62769,60.11286,14.25159,11.51339,16.86972,17.47816
6473.27350,0.76639,-1.62641,60.11001,14.25634,11.51078,16.86259,17.48030
6473.28350,0.76456,-1.63241,60.11410,14.26253,11.49054,16.85598,17.50505
6473.29350,0.76539,-1.66570,60.15786,14.23259,11.45139,16.90972,17.56416
6473.30350,0.75798,-1.66969,60.15525,14.21857,11.45377,16.91210,17.57081
6473.31350,0.73421,-1.68249,60.14686,14.17359,11.46139,16.91972,17.59216
6473.32350,0.73160,-1.68259,60.13297,14.17050,11.45831,16.91200,17.59216
6473.33350,0.72025,-1.68301,60.07256,14.15708,11.44488,16.87844,17.59216
6473.34350,0.71668,-1.69031,60.07786,14.12359,11.46139,16.90972,17.58316
6473.35350,0.72087,-1.68777,60.10346,14.13463,11.46795,16.91772,17.58316
6473.36350,0.73829,-1.67720,60.21013,14.18063,11.49529,16.95105,17.58316
6473.37350,0.75183,-1.69669,60.23487,14.19360,11.44139,16.96972,17.63016
6473.38350,0.75438,-1.69323,60.24663,14.20322,11.44592,16.96972,17.62777
6473.39350,0.74914,-1.67955,60.27177,14.20893,11.48706,16.96972,17.60606
6473.40350,0.74578,-1.67081,60.28786,14.21259,11.51339,16.96972,17.59216
6473.41350,0.74754,-1.66268,60.22847,14.21612,11.50597,16.93790,17.56847
6473.42350,0.76693,-1.64307,60.22494,14.27026,11.50212,16.90891,17.54365
6473.43350,0.76721,-1.64139,60.21673,14.27225,11.50106,16.90305,17.54036
6473.44350,0.76551,-1.62584,60.10539,14.27892,11.48773,16.83639,17.50236
6473.45350,0.76482,-1.61961,60.06086,14.28159,11.48239,16.80972,17.48716
6473.46350,0.78356,-1.59924,60.14122,14.31981,11.53237,16.83912,17.44992
6473.47350,0.78313,-1.59894,60.20475,14.33090,11.54938,16.86035,17.46412
6473.48350,0.78238,-1.59905,60.26286,14.34059,11.56439,16.87972,17.47816
6473.49350,0.84880,-1.58894,60.19622,14.37881,11.52421,16.89932,17.39388
6473.50350,0.80680,-1.60998,60.14292,14.32177,11.50281,16.87032,17.44802
6473.51350,0.80591,-1.61041,60.14186,14.32059,11.50239,16.86972,17.44916
6473.52350,0.78822,-1.62798,60.22710,14.31079,11.50239,16.89911,17.51481
6473.53350,0.78785,-1.62834,60.22886,14.31059,11.50239,16.89972,17.51616
6473.54350,0.86813,-1.64169,60.12856,14.31059,11.42419,16.95922,17.43456
6473.55350,0.84455,-1.63377,60.22816,14.34459,11.45374,16.94422,17.48561
6473.56350,0.83790,-1.63196,60.24886,14.35059,11.46139,16.93972,17.49716
6473.57350,0.81966,-1.61237,60.15009,14.33356,11.48779,16.88012,17.44863
6473.58350,0.86791,-1.61301,60.17366,14.37224,11.45754,16.92072,17.42316
6473.59350,0.87698,-1.61373,60.18086,14.37959,11.45139,16.92972,17.42016
6473.60350,0.85897,-1.58799,60.20216,14.36563,11.54246,16.92972,17.36435
6473.61350,0.85247,-1.57868,60.20986,14.36059,11.57539,16.92972,17.34416
6473.62350,0.87443,-1.58791,60.12826,14.36569,11.51079,16.91272,17.33906
6473.63350,0.94261,-1.60920,60.08555,14.39693,11.40507,16.95386,17.32969
6473.64350,0.98512,-1.62097,60.10186,14.41959,11.35839,16.99872,17.32516
6473.65350,0.92221,-1.58583,60.07738,14.41959,11.44047,16.89864,17.31868
6473.66350,0.92488,-1.57402,60.15697,14.46806,11.45742,16.89536,17.33612
6473.67350,0.93579,-1.57477,60.19286,14.48759,11.45139,16.90972,17.34416
6473.68350,0.91650,-1.55898,60.21806,14.48111,11.51043,16.90252,17.32400
6473.69350,0.90901,-1.55284,60.22786,14.47859,11.53339,16.89972,17.31616
6473.70350,0.92239,-1.53965,60.17705,14.51366,11.51121,16.85678,17.29541
6473.71350,0.90631,-1.53101,60.17264,14.51324,11.53251,16.83255,17.29433
6473.72350,0.89787,-1.52967,60.17886,14.50759,11.54439,16.82972,17.29716
6473.73350,0.91085,-1.52707,60.17886,14.51841,11.54043,16.83693,17.28309
6473.74350,0.93965,-1.53527,60.25694,14.53759,11.53339,16.89852,17.28744
6473.75350,0.94336,-1.54344,60.30686,14.53759,11.53339,16.92972,17.30616
6473.76350,0.91625,-1.55914,60.26458,14.47779,11.53339,16.92972,17.32367
6473.77350,0.89845,-1.56946,60.23686,14.43859,11.53339,16.92972,17.33516
6473.78350,0.95668,-1.55883,60.19546,14.49199,11.49019,16.93572,17.27756
6473.79350,0.97656,-1.55608,60.12766,14.48619,11.47399,16.93372,17.23376
6473.80350,0.96388,-1.55897,60.10086,14.45859,11.48239,16.92972,17.23016
6473.81350,0.95885,-1.55389,60.06805,14.47005,11.47014,16.89414,17.23372
6473.82350,0.93597,-1.55588,60.01402,14.45015,11.46147,16.85412,17.24828
6473.83350,0.91952,-1.56646,60.00986,14.40959,11.47239,16.86972,17.25816
6473.84350,0.92385,-1.57301,59.97132,14.40019,11.44795,16.86502,17.25816
6473.85350,0.92873,-1.58040,59.92786,14.38959,11.42039,16.85972,17.25816
6473.86350,0.92873,-1.58040,59.92786,14.38959,11.42039,16.85972,17.25816
6473.87350,0.94841,-1.61912,59.89310,14.33248,11.36081,16.92593,17.27388
6473.88350,0.95538,-1.60751,59.97913,14.35068,11.41007,16.96229,17.25610
6473.89350,0.95632,-1.60104,60.00986,14.36059,11.43039,16.96972,17.24916
6473.90350,0.93438,-1.61341,60.16553,14.38959,11.43565,16.99150,17.34879
6473.91350,0.93919,-1.61110,60.11315,14.38959,11.41925,16.97086,17.33345
6473.92350,0.95661,-1.59915,60.16411,14.44480,11.41746,16.96644,17.33541
6473.93350,0.94026,-1.60685,60.18286,14.41959,11.43039,16.97872,17.35416
6473.94350,0.94234,-1.59690,60.16536,14.42865,11.44008,16.96341,17.33322
6473.95350,0.95326,-1.58147,60.15399,14.45376,11.45080,16.94755,17.30189
6473.96350,0.97149,-1.60006,60.23186,14.46859,11.42039,16.99872,17.34416
6473.97350,0.96634,-1.58940,60.24512,14.47309,11.44976,16.99398,17.32829
6473.98350,0.95204,-1.55981,60.28197,14.48559,11.53134,16.98083,17.28421
6473.99350,0.96264,-1.58816,60.06586,14.43859,11.41039,16.92972,17.28716
6474.00350,0.95931,-1.58102,60.09578,14.44079,11.43987,16.93852,17.27660
6474.01350,0.94752,-1.55579,60.20186,14.44859,11.54439,16.96972,17.23916
6474.02350,0.94752,-1.55579,60.20186,14.44859,11.54439,16.96972,17.23916
6474.03350,0.93805,-1.55758,60.19946,14.46300,11.52422,16.94090,17.27135
6474.04350,0.94871,-1.57025,60.21181,14.47859,11.48050,16.94657,17.30616
6474.05350,0.96693,-1.57961,60.22486,14.47859,11.46139,16.97872,17.30616
6474.06350,0.94026,-1.58296,60.22580,14.45982,11.47172,16.96089,17.33338
6474.07350,0.93033,-1.58910,60.26686,14.41959,11.51339,17.00872,17.32516
6474.08350,0.93025,-1.58792,60.27219,14.42501,11.51339,17.00596,17.32782
6474.09350,0.92944,-1.57624,60.32486,14.47859,11.51339,16.97872,17.35416
6474.10350,0.92652,-1.57691,60.31058,14.47065,11.51339,16.97515,17.35139
6474.11350,0.89993,-1.58307,60.18078,14.39846,11.51339,16.94270,17.32623
6474.12350,0.90712,-1.56649,60.09983,14.41797,11.50275,16.89101,17.28810
6474.13350,0.90772,-1.56585,60.09886,14.41959,11.50239,16.88972,17.28716
6474.14350,0.89840,-1.57210,60.25411,14.41959,11.55285,16.95764,17.32403
6474.15350,0.87084,-1.61091,60.12463,14.37060,11.44368,16.90093,17.40942
6474.16350,0.87028,-1.61171,60.12186,14.36959,11.44139,16.89972,17.41116
6474.17350,0.92446,-1.59348,60.14321,14.42683,11.44139,16.92883,17.34615
6474.18350,0.92611,-1.59292,60.14386,14.42859,11.44139,16.92972,17.34416
6474.19350,0.91828,-1.59666,60.15506,14.42355,11.44139,16.92972,17.36040
6474.20350,0.90860,-1.59756,60.17329,14.41729,11.45312,16.93202,17.37086
6474.21350,0.89677,-1.59074,60.20486,14.40959,11.49239,16.93972,17.36316
6474.22350,0.89500,-1.59621,60.17910,14.39832,11.47813,16.93512,17.36753
6474.23350,0.88701,-1.61438,60.09835,14.36059,11.43327,16.91972,17.38477
6474.24350,0.88108,-1.61257,60.11351,14.36374,11.44139,16.91622,17.39216
6474.25350,0.86228,-1.60606,60.15634,14.35933,11.48134,16.91679,17.39888
6474.26350,0.82838,-1.59844,60.23586,14.34059,11.55439,16.92972,17.41116
6474.27350,0.84185,-1.61463,60.28229,14.35487,11.51725,16.95829,17.45187
6474.28350,0.86219,-1.60450,60.27875,14.37975,11.51763,16.95989,17.42147
6474.29350,0.87768,-1.58731,60.25586,14.39959,11.53339,16.94972,17.37316
6474.30350,0.86212,-1.59237,60.22031,14.38239,11.52193,16.92679,17.38921
6474.31350,0.85053,-1.59614,60.19386,14.36959,11.51339,16.90972,17.40116
6474.32350,0.85397,-1.59450,60.11652,14.34863,11.50544,16.89526,17.36719
6474.33350,0.86831,-1.59445,60.18499,14.36323,11.52039,16.93617,17.36519
6474.34350,0.87768,-1.59488,60.25586,14.37959,11.53339,16.96972,17.37316
6474.35350,0.86711,-1.58987,60.22646,14.37359,11.53999,16.94572,17.36716
6474.36350,0.86498,-1.58956,60.18322,14.36413,11.53167,16.92972,17.35771
6474.37350,0.86817,-1.59153,60.16786,14.36059,11.52339,16.92972,17.35416
6474.38350,0.85909,-1.57447,60.15375,14.38443,11.53848,16.88592,17.34491
6474.39350,0.84951,-1.55647,60.13886,14.40959,11.55439,16.83972,17.33516
6474.40350,0.84815,-1.58343,60.18899,14.39751,11.51695,16.87596,17.39858
6474.41350,0.82968,-1.59795,60.24586,14.38359,11.51699,16.89372,17.45156
6474.42350,0.81796,-1.59586,60.26186,14.37959,11.53339,16.88972,17.45916
6474.43350,0.83229,-1.59373,60.17646,14.38569,11.49618,16.85922,17.43537
6474.44350,0.84261,-1.59005,60.16578,14.38959,11.49740,16.86412,17.41467
6474.45350,0.84334,-1.58857,60.19386,14.38959,11.51339,16.87972,17.41116
6474.46350,0.84052,-1.58586,60.19457,14.38604,11.52439,16.87972,17.40442
6474.47350,0.82746,-1.57331,60.19786,14.36959,11.57539,16.87972,17.37316
6474.48350,0.84572,-1.56985,60.13882,14.39791,11.53075,16.84612,17.36404
6474.49350,0.85920,-1.56452,60.15646,14.43339,11.51695,16.83852,17.36760
6474.50350,0.85233,-1.56281,60.24486,14.43859,11.55439,16.86972,17.38216
6474.51350,0.83748,-1.55449,60.18390,14.42947,11.55919,16.82652,17.36872
6474.52350,0.82957,-1.55322,60.12040,14.41641,11.54818,16.79561,17.36020
6474.53350,0.84666,-1.56940,60.12570,14.40979,11.51441,16.82873,17.37278
6474.54350,0.84866,-1.56124,60.15491,14.41624,11.54209,16.84022,17.35636
6474.55350,0.85140,-1.54519,60.20886,14.42859,11.59539,16.85972,17.32516
6474.56350,0.85140,-1.54519,60.20886,14.42859,11.59539,16.85972,17.32516
6474.57350,0.84201,-1.59113,60.14236,14.35366,11.52041,16.88705,17.38125
6474.58350,0.80367,-1.60608,60.28286,14.34059,11.55439,16.91972,17.46816
6474.59350,0.82482,-1.59895,60.20627,14.34059,11.54031,16.90942,17.41596
6474.60350,0.86783,-1.58908,60.06686,14.33359,11.51339,16.90372,17.31616
6474.61350,0.87233,-1.59614,60.07986,14.32059,11.51339,16.92972,17.31616
6474.62350,0.87233,-1.59614,60.07986,14.32059,11.51339,16.92972,17.31616
6474.63350,0.85460,-1.60065,60.10986,14.30159,11.53339,16.93972,17.33516
6474.64350,0.86026,-1.59274,60.08544,14.32095,11.52437,16.91552,17.32460
6474.65350,0.88037,-1.56650,60.00126,14.38706,11.49113,16.83351,17.28956
6474.66350,0.88042,-1.57484,60.01218,14.37556,11.48538,16.85075,17.30048
6474.67350,0.88044,-1.57917,60.01786,14.36959,11.48239,16.85972,17.30616
6474.68350,0.87339,-1.57069,59.95357,14.36959,11.47699,16.81650,17.29049
6474.69350,0.85875,-1.59956,59.95566,14.29119,11.48039,16.87572,17.30836
6474.70350,0.85660,-1.60857,59.96986,14.27159,11.48239,16.89972,17.31616
6474.71350,0.84222,-1.57732,60.19686,14.37959,11.55439,16.88972,17.37316
6474.72350,0.84750,-1.57876,60.20756,14.38449,11.55029,16.89772,17.37506
6474.73350,0.89452,-1.58966,60.30306,14.43059,11.51649,16.96672,17.38926
6474.74350,0.89075,-1.57113,60.29586,14.44859,11.54439,16.93972,17.36316
6474.75350,0.89075,-1.57113,60.29586,14.44859,11.54439,16.93972,17.36316
6474.76350,0.86999,-1.54750,60.24157,14.45811,11.57392,16.87305,17.33649
6474.77350,0.90434,-1.53743,60.18007,14.48700,11.54502,16.85992,17.28813
6474.78350,0.90507,-1.53725,60.17886,14.48759,11.54439,16.85972,17.28716
6474.79350,0.85038,-1.53583,60.08184,14.42977,11.56399,16.79112,17.29696
6474.80350,0.84926,-1.53580,60.07986,14.42859,11.56439,16.78972,17.29716
6474.81350,0.90156,-1.57159,60.01848,14.40978,11.46242,16.84912,17.29716
6474.82350,0.90452,-1.57604,60.06785,14.39978,11.48198,16.88893,17.29716
6474.83350,0.90456,-1.57612,60.06886,14.39959,11.48239,16.88972,17.29716
6474.84350,0.88133,-1.56023,60.22843,14.46342,11.52929,16.87669,17.35904
6474.85350,0.88199,-1.57436,60.22213,14.45286,11.49981,16.88488,17.38458
6474.86350,0.88616,-1.58159,60.19286,14.43859,11.48239,16.88972,17.38216
6474.87350,0.89368,-1.57873,60.29697,14.45799,11.51537,16.93499,17.38863
6474.88350,0.89778,-1.57718,60.35386,14.46859,11.53339,16.95972,17.39216
6474.89350,0.88356,-1.57816,60.26105,14.43453,11.52488,16.92566,17.37598
6474.90350,0.88325,-1.58128,60.23115,14.42447,11.51380,16.91972,17.37316
6474.91350,0.88581,-1.58476,60.21502,14.41964,11.50251,16.91972,17.37316
6474.92350,0.88891,-1.57451,60.13437,14.41206,11.50239,16.88963,17.33028
6474.93350,0.86774,-1.58635,60.08459,14.37395,11.48785,16.87245,17.35034
6474.94350,0.85941,-1.59207,60.07586,14.36059,11.48239,16.86972,17.36316
6474.95350,0.89406,-1.59155,60.20507,14.42483,11.47509,16.92082,17.38433
6474.96350,0.90683,-1.59136,60.25286,14.44859,11.47239,16.93972,17.39216
6474.97350,0.90683,-1.59136,60.25286,14.44859,11.47239,16.93972,17.39216
6474.98350,0.85836,-1.58439,60.18547,14.38140,11.52900,16.90443,17.37064
6474.99350,0.86712,-1.58398,60.33493,14.39735,11.57847,16.97837,17.38075
6475.00350,0.89596,-1.58232,60.22084,14.40608,11.52502,16.95042,17.33932
6475.01350,0.90166,-1.59673,60.12604,14.39747,11.45482,16.91760,17.35616
6475.02350,0.89563,-1.60667,60.11186,14.38959,11.43039,16.90972,17.38216
6475.03350,0.88190,-1.57547,60.19421,14.43168,11.50603,16.89142,17.36508
6475.04350,0.87314,-1.55557,60.24686,14.45859,11.55439,16.87972,17.35416
6475.05350,0.86098,-1.56732,60.22286,14.41719,11.55439,16.89172,17.35956
6475.06350,0.84256,-1.59124,60.23446,14.37759,11.53579,16.91172,17.40936
6475.07350,0.83569,-1.60196,60.25286,14.36959,11.52339,16.91972,17.44016
6475.08350,0.84366,-1.58818,60.26171,14.39332,11.53989,16.91167,17.41683
6475.09350,0.84848,-1.57894,60.31288,14.41005,11.56962,16.92823,17.40497
6475.10350,0.84073,-1.59132,60.35486,14.38959,11.57539,16.95972,17.43016
6475.11350,0.83151,-1.58126,60.26988,14.38484,11.57017,16.90750,17.40737
6475.12350,0.82129,-1.57010,60.17586,14.37959,11.56439,16.84972,17.38216
6475.13350,0.81734,-1.57262,60.20543,14.36597,11.58411,16.87319,17.38216
6475.14350,0.82611,-1.56515,60.23022,14.37411,11.60639,16.89012,17.35960
6475.15350,0.84045,-1.55397,60.22086,14.39959,11.60639,16.87972,17.33516
6475.16350,0.84045,-1.55397,60.22086,14.39959,11.60639,16.87972,17.33516
6475.17350,0.82115,-1.52160,60.17739,14.47319,11.59946,16.75672,17.34803
6475.18350,0.78711,-1.55130,60.03786,14.37959,11.55439,16.73072,17.37316
6475.19350,0.79000,-1.54424,60.07741,14.39359,11.57609,16.74122,17.36651
6475.20350,0.79535,-1.53114,60.15086,14.41959,11.61639,16.76072,17.35416
6475.21350,0.78923,-1.52864,60.11914,14.41246,11.61639,16.74290,17.34739
6475.22350,0.77509,-1.54640,60.08356,14.37544,11.59119,16.74187,17.37506
6475.23350,0.76942,-1.58776,60.12386,14.33059,11.54439,16.79972,17.44916
6475.24350,0.77138,-1.57106,60.12523,14.35772,11.56191,16.77602,17.42958
6475.25350,0.76389,-1.54638,60.11386,14.38439,11.59539,16.73305,17.40103
6475.26350,0.73172,-1.56715,60.07386,14.31239,11.59539,16.73972,17.42636
6475.27350,0.73796,-1.56176,60.09646,14.32953,11.60221,16.74292,17.42180
6475.28350,0.77711,-1.53165,60.19786,14.42859,11.62639,16.75072,17.39216
6475.29350,0.77794,-1.53577,60.18074,14.41839,11.61829,16.75320,17.39085
6475.30350,0.78157,-1.55373,60.10631,14.37408,11.58306,16.76400,17.38517
6475.31350,0.75808,-1.56638,60.09990,14.32778,11.59324,16.77437,17.40450
6475.32350,0.72892,-1.56995,60.13786,14.30159,11.62639,16.77972,17.43016
6475.33350,0.74165,-1.56137,60.19577,14.35462,11.62098,16.77431,17.44585
6475.34350,0.75243,-1.55411,60.24486,14.39959,11.61639,16.76972,17.45916
6475.35350,0.73750,-1.55095,60.21304,14.38341,11.62718,16.74869,17.45377
6475.36350,0.73159,-1.56587,60.15696,14.32865,11.61833,16.76624,17.44374
6475.37350,0.73612,-1.57754,60.13786,14.30159,11.60639,16.78972,17.44016
6475.38350,0.76129,-1.56722,60.16919,14.33709,11.61161,16.80538,17.41510
6475.39350,0.78013,-1.57992,60.07586,14.33059,11.54439,16.78972,17.41116
6475.40350,0.77580,-1.57722,60.06466,14.32469,11.55259,16.78382,17.40356
6475.41350,0.73682,-1.55284,59.96386,14.27159,11.62639,16.73072,17.33516
6475.42350,0.74009,-1.55663,59.94899,14.26763,11.61395,16.73153,17.33589
6475.43350,0.77649,-1.60169,59.79732,14.22493,11.47299,16.74606,17.35334
6475.44350,0.76555,-1.62096,59.99132,14.25093,11.47966,16.80539,17.45534
6475.45350,0.76528,-1.62624,60.07338,14.26655,11.48534,16.83188,17.48961
6475.46350,0.80337,-1.60268,60.09625,14.31165,11.51214,16.85148,17.42098
6475.47350,0.76669,-1.60872,60.14047,14.29410,11.53275,16.84101,17.47261
6475.48350,0.76306,-1.60982,60.14286,14.29159,11.53339,16.83972,17.47816
6475.49350,0.81732,-1.59828,60.18262,14.34880,11.52370,16.87851,17.43161
6475.50350,0.81902,-1.59792,60.18386,14.35059,11.52339,16.87972,17.43016
6475.51350,0.77376,-1.60513,60.23042,14.33119,11.54376,16.86032,17.49515
6475.52350,0.74418,-1.58831,60.17503,14.31099,11.58457,16.81073,17.46875
6475.53350,0.74360,-1.58796,60.17386,14.31059,11.58539,16.80972,17.46816
6475.54350,0.76381,-1.56140,60.13218,14.34901,11.59907,16.77781,17.40628
6475.55350,0.78469,-1.59563,59.93573,14.28637,11.48697,16.76765,17.39473
6475.56350,0.78769,-1.61012,59.88386,14.26159,11.45139,16.76972,17.40116
6475.57350,0.76940,-1.59658,60.06406,14.29559,11.53044,16.80372,17.43431
6475.58350,0.76618,-1.59419,60.09586,14.30159,11.54439,16.80972,17.44016
6475.59350,0.73310,-1.58340,60.07121,14.29309,11.57074,16.75957,17.44781
6475.60350,0.76771,-1.58855,60.28191,14.37489,11.56604,16.83487,17.50611
6475.61350,0.77482,-1.58979,60.31986,14.38959,11.56439,16.84972,17.51616
6475.62350,0.74039,-1.55438,60.26631,14.38959,11.63494,16.77407,17.46771
6475.63350,0.74900,-1.57482,60.11777,14.33034,11.57613,16.76845,17.44285
6475.64350,0.75142,-1.57923,60.09486,14.32059,11.56439,16.76972,17.44016
6475.65350,0.76676,-1.58855,60.21985,14.34352,11.57070,16.83279,17.47284
6475.66350,0.77814,-1.59545,60.31286,14.36059,11.57539,16.87972,17.49716
6475.67350,0.75405,-1.59084,60.27550,14.33196,11.60014,16.85546,17.48794
6475.68350,0.74025,-1.57808,60.23106,14.32991,11.61679,16.81532,17.46904
6475.69350,0.75302,-1.56955,60.22586,14.36059,11.60639,16.79972,17.45916
6475.70350,0.77458,-1.58367,60.18650,14.34619,11.56655,16.82372,17.45004
6475.71350,0.78901,-1.59726,60.16786,14.33059,11.53827,16.84972,17.44928
6475.72350,0.77099,-1.59511,60.16986,14.32099,11.55439,16.83532,17.45916
6475.73350,0.75773,-1.60357,60.18755,14.28955,11.57111,16.85747,17.46941
6475.74350,0.75411,-1.61103,60.22486,14.27159,11.58539,16.88972,17.47816
6475.75350,0.74339,-1.60048,60.22910,14.30128,11.58539,16.84730,17.49513
6475.76350,0.77355,-1.60714,60.21374,14.32059,11.54191,16.86200,17.48925
6475.77350,0.79792,-1.61600,60.20186,14.32059,11.51339,16.88972,17.47816
6475.78350,0.80100,-1.59623,60.26186,14.36799,11.54399,16.87772,17.47216
6475.79350,0.80305,-1.58308,60.30186,14.39959,11.56439,16.86972,17.46816
6475.80350,0.81075,-1.58565,60.17826,14.36419,11.53979,16.85172,17.42256
6475.81350,0.82222,-1.59929,60.13760,14.34059,11.50992,16.87015,17.41694
6475.82350,0.83042,-1.61476,60.19186,14.34059,11.49239,16.90972,17.44916
6475.83350,0.83059,-1.60295,60.13782,14.34456,11.49637,16.87793,17.41896
6475.84350,0.82744,-1.58488,60.07637,14.35206,11.51007,16.83415,17.38009
6475.85350,0.80772,-1.58419,60.19486,14.36059,11.55439,16.85972,17.42016
6475.86350,0.81295,-1.57707,60.17089,14.37892,11.54452,16.83622,17.41123
6475.87350,0.81884,-1.56904,60.14386,14.39959,11.53339,16.80972,17.40116
6475.88350,0.82810,-1.57666,60.13124,14.39012,11.51731,16.82549,17.39832
6475.89350,0.84781,-1.59290,60.10440,14.36999,11.48308,16.85905,17.39228
6475.90350,0.79476,-1.59410,60.11386,14.33059,11.52339,16.82972,17.43016
6475.91350,0.79476,-1.59410,60.11386,14.33059,11.52339,16.82972,17.43016
6475.92350,0.80713,-1.57885,60.18935,14.39305,11.53365,16.82358,17.43906
6475.93350,0.84016,-1.57989,60.16386,14.39959,11.51339,16.84972,17.40116
6475.94350,0.84016,-1.57989,60.16386,14.39959,11.51339,16.84972,17.40116
6475.95350,0.82011,-1.57926,60.21755,14.38189,11.55587,16.86742,17.41237
6475.96350,0.80620,-1.57882,60.25486,14.36959,11.58539,16.87972,17.42016
6475.97350,0.79779,-1.59821,60.16397,14.33454,11.53015,16.85596,17.44333
6475.98350,0.83512,-1.58042,60.21586,14.37959,11.55439,16.88972,17.39216
6475.99350,0.82783,-1.58320,60.18131,14.36565,11.54611,16.87558,17.39398
6476.00350,0.80897,-1.59272,60.07426,14.32508,11.51549,16.83442,17.39927
6476.01350,0.84670,-1.58710,60.18486,14.37959,11.52339,16.88972,17.39216
6476.02350,0.84589,-1.58597,60.17211,14.37578,11.52471,16.88578,17.38585
6476.03350,0.84235,-1.58104,60.11668,14.35920,11.53042,16.86863,17.35842
6476.04350,0.84050,-1.57847,60.08786,14.35059,11.53339,16.85972,17.34416
6476.05350,0.81097,-1.58687,60.09746,14.34459,11.52139,16.82972,17.40176
6476.06350,0.81137,-1.59262,60.23627,14.35438,11.55615,16.89248,17.43326
6476.07350,0.82037,-1.59269,60.29586,14.36059,11.57539,16.92972,17.43016
6476.08350,0.83991,-1.58688,60.18685,14.38138,11.52304,16.87952,17.40291
6476.09350,0.84633,-1.56624,60.13145,14.38131,11.55370,16.85972,17.33671
6476.10350,0.84605,-1.56242,60.12886,14.37959,11.56439,16.85972,17.32516
6476.11350,0.82933,-1.56420,60.11714,14.38936,11.54485,16.82064,17.36229
6476.12350,0.82893,-1.56424,60.11686,14.38959,11.54439,16.81972,17.36316
6476.13350,0.84157,-1.58269,60.12209,14.37064,11.51695,16.85892,17.37557
6476.14350,0.84237,-1.57247,60.24966,14.41723,11.55231,16.87972,17.40040
6476.15350,0.84213,-1.57164,60.25486,14.41959,11.55439,16.87972,17.40116
6476.16350,0.86914,-1.56437,59.96098,14.38117,11.48524,16.80289,17.29167
6476.17350,0.86956,-1.58791,60.11686,14.39879,11.47279,16.86692,17.37836
6476.18350,0.86953,-1.58890,60.12386,14.39959,11.47239,16.86972,17.38216
6476.19350,0.87058,-1.56300,60.12106,14.39027,11.54882,16.87904,17.30294
6476.20350,0.87065,-1.56111,60.12086,14.38959,11.55439,16.87972,17.29716
6476.21350,0.85277,-1.59731,59.81418,14.29357,11.42310,16.79154,17.30598
6476.22350,0.87825,-1.61242,59.96117,14.31002,11.43010,16.88675,17.33430
6476.23350,0.87904,-1.61286,59.96586,14.31059,11.43039,16.88972,17.33516
6476.24350,0.84097,-1.60324,60.05084,14.31917,11.48361,16.87255,17.37551
6476.25350,0.83083,-1.60451,60.12534,14.30463,11.52683,16.91172,17.38216
6476.26350,0.83010,-1.60505,60.13686,14.30159,11.53339,16.91972,17.38216
6476.27350,0.85120,-1.60410,60.17774,14.36700,11.48805,16.90485,17.41784
6476.28350,0.85848,-1.60377,60.19186,14.38959,11.47239,16.89972,17.43016
6476.29350,0.86057,-1.60005,60.14426,14.36215,11.48919,16.90532,17.38760
6476.30350,0.87630,-1.59449,60.09070,14.35173,11.49125,16.90972,17.33800
6476.31350,0.88749,-1.59239,60.07786,14.36059,11.48239,16.90972,17.32516
6476.32350,0.87168,-1.58265,60.03666,14.34613,11.50480,16.88081,17.30492
6476.33350,0.84571,-1.56897,59.97694,14.34779,11.51339,16.81212,17.30364
6476.34350,0.83797,-1.56511,59.95986,14.35059,11.51339,16.78972,17.30616
6476.35350,0.85123,-1.56103,60.04181,14.38081,11.52927,16.82045,17.31128
6476.36350,0.86382,-1.55715,60.11986,14.40959,11.54439,16.84972,17.31616
6476.37350,0.85012,-1.57326,60.06526,14.35619,11.53179,16.85572,17.32156
6476.38350,0.87704,-1.58357,60.09306,14.37999,11.49279,16.88372,17.33656
6476.39350,0.90104,-1.58328,60.13586,14.41959,11.47239,16.89972,17.34416
6476.40350,0.90104,-1.58328,60.13586,14.41959,11.47239,16.89972,17.34416
6476.41350,0.83459,-1.58304,60.12071,14.35310,11.53299,16.86606,17.36857
6476.42350,0.85189,-1.58384,60.21278,14.41451,11.50911,16.87652,17.41264
6476.43350,0.85756,-1.58400,60.23086,14.42859,11.50239,16.87972,17.42016
6476.44350,0.87926,-1.59361,60.17447,14.40418,11.47715,16.90497,17.38818
6476.45350,0.88334,-1.59542,60.16386,14.39959,11.47239,16.90972,17.38216
6476.46350,0.90526,-1.60006,60.07314,14.37439,11.44635,16.91812,17.33428
6476.47350,0.88010,-1.58538,60.19866,14.39479,11.51867,16.92812,17.35708
6476.48350,0.87163,-1.58395,60.22576,14.39551,11.53339,16.92972,17.36714
6476.49350,0.85007,-1.59700,60.21075,14.37339,11.51458,16.91404,17.40874
6476.50350,0.85913,-1.59694,60.17086,14.40959,11.46139,16.86972,17.43016
6476.51350,0.84487,-1.59562,60.14969,14.39122,11.47415,16.85727,17.42705
6476.52350,0.81449,-1.59279,60.10466,14.35215,11.50131,16.83078,17.42042
6476.53350,0.82513,-1.59927,60.08466,14.35409,11.47369,16.83322,17.42366
6476.54350,0.84801,-1.61377,60.08831,14.37074,11.42039,16.85022,17.44696
6476.55350,0.84960,-1.61794,60.15786,14.38959,11.42039,16.86972,17.47816
6476.56350,0.84256,-1.61878,60.14687,14.37619,11.42688,16.86763,17.47617
6476.57350,0.79212,-1.63009,60.05665,14.26159,11.47298,16.86540,17.45668
6476.58350,0.83511,-1.64829,60.07313,14.26159,11.43208,16.93358,17.44588
6476.59350,0.85788,-1.65794,60.08186,14.26159,11.41039,16.96972,17.44016
6476.60350,0.82764,-1.64823,60.18026,14.29471,11.44495,16.94572,17.49488
6476.61350,0.79500,-1.63774,60.28686,14.33059,11.48239,16.91972,17.55416
6476.62350,0.81727,-1.64800,60.17387,14.28614,11.45139,16.93655,17.49978
6476.63350,0.83871,-1.64490,60.19086,14.30159,11.45139,16.95972,17.47816
6476.64350,0.84172,-1.63555,60.16953,14.31248,11.45606,16.94194,17.45905
6476.65350,0.84214,-1.60802,60.11585,14.34068,11.47743,16.88644,17.41130
6476.66350,0.79808,-1.63088,60.20709,14.29762,11.49933,16.91563,17.49451
6476.67350,0.79192,-1.63407,60.21986,14.29159,11.50239,16.91972,17.50616
6476.68350,0.79601,-1.61793,60.07386,14.27159,11.50239,16.86972,17.43016
6476.69350,0.80132,-1.61754,60.08893,14.28237,11.49909,16.87412,17.43335
6476.70350,0.84386,-1.61520,60.20563,14.36425,11.47348,16.91190,17.45600
6476.71350,0.84126,-1.62141,60.16286,14.32059,11.48239,16.92972,17.43016
6476.72350,0.83658,-1.61972,60.16016,14.31769,11.48859,16.92472,17.42916
6476.73350,0.79617,-1.60856,60.12746,14.28659,11.53509,16.88272,17.42306
6476.74350,0.81145,-1.64510,60.05186,14.24159,11.45139,16.90972,17.44916
6476.75350,0.81145,-1.64510,60.05186,14.24159,11.45139,16.90972,17.44916
6476.76350,0.78575,-1.62423,60.06367,14.25143,11.50157,16.87037,17.44031
6476.77350,0.78533,-1.62389,60.06386,14.25159,11.50239,16.86972,17.44016
6476.78350,0.85875,-1.61067,60.09228,14.34861,11.45241,16.88932,17.40194
6476.79350,0.84521,-1.61285,60.13304,14.32119,11.49157,16.91912,17.40116
6476.80350,0.84490,-1.61290,60.13386,14.32059,11.49239,16.91972,17.40116
6476.81350,0.83944,-1.61396,60.11788,14.31273,11.49061,16.91168,17.40286
6476.82350,0.78461,-1.62454,59.95806,14.23416,11.47275,16.83133,17.41982
6476.83350,0.77264,-1.58655,60.09786,14.29159,11.57539,16.82972,17.40116
6476.84350,0.77264,-1.58655,60.09786,14.29159,11.57539,16.82972,17.40116
6476.85350,0.79978,-1.60876,60.06186,14.32059,11.47239,16.81972,17.44916
6476.86350,0.83053,-1.61902,60.04361,14.33718,11.42096,16.83631,17.44916
6476.87350,0.80114,-1.59941,60.06978,14.33379,11.48723,16.81252,17.43624
6476.88350,0.78435,-1.58920,60.08386,14.33059,11.52339,16.79972,17.43016
6476.89350,0.76703,-1.59217,60.01889,14.29482,11.52339,16.77782,17.42286
6476.90350,0.77758,-1.58585,60.04450,14.31830,11.52756,16.78223,17.41641
6476.91350,0.80078,-1.57571,60.11250,14.36858,11.53328,16.79938,17.41126
6476.92350,0.78563,-1.58480,60.14592,14.36452,11.52777,16.79972,17.45391
6476.93350,0.77350,-1.59202,60.17086,14.36059,11.52339,16.79972,17.48716
6476.94350,0.77763,-1.59467,60.03435,14.31752,11.50076,16.77782,17.43825
6476.95350,0.75951,-1.59575,60.02220,14.27209,11.53811,16.79184,17.42016
6476.96350,0.75252,-1.59579,60.03586,14.26159,11.55439,16.79972,17.42016
6476.97350,0.75604,-1.59886,60.05153,14.28353,11.53110,16.79076,17.44614
6476.98350,0.76834,-1.60171,60.03437,14.30275,11.49699,16.77972,17.45492
6476.99350,0.78990,-1.59921,59.93586,14.28159,11.48239,16.77972,17.39216
6477.00350,0.77889,-1.60673,59.92486,14.25710,11.48239,16.78327,17.40210
6477.01350,0.75886,-1.62040,59.90486,14.21259,11.48239,16.78972,17.42016
6477.02350,0.77729,-1.62624,59.87802,14.23638,11.43176,16.77752,17.43236
6477.03350,0.78054,-1.63513,60.02495,14.26379,11.44392,16.83072,17.48652
6477.04350,0.77511,-1.63841,60.12986,14.27159,11.47239,16.86972,17.51616
6477.05350,0.77929,-1.62379,60.09478,14.29112,11.47638,16.83782,17.48945
6477.06350,0.78611,-1.60477,60.04853,14.31672,11.48106,16.79772,17.45303
6477.07350,0.78929,-1.62465,60.09186,14.29159,11.47239,16.84972,17.47816
6477.08350,0.77588,-1.62407,60.07567,14.26999,11.48859,16.84432,17.47276
6477.09350,0.76445,-1.62357,60.06186,14.25159,11.50239,16.83972,17.46816
6477.10350,0.78471,-1.63030,60.08019,14.26099,11.48312,16.86792,17.46816
6477.11350,0.78035,-1.63105,60.08300,14.25749,11.48583,16.86682,17.47286
6477.12350,0.74966,-1.62335,60.06286,14.24159,11.51339,16.82972,17.47816
6477.13350,0.74966,-1.62335,60.06286,14.24159,11.51339,16.82972,17.47816
6477.14350,0.77840,-1.61788,60.02758,14.27039,11.48387,16.82252,17.45080
6477.15350,0.78501,-1.63827,59.98031,14.22513,11.45521,16.85245,17.44752
6477.16350,0.78400,-1.64327,59.97286,14.21259,11.45139,16.85972,17.44916
6477.17350,0.75407,-1.60794,60.05110,14.26958,11.52094,16.80177,17.45882
6477.18350,0.75302,-1.60670,60.05386,14.27159,11.52339,16.79972,17.45916
6477.19350,0.76663,-1.61456,60.16541,14.31912,11.50302,16.82882,17.51445
6477.20350,0.75748,-1.62216,60.09986,14.28159,11.49239,16.81972,17.50616
6477.21350,0.75738,-1.62324,60.10206,14.27759,11.49449,16.82472,17.50526
6477.22350,0.75649,-1.63294,60.12186,14.24159,11.51339,16.86972,17.49716
6477.23350,0.75507,-1.63466,60.12786,14.23962,11.51339,16.87282,17.50202
6477.24350,0.73342,-1.64122,60.18772,14.22483,11.53652,16.88850,17.53787
6477.25350,0.70103,-1.61244,60.21486,14.23259,11.61639,16.84972,17.51616
6477.26350,0.71882,-1.61707,60.20016,14.23924,11.59119,16.86022,17.50951
6477.27350,0.74865,-1.62593,60.14202,14.24154,11.54058,16.86932,17.49058
6477.28350,0.74255,-1.62639,60.08386,14.22259,11.53339,16.84972,17.47816
6477.29350,0.76576,-1.63128,60.06194,14.23284,11.50087,16.86033,17.46791
6477.30350,0.80824,-1.64022,60.02186,14.25159,11.44139,16.87972,17.44916
6477.31350,0.80824,-1.64022,60.02186,14.25159,11.44139,16.87972,17.44916
6477.32350,0.75837,-1.64644,60.11016,14.23954,11.47485,16.86833,17.52744
6477.33350,0.71004,-1.62569,60.15186,14.23259,11.55439,16.82972,17.53516
6477.34350,0.72802,-1.62834,60.15596,14.24375,11.53800,16.84566,17.52856
6477.35350,0.79162,-1.64003,60.15006,14.27499,11.47337,16.89972,17.50198
6477.36350,0.80098,-1.64965,60.07986,14.25159,11.44139,16.89972,17.48716
6477.37350,0.80098,-1.64965,60.07986,14.25159,11.44139,16.89972,17.48716
6477.38350,0.78223,-1.60160,60.30186,14.35059,11.56439,16.88972,17.49716
6477.39350,0.78223,-1.60160,60.30186,14.35059,11.56439,16.88972,17.49716
6477.40350,0.78841,-1.65022,60.04571,14.23546,11.44139,16.88071,17.48815
6477.41350,0.79724,-1.64747,60.08986,14.26159,11.44139,16.88972,17.49716
6477.42350,0.79882,-1.64308,60.09316,14.26849,11.44749,16.88672,17.49046
6477.43350,0.81040,-1.60657,60.10862,14.32160,11.49724,16.85770,17.43208
6477.44350,0.78713,-1.63371,59.98186,14.24159,11.45139,16.83972,17.44916
6477.45350,0.78642,-1.63570,59.98968,14.23971,11.45139,16.84467,17.45391
6477.46350,0.77996,-1.65377,60.06086,14.22259,11.45139,16.88972,17.49716
6477.47350,0.78016,-1.65202,60.05646,14.22259,11.45413,16.88772,17.49203
6477.48350,0.78218,-1.63449,60.01246,14.22259,11.48146,16.86772,17.44069
6477.49350,0.77358,-1.59226,60.07421,14.28936,11.55239,16.82101,17.41145
6477.50350,0.77327,-1.59109,60.07686,14.29159,11.55439,16.81972,17.41116
6477.51350,0.80111,-1.58335,60.09686,14.33059,11.54439,16.82972,17.39216
6477.52350,0.80265,-1.58479,60.09445,14.32826,11.54190,16.83293,17.39136
6477.53350,0.81974,-1.60075,60.06766,14.30236,11.51422,16.86865,17.38243
6477.54350,0.81194,-1.57878,60.08723,14.33942,11.54346,16.83092,17.37343
6477.55350,0.81168,-1.57809,60.08786,14.34059,11.54439,16.82972,17.37316
6477.56350,0.78302,-1.57373,59.99287,14.31113,11.54439,16.77020,17.36715
6477.57350,0.78630,-1.59066,60.05094,14.29159,11.54439,16.82437,17.39059
6477.58350,0.78757,-1.59179,60.05786,14.29159,11.54439,16.82972,17.39216
6477.59350,0.76539,-1.62394,60.02454,14.23377,11.50323,16.83952,17.44802
6477.60350,0.76493,-1.62459,60.02386,14.23259,11.50239,16.83972,17.44916
6477.61350,0.79757,-1.55787,59.93470,14.30901,11.56314,16.76232,17.30023
6477.62350,0.75844,-1.57450,60.11318,14.31059,11.59477,16.79894,17.40888
6477.63350,0.75763,-1.57486,60.11686,14.31059,11.59539,16.79972,17.41116
6477.64350,0.77697,-1.55984,60.05371,14.34314,11.57521,16.76131,17.37405
6477.65350,0.80170,-1.55289,59.93811,14.34559,11.54114,16.73322,17.31816
6477.66350,0.80649,-1.55326,59.91086,14.34059,11.53339,16.73072,17.30616
6477.67350,0.76887,-1.55582,60.02762,14.33219,11.58547,16.74752,17.36244
6477.68350,0.76172,-1.55631,60.04986,14.33059,11.59539,16.75072,17.37316
6477.69350,0.77551,-1.56249,59.91556,14.29715,11.55459,16.73372,17.33009
6477.70350,0.82032,-1.54708,60.01446,14.37519,11.55979,16.76902,17.31046
6477.71350,0.83492,-1.53848,60.10086,14.41959,11.57539,16.78972,17.31616
6477.72350,0.81656,-1.54960,60.10011,14.38621,11.57914,16.79722,17.33754
6477.73350,0.80925,-1.57341,60.03653,14.33059,11.54459,16.80972,17.35163
6477.74350,0.82709,-1.57746,59.98886,14.33059,11.51339,16.80972,17.33516
6477.75350,0.80970,-1.59456,60.00857,14.30212,11.50536,16.82432,17.37677
6477.76350,0.80327,-1.60088,60.01586,14.29159,11.50239,16.82972,17.39216
6477.77350,0.83314,-1.60530,59.92226,14.29159,11.45055,16.82252,17.35760
6477.78350,0.83331,-1.58845,59.86041,14.28431,11.47548,16.79790,17.30271
6477.79350,0.82900,-1.58148,59.85086,14.28159,11.49239,16.78972,17.28716
6477.80350,0.82329,-1.56844,59.86607,14.31089,11.50389,16.76041,17.29087
6477.81350,0.78697,-1.55380,59.84525,14.29273,11.55149,16.71757,17.28345
6477.82350,0.77473,-1.55723,59.82386,14.26159,11.56439,16.72072,17.27716
6477.83350,0.79762,-1.57841,59.87716,14.26556,11.52780,16.77600,17.30779
6477.84350,0.83222,-1.61041,59.95786,14.27159,11.47239,16.85972,17.35416
6477.85350,0.80965,-1.61199,60.02468,14.27159,11.49694,16.86313,17.39302
6477.86350,0.77215,-1.61460,60.13604,14.27159,11.53785,16.86881,17.45780
6477.87350,0.76342,-1.62885,60.17762,14.25462,11.53506,16.89517,17.49277
6477.88350,0.76293,-1.63132,60.18186,14.25159,11.53339,16.89972,17.49716
6477.89350,0.81978,-1.63047,60.28762,14.30883,11.52369,16.97637,17.47872
6477.90350,0.83321,-1.59931,60.14586,14.33059,11.52339,16.89972,17.39216
6477.91350,0.83208,-1.59887,60.13804,14.32725,11.52454,16.89742,17.38883
6477.92350,0.82335,-1.59543,60.07786,14.30159,11.53339,16.87972,17.36316
6477.93350,0.82440,-1.58790,60.04937,14.31439,11.52817,16.85358,17.35323
6477.94350,0.83712,-1.56918,59.97656,14.34359,11.51689,16.80422,17.31186
6477.95350,0.85522,-1.57399,59.99086,14.33059,11.52339,16.84972,17.28716
6477.96350,0.85069,-1.57654,59.98984,14.33399,11.51285,16.83952,17.30348
6477.97350,0.85721,-1.58380,60.02492,14.35385,11.48899,16.84692,17.33516
6477.98350,0.88685,-1.58829,60.09686,14.37959,11.48239,16.89972,17.33516
6477.99350,0.89603,-1.59150,60.16316,14.40305,11.47899,16.92352,17.35760
6478.00350,0.91379,-1.59771,60.29186,14.44859,11.47239,16.96972,17.40116
6478.01350,0.91379,-1.59771,60.29186,14.44859,11.47239,16.96972,17.40116
6478.02350,0.89901,-1.62112,60.19464,14.36477,11.45261,16.98234,17.39492
6478.03350,0.86452,-1.61299,60.27186,14.37959,11.49239,16.95972,17.44016
6478.04350,0.86452,-1.61299,60.27186,14.37959,11.49239,16.95972,17.44016
6478.05350,0.89306,-1.60694,60.17863,14.35861,11.48932,16.97189,17.35881
6478.06350,0.85996,-1.61366,60.11286,14.34059,11.46139,16.90972,17.40116
6478.07350,0.86533,-1.61221,60.12933,14.34680,11.46607,16.91953,17.39693
6478.08350,0.91947,-1.59760,60.29586,14.40959,11.51339,17.01872,17.35416
6478.09350,0.91759,-1.59844,60.27331,14.40240,11.50867,17.01154,17.35071
6478.10350,0.89276,-1.61079,60.05826,14.32569,11.46039,16.94172,17.33046
6478.11350,0.83889,-1.64615,60.15186,14.28159,11.45139,16.95972,17.45916
6478.12350,0.84105,-1.64307,60.15857,14.28808,11.45590,16.95972,17.45487
6478.13350,0.86132,-1.61964,60.20135,14.33775,11.48642,16.96045,17.41674
6478.14350,0.88668,-1.63301,60.09671,14.31192,11.43212,16.96707,17.38561
6478.15350,0.89684,-1.63837,60.05486,14.30159,11.41039,16.96972,17.37316
6478.16350,0.86565,-1.63965,60.06270,14.29179,11.42019,16.94033,17.41039
6478.17350,0.86500,-1.63967,60.06286,14.29159,11.42039,16.93972,17.41116
6478.18350,0.87828,-1.63863,60.10126,14.30119,11.42999,16.96852,17.40156
6478.19350,0.86253,-1.65222,60.25568,14.31040,11.45096,17.01772,17.47659
6478.20350,0.86219,-1.65250,60.25886,14.31059,11.45139,17.01872,17.47816
6478.21350,0.85285,-1.62640,60.14532,14.29305,11.48924,16.96426,17.39878
6478.22350,0.86155,-1.63343,60.15921,14.31040,11.45931,16.96621,17.42330
6478.23350,0.86668,-1.63841,60.17186,14.32059,11.44139,16.96972,17.44016
6478.24350,0.88603,-1.64015,60.15339,14.32655,11.42292,16.98104,17.42288
6478.25350,0.89916,-1.64134,60.14086,14.33059,11.41039,16.98872,17.41116
6478.26350,0.87412,-1.64383,60.10077,14.29868,11.41858,16.96499,17.41852
6478.27350,0.87604,-1.64465,60.11354,14.30017,11.42039,16.97282,17.42016
6478.28350,0.88496,-1.64496,60.13934,14.31038,11.42039,16.98841,17.42016
6478.29350,0.89631,-1.62308,60.02628,14.30382,11.43619,16.95186,17.33441
6478.30350,0.88798,-1.63872,59.99318,14.26559,11.41907,16.96132,17.34720
6478.31350,0.88331,-1.64761,59.99486,14.25159,11.41039,16.96972,17.36316
6478.32350,0.87883,-1.63717,60.05098,14.27459,11.43891,16.96972,17.36776
6478.33350,0.87359,-1.62493,60.11686,14.30159,11.47239,16.96972,17.37316
6478.34350,0.85880,-1.63149,60.07409,14.25881,11.47952,16.96972,17.36603
6478.35350,0.86088,-1.63445,60.09057,14.27745,11.46016,16.96255,17.39041
6478.36350,0.86405,-1.63457,60.10386,14.29159,11.45139,16.95972,17.40116
6478.37350,0.84767,-1.61005,60.14650,14.32021,11.50572,16.93051,17.39006
6478.38350,0.83632,-1.60790,60.06550,14.31217,11.48465,16.88072,17.38796
6478.39350,0.83653,-1.61900,59.98486,14.29159,11.44139,16.85972,17.39216
6478.40350,0.85450,-1.61923,60.02575,14.30269,11.44723,16.89477,17.38106
6478.41350,0.86728,-1.61939,60.05486,14.31059,11.45139,16.91972,17.37316
6478.42350,0.85646,-1.61414,60.03166,14.31059,11.45526,16.89265,17.37316
6478.43350,0.83910,-1.60590,60.00776,14.31188,11.46539,16.85488,17.37561
6478.44350,0.83788,-1.60655,60.09486,14.32059,11.49239,16.88972,17.39216
6478.45350,0.82877,-1.61324,60.03957,14.28853,11.48310,16.88043,17.38751
6478.46350,0.81118,-1.62489,60.02192,14.25629,11.47709,16.87912,17.40942
6478.47350,0.80322,-1.62932,60.07386,14.26159,11.48239,16.88972,17.44016
6478.48350,0.81153,-1.62296,60.07908,14.27108,11.49189,16.89447,17.42164
6478.49350,0.82073,-1.61593,60.08486,14.28159,11.50239,16.89972,17.40116
6478.50350,0.82073,-1.61593,60.08486,14.28159,11.50239,16.89972,17.40116
6478.51350,0.86685,-1.61036,60.01718,14.28879,11.48079,16.92132,17.32628
6478.52350,0.90533,-1.57234,59.99665,14.39752,11.46329,16.85524,17.28061
6478.53350,0.90960,-1.56488,59.99786,14.41959,11.46139,16.83972,17.27716
6478.54350,0.85887,-1.58360,60.02396,14.36803,11.47491,16.83455,17.34647
6478.55350,0.85364,-1.54204,60.05086,14.41959,11.54439,16.78972,17.29716
6478.56350,0.83956,-1.54268,60.04730,14.40176,11.55901,16.78616,17.30037
6478.57350,0.81412,-1.54382,60.04086,14.36959,11.58539,16.77972,17.30616
6478.58350,0.81412,-1.54382,60.04086,14.36959,11.58539,16.77972,17.30616
6478.59350,0.83442,-1.56328,59.83562,14.32279,11.49239,16.74810,17.27234
6478.60350,0.85298,-1.57414,59.91986,14.33059,11.49239,16.80972,17.28716
6478.61350,0.84833,-1.57234,59.89456,14.31541,11.50141,16.80532,17.27242
6478.62350,0.82821,-1.56097,59.78902,14.27457,11.52657,16.76354,17.22434
6478.63350,0.81542,-1.54338,59.73286,14.32059,11.50239,16.67072,17.23916
6478.64350,0.82107,-1.54486,59.76828,14.32279,11.51163,16.69470,17.23916
6478.65350,0.84106,-1.55008,59.89386,14.33059,11.54439,16.77972,17.23916
6478.66350,0.84106,-1.55008,59.89386,14.33059,11.54439,16.77972,17.23916
6478.67350,0.82459,-1.55318,59.87291,14.32063,11.53718,16.75602,17.25908
6478.68350,0.79598,-1.55833,59.93119,14.33436,11.53506,16.73294,17.32883
6478.69350,0.79909,-1.55631,60.02646,14.36739,11.54849,16.75362,17.35696
6478.70350,0.80979,-1.54449,60.17216,14.42669,11.58329,16.78472,17.37746
6478.71350,0.84231,-1.55268,60.13886,14.40959,11.56439,16.82972,17.33516
6478.72350,0.83655,-1.55430,60.13868,14.40422,11.56539,16.82699,17.34207
6478.73350,0.77898,-1.57055,60.13686,14.35059,11.57539,16.79972,17.41116
6478.74350,0.77873,-1.57144,60.13577,14.34968,11.57348,16.79972,17.41289
6478.75350,0.77931,-1.58015,60.12206,14.34224,11.55205,16.80086,17.42690
6478.76350,0.80994,-1.57817,60.09406,14.35882,11.52862,16.81229,17.39433
6478.77350,0.82986,-1.57689,60.07586,14.36959,11.51339,16.81972,17.37316
6478.78350,0.79089,-1.55944,60.08847,14.36086,11.57353,16.78092,17.37316
6478.79350,0.76096,-1.52998,60.07122,14.37920,11.62536,16.71211,17.35454
6478.80350,0.76037,-1.52938,60.07086,14.37959,11.62639,16.71072,17.35416
6478.81350,0.75684,-1.52471,60.04245,14.36979,11.63619,16.70092,17.33554
6478.82350,0.75677,-1.52462,60.04186,14.36959,11.63639,16.70072,17.33516
6478.83350,0.75435,-1.53555,60.12334,14.37605,11.63639,16.73305,17.37784
6478.84350,0.77441,-1.54528,60.13830,14.37959,11.61365,16.76512,17.37993
6478.85350,0.78124,-1.54649,60.12886,14.37959,11.60639,16.76972,17.37316
6478.86350,0.77453,-1.55058,60.18155,14.37360,11.62436,16.79367,17.38993
6478.87350,0.76459,-1.56053,60.14313,14.33785,11.61726,16.79572,17.39229
6478.88350,0.75836,-1.56879,60.05886,14.30159,11.59539,16.77972,17.38216
6478.89350,0.78397,-1.56236,60.13086,14.36614,11.57884,16.78800,17.39788
6478.90350,0.78930,-1.56103,60.14586,14.37959,11.57539,16.78972,17.40116
6478.91350,0.76323,-1.55768,60.16140,14.37036,11.60016,16.77078,17.42010
6478.92350,0.73851,-1.55454,60.17596,14.36360,11.62147,16.75072,17.44016
6478.93350,0.75377,-1.55672,60.16586,14.37959,11.59539,16.75072,17.44016
6478.94350,0.75319,-1.54437,60.15440,14.37959,11.62303,16.74398,17.40780
6478.95350,0.75558,-1.53722,60.14169,14.37959,11.63639,16.74072,17.38499
6478.96350,0.76306,-1.55462,60.08126,14.34431,11.59967,16.75512,17.38216
6478.97350,0.76187,-1.56690,60.12085,14.31942,11.60926,16.79884,17.39333
6478.98350,0.75674,-1.57428,60.20695,14.30391,11.64242,16.85178,17.40883
6478.99350,0.75877,-1.56054,60.19873,14.35794,11.62114,16.79633,17.42333
6479.00350,0.75617,-1.56498,60.19807,14.36068,11.60639,16.78963,17.44137
6479.01350,0.75327,-1.57386,60.20586,14.34059,11.60639,16.80972,17.44916
6479.02350,0.73431,-1.55700,60.13160,14.32871,11.63075,16.75685,17.41530
6479.03350,0.72133,-1.54545,60.08086,14.32059,11.64739,16.72072,17.39216
6479.04350,0.72133,-1.54545,60.08086,14.32059,11.64739,16.72072,17.39216
6479.05350,0.75441,-1.56166,60.16741,14.35849,11.60413,16.77350,17.43130
6479.06350,0.75017,-1.57244,60.19486,14.35059,11.59539,16.78972,17.45916
6479.07350,0.76085,-1.56713,60.18103,14.35443,11.59962,16.79356,17.43342
6479.08350,0.77554,-1.55773,60.15863,14.36280,11.60639,16.79400,17.39543
6479.09350,0.75712,-1.55108,60.15686,14.37959,11.60639,16.75072,17.42016
6479.10350,0.74630,-1.54964,60.10397,14.35275,11.61417,16.73516,17.40188
6479.11350,0.72926,-1.54737,60.02086,14.31059,11.62639,16.71072,17.37316
6479.12350,0.75161,-1.55626,59.98861,14.30644,11.59322,16.72915,17.35980
6479.13350,0.76726,-1.56297,59.95840,14.30393,11.56506,16.73771,17.35170
6479.14350,0.74388,-1.55473,59.97517,14.30913,11.58876,16.70881,17.36847
6479.15350,0.73734,-1.55242,59.97986,14.31059,11.59539,16.70072,17.37316
6479.16350,0.76047,-1.53792,60.11856,14.35844,11.64568,16.75669,17.35775
6479.17350,0.74101,-1.52686,60.14119,14.39376,11.64934,16.70606,17.39203
6479.18350,0.74194,-1.52513,60.10676,14.38535,11.64739,16.69796,17.37606
6479.19350,0.77461,-1.53267,60.04693,14.35708,11.62989,16.74058,17.31938
6479.20350,0.79602,-1.54670,60.12786,14.38959,11.59539,16.77972,17.36316
6479.21350,0.79602,-1.54670,60.12786,14.38959,11.59539,16.77972,17.36316
6479.22350,0.79527,-1.53528,60.12986,14.39959,11.61639,16.76972,17.34416
6479.23350,0.78941,-1.53813,60.08933,14.38387,11.60706,16.75628,17.34211
6479.24350,0.77067,-1.54193,59.95670,14.33917,11.58441,16.70632,17.32680
6479.25350,0.77496,-1.52102,59.97386,14.36959,11.61639,16.69072,17.29716
6479.26350,0.77153,-1.51690,59.99960,14.38477,11.62321,16.68412,17.30750
6479.27350,0.75940,-1.50232,60.09086,14.43859,11.64739,16.66072,17.34416
6479.28350,0.77217,-1.50437,60.05250,14.43644,11.62746,16.66072,17.32787
6479.29350,0.81655,-1.51270,59.92836,14.42859,11.55956,16.66572,17.27449
6479.30350,0.80538,-1.51598,60.00010,14.42859,11.58202,16.68746,17.30203
6479.31350,0.80370,-1.51648,60.01086,14.42859,11.58539,16.69072,17.30616
6479.32350,0.82659,-1.50500,60.11156,14.46869,11.61919,16.73462,17.28906
6479.33350,0.82572,-1.54671,60.00986,14.37959,11.55439,16.76972,17.30616
6479.34350,0.82572,-1.54671,60.00986,14.37959,11.55439,16.76972,17.30616
6479.35350,0.79622,-1.51217,60.03086,14.43859,11.59539,16.68072,17.31616
6479.36350,0.79899,-1.51505,60.02713,14.43504,11.58976,16.68617,17.31616
6479.37350,0.82850,-1.54323,60.00976,14.40449,11.53859,16.74862,17.31806
6479.38350,0.84449,-1.53813,60.18886,14.44859,11.58539,16.81972,17.33516
6479.39350,0.84449,-1.53813,60.18886,14.44859,11.58539,16.81972,17.33516
6479.40350,0.82837,-1.53114,60.10658,14.43583,11.58099,16.76736,17.32240
6479.41350,0.82884,-1.52626,60.08438,14.40341,11.61665,16.78890,17.27542
6479.42350,0.83380,-1.52722,60.10386,14.39959,11.62639,16.80972,17.26816
6479.43350,0.83532,-1.50206,59.96899,14.43743,11.59631,16.70396,17.23129
6479.44350,0.83537,-1.50129,59.96486,14.43859,11.59539,16.70072,17.23016
6479.45350,0.84180,-1.55880,59.93090,14.36290,11.50516,16.76767,17.29517
6479.46350,0.85489,-1.55955,59.96905,14.36940,11.51317,16.79911,17.28736
6479.47350,0.85515,-1.55952,59.96986,14.36959,11.51339,16.79972,17.28716
6479.48350,0.84109,-1.53348,59.93340,14.39563,11.54008,16.73527,17.26242
6479.49350,0.84041,-1.55738,59.89557,14.35702,11.49954,16.75329,17.28573
6479.50350,0.84256,-1.56922,59.88986,14.34059,11.48239,16.76972,17.29716
6479.51350,0.83075,-1.57420,60.06577,14.34740,11.53830,16.83790,17.34216
6479.52350,0.82527,-1.57652,60.14786,14.35059,11.56439,16.86972,17.36316
6479.53350,0.84514,-1.58893,60.06201,14.34209,11.50319,16.86122,17.35551
6479.54350,0.82244,-1.59859,60.21516,14.34059,11.54509,16.91072,17.41876
6479.55350,0.81783,-1.59990,60.24486,14.34059,11.55439,16.91972,17.43016
6479.56350,0.82947,-1.57894,60.21204,14.37341,11.56281,16.88606,17.38976
6479.57350,0.86965,-1.59856,60.16890,14.39639,11.46947,16.89652,17.40652
6479.58350,0.87690,-1.60306,60.16186,14.39959,11.45139,16.89972,17.41116
6479.59350,0.83840,-1.59151,60.05582,14.34152,11.49431,16.84922,17.37076
6479.60350,0.83114,-1.58933,60.03586,14.33059,11.50239,16.83972,17.36316
6479.61350,0.88800,-1.57914,60.02829,14.39707,11.45947,16.84814,17.32361
6479.62350,0.90600,-1.56214,60.03862,14.43703,11.46875,16.83852,17.29432
6479.63350,0.91173,-1.55028,60.04786,14.45859,11.48239,16.82972,17.27716
6479.64350,0.89462,-1.55897,60.12277,14.42295,11.52748,16.88063,17.29171
6479.65350,0.91076,-1.57764,60.09074,14.40959,11.47783,16.89972,17.30360
6479.66350,0.91230,-1.58842,60.04534,14.38807,11.45139,16.89972,17.30616
6479.67350,0.87840,-1.58743,60.25642,14.40810,11.52482,16.94249,17.38101
6479.68350,0.86599,-1.58629,60.34486,14.41959,11.55439,16.95972,17.41116
6479.69350,0.90523,-1.57740,60.25219,14.46165,11.49594,16.92408,17.37053
6479.70350,0.91148,-1.57455,60.21146,14.45970,11.48788,16.91350,17.35038
6479.71350,0.89797,-1.57558,60.20667,14.43311,11.50969,16.91882,17.34506
6479.72350,0.89900,-1.58064,60.18320,14.42141,11.49791,16.91972,17.34416
6479.73350,0.90369,-1.58753,60.15129,14.41130,11.47610,16.91972,17.34416
6479.74350,0.90449,-1.58870,60.14586,14.40959,11.47239,16.91972,17.34416
6479.75350,0.90442,-1.59651,60.12793,14.37183,11.48183,16.94803,17.32623
6479.76350,0.90106,-1.57806,60.09931,14.39809,11.49189,16.90222,17.30711
6479.77350,0.90089,-1.57707,60.09786,14.39959,11.49239,16.89972,17.30616
6479.78350,0.87532,-1.57736,60.09946,14.38315,11.50876,16.88150,17.32605
6479.79350,0.90854,-1.58418,60.11586,14.41959,11.46139,16.89972,17.33516
6479.80350,0.90656,-1.58072,60.12519,14.41747,11.47667,16.90396,17.32710
6479.81350,0.89924,-1.56786,60.15986,14.40959,11.53339,16.91972,17.29716
6479.82350,0.88999,-1.57101,60.15672,14.39993,11.53339,16.91489,17.30850
6479.83350,0.88060,-1.56963,60.17360,14.41467,11.52957,16.89590,17.33346
6479.84350,0.91241,-1.55142,60.21686,14.48759,11.52339,16.88972,17.31616
6479.85350,0.91241,-1.55142,60.21686,14.48759,11.52339,16.88972,17.31616
6479.86350,0.90663,-1.57368,60.04968,14.42527,11.45487,16.85692,17.31262
6479.87350,0.87999,-1.58807,60.09786,14.36059,11.50239,16.90972,17.32516
6479.88350,0.87541,-1.57141,60.11536,14.39421,11.52024,16.87884,17.32207
6479.89350,0.86907,-1.54085,60.14665,14.45637,11.55218,16.82415,17.31395
6479.90350,0.87642,-1.54484,60.13993,14.44966,11.54547,16.83757,17.30723
6479.91350,0.88106,-1.54528,60.14838,14.45591,11.54171,16.84216,17.30860
6479.92350,0.89177,-1.54466,60.17786,14.47859,11.53339,16.84972,17.31616
6479.93350,0.87749,-1.55398,60.12936,14.44944,11.51700,16.83378,17.32914
6479.94350,0.85151,-1.58204,59.98751,14.36758,11.46379,16.80586,17.35029
6479.95350,0.93268,-1.56891,60.06886,14.42859,11.47239,16.89972,17.26816
6479.96350,0.91246,-1.55841,60.09761,14.43730,11.50376,16.87794,17.27862
6479.97350,0.84179,-1.52708,60.16176,14.45491,11.59650,16.79558,17.31478
6479.98350,0.85034,-1.55721,59.97558,14.38978,11.50176,16.77584,17.30820
6479.99350,0.85090,-1.56517,59.91945,14.37031,11.47607,16.76691,17.30616
6480.00350,0.82380,-1.54699,59.93986,14.37959,11.52339,16.73072,17.30616
6480.01350,0.82592,-1.54835,59.94556,14.38059,11.52129,16.73562,17.30806
6480.02350,0.84232,-1.56112,59.98906,14.38469,11.50239,16.77682,17.32516
6480.03350,0.81794,-1.56637,59.91886,14.34059,11.50239,16.75072,17.32516
6480.04350,0.81979,-1.56461,59.93270,14.34774,11.50584,16.75330,17.32582
6480.05350,0.83819,-1.54705,60.07111,14.41926,11.54027,16.77913,17.33244
6480.06350,0.85247,-1.53691,60.10978,14.44859,11.55439,16.78972,17.31708
6480.07350,0.86409,-1.53732,60.04121,14.46598,11.50628,16.75279,17.31616
6480.08350,0.84769,-1.53797,60.07472,14.43992,11.54511,16.77354,17.31616
6480.09350,0.83492,-1.53848,60.10086,14.41959,11.57539,16.78972,17.31616
6480.10350,0.81857,-1.52872,60.01356,14.40349,11.57942,16.73782,17.29283
6480.11350,0.82327,-1.53269,59.90620,14.37483,11.55118,16.71727,17.26291
6480.12350,0.85535,-1.55312,59.93086,14.36959,11.51339,16.77972,17.26816
6480.13350,0.81853,-1.54083,59.93972,14.36345,11.55567,16.73949,17.28111
6480.14350,0.80135,-1.53510,59.94386,14.36059,11.57539,16.72072,17.28716
6480.15350,0.77385,-1.58172,59.92259,14.27140,11.53285,16.76081,17.35752
6480.16350,0.78913,-1.56002,60.03919,14.32710,11.58448,16.78669,17.34092
6480.17350,0.79294,-1.55431,60.06086,14.34059,11.59539,16.78972,17.33516
6480.18350,0.76616,-1.58027,59.92452,14.26569,11.54322,16.75690,17.35872
6480.19350,0.75266,-1.59411,59.94310,14.24095,11.53955,16.77256,17.39004
6480.20350,0.74603,-1.60113,59.97786,14.23259,11.54439,16.78972,17.41116
6480.21350,0.81794,-1.61954,60.18145,14.29714,11.51874,16.93041,17.43516
6480.22350,0.83285,-1.62336,60.22386,14.31059,11.51339,16.95972,17.44016
6480.23350,0.81124,-1.63686,60.16814,14.27326,11.49121,16.93808,17.46559
6480.24350,0.81092,-1.65250,60.12806,14.24159,11.46447,16.94852,17.47348
6480.25350,0.81794,-1.65412,60.13086,14.24159,11.46139,16.95972,17.46816
6480.26350,0.78155,-1.62967,60.08768,14.24719,11.50177,16.88121,17.45750
6480.27350,0.79579,-1.60062,60.05441,14.30026,11.51097,16.83066,17.41252
6480.28350,0.83123,-1.59243,60.05486,14.34059,11.49239,16.83972,17.38216
6480.29350,0.84421,-1.58118,60.03263,14.38290,11.47016,16.80386,17.37571
6480.30350,0.84934,-1.57673,60.02386,14.39959,11.46139,16.78972,17.37316
6480.31350,0.83484,-1.56211,59.87122,14.34991,11.48371,16.74004,17.29756
6480.32350,0.81857,-1.57063,59.87618,14.32579,11.48759,16.74424,17.31856
6480.33350,0.80710,-1.58601,59.94586,14.32059,11.48239,16.76972,17.37316
6480.34350,0.82172,-1.58620,60.03449,14.36300,11.47763,16.79355,17.40032
6480.35350,0.82701,-1.59608,60.13430,14.38898,11.46855,16.82670,17.45006
6480.36350,0.80703,-1.61410,60.13886,14.35059,11.46139,16.83972,17.48716
6480.37350,0.82183,-1.61040,60.26866,14.38540,11.49207,16.89282,17.49837
6480.38350,0.83207,-1.60783,60.35886,14.40959,11.51339,16.92972,17.50616
6480.39350,0.80922,-1.62672,60.29870,14.37546,11.47175,16.90080,17.55070
6480.40350,0.80241,-1.63332,60.30880,14.37316,11.46090,16.89885,17.57589
6480.41350,0.81829,-1.62176,60.39586,14.40959,11.49239,16.92972,17.56416
6480.42350,0.81659,-1.61640,60.38812,14.41580,11.49707,16.91712,17.55813
6480.43350,0.80228,-1.56086,60.30004,14.47756,11.54439,16.78972,17.48836
6480.44350,0.82796,-1.55018,60.21386,14.46859,11.54439,16.78972,17.41116
6480.45350,0.81450,-1.54804,60.15327,14.45512,11.53732,16.75303,17.40779
6480.46350,0.78789,-1.54381,60.03386,14.42859,11.52339,16.68072,17.40116
6480.47350,0.78789,-1.54381,60.03386,14.42859,11.52339,16.68072,17.40116
6480.48350,0.77999,-1.55342,60.09557,14.40214,11.55120,16.72819,17.41405
6480.49350,0.79525,-1.55595,60.19758,14.40399,11.58671,16.80040,17.40648
6480.50350,0.80263,-1.55517,60.22586,14.40959,11.59539,16.81972,17.40116
6480.51350,0.80265,-1.57089,60.31896,14.43689,11.56669,16.84072,17.47466
6480.52350,0.78490,-1.57932,60.33977,14.40687,11.58338,16.85679,17.49273
6480.53350,0.77754,-1.58002,60.33186,14.38959,11.59539,16.85972,17.48716
6480.54350,0.76176,-1.57753,60.37311,14.41396,11.59539,16.83472,17.52904
6480.55350,0.75673,-1.56518,60.38174,14.44144,11.60432,16.80469,17.53129
6480.56350,0.76902,-1.52841,60.31347,14.47931,11.63427,16.74860,17.45128
6480.57350,0.75564,-1.53669,60.27486,14.44859,11.62639,16.74072,17.45916
6480.58350,0.75569,-1.53993,60.22526,14.43099,11.61399,16.73272,17.44756
6480.59350,0.75297,-1.55723,60.03466,14.35259,11.56439,16.70872,17.40896
6480.60350,0.74133,-1.57449,60.06586,14.32059,11.56439,16.74072,17.44016
6480.61350,0.74133,-1.57449,60.06586,14.32059,11.56439,16.74072,17.44016
6480.62350,0.72536,-1.57853,60.16486,14.31059,11.60639,16.77972,17.46816
6480.63350,0.73129,-1.58064,60.16459,14.31329,11.59802,16.78512,17.46816
6480.64350,0.78874,-1.60005,60.17196,14.34417,11.51909,16.83788,17.47082
6480.65350,0.76394,-1.58159,60.27186,14.37959,11.57539,16.81972,17.49716
6480.66350,0.76745,-1.57976,60.27273,14.38819,11.57202,16.81645,17.49607
6480.67350,0.78942,-1.56608,60.25711,14.44123,11.54841,16.78590,17.48157
6480.68350,0.72713,-1.57838,60.04786,14.28159,11.58539,16.75072,17.43016
6480.69350,0.72892,-1.57630,60.05436,14.28862,11.58664,16.74953,17.42956
6480.70350,0.74879,-1.55319,60.12654,14.36677,11.60055,16.73628,17.42294
6480.71350,0.75712,-1.54350,60.15686,14.39959,11.60639,16.73072,17.42016
6480.72350,0.75978,-1.57469,59.98087,14.33005,11.51780,16.71287,17.42016
6480.73350,0.74625,-1.56864,60.05604,14.32334,11.57283,16.73971,17.42016
6480.74350,0.74071,-1.56616,60.08686,14.32059,11.59539,16.75072,17.42016
6480.75350,0.76261,-1.55953,60.06486,14.37959,11.54439,16.71072,17.43016
6480.76350,0.76548,-1.55812,60.06856,14.38370,11.54559,16.71251,17.42676
6480.77350,0.79740,-1.54248,60.10961,14.42939,11.55883,16.73238,17.38901
6480.78350,0.71760,-1.54467,60.14557,14.36626,11.63175,16.70330,17.44426
6480.79350,0.71118,-1.54527,60.14686,14.36059,11.63639,16.70072,17.44916
6480.80350,0.71558,-1.53897,60.04113,14.36059,11.60729,16.65222,17.42103
6480.81350,0.76434,-1.56078,60.05419,14.36923,11.54685,16.71795,17.42016
6480.82350,0.76634,-1.56168,60.05486,14.36959,11.54439,16.72072,17.42016
6480.83350,0.76117,-1.55249,60.06031,14.37612,11.56443,16.70983,17.40992
6480.84350,0.74578,-1.52017,60.05550,14.38930,11.63429,16.67282,17.35909
6480.85350,0.75776,-1.52280,59.96386,14.35059,11.62639,16.68072,17.30616
6480.86350,0.76001,-1.52270,59.97032,14.35705,11.62299,16.68072,17.30956
6480.87350,0.76437,-1.52251,59.98286,14.36959,11.61639,16.68072,17.31616
6480.88350,0.76748,-1.53064,59.99727,14.36238,11.60843,16.69969,17.32678
6480.89350,0.77489,-1.53444,59.97275,14.37121,11.57900,16.68842,17.33411
6480.90350,0.77697,-1.52594,59.92986,14.38959,11.56439,16.65072,17.32516
6480.91350,0.77295,-1.51975,59.98657,14.39752,11.59731,16.66658,17.32516
6480.92350,0.76712,-1.51080,60.06875,14.40901,11.64501,16.68957,17.32516
6480.93350,0.76842,-1.54586,60.14586,14.40959,11.58539,16.73072,17.42016
6480.94350,0.76793,-1.53492,60.12643,14.41930,11.59613,16.71027,17.40073
6480.95350,0.76747,-1.52446,60.10786,14.42859,11.60639,16.69072,17.38216
6480.96350,0.75822,-1.54175,60.06813,14.37792,11.59430,16.70799,17.38792
6480.97350,0.74880,-1.54882,60.04582,14.34059,11.60337,16.72072,17.38114
6480.98350,0.74692,-1.54470,60.05086,14.34059,11.61639,16.72072,17.37316
6480.99350,0.75561,-1.50992,60.07092,14.39841,11.65887,16.68532,17.32832
6481.00350,0.76677,-1.51999,60.02704,14.38824,11.62349,16.68825,17.32705
6481.01350,0.77470,-1.57291,59.93786,14.31059,11.52339,16.73072,17.37316
6481.02350,0.76006,-1.54350,59.92492,14.33755,11.56816,16.67679,17.34242
6481.03350,0.74755,-1.51836,59.91386,14.36059,11.60639,16.63072,17.31616
6481.04350,0.75144,-1.52066,59.95059,14.37046,11.60639,16.64524,17.32850
6481.05350,0.77091,-1.52637,60.17589,14.43390,11.62551,16.72541,17.39107
6481.06350,0.76375,-1.50983,60.19510,14.44520,11.66619,16.71411,17.36960
6481.07350,0.76161,-1.50487,60.20086,14.44859,11.67839,16.71072,17.36316
6481.08350,0.75858,-1.53328,60.06865,14.38412,11.61066,16.70256,17.37132
6481.09350,0.72646,-1.53241,59.88500,14.31303,11.60454,16.63419,17.33324
6481.10350,0.72008,-1.53093,59.85386,14.30159,11.60639,16.62072,17.32516
6481.11350,0.71705,-1.53355,60.16786,14.36959,11.66739,16.71072,17.42016
6481.12350,0.71705,-1.53355,60.16786,14.36959,11.66739,16.71072,17.42016
6481.13350,0.71982,-1.54014,60.04619,14.34059,11.62639,16.68072,17.39849
6481.14350,0.73672,-1.53269,60.00086,14.36059,11.60639,16.66072,17.37316
6481.15350,0.73416,-1.52794,59.98782,14.35716,11.61669,16.65386,17.36012
6481.16350,0.72456,-1.52975,59.95736,14.32930,11.62659,16.65268,17.34879
6481.17350,0.71037,-1.56283,59.94069,14.26481,11.59688,16.68891,17.39009
6481.18350,0.71084,-1.56788,59.94754,14.25927,11.59211,16.69864,17.39752
6481.19350,0.72439,-1.60680,60.03586,14.23259,11.55439,16.78972,17.45916
6481.20350,0.73084,-1.59579,60.04689,14.25762,11.56309,16.77933,17.44686
6481.21350,0.74983,-1.56205,60.12614,14.34839,11.59539,16.75590,17.42646
6481.22350,0.73245,-1.58715,60.26186,14.34059,11.59539,16.80972,17.51616
6481.23350,0.73245,-1.58715,60.26186,14.34059,11.59539,16.80972,17.51616
6481.24350,0.72266,-1.55179,60.14466,14.35243,11.62639,16.72370,17.44214
6481.25350,0.71490,-1.57358,60.13686,14.29159,11.62639,16.76972,17.44916
6481.26350,0.71490,-1.57358,60.13686,14.29159,11.62639,16.76972,17.44916
6481.27350,0.74273,-1.54350,60.15686,14.37959,11.62639,16.73072,17.42016
6481.28350,0.74564,-1.54380,60.14715,14.37959,11.62139,16.72974,17.41643
6481.29350,0.76986,-1.54840,60.06335,14.37644,11.57620,16.72314,17.38757
6481.30350,0.74059,-1.56875,60.12586,14.34059,11.58539,16.75072,17.44916
6481.31350,0.73915,-1.56664,60.12974,14.34059,11.59263,16.75072,17.44581
6481.32350,0.72422,-1.54487,60.16986,14.34059,11.66739,16.75072,17.41116
6481.33350,0.72422,-1.54487,60.16986,14.34059,11.66739,16.75072,17.41116
6481.34350,0.69868,-1.58643,60.06450,14.24442,11.60852,16.75702,17.45454
6481.35350,0.70358,-1.59686,60.27246,14.27982,11.63507,16.83578,17.52180
6481.36350,0.70726,-1.59739,60.28440,14.28555,11.63308,16.84134,17.52443
6481.37350,0.74507,-1.59790,60.29673,14.32618,11.59638,16.85972,17.51445
6481.38350,0.73230,-1.60255,60.24486,14.28159,11.60639,16.85972,17.49716
6481.39350,0.73230,-1.60255,60.24486,14.28159,11.60639,16.85972,17.49716
6481.40350,0.73997,-1.59217,60.36608,14.35494,11.61261,16.85972,17.53881
6481.41350,0.74462,-1.58587,60.43986,14.39959,11.61639,16.85972,17.56416
6481.42350,0.78797,-1.61491,60.30669,14.36275,11.51912,16.88805,17.53677
6481.43350,0.75794,-1.63336,60.20481,14.27604,11.51339,16.88022,17.53516
6481.44350,0.75622,-1.63424,60.19986,14.27159,11.51339,16.87972,17.53516
6481.45350,0.74125,-1.60413,60.23826,14.31863,11.56235,16.83172,17.52556
6481.46350,0.74384,-1.59420,60.23122,14.33979,11.56439,16.81052,17.51652
6481.47350,0.74397,-1.59384,60.23086,14.34059,11.56439,16.80972,17.51616
6481.48350,0.71316,-1.59488,60.23950,14.33099,11.57495,16.78092,17.55264
6481.49350,0.71188,-1.59493,60.23986,14.33059,11.57539,16.77972,17.55416
6481.50350,0.80148,-1.57662,60.05261,14.36766,11.50601,16.77022,17.40873
6481.51350,0.81909,-1.55656,60.08412,14.41757,11.52254,16.76108,17.38293
6481.52350,0.81963,-1.55575,60.08586,14.41959,11.52339,16.76072,17.38216
6481.53350,0.74438,-1.54251,60.17258,14.36755,11.64782,16.75318,17.40403
6481.54350,0.73435,-1.55307,60.16198,14.35059,11.63233,16.75072,17.42834
6481.55350,0.75138,-1.57060,60.11623,14.35059,11.56637,16.75072,17.44855
6481.56350,0.72291,-1.54949,60.24190,14.39279,11.63411,16.73392,17.48108
6481.57350,0.71350,-1.54780,60.25486,14.38959,11.64739,16.73072,17.48716
6481.58350,0.71350,-1.54780,60.25486,14.38959,11.64739,16.73072,17.48716
6481.59350,0.79530,-1.54942,60.19951,14.42724,11.58154,16.77822,17.41251
6481.60350,0.79909,-1.55048,60.19486,14.42859,11.57539,16.77972,17.41116
6481.61350,0.81112,-1.50980,60.24358,14.47059,11.66191,16.77972,17.33136
6481.62350,0.81341,-1.50206,60.25286,14.47859,11.67839,16.77972,17.31616
6481.63350,0.79186,-1.53039,60.16613,14.42377,11.62080,16.75960,17.36196
6481.64350,0.78849,-1.53260,60.19552,14.42699,11.62447,16.76694,17.37713
6481.65350,0.79334,-1.52449,60.24886,14.44859,11.64739,16.77972,17.37316
6481.66350,0.77419,-1.52489,60.17848,14.40086,11.66357,16.76435,17.34970
6481.67350,0.79047,-1.52337,60.18879,14.41652,11.65640,16.77666,17.33921
6481.68350,0.80750,-1.52204,60.21086,14.43859,11.64739,16.78972,17.33516
6481.69350,0.74955,-1.52002,60.06744,14.40380,11.62538,16.66973,17.36853
6481.70350,0.72580,-1.51919,60.00886,14.38959,11.61639,16.62072,17.38216
6481.71350,0.71857,-1.53889,60.01593,14.34787,11.60932,16.65607,17.40267
6481.72350,0.73450,-1.53483,60.08916,14.37206,11.62748,16.69181,17.39780
6481.73350,0.74248,-1.52968,60.11886,14.38959,11.63639,16.70072,17.39216
6481.74350,0.74943,-1.50579,60.07149,14.42423,11.64417,16.65123,17.35186
6481.75350,0.75232,-1.49589,60.05186,14.43859,11.64739,16.63072,17.33516
6481.76350,0.76330,-1.50512,60.01014,14.41101,11.63254,16.65193,17.31465
6481.77350,0.77817,-1.53272,60.00777,14.35060,11.61929,16.73172,17.30616
6481.78350,0.78238,-1.54242,60.01386,14.33059,11.61639,16.76072,17.30616
6481.79350,0.77684,-1.54094,59.99430,14.35119,11.59125,16.72231,17.32956
6481.80350,0.76630,-1.53279,60.10654,14.40139,11.61106,16.71562,17.37847
6481.81350,0.76617,-1.52907,60.20986,14.40959,11.65739,16.76072,17.38216
6481.82350,0.77388,-1.52142,60.17796,14.40379,11.66957,16.76072,17.34388
6481.83350,0.77946,-1.51588,60.15486,14.39959,11.67839,16.76072,17.31616
6481.84350,0.76293,-1.52557,60.07598,14.38799,11.63025,16.70852,17.34922
6481.85350,0.74581,-1.50870,60.01016,14.39699,11.63715,16.64172,17.33430
6481.86350,0.74210,-1.49139,60.00386,14.40959,11.66739,16.62072,17.30616
6481.87350,0.74779,-1.48985,60.02369,14.41929,11.67035,16.62916,17.30489
6481.88350,0.74816,-1.49361,60.08850,14.42904,11.67885,16.65345,17.32716
6481.89350,0.70690,-1.50939,60.02086,14.36959,11.66739,16.62072,17.36316
6481.90350,0.71411,-1.50878,60.02652,14.37960,11.66144,16.62362,17.36185
6481.91350,0.75237,-1.51107,60.03336,14.40909,11.62889,16.65072,17.34466
6481.92350,0.74348,-1.52361,59.97698,14.34632,11.63421,16.67200,17.32445
6481.93350,0.73983,-1.52876,59.95386,14.32059,11.63639,16.68072,17.31616
6481.94350,0.74671,-1.52994,59.90731,14.34968,11.58403,16.63708,17.33652
6481.95350,0.74929,-1.53039,59.88986,14.36059,11.56439,16.62072,17.34416
6481.96350,0.76387,-1.53095,59.87845,14.34633,11.57223,16.64923,17.31066
6481.97350,0.77204,-1.53199,59.89516,14.33349,11.58959,16.68202,17.29006
6481.98350,0.77297,-1.53232,59.90386,14.33059,11.59539,16.69072,17.28716
6481.99350,0.74934,-1.53387,59.98085,14.33059,11.62462,16.69785,17.32779
6482.00350,0.77049,-1.50326,60.00460,14.40965,11.63639,16.66038,17.29817
6482.01350,0.76682,-1.49834,60.00433,14.42460,11.63429,16.64022,17.30522
6482.02350,0.72543,-1.50795,60.00986,14.40959,11.62639,16.60072,17.37316
6482.03350,0.73641,-1.50716,60.02876,14.41988,11.62639,16.61542,17.36707
6482.04350,0.77852,-1.50569,60.10322,14.45173,11.63073,16.68052,17.34024
6482.05350,0.78263,-1.51287,60.11922,14.41906,11.65140,16.72719,17.32157
6482.06350,0.78093,-1.51276,60.11745,14.41259,11.65739,16.73038,17.31709
6482.07350,0.75580,-1.49374,60.06186,14.43859,11.65739,16.64072,17.32516
6482.08350,0.75580,-1.49374,60.06186,14.43859,11.65739,16.64072,17.32516
6482.09350,0.77150,-1.48251,60.19186,14.48571,11.69641,16.68270,17.32704
6482.10350,0.77215,-1.49582,60.19186,14.46859,11.67839,16.70072,17.34416
6482.11350,0.77384,-1.49658,60.18385,14.46589,11.67560,16.70162,17.34074
6482.12350,0.78836,-1.50403,60.10292,14.43744,11.64927,16.70830,17.30791
6482.13350,0.75958,-1.50108,60.10359,14.42469,11.67007,16.68146,17.32737
6482.14350,0.74807,-1.49990,60.10386,14.41959,11.67839,16.67072,17.33516
6482.15350,0.74058,-1.49788,60.17784,14.43784,11.69761,16.68033,17.36206
6482.16350,0.74027,-1.49780,60.18086,14.43859,11.69839,16.68072,17.36316
6482.17350,0.79000,-1.51405,60.14109,14.44829,11.62855,16.71952,17.34473
6482.18350,0.74951,-1.52595,60.23395,14.43889,11.64676,16.72072,17.42758
6482.19350,0.74821,-1.52631,60.23686,14.43859,11.64739,16.72072,17.43016
6482.20350,0.76252,-1.51865,60.12531,14.41046,11.64739,16.71102,17.35644
6482.21350,0.76919,-1.52812,60.09030,14.39419,11.62353,16.71842,17.35416
6482.22350,0.77106,-1.53103,60.08086,14.38959,11.61639,16.72072,17.35416
6482.23350,0.79189,-1.52999,60.07264,14.40602,11.59914,16.72894,17.33855
6482.24350,0.78110,-1.53301,60.11186,14.40959,11.60460,16.73072,17.36696
6482.25350,0.75818,-1.55231,60.06247,14.33557,11.60639,16.74735,17.37316
6482.26350,0.76293,-1.56610,60.17481,14.34770,11.60639,16.79997,17.42075
6482.27350,0.77001,-1.57414,60.27486,14.36959,11.60639,16.83972,17.45916
6482.28350,0.78794,-1.56144,60.17300,14.37902,11.58659,16.80246,17.40493
6482.29350,0.80151,-1.54983,60.06438,14.38124,11.56807,16.76277,17.35229
6482.30350,0.71490,-1.58496,60.13686,14.27159,11.61639,16.78972,17.45916
6482.31350,0.72065,-1.58423,60.14037,14.27870,11.61270,16.79242,17.45655
6482.32350,0.77883,-1.57692,60.17586,14.35059,11.57539,16.81972,17.43016
6482.33350,0.77356,-1.56996,60.16217,14.35303,11.58542,16.80285,17.42087
6482.34350,0.76048,-1.54703,60.14798,14.37643,11.61639,16.75395,17.40121
6482.35350,0.76728,-1.54411,60.20686,14.40959,11.61639,16.76072,17.42016
6482.36350,0.77039,-1.54264,60.16258,14.40587,11.60486,16.74584,17.40602
6482.37350,0.75676,-1.54740,60.16546,14.39494,11.60444,16.73931,17.42677
6482.38350,0.73505,-1.55574,60.25486,14.38959,11.62639,16.76072,17.47816
6482.39350,0.74374,-1.55583,60.18031,14.37392,11.60965,16.74992,17.44683
6482.40350,0.75115,-1.55590,60.11686,14.36059,11.59539,16.74072,17.42016
6482.41350,0.73957,-1.55658,60.12512,14.32578,11.63197,16.76373,17.40364
6482.42350,0.74517,-1.56543,60.16154,14.34761,11.60252,16.76851,17.44290
6482.43350,0.75464,-1.57124,60.18286,14.37959,11.56439,16.76072,17.47816
6482.44350,0.75804,-1.56970,60.18596,14.37959,11.56981,16.76704,17.46951
6482.45350,0.78894,-1.54994,60.20318,14.39799,11.61099,16.80052,17.39368
6482.46350,0.79832,-1.53901,60.19886,14.41959,11.61639,16.78972,17.37316
6482.47350,0.77076,-1.53189,60.16712,14.41039,11.63065,16.74418,17.38190
6482.48350,0.75529,-1.53140,60.10208,14.39503,11.61916,16.70438,17.38351
6482.49350,0.77553,-1.54082,60.06886,14.38959,11.58539,16.72072,17.37316
6482.50350,0.77553,-1.54082,60.06886,14.38959,11.58539,16.72072,17.37316
6482.51350,0.69367,-1.56242,60.13586,14.32059,11.62639,16.71072,17.47816
6482.52350,0.71393,-1.56178,60.10055,14.32389,11.60956,16.71732,17.44978
6482.53350,0.74180,-1.55638,60.05823,14.33719,11.59222,16.72082,17.40800
6482.54350,0.71476,-1.54810,60.11786,14.35059,11.62639,16.70072,17.44016
6482.55350,0.71476,-1.54810,60.11786,14.35059,11.62639,16.70072,17.44016
6482.56350,0.72092,-1.51562,60.19120,14.43703,11.65739,16.66072,17.43606
6482.57350,0.72479,-1.51858,60.03286,14.36059,11.65739,16.66072,17.35416
6482.58350,0.71985,-1.51687,60.06213,14.36674,11.66842,16.66284,17.36413
6482.59350,0.70154,-1.51055,60.17086,14.38959,11.70939,16.67072,17.40116
6482.60350,0.70154,-1.51055,60.17086,14.38959,11.70939,16.67072,17.40116
6482.61350,0.71188,-1.53769,60.03715,14.34491,11.62460,16.66072,17.40692
6482.62350,0.71218,-1.50265,60.12286,14.38959,11.70939,16.66072,17.36316
6482.63350,0.71530,-1.50400,60.12415,14.39102,11.70496,16.66429,17.36387
6482.64350,0.75342,-1.52055,60.14283,14.40959,11.65086,16.70831,17.37407
6482.65350,0.72601,-1.50956,60.16476,14.40959,11.68936,16.68158,17.38423
6482.66350,0.70652,-1.50408,60.17993,14.40637,11.71361,16.66554,17.39441
6482.67350,0.72734,-1.53846,60.15850,14.37066,11.64932,16.71911,17.41941
6482.68350,0.72796,-1.53949,60.15786,14.36959,11.64739,16.72072,17.42016
6482.69350,0.71242,-1.54592,60.14739,14.34258,11.65290,16.72072,17.43118
6482.70350,0.70645,-1.54773,60.16910,14.34271,11.65739,16.72352,17.44548
6482.71350,0.72365,-1.53892,60.24686,14.39959,11.65739,16.73072,17.45916
6482.72350,0.71449,-1.50326,60.02981,14.40919,11.64779,16.59626,17.37657
6482.73350,0.78109,-1.52993,59.88019,14.36301,11.55900,16.65725,17.30092
6482.74350,0.78458,-1.53140,59.87286,14.36059,11.55439,16.66072,17.29716
6482.75350,0.72847,-1.52485,59.76736,14.34158,11.54489,16.54761,17.33328
6482.76350,0.72554,-1.52451,59.76186,14.34059,11.54439,16.54172,17.33516
6482.77350,0.71751,-1.51956,59.79988,14.34059,11.57386,16.55027,17.33516
6482.78350,0.72265,-1.53062,59.91701,14.32139,11.61474,16.63708,17.34380
6482.79350,0.72288,-1.53109,59.92186,14.32059,11.61639,16.64072,17.34416
6482.80350,0.73270,-1.54101,60.06267,14.37067,11.60115,16.67701,17.41384
6482.81350,0.72213,-1.55375,60.05942,14.33232,11.60452,16.69902,17.42356
6482.82350,0.71920,-1.55560,60.04786,14.32059,11.60639,16.70072,17.42016
6482.83350,0.69078,-1.54761,60.15637,14.32887,11.66603,16.70900,17.45246
6482.84350,0.68490,-1.54596,60.17886,14.33059,11.67839,16.71072,17.45916
6482.85350,0.68228,-1.54854,60.19366,14.33459,11.67399,16.71072,17.47436
6482.86350,0.70712,-1.55246,60.08364,14.31937,11.63133,16.70365,17.42928
6482.87350,0.71907,-1.55248,60.02886,14.31059,11.61639,16.70072,17.40116
6482.88350,0.72437,-1.53251,59.97326,14.34623,11.60926,16.64369,17.37407
6482.89350,0.71036,-1.54128,60.02329,14.31110,11.64297,16.68527,17.38396
6482.90350,0.70401,-1.54790,60.05186,14.29159,11.65739,16.71072,17.39216
6482.91350,0.70124,-1.55266,60.05846,14.29995,11.63935,16.70192,17.41724
6482.92350,0.69771,-1.55871,60.06686,14.31059,11.61639,16.69072,17.44916
6482.93350,0.69399,-1.55276,60.07686,14.32392,11.62306,16.67739,17.45249
6482.94350,0.67649,-1.53012,60.15723,14.36183,11.67960,16.65664,17.45916
6482.95350,0.66956,-1.52272,60.19886,14.36959,11.70939,16.66072,17.45916
6482.96350,0.71676,-1.52324,60.11708,14.39295,11.64923,16.66072,17.41418
6482.97350,0.73124,-1.53543,60.04590,14.37627,11.60300,16.66072,17.40592
6482.98350,0.69813,-1.55580,60.02356,14.31882,11.59715,16.66072,17.44687
6482.99350,0.72205,-1.55583,60.12727,14.35299,11.60766,16.71329,17.45332
6483.00350,0.74608,-1.55152,60.20586,14.38959,11.61639,16.75072,17.44916
6483.01350,0.72601,-1.54926,60.17940,14.37111,11.62941,16.72762,17.45126
6483.02350,0.66629,-1.53630,60.06888,14.30851,11.67839,16.65027,17.43172
6483.03350,0.71720,-1.52216,60.03386,14.33059,11.67839,16.68072,17.34416
6483.04350,0.71380,-1.53150,60.00619,14.31880,11.65361,16.67350,17.36028
6483.05350,0.70623,-1.55230,59.94469,14.29259,11.59853,16.65746,17.39611
6483.06350,0.70304,-1.56104,59.91886,14.28159,11.57539,16.65072,17.41116
6483.07350,0.69373,-1.57337,60.06893,14.29772,11.59153,16.69913,17.48055
6483.08350,0.64997,-1.55564,60.21486,14.32059,11.67839,16.69072,17.52516
6483.09350,0.67485,-1.54956,60.19015,14.33928,11.66509,16.69389,17.49189
6483.10350,0.72008,-1.54822,60.13060,14.35516,11.62700,16.71011,17.43832
6483.11350,0.70145,-1.57411,60.11686,14.30159,11.60639,16.73072,17.47816
6483.12350,0.71311,-1.56743,60.06648,14.31077,11.59309,16.71171,17.45091
6483.13350,0.73355,-1.56094,60.00702,14.32432,11.57097,16.69577,17.41596
6483.14350,0.72308,-1.57833,60.11486,14.31059,11.58539,16.75072,17.46816
6483.15350,0.71703,-1.58073,60.11659,14.30308,11.58732,16.75072,17.47548
6483.16350,0.69750,-1.58847,60.12218,14.27885,11.59353,16.75072,17.49908
6483.17350,0.70416,-1.58154,60.11266,14.29119,11.59539,16.74272,17.48336
6483.18350,0.75077,-1.54729,60.06036,14.36441,11.58986,16.70715,17.39895
6483.19350,0.73461,-1.56035,60.02586,14.34059,11.56439,16.69072,17.43016
6483.20350,0.72830,-1.55919,60.01550,14.33362,11.56993,16.68358,17.42837
6483.21350,0.70222,-1.55446,59.96676,14.30425,11.59070,16.65164,17.42016
6483.22350,0.73186,-1.56027,59.95586,14.33059,11.54439,16.66072,17.42016
6483.23350,0.73186,-1.56027,59.95586,14.33059,11.54439,16.66072,17.42016
6483.24350,0.71880,-1.56639,60.20186,14.36959,11.59539,16.73072,17.50616
6483.25350,0.71806,-1.56635,60.18721,14.36337,11.59539,16.72833,17.50011
6483.26350,0.70979,-1.56589,60.02437,14.29435,11.59539,16.70178,17.43285
6483.27350,0.72461,-1.52998,60.16686,14.40959,11.63639,16.68072,17.44016
6483.28350,0.72461,-1.52998,60.16686,14.40959,11.63639,16.68072,17.44016
6483.29350,0.72771,-1.50685,60.04992,14.40023,11.65604,16.63395,17.35971
6483.30350,0.76060,-1.52969,60.02925,14.39959,11.58758,16.66951,17.37258
6483.31350,0.76162,-1.53045,60.02886,14.39959,11.58539,16.67072,17.37316
6483.32350,0.71113,-1.54558,60.03741,14.34351,11.60535,16.66122,17.42734
6483.33350,0.70850,-1.54637,60.03786,14.34059,11.60639,16.66072,17.43016
6483.34350,0.71934,-1.54933,60.00876,14.33089,11.59572,16.67042,17.41173
6483.35350,0.73033,-1.55776,60.03449,14.34961,11.56591,16.68023,17.43874
6483.36350,0.73088,-1.55819,60.03586,14.35059,11.56439,16.68072,17.44016
6483.37350,0.71866,-1.56415,60.04259,14.33038,11.57180,16.68745,17.45296
6483.38350,0.72921,-1.56897,60.04679,14.31592,11.57539,16.71872,17.43676
6483.39350,0.74804,-1.57117,60.04786,14.31059,11.57539,16.75072,17.41116
6483.40350,0.74576,-1.57106,60.05090,14.31059,11.57699,16.74912,17.41420
6483.41350,0.71947,-1.56979,60.08586,14.31059,11.59539,16.73072,17.44916
6483.42350,0.71962,-1.56850,60.08950,14.31339,11.59756,16.73002,17.44853
6483.43350,0.71907,-1.55408,60.13835,14.34436,11.62569,16.72352,17.44478
6483.44350,0.68384,-1.59005,60.14486,14.26159,11.61639,16.76072,17.50616
6483.45350,0.68984,-1.58122,60.19054,14.29348,11.62747,16.76072,17.50886
6483.46350,0.70598,-1.55743,60.31386,14.37959,11.65739,16.76072,17.51616
6483.47350,0.73210,-1.57033,60.11701,14.33625,11.58174,16.73868,17.46034
6483.48350,0.69705,-1.58332,60.01616,14.27887,11.56146,16.69537,17.48046
6483.49350,0.67859,-1.58676,60.00386,14.26159,11.56439,16.68072,17.49716
6483.50350,0.67431,-1.58912,59.91453,14.20292,11.57839,16.68739,17.44583
6483.51350,0.67542,-1.61168,59.89703,14.17359,11.54094,16.70924,17.47326
6483.52350,0.67745,-1.62491,59.91386,14.17359,11.51339,16.72072,17.50616
6483.53350,0.71168,-1.62113,59.94344,14.19621,11.51339,16.76074,17.47310
6483.54350,0.72029,-1.62598,59.99822,14.21259,11.50775,16.78459,17.49330
6483.55350,0.70681,-1.63203,60.03509,14.21782,11.50239,16.77972,17.53516
6483.56350,0.71756,-1.62090,60.12632,14.27399,11.51466,16.78556,17.55210
6483.57350,0.72400,-1.61373,60.18786,14.31059,11.52339,16.78972,17.56416
6483.58350,0.70777,-1.62115,60.17318,14.27659,11.53151,16.79358,17.57150
6483.59350,0.67585,-1.62717,60.17652,14.22259,11.57105,16.80495,17.57793
6483.60350,0.67026,-1.62190,60.20086,14.22259,11.59539,16.80972,17.57316
6483.61350,0.67286,-1.62158,60.19698,14.22339,11.59378,16.81053,17.56928
6483.62350,0.70247,-1.61789,60.15286,14.23259,11.57539,16.81972,17.52516
6483.63350,0.69862,-1.61132,60.11300,14.22387,11.58432,16.80251,17.50229
6483.64350,0.68212,-1.58685,59.98155,14.19975,11.61639,16.73595,17.42947
6483.65350,0.67374,-1.58427,60.01886,14.22259,11.61639,16.72072,17.45916
6483.66350,0.69136,-1.59592,59.98954,14.21793,11.57777,16.73468,17.45916
6483.67350,0.69786,-1.60132,59.98392,14.22179,11.55731,16.73692,17.46790
6483.68350,0.68169,-1.59192,60.01686,14.23259,11.58539,16.72072,17.47816
6483.69350,0.69721,-1.57567,60.05284,14.28633,11.58995,16.70706,17.46951
6483.70350,0.71574,-1.55625,60.09586,14.35059,11.59539,16.69072,17.45916
6483.71350,0.71574,-1.55625,60.09586,14.35059,11.59539,16.69072,17.45916
6483.72350,0.69504,-1.57691,60.06259,14.28489,11.59232,16.71052,17.47486
6483.73350,0.70865,-1.57790,60.11686,14.29159,11.60639,16.75072,17.46816
6483.74350,0.70609,-1.57535,60.11315,14.29670,11.60639,16.74013,17.46992
6483.75350,0.69832,-1.56763,60.10192,14.31221,11.60639,16.70805,17.47527
6483.76350,0.71322,-1.58892,60.06586,14.27159,11.57539,16.75072,17.46816
6483.77350,0.71521,-1.58015,60.07376,14.28370,11.58979,16.74545,17.45482
6483.78350,0.72125,-1.55359,60.09770,14.32040,11.63340,16.72950,17.41439
6483.79350,0.72457,-1.53899,60.11086,14.34059,11.65739,16.72072,17.39216
6483.80350,0.72226,-1.56104,60.13665,14.34059,11.61037,16.73083,17.45486
6483.81350,0.72436,-1.56763,60.07490,14.31489,11.59206,16.72754,17.44040
6483.82350,0.72592,-1.56431,60.05127,14.30550,11.60001,16.72690,17.41887
6483.83350,0.71902,-1.57923,60.13386,14.32253,11.57927,16.74296,17.48910
6483.84350,0.70161,-1.57006,60.13386,14.33059,11.59539,16.71072,17.49716
6483.85350,0.70555,-1.56558,60.11582,14.32867,11.60134,16.70880,17.47701
6483.86350,0.72218,-1.54669,60.03986,14.32059,11.62639,16.70072,17.39216
6483.87350,0.73063,-1.55024,60.01719,14.31873,11.60911,16.70258,17.38677
6483.88350,0.76396,-1.56589,59.91882,14.30667,11.53755,16.70992,17.36468
6483.89350,0.72062,-1.56665,59.92986,14.26159,11.58539,16.70072,17.38216
6483.90350,0.72062,-1.56665,59.92986,14.26159,11.58539,16.70072,17.38216
6483.91350,0.69937,-1.56528,59.96824,14.26159,11.60554,16.69112,17.40999
6483.92350,0.73772,-1.56937,60.03686,14.31059,11.57539,16.73072,17.42016
6483.93350,0.73558,-1.56719,60.04415,14.31296,11.58189,16.72914,17.42016
6483.94350,0.71067,-1.54194,60.12886,14.34059,11.65739,16.71072,17.42016
6483.95350,0.71067,-1.54194,60.12886,14.34059,11.65739,16.71072,17.42016
6483.96350,0.72291,-1.55673,60.06294,14.31413,11.61639,16.72012,17.41230
6483.97350,0.72957,-1.54923,60.10827,14.35346,11.61639,16.71345,17.42497
6483.98350,0.73230,-1.54616,60.12686,14.36959,11.61639,16.71072,17.43016
6483.99350,0.77553,-1.53323,60.06886,14.39959,11.59539,16.71072,17.36316
6484.00350,0.77553,-1.53323,60.06886,14.39959,11.59539,16.71072,17.36316
6484.01350,0.82274,-1.54300,60.12399,14.44616,11.54692,16.75824,17.37266
6484.02350,0.77286,-1.52991,60.13933,14.41116,11.62308,16.73193,17.37316
6484.03350,0.77066,-1.52934,60.13986,14.40959,11.62639,16.73072,17.37316
6484.04350,0.78645,-1.54678,60.04194,14.38079,11.56687,16.73072,17.36356
6484.05350,0.77479,-1.53277,60.10794,14.38919,11.62391,16.74032,17.35452
6484.06350,0.77427,-1.53216,60.11086,14.38959,11.62639,16.74072,17.35416
6484.07350,0.80232,-1.53555,60.12928,14.41868,11.59633,16.76011,17.35416
6484.08350,0.80319,-1.53566,60.12986,14.41959,11.59539,16.76072,17.35416
6484.09350,0.81356,-1.52445,60.12986,14.44915,11.59539,16.74556,17.33976
6484.10350,0.79023,-1.52899,60.10545,14.41735,11.60465,16.73230,17.35115
6484.11350,0.78521,-1.53052,60.10086,14.40959,11.60639,16.73072,17.35416
6484.12350,0.78521,-1.53052,60.10086,14.40959,11.60639,16.73072,17.35416
6484.13350,0.75804,-1.51087,60.03189,14.41279,11.62506,16.65412,17.33992
6484.14350,0.76424,-1.50993,60.02186,14.41959,11.61639,16.65072,17.33516
6484.15350,0.75146,-1.50006,60.03846,14.42706,11.64212,16.63412,17.33516
6484.16350,0.74884,-1.49804,60.04186,14.42859,11.64739,16.63072,17.33516
6484.17350,0.74884,-1.49804,60.04186,14.42859,11.64739,16.63072,17.33516
6484.18350,0.77612,-1.53472,60.15418,14.39115,11.63683,16.76416,17.36204
6484.19350,0.75563,-1.53433,60.21886,14.39959,11.65739,16.76072,17.40116
6484.20350,0.74326,-1.51975,60.11344,14.39241,11.65739,16.69617,17.36745
6484.21350,0.75004,-1.50416,60.09515,14.40370,11.67928,16.68484,17.32734
6484.22350,0.75490,-1.50007,60.10486,14.40959,11.68839,16.69072,17.31616
6484.23350,0.78509,-1.47640,60.10344,14.49337,11.66638,16.64812,17.29557
6484.24350,0.79743,-1.46674,60.10286,14.52759,11.65739,16.63072,17.28716
6484.25350,0.79322,-1.47129,60.05997,14.49692,11.65739,16.63332,17.27234
6484.26350,0.78736,-1.47762,60.00041,14.45432,11.65739,16.63693,17.25177
6484.27350,0.78150,-1.48396,59.94084,14.41172,11.65739,16.64054,17.23119
6484.28350,0.78585,-1.49623,59.90759,14.43397,11.58846,16.60709,17.27808
6484.29350,0.73166,-1.50188,59.76066,14.35243,11.59135,16.53770,17.27918
6484.30350,0.73671,-1.52314,59.94286,14.35059,11.61639,16.64072,17.33516
6484.31350,0.73237,-1.52584,59.97634,14.35798,11.61639,16.64461,17.35735
6484.32350,0.72556,-1.53008,60.02886,14.36959,11.61639,16.65072,17.39216
6484.33350,0.75788,-1.53575,60.08360,14.38799,11.60673,16.70546,17.38342
6484.34350,0.80007,-1.54266,60.17178,14.40499,11.60965,16.79272,17.36442
6484.35350,0.80513,-1.54296,60.19986,14.39959,11.62639,16.81972,17.35416
6484.36350,0.78821,-1.51539,60.19112,14.44467,11.65031,16.74658,17.34956
6484.37350,0.77506,-1.48698,60.16843,14.48463,11.67549,16.67658,17.33173
6484.38350,0.78968,-1.49560,60.14142,14.45647,11.66916,16.71106,17.30472
6484.39350,0.78521,-1.50059,60.12079,14.44236,11.66117,16.70827,17.30899
6484.40350,0.76696,-1.50606,60.09297,14.42912,11.64792,16.68178,17.33415
6484.41350,0.76623,-1.50627,60.09186,14.42859,11.64739,16.68072,17.33516
6484.42350,0.76104,-1.52083,60.08716,14.39896,11.63662,16.70072,17.35086
6484.43350,0.77651,-1.50246,60.16086,14.45859,11.65739,16.70072,17.34416
6484.44350,0.76777,-1.50166,60.16460,14.45179,11.66793,16.69732,17.34756
6484.45350,0.76080,-1.50834,60.19711,14.44532,11.67089,16.71092,17.36998
6484.46350,0.78043,-1.52454,60.24686,14.45859,11.63639,16.75072,17.40116
6484.47350,0.77276,-1.51868,60.27982,14.46499,11.65975,16.75072,17.40436
6484.48350,0.75650,-1.50626,60.34986,14.47859,11.70939,16.75072,17.41116
6484.49350,0.75650,-1.50626,60.34986,14.47859,11.70939,16.75072,17.41116
6484.50350,0.76609,-1.50333,60.24406,14.47399,11.67581,16.71392,17.38034
6484.51350,0.76377,-1.51689,60.06654,14.42729,11.60973,16.66549,17.36402
6484.52350,0.75130,-1.53244,60.01786,14.38959,11.58539,16.66072,17.38216
6484.53350,0.75825,-1.54914,60.05996,14.37702,11.57220,16.70470,17.40604
6484.54350,0.73951,-1.52953,60.10793,14.39595,11.62569,16.68458,17.40171
6484.55350,0.72770,-1.51430,60.11986,14.40959,11.65739,16.66072,17.39216
6484.56350,0.71968,-1.55702,60.00786,14.31059,11.59539,16.69072,17.41116
6484.57350,0.72258,-1.56024,60.02259,14.31640,11.58744,16.69654,17.42221
6484.58350,0.73911,-1.56360,60.09889,14.35870,11.56922,16.71660,17.45437
6484.59350,0.75641,-1.52492,60.15686,14.42859,11.62639,16.70072,17.40116
6484.60350,0.75116,-1.52416,60.16746,14.42479,11.63679,16.70272,17.40316
6484.61350,0.73021,-1.52112,60.20986,14.40959,11.67839,16.71072,17.41116
6484.62350,0.73021,-1.52112,60.20986,14.40959,11.67839,16.71072,17.41116
6484.63350,0.71902,-1.53033,59.92818,14.33296,11.60877,16.62626,17.36018
6484.64350,0.71476,-1.54051,60.11786,14.36059,11.63639,16.69072,17.43016
6484.65350,0.71476,-1.54051,60.11786,14.36059,11.63639,16.69072,17.43016
6484.66350,0.68692,-1.51657,59.93984,14.36059,11.62235,16.56022,17.39667
6484.67350,0.72343,-1.55349,60.05586,14.36059,11.57539,16.67072,17.44916
6484.68350,0.72140,-1.55024,60.06462,14.36475,11.58360,16.66827,17.44800
6484.69350,0.69042,-1.50038,60.19886,14.42859,11.70939,16.63072,17.43016
6484.70350,0.69042,-1.50038,60.19886,14.42859,11.70939,16.63072,17.43016
6484.71350,0.65034,-1.54647,60.32942,14.36331,11.70939,16.70752,17.54920
6484.72350,0.65201,-1.54317,60.34246,14.38815,11.69894,16.69171,17.56366
6484.73350,0.65218,-1.54289,60.34286,14.38959,11.69839,16.69072,17.56416
6484.74350,0.66812,-1.53435,60.33627,14.38017,11.72757,16.71896,17.50957
6484.75350,0.67952,-1.51902,60.28933,14.41757,11.71040,16.67325,17.48812
6484.76350,0.68008,-1.51823,60.28686,14.41959,11.70939,16.67072,17.48716
6484.77350,0.66083,-1.47336,60.30016,14.45664,11.79679,16.61372,17.43301
6484.78350,0.65981,-1.47099,60.30086,14.45859,11.80139,16.61072,17.43016
6484.79350,0.72125,-1.48761,60.15995,14.45859,11.69619,16.62347,17.38170
6484.80350,0.71044,-1.46356,60.14599,14.48662,11.72552,16.57322,17.36063
6484.81350,0.69253,-1.45047,60.17186,14.49759,11.76039,16.55072,17.36316
6484.82350,0.68040,-1.43393,60.09642,14.46561,11.80303,16.52694,17.30084
6484.83350,0.69251,-1.43283,60.09053,14.48459,11.78439,16.52172,17.29983
6484.84350,0.69989,-1.43409,60.09586,14.49759,11.77039,16.52172,17.30616
6484.85350,0.70659,-1.43023,60.03214,14.49169,11.75859,16.50402,17.27784
6484.86350,0.71126,-1.42755,59.98786,14.48759,11.75039,16.49172,17.25816
6484.87350,0.70145,-1.43297,60.02223,14.47286,11.76588,16.51060,17.27289
6484.88350,0.68766,-1.44060,60.07063,14.45211,11.78769,16.53720,17.29363
6484.89350,0.69134,-1.43297,60.11886,14.46859,11.81239,16.55072,17.28716
6484.90350,0.70259,-1.42362,60.14206,14.50779,11.80799,16.53912,17.28716
6484.91350,0.71865,-1.41028,60.17520,14.56379,11.80171,16.52255,17.28716
6484.92350,0.69131,-1.38581,60.05886,14.56659,11.81239,16.42172,17.25816
6484.93350,0.68803,-1.38794,60.04502,14.55489,11.81239,16.42172,17.25601
6484.94350,0.67755,-1.39475,60.00086,14.51759,11.81239,16.42172,17.24916
6484.95350,0.69708,-1.40236,60.04549,14.52670,11.80283,16.46271,17.25326
6484.96350,0.74109,-1.40221,60.16270,14.56323,11.81808,16.54782,17.23357
6484.97350,0.75992,-1.39382,60.22086,14.58659,11.84239,16.58072,17.21116
6484.98350,0.74127,-1.41405,60.16058,14.55010,11.79904,16.56010,17.25134
6484.99350,0.75743,-1.42932,60.14074,14.55205,11.74813,16.57034,17.27022
6485.00350,0.78077,-1.42733,60.16486,14.57659,11.73939,16.59072,17.25816
6485.01350,0.77183,-1.42464,60.16527,14.57384,11.74941,16.58125,17.26077
6485.02350,0.71561,-1.40774,60.16786,14.55659,11.81239,16.52172,17.27716
6485.03350,0.75755,-1.39810,59.98931,14.55090,11.76520,16.49329,17.17992
6485.04350,0.78919,-1.38046,59.83272,14.54659,11.74711,16.46029,17.07873
6485.05350,0.78894,-1.37274,59.81686,14.54659,11.76039,16.45172,17.05816
6485.06350,0.78800,-1.37535,59.82141,14.54475,11.75739,16.45462,17.06464
6485.07350,0.77863,-1.40842,59.81497,14.50581,11.70673,16.47728,17.12516
6485.08350,0.77781,-1.41940,59.75386,14.47859,11.67839,16.47172,17.12516
6485.09350,0.78540,-1.42089,59.89246,14.50851,11.70523,16.52408,17.15464
6485.10350,0.79500,-1.42278,60.06886,14.54659,11.73939,16.59072,17.19216
6485.11350,0.79683,-1.43048,60.06481,14.52454,11.73939,16.61322,17.18766
6485.12350,0.81453,-1.43993,60.12847,14.54571,11.72113,16.64963,17.21201
6485.13350,0.83371,-1.43999,60.21386,14.60559,11.69839,16.66072,17.24916
6485.14350,0.83371,-1.43999,60.21386,14.60559,11.69839,16.66072,17.24916
6485.15350,0.81470,-1.41746,60.14651,14.59930,11.73469,16.60562,17.20690
6485.16350,0.81344,-1.42016,60.09685,14.60535,11.69979,16.57206,17.21965
6485.17350,0.83693,-1.41592,60.06029,14.60926,11.69104,16.58175,17.17823
6485.18350,0.87745,-1.40843,60.00086,14.61559,11.67839,16.60072,17.10616
6485.19350,0.87745,-1.40843,60.00086,14.61559,11.67839,16.60072,17.10616
6485.20350,0.81440,-1.39917,60.01698,14.59612,11.72931,16.54119,17.15036
6485.21350,0.79425,-1.39996,60.07086,14.57659,11.77039,16.56072,17.16316
6485.22350,0.79425,-1.39996,60.07086,14.57659,11.77039,16.56072,17.16316
6485.23350,0.79370,-1.42224,60.02275,14.55088,11.71635,16.56072,17.19480
6485.24350,0.79341,-1.43377,59.99786,14.53759,11.68839,16.56072,17.21116
6485.25350,0.79341,-1.43377,59.99786,14.53759,11.68839,16.56072,17.21116
6485.26350,0.81259,-1.44009,60.14672,14.55079,11.72359,16.65132,17.22102
6485.27350,0.81238,-1.45140,60.19586,14.54659,11.71939,16.68072,17.24916
6485.28350,0.80899,-1.44423,60.13786,14.55239,11.70721,16.64012,17.23814
6485.29350,0.79435,-1.44453,60.11677,14.53703,11.71256,16.62421,17.24297
6485.30350,0.79295,-1.44665,60.11022,14.52839,11.71275,16.62752,17.24156
6485.31350,0.84095,-1.44285,59.92274,14.53201,11.63728,16.59314,17.16030
6485.32350,0.79852,-1.47044,59.96686,14.46859,11.64739,16.62072,17.23016
6485.33350,0.80040,-1.47134,59.97429,14.46697,11.64990,16.62880,17.22862
6485.34350,0.82180,-1.48148,60.05886,14.44859,11.67839,16.72072,17.21116
6485.35350,0.82210,-1.47945,60.06104,14.45578,11.67750,16.71506,17.21270
6485.36350,0.82357,-1.45780,60.08496,14.53579,11.66493,16.64952,17.23472
6485.37350,0.80329,-1.47411,60.07496,14.51579,11.63760,16.63619,17.28539
6485.38350,0.79497,-1.48080,60.07086,14.50759,11.62639,16.63072,17.30616
6485.39350,0.78781,-1.47436,60.03630,14.47975,11.65615,16.63072,17.26968
6485.40350,0.84078,-1.48493,60.18654,14.52563,11.64779,16.73632,17.27680
6485.41350,0.84299,-1.48538,60.19286,14.52759,11.64739,16.74072,17.27716
6485.42350,0.81139,-1.49029,60.00182,14.46135,11.61763,16.66392,17.25892
6485.43350,0.81006,-1.49049,59.99386,14.45859,11.61639,16.66072,17.25816
6485.44350,0.80586,-1.49663,59.96405,14.45149,11.59439,16.64653,17.27164
6485.45350,0.79865,-1.48926,60.02976,14.43219,11.66165,16.68992,17.24600
6485.46350,0.79745,-1.48709,60.04686,14.42859,11.67839,16.70072,17.23916
6485.47350,0.76899,-1.46814,60.21749,14.51059,11.72064,16.66759,17.31868
6485.48350,0.75674,-1.49781,60.08442,14.40716,11.68789,16.68513,17.30424
6485.49350,0.75528,-1.50553,60.04586,14.37959,11.67839,16.69072,17.29716
6485.50350,0.75551,-1.51171,60.08192,14.38591,11.67143,16.70337,17.32120
6485.51350,0.75564,-1.51529,60.10286,14.38959,11.66739,16.71072,17.33516
6485.52350,0.74685,-1.51589,60.10648,14.39992,11.65706,16.69005,17.35944
6485.53350,0.74282,-1.51073,60.12635,14.40959,11.66963,16.68506,17.36208
6485.54350,0.74447,-1.50847,60.13286,14.40959,11.67839,16.69072,17.35416
6485.55350,0.75152,-1.49350,60.15316,14.45089,11.68539,16.66972,17.34716
6485.56350,0.75454,-1.48709,60.16186,14.46859,11.68839,16.66072,17.34416
6485.57350,0.75987,-1.52618,60.06719,14.39113,11.62170,16.69658,17.35779
6485.58350,0.76250,-1.52876,60.12929,14.39030,11.64263,16.73320,17.36316
6485.59350,0.76322,-1.51094,60.26738,14.43157,11.70824,16.76441,17.36316
6485.60350,0.77095,-1.48369,60.25664,14.49490,11.71226,16.70627,17.34320
6485.61350,0.73218,-1.51519,60.22085,14.38482,11.72359,16.74391,17.36853
6485.62350,0.71508,-1.53205,60.21186,14.33059,11.72939,16.76972,17.38216
6485.63350,0.71508,-1.53205,60.21186,14.33059,11.72939,16.76972,17.38216
6485.64350,0.73662,-1.49924,60.10518,14.39695,11.70335,16.67816,17.32672
6485.65350,0.74022,-1.49924,60.09008,14.39897,11.69479,16.67332,17.32300
6485.66350,0.73389,-1.54207,60.14599,14.33306,11.67197,16.75934,17.38162
6485.67350,0.73107,-1.55228,60.16886,14.32059,11.66739,16.77972,17.40116
6485.68350,0.76743,-1.53012,60.19347,14.38972,11.66739,16.77386,17.36249
6485.69350,0.72914,-1.51275,60.20443,14.40412,11.70361,16.71189,17.38481
6485.70350,0.68358,-1.51153,60.19986,14.37959,11.72939,16.67072,17.42016
6485.71350,0.71504,-1.50874,60.19514,14.40319,11.71110,16.68842,17.39243
6485.72350,0.73690,-1.50680,60.19186,14.41959,11.69839,16.70072,17.37316
6485.73350,0.72368,-1.50880,60.11518,14.38494,11.69450,16.67736,17.35837
6485.74350,0.70756,-1.51283,60.01243,14.34330,11.68096,16.64358,17.34459
6485.75350,0.73565,-1.51814,60.11786,14.41959,11.63639,16.66072,17.40116
6485.76350,0.72294,-1.51223,60.16892,14.42373,11.66997,16.66532,17.40990
6485.77350,0.70602,-1.51636,60.14615,14.38305,11.68988,16.67072,17.40250
6485.78350,0.70366,-1.52913,60.05086,14.33059,11.66739,16.67072,17.38216
6485.79350,0.71594,-1.52721,60.12415,14.35788,11.67690,16.69832,17.39105
6485.80350,0.74254,-1.52305,60.28349,14.41721,11.69757,16.75832,17.41039
6485.81350,0.74786,-1.52886,60.22010,14.40161,11.67037,16.74853,17.39958
6485.82350,0.75715,-1.54189,60.06844,14.36254,11.60944,16.72204,17.37442
6485.83350,0.71816,-1.50936,59.95386,14.35059,11.65739,16.62072,17.32516
6485.84350,0.71286,-1.50661,59.89842,14.34069,11.65046,16.59465,17.31262
6485.85350,0.71021,-1.51078,59.81523,14.31102,11.63309,16.57769,17.29343
6485.86350,0.72670,-1.53058,59.87486,14.29159,11.62639,16.65072,17.30616
6485.87350,0.72709,-1.53214,59.91881,14.30204,11.63087,16.66352,17.32237
6485.88350,0.72831,-1.53699,60.05614,14.33471,11.64487,16.70352,17.37304
6485.89350,0.72663,-1.53974,60.07856,14.33675,11.64528,16.71072,17.38581
6485.90350,0.72158,-1.55115,60.08038,14.32463,11.62811,16.71678,17.41086
6485.91350,0.73339,-1.56496,60.12586,14.34059,11.59539,16.74072,17.44916
6485.92350,0.73058,-1.55930,60.14980,14.34482,11.61642,16.74495,17.44361
6485.93350,0.71654,-1.53107,60.26951,14.36599,11.72152,16.76612,17.41588
6485.94350,0.74199,-1.53439,60.21686,14.41959,11.63639,16.72072,17.44016
6485.95350,0.74046,-1.53149,60.20456,14.41747,11.64085,16.71436,17.43189
6485.96350,0.73479,-1.52070,60.15886,14.40959,11.65739,16.69072,17.40116
6485.97350,0.73479,-1.52070,60.15886,14.40959,11.65739,16.69072,17.40116
6485.98350,0.74259,-1.51984,60.13208,14.41260,11.64506,16.68470,17.38973
6485.99350,0.75464,-1.51540,60.07654,14.42412,11.62117,16.66117,17.37008
6486.00350,0.73517,-1.50764,60.09786,14.43859,11.63639,16.63072,17.39216
6486.01350,0.72595,-1.50439,60.11385,14.42212,11.66837,16.64265,17.38071
6486.02350,0.71548,-1.52298,60.15232,14.38939,11.66875,16.68072,17.41346
6486.03350,0.72523,-1.53790,60.14586,14.39959,11.61639,16.68072,17.44916
6486.04350,0.75428,-1.53686,60.06786,14.38959,11.59539,16.69072,17.39216
6486.05350,0.75428,-1.53686,60.06786,14.38959,11.59539,16.69072,17.39216
6486.06350,0.75062,-1.53406,60.09544,14.39878,11.60551,16.69072,17.40043
6486.07350,0.73863,-1.53004,60.16669,14.39959,11.64614,16.71011,17.41085
6486.08350,0.73826,-1.52993,60.16886,14.39959,11.64739,16.71072,17.41116
6486.09350,0.73854,-1.51814,60.07945,14.38430,11.65504,16.68015,17.35996
6486.10350,0.74803,-1.53155,60.04379,14.35619,11.63238,16.70299,17.35223
6486.11350,0.75028,-1.53563,60.04186,14.35059,11.62639,16.71072,17.35416
6486.12350,0.73665,-1.55570,60.04604,14.34222,11.58372,16.70235,17.41775
6486.13350,0.73399,-1.55961,60.04686,14.34059,11.57539,16.70072,17.43016
6486.14350,0.72827,-1.55535,59.98290,14.31599,11.58359,16.68432,17.39900
6486.15350,0.69861,-1.55588,60.17345,14.33544,11.64503,16.72213,17.47085
6486.16350,0.69274,-1.55618,60.21586,14.34059,11.65739,16.73072,17.48716
6486.17350,0.70404,-1.52947,60.10816,14.35654,11.66537,16.67488,17.41137
6486.18350,0.72181,-1.54185,60.08351,14.35177,11.62683,16.69158,17.41332
6486.19350,0.73999,-1.56523,60.08673,14.34102,11.57737,16.72921,17.43913
6486.20350,0.74071,-1.56616,60.08686,14.34059,11.57539,16.73072,17.44016
6486.21350,0.75254,-1.52608,60.10894,14.39723,11.63395,16.70192,17.37584
6486.22350,0.75237,-1.53067,60.11655,14.39059,11.63178,16.71226,17.38193
6486.23350,0.71468,-1.53338,60.11226,14.35359,11.65979,16.69472,17.40416
6486.24350,0.69947,-1.52559,60.10086,14.35059,11.67839,16.67072,17.40116
6486.25350,0.70135,-1.51818,60.13531,14.37097,11.69245,16.67072,17.40116
6486.26350,0.71973,-1.52040,60.09348,14.37489,11.66457,16.67072,17.38331
6486.27350,0.73961,-1.52644,60.02986,14.36959,11.62639,16.67072,17.36316
6486.28350,0.73622,-1.51563,60.07204,14.37529,11.66743,16.68212,17.34720
6486.29350,0.73366,-1.50749,60.10386,14.37959,11.69839,16.69072,17.33516
6486.30350,0.72589,-1.53525,60.00352,14.32275,11.63865,16.68492,17.35720
6486.31350,0.71408,-1.53400,59.99118,14.30421,11.65513,16.68072,17.35112
6486.32350,0.70962,-1.51853,60.03486,14.32059,11.69839,16.68072,17.33516
6486.33350,0.70962,-1.51853,60.03486,14.32059,11.69839,16.68072,17.33516
6486.34350,0.70918,-1.49790,60.09711,14.41023,11.69009,16.62262,17.37417
6486.35350,0.73082,-1.50712,60.03692,14.38751,11.66240,16.64426,17.34276
6486.36350,0.73501,-1.50972,60.02286,14.37959,11.65739,16.65072,17.33516
6486.37350,0.71631,-1.52154,60.16782,14.35175,11.71691,16.72752,17.37164
6486.38350,0.72135,-1.52141,60.16307,14.35703,11.70992,16.72677,17.36934
6486.39350,0.75508,-1.51960,60.09915,14.39959,11.64443,16.69802,17.35711
6486.40350,0.74248,-1.52589,60.11886,14.39959,11.63639,16.69072,17.39216
6486.41350,0.74534,-1.52655,60.12291,14.39959,11.63639,16.69679,17.39014
6486.42350,0.74442,-1.52386,60.14612,14.39629,11.65685,16.71082,17.38216
6486.43350,0.71965,-1.51307,60.16086,14.38959,11.69839,16.69072,17.38216
6486.44350,0.71678,-1.51992,60.11710,14.36973,11.68123,16.68399,17.38216
6486.45350,0.71111,-1.53344,60.03086,14.33059,11.64739,16.67072,17.38216
6486.46350,0.72689,-1.53069,60.05112,14.34333,11.65066,16.69032,17.36680
6486.47350,0.75331,-1.52757,60.11326,14.37173,11.65739,16.73072,17.35342
6486.48350,0.73441,-1.53548,60.17702,14.37845,11.65739,16.73072,17.41046
6486.49350,0.73621,-1.52919,60.15614,14.39085,11.65257,16.71003,17.40269
6486.50350,0.75506,-1.51001,60.06544,14.42357,11.63111,16.65656,17.35419
6486.51350,0.76061,-1.52804,60.10886,14.40959,11.61639,16.70072,17.38216
6486.52350,0.75831,-1.53050,60.11905,14.40543,11.61847,16.70696,17.38819
6486.53350,0.74955,-1.53987,60.15786,14.38959,11.62639,16.73072,17.41116
6486.54350,0.75151,-1.53299,60.15678,14.39606,11.63761,16.72641,17.39671
6486.55350,0.75242,-1.51356,60.15427,14.40767,11.67617,16.71476,17.35568
6486.56350,0.72794,-1.53565,60.15986,14.36059,11.66739,16.73072,17.40116
6486.57350,0.73379,-1.53065,60.11034,14.36615,11.65358,16.70769,17.38293
6486.58350,0.75854,-1.50953,59.90186,14.38959,11.59539,16.61072,17.30616
6486.59350,0.75701,-1.51057,59.90879,14.38572,11.59953,16.61605,17.30749
6486.60350,0.74935,-1.51579,59.94346,14.36639,11.62019,16.64272,17.31416
6486.61350,0.77203,-1.54490,60.11686,14.40959,11.57539,16.72072,17.41116
6486.62350,0.77037,-1.54301,60.09830,14.40407,11.57787,16.71432,17.40204
6486.63350,0.75117,-1.52205,59.88638,14.33899,11.60639,16.64312,17.29788
6486.64350,0.75129,-1.53194,59.90386,14.32059,11.60639,16.67072,17.30616
6486.65350,0.75151,-1.53255,59.90946,14.31979,11.60799,16.67472,17.30696
6486.66350,0.75402,-1.53965,59.97386,14.31059,11.62639,16.72072,17.31616
6486.67350,0.75344,-1.54073,59.96646,14.30893,11.62201,16.71774,17.31778
6486.68350,0.74614,-1.55425,59.87390,14.28818,11.56722,16.68051,17.33799
6486.69350,0.73251,-1.55954,59.83186,14.28139,11.54199,16.64672,17.36176
6486.70350,0.70148,-1.53735,59.95986,14.32059,11.61639,16.63072,17.39216
6486.71350,0.71797,-1.53469,60.03624,14.36063,11.61639,16.65297,17.40625
6486.72350,0.71823,-1.54108,60.12230,14.37214,11.62528,16.68628,17.43860
6486.73350,0.68364,-1.55470,60.06786,14.30159,11.63639,16.68072,17.44916
6486.74350,0.70563,-1.54059,60.08718,14.33747,11.64605,16.68532,17.41834
6486.75350,0.73142,-1.52403,60.10986,14.37959,11.65739,16.69072,17.38216
6486.76350,0.74119,-1.51956,60.09653,14.39959,11.64339,16.67739,17.37616
6486.77350,0.77834,-1.51050,60.09360,14.41893,11.64667,16.70809,17.31991
6486.78350,0.78062,-1.51002,60.09386,14.41959,11.64739,16.71072,17.31616
6486.79350,0.77462,-1.46712,60.16127,14.49365,11.71576,16.66325,17.28862
6486.80350,0.77802,-1.50890,60.01037,14.40355,11.63015,16.67991,17.29676
6486.81350,0.77818,-1.51076,60.00386,14.39959,11.62639,16.68072,17.29716
6486.82350,0.77691,-1.49852,60.08319,14.43892,11.65373,16.68072,17.30983
6486.83350,0.77628,-1.49242,60.12286,14.45859,11.66739,16.68072,17.31616
6486.84350,0.76867,-1.47976,60.09471,14.45859,11.68850,16.65559,17.29203
6486.85350,0.76218,-1.46878,60.07168,14.45662,11.70939,16.63662,17.26905
6486.86350,0.77169,-1.48292,60.11586,14.43859,11.70939,16.69072,17.27716
6486.87350,0.75970,-1.47158,60.08477,14.43040,11.73394,16.66617,17.25425
6486.88350,0.75704,-1.46905,60.07786,14.42859,11.73939,16.66072,17.24916
6486.89350,0.76598,-1.46091,60.08623,14.45369,11.73939,16.65235,17.24079
6486.90350,0.75951,-1.45859,60.22127,14.45859,11.79951,16.70837,17.25481
6486.91350,0.75775,-1.45843,60.24986,14.45859,11.81239,16.72072,17.25816
6486.92350,0.77143,-1.46613,60.13983,14.44436,11.75832,16.69701,17.24014
6486.93350,0.78357,-1.47528,60.02428,14.42553,11.70271,16.67283,17.22321
6486.94350,0.75739,-1.48023,60.07886,14.39959,11.73939,16.69072,17.24916
6486.95350,0.77188,-1.47088,60.13369,14.45512,11.73236,16.68369,17.26252
6486.96350,0.77800,-1.46694,60.15686,14.47859,11.72939,16.68072,17.26816
6486.97350,0.74122,-1.49776,60.13485,14.39481,11.72229,16.70202,17.31573
6486.98350,0.75675,-1.51314,60.13949,14.38138,11.69716,16.73941,17.32153
6486.99350,0.76879,-1.51424,60.14486,14.38959,11.68839,16.75072,17.31616
6487.00350,0.77002,-1.49255,60.20850,14.44545,11.71738,16.72951,17.31616
6487.01350,0.76900,-1.48969,60.15829,14.44074,11.70781,16.70680,17.30293
6487.02350,0.76833,-1.49237,60.12486,14.42859,11.69839,16.70072,17.29716
6487.03350,0.77799,-1.47624,60.12627,14.45687,11.71324,16.68658,17.26958
6487.04350,0.78199,-1.46956,60.12686,14.46859,11.71939,16.68072,17.25816
6487.05350,0.78428,-1.47899,60.10751,14.45231,11.70240,16.69016,17.26264
6487.06350,0.76998,-1.50021,60.07465,14.40694,11.67755,16.69865,17.29150
6487.07350,0.73267,-1.48419,60.12586,14.41959,11.72939,16.66072,17.31616
6487.08350,0.73860,-1.48826,60.13542,14.41959,11.72280,16.67390,17.31913
6487.09350,0.74883,-1.49528,60.15189,14.41959,11.71144,16.69663,17.32424
6487.10350,0.79447,-1.49618,60.12658,14.43749,11.68017,16.72900,17.27992
6487.11350,0.79714,-1.49616,60.12486,14.43859,11.67839,16.73072,17.27716
6487.12350,0.75973,-1.49214,60.26386,14.44859,11.73939,16.74072,17.33516
6487.13350,0.75882,-1.49172,60.25386,14.45181,11.73294,16.73104,17.33806
6487.14350,0.76776,-1.49133,60.18124,14.45859,11.69561,16.69912,17.32792
6487.15350,0.77565,-1.49170,60.14386,14.45859,11.67839,16.69072,17.31616
6487.16350,0.77460,-1.49208,60.14943,14.45859,11.67982,16.69215,17.31887
6487.17350,0.79093,-1.48841,60.15736,14.46314,11.68839,16.71438,17.29144
6487.18350,0.81799,-1.48132,60.12686,14.46859,11.68839,16.73072,17.23916
6487.19350,0.81799,-1.48132,60.12686,14.46859,11.68839,16.73072,17.23916
6487.20350,0.76137,-1.49104,60.16286,14.44859,11.69839,16.69072,17.32516
6487.21350,0.76137,-1.49104,60.16286,14.44859,11.69839,16.69072,17.32516
6487.22350,0.75796,-1.49255,60.02997,14.39825,11.68701,16.66756,17.27716
6487.23350,0.75381,-1.47368,60.10586,14.43859,11.72939,16.66072,17.27716
6487.24350,0.76668,-1.47074,60.10322,14.45179,11.72279,16.66402,17.26462
6487.25350,0.78276,-1.47863,60.11205,14.46209,11.69553,16.68062,17.27381
6487.26350,0.76237,-1.50675,60.14086,14.42859,11.66739,16.70072,17.34416
6487.27350,0.76513,-1.50153,60.14649,14.43534,11.67685,16.70072,17.33358
6487.28350,0.77326,-1.48619,60.16305,14.45521,11.70466,16.70072,17.30245
6487.29350,0.78314,-1.48771,60.13376,14.45859,11.68453,16.69589,17.29475
6487.30350,0.79885,-1.49477,60.04547,14.44981,11.63634,16.68072,17.27860
6487.31350,0.76638,-1.47726,60.08256,14.42398,11.72442,16.68072,17.25344
6487.32350,0.76747,-1.48104,60.07521,14.41959,11.71566,16.68282,17.25714
6487.33350,0.79718,-1.50537,60.05144,14.42998,11.63085,16.70133,17.28928
6487.34350,0.81511,-1.50131,60.15386,14.46859,11.64739,16.74072,17.29716
6487.35350,0.79547,-1.50118,60.14962,14.45183,11.66267,16.72799,17.30713
6487.36350,0.72249,-1.50067,60.13386,14.38959,11.71939,16.68072,17.34416
6487.37350,0.72809,-1.50055,60.13217,14.39649,11.71206,16.68072,17.34289
6487.38350,0.75478,-1.49999,60.12412,14.42938,11.67717,16.68072,17.33685
6487.39350,0.76732,-1.51749,60.09086,14.41959,11.62639,16.69072,17.35416
6487.40350,0.76539,-1.51510,60.07302,14.41487,11.62967,16.68352,17.34496
6487.41350,0.74511,-1.48931,59.86681,14.35967,11.66319,16.60392,17.24003
6487.42350,0.77069,-1.51152,59.85367,14.34824,11.61062,16.64392,17.25089
6487.43350,0.78784,-1.52640,59.84486,14.34059,11.57539,16.67072,17.25816
6487.44350,0.79641,-1.52982,59.84149,14.33722,11.56832,16.68419,17.25176
6487.45350,0.81330,-1.53656,59.83486,14.33059,11.55439,16.71072,17.23916
6487.46350,0.76090,-1.54485,59.74918,14.28943,11.53675,16.63512,17.28788
6487.47350,0.71721,-1.55735,60.00353,14.27310,11.63012,16.72254,17.37777
6487.48350,0.71122,-1.55929,60.05186,14.27159,11.64739,16.74072,17.39216
6487.49350,0.72463,-1.54942,60.08836,14.32345,11.63731,16.72631,17.40128
6487.50350,0.73844,-1.53925,60.12598,14.37691,11.62691,16.71146,17.41069
6487.51350,0.72411,-1.53043,60.14886,14.36959,11.66739,16.71072,17.40116
6487.52350,0.74734,-1.50864,60.14970,14.43582,11.65901,16.67718,17.37769
6487.53350,0.75181,-1.50444,60.14986,14.44859,11.65739,16.67072,17.37316
6487.54350,0.74118,-1.53032,60.11583,14.38302,11.63996,16.70392,17.38893
6487.55350,0.72071,-1.52403,60.06321,14.34552,11.67125,16.68582,17.36062
6487.56350,0.71696,-1.52166,60.05386,14.34059,11.67839,16.68072,17.35416
6487.57350,0.71513,-1.52315,60.05719,14.37302,11.64346,16.64745,17.39325
6487.58350,0.72701,-1.52220,59.99414,14.35527,11.63639,16.64910,17.35337
6487.59350,0.72938,-1.52196,59.98186,14.35059,11.63639,16.65072,17.34416
6487.60350,0.75597,-1.53018,59.99430,14.33977,11.63098,16.70482,17.31873
6487.61350,0.77853,-1.53715,60.00486,14.33059,11.62639,16.75072,17.29716
6487.62350,0.72496,-1.52664,60.00918,14.34499,11.64151,16.66432,17.35836
6487.63350,0.70288,-1.52707,60.13974,14.35779,11.68411,16.68832,17.40952
6487.64350,0.70240,-1.52882,60.18986,14.36059,11.69839,16.71072,17.42016
6487.65350,0.70518,-1.52244,60.18616,14.36908,11.70515,16.70419,17.40774
6487.66350,0.70385,-1.50305,60.13120,14.38943,11.71212,16.65362,17.37603
6487.67350,0.68168,-1.50999,60.04986,14.36959,11.67839,16.60072,17.40116
6487.68350,0.68965,-1.50808,60.04101,14.35248,11.69668,16.62432,17.36753
6487.69350,0.69519,-1.50676,60.03486,14.34059,11.70939,16.64072,17.34416
6487.70350,0.68647,-1.52721,59.97940,14.30578,11.66632,16.63482,17.37248
6487.71350,0.69231,-1.54109,59.98384,14.29292,11.64460,16.65807,17.38825
6487.72350,0.71087,-1.54053,60.05086,14.31059,11.65739,16.70072,17.38216
6487.73350,0.70225,-1.55102,60.05499,14.30077,11.64137,16.70072,17.41214
6487.74350,0.70754,-1.56293,60.08850,14.30641,11.61879,16.71972,17.44358
6487.75350,0.72930,-1.56638,60.13686,14.33059,11.60639,16.75072,17.44916
6487.76350,0.71167,-1.55950,60.16722,14.34379,11.62443,16.72872,17.47028
6487.77350,0.68926,-1.55076,60.20586,14.36059,11.64739,16.70072,17.49716
6487.78350,0.67866,-1.55299,60.15591,14.33809,11.64244,16.68272,17.49266
6487.79350,0.66716,-1.55824,60.09174,14.29767,11.64129,16.67409,17.47869
6487.80350,0.66900,-1.56139,60.08786,14.28159,11.64739,16.69072,17.46816
6487.81350,0.66900,-1.56139,60.08786,14.28159,11.64739,16.69072,17.46816
6487.82350,0.65798,-1.52580,59.94286,14.28159,11.67839,16.60072,17.38216
6487.83350,0.64412,-1.54302,59.87884,14.24265,11.64440,16.58752,17.40427
6487.84350,0.63086,-1.57555,59.81008,14.19659,11.57539,16.57985,17.45825
6487.85350,0.67597,-1.56792,59.99558,14.29659,11.57539,16.63782,17.48578
6487.86350,0.68039,-1.56834,59.98099,14.28609,11.57849,16.64692,17.46949
6487.87350,0.68799,-1.57617,59.96472,14.25159,11.58539,16.68355,17.44419
6487.88350,0.69685,-1.59562,60.08364,14.25159,11.58539,16.75720,17.48946
6487.89350,0.70023,-1.59089,60.11046,14.26739,11.59359,16.75992,17.48956
6487.90350,0.69598,-1.56316,60.12226,14.31679,11.62239,16.71072,17.47236
6487.91350,0.64908,-1.58062,60.06386,14.26159,11.60639,16.67072,17.52516
6487.92350,0.65180,-1.58073,60.06154,14.26030,11.60639,16.67459,17.52026
6487.93350,0.66475,-1.58125,60.05050,14.25416,11.60639,16.69299,17.49695
6487.94350,0.67064,-1.58007,60.04746,14.25450,11.60785,16.69926,17.48585
6487.95350,0.67271,-1.57372,60.05475,14.26775,11.61447,16.69264,17.47989
6487.96350,0.71532,-1.55407,60.04086,14.29159,11.63639,16.72072,17.39216
6487.97350,0.71532,-1.55407,60.04086,14.29159,11.63639,16.72072,17.39216
6487.98350,0.71662,-1.56905,59.98561,14.26931,11.59540,16.71626,17.40464
6487.99350,0.71590,-1.55949,60.04742,14.31300,11.60354,16.70351,17.42737
6488.00350,0.71500,-1.54862,60.09786,14.34059,11.62639,16.70072,17.43016
6488.01350,0.71740,-1.58213,60.03857,14.29447,11.55863,16.71954,17.46592
6488.02350,0.71755,-1.58423,60.03486,14.29159,11.55439,16.72072,17.46816
6488.03350,0.73422,-1.58400,59.99017,14.28228,11.54508,16.73003,17.43278
6488.04350,0.70237,-1.58322,60.00205,14.30058,11.53395,16.67375,17.49378
6488.05350,0.70062,-1.58318,60.00286,14.30159,11.53339,16.67072,17.49716
6488.06350,0.67222,-1.57693,60.07918,14.28297,11.60133,16.68933,17.50554
6488.07350,0.71222,-1.57835,60.08049,14.29407,11.58704,16.73441,17.46497
6488.08350,0.73758,-1.57949,60.07786,14.30159,11.57539,16.76072,17.44016
6488.09350,0.69253,-1.59128,60.01673,14.27337,11.54624,16.69489,17.50223
6488.10350,0.68968,-1.59203,60.01286,14.27159,11.54439,16.69072,17.50616
6488.11350,0.69339,-1.59078,60.01893,14.27629,11.54558,16.69429,17.50277
6488.12350,0.74947,-1.57348,60.12495,14.34441,11.56872,16.75875,17.45307
6488.13350,0.74012,-1.58254,60.16386,14.32059,11.58539,16.78972,17.46816
6488.14350,0.73119,-1.57311,60.16510,14.33298,11.59840,16.76556,17.46816
6488.15350,0.71460,-1.57932,60.06460,14.27285,11.59887,16.75072,17.44216
6488.16350,0.70946,-1.58487,60.01786,14.24159,11.59539,16.75072,17.43016
6488.17350,0.70212,-1.57778,60.03275,14.25648,11.60557,16.73335,17.43736
6488.18350,0.69134,-1.56737,60.05465,14.27837,11.62053,16.70780,17.44794
6488.19350,0.68057,-1.55697,60.07655,14.30027,11.63550,16.68225,17.45852
6488.20350,0.73288,-1.61077,59.97172,14.23735,11.51163,16.76358,17.45916
6488.21350,0.72470,-1.60750,59.85404,14.20467,11.50239,16.72412,17.42286
6488.22350,0.72380,-1.60695,59.84586,14.20259,11.50239,16.72072,17.42016
6488.23350,0.73243,-1.60409,59.89124,14.21643,11.51555,16.74226,17.41701
6488.24350,0.72767,-1.62747,59.85486,14.18259,11.47239,16.75072,17.44916
6488.25350,0.71064,-1.61157,60.05315,14.23916,11.54268,16.77301,17.49830
6488.26350,0.69794,-1.59972,60.20186,14.28159,11.59539,16.78972,17.53516
6488.27350,0.73673,-1.60606,60.07518,14.27580,11.53003,16.78394,17.48541
6488.28350,0.75848,-1.62107,60.09971,14.28869,11.48809,16.81392,17.50901
6488.29350,0.75350,-1.62888,60.18786,14.30159,11.49239,16.83972,17.55416
6488.30350,0.75078,-1.62509,60.18407,14.29814,11.50421,16.83742,17.54429
6488.31350,0.73440,-1.59271,60.17651,14.29368,11.59088,16.81521,17.47673
6488.32350,0.74000,-1.58890,60.20286,14.32059,11.58539,16.80972,17.48716
6488.33350,0.74529,-1.59228,60.17250,14.31223,11.57175,16.80972,17.47880
6488.34350,0.75201,-1.59660,60.13386,14.30159,11.55439,16.80972,17.46816
6488.35350,0.73732,-1.58976,60.03135,14.27553,11.55439,16.76238,17.43906
6488.36350,0.72078,-1.58334,59.98631,14.26853,11.55888,16.72317,17.43573
6488.37350,0.72404,-1.58644,60.09486,14.30159,11.56439,16.75072,17.47816
6488.38350,0.72404,-1.58644,60.09486,14.30159,11.56439,16.75072,17.47816
6488.39350,0.74918,-1.56658,60.08368,14.33782,11.57570,16.74359,17.42657
6488.40350,0.74618,-1.60274,60.05286,14.29159,11.51339,16.76972,17.47816
6488.41350,0.73248,-1.59365,60.08388,14.29159,11.55068,16.76675,17.47486
6488.42350,0.70470,-1.57522,60.14686,14.29159,11.62639,16.76072,17.46816
6488.43350,0.71861,-1.58194,60.17078,14.30419,11.60635,16.77979,17.48044
6488.44350,0.74381,-1.59441,60.20194,14.32421,11.56681,16.81092,17.50000
6488.45350,0.73204,-1.58962,60.14461,14.30487,11.57415,16.78425,17.48133
6488.46350,0.72502,-1.58632,60.13077,14.29477,11.58698,16.77745,17.47157
6488.47350,0.70793,-1.57790,60.11686,14.27159,11.62639,16.76972,17.44916
6488.48350,0.70793,-1.57790,60.11686,14.27159,11.62639,16.76972,17.44916
6488.49350,0.75561,-1.57193,60.10012,14.29739,11.60911,16.80146,17.39216
6488.50350,0.74790,-1.57731,60.00612,14.27739,11.57445,16.76213,17.39216
6488.51350,0.75271,-1.58350,59.97320,14.27159,11.54976,16.75756,17.39428
6488.52350,0.77243,-1.59704,59.94585,14.27343,11.50055,16.76887,17.40300
6488.53350,0.76261,-1.59243,59.91769,14.27917,11.49481,16.73496,17.40875
6488.54350,0.75849,-1.59050,59.90586,14.28159,11.49239,16.72072,17.41116
6488.55350,0.75592,-1.58722,60.10950,14.33647,11.53376,16.76765,17.47161
6488.56350,0.75526,-1.58638,60.16186,14.35059,11.54439,16.77972,17.48716
6488.57350,0.75526,-1.58638,60.16186,14.35059,11.54439,16.77972,17.48716
6488.58350,0.74497,-1.59449,60.08384,14.28161,11.55842,16.79404,17.44977
6488.59350,0.73375,-1.58908,60.06686,14.27159,11.57539,16.77972,17.44016
6488.60350,0.73202,-1.58079,59.92478,14.25239,11.55523,16.72308,17.39408
6488.61350,0.75374,-1.58963,59.99586,14.29159,11.52339,16.75072,17.43016
6488.62350,0.75451,-1.58658,59.99210,14.29551,11.52587,16.74592,17.42480
6488.63350,0.76336,-1.55151,59.94886,14.34059,11.55439,16.69072,17.36316
6488.64350,0.76326,-1.55300,59.94924,14.33828,11.55294,16.69307,17.36495
6488.65350,0.76173,-1.57430,59.95460,14.30540,11.53213,16.72663,17.39045
6488.66350,0.76133,-1.58023,59.93845,14.30079,11.51419,16.72231,17.40116
6488.67350,0.76040,-1.57969,59.93633,14.30106,11.51445,16.71966,17.40116
6488.68350,0.74852,-1.57608,59.92971,14.29443,11.52770,16.70642,17.40116
6488.69350,0.74871,-1.58758,59.94767,14.23821,11.56144,16.77220,17.37583
6488.70350,0.74927,-1.58895,59.94986,14.23259,11.56439,16.77972,17.37316
6488.71350,0.74362,-1.54782,60.07336,14.34469,11.61379,16.72367,17.39121
6488.72350,0.74332,-1.54566,60.07986,14.35059,11.61639,16.72072,17.39216
6488.73350,0.70062,-1.57152,59.97526,14.23735,11.61639,16.72072,17.40080
6488.74350,0.74124,-1.57712,60.04395,14.28604,11.58258,16.76381,17.41152
6488.75350,0.77651,-1.58087,60.10486,14.33059,11.55439,16.79972,17.42016
6488.76350,0.76961,-1.57948,60.11131,14.32851,11.56292,16.79556,17.42432
6488.77350,0.73403,-1.57867,60.08102,14.30155,11.57894,16.75746,17.44306
6488.78350,0.71441,-1.58814,59.96586,14.26159,11.54439,16.71072,17.44916
6488.79350,0.77040,-1.60355,59.92426,14.27759,11.46999,16.75072,17.42596
6488.80350,0.78441,-1.60741,59.91386,14.28159,11.45139,16.76072,17.42016
6488.81350,0.73738,-1.60793,59.88270,14.22501,11.49321,16.73612,17.42836
6488.82350,0.75267,-1.63318,60.02992,14.22915,11.48583,16.82929,17.48565
6488.83350,0.75796,-1.63837,60.06186,14.23259,11.48239,16.84972,17.49716
6488.84350,0.72458,-1.57682,59.99313,14.28904,11.55848,16.71145,17.43416
6488.85350,0.71647,-1.59094,60.08446,14.27425,11.57539,16.76217,17.47264
6488.86350,0.71591,-1.61394,60.17286,14.25159,11.57539,16.82972,17.51616
6488.87350,0.71249,-1.60110,59.99665,14.25963,11.52551,16.72593,17.48559
6488.88350,0.71166,-1.59797,59.95386,14.26159,11.51339,16.70072,17.47816
6488.89350,0.70737,-1.58945,59.97164,14.25835,11.54669,16.70718,17.45941
6488.90350,0.70517,-1.57529,60.05330,14.26792,11.60953,16.73673,17.43911
6488.91350,0.71912,-1.58285,60.14486,14.30159,11.59539,16.76972,17.47816
6488.92350,0.71928,-1.58570,60.13166,14.29499,11.58879,16.76972,17.47816
6488.93350,0.71960,-1.59149,60.10486,14.28159,11.57539,16.76972,17.47816
6488.94350,0.71572,-1.59337,60.10989,14.27879,11.57539,16.76972,17.48598
6488.95350,0.70409,-1.59580,60.11872,14.27159,11.57999,16.76535,17.50179
6488.96350,0.69871,-1.58770,60.10486,14.27159,11.59539,16.75072,17.48716
6488.97350,0.69707,-1.59161,60.05291,14.25558,11.57873,16.73765,17.48095
6488.98350,0.68420,-1.59568,59.97051,14.23945,11.54872,16.69342,17.48892
6488.99350,0.67175,-1.59040,60.00286,14.26159,11.55439,16.67072,17.51616
6489.00350,0.68332,-1.60115,59.90542,14.22157,11.52423,16.67652,17.48310
6489.01350,0.68836,-1.60331,59.87365,14.20795,11.51853,16.68072,17.46646
6489.02350,0.68298,-1.59427,59.93586,14.23259,11.54439,16.68072,17.47816
6489.03350,0.67531,-1.59833,59.99597,14.24775,11.54439,16.68595,17.51789
6489.04350,0.66833,-1.60203,60.05086,14.26159,11.54439,16.69072,17.55416
6489.05350,0.66934,-1.60267,60.04815,14.25873,11.54439,16.69358,17.55145
6489.06350,0.64775,-1.62308,60.07234,14.20111,11.55865,16.73372,17.57886
6489.07350,0.61535,-1.64248,60.11986,14.15359,11.57539,16.76072,17.63016
6489.08350,0.62288,-1.63675,60.16859,14.18501,11.57995,16.76482,17.63881
6489.09350,0.63187,-1.62991,60.22686,14.22259,11.58539,16.76972,17.64916
6489.10350,0.64997,-1.61932,60.17867,14.22624,11.58904,16.76643,17.59695
6489.11350,0.67334,-1.59996,60.09417,14.23466,11.59539,16.74693,17.51719
6489.12350,0.64590,-1.59696,60.09186,14.24159,11.59539,16.70072,17.55416
6489.13350,0.65661,-1.59864,60.10143,14.25479,11.58186,16.70732,17.55746
6489.14350,0.66171,-1.60305,60.12152,14.25882,11.57485,16.72072,17.56713
6489.15350,0.62792,-1.60504,60.12286,14.21259,11.61639,16.72072,17.57316
6489.16350,0.64253,-1.59436,60.13408,14.23206,11.62992,16.72732,17.54478
6489.17350,0.67219,-1.57268,60.15686,14.27159,11.65739,16.74072,17.48716
6489.18350,0.67219,-1.57268,60.15686,14.27159,11.65739,16.74072,17.48716
6489.19350,0.68785,-1.59914,60.06883,14.23386,11.58747,16.75478,17.49271
6489.20350,0.61348,-1.60760,60.16186,14.20259,11.63639,16.73072,17.59216
6489.21350,0.61730,-1.60876,60.13646,14.20453,11.62050,16.72103,17.59042
6489.22350,0.63709,-1.61192,60.06038,14.21467,11.56936,16.69922,17.57713
6489.23350,0.65186,-1.60561,60.17286,14.22259,11.62639,16.76972,17.55416
6489.24350,0.65075,-1.60232,60.19176,14.23078,11.63500,16.76972,17.55626
6489.25350,0.64658,-1.58997,60.26286,14.26159,11.66739,16.76972,17.56416
6489.26350,0.64658,-1.58997,60.26286,14.26159,11.66739,16.76972,17.56416
6489.27350,0.67069,-1.64692,60.15551,14.19188,11.54065,16.81764,17.60534
6489.28350,0.67606,-1.61272,60.26086,14.26159,11.60639,16.80972,17.58316
6489.29350,0.67500,-1.61163,60.24942,14.25849,11.60746,16.80544,17.57803
6489.30350,0.66968,-1.60617,60.19220,14.24298,11.61281,16.78405,17.55236
6489.31350,0.66813,-1.61006,60.11896,14.21741,11.59667,16.76972,17.53516
6489.32350,0.67145,-1.62243,60.06186,14.19259,11.56439,16.76972,17.53516
6489.33350,0.66439,-1.62145,60.12783,14.21074,11.57710,16.77577,17.56421
6489.34350,0.65867,-1.61974,60.16630,14.22099,11.58787,16.77740,17.58004
6489.35350,0.64310,-1.60833,60.11620,14.20024,11.61720,16.75072,17.54804
6489.36350,0.61403,-1.61930,60.14286,14.17359,11.62639,16.75072,17.59216
6489.37350,0.61862,-1.61806,60.13638,14.17903,11.62143,16.74832,17.58760
6489.38350,0.67055,-1.60354,60.06582,14.24317,11.56526,16.71993,17.53746
6489.39350,0.66009,-1.60022,60.11186,14.26159,11.57539,16.71072,17.56416
6489.40350,0.66009,-1.60022,60.11186,14.26159,11.57539,16.71072,17.56416
6489.41350,0.65282,-1.59901,60.15025,14.26159,11.59507,16.72040,17.57319
6489.42350,0.63758,-1.59649,60.23086,14.26159,11.63639,16.74072,17.59216
6489.43350,0.67931,-1.60938,60.04456,14.19600,11.58792,16.76828,17.49236
6489.44350,0.69019,-1.59005,60.07286,14.25529,11.59173,16.73869,17.48716
6489.45350,0.69522,-1.57848,60.09486,14.29159,11.59539,16.72072,17.48716
6489.46350,0.70156,-1.56799,59.96622,14.24359,11.61555,16.71112,17.39596
6489.47350,0.66505,-1.58373,60.05968,14.24159,11.61639,16.71072,17.49098
6489.48350,0.66822,-1.61093,59.97857,14.18499,11.56652,16.72990,17.49716
6489.49350,0.69694,-1.59569,60.00878,14.22035,11.58423,16.74992,17.45428
6489.50350,0.71295,-1.58650,60.02786,14.24159,11.59539,16.76072,17.43016
6489.51350,0.69293,-1.58503,60.06316,14.27021,11.58585,16.72256,17.48454
6489.52350,0.67427,-1.59289,59.97817,14.22562,11.57318,16.69745,17.48192
6489.53350,0.66152,-1.59860,59.91586,14.19259,11.56439,16.68072,17.47816
6489.54350,0.67522,-1.57630,60.07189,14.28570,11.59711,16.68701,17.50207
6489.55350,0.68327,-1.56321,60.16386,14.34059,11.61639,16.69072,17.51616
6489.56350,0.68759,-1.59433,60.09241,14.25290,11.59123,16.74755,17.50073
6489.57350,0.73745,-1.58053,60.13150,14.33731,11.56003,16.75254,17.48161
6489.58350,0.74829,-1.57586,60.14386,14.36059,11.55439,16.75072,17.47816
6489.59350,0.74567,-1.57342,60.07241,14.33623,11.55439,16.73448,17.44731
6489.60350,0.73444,-1.57228,59.95931,14.29868,11.54621,16.69799,17.41643
6489.61350,0.73208,-1.57215,59.93786,14.29159,11.54439,16.69072,17.41116
6489.62350,0.72094,-1.57178,59.94836,14.27159,11.56989,16.70072,17.40616
6489.63350,0.70980,-1.57141,59.95886,14.25159,11.59539,16.71072,17.40116
6489.64350,0.70980,-1.57141,59.95886,14.25159,11.59539,16.71072,17.40116
6489.65350,0.72470,-1.54221,60.06131,14.35311,11.61495,16.68278,17.41047
6489.66350,0.74462,-1.52718,60.16186,14.41601,11.63518,16.69951,17.41116
6489.67350,0.74561,-1.52667,60.16170,14.41609,11.63639,16.70072,17.40850
6489.68350,0.74215,-1.53213,60.08120,14.36824,11.63498,16.70213,17.37585
6489.69350,0.73624,-1.54878,60.09886,14.35059,11.61639,16.72072,17.41116
6489.70350,0.73742,-1.54885,60.09710,14.35211,11.61391,16.71992,17.41116
6489.71350,0.75093,-1.54973,60.07686,14.36959,11.58539,16.71072,17.41116
6489.72350,0.76464,-1.54256,60.12902,14.39515,11.60125,16.73117,17.40144
6489.73350,0.77404,-1.54375,60.14086,14.39893,11.59946,16.74659,17.39588
6489.74350,0.76882,-1.55516,60.08686,14.36959,11.57539,16.74072,17.40116
6489.75350,0.75646,-1.54008,60.03956,14.36959,11.59469,16.69910,17.37619
6489.76350,0.73659,-1.51589,59.96321,14.36848,11.62639,16.63318,17.33516
6489.77350,0.73995,-1.52048,59.97286,14.36059,11.62639,16.65072,17.33516
6489.78350,0.76640,-1.52217,60.01286,14.37792,11.62195,16.69072,17.32227
6489.79350,0.79940,-1.52427,60.06286,14.39959,11.61639,16.74072,17.30616
6489.80350,0.79940,-1.52427,60.06286,14.39959,11.61639,16.74072,17.30616
6489.81350,0.77286,-1.54470,59.89186,14.35059,11.53767,16.66436,17.33925
6489.82350,0.81457,-1.56785,59.92786,14.35059,11.49239,16.74072,17.34416
6489.83350,0.80300,-1.54980,59.93722,14.36103,11.53343,16.71912,17.32364
6489.84350,0.77566,-1.52980,59.96363,14.36390,11.59458,16.69208,17.31307
6489.85350,0.75265,-1.57079,59.99686,14.31059,11.55439,16.73072,17.40116
6489.86350,0.76673,-1.55609,59.99528,14.34195,11.56105,16.71805,17.37423
6489.87350,0.79710,-1.52437,59.99186,14.40959,11.57539,16.69072,17.31616
6489.88350,0.78470,-1.52901,60.01266,14.40639,11.57539,16.68752,17.34336
6489.89350,0.77146,-1.53199,60.05242,14.40592,11.58522,16.69022,17.37106
6489.90350,0.79967,-1.51719,60.04286,14.41959,11.60639,16.71072,17.30616
6489.91350,0.80063,-1.51314,60.03966,14.42887,11.60639,16.70112,17.30328
6489.92350,0.80185,-1.51039,60.01702,14.42628,11.60639,16.69365,17.29070
6489.93350,0.80009,-1.52267,59.98386,14.37959,11.60639,16.72072,17.27716
6489.94350,0.80038,-1.52900,59.99142,14.37743,11.59517,16.72720,17.29163
6489.95350,0.80143,-1.55198,60.01886,14.36959,11.55439,16.75072,17.34416
6489.96350,0.80071,-1.55230,60.02079,14.37173,11.55225,16.74857,17.34824
6489.97350,0.79845,-1.55329,60.02683,14.37845,11.54553,16.74186,17.36099
6489.98350,0.78756,-1.57172,60.11386,14.38959,11.52339,16.76072,17.44016
6489.99350,0.78843,-1.57005,60.12179,14.38959,11.53121,16.76604,17.43495
6490.00350,0.79303,-1.56127,60.16350,14.38959,11.57235,16.79404,17.40752
6490.01350,0.79910,-1.55641,60.18510,14.40675,11.57735,16.79652,17.40448
6490.02350,0.80356,-1.55647,60.18286,14.42859,11.55439,16.77972,17.42016
6490.03350,0.80327,-1.55777,60.19285,14.42033,11.56351,16.79275,17.41625
6490.04350,0.80290,-1.55947,60.20586,14.40959,11.57539,16.80972,17.41116
6490.05350,0.79373,-1.55345,60.15456,14.40959,11.56912,16.77039,17.40546
6490.06350,0.79698,-1.55817,60.05238,14.37785,11.54431,16.75367,17.37655
6490.07350,0.80253,-1.56322,60.01786,14.36059,11.53339,16.76072,17.36316
6490.08350,0.79441,-1.56372,60.03826,14.35379,11.54767,16.76684,17.36996
6490.09350,0.79048,-1.57365,60.07492,14.32977,11.56133,16.80441,17.37940
6490.10350,0.79044,-1.57793,60.08686,14.32059,11.56439,16.81972,17.38216
6490.11350,0.76081,-1.57902,60.12589,14.33453,11.56439,16.78487,17.44210
6490.12350,0.74794,-1.57949,60.14286,14.34059,11.56439,16.76972,17.46816
6490.13350,0.75016,-1.57757,60.15508,14.32179,11.59353,16.79792,17.44184
6490.14350,0.76172,-1.59829,60.10886,14.27453,11.56625,16.83732,17.43076
6490.15350,0.76245,-1.59962,60.10586,14.27159,11.56439,16.83972,17.43016
6490.16350,0.78475,-1.58840,60.09013,14.31013,11.54866,16.82399,17.40735
6490.17350,0.73904,-1.57676,60.05231,14.32059,11.55258,16.73054,17.44861
6490.18350,0.72753,-1.57485,60.04486,14.32059,11.55439,16.71072,17.45916
6490.19350,0.74625,-1.59905,60.05795,14.30504,11.51185,16.75899,17.48207
6490.20350,0.75040,-1.60442,60.06086,14.30159,11.50239,16.76972,17.48716
6490.21350,0.75114,-1.58895,60.12085,14.31720,11.55334,16.78616,17.46415
6490.22350,0.75246,-1.60570,60.10384,14.28471,11.53438,16.81168,17.47307
6490.23350,0.75289,-1.61305,60.09286,14.27159,11.52339,16.81972,17.47816
6490.24350,0.72872,-1.58597,60.06416,14.27979,11.57423,16.76314,17.44700
6490.25350,0.72341,-1.58002,60.05786,14.28159,11.58539,16.75072,17.44016
6490.26350,0.69743,-1.57703,60.09684,14.28159,11.61005,16.73481,17.47039
6490.27350,0.70776,-1.57658,60.13419,14.28705,11.62186,16.76297,17.46231
6490.28350,0.72186,-1.57685,60.15686,14.29159,11.62639,16.78972,17.44916
6490.29350,0.71825,-1.58243,60.05998,14.27068,11.59085,16.75557,17.44289
6490.30350,0.73214,-1.58994,60.02815,14.29521,11.53284,16.73386,17.46624
6490.31350,0.73921,-1.59226,60.03286,14.31059,11.51339,16.73072,17.47816
6490.32350,0.72100,-1.58512,60.04262,14.29037,11.55661,16.73072,17.46492
6490.33350,0.68719,-1.59745,60.04547,14.24033,11.57539,16.73536,17.49439
6490.34350,0.65723,-1.61532,60.04386,14.19259,11.57539,16.74072,17.53516
6490.35350,0.66135,-1.61519,60.07166,14.20076,11.57948,16.75257,17.53884
6490.36350,0.66729,-1.61501,60.11186,14.21259,11.58539,16.76972,17.54416
6490.37350,0.66936,-1.61664,60.13635,14.21879,11.58539,16.77902,17.55315
6490.38350,0.66234,-1.62097,60.18765,14.21477,11.60000,16.79972,17.57316
6490.39350,0.64133,-1.62222,60.18186,14.18259,11.62639,16.79972,17.57316
6490.40350,0.66079,-1.61836,60.14666,14.20041,11.60367,16.79081,17.55177
6490.41350,0.69000,-1.61149,60.06565,14.22259,11.56483,16.76740,17.51083
6490.42350,0.70128,-1.60681,59.98108,14.22259,11.54083,16.73940,17.47826
6490.43350,0.69925,-1.60880,59.93900,14.20672,11.53339,16.73072,17.46816
6490.44350,0.66414,-1.58633,60.00586,14.23259,11.59539,16.69072,17.48716
6490.45350,0.66786,-1.59216,60.00933,14.22218,11.59193,16.70806,17.48716
6490.46350,0.66998,-1.60708,60.00412,14.20045,11.57216,16.73005,17.50146
6490.47350,0.65200,-1.62155,59.96086,14.19259,11.52339,16.69072,17.55416
6490.48350,0.66259,-1.61065,59.97432,14.21419,11.53623,16.69072,17.53318
6490.49350,0.66850,-1.60280,60.03871,14.21786,11.58087,16.72842,17.51156
6490.50350,0.63125,-1.63733,60.11386,14.12359,11.61639,16.80972,17.56416
6490.51350,0.63392,-1.64086,60.15578,14.15207,11.59655,16.80652,17.60064
6490.52350,0.63958,-1.64834,60.24486,14.21259,11.55439,16.79972,17.67816
6490.53350,0.63958,-1.64834,60.24486,14.21259,11.55439,16.79972,17.67816
6490.54350,0.63269,-1.61571,60.22139,14.23259,11.61056,16.75806,17.62019
6490.55350,0.63863,-1.63261,60.26686,14.23259,11.58539,16.78972,17.65916
6490.56350,0.63863,-1.63261,60.26686,14.23259,11.58539,16.78972,17.65916
6490.57350,0.67458,-1.61018,60.02941,14.19638,11.57892,16.75353,17.50058
6490.58350,0.63860,-1.63182,59.86286,14.13359,11.51339,16.68072,17.53516
6490.59350,0.64729,-1.62710,59.90906,14.15339,11.52579,16.69672,17.53316
6490.60350,0.68190,-1.60829,60.09386,14.23259,11.57539,16.76072,17.52516
6490.61350,0.67996,-1.61468,60.07108,14.21563,11.56572,16.76324,17.52648
6490.62350,0.67026,-1.64670,59.95717,14.13086,11.51738,16.77582,17.53311
6490.63350,0.64016,-1.65302,59.78486,14.05559,11.50239,16.72072,17.50616
6490.64350,0.63887,-1.65301,59.78955,14.05762,11.50239,16.71932,17.51022
6490.65350,0.62259,-1.65416,59.86960,14.08667,11.50454,16.70897,17.56943
6490.66350,0.63420,-1.67126,60.10786,14.11459,11.53339,16.81972,17.64016
6490.67350,0.63160,-1.67045,60.10850,14.11531,11.53507,16.81572,17.64240
6490.68350,0.60170,-1.66117,60.11586,14.12359,11.55439,16.76972,17.66816
6490.69350,0.60170,-1.66117,60.11586,14.12359,11.55439,16.76972,17.66816
6490.70350,0.61322,-1.64727,60.16464,14.14926,11.58623,16.78513,17.64402
6490.71350,0.63671,-1.61396,60.19316,14.20061,11.63503,16.78108,17.57643
6490.72350,0.63763,-1.61248,60.19186,14.20259,11.63639,16.77972,17.57316
6490.73350,0.63846,-1.60170,60.08188,14.19319,11.62699,16.73366,17.52804
6490.74350,0.62332,-1.61271,59.97146,14.15593,11.58785,16.69312,17.53456
6490.75350,0.62235,-1.61346,59.96486,14.15359,11.58539,16.69072,17.53516
6490.76350,0.62447,-1.61019,59.96604,14.15895,11.58912,16.68890,17.52907
6490.77350,0.64568,-1.57756,59.97786,14.21259,11.62639,16.67072,17.46816
6490.78350,0.65187,-1.58494,60.03049,14.22304,11.61918,16.69595,17.49231
6490.79350,0.68936,-1.60226,60.05248,14.22659,11.57950,16.75572,17.49068
6490.80350,0.71417,-1.60624,59.98586,14.21259,11.55439,16.76972,17.44916
6490.81350,0.66946,-1.61537,60.06192,14.20475,11.57086,16.75482,17.53149
6490.82350,0.63662,-1.62688,60.13824,14.20259,11.57539,16.75072,17.60954
6490.83350,0.66898,-1.65166,60.12994,14.19429,11.51480,16.79969,17.62116
6490.84350,0.65973,-1.63306,60.13905,14.21952,11.54252,16.76630,17.61072
6490.85350,0.64599,-1.61399,60.14986,14.24159,11.57539,16.73072,17.60216
6490.86350,0.68564,-1.61713,60.15227,14.23435,11.57539,16.79428,17.54825
6490.87350,0.67740,-1.61221,60.09476,14.19441,11.60361,16.79312,17.50362
6490.88350,0.66295,-1.60762,60.04786,14.16359,11.62639,16.77972,17.47816
6490.89350,0.66044,-1.60833,60.02485,14.18353,11.59469,16.74444,17.50219
6490.90350,0.65804,-1.60901,60.00286,14.20259,11.56439,16.71072,17.52516
6490.91350,0.62971,-1.61783,59.86633,14.13467,11.55053,16.66914,17.51199
6490.92350,0.63526,-1.61753,59.95697,14.15220,11.57268,16.70592,17.52617
6490.93350,0.64337,-1.61564,60.02486,14.17359,11.58539,16.73072,17.53516
6490.94350,0.64452,-1.61256,60.03243,14.18097,11.58937,16.72883,17.53327
6490.95350,0.63381,-1.63370,60.01446,14.14399,11.56299,16.74172,17.56576
6490.96350,0.62711,-1.64843,59.99286,14.11459,11.54439,16.75072,17.58316
6490.97350,0.60093,-1.63106,60.03486,14.13489,11.58779,16.71572,17.59646
6490.98350,0.58971,-1.62362,60.05286,14.14359,11.60639,16.70072,17.60216
6490.99350,0.59039,-1.62761,60.00973,14.13652,11.58447,16.68658,17.60216
6491.00350,0.59654,-1.63537,59.96374,14.12023,11.56063,16.68775,17.59513
6491.01350,0.59901,-1.63796,59.95186,14.11459,11.55439,16.69072,17.59216
6491.02350,0.61661,-1.60533,60.00913,14.18221,11.59717,16.67692,17.55283
6491.03350,0.62451,-1.59069,60.03486,14.21259,11.61639,16.67072,17.53516
6491.04350,0.62745,-1.60808,60.00983,14.19451,11.57792,16.67999,17.55741
6491.05350,0.62599,-1.62776,59.99394,14.16736,11.54648,16.69695,17.58316
6491.06350,0.61526,-1.62671,60.02286,14.15359,11.57539,16.71072,17.58316
6491.07350,0.59903,-1.63026,60.01306,14.13539,11.58006,16.70139,17.59623
6491.08350,0.58305,-1.64086,59.98863,14.10168,11.57539,16.70040,17.61116
6491.09350,0.58845,-1.65463,59.96086,14.07459,11.55439,16.72072,17.61116
6491.10350,0.60243,-1.66009,59.99378,14.08068,11.54799,16.75090,17.61421
6491.11350,0.62691,-1.66966,60.05153,14.09138,11.53676,16.80384,17.61956
6491.12350,0.59741,-1.68050,60.01188,14.05948,11.52322,16.77444,17.65474
6491.13350,0.57634,-1.68399,60.04442,14.06035,11.52703,16.76108,17.69596
6491.14350,0.59482,-1.67864,60.15586,14.10459,11.54439,16.79972,17.70716
6491.15350,0.59661,-1.67679,60.12711,14.09476,11.54685,16.79726,17.68824
6491.16350,0.60078,-1.67247,60.06025,14.07190,11.55256,16.79155,17.64424
6491.17350,0.59602,-1.67258,59.99886,14.06459,11.53339,16.76072,17.64016
6491.18350,0.61164,-1.66727,60.00775,14.08681,11.52895,16.76472,17.62727
6491.19350,0.63117,-1.66063,60.01886,14.11459,11.52339,16.76972,17.61116
6491.20350,0.62600,-1.66767,60.01624,14.09952,11.51881,16.77627,17.62164
6491.21350,0.59766,-1.67849,60.00504,14.05613,11.52894,16.77463,17.64534
6491.22350,0.58047,-1.65331,60.00186,14.07459,11.57539,16.73072,17.62116
6491.23350,0.59185,-1.65735,59.98279,14.08353,11.54768,16.72774,17.62384
6491.24350,0.61714,-1.66633,59.94040,14.10339,11.48609,16.72112,17.62980
6491.25350,0.59068,-1.68607,59.91786,14.04559,11.48239,16.73072,17.65916
6491.26350,0.60895,-1.68342,59.99073,14.06745,11.49855,16.77159,17.65314
6491.27350,0.64817,-1.67773,60.14786,14.11459,11.53339,16.85972,17.64016
6491.28350,0.63360,-1.67800,60.09857,14.10234,11.52390,16.82635,17.64598
6491.29350,0.60506,-1.67832,59.99747,14.07459,11.50770,16.76253,17.65266
6491.30350,0.61938,-1.67739,60.03062,14.07459,11.52428,16.79943,17.63234
6491.31350,0.62725,-1.67689,60.04886,14.07459,11.53339,16.81972,17.62116
6491.32350,0.61666,-1.66773,59.99440,14.06631,11.54254,16.78530,17.60025
6491.33350,0.60089,-1.66825,60.03004,14.06831,11.55439,16.77977,17.62757
6491.34350,0.59832,-1.68405,60.16586,14.08459,11.55439,16.82972,17.69716
6491.35350,0.61333,-1.68611,60.10586,14.08459,11.52339,16.81972,17.67816
6491.36350,0.61653,-1.68675,60.08566,14.08657,11.51112,16.81180,17.67618
6491.37350,0.63386,-1.69129,60.02574,14.08883,11.47137,16.80275,17.66279
6491.38350,0.65210,-1.69942,60.11786,14.06459,11.51339,16.89972,17.64016
6491.39350,0.64843,-1.69130,60.10052,14.07339,11.51862,16.87689,17.63162
6491.40350,0.62908,-1.64849,60.00924,14.11969,11.54614,16.75676,17.58665
6491.41350,0.62416,-1.65776,59.99886,14.12359,11.51339,16.74072,17.62116
6491.42350,0.62468,-1.65844,59.99171,14.12062,11.51151,16.74072,17.61886
6491.43350,0.63263,-1.66903,59.88086,14.07459,11.48239,16.74072,17.58316
6491.44350,0.63263,-1.66903,59.88086,14.07459,11.48239,16.74072,17.58316
6491.45350,0.63592,-1.67092,59.87373,14.05766,11.49130,16.75853,17.56624
6491.46350,0.67223,-1.68845,59.92786,14.08459,11.44139,16.80972,17.59216
6491.47350,0.67223,-1.68845,59.92786,14.08459,11.44139,16.80972,17.59216
6491.48350,0.66902,-1.67529,59.97232,14.10932,11.47020,16.80346,17.58934
6491.49350,0.65580,-1.65496,60.06194,14.15408,11.51723,16.78655,17.60407
6491.50350,0.64244,-1.67320,60.04486,14.13359,11.48239,16.77972,17.64916
6491.51350,0.65344,-1.66060,60.08358,14.14239,11.52331,16.80612,17.61176
6491.52350,0.66742,-1.64459,60.13286,14.15359,11.57539,16.83972,17.56416
6491.53350,0.66742,-1.64459,60.13286,14.15359,11.57539,16.83972,17.56416
6491.54350,0.69061,-1.62538,60.11759,14.21302,11.56007,16.80461,17.53989
6491.55350,0.68839,-1.60108,60.09386,14.25159,11.57539,16.75072,17.51616
6491.56350,0.71234,-1.61977,60.04298,14.23137,11.52451,16.77790,17.50919
6491.57350,0.73032,-1.62230,60.06063,14.24565,11.51114,16.79767,17.50616
6491.58350,0.73226,-1.62086,60.07086,14.25159,11.51339,16.79972,17.50616
6491.59350,0.74900,-1.62416,60.07246,14.24357,11.51339,16.83180,17.48370
6491.60350,0.75314,-1.62498,60.07286,14.24159,11.51339,16.83972,17.47816
6491.61350,0.72436,-1.61976,60.02562,14.20982,11.53864,16.80714,17.47002
6491.62350,0.72038,-1.62646,60.11635,14.23425,11.53546,16.82408,17.52256
6491.63350,0.72098,-1.62829,60.13986,14.24159,11.53339,16.82972,17.53516
6491.64350,0.72710,-1.61044,60.16272,14.26698,11.56489,16.82464,17.50621
6491.65350,0.74604,-1.60515,60.17658,14.29159,11.56020,16.83352,17.49127
6491.66350,0.75189,-1.61053,60.17286,14.29159,11.54439,16.83972,17.49716
6491.67350,0.76141,-1.61448,60.21298,14.29839,11.54439,16.86692,17.50328
6491.68350,0.76589,-1.61633,60.23186,14.30159,11.54439,16.87972,17.50616
6491.69350,0.74446,-1.61072,60.11777,14.26060,11.55123,16.83190,17.47405
6491.70350,0.75755,-1.61269,60.08979,14.27287,11.52175,16.82332,17.47185
6491.71350,0.78532,-1.61821,60.11986,14.31059,11.48239,16.83972,17.48716
6491.72350,0.76462,-1.62197,60.07244,14.25730,11.50543,16.83972,17.47000
6491.73350,0.74616,-1.63070,60.03950,14.20730,11.51831,16.84708,17.46682
6491.74350,0.75771,-1.63783,60.08186,14.23259,11.49239,16.85972,17.49716
6491.75350,0.77204,-1.62019,60.17432,14.28312,11.52800,16.87695,17.48625
6491.76350,0.78264,-1.60715,60.24286,14.32059,11.55439,16.88972,17.47816
6491.77350,0.77850,-1.60930,60.16514,14.30937,11.52655,16.85492,17.47429
6491.78350,0.77400,-1.61207,60.04111,14.28909,11.48627,16.80472,17.46103
6491.79350,0.78858,-1.60756,60.03586,14.27159,11.51339,16.83972,17.41116
6491.80350,0.78679,-1.60329,60.05558,14.27932,11.52538,16.83972,17.41116
6491.81350,0.78403,-1.59661,60.08423,14.29159,11.54302,16.83847,17.41116
6491.82350,0.78458,-1.59727,60.06586,14.29159,11.53339,16.82972,17.41116
6491.83350,0.78055,-1.59600,60.08347,14.29511,11.54079,16.82972,17.41785
6491.84350,0.77313,-1.59366,60.11586,14.30159,11.55439,16.82972,17.43016
6491.85350,0.77313,-1.59366,60.11586,14.30159,11.55439,16.82972,17.43016
6491.86350,0.78128,-1.59707,60.06531,14.30159,11.52367,16.81485,17.42520
6491.87350,0.79760,-1.59685,60.04936,14.31109,11.50789,16.81972,17.41066
6491.88350,0.80559,-1.59316,60.08486,14.32059,11.52339,16.83972,17.40116
6491.89350,0.80201,-1.58914,60.18306,14.34356,11.55325,16.86269,17.42356
6491.90350,0.76622,-1.60179,60.17101,14.28998,11.56827,16.86029,17.45247
6491.91350,0.75259,-1.60841,60.13398,14.25810,11.56678,16.85406,17.45503
6491.92350,0.76597,-1.60268,60.16161,14.27784,11.57402,16.86722,17.44253
6491.93350,0.76851,-1.60160,60.16686,14.28159,11.57539,16.86972,17.44016
6491.94350,0.81320,-1.58337,60.03842,14.32129,11.52848,16.82548,17.36316
6491.95350,0.77206,-1.55778,60.05886,14.33059,11.59539,16.76972,17.36316
6491.96350,0.76758,-1.56253,60.03686,14.31879,11.58519,16.76392,17.36896
6491.97350,0.74996,-1.58124,59.95033,14.26892,11.54853,16.74459,17.38829
6491.98350,0.75155,-1.57965,59.95766,14.25559,11.56919,16.76392,17.36896
6491.99350,0.75163,-1.58009,59.95954,14.25317,11.57127,16.76742,17.36767
6492.00350,0.74702,-1.59069,59.95586,14.27159,11.52339,16.74072,17.42016
6492.01350,0.74675,-1.58980,59.95042,14.27079,11.52419,16.73832,17.41712
6492.02350,0.74139,-1.57958,59.90125,14.26317,11.53751,16.71310,17.38747
6492.03350,0.71657,-1.57985,60.05686,14.28159,11.58539,16.74072,17.44916
6492.04350,0.71593,-1.57757,60.05238,14.28239,11.58867,16.73672,17.44460
6492.05350,0.71120,-1.55267,60.00158,14.29079,11.62391,16.69552,17.39136
6492.06350,0.74130,-1.56836,60.00986,14.28159,11.59539,16.75072,17.38216
6492.07350,0.74130,-1.56836,60.00986,14.28159,11.59539,16.75072,17.38216
6492.08350,0.71134,-1.55527,60.21148,14.31749,11.68101,16.77742,17.43556
6492.09350,0.70877,-1.55414,60.22886,14.32059,11.68839,16.77972,17.44016
6492.10350,0.74683,-1.57470,60.02112,14.30273,11.56243,16.74306,17.41290
6492.11350,0.76984,-1.58364,60.00596,14.31013,11.52496,16.75971,17.41116
6492.12350,0.77094,-1.58405,60.00586,14.31059,11.52339,16.76072,17.41116
6492.13350,0.72685,-1.52394,60.12228,14.37485,11.66776,16.69552,17.38415
6492.14350,0.75331,-1.54686,59.98011,14.33534,11.58539,16.69822,17.36116
6492.15350,0.76324,-1.55600,59.92986,14.32059,11.55439,16.70072,17.35416
6492.16350,0.75233,-1.53178,60.15555,14.36628,11.67003,16.75668,17.36255
6492.17350,0.75154,-1.53004,60.17186,14.36959,11.67839,16.76072,17.36316
6492.18350,0.73640,-1.53447,60.05430,14.34965,11.63577,16.69884,17.37004
6492.19350,0.76993,-1.54669,59.98631,14.32443,11.59942,16.73537,17.32710
6492.20350,0.77953,-1.54911,59.98286,14.32059,11.59539,16.75072,17.31616
6492.21350,0.77832,-1.54788,59.97439,14.31962,11.59595,16.74562,17.31320
6492.22350,0.75564,-1.52483,59.81686,14.30159,11.60639,16.65072,17.25816
6492.23350,0.75562,-1.52726,59.81024,14.29952,11.59922,16.64934,17.26216
6492.24350,0.76057,-1.55962,59.77541,14.27892,11.51989,16.65875,17.31785
6492.25350,0.78278,-1.55751,60.01086,14.31059,11.59539,16.77972,17.32516
6492.26350,0.76811,-1.55183,60.02078,14.31059,11.61461,16.76453,17.33105
6492.27350,0.73051,-1.53249,60.03529,14.32861,11.65379,16.70188,17.35101
6492.28350,0.72168,-1.52057,60.02186,14.36059,11.64739,16.65072,17.36316
6492.29350,0.71387,-1.55786,60.00622,14.30259,11.60047,16.68982,17.41334
6492.30350,0.72224,-1.55729,59.99004,14.30793,11.58965,16.68772,17.40474
6492.31350,0.73697,-1.53320,59.98086,14.35059,11.60639,16.66072,17.36316
6492.32350,0.71450,-1.53927,60.02036,14.32293,11.63518,16.67765,17.38461
6492.33350,0.69717,-1.54394,60.05086,14.30159,11.65739,16.69072,17.40116
6492.34350,0.70288,-1.53360,60.00241,14.29589,11.66936,16.67932,17.35784
6492.35350,0.72965,-1.52587,60.01374,14.34745,11.64305,16.67072,17.35252
6492.36350,0.74658,-1.52593,60.04986,14.38959,11.61639,16.67072,17.37316
6492.37350,0.74859,-1.52553,60.04253,14.38636,11.61750,16.67294,17.36572
6492.38350,0.73947,-1.52957,60.00982,14.33463,11.64443,16.69512,17.33564
6492.39350,0.70736,-1.53883,60.04286,14.30159,11.66739,16.70072,17.37316
6492.40350,0.72941,-1.54849,60.05850,14.31418,11.63612,16.72678,17.38141
6492.41350,0.75811,-1.56106,60.07886,14.33059,11.59539,16.76072,17.39216
6492.42350,0.75982,-1.56998,60.08286,14.31770,11.58650,16.77805,17.40060
6492.43350,0.76455,-1.57195,60.12183,14.33600,11.57981,16.78648,17.41954
6492.44350,0.76782,-1.56034,60.16486,14.37959,11.58539,16.76972,17.43016
6492.45350,0.74940,-1.55299,60.19903,14.37959,11.61956,16.76180,17.43808
6492.46350,0.72365,-1.54270,60.24686,14.37959,11.66739,16.75072,17.44916
6492.47350,0.74159,-1.54938,60.18752,14.36267,11.64102,16.76190,17.42193
6492.48350,0.78343,-1.56497,60.04952,14.32334,11.57969,16.78790,17.35859
6492.49350,0.77280,-1.55587,60.00086,14.32059,11.58539,16.75072,17.34416
6492.50350,0.77068,-1.55557,59.97049,14.30509,11.58856,16.74756,17.32929
6492.51350,0.75876,-1.55682,59.96171,14.28760,11.59899,16.74399,17.33114
6492.52350,0.74369,-1.56068,60.07886,14.32059,11.60639,16.75072,17.40116
6492.53350,0.74494,-1.55371,60.07139,14.32699,11.61514,16.74219,17.38708
6492.54350,0.74883,-1.53191,60.04806,14.34699,11.64247,16.71552,17.34308
6492.55350,0.72952,-1.55361,60.05886,14.32059,11.61639,16.72072,17.40116
6492.56350,0.72886,-1.55399,60.07777,14.32158,11.62256,16.72858,17.40504
6492.57350,0.72557,-1.55588,60.17229,14.32656,11.65341,16.76788,17.42444
6492.58350,0.72291,-1.55741,60.24886,14.33059,11.67839,16.79972,17.44016
6492.59350,0.72909,-1.55477,60.21326,14.33459,11.66599,16.78592,17.42676
6492.60350,0.75388,-1.54419,60.07086,14.35059,11.61639,16.73072,17.37316
6492.61350,0.75388,-1.54419,60.07086,14.35059,11.61639,16.73072,17.37316
6492.62350,0.71856,-1.53813,60.01086,14.32059,11.63639,16.68072,17.37316
6492.63350,0.72144,-1.53852,60.02567,14.32482,11.63756,16.68813,17.37517
6492.64350,0.73580,-1.54043,60.09975,14.34598,11.64338,16.72516,17.38522
6492.65350,0.71749,-1.53895,60.14293,14.34977,11.66217,16.71828,17.41271
6492.66350,0.66746,-1.53398,60.12886,14.33059,11.68839,16.66072,17.44916
6492.67350,0.69389,-1.53359,60.05773,14.33059,11.65864,16.66072,17.40779
6492.68350,0.74755,-1.55913,60.07613,14.31172,11.61815,16.76353,17.38273
6492.69350,0.74855,-1.56106,60.07582,14.30747,11.61719,16.76900,17.38216
6492.70350,0.72974,-1.56546,60.04086,14.27159,11.62639,16.76072,17.38216
6492.71350,0.72329,-1.56667,60.04205,14.26746,11.62786,16.75652,17.39021
6492.72350,0.64129,-1.58285,60.06666,14.21806,11.64524,16.70488,17.49848
6492.73350,0.69058,-1.58521,60.18486,14.29159,11.61639,16.76072,17.51616
6492.74350,0.69058,-1.58521,60.18486,14.29159,11.61639,16.76072,17.51616
6492.75350,0.71935,-1.54891,60.27880,14.35391,11.69046,16.78691,17.44751
6492.76350,0.69329,-1.55207,60.20696,14.29637,11.70863,16.77111,17.43085
6492.77350,0.69112,-1.55259,60.20086,14.29159,11.70939,16.76972,17.43016
6492.78350,0.66722,-1.53116,60.13816,14.27259,11.75784,16.72317,17.38456
6492.79350,0.66596,-1.53003,60.13486,14.27159,11.76039,16.72072,17.38216
6492.80350,0.68152,-1.54278,60.15930,14.29882,11.71011,16.72770,17.42267
6492.81350,0.69941,-1.50864,60.06132,14.35109,11.70540,16.64972,17.35511
6492.82350,0.70203,-1.49932,60.03586,14.36059,11.70939,16.63072,17.33516
6492.83350,0.68247,-1.50928,60.05697,14.35247,11.70046,16.62260,17.38144
6492.84350,0.65790,-1.52156,60.07068,14.31129,11.71523,16.63676,17.40740
6492.85350,0.65295,-1.52402,60.07286,14.30159,11.71939,16.64072,17.41116
6492.86350,0.65941,-1.50800,60.09454,14.33204,11.74055,16.63040,17.39155
6492.87350,0.66546,-1.49299,60.11486,14.36059,11.76039,16.62072,17.37316
6492.88350,0.68386,-1.50094,60.11486,14.35037,11.74966,16.65649,17.35834
6492.89350,0.67794,-1.48817,60.12743,14.35106,11.78811,16.65405,17.33421
6492.90350,0.65655,-1.46965,60.13886,14.36059,11.83239,16.62072,17.32516
6492.91350,0.67733,-1.46506,60.10013,14.38535,11.80287,16.60485,17.30706
6492.92350,0.67506,-1.44573,60.09977,14.41613,11.82288,16.57072,17.29004
6492.93350,0.64048,-1.43879,60.16086,14.39959,11.88439,16.57072,17.30616
6492.94350,0.64048,-1.43879,60.16086,14.39959,11.88439,16.57072,17.30616
6492.95350,0.67155,-1.44247,60.11185,14.42692,11.82596,16.56129,17.29768
6492.96350,0.68098,-1.46988,60.20686,14.40959,11.81239,16.64072,17.34416
6492.97350,0.68219,-1.46960,60.17277,14.40504,11.80285,16.62936,17.33552
6492.98350,0.68629,-1.46862,60.05686,14.38959,11.77039,16.59072,17.30616
6492.99350,0.68858,-1.46690,60.04515,14.40073,11.75868,16.57672,17.30902
6493.00350,0.68883,-1.46134,60.04226,14.42679,11.74599,16.54952,17.31996
6493.01350,0.66689,-1.45635,60.14786,14.41959,11.81239,16.58072,17.33516
6493.02350,0.67322,-1.45190,60.07775,14.41269,11.80044,16.56026,17.30436
6493.03350,0.70793,-1.44202,59.81966,14.39285,11.73360,16.49499,17.19822
6493.04350,0.73556,-1.45254,59.77186,14.39959,11.67839,16.50172,17.19216
6493.05350,0.72138,-1.44008,59.79096,14.41180,11.70720,16.47980,17.19216
6493.06350,0.69030,-1.41277,59.83286,14.43859,11.77039,16.43172,17.19216
6493.07350,0.69030,-1.41277,59.83286,14.43859,11.77039,16.43172,17.19216
6493.08350,0.65138,-1.42565,59.75796,14.36643,11.77597,16.41152,17.20404
6493.09350,0.67864,-1.42878,59.99986,14.43859,11.80139,16.50172,17.25816
6493.10350,0.68039,-1.42625,60.00562,14.44399,11.80517,16.50172,17.25474
6493.11350,0.69082,-1.41706,60.04840,14.47090,11.82118,16.51133,17.24500
6493.12350,0.70436,-1.43001,60.14029,14.48374,11.81442,16.56471,17.27743
6493.13350,0.70622,-1.43296,60.16855,14.48828,11.81446,16.57734,17.28847
6493.14350,0.67663,-1.42039,60.17786,14.49759,11.84239,16.53172,17.30616
6493.15350,0.67663,-1.42039,60.17786,14.49759,11.84239,16.53172,17.30616
6493.16350,0.65659,-1.42396,59.97141,14.41645,11.82379,16.47865,17.25252
6493.17350,0.69704,-1.42323,60.21786,14.50759,11.84239,16.57072,17.29716
6493.18350,0.69749,-1.42164,60.19385,14.50416,11.83952,16.56239,17.28778
6493.19350,0.70227,-1.40139,59.88276,14.45640,11.80431,16.45620,17.16585
6493.20350,0.68392,-1.41624,59.99556,14.42520,11.84591,16.52020,17.20425
6493.21350,0.68062,-1.41891,60.01586,14.41959,11.85339,16.53172,17.21116
6493.22350,0.68764,-1.40546,59.99518,14.45625,11.84305,16.49412,17.20176
6493.23350,0.68809,-1.40460,59.99386,14.45859,11.84239,16.49172,17.20116
6493.24350,0.69888,-1.41927,60.01236,14.44859,11.82189,16.52622,17.21566
6493.25350,0.73423,-1.46511,60.12862,14.46679,11.73371,16.61712,17.31100
6493.26350,0.73580,-1.46709,60.13486,14.46859,11.72939,16.62072,17.31616
6493.27350,0.72111,-1.43542,60.11794,14.49585,11.77827,16.56432,17.27950
6493.28350,0.72018,-1.43340,60.11686,14.49759,11.78139,16.56072,17.27716
6493.29350,0.71218,-1.45464,60.04918,14.46093,11.73251,16.55132,17.30442
6493.30350,0.73003,-1.47833,60.00694,14.42708,11.68560,16.58811,17.30616
6493.31350,0.74608,-1.49783,59.97386,14.39959,11.64739,16.62072,17.30616
6493.32350,0.73380,-1.49955,59.97138,14.37820,11.66320,16.62382,17.30616
6493.33350,0.70595,-1.49684,59.99066,14.34888,11.70800,16.62452,17.30926
6493.34350,0.70480,-1.48237,60.04586,14.38959,11.72939,16.61072,17.31616
6493.35350,0.70623,-1.48332,60.03505,14.38598,11.72579,16.61072,17.31256
6493.36350,0.70876,-1.48501,60.01586,14.37959,11.71939,16.61072,17.30616
6493.37350,0.68258,-1.48708,60.04386,14.35775,11.74795,16.61072,17.32744
6493.38350,0.69112,-1.48151,60.08751,14.39211,11.74725,16.61072,17.33744
6493.39350,0.70098,-1.47907,60.09486,14.40959,11.73939,16.61072,17.33516
6493.40350,0.70765,-1.47081,60.08833,14.42853,11.73939,16.59766,17.32275
6493.41350,0.69571,-1.49157,60.09134,14.37511,11.73939,16.63606,17.34077
6493.42350,0.68729,-1.50525,60.09486,14.34059,11.73939,16.66072,17.35416
6493.43350,0.69042,-1.50416,60.03762,14.33699,11.72103,16.63912,17.34048
6493.44350,0.69598,-1.50221,59.93586,14.33059,11.68839,16.60072,17.31616
6493.45350,0.69820,-1.51404,60.02349,14.33749,11.68839,16.64212,17.35549
6493.46350,0.69903,-1.51899,60.07680,14.34059,11.69536,16.66769,17.37316
6493.47350,0.69896,-1.51883,60.08286,14.34059,11.69839,16.67072,17.37316
6493.48350,0.68826,-1.50968,60.00635,14.34059,11.68934,16.61640,17.36003
6493.49350,0.66542,-1.50240,59.95789,14.34360,11.68443,16.55675,17.37311
6493.50350,0.64264,-1.51125,60.05986,14.35059,11.69839,16.57072,17.44016
6493.51350,0.65425,-1.50126,60.03954,14.35059,11.71589,16.57636,17.39670
6493.52350,0.66322,-1.49355,60.02386,14.35059,11.72939,16.58072,17.36316
6493.53350,0.68373,-1.50825,60.04609,14.33919,11.71172,16.63202,17.36316
6493.54350,0.69581,-1.52208,60.03916,14.33623,11.67525,16.64815,17.37953
6493.55350,0.69319,-1.52420,60.02086,14.34059,11.65739,16.63072,17.39216
6493.56350,0.69697,-1.52125,60.02342,14.34603,11.66084,16.63183,17.38472
6493.57350,0.71583,-1.50360,60.09138,14.38079,11.70203,16.65832,17.35024
6493.58350,0.70140,-1.51122,60.15186,14.36959,11.71939,16.68072,17.38216
6493.59350,0.70212,-1.51800,60.09037,14.34330,11.70113,16.67626,17.36968
6493.60350,0.69303,-1.52708,60.00933,14.31059,11.67483,16.65454,17.36937
6493.61350,0.67521,-1.52646,60.00862,14.31935,11.66739,16.62072,17.40116
6493.62350,0.69977,-1.52096,60.02566,14.34719,11.66139,16.63572,17.38136
6493.63350,0.70764,-1.53760,59.92966,14.27519,11.64806,16.66905,17.33736
6493.64350,0.70924,-1.54014,59.97108,14.29712,11.63737,16.67072,17.36587
6493.65350,0.70286,-1.54871,60.12340,14.33458,11.64319,16.70307,17.44258
6493.66350,0.68458,-1.55902,60.23786,14.30159,11.69839,16.76972,17.46816
6493.67350,0.68458,-1.55902,60.23786,14.30159,11.69839,16.76972,17.46816
6493.68350,0.67430,-1.54751,60.23278,14.31795,11.71024,16.73642,17.46816
6493.69350,0.67431,-1.56102,60.15363,14.29721,11.66113,16.71638,17.47891
6493.70350,0.68044,-1.57826,60.09586,14.27159,11.61639,16.72072,17.48716
6493.71350,0.66437,-1.57676,60.10165,14.27159,11.62283,16.70141,17.50583
6493.72350,0.65548,-1.57594,60.10486,14.27159,11.62639,16.69072,17.51616
6493.73350,0.68638,-1.55476,59.97558,14.26366,11.63432,16.67486,17.40275
6493.74350,0.67161,-1.55571,60.01899,14.28594,11.62827,16.65448,17.45029
6493.75350,0.66983,-1.55760,60.03420,14.29159,11.62422,16.65422,17.46417
6493.76350,0.71479,-1.56443,59.99963,14.28676,11.59616,16.70352,17.41319
6493.77350,0.69151,-1.58660,60.00986,14.22259,11.60639,16.74072,17.44016
6493.78350,0.68931,-1.58669,60.02386,14.22188,11.61290,16.74560,17.44348
6493.79350,0.66047,-1.58782,60.20786,14.21259,11.69839,16.80972,17.48716
6493.80350,0.66047,-1.58782,60.20786,14.21259,11.69839,16.80972,17.48716
6493.81350,0.66367,-1.59380,60.17018,14.22291,11.65607,16.78443,17.50677
6493.82350,0.68103,-1.57409,59.97986,14.23259,11.61639,16.70072,17.43016
6493.83350,0.68103,-1.57409,59.97986,14.23259,11.61639,16.70072,17.43016
6493.84350,0.71365,-1.55034,59.96302,14.28778,11.61639,16.68201,17.37684
6493.85350,0.67990,-1.54650,59.83514,14.26279,11.59623,16.59432,17.38180
6493.86350,0.67840,-1.54641,59.82986,14.26159,11.59539,16.59072,17.38216
6493.87350,0.67157,-1.55483,59.79989,14.23670,11.58523,16.59072,17.38724
6493.88350,0.66494,-1.56300,59.77086,14.21259,11.57539,16.59072,17.39216
6493.89350,0.64723,-1.58153,59.78700,14.17096,11.57539,16.61621,17.42444
6493.90350,0.67538,-1.60997,59.94353,14.16359,11.57539,16.74317,17.46139
6493.91350,0.68215,-1.61541,59.97686,14.16359,11.57539,16.76972,17.46816
6493.92350,0.65625,-1.59456,60.15743,14.22819,11.64331,16.76227,17.52365
6493.93350,0.66168,-1.61130,60.20241,14.22319,11.62344,16.79798,17.55780
6493.94350,0.67374,-1.63489,60.21086,14.20259,11.58539,16.83972,17.58316
6493.95350,0.68682,-1.61526,60.13532,14.23655,11.57084,16.78497,17.54296
6493.96350,0.69262,-1.60655,60.10186,14.25159,11.56439,16.76072,17.52516
6493.97350,0.67451,-1.59976,60.09766,14.23829,11.59379,16.74672,17.51886
6493.98350,0.64049,-1.58056,60.09798,14.21845,11.66437,16.71951,17.49565
6493.99350,0.62961,-1.57382,60.09886,14.21259,11.68839,16.71072,17.48716
6494.00350,0.66500,-1.56240,60.05495,14.28089,11.63124,16.66890,17.47392
6494.01350,0.66434,-1.57682,60.02653,14.25552,11.60639,16.67872,17.48589
6494.02350,0.64599,-1.59898,60.01586,14.19259,11.60639,16.71072,17.50616
6494.03350,0.65329,-1.59444,60.03734,14.20762,11.61253,16.71686,17.50033
6494.04350,0.66585,-1.58663,60.07438,14.23355,11.62311,16.72744,17.49028
6494.05350,0.64006,-1.59643,60.05736,14.19713,11.62639,16.71932,17.51452
6494.06350,0.62916,-1.60845,60.08067,14.17852,11.62335,16.73480,17.54400
6494.07350,0.64932,-1.61334,60.15928,14.20473,11.61800,16.77705,17.55951
6494.08350,0.64089,-1.60238,60.19231,14.22752,11.63834,16.75954,17.56690
6494.09350,0.61552,-1.58057,60.20889,14.25373,11.67684,16.70660,17.57172
6494.10350,0.64804,-1.62369,60.26086,14.20259,11.63639,16.82972,17.59216
6494.11350,0.63033,-1.62367,60.21010,14.18089,11.63639,16.80066,17.59216
6494.12350,0.59983,-1.62363,60.12286,14.14359,11.63639,16.75072,17.59216
6494.13350,0.58893,-1.63381,60.14356,14.13459,11.62739,16.75522,17.62636
6494.14350,0.60043,-1.64367,60.20495,14.14586,11.61639,16.79146,17.65123
6494.15350,0.63127,-1.64045,60.24986,14.17359,11.61639,16.82972,17.63016
6494.16350,0.63656,-1.61814,60.26876,14.21769,11.63934,16.80272,17.60901
6494.17350,0.61550,-1.59955,60.21941,14.23154,11.65344,16.73417,17.60026
6494.18350,0.58175,-1.61014,60.13086,14.18259,11.63639,16.69072,17.62116
6494.19350,0.58175,-1.61014,60.13086,14.18259,11.63639,16.69072,17.62116
6494.20350,0.63449,-1.60723,60.18286,14.21259,11.63639,16.76072,17.57316
6494.21350,0.64308,-1.60624,60.11588,14.19984,11.62300,16.75092,17.54212
6494.22350,0.65609,-1.59673,59.98388,14.19228,11.59888,16.70854,17.48418
6494.23350,0.64584,-1.58067,59.99686,14.23259,11.60639,16.66072,17.49716
6494.24350,0.63610,-1.57261,60.02675,14.23869,11.63439,16.65651,17.49716
6494.25350,0.60573,-1.54746,60.12018,14.25777,11.72189,16.64335,17.49716
6494.26350,0.64466,-1.58337,60.03886,14.20259,11.64739,16.71072,17.47816
6494.27350,0.64874,-1.58046,60.04228,14.21380,11.64530,16.70692,17.47626
6494.28350,0.66610,-1.56808,60.05686,14.26159,11.63639,16.69072,17.46816
6494.29350,0.66681,-1.56561,60.05496,14.26919,11.63449,16.68312,17.46816
6494.30350,0.66804,-1.55504,60.04673,14.30159,11.62639,16.64819,17.47057
6494.31350,0.65867,-1.55493,60.04607,14.30159,11.62639,16.63485,17.48323
6494.32350,0.65531,-1.55214,60.04558,14.30222,11.63290,16.62932,17.48114
6494.33350,0.64923,-1.51482,60.04753,14.31269,11.72156,16.61142,17.40186
6494.34350,0.64808,-1.50569,60.12286,14.34059,11.75039,16.62072,17.41116
6494.35350,0.65015,-1.50622,60.11716,14.34234,11.74476,16.61890,17.41116
6494.36350,0.68228,-1.51450,60.02886,14.36959,11.65739,16.59072,17.41116
6494.37350,0.68150,-1.51415,60.02706,14.36688,11.66023,16.59141,17.40853
6494.38350,0.67119,-1.51030,60.00250,14.32823,11.69839,16.60312,17.37276
6494.39350,0.67391,-1.52425,59.99650,14.28889,11.69839,16.64312,17.36609
6494.40350,0.67510,-1.53040,59.99386,14.27159,11.69839,16.66072,17.36316
6494.41350,0.71363,-1.50491,60.03428,14.34585,11.70873,16.66072,17.31898
6494.42350,0.68584,-1.51056,60.08098,14.35059,11.70939,16.64154,17.37947
6494.43350,0.67862,-1.51452,60.06587,14.33360,11.70939,16.64072,17.38216
6494.44350,0.66279,-1.50955,60.05629,14.33656,11.71536,16.61086,17.39351
6494.45350,0.65282,-1.50576,60.05186,14.34059,11.71939,16.59072,17.40116
6494.46350,0.67117,-1.50388,59.99267,14.34059,11.69865,16.58566,17.36777
6494.47350,0.68104,-1.50016,59.92349,14.32921,11.68977,16.57503,17.32947
6494.48350,0.67491,-1.49874,59.91486,14.32059,11.69839,16.57072,17.32516
6494.49350,0.67789,-1.50080,59.90686,14.31170,11.69839,16.57961,17.31716
6494.50350,0.68351,-1.51181,59.98451,14.31059,11.70424,16.62855,17.34114
6494.51350,0.69246,-1.51860,60.06628,14.32301,11.70939,16.67072,17.36316
6494.52350,0.71306,-1.50631,60.09268,14.36886,11.70739,16.66708,17.34934
6494.53350,0.71704,-1.50567,59.95686,14.32059,11.69839,16.65072,17.28716
6494.54350,0.70131,-1.52824,59.97509,14.28217,11.68537,16.67677,17.33079
6494.55350,0.69877,-1.54650,60.24338,14.30852,11.72692,16.78538,17.42257
6494.56350,0.70028,-1.54809,60.30986,14.32059,11.73939,16.80972,17.44016
6494.57350,0.70435,-1.53188,60.22236,14.33059,11.73439,16.76022,17.39716
6494.58350,0.69451,-1.52512,60.06625,14.29970,11.71553,16.69686,17.35416
6494.59350,0.68833,-1.52933,60.03586,14.28159,11.70939,16.69072,17.35416
6494.60350,0.68979,-1.53455,60.02543,14.25961,11.71312,16.70935,17.34336
6494.61350,0.69226,-1.54334,60.00786,14.22259,11.71939,16.74072,17.32516
6494.62350,0.71288,-1.54348,59.95165,14.24955,11.66776,16.71330,17.32105
6494.63350,0.73757,-1.54475,59.87286,14.27145,11.60846,16.68486,17.30809
6494.64350,0.73814,-1.54896,59.82686,14.23259,11.61639,16.70072,17.27716
6494.65350,0.73182,-1.54584,59.82307,14.23914,11.61639,16.68348,17.28406
6494.66350,0.71982,-1.53991,59.81586,14.25159,11.61639,16.65072,17.29716
6494.67350,0.74254,-1.57194,59.82961,14.21914,11.57074,16.72167,17.31806
6494.68350,0.75460,-1.59318,59.85172,14.19259,11.55105,16.77632,17.33176
6494.69350,0.74274,-1.58420,59.87148,14.19259,11.58315,16.77015,17.32559
6494.70350,0.73458,-1.57607,59.88110,14.21288,11.58833,16.74354,17.33634
6494.71350,0.72125,-1.56244,59.89607,14.24978,11.59368,16.69595,17.35666
6494.72350,0.73561,-1.55714,60.06186,14.28159,11.64739,16.76972,17.36316
6494.73350,0.73730,-1.55646,60.05547,14.27965,11.64836,16.77069,17.35677
6494.74350,0.75302,-1.55011,59.99586,14.26159,11.65739,16.77972,17.29716
6494.75350,0.76396,-1.55348,60.02548,14.27466,11.64824,16.79715,17.30544
6494.76350,0.75880,-1.55312,60.10643,14.29984,11.65898,16.80669,17.34092
6494.77350,0.73367,-1.54697,60.16186,14.31059,11.68839,16.78972,17.37316
6494.78350,0.73580,-1.54798,60.14573,14.30383,11.68550,16.79110,17.36530
6494.79350,0.74076,-1.55035,60.10823,14.28813,11.67877,16.79430,17.34703
6494.80350,0.74573,-1.55271,60.07073,14.27242,11.67204,16.79751,17.32877
6494.81350,0.76387,-1.56057,60.03987,14.27584,11.63461,16.80328,17.32614
6494.82350,0.75827,-1.54103,60.00306,14.29159,11.65440,16.76072,17.29635
6494.83350,0.76125,-1.55408,59.99461,14.28159,11.62639,16.77047,17.31616
6494.84350,0.76061,-1.56500,60.00094,14.25237,11.62962,16.80208,17.31687
6494.85350,0.75624,-1.56074,60.08386,14.26159,11.66739,16.82972,17.32516
6494.86350,0.75213,-1.56432,60.09089,14.26779,11.65479,16.82145,17.34686
6494.87350,0.73888,-1.57587,60.11355,14.28779,11.61412,16.79479,17.41686
6494.88350,0.72957,-1.56540,60.23286,14.27159,11.70939,16.85972,17.39216
6494.89350,0.72853,-1.56867,60.21766,14.26038,11.70540,16.86162,17.39026
6494.90350,0.72406,-1.58264,60.15286,14.21259,11.68839,16.86972,17.38216
6494.91350,0.73157,-1.58808,60.14314,14.21259,11.66985,16.87512,17.38558
6494.92350,0.76749,-1.61357,60.10997,14.21660,11.58436,16.90383,17.40517
6494.93350,0.77698,-1.61733,60.17168,14.23888,11.57865,16.92669,17.42746
6494.94350,0.78239,-1.61947,60.20686,14.25159,11.57539,16.93972,17.44016
6494.95350,0.75962,-1.60643,60.06193,14.20608,11.59306,16.87855,17.38423
6494.96350,0.74673,-1.61360,60.12022,14.22449,11.58079,16.87242,17.44252
6494.97350,0.75288,-1.61640,60.13104,14.23499,11.56754,16.87605,17.45245
6494.98350,0.81514,-1.61458,60.05304,14.24766,11.52621,16.90939,17.36979
6494.99350,0.83387,-1.61566,60.04384,14.25369,11.51339,16.92455,17.35221
6495.00350,0.82602,-1.63736,60.24083,14.27949,11.51479,16.99012,17.45643
6495.01350,0.82940,-1.63651,60.21386,14.25159,11.53339,17.00872,17.42016
6495.02350,0.82623,-1.63552,60.20644,14.24886,11.53556,17.00319,17.41883
6495.03350,0.78475,-1.62397,60.11665,14.21203,11.56439,16.93582,17.40441
6495.04350,0.79490,-1.64738,60.24225,14.20403,11.56439,17.02302,17.45081
6495.05350,0.79672,-1.65158,60.26486,14.20259,11.56439,17.03872,17.45916
6495.06350,0.84728,-1.62755,60.20000,14.27685,11.52585,17.00112,17.39618
6495.07350,0.85051,-1.62601,60.19586,14.28159,11.52339,16.99872,17.39216
6495.08350,0.83053,-1.61868,60.19680,14.28159,11.54315,16.97144,17.40063
6495.09350,0.82698,-1.64183,60.16678,14.23553,11.51525,16.99698,17.41902
6495.10350,0.82683,-1.64334,60.16486,14.23259,11.51339,16.99872,17.42016
6495.11350,0.85206,-1.58985,60.07932,14.27865,11.57167,16.94326,17.28574
6495.12350,0.83170,-1.58708,59.98917,14.26297,11.55585,16.88388,17.28647
6495.13350,0.83006,-1.58712,59.98286,14.26159,11.55439,16.87972,17.28716
6495.14350,0.82981,-1.58744,59.98366,14.25920,11.55629,16.88217,17.28600
6495.15350,0.82592,-1.59229,59.99586,14.22259,11.58539,16.91972,17.26816
6495.16350,0.82790,-1.59353,60.01581,14.23190,11.58140,16.92352,17.27899
6495.17350,0.83619,-1.60330,60.11338,14.26511,11.56439,16.95246,17.33142
6495.18350,0.83555,-1.61962,60.15886,14.24159,11.56439,16.99872,17.35416
6495.19350,0.81677,-1.61021,60.13473,14.23325,11.58721,16.96844,17.34582
6495.20350,0.81074,-1.58310,60.09455,14.24793,11.62674,16.92455,17.29533
6495.21350,0.82756,-1.56904,60.08586,14.27159,11.63639,16.91972,17.25816
6495.22350,0.81601,-1.56421,60.03042,14.26039,11.63639,16.88612,17.24752
6495.23350,0.80691,-1.56041,59.98686,14.25159,11.63639,16.85972,17.23916
6495.24350,0.80960,-1.57054,59.96880,14.24594,11.60761,16.85972,17.25553
6495.25350,0.83669,-1.55584,59.97334,14.29703,11.59715,16.84852,17.23064
6495.26350,0.85634,-1.53815,59.98786,14.34059,11.60639,16.83972,17.20116
6495.27350,0.81545,-1.53468,60.00396,14.29929,11.66379,16.83272,17.20816
6495.28350,0.79263,-1.53952,59.98918,14.29398,11.64999,16.79875,17.24647
6495.29350,0.78937,-1.54340,59.97586,14.30159,11.62639,16.77972,17.26816
6495.30350,0.81639,-1.52869,60.03790,14.34093,11.65262,16.80999,17.23436
6495.31350,0.84287,-1.51426,60.09886,14.37959,11.67839,16.83972,17.20116
6495.32350,0.80139,-1.52650,60.06808,14.34026,11.67212,16.80552,17.25018
6495.33350,0.79117,-1.52490,60.09622,14.34953,11.67924,16.79665,17.27079
6495.34350,0.80743,-1.51655,60.13586,14.37959,11.68839,16.80972,17.25816
6495.35350,0.80434,-1.51806,60.08030,14.36331,11.67661,16.79288,17.24750
6495.36350,0.79014,-1.53663,60.02546,14.30556,11.66169,16.80252,17.25569
6495.37350,0.78126,-1.54976,60.01686,14.27159,11.65739,16.81972,17.26816
6495.38350,0.79662,-1.54270,60.04957,14.30430,11.65739,16.82526,17.26262
6495.39350,0.80896,-1.53704,60.07586,14.33059,11.65739,16.82972,17.25816
6495.40350,0.81052,-1.53490,60.06536,14.33059,11.65849,16.82644,17.24985
6495.41350,0.81827,-1.52657,60.02630,14.32199,11.67212,16.82552,17.20667
6495.42350,0.81168,-1.53863,60.08786,14.31059,11.67839,16.85972,17.23916
6495.43350,0.79303,-1.52906,60.01130,14.28463,11.69643,16.82012,17.21012
6495.44350,0.77927,-1.52340,59.89823,14.25448,11.69247,16.77261,17.17866
6495.45350,0.80209,-1.53834,59.86270,14.26106,11.63129,16.77919,17.19116
6495.46350,0.81261,-1.53843,59.87677,14.27885,11.61935,16.78324,17.19533
6495.47350,0.82857,-1.53640,59.90786,14.31059,11.60639,16.78972,17.20116
6495.48350,0.82857,-1.53640,59.90786,14.31059,11.60639,16.78972,17.20116
6495.49350,0.78130,-1.55198,59.84604,14.25423,11.59512,16.74864,17.24804
6495.50350,0.79643,-1.55361,60.01486,14.30159,11.61639,16.80972,17.28716
6495.51350,0.79643,-1.55361,60.01486,14.30159,11.61639,16.80972,17.28716
6495.52350,0.77061,-1.54390,59.96810,14.25159,11.67174,16.79972,17.24505
6495.53350,0.76776,-1.55405,59.99674,14.25159,11.65739,16.81060,17.27716
6495.54350,0.77400,-1.56004,60.04956,14.25502,11.66100,16.84315,17.29038
6495.55350,0.75524,-1.56586,60.16386,14.27159,11.67839,16.85972,17.35416
6495.56350,0.75439,-1.57069,60.14448,14.26038,11.66851,16.85972,17.35587
6495.57350,0.75913,-1.58574,60.09429,14.23715,11.63042,16.86356,17.36316
6495.58350,0.79430,-1.56242,60.23086,14.34059,11.64739,16.87972,17.36316
6495.59350,0.78792,-1.56064,60.22377,14.33438,11.65525,16.87339,17.36075
6495.60350,0.75436,-1.55125,60.18643,14.30171,11.69658,16.84005,17.34809
6495.61350,0.74232,-1.56178,60.04386,14.24159,11.66739,16.80972,17.32516
6495.62350,0.74862,-1.56209,60.05164,14.24669,11.66484,16.81737,17.32274
6495.63350,0.78172,-1.56369,60.09258,14.27353,11.65142,16.85764,17.30999
6495.64350,0.78611,-1.56345,60.10474,14.28039,11.65045,16.86318,17.31072
