time_s,cop_x_cm,cop_y_cm,mass_kg,tr_kg,tl_kg,br_kg,bl_kg
1902.48570,-0.32886,-4.19675,53.21737,8.39823,8.41483,17.80627,18.59804
1902.49570,-0.32886,-4.19675,53.21737,8.39823,8.41483,17.80627,18.59804
1902.50570,-0.34556,-4.18164,53.29762,8.41697,8.45678,17.80649,18.61738
1902.51570,-0.35882,-4.19838,53.32262,8.39063,8.45187,17.82881,18.65131
1902.52570,-0.37205,-4.21511,53.34762,8.36429,8.44696,17.85113,18.68524
1902.53570,-0.33951,-4.20777,53.38101,8.42296,8.41602,17.84899,18.69304
1902.54570,-0.38893,-4.21023,53.47960,8.37822,8.48607,17.88121,18.73410
1902.55570,-0.39800,-4.21119,53.49237,8.36823,8.49783,17.88627,18.74004
1902.56570,-0.37626,-4.18760,53.49379,8.40991,8.51196,17.87214,18.69978
1902.57570,-0.36723,-4.17779,53.49437,8.42723,8.51783,17.86627,18.68304
1902.58570,-0.31066,-4.17554,53.35257,8.45010,8.45532,17.84340,18.60375
1902.59570,-0.34174,-4.17835,53.33678,8.44188,8.45195,17.80556,18.63738
1902.60570,-0.35648,-4.17942,53.34537,8.43723,8.45683,17.79627,18.65504
1902.61570,-0.31752,-4.17045,53.32430,8.45981,8.44856,17.81132,18.60462
1902.62570,-0.32904,-4.16327,53.34324,8.45861,8.47256,17.80765,18.60442
1902.63570,-0.36114,-4.15769,53.37737,8.44723,8.50783,17.79627,18.62604
1902.64570,-0.36114,-4.15769,53.37737,8.44723,8.50783,17.79627,18.62604
1902.65570,-0.38843,-4.19923,53.30537,8.36823,8.46683,17.80627,18.66404
1902.66570,-0.37652,-4.18732,53.32816,8.38971,8.48042,17.81065,18.64739
1902.67570,-0.37283,-4.17489,53.30565,8.40631,8.48576,17.78753,18.62604
1902.68570,-0.38139,-4.17698,53.26737,8.39823,8.47683,17.76627,18.62604
1902.69570,-0.37542,-4.17893,53.28182,8.39823,8.47683,17.78071,18.62604
1902.70570,-0.35303,-4.16272,53.35979,8.44881,8.48890,17.79604,18.62604
1902.71570,-0.35344,-4.14517,53.37637,8.48623,8.49783,17.76627,18.62604
1902.72570,-0.34854,-4.14180,53.38575,8.48836,8.50657,17.77479,18.61602
1902.73570,-0.33045,-4.12937,53.42037,8.49623,8.53883,17.80627,18.57904
1902.74570,-0.33381,-4.13446,53.37799,8.48394,8.52569,17.79355,18.57480
1902.75570,-0.33506,-4.14142,53.32058,8.46723,8.50783,17.78046,18.56506
1902.76570,-0.32254,-4.14153,53.32137,8.46723,8.50783,17.79627,18.55004
1902.77570,-0.34047,-4.14995,53.33514,8.45703,8.50273,17.79117,18.58421
1902.78570,-0.34794,-4.15395,53.33423,8.45228,8.49783,17.78627,18.59785
1902.79570,-0.33838,-4.14995,53.32037,8.45723,8.49783,17.78627,18.57904
1902.80570,-0.34414,-4.17477,53.29436,8.40674,8.48202,17.81687,18.58873
1902.81570,-0.34968,-4.19865,53.26937,8.35823,8.46683,17.84627,18.59804
1902.82570,-0.35435,-4.18475,53.30386,8.38093,8.48752,17.83477,18.60063
1902.83570,-0.36369,-4.15700,53.37282,8.42634,8.52890,17.81178,18.60580
1902.84570,-0.33431,-4.15748,53.46614,8.44491,8.53883,17.87536,18.60704
1902.85570,-0.32476,-4.15964,53.48937,8.44723,8.53883,17.89627,18.60704
1902.86570,-0.35159,-4.17875,53.46589,8.40254,8.53126,17.89627,18.63583
1902.87570,-0.36019,-4.18487,53.45837,8.38823,8.52883,17.89627,18.64504
1902.88570,-0.28787,-4.21084,53.38371,8.41401,8.41861,17.92293,18.62815
1902.89570,-0.29430,-4.15653,53.48276,8.50447,8.48678,17.87340,18.61811
1902.90570,-0.29639,-4.14879,53.49737,8.51623,8.49783,17.86627,18.61704
1902.91570,-0.31783,-4.18656,53.30465,8.42119,8.44327,17.83987,18.60032
1902.92570,-0.35688,-4.16673,53.34637,8.44723,8.47683,17.78627,18.63604
1902.93570,-0.35688,-4.16673,53.34637,8.44723,8.47683,17.78627,18.63604
1902.94570,-0.33250,-4.16401,53.32759,8.43763,8.48683,17.81667,18.58646
1902.95570,-0.32792,-4.16611,53.43637,8.46723,8.48683,17.84627,18.63604
1902.96570,-0.32726,-4.16719,53.41730,8.46295,8.48255,17.84198,18.62983
1902.97570,-0.32482,-4.17114,53.34737,8.44723,8.46683,17.82627,18.60704
1902.98570,-0.32726,-4.17415,53.34367,8.44401,8.46184,17.82466,18.61315
1902.99570,-0.33648,-4.19040,53.32293,8.42543,8.43583,17.82167,18.64000
1903.00570,-0.32352,-4.19253,53.31760,8.41877,8.43583,17.84167,18.62133
1903.01570,-0.32181,-4.18830,53.33230,8.42673,8.44243,17.84305,18.62010
1903.02570,-0.32846,-4.16370,53.41537,8.47623,8.47683,17.82627,18.63604
1903.03570,-0.32938,-4.16549,53.40709,8.46561,8.48061,17.83167,18.62920
1903.04570,-0.33282,-4.17216,53.37643,8.42628,8.49461,17.85167,18.60387
1903.05570,-0.30927,-4.16558,53.36937,8.44723,8.48683,17.85627,18.57904
1903.06570,-0.31002,-4.16787,53.36567,8.44163,8.48588,17.85911,18.57904
1903.07570,-0.31581,-4.18554,53.33721,8.39857,8.47859,17.88101,18.57904
1903.08570,-0.28274,-4.16318,53.32337,8.42723,8.49783,17.88627,18.51204
1903.09570,-0.29049,-4.16469,53.31401,8.42216,8.49640,17.87717,18.51828
1903.10570,-0.34248,-4.17481,53.25137,8.38823,8.48683,17.81627,18.56004
1903.11570,-0.33794,-4.17321,53.25582,8.39338,8.48683,17.81888,18.55672
1903.12570,-0.30310,-4.16091,53.29005,8.43298,8.48683,17.83902,18.53122
1903.13570,-0.28480,-4.15678,53.42359,8.50445,8.46744,17.85596,18.59574
1903.14570,-0.28407,-4.15777,53.41964,8.50148,8.46683,17.85788,18.59345
1903.15570,-0.27951,-4.16594,53.35521,8.46188,8.46683,17.87130,18.55519
1903.16570,-0.27951,-4.19101,53.39637,8.45723,8.42583,17.89627,18.61704
1903.17570,-0.27851,-4.18929,53.40551,8.46180,8.42818,17.89744,18.61809
1903.18570,-0.27101,-4.17637,53.47437,8.49623,8.44583,17.90627,18.62604
1903.19570,-0.27148,-4.17644,53.47214,8.49525,8.44594,17.90557,18.62538
1903.20570,-0.31789,-4.18318,53.25248,8.39852,8.45734,17.83677,18.55985
1903.21570,-0.29835,-4.16420,53.36237,8.42723,8.50783,17.88627,18.54104
1903.22570,-0.29835,-4.16420,53.36237,8.42723,8.50783,17.88627,18.54104
1903.23570,-0.28962,-4.15667,53.40137,8.46723,8.49783,17.87627,18.56004
1903.24570,-0.28962,-4.15668,53.40078,8.46713,8.49772,17.87607,18.55985
1903.25570,-0.28995,-4.15750,53.34137,8.45723,8.48683,17.85627,18.54104
1903.26570,-0.32573,-4.17239,53.33137,8.40823,8.49783,17.85627,18.56904
1903.27570,-0.32576,-4.17248,53.33167,8.40823,8.49772,17.85637,18.56935
1903.28570,-0.32739,-4.17700,53.34656,8.40823,8.49187,17.86169,18.58477
1903.29570,-0.32725,-4.18252,53.36797,8.40578,8.48818,17.87486,18.59915
1903.30570,-0.31621,-4.19418,53.42937,8.38823,8.49783,17.93627,18.60704
1903.31570,-0.31621,-4.19418,53.42937,8.38823,8.49783,17.93627,18.60704
1903.32570,-0.33043,-4.15851,53.42437,8.40823,8.55983,17.89627,18.56004
1903.33570,-0.34787,-4.16773,53.37855,8.38180,8.55014,17.87864,18.56797
1903.34570,-0.34518,-4.20079,53.32397,8.36943,8.46787,17.86747,18.61920
1903.35570,-0.34449,-4.20513,53.31737,8.36823,8.45683,17.86627,18.62604
1903.36570,-0.34862,-4.16810,53.33904,8.40476,8.51379,17.83531,18.58518
1903.37570,-0.31905,-4.16657,53.41089,8.42723,8.51767,17.88467,18.58132
1903.38570,-0.30892,-4.17327,53.42937,8.42723,8.50783,17.90627,18.58804
1903.39570,-0.34226,-4.16276,53.30844,8.40623,8.51507,17.82661,18.56052
1903.40570,-0.35501,-4.15875,53.26237,8.39823,8.51783,17.79627,18.55004
1903.41570,-0.33783,-4.15425,53.37283,8.43319,8.52847,17.83680,18.57436
1903.42570,-0.30518,-4.14147,53.45647,8.47939,8.53883,17.87207,18.56617
1903.43570,-0.28302,-4.12978,53.42337,8.49623,8.53883,17.86627,18.52204
1903.44570,-0.29712,-4.13189,53.45865,8.50883,8.53253,17.85367,18.56362
1903.45570,-0.28888,-4.15456,53.51465,8.50363,8.50237,17.89667,18.61198
1903.46570,-0.27919,-4.16714,53.53537,8.49623,8.48683,17.92627,18.62604
1903.47570,-0.28229,-4.17895,53.44023,8.46473,8.46048,17.90698,18.60804
1903.48570,-0.28402,-4.18552,53.38737,8.44723,8.44583,17.89627,18.59804
1903.49570,-0.29634,-4.19046,53.42817,8.42527,8.46914,17.92316,18.61059
1903.50570,-0.31033,-4.19129,53.42328,8.39308,8.49783,17.93567,18.59669
1903.51570,-0.30926,-4.18635,53.37137,8.38823,8.49783,17.91627,18.56904
1903.52570,-0.30336,-4.18895,53.33267,8.39119,8.47656,17.90149,18.56343
1903.53570,-0.29201,-4.19395,53.25824,8.39687,8.43565,17.87308,18.55263
1903.54570,-0.34713,-4.17813,53.28537,8.34923,8.52883,17.86627,18.54104
1903.55570,-0.33213,-4.17724,53.25409,8.36589,8.50435,17.85267,18.53118
1903.56570,-0.30296,-4.17550,53.19337,8.39823,8.45683,17.82627,18.51204
1903.57570,-0.30302,-4.17602,53.19272,8.39764,8.45600,17.82646,18.51261
1903.58570,-0.30571,-4.20195,53.16150,8.36869,8.41460,17.83673,18.54148
1903.59570,-0.28024,-4.20658,53.25837,8.40823,8.39483,17.87627,18.57904
1903.60570,-0.30964,-4.20759,53.26835,8.39011,8.41374,17.86314,18.60136
1903.61570,-0.38672,-4.21155,53.30474,8.33923,8.46683,17.83707,18.66161
1903.62570,-0.37203,-4.21460,53.32737,8.33923,8.46683,17.86627,18.65504
1903.63570,-0.37203,-4.21460,53.32737,8.33923,8.46683,17.86627,18.65504
1903.64570,-0.30341,-4.20145,53.41083,8.42189,8.44129,17.90927,18.63838
1903.65570,-0.31502,-4.21554,53.42637,8.37823,8.45683,17.94627,18.64504
1903.66570,-0.31502,-4.21554,53.42637,8.37823,8.45683,17.94627,18.64504
1903.67570,-0.33139,-4.17004,53.46537,8.46723,8.48683,17.85627,18.65504
1903.68570,-0.32966,-4.17361,53.42620,8.45354,8.47973,17.85280,18.64013
1903.69570,-0.32301,-4.18741,53.27553,8.40087,8.45239,17.83947,18.58280
1903.70570,-0.30736,-4.16810,53.26445,8.41787,8.47699,17.83627,18.53332
1903.71570,-0.29604,-4.16131,53.26490,8.42564,8.48524,17.84263,18.51138
1903.72570,-0.25967,-4.16314,53.22537,8.41723,8.47683,17.87627,18.45504
1903.73570,-0.25967,-4.16314,53.22537,8.41723,8.47683,17.87627,18.45504
1903.74570,-0.26885,-4.17262,53.27296,8.44626,8.44077,17.85945,18.52649
1903.75570,-0.30571,-4.18743,53.28137,8.38823,8.46683,17.87627,18.55004
1903.76570,-0.30029,-4.18308,53.28155,8.40019,8.46510,17.87107,18.54519
1903.77570,-0.27943,-4.16634,53.28221,8.44619,8.45843,17.85107,18.52652
1903.78570,-0.32553,-4.14738,53.43037,8.46723,8.52883,17.84627,18.58804
1903.79570,-0.32418,-4.14527,53.42673,8.46840,8.53143,17.84497,18.58193
1903.80570,-0.31516,-4.13119,53.40237,8.47623,8.54883,17.83627,18.54104
1903.81570,-0.30925,-4.13020,53.41157,8.48280,8.54752,17.84152,18.53973
1903.82570,-0.27800,-4.12750,53.45283,8.51528,8.53454,17.86795,18.53506
1903.83570,-0.32654,-4.15144,53.33137,8.44723,8.50783,17.81627,18.56004
1903.84570,-0.32250,-4.15024,53.31951,8.44898,8.50513,17.81365,18.55175
1903.85570,-0.29139,-4.14097,53.22823,8.46240,8.48432,17.79351,18.48799
1903.86570,-0.28407,-4.13293,53.21565,8.46593,8.49555,17.79277,18.46140
1903.87570,-0.30567,-4.10465,53.34773,8.46360,8.60614,17.83367,18.44432
1903.88570,-0.27543,-4.12513,53.32337,8.50623,8.50783,17.81627,18.49304
1903.89570,-0.27842,-4.12614,53.32196,8.50185,8.50939,17.81627,18.49445
1903.90570,-0.30145,-4.13395,53.31110,8.46814,8.52139,17.81627,18.50531
1903.91570,-0.31078,-4.14749,53.30741,8.43963,8.51705,17.83147,18.51926
1903.92570,-0.30269,-4.16169,53.31237,8.42723,8.49783,17.85627,18.53104
1903.93570,-0.31133,-4.16468,53.30795,8.41884,8.49783,17.85185,18.53944
1903.94570,-0.32225,-4.16846,53.30237,8.40823,8.49783,17.84627,18.55004
1903.95570,-0.32137,-4.16856,53.38037,8.42273,8.50783,17.87127,18.57854
1903.96570,-0.32249,-4.16970,53.43262,8.44228,8.50218,17.87606,18.61209
1903.97570,-0.32445,-4.17072,53.40737,8.44723,8.48683,17.85627,18.61704
1903.98570,-0.32695,-4.17530,53.36387,8.42273,8.48683,17.85627,18.59804
1903.99570,-0.34557,-4.17177,53.33937,8.40773,8.50233,17.83627,18.59304
1904.00570,-0.36167,-4.16366,53.35837,8.41723,8.51783,17.81627,18.60704
1904.01570,-0.35138,-4.17109,53.33363,8.40764,8.50218,17.82637,18.59744
1904.02570,-0.34129,-4.17839,53.30937,8.39823,8.48683,17.83627,18.58804
1904.03570,-0.32073,-4.18723,53.29299,8.39823,8.46097,17.85351,18.58028
1904.04570,-0.32910,-4.19234,53.31951,8.37492,8.48073,17.87958,18.58429
1904.05570,-0.33744,-4.19498,53.34037,8.35823,8.49783,17.89627,18.58804
1904.06570,-0.34132,-4.19316,53.36194,8.38154,8.48559,17.87878,18.61601
1904.07570,-0.28652,-4.17949,53.37980,8.43402,8.47077,17.90266,18.57235
1904.08570,-0.24917,-4.17147,53.38137,8.45723,8.46683,17.92627,18.53104
1904.09570,-0.24654,-4.17494,53.35962,8.44973,8.45933,17.92627,18.52429
1904.10570,-0.24566,-4.17609,53.35237,8.44723,8.45683,17.92627,18.52204
1904.11570,-0.26052,-4.18783,53.26677,8.43208,8.41744,17.88081,18.53643
1904.12570,-0.27566,-4.19617,53.24849,8.40595,8.41830,17.87930,18.54495
1904.13570,-0.28917,-4.20214,53.26037,8.37823,8.43583,17.89627,18.55004
1904.14570,-0.31678,-4.19418,53.36849,8.39110,8.47573,17.90270,18.59895
1904.15570,-0.28651,-4.17885,53.40405,8.43599,8.47799,17.91267,18.57740
1904.16570,-0.26089,-4.17269,53.39037,8.45723,8.46683,17.91627,18.55004
1904.17570,-0.27828,-4.17305,53.39428,8.44162,8.48283,17.91236,18.55745
1904.18570,-0.30544,-4.17362,53.40037,8.41723,8.50783,17.90627,18.56904
1904.19570,-0.27845,-4.19170,53.38044,8.42310,8.45332,17.92385,18.58018
1904.20570,-0.26346,-4.20530,53.37655,8.40647,8.43687,17.95703,18.57617
1904.21570,-0.26900,-4.20643,53.39037,8.37823,8.46683,17.98527,18.56004
1904.22570,-0.24355,-4.19164,53.36853,8.43619,8.43659,17.94789,18.54786
1904.23570,-0.21179,-4.17343,53.34312,8.50406,8.40329,17.90658,18.52918
1904.24570,-0.22492,-4.18201,53.36137,8.45723,8.43583,17.94627,18.52204
1904.25570,-0.23960,-4.16737,53.36597,8.47713,8.45165,17.91055,18.52663
1904.26570,-0.25369,-4.15332,53.37037,8.49623,8.46683,17.87627,18.53104
1904.27570,-0.27166,-4.16467,53.34537,8.46673,8.46183,17.87127,18.54554
1904.28570,-0.28781,-4.17808,53.35686,8.43723,8.46359,17.88654,18.56950
1904.29570,-0.28421,-4.18210,53.42837,8.43723,8.47683,17.92627,18.58804
1904.30570,-0.29426,-4.17105,53.42220,8.44109,8.49691,17.90696,18.57723
1904.31570,-0.30578,-4.15694,53.41763,8.45128,8.51832,17.88031,18.56772
1904.32570,-0.29406,-4.16608,53.43146,8.46191,8.49066,17.89095,18.58793
1904.33570,-0.28821,-4.17065,53.43837,8.46723,8.47683,17.89627,18.59804
1904.34570,-0.28291,-4.16148,53.43433,8.47178,8.49249,17.89627,18.57380
1904.35570,-0.27771,-4.15250,53.43037,8.47623,8.50783,17.89627,18.55004
1904.36570,-0.26539,-4.16727,53.39959,8.48339,8.45629,17.88911,18.57080
1904.37570,-0.25275,-4.20047,53.31137,8.39823,8.43583,17.94627,18.53104
1904.38570,-0.25391,-4.19699,53.29231,8.41120,8.42498,17.92244,18.53369
1904.39570,-0.25905,-4.18851,53.25454,8.44073,8.40333,17.86793,18.54254
1904.40570,-0.26660,-4.19329,53.31521,8.41473,8.43733,17.91460,18.54854
1904.41570,-0.26891,-4.19385,53.34168,8.41330,8.44583,17.92627,18.55628
1904.42570,-0.27170,-4.18958,53.41737,8.44723,8.44583,17.92627,18.59804
1904.43570,-0.27263,-4.19043,53.41257,8.44606,8.44349,17.92392,18.59909
1904.44570,-0.27935,-4.19692,53.37453,8.43587,8.42645,17.90706,18.60516
1904.45570,-0.26588,-4.20054,53.28337,8.36823,8.45683,17.94627,18.51204
1904.46570,-0.26595,-4.20049,53.28294,8.36863,8.45641,17.94557,18.51233
1904.47570,-0.27308,-4.19569,53.24216,8.40813,8.41525,17.87717,18.54161
1904.48570,-0.27980,-4.20606,53.41937,8.39823,8.45683,17.96627,18.59804
1904.49570,-0.27953,-4.20597,53.41928,8.39842,8.45683,17.96637,18.59766
1904.50570,-0.25269,-4.19674,53.41037,8.41723,8.45683,17.97627,18.56004
1904.51570,-0.25300,-4.19686,53.41032,8.41695,8.45683,17.97614,18.56040
1904.52570,-0.28419,-4.20832,53.40486,8.38838,8.45683,17.96354,18.59611
1904.53570,-0.31540,-4.21978,53.39939,8.35980,8.45683,17.95093,18.63183
1904.54570,-0.36708,-4.18843,53.51637,8.39823,8.52883,17.90627,18.68304
1904.55570,-0.34226,-4.19898,53.41137,8.36275,8.50639,17.92075,18.62149
1904.56570,-0.29346,-4.20916,53.32387,8.40019,8.41752,17.90036,18.60581
1904.57570,-0.28724,-4.21013,53.31637,8.40823,8.40483,17.89627,18.60704
1904.58570,-0.28900,-4.22293,53.39607,8.38669,8.42153,17.95496,18.63289
1904.59570,-0.29049,-4.23387,53.46437,8.36823,8.43583,18.00527,18.65504
1904.60570,-0.30285,-4.23120,53.39011,8.35114,8.43583,17.97049,18.63264
1904.61570,-0.33531,-4.23005,53.32450,8.33923,8.42980,17.91008,18.64539
1904.62570,-0.35100,-4.23052,53.31537,8.33923,8.42583,17.88627,18.66404
1904.63570,-0.32892,-4.24273,53.30827,8.34515,8.38912,17.90403,18.66996
1904.64570,-0.30695,-4.24867,53.22431,8.34923,8.34483,17.88562,18.64462
1904.65570,-0.30267,-4.24710,53.17437,8.34923,8.33283,17.86627,18.62604
1904.66570,-0.34183,-4.24790,53.25687,8.31173,8.39433,17.89627,18.65454
1904.67570,-0.35486,-4.24817,53.28437,8.29923,8.41483,17.90627,18.66404
1904.68570,-0.33348,-4.26698,53.23245,8.28494,8.36893,17.92132,18.65727
1904.69570,-0.32304,-4.27297,53.19727,8.28411,8.34478,17.91765,18.65073
1904.70570,-0.31855,-4.27269,53.17337,8.28923,8.33283,17.90627,18.64504
1904.71570,-0.31907,-4.27242,53.17427,8.28953,8.33345,17.90577,18.64552
1904.72570,-0.37039,-4.24575,53.26342,8.31913,8.39401,17.85696,18.69332
1904.73570,-0.32408,-4.28583,53.26837,8.30923,8.31183,17.92627,18.72104
1904.74570,-0.32577,-4.28544,53.27266,8.30847,8.31483,17.92706,18.72230
1904.75570,-0.38833,-4.27126,53.43137,8.28023,8.42583,17.95627,18.76904
1904.76570,-0.36551,-4.25414,53.46306,8.32396,8.43217,17.95627,18.75066
1904.77570,-0.39420,-4.24209,53.40703,8.31143,8.45536,17.90587,18.73437
1904.78570,-0.41884,-4.24081,53.36337,8.28923,8.46683,17.87627,18.73104
1904.79570,-0.40188,-4.23633,53.30793,8.29553,8.45360,17.86367,18.69513
1904.80570,-0.36991,-4.22772,53.29637,8.32401,8.44163,17.86887,18.66186
1904.81570,-0.33957,-4.21946,53.32537,8.35823,8.43583,17.88627,18.64504
1904.82570,-0.35135,-4.22663,53.31266,8.33747,8.43583,17.88627,18.65309
1904.83570,-0.36738,-4.23639,53.29537,8.30923,8.43583,17.88627,18.66404
1904.84570,-0.37121,-4.23551,53.30497,8.31428,8.43583,17.88122,18.67364
1904.85570,-0.37148,-4.23504,53.28509,8.31418,8.43078,17.87122,18.66890
1904.86570,-0.36806,-4.23542,53.25637,8.30923,8.42583,17.86627,18.65504
1904.87570,-0.38587,-4.22939,53.31146,8.32468,8.44179,17.85597,18.68902
1904.88570,-0.40140,-4.22331,53.36033,8.33923,8.45683,17.84627,18.71800
1904.89570,-0.39903,-4.22251,53.35437,8.33923,8.45683,17.84627,18.71204
1904.90570,-0.38447,-4.23105,53.31802,8.33922,8.42544,17.84637,18.70699
1904.91570,-0.36232,-4.21432,53.38237,8.38823,8.43583,17.85627,18.70204
1904.92570,-0.36130,-4.22066,53.37443,8.36794,8.43877,17.87391,18.69380
1904.93570,-0.34284,-4.23488,53.37028,8.33845,8.43368,17.92411,18.67404
1904.94570,-0.31805,-4.23331,53.39337,8.36823,8.41483,17.93627,18.67404
1904.95570,-0.32050,-4.23435,53.29229,8.35341,8.39545,17.89827,18.64516
1904.96570,-0.32453,-4.23605,53.12737,8.32923,8.36383,17.83627,18.59804
1904.97570,-0.32453,-4.23605,53.12737,8.32923,8.36383,17.83627,18.59804
1904.98570,-0.31957,-4.26049,53.24567,8.31785,8.35530,17.91201,18.66050
1904.99570,-0.34249,-4.23431,53.37537,8.33923,8.43583,17.92627,18.67404
1905.00570,-0.34249,-4.23431,53.37537,8.33923,8.43583,17.92627,18.67404
1905.01570,-0.37314,-4.24054,53.34458,8.32086,8.42995,17.89173,18.70204
1905.02570,-0.39077,-4.21666,53.37437,8.34923,8.46683,17.85627,18.70204
1905.03570,-0.39077,-4.21666,53.37437,8.34923,8.46683,17.85627,18.70204
1905.04570,-0.31647,-4.22163,53.24937,8.33923,8.42583,17.89627,18.58804
1905.05570,-0.31681,-4.22205,53.24954,8.33867,8.42548,17.89649,18.58890
1905.06570,-0.34318,-4.25441,53.27583,8.30069,8.39612,17.91498,18.66404
1905.07570,-0.31829,-4.22793,53.35337,8.37823,8.40483,17.90627,18.66404
1905.08570,-0.30921,-4.22489,53.35296,8.38235,8.40772,17.91313,18.64977
1905.09570,-0.25713,-4.21207,53.35049,8.40217,8.41711,17.95627,18.57495
1905.10570,-0.29314,-4.25801,53.35137,8.35823,8.35383,17.95627,18.68304
1905.11570,-0.29583,-4.25619,53.34886,8.35524,8.36028,17.95469,18.67864
1905.12570,-0.31028,-4.24646,53.33537,8.33923,8.39483,17.94627,18.65504
1905.13570,-0.31028,-4.24646,53.33537,8.33923,8.39483,17.94627,18.65504
1905.14570,-0.27839,-4.25303,53.29371,8.33181,8.37383,17.97241,18.61566
1905.15570,-0.30536,-4.25223,53.34337,8.34923,8.37383,17.94627,18.67404
1905.16570,-0.30459,-4.24950,53.33897,8.34923,8.37885,17.94504,18.66584
1905.17570,-0.29914,-4.22919,53.30441,8.35064,8.41409,17.93330,18.60637
1905.18570,-0.29969,-4.22430,53.28325,8.36069,8.40880,17.91214,18.60161
1905.19570,-0.30010,-4.22063,53.26737,8.36823,8.40483,17.89627,18.59804
1905.20570,-0.28989,-4.22109,53.26986,8.37927,8.39352,17.89903,18.59804
1905.21570,-0.26307,-4.22228,53.27637,8.40823,8.36383,17.90627,18.59804
1905.22570,-0.29727,-4.23925,53.24222,8.34931,8.37237,17.90627,18.61426
1905.23570,-0.21392,-4.26981,53.27337,8.35823,8.30183,18.01527,18.59804
1905.24570,-0.21440,-4.26959,53.27187,8.35786,8.30225,18.01430,18.59747
1905.25570,-0.23821,-4.25913,53.19873,8.33923,8.32241,17.96747,18.56962
1905.26570,-0.19582,-4.29466,53.33137,8.33923,8.28083,18.08527,18.62604
1905.27570,-0.19582,-4.29466,53.33137,8.33923,8.28083,18.08527,18.62604
1905.28570,-0.23420,-4.26914,53.23266,8.30429,8.34460,18.02412,18.55965
1905.29570,-0.23977,-4.26544,53.21837,8.29923,8.35383,18.01527,18.55004
1905.30570,-0.25997,-4.27916,53.23261,8.29033,8.33514,18.00637,18.60077
1905.31570,-0.22472,-4.25064,53.17798,8.33329,8.34165,17.97971,18.52333
1905.32570,-0.21962,-4.24656,53.17037,8.33923,8.34283,17.97627,18.51204
1905.33570,-0.19436,-4.24686,53.15395,8.33923,8.33697,17.99915,18.47860
1905.34570,-0.18265,-4.25384,53.22923,8.35673,8.32680,18.03336,18.51234
1905.35570,-0.18664,-4.25828,53.28637,8.36823,8.32283,18.04527,18.55004
1905.36570,-0.16622,-4.24573,53.30619,8.38572,8.34090,18.06275,18.51682
1905.37570,-0.15160,-4.23675,53.32037,8.39823,8.35383,18.07527,18.49304
1905.38570,-0.16586,-4.23019,53.30870,8.39823,8.36551,18.05191,18.49304
1905.39570,-0.17109,-4.22713,53.31244,8.40427,8.36780,18.04130,18.49907
1905.40570,-0.16784,-4.22820,53.32037,8.40823,8.36383,18.04527,18.50304
1905.41570,-0.16784,-4.22820,53.32037,8.40823,8.36383,18.04527,18.50304
1905.42570,-0.18074,-4.20232,53.35037,8.43723,8.40483,18.01527,18.49304
1905.43570,-0.18074,-4.20232,53.35037,8.43723,8.40483,18.01527,18.49304
1905.44570,-0.14106,-4.23514,53.34244,8.40287,8.35989,18.09457,18.48511
1905.45570,-0.15610,-4.23126,53.31137,8.39823,8.36383,18.06527,18.48404
1905.46570,-0.14353,-4.23856,53.32337,8.39823,8.35055,18.08670,18.48790
1905.47570,-0.12679,-4.24828,53.33937,8.39823,8.33283,18.11527,18.49304
1905.48570,-0.14695,-4.25028,53.38937,8.37823,8.36383,18.13527,18.51204
1905.49570,-0.16268,-4.23553,53.33960,8.39083,8.37013,18.07857,18.50007
1905.50570,-0.17194,-4.22685,53.31037,8.39823,8.37383,18.04527,18.49304
1905.51570,-0.18921,-4.24603,53.25328,8.36121,8.34811,18.03272,18.51124
1905.52570,-0.17160,-4.24308,53.25849,8.36794,8.34989,18.05023,18.49042
1905.53570,-0.13254,-4.22298,53.31337,8.40823,8.37383,18.08527,18.44604
1905.54570,-0.13682,-4.23842,53.33071,8.39823,8.35317,18.09860,18.48071
1905.55570,-0.15667,-4.24470,53.39237,8.40273,8.35333,18.10027,18.53604
1905.56570,-0.16794,-4.22015,53.41937,8.42723,8.39483,18.07527,18.52204
1905.57570,-0.19179,-4.23505,53.38908,8.38280,8.39483,18.07527,18.53618
1905.58570,-0.21519,-4.24968,53.35937,8.33923,8.39483,18.07527,18.55004
1905.59570,-0.20399,-4.23875,53.34069,8.34883,8.40493,18.07022,18.51671
1905.60570,-0.16547,-4.23807,53.34560,8.37843,8.37848,18.09051,18.49818
1905.61570,-0.13849,-4.24789,53.36837,8.39823,8.34283,18.11527,18.51204
1905.62570,-0.13995,-4.24935,53.32504,8.39490,8.32917,18.09527,18.50571
1905.63570,-0.14289,-4.25227,53.23837,8.38823,8.30183,18.05527,18.49304
1905.64570,-0.18744,-4.25796,53.29037,8.32923,8.36383,18.08527,18.51204
1905.65570,-0.19212,-4.24194,53.33896,8.35876,8.38701,18.07405,18.51914
1905.66570,-0.19995,-4.21516,53.42037,8.40823,8.42583,18.05527,18.53104
1905.67570,-0.19997,-4.22576,53.36442,8.38748,8.40415,18.04827,18.52451
1905.68570,-0.20003,-4.25374,53.21718,8.33288,8.34710,18.02987,18.50733
1905.69570,-0.14486,-4.21212,53.26137,8.43723,8.35383,18.01527,18.45504
1905.70570,-0.15176,-4.21342,53.26387,8.42998,8.35883,18.01527,18.45979
1905.71570,-0.18835,-4.22122,53.26137,8.39348,8.37633,18.00552,18.48604
1905.72570,-0.23605,-4.23291,53.23137,8.34923,8.38383,17.97627,18.52204
1905.73570,-0.24649,-4.23563,53.23601,8.33636,8.39181,17.97858,18.52925
1905.74570,-0.27662,-4.24347,53.24937,8.29923,8.41483,17.98527,18.55004
1905.75570,-0.27501,-4.24686,53.25228,8.30094,8.40611,17.98698,18.55825
1905.76570,-0.26880,-4.25991,53.26347,8.30752,8.37256,17.99356,18.58983
1905.77570,-0.22399,-4.26894,53.27983,8.33913,8.32496,18.02517,18.59057
1905.78570,-0.20940,-4.27085,53.28437,8.34923,8.31183,18.03527,18.58804
1905.79570,-0.22254,-4.25937,53.39507,8.33893,8.38363,18.08418,18.58833
1905.80570,-0.28263,-4.26330,53.26637,8.30923,8.36383,17.97627,18.61704
1905.81570,-0.28307,-4.26421,53.26952,8.30811,8.36383,17.97840,18.61917
1905.82570,-0.28655,-4.27133,53.29437,8.29923,8.36383,17.99527,18.63604
1905.83570,-0.28655,-4.27133,53.29437,8.29923,8.36383,17.99527,18.63604
1905.84570,-0.22150,-4.25981,53.23603,8.35042,8.32131,17.99527,18.56904
1905.85570,-0.24343,-4.23915,53.30637,8.35823,8.38383,17.99527,18.56904
1905.86570,-0.24332,-4.23880,53.30672,8.35873,8.38425,17.99508,18.56866
1905.87570,-0.23323,-4.20499,53.33946,8.40685,8.42552,17.97557,18.53152
1905.88570,-0.32480,-4.25116,53.15037,8.27023,8.39483,17.90627,18.57904
1905.89570,-0.32480,-4.25116,53.15037,8.27023,8.39483,17.90627,18.57904
1905.90570,-0.28074,-4.25150,53.28642,8.33041,8.37652,17.96731,18.61218
1905.91570,-0.27430,-4.25155,53.30637,8.33923,8.37383,17.97627,18.61704
1905.92570,-0.23326,-4.24679,53.23764,8.35576,8.34686,17.97627,18.55875
1905.93570,-0.25803,-4.24929,53.33810,8.35823,8.37008,17.99296,18.61683
1905.94570,-0.26229,-4.24973,53.35337,8.35823,8.37383,17.99527,18.62604
1905.95570,-0.26863,-4.25923,53.37097,8.34151,8.37383,18.01287,18.64276
1905.96570,-0.25581,-4.27930,53.26964,8.30485,8.33187,18.01527,18.61765
1905.97570,-0.24597,-4.29278,53.19537,8.28023,8.30183,18.01527,18.59804
1905.98570,-0.24608,-4.27928,53.24007,8.30978,8.31774,18.00769,18.60486
1905.99570,-0.24611,-4.27497,53.25437,8.31923,8.32283,18.00527,18.60704
1906.00570,-0.26624,-4.27921,53.24748,8.31349,8.31651,17.98285,18.63463
1906.01570,-0.30073,-4.25203,53.26568,8.30923,8.38995,17.95367,18.61283
1906.02570,-0.31223,-4.23423,53.27937,8.30923,8.43583,17.94627,18.58804
1906.03570,-0.30443,-4.23016,53.24706,8.33458,8.40985,17.91458,18.58804
1906.04570,-0.31529,-4.23050,53.22837,8.33033,8.40743,17.89627,18.59434
1906.05570,-0.32432,-4.23208,53.22837,8.31923,8.41483,17.89627,18.59804
1906.06570,-0.27567,-4.23997,53.22081,8.34380,8.36947,17.92777,18.57977
1906.07570,-0.24710,-4.24460,53.21637,8.35823,8.34283,17.94627,18.56904
1906.08570,-0.25920,-4.24065,53.18697,8.35823,8.34283,17.91687,18.56904
1906.09570,-0.29514,-4.23605,53.16990,8.33801,8.36842,17.88452,18.57894
1906.10570,-0.36884,-4.23938,53.26037,8.26023,8.46683,17.91627,18.61704
1906.11570,-0.30960,-4.24031,53.24472,8.30013,8.41986,17.94152,18.58320
1906.12570,-0.26936,-4.24169,53.23291,8.34428,8.36878,17.94102,18.57882
1906.13570,-0.28686,-4.24215,53.23637,8.34923,8.36383,17.91627,18.60704
1906.14570,-0.30833,-4.24017,53.32037,8.34923,8.39483,17.93127,18.64504
1906.15570,-0.32974,-4.23820,53.40437,8.34923,8.42583,17.94627,18.68304
1906.16570,-0.32974,-4.23820,53.40437,8.34923,8.42583,17.94627,18.68304
1906.17570,-0.28373,-4.25906,53.33543,8.34923,8.35538,17.96899,18.66183
1906.18570,-0.30736,-4.26486,53.24117,8.28159,8.37995,17.96107,18.61856
1906.19570,-0.31950,-4.26458,53.21837,8.26023,8.39483,17.95627,18.60704
1906.20570,-0.28981,-4.23643,53.21762,8.34150,8.37903,17.91112,18.58597
1906.21570,-0.30066,-4.25445,53.13337,8.31648,8.33558,17.88127,18.60004
1906.22570,-0.31191,-4.25689,53.17022,8.31687,8.34106,17.88523,18.62706
1906.23570,-0.32213,-4.24130,53.32237,8.35823,8.38383,17.90627,18.67404
1906.24570,-0.31331,-4.23264,53.31596,8.36850,8.39179,17.90370,18.65197
1906.25570,-0.29069,-4.21045,53.29951,8.39481,8.41218,17.89712,18.59540
1906.26570,-0.29205,-4.20277,53.32837,8.39823,8.43583,17.90627,18.58804
1906.27570,-0.28683,-4.20846,53.34614,8.39051,8.43583,17.92918,18.59061
1906.28570,-0.27836,-4.22019,53.36412,8.35848,8.44608,17.98052,18.57904
1906.29570,-0.29809,-4.20610,53.26437,8.32923,8.47683,17.93627,18.52204
1906.30570,-0.29185,-4.20914,53.25867,8.33410,8.46307,17.93627,18.52523
1906.31570,-0.26686,-4.22129,53.23585,8.35356,8.40804,17.93627,18.53798
1906.32570,-0.26470,-4.22829,53.23330,8.35152,8.39294,17.93971,18.54913
1906.33570,-0.27945,-4.24399,53.24456,8.32569,8.38565,17.95296,18.58026
1906.34570,-0.33711,-4.23203,53.19937,8.29923,8.42583,17.88627,18.58804
1906.35570,-0.32916,-4.23021,53.20594,8.30829,8.42308,17.89021,18.58436
1906.36570,-0.27978,-4.21905,53.26005,8.36823,8.40622,17.91765,18.56794
1906.37570,-0.29937,-4.22430,53.32637,8.36823,8.41483,17.92627,18.61704
1906.38570,-0.30167,-4.22016,53.32949,8.36953,8.42419,17.92367,18.61210
1906.39570,-0.31709,-4.19249,53.35037,8.37823,8.48683,17.90627,18.57904
1906.40570,-0.31727,-4.19514,53.34817,8.37485,8.48332,17.90834,18.58166
1906.41570,-0.31878,-4.21722,53.32978,8.34669,8.45401,17.92558,18.60350
1906.42570,-0.27982,-4.22121,53.33837,8.36823,8.42583,17.95627,18.58804
1906.43570,-0.27953,-4.22126,53.33865,8.36843,8.42562,17.95656,18.58804
1906.44570,-0.25163,-4.22550,53.36550,8.38775,8.40483,17.98488,18.58804
1906.45570,-0.28745,-4.23453,53.27837,8.33923,8.40483,17.94627,18.58804
1906.46570,-0.28737,-4.23447,53.27829,8.33918,8.40500,17.94637,18.58774
1906.47570,-0.27971,-4.22861,53.26987,8.33392,8.42131,17.95690,18.55774
1906.48570,-0.27281,-4.22340,53.26176,8.33009,8.43476,17.96522,18.53170
1906.49570,-0.26837,-4.22414,53.23133,8.37269,8.38084,17.91305,18.56474
1906.50570,-0.27913,-4.24657,53.23737,8.33923,8.36383,17.93627,18.59804
1906.51570,-0.27913,-4.24657,53.23737,8.33923,8.36383,17.93627,18.59804
1906.52570,-0.27881,-4.24455,53.22239,8.33783,8.36523,17.93067,18.58866
1906.53570,-0.27421,-4.23533,53.14931,8.32446,8.37717,17.91361,18.53406
1906.54570,-0.26036,-4.25203,53.24937,8.29923,8.39483,18.00527,18.55004
1906.55570,-0.27242,-4.24775,53.26273,8.31344,8.39483,17.98282,18.57163
1906.56570,-0.30278,-4.23695,53.29637,8.34923,8.39483,17.92627,18.62604
1906.57570,-0.29642,-4.24979,53.26001,8.33913,8.36352,17.92627,18.63109
1906.58570,-0.28375,-4.26162,53.16191,8.32923,8.31507,17.90335,18.61426
1906.59570,-0.27895,-4.26104,53.11537,8.32923,8.30183,17.88627,18.59804
1906.60570,-0.30109,-4.25317,53.18734,8.29211,8.37986,17.93172,18.58365
1906.61570,-0.30977,-4.25397,53.30537,8.30987,8.39723,17.96147,18.63680
1906.62570,-0.31028,-4.25501,53.33537,8.31923,8.39483,17.96627,18.65504
1906.63570,-0.30315,-4.25377,53.30582,8.33082,8.37687,17.94888,18.64924
1906.64570,-0.29798,-4.25288,53.28437,8.33923,8.36383,17.93627,18.64504
1906.65570,-0.28577,-4.24361,53.31776,8.34553,8.38966,17.96147,18.62110
1906.66570,-0.27725,-4.24401,53.34149,8.33276,8.40895,17.99644,18.60333
1906.67570,-0.27530,-4.25234,53.34737,8.30923,8.41483,18.02527,18.59804
1906.68570,-0.26870,-4.24595,53.33855,8.32981,8.40643,18.00847,18.59384
1906.69570,-0.26795,-4.23877,53.32679,8.34606,8.40329,17.98733,18.59010
1906.70570,-0.30017,-4.24509,53.32837,8.29923,8.43583,17.99527,18.59804
1906.71570,-0.30317,-4.23000,53.40687,8.34873,8.44633,17.98077,18.63104
1906.72570,-0.30617,-4.21494,53.48537,8.39823,8.45683,17.96627,18.66404
1906.73570,-0.29811,-4.22205,53.43214,8.38606,8.43558,17.96214,18.64836
1906.74570,-0.28044,-4.25192,53.31005,8.32933,8.38403,17.98043,18.61626
1906.75570,-0.29412,-4.25436,53.39437,8.31923,8.41483,18.01527,18.64504
1906.76570,-0.29403,-4.25716,53.36104,8.31923,8.39783,17.99893,18.64504
1906.77570,-0.29386,-4.26278,53.29437,8.31923,8.36383,17.96627,18.64504
1906.78570,-0.29364,-4.25103,53.33437,8.33923,8.38383,17.96627,18.64504
1906.79570,-0.28874,-4.24802,53.32146,8.34552,8.38052,17.95964,18.63577
1906.80570,-0.27892,-4.24201,53.29563,8.35811,8.37390,17.94640,18.61723
1906.81570,-0.29590,-4.25776,53.26450,8.32535,8.36007,17.94291,18.63617
1906.82570,-0.32974,-4.28884,53.20171,8.25992,8.33333,17.93579,18.67267
1906.83570,-0.32838,-4.27035,53.09837,8.24023,8.36383,17.90627,18.58804
1906.84570,-0.33838,-4.27989,53.10863,8.22921,8.35585,17.91007,18.61350
1906.85570,-0.31772,-4.28106,53.22379,8.26367,8.35461,17.95769,18.64782
1906.86570,-0.25768,-4.25772,53.38437,8.34923,8.37383,18.02527,18.63604
1906.87570,-0.28515,-4.25654,53.37677,8.33403,8.38941,18.00285,18.65048
1906.88570,-0.32999,-4.25462,53.36437,8.30923,8.41483,17.96627,18.67404
1906.89570,-0.33141,-4.26107,53.34771,8.30131,8.40244,17.96423,18.67973
1906.90570,-0.33516,-4.27807,53.30386,8.28045,8.36982,17.95889,18.69470
1906.91570,-0.33881,-4.27556,53.36815,8.29863,8.37759,17.96786,18.72406
1906.92570,-0.34011,-4.26771,53.43037,8.31923,8.39483,17.97627,18.74004
1906.93570,-0.33258,-4.27234,53.46227,8.32785,8.38535,17.99265,18.75642
1906.94570,-0.33150,-4.27298,53.46713,8.32910,8.38411,17.99513,18.75879
1906.95570,-0.34646,-4.27361,53.42337,8.30389,8.39417,17.98033,18.74498
1906.96570,-0.36376,-4.29535,53.34937,8.26023,8.36383,17.96627,18.75904
1906.97570,-0.36530,-4.28770,53.33287,8.26523,8.37158,17.95127,18.74479
1906.98570,-0.37297,-4.26439,53.25351,8.27352,8.39299,17.89452,18.69248
1906.99570,-0.38530,-4.26303,53.13404,8.24668,8.38561,17.84754,18.65422
1907.00570,-0.38944,-4.25551,53.14871,8.25507,8.39933,17.84127,18.65304
1907.01570,-0.39413,-4.22686,53.32204,8.31440,8.46133,17.86127,18.68504
1907.02570,-0.39719,-4.21837,53.35159,8.32403,8.48086,17.86237,18.68433
1907.03570,-0.39734,-4.20622,53.26470,8.30470,8.50120,17.83887,18.61993
1907.04570,-0.31332,-4.18573,53.30037,8.40823,8.45683,17.85627,18.57904
1907.05570,-0.32051,-4.18888,53.30804,8.39666,8.46346,17.86277,18.58515
1907.06570,-0.37443,-4.20726,53.37408,8.31923,8.51873,17.90627,18.62985
1907.07570,-0.41314,-4.18961,53.47137,8.31923,8.59083,17.90627,18.65504
1907.08570,-0.41013,-4.19089,53.45855,8.31665,8.58636,17.90627,18.64927
1907.09570,-0.38698,-4.20076,53.35987,8.29678,8.55192,17.90627,18.60490
1907.10570,-0.37816,-4.20452,53.32237,8.28923,8.53883,17.90627,18.58804
1907.11570,-0.34416,-4.20905,53.27199,8.29777,8.50382,17.91481,18.55559
1907.12570,-0.38753,-4.21587,53.22734,8.26496,8.50662,17.87233,18.58343
1907.13570,-0.39433,-4.21671,53.22237,8.26023,8.50783,17.86627,18.58804
1907.14570,-0.32023,-4.22837,53.29937,8.31923,8.44583,17.93627,18.59804
1907.15570,-0.33995,-4.24039,53.32837,8.28923,8.45683,17.95627,18.62604
1907.16570,-0.33995,-4.24039,53.32837,8.28923,8.45683,17.95627,18.62604
1907.17570,-0.31605,-4.21986,53.42738,8.33874,8.48654,17.98498,18.61713
1907.18570,-0.31600,-4.22007,53.42608,8.33865,8.48571,17.98448,18.61723
1907.19570,-0.33510,-4.26206,53.19637,8.28023,8.37383,17.90627,18.63604
1907.20570,-0.30321,-4.25227,53.31704,8.30623,8.40850,17.97893,18.62337
1907.21570,-0.28732,-4.24739,53.37737,8.31923,8.42583,18.01527,18.61704
1907.22570,-0.27401,-4.23845,53.39761,8.31923,8.45311,18.04167,18.58360
1907.23570,-0.30173,-4.28776,53.29930,8.25040,8.37580,18.02784,18.64526
1907.24570,-0.30610,-4.29524,53.28437,8.24023,8.36383,18.02527,18.65504
1907.25570,-0.30610,-4.29524,53.28437,8.24023,8.36383,18.02527,18.65504
1907.26570,-0.26079,-4.28890,53.49337,8.28923,8.39483,18.13527,18.67404
1907.27570,-0.26041,-4.29411,53.45452,8.28923,8.37049,18.11654,18.67825
1907.28570,-0.25998,-4.30005,53.41037,8.28923,8.34283,18.09527,18.68304
1907.29570,-0.27792,-4.28899,53.23437,8.27023,8.33283,18.00527,18.62604
1907.30570,-0.27799,-4.28311,53.24919,8.28101,8.34043,18.00172,18.62604
1907.31570,-0.27853,-4.23513,53.38323,8.37069,8.40491,17.97753,18.63010
1907.32570,-0.27869,-4.19908,53.55437,8.44723,8.46683,17.98527,18.65504
1907.33570,-0.27699,-4.21401,53.48994,8.40243,8.45626,18.00037,18.63088
1907.34570,-0.27530,-4.22877,53.42637,8.35823,8.44583,18.01527,18.60704
1907.35570,-0.25668,-4.24492,53.45461,8.35172,8.42339,18.05871,18.62080
1907.36570,-0.28123,-4.25314,53.35973,8.31123,8.41483,18.02207,18.61160
1907.37570,-0.29125,-4.25380,53.32637,8.29923,8.41483,18.00527,18.60704
1907.38570,-0.28653,-4.26584,53.33487,8.29423,8.39433,18.02027,18.62604
1907.39570,-0.28182,-4.27788,53.34337,8.28923,8.37383,18.03527,18.64504
1907.40570,-0.27579,-4.28825,53.31549,8.30191,8.32821,18.01626,18.66912
1907.41570,-0.28424,-4.26876,53.31638,8.30923,8.36672,17.99897,18.64146
1907.42570,-0.29125,-4.25380,53.32637,8.30923,8.40483,17.99527,18.61704
1907.43570,-0.27822,-4.24461,53.35679,8.34662,8.39850,17.98893,18.62274
1907.44570,-0.26638,-4.26564,53.32821,8.35638,8.33059,17.97965,18.66159
1907.45570,-0.26377,-4.28154,53.30037,8.34923,8.29183,17.97627,18.68304
1907.46570,-0.26913,-4.26082,53.21065,8.32378,8.33765,17.95081,18.59840
1907.47570,-0.27221,-4.24894,53.15937,8.30923,8.36383,17.93627,18.55004
1907.48570,-0.27250,-4.26855,53.16853,8.30507,8.32514,17.94459,18.59373
1907.49570,-0.27492,-4.28487,53.19891,8.30955,8.29209,17.95214,18.64514
1907.50570,-0.28263,-4.24190,53.26637,8.34923,8.37383,17.93627,18.60704
1907.51570,-0.26565,-4.24966,53.30464,8.36403,8.35291,17.96127,18.62643
1907.52570,-0.25640,-4.25958,53.29804,8.34815,8.34354,17.98527,18.62108
1907.53570,-0.26317,-4.26196,53.25637,8.31923,8.35383,17.98527,18.59804
1907.54570,-0.26317,-4.26196,53.25637,8.31923,8.35383,17.98527,18.59804
1907.55570,-0.28192,-4.26666,53.32337,8.32923,8.35383,17.98527,18.65504
1907.56570,-0.29173,-4.26166,53.36832,8.33428,8.37454,17.99032,18.66918
1907.57570,-0.28319,-4.26487,53.35683,8.33923,8.35848,17.99022,18.66890
1907.58570,-0.26538,-4.27283,53.30237,8.33923,8.32283,17.98527,18.65504
1907.59570,-0.26185,-4.26189,53.27318,8.35232,8.32619,17.96211,18.63256
1907.60570,-0.25499,-4.24041,53.21518,8.37764,8.33283,17.91657,18.58814
1907.61570,-0.27080,-4.26291,53.19637,8.31923,8.33283,17.94627,18.59804
1907.62570,-0.27962,-4.25931,53.22396,8.32062,8.34850,17.94765,18.60719
1907.63570,-0.33426,-4.23699,53.39537,8.32923,8.44583,17.95627,18.66404
1907.64570,-0.32271,-4.24562,53.37612,8.33898,8.40983,17.95127,18.67604
1907.65570,-0.29090,-4.25746,53.32039,8.37328,8.33037,17.92869,18.68805
1907.66570,-0.29937,-4.21575,53.32637,8.38823,8.41483,17.90627,18.61704
1907.67570,-0.29834,-4.21871,53.31252,8.37980,8.41198,17.90912,18.61161
1907.68570,-0.29424,-4.23056,53.25709,8.34609,8.40055,17.92055,18.58990
1907.69570,-0.27901,-4.22565,53.33637,8.37823,8.40483,17.94627,18.60704
1907.70570,-0.27733,-4.22524,53.33775,8.38099,8.40345,17.94627,18.60704
1907.71570,-0.26679,-4.22272,53.34637,8.39823,8.39483,17.94627,18.60704
1907.72570,-0.27435,-4.22054,53.33917,8.39308,8.40281,17.93854,18.60472
1907.73570,-0.30248,-4.21837,53.31543,8.36767,8.42583,17.91760,18.60432
1907.74570,-0.32774,-4.23485,53.30367,8.32543,8.42583,17.92295,18.62946
1907.75570,-0.34341,-4.24508,53.29637,8.29923,8.42583,17.92627,18.64504
1907.76570,-0.32404,-4.24404,53.30118,8.31234,8.41666,17.93937,18.63281
1907.77570,-0.28240,-4.25340,53.25406,8.32923,8.36311,17.95047,18.61124
1907.78570,-0.26183,-4.24881,53.25068,8.35321,8.34879,17.95013,18.59854
1907.79570,-0.28533,-4.22285,53.29337,8.31923,8.45683,17.97627,18.54104
1907.80570,-0.29007,-4.22338,53.32574,8.32690,8.45813,17.97874,18.56197
1907.81570,-0.32037,-4.22923,53.49797,8.36935,8.45615,17.98381,18.68865
1907.82570,-0.31189,-4.24548,53.19737,8.30923,8.38383,17.90627,18.59804
1907.83570,-0.31018,-4.24456,53.20188,8.31097,8.38565,17.90887,18.59639
1907.84570,-0.29696,-4.23751,53.23655,8.32430,8.39965,17.92887,18.58373
1907.85570,-0.29207,-4.23491,53.24937,8.32923,8.40483,17.93627,18.57904
1907.86570,-0.29385,-4.20222,53.23492,8.34952,8.45632,17.90666,18.52242
1907.87570,-0.26017,-4.21932,53.28937,8.37823,8.40483,17.94627,18.56004
1907.88570,-0.26017,-4.21932,53.28937,8.37823,8.40483,17.94627,18.56004
1907.89570,-0.25319,-4.21826,53.21804,8.36490,8.39817,17.93293,18.52204
1907.90570,-0.27222,-4.22733,53.20737,8.31872,8.41983,17.95046,18.51836
1907.91570,-0.27763,-4.22963,53.21337,8.30923,8.42583,17.95627,18.52204
1907.92570,-0.26016,-4.18369,53.34449,8.41307,8.47071,17.93867,18.52204
1907.93570,-0.25778,-4.17744,53.36237,8.42723,8.47683,17.93627,18.52204
1907.94570,-0.24995,-4.20725,53.36062,8.38417,8.44959,17.98812,18.53874
1907.95570,-0.27813,-4.20547,53.29437,8.33511,8.48191,17.96975,18.50760
1907.96570,-0.28213,-4.20466,53.28537,8.32923,8.48683,17.96627,18.50304
1907.97570,-0.29547,-4.17533,53.45785,8.40667,8.53259,17.95747,18.56112
1907.98570,-0.28129,-4.15673,53.37072,8.43466,8.52054,17.90399,18.51154
1907.99570,-0.27892,-4.15457,53.35437,8.43723,8.51783,17.89627,18.50304
1908.00570,-0.29050,-4.14843,53.35484,8.43723,8.53234,17.88222,18.50304
1908.01570,-0.30367,-4.14146,53.35537,8.43723,8.54883,17.86627,18.50304
1908.02570,-0.30367,-4.14146,53.35537,8.43723,8.54883,17.86627,18.50304
1908.03570,-0.33695,-4.11803,53.37636,8.42723,8.62037,17.84558,18.48318
1908.04570,-0.31513,-4.11145,53.20137,8.42723,8.57983,17.78627,18.40804
1908.05570,-0.31001,-4.10358,53.23636,8.45679,8.57983,17.78023,18.41950
1908.06570,-0.30553,-4.12505,53.24287,8.44698,8.54158,17.79877,18.45554
1908.07570,-0.30515,-4.13393,53.23737,8.43723,8.52883,17.80627,18.46504
1908.08570,-0.31308,-4.12580,53.39412,8.45223,8.58283,17.85877,18.50029
1908.09570,-0.31571,-4.12310,53.44637,8.45723,8.60083,17.87627,18.51204
1908.10570,-0.31428,-4.12059,53.41215,8.45723,8.59580,17.86117,18.49795
1908.11570,-0.34241,-4.12781,53.38869,8.43382,8.59480,17.83833,18.52174
1908.12570,-0.38731,-4.14257,53.40437,8.39823,8.60083,17.82627,18.57904
1908.13570,-0.39500,-4.13332,53.43524,8.41020,8.62036,17.81997,18.58471
1908.14570,-0.34235,-4.12453,53.42281,8.46027,8.58692,17.82874,18.54687
1908.15570,-0.30785,-4.12250,53.40437,8.48623,8.55983,17.83627,18.52204
1908.16570,-0.31734,-4.12477,53.31691,8.45911,8.55374,17.80859,18.49547
1908.17570,-0.32503,-4.12660,53.24637,8.43723,8.54883,17.78627,18.47404
1908.18570,-0.30878,-4.09746,53.25093,8.45945,8.59612,17.78627,18.40909
1908.19570,-0.33676,-4.10689,53.26747,8.44567,8.59316,17.77379,18.45485
1908.20570,-0.36102,-4.12585,53.27537,8.42723,8.56983,17.76627,18.51204
1908.21570,-0.36431,-4.13579,53.26008,8.39499,8.57397,17.78693,18.50419
1908.22570,-0.36899,-4.14992,53.23837,8.34923,8.57983,17.81627,18.49304
1908.23570,-0.37201,-4.15292,53.30654,8.36388,8.57983,17.83142,18.53142
1908.24570,-0.37528,-4.15501,53.38437,8.37323,8.59033,17.85627,18.56454
1908.25570,-0.37561,-4.15415,53.39537,8.36823,8.60083,17.86627,18.56004
1908.26570,-0.37338,-4.15925,53.37062,8.35883,8.59044,17.86627,18.55509
1908.27570,-0.37005,-4.16537,53.34274,8.34266,8.58345,17.87284,18.54379
1908.28570,-0.36790,-4.16722,53.33737,8.32923,8.59083,17.88627,18.53104
1908.29570,-0.37474,-4.17535,53.36460,8.33418,8.57549,17.88627,18.56866
1908.30570,-0.38172,-4.18364,53.39237,8.33923,8.55983,17.88627,18.60704
1908.31570,-0.36541,-4.19364,53.35147,8.33418,8.52853,17.89132,18.59745
1908.32570,-0.31588,-4.19051,53.33613,8.37280,8.49239,17.90617,18.56477
1908.33570,-0.28172,-4.17731,53.36137,8.41723,8.48683,17.91627,18.54104
1908.34570,-0.28504,-4.17473,53.37020,8.41483,8.49806,17.91894,18.53837
1908.35570,-0.29167,-4.16959,53.38784,8.41001,8.52052,17.92429,18.53302
1908.36570,-0.34728,-4.17526,53.31121,8.37106,8.52190,17.85697,18.56128
1908.37570,-0.37858,-4.17972,53.26237,8.34923,8.51783,17.81627,18.57904
1908.38570,-0.30945,-4.19029,53.28048,8.35699,8.49111,17.90247,18.52990
1908.39570,-0.29851,-4.19223,53.28346,8.35802,8.48649,17.91638,18.52257
1908.40570,-0.31469,-4.21304,53.31782,8.33776,8.46895,17.93365,18.57746
1908.41570,-0.34796,-4.20738,53.47037,8.32923,8.53883,17.97627,18.62604
1908.42570,-0.34796,-4.20738,53.47037,8.32923,8.53883,17.97627,18.62604
1908.43570,-0.33274,-4.19556,53.29399,8.33923,8.50082,17.89822,18.55572
1908.44570,-0.32443,-4.20413,53.41137,8.33923,8.51783,17.96627,18.58804
1908.45570,-0.32506,-4.20161,53.37636,8.33408,8.51783,17.95340,18.57105
1908.46570,-0.32688,-4.19432,53.27537,8.31923,8.51783,17.91627,18.52204
1908.47570,-0.33171,-4.19331,53.26712,8.32673,8.51008,17.89877,18.53154
1908.48570,-0.32921,-4.19054,53.26087,8.34923,8.49208,17.87627,18.54329
1908.49570,-0.27831,-4.19131,53.31637,8.34923,8.50783,17.96627,18.49304
1908.50570,-0.27831,-4.19131,53.31637,8.34923,8.50783,17.96627,18.49304
1908.51570,-0.31247,-4.17359,53.29824,8.36695,8.52581,17.89755,18.50793
1908.52570,-0.34730,-4.16604,53.38537,8.35823,8.57983,17.90627,18.54104
1908.53570,-0.34316,-4.16583,53.38086,8.35919,8.57791,17.90819,18.53557
1908.54570,-0.30866,-4.16415,53.34326,8.36719,8.56191,17.92419,18.48997
1908.55570,-0.30417,-4.16394,53.33837,8.36823,8.55983,17.92627,18.48404
1908.56570,-0.26540,-4.14871,53.47609,8.45278,8.55469,17.95749,18.51112
1908.57570,-0.31272,-4.19865,53.40237,8.34923,8.51783,17.96627,18.56904
1908.58570,-0.31272,-4.19865,53.40237,8.34923,8.51783,17.96627,18.56904
1908.59570,-0.23527,-4.15706,53.40737,8.43723,8.52883,17.97627,18.46504
1908.60570,-0.28422,-4.15688,53.34937,8.38823,8.55983,17.93627,18.46504
1908.61570,-0.28422,-4.15688,53.34937,8.38823,8.55983,17.93627,18.46504
1908.62570,-0.29624,-4.13548,53.37737,8.42723,8.57983,17.89627,18.47404
1908.63570,-0.29624,-4.13548,53.37737,8.42723,8.57983,17.89627,18.47404
1908.64570,-0.24267,-4.13240,53.32160,8.46569,8.53079,17.89627,18.42885
1908.65570,-0.24525,-4.12766,53.35137,8.44723,8.56983,17.92627,18.40804
1908.66570,-0.24525,-4.12766,53.35137,8.44723,8.56983,17.92627,18.40804
1908.67570,-0.26426,-4.12704,53.39879,8.43933,8.59433,17.93417,18.43096
1908.68570,-0.26930,-4.12687,53.41137,8.43723,8.60083,17.93627,18.43704
1908.69570,-0.23914,-4.14972,53.51434,8.45704,8.56024,18.00458,18.49249
1908.70570,-0.21086,-4.15303,53.43221,8.44403,8.53937,18.01187,18.43694
1908.71570,-0.19642,-4.15462,53.38937,8.43723,8.52883,18.01527,18.40804
1908.72570,-0.22881,-4.13300,53.36910,8.44447,8.56576,17.95806,18.40080
1908.73570,-0.26257,-4.12555,53.36957,8.42488,8.60293,17.93627,18.40549
1908.74570,-0.26990,-4.12583,53.37237,8.41723,8.61083,17.93627,18.40804
1908.75570,-0.26143,-4.12922,53.38354,8.42521,8.59847,17.94425,18.41562
1908.76570,-0.25015,-4.13375,53.39844,8.43585,8.58198,17.95488,18.42573
1908.77570,-0.27280,-4.13267,53.36888,8.40729,8.60363,17.94091,18.41704
1908.78570,-0.26889,-4.13611,53.36013,8.42739,8.57271,17.92132,18.43872
1908.79570,-0.26469,-4.13730,53.35937,8.43723,8.55983,17.91627,18.44604
1908.80570,-0.26475,-4.14617,53.34815,8.41291,8.55983,17.93498,18.44043
1908.81570,-0.28125,-4.15082,53.30967,8.41162,8.53799,17.89695,18.46311
1908.82570,-0.28816,-4.15053,53.29637,8.41723,8.52883,17.87627,18.47404
1908.83570,-0.26609,-4.14175,53.32923,8.43583,8.54123,17.90107,18.45110
1908.84570,-0.24662,-4.14117,53.38471,8.45963,8.53643,17.92867,18.45998
1908.85570,-0.24298,-4.14412,53.40637,8.46723,8.52883,17.93627,18.47404
1908.86570,-0.24309,-4.15425,53.38157,8.44243,8.52201,17.94867,18.46846
1908.87570,-0.24316,-4.16047,53.36637,8.42723,8.51783,17.95627,18.46504
1908.88570,-0.24807,-4.15960,53.40744,8.42517,8.53496,17.97257,18.47474
1908.89570,-0.28433,-4.16107,53.51887,8.41723,8.57483,17.99077,18.53604
1908.90570,-0.30179,-4.16587,53.47237,8.41723,8.54883,17.94627,18.56004
1908.91570,-0.33152,-4.17244,53.47687,8.38773,8.56433,17.94127,18.58354
1908.92570,-0.36254,-4.16637,53.38660,8.37028,8.56738,17.87603,18.57291
1908.93570,-0.36447,-4.14744,53.24537,8.38823,8.54883,17.78627,18.52204
1908.94570,-0.34318,-4.15974,53.21611,8.36961,8.52945,17.81667,18.50038
1908.95570,-0.30840,-4.17982,53.16837,8.33923,8.49783,17.86627,18.46504
1908.96570,-0.30879,-4.17162,53.15357,8.35366,8.49783,17.84407,18.45801
1908.97570,-0.31563,-4.16792,53.20385,8.37083,8.50523,17.84327,18.48452
1908.98570,-0.32613,-4.18535,53.33237,8.35823,8.51783,17.90627,18.55004
1908.99570,-0.32613,-4.18535,53.33237,8.35823,8.51783,17.90627,18.55004
1909.00570,-0.35402,-4.17556,53.42234,8.35823,8.56924,17.91615,18.57871
1909.01570,-0.33799,-4.17887,53.38237,8.37823,8.52883,17.89627,18.57904
1909.02570,-0.34735,-4.17324,53.42485,8.38999,8.54371,17.89387,18.59728
1909.03570,-0.37689,-4.15548,53.55937,8.42723,8.59083,17.88627,18.65504
1909.04570,-0.37689,-4.15548,53.55937,8.42723,8.59083,17.88627,18.65504
1909.05570,-0.37129,-4.14420,53.53662,8.40548,8.63183,17.90377,18.59554
1909.06570,-0.30076,-4.15822,53.51037,8.45723,8.53883,17.92627,18.58804
1909.07570,-0.30523,-4.15748,53.50529,8.45189,8.54431,17.92359,18.58550
1909.08570,-0.32310,-4.15450,53.48497,8.43050,8.56624,17.91290,18.57534
1909.09570,-0.33923,-4.14784,53.42219,8.40969,8.58269,17.88287,18.54694
1909.10570,-0.34619,-4.13644,53.29175,8.38962,8.58791,17.83017,18.48404
1909.11570,-0.31745,-4.14543,53.33934,8.39497,8.57668,17.88365,18.48404
1909.12570,-0.29994,-4.15091,53.36837,8.39823,8.56983,17.91627,18.48404
1909.13570,-0.29980,-4.14123,53.35687,8.42773,8.55933,17.88127,18.48854
1909.14570,-0.28786,-4.14590,53.34272,8.46385,8.50778,17.85289,18.51820
1909.15570,-0.28587,-4.15266,53.34173,8.46243,8.49307,17.85627,18.52996
1909.16570,-0.31550,-4.14851,53.34437,8.42723,8.53883,17.85627,18.52204
1909.17570,-0.31606,-4.14788,53.34845,8.42375,8.54507,17.86107,18.51856
1909.18570,-0.32200,-4.14238,53.38117,8.40215,8.58995,17.89147,18.49760
1909.19570,-0.33726,-4.13474,53.40451,8.43482,8.58262,17.85147,18.53560
1909.20570,-0.34256,-4.13157,53.41291,8.44782,8.57973,17.83607,18.54929
1909.21570,-0.29265,-4.10450,53.36637,8.50623,8.56983,17.81627,18.47404
1909.22570,-0.29385,-4.09594,53.36937,8.49623,8.60083,17.82627,18.44604
1909.23570,-0.29385,-4.09594,53.36937,8.49623,8.60083,17.82627,18.44604
1909.24570,-0.35728,-4.09553,53.46937,8.45723,8.67283,17.83627,18.50304
1909.25570,-0.35728,-4.09553,53.46937,8.45723,8.67283,17.83627,18.50304
1909.26570,-0.33317,-4.11592,53.26382,8.42549,8.59109,17.79658,18.45066
1909.27570,-0.33229,-4.12586,53.24138,8.43446,8.55174,17.77765,18.47753
1909.28570,-0.33316,-4.12660,53.24637,8.43723,8.54883,17.77627,18.48404
1909.29570,-0.31860,-4.09606,53.19235,8.43723,8.60285,17.76755,18.38471
1909.30570,-0.30000,-4.09902,53.37331,8.47151,8.61962,17.84536,18.43683
1909.31570,-0.29774,-4.10004,53.39937,8.47623,8.62083,17.85627,18.44604
1909.32570,-0.29518,-4.12327,53.28473,8.43499,8.57110,17.84414,18.43452
1909.33570,-0.29130,-4.13457,53.26969,8.42631,8.54857,17.85017,18.44465
1909.34570,-0.28875,-4.13017,53.33837,8.44723,8.55983,17.86627,18.46504
1909.35570,-0.27787,-4.13337,53.33978,8.43314,8.56688,17.89445,18.44531
1909.36570,-0.27331,-4.13471,53.34037,8.42723,8.56983,17.90627,18.43704
1909.37570,-0.29233,-4.12569,53.27737,8.41273,8.58533,17.86627,18.41304
1909.38570,-0.30026,-4.11778,53.34787,8.41273,8.62633,17.89127,18.41754
1909.39570,-0.28919,-4.11891,53.48137,8.42723,8.65183,17.95627,18.44604
1909.40570,-0.27599,-4.13100,53.34726,8.44595,8.56201,17.88765,18.45165
1909.41570,-0.28396,-4.15937,53.34511,8.42685,8.51403,17.89587,18.50836
1909.42570,-0.29372,-4.17224,53.39337,8.40823,8.51783,17.92627,18.54104
1909.43570,-0.26148,-4.16530,53.49750,8.44459,8.53077,17.98111,18.54104
1909.44570,-0.24146,-4.16099,53.56237,8.46723,8.53883,18.01527,18.54104
1909.45570,-0.24146,-4.16099,53.56237,8.46723,8.53883,18.01527,18.54104
1909.46570,-0.28056,-4.16261,53.48015,8.43733,8.53883,17.95622,18.54777
1909.47570,-0.23756,-4.17495,53.53686,8.46172,8.50349,18.01299,18.55866
1909.48570,-0.22858,-4.17683,53.55037,8.46723,8.49783,18.02527,18.56004
1909.49570,-0.26616,-4.19300,53.34853,8.33847,8.52480,18.00787,18.47739
1909.50570,-0.24199,-4.20426,53.34795,8.37056,8.46619,18.00527,18.50593
1909.51570,-0.23754,-4.20558,53.35237,8.37823,8.45683,18.00527,18.51204
1909.52570,-0.25534,-4.18597,53.43234,8.39581,8.51044,18.00527,18.52083
1909.53570,-0.25766,-4.18495,53.40133,8.39823,8.50059,17.98466,18.51784
1909.54570,-0.25654,-4.17291,53.33014,8.41244,8.49202,17.93667,18.48901
1909.55570,-0.25557,-4.15796,53.31637,8.42723,8.50783,17.91627,18.46504
1909.56570,-0.24265,-4.16143,53.34109,8.43292,8.50187,17.93871,18.46760
1909.57570,-0.21015,-4.17018,53.40337,8.44723,8.48683,17.99527,18.47404
1909.58570,-0.22441,-4.18409,53.40226,8.42540,8.47573,17.99897,18.50216
1909.59570,-0.23561,-4.20210,53.40518,8.39563,8.46423,18.01637,18.52895
1909.60570,-0.21335,-4.19245,53.41337,8.40823,8.47683,18.03527,18.49304
1909.61570,-0.22158,-4.19672,53.45555,8.41526,8.47313,18.03897,18.52819
1909.62570,-0.23777,-4.20313,53.49851,8.42255,8.46437,18.03293,18.57867
1909.63570,-0.24379,-4.20088,53.42051,8.40988,8.45770,17.99960,18.55333
1909.64570,-0.23797,-4.20029,53.38389,8.40328,8.45411,17.99527,18.53123
1909.65570,-0.21786,-4.19939,53.30337,8.38823,8.44583,17.99527,18.47404
1909.66570,-0.21786,-4.19939,53.30337,8.38823,8.44583,17.99527,18.47404
1909.67570,-0.20407,-4.20505,53.31502,8.37823,8.44628,18.02801,18.46249
1909.68570,-0.19809,-4.20013,53.37537,8.37823,8.47683,18.06527,18.45504
1909.69570,-0.19809,-4.20013,53.37537,8.37823,8.47683,18.06527,18.45504
1909.70570,-0.21290,-4.18834,53.30666,8.38411,8.47683,18.00712,18.43860
1909.71570,-0.22195,-4.18989,53.39437,8.39823,8.48683,18.02527,18.48404
1909.72570,-0.22296,-4.19062,53.36815,8.39279,8.48228,18.01649,18.47660
1909.73570,-0.23108,-4.19648,53.15837,8.34923,8.44583,17.94627,18.41704
1909.74570,-0.23191,-4.19705,53.16997,8.35155,8.44583,17.94867,18.42392
1909.75570,-0.23880,-4.20185,53.26664,8.37089,8.44583,17.96867,18.48125
1909.76570,-0.24299,-4.24671,53.30731,8.33985,8.38482,18.01465,18.56799
1909.77570,-0.24302,-4.24741,53.30737,8.33923,8.38383,18.01527,18.56904
1909.78570,-0.22219,-4.28122,53.33637,8.29923,8.35383,18.09527,18.58804
1909.79570,-0.20499,-4.29099,53.37437,8.30923,8.33283,18.12527,18.60704
1909.80570,-0.20499,-4.29099,53.37437,8.30923,8.33283,18.12527,18.60704
1909.81570,-0.22548,-4.29013,53.41698,8.29117,8.36618,18.13916,18.62047
1909.82570,-0.24872,-4.28917,53.46540,8.27064,8.40408,18.15495,18.63573
1909.83570,-0.24239,-4.27655,53.39431,8.31329,8.36880,18.08496,18.62725
1909.84570,-0.18988,-4.28527,53.37915,8.30181,8.35512,18.15368,18.56854
1909.85570,-0.18226,-4.28682,53.37837,8.29923,8.35383,18.16527,18.56004
1909.86570,-0.19241,-4.28890,53.35566,8.29042,8.35070,18.15032,18.56422
1909.87570,-0.23039,-4.29759,53.23417,8.26077,8.32217,18.07307,18.57816
1909.88570,-0.17374,-4.28851,53.25637,8.31923,8.29183,18.09527,18.55004
1909.89570,-0.25526,-4.29873,53.14588,8.21657,8.33620,18.04307,18.55004
1909.90570,-0.26747,-4.30026,53.12937,8.20123,8.34283,18.03527,18.55004
1909.91570,-0.25620,-4.28388,53.25832,8.27007,8.35242,18.04398,18.59186
1909.92570,-0.26373,-4.29026,53.22981,8.26283,8.33585,18.02787,18.60326
1909.93570,-0.27039,-4.29664,53.19537,8.25023,8.32283,18.01527,18.60704
1909.94570,-0.26391,-4.29549,53.28448,8.25766,8.34585,18.05982,18.62115
1909.95570,-0.23535,-4.27830,53.35311,8.30389,8.36123,18.08267,18.60532
1909.96570,-0.22612,-4.27240,53.36637,8.31923,8.36383,18.08527,18.59804
1909.97570,-0.26573,-4.24435,53.45009,8.32671,8.44830,18.07032,18.60477
1909.98570,-0.27908,-4.23489,53.47837,8.32923,8.47683,18.06527,18.60704
1909.99570,-0.27014,-4.23150,53.40537,8.32423,8.46683,18.04527,18.56904
1910.00570,-0.27442,-4.22292,53.29388,8.30733,8.46874,18.00185,18.51596
1910.01570,-0.29459,-4.21503,53.23537,8.28923,8.48683,17.96627,18.49304
1910.02570,-0.28303,-4.21306,53.18143,8.28923,8.47443,17.95387,18.46390
1910.03570,-0.28492,-4.21925,53.12047,8.30163,8.42839,17.90907,18.48138
1910.04570,-0.29043,-4.22379,53.10337,8.30923,8.40483,17.88627,18.50304
1910.05570,-0.27035,-4.20941,53.21584,8.34589,8.43714,17.92976,18.50304
1910.06570,-0.25816,-4.20068,53.28437,8.36823,8.45683,17.95627,18.50304
1910.07570,-0.24989,-4.21655,53.23945,8.34356,8.43026,17.96892,18.49671
1910.08570,-0.24881,-4.22342,53.29199,8.34889,8.42542,17.99088,18.52680
1910.09570,-0.25247,-4.22111,53.36937,8.36823,8.43583,18.00527,18.56004
1910.10570,-0.27366,-4.20645,53.31181,8.35864,8.46159,17.96033,18.53126
1910.11570,-0.30333,-4.20128,53.30787,8.34923,8.48183,17.93127,18.54554
1910.12570,-0.31216,-4.21050,53.36037,8.34923,8.47683,17.94627,18.58804
1910.13570,-0.32353,-4.19297,53.37754,8.35378,8.51874,17.93617,18.56885
1910.14570,-0.33467,-4.17579,53.39437,8.35823,8.55983,17.92627,18.55004
1910.15570,-0.33467,-4.17579,53.39437,8.35823,8.55983,17.92627,18.55004
1910.16570,-0.30920,-4.19788,53.34674,8.36728,8.48402,17.92514,18.57030
1910.17570,-0.31004,-4.19031,53.37537,8.34923,8.52883,17.95627,18.54104
1910.18570,-0.30743,-4.19339,53.35561,8.34489,8.51971,17.95410,18.53691
1910.19570,-0.30053,-4.20152,53.30361,8.33346,8.49571,17.94838,18.52606
1910.20570,-0.31341,-4.19986,53.27177,8.32923,8.49376,17.92107,18.52771
1910.21570,-0.32248,-4.19712,53.26437,8.32923,8.49783,17.90627,18.53104
1910.22570,-0.33680,-4.19063,53.36112,8.33673,8.53608,17.92877,18.55954
1910.23570,-0.34157,-4.18847,53.39337,8.33923,8.54883,17.93627,18.56904
1910.24570,-0.26891,-4.19922,53.38303,8.37285,8.48676,17.98713,18.53628
1910.25570,-0.26279,-4.16668,53.41537,8.41723,8.52883,17.96627,18.50304
1910.26570,-0.26619,-4.16807,53.39465,8.41251,8.52374,17.95657,18.50183
1910.27570,-0.28927,-4.17726,53.25880,8.38083,8.49086,17.89277,18.49434
1910.28570,-0.27851,-4.17137,53.35537,8.39823,8.51783,17.93627,18.50304
1910.29570,-0.27851,-4.17137,53.35537,8.39823,8.51783,17.93627,18.50304
1910.30570,-0.29892,-4.17785,53.29023,8.37676,8.50352,17.90047,18.50948
1910.31570,-0.30703,-4.18042,53.26437,8.36823,8.49783,17.88627,18.51204
1910.32570,-0.31569,-4.18266,53.33444,8.35361,8.52940,17.92476,18.52667
1910.33570,-0.29207,-4.17496,53.28818,8.37390,8.51247,17.91075,18.49106
1910.34570,-0.28746,-4.17349,53.27637,8.37823,8.50783,17.90627,18.48404
1910.35570,-0.28450,-4.20574,53.06837,8.29923,8.44583,17.88627,18.43704
1910.36570,-0.23936,-4.18304,53.21737,8.38823,8.45683,17.92627,18.44604
1910.37570,-0.23936,-4.18304,53.21737,8.38823,8.45683,17.92627,18.44604
1910.38570,-0.26699,-4.17328,53.30637,8.39823,8.49783,17.92627,18.48404
1910.39570,-0.26699,-4.17328,53.30637,8.39823,8.49783,17.92627,18.48404
1910.40570,-0.27638,-4.17549,53.29764,8.39030,8.49783,17.91833,18.49118
1910.41570,-0.27010,-4.17923,53.39643,8.42251,8.48817,17.94263,18.54313
1910.42570,-0.26890,-4.17967,53.41037,8.42723,8.48683,17.94627,18.55004
1910.43570,-0.24903,-4.17296,53.36078,8.42723,8.48683,17.94627,18.50045
1910.44570,-0.28516,-4.19330,53.34336,8.38951,8.47144,17.93087,18.55155
1910.45570,-0.29685,-4.19968,53.34037,8.37823,8.46683,17.92627,18.56904
1910.46570,-0.29805,-4.17066,53.37865,8.40433,8.52077,17.91757,18.53598
1910.47570,-0.29823,-4.16633,53.38437,8.40823,8.52883,17.91627,18.53104
1910.48570,-0.29289,-4.18484,53.37103,8.39083,8.49867,17.93367,18.54786
1910.49570,-0.27299,-4.18246,53.32134,8.39643,8.48290,17.92807,18.51394
1910.50570,-0.26257,-4.17221,53.29537,8.40823,8.48683,17.91627,18.48404
1910.51570,-0.24547,-4.19141,53.32402,8.38436,8.47490,17.97535,18.48941
1910.52570,-0.25642,-4.19019,53.36610,8.39096,8.48445,17.97606,18.51463
1910.53570,-0.27350,-4.17943,53.38337,8.40823,8.49783,17.94627,18.53104
1910.54570,-0.27350,-4.17943,53.38337,8.40823,8.49783,17.94627,18.53104
1910.55570,-0.25958,-4.15931,53.32637,8.41723,8.51783,17.92627,18.46504
1910.56570,-0.27515,-4.14774,53.30205,8.42971,8.52469,17.88260,18.46504
1910.57570,-0.27335,-4.14141,53.33304,8.45023,8.52883,17.87960,18.47437
1910.58570,-0.25532,-4.14247,53.40670,8.47120,8.52883,17.91723,18.48943
1910.59570,-0.28035,-4.14809,53.38593,8.45825,8.52201,17.88907,18.51660
1910.60570,-0.28393,-4.16025,53.32727,8.42945,8.50370,17.88450,18.50961
1910.61570,-0.26669,-4.17086,53.28537,8.40823,8.48683,17.90627,18.48404
1910.62570,-0.25552,-4.16375,53.29925,8.41622,8.49987,17.91888,18.46428
1910.63570,-0.24013,-4.15395,53.31837,8.42723,8.51783,17.93627,18.43704
1910.64570,-0.27522,-4.17096,53.25649,8.39307,8.49259,17.89666,18.47417
1910.65570,-0.29199,-4.16735,53.22424,8.39694,8.48692,17.85627,18.48411
1910.66570,-0.27212,-4.14552,53.25637,8.43723,8.50783,17.85627,18.45504
1910.67570,-0.28716,-4.16573,53.26479,8.40307,8.49744,17.87607,18.48821
1910.68570,-0.29513,-4.18005,53.27484,8.37313,8.49712,17.90117,18.50342
1910.69570,-0.28746,-4.17349,53.27637,8.37823,8.50783,17.90627,18.48404
1910.70570,-0.28746,-4.17349,53.27637,8.37823,8.50783,17.90627,18.48404
1910.71570,-0.30314,-4.17250,53.23437,8.38823,8.48683,17.85627,18.50304
1910.72570,-0.29706,-4.16638,53.27100,8.40636,8.49460,17.86367,18.50637
1910.73570,-0.31426,-4.17400,53.32856,8.39727,8.50413,17.87997,18.54719
1910.74570,-0.36112,-4.20468,53.32037,8.32923,8.49783,17.88627,18.60704
1910.75570,-0.35048,-4.19780,53.32333,8.34379,8.50030,17.88627,18.59298
1910.76570,-0.32174,-4.17922,53.33133,8.38312,8.50697,17.88627,18.55498
1910.77570,-0.30007,-4.19280,53.34637,8.43723,8.42583,17.86627,18.61704
1910.78570,-0.30313,-4.19369,53.35454,8.42263,8.44093,17.88112,18.60986
1910.79570,-0.31245,-4.19640,53.37937,8.37823,8.48683,17.92627,18.58804
1910.80570,-0.31530,-4.19143,53.37309,8.38613,8.48861,17.91177,18.58659
1910.81570,-0.32717,-4.17068,53.34692,8.41901,8.49599,17.85137,18.58055
1910.82570,-0.31052,-4.17152,53.29337,8.39823,8.49783,17.86627,18.53104
1910.83570,-0.31481,-4.17282,53.28254,8.39505,8.49454,17.85883,18.53412
1910.84570,-0.35065,-4.18369,53.19228,8.36850,8.46711,17.79689,18.55978
1910.85570,-0.31252,-4.14995,53.29837,8.38823,8.55983,17.87627,18.47404
1910.86570,-0.31252,-4.14995,53.29837,8.38823,8.55983,17.87627,18.47404
1910.87570,-0.31510,-4.13982,53.34337,8.45723,8.52883,17.82627,18.53104
1910.88570,-0.31510,-4.13982,53.34337,8.45723,8.52883,17.82627,18.53104
1910.89570,-0.39580,-4.14355,53.28728,8.36965,8.58985,17.78690,18.54088
1910.90570,-0.32589,-4.12248,53.40498,8.44567,8.60064,17.85488,18.50379
1910.91570,-0.32445,-4.12206,53.40737,8.44723,8.60083,17.85627,18.50304
1910.92570,-0.34716,-4.13667,53.34702,8.42129,8.57330,17.82450,18.52792
1910.93570,-0.36374,-4.14640,53.29517,8.40223,8.55311,17.79765,18.54218
1910.94570,-0.34091,-4.12580,53.30637,8.42723,8.57983,17.80627,18.49304
1910.95570,-0.34883,-4.12405,53.36000,8.43139,8.59688,17.81874,18.51300
1910.96570,-0.35994,-4.12160,53.43537,8.43723,8.62083,17.83627,18.54104
1910.97570,-0.32699,-4.11999,53.38682,8.44840,8.59795,17.84185,18.49862
1910.98570,-0.32974,-4.13587,53.35767,8.43243,8.56743,17.84007,18.51774
1910.99570,-0.34744,-4.14639,53.36337,8.41723,8.55983,17.83627,18.55004
1911.00570,-0.32589,-4.13344,53.38099,8.41723,8.59577,17.87149,18.49649
1911.01570,-0.28817,-4.13497,53.48181,8.46881,8.57271,17.91617,18.52412
1911.02570,-0.27850,-4.13732,53.51337,8.48623,8.55983,17.92627,18.54104
1911.03570,-0.32499,-4.11326,53.50815,8.46100,8.63987,17.89147,18.51581
1911.04570,-0.33194,-4.10966,53.50737,8.45723,8.65183,17.88627,18.51204
1911.05570,-0.29384,-4.08784,53.43322,8.50862,8.62789,17.84539,18.45132
1911.06570,-0.30313,-4.07196,53.26934,8.50426,8.61677,17.75749,18.39082
1911.07570,-0.32820,-4.07177,53.19337,8.47623,8.62083,17.71727,18.37904
1911.08570,-0.28419,-4.07388,53.11392,8.49108,8.57554,17.71727,18.33003
1911.09570,-0.28734,-4.06247,53.11702,8.48876,8.60543,17.71727,18.30557
1911.10570,-0.29356,-4.05838,53.12737,8.48623,8.62083,17.71727,18.30304
1911.11570,-0.25846,-4.07961,53.27685,8.52989,8.57569,17.79053,18.38074
1911.12570,-0.24617,-4.08704,53.32937,8.54523,8.55983,17.81627,18.40804
1911.13570,-0.27222,-4.08608,53.32543,8.51613,8.58993,17.81133,18.40804
1911.14570,-0.27195,-4.08443,53.32457,8.50511,8.60451,17.82227,18.39268
1911.15570,-0.21449,-4.08304,53.33137,8.54523,8.56983,17.85627,18.36004
1911.16570,-0.22178,-4.08822,53.41404,8.52081,8.60866,17.91263,18.37194
1911.17570,-0.23308,-4.09539,53.42907,8.53056,8.58692,17.89637,18.41522
1911.18570,-0.23729,-4.09786,53.40837,8.54523,8.55983,17.86627,18.43704
1911.19570,-0.25873,-4.10698,53.32486,8.45856,8.59843,17.88525,18.38263
1911.20570,-0.27120,-4.11229,53.27637,8.40823,8.62083,17.89627,18.35104
1911.21570,-0.25829,-4.10899,53.27428,8.42309,8.61302,17.89627,18.34190
1911.22570,-0.19561,-4.08880,53.26488,8.51024,8.57003,17.88157,18.30304
1911.23570,-0.18753,-4.08240,53.26437,8.53523,8.55983,17.86627,18.30304
1911.24570,-0.18756,-4.07850,53.31386,8.54013,8.57992,17.88587,18.30794
1911.25570,-0.20374,-4.07334,53.29775,8.53102,8.59593,17.86707,18.30373
1911.26570,-0.22061,-4.07217,53.22737,8.51623,8.59083,17.82627,18.29404
1911.27570,-0.18373,-4.07000,53.22209,8.53975,8.57067,17.84547,18.26620
1911.28570,-0.14376,-4.06766,53.21637,8.56523,8.54883,17.86627,18.23604
1911.29570,-0.16300,-4.06177,53.31237,8.57003,8.58867,17.88547,18.26820
1911.30570,-0.18187,-4.05904,53.39708,8.56800,8.62436,17.90627,18.29846
1911.31570,-0.17792,-4.06661,53.35688,8.55292,8.60878,17.90627,18.28891
1911.32570,-0.16247,-4.07294,53.34221,8.55821,8.58397,17.91275,18.28728
1911.33570,-0.13461,-4.08247,53.36797,8.57010,8.55804,17.94798,18.29185
1911.34570,-0.13512,-4.09810,53.41637,8.51623,8.59083,18.02527,18.28404
1911.35570,-0.13512,-4.09810,53.41637,8.51623,8.59083,18.02527,18.28404
1911.36570,-0.13107,-4.09291,53.24737,8.51623,8.54883,17.94627,18.23604
1911.37570,-0.13312,-4.09140,53.27228,8.52116,8.55541,17.95120,18.24451
1911.38570,-0.12896,-4.07704,53.42805,8.57179,8.58835,17.98311,18.28480
1911.39570,-0.07113,-4.06443,53.37637,8.62423,8.54883,17.97627,18.22704
1911.40570,-0.08504,-4.05566,53.38189,8.62423,8.57115,17.96187,18.22464
1911.41570,-0.12590,-4.03877,53.37246,8.60993,8.62195,17.92112,18.21946
1911.42570,-0.11594,-4.07286,53.28837,8.56523,8.55983,17.93627,18.22704
1911.43570,-0.11594,-4.07286,53.28837,8.56523,8.55983,17.93627,18.22704
1911.44570,-0.10314,-4.07089,53.39537,8.60423,8.55983,17.96627,18.26504
1911.45570,-0.10780,-4.07079,53.38393,8.60077,8.55983,17.95828,18.26504
1911.46570,-0.15029,-4.06994,53.27990,8.56932,8.55983,17.88570,18.26504
1911.47570,-0.08103,-4.09954,53.53937,8.61423,8.52883,18.05527,18.34104
1911.48570,-0.08103,-4.09954,53.53937,8.61423,8.52883,18.05527,18.34104
1911.49570,-0.10031,-4.07334,53.38837,8.56523,8.59083,18.00527,18.22704
1911.50570,-0.10343,-4.08831,53.43590,8.54543,8.59083,18.04487,18.25476
1911.51570,-0.10347,-4.08846,53.43637,8.54523,8.59083,18.04527,18.25504
1911.52570,-0.13016,-4.11871,53.34529,8.48682,8.54925,18.02547,18.28375
1911.53570,-0.13043,-4.11902,53.34437,8.48623,8.54883,18.02527,18.28404
1911.54570,-0.07551,-4.12668,53.33285,8.52895,8.48451,18.04447,18.27492
1911.55570,-0.07763,-4.13169,53.44030,8.53356,8.50244,18.09078,18.31352
1911.56570,-0.08843,-4.13111,53.46137,8.52623,8.51783,18.09527,18.32204
1911.57570,-0.12492,-4.11195,53.37524,8.53406,8.52740,17.99957,18.31421
1911.58570,-0.11451,-4.11239,53.35802,8.53523,8.51970,18.00267,18.30043
1911.59570,-0.09626,-4.11619,53.35302,8.53523,8.50920,18.02267,18.28593
1911.60570,-0.07880,-4.11744,53.40417,8.54263,8.51523,18.06227,18.28404
1911.61570,-0.07350,-4.11770,53.42237,8.54523,8.51783,18.07527,18.28404
1911.62570,-0.06705,-4.11020,53.40556,8.56584,8.50942,18.05424,18.27605
1911.63570,-0.07860,-4.09727,53.45672,8.57790,8.54402,18.05343,18.28137
1911.64570,-0.09441,-4.09528,53.51437,8.56523,8.57983,18.07527,18.29404
1911.65570,-0.09630,-4.11074,53.43396,8.54129,8.54177,18.05685,18.29404
1911.66570,-0.09470,-4.12556,53.40124,8.52007,8.51783,18.06375,18.29959
1911.67570,-0.09297,-4.12871,53.41237,8.51623,8.51783,18.07527,18.30304
1911.68570,-0.08563,-4.12698,53.41923,8.52247,8.51783,18.08150,18.29743
1911.69570,-0.09755,-4.12719,53.41407,8.51073,8.52744,18.07597,18.29993
1911.70570,-0.12393,-4.12920,53.39907,8.48573,8.54294,18.06097,18.30943
1911.71570,-0.11217,-4.12893,53.36888,8.49093,8.52875,18.05527,18.29394
1911.72570,-0.08944,-4.12786,53.34337,8.50623,8.50783,18.05527,18.27404
1911.73570,-0.08349,-4.12585,53.32866,8.51010,8.50396,18.05140,18.26320
1911.74570,-0.08749,-4.11542,53.32137,8.52423,8.51190,18.02871,18.25652
1911.75570,-0.12268,-4.09640,53.36337,8.54523,8.54883,17.98527,18.28404
1911.76570,-0.12258,-4.09077,53.40312,8.56223,8.55776,17.98815,18.29498
1911.77570,-0.11984,-4.07944,53.47976,8.59789,8.57323,17.99397,18.31466
1911.78570,-0.10285,-4.09670,53.33437,8.55523,8.52883,17.98527,18.26504
1911.79570,-0.11016,-4.08720,53.36710,8.57305,8.54374,17.97472,18.27559
1911.80570,-0.12294,-4.07060,53.42437,8.60423,8.56983,17.95627,18.29404
1911.81570,-0.12294,-4.07060,53.42437,8.60423,8.56983,17.95627,18.29404
1911.82570,-0.11840,-4.07612,53.46387,8.56798,8.60583,18.01777,18.27229
1911.83570,-0.15122,-4.09077,53.45637,8.51623,8.62083,18.02527,18.29404
1911.84570,-0.14603,-4.09355,53.42837,8.51873,8.60283,18.01527,18.29154
1911.85570,-0.13114,-4.10451,53.34612,8.52848,8.54108,17.98302,18.29354
1911.86570,-0.13325,-4.11228,53.35137,8.53523,8.51783,17.97627,18.32204
1911.87570,-0.14302,-4.10728,53.34120,8.52583,8.53569,17.96859,18.31110
1911.88570,-0.18375,-4.08642,53.29880,8.48663,8.61009,17.93659,18.26550
1911.89570,-0.18345,-4.09039,53.30605,8.48503,8.60471,17.94215,18.27416
1911.90570,-0.17542,-4.11984,53.35313,8.47743,8.55851,17.98299,18.33420
1911.91570,-0.15455,-4.11095,53.28537,8.48623,8.54883,17.96627,18.28404
1911.92570,-0.15629,-4.11160,53.28969,8.48983,8.54511,17.96267,18.29208
1911.93570,-0.17112,-4.11909,53.32649,8.51383,8.51535,17.93867,18.35864
1911.94570,-0.18829,-4.14228,53.36916,8.49383,8.49469,17.95867,18.42197
1911.95570,-0.19481,-4.15109,53.38537,8.48623,8.48683,17.96627,18.44604
1911.96570,-0.16013,-4.11583,53.43685,8.55454,8.51752,17.96627,18.39852
1911.97570,-0.15978,-4.11547,53.43737,8.55523,8.51783,17.96627,18.39804
1911.98570,-0.18102,-4.11749,53.45490,8.53771,8.53623,17.96627,18.41469
1911.99570,-0.24268,-4.14954,53.34815,8.41741,8.54743,17.95767,18.42564
1912.00570,-0.25225,-4.15473,53.33037,8.39823,8.54883,17.95627,18.42704
1912.01570,-0.21480,-4.13312,53.35531,8.46531,8.54023,17.94767,18.40210
1912.02570,-0.21955,-4.11918,53.35163,8.48483,8.55216,17.92047,18.39417
1912.03570,-0.23217,-4.10705,53.34263,8.49483,8.56766,17.89047,18.38967
1912.04570,-0.24721,-4.15445,53.30162,8.41523,8.52333,17.93127,18.43179
1912.05570,-0.25164,-4.17084,53.28837,8.38823,8.50783,17.94627,18.44604
1912.06570,-0.25164,-4.17084,53.28837,8.38823,8.50783,17.94627,18.44604
1912.07570,-0.26247,-4.20616,53.50678,8.36893,8.51349,18.06012,18.56424
1912.08570,-0.25999,-4.21916,53.49137,8.34923,8.49783,18.07527,18.56904
1912.09570,-0.25933,-4.20271,53.46204,8.37523,8.50117,18.03560,18.55004
1912.10570,-0.23864,-4.17465,53.34615,8.41786,8.48761,17.96120,18.47948
1912.11570,-0.21873,-4.17969,53.28737,8.40823,8.46683,17.96627,18.44604
1912.12570,-0.24618,-4.16193,53.18011,8.37723,8.50527,17.91047,18.38714
1912.13570,-0.26306,-4.15102,53.11437,8.35823,8.52883,17.87627,18.35104
1912.14570,-0.27147,-4.17639,53.06073,8.34638,8.46459,17.85132,18.39845
1912.15570,-0.27605,-4.18813,53.09284,8.35525,8.43856,17.85269,18.44634
1912.16570,-0.27533,-4.18299,53.18537,8.37823,8.45683,17.87627,18.47404
1912.17570,-0.29488,-4.18292,53.18489,8.36853,8.46654,17.86171,18.48811
1912.18570,-0.30288,-4.18077,53.30995,8.37763,8.50205,17.90445,18.52583
1912.19570,-0.28939,-4.17858,53.44337,8.39823,8.52883,17.96627,18.55004
1912.20570,-0.29431,-4.18394,53.51372,8.40308,8.53368,17.99004,18.58691
1912.21570,-0.29952,-4.18961,53.58837,8.40823,8.53883,18.01527,18.62604
1912.22570,-0.29952,-4.18961,53.58837,8.40823,8.53883,18.01527,18.62604
1912.23570,-0.30713,-4.20166,53.51998,8.38359,8.51357,17.99678,18.62604
1912.24570,-0.26237,-4.21751,53.51229,8.39674,8.46078,18.03515,18.61963
1912.25570,-0.24243,-4.22087,53.52637,8.40823,8.44583,18.05527,18.61704
1912.26570,-0.26921,-4.17403,53.37841,8.42595,8.49118,17.93138,18.52989
1912.27570,-0.23714,-4.19348,53.35137,8.41723,8.44583,17.96627,18.52204
1912.28570,-0.24846,-4.18929,53.35464,8.41245,8.46144,17.95872,18.52204
1912.29570,-0.27824,-4.17829,53.36325,8.39987,8.50250,17.93885,18.52204
1912.30570,-0.30954,-4.18919,53.39237,8.36823,8.51783,17.94627,18.56004
1912.31570,-0.29998,-4.18881,53.39717,8.37303,8.51543,17.95563,18.55308
1912.32570,-0.26970,-4.18762,53.41237,8.38823,8.50783,17.98527,18.53104
1912.33570,-0.27245,-4.18669,53.40470,8.39318,8.50264,17.97314,18.53574
1912.34570,-0.28881,-4.18253,53.38830,8.40179,8.49859,17.93627,18.55165
1912.35570,-0.32211,-4.17697,53.41716,8.37494,8.54759,17.93627,18.55836
1912.36570,-0.33196,-4.17370,53.42580,8.36823,8.56470,17.93508,18.55778
1912.37570,-0.33831,-4.15883,53.43923,8.37692,8.59511,17.92517,18.54203
1912.38570,-0.29780,-4.15172,53.46237,8.44723,8.54883,17.91627,18.55004
1912.39570,-0.29780,-4.15172,53.46237,8.44723,8.54883,17.91627,18.55004
1912.40570,-0.30221,-4.15311,53.44203,8.44052,8.54582,17.90751,18.54819
1912.41570,-0.34247,-4.16583,53.25707,8.37945,8.51838,17.82786,18.53138
1912.42570,-0.34328,-4.16609,53.25337,8.37823,8.51783,17.82627,18.53104
1912.43570,-0.35142,-4.17008,53.28444,8.37297,8.52363,17.83680,18.55105
1912.44570,-0.35874,-4.17366,53.31237,8.36823,8.52883,17.84627,18.56904
1912.45570,-0.31580,-4.15933,53.36583,8.38803,8.55952,17.90567,18.51261
1912.46570,-0.33754,-4.17848,53.38206,8.36863,8.53925,17.90627,18.56791
1912.47570,-0.33799,-4.17887,53.38237,8.36823,8.53883,17.90627,18.56904
1912.48570,-0.32257,-4.17460,53.37537,8.38379,8.53106,17.90627,18.55426
1912.49570,-0.31817,-4.17338,53.37337,8.38823,8.52883,17.90627,18.55004
1912.50570,-0.32878,-4.16363,53.38446,8.42219,8.52121,17.86469,18.57637
1912.51570,-0.33350,-4.15277,53.43264,8.44433,8.53982,17.86045,18.58804
1912.52570,-0.33351,-4.15009,53.45037,8.44723,8.54883,17.86627,18.58804
1912.53570,-0.31746,-4.15396,53.38441,8.43455,8.53150,17.86627,18.55210
1912.54570,-0.29570,-4.15919,53.29526,8.41740,8.50807,17.86627,18.50353
1912.55570,-0.30068,-4.13861,53.30937,8.40823,8.56983,17.87627,18.45504
1912.56570,-0.26293,-4.14818,53.32849,8.42876,8.53302,17.91166,18.45504
1912.57570,-0.24735,-4.15212,53.33637,8.43723,8.51783,17.92627,18.45504
1912.58570,-0.26581,-4.16359,53.30899,8.38617,8.53337,17.94107,18.44838
1912.59570,-0.25570,-4.15753,53.40626,8.44896,8.51566,17.93879,18.50285
1912.60570,-0.25010,-4.15413,53.44237,8.47623,8.50783,17.93627,18.52204
1912.61570,-0.24448,-4.16900,53.41322,8.43213,8.50783,17.97289,18.50036
1912.62570,-0.27206,-4.17392,53.38847,8.40780,8.51280,17.95100,18.51688
1912.63570,-0.30194,-4.17381,53.37337,8.39823,8.51783,17.91627,18.54104
1912.64570,-0.27041,-4.17004,53.34361,8.41001,8.50543,17.92867,18.49950
1912.65570,-0.25106,-4.16773,53.32537,8.41723,8.49783,17.93627,18.47404
1912.66570,-0.22227,-4.15146,53.34001,8.44773,8.51003,17.94847,18.43378
1912.67570,-0.20075,-4.13778,53.37108,8.48557,8.51409,17.95252,18.41889
1912.68570,-0.19564,-4.13241,53.40666,8.51563,8.50796,17.94639,18.43668
1912.69570,-0.20535,-4.13475,53.41320,8.49246,8.52772,17.96082,18.43219
1912.70570,-0.22966,-4.13009,53.44433,8.46723,8.57379,17.97147,18.43184
1912.71570,-0.24470,-4.12224,53.47137,8.46723,8.60083,17.96627,18.43704
1912.72570,-0.23862,-4.12899,53.42674,8.46238,8.57561,17.95656,18.43219
1912.73570,-0.23215,-4.13618,53.37937,8.45723,8.54883,17.94627,18.42704
1912.74570,-0.23215,-4.13618,53.37937,8.45723,8.54883,17.94627,18.42704
1912.75570,-0.21402,-4.13285,53.43059,8.46383,8.56635,17.98737,18.41305
1912.76570,-0.22816,-4.13678,53.40957,8.43031,8.58396,17.99305,18.40225
1912.77570,-0.23367,-4.13832,53.40137,8.41723,8.59083,17.99527,18.39804
1912.78570,-0.18575,-4.14652,53.35690,8.44812,8.52660,18.00144,18.38075
1912.79570,-0.18392,-4.14560,53.28911,8.44283,8.51245,17.97538,18.35845
1912.80570,-0.20176,-4.14176,53.26337,8.42723,8.52883,17.95627,18.35104
1912.81570,-0.18822,-4.15070,53.26707,8.44572,8.49063,17.95627,18.37445
1912.82570,-0.17979,-4.15627,53.26937,8.45723,8.46683,17.95627,18.38904
1912.83570,-0.16198,-4.14962,53.35658,8.47216,8.49518,18.00653,18.38271
1912.84570,-0.14731,-4.14967,53.40637,8.50623,8.47683,18.01527,18.40804
1912.85570,-0.14647,-4.14945,53.38905,8.50123,8.47683,18.01270,18.39829
1912.86570,-0.14298,-4.14855,53.31685,8.48037,8.47683,18.00200,18.35764
1912.87570,-0.15133,-4.14676,53.41637,8.50623,8.48683,18.01527,18.40804
1912.88570,-0.14770,-4.14865,53.39333,8.49447,8.48683,18.02007,18.39196
1912.89570,-0.13617,-4.15465,53.32037,8.45723,8.48683,18.03527,18.34104
1912.90570,-0.13385,-4.15032,53.33345,8.46899,8.48935,18.03287,18.34224
1912.91570,-0.11891,-4.11808,53.41108,8.54822,8.51033,18.01063,18.34189
1912.92570,-0.13426,-4.11387,53.27537,8.49623,8.52883,17.97627,18.27404
1912.93570,-0.13426,-4.11387,53.27537,8.49623,8.52883,17.97627,18.27404
1912.94570,-0.15301,-4.14325,53.21086,8.43644,8.49942,17.98096,18.29404
1912.95570,-0.14507,-4.14665,53.25655,8.42982,8.51267,18.02003,18.29404
1912.96570,-0.14198,-4.14797,53.27437,8.42723,8.51783,18.03527,18.29404
1912.97570,-0.12269,-4.12586,53.26447,8.47574,8.51783,18.00557,18.26533
1912.98570,-0.12250,-4.12563,53.26437,8.47623,8.51783,18.00527,18.26504
1912.99570,-0.11757,-4.13472,53.33101,8.48603,8.50803,18.03467,18.30228
1913.00570,-0.09966,-4.12639,53.35393,8.49930,8.52155,18.05487,18.27821
1913.01570,-0.09022,-4.12188,53.36537,8.50623,8.52883,18.06527,18.26504
1913.02570,-0.09247,-4.14383,53.30034,8.49745,8.46556,18.03890,18.29843
1913.03570,-0.10683,-4.14973,53.34539,8.46225,8.50127,18.07883,18.30304
1913.04570,-0.10890,-4.15016,53.35337,8.45723,8.50783,18.08527,18.30304
1913.05570,-0.12092,-4.13762,53.35189,8.48609,8.50783,18.04087,18.31710
1913.06570,-0.12514,-4.13322,53.35137,8.49623,8.50783,18.02527,18.32204
1913.07570,-0.09483,-4.15977,53.33731,8.45997,8.47749,18.09187,18.30798
1913.08570,-0.11135,-4.14929,53.39815,8.48386,8.49748,18.07789,18.33892
1913.09570,-0.12052,-4.14261,53.42037,8.49623,8.50783,18.06527,18.35104
1913.10570,-0.14096,-4.14580,53.43109,8.47123,8.52875,18.07037,18.36073
1913.11570,-0.12419,-4.15803,53.41137,8.45723,8.50783,18.09527,18.35104
1913.12570,-0.08776,-4.16720,53.38137,8.46723,8.46683,18.11527,18.33204
1913.13570,-0.09420,-4.17025,53.34337,8.45188,8.46299,18.10375,18.32475
1913.14570,-0.10458,-4.17516,53.28237,8.42723,8.45683,18.08527,18.31304
1913.15570,-0.11785,-4.18663,53.22926,8.40607,8.43438,18.06368,18.32513
1913.16570,-0.13950,-4.19143,53.25839,8.38804,8.45042,18.06958,18.35035
1913.17570,-0.14378,-4.18073,53.36137,8.39823,8.49783,18.10527,18.36004
1913.18570,-0.12666,-4.18382,53.32645,8.42276,8.45501,18.08448,18.36420
1913.19570,-0.13146,-4.19305,53.30113,8.42863,8.41956,18.06012,18.39283
1913.20570,-0.16214,-4.19822,53.32637,8.39823,8.44583,18.06527,18.41704
1913.21570,-0.15282,-4.18689,53.35211,8.41754,8.46118,18.07022,18.40318
1913.22570,-0.14333,-4.17534,53.37837,8.43723,8.47683,18.07527,18.38904
1913.23570,-0.14251,-4.18909,53.38719,8.42302,8.46164,18.09487,18.40766
1913.24570,-0.13777,-4.20272,53.42874,8.42003,8.44583,18.12434,18.43853
1913.25570,-0.12986,-4.20134,53.49479,8.44410,8.44583,18.14286,18.46199
1913.26570,-0.14569,-4.19915,53.40504,8.42423,8.44250,18.09860,18.43971
1913.27570,-0.18196,-4.20903,53.20765,8.35678,8.42456,18.02345,18.40286
1913.28570,-0.18611,-4.23340,53.20637,8.31923,8.40483,18.05527,18.42704
1913.29570,-0.17015,-4.21958,53.25400,8.35513,8.41619,18.06259,18.42008
1913.30570,-0.14263,-4.19572,53.33637,8.41723,8.43583,18.07527,18.40804
1913.31570,-0.14263,-4.19572,53.33637,8.41723,8.43583,18.07527,18.40804
1913.32570,-0.14069,-4.19891,53.11133,8.38823,8.38631,17.99487,18.34192
1913.33570,-0.13253,-4.18751,53.15237,8.38823,8.42583,18.02527,18.31304
1913.34570,-0.14970,-4.17637,53.19917,8.40935,8.44551,18.00631,18.33800
1913.35570,-0.19818,-4.13757,53.36356,8.47623,8.52155,17.96131,18.40447
1913.36570,-0.17445,-4.12235,53.43102,8.47623,8.57869,18.02401,18.35209
1913.37570,-0.17696,-4.12309,53.41227,8.47383,8.57339,18.01401,18.35104
1913.38570,-0.19766,-4.13028,53.27337,8.45723,8.52883,17.93627,18.35104
1913.39570,-0.19766,-4.13028,53.27337,8.45723,8.52883,17.93627,18.35104
1913.40570,-0.24962,-4.13132,53.33482,8.41578,8.58745,17.94416,18.38743
1913.41570,-0.23025,-4.14075,53.34086,8.40974,8.57336,17.97705,18.38072
1913.42570,-0.22349,-4.14238,53.34000,8.41168,8.56734,17.98301,18.37797
1913.43570,-0.20918,-4.13920,53.31775,8.43503,8.54432,17.96627,18.37213
1913.44570,-0.20860,-4.15734,53.28037,8.41723,8.50783,17.96627,18.38904
1913.45570,-0.20466,-4.15263,53.28382,8.42823,8.50894,17.96182,18.38482
1913.46570,-0.17315,-4.11494,53.31137,8.51623,8.51783,17.92627,18.35104
1913.47570,-0.17387,-4.11538,53.31488,8.51367,8.52048,17.92969,18.35104
1913.48570,-0.17939,-4.11878,53.34185,8.49393,8.54088,17.95600,18.35104
1913.49570,-0.16206,-4.13149,53.30399,8.46590,8.52710,17.98660,18.32440
1913.50570,-0.15374,-4.13635,53.28337,8.45723,8.51783,17.99527,18.31304
1913.51570,-0.17479,-4.11635,53.21862,8.45723,8.54390,17.93724,18.28024
1913.52570,-0.15549,-4.10652,53.28456,8.48557,8.55958,17.96536,18.27404
1913.53570,-0.15495,-4.10638,53.28637,8.48623,8.55983,17.96627,18.27404
1913.54570,-0.15853,-4.10565,53.29525,8.49583,8.55479,17.95667,18.28796
1913.55570,-0.16987,-4.10332,53.32337,8.52623,8.53883,17.92627,18.33204
1913.56570,-0.16872,-4.10540,53.36333,8.51543,8.55755,17.95831,18.33204
1913.57570,-0.16511,-4.10873,53.37317,8.49983,8.56851,17.98323,18.32160
1913.58570,-0.16233,-4.10808,53.26437,8.50623,8.52883,17.92627,18.30304
1913.59570,-0.18262,-4.10677,53.27841,8.49543,8.54719,17.91907,18.31672
1913.60570,-0.20862,-4.10167,53.32929,8.48343,8.58739,17.92427,18.33420
1913.61570,-0.19079,-4.09676,53.37537,8.49623,8.60083,17.95627,18.32204
1913.62570,-0.16328,-4.09673,53.35194,8.51852,8.57112,17.95627,18.30604
1913.63570,-0.14263,-4.09670,53.33437,8.53523,8.54883,17.95627,18.29404
1913.64570,-0.15064,-4.10813,53.26677,8.49675,8.53896,17.95133,18.27973
1913.65570,-0.16941,-4.11225,53.26072,8.47194,8.55221,17.95004,18.28653
1913.66570,-0.18677,-4.09966,53.36537,8.49623,8.59083,17.95627,18.32204
1913.67570,-0.17673,-4.09652,53.34042,8.50871,8.57773,17.94379,18.31019
1913.68570,-0.15693,-4.09877,53.34025,8.50631,8.57479,17.97049,18.28866
1913.69570,-0.14298,-4.10300,53.35537,8.49623,8.57983,18.00527,18.27404
1913.70570,-0.13929,-4.10248,53.33645,8.50108,8.57013,17.99556,18.26967
1913.71570,-0.15081,-4.10825,53.28825,8.47763,8.56468,17.98090,18.26504
1913.72570,-0.16723,-4.11496,53.25837,8.44723,8.56983,17.97627,18.26504
1913.73570,-0.16922,-4.10265,53.32158,8.47614,8.58992,17.97627,18.27925
1913.74570,-0.17128,-4.08986,53.38737,8.50623,8.61083,17.97627,18.29404
1913.75570,-0.17656,-4.09412,53.31551,8.49349,8.59058,17.94687,18.28457
1913.76570,-0.18736,-4.10284,53.16884,8.46749,8.54925,17.88687,18.26523
1913.77570,-0.13048,-4.09106,53.32437,8.54523,8.54883,17.95627,18.27404
1913.78570,-0.15467,-4.09315,53.34247,8.52744,8.56753,17.95325,18.29425
1913.79570,-0.20742,-4.09795,53.37087,8.48760,8.60524,17.94218,18.33586
1913.80570,-0.18705,-4.09769,53.28537,8.49623,8.56983,17.91627,18.30304
1913.81570,-0.17577,-4.09612,53.28133,8.49861,8.56983,17.92577,18.28712
1913.82570,-0.13956,-4.09108,53.26837,8.50623,8.56983,17.95627,18.23604
1913.83570,-0.14234,-4.09328,53.28445,8.50383,8.57223,17.96323,18.24516
1913.84570,-0.14972,-4.10386,53.31646,8.49162,8.56998,17.98225,18.27261
1913.85570,-0.14375,-4.11887,53.23765,8.47242,8.52892,17.96966,18.26665
1913.86570,-0.14214,-4.12293,53.21637,8.46723,8.51783,17.96627,18.26504
1913.87570,-0.15146,-4.10553,53.25300,8.51133,8.52606,17.92889,18.28672
1913.88570,-0.15491,-4.09034,53.26463,8.53292,8.54368,17.90884,18.27919
1913.89570,-0.15501,-4.08711,53.26437,8.53523,8.54883,17.90627,18.27404
1913.90570,-0.17258,-4.09329,53.34435,8.50169,8.59355,17.95787,18.29124
1913.91570,-0.17544,-4.09430,53.35737,8.49623,8.60083,17.96627,18.29404
1913.92570,-0.15427,-4.12829,53.32475,8.45768,8.54943,18.01470,18.30294
1913.93570,-0.16664,-4.10879,53.23714,8.48566,8.53903,17.92803,18.28442
1913.94570,-0.16372,-4.11049,53.24725,8.48513,8.53883,17.93716,18.28613
1913.95570,-0.13694,-4.12604,53.33758,8.47990,8.53656,18.02021,18.30091
1913.96570,-0.12597,-4.11343,53.28491,8.51323,8.51589,17.97421,18.28158
1913.97570,-0.12168,-4.10851,53.26437,8.52623,8.50783,17.95627,18.27404
1913.98570,-0.12204,-4.12364,53.28299,8.48703,8.51763,18.00429,18.27404
1913.99570,-0.12205,-4.12395,53.28337,8.48623,8.51783,18.00527,18.27404
1914.00570,-0.18320,-4.11601,53.28590,8.45344,8.56997,17.96406,18.29843
1914.01570,-0.21241,-4.09808,53.33023,8.46443,8.61509,17.93907,18.31164
1914.02570,-0.21528,-4.09540,53.33737,8.46723,8.62083,17.93627,18.31304
1914.03570,-0.16981,-4.11441,53.31040,8.46723,8.56776,17.97890,18.29651
1914.04570,-0.13525,-4.11719,53.35720,8.48360,8.55983,18.02834,18.28543
1914.05570,-0.13078,-4.11718,53.36537,8.48623,8.55983,18.03527,18.28404
1914.06570,-0.13675,-4.11957,53.38016,8.50363,8.54156,18.01787,18.31710
1914.07570,-0.13764,-4.11993,53.38237,8.50623,8.53883,18.01527,18.32204
1914.08570,-0.13355,-4.11149,53.39588,8.50623,8.56291,18.02701,18.29972
1914.09570,-0.12316,-4.10484,53.33907,8.52932,8.53721,17.98850,18.28404
1914.10570,-0.11796,-4.10435,53.29337,8.54523,8.50783,17.95627,18.28404
1914.11570,-0.12396,-4.09514,53.40537,8.55223,8.55823,17.99757,18.29734
1914.12570,-0.11975,-4.11381,53.40692,8.54049,8.52674,18.01527,18.32442
1914.13570,-0.11734,-4.12187,53.39037,8.53523,8.50783,18.01527,18.33204
1914.14570,-0.10552,-4.12824,53.34506,8.52307,8.49063,18.01946,18.31190
1914.15570,-0.08930,-4.13699,53.28299,8.50640,8.46707,18.02521,18.28432
1914.16570,-0.08914,-4.13707,53.28237,8.50623,8.46683,18.02527,18.28404
1914.17570,-0.11638,-4.09737,53.35437,8.51891,8.56999,18.01487,18.25060
1914.18570,-0.11832,-4.12759,53.31637,8.46723,8.53883,18.04527,18.26504
1914.19570,-0.11326,-4.11472,53.31388,8.50965,8.52573,18.00784,18.27065
1914.20570,-0.09135,-4.13071,53.29687,8.51073,8.48183,18.02527,18.27904
1914.21570,-0.07248,-4.15448,53.28137,8.48623,8.44583,18.06527,18.28404
1914.22570,-0.11220,-4.13747,53.33037,8.50093,8.48650,18.02607,18.31687
1914.23570,-0.15346,-4.11979,53.38137,8.51623,8.52883,17.98527,18.35104
1914.24570,-0.13790,-4.12952,53.31446,8.49248,8.50847,17.99496,18.31856
1914.25570,-0.14177,-4.16123,53.27406,8.45238,8.46159,18.01022,18.34987
1914.26570,-0.16261,-4.18298,53.30537,8.43723,8.43583,18.01527,18.41704
1914.27570,-0.16261,-4.18298,53.30537,8.43723,8.43583,18.01527,18.41704
1914.28570,-0.10841,-4.13973,53.37746,8.52596,8.47119,18.02913,18.35119
1914.29570,-0.11475,-4.15284,53.24894,8.48205,8.44354,18.00131,18.32204
1914.30570,-0.12827,-4.16137,53.20768,8.44544,8.44714,18.00078,18.31432
1914.31570,-0.14958,-4.16863,53.17437,8.38823,8.47683,18.01527,18.29404
1914.32570,-0.13922,-4.15511,53.19965,8.42780,8.47683,18.00098,18.29404
1914.33570,-0.13393,-4.14020,53.29629,8.47859,8.49159,18.00471,18.32140
1914.34570,-0.15627,-4.15518,53.39037,8.44723,8.51783,18.05527,18.37004
1914.35570,-0.15204,-4.14563,53.40147,8.46906,8.52190,18.04417,18.36634
1914.36570,-0.15316,-4.13546,53.39914,8.48963,8.52442,18.02106,18.36403
1914.37570,-0.17569,-4.15193,53.34175,8.44474,8.51249,18.00970,18.37483
1914.38570,-0.17366,-4.15114,53.31262,8.44448,8.50533,17.99802,18.36479
1914.39570,-0.14112,-4.12945,53.29237,8.49623,8.49783,17.97627,18.32204
1914.40570,-0.13641,-4.12701,53.26621,8.50103,8.49039,17.96427,18.31052
1914.41570,-0.12893,-4.12348,53.20665,8.51143,8.46923,17.93347,18.29252
1914.42570,-0.15253,-4.13680,53.28037,8.49623,8.47683,17.95627,18.35104
1914.43570,-0.15253,-4.13680,53.28037,8.49623,8.47683,17.95627,18.35104
1914.44570,-0.13585,-4.14163,53.27082,8.48079,8.47794,17.98749,18.32460
1914.45570,-0.18724,-4.16673,53.34637,8.43723,8.48683,18.00527,18.41704
1914.46570,-0.18243,-4.16685,53.35814,8.44187,8.48565,18.01240,18.41823
1914.47570,-0.14679,-4.16776,53.44537,8.47623,8.47683,18.06527,18.42704
1914.48570,-0.14479,-4.16621,53.42733,8.47414,8.47683,18.06087,18.41549
1914.49570,-0.13208,-4.15479,53.28368,8.45184,8.48024,18.02747,18.32413
1914.50570,-0.16059,-4.16418,53.30237,8.40823,8.50783,18.04527,18.34104
1914.51570,-0.16059,-4.16418,53.30237,8.40823,8.50783,18.04527,18.34104
1914.52570,-0.16083,-4.13746,53.22364,8.46630,8.48717,17.94784,18.32234
1914.53570,-0.14451,-4.15051,53.24881,8.46723,8.46377,17.97945,18.33835
1914.54570,-0.13183,-4.16098,53.26937,8.46723,8.44583,18.00527,18.35104
1914.55570,-0.21037,-4.14863,53.34646,8.43335,8.53308,17.98070,18.39932
1914.56570,-0.22452,-4.14641,53.36037,8.42723,8.54883,17.97627,18.40804
1914.57570,-0.18736,-4.18685,53.30592,8.41733,8.44686,18.00498,18.43675
1914.58570,-0.17843,-4.19212,53.29745,8.42383,8.42537,18.00527,18.44298
1914.59570,-0.17402,-4.19462,53.29337,8.42723,8.41483,18.00527,18.44604
1914.60570,-0.19151,-4.19870,53.23965,8.38607,8.42948,17.99829,18.42581
1914.61570,-0.18160,-4.21655,53.10061,8.33966,8.39041,17.98794,18.38260
1914.62570,-0.17520,-4.22244,53.05837,8.32923,8.37383,17.98527,18.37004
1914.63570,-0.20924,-4.19140,53.21116,8.37083,8.45278,17.97763,18.40994
1914.64570,-0.21528,-4.18589,53.23837,8.37823,8.46683,17.97627,18.41704
1914.65570,-0.21105,-4.18891,53.27222,8.39607,8.45265,17.98038,18.44311
1914.66570,-0.20614,-4.19241,53.31159,8.41682,8.43616,17.98517,18.47343
1914.67570,-0.24939,-4.20675,53.16137,8.38823,8.38383,17.88627,18.50304
1914.68570,-0.22622,-4.19233,53.22353,8.40303,8.42231,17.93067,18.46752
1914.69570,-0.23219,-4.18513,53.11735,8.34977,8.45877,17.92407,18.38474
1914.70570,-0.23716,-4.18438,53.07237,8.32923,8.46683,17.91627,18.36004
1914.71570,-0.18838,-4.18534,53.25774,8.40836,8.44412,17.98880,18.41646
1914.72570,-0.17067,-4.18569,53.32537,8.43723,8.43583,18.01527,18.43704
1914.73570,-0.16939,-4.16490,53.32220,8.47255,8.44813,17.97995,18.42156
1914.74570,-0.21685,-4.16496,53.30510,8.42310,8.49200,17.96248,18.42751
1914.75570,-0.24794,-4.18489,53.29737,8.35823,8.50783,17.98527,18.44604
1914.76570,-0.23933,-4.17782,53.33763,8.40642,8.48892,17.96758,18.47471
1914.77570,-0.23934,-4.14712,53.46219,8.47322,8.53356,17.96237,18.49304
1914.78570,-0.24284,-4.13043,53.52537,8.49623,8.56983,17.96627,18.49304
1914.79570,-0.23975,-4.14177,53.47929,8.48207,8.54271,17.96147,18.49304
1914.80570,-0.22991,-4.17779,53.33337,8.43723,8.45683,17.94627,18.49304
1914.81570,-0.24002,-4.18379,53.30146,8.41310,8.45683,17.94218,18.48936
1914.82570,-0.26244,-4.18947,53.21649,8.38303,8.44675,17.90267,18.48404
1914.83570,-0.27091,-4.18621,53.17437,8.38823,8.43583,17.86627,18.48404
1914.84570,-0.26443,-4.18130,53.21045,8.39468,8.45226,17.88560,18.47792
1914.85570,-0.25097,-4.17110,53.28562,8.40810,8.48649,17.92586,18.46517
1914.86570,-0.27401,-4.22151,53.28337,8.30923,8.46683,17.99527,18.51204
1914.87570,-0.27531,-4.21538,53.28051,8.31963,8.46985,17.98186,18.50918
1914.88570,-0.28264,-4.18085,53.26437,8.37823,8.48683,17.90627,18.49304
1914.89570,-0.29449,-4.18352,53.24935,8.37091,8.48317,17.89161,18.50366
1914.90570,-0.28895,-4.17510,53.25356,8.39060,8.48447,17.88081,18.49768
1914.91570,-0.24343,-4.15232,53.30637,8.44723,8.49783,17.90627,18.45504
1914.92570,-0.25901,-4.13689,53.28513,8.45786,8.51652,17.86597,18.44478
1914.93570,-0.28269,-4.12497,53.25637,8.44787,8.54520,17.83263,18.43068
1914.94570,-0.27692,-4.15085,53.27037,8.39823,8.53883,17.89627,18.43704
1914.95570,-0.27692,-4.15085,53.27037,8.39823,8.53883,17.89627,18.43704
1914.96570,-0.25565,-4.15321,53.21537,8.44723,8.46683,17.84627,18.45504
1914.97570,-0.25565,-4.15321,53.21537,8.44723,8.46683,17.84627,18.45504
1914.98570,-0.24040,-4.14151,53.25837,8.45723,8.49783,17.87627,18.42704
1914.99570,-0.27822,-4.15628,53.33237,8.45723,8.48683,17.86627,18.52204
1915.00570,-0.27822,-4.15628,53.33237,8.45723,8.48683,17.86627,18.52204
1915.01570,-0.24669,-4.15546,53.32353,8.47403,8.46915,17.88395,18.49641
1915.02570,-0.27065,-4.19477,53.46436,8.41499,8.48075,17.98301,18.58561
1915.03570,-0.28288,-4.21193,53.52637,8.38823,8.48683,18.02527,18.62604
1915.04570,-0.30914,-4.21334,53.25137,8.33923,8.44583,17.90627,18.56004
1915.05570,-0.30755,-4.21254,53.24282,8.33222,8.45201,17.91102,18.54756
1915.06570,-0.29459,-4.20468,53.20315,8.29112,8.49894,17.94849,18.46460
1915.07570,-0.28561,-4.18932,53.39337,8.37823,8.50783,17.96627,18.54104
1915.08570,-0.28561,-4.18932,53.39337,8.37823,8.50783,17.96627,18.54104
1915.09570,-0.31528,-4.17907,53.45112,8.36197,8.56639,17.97440,18.54836
1915.10570,-0.31940,-4.16495,53.37738,8.37800,8.56006,17.91696,18.52236
1915.11570,-0.31937,-4.16482,53.37637,8.37823,8.55983,17.91627,18.52204
1915.12570,-0.24760,-4.19807,53.33422,8.36843,8.47848,17.99370,18.49361
1915.13570,-0.24615,-4.19874,53.33337,8.36823,8.47683,17.99527,18.49304
1915.14570,-0.28479,-4.19281,53.31980,8.34508,8.50957,17.96413,18.50102
1915.15570,-0.25043,-4.20355,53.23885,8.36367,8.44031,17.94784,18.48703
1915.16570,-0.24218,-4.20584,53.22437,8.36823,8.42583,17.94627,18.48404
1915.17570,-0.27761,-4.20128,53.13837,8.34304,8.43452,17.88546,18.47535
1915.18570,-0.26434,-4.20845,53.23586,8.36446,8.42713,17.92847,18.51580
1915.19570,-0.26157,-4.20962,53.25237,8.36823,8.42583,17.93627,18.52204
1915.20570,-0.26970,-4.19734,53.27264,8.38306,8.44610,17.92144,18.52204
1915.21570,-0.27802,-4.18478,53.29337,8.39823,8.46683,17.90627,18.52204
1915.22570,-0.25991,-4.22267,53.17584,8.33326,8.40624,17.93547,18.50087
1915.23570,-0.28291,-4.21386,53.25109,8.33135,8.45241,17.94627,18.52106
1915.24570,-0.29346,-4.20574,53.29337,8.33923,8.47683,17.94627,18.53104
1915.25570,-0.30985,-4.21580,53.35279,8.32965,8.48162,17.96495,18.57656
1915.26570,-0.33490,-4.23687,53.44568,8.31427,8.47690,17.99520,18.65932
1915.27570,-0.34226,-4.24715,53.47437,8.30923,8.46683,18.00527,18.69304
1915.28570,-0.28626,-4.21014,53.37128,8.35742,8.47293,17.97538,18.56555
1915.29570,-0.25034,-4.18640,53.30537,8.38823,8.47683,17.95627,18.48404
1915.30570,-0.24717,-4.18558,53.39472,8.41226,8.48299,17.98030,18.51916
1915.31570,-0.26798,-4.17183,53.37180,8.43337,8.48683,17.92222,18.52938
1915.32570,-0.28234,-4.16347,53.32237,8.43723,8.48683,17.87627,18.52204
1915.33570,-0.28234,-4.16347,53.32237,8.43723,8.48683,17.87627,18.52204
1915.34570,-0.30070,-4.16873,53.22768,8.36793,8.51380,17.87627,18.46968
1915.35570,-0.28818,-4.16976,53.21737,8.37823,8.49783,17.87627,18.46504
1915.36570,-0.29044,-4.17225,53.18708,8.36822,8.49244,17.86857,18.45785
1915.37570,-0.29514,-4.17743,53.12398,8.34737,8.48121,17.85252,18.44288
1915.38570,-0.28661,-4.18485,53.17089,8.33923,8.48691,17.89427,18.45048
1915.39570,-0.29237,-4.19318,53.25173,8.33443,8.49783,17.93187,18.48760
1915.40570,-0.31074,-4.19590,53.25537,8.32923,8.49783,17.91627,18.51204
1915.41570,-0.30367,-4.19159,53.23219,8.32923,8.50056,17.91354,18.48886
1915.42570,-0.28144,-4.17389,53.18251,8.34548,8.50989,17.90010,18.42704
1915.43570,-0.27220,-4.15668,53.21622,8.39063,8.51560,17.88295,18.42704
1915.44570,-0.26859,-4.14997,53.22937,8.40823,8.51783,17.87627,18.42704
1915.45570,-0.27510,-4.16211,53.29818,8.40174,8.51783,17.90872,18.46988
1915.46570,-0.27930,-4.15533,53.33651,8.41499,8.53261,17.90922,18.47969
1915.47570,-0.28258,-4.13668,53.30899,8.43298,8.54950,17.87362,18.45290
1915.48570,-0.28679,-4.17710,53.22687,8.36741,8.49453,17.89349,18.47144
1915.49570,-0.27103,-4.18526,53.21799,8.36536,8.47471,17.91052,18.46739
1915.50570,-0.22928,-4.18719,53.24403,8.37917,8.46464,17.96091,18.43930
1915.51570,-0.26457,-4.16718,53.30237,8.34923,8.55983,17.97627,18.41704
1915.52570,-0.26628,-4.16343,53.31225,8.36282,8.55814,17.96546,18.42584
1915.53570,-0.27369,-4.14717,53.35521,8.42188,8.55075,17.91848,18.46409
1915.54570,-0.27561,-4.14295,53.36637,8.43723,8.54883,17.90627,18.47404
1915.55570,-0.28663,-4.22073,53.07470,8.27364,8.43854,17.91238,18.45014
1915.56570,-0.27582,-4.21695,53.22311,8.30459,8.46314,17.96793,18.48744
1915.57570,-0.27421,-4.21638,53.24537,8.30923,8.46683,17.97627,18.49304
1915.58570,-0.25520,-4.17757,53.29948,8.38601,8.49783,17.94960,18.46604
1915.59570,-0.25476,-4.18746,53.31637,8.36823,8.49783,17.97627,18.47404
1915.60570,-0.25822,-4.18348,53.31287,8.37023,8.50403,17.96827,18.47034
1915.61570,-0.28946,-4.14764,53.28137,8.38823,8.55983,17.89627,18.43704
1915.62570,-0.28989,-4.14941,53.28982,8.38678,8.55983,17.90137,18.44185
1915.63570,-0.29377,-4.16551,53.36664,8.37353,8.55983,17.94772,18.48556
1915.64570,-0.24113,-4.15427,53.31899,8.44468,8.49983,17.91788,18.45659
1915.65570,-0.23932,-4.15368,53.31637,8.44723,8.49783,17.91627,18.45504
1915.66570,-0.26633,-4.18198,53.24679,8.37961,8.47725,17.91627,18.47366
1915.67570,-0.28765,-4.16848,53.23753,8.37823,8.50721,17.88687,18.46522
1915.68570,-0.28807,-4.16819,53.23737,8.37823,8.50783,17.88627,18.46504
1915.69570,-0.26318,-4.18206,53.27461,8.37823,8.48725,17.93527,18.47386
1915.70570,-0.26267,-4.18234,53.27537,8.37823,8.48683,17.93627,18.47404
1915.71570,-0.25533,-4.18487,53.29715,8.36833,8.49772,17.96597,18.46513
1915.72570,-0.30187,-4.17786,53.37360,8.37813,8.52852,17.93657,18.53038
1915.73570,-0.30234,-4.17779,53.37437,8.37823,8.52883,17.93627,18.53104
1915.74570,-0.30234,-4.17779,53.37437,8.37823,8.52883,17.93627,18.53104
1915.75570,-0.25247,-4.16886,53.30562,8.38740,8.51875,17.95460,18.44487
1915.76570,-0.25618,-4.13759,53.35837,8.44723,8.54883,17.91627,18.44604
1915.77570,-0.24865,-4.14211,53.28490,8.42020,8.54190,17.91627,18.40653
1915.78570,-0.24530,-4.14411,53.25237,8.40823,8.53883,17.91627,18.38904
1915.79570,-0.24320,-4.13760,53.17768,8.39106,8.54742,17.89909,18.34010
1915.80570,-0.22049,-4.12878,53.35388,8.43949,8.57576,17.96576,18.37287
1915.81570,-0.21713,-4.12762,53.38237,8.44723,8.57983,17.97627,18.37904
1915.82570,-0.20288,-4.13702,53.28877,8.44003,8.53519,17.95467,18.35888
1915.83570,-0.19733,-4.14069,53.25237,8.43723,8.51783,17.94627,18.35104
1915.84570,-0.20160,-4.15795,53.30986,8.40298,8.53003,18.00375,18.37310
1915.85570,-0.22444,-4.15987,53.45834,8.41413,8.56155,18.03794,18.44472
1915.86570,-0.23164,-4.15603,53.49737,8.42723,8.56983,18.03527,18.46504
1915.87570,-0.21211,-4.14955,53.40501,8.40563,8.57728,18.03527,18.38683
1915.88570,-0.20701,-4.16346,53.34738,8.40566,8.52637,18.01299,18.40237
1915.89570,-0.20757,-4.16906,53.33837,8.40823,8.50783,18.00527,18.41704
1915.90570,-0.23113,-4.12624,53.30729,8.42229,8.58405,17.94681,18.35414
1915.91570,-0.23941,-4.11118,53.29637,8.42723,8.61083,17.92627,18.33204
1915.92570,-0.19158,-4.12704,53.22237,8.42723,8.55015,17.94847,18.29652
1915.93570,-0.17080,-4.12876,53.16657,8.43220,8.52337,17.94137,18.26964
1915.94570,-0.16680,-4.12484,53.13637,8.43723,8.51783,17.92627,18.25504
1915.95570,-0.15195,-4.12142,53.14808,8.46126,8.50551,17.92627,18.25504
1915.96570,-0.13243,-4.12379,53.16704,8.47623,8.49108,17.94468,18.25504
1915.97570,-0.12596,-4.12661,53.17437,8.47623,8.48683,17.95627,18.25504
1915.98570,-0.17342,-4.10607,53.24391,8.47074,8.56247,17.93797,18.27273
1915.99570,-0.20370,-4.09297,53.28837,8.46723,8.61083,17.92627,18.28404
1916.00570,-0.18131,-4.11785,53.27324,8.45905,8.55602,17.95449,18.30368
1916.01570,-0.13974,-4.14550,53.26721,8.45203,8.49651,18.00967,18.30900
1916.02570,-0.12976,-4.13649,53.28437,8.45723,8.51783,18.02527,18.28404
1916.03570,-0.13650,-4.12374,53.30006,8.46655,8.54332,18.01546,18.27473
1916.04570,-0.14522,-4.11852,53.25493,8.45751,8.55015,17.99135,18.25592
1916.05570,-0.14709,-4.12724,53.18837,8.43723,8.52883,17.97627,18.24604
1916.06570,-0.15162,-4.12501,53.20884,8.44183,8.53596,17.97627,18.25478
1916.07570,-0.16676,-4.11756,53.27737,8.45723,8.55983,17.97627,18.28404
1916.08570,-0.16090,-4.12661,53.30806,8.44587,8.55983,18.01007,18.29228
1916.09570,-0.13529,-4.15317,53.38794,8.42822,8.54078,18.09893,18.32000
1916.10570,-0.11653,-4.15972,53.39237,8.44723,8.50783,18.10527,18.33204
1916.11570,-0.11653,-4.15972,53.39237,8.44723,8.50783,18.10527,18.33204
1916.12570,-0.11950,-4.15717,53.37546,8.43515,8.52052,18.10527,18.31453
1916.13570,-0.12406,-4.14296,53.40740,8.44542,8.55368,18.10527,18.30304
1916.14570,-0.12575,-4.13483,53.43537,8.45723,8.56983,18.10527,18.30304
1916.15570,-0.13455,-4.14359,53.32687,8.43564,8.53636,18.06208,18.29278
1916.16570,-0.10958,-4.14026,53.18583,8.45487,8.48002,18.00345,18.24749
1916.17570,-0.08244,-4.13122,53.14537,8.48623,8.45683,17.98527,18.21704
1916.18570,-0.11710,-4.14601,53.12119,8.42547,8.47543,17.99147,18.22882
1916.19570,-0.13702,-4.15759,53.11866,8.38920,8.48393,18.00204,18.24349
1916.20570,-0.12593,-4.17843,53.22108,8.39727,8.45974,18.05849,18.30559
1916.21570,-0.18666,-4.16269,53.16537,8.35823,8.51783,17.99527,18.29404
1916.22570,-0.18666,-4.16269,53.16537,8.35823,8.51783,17.99527,18.29404
1916.23570,-0.11456,-4.13339,53.32377,8.46614,8.52872,18.05467,18.27424
1916.24570,-0.16731,-4.16687,53.31844,8.43753,8.47735,18.01567,18.38789
1916.25570,-0.16785,-4.16721,53.31837,8.43723,8.47683,18.01527,18.38904
1916.26570,-0.14908,-4.16879,53.27382,8.39862,8.49762,18.05487,18.32271
1916.27570,-0.14889,-4.16880,53.27337,8.39823,8.49783,18.05527,18.32204
1916.28570,-0.16506,-4.14351,53.35893,8.43634,8.54606,18.03971,18.33682
1916.29570,-0.15058,-4.17005,53.35327,8.43863,8.47985,18.05247,18.38232
1916.30570,-0.14747,-4.17555,53.34837,8.43723,8.46683,18.05527,18.38904
1916.31570,-0.14540,-4.17120,53.27453,8.41703,8.47380,18.04133,18.34237
1916.32570,-0.19890,-4.14908,53.31040,8.39164,8.56228,18.01868,18.33780
1916.33570,-0.21006,-4.14493,53.32437,8.38823,8.57983,18.01527,18.34104
1916.34570,-0.18172,-4.16700,53.26552,8.38252,8.51526,18.02670,18.34104
1916.35570,-0.16043,-4.18358,53.22137,8.37823,8.46683,18.03527,18.34104
1916.36570,-0.17599,-4.16793,53.20086,8.38556,8.48955,17.99863,18.32712
1916.37570,-0.18413,-4.15854,53.25834,8.40283,8.51243,17.99987,18.34321
1916.38570,-0.18503,-4.15719,53.28237,8.40823,8.51783,18.00527,18.35104
1916.39570,-0.20737,-4.13098,53.27871,8.41483,8.57132,17.96937,18.32320
1916.40570,-0.17676,-4.11732,53.31203,8.46074,8.56797,17.97765,18.30567
1916.41570,-0.16296,-4.11586,53.32437,8.47623,8.55983,17.98527,18.30304
1916.42570,-0.20990,-4.11104,53.33986,8.45485,8.59744,17.95651,18.33106
1916.43570,-0.22661,-4.10932,53.34537,8.44723,8.61083,17.94627,18.34104
1916.44570,-0.20980,-4.11178,53.32653,8.43938,8.60691,17.96550,18.31474
1916.45570,-0.18676,-4.11515,53.30073,8.42863,8.60153,17.99184,18.27872
1916.46570,-0.20635,-4.14042,53.14271,8.37987,8.54090,17.93823,18.28371
1916.47570,-0.20669,-4.13624,53.15647,8.38822,8.54667,17.93627,18.28530
1916.48570,-0.20370,-4.10152,53.28837,8.45723,8.60083,17.93627,18.29404
1916.49570,-0.20587,-4.09356,53.27464,8.46197,8.61031,17.92206,18.28030
1916.50570,-0.16188,-4.08429,53.28846,8.50845,8.58992,17.93657,18.25352
1916.51570,-0.13174,-4.08402,53.30737,8.53523,8.56983,17.95627,18.24604
1916.52570,-0.17813,-4.09386,53.28968,8.47545,8.60094,17.95017,18.26312
1916.53570,-0.17195,-4.10353,53.25862,8.44417,8.59969,17.97365,18.24111
1916.54570,-0.11312,-4.10907,53.22623,8.45553,8.56503,18.01853,18.18714
1916.55570,-0.13165,-4.10537,53.24702,8.45988,8.57596,18.00174,18.20944
1916.56570,-0.20764,-4.09280,53.31837,8.46723,8.62083,17.93627,18.29404
1916.57570,-0.19169,-4.09924,53.31692,8.47645,8.59609,17.94597,18.29841
1916.58570,-0.17515,-4.10185,53.31634,8.48138,8.58486,17.96112,18.28898
1916.59570,-0.17557,-4.09737,53.31737,8.47623,8.60083,17.96627,18.27404
1916.60570,-0.17768,-4.09782,53.27371,8.47623,8.58579,17.94201,18.26967
1916.61570,-0.19875,-4.08978,53.28970,8.47623,8.60970,17.92401,18.27975
1916.62570,-0.22846,-4.07633,53.38837,8.47623,8.67283,17.93627,18.30304
1916.63570,-0.20220,-4.08466,53.34481,8.47983,8.63575,17.94347,18.28576
1916.64570,-0.15541,-4.09950,53.26737,8.48623,8.56983,17.95627,18.25504
1916.65570,-0.15145,-4.08887,53.25683,8.50405,8.57347,17.93808,18.24122
1916.66570,-0.16642,-4.07477,53.28600,8.51728,8.60255,17.92092,18.24525
1916.67570,-0.20420,-4.08256,53.36837,8.48623,8.64183,17.94627,18.29404
1916.68570,-0.19694,-4.07448,53.33045,8.49799,8.63679,17.92467,18.27100
1916.69570,-0.17672,-4.05199,53.22512,8.53066,8.62279,17.86467,18.20700
1916.70570,-0.16937,-4.06964,53.20091,8.51889,8.58557,17.87347,18.22298
1916.71570,-0.16863,-4.07303,53.19937,8.51623,8.57983,17.87627,18.22704
1916.72570,-0.12164,-4.06897,53.25793,8.54453,8.57983,17.93482,18.19874
1916.73570,-0.12675,-4.06690,53.25926,8.54634,8.58328,17.92738,18.20226
1916.74570,-0.16986,-4.05024,53.26017,8.55799,8.61083,17.86316,18.22818
1916.75570,-0.12533,-4.04441,53.27137,8.57523,8.61083,17.90627,18.17904
1916.76570,-0.13096,-4.04565,53.27600,8.56906,8.61562,17.90781,18.18352
1916.77570,-0.15545,-4.05101,53.29614,8.54221,8.63642,17.91452,18.20298
1916.78570,-0.16593,-4.05754,53.15237,8.52623,8.59083,17.84627,18.18904
1916.79570,-0.16051,-4.05888,53.16150,8.52930,8.58758,17.85439,18.19023
1916.80570,-0.11128,-4.07105,53.24445,8.55714,8.55804,17.92826,18.20102
1916.81570,-0.07936,-4.07894,53.29837,8.57523,8.53883,17.97627,18.20804
1916.82570,-0.09078,-4.07958,53.27037,8.56473,8.53883,17.95877,18.20804
1916.83570,-0.12615,-4.07523,53.26737,8.54523,8.56753,17.93327,18.22134
1916.84570,-0.15231,-4.06495,53.35837,8.54523,8.62083,17.94627,18.24604
1916.85570,-0.13755,-4.07239,53.32231,8.53765,8.59940,17.95411,18.23114
1916.86570,-0.12837,-4.08965,53.21915,8.51216,8.55145,17.93964,18.21590
1916.87570,-0.17508,-4.08419,53.22199,8.50403,8.57324,17.89177,18.25295
1916.88570,-0.16844,-4.08514,53.25937,8.48623,8.60083,17.93627,18.23604
1916.89570,-0.16844,-4.08514,53.25937,8.48623,8.60083,17.93627,18.23604
1916.90570,-0.13254,-4.07786,53.22790,8.54427,8.54969,17.90676,18.22719
1916.91570,-0.12628,-4.11699,53.23529,8.49672,8.50824,17.96567,18.26466
1916.92570,-0.12622,-4.11739,53.23537,8.49623,8.50783,17.96627,18.26504
1916.93570,-0.09595,-4.09751,53.27596,8.53484,8.52862,17.98508,18.22742
1916.94570,-0.09565,-4.09731,53.27637,8.53523,8.52883,17.98527,18.22704
1916.95570,-0.14648,-4.10282,53.22687,8.49662,8.53873,17.93676,18.25476
1916.96570,-0.20755,-4.09924,53.23737,8.46723,8.57983,17.89627,18.29404
1916.97570,-0.20755,-4.09924,53.23737,8.46723,8.57983,17.89627,18.29404
1916.98570,-0.17128,-4.09170,53.36281,8.52505,8.57983,17.94527,18.31266
1916.99570,-0.15300,-4.07439,53.32049,8.55197,8.57983,17.91987,18.26882
1917.00570,-0.14395,-4.06554,53.29737,8.56523,8.57983,17.90627,18.24604
1917.01570,-0.17876,-4.07993,53.24655,8.50580,8.58931,17.89765,18.25379
1917.02570,-0.16163,-4.10233,53.35533,8.51343,8.56417,17.96507,18.31266
1917.03570,-0.15794,-4.10559,53.37437,8.51623,8.55983,17.97627,18.32204
1917.04570,-0.16801,-4.09706,53.49993,8.54977,8.58649,17.99261,18.37106
1917.05570,-0.16964,-4.09567,53.52037,8.55523,8.59083,17.99527,18.37904
1917.06570,-0.15390,-4.11340,53.43682,8.51628,8.56148,18.01220,18.34686
1917.07570,-0.12930,-4.11811,53.48698,8.53660,8.54613,18.04717,18.35708
1917.08570,-0.12472,-4.11479,53.52937,8.55523,8.54883,18.05527,18.37004
1917.09570,-0.14841,-4.13125,53.39870,8.49756,8.52620,18.01877,18.35617
1917.10570,-0.15720,-4.13736,53.35037,8.47623,8.51783,18.00527,18.35104
1917.11570,-0.15002,-4.15606,53.34890,8.46222,8.48760,18.02739,18.37169
1917.12570,-0.15709,-4.15844,53.34245,8.44983,8.49237,18.02787,18.37238
1917.13570,-0.16048,-4.15694,53.34037,8.44723,8.49783,18.02527,18.37004
1917.14570,-0.17302,-4.14269,53.30380,8.45149,8.51527,17.98742,18.34963
1917.15570,-0.17635,-4.11923,53.30999,8.47914,8.54445,17.95874,18.32766
1917.16570,-0.16571,-4.11597,53.35337,8.49623,8.54883,17.97627,18.33204
1917.17570,-0.16571,-4.11597,53.35337,8.49623,8.54883,17.97627,18.33204
1917.18570,-0.17533,-4.12374,53.41031,8.49623,8.54883,17.99266,18.37259
1917.19570,-0.17685,-4.12497,53.41937,8.49623,8.54883,17.99527,18.37904
1917.20570,-0.15560,-4.12971,53.45417,8.50493,8.54013,18.03007,18.37904
1917.21570,-0.13652,-4.11532,53.40252,8.51485,8.54745,18.01804,18.32219
1917.22570,-0.13396,-4.11289,53.39337,8.51623,8.54883,18.01527,18.31304
1917.23570,-0.12639,-4.12667,53.35731,8.51623,8.50505,18.00668,18.32935
1917.24570,-0.11139,-4.11914,53.24989,8.52483,8.47977,17.96313,18.28216
1917.25570,-0.11325,-4.10338,53.25915,8.53810,8.50629,17.95218,18.26259
1917.26570,-0.12150,-4.08647,53.30213,8.55523,8.54243,17.94627,18.25820
1917.27570,-0.12635,-4.09382,53.31413,8.55523,8.52910,17.94627,18.28353
1917.28570,-0.12088,-4.13070,53.39019,8.49351,8.52883,18.05254,18.31531
1917.29570,-0.13255,-4.13617,53.47037,8.50623,8.52883,18.06527,18.37004
1917.30570,-0.12476,-4.14532,53.46218,8.49592,8.51509,18.08113,18.37004
1917.31570,-0.11600,-4.16386,53.45629,8.48127,8.48439,18.10367,18.38696
1917.32570,-0.13899,-4.15156,53.48637,8.50623,8.49783,18.06527,18.41704
1917.33570,-0.13582,-4.15017,53.48265,8.50830,8.49783,18.06527,18.41125
1917.34570,-0.12700,-4.14632,53.47230,8.51405,8.49783,18.06527,18.39515
1917.35570,-0.14031,-4.14825,53.42469,8.50919,8.48304,18.03004,18.40243
1917.36570,-0.14731,-4.14967,53.40637,8.50623,8.47683,18.01527,18.40804
1917.37570,-0.18218,-4.12329,53.37610,8.51464,8.52056,17.94883,18.39206
1917.38570,-0.19111,-4.12271,53.37927,8.50565,8.53190,17.94838,18.39333
1917.39570,-0.20124,-4.14192,53.41793,8.45965,8.54523,18.00105,18.41200
1917.40570,-0.13633,-4.13393,53.41937,8.50623,8.51783,18.03527,18.36004
1917.41570,-0.14365,-4.13250,53.40977,8.50233,8.52203,18.02537,18.36004
1917.42570,-0.21120,-4.12009,53.32721,8.46723,8.55983,17.93627,18.36388
1917.43570,-0.22085,-4.12943,53.35323,8.46283,8.55070,17.94166,18.39804
1917.44570,-0.18656,-4.16374,53.29947,8.43482,8.48134,17.98527,18.39804
1917.45570,-0.17612,-4.13521,53.39737,8.49623,8.51783,17.98527,18.39804
1917.46570,-0.18147,-4.13285,53.40870,8.49623,8.52696,17.98428,18.40123
1917.47570,-0.22151,-4.11520,53.48930,8.49408,8.59623,17.97694,18.42206
1917.48570,-0.19206,-4.12772,53.38862,8.47448,8.55433,17.98302,18.37679
1917.49570,-0.18114,-4.13236,53.35137,8.46723,8.53883,17.98527,18.36004
1917.50570,-0.18179,-4.12501,53.39243,8.46723,8.56914,18.00482,18.35124
1917.51570,-0.23706,-4.12507,53.33299,8.44744,8.56983,17.92706,18.38866
1917.52570,-0.23763,-4.12507,53.33237,8.44723,8.56983,17.92627,18.38904
1917.53570,-0.21821,-4.12490,53.36148,8.45694,8.56983,17.95489,18.37982
1917.54570,-0.19762,-4.12471,53.39237,8.46723,8.56983,17.98527,18.37004
1917.55570,-0.19406,-4.12354,53.35521,8.49458,8.53337,17.94390,18.38336
1917.56570,-0.21463,-4.10728,53.32032,8.49158,8.56326,17.90429,18.36120
1917.57570,-0.22269,-4.10153,53.31337,8.48623,8.57983,17.89627,18.35104
1917.58570,-0.26704,-4.10780,53.20382,8.44494,8.57141,17.82885,18.35862
1917.59570,-0.24657,-4.13137,53.25325,8.41497,8.56215,17.90841,18.36772
1917.60570,-0.23789,-4.13812,53.27437,8.40823,8.55983,17.93627,18.37004
1917.61570,-0.23308,-4.13627,53.32639,8.42915,8.55983,17.94699,18.39042
1917.62570,-0.22894,-4.13466,53.37137,8.44723,8.55983,17.95627,18.40804
1917.63570,-0.22894,-4.13675,53.37137,8.43743,8.56473,17.96607,18.40314
1917.64570,-0.21264,-4.13564,53.30757,8.45654,8.52791,17.93546,18.38765
1917.65570,-0.18491,-4.13003,53.19937,8.50623,8.45683,17.86627,18.37004
1917.66570,-0.22275,-4.10787,53.29331,8.49403,8.55077,17.87847,18.37004
1917.67570,-0.25568,-4.12213,53.28929,8.44988,8.56031,17.88011,18.39900
1917.68570,-0.26117,-4.13985,53.24937,8.42723,8.52883,17.87627,18.41704
1917.69570,-0.24728,-4.12279,53.20225,8.44583,8.53503,17.85147,18.36992
1917.70570,-0.23875,-4.11232,53.17337,8.45723,8.53883,17.83627,18.34104
1917.71570,-0.24066,-4.11447,53.18906,8.45904,8.53703,17.83987,18.35312
1917.72570,-0.23810,-4.10919,53.32067,8.48635,8.56413,17.88078,18.38941
1917.73570,-0.22645,-4.09358,53.38337,8.50623,8.60083,17.90627,18.37004
1917.74570,-0.23382,-4.10337,53.36252,8.49169,8.58580,17.90142,18.38362
1917.75570,-0.22786,-4.12401,53.35556,8.45712,8.56983,17.93988,18.38873
1917.76570,-0.21352,-4.13466,53.37137,8.43723,8.56983,17.98527,18.37904
1917.77570,-0.22714,-4.13295,53.32865,8.43243,8.56503,17.95215,18.37904
1917.78570,-0.24192,-4.13108,53.28237,8.42723,8.55983,17.91627,18.37904
1917.79570,-0.22194,-4.13219,53.29762,8.44638,8.54296,17.92925,18.37904
1917.80570,-0.18122,-4.13445,53.32875,8.48545,8.50852,17.95574,18.37904
1917.81570,-0.20040,-4.15150,53.30037,8.42723,8.51783,17.97627,18.37904
1917.82570,-0.20057,-4.14910,53.29372,8.43073,8.51783,17.96927,18.37589
1917.83570,-0.21085,-4.14131,53.29173,8.44438,8.52176,17.94198,18.38361
1917.84570,-0.22879,-4.13533,53.31037,8.45723,8.52883,17.91627,18.40804
1917.85570,-0.22879,-4.13533,53.31037,8.45723,8.52883,17.91627,18.40804
1917.86570,-0.20467,-4.12809,53.35137,8.46723,8.54883,17.95627,18.37904
1917.87570,-0.20467,-4.12809,53.35137,8.46723,8.54883,17.95627,18.37904
1917.88570,-0.22871,-4.15297,53.38556,8.45389,8.51484,17.95692,18.45992
1917.89570,-0.24066,-4.16963,53.38037,8.36823,8.55983,18.02527,18.42704
1917.90570,-0.24066,-4.16963,53.38037,8.36823,8.55983,18.02527,18.42704
1917.91570,-0.18592,-4.16296,53.22405,8.42723,8.46683,17.95627,18.37372
1917.92570,-0.20186,-4.16667,53.28397,8.43106,8.47334,17.96252,18.41704
1917.93570,-0.19555,-4.15763,53.35312,8.44702,8.50047,17.98859,18.41704
1917.94570,-0.17444,-4.16754,53.41537,8.46723,8.47683,18.02527,18.44604
1917.95570,-0.17530,-4.17132,53.40295,8.45258,8.47869,18.03269,18.43899
1917.96570,-0.17908,-4.18778,53.34891,8.38887,8.48675,18.06494,18.40835
1917.97570,-0.14744,-4.16567,53.20937,8.45723,8.42583,17.96627,18.36004
1917.98570,-0.14744,-4.16567,53.20937,8.45723,8.42583,17.96627,18.36004
1917.99570,-0.14454,-4.18743,53.38137,8.43723,8.44948,18.07527,18.41939
1918.00570,-0.16474,-4.18114,53.42126,8.43723,8.47683,18.07016,18.43704
1918.01570,-0.18562,-4.17423,53.37017,8.43723,8.47683,18.01906,18.43704
1918.02570,-0.16400,-4.17969,53.35554,8.45382,8.44282,18.02186,18.43704
1918.03570,-0.15840,-4.18120,53.35537,8.45723,8.43583,18.02527,18.43704
1918.04570,-0.18256,-4.20113,53.42327,8.41213,8.45573,18.07427,18.48114
1918.05570,-0.15742,-4.18904,53.41337,8.44723,8.44583,18.06527,18.45504
1918.06570,-0.15742,-4.18904,53.41337,8.44723,8.44583,18.06527,18.45504
1918.07570,-0.14527,-4.20196,53.47909,8.43771,8.44583,18.12241,18.47314
1918.08570,-0.14467,-4.20260,53.48237,8.43723,8.44583,18.12527,18.47404
1918.09570,-0.14892,-4.21580,53.39525,8.39862,8.42603,18.11537,18.45523
1918.10570,-0.15449,-4.17985,53.40614,8.43646,8.47582,18.07606,18.41779
1918.11570,-0.15460,-4.17913,53.40637,8.43723,8.47683,18.07527,18.41704
1918.12570,-0.11464,-4.19888,53.32717,8.42733,8.41545,18.09507,18.38932
1918.13570,-0.13427,-4.17732,53.29581,8.43388,8.44938,18.04876,18.36379
1918.14570,-0.14440,-4.16633,53.28037,8.43723,8.46683,18.02527,18.35104
1918.15570,-0.16170,-4.17232,53.27257,8.40341,8.48418,18.03394,18.35104
1918.16570,-0.16434,-4.17324,53.27137,8.39823,8.48683,18.03527,18.35104
1918.17570,-0.11287,-4.18617,53.22965,8.39823,8.44341,18.07784,18.31017
1918.18570,-0.11532,-4.17325,53.26315,8.43210,8.45035,18.05762,18.32308
1918.19570,-0.12043,-4.16646,53.28137,8.44723,8.45683,18.04527,18.33204
1918.20570,-0.14415,-4.17853,53.28283,8.38956,8.48676,18.07447,18.33204
1918.21570,-0.14920,-4.17445,53.33204,8.41174,8.48972,18.07052,18.36006
1918.22570,-0.14787,-4.17141,53.34937,8.42723,8.48683,18.06527,18.37004
1918.23570,-0.10981,-4.15257,53.41507,8.49220,8.48683,18.07987,18.35617
1918.24570,-0.07579,-4.15395,53.38989,8.51623,8.45156,18.08527,18.33683
1918.25570,-0.05169,-4.17660,53.34637,8.48614,8.41483,18.12336,18.32204
1918.26570,-0.06383,-4.19666,53.36298,8.43067,8.42861,18.17215,18.33155
1918.27570,-0.09240,-4.19241,53.36889,8.41992,8.45119,18.15064,18.34714
1918.28570,-0.09065,-4.16288,53.40782,8.45891,8.49367,18.13319,18.32205
1918.29570,-0.09953,-4.15020,53.32389,8.46260,8.49298,18.07678,18.29152
1918.30570,-0.10911,-4.15410,53.25337,8.44723,8.47683,18.04527,18.28404
1918.31570,-0.10033,-4.14085,53.28971,8.47287,8.49371,18.04851,18.27463
1918.32570,-0.08597,-4.11918,53.34929,8.51489,8.52137,18.05383,18.25920
1918.33570,-0.09669,-4.14571,53.23144,8.45230,8.48437,18.04455,18.25022
1918.34570,-0.11886,-4.16143,53.25361,8.41655,8.49047,18.06407,18.28252
1918.35570,-0.12907,-4.14798,53.40337,8.44723,8.53883,18.09527,18.32204
1918.36570,-0.10370,-4.15059,53.31125,8.45693,8.49374,18.07102,18.28956
1918.37570,-0.08321,-4.15215,53.23609,8.46399,8.45914,18.05176,18.26121
1918.38570,-0.09659,-4.14967,53.28245,8.45737,8.48629,18.06500,18.27379
1918.39570,-0.09374,-4.15349,53.27495,8.46419,8.46815,18.05794,18.28466
1918.40570,-0.08206,-4.17344,53.26721,8.46219,8.42107,18.07047,18.31348
1918.41570,-0.07086,-4.19700,53.27937,8.43723,8.39483,18.11527,18.33204
1918.42570,-0.07814,-4.19312,53.29737,8.44083,8.40599,18.11167,18.33888
1918.43570,-0.09109,-4.18623,53.32937,8.44723,8.42583,18.10527,18.35104
1918.44570,-0.09109,-4.18623,53.32937,8.44723,8.42583,18.10527,18.35104
1918.45570,-0.10836,-4.17868,53.38586,8.44179,8.46683,18.11754,18.35969
1918.46570,-0.11075,-4.17918,53.43837,8.45723,8.46683,18.12527,18.38904
1918.47570,-0.10820,-4.17516,53.44604,8.45956,8.47636,18.12991,18.38021
1918.48570,-0.08748,-4.16359,53.44571,8.46723,8.49571,18.14764,18.33512
1918.49570,-0.05177,-4.17172,53.35417,8.45803,8.45683,18.15527,18.28404
1918.50570,-0.06275,-4.17510,53.29646,8.43183,8.45683,18.13917,18.26863
1918.51570,-0.05753,-4.15627,53.20637,8.44723,8.45683,18.08527,18.21704
1918.52570,-0.06547,-4.15172,53.24103,8.45781,8.46787,18.08220,18.23314
1918.53570,-0.09989,-4.13204,53.39169,8.50381,8.51587,18.06887,18.30314
1918.54570,-0.07010,-4.14794,53.22084,8.45899,8.46911,18.06527,18.22747
1918.55570,-0.06329,-4.15187,53.19061,8.44521,8.46411,18.07234,18.20895
1918.56570,-0.07447,-4.14789,53.30837,8.42723,8.52883,18.13527,18.21704
1918.57570,-0.07484,-4.14723,53.30249,8.43257,8.52317,18.12655,18.22020
1918.58570,-0.07300,-4.14013,53.25457,8.48123,8.47583,18.05627,18.24124
1918.59570,-0.02983,-4.12497,53.25637,8.52623,8.46683,18.06527,18.19804
1918.60570,-0.02983,-4.12497,53.25637,8.52623,8.46683,18.06527,18.19804
1918.61570,-0.04503,-4.12186,53.29384,8.52623,8.48605,18.06527,18.21629
1918.62570,-0.05054,-4.13373,53.22806,8.47674,8.48683,18.07517,18.18932
1918.63570,-0.05059,-4.13385,53.22737,8.47623,8.48683,18.07527,18.18904
1918.64570,-0.03023,-4.10054,53.32807,8.56846,8.50460,18.05834,18.19666
1918.65570,-0.02653,-4.09450,53.34637,8.58523,8.50783,18.05527,18.19804
1918.66570,-0.05374,-4.11434,53.27739,8.53310,8.49151,18.03947,18.21331
1918.67570,-0.09235,-4.12703,53.23314,8.47777,8.50306,18.02527,18.22704
1918.68570,-0.09491,-4.12609,53.23637,8.47623,8.50783,18.02527,18.22704
1918.69570,-0.09807,-4.10661,53.22863,8.51923,8.50783,17.97453,18.22704
1918.70570,-0.07531,-4.09853,53.35809,8.52623,8.56115,18.06001,18.21070
1918.71570,-0.07153,-4.09774,53.37937,8.52623,8.56983,18.07527,18.20804
1918.72570,-0.07153,-4.09774,53.37937,8.52623,8.56983,18.07527,18.20804
1918.73570,-0.07402,-4.10264,53.34337,8.56523,8.50783,18.01527,18.25504
1918.74570,-0.06793,-4.07848,53.46463,8.61597,8.55255,18.03247,18.26364
1918.75570,-0.04665,-4.06541,53.60477,8.64917,8.59509,18.09547,18.26504
1918.76570,-0.04335,-4.06392,53.62437,8.65323,8.60083,18.10527,18.26504
1918.77570,-0.05430,-4.03503,53.55959,8.66470,8.63638,18.04793,18.21057
1918.78570,-0.06298,-4.00810,53.45652,8.65666,8.67426,17.99384,18.13175
1918.79570,-0.06338,-4.00406,53.41537,8.64423,8.68283,17.98527,18.10304
1918.80570,-0.06000,-3.99436,53.43533,8.65348,8.70279,17.99013,18.08893
1918.81570,-0.05645,-3.98414,53.45637,8.66323,8.72383,17.99527,18.07404
1918.82570,-0.02021,-4.00553,53.51792,8.67485,8.68203,18.05914,18.10191
1918.83570,-0.01597,-4.00610,53.40919,8.66843,8.65183,18.01647,18.07246
1918.84570,-0.02369,-4.00087,53.35537,8.66323,8.65183,17.98527,18.05504
1918.85570,-0.07373,-3.99501,53.36486,8.62746,8.70439,17.96410,18.06891
1918.86570,-0.06191,-4.00207,53.47690,8.65268,8.69901,18.00931,18.11589
1918.87570,-0.03005,-4.01175,53.59137,8.69323,8.67283,18.06527,18.16004
1918.88570,-0.06215,-4.00177,53.59692,8.69939,8.69193,18.02214,18.18345
1918.89570,-0.08215,-3.99555,53.60037,8.70323,8.70383,17.99527,18.19804
1918.90570,-0.12093,-3.98040,53.66037,8.72081,8.74141,17.95951,18.23865
1918.91570,-0.15835,-3.96698,53.69391,8.72647,8.77828,17.92413,18.26504
1918.92570,-0.17844,-3.96109,53.68496,8.71701,8.79867,17.90423,18.26504
1918.93570,-0.16003,-3.96299,53.60542,8.68873,8.79654,17.91587,18.20428
1918.94570,-0.14606,-3.94659,53.53862,8.72105,8.78093,17.86767,18.16897
1918.95570,-0.16025,-3.92491,53.55137,8.78123,8.77583,17.79627,18.19804
1918.96570,-0.16441,-3.92845,53.47868,8.75592,8.76902,17.78037,18.17338
1918.97570,-0.17293,-3.93570,53.33034,8.70427,8.75511,17.74792,18.12305
1918.98570,-0.17016,-3.94269,53.37741,8.69243,8.76599,17.78651,18.13248
1918.99570,-0.17064,-3.95324,53.46601,8.67683,8.78583,17.84547,18.15788
1919.00570,-0.18075,-3.95042,53.46537,8.68323,8.78583,17.82627,18.17004
1919.01570,-0.18075,-3.95042,53.46537,8.68323,8.78583,17.82627,18.17004
1919.02570,-0.18473,-3.95640,53.38920,8.67783,8.75234,17.78899,18.17004
1919.03570,-0.23102,-3.94443,53.50200,8.67917,8.81591,17.78638,18.22054
1919.04570,-0.26016,-3.93282,53.62337,8.68323,8.87883,17.80627,18.25504
1919.05570,-0.24131,-3.93602,53.49291,8.67626,8.83558,17.77208,18.20899
1919.06570,-0.25996,-3.91976,53.52046,8.69846,8.86056,17.74045,18.22099
1919.07570,-0.26067,-3.91587,53.52526,8.70616,8.86358,17.73424,18.22128
1919.08570,-0.22181,-3.91084,53.42637,8.73223,8.81683,17.70727,18.17004
1919.09570,-0.22730,-3.90907,53.41782,8.72901,8.82139,17.69949,18.16793
1919.10570,-0.27255,-3.89487,53.35969,8.70671,8.85783,17.63727,18.15788
1919.11570,-0.28214,-3.89461,53.43537,8.73223,8.85783,17.63727,18.20804
1919.12570,-0.28214,-3.89461,53.43537,8.73223,8.85783,17.63727,18.20804
1919.13570,-0.21548,-3.89159,53.28937,8.73223,8.81683,17.64727,18.09304
1919.14570,-0.27505,-3.85346,53.47637,8.81123,8.88883,17.58727,18.18904
1919.15570,-0.27505,-3.85346,53.47637,8.81123,8.88883,17.58727,18.18904
1919.16570,-0.32741,-3.89526,53.38837,8.67323,8.89983,17.61727,18.19804
1919.17570,-0.32741,-3.89526,53.38837,8.67323,8.89983,17.61727,18.19804
1919.18570,-0.31830,-3.88357,53.48737,8.71323,8.91983,17.63727,18.21704
1919.19570,-0.30573,-3.87830,53.46804,8.71923,8.91983,17.63727,18.19171
1919.20570,-0.29944,-3.87566,53.45837,8.72223,8.91983,17.63727,18.17904
1919.21570,-0.29300,-3.85205,53.47748,8.76567,8.93808,17.61121,18.16253
1919.22570,-0.30804,-3.86427,53.48554,8.77223,8.90552,17.59004,18.21775
1919.23570,-0.31411,-3.86924,53.47786,8.76372,8.89983,17.58727,18.22704
1919.24570,-0.32670,-3.84023,53.50642,8.76223,8.97882,17.58727,18.17810
1919.25570,-0.32868,-3.83539,53.51137,8.76223,8.99183,17.58727,18.17004
1919.26570,-0.35326,-3.84441,53.36541,8.72789,8.95663,17.51944,18.16145
1919.27570,-0.30051,-3.85528,53.51165,8.75663,8.95083,17.62781,18.17638
1919.28570,-0.29130,-3.85681,53.53937,8.76223,8.95083,17.64727,18.17904
1919.29570,-0.29805,-3.85728,53.55631,8.76079,8.95677,17.64871,18.19004
1919.30570,-0.33787,-3.86008,53.65637,8.75223,8.99183,17.65727,18.25504
1919.31570,-0.32663,-3.85807,53.63857,8.76889,8.97403,17.64578,18.24987
1919.32570,-0.33614,-3.86145,53.63771,8.76520,8.96947,17.63727,18.26577
1919.33570,-0.36169,-3.86844,53.65537,8.74223,8.98183,17.63727,18.29404
1919.34570,-0.33591,-3.83361,53.61725,8.78313,9.01025,17.60954,18.21432
1919.35570,-0.34304,-3.79965,53.55949,8.80123,9.05276,17.55420,18.15130
1919.36570,-0.34990,-3.79279,53.54437,8.80123,9.06383,17.53827,18.14104
1919.37570,-0.33964,-3.79360,53.47914,8.80123,9.04015,17.51885,18.11891
1919.38570,-0.32554,-3.79473,53.38978,8.80123,9.00770,17.49226,18.08859
1919.39570,-0.32342,-3.79490,53.37637,8.80123,9.00283,17.48827,18.08404
1919.40570,-0.28508,-3.80242,53.28256,8.76312,8.99208,17.52736,17.99999
1919.41570,-0.29515,-3.79362,53.42737,8.81123,9.01283,17.53827,18.06504
1919.42570,-0.30153,-3.79552,53.42001,8.80663,9.01053,17.53137,18.07148
1919.43570,-0.30746,-3.81142,53.44321,8.79123,8.99639,17.55089,18.10469
1919.44570,-0.27264,-3.83295,53.55137,8.79123,8.98183,17.64727,18.13104
1919.45570,-0.28480,-3.80776,53.56240,8.82912,9.00677,17.59979,18.12672
1919.46570,-0.29798,-3.78045,53.57437,8.87023,9.03383,17.54827,18.12204
1919.47570,-0.29406,-3.79587,53.55491,8.84222,9.01912,17.57153,18.12204
1919.48570,-0.31550,-3.80811,53.47337,8.77811,9.02731,17.56895,18.09900
1919.49570,-0.34350,-3.80287,53.40837,8.74223,9.05383,17.53827,18.07404
1919.50570,-0.34494,-3.79850,53.38533,8.75471,9.04391,17.51267,18.07404
1919.51570,-0.34796,-3.78938,53.33733,8.78071,9.02325,17.45933,18.07404
1919.52570,-0.35905,-3.78270,53.50637,8.80123,9.07483,17.50827,18.12204
1919.53570,-0.34800,-3.78289,53.48572,8.80473,9.06398,17.50827,18.10874
1919.54570,-0.32745,-3.78325,53.44737,8.81123,9.04383,17.50827,18.08404
1919.55570,-0.32745,-3.78325,53.44737,8.81123,9.04383,17.50827,18.08404
1919.56570,-0.32050,-3.80500,53.43416,8.79684,9.00283,17.52473,18.10976
1919.57570,-0.34642,-3.81853,53.39537,8.75223,9.00283,17.51827,18.12204
1919.58570,-0.35015,-3.80880,53.47517,8.77638,9.02803,17.52877,18.14199
1919.59570,-0.34696,-3.80133,53.61147,8.81773,9.04963,17.55842,18.18569
1919.60570,-0.32820,-3.82087,53.58937,8.81123,9.00283,17.57727,18.19804
1919.61570,-0.34867,-3.81901,53.62063,8.79784,9.03099,17.58070,18.21109
1919.62570,-0.38773,-3.81546,53.68037,8.77223,9.08483,17.58727,18.23604
1919.63570,-0.38773,-3.81546,53.68037,8.77223,9.08483,17.58727,18.23604
1919.64570,-0.35100,-3.84672,53.65521,8.73996,9.03516,17.65271,18.22739
1919.65570,-0.32365,-3.86064,53.53937,8.73223,8.97183,17.63727,18.19804
1919.66570,-0.31997,-3.85710,53.54834,8.74350,8.97183,17.63497,18.19804
1919.67570,-0.30089,-3.84896,53.57538,8.78583,8.95757,17.62957,18.20241
1919.68570,-0.27823,-3.86132,53.56537,8.80123,8.90983,17.63727,18.21704
1919.69570,-0.28272,-3.86473,53.57710,8.79226,8.91466,17.64647,18.22371
1919.70570,-0.29775,-3.87614,53.61637,8.76223,8.93083,17.67727,18.24604
1919.71570,-0.29264,-3.87877,53.64077,8.77129,8.92363,17.68656,18.25928
1919.72570,-0.26698,-3.89105,53.71837,8.79665,8.89494,17.73132,18.29546
1919.73570,-0.23017,-3.90607,53.70587,8.77758,8.87454,17.78987,18.26388
1919.74570,-0.21987,-3.91027,53.70237,8.77223,8.86883,17.80627,18.25504
1919.75570,-0.28806,-3.91343,53.70151,8.73789,8.89545,17.75561,18.31257
1919.76570,-0.33400,-3.88775,53.80611,8.74075,8.98754,17.74727,18.33055
1919.77570,-0.34004,-3.88319,53.82437,8.74223,9.00283,17.74727,18.33204
1919.78570,-0.28139,-3.91306,53.74624,8.71733,8.93157,17.80651,18.29083
1919.79570,-0.27172,-3.91798,53.73337,8.71323,8.91983,17.81627,18.28404
1919.80570,-0.26399,-3.92535,53.63540,8.71323,8.87036,17.77747,18.27434
1919.81570,-0.26462,-3.94099,53.80640,8.71965,8.88310,17.85472,18.34893
1919.82570,-0.26497,-3.94715,53.87637,8.72223,8.88883,17.88627,18.37904
1919.83570,-0.23673,-3.96084,53.75398,8.70986,8.82894,17.87325,18.34193
1919.84570,-0.22725,-3.96907,53.71809,8.70323,8.80445,17.87389,18.33652
1919.85570,-0.22903,-3.96935,53.72737,8.70323,8.80683,17.87627,18.34104
1919.86570,-0.24587,-3.97597,53.80414,8.67765,8.84180,17.91891,18.36578
1919.87570,-0.24876,-3.97711,53.81737,8.67323,8.84783,17.92627,18.37004
1919.88570,-0.21608,-3.98577,53.87232,8.72389,8.79460,17.94344,18.41039
1919.89570,-0.23818,-3.99144,53.91749,8.69869,8.82109,17.96347,18.43424
1919.90570,-0.24265,-3.99213,53.92337,8.69323,8.82683,17.96627,18.43704
1919.91570,-0.26261,-4.00237,53.87337,8.65732,8.82229,17.95263,18.44113
1919.92570,-0.28613,-4.01445,53.81455,8.61508,8.81694,17.93659,18.44594
1919.93570,-0.27370,-3.99917,53.58037,8.58523,8.80683,17.86627,18.32204
1919.94570,-0.29089,-3.98655,53.67396,8.60155,8.85062,17.87485,18.34694
1919.95570,-0.29371,-3.98447,53.68937,8.60423,8.85783,17.87627,18.35104
1919.96570,-0.27688,-4.00212,53.63548,8.60423,8.79878,17.87053,18.36193
1919.97570,-0.24125,-4.01309,53.59537,8.62709,8.73712,17.87198,18.35918
1919.98570,-0.22394,-4.01145,53.59537,8.64423,8.72383,17.87627,18.35104
1919.99570,-0.24565,-3.99221,53.62019,8.64423,8.77712,17.86167,18.33717
1920.00570,-0.24406,-3.99492,53.60382,8.65810,8.75157,17.84167,18.35248
1920.01570,-0.24051,-3.99855,53.59437,8.66323,8.73483,17.83627,18.36004
1920.02570,-0.24199,-4.00693,53.65813,8.64425,8.75479,17.88493,18.37415
1920.03570,-0.24355,-4.01575,53.72537,8.62423,8.77583,17.93627,18.38904
1920.04570,-0.24392,-4.00370,53.74953,8.64779,8.78852,17.92419,18.38904
1920.05570,-0.23657,-4.02326,53.62617,8.62183,8.72843,17.89827,18.37764
1920.06570,-0.23148,-4.04165,53.53337,8.59423,8.68283,17.88627,18.37004
1920.07570,-0.24700,-4.03486,53.56337,8.58988,8.71283,17.88627,18.37439
1920.08570,-0.26353,-4.02762,53.59537,8.58523,8.74483,17.88627,18.37904
1920.09570,-0.24587,-4.02578,53.56133,8.60700,8.71637,17.86952,18.36844
1920.10570,-0.25192,-4.01625,53.53829,8.62097,8.71733,17.83669,18.36330
1920.11570,-0.28424,-4.00323,53.54460,8.61571,8.75522,17.80511,18.36857
1920.12570,-0.29328,-3.99958,53.54637,8.61423,8.76583,17.79627,18.37004
1920.13570,-0.25061,-3.98300,53.65561,8.64651,8.80804,17.87075,18.33032
1920.14570,-0.25649,-3.99698,53.74977,8.67023,8.78198,17.88627,18.41129
1920.15570,-0.25909,-4.00005,53.76237,8.67323,8.77583,17.88627,18.42704
1920.16570,-0.22994,-4.00507,53.89137,8.69323,8.78583,17.96627,18.44604
1920.17570,-0.22629,-4.00655,53.87279,8.69556,8.77398,17.95930,18.44395
1920.18570,-0.22931,-4.01308,53.83261,8.69496,8.74614,17.93627,18.45525
1920.19570,-0.26893,-4.01736,53.88837,8.67323,8.77583,17.93627,18.50304
1920.20570,-0.26573,-4.00656,53.82097,8.67323,8.77950,17.90696,18.46128
1920.21570,-0.25970,-4.00405,53.71128,8.64451,8.77856,17.88899,18.39922
1920.22570,-0.25887,-4.03245,53.72337,8.59423,8.76583,17.94627,18.41704
1920.23570,-0.25887,-4.03245,53.72337,8.59423,8.76583,17.94627,18.41704
1920.24570,-0.27026,-4.01488,53.71477,8.63423,8.76446,17.88788,18.42819
1920.25570,-0.24116,-4.04549,53.71937,8.63423,8.69383,17.92627,18.46504
1920.26570,-0.24578,-4.04505,53.73099,8.62512,8.70772,17.93538,18.46276
1920.27570,-0.26146,-4.04356,53.77037,8.59423,8.75483,17.96627,18.45504
1920.28570,-0.26146,-4.04356,53.77037,8.59423,8.75483,17.96627,18.45504
1920.29570,-0.22622,-4.05571,53.72617,8.62123,8.68493,17.96117,18.45884
1920.30570,-0.24041,-4.06873,53.79637,8.59423,8.70383,18.00527,18.49304
1920.31570,-0.24494,-4.06896,53.80144,8.59639,8.70275,17.99998,18.50231
1920.32570,-0.28307,-4.07172,53.85358,8.61188,8.69752,17.96285,18.58134
1920.33570,-0.29028,-4.08088,53.96700,8.58570,8.73846,18.03600,18.60684
1920.34570,-0.29316,-4.08454,54.01237,8.57523,8.75483,18.06527,18.61704
1920.35570,-0.29391,-4.09950,53.87520,8.53604,8.71466,18.03587,18.58863
1920.36570,-0.29392,-4.09981,53.87237,8.53523,8.71383,18.03527,18.58804
1920.37570,-0.25330,-4.07085,53.80738,8.60216,8.69443,17.98677,18.52402
1920.38570,-0.25344,-4.08037,53.67345,8.53730,8.69383,17.98527,18.45705
1920.39570,-0.25348,-4.08069,53.66937,8.53523,8.69383,17.98527,18.45504
1920.40570,-0.24104,-4.07047,53.52799,8.53523,8.67245,17.93078,18.38952
1920.41570,-0.26949,-4.10961,53.50253,8.46223,8.64541,17.95604,18.43885
1920.42570,-0.27649,-4.11859,53.51037,8.44723,8.64183,17.96627,18.45504
1920.43570,-0.26663,-4.08964,53.53445,8.52291,8.64183,17.91467,18.45504
1920.44570,-0.26502,-4.08493,53.53837,8.53523,8.64183,17.90627,18.45504
1920.45570,-0.30321,-4.11827,53.65312,8.48508,8.65033,17.96577,18.55194
1920.46570,-0.30796,-4.10787,53.71842,8.47623,8.70453,18.00092,18.53674
1920.47570,-0.30761,-4.10501,53.72637,8.47623,8.71383,18.00527,18.53104
1920.48570,-0.30761,-4.10501,53.72637,8.47623,8.71383,18.00527,18.53104
1920.49570,-0.28943,-4.08452,53.72119,8.52655,8.71012,17.97495,18.50956
1920.50570,-0.27296,-4.09007,53.67979,8.51634,8.69399,17.98516,18.48429
1920.51570,-0.27280,-4.09012,53.67937,8.51623,8.69383,17.98527,18.48404
1920.52570,-0.28832,-4.07941,53.65879,8.53485,8.69383,17.93725,18.49286
1920.53570,-0.28864,-4.07919,53.65837,8.53523,8.69383,17.93627,18.49304
1920.54570,-0.30288,-4.09974,53.65641,8.50681,8.67325,17.94607,18.53028
1920.55570,-0.27041,-4.06167,53.59237,8.55523,8.69383,17.90627,18.43704
1920.56570,-0.27072,-4.06043,53.60479,8.55868,8.69728,17.90857,18.44026
1920.57570,-0.28601,-4.05214,53.69554,8.57373,8.73096,17.91937,18.47148
1920.58570,-0.32926,-4.05615,53.67937,8.53523,8.75483,17.89627,18.49304
1920.59570,-0.32408,-4.05323,53.68054,8.53523,8.76207,17.90327,18.47997
1920.60570,-0.30927,-4.04491,53.68387,8.53523,8.78273,17.92327,18.44264
1920.61570,-0.30705,-4.04366,53.68437,8.53523,8.78583,17.92627,18.43704
1920.62570,-0.26062,-4.01687,53.74004,8.62423,8.77795,17.92233,18.41552
1920.63570,-0.25917,-4.01412,53.74437,8.62423,8.78583,17.92627,18.40804
1920.64570,-0.25034,-3.99452,53.73757,8.65583,8.79823,17.90227,18.38124
1920.65570,-0.24099,-3.96573,53.72753,8.69688,8.82175,17.86785,18.34104
1920.66570,-0.26167,-3.96906,53.72837,8.66323,8.84783,17.87627,18.34104
1920.67570,-0.26090,-3.98397,53.68897,8.65421,8.80890,17.86677,18.35908
1920.68570,-0.26005,-4.00049,53.64537,8.64423,8.76583,17.85627,18.37904
1920.69570,-0.29536,-3.98665,53.63673,8.63943,8.80039,17.81307,18.38384
1920.70570,-0.31939,-3.96969,53.62737,8.64419,8.83247,17.77393,18.37678
1920.71570,-0.28976,-3.96562,53.62737,8.66494,8.82130,17.78988,18.35125
1920.72570,-0.28533,-3.95525,53.65318,8.67677,8.84229,17.79627,18.33786
1920.73570,-0.29529,-3.93586,53.67685,8.67610,8.89632,17.79627,18.30816
1920.74570,-0.28877,-3.92968,53.63437,8.66323,8.90983,17.79627,18.26504
1920.75570,-0.28576,-3.93960,53.59969,8.64984,8.88854,17.79627,18.26504
1920.76570,-0.28001,-3.95860,53.53337,8.62423,8.84783,17.79627,18.26504
1920.77570,-0.28001,-3.95860,53.53337,8.62423,8.84783,17.79627,18.26504
1920.78570,-0.28391,-3.89600,53.62826,8.72412,8.92617,17.73838,18.23960
1920.79570,-0.26554,-3.88227,53.59637,8.76223,8.90983,17.70727,18.21704
1920.80570,-0.26323,-3.88557,53.55985,8.74705,8.90521,17.70727,18.20032
1920.81570,-0.25613,-3.89035,53.44159,8.70401,8.89807,17.70067,18.13884
1920.82570,-0.26004,-3.86568,53.48137,8.74223,8.93083,17.67727,18.13104
1920.83570,-0.26013,-3.86203,53.48374,8.74803,8.93438,17.67254,18.12879
1920.84570,-0.26051,-3.84544,53.49449,8.77437,8.95051,17.65103,18.11858
1920.85570,-0.25732,-3.84271,53.48905,8.77912,8.95036,17.64753,18.11204
1920.86570,-0.25121,-3.86678,53.45270,8.73659,8.92443,17.67964,18.11204
1920.87570,-0.30987,-3.81379,53.54537,8.77223,9.04383,17.61727,18.11204
1920.88570,-0.30539,-3.81227,53.55011,8.77851,9.04272,17.61886,18.11002
1920.89570,-0.26064,-3.79702,53.59745,8.84128,9.03155,17.63482,18.08981
1920.90570,-0.25768,-3.79946,53.55237,8.86023,8.99183,17.59727,18.10304
1920.91570,-0.25789,-3.79761,53.55291,8.85808,8.99852,17.59942,18.09689
1920.92570,-0.25967,-3.78229,53.55737,8.84023,9.05383,17.61727,18.04604
1920.93570,-0.25967,-3.78229,53.55737,8.84023,9.05383,17.61727,18.04604
1920.94570,-0.24837,-3.78679,53.47048,8.84023,9.01425,17.58830,18.02770
1920.95570,-0.21630,-3.76861,53.54674,8.88922,9.03341,17.61666,18.00744
1920.96570,-0.21565,-3.76823,53.54837,8.89023,9.03383,17.61727,18.00704
1920.97570,-0.27113,-3.73790,53.51248,8.89023,9.09300,17.53094,17.99831
1920.98570,-0.24349,-3.74723,53.57927,8.91545,9.06832,17.57289,18.02261
1920.99570,-0.22749,-3.75282,53.61637,8.92923,9.05383,17.59727,18.03604
1921.00570,-0.29156,-3.74753,53.55925,8.88807,9.08827,17.53091,18.05200
1921.01570,-0.30379,-3.74652,53.54837,8.88023,9.09483,17.51827,18.05504
1921.02570,-0.25729,-3.75275,53.51613,8.87175,9.07786,17.56833,17.99819
1921.03570,-0.23921,-3.77040,53.54097,8.88383,9.03267,17.59087,18.03360
1921.04570,-0.23462,-3.77817,53.55537,8.89023,9.01283,17.59727,18.05504
1921.05570,-0.24194,-3.73954,53.54457,8.93271,9.05747,17.54039,18.01400
1921.06570,-0.26183,-3.74195,53.51013,8.91323,9.05971,17.51827,18.01892
1921.07570,-0.26846,-3.74874,53.49837,8.89923,9.05383,17.51827,18.02704
1921.08570,-0.24211,-3.75912,53.50416,8.90646,9.02420,17.54645,18.02704
1921.09570,-0.23200,-3.76309,53.50637,8.90923,9.01283,17.55727,18.02704
1921.10570,-0.24197,-3.76309,53.49555,8.90563,9.01283,17.54320,18.03389
1921.11570,-0.31355,-3.74516,53.50234,8.88172,9.08108,17.48203,18.05752
1921.12570,-0.34885,-3.73342,53.51937,8.87023,9.12583,17.45827,18.06504
1921.13570,-0.32883,-3.74160,53.54915,8.87899,9.10788,17.48892,18.07336
1921.14570,-0.29561,-3.74596,53.61950,8.91177,9.08848,17.53192,18.08733
1921.15570,-0.28250,-3.73532,53.67537,8.94923,9.09483,17.53827,18.09304
1921.16570,-0.27965,-3.72759,53.79962,8.99651,9.10756,17.55584,18.13971
1921.17570,-0.27780,-3.72259,53.88037,9.02723,9.11583,17.56727,18.17004
1921.18570,-0.30556,-3.73083,53.70946,8.94420,9.12189,17.53151,18.11186
1921.19570,-0.30983,-3.72111,53.63461,8.93130,9.13248,17.50223,18.06860
1921.20570,-0.30074,-3.71122,53.65837,8.95823,9.13683,17.49827,18.06504
1921.21570,-0.30074,-3.71122,53.65837,8.95823,9.13683,17.49827,18.06504
1921.22570,-0.33193,-3.70660,53.49517,8.95823,9.09263,17.37927,18.06504
1921.23570,-0.28428,-3.72496,53.40494,8.90101,9.07642,17.45084,17.97667
1921.24570,-0.27426,-3.72857,53.39337,8.89023,9.07483,17.46827,17.96004
1921.25570,-0.33985,-3.66672,53.53537,8.94923,9.20883,17.39827,17.97904
1921.26570,-0.33746,-3.66391,53.53941,8.95620,9.20984,17.39625,17.97712
1921.27570,-0.31930,-3.64024,53.56557,9.01170,9.21883,17.37609,17.95895
1921.28570,-0.34503,-3.65139,53.48537,8.95823,9.21883,17.35827,17.95004
1921.29570,-0.34836,-3.65005,53.46485,8.95573,9.21752,17.34656,17.94504
1921.30570,-0.34505,-3.64017,53.38049,8.97072,9.19697,17.29414,17.91866
1921.31570,-0.27079,-3.63738,53.53082,9.06334,9.16207,17.36729,17.93812
1921.32570,-0.28051,-3.62859,53.56987,9.06623,9.19313,17.37167,17.93884
1921.33570,-0.35420,-3.59893,53.62837,9.02723,9.32183,17.34827,17.93104
1921.34570,-0.34467,-3.59374,53.63104,9.04034,9.32183,17.34827,17.92060
1921.35570,-0.31401,-3.57080,53.63504,9.08623,9.33128,17.34233,17.87521
1921.36570,-0.32565,-3.54996,53.61186,9.08623,9.37234,17.31650,17.83679
1921.37570,-0.32787,-3.53973,53.59609,9.09255,9.38463,17.29967,17.81924
1921.38570,-0.31743,-3.49575,53.50329,9.15575,9.39263,17.20367,17.75124
1921.39570,-0.35513,-3.48973,53.47081,9.12713,9.42412,17.16973,17.74983
1921.40570,-0.35689,-3.48983,53.46311,9.12490,9.42343,17.16600,17.74877
1921.41570,-0.36521,-3.49074,53.39044,9.11157,9.40943,17.13333,17.73611
1921.42570,-0.36855,-3.49110,53.36137,9.10623,9.40383,17.12027,17.73104
1921.43570,-0.37402,-3.48769,53.37510,9.06801,9.45480,17.15849,17.69379
1921.44570,-0.38833,-3.46745,53.60861,9.12505,9.52639,17.19847,17.75870
1921.45570,-0.38862,-3.46704,53.61337,9.12623,9.52783,17.19927,17.76004
1921.46570,-0.35701,-3.42084,53.68223,9.20753,9.57927,17.19097,17.70446
1921.47570,-0.38849,-3.43653,53.61717,9.16724,9.55989,17.16029,17.72974
1921.48570,-0.38983,-3.43742,53.61437,9.16523,9.55883,17.15927,17.73104
1921.49570,-0.37528,-3.42461,53.60403,9.17170,9.57888,17.16573,17.68771
1921.50570,-0.36732,-3.41760,53.59837,9.17523,9.58983,17.16927,17.66404
1921.51570,-0.37247,-3.43239,53.69782,9.17523,9.58983,17.21177,17.72099
1921.52570,-0.37049,-3.38626,53.58702,9.19223,9.64253,17.14277,17.60949
1921.53570,-0.36998,-3.37763,53.56437,9.19523,9.65183,17.12927,17.58804
1921.54570,-0.35647,-3.38920,53.50074,9.18066,9.61686,17.12927,17.57395
1921.55570,-0.35020,-3.39874,53.46177,9.16123,9.60023,17.13727,17.56304
1921.56570,-0.36230,-3.39463,53.50437,9.15523,9.63083,17.14927,17.56904
1921.57570,-0.35587,-3.38781,53.53441,9.17795,9.63468,17.14927,17.57251
1921.58570,-0.34695,-3.37834,53.57612,9.20950,9.64003,17.14927,17.57732
1921.59570,-0.35614,-3.38914,53.62502,9.20050,9.64083,17.17095,17.61273
1921.60570,-0.34157,-3.39252,53.55065,9.18083,9.62643,17.17207,17.57132
1921.61570,-0.33431,-3.39201,53.51537,9.17523,9.62083,17.16927,17.55004
1921.62570,-0.33431,-3.39201,53.51537,9.17523,9.62083,17.16927,17.55004
1921.63570,-0.36165,-3.39259,53.47851,9.14590,9.63588,17.14670,17.55004
1921.64570,-0.34174,-3.38915,53.49337,9.19523,9.59983,17.12927,17.56904
1921.65570,-0.37195,-3.39539,53.56934,9.16791,9.63918,17.15659,17.60566
1921.66570,-0.39696,-3.40056,53.63237,9.14523,9.67183,17.17927,17.63604
1921.67570,-0.39221,-3.41267,53.56109,9.12801,9.63560,17.16739,17.63010
1921.68570,-0.36256,-3.41590,53.57427,9.16193,9.59869,17.17662,17.63703
1921.69570,-0.34336,-3.41222,53.61937,9.19523,9.58983,17.18927,17.64504
1921.70570,-0.34023,-3.42192,53.60337,9.17523,9.58143,17.20527,17.64144
1921.71570,-0.33418,-3.43936,53.56647,9.14217,9.56061,17.22765,17.63604
1921.72570,-0.32713,-3.45440,53.49937,9.12623,9.51783,17.21927,17.63604
1921.73570,-0.32509,-3.45394,53.52193,9.13516,9.51783,17.22397,17.64497
1921.74570,-0.32279,-3.45343,53.54737,9.14523,9.51783,17.22927,17.65504
1921.75570,-0.31967,-3.47937,53.51198,9.11226,9.47759,17.24866,17.67346
1921.76570,-0.30078,-3.50307,53.56257,9.09144,9.46031,17.31778,17.69304
1921.77570,-0.28462,-3.49902,53.65437,9.10623,9.48683,17.36827,17.69304
1921.78570,-0.32356,-3.50762,53.68509,9.09663,9.48683,17.34475,17.75688
1921.79570,-0.35200,-3.51479,53.74173,9.08623,9.49995,17.34775,17.80780
1921.80570,-0.32351,-3.51033,53.79040,9.08623,9.52729,17.40708,17.76980
1921.81570,-0.31178,-3.51582,53.75191,9.08810,9.49916,17.40082,17.76383
1921.82570,-0.27980,-3.53181,53.63914,9.09341,9.41725,17.37954,17.74893
1921.83570,-0.23668,-3.54443,53.55568,9.09623,9.35597,17.38887,17.71460
1921.84570,-0.22672,-3.54750,53.52077,9.08618,9.34678,17.39396,17.69384
1921.85570,-0.30221,-3.53841,53.54037,9.06723,9.39383,17.32927,17.75004
1921.86570,-0.30406,-3.53972,53.54930,9.06488,9.39618,17.33373,17.75450
1921.87570,-0.30934,-3.54346,53.57480,9.05817,9.40289,17.34648,17.76725
1921.88570,-0.32469,-3.55234,53.63537,9.06723,9.39383,17.34827,17.82604
1921.89570,-0.31158,-3.55876,53.60693,9.05834,9.37783,17.35938,17.81137
1921.90570,-0.26558,-3.58129,53.50737,9.02723,9.32183,17.39827,17.76004
1921.91570,-0.27668,-3.58179,53.53069,9.02723,9.32865,17.39607,17.77874
1921.92570,-0.32292,-3.58874,53.60457,9.01205,9.35283,17.39047,17.84922
1921.93570,-0.34769,-3.60709,53.57337,8.95823,9.35283,17.39827,17.86404
1921.94570,-0.34170,-3.59693,53.59361,8.98001,9.36185,17.39387,17.85788
1921.95570,-0.31622,-3.56201,53.66184,9.05841,9.38901,17.38062,17.83380
1921.96570,-0.29689,-3.56671,53.64580,9.06376,9.36708,17.39131,17.82364
1921.97570,-0.28432,-3.56977,53.63537,9.06723,9.35283,17.39827,17.81704
1921.98570,-0.27708,-3.55584,53.66433,9.09050,9.37230,17.39827,17.80327
1921.99570,-0.26908,-3.54045,53.69637,9.11623,9.39383,17.39827,17.78804
1922.00570,-0.28311,-3.55517,53.62449,9.08712,9.36354,17.37450,17.79933
1922.01570,-0.33110,-3.56815,53.60040,9.02611,9.38574,17.36423,17.82432
1922.02570,-0.35028,-3.56823,53.61828,9.00712,9.41069,17.36827,17.83220
1922.03570,-0.28921,-3.55479,53.61537,9.08131,9.36710,17.36827,17.79869
1922.04570,-0.28549,-3.58526,53.51537,9.03658,9.30592,17.36827,17.80461
1922.05570,-0.28396,-3.59778,53.47437,9.01823,9.28083,17.36827,17.80704
1922.06570,-0.30788,-3.56446,53.59195,9.06624,9.35138,17.34867,17.82566
1922.07570,-0.30837,-3.56378,53.59437,9.06723,9.35283,17.34827,17.82604
1922.08570,-0.32022,-3.57471,53.64384,9.02843,9.38290,17.39677,17.83574
1922.09570,-0.32581,-3.56681,53.64537,9.04017,9.39030,17.37887,17.83604
1922.10570,-0.32866,-3.56230,53.64537,9.04723,9.39383,17.36827,17.83604
1922.11570,-0.30637,-3.54085,53.62349,9.07248,9.41151,17.35985,17.77965
1922.12570,-0.30346,-3.56716,53.57271,9.06875,9.33592,17.34215,17.82589
1922.13570,-0.30370,-3.57258,53.56437,9.06723,9.32183,17.33927,17.83604
1922.14570,-0.30266,-3.56097,53.54229,9.06723,9.34151,17.32967,17.80388
1922.15570,-0.30153,-3.54839,53.51837,9.06723,9.36283,17.31927,17.76904
1922.16570,-0.30756,-3.55030,53.53349,9.05283,9.37795,17.33367,17.76904
1922.17570,-0.31986,-3.56328,53.57897,9.05443,9.36151,17.33927,17.82376
1922.18570,-0.32372,-3.56803,53.59437,9.05723,9.35283,17.33927,17.84504
1922.19570,-0.32150,-3.56003,53.65621,9.07956,9.37058,17.35015,17.85592
1922.20570,-0.33498,-3.56293,53.62333,9.05938,9.37262,17.33744,17.85389
1922.21570,-0.34822,-3.57070,53.55437,9.02723,9.36283,17.31927,17.84504
1922.22570,-0.36282,-3.57550,53.51885,9.00977,9.35681,17.30121,17.85106
1922.23570,-0.37248,-3.57868,53.49537,8.99823,9.35283,17.28927,17.85504
1922.24570,-0.34450,-3.56641,53.49657,9.02148,9.35879,17.30119,17.81511
1922.25570,-0.32064,-3.57049,53.45366,9.01776,9.33820,17.31324,17.78446
1922.26570,-0.31322,-3.58934,53.38737,8.98823,9.30083,17.31927,17.77904
1922.27570,-0.33846,-3.57697,53.37421,8.98823,9.32527,17.28167,17.77904
1922.28570,-0.33897,-3.57146,53.46888,9.01596,9.34296,17.29990,17.81006
1922.29570,-0.30758,-3.58093,53.59237,9.04723,9.33183,17.36827,17.84504
1922.30570,-0.31558,-3.58086,53.57729,9.04472,9.32932,17.35344,17.84982
1922.31570,-0.33264,-3.58073,53.54521,9.03937,9.32397,17.32189,17.85998
1922.32570,-0.32034,-3.57918,53.55673,9.05506,9.31589,17.32709,17.85869
1922.33570,-0.30728,-3.57815,53.57337,9.06723,9.31183,17.33927,17.85504
1922.34570,-0.35640,-3.59269,53.62965,9.01013,9.35404,17.36327,17.90221
1922.35570,-0.36663,-3.59572,53.64137,8.99823,9.36283,17.36827,17.91204
1922.36570,-0.34971,-3.58663,53.77422,9.06514,9.36283,17.38766,17.95859
1922.37570,-0.31875,-3.60450,53.64257,9.04783,9.29299,17.37857,17.92318
1922.38570,-0.31781,-3.60506,53.63837,9.04723,9.29083,17.37827,17.92204
1922.39570,-0.35525,-3.58706,53.57289,9.00823,9.34973,17.33869,17.87624
1922.40570,-0.33875,-3.61198,53.39037,9.00823,9.22883,17.26927,17.88404
1922.41570,-0.34762,-3.61750,53.36174,8.97896,9.23541,17.27351,17.87386
1922.42570,-0.38067,-3.63805,53.25537,8.87023,9.25983,17.28927,17.83604
1922.43570,-0.36524,-3.63833,53.27407,8.88959,9.24619,17.29807,17.84022
1922.44570,-0.31471,-3.63831,53.37417,8.95547,9.21444,17.34369,17.86058
1922.45570,-0.33309,-3.63379,53.52782,8.94288,9.28994,17.40925,17.88574
1922.46570,-0.33840,-3.63248,53.57237,8.93923,9.31183,17.42827,17.89304
1922.47570,-0.30582,-3.63987,53.47395,8.94744,9.25278,17.41186,17.86187
1922.48570,-0.31375,-3.65807,53.49017,8.94923,9.21379,17.40827,17.91888
1922.49570,-0.30077,-3.67092,53.53599,8.93958,9.20883,17.45654,17.93104
1922.50570,-0.29719,-3.65858,53.57037,8.93923,9.24983,17.47827,17.90304
1922.51570,-0.29719,-3.65858,53.57037,8.93923,9.24983,17.47827,17.90304
1922.52570,-0.28764,-3.67017,53.52478,8.97706,9.16932,17.42977,17.94863
1922.53570,-0.29789,-3.65320,53.53210,8.92100,9.26771,17.47677,17.86662
1922.54570,-0.29821,-3.65266,53.53237,8.91923,9.27083,17.47827,17.86404
1922.55570,-0.29779,-3.67689,53.40351,8.88454,9.20499,17.44995,17.86404
1922.56570,-0.27588,-3.69688,53.37901,8.84978,9.18465,17.49963,17.84495
1922.57570,-0.26575,-3.70152,53.39237,8.84023,9.18783,17.52827,17.83604
1922.58570,-0.22751,-3.68614,53.48401,8.91575,9.17935,17.54524,17.84368
1922.59570,-0.22070,-3.68340,53.50037,8.92923,9.17783,17.54827,17.84504
1922.60570,-0.21728,-3.66790,53.45704,8.95090,9.17783,17.50938,17.81893
1922.61570,-0.20262,-3.66272,53.40869,8.95455,9.16991,17.49987,17.78436
1922.62570,-0.19799,-3.66554,53.40337,8.94923,9.16683,17.50827,17.77904
1922.63570,-0.18882,-3.67065,53.43865,8.94923,9.16683,17.53707,17.78552
1922.64570,-0.18140,-3.70317,53.47037,8.92043,9.13011,17.59075,17.82908
1922.65570,-0.17990,-3.71504,53.47737,8.90923,9.11583,17.60727,17.84504
1922.66570,-0.16283,-3.68211,53.55110,8.98150,9.14576,17.59267,17.83117
1922.67570,-0.15653,-3.66995,53.57837,9.00823,9.15683,17.58727,17.82604
1922.68570,-0.17227,-3.71525,53.54552,8.95056,9.09697,17.60917,17.88882
1922.69570,-0.16285,-3.73169,53.55340,8.94967,9.06190,17.62561,17.91621
1922.70570,-0.14199,-3.73124,53.58082,8.97767,9.04419,17.63704,17.92193
1922.71570,-0.14478,-3.72921,53.56102,8.97394,9.04603,17.62748,17.91357
1922.72570,-0.17402,-3.71395,53.39538,8.93384,9.06614,17.54926,17.84614
1922.73570,-0.19967,-3.72344,53.38737,8.89023,9.08483,17.55727,17.85504
1922.74570,-0.21506,-3.72671,53.36686,8.87269,9.08781,17.54567,17.86069
1922.75570,-0.25150,-3.73446,53.31837,8.83123,9.09483,17.51827,17.87404
1922.76570,-0.25013,-3.73164,53.29877,8.83123,9.09483,17.51027,17.86244
1922.77570,-0.24786,-3.72945,53.28779,8.83584,9.09166,17.50303,17.85726
1922.78570,-0.24672,-3.74023,53.38537,8.86023,9.07483,17.52827,17.92204
1922.79570,-0.25961,-3.75079,53.41753,8.83671,9.08443,17.55179,17.94460
1922.80570,-0.28300,-3.74731,53.50421,8.85347,9.10491,17.54895,17.99688
1922.81570,-0.29321,-3.73121,53.56037,8.89923,9.11583,17.51827,18.02704
1922.82570,-0.29321,-3.73121,53.56037,8.89923,9.11583,17.51827,18.02704
1922.83570,-0.28893,-3.76084,53.52937,8.84023,9.09483,17.56727,18.02704
1922.84570,-0.31508,-3.75748,53.56017,8.84373,9.10953,17.54662,18.06029
1922.85570,-0.36735,-3.77534,53.56364,8.80498,9.10749,17.52241,18.12876
1922.86570,-0.37431,-3.81950,53.46537,8.72223,9.05383,17.54827,18.14104
1922.87570,-0.37431,-3.81950,53.46537,8.72223,9.05383,17.54827,18.14104
1922.88570,-0.37218,-3.81539,53.48682,8.75540,9.03744,17.52827,18.16571
1922.89570,-0.35373,-3.83575,53.39337,8.73223,8.98183,17.52827,18.15104
1922.90570,-0.36309,-3.82919,53.36763,8.73003,8.99085,17.50627,18.14048
1922.91570,-0.39636,-3.80587,53.27637,8.72223,9.02283,17.42827,18.10304
1922.92570,-0.39636,-3.80587,53.27637,8.72223,9.02283,17.42827,18.10304
1922.93570,-0.35783,-3.80626,53.45899,8.75484,9.05014,17.53287,18.12114
1922.94570,-0.35095,-3.80031,53.38437,8.78123,9.01283,17.47827,18.11204
1922.95570,-0.35090,-3.80188,53.38037,8.77933,9.00973,17.47827,18.11304
1922.96570,-0.35258,-3.81627,53.34040,8.75958,8.98250,17.47628,18.12204
1922.97570,-0.37436,-3.81911,53.30066,8.73309,8.98912,17.45641,18.12204
1922.98570,-0.38330,-3.82028,53.28437,8.72223,8.99183,17.44827,18.12204
1922.99570,-0.40763,-3.80202,53.24654,8.74163,9.00250,17.38037,18.12204
1923.00570,-0.40839,-3.80145,53.24537,8.74223,9.00283,17.37827,18.12204
1923.01570,-0.39689,-3.83994,53.39822,8.71382,8.99206,17.49584,18.19650
1923.02570,-0.44879,-3.85640,53.45422,8.70363,8.98223,17.46944,18.29892
1923.03570,-0.45092,-3.85704,53.45637,8.70323,8.98183,17.46827,18.30304
1923.04570,-0.50535,-3.85042,53.53378,8.69344,9.03278,17.44867,18.35889
1923.05570,-0.51917,-3.87691,53.51646,8.65111,9.00718,17.46546,18.39271
1923.06570,-0.52124,-3.88126,53.51337,8.64423,9.00283,17.46827,18.39804
1923.07570,-0.56032,-3.85156,53.45530,8.66022,9.03734,17.37569,18.38205
1923.08570,-0.53819,-3.85025,53.36971,8.66323,9.00905,17.35827,18.33916
1923.09570,-0.54307,-3.85800,53.33197,8.63883,9.00283,17.35827,18.33204
1923.10570,-0.54915,-3.85639,53.35523,8.65492,8.99819,17.34603,18.35610
1923.11570,-0.55411,-3.85293,53.38840,8.67954,8.99266,17.33145,18.38474
1923.12570,-0.53549,-3.85947,53.40201,8.66163,8.99975,17.37895,18.36168
1923.13570,-0.56110,-3.87077,53.44641,8.63235,9.01723,17.39827,18.39856
1923.14570,-0.57398,-3.87409,53.46237,8.62423,9.02283,17.39827,18.41704
1923.15570,-0.57338,-3.89064,53.42159,8.62423,8.97059,17.37915,18.44762
1923.16570,-0.57877,-3.92341,53.35790,8.56318,8.93397,17.40257,18.45818
1923.17570,-0.58139,-3.93410,53.33937,8.53523,8.93083,17.41827,18.45504
1923.18570,-0.58479,-3.92236,53.38673,8.56374,8.94533,17.40860,18.46905
1923.19570,-0.58842,-3.90982,53.43737,8.59423,8.96083,17.39827,18.48404
1923.20570,-0.61007,-3.90243,53.44452,8.58887,8.98586,17.38039,18.48940
1923.21570,-0.63262,-3.90323,53.35937,8.56723,8.97763,17.33287,18.48164
1923.22570,-0.63788,-3.90711,53.29937,8.55523,8.96083,17.30927,18.47404
1923.23570,-0.63481,-3.90554,53.31560,8.55966,8.96541,17.31650,18.47404
1923.24570,-0.63740,-3.91359,53.40373,8.54806,8.98713,17.36768,18.50086
1923.25570,-0.66023,-3.93282,53.39737,8.50623,8.98183,17.37827,18.53104
1923.26570,-0.60718,-3.90160,53.38656,8.57109,8.98653,17.37357,18.45537
1923.27570,-0.54734,-3.86638,53.37437,8.64423,8.99183,17.36827,18.37004
1923.28570,-0.56793,-3.88198,53.33972,8.62050,8.96762,17.34975,18.40185
1923.29570,-0.59515,-3.90939,53.32569,8.58175,8.93763,17.34815,18.45816
1923.30570,-0.60432,-3.93045,53.37636,8.55575,8.93097,17.38748,18.50216
1923.31570,-0.60679,-3.92824,53.37675,8.56463,8.92739,17.37573,18.50899
1923.32570,-0.61168,-3.92265,53.37541,8.58463,8.92005,17.34907,18.52166
1923.33570,-0.61001,-3.91818,53.41863,8.59849,8.93083,17.35827,18.53104
1923.34570,-0.59774,-3.90433,53.48284,8.63110,8.95178,17.37200,18.52795
1923.35570,-0.59480,-3.89198,53.55637,8.64423,8.99183,17.39827,18.52204
1923.36570,-0.59480,-3.89198,53.55637,8.64423,8.99183,17.39827,18.52204
1923.37570,-0.60993,-3.89509,53.28081,8.59381,8.94425,17.29607,18.44668
1923.38570,-0.62386,-3.86193,53.28237,8.62423,8.99183,17.24927,18.41704
1923.39570,-0.62398,-3.86346,53.28721,8.61763,8.99645,17.25807,18.41506
1923.40570,-0.61517,-3.87030,53.29943,8.60321,8.99891,17.28927,18.40804
1923.41570,-0.58323,-3.87519,53.28237,8.63423,8.95083,17.28927,18.40804
1923.42570,-0.59724,-3.87058,53.27260,8.62112,8.97150,17.28038,18.39960
1923.43570,-0.64634,-3.85441,53.23837,8.57523,9.04383,17.24927,18.37004
1923.44570,-0.64634,-3.85441,53.23837,8.57523,9.04383,17.24927,18.37004
1923.45570,-0.61144,-3.85476,53.26988,8.60140,9.02728,17.28131,18.35989
1923.46570,-0.59865,-3.86587,53.39638,8.61067,9.03386,17.34928,18.40258
1923.47570,-0.60699,-3.87099,53.44337,8.60423,9.04383,17.36827,18.42704
1923.48570,-0.56827,-3.89562,53.42737,8.64423,8.94083,17.36827,18.47404
1923.49570,-0.56827,-3.89562,53.42737,8.64423,8.94083,17.36827,18.47404
1923.50570,-0.61307,-3.89558,53.30868,8.60625,8.93982,17.29331,18.46929
1923.51570,-0.57032,-3.89212,53.31137,8.62423,8.93083,17.32927,18.42704
1923.52570,-0.56970,-3.89124,53.30792,8.62423,8.93174,17.32836,18.42359
1923.53570,-0.56222,-3.88374,53.27624,8.62225,8.94083,17.32412,18.38904
1923.54570,-0.55133,-3.89513,53.30237,8.60423,8.94083,17.36827,18.38904
1923.55570,-0.55133,-3.89513,53.30237,8.60423,8.94083,17.36827,18.38904
1923.56570,-0.57467,-3.86601,53.09637,8.61423,8.93083,17.22927,18.32204
1923.57570,-0.57467,-3.86601,53.09637,8.61423,8.93083,17.22927,18.32204
1923.58570,-0.55887,-3.86748,53.13603,8.61423,8.94051,17.26796,18.31334
1923.59570,-0.54231,-3.83663,53.27419,8.67148,9.00099,17.29838,18.30334
1923.60570,-0.54182,-3.83569,53.27837,8.67323,9.00283,17.29927,18.30304
1923.61570,-0.55128,-3.81247,53.20274,8.68293,9.02223,17.24108,18.25649
1923.62570,-0.53097,-3.83097,53.24790,8.67353,9.00343,17.29747,18.27347
1923.63570,-0.53033,-3.83157,53.24937,8.67323,9.00283,17.29927,18.27404
1923.64570,-0.51719,-3.82893,53.31471,8.71166,8.99226,17.30887,18.30190
1923.65570,-0.51666,-3.82882,53.31737,8.71323,8.99183,17.30927,18.30304
1923.66570,-0.52140,-3.84115,53.26862,8.68736,8.97271,17.30552,18.30304
1923.67570,-0.53333,-3.85293,53.23198,8.62740,8.99301,17.33293,18.27863
1923.68570,-0.53408,-3.85127,53.24037,8.62423,9.00283,17.33927,18.27404
1923.69570,-0.54655,-3.87567,53.20219,8.61575,8.94174,17.31381,18.33089
1923.70570,-0.50469,-3.88035,53.22062,8.63107,8.92158,17.35892,18.30906
1923.71570,-0.49640,-3.88041,53.22537,8.63423,8.91983,17.36827,18.30304
1923.72570,-0.48533,-3.85334,53.32068,8.68886,8.95996,17.37384,18.29802
1923.73570,-0.47656,-3.83191,53.39637,8.73223,8.99183,17.37827,18.29404
1923.74570,-0.48121,-3.87048,53.36685,8.66167,8.96231,17.42867,18.31420
1923.75570,-0.47525,-3.89559,53.32014,8.63040,8.91943,17.44444,18.32587
1923.76570,-0.46445,-3.90964,53.27120,8.62508,8.87581,17.43912,18.33119
1923.77570,-0.46272,-3.91189,53.26337,8.62423,8.86883,17.43827,18.33204
1923.78570,-0.43692,-3.87695,53.37957,8.69667,8.91636,17.45448,18.31205
1923.79570,-0.41468,-3.86962,53.32250,8.71871,8.89263,17.43188,18.27928
1923.80570,-0.41111,-3.86845,53.31337,8.72223,8.88883,17.42827,18.27404
1923.81570,-0.48472,-3.87594,53.25737,8.64423,8.93083,17.38827,18.29404
1923.82570,-0.46478,-3.88136,53.27089,8.65365,8.91321,17.40999,18.29404
1923.83570,-0.40776,-3.90752,53.34312,8.67164,8.85783,17.49758,18.31606
1923.84570,-0.41660,-3.92202,53.39037,8.65323,8.85783,17.52827,18.35104
1923.85570,-0.41549,-3.89608,53.37522,8.67142,8.89541,17.50402,18.30437
1923.86570,-0.44627,-3.89685,53.31275,8.62463,8.91983,17.48229,18.28600
1923.87570,-0.46747,-3.90872,53.27737,8.58523,8.91983,17.47827,18.29404
1923.88570,-0.44475,-3.91073,53.27697,8.59288,8.90736,17.49838,18.27835
1923.89570,-0.41099,-3.91372,53.27637,8.60423,8.88883,17.52827,18.25504
1923.90570,-0.38618,-3.90698,53.32713,8.64136,8.88413,17.54660,18.25504
1923.91570,-0.36930,-3.90826,53.34639,8.66472,8.86412,17.55350,18.26406
1923.92570,-0.38153,-3.91808,53.30437,8.64423,8.84783,17.53827,18.27404
1923.93570,-0.37029,-3.90694,53.24343,8.64708,8.85099,17.51932,18.22604
1923.94570,-0.34677,-3.88367,53.11645,8.65300,8.85757,17.47985,18.12604
1923.95570,-0.32801,-3.87333,53.29037,8.71323,8.87883,17.52827,18.17004
1923.96570,-0.33121,-3.86963,53.31879,8.70630,8.90378,17.54525,18.16346
1923.97570,-0.33724,-3.86268,53.37237,8.69323,8.95083,17.57727,18.15104
1923.98570,-0.33673,-3.86310,53.35749,8.69551,8.94265,17.56829,18.15104
1923.99570,-0.31859,-3.86585,53.25112,8.72298,8.87358,17.51077,18.14379
1924.00570,-0.27606,-3.86421,53.28037,8.75223,8.85783,17.54827,18.12204
1924.01570,-0.28180,-3.87149,53.24025,8.72537,8.85443,17.54827,18.11218
1924.02570,-0.30025,-3.88889,53.14605,8.65317,8.85497,17.55133,18.08658
1924.03570,-0.31442,-3.89518,53.11437,8.61423,8.86883,17.55727,18.07404
1924.04570,-0.30177,-3.89622,53.14867,8.62567,8.86627,17.57827,18.07847
1924.05570,-0.26570,-3.89918,53.24667,8.65833,8.85893,17.63827,18.09114
1924.06570,-0.25170,-3.89912,53.25713,8.67172,8.84914,17.64727,18.08901
1924.07570,-0.22253,-3.89038,53.25226,8.71391,8.82576,17.63855,18.07404
1924.08570,-0.23253,-3.86577,53.29137,8.75223,8.85783,17.60727,18.07404
1924.09570,-0.22439,-3.86131,53.27971,8.75648,8.86017,17.60727,18.05580
1924.10570,-0.20808,-3.84895,53.22744,8.75938,8.86883,17.59855,18.00067
1924.11570,-0.25818,-3.86417,53.19537,8.71323,8.86883,17.56727,18.04604
1924.12570,-0.25818,-3.86417,53.19537,8.71323,8.86883,17.56727,18.04604
1924.13570,-0.18560,-3.87497,53.23537,8.72223,8.84783,17.66727,17.99804
1924.14570,-0.18560,-3.87558,53.22990,8.72090,8.84595,17.66589,17.99717
1924.15570,-0.18561,-3.88315,53.16151,8.70423,8.82239,17.64865,17.98625
1924.16570,-0.18198,-3.87582,53.15518,8.70663,8.83499,17.64757,17.96599
1924.17570,-0.17505,-3.85228,53.22937,8.73223,8.88883,17.66727,17.94104
1924.18570,-0.16240,-3.84575,53.26787,8.75288,8.89618,17.68127,17.93754
1924.19570,-0.13780,-3.85998,53.29847,8.76056,8.86540,17.71906,17.95346
1924.20570,-0.13598,-3.90067,53.23537,8.71323,8.79683,17.73727,17.98804
1924.21570,-0.15352,-3.88656,53.33151,8.72872,8.84597,17.74795,18.00887
1924.22570,-0.16876,-3.87430,53.41537,8.74223,8.88883,17.75727,18.02704
1924.23570,-0.15292,-3.86435,53.24065,8.75063,8.84599,17.68167,17.96236
1924.24570,-0.16768,-3.84484,53.31880,8.77709,8.89098,17.67584,17.97490
1924.25570,-0.17063,-3.84192,53.33737,8.78123,8.89983,17.67727,17.97904
1924.26570,-0.16250,-3.85265,53.31719,8.78123,8.86803,17.67727,17.99066
1924.27570,-0.17685,-3.85490,53.23612,8.72336,8.89383,17.67727,17.94165
1924.28570,-0.18365,-3.85330,53.21237,8.70323,8.90983,17.67727,17.92204
1924.29570,-0.14942,-3.84504,53.32661,8.80202,8.86817,17.67727,17.97916
1924.30570,-0.13277,-3.84103,53.38237,8.85023,8.84783,17.67727,18.00704
1924.31570,-0.10985,-3.84917,53.39301,8.83469,8.84783,17.72636,17.98413
1924.32570,-0.11831,-3.85537,53.42897,8.81443,8.86547,17.75407,17.99500
1924.33570,-0.12089,-3.85620,53.43537,8.81123,8.86883,17.75727,17.99804
1924.34570,-0.16448,-3.84403,53.42529,8.81963,8.88563,17.69007,18.02996
1924.35570,-0.17279,-3.84171,53.42337,8.82123,8.88883,17.67727,18.03604
1924.36570,-0.12749,-3.87071,53.23028,8.75660,8.82174,17.70181,17.95013
1924.37570,-0.14372,-3.86475,53.17066,8.73320,8.83935,17.67565,17.92246
1924.38570,-0.17509,-3.84994,53.15077,8.72245,8.87806,17.63802,17.91224
1924.39570,-0.17279,-3.84776,53.15028,8.72851,8.87692,17.63454,17.91031
1924.40570,-0.14173,-3.83006,53.14052,8.78790,8.85553,17.60842,17.88867
1924.41570,-0.12784,-3.83898,53.07237,8.76223,8.83783,17.61727,17.85504
1924.42570,-0.14678,-3.83904,53.08575,8.77240,8.83195,17.59052,17.89088
1924.43570,-0.17331,-3.82807,53.20609,8.78123,8.88862,17.60885,17.92739
1924.44570,-0.16591,-3.81063,53.31518,8.81604,8.93083,17.63727,17.93104
1924.45570,-0.16370,-3.82768,53.38319,8.82329,8.90630,17.66647,17.98712
1924.46570,-0.16917,-3.84470,53.41437,8.81123,8.88883,17.68727,18.02704
1924.47570,-0.17753,-3.84089,53.40331,8.81650,8.88883,17.66620,18.03178
1924.48570,-0.20275,-3.83574,53.35225,8.79506,8.90539,17.63124,18.02055
1924.49570,-0.21821,-3.83424,53.31637,8.77223,8.91983,17.61727,18.00704
1924.50570,-0.21222,-3.83322,53.33098,8.78094,8.91836,17.62317,18.00852
1924.51570,-0.19093,-3.83758,53.37165,8.81222,8.89035,17.63826,18.03082
1924.52570,-0.20559,-3.84891,53.32337,8.79123,8.86883,17.61727,18.04604
1924.53570,-0.20789,-3.84342,53.32908,8.78648,8.88832,17.62202,18.03226
1924.54570,-0.21042,-3.83736,53.33537,8.78123,8.90983,17.62727,18.01704
1924.55570,-0.21471,-3.83893,53.31356,8.77878,8.90138,17.61363,18.01977
1924.56570,-0.22367,-3.84220,53.26810,8.77367,8.88377,17.58522,18.02545
1924.57570,-0.23516,-3.82472,53.27769,8.79311,8.90835,17.55639,18.01984
1924.58570,-0.23865,-3.81757,53.28637,8.80123,8.91983,17.54827,18.01704
1924.59570,-0.24208,-3.81758,53.26183,8.79305,8.91983,17.54008,18.00886
1924.60570,-0.22033,-3.80859,53.22062,8.79907,8.92108,17.54043,17.96004
1924.61570,-0.21402,-3.79055,53.32262,8.85523,8.94108,17.54252,17.98379
1924.62570,-0.27927,-3.78991,53.36537,8.84023,8.97183,17.49827,18.05504
1924.63570,-0.26014,-3.79383,53.37327,8.83371,8.97183,17.53227,18.03546
1924.64570,-0.24713,-3.80674,53.34332,8.79732,8.96802,17.56989,18.00809
1924.65570,-0.29162,-3.81701,53.25837,8.75223,8.96083,17.51827,18.02704
1924.66570,-0.29162,-3.81701,53.25837,8.75223,8.96083,17.51827,18.02704
1924.67570,-0.22321,-3.79232,53.28637,8.86023,8.91983,17.50827,17.99804
1924.68570,-0.23475,-3.79279,53.28439,8.85165,8.92665,17.50167,18.00442
1924.69570,-0.27915,-3.79631,53.27715,8.81463,8.95303,17.48047,18.02902
1924.70570,-0.29152,-3.80288,53.27637,8.79123,8.96083,17.48827,18.03604
1924.71570,-0.29983,-3.80041,53.28472,8.78920,8.97142,17.48420,18.03991
1924.72570,-0.32922,-3.79112,53.30169,8.78221,9.00577,17.46336,18.05033
1924.73570,-0.30073,-3.79445,53.15737,8.79123,8.94083,17.41827,18.00704
1924.74570,-0.30364,-3.79258,53.16646,8.79303,8.94641,17.41737,18.00965
1924.75570,-0.33308,-3.77377,53.25837,8.81123,9.00283,17.40827,18.03604
1924.76570,-0.33077,-3.77586,53.26183,8.81032,9.00002,17.41372,18.03777
1924.77570,-0.30535,-3.79578,53.29261,8.80222,8.97183,17.46827,18.05029
1924.78570,-0.28430,-3.78704,53.25837,8.81123,8.97183,17.46827,18.00704
1924.79570,-0.28430,-3.78704,53.25837,8.81123,8.97183,17.46827,18.00704
1924.80570,-0.28020,-3.79138,53.22890,8.82074,8.94236,17.44925,18.01655
1924.81570,-0.31178,-3.78605,53.18857,8.81153,8.95053,17.39977,18.02674
1924.82570,-0.31277,-3.78588,53.18737,8.81123,8.95083,17.39827,18.02704
1924.83570,-0.33675,-3.77715,53.23041,8.79468,9.00214,17.40654,18.02704
1924.84570,-0.34174,-3.77533,53.23937,8.79123,9.01283,17.40827,18.02704
1924.85570,-0.35506,-3.79688,53.33443,8.77261,9.01283,17.45727,18.09172
1924.86570,-0.34498,-3.79939,53.23158,8.75283,8.99246,17.43886,18.04744
1924.87570,-0.34466,-3.79945,53.22837,8.75223,8.99183,17.43827,18.04604
1924.88570,-0.33819,-3.79406,53.31656,8.76728,9.01881,17.47458,18.05590
1924.89570,-0.34814,-3.78179,53.25068,8.79662,8.99614,17.40057,18.05735
1924.90570,-0.35294,-3.77960,53.20637,8.80123,8.98183,17.36827,18.05504
1924.91570,-0.32988,-3.76048,53.25049,8.83432,9.00814,17.38524,18.02280
1924.92570,-0.32577,-3.75707,53.25837,8.84023,9.01283,17.38827,18.01704
1924.93570,-0.31244,-3.75719,53.25921,8.84023,9.01283,17.40507,18.00108
1924.94570,-0.32675,-3.75705,53.27654,8.84023,9.01896,17.39600,18.02134
1924.95570,-0.33737,-3.75695,53.28737,8.84023,9.02283,17.38827,18.03604
1924.96570,-0.35082,-3.78191,53.23807,8.77393,9.01433,17.41377,18.03604
1924.97570,-0.36400,-3.78536,53.25639,8.76786,9.01846,17.41264,18.05743
1924.98570,-0.37238,-3.78462,53.27737,8.77223,9.02283,17.40827,18.07404
1924.99570,-0.33127,-3.79153,53.27593,8.80042,8.97802,17.42995,18.06754
1925.00570,-0.31550,-3.79418,53.27537,8.81123,8.96083,17.43827,18.06504
1925.01570,-0.33983,-3.77282,53.30665,8.81851,9.01392,17.41645,18.05777
1925.02570,-0.36711,-3.77290,53.31378,8.79662,9.03800,17.40827,18.07089
1925.03570,-0.39198,-3.78398,53.30750,8.76291,9.04372,17.40827,18.09261
1925.04570,-0.39158,-3.78461,53.29525,8.76223,9.03882,17.40342,18.09078
1925.05570,-0.37635,-3.78521,53.17195,8.77015,8.98831,17.35367,18.05982
1925.06570,-0.32580,-3.74401,53.31937,8.85023,9.05383,17.40827,18.00704
1925.07570,-0.35451,-3.74124,53.28631,8.82181,9.07761,17.38507,18.00182
1925.08570,-0.37533,-3.73924,53.26237,8.80123,9.09483,17.36827,17.99804
1925.09570,-0.35569,-3.76331,53.23801,8.77861,9.05307,17.40307,18.00326
1925.10570,-0.32714,-3.77764,53.23127,8.78909,9.00687,17.42437,18.01093
1925.11570,-0.30468,-3.77276,53.24837,8.83123,8.98183,17.41827,18.01704
1925.12570,-0.30738,-3.76107,53.23549,8.83997,8.99609,17.39987,17.99956
1925.13570,-0.28516,-3.75808,53.27741,8.87737,8.97971,17.41047,18.00986
1925.14570,-0.25543,-3.77068,53.34437,8.90923,8.94083,17.44827,18.04604
1925.15570,-0.27917,-3.76357,53.32839,8.87680,8.98454,17.44357,18.02348
1925.16570,-0.30595,-3.75555,53.31037,8.84023,9.03383,17.43827,17.99804
1925.17570,-0.30595,-3.75555,53.31037,8.84023,9.03383,17.43827,17.99804
1925.18570,-0.34581,-3.77995,53.18502,8.77042,9.00469,17.39734,18.01257
1925.19570,-0.30641,-3.74449,53.23037,8.85023,9.02283,17.38827,17.96904
1925.20570,-0.30802,-3.75204,53.21507,8.82371,9.02657,17.40527,17.95952
1925.21570,-0.30794,-3.76219,53.22736,8.79688,9.03383,17.43827,17.95838
1925.22570,-0.29851,-3.74890,53.35085,8.86936,9.03383,17.43827,18.00939
1925.23570,-0.30768,-3.74220,53.36836,8.87346,9.05128,17.43149,18.01213
1925.24570,-0.35810,-3.71980,53.36352,8.84120,9.13434,17.39923,17.98874
1925.25570,-0.34122,-3.71250,53.31732,8.84023,9.13683,17.39827,17.94199
1925.26570,-0.27486,-3.75364,53.19977,8.84791,8.99351,17.41427,17.94408
1925.27570,-0.32664,-3.75415,53.18137,8.82123,9.01283,17.36827,17.97904
1925.28570,-0.32664,-3.75415,53.18137,8.82123,9.01283,17.36827,17.97904
1925.29570,-0.31441,-3.75416,53.19271,8.81780,9.02005,17.39231,17.96256
1925.30570,-0.29282,-3.75576,53.25357,8.83538,9.01913,17.43127,17.96779
1925.31570,-0.29612,-3.75869,53.32637,8.88023,8.99183,17.41827,18.03604
1925.32570,-0.26233,-3.75444,53.29671,8.88563,8.98644,17.43984,17.98480
1925.33570,-0.24348,-3.75097,53.26454,8.88241,8.98698,17.45035,17.94480
1925.34570,-0.33396,-3.75464,53.20285,8.81044,9.02969,17.38066,17.98207
1925.35570,-0.32168,-3.77891,53.20816,8.80159,8.98367,17.40720,18.01569
1925.36570,-0.32119,-3.77989,53.20837,8.80123,8.98183,17.40827,18.01704
1925.37570,-0.26685,-3.75821,53.22993,8.85905,8.98183,17.42787,17.96118
1925.38570,-0.31778,-3.78151,53.28418,8.82276,8.98183,17.42827,18.05131
1925.39570,-0.31991,-3.78248,53.28637,8.82123,8.98183,17.42827,18.05504
1925.40570,-0.30145,-3.76609,53.38005,8.85917,9.01358,17.45923,18.04807
1925.41570,-0.28938,-3.77958,53.30605,8.82000,8.99644,17.47678,18.01283
1925.42570,-0.28820,-3.78277,53.28837,8.81123,8.99183,17.47827,18.00704
1925.43570,-0.33956,-3.76299,53.33129,8.81123,9.05243,17.43619,18.03145
1925.44570,-0.34922,-3.75927,53.33937,8.81123,9.06383,17.42827,18.03604
1925.45570,-0.31733,-3.75750,53.25964,8.80371,9.04879,17.43579,17.97135
1925.46570,-0.30335,-3.75004,53.25628,8.83314,9.03565,17.42190,17.96559
1925.47570,-0.30258,-3.74851,53.26137,8.84023,9.03383,17.41827,17.96904
1925.48570,-0.31543,-3.75036,53.24880,8.81823,9.04730,17.41827,17.96500
1925.49570,-0.31072,-3.76124,53.18227,8.79123,9.02660,17.41827,17.94617
1925.50570,-0.30012,-3.76235,53.17067,8.79853,9.01283,17.41827,17.94104
1925.51570,-0.30149,-3.75117,53.20768,8.83700,9.01283,17.39637,17.96148
1925.52570,-0.30240,-3.74733,53.22037,8.85023,9.01283,17.38827,17.96904
1925.53570,-0.31599,-3.75809,53.29957,8.82215,9.04235,17.43867,17.99640
1925.54570,-0.32662,-3.76971,53.35357,8.81123,9.04417,17.46310,18.03507
1925.55570,-0.33233,-3.77767,53.37837,8.81123,9.03383,17.46827,18.06504
1925.56570,-0.34471,-3.78469,53.40002,8.80202,9.03383,17.47287,18.09129
1925.57570,-0.35919,-3.79291,53.42537,8.79123,9.03383,17.47827,18.12204
1925.58570,-0.33266,-3.77884,53.50148,8.84374,9.03973,17.49597,18.12204
1925.59570,-0.32396,-3.79663,53.44935,8.80471,9.01964,17.52007,18.10493
1925.60570,-0.33072,-3.81583,53.37637,8.75223,9.00283,17.52827,18.09304
1925.61570,-0.32472,-3.80672,53.34037,8.76523,8.99917,17.50493,18.07104
1925.62570,-0.31436,-3.79099,53.27830,8.78765,8.99284,17.46470,18.03311
1925.63570,-0.29091,-3.77481,53.23361,8.79123,9.01211,17.46792,17.96235
1925.64570,-0.29231,-3.77400,53.22642,8.79348,9.00935,17.46040,17.96319
1925.65570,-0.30956,-3.77144,53.17937,8.81123,8.98183,17.39827,17.98804
1925.66570,-0.31568,-3.77467,53.22656,8.80337,8.99796,17.42186,18.00338
1925.67570,-0.32541,-3.78102,53.26585,8.77924,9.02039,17.45337,18.01285
1925.68570,-0.32607,-3.78403,53.19298,8.75318,9.01507,17.44273,17.98200
1925.69570,-0.31446,-3.78283,53.19856,8.76996,9.00296,17.44297,17.98267
1925.70570,-0.30482,-3.77262,53.28590,8.81956,9.00640,17.44827,18.01167
1925.71570,-0.30904,-3.76426,53.33837,8.84023,9.02283,17.44827,18.02704
1925.72570,-0.30892,-3.77154,53.30917,8.82841,9.00787,17.44585,18.02704
1925.73570,-0.30852,-3.79446,53.21737,8.79123,8.96083,17.43827,18.02704
1925.74570,-0.29201,-3.79198,53.25205,8.79803,8.97137,17.46887,18.01378
1925.75570,-0.26705,-3.77891,53.32243,8.82789,8.99557,17.50447,17.99450
1925.76570,-0.28068,-3.76283,53.32837,8.86023,9.00283,17.45827,18.00704
1925.77570,-0.27922,-3.76416,53.32120,8.85665,9.00090,17.46011,18.00355
1925.78570,-0.27413,-3.77939,53.25207,8.81699,8.98183,17.47190,17.98134
1925.79570,-0.30869,-3.78704,53.25837,8.80123,8.98183,17.44827,18.02704
1925.80570,-0.29399,-3.78189,53.24803,8.81201,8.97963,17.45047,18.00592
1925.81570,-0.24861,-3.76661,53.21968,8.84601,8.97183,17.45827,17.94357
1925.82570,-0.27939,-3.78024,53.25743,8.82680,8.97183,17.45827,18.00052
1925.83570,-0.29020,-3.78506,53.27469,8.81883,8.97431,17.46147,18.02008
1925.84570,-0.31183,-3.79504,53.34737,8.79123,9.00283,17.49827,18.05504
1925.85570,-0.30892,-3.79612,53.34009,8.79203,8.99707,17.49747,18.05352
1925.86570,-0.27275,-3.80646,53.27050,8.80698,8.93477,17.49272,18.03604
1925.87570,-0.24016,-3.77995,53.44712,8.87875,8.98396,17.54836,18.03604
1925.88570,-0.23497,-3.77572,53.47537,8.89023,8.99183,17.55727,18.03604
1925.89570,-0.25574,-3.79646,53.27849,8.79515,8.97263,17.52942,17.98130
1925.90570,-0.25544,-3.82156,53.26749,8.76339,8.94207,17.55611,18.00592
1925.91570,-0.25540,-3.82257,53.26737,8.76223,8.94083,17.55727,18.00704
1925.92570,-0.30183,-3.80230,53.26641,8.79007,8.96003,17.47183,18.04448
1925.93570,-0.30377,-3.80145,53.26637,8.79123,8.96083,17.46827,18.04604
1925.94570,-0.30019,-3.83184,53.25895,8.74004,8.93858,17.52020,18.06014
1925.95570,-0.25510,-3.83021,53.21353,8.77179,8.89555,17.52147,18.02472
1925.96570,-0.24674,-3.82788,53.20537,8.78123,8.88883,17.51827,18.01704
1925.97570,-0.24126,-3.80964,53.20873,8.78963,8.92411,17.51827,17.97672
1925.98570,-0.24155,-3.81170,53.27505,8.78677,8.94424,17.55356,17.99049
1925.99570,-0.24314,-3.81828,53.35325,8.78145,8.96020,17.59559,18.01602
1926.00570,-0.20742,-3.80587,53.26733,8.80643,8.93563,17.57207,17.95320
1926.01570,-0.20059,-3.80345,53.25037,8.81123,8.93083,17.56727,17.94104
1926.02570,-0.23860,-3.78186,53.22769,8.80283,8.98207,17.51771,17.92508
1926.03570,-0.21134,-3.80294,53.22085,8.79283,8.94059,17.55783,17.92960
1926.04570,-0.20477,-3.80774,53.22037,8.79123,8.93083,17.56727,17.93104
1926.05570,-0.21297,-3.81931,53.21220,8.77711,8.91522,17.56727,17.95260
1926.06570,-0.21929,-3.80424,53.20369,8.79992,8.92474,17.53248,17.94655
1926.07570,-0.22072,-3.79645,53.20137,8.81123,8.93083,17.51827,17.94104
1926.08570,-0.23456,-3.79420,53.25033,8.81123,8.95243,17.52547,17.96120
1926.09570,-0.23994,-3.79332,53.26937,8.81123,8.96083,17.52827,17.96904
1926.10570,-0.23100,-3.80074,53.23251,8.81123,8.93120,17.52104,17.96904
1926.11570,-0.19724,-3.81080,53.18093,8.80163,8.90015,17.54659,17.93256
1926.12570,-0.16434,-3.81862,53.14037,8.79123,8.87883,17.57727,17.89304
1926.13570,-0.17941,-3.79391,53.20130,8.81467,8.93332,17.56555,17.88777
1926.14570,-0.19004,-3.77647,53.24437,8.83123,8.97183,17.55727,17.88404
1926.15570,-0.19931,-3.77335,53.18579,8.83123,8.95953,17.51684,17.87818
1926.16570,-0.19669,-3.75360,53.24894,8.87680,8.98121,17.50579,17.88514
1926.17570,-0.19017,-3.74116,53.32337,8.90923,9.00283,17.51827,17.89304
1926.18570,-0.21089,-3.74698,53.30862,8.89068,9.00283,17.50399,17.91112
1926.19570,-0.21208,-3.74822,53.27743,8.88164,8.99851,17.49613,17.90115
1926.20570,-0.17862,-3.74023,53.25437,8.89923,8.99183,17.50827,17.85504
1926.21570,-0.16930,-3.73827,53.24074,8.90863,8.98243,17.50357,17.84611
1926.22570,-0.17473,-3.74621,53.22130,8.89761,8.96839,17.49827,17.85703
1926.23570,-0.20867,-3.76781,53.21263,8.85161,8.96105,17.49827,17.90170
1926.24570,-0.19887,-3.76018,53.22645,8.86706,8.96805,17.50170,17.88965
1926.25570,-0.17822,-3.74437,53.25337,8.89923,8.98183,17.50827,17.86404
1926.26570,-0.18760,-3.75407,53.27035,8.88225,8.98183,17.52213,17.88414
1926.27570,-0.20074,-3.77012,53.30032,8.85708,8.97955,17.54598,17.91770
1926.28570,-0.18740,-3.76351,53.29428,8.87721,8.97284,17.53927,17.90495
1926.29570,-0.18860,-3.76331,53.28555,8.87577,8.97183,17.53492,17.90304
1926.30570,-0.20387,-3.76708,53.24832,8.85449,8.97183,17.51896,17.90304
1926.31570,-0.18453,-3.74428,53.30937,8.94923,8.95083,17.47827,17.93104
1926.32570,-0.19117,-3.74112,53.29834,8.93866,8.96509,17.47520,17.91939
1926.33570,-0.22282,-3.72606,53.24578,8.88829,9.03297,17.46060,17.86392
1926.34570,-0.22789,-3.72365,53.23737,8.88023,9.04383,17.45827,17.85504
1926.35570,-0.20775,-3.74299,53.23405,8.86575,9.01203,17.49587,17.86040
1926.36570,-0.21412,-3.73247,53.32237,8.92923,9.00283,17.46827,17.92204
1926.37570,-0.21452,-3.73531,53.30429,8.91899,9.00035,17.46907,17.91588
1926.38570,-0.22166,-3.76523,53.10816,8.80895,8.97476,17.47327,17.85118
1926.39570,-0.25335,-3.72939,53.25548,8.90538,9.01137,17.41077,17.92797
1926.40570,-0.25461,-3.72797,53.26137,8.90923,9.01283,17.40827,17.93104
1926.41570,-0.23810,-3.76143,53.23657,8.83682,8.99875,17.48872,17.91227
1926.42570,-0.22998,-3.77789,53.22437,8.80123,8.99183,17.52827,17.90304
1926.43570,-0.22568,-3.77886,53.28093,8.81787,8.99183,17.54490,17.92633
1926.44570,-0.19385,-3.77231,53.38491,8.88706,8.97275,17.56639,17.95871
1926.45570,-0.19236,-3.77198,53.38937,8.89023,8.97183,17.56727,17.96004
1926.46570,-0.22812,-3.79172,53.33002,8.82420,8.97183,17.55985,17.97414
1926.47570,-0.21024,-3.77309,53.30181,8.86759,8.96259,17.52451,17.94712
1926.48570,-0.20446,-3.76823,53.30037,8.88023,8.96083,17.51827,17.94104
1926.49570,-0.20262,-3.76351,53.24483,8.85499,8.97851,17.51827,17.89307
1926.50570,-0.20228,-3.76262,53.23437,8.85023,8.98183,17.51827,17.88404
1926.51570,-0.24847,-3.76300,53.26681,8.82611,9.01593,17.50163,17.92313
1926.52570,-0.22567,-3.74778,53.21472,8.84835,9.01177,17.48167,17.87294
1926.53570,-0.19968,-3.73541,53.16737,8.87023,9.00283,17.46827,17.82604
1926.54570,-0.21091,-3.73472,53.09525,8.87730,8.97314,17.41170,17.83311
1926.55570,-0.18793,-3.75477,53.18514,8.88741,8.94649,17.47433,17.87692
1926.56570,-0.17707,-3.76276,53.23237,8.89023,8.94083,17.50827,17.89304
1926.57570,-0.23196,-3.75520,53.28835,8.85044,9.01704,17.50827,17.91260
1926.58570,-0.25841,-3.75156,53.31537,8.83123,9.05383,17.50827,17.92204
1926.59570,-0.26578,-3.77299,53.29042,8.81698,9.00964,17.50114,17.96267
1926.60570,-0.24050,-3.78043,53.33788,8.82543,8.99964,17.54726,17.96555
1926.61570,-0.22898,-3.77994,53.36137,8.83123,9.00283,17.56727,17.96004
1926.62570,-0.25937,-3.76390,53.36184,8.83542,9.03634,17.52585,17.96423
1926.63570,-0.28089,-3.74826,53.36656,8.84953,9.06043,17.48756,17.96904
1926.64570,-0.26545,-3.75147,53.37137,8.86023,9.04383,17.49827,17.96904
1926.65570,-0.26614,-3.75581,53.27939,8.83153,9.03153,17.48069,17.93565
1926.66570,-0.26664,-3.75889,53.21437,8.81123,9.02283,17.46827,17.91204
1926.67570,-0.25392,-3.75065,53.26718,8.84239,9.02864,17.47883,17.91732
1926.68570,-0.24937,-3.73066,53.30703,8.88145,9.04969,17.46507,17.91083
1926.69570,-0.26014,-3.71061,53.29537,8.89923,9.07483,17.42827,17.89304
1926.70570,-0.24858,-3.72607,53.27704,8.87150,9.06026,17.46117,17.88411
1926.71570,-0.23744,-3.73380,53.21266,8.87266,9.01939,17.44187,17.87874
1926.72570,-0.23961,-3.72283,53.16337,8.90923,8.99183,17.37827,17.88404
1926.73570,-0.23660,-3.72029,53.14827,8.89706,9.00484,17.38666,17.85970
1926.74570,-0.23243,-3.71677,53.12737,8.88023,9.02283,17.39827,17.82604
1926.75570,-0.25900,-3.71795,53.17917,8.86973,9.04803,17.40177,17.85964
1926.76570,-0.27493,-3.71947,53.28910,8.87391,9.07733,17.43229,17.90557
1926.77570,-0.21131,-3.71820,53.31537,8.91923,9.04383,17.47827,17.87404
1926.78570,-0.24089,-3.72550,53.26904,8.88323,9.04717,17.45493,17.88371
1926.79570,-0.28095,-3.72803,53.20390,8.83768,9.06490,17.41906,17.88226
1926.80570,-0.22893,-3.69532,53.27837,8.90923,9.09483,17.44827,17.82604
1926.81570,-0.23560,-3.69494,53.29496,8.90923,9.10134,17.44827,17.83612
1926.82570,-0.26065,-3.69348,53.35737,8.90923,9.12583,17.44827,17.87404
1926.83570,-0.26070,-3.69465,53.32818,8.90524,9.11722,17.43777,17.86795
1926.84570,-0.26470,-3.69839,53.21501,8.87973,9.09575,17.40247,17.83706
1926.85570,-0.27890,-3.69589,53.20237,8.84023,9.13683,17.41827,17.80704
1926.86570,-0.27080,-3.69405,53.20461,8.85549,9.12661,17.41407,17.80844
1926.87570,-0.23223,-3.68531,53.21528,8.92816,9.07795,17.39407,17.81511
1926.88570,-0.23950,-3.71488,53.24938,8.90108,9.04751,17.42907,17.87172
1926.89570,-0.24366,-3.72211,53.25637,8.89023,9.04383,17.43827,17.88404
1926.90570,-0.18379,-3.70989,53.28737,8.93923,9.03383,17.47827,17.83604
1926.91570,-0.19117,-3.71129,53.28809,8.93131,9.03871,17.47747,17.84060
1926.92570,-0.27523,-3.72948,53.29629,8.83871,9.09155,17.47067,17.89536
1926.93570,-0.26664,-3.75297,53.29537,8.82123,9.05383,17.49827,17.92204
1926.94570,-0.26491,-3.75185,53.29571,8.82542,9.05236,17.49636,17.92156
1926.95570,-0.24577,-3.73948,53.29941,8.87198,9.03596,17.47520,17.91627
1926.96570,-0.25049,-3.74210,53.27337,8.87023,9.02283,17.45827,17.92204
1926.97570,-0.25051,-3.74133,53.28001,8.87088,9.02622,17.46087,17.92204
1926.98570,-0.25078,-3.73170,53.36293,8.87901,9.06849,17.49339,17.92204
1926.99570,-0.25082,-3.73025,53.37537,8.88023,9.07483,17.49827,17.92204
1927.00570,-0.26378,-3.73885,53.11799,8.82357,9.02489,17.41183,17.85769
1927.01570,-0.30478,-3.74393,53.28593,8.83083,9.06219,17.43707,17.95584
1927.02570,-0.30646,-3.74412,53.29337,8.83123,9.06383,17.43827,17.96004
1927.03570,-0.24249,-3.73076,53.23224,8.83123,9.07451,17.48678,17.83972
1927.04570,-0.25847,-3.75216,53.23614,8.81203,9.04506,17.48827,17.89078
1927.05570,-0.25920,-3.75306,53.23637,8.81123,9.04383,17.48827,17.89304
1927.06570,-0.25609,-3.75861,53.18283,8.81123,9.01292,17.46564,17.89304
1927.07570,-0.25507,-3.76043,53.16537,8.81123,9.00283,17.45827,17.89304
1927.08570,-0.28548,-3.75053,53.22406,8.81123,9.04559,17.44988,17.91735
1927.09570,-0.26840,-3.73933,53.25505,8.83475,9.05863,17.46267,17.89900
1927.10570,-0.24357,-3.72927,53.27637,8.86023,9.06383,17.47827,17.87404
1927.11570,-0.24604,-3.72886,53.27889,8.86203,9.06383,17.47467,17.87836
1927.12570,-0.26755,-3.72614,53.30212,8.87863,9.06142,17.44309,17.91899
1927.13570,-0.22849,-3.74164,53.27712,8.86077,9.03464,17.49666,17.88506
1927.14570,-0.22855,-3.74266,53.27782,8.85943,9.03383,17.49827,17.88629
1927.15570,-0.24226,-3.74879,53.29389,8.85050,9.03383,17.49827,17.91129
1927.16570,-0.24267,-3.74897,53.29437,8.85023,9.03383,17.49827,17.91204
1927.17570,-0.23742,-3.75302,53.26969,8.84598,9.02035,17.49678,17.90658
1927.18570,-0.23021,-3.76207,53.26337,8.84023,9.00283,17.50827,17.91204
1927.19570,-0.24547,-3.73817,53.31693,8.87228,9.04462,17.48392,17.91610
1927.20570,-0.26690,-3.70458,53.39236,8.91743,9.10348,17.44964,17.92181
1927.21570,-0.24638,-3.75638,53.28337,8.84023,9.02283,17.49827,17.92204
1927.22570,-0.26595,-3.73924,53.29379,8.85443,9.05218,17.46513,17.92204
1927.23570,-0.28771,-3.72018,53.30537,8.87023,9.08483,17.42827,17.92204
1927.24570,-0.26083,-3.73854,53.30885,8.87603,9.03727,17.45727,17.93828
1927.25570,-0.27110,-3.72552,53.36176,8.88023,9.08134,17.46655,17.93364
1927.26570,-0.29208,-3.70694,53.39737,8.88023,9.13683,17.45827,17.92204
1927.27570,-0.29002,-3.70538,53.33182,8.88023,9.11836,17.42847,17.90476
1927.28570,-0.28499,-3.71920,53.27029,8.86434,9.08120,17.42019,17.90456
1927.29570,-0.27950,-3.74179,53.24437,8.84023,9.04383,17.43827,17.92204
1927.30570,-0.26937,-3.73961,53.31637,8.84983,9.06351,17.47667,17.92636
1927.31570,-0.25844,-3.73725,53.39437,8.86023,9.08483,17.51827,17.93104
1927.32570,-0.27676,-3.74117,53.39200,8.86974,9.06535,17.48500,17.97191
1927.33570,-0.28619,-3.74113,53.38781,8.87710,9.05668,17.46393,17.99009
1927.34570,-0.26323,-3.73183,53.38447,8.87043,9.08401,17.49727,17.93276
1927.35570,-0.26684,-3.72535,53.38063,8.88009,9.08823,17.48127,17.93104
1927.36570,-0.27027,-3.71679,53.30673,8.88257,9.08089,17.43807,17.90520
1927.37570,-0.26071,-3.72356,53.17737,8.85023,9.05383,17.41827,17.85504
1927.38570,-0.27354,-3.71540,53.19551,8.86134,9.06789,17.40036,17.86592
1927.39570,-0.31121,-3.69141,53.24884,8.89401,9.10922,17.34769,17.89792
1927.40570,-0.31009,-3.69209,53.23493,8.89039,9.10654,17.34584,17.89216
1927.41570,-0.28903,-3.70539,53.16893,8.86439,9.07921,17.36517,17.86016
1927.42570,-0.26433,-3.70772,53.18637,8.89023,9.05383,17.37827,17.86404
1927.43570,-0.26363,-3.70526,53.20199,8.89221,9.06285,17.38487,17.86206
1927.44570,-0.26610,-3.69925,53.28311,8.89923,9.09725,17.41487,17.87176
1927.45570,-0.28368,-3.70875,53.37437,8.89923,9.10583,17.43827,17.93104
1927.46570,-0.28368,-3.70875,53.37437,8.89923,9.10583,17.43827,17.93104
1927.47570,-0.27407,-3.71139,53.33002,8.89265,9.09128,17.43480,17.91129
1927.48570,-0.25590,-3.71638,53.24637,8.88023,9.06383,17.42827,17.87404
1927.49570,-0.25590,-3.71973,53.24637,8.87633,9.05993,17.43217,17.87795
1927.50570,-0.26121,-3.71172,53.27041,8.86489,9.09816,17.44895,17.85840
1927.51570,-0.26584,-3.70020,53.29137,8.86023,9.13683,17.45827,17.83604
1927.52570,-0.23551,-3.70738,53.35745,8.91451,9.08806,17.47400,17.88088
1927.53570,-0.20509,-3.71103,53.24406,8.89158,9.06421,17.47827,17.81001
1927.54570,-0.20660,-3.70989,53.24189,8.89172,9.06599,17.47518,17.80899
1927.55570,-0.23227,-3.69657,53.26989,8.90830,9.08999,17.44090,17.83071
1927.56570,-0.24920,-3.68778,53.28837,8.91923,9.10583,17.41827,17.84504
1927.57570,-0.22228,-3.72886,53.20656,8.85460,9.04692,17.47554,17.82949
1927.58570,-0.23338,-3.69699,53.22910,8.93272,9.05080,17.39493,17.85065
1927.59570,-0.23643,-3.68967,53.23637,8.94923,9.05383,17.37827,17.85504
1927.60570,-0.25059,-3.67448,53.07729,8.91043,9.07420,17.32104,17.77162
1927.61570,-0.28096,-3.70271,53.08489,8.87090,9.05058,17.32709,17.83631
1927.62570,-0.28929,-3.71069,53.08837,8.86023,9.04383,17.32927,17.85504
1927.63570,-0.23721,-3.69867,53.28183,8.92726,9.07014,17.42175,17.86268
1927.64570,-0.22795,-3.69654,53.31637,8.93923,9.07483,17.43827,17.86404
1927.65570,-0.26391,-3.68788,53.23392,8.90523,9.10118,17.38727,17.84024
1927.66570,-0.24561,-3.72664,53.25418,8.89321,9.02953,17.43181,17.89962
1927.67570,-0.23343,-3.74653,53.27137,8.89023,8.99183,17.45827,17.93104
1927.68570,-0.23619,-3.75016,53.36438,8.88313,9.02165,17.50797,17.95163
1927.69570,-0.27193,-3.73603,53.44568,8.88023,9.08495,17.50697,17.97353
1927.70570,-0.28605,-3.72966,53.46337,8.88023,9.10583,17.49827,17.97904
1927.71570,-0.27150,-3.73200,53.45617,8.88023,9.09791,17.51267,17.96536
1927.72570,-0.26585,-3.73292,53.45337,8.88023,9.09483,17.51827,17.96004
1927.73570,-0.25540,-3.73352,53.40704,8.88357,9.07450,17.50493,17.94404
1927.74570,-0.23591,-3.71323,53.30625,8.89023,9.08139,17.47247,17.86216
1927.75570,-0.23696,-3.69765,53.30037,8.89023,9.11583,17.46827,17.82604
1927.76570,-0.22741,-3.69404,53.28506,8.91761,9.09171,17.44507,17.83068
1927.77570,-0.22441,-3.69201,53.22603,8.93406,9.06004,17.40309,17.82883
1927.78570,-0.23759,-3.69551,53.15837,8.90923,9.05383,17.37827,17.81704
1927.79570,-0.22765,-3.69127,53.25211,8.92681,9.07785,17.41928,17.82817
1927.80570,-0.22064,-3.68827,53.31837,8.93923,9.09483,17.44827,17.83604
1927.81570,-0.21943,-3.69213,53.31799,8.93536,9.08954,17.45343,17.83965
1927.82570,-0.21697,-3.71091,53.34803,8.91843,9.07269,17.48827,17.86864
1927.83570,-0.22360,-3.70237,53.38637,8.92923,9.09483,17.48827,17.87404
1927.84570,-0.22360,-3.70237,53.38637,8.92923,9.09483,17.48827,17.87404
1927.85570,-0.21464,-3.69621,53.45305,8.91303,9.14797,17.54853,17.84352
1927.86570,-0.21156,-3.69937,53.45737,8.92923,9.12583,17.53827,17.86404
1927.87570,-0.21156,-3.69937,53.45737,8.92923,9.12583,17.53827,17.86404
1927.88570,-0.20478,-3.70726,53.25337,8.89657,9.07117,17.47827,17.80737
1927.89570,-0.20665,-3.70788,53.17711,8.88650,9.05406,17.44827,17.78828
1927.90570,-0.20632,-3.70029,53.24171,8.91890,9.06117,17.44827,17.81337
1927.91570,-0.18427,-3.69872,53.26637,8.95823,9.03383,17.44827,17.82604
1927.92570,-0.18543,-3.69902,53.24305,8.94745,9.03603,17.44607,17.81350
1927.93570,-0.17601,-3.70460,53.17083,8.91359,9.03251,17.45569,17.76904
1927.94570,-0.12751,-3.72075,53.20837,8.92923,8.99183,17.51827,17.76904
1927.95570,-0.13494,-3.71594,53.20903,8.92703,9.00547,17.51167,17.76486
1927.96570,-0.16968,-3.70017,53.23221,8.91923,9.05792,17.48827,17.76678
1927.97570,-0.20694,-3.70714,53.31216,8.91302,9.07483,17.48827,17.83604
1927.98570,-0.23022,-3.72422,53.24136,8.85203,9.07204,17.48557,17.83172
1927.99570,-0.20500,-3.71682,53.16037,8.87023,9.04383,17.45827,17.78804
1928.00570,-0.20527,-3.71758,53.16829,8.87023,9.04473,17.46187,17.79146
1928.01570,-0.20493,-3.72438,53.25530,8.87734,9.05104,17.49827,17.82865
1928.02570,-0.17473,-3.71579,53.32537,8.94923,9.02283,17.49827,17.85504
1928.03570,-0.17526,-3.71690,53.31349,8.94569,9.01977,17.49527,17.85276
1928.04570,-0.18112,-3.72927,53.18149,8.90636,8.98577,17.46193,17.82743
1928.05570,-0.24043,-3.70811,53.28752,8.89023,9.08702,17.45763,17.85263
1928.06570,-0.22080,-3.69014,53.35559,8.94745,9.09483,17.45827,17.85504
1928.07570,-0.23343,-3.67701,53.27298,8.92983,9.11520,17.41947,17.80848
1928.08570,-0.23384,-3.67662,53.27037,8.92923,9.11583,17.41827,17.80704
1928.09570,-0.22567,-3.70810,53.31619,8.90469,9.08229,17.47554,17.85368
1928.10570,-0.16383,-3.67905,53.21437,8.96585,9.05456,17.43999,17.75397
1928.11570,-0.16168,-3.67776,53.21037,8.96823,9.05383,17.43827,17.75004
1928.12570,-0.16487,-3.71334,53.20068,8.90132,9.03444,17.49645,17.76846
1928.13570,-0.16497,-3.71445,53.20037,8.89923,9.03383,17.49827,17.76904
1928.14570,-0.18603,-3.74585,53.27409,8.86140,9.02316,17.54677,17.84276
1928.15570,-0.18403,-3.73944,53.28284,8.87963,9.02283,17.53533,17.84504
1928.16570,-0.18258,-3.73542,53.28637,8.89023,9.02283,17.52827,17.84504
1928.17570,-0.19977,-3.74338,53.34433,8.87343,9.04047,17.55263,17.87780
1928.18570,-0.16825,-3.76744,53.25186,8.85326,8.97341,17.56575,17.85943
1928.19570,-0.16202,-3.77147,53.23337,8.85023,8.96083,17.56727,17.85504
1928.20570,-0.16202,-3.77147,53.23337,8.85023,8.96083,17.56727,17.85504
1928.21570,-0.15239,-3.73009,53.35637,8.94923,8.99983,17.54118,17.86613
1928.22570,-0.19061,-3.76073,53.28461,8.85047,9.00283,17.55727,17.87404
1928.23570,-0.19428,-3.76233,53.26815,8.84123,9.00283,17.55385,17.87024
1928.24570,-0.17678,-3.74886,53.30024,8.88347,9.00283,17.54904,17.86490
1928.25570,-0.21735,-3.74121,53.35505,8.87583,9.04675,17.53387,17.89860
1928.26570,-0.21836,-3.72178,53.32037,8.88463,9.07175,17.50667,17.85732
1928.27570,-0.21219,-3.71504,53.29937,8.89023,9.07483,17.49827,17.83604
1928.28570,-0.21219,-3.71504,53.29937,8.89023,9.07483,17.49827,17.83604
1928.29570,-0.21605,-3.72524,53.24837,8.87023,9.05383,17.48827,17.83604
1928.30570,-0.18639,-3.72439,53.30488,8.90573,9.03934,17.51725,17.84256
1928.31570,-0.17344,-3.73899,53.30365,8.87669,9.03383,17.56162,17.83150
1928.32570,-0.17163,-3.75495,53.27937,8.83123,9.03383,17.59727,17.81704
1928.33570,-0.18847,-3.72489,53.33188,8.88315,9.06982,17.55066,17.82825
1928.34570,-0.20606,-3.72460,53.37246,8.90229,9.06504,17.52995,17.87518
1928.35570,-0.21026,-3.73923,53.37537,8.89023,9.04383,17.53827,17.90304
1928.36570,-0.22499,-3.72629,53.40340,8.89374,9.08003,17.53048,17.89915
1928.37570,-0.24805,-3.70603,53.44737,8.89923,9.13683,17.51827,17.89304
1928.38570,-0.22578,-3.71299,53.38251,8.89923,9.09865,17.51367,17.87096
1928.39570,-0.20891,-3.71638,53.32961,8.90853,9.06359,17.49897,17.85851
1928.40570,-0.21967,-3.71086,53.35637,8.91923,9.07483,17.48827,17.87404
1928.41570,-0.20969,-3.70292,53.36626,8.92783,9.08816,17.49686,17.85340
1928.42570,-0.18111,-3.68907,53.39112,8.96398,9.09283,17.50827,17.82604
1928.43570,-0.15987,-3.68448,53.40737,8.99823,9.07483,17.50827,17.82604
1928.44570,-0.15490,-3.68543,53.41395,8.99510,9.07797,17.52080,17.82009
1928.45570,-0.14432,-3.68745,53.42795,8.98843,9.08463,17.54747,17.80742
1928.46570,-0.17767,-3.69564,53.33775,8.93855,9.08483,17.51147,17.80290
1928.47570,-0.20736,-3.70014,53.31733,8.91648,9.08948,17.48685,17.82452
1928.48570,-0.19591,-3.69431,53.41637,8.95823,9.09483,17.50827,17.85504
1928.49570,-0.19251,-3.69798,53.43472,8.95584,9.09483,17.52395,17.86009
1928.50570,-0.18511,-3.70594,53.47460,8.95064,9.09483,17.55806,17.87107
1928.51570,-0.24446,-3.72625,53.25837,8.85023,9.07483,17.47827,17.85504
1928.52570,-0.22140,-3.72176,53.27521,8.87346,9.06776,17.49173,17.84225
1928.53570,-0.17600,-3.71292,53.30837,8.91923,9.05383,17.51827,17.81704
1928.54570,-0.17512,-3.71075,53.30573,8.92781,9.04943,17.50947,17.81902
1928.55570,-0.17244,-3.70418,53.29773,8.95381,9.03610,17.48280,17.82502
1928.56570,-0.24043,-3.70192,53.41144,8.90259,9.13098,17.50656,17.87131
1928.57570,-0.24454,-3.70186,53.41837,8.89923,9.13683,17.50827,17.87404
1928.58570,-0.20470,-3.72718,53.35789,8.89923,9.05715,17.52747,17.87404
1928.59570,-0.16445,-3.69022,53.48977,9.00387,9.08359,17.53787,17.86444
1928.60570,-0.16284,-3.68864,53.49537,9.00823,9.08483,17.53827,17.86404
1928.61570,-0.20769,-3.71691,53.30637,8.89923,9.06383,17.49827,17.84504
1928.62570,-0.20877,-3.71919,53.29287,8.89482,9.05834,17.49467,17.84504
1928.63570,-0.22024,-3.74070,53.15536,8.85202,9.00468,17.45529,17.84337
1928.64570,-0.22650,-3.72175,53.14410,8.87189,9.02521,17.42217,17.82483
1928.65570,-0.23173,-3.71161,53.14569,8.88255,9.03871,17.40587,17.81856
1928.66570,-0.25555,-3.68897,53.21296,8.90689,9.08990,17.38554,17.83063
1928.67570,-0.18508,-3.71552,53.15137,8.88023,9.03383,17.46827,17.76904
1928.68570,-0.18508,-3.71552,53.15137,8.88023,9.03383,17.46827,17.76904
1928.69570,-0.20955,-3.72472,53.32350,8.90736,9.04319,17.49633,17.87662
1928.70570,-0.21123,-3.72536,53.33537,8.90923,9.04383,17.49827,17.88404
1928.71570,-0.21076,-3.74717,53.25857,8.86219,9.01407,17.50787,17.87444
1928.72570,-0.23664,-3.74343,53.39745,8.86983,9.06179,17.53707,17.92876
1928.73570,-0.23772,-3.74324,53.40337,8.87023,9.06383,17.53827,17.93104
1928.74570,-0.25321,-3.74584,53.36433,8.87023,9.04463,17.49987,17.94960
1928.75570,-0.24400,-3.75288,53.31270,8.86281,9.01825,17.49311,17.93852
1928.76570,-0.23776,-3.75483,53.30237,8.86023,9.01283,17.49827,17.93104
1928.77570,-0.22867,-3.73632,53.29489,8.89267,9.02115,17.47332,17.90775
1928.78570,-0.22683,-3.73257,53.29337,8.89923,9.02283,17.46827,17.90304
1928.79570,-0.22524,-3.71343,53.19024,8.89175,9.04030,17.42668,17.83152
1928.80570,-0.26185,-3.71036,53.22722,8.86508,9.08659,17.42665,17.84890
1928.81570,-0.26896,-3.71052,53.23837,8.86023,9.09483,17.42827,17.85504
1928.82570,-0.24651,-3.68944,53.26499,8.90099,9.11230,17.42827,17.82344
1928.83570,-0.24489,-3.69347,53.22845,8.89330,9.09823,17.41988,17.81704
1928.84570,-0.24545,-3.69506,53.22037,8.89023,9.09483,17.41827,17.81704
1928.85570,-0.28214,-3.69335,53.26069,8.89023,9.11247,17.39307,17.86492
1928.86570,-0.28913,-3.69302,53.26837,8.89023,9.11583,17.38827,17.87404
1928.87570,-0.25275,-3.70864,53.29367,8.89867,9.07944,17.43709,17.87848
1928.88570,-0.20896,-3.72744,53.32415,8.90883,9.03559,17.49591,17.88383
1928.89570,-0.26395,-3.71513,53.26437,8.89923,9.05383,17.40827,17.90304
1928.90570,-0.23466,-3.71321,53.33566,8.92062,9.06096,17.45817,17.89591
1928.91570,-0.22641,-3.70414,53.41620,8.92213,9.10785,17.50667,17.87955
1928.92570,-0.22784,-3.70075,53.43737,8.91923,9.12583,17.51827,17.87404
1928.93570,-0.22784,-3.70075,53.43737,8.91923,9.12583,17.51827,17.87404
1928.94570,-0.23385,-3.71848,53.38613,8.89487,9.09139,17.50987,17.89000
1928.95570,-0.23500,-3.72186,53.37637,8.89023,9.08483,17.50827,17.89304
1928.96570,-0.20049,-3.70950,53.32304,8.92647,9.05953,17.48815,17.84888
1928.97570,-0.25088,-3.67800,53.19137,8.89923,9.11583,17.38827,17.78804
1928.98570,-0.24507,-3.68967,53.22383,8.90310,9.09574,17.40758,17.81740
1928.99570,-0.23396,-3.70748,53.27067,8.90923,9.06383,17.43827,17.85934
1929.00570,-0.24171,-3.71478,53.25593,8.88081,9.07021,17.44987,17.85504
1929.01570,-0.23237,-3.72284,53.28627,8.87183,9.07058,17.48533,17.85852
1929.02570,-0.20672,-3.72651,53.34637,8.89023,9.06383,17.52827,17.86404
1929.03570,-0.22192,-3.72046,53.37397,8.89437,9.08315,17.51907,17.87738
1929.04570,-0.23957,-3.72462,53.36037,8.87669,9.08651,17.50827,17.88890
1929.05570,-0.23937,-3.73786,53.30637,8.85023,9.06383,17.50827,17.88404
1929.06570,-0.23342,-3.71772,53.31594,8.87893,9.08546,17.49163,17.85992
1929.07570,-0.23006,-3.69695,53.34250,8.90947,9.11247,17.47837,17.84220
1929.08570,-0.23990,-3.71173,53.36837,8.89023,9.10583,17.49827,17.87404
1929.09570,-0.21665,-3.71208,53.37780,8.91009,9.08833,17.51173,17.86764
1929.10570,-0.17085,-3.71278,53.39637,8.94923,9.05383,17.53827,17.85504
1929.11570,-0.18150,-3.72992,53.31558,8.90614,9.02960,17.52817,17.85167
1929.12570,-0.18467,-3.74663,53.20389,8.85357,9.00559,17.52147,17.82326
1929.13570,-0.14841,-3.71176,53.30037,8.91923,9.05383,17.54827,17.77904
1929.14570,-0.15266,-3.71168,53.30667,8.91713,9.05824,17.54827,17.78303
1929.15570,-0.16994,-3.71226,53.34202,8.91339,9.07255,17.54827,17.80781
1929.16570,-0.17494,-3.71561,53.38637,8.92923,9.06383,17.54827,17.84504
1929.17570,-0.17795,-3.71598,53.38506,8.92632,9.06544,17.54681,17.84650
1929.18570,-0.19167,-3.71767,53.37910,8.91307,9.07272,17.54019,17.85312
1929.19570,-0.19743,-3.71839,53.36579,8.90754,9.07207,17.53203,17.85415
1929.20570,-0.21154,-3.71893,53.25785,8.89567,9.04631,17.47307,17.84280
1929.21570,-0.16442,-3.69737,53.37837,8.95823,9.07483,17.52827,17.81704
1929.22570,-0.16609,-3.69550,53.38269,8.95751,9.08139,17.52907,17.81472
1929.23570,-0.18187,-3.67565,53.40765,8.94683,9.14699,17.53267,17.78116
1929.24570,-0.14198,-3.69473,53.12337,8.91923,9.03383,17.46827,17.70204
1929.25570,-0.14368,-3.69471,53.12972,8.91870,9.03655,17.46987,17.70460
1929.26570,-0.16489,-3.69449,53.20905,8.91203,9.07055,17.48987,17.73660
1929.27570,-0.17378,-3.69439,53.24237,8.90923,9.08483,17.49827,17.75004
1929.28570,-0.15241,-3.70573,53.20243,8.92212,9.03200,17.49182,17.75648
1929.29570,-0.12775,-3.70722,53.21278,8.94264,9.01149,17.50676,17.75190
1929.30570,-0.10044,-3.69710,53.28173,8.97116,9.02990,17.54611,17.73457
1929.31570,-0.07321,-3.68700,53.35069,8.99968,9.04831,17.58546,17.71724
1929.32570,-0.10039,-3.68927,53.27404,8.94890,9.06783,17.56460,17.69271
1929.33570,-0.11811,-3.69193,53.22537,8.91923,9.07483,17.54827,17.68304
1929.34570,-0.13731,-3.66533,53.28337,8.95925,9.11659,17.51347,17.69406
1929.35570,-0.15118,-3.64610,53.32537,8.98823,9.14683,17.48827,17.70204
1929.36570,-0.13767,-3.64542,53.31871,9.00157,9.13283,17.48827,17.69604
1929.37570,-0.10215,-3.64298,53.27702,9.00823,9.11767,17.50459,17.64652
1929.38570,-0.09566,-3.64251,53.26837,9.00823,9.11583,17.50827,17.63604
1929.39570,-0.09323,-3.61755,53.29441,9.04099,9.15027,17.49147,17.61168
1929.40570,-0.15400,-3.60368,53.26860,9.00648,9.20840,17.43837,17.61536
1929.41570,-0.16640,-3.60183,53.26237,8.99823,9.21883,17.42827,17.61704
1929.42570,-0.15277,-3.60359,53.27279,9.00920,9.20732,17.43923,17.61704
1929.43570,-0.14156,-3.60504,53.28137,9.01823,9.19783,17.44827,17.61704
1929.44570,-0.15240,-3.60205,53.32113,9.04592,9.19073,17.42697,17.65751
1929.45570,-0.18898,-3.60438,53.30295,9.00775,9.21724,17.41109,17.66687
1929.46570,-0.20166,-3.60578,53.28937,8.98823,9.22883,17.40827,17.66404
1929.47570,-0.19392,-3.61596,53.28442,8.99177,9.19982,17.41181,17.68102
1929.48570,-0.17269,-3.62313,53.35019,9.03245,9.16481,17.42987,17.72306
1929.49570,-0.16758,-3.61488,53.40437,9.05723,9.17783,17.43827,17.73104
1929.50570,-0.16990,-3.61537,53.43685,9.06386,9.18115,17.44490,17.74695
1929.51570,-0.17388,-3.61621,53.49285,9.07529,9.18686,17.45632,17.77438
1929.52570,-0.17456,-3.61635,53.50237,9.07723,9.18783,17.45827,17.77904
1929.53570,-0.20980,-3.66801,53.33976,8.94188,9.14683,17.46956,17.78149
1929.54570,-0.17797,-3.64760,53.45037,9.02723,9.14683,17.47827,17.79804
1929.55570,-0.17402,-3.64943,53.42526,9.01441,9.14683,17.48350,17.78051
1929.56570,-0.16524,-3.65349,53.36944,8.98593,9.14683,17.49513,17.74156
1929.57570,-0.14594,-3.66645,53.31237,8.98823,9.09483,17.48827,17.74104
1929.58570,-0.17800,-3.66765,53.30719,8.95838,9.12012,17.47608,17.75262
1929.59570,-0.24771,-3.67027,53.29594,8.89348,9.17508,17.44959,17.77778
1929.60570,-0.22887,-3.66887,53.29721,8.91336,9.15891,17.45352,17.77142
1929.61570,-0.18035,-3.66554,53.30121,8.96365,9.11776,17.46495,17.75485
1929.62570,-0.20168,-3.67249,53.39237,8.94923,9.14683,17.49827,17.79804
1929.63570,-0.19791,-3.67471,53.38906,8.94923,9.14051,17.50128,17.79804
1929.64570,-0.18619,-3.68228,53.36920,8.94685,9.11844,17.50827,17.79565
1929.65570,-0.17674,-3.69001,53.33037,8.93923,9.09483,17.50827,17.78804
1929.66570,-0.17674,-3.69001,53.33037,8.93923,9.09483,17.50827,17.78804
1929.67570,-0.18317,-3.65458,53.31007,8.97345,9.13659,17.45607,17.74396
1929.68570,-0.18783,-3.62890,53.29537,8.99823,9.16683,17.41827,17.71204
1929.69570,-0.20056,-3.64480,53.36737,8.97823,9.17417,17.45827,17.75671
1929.70570,-0.19164,-3.64607,53.28396,8.96017,9.16089,17.44599,17.71692
1929.71570,-0.18797,-3.64447,53.25537,8.95823,9.15683,17.43827,17.70204
1929.72570,-0.20748,-3.65375,53.27031,8.95823,9.14023,17.42167,17.75018
1929.73570,-0.14720,-3.68476,53.09907,8.94246,9.02561,17.42657,17.70443
1929.74570,-0.13666,-3.69024,53.07000,8.93868,9.00681,17.42882,17.69569
1929.75570,-0.16647,-3.68460,53.14362,8.93255,9.05098,17.43495,17.72514
1929.76570,-0.21826,-3.68240,53.32781,8.92923,9.12175,17.46587,17.81096
1929.77570,-0.21738,-3.67974,53.35007,8.93893,9.12583,17.46827,17.81704
1929.78570,-0.24488,-3.66553,53.39740,8.95785,9.15621,17.43887,17.84447
1929.79570,-0.24544,-3.66524,53.39837,8.95823,9.15683,17.43827,17.84504
1929.80570,-0.24681,-3.67987,53.44077,8.95823,9.13692,17.45754,17.88808
1929.81570,-0.18033,-3.66962,53.44657,9.00275,9.11841,17.49794,17.82746
1929.82570,-0.15693,-3.66321,53.44037,9.01823,9.11583,17.50827,17.79804
1929.83570,-0.23636,-3.63972,53.33285,8.98463,9.16791,17.39067,17.78964
1929.84570,-0.25153,-3.63523,53.31237,8.97823,9.17783,17.36827,17.78804
1929.85570,-0.24110,-3.64134,53.35437,8.97823,9.17783,17.40187,17.79644
1929.86570,-0.23474,-3.62825,53.36506,8.97823,9.21211,17.41499,17.75974
1929.87570,-0.23261,-3.62130,53.36637,8.97823,9.22883,17.41827,17.74104
1929.88570,-0.18381,-3.63791,53.21213,8.96191,9.15375,17.41827,17.67820
1929.89570,-0.23256,-3.64700,53.19165,8.95067,9.13683,17.35947,17.74468
1929.90570,-0.24394,-3.64801,53.19437,8.94923,9.13683,17.34827,17.76004
1929.91570,-0.24345,-3.64046,53.30123,8.97028,9.16975,17.38065,17.78055
1929.92570,-0.24304,-3.63405,53.39237,8.98823,9.19783,17.40827,17.79804
1929.93570,-0.24742,-3.62886,53.31711,8.96693,9.20564,17.38697,17.75757
1929.94570,-0.22484,-3.62179,53.39969,9.00126,9.21601,17.42130,17.76112
1929.95570,-0.21526,-3.61985,53.44437,9.01823,9.21883,17.43827,17.76904
1929.96570,-0.24278,-3.60797,53.43867,9.02808,9.23490,17.39162,17.78407
1929.97570,-0.24248,-3.60470,53.35890,9.02698,9.21637,17.35366,17.76188
1929.98570,-0.22033,-3.61136,53.29537,9.01823,9.18783,17.35827,17.73104
1929.99570,-0.24102,-3.60414,53.31241,9.02335,9.20544,17.33611,17.74751
1930.00570,-0.25674,-3.59864,53.32537,9.02723,9.21883,17.31927,17.76004
1930.01570,-0.25229,-3.60926,53.31427,8.99277,9.22467,17.35373,17.74310
1930.02570,-0.25561,-3.60925,53.29180,8.97444,9.23535,17.35687,17.72515
1930.03570,-0.26682,-3.59619,53.26666,8.98513,9.24658,17.31997,17.71499
1930.04570,-0.29984,-3.62991,53.16851,8.91861,9.20086,17.29747,17.75157
1930.05570,-0.29993,-3.65755,53.16092,8.88561,9.16683,17.32661,17.78186
1930.06570,-0.26502,-3.66008,53.25507,8.91167,9.16683,17.38991,17.78665
1930.07570,-0.25492,-3.66081,53.28237,8.91923,9.16683,17.40827,17.78804
1930.08570,-0.27208,-3.62342,53.38146,8.99622,9.21103,17.35908,17.81513
1930.09570,-0.27898,-3.60839,53.42137,9.02723,9.22883,17.33927,17.82604
1930.10570,-0.28805,-3.65795,53.21300,8.90861,9.16058,17.34389,17.79992
1930.11570,-0.26314,-3.64934,53.26237,8.93923,9.16683,17.36827,17.78804
1930.12570,-0.25788,-3.64171,53.33032,8.95678,9.19023,17.39077,17.79254
1930.13570,-0.25538,-3.63206,53.38907,8.97823,9.21137,17.40142,17.79804
1930.14570,-0.26410,-3.63128,53.33506,8.97823,9.19480,17.36399,17.79804
1930.15570,-0.26592,-3.63323,53.30777,8.97363,9.18553,17.35287,17.79574
1930.16570,-0.26191,-3.63819,53.29777,8.96363,9.18053,17.36287,17.79074
1930.17570,-0.25129,-3.64428,53.30504,8.96490,9.16750,17.37827,17.79437
1930.18570,-0.25716,-3.64995,53.31354,8.96847,9.15357,17.37167,17.81983
1930.19570,-0.30206,-3.64768,53.28037,8.94923,9.16683,17.31927,17.84504
1930.20570,-0.29419,-3.64554,53.31097,8.95404,9.17745,17.33924,17.84024
1930.21570,-0.27816,-3.64312,53.40091,8.96147,9.20627,17.39593,17.83724
1930.22570,-0.29871,-3.65431,53.39957,8.94213,9.19893,17.38927,17.86924
1930.23570,-0.28412,-3.65788,53.39727,8.94367,9.18827,17.40460,17.86074
1930.24570,-0.23360,-3.66327,53.39127,8.95633,9.16093,17.45127,17.82274
1930.25570,-0.23521,-3.66921,53.35794,8.94466,9.14740,17.44447,17.82141
1930.26570,-0.27556,-3.67525,53.25507,8.90607,9.13701,17.38255,17.82944
1930.27570,-0.30779,-3.63739,53.27437,8.92923,9.20883,17.32927,17.80704
1930.28570,-0.30779,-3.63739,53.27437,8.92923,9.20883,17.32927,17.80704
1930.29570,-0.25722,-3.63486,53.29209,8.97021,9.17981,17.35926,17.78280
1930.30570,-0.26707,-3.63100,53.37137,8.98823,9.19783,17.36827,17.81704
1930.31570,-0.26591,-3.63292,53.36849,8.98643,9.19414,17.37007,17.81785
1930.32570,-0.25424,-3.65241,53.33937,8.96823,9.15683,17.38827,17.82604
1930.33570,-0.25823,-3.65388,53.33676,8.96202,9.15872,17.38827,17.82775
1930.34570,-0.29862,-3.66660,53.31871,8.90517,9.17969,17.38647,17.84738
1930.35570,-0.29837,-3.64302,53.41138,8.97117,9.20036,17.36647,17.87338
1930.36570,-0.29827,-3.63338,53.44937,8.99823,9.20883,17.35827,17.88404
1930.37570,-0.29242,-3.62807,53.29907,8.95945,9.20883,17.33015,17.80065
1930.38570,-0.32503,-3.67185,53.27982,8.90100,9.15839,17.33897,17.88146
1930.39570,-0.32604,-3.67321,53.27937,8.89923,9.15683,17.33927,17.88404
1930.40570,-0.30324,-3.64032,53.33854,8.96616,9.18690,17.32957,17.85591
1930.41570,-0.30254,-3.63931,53.34037,8.96823,9.18783,17.32927,17.85504
1930.42570,-0.29992,-3.64000,53.34514,8.96904,9.18703,17.33403,17.85504
1930.43570,-0.27411,-3.64731,53.39857,8.97565,9.18149,17.38559,17.85584
1930.44570,-0.31442,-3.64145,53.39037,8.94923,9.21883,17.35827,17.86404
1930.45570,-0.31214,-3.64229,53.39101,8.94995,9.21635,17.36067,17.86404
1930.46570,-0.28545,-3.65274,53.39205,8.95707,9.18512,17.38698,17.86288
1930.47570,-0.28179,-3.65771,53.34937,8.94923,9.16683,17.37827,17.85504
1930.48570,-0.31655,-3.64288,53.35105,8.93243,9.21891,17.35307,17.84664
1930.49570,-0.32317,-3.64005,53.35137,8.92923,9.22883,17.34827,17.84504
1930.50570,-0.27148,-3.67984,53.32617,8.89647,9.15995,17.43227,17.83748
1930.51570,-0.28505,-3.65193,53.34405,8.96415,9.16363,17.35671,17.85956
1930.52570,-0.28950,-3.64517,53.34837,8.97823,9.16683,17.33927,17.86404
1930.53570,-0.28150,-3.64950,53.34997,8.96280,9.17269,17.36535,17.84914
1930.54570,-0.25378,-3.66187,53.34143,8.96982,9.13381,17.38827,17.84953
1930.55570,-0.24532,-3.66537,53.33737,8.97823,9.11583,17.38827,17.85504
1930.56570,-0.24532,-3.66537,53.33737,8.97823,9.11583,17.38827,17.85504
1930.57570,-0.33462,-3.66369,53.40237,8.88023,9.23983,17.40827,17.87404
1930.58570,-0.31091,-3.66330,53.37042,8.92922,9.18090,17.37277,17.88753
1930.59570,-0.30715,-3.66829,53.35408,8.92149,9.17141,17.37707,17.88411
1930.60570,-0.31384,-3.67409,53.35037,8.89023,9.18783,17.39827,17.87404
1930.61570,-0.30006,-3.65211,53.37557,8.92563,9.21243,17.39227,17.84524
1930.62570,-0.29001,-3.65193,53.33119,8.94923,9.17418,17.35916,17.84861
1930.63570,-0.28721,-3.66031,53.29474,8.95460,9.13683,17.33927,17.86404
1930.64570,-0.28900,-3.66260,53.27045,8.92318,9.15466,17.35649,17.83612
1930.65570,-0.29125,-3.66487,53.25137,8.89923,9.16683,17.36827,17.81704
1930.66570,-0.25364,-3.66089,53.24134,8.91693,9.15503,17.39187,17.77751
1930.67570,-0.24119,-3.66307,53.26843,8.92923,9.14683,17.40827,17.78409
1930.68570,-0.26204,-3.67060,53.32037,8.92923,9.14683,17.40827,17.83604
1930.69570,-0.27302,-3.67449,53.37630,8.91983,9.16610,17.43177,17.85860
1930.70570,-0.29788,-3.68729,53.41446,8.90030,9.16856,17.43947,17.90613
1930.71570,-0.31201,-3.69681,53.38637,8.89023,9.14683,17.41827,17.93104
1930.72570,-0.29505,-3.69374,53.41927,8.90386,9.15153,17.44177,17.92211
1930.73570,-0.27596,-3.69027,53.45637,8.91923,9.15683,17.46827,17.91204
1930.74570,-0.29284,-3.69581,53.41221,8.91034,9.13782,17.43453,17.92952
1930.75570,-0.32965,-3.70788,53.31621,8.89101,9.09649,17.36120,17.96752
1930.76570,-0.33953,-3.70651,53.39437,8.88023,9.13683,17.39827,17.97904
1930.77570,-0.31962,-3.71406,53.32402,8.87350,9.10216,17.39490,17.95346
1930.78570,-0.30266,-3.72880,53.17504,8.85057,9.04050,17.36527,17.91871
1930.79570,-0.34758,-3.72839,53.15437,8.83123,9.05383,17.31927,17.95004
1930.80570,-0.34970,-3.73350,53.17891,8.82351,9.05789,17.33646,17.96105
1930.81570,-0.35593,-3.74852,53.25107,8.80078,9.06982,17.38703,17.99344
1930.82570,-0.35854,-3.75481,53.28137,8.79123,9.07483,17.40827,18.00704
1930.83570,-0.34939,-3.76678,53.18822,8.77424,9.03265,17.39069,17.99064
1930.84570,-0.32926,-3.78612,53.26692,8.77344,9.01463,17.45497,18.02388
1930.85570,-0.31983,-3.79362,53.36737,8.78123,9.02283,17.50827,18.05504
1930.86570,-0.31700,-3.80042,53.36029,8.78713,8.99864,17.50237,18.07215
1930.87570,-0.32644,-3.81463,53.40788,8.76822,9.00012,17.53308,18.10646
1930.88570,-0.33435,-3.82121,53.44437,8.75223,9.01283,17.55727,18.12204
1930.89570,-0.38356,-3.79717,53.30537,8.77223,9.00283,17.40827,18.12204
1930.90570,-0.38545,-3.79613,53.30645,8.76953,9.00832,17.40917,18.11943
1930.91570,-0.40245,-3.78512,53.31935,8.74343,9.06449,17.42067,18.09076
1930.92570,-0.37874,-3.77942,53.34135,8.75677,9.07183,17.44733,18.06543
1930.93570,-0.37068,-3.77593,53.35044,8.76290,9.07690,17.45560,18.05504
1930.94570,-0.38718,-3.76435,53.35111,8.76957,9.09757,17.42893,18.05504
1930.95570,-0.37444,-3.77946,53.26171,8.76549,9.03640,17.40478,18.05504
1930.96570,-0.36506,-3.78903,53.21837,8.76223,9.00283,17.39827,18.05504
1930.97570,-0.32268,-3.77606,53.20871,8.81922,8.97289,17.38861,18.02799
1930.98570,-0.32119,-3.77560,53.20837,8.82123,8.97183,17.38827,18.02704
1930.99570,-0.32871,-3.75477,53.38117,8.83947,9.06015,17.44587,18.03568
1931.00570,-0.36284,-3.77113,53.39701,8.80279,9.06383,17.44827,18.08212
1931.01570,-0.36425,-3.77184,53.39737,8.80123,9.06383,17.44827,18.08404
1931.02570,-0.39759,-3.73306,53.49612,8.84122,9.14789,17.41562,18.09138
1931.03570,-0.36030,-3.74508,53.50829,8.85863,9.10635,17.45027,18.09304
1931.04570,-0.35177,-3.74903,53.50637,8.86023,9.09483,17.45827,18.09304
1931.05570,-0.38008,-3.75662,53.44421,8.78631,9.13011,17.46667,18.06112
1931.06570,-0.38548,-3.75807,53.43237,8.77223,9.13683,17.46827,18.05504
1931.07570,-0.37912,-3.75698,53.36965,8.78847,9.10211,17.42907,18.05000
1931.08570,-0.38955,-3.73805,53.27362,8.81717,9.08546,17.34036,18.03063
1931.09570,-0.40320,-3.72207,53.23237,8.83123,9.09483,17.28927,18.01704
1931.10570,-0.41185,-3.73887,53.26702,8.79588,9.10261,17.33098,18.03755
1931.11570,-0.38830,-3.74720,53.20299,8.78691,9.07062,17.33747,18.00798
1931.12570,-0.36762,-3.74826,53.14337,8.79123,9.04383,17.32927,17.97904
1931.13570,-0.36550,-3.77043,53.25672,8.79123,9.03007,17.38758,18.04783
1931.14570,-0.36439,-3.78206,53.31637,8.79123,9.02283,17.41827,18.08404
1931.15570,-0.39480,-3.81151,53.33767,8.72165,9.03064,17.46087,18.12451
1931.16570,-0.39216,-3.82482,53.39394,8.72092,9.01892,17.49247,18.16163
1931.17570,-0.38602,-3.82535,53.41337,8.73223,9.01283,17.49827,18.17004
1931.18570,-0.38602,-3.82535,53.41337,8.73223,9.01283,17.49827,18.17004
1931.19570,-0.36045,-3.82366,53.43325,8.77715,8.97847,17.49467,18.18296
1931.20570,-0.35731,-3.85003,53.34337,8.70323,8.96083,17.52827,18.15104
1931.21570,-0.35603,-3.83764,53.33923,8.72119,8.97050,17.50985,18.13769
1931.22570,-0.35453,-3.82311,53.33437,8.74223,8.98183,17.48827,18.12204
1931.23570,-0.36142,-3.81509,53.27799,8.74741,8.97666,17.44689,18.10704
1931.24570,-0.34243,-3.80461,53.25495,8.76905,8.97183,17.43727,18.07680
1931.25570,-0.32403,-3.80245,53.27637,8.78123,8.97183,17.45827,18.06504
1931.26570,-0.32621,-3.79990,53.27409,8.78250,8.97577,17.45319,18.06263
1931.27570,-0.33726,-3.78677,53.27592,8.78673,9.00283,17.43627,18.05009
1931.28570,-0.33243,-3.79218,53.29737,8.78123,9.00283,17.45827,18.05504
1931.29570,-0.33955,-3.77890,53.37070,8.80401,9.03563,17.46282,18.06825
1931.30570,-0.34804,-3.76306,53.45837,8.83123,9.07483,17.46827,18.08404
1931.31570,-0.32278,-3.76415,53.42210,8.83537,9.05601,17.47745,18.05327
1931.32570,-0.31257,-3.77031,53.40493,8.81220,9.05898,17.50476,18.02900
1931.33570,-0.34045,-3.77727,53.44137,8.77223,9.09483,17.52827,18.04604
1931.34570,-0.32255,-3.77315,53.43855,8.79529,9.08048,17.52591,18.03686
1931.35570,-0.26451,-3.76228,53.39575,8.85685,9.03006,17.51484,17.99400
1931.36570,-0.26483,-3.76711,53.33137,8.83123,9.02283,17.50827,17.96904
1931.37570,-0.26510,-3.76463,53.31410,8.83123,9.02283,17.49941,17.96062
1931.38570,-0.26590,-3.75713,53.26175,8.83123,9.02283,17.47256,17.93512
1931.39570,-0.26683,-3.75824,53.26387,8.82703,9.02514,17.47667,17.93503
1931.40570,-0.27421,-3.76187,53.31807,8.81732,9.04454,17.50407,17.95214
1931.41570,-0.29058,-3.74278,53.37337,8.84023,9.08483,17.48827,17.96004
1931.42570,-0.29058,-3.74278,53.37337,8.84023,9.08483,17.48827,17.96004
1931.43570,-0.28403,-3.73507,53.32100,8.83613,9.08939,17.47460,17.92087
1931.44570,-0.27617,-3.72582,53.25837,8.83123,9.09483,17.45827,17.87404
1931.45570,-0.26602,-3.74117,53.25188,8.82659,9.06143,17.47219,17.89167
1931.46570,-0.24059,-3.74146,53.22654,8.86494,9.01391,17.45259,17.89509
1931.47570,-0.24203,-3.73858,53.24341,8.87183,9.01939,17.45227,17.89992
1931.48570,-0.27508,-3.72940,53.45621,8.89023,9.09403,17.49827,17.97368
1931.49570,-0.24672,-3.72315,53.38537,8.89023,9.08483,17.49827,17.91204
1931.50570,-0.24672,-3.72315,53.38537,8.89023,9.08483,17.49827,17.91204
1931.51570,-0.25933,-3.71503,53.29337,8.91923,9.04383,17.40827,17.92204
1931.52570,-0.25851,-3.71509,53.29142,8.91757,9.04468,17.40997,17.91919
1931.53570,-0.24826,-3.71589,53.26695,8.89683,9.05532,17.43125,17.88355
1931.54570,-0.24013,-3.68362,53.40737,8.94923,9.12583,17.45827,17.87404
1931.55570,-0.24013,-3.68362,53.40737,8.94923,9.12583,17.45827,17.87404
1931.56570,-0.27048,-3.70837,53.44211,8.89023,9.13859,17.49698,17.91631
1931.57570,-0.25715,-3.68952,53.37634,8.89023,9.16051,17.48094,17.84465
1931.58570,-0.24660,-3.67460,53.32437,8.89023,9.17783,17.46827,17.78804
1931.59570,-0.21401,-3.67529,53.27430,8.92173,9.12776,17.45211,17.77269
1931.60570,-0.20624,-3.67546,53.26237,8.92923,9.11583,17.44827,17.76904
1931.61570,-0.20870,-3.67709,53.32416,8.96630,9.09587,17.43876,17.82322
1931.62570,-0.19009,-3.69062,53.28272,8.93118,9.08533,17.47627,17.78994
1931.63570,-0.18910,-3.69133,53.28037,8.92923,9.08483,17.47827,17.78804
1931.64570,-0.18251,-3.70743,53.29647,8.90510,9.07679,17.51850,17.79609
1931.65570,-0.17376,-3.69723,53.29953,8.94115,9.06561,17.49473,17.79804
1931.66570,-0.17238,-3.69451,53.29937,8.94923,9.06383,17.48827,17.79804
1931.67570,-0.18587,-3.71186,53.20060,8.90026,9.03893,17.47167,17.78974
1931.68570,-0.18864,-3.71542,53.18037,8.89023,9.03383,17.46827,17.78804
1931.69570,-0.18603,-3.72568,53.21855,8.87363,9.03937,17.50700,17.79855
1931.70570,-0.18156,-3.74017,53.24352,8.85491,9.03266,17.54359,17.81236
1931.71570,-0.17949,-3.74564,53.23837,8.85023,9.02283,17.54827,17.81704
1931.72570,-0.15120,-3.72641,53.33706,8.90632,9.04484,17.57596,17.80994
1931.73570,-0.17962,-3.73909,53.42054,8.89004,9.05951,17.59863,17.87236
1931.74570,-0.20995,-3.75467,53.45337,8.86023,9.06383,17.60727,17.92204
1931.75570,-0.17300,-3.72627,53.41472,8.91381,9.06383,17.58014,17.85694
1931.76570,-0.15544,-3.71278,53.39637,8.93923,9.06383,17.56727,17.82604
1931.77570,-0.17734,-3.72201,53.33511,8.90472,9.05608,17.54439,17.82992
1931.78570,-0.19376,-3.72815,53.09417,8.84323,9.02213,17.46627,17.76254
1931.79570,-0.18590,-3.72450,53.03237,8.84023,9.01283,17.44827,17.73104
1931.80570,-0.17531,-3.69908,53.09177,8.87559,9.05667,17.45534,17.70417
1931.81570,-0.16571,-3.71444,53.12253,8.87130,9.03555,17.48667,17.72901
1931.82570,-0.15989,-3.74324,53.12937,8.85023,8.99183,17.51827,17.76904
1931.83570,-0.16551,-3.75475,53.04041,8.82729,8.95812,17.49017,17.76483
1931.84570,-0.17192,-3.76787,52.93937,8.80123,8.91983,17.45827,17.76004
1931.85570,-0.14947,-3.75873,53.03912,8.83721,8.93851,17.49926,17.76414
1931.86570,-0.13726,-3.74818,53.16749,8.87454,8.96881,17.54067,17.78347
1931.87570,-0.16949,-3.74892,53.18774,8.86188,8.98653,17.52379,17.81554
1931.88570,-0.19913,-3.74960,53.20637,8.85023,9.00283,17.50827,17.84504
1931.89570,-0.16486,-3.76635,53.26003,8.83673,8.99523,17.59050,17.83758
1931.90570,-0.14687,-3.74539,53.41537,8.89923,9.03383,17.62727,17.85504
1931.91570,-0.14799,-3.74459,53.40049,8.89529,9.03464,17.62244,17.84812
1931.92570,-0.16081,-3.73549,53.23037,8.85023,9.04383,17.56727,17.76904
1931.93570,-0.14865,-3.73510,53.21537,8.86148,9.02846,17.56352,17.76192
1931.94570,-0.13620,-3.71568,53.23719,8.90251,9.04011,17.54863,17.74595
1931.95570,-0.14559,-3.69321,53.29337,8.92923,9.08483,17.53827,17.74104
1931.96570,-0.14559,-3.69321,53.29337,8.92923,9.08483,17.53827,17.74104
1931.97570,-0.16061,-3.67784,53.29699,8.94593,9.10529,17.50487,17.74090
1931.98570,-0.15895,-3.66430,53.30637,8.93923,9.14683,17.51827,17.70204
1931.99570,-0.16076,-3.65877,53.27795,8.93923,9.15010,17.50193,17.68668
1932.00570,-0.16450,-3.64737,53.21937,8.93923,9.15683,17.46827,17.65504
1932.01570,-0.15285,-3.66464,53.21737,8.92923,9.12583,17.49160,17.67071
1932.02570,-0.13312,-3.69585,53.24490,8.91824,9.07329,17.54052,17.71285
1932.03570,-0.14364,-3.68602,53.33761,8.94473,9.10110,17.54714,17.74464
1932.04570,-0.15940,-3.68223,53.33923,8.94317,9.11210,17.53008,17.75388
1932.05570,-0.21019,-3.67465,53.27899,8.91811,9.13448,17.46276,17.76365
1932.06570,-0.18875,-3.67872,53.25814,8.91276,9.12325,17.48415,17.73798
1932.07570,-0.16823,-3.67874,53.22417,8.91903,9.10543,17.48627,17.71344
1932.08570,-0.14274,-3.66803,53.14337,8.95823,9.06383,17.43827,17.68304
1932.09570,-0.14274,-3.66803,53.14337,8.95823,9.06383,17.43827,17.68304
1932.10570,-0.20284,-3.69498,53.20091,8.87523,9.10345,17.47599,17.74623
1932.11570,-0.16254,-3.67458,53.19437,8.93923,9.08483,17.45827,17.71204
1932.12570,-0.16638,-3.67373,53.20549,8.94003,9.08979,17.45827,17.71740
1932.13570,-0.20541,-3.66598,53.32750,8.94923,9.14006,17.46153,17.77667
1932.14570,-0.14893,-3.68901,53.26137,8.94923,9.06383,17.49827,17.75004
1932.15570,-0.15180,-3.69090,53.26668,8.94473,9.06572,17.50187,17.75436
1932.16570,-0.18084,-3.70994,53.32037,8.89923,9.08483,17.53827,17.79804
1932.17570,-0.18084,-3.70994,53.32037,8.89923,9.08483,17.53827,17.79804
1932.18570,-0.19639,-3.71783,53.15650,8.85412,9.05629,17.48303,17.76306
1932.19570,-0.20609,-3.71309,53.10495,8.84064,9.06343,17.45907,17.74181
1932.20570,-0.20645,-3.71287,53.10337,8.84023,9.06383,17.45827,17.74104
1932.21570,-0.22037,-3.70817,53.27506,8.87903,9.09390,17.48737,17.81476
1932.22570,-0.24897,-3.70226,53.15427,8.87053,9.07543,17.40097,17.80734
1932.23570,-0.24985,-3.70208,53.15037,8.87023,9.07483,17.39827,17.80704
1932.24570,-0.25439,-3.69802,53.17475,8.86808,9.09468,17.40689,17.80510
1932.25570,-0.27086,-3.68331,53.26337,8.86023,9.16683,17.43827,17.79804
1932.26570,-0.24356,-3.67600,53.24909,8.89695,9.14235,17.42807,17.78172
1932.27570,-0.20097,-3.66825,53.24797,8.95510,9.10190,17.42173,17.76923
1932.28570,-0.22152,-3.68096,53.30037,8.92923,9.11583,17.44827,17.80704
1932.29570,-0.21962,-3.66503,53.30829,8.94870,9.13629,17.43507,17.78823
1932.30570,-0.22089,-3.64018,53.27784,8.97206,9.16067,17.39507,17.75004
1932.31570,-0.23137,-3.65541,53.18337,8.93923,9.12583,17.36827,17.75004
1932.32570,-0.20170,-3.62063,53.23610,8.98774,9.17645,17.38233,17.68958
1932.33570,-0.18918,-3.60595,53.25837,9.00823,9.19783,17.38827,17.66404
1932.34570,-0.20063,-3.64532,53.21171,8.95841,9.13982,17.40088,17.71260
1932.35570,-0.21728,-3.64833,53.22698,8.94750,9.14891,17.39890,17.73167
1932.36570,-0.22854,-3.62556,53.27537,8.96823,9.19783,17.38827,17.72104
1932.37570,-0.22606,-3.63386,53.30128,8.96823,9.18726,17.40413,17.74166
1932.38570,-0.25171,-3.65338,53.25311,8.93377,9.15972,17.38322,17.77640
1932.39570,-0.27158,-3.66203,53.20237,8.90923,9.14683,17.35827,17.78804
1932.40570,-0.23414,-3.66579,53.19086,8.92651,9.11689,17.38130,17.76616
1932.41570,-0.20655,-3.66855,53.18237,8.93923,9.09483,17.39827,17.75004
1932.42570,-0.21329,-3.66557,53.18885,8.93923,9.10398,17.39319,17.75245
1932.43570,-0.26688,-3.64581,53.22474,8.93469,9.16683,17.34963,17.77359
1932.44570,-0.27559,-3.64664,53.21437,8.92923,9.16683,17.33927,17.77904
1932.45570,-0.26217,-3.65139,53.20260,8.93291,9.14807,17.34626,17.77536
1932.46570,-0.24986,-3.66107,53.19493,8.92499,9.13080,17.36551,17.77363
1932.47570,-0.28362,-3.66583,53.23437,8.88023,9.17783,17.38827,17.78804
1932.48570,-0.27297,-3.66019,53.23483,8.88896,9.18243,17.39286,17.77059
