time_s,cop_x_cm,cop_y_cm,mass_kg,tr_kg,tl_kg,br_kg,bl_kg
2963.86740,-0.72535,-3.46111,80.69381,14.34629,13.75105,24.64887,27.94761
2963.87740,-0.72535,-3.46111,80.69381,14.34629,13.75105,24.64887,27.94761
2963.88740,-0.72793,-3.46029,80.68889,14.34629,13.75225,24.64167,27.94869
2963.89740,-0.72994,-3.45351,80.68981,14.34129,13.78155,24.64337,27.92361
2963.90740,-0.71298,-3.45277,80.72681,14.33629,13.80205,24.69787,27.89061
2963.91740,-0.71101,-3.46559,80.63028,14.30206,13.75730,24.68909,27.88183
2963.92740,-0.71073,-3.46738,80.61681,14.29729,13.75105,24.68787,27.88061
2963.93740,-0.73418,-3.47934,80.51231,14.24547,13.72428,24.64555,27.89702
2963.94740,-0.71526,-3.45894,80.74762,14.34097,13.78279,24.69899,27.92487
2963.95740,-0.71193,-3.45566,80.78481,14.35629,13.79205,24.70787,27.92861
2963.96740,-0.69617,-3.46340,80.59548,14.36429,13.69072,24.63764,27.90283
2963.97740,-0.72065,-3.47239,80.76479,14.32211,13.76000,24.71610,27.96658
2963.98740,-0.72421,-3.47346,80.79081,14.31629,13.77105,24.72787,27.97561
2963.99740,-0.72876,-3.45240,80.73481,14.30740,13.83505,24.70120,27.89116
2964.00740,-0.72933,-3.44977,80.72781,14.30629,13.84305,24.69787,27.88061
2964.01740,-0.71417,-3.47288,80.70757,14.28957,13.77089,24.73307,27.91405
2964.02740,-0.70511,-3.47301,80.69425,14.32161,13.73377,24.71147,27.92741
2964.03740,-0.70416,-3.47260,80.69281,14.32629,13.73005,24.70787,27.92861
2964.04740,-0.70407,-3.47297,80.68833,14.32549,13.72797,24.70667,27.92821
2964.05740,-0.70191,-3.48195,80.58081,14.30629,13.67805,24.67787,27.91861
2964.06740,-0.71947,-3.47753,80.69557,14.30629,13.73353,24.70067,27.95509
2964.07740,-0.70760,-3.48188,80.68672,14.30173,13.71964,24.72307,27.94229
2964.08740,-0.69064,-3.48747,80.64281,14.29729,13.68905,24.73787,27.91861
2964.09740,-0.70072,-3.48253,80.68005,14.30413,13.71261,24.73027,27.93305
2964.10740,-0.69146,-3.47792,80.71613,14.33618,13.70941,24.73293,27.93761
2964.11740,-0.67935,-3.47495,80.73981,14.36529,13.69905,24.73787,27.93761
2964.12740,-0.68625,-3.47413,80.75478,14.34096,13.73149,24.75658,27.92576
2964.13740,-0.69040,-3.47364,80.76381,14.32629,13.75105,24.76787,27.91861
2964.14740,-0.68563,-3.47845,80.74542,14.31709,13.73680,24.77706,27.91447
2964.15740,-0.68067,-3.48453,80.75188,14.31454,13.72005,24.79199,27.92529
2964.16740,-0.68159,-3.48513,80.79181,14.32629,13.72005,24.79787,27.94761
2964.17740,-0.69425,-3.47319,80.72418,14.33255,13.73258,24.73524,27.92381
2964.18740,-0.66727,-3.47518,80.58994,14.33629,13.67516,24.71677,27.86173
2964.19740,-0.64694,-3.48054,80.53481,14.33629,13.63705,24.72787,27.83361
2964.20740,-0.66891,-3.46842,80.58017,14.33629,13.69564,24.70897,27.83928
2964.21740,-0.68181,-3.46131,80.60681,14.33629,13.73005,24.69787,27.84261
2964.22740,-0.66537,-3.46345,80.64791,14.34302,13.73005,24.74166,27.83317
2964.23740,-0.63930,-3.46684,80.71316,14.35372,13.73005,24.81118,27.81820
2964.24740,-0.66783,-3.45303,80.73717,14.35629,13.78477,24.76707,27.82905
2964.25740,-0.67881,-3.44841,80.73981,14.35629,13.80205,24.74787,27.83361
2964.26740,-0.65343,-3.44475,80.69264,14.41569,13.73916,24.71292,27.82487
2964.27740,-0.66309,-3.47093,80.68669,14.32133,13.73878,24.78640,27.84019
2964.28740,-0.65938,-3.45824,80.63277,14.35124,13.73500,24.73726,27.80927
2964.29740,-0.65383,-3.44196,80.57981,14.39529,13.73005,24.67787,27.77661
2964.30740,-0.65985,-3.44956,80.61449,14.37540,13.73515,24.70337,27.80058
2964.31740,-0.67061,-3.46879,80.70423,14.33823,13.73554,24.76397,27.86648
2964.32740,-0.67666,-3.48327,80.77281,14.31629,13.73005,24.80787,27.91861
2964.33740,-0.66824,-3.46662,80.74986,14.34638,13.75096,24.78237,27.87016
2964.34740,-0.65493,-3.46060,80.72883,14.37529,13.73603,24.76807,27.84945
2964.35740,-0.64509,-3.48017,80.72986,14.37434,13.66805,24.78787,27.89961
2964.36740,-0.67612,-3.48370,80.65699,14.31629,13.68833,24.75277,27.89961
2964.37740,-0.69957,-3.47245,80.63381,14.31629,13.72005,24.69787,27.89961
2964.38740,-0.68300,-3.46538,80.67398,14.34320,13.73214,24.72127,27.87738
2964.39740,-0.66537,-3.45398,80.74227,14.37515,13.76431,24.75527,27.84755
2964.40740,-0.68652,-3.45310,80.75627,14.34915,13.79831,24.74860,27.86021
2964.41740,-0.69935,-3.45331,80.74031,14.33110,13.81003,24.73500,27.86418
2964.42740,-0.72273,-3.45762,80.69356,14.29454,13.81505,24.70537,27.87861
2964.43740,-0.70191,-3.46784,80.70481,14.31629,13.76105,24.72787,27.89961
2964.44740,-0.70191,-3.46784,80.70481,14.31629,13.76105,24.72787,27.89961
2964.45740,-0.69376,-3.47721,80.71681,14.28729,13.76105,24.77787,27.89061
2964.46740,-0.69376,-3.47721,80.71681,14.28729,13.76105,24.77787,27.89061
2964.47740,-0.66191,-3.47070,80.68553,14.34149,13.71901,24.76787,27.85717
2964.48740,-0.69931,-3.46702,80.75681,14.30629,13.79205,24.76787,27.89061
2964.49740,-0.69682,-3.46514,80.74697,14.31577,13.78581,24.75827,27.88713
2964.50740,-0.67851,-3.45334,80.67481,14.37977,13.73845,24.69347,27.86313
2964.51740,-0.67815,-3.47011,80.67481,14.33377,13.72512,24.74013,27.87579
2964.52740,-0.67802,-3.47648,80.67481,14.31629,13.72005,24.75787,27.88061
2964.53740,-0.69551,-3.47652,80.82481,14.30629,13.78205,24.80787,27.92861
2964.54740,-0.69551,-3.47652,80.82481,14.30629,13.78205,24.80787,27.92861
2964.55740,-0.67962,-3.48220,80.70239,14.32616,13.69950,24.75836,27.91837
2964.56740,-0.67486,-3.47885,80.76006,14.31389,13.74367,24.80744,27.89506
2964.57740,-0.67191,-3.47678,80.79581,14.30629,13.77105,24.83787,27.88061
2964.58740,-0.66615,-3.47519,80.76472,14.32788,13.74428,24.81196,27.88061
2964.59740,-0.67564,-3.47996,80.73846,14.32649,13.71966,24.78292,27.90939
2964.60740,-0.69238,-3.48667,80.75281,14.29729,13.73005,24.78787,27.93761
2964.61740,-0.67663,-3.48647,80.79955,14.31423,13.73005,24.82292,27.93235
2964.62740,-0.66544,-3.48633,80.83281,14.32629,13.73005,24.84787,27.92861
2964.63740,-0.68283,-3.48712,80.73201,14.30802,13.71052,24.78487,27.92861
2964.64740,-0.71581,-3.47898,80.64320,14.27839,13.73811,24.71007,27.91664
2964.65740,-0.72918,-3.47393,80.62581,14.26729,13.76105,24.68787,27.90961
2964.66740,-0.71933,-3.48483,80.65742,14.26056,13.74020,24.72822,27.92844
2964.67740,-0.71911,-3.49542,80.69045,14.25099,13.72375,24.75417,27.96155
2964.68740,-0.72180,-3.49853,80.70081,14.24729,13.72005,24.75787,27.97561
2964.69740,-0.71869,-3.49109,80.68885,14.26058,13.72892,24.74457,27.95478
2964.70740,-0.71479,-3.48175,80.67381,14.27729,13.74005,24.72787,27.92861
2964.71740,-0.70519,-3.48831,80.64987,14.25209,13.73375,24.75937,27.90467
2964.72740,-0.71336,-3.50017,80.70318,14.21920,13.74315,24.80282,27.93801
2964.73740,-0.72168,-3.50499,80.74381,14.20829,13.75105,24.81787,27.96661
2964.74740,-0.71723,-3.49126,80.68713,14.26313,13.72517,24.74393,27.95490
2964.75740,-0.71830,-3.48195,80.71795,14.29729,13.73468,24.72267,27.96331
2964.76740,-0.72375,-3.48088,80.81181,14.29729,13.77105,24.75787,27.98561
2964.77740,-0.69784,-3.48301,80.77222,14.31164,13.73542,24.77272,27.95245
2964.78740,-0.68956,-3.49233,80.68273,14.28702,13.69599,24.76946,27.93026
2964.79740,-0.72600,-3.50665,80.58457,14.20850,13.68985,24.73265,27.95358
2964.80740,-0.72765,-3.49938,80.62179,14.22441,13.71253,24.73165,27.95320
2964.81740,-0.72257,-3.48441,80.70381,14.26729,13.75105,24.73787,27.94761
2964.82740,-0.72846,-3.47981,80.71121,14.27469,13.76252,24.72307,27.95094
2964.83740,-0.73120,-3.47493,80.74213,14.28729,13.77794,24.72029,27.95661
2964.84740,-0.71901,-3.47988,80.77281,14.28729,13.77105,24.75787,27.95661
2964.85740,-0.72476,-3.48371,80.77954,14.27607,13.77105,24.76160,27.97081
2964.86740,-0.73439,-3.49011,80.79081,14.25729,13.77105,24.76787,27.99461
2964.87740,-0.74602,-3.49266,80.74303,14.22756,13.77519,24.75282,27.98746
2964.88740,-0.75040,-3.49756,80.74336,14.21492,13.77058,24.75747,28.00040
2964.89740,-0.72503,-3.49872,80.87881,14.27729,13.75105,24.80787,28.04261
2964.90740,-0.73705,-3.49868,80.82281,14.24779,13.76130,24.78787,28.02586
2964.91740,-0.75827,-3.49622,80.69456,14.18379,13.78955,24.75037,27.97086
2964.92740,-0.71355,-3.48926,80.81381,14.25729,13.78205,24.81787,27.95661
2964.93740,-0.71557,-3.49127,80.78204,14.25055,13.77064,24.80549,27.95537
2964.94740,-0.72333,-3.49903,80.65981,14.22462,13.72672,24.75787,27.95061
2964.95740,-0.73411,-3.50623,80.58509,14.19844,13.70158,24.72787,27.95720
2964.96740,-0.74645,-3.51006,80.59920,14.18229,13.70905,24.72787,27.97999
2964.97740,-0.72696,-3.49870,80.62761,14.23229,13.70905,24.72787,27.95840
2964.98740,-0.71722,-3.49303,80.64181,14.25729,13.70905,24.72787,27.94761
2964.99740,-0.73979,-3.48412,80.70503,14.26878,13.75101,24.70488,27.98037
2965.00740,-0.73739,-3.49447,80.73893,14.22789,13.76702,24.76662,27.97740
2965.01740,-0.72679,-3.49951,80.71939,14.21423,13.75608,24.79059,27.95849
2965.02740,-0.70484,-3.48727,80.61481,14.25729,13.72005,24.73787,27.89961
2965.03740,-0.70594,-3.48694,80.62153,14.26209,13.71873,24.73427,27.90645
2965.04740,-0.71529,-3.48400,80.67573,14.29729,13.71277,24.70787,27.95781
2965.05740,-0.72465,-3.47983,80.71181,14.29729,13.74005,24.70787,27.96661
2965.06740,-0.72703,-3.48077,80.70137,14.28781,13.74257,24.70787,27.96313
2965.07740,-0.74851,-3.48790,80.63051,14.21950,13.76105,24.70193,27.94803
2965.08740,-0.77761,-3.48947,80.67181,14.22829,13.76105,24.65887,28.02361
2965.09740,-0.77563,-3.48997,80.66144,14.22566,13.75830,24.66018,28.01730
2965.10740,-0.76252,-3.49331,80.59281,14.20829,13.74005,24.66887,27.97561
2965.11740,-0.75669,-3.49438,80.60021,14.20950,13.73763,24.68208,27.97100
2965.12740,-0.71828,-3.50192,80.65975,14.21570,13.72539,24.77614,27.94251
2965.13740,-0.74790,-3.50041,80.70545,14.19584,13.76645,24.76290,27.98026
2965.14740,-0.75873,-3.49980,80.72179,14.18898,13.78112,24.75747,27.99423
2965.15740,-0.71714,-3.49662,80.62081,14.25729,13.68905,24.71787,27.95661
2965.16740,-0.71746,-3.49655,80.62044,14.25700,13.68946,24.71738,27.95661
2965.17740,-0.74927,-3.48959,80.58466,14.22861,13.73005,24.66926,27.95673
2965.18740,-0.73256,-3.48866,80.66933,14.26128,13.73005,24.70859,27.96940
2965.19740,-0.72448,-3.48822,80.71102,14.27709,13.73026,24.72800,27.97567
2965.20740,-0.73335,-3.49005,80.73155,14.25722,13.75079,24.74124,27.98230
2965.21740,-0.73616,-3.49238,80.63536,14.25535,13.71105,24.69142,27.97754
2965.22740,-0.73577,-3.49272,80.60981,14.25729,13.69905,24.67787,27.97561
2965.23740,-0.69056,-3.47697,80.64983,14.29992,13.72602,24.73877,27.88513
2965.24740,-0.68381,-3.47461,80.65581,14.30629,13.73005,24.74787,27.87161
2965.25740,-0.72099,-3.47396,80.65668,14.26359,13.77536,24.72173,27.89600
2965.26740,-0.72593,-3.48319,80.66667,14.24569,13.76407,24.73527,27.92165
2965.27740,-0.72553,-3.48995,80.67381,14.23729,13.75105,24.74787,27.93761
2965.28740,-0.71765,-3.49704,80.61252,14.23729,13.70471,24.73292,27.93761
2965.29740,-0.70912,-3.49604,80.59998,14.24471,13.69648,24.73529,27.92350
2965.30740,-0.70709,-3.49486,80.60281,14.24729,13.69905,24.73787,27.91861
2965.31740,-0.70709,-3.49486,80.60281,14.24729,13.69905,24.73787,27.91861
2965.32740,-0.71334,-3.48309,80.76814,14.30570,13.73964,24.74777,27.97504
2965.33740,-0.68769,-3.49041,80.67281,14.28729,13.69905,24.76787,27.91861
2965.34740,-0.68769,-3.49041,80.67281,14.28729,13.69905,24.76787,27.91861
2965.35740,-0.69653,-3.50176,80.78865,14.27739,13.70895,24.81737,27.98494
2965.36740,-0.69661,-3.50187,80.78981,14.27729,13.70905,24.81787,27.98561
2965.37740,-0.71176,-3.50148,80.68374,14.25961,13.69137,24.75599,27.97677
2965.38740,-0.71778,-3.49880,80.85081,14.24729,13.77105,24.83787,27.99461
2965.39740,-0.71812,-3.50325,80.78293,14.23807,13.74099,24.81362,27.99024
2965.40740,-0.71485,-3.49879,80.74694,14.24264,13.73974,24.79777,27.96680
2965.41740,-0.71114,-3.48943,80.78381,14.25729,13.77105,24.80787,27.94761
2965.42740,-0.71447,-3.49528,80.75896,14.24698,13.75202,24.79994,27.96003
2965.43740,-0.72377,-3.51158,80.68981,14.21829,13.69905,24.77787,27.99461
2965.44740,-0.71605,-3.50676,80.70922,14.24206,13.69905,24.77787,27.99024
2965.45740,-0.72009,-3.50711,80.78712,14.25259,13.71424,24.79746,28.02283
2965.46740,-0.73281,-3.51280,80.84681,14.23729,13.73005,24.81787,28.06161
2965.47740,-0.74556,-3.49836,80.81673,14.23292,13.77517,24.78391,28.02474
2965.48740,-0.75910,-3.48303,80.78481,14.22829,13.82305,24.74787,27.98561
2965.49740,-0.75910,-3.48303,80.78481,14.22829,13.82305,24.74787,27.98561
2965.50740,-0.71917,-3.50206,80.70036,14.22461,13.73005,24.78521,27.96048
2965.51740,-0.73611,-3.51152,80.77881,14.21829,13.73005,24.79787,28.03261
2965.52740,-0.73240,-3.51191,80.77215,14.21459,13.73005,24.80527,28.02225
2965.53740,-0.72540,-3.51670,80.70457,14.20459,13.69971,24.79567,28.00461
2965.54740,-0.72423,-3.52373,80.60881,14.19829,13.64805,24.75787,28.00461
2965.55740,-0.74192,-3.52217,80.69281,14.18410,13.69678,24.77968,28.03224
2965.56740,-0.77278,-3.51945,80.83981,14.15929,13.78205,24.81787,28.08061
2965.57740,-0.77377,-3.52203,80.79181,14.15179,13.76380,24.80037,28.07586
2965.58740,-0.77640,-3.52885,80.66550,14.13205,13.71578,24.75431,28.06336
2965.59740,-0.76553,-3.55697,80.81381,14.11029,13.68905,24.86787,28.14661
2965.60740,-0.76187,-3.55608,80.78931,14.11029,13.68380,24.86287,28.13236
2965.61740,-0.75331,-3.55663,80.73487,14.10286,13.67053,24.86000,28.10149
2965.62740,-0.76063,-3.56650,80.79281,14.08029,13.67805,24.89687,28.13761
2965.63740,-0.76579,-3.56740,80.78762,14.07534,13.67805,24.88969,28.14454
2965.64740,-0.78147,-3.57011,80.77181,14.06029,13.67805,24.86787,28.16561
2965.65740,-0.78147,-3.57011,80.77181,14.06029,13.67805,24.86787,28.16561
2965.66740,-0.79160,-3.58047,80.66468,14.06147,13.60342,24.79618,28.20361
2965.67740,-0.78612,-3.57468,80.78981,14.07029,13.65805,24.85787,28.20361
2965.68740,-0.78723,-3.57496,80.77359,14.06484,13.65694,24.85342,28.19838
2965.69740,-0.79698,-3.57857,80.64709,14.01886,13.64672,24.82029,28.16121
2965.70740,-0.80311,-3.58857,80.67081,14.00129,13.63705,24.83787,28.19461
2965.71740,-0.80311,-3.58857,80.67081,14.00129,13.63705,24.83787,28.19461
2965.72740,-0.78773,-3.59781,80.72031,14.02379,13.59880,24.86787,28.22986
2965.73740,-0.78261,-3.60089,80.73681,14.03129,13.58605,24.87787,28.24161
2965.74740,-0.78017,-3.61210,80.72737,13.99779,13.57661,24.91136,28.24161
2965.75740,-0.74590,-3.59136,80.77525,14.08919,13.57505,24.90698,28.20403
2965.76740,-0.74552,-3.59111,80.77581,14.09029,13.57505,24.90687,28.20361
2965.77740,-0.77273,-3.58594,80.75997,14.05168,13.62653,24.88707,28.19470
2965.78740,-0.75962,-3.59142,80.73177,14.03984,13.60931,24.90976,28.17286
2965.79740,-0.74960,-3.59555,80.71081,14.03129,13.59605,24.92687,28.15661
2965.80740,-0.80599,-3.58213,80.86681,14.06029,13.66805,24.86787,28.27061
2965.81740,-0.80599,-3.58213,80.86681,14.06029,13.66805,24.86787,28.27061
2965.82740,-0.78798,-3.61190,80.73681,13.98229,13.59605,24.91687,28.24161
2965.83740,-0.79141,-3.61282,80.68781,13.97229,13.58605,24.89687,28.23261
2965.84740,-0.79141,-3.61282,80.68781,13.97229,13.58605,24.89687,28.23261
2965.85740,-0.78040,-3.60672,80.60515,13.96562,13.58605,24.88420,28.16927
2965.86740,-0.81359,-3.59871,80.67994,13.98648,13.61912,24.83754,28.23680
2965.87740,-0.82286,-3.59752,80.70781,13.99229,13.62705,24.82787,28.26061
2965.88740,-0.79247,-3.60444,80.69894,13.99229,13.59953,24.88024,28.22687
2965.89740,-0.78863,-3.60531,80.69781,13.99229,13.59605,24.88687,28.22261
2965.90740,-0.78943,-3.58603,80.76059,14.00343,13.67467,24.90447,28.17802
2965.91740,-0.77967,-3.59190,80.75234,14.01129,13.64320,24.91083,28.18702
2965.92740,-0.77287,-3.60470,80.71781,14.01129,13.58605,24.90687,28.21361
2965.93740,-0.77853,-3.60267,80.69456,14.01879,13.57780,24.87762,28.22036
2965.94740,-0.80276,-3.60286,80.72656,13.97704,13.62980,24.88962,28.23011
2965.95740,-0.81020,-3.60316,80.73981,13.96229,13.64805,24.89687,28.23261
2965.96740,-0.79355,-3.61318,80.75244,13.96971,13.60944,24.92657,28.24672
2965.97740,-0.78778,-3.61665,80.75681,13.97229,13.59605,24.93687,28.25161
2965.98740,-0.78585,-3.60838,80.62761,13.95744,13.59605,24.89305,28.18106
2965.99740,-0.78035,-3.61173,80.57919,13.97405,13.55107,24.86336,28.19070
2966.00740,-0.77851,-3.61408,80.57781,13.98229,13.53405,24.85787,28.20361
2966.01740,-0.78170,-3.60192,80.62973,13.98718,13.58989,24.87207,28.18059
2966.02740,-0.78069,-3.59601,80.64756,13.99229,13.61180,24.87743,28.16604
2966.03740,-0.76488,-3.59519,80.65196,14.03343,13.57505,24.86787,28.17561
2966.04740,-0.76032,-3.59068,80.62731,14.04637,13.56961,24.85153,28.15981
2966.05740,-0.77206,-3.59732,80.55081,14.00129,13.56505,24.83787,28.14661
2966.06740,-0.78954,-3.60280,80.60889,13.99674,13.57010,24.83787,28.20418
2966.07740,-0.79812,-3.59885,80.67331,14.00179,13.60105,24.84787,28.22261
2966.08740,-0.78960,-3.58954,80.68081,14.01129,13.62705,24.85787,28.18461
2966.09740,-0.78960,-3.58954,80.68081,14.01129,13.62705,24.85787,28.18461
2966.10740,-0.78513,-3.59424,80.68081,14.00297,13.61874,24.87450,28.18461
2966.11740,-0.77582,-3.60737,80.68981,13.98229,13.59605,24.91687,28.19461
2966.12740,-0.77610,-3.60420,80.69776,13.97566,13.61658,24.92680,28.17871
2966.13740,-0.77666,-3.59788,80.71365,13.96242,13.65764,24.94667,28.14692
2966.14740,-0.78028,-3.60869,80.68205,13.94771,13.62330,24.93939,28.17165
2966.15740,-0.77343,-3.61570,80.65617,13.95673,13.58063,24.93067,28.18815
2966.16740,-0.75238,-3.59741,80.70081,14.01129,13.60605,24.93687,28.14661
2966.17740,-0.76837,-3.59790,80.68614,14.00038,13.61019,24.91091,28.16467
2966.18740,-0.78816,-3.59608,80.66548,13.99291,13.61705,24.87153,28.18398
2966.19740,-0.77653,-3.59150,80.67181,14.01129,13.61705,24.87787,28.16561
2966.20740,-0.78180,-3.58725,80.66145,14.01129,13.62852,24.86307,28.15858
2966.21740,-0.79076,-3.58002,80.64381,14.01129,13.64805,24.83787,28.14661
2966.22740,-0.79076,-3.58002,80.64381,14.01129,13.64805,24.83787,28.14661
2966.23740,-0.76844,-3.58534,80.66101,14.00673,13.63969,24.89231,28.12229
2966.24740,-0.78984,-3.58927,80.68381,13.99229,13.64805,24.87787,28.16561
2966.25740,-0.79236,-3.58747,80.69319,13.99795,13.65196,24.87201,28.17127
2966.26740,-0.80247,-3.58029,80.73069,14.02061,13.66758,24.84857,28.19393
2966.27740,-0.75495,-3.60083,80.71281,13.99229,13.61705,24.95687,28.14661
2966.28740,-0.75101,-3.59906,80.72271,14.00194,13.61705,24.95934,28.14438
2966.29740,-0.73903,-3.59368,80.75281,14.03129,13.61705,24.96687,28.13761
2966.30740,-0.73903,-3.59368,80.75281,14.03129,13.61705,24.96687,28.13761
2966.31740,-0.77594,-3.57938,80.62730,14.00037,13.65556,24.86844,28.10293
2966.32740,-0.73912,-3.58169,80.77181,14.06029,13.63705,24.94687,28.12761
2966.33740,-0.74175,-3.58306,80.76278,14.04983,13.63955,24.94805,28.12535
2966.34740,-0.76086,-3.59389,80.69881,13.97451,13.65461,24.95687,28.11283
2966.35740,-0.75754,-3.59897,80.72281,13.99229,13.62705,24.95687,28.14661
2966.36740,-0.75754,-3.59897,80.72281,13.99229,13.62705,24.95687,28.14661
2966.37740,-0.73440,-3.60481,80.69439,13.99229,13.59667,24.98627,28.11917
2966.38740,-0.73393,-3.60493,80.69381,13.99229,13.59605,24.98687,28.11861
2966.39740,-0.74709,-3.61132,80.70379,13.95248,13.61664,25.00697,28.12771
2966.40740,-0.73064,-3.61728,80.70181,13.97229,13.57505,25.01687,28.13761
2966.41740,-0.73064,-3.61728,80.70181,13.97229,13.57505,25.01687,28.13761
2966.42740,-0.71347,-3.62336,80.70128,13.98287,13.54278,25.03803,28.13761
2966.43740,-0.69533,-3.63082,80.68981,13.99229,13.50305,25.05687,28.13761
2966.44740,-0.70372,-3.63636,80.66045,13.96229,13.50343,25.05702,28.13771
2966.45740,-0.71178,-3.63179,80.72413,13.96229,13.54133,25.07281,28.14771
2966.46740,-0.71894,-3.62772,80.78081,13.96229,13.57505,25.08687,28.15661
2966.47740,-0.74810,-3.62544,80.72781,13.97229,13.55505,24.99687,28.20361
2966.48740,-0.75086,-3.63568,80.71981,13.91329,13.57505,25.04687,28.18461
2966.49740,-0.75086,-3.63568,80.71981,13.91329,13.57505,25.04687,28.18461
2966.50740,-0.73746,-3.64929,80.76659,13.90522,13.55086,25.10251,28.20799
2966.51740,-0.73424,-3.65255,80.77781,13.90329,13.54505,25.11587,28.21361
2966.52740,-0.75334,-3.64491,80.72441,13.91219,13.54505,25.04556,28.22162
2966.53740,-0.72995,-3.62967,80.79722,13.97349,13.56250,25.06304,28.19818
2966.54740,-0.72619,-3.62759,80.80881,13.98229,13.56505,25.06687,28.19461
2966.55740,-0.72985,-3.62702,80.78491,13.97003,13.57118,25.06074,28.18296
2966.56740,-0.70228,-3.60909,80.81009,14.02233,13.59101,25.07207,28.12469
2966.57740,-0.69285,-3.60355,80.82281,14.04129,13.59605,25.07687,28.10861
2966.58740,-0.71911,-3.60966,80.79743,14.00476,13.60224,25.05210,28.13832
2966.59740,-0.74486,-3.62290,80.71392,13.96202,13.56957,25.00647,28.17586
2966.60740,-0.75422,-3.63214,80.64781,13.94229,13.53405,24.97687,28.19461
2966.61740,-0.73987,-3.62098,80.64466,13.95489,13.55988,24.98947,28.14043
2966.62740,-0.73144,-3.61442,80.64281,13.96229,13.57505,24.99687,28.10861
2966.63740,-0.71995,-3.60932,80.62328,13.99946,13.54922,24.97167,28.10294
2966.64740,-0.73675,-3.60892,80.62567,13.97782,13.57311,24.96317,28.11158
2966.65740,-0.75059,-3.61044,80.63381,13.95229,13.59605,24.96687,28.11861
2966.66740,-0.75582,-3.60734,80.64081,13.95229,13.60942,24.96050,28.11861
2966.67740,-0.75881,-3.60556,80.64481,13.95229,13.61705,24.95687,28.11861
2966.68740,-0.75901,-3.59444,80.65845,13.97709,13.63627,24.93827,28.10683
2966.69740,-0.74471,-3.61428,80.66431,13.94907,13.59607,24.99576,28.12340
2966.70740,-0.73609,-3.63020,80.66281,13.92329,13.56505,25.03687,28.13761
2966.71740,-0.74199,-3.61865,80.59529,13.94723,13.55891,24.96934,28.11980
2966.72740,-0.76449,-3.61854,80.59197,13.94209,13.56330,24.93099,28.15559
2966.73740,-0.79126,-3.62875,80.64781,13.91329,13.57505,24.93687,28.22261
2966.74740,-0.78800,-3.62781,80.62481,13.90329,13.58055,24.94187,28.19911
2966.75740,-0.78473,-3.62686,80.60181,13.89329,13.58605,24.94687,28.17561
2966.76740,-0.77042,-3.62106,80.59686,13.92249,13.57566,24.94192,28.15680
2966.77740,-0.76221,-3.61506,80.63414,13.94945,13.58267,24.94823,28.15380
2966.78740,-0.77497,-3.61488,80.71880,13.94376,13.61789,24.97096,28.18619
2966.79740,-0.77828,-3.61483,80.74081,13.94229,13.62705,24.97687,28.19461
2966.80740,-0.77348,-3.62376,80.70601,13.91706,13.60878,24.99427,28.18591
2966.81740,-0.78065,-3.60837,80.79078,13.94196,13.66735,24.99687,28.18461
2966.82740,-0.78053,-3.60820,80.79100,13.94285,13.66713,24.99630,28.18472
2966.83740,-0.76213,-3.61026,80.71981,13.99229,13.58605,24.94687,28.19461
2966.84740,-0.76294,-3.61163,80.71716,13.98360,13.58900,24.95276,28.19181
2966.85740,-0.76634,-3.61732,80.70612,13.94740,13.60127,24.97730,28.18015
2966.86740,-0.74907,-3.61222,80.71081,13.98229,13.58605,24.97687,28.16561
2966.87740,-0.74549,-3.61131,80.68636,13.97456,13.58863,24.97944,28.14373
2966.88740,-0.73040,-3.60802,80.61343,13.96201,13.58792,24.98488,28.07862
2966.89740,-0.71131,-3.60530,80.60391,14.00090,13.55538,24.97695,28.07069
2966.90740,-0.71863,-3.60352,80.61111,13.99670,13.56835,24.97098,28.07508
2966.91740,-0.77498,-3.59035,80.66581,13.96229,13.66805,24.92687,28.10861
2966.92740,-0.76825,-3.59003,80.68909,13.97885,13.66061,24.93407,28.11557
2966.93740,-0.74409,-3.58858,80.73691,14.03129,13.62969,24.94974,28.12620
2966.94740,-0.73483,-3.58721,80.65381,14.03129,13.60605,24.92687,28.08961
2966.95740,-0.73986,-3.58605,80.66357,14.02664,13.61813,24.92687,28.09193
2966.96740,-0.74631,-3.58552,80.67157,14.01369,13.63573,24.93167,28.09049
2966.97740,-0.71415,-3.59592,80.59481,14.02129,13.56505,24.94687,28.06161
2966.98740,-0.71550,-3.59333,80.62028,14.01884,13.58538,24.95911,28.05695
2966.99740,-0.71967,-3.58535,80.69881,14.01129,13.64805,24.99687,28.04261
2967.00740,-0.72249,-3.58499,80.67580,14.00814,13.64458,24.98362,28.03946
2967.01740,-0.73382,-3.58356,80.58375,13.99556,13.63067,24.93064,28.02688
2967.02740,-0.71110,-3.58272,80.66581,14.05129,13.60605,24.95687,28.05161
2967.03740,-0.71363,-3.58266,80.65970,14.04362,13.61183,24.95687,28.04738
2967.04740,-0.73388,-3.58219,80.61081,13.98229,13.65805,24.95687,28.01361
2967.05740,-0.73451,-3.58028,80.62293,13.98577,13.66549,24.95807,28.01361
2967.06740,-0.73584,-3.56716,80.71539,14.01598,13.71346,24.97005,28.01591
2967.07740,-0.70840,-3.57453,80.74519,14.05505,13.65849,24.99654,28.03512
2967.08740,-0.69770,-3.57741,80.75681,14.07029,13.63705,25.00687,28.04261
2967.09740,-0.69753,-3.55564,80.59081,14.10029,13.62705,24.89687,27.96661
2967.10740,-0.69342,-3.60149,80.59981,13.97229,13.59605,25.03687,27.99461
2967.11740,-0.69342,-3.60149,80.59981,13.97229,13.59605,25.03687,27.99461
2967.12740,-0.69310,-3.59422,80.63743,14.02080,13.58615,25.00717,28.02332
2967.13740,-0.69309,-3.59414,80.63781,14.02129,13.58605,25.00687,28.02361
2967.14740,-0.71981,-3.59229,80.65423,13.99535,13.62417,24.99098,28.04372
2967.15740,-0.72348,-3.60229,80.69281,14.01129,13.58605,24.98687,28.10861
2967.16740,-0.72348,-3.60229,80.69281,14.01129,13.58605,24.98687,28.10861
2967.17740,-0.72214,-3.60671,80.69181,13.91329,13.66805,25.08687,28.02361
2967.18740,-0.69928,-3.60440,80.71149,13.95531,13.64093,25.09697,28.01829
2967.19740,-0.67943,-3.60232,80.72939,13.99237,13.61736,25.10558,28.01408
2967.20740,-0.70495,-3.59684,80.78723,14.00120,13.64775,25.07715,28.06114
2967.21740,-0.70521,-3.59678,80.78781,14.00129,13.64805,25.07687,28.06161
2967.22740,-0.70132,-3.61659,80.58523,13.95637,13.55364,25.03103,28.04419
2967.23740,-0.69464,-3.60910,80.70781,13.97229,13.60605,25.08687,28.04261
2967.24740,-0.69464,-3.60910,80.70781,13.97229,13.60605,25.08687,28.04261
2967.25740,-0.70903,-3.60722,80.63734,13.97229,13.58865,25.02597,28.05044
2967.26740,-0.68168,-3.63088,80.74513,13.95489,13.55908,25.14650,28.08467
2967.27740,-0.67728,-3.63445,80.76281,13.95229,13.55505,25.16587,28.08961
2967.28740,-0.68879,-3.62620,80.80718,13.95229,13.59942,25.16587,28.08961
2967.29740,-0.69051,-3.62497,80.81381,13.95229,13.60605,25.16587,28.08961
2967.30740,-0.70264,-3.63798,80.77681,13.92938,13.57023,25.14825,28.12896
2967.31740,-0.70543,-3.62635,80.77607,13.95968,13.58088,25.11237,28.12313
2967.32740,-0.70140,-3.61175,80.79381,13.99229,13.60605,25.09587,28.09961
2967.33740,-0.71931,-3.63018,80.82018,13.94311,13.59893,25.12437,28.15377
2967.34740,-0.71563,-3.63082,80.75581,13.93768,13.58014,25.10556,28.13242
2967.35740,-0.71213,-3.62865,80.73181,13.94229,13.57505,25.09587,28.11861
2967.36740,-0.72905,-3.62410,80.69118,13.89789,13.62171,25.08909,28.08249
2967.37740,-0.73461,-3.62260,80.67781,13.88329,13.63705,25.08687,28.07061
2967.38740,-0.72648,-3.62417,80.64646,13.88329,13.62078,25.08687,28.05553
2967.39740,-0.71390,-3.61152,80.66081,13.93227,13.62147,25.06827,28.03881
2967.40740,-0.71376,-3.60230,80.69881,13.96229,13.63705,25.05687,28.04261
2967.41740,-0.71900,-3.59806,80.69320,13.96852,13.64391,25.03815,28.04261
2967.42740,-0.72636,-3.59953,80.71860,13.94516,13.67075,25.06008,28.04261
2967.43740,-0.72974,-3.60278,80.74181,13.92329,13.68905,25.08687,28.04261
2967.44740,-0.72439,-3.59688,80.71909,13.96773,13.65774,25.04141,28.05220
2967.45740,-0.71915,-3.59109,80.69681,14.01129,13.62705,24.99687,28.06161
2967.46740,-0.69807,-3.58520,80.60531,14.01129,13.61655,24.99187,27.98561
2967.47740,-0.69348,-3.58689,80.53782,13.97748,13.62124,25.00157,27.93754
2967.48740,-0.71067,-3.59480,80.56281,13.94229,13.63705,25.01687,27.96661
2967.49740,-0.70206,-3.58429,80.53880,13.97610,13.63215,24.98747,27.94309
2967.50740,-0.70534,-3.56960,80.57886,14.01129,13.66261,24.96554,27.93942
2967.51740,-0.72324,-3.56600,80.65690,14.00438,13.70905,24.97687,27.96661
2967.52740,-0.72483,-3.56684,80.63038,13.99229,13.70905,24.97317,27.95588
2967.53740,-0.72184,-3.56445,80.60581,13.99229,13.70905,24.96687,27.93761
2967.54740,-0.72184,-3.56445,80.60581,13.99229,13.70905,24.96687,27.93761
2967.55740,-0.72921,-3.54803,80.57165,14.02019,13.72745,24.90874,27.91528
2967.56740,-0.74484,-3.54564,80.52881,14.00129,13.74005,24.87787,27.90961
2967.57740,-0.74484,-3.54564,80.52881,14.00129,13.74005,24.87787,27.90961
2967.58740,-0.71062,-3.52397,80.69209,14.09217,13.78211,24.92959,27.88821
2967.59740,-0.68932,-3.51715,80.63981,14.12929,13.75105,24.90687,27.85261
2967.60740,-0.69761,-3.51394,80.64245,14.12689,13.76569,24.89511,27.85477
2967.61740,-0.72385,-3.50380,80.65081,14.11929,13.81205,24.85787,27.86161
2967.62740,-0.71849,-3.50844,80.65498,14.11929,13.79711,24.86987,27.86871
2967.63740,-0.69752,-3.52174,80.65124,14.11444,13.75360,24.91196,27.87123
2967.64740,-0.68453,-3.51890,80.60281,14.10029,13.76105,24.92687,27.81461
2967.65740,-0.68958,-3.51090,80.58606,14.11004,13.77380,24.89962,27.80261
2967.66740,-0.70761,-3.49044,80.54381,14.13112,13.81039,24.82453,27.77777
2967.67740,-0.71915,-3.50471,80.57581,14.09845,13.80372,24.85120,27.82244
2967.68740,-0.71905,-3.50506,80.58191,14.09848,13.80455,24.85430,27.82458
2967.69740,-0.69692,-3.48124,80.56781,14.15929,13.82305,24.82787,27.75761
2967.70740,-0.69692,-3.48124,80.56781,14.15929,13.82305,24.82787,27.75761
2967.71740,-0.70994,-3.48207,80.48966,14.12168,13.83058,24.80345,27.73395
2967.72740,-0.69866,-3.49044,80.57310,14.14008,13.81156,24.84639,27.77505
2967.73740,-0.69302,-3.49462,80.61481,14.14929,13.80205,24.86787,27.79561
2967.74740,-0.67886,-3.47779,80.56036,14.16909,13.82285,24.84806,27.72036
2967.75740,-0.67431,-3.49181,80.70435,14.14949,13.84285,24.94588,27.76614
2967.76740,-0.67427,-3.49195,80.70581,14.14929,13.84305,24.94687,27.76661
2967.77740,-0.69261,-3.49643,80.69381,14.13929,13.83305,24.91687,27.80461
2967.78740,-0.69261,-3.49643,80.69381,14.13929,13.83305,24.91687,27.80461
2967.79740,-0.67784,-3.49405,80.66959,14.14455,13.82779,24.92740,27.76985
2967.80740,-0.67625,-3.48345,80.69090,14.18504,13.83222,24.90020,27.77344
2967.81740,-0.67731,-3.48268,80.69481,14.18829,13.83305,24.89687,27.77661
2967.82740,-0.69039,-3.48195,80.65989,14.16236,13.84946,24.88152,27.76655
2967.83740,-0.69702,-3.48825,80.62070,14.13225,13.84368,24.88031,27.76446
2967.84740,-0.67422,-3.51987,80.58381,14.10029,13.75105,24.93687,27.79561
2967.85740,-0.67499,-3.49468,80.60295,14.15162,13.79542,24.89337,27.76255
2967.86740,-0.67511,-3.49091,80.60581,14.15929,13.80205,24.88687,27.75761
2967.87740,-0.66539,-3.49546,80.61775,14.15929,13.79012,24.91074,27.75761
2967.88740,-0.66880,-3.49729,80.63775,14.15503,13.79484,24.91834,27.76954
2967.89740,-0.68209,-3.49563,80.65365,14.14934,13.81188,24.90698,27.78545
2967.90740,-0.68222,-3.49562,80.65381,14.14929,13.81205,24.90687,27.78561
2967.91740,-0.65022,-3.49699,80.69381,14.18829,13.78205,24.94687,27.77661
2967.92740,-0.68750,-3.50204,80.63281,14.14929,13.78205,24.88687,27.81461
2967.93740,-0.68774,-3.50126,80.63869,14.15169,13.78445,24.88687,27.81569
2967.94740,-0.68950,-3.49554,80.68181,14.16929,13.80205,24.88687,27.82361
2967.95740,-0.69716,-3.50079,80.62491,14.13871,13.79431,24.87564,27.81625
2967.96740,-0.68197,-3.51008,80.64773,14.13053,13.77754,24.92315,27.81651
2967.97740,-0.64286,-3.51144,80.80981,14.18829,13.77105,25.01687,27.83361
2967.98740,-0.66416,-3.50495,80.66134,14.15448,13.77644,24.93896,27.79147
2967.99740,-0.68932,-3.49918,80.58848,14.13414,13.79195,24.87717,27.78522
2968.00740,-0.69227,-3.50021,80.67181,14.14929,13.80205,24.89687,27.82361
2968.01740,-0.70256,-3.50374,80.65270,14.13018,13.80205,24.88756,27.83292
2968.02740,-0.71327,-3.50741,80.63281,14.11029,13.80205,24.87787,27.84261
2968.03740,-0.69568,-3.50732,80.68478,14.14394,13.78671,24.90212,27.85201
2968.04740,-0.67787,-3.51125,80.73928,14.15427,13.78135,24.95138,27.85229
2968.05740,-0.67800,-3.51543,80.74081,14.12929,13.79205,24.97687,27.84261
2968.06740,-0.68745,-3.51564,80.70665,14.12107,13.78773,24.95092,27.84693
2968.07740,-0.69242,-3.51914,80.69323,14.11293,13.77882,24.94330,27.85819
2968.08740,-0.67455,-3.52691,80.76881,14.11929,13.77105,25.00687,27.87161
2968.09740,-0.68406,-3.53626,80.73936,14.08729,13.75978,25.00687,27.88542
2968.10740,-0.70071,-3.55264,80.68781,14.03129,13.74005,25.00687,27.90961
2968.11740,-0.70277,-3.55569,80.67881,14.02856,13.72887,25.00141,27.91997
2968.12740,-0.70009,-3.56465,80.68284,14.03554,13.69156,25.00136,27.95437
2968.13740,-0.67747,-3.56690,80.76069,14.07514,13.67076,25.04163,27.97316
2968.14740,-0.67603,-3.56465,80.77132,14.08156,13.67597,25.04304,27.97076
2968.15740,-0.68229,-3.55404,80.77345,14.08688,13.70895,25.02708,27.95054
2968.16740,-0.68957,-3.55203,80.70481,14.07029,13.70905,24.99687,27.92861
2968.17740,-0.68957,-3.55203,80.70481,14.07029,13.70905,24.99687,27.92861
2968.18740,-0.65541,-3.54491,80.71581,14.11929,13.68905,25.01687,27.89061
2968.19740,-0.65541,-3.54491,80.71581,14.11929,13.68905,25.01687,27.89061
2968.20740,-0.69266,-3.55754,80.62904,14.05229,13.68150,24.97242,27.92283
2968.21740,-0.69407,-3.55855,80.74281,14.06029,13.70905,25.01687,27.95661
2968.22740,-0.69190,-3.55597,80.75181,14.06629,13.71529,25.01927,27.95097
2968.23740,-0.67726,-3.53893,80.80546,14.10791,13.75250,25.03093,27.91412
2968.24740,-0.68654,-3.55291,80.71381,14.09029,13.68905,24.98687,27.94761
2968.25740,-0.68978,-3.55401,80.70400,14.08435,13.68772,24.98202,27.94991
2968.26740,-0.71327,-3.56199,80.63281,14.04129,13.67805,24.94687,27.96661
2968.27740,-0.71327,-3.56199,80.63281,14.04129,13.67805,24.94687,27.96661
2968.28740,-0.71109,-3.56230,80.64999,14.04608,13.67805,24.95444,27.97140
2968.29740,-0.70378,-3.56210,80.71588,14.06324,13.68426,24.98278,27.98561
2968.30740,-0.70177,-3.55942,80.75181,14.07029,13.69905,24.99687,27.98561
2968.31740,-0.72229,-3.54155,80.71377,14.07838,13.74115,24.93210,27.96213
2968.32740,-0.70853,-3.54424,80.65381,14.08029,13.70905,24.92687,27.93761
2968.33740,-0.70853,-3.54424,80.65381,14.08029,13.70905,24.92687,27.93761
2968.34740,-0.74313,-3.52984,80.68581,14.09029,13.76105,24.86787,27.96661
2968.35740,-0.74313,-3.52984,80.68581,14.09029,13.76105,24.86787,27.96661
2968.36740,-0.75316,-3.52877,80.70381,14.10029,13.76105,24.84787,27.99461
2968.37740,-0.70732,-3.51996,80.60781,14.11929,13.74005,24.86787,27.88061
2968.38740,-0.70732,-3.51996,80.60781,14.11929,13.74005,24.86787,27.88061
2968.39740,-0.70279,-3.52736,80.59201,14.11217,13.71555,24.87577,27.88851
2968.40740,-0.74047,-3.52552,80.62957,14.10159,13.74559,24.83437,27.94803
2968.41740,-0.74627,-3.52496,80.63581,14.10029,13.75105,24.82787,27.95661
2968.42740,-0.75784,-3.52488,80.66256,14.08303,13.77780,24.83649,27.96523
2968.43740,-0.75967,-3.52487,80.66681,14.08029,13.78205,24.83787,27.96661
2968.44740,-0.74364,-3.53165,80.60495,14.08029,13.73675,24.83787,27.95005
2968.45740,-0.74112,-3.53190,80.65796,14.07252,13.76190,24.87593,27.94761
2968.46740,-0.74107,-3.53169,80.67581,14.07029,13.77105,24.88687,27.94761
2968.47740,-0.74495,-3.52401,80.70605,14.07766,13.80129,24.88687,27.94023
2968.48740,-0.74105,-3.52681,80.62135,14.07289,13.76691,24.85801,27.92355
2968.49740,-0.73920,-3.52875,80.58781,14.07029,13.75105,24.84787,27.91861
2968.50740,-0.75451,-3.53438,80.75375,14.09271,13.76600,24.87702,28.01802
2968.51740,-0.75967,-3.53627,80.80981,14.10029,13.77105,24.88687,28.05161
2968.52740,-0.76447,-3.54021,80.76795,14.06366,13.77928,24.89434,28.03068
2968.53740,-0.74896,-3.54051,80.70831,14.07579,13.74555,24.88237,28.00461
2968.54740,-0.73180,-3.53946,80.66281,14.10029,13.70905,24.86787,27.98561
2968.55740,-0.74930,-3.53671,80.64173,14.05131,13.76051,24.87407,27.95585
2968.56740,-0.76003,-3.53502,80.62881,14.02129,13.79205,24.87787,27.93761
2968.57740,-0.73766,-3.53249,80.64320,14.05551,13.77172,24.89225,27.92372
2968.58740,-0.71591,-3.52560,80.68767,14.09870,13.76829,24.91107,27.90961
2968.59740,-0.71725,-3.51962,80.72881,14.11029,13.79205,24.91687,27.90961
2968.60740,-0.71453,-3.53276,80.68831,14.07579,13.76605,24.93687,27.90961
2968.61740,-0.72370,-3.54739,80.64638,14.03843,13.73720,24.93687,27.93389
2968.62740,-0.74751,-3.55035,80.64353,14.03272,13.73148,24.89687,27.98246
2968.63740,-0.75346,-3.55109,80.64281,14.03129,13.73005,24.88687,27.99461
2968.64740,-0.72578,-3.53611,80.74974,14.07510,13.77609,24.94627,27.95228
2968.65740,-0.72334,-3.52881,80.63215,14.09029,13.74617,24.87881,27.91689
2968.66740,-0.72793,-3.52944,80.57034,14.08281,13.73005,24.84787,27.90961
2968.67740,-0.73594,-3.52482,80.67206,14.08779,13.77655,24.87712,27.93061
2968.68740,-0.73837,-3.52313,80.70681,14.09029,13.79205,24.88687,27.93761
2968.69740,-0.72702,-3.52511,80.66121,14.10029,13.75929,24.87600,27.92564
2968.70740,-0.73005,-3.52323,80.73681,14.10029,13.79205,24.90687,27.93761
2968.71740,-0.73680,-3.52105,80.67169,14.08919,13.78835,24.87394,27.92022
2968.72740,-0.75341,-3.51808,80.61113,14.07769,13.78945,24.82527,27.91873
2968.73740,-0.76207,-3.51933,80.69681,14.09029,13.80205,24.83787,27.96661
2968.74740,-0.76143,-3.51686,80.67154,14.09395,13.79839,24.82321,27.95598
2968.75740,-0.76031,-3.51258,80.62781,14.10029,13.79205,24.79787,27.93761
2968.76740,-0.76031,-3.51258,80.62781,14.10029,13.79205,24.79787,27.93761
2968.77740,-0.76009,-3.50912,80.65212,14.08000,13.83300,24.83029,27.90883
2968.78740,-0.76506,-3.50134,80.74981,14.11029,13.86405,24.83787,27.93761
2968.79740,-0.76506,-3.50134,80.74981,14.11029,13.86405,24.83787,27.93761
2968.80740,-0.72977,-3.49510,80.59081,14.15929,13.78205,24.77787,27.87161
2968.81740,-0.72964,-3.52271,80.69381,14.13929,13.74005,24.84787,27.96661
2968.82740,-0.72964,-3.52271,80.69381,14.13929,13.74005,24.84787,27.96661
2968.83740,-0.76796,-3.50794,80.69881,14.10029,13.83305,24.81787,27.94761
2968.84740,-0.76541,-3.50741,80.69627,14.10380,13.83051,24.81787,27.94409
2968.85740,-0.74719,-3.50467,80.68160,14.12689,13.81205,24.82165,27.92100
2968.86740,-0.74883,-3.51192,80.70781,14.11029,13.81205,24.84787,27.93761
2968.87740,-0.75276,-3.51320,80.69341,14.10321,13.80965,24.84067,27.93989
2968.88740,-0.78118,-3.52262,80.59103,14.05129,13.79286,24.79028,27.95661
2968.89740,-0.77731,-3.52334,80.61788,14.05129,13.79957,24.81042,27.95661
2968.90740,-0.77338,-3.52194,80.63681,14.06029,13.80205,24.81787,27.95661
2968.91740,-0.77394,-3.52731,80.57881,14.03129,13.79205,24.81787,27.93761
2968.92740,-0.77394,-3.52731,80.57881,14.03129,13.79205,24.81787,27.93761
2968.93740,-0.76372,-3.53659,80.56198,13.99267,13.79205,24.86737,27.90988
2968.94740,-0.78649,-3.52450,80.66881,14.02129,13.84305,24.84787,27.95661
2968.95740,-0.78649,-3.52450,80.66881,14.02129,13.84305,24.84787,27.95661
2968.96740,-0.77932,-3.53272,80.65486,14.01464,13.81581,24.86116,27.96325
2968.97740,-0.75328,-3.53569,80.67480,14.08986,13.73697,24.84406,28.00391
2968.98740,-0.74746,-3.53538,80.68181,14.11029,13.72005,24.83787,28.01361
2968.99740,-0.76310,-3.53209,80.63877,14.07411,13.75302,24.82413,27.98751
2969.00740,-0.78110,-3.52830,80.58930,14.03253,13.79092,24.80834,27.95751
2969.01740,-0.78164,-3.52819,80.58781,14.03129,13.79205,24.80787,27.95661
2969.02740,-0.78356,-3.52854,80.55996,14.03979,13.77270,24.78237,27.96511
2969.03740,-0.78436,-3.52827,80.55681,14.04129,13.77105,24.77787,27.96661
2969.04740,-0.78436,-3.52827,80.55681,14.04129,13.77105,24.77787,27.96661
2969.05740,-0.76182,-3.52488,80.69581,14.09029,13.78205,24.83787,27.98561
2969.06740,-0.75763,-3.53679,80.59712,14.06200,13.73415,24.82632,27.97464
2969.07740,-0.76190,-3.53370,80.62138,14.06682,13.74863,24.82527,27.98067
2969.08740,-0.77437,-3.51361,80.78581,14.11029,13.83305,24.83787,28.00461
2969.09740,-0.77997,-3.51261,80.77699,14.09559,13.84824,24.83787,27.99530
2969.10740,-0.78389,-3.52104,80.74888,14.06915,13.83510,24.84343,28.00120
2969.11740,-0.78237,-3.52858,80.73381,14.06029,13.81205,24.84787,28.01361
2969.12740,-0.77656,-3.52738,80.68575,14.06029,13.79973,24.83554,27.99019
2969.13740,-0.76600,-3.52795,80.66759,14.07269,13.77903,24.83407,27.98181
2969.14740,-0.76175,-3.52876,80.67481,14.08029,13.77105,24.83787,27.98561
2969.15740,-0.73722,-3.52260,80.68163,14.11687,13.75865,24.85027,27.95585
2969.16740,-0.72220,-3.51882,80.68581,14.13929,13.75105,24.85787,27.93761
2969.17740,-0.74386,-3.51509,80.66733,14.12696,13.77015,24.82090,27.94931
2969.18740,-0.75088,-3.51664,80.64879,14.10317,13.78205,24.82267,27.94090
2969.19740,-0.74168,-3.52214,80.63881,14.08029,13.78205,24.85787,27.91861
2969.20740,-0.75622,-3.51601,80.63337,14.08524,13.79690,24.82322,27.92801
2969.21740,-0.76763,-3.51455,80.67681,14.09029,13.81205,24.81787,27.95661
2969.22740,-0.76421,-3.51933,80.72581,14.09029,13.81205,24.84787,27.97561
2969.23740,-0.76421,-3.51933,80.72581,14.09029,13.81205,24.84787,27.97561
2969.24740,-0.73508,-3.51882,80.71481,14.12929,13.77105,24.85787,27.95661
2969.25740,-0.74380,-3.52538,80.69033,14.09761,13.77105,24.86147,27.96021
2969.26740,-0.75623,-3.53418,80.70849,14.05785,13.78593,24.88683,27.97789
2969.27740,-0.74767,-3.52623,80.87983,14.10385,13.82727,24.93949,28.00922
2969.28740,-0.75018,-3.52688,80.84405,14.09829,13.81817,24.92311,28.00449
2969.29740,-0.75536,-3.53457,80.65457,14.06514,13.75869,24.85514,27.97561
2969.30740,-0.73483,-3.54113,80.65381,14.08029,13.72005,24.87787,27.97561
2969.31740,-0.73673,-3.54137,80.64789,14.07245,13.72501,24.87931,27.97113
2969.32740,-0.74466,-3.54236,80.62323,14.03978,13.74568,24.88531,27.95246
2969.33740,-0.74362,-3.54257,80.62537,14.03673,13.74872,24.89131,27.94861
2969.34740,-0.72318,-3.54296,80.69813,14.08029,13.72885,24.92099,27.96801
2969.35740,-0.75452,-3.54853,80.72981,14.08029,13.72005,24.87787,28.05161
2969.36740,-0.75452,-3.54853,80.72981,14.08029,13.72005,24.87787,28.05161
2969.37740,-0.74846,-3.55193,80.61545,14.04437,13.70458,24.86988,27.99662
2969.38740,-0.75294,-3.54192,80.72076,14.07003,13.75059,24.88670,28.01344
2969.39740,-0.75299,-3.54182,80.72181,14.07029,13.75105,24.88687,28.01361
2969.40740,-0.75379,-3.53344,80.66481,14.07029,13.76105,24.85787,27.97561
2969.41740,-0.75379,-3.53344,80.66481,14.07029,13.76105,24.85787,27.97561
2969.42740,-0.72105,-3.54587,80.70045,14.09999,13.69967,24.90638,27.99442
2969.43740,-0.75367,-3.53150,80.70581,14.07029,13.78205,24.87787,27.97561
2969.44740,-0.75367,-3.53150,80.70581,14.07029,13.78205,24.87787,27.97561
2969.45740,-0.72739,-3.54572,80.64581,14.05129,13.73005,24.91687,27.94761
2969.46740,-0.72928,-3.54861,80.60199,14.04511,13.71092,24.89835,27.94761
2969.47740,-0.73045,-3.55040,80.57481,14.04129,13.69905,24.88687,27.94761
2969.48740,-0.75284,-3.55100,80.60879,14.03257,13.71735,24.87031,27.98856
2969.49740,-0.75614,-3.55109,80.61381,14.03129,13.72005,24.86787,27.99461
2969.50740,-0.76068,-3.55754,80.62950,14.01386,13.72005,24.88442,28.01116
2969.51740,-0.72451,-3.53143,80.70228,14.11395,13.73745,24.88687,27.96402
2969.52740,-0.71901,-3.52738,80.71281,14.12929,13.74005,24.88687,27.95661
2969.53740,-0.71997,-3.52645,80.63029,14.10409,13.74005,24.87036,27.91578
2969.54740,-0.71708,-3.54378,80.58793,14.08271,13.68557,24.87665,27.94300
2969.55740,-0.71666,-3.54619,80.58381,14.08029,13.67805,24.87787,27.94761
2969.56740,-0.73998,-3.52613,80.61186,14.07432,13.76459,24.85400,27.91896
2969.57740,-0.75572,-3.51259,80.63081,14.07029,13.82305,24.83787,27.89961
2969.58740,-0.73018,-3.52897,80.72997,14.08509,13.78457,24.91853,27.94179
2969.59740,-0.70696,-3.52463,80.83067,14.14875,13.77105,24.94687,27.96401
2969.60740,-0.70195,-3.52109,80.85381,14.16929,13.77105,24.94687,27.96661
2969.61740,-0.71036,-3.53108,80.81205,14.10408,13.78644,24.97617,27.94536
2969.62740,-0.71865,-3.53795,80.75615,14.08029,13.76658,24.95747,27.95181
2969.63740,-0.72409,-3.54132,80.71381,14.08029,13.74005,24.92687,27.96661
2969.64740,-0.70669,-3.54428,80.67187,14.08029,13.71513,24.93902,27.93743
2969.65740,-0.69545,-3.54619,80.64481,14.08029,13.69905,24.94687,27.91861
2969.66740,-0.70066,-3.54028,80.67767,14.08029,13.73129,24.95307,27.91303
2969.67740,-0.70057,-3.53961,80.67239,14.08029,13.73183,24.95067,27.90961
2969.68740,-0.69857,-3.54142,80.65681,14.08029,13.72005,24.94687,27.90961
2969.69740,-0.69224,-3.53416,80.66901,14.10408,13.72615,24.94077,27.89802
2969.70740,-0.69542,-3.53109,80.76892,14.10160,13.77397,24.98567,27.90769
2969.71740,-0.70004,-3.53210,80.82781,14.09029,13.80205,25.01687,27.91861
2969.72740,-0.70004,-3.53210,80.82781,14.09029,13.80205,25.01687,27.91861
2969.73740,-0.68482,-3.53984,80.66381,14.11929,13.68905,24.93687,27.91861
2969.74740,-0.69065,-3.53539,80.67137,14.12289,13.70381,24.92607,27.91861
2969.75740,-0.69990,-3.52833,80.68337,14.12860,13.72724,24.90892,27.91861
2969.76740,-0.73153,-3.54210,80.72181,14.09029,13.73005,24.90687,27.99461
2969.77740,-0.73153,-3.54210,80.72181,14.09029,13.73005,24.90687,27.99461
2969.78740,-0.70625,-3.54771,80.66736,14.05167,13.73005,24.96627,27.91936
2969.79740,-0.69984,-3.54620,80.70245,14.09980,13.69936,24.94707,27.95623
2969.80740,-0.70104,-3.54388,80.70768,14.10029,13.70890,24.94687,27.95163
2969.81740,-0.71171,-3.52440,80.74881,14.10029,13.79205,24.94687,27.90961
2969.82740,-0.71655,-3.52628,80.73444,14.09344,13.78726,24.93774,27.91599
2969.83740,-0.73198,-3.53292,80.67643,14.06891,13.76829,24.90549,27.93374
2969.84740,-0.72603,-3.53451,80.61781,14.06029,13.75105,24.89687,27.90961
2969.85740,-0.71585,-3.52993,80.65309,14.09265,13.74705,24.90050,27.91288
2969.86740,-0.69807,-3.52193,80.71481,14.14929,13.74005,24.90687,27.91861
2969.87740,-0.71828,-3.52985,80.67719,14.10825,13.74005,24.89205,27.93685
2969.88740,-0.75025,-3.54629,80.61882,14.03376,13.73629,24.87878,27.96999
2969.89740,-0.74853,-3.55206,80.62381,14.02129,13.73005,24.89687,27.97561
2969.90740,-0.75491,-3.54745,80.61086,14.01389,13.74929,24.88614,27.96155
2969.91740,-0.74451,-3.53884,80.64320,14.03422,13.77058,24.90080,27.93761
2969.92740,-0.70834,-3.53753,80.73581,14.09029,13.75105,24.95687,27.93761
2969.93740,-0.71689,-3.54060,80.74580,14.08289,13.75105,24.95317,27.95870
2969.94740,-0.73143,-3.54581,80.76281,14.07029,13.75105,24.94687,27.99461
2969.95740,-0.73165,-3.55251,80.72717,14.04545,13.73989,24.95407,27.98777
2969.96740,-0.73786,-3.56309,80.62672,14.00856,13.70478,24.93087,27.98252
2969.97740,-0.74803,-3.56074,80.56181,14.02129,13.67805,24.86787,27.99461
2969.98740,-0.74865,-3.55726,80.62397,14.03572,13.69729,24.88230,28.00867
2969.99740,-0.74969,-3.55135,80.72981,14.06029,13.73005,24.90687,28.03261
2970.00740,-0.74523,-3.55547,80.69799,14.03846,13.72635,24.92167,28.01152
2970.01740,-0.73678,-3.55978,80.70174,14.03081,13.72005,24.94687,28.00401
2970.02740,-0.73539,-3.55523,80.79881,14.08029,13.72005,24.94687,28.05161
2970.03740,-0.74252,-3.55823,80.78882,14.05476,13.73152,24.95427,28.04828
2970.04740,-0.74961,-3.55859,80.77206,14.02819,13.75105,24.95952,28.03330
2970.05740,-0.73593,-3.54576,80.77272,14.07389,13.75105,24.93965,28.00813
2970.06740,-0.74317,-3.55136,80.74656,14.06054,13.73555,24.92687,28.02361
2970.07740,-0.77067,-3.57359,80.66781,14.00129,13.68905,24.89687,28.08061
2970.08740,-0.76643,-3.57177,80.67781,14.01114,13.68905,24.89972,28.07789
2970.09740,-0.74950,-3.56451,80.71781,14.05057,13.68905,24.91115,28.06704
2970.10740,-0.76157,-3.56663,80.75663,14.04108,13.70440,24.91687,28.09428
2970.11740,-0.78250,-3.57248,80.77581,14.01129,13.72005,24.91687,28.12761
2970.12740,-0.78459,-3.57923,80.77484,14.00207,13.70501,24.92172,28.14604
2970.13740,-0.77561,-3.58554,80.79836,13.97592,13.71687,24.97596,28.12961
2970.14740,-0.76628,-3.58482,80.81881,13.96229,13.74005,25.01687,28.09961
2970.15740,-0.76083,-3.58125,80.83657,14.00077,13.72032,24.99713,28.11835
2970.16740,-0.76075,-3.58120,80.83681,14.00129,13.72005,24.99687,28.11861
2970.17740,-0.76036,-3.58602,80.79424,14.01119,13.67847,24.96717,28.13742
2970.18740,-0.77253,-3.58944,80.65818,13.96278,13.66815,24.92727,28.09999
2970.19740,-0.77265,-3.58948,80.65681,13.96229,13.66805,24.92687,28.09961
2970.20740,-0.77376,-3.59548,80.74472,13.94616,13.69305,24.98332,28.12219
2970.21740,-0.73900,-3.61395,80.64877,13.95109,13.58993,24.99687,28.11089
2970.22740,-0.73422,-3.61628,80.63281,13.95229,13.57505,24.99687,28.10861
2970.23740,-0.76613,-3.57915,80.79028,14.02972,13.68293,24.93597,28.14167
2970.24740,-0.76493,-3.60004,80.68719,13.94826,13.65512,24.96994,28.11387
2970.25740,-0.76397,-3.60430,80.66681,13.93329,13.64805,24.97687,28.10861
2970.26740,-0.76136,-3.59222,80.74500,13.96717,13.68367,24.98555,28.10861
2970.27740,-0.76097,-3.59040,80.75681,13.97229,13.68905,24.98687,28.10861
2970.28740,-0.76348,-3.60018,80.65913,13.95009,13.64317,24.95727,28.10861
2970.29740,-0.76445,-3.60219,80.65705,13.92104,13.66442,24.98350,28.08809
2970.30740,-0.76449,-3.60166,80.66881,13.91329,13.67805,24.99687,28.08061
2970.31740,-0.78210,-3.60001,80.67547,13.91329,13.68619,24.96727,28.10873
2970.32740,-0.76364,-3.59163,80.76365,13.98581,13.67351,24.97167,28.13267
2970.33740,-0.75500,-3.58890,80.79381,14.01129,13.66805,24.97687,28.13761
2970.34740,-0.76141,-3.59549,80.75938,13.96073,13.68344,24.99885,28.11636
2970.35740,-0.76375,-3.59790,80.74681,13.94229,13.68905,25.00687,28.10861
2970.36740,-0.77355,-3.59580,80.77362,13.94229,13.70568,25.00150,28.12416
2970.37740,-0.76964,-3.59476,80.77125,13.95669,13.69413,24.99327,28.12717
2970.38740,-0.74759,-3.59615,80.72581,13.98229,13.64805,24.98687,28.10861
2970.39740,-0.76393,-3.59099,80.74609,13.98229,13.67329,24.96618,28.12433
2970.40740,-0.78707,-3.58367,80.77481,13.98229,13.70905,24.93687,28.14661
2970.41740,-0.78102,-3.58598,80.76427,13.96369,13.71587,24.96167,28.12305
2970.42740,-0.76142,-3.60450,80.78633,13.94609,13.67541,25.02647,28.13837
2970.43740,-0.75169,-3.61497,80.80381,13.94229,13.64805,25.05687,28.15661
2970.44740,-0.77597,-3.60551,80.70926,13.91240,13.67916,24.99587,28.12184
2970.45740,-0.78709,-3.59952,80.69082,13.90739,13.69905,24.97125,28.11313
2970.46740,-0.77985,-3.59965,80.75969,13.93050,13.69905,24.99484,28.13530
2970.47740,-0.77616,-3.59972,80.79481,13.94229,13.69905,25.00687,28.14661
2970.48740,-0.79603,-3.60318,80.78981,13.91279,13.71455,24.99687,28.16561
2970.49740,-0.79409,-3.62439,80.74181,13.88329,13.65255,25.00687,28.19911
2970.50740,-0.77281,-3.62559,80.75281,13.89329,13.64205,25.04187,28.17561
2970.51740,-0.77336,-3.60906,80.80681,13.90329,13.70905,25.05687,28.13761
2970.52740,-0.76942,-3.61760,80.76811,13.90046,13.66838,25.04839,28.15088
2970.53740,-0.76151,-3.63472,80.69071,13.89481,13.58702,25.03144,28.17744
2970.54740,-0.79260,-3.63790,80.83981,13.87329,13.64805,25.06687,28.25161
2970.55740,-0.77820,-3.63594,80.80730,13.88076,13.63647,25.07060,28.21947
2970.56740,-0.75404,-3.63265,80.75281,13.89329,13.61705,25.07687,28.16561
2970.57740,-0.75404,-3.63265,80.75281,13.89329,13.61705,25.07687,28.16561
2970.58740,-0.80361,-3.63938,80.53834,13.79643,13.61705,24.97803,28.14683
2970.59740,-0.80669,-3.63117,80.76981,13.87329,13.64805,25.00687,28.24161
2970.60740,-0.80556,-3.62343,80.81205,13.88824,13.67496,25.01434,28.23451
2970.61740,-0.80003,-3.61398,80.85356,13.89854,13.71230,25.03437,28.20836
2970.62740,-0.79038,-3.62328,80.77659,13.85972,13.69191,25.05410,28.17086
2970.63740,-0.79062,-3.61826,80.75636,13.86859,13.69390,25.03505,28.15882
2970.64740,-0.79558,-3.59851,80.72681,13.91329,13.70905,24.96687,28.13761
2970.65740,-0.79677,-3.59964,80.73142,13.91086,13.70905,24.96929,28.14221
2970.66740,-0.79521,-3.60090,80.75081,13.91304,13.70905,24.97937,28.14936
2970.67740,-0.77938,-3.59409,80.76581,13.94229,13.70905,24.98687,28.12761
2970.68740,-0.77891,-3.59403,80.75938,13.93758,13.71178,24.98934,28.12068
2970.69740,-0.77701,-3.58999,80.74248,13.93032,13.72757,24.99202,28.09258
2970.70740,-0.77551,-3.57796,80.75081,13.95229,13.75105,24.97687,28.07061
2970.71740,-0.77169,-3.58055,80.72631,13.94758,13.73818,24.97687,28.06368
2970.72740,-0.76008,-3.58843,80.65181,13.93329,13.69905,24.97687,28.04261
2970.73740,-0.76403,-3.58479,80.65677,13.93793,13.70897,24.96727,28.04261
2970.74740,-0.78047,-3.56965,80.67744,13.95726,13.75031,24.92727,28.04261
2970.75740,-0.77084,-3.58286,80.64981,13.94229,13.70905,24.94687,28.05161
2970.76740,-0.76926,-3.58279,80.65487,13.94878,13.70454,24.94577,28.05579
2970.77740,-0.75645,-3.58223,80.69581,14.00129,13.66805,24.93687,28.08961
2970.78740,-0.75735,-3.58324,80.69724,13.99480,13.67146,24.94237,28.08862
2970.79740,-0.76275,-3.59155,80.70150,13.94302,13.69529,24.98613,28.07706
2970.80740,-0.74554,-3.59290,80.63506,13.94974,13.66106,24.97942,28.04485
2970.81740,-0.74015,-3.59328,80.61426,13.95165,13.65066,24.97750,28.03445
2970.82740,-0.74975,-3.59223,80.65129,13.94636,13.67235,24.98279,28.04979
2970.83740,-0.75154,-3.58539,80.69143,13.96529,13.69138,24.97990,28.05487
2970.84740,-0.73307,-3.56547,80.72981,14.04129,13.69905,24.95687,28.03261
2970.85740,-0.74028,-3.57119,80.72335,14.02471,13.69315,24.95687,28.04862
2970.86740,-0.74366,-3.58019,80.70764,14.00670,13.67392,24.96100,28.06602
2970.87740,-0.72226,-3.57219,80.70881,14.04129,13.66805,24.96687,28.03261
2970.88740,-0.72563,-3.57325,80.68685,14.03002,13.66805,24.96123,28.02754
2970.89740,-0.72825,-3.57406,80.66981,14.02129,13.66805,24.95687,28.02361
2970.90740,-0.74054,-3.57652,80.76131,14.00710,13.70494,24.99233,28.05694
2970.91740,-0.73879,-3.56026,80.84143,14.06009,13.73710,24.98130,28.06294
2970.92740,-0.73761,-3.55727,80.84881,14.07029,13.74005,24.97687,28.06161
2970.93740,-0.76294,-3.56506,80.85760,14.02723,13.75851,24.97687,28.09500
2970.94740,-0.76644,-3.56613,80.85881,14.02129,13.76105,24.97687,28.09961
2970.95740,-0.72852,-3.57377,80.73025,14.01260,13.69851,24.99424,28.02490
2970.96740,-0.70863,-3.57468,80.73847,14.03952,13.67119,25.00839,28.01937
2970.97740,-0.69822,-3.57450,80.75881,14.06029,13.65805,25.01687,28.02361
2970.98740,-0.69492,-3.58961,80.65708,14.00237,13.62761,25.03172,27.99539
2970.99740,-0.70616,-3.57976,80.65125,14.01130,13.65153,24.99903,27.98939
2971.00740,-0.72288,-3.55937,80.69102,14.05050,13.69812,24.94789,27.99450
2971.01740,-0.72493,-3.55972,80.71070,14.04891,13.70523,24.95518,28.00138
2971.02740,-0.73600,-3.56868,80.82919,14.02509,13.73803,25.01560,28.05047
2971.03740,-0.72493,-3.59171,80.67981,13.98229,13.64805,25.00687,28.04261
2971.04740,-0.72020,-3.59121,80.71235,13.95773,13.68550,25.05598,28.01314
2971.05740,-0.71722,-3.59090,80.73281,13.94229,13.70905,25.08687,27.99461
2971.06740,-0.69957,-3.57867,80.72493,14.01986,13.67208,25.03838,27.99461
2971.07740,-0.69788,-3.59238,80.65943,13.98587,13.63511,25.04384,27.99461
2971.08740,-0.70397,-3.60588,80.62181,13.93329,13.62705,25.06687,27.99461
2971.09740,-0.70822,-3.60088,80.64085,13.94587,13.63867,25.05558,28.00074
2971.10740,-0.73125,-3.57881,80.73636,14.00015,13.69521,25.00455,28.03645
2971.11740,-0.73279,-3.58506,80.73081,13.98229,13.68905,25.01687,28.04261
2971.12740,-0.72974,-3.58154,80.71904,13.98649,13.69326,25.01266,28.02663
2971.13740,-0.72553,-3.57670,80.70281,13.99229,13.69905,25.00687,28.00461
2971.14740,-0.72155,-3.58132,80.70771,13.98249,13.69415,25.02647,28.00461
2971.15740,-0.72353,-3.59313,80.69549,13.96734,13.66332,25.03202,28.03282
2971.16740,-0.72978,-3.60027,80.67781,13.96229,13.63705,25.01687,28.06161
2971.17740,-0.72834,-3.59609,80.72245,13.96714,13.66228,25.03627,28.05676
2971.18740,-0.72681,-3.59166,80.76981,13.97229,13.68905,25.05687,28.05161
2971.19740,-0.72681,-3.59166,80.76981,13.97229,13.68905,25.05687,28.05161
2971.20740,-0.71087,-3.60869,80.63811,13.93832,13.61766,25.05687,28.02527
2971.21740,-0.72740,-3.61550,80.66894,13.93941,13.60303,25.03989,28.08661
2971.22740,-0.73160,-3.61536,80.68481,13.94229,13.60605,25.03687,28.09961
2971.23740,-0.72522,-3.60697,80.80361,13.98189,13.63674,25.06657,28.11842
2971.24740,-0.74149,-3.59824,80.80581,13.97229,13.67805,25.04687,28.10861
2971.25740,-0.73780,-3.59872,80.79660,13.97229,13.67320,25.04929,28.10182
2971.26740,-0.72467,-3.60110,80.74158,13.96016,13.65805,25.05934,28.06402
2971.27740,-0.71973,-3.60381,80.66181,13.92329,13.65805,25.06687,28.01361
2971.28740,-0.72184,-3.60562,80.67918,13.92775,13.65312,25.06687,28.03144
2971.29740,-0.72872,-3.61152,80.73581,13.94229,13.63705,25.06687,28.08961
2971.30740,-0.73036,-3.60410,80.73136,13.95689,13.64720,25.04706,28.08020
2971.31740,-0.73774,-3.58439,80.72765,13.98953,13.68309,24.99887,28.05617
2971.32740,-0.74540,-3.59341,80.75881,13.95229,13.69905,25.03687,28.07061
2971.33740,-0.74834,-3.59431,80.72356,13.94979,13.68630,25.01687,28.07061
2971.34740,-0.75718,-3.59701,80.61781,13.94229,13.64805,24.95687,28.07061
2971.35740,-0.75784,-3.59536,80.62081,13.94036,13.65684,24.95901,28.06461
2971.36740,-0.75803,-3.58622,80.65055,13.94380,13.69593,24.96956,28.04126
2971.37740,-0.74369,-3.56635,80.77081,14.01129,13.74005,24.98687,28.03261
2971.38740,-0.74551,-3.56546,80.75229,14.01283,13.73527,24.97297,28.03122
2971.39740,-0.75346,-3.56163,80.67175,14.01954,13.71446,24.91257,28.02518
2971.40740,-0.72751,-3.56738,80.54281,14.01129,13.65805,24.90687,27.96661
2971.41740,-0.72873,-3.56870,80.54281,14.00546,13.65924,24.91043,27.96768
2971.42740,-0.73773,-3.57842,80.54281,13.96229,13.66805,24.93687,27.97561
2971.43740,-0.73773,-3.57842,80.54281,13.96229,13.66805,24.93687,27.97561
2971.44740,-0.74469,-3.57193,80.65150,13.98205,13.70857,24.95663,28.00426
2971.45740,-0.78410,-3.56385,80.72181,13.98229,13.76105,24.91687,28.06161
2971.46740,-0.78023,-3.56235,80.72625,13.99285,13.75733,24.91567,28.06041
2971.47740,-0.75184,-3.55135,80.75881,14.07029,13.73005,24.90687,28.05161
2971.48740,-0.75238,-3.55245,80.73877,14.06201,13.72753,24.90447,28.04477
2971.49740,-0.75743,-3.55922,80.60583,14.00830,13.71155,24.88461,28.00138
2971.50740,-0.76544,-3.54941,80.70981,14.06029,13.73005,24.86787,28.05161
2971.51740,-0.76603,-3.54962,80.71037,14.05398,13.73581,24.87334,28.04725
2971.52740,-0.77367,-3.55146,80.70470,13.99081,13.79050,24.91953,28.00387
2971.53740,-0.78915,-3.54961,80.61211,13.97846,13.77753,24.85842,27.99769
2971.54740,-0.79180,-3.55031,80.56848,13.96986,13.76863,24.84108,27.98891
2971.55740,-0.75478,-3.56214,80.58781,13.95229,13.75105,24.93687,27.94761
2971.56740,-0.75411,-3.56196,80.58788,13.95292,13.75105,24.93750,27.94639
2971.57740,-0.74853,-3.56051,80.58841,13.95824,13.75105,24.94282,27.93629
2971.58740,-0.75027,-3.56298,80.59697,13.95989,13.74361,24.94207,27.95141
2971.59740,-0.76922,-3.57431,80.62281,13.95229,13.72005,24.92687,28.02361
2971.60740,-0.76924,-3.57060,80.62756,13.96454,13.72255,24.91687,28.02361
2971.61740,-0.76722,-3.55642,80.67006,14.00629,13.74555,24.89937,28.01886
2971.62740,-0.76099,-3.54729,80.75481,14.02129,13.79205,24.93687,28.00461
2971.63740,-0.72519,-3.54671,80.65738,14.05081,13.73104,24.92703,27.94851
2971.64740,-0.72461,-3.54670,80.65581,14.05129,13.73005,24.92687,27.94761
2971.65740,-0.74059,-3.55500,80.59443,14.02159,13.70926,24.89717,27.96642
2971.66740,-0.81421,-3.54479,80.61460,13.99258,13.78132,24.79886,28.04185
2971.67740,-0.81495,-3.54468,80.61481,13.99229,13.78205,24.79787,28.04261
2971.68740,-0.72770,-3.53985,80.71719,14.08594,13.74078,24.91612,27.97435
2971.69740,-0.77511,-3.52710,80.71162,14.05896,13.81096,24.85204,27.98967
2971.70740,-0.78559,-3.52539,80.70681,14.05129,13.82305,24.83787,27.99461
2971.71740,-0.78510,-3.54013,80.75727,14.01649,13.82305,24.89790,28.01984
2971.72740,-0.78502,-3.54233,80.76481,14.01129,13.82305,24.90687,28.02361
2971.73740,-0.78092,-3.53908,80.67794,14.02006,13.79585,24.86387,27.99816
2971.74740,-0.78566,-3.54460,80.71039,14.02129,13.78626,24.86945,28.03340
2971.75740,-0.78953,-3.54895,80.74281,14.02129,13.78205,24.87787,28.06161
2971.76740,-0.79119,-3.54392,80.64360,13.98764,13.79931,24.86061,27.99604
2971.77740,-0.79146,-3.54312,80.62781,13.98229,13.80205,24.85787,27.98561
2971.78740,-0.80139,-3.54524,80.66623,13.98229,13.80779,24.85787,28.01829
2971.79740,-0.80382,-3.54266,80.73495,14.01084,13.81205,24.85787,28.05419
2971.80740,-0.79682,-3.53678,80.79181,14.05129,13.81205,24.85787,28.07061
2971.81740,-0.79812,-3.54306,80.69754,14.01039,13.79819,24.85093,28.03803
2971.82740,-0.79300,-3.53994,80.67771,14.00616,13.80665,24.85517,28.00974
2971.83740,-0.79089,-3.53775,80.68581,14.01129,13.81205,24.85787,28.00461
2971.84740,-0.79828,-3.53717,80.72481,14.01629,13.82255,24.85787,28.02811
2971.85740,-0.80567,-3.53659,80.76381,14.02129,13.83305,24.85787,28.05161
2971.86740,-0.81587,-3.55707,80.69721,13.94137,13.81751,24.88673,28.05161
2971.87740,-0.82127,-3.55320,80.71193,13.94991,13.82775,24.87519,28.05908
2971.88740,-0.82189,-3.54946,80.72481,13.96229,13.83305,24.86787,28.06161
2971.89740,-0.81567,-3.55236,80.68520,13.98471,13.78671,24.83797,28.07581
2971.90740,-0.80820,-3.55378,80.69204,13.99229,13.77648,24.84760,28.07567
2971.91740,-0.80269,-3.55422,80.71281,13.99229,13.78205,24.86787,28.07061
2971.92740,-0.81599,-3.55303,80.70054,13.97387,13.80047,24.85559,28.07061
2971.93740,-0.82436,-3.55228,80.69281,13.96229,13.81205,24.84787,28.07061
2971.94740,-0.82436,-3.55228,80.69281,13.96229,13.81205,24.84787,28.07061
2971.95740,-0.83325,-3.53887,80.72554,14.00340,13.82967,24.80591,28.08655
2971.96740,-0.82507,-3.53723,80.81867,14.01129,13.85971,24.85807,28.08961
2971.97740,-0.82347,-3.53738,80.83281,14.01129,13.86405,24.86787,28.08961
2971.98740,-0.82191,-3.52935,80.80597,14.04742,13.84712,24.82174,28.08970
2971.99740,-0.83603,-3.53446,80.86081,14.03129,13.86405,24.83787,28.12761
2972.00740,-0.83065,-3.53020,80.82642,14.03778,13.86081,24.82489,28.10294
2972.01740,-0.81966,-3.52149,80.75622,14.05102,13.85419,24.79840,28.05261
2972.02740,-0.81881,-3.52252,80.75460,14.05023,13.85077,24.79998,28.05362
2972.03740,-0.81160,-3.53139,80.73942,14.04129,13.82305,24.81508,28.06000
2972.04740,-0.80653,-3.52802,80.70481,14.04129,13.82305,24.80787,28.03261
2972.05740,-0.82294,-3.52610,80.65301,14.02649,13.82675,24.76717,28.03261
2972.06740,-0.83816,-3.53002,80.59101,13.99507,13.82290,24.74043,28.03261
2972.07740,-0.81196,-3.54478,80.64481,13.98229,13.80205,24.82787,28.03261
2972.08740,-0.80531,-3.53967,80.63353,13.99885,13.79965,24.81827,28.01677
2972.09740,-0.78423,-3.52351,80.59781,14.05129,13.79205,24.78787,27.96661
2972.10740,-0.78966,-3.52728,80.60933,14.03713,13.79685,24.79747,27.97789
2972.11740,-0.80255,-3.53470,80.65264,14.01299,13.80970,24.81845,28.01149
2972.12740,-0.78858,-3.52000,80.67481,14.08029,13.80205,24.78787,28.00461
2972.13740,-0.79499,-3.52228,80.70009,14.06457,13.81845,24.80381,28.01326
2972.14740,-0.81686,-3.53178,80.75915,14.00706,13.86272,24.84898,28.04038
2972.15740,-0.81739,-3.53806,80.66581,13.99229,13.82305,24.81787,28.03261
2972.16740,-0.81482,-3.53815,80.66533,13.99925,13.81561,24.81547,28.03501
2972.17740,-0.80667,-3.53843,80.66381,14.02129,13.79205,24.80787,28.04261
2972.18740,-0.80670,-3.53816,80.66391,14.02029,13.79405,24.80887,28.04071
2972.19740,-0.80567,-3.53636,80.68051,14.01329,13.81315,24.82577,28.02831
2972.20740,-0.79438,-3.54223,80.82181,14.03129,13.82305,24.89687,28.07061
2972.21740,-0.79584,-3.54221,80.80111,14.02552,13.82176,24.88993,28.06390
2972.22740,-0.80467,-3.54218,80.64341,13.98819,13.80485,24.83487,28.01551
2972.23740,-0.78507,-3.54338,80.62181,14.04129,13.74005,24.80787,28.03261
2972.24740,-0.78701,-3.54563,80.62951,14.03370,13.74236,24.81557,28.03789
2972.25740,-0.80264,-3.56376,80.69181,13.97229,13.76105,24.87787,28.08061
2972.26740,-0.79913,-3.56215,80.69526,13.98167,13.75856,24.87668,28.07835
2972.27740,-0.77247,-3.54961,80.72214,14.05249,13.74138,24.86850,28.05977
2972.28740,-0.76665,-3.54429,80.73421,14.06341,13.75345,24.87425,28.04311
2972.29740,-0.76299,-3.54094,80.74181,14.07029,13.76105,24.87787,28.03261
2972.30740,-0.76589,-3.53982,80.77563,14.05974,13.78724,24.89932,28.02933
2972.31740,-0.77095,-3.53786,80.83481,14.04129,13.83305,24.93687,28.02361
2972.32740,-0.76846,-3.53789,80.80363,14.05564,13.80781,24.91212,28.02806
2972.33740,-0.76304,-3.54269,80.73829,14.05381,13.77012,24.89255,28.02181
2972.34740,-0.76085,-3.54631,80.71281,14.04129,13.76105,24.89687,28.01361
2972.35740,-0.77652,-3.54946,80.72047,14.02428,13.76956,24.88836,28.03827
2972.36740,-0.77834,-3.55217,80.69051,14.01208,13.76185,24.88272,28.03386
2972.37740,-0.77727,-3.55465,80.65453,14.00150,13.75126,24.87796,28.02381
2972.38740,-0.78638,-3.53598,80.68913,14.03574,13.79498,24.84341,28.01499
2972.39740,-0.78785,-3.53297,80.69481,14.04129,13.80205,24.83787,28.01361
2972.40740,-0.77432,-3.52904,80.73185,14.04990,13.82014,24.87232,27.98949
2972.41740,-0.78165,-3.53170,80.81980,14.05645,13.83452,24.89449,28.03434
2972.42740,-0.78871,-3.53415,80.88081,14.06029,13.84305,24.90687,28.07061
2972.43740,-0.80324,-3.54840,80.67236,14.03531,13.74572,24.80436,28.08697
2972.44740,-0.77174,-3.53318,80.73871,14.05648,13.80129,24.87387,28.00708
2972.45740,-0.76663,-3.53053,80.75381,14.06029,13.81205,24.88687,27.99461
2972.46740,-0.77141,-3.52880,80.70548,14.05529,13.80650,24.85964,27.98405
2972.47740,-0.77524,-3.52742,80.66681,14.05129,13.80205,24.83787,27.97561
2972.48740,-0.77883,-3.53081,80.72507,14.03654,13.82491,24.87400,27.98962
2972.49740,-0.78571,-3.53835,80.76749,14.01634,13.83305,24.90182,28.01628
2972.50740,-0.78761,-3.54048,80.77481,14.01129,13.83305,24.90687,28.02361
2972.51740,-0.77956,-3.52069,80.65246,14.05451,13.81767,24.81968,27.96060
2972.52740,-0.76768,-3.54022,80.65132,14.01277,13.78993,24.88299,27.96563
2972.53740,-0.76450,-3.54975,80.66681,13.99229,13.78205,24.91687,27.97561
2972.54740,-0.76228,-3.54053,80.70475,14.02635,13.79367,24.90525,27.97948
2972.55740,-0.75875,-3.52596,80.76481,14.08029,13.81205,24.88687,27.98561
2972.56740,-0.76308,-3.53284,80.78155,14.08029,13.79345,24.88687,28.02095
2972.57740,-0.76449,-3.53417,80.79987,14.06789,13.80747,24.90547,28.01905
2972.58740,-0.76374,-3.53240,80.80481,14.06029,13.82305,24.91687,28.00461
2972.59740,-0.73921,-3.52340,80.79861,14.10927,13.80383,24.91067,27.97485
2972.60740,-0.73153,-3.52414,80.69747,14.09651,13.77903,24.88889,27.93305
2972.61740,-0.73605,-3.52798,80.63781,14.07029,13.77105,24.87787,27.91861
2972.62740,-0.74699,-3.54704,80.65535,14.02144,13.75853,24.91482,27.96057
2972.63740,-0.75351,-3.55841,80.66581,13.99229,13.75105,24.93687,27.98561
2972.64740,-0.75351,-3.55468,80.67724,14.00162,13.75886,24.93306,27.98370
2972.65740,-0.74360,-3.54162,80.73105,14.04391,13.78131,24.93521,27.97063
2972.66740,-0.72343,-3.54735,80.74175,14.04925,13.75938,24.97264,27.96047
2972.67740,-0.72771,-3.54393,80.76017,14.05574,13.77135,24.96706,27.96601
2972.68740,-0.73571,-3.53779,80.76954,14.06819,13.78389,24.94423,27.97324
2972.69740,-0.72716,-3.53689,80.75879,14.08432,13.76722,24.93886,27.96840
2972.70740,-0.72399,-3.53656,80.75481,14.09029,13.76105,24.93687,27.96661
2972.71740,-0.75221,-3.54488,80.62015,14.02296,13.75253,24.88658,27.95808
2972.72740,-0.75201,-3.55046,80.63015,14.01129,13.74789,24.90344,27.96753
2972.73740,-0.73813,-3.55765,80.71831,14.02129,13.74280,24.96187,27.99236
2972.74740,-0.73483,-3.54958,80.73279,14.04760,13.75004,24.94871,27.98644
2972.75740,-0.73878,-3.54532,80.75137,14.05585,13.76329,24.94207,27.99017
2972.76740,-0.74646,-3.53767,80.80167,14.07029,13.79327,24.93758,28.00054
2972.77740,-0.72338,-3.54600,80.79381,14.07029,13.76105,24.97687,27.98561
2972.78740,-0.72260,-3.54243,80.79048,14.08179,13.76105,24.96520,27.98244
2972.79740,-0.71951,-3.52815,80.77715,14.12779,13.76105,24.91853,27.96977
2972.80740,-0.71873,-3.52458,80.77381,14.13929,13.76105,24.90687,27.96661
2972.81740,-0.74851,-3.55763,80.62581,13.99229,13.74005,24.92687,27.96661
2972.82740,-0.74928,-3.53813,80.83181,14.09029,13.78205,24.92687,28.03261
2972.83740,-0.74816,-3.54049,80.81777,14.08081,13.77833,24.93167,28.02697
2972.84740,-0.73874,-3.55558,80.71253,14.01717,13.75225,24.96207,27.98105
2972.85740,-0.73016,-3.53929,80.69581,14.06029,13.76105,24.92687,27.94761
2972.86740,-0.72969,-3.53987,80.70145,14.06269,13.75853,24.92807,27.95217
2972.87740,-0.72625,-3.54415,80.74281,14.08029,13.74005,24.93687,27.98561
2972.88740,-0.72797,-3.54287,80.73705,14.07909,13.74377,24.93207,27.98213
2972.89740,-0.74080,-3.53061,80.69325,14.07269,13.77849,24.89339,27.94869
2972.90740,-0.74209,-3.50910,80.68181,14.09029,13.83305,24.86787,27.89061
2972.91740,-0.74288,-3.51068,80.67221,14.08487,13.82956,24.86718,27.89061
2972.92740,-0.74945,-3.52386,80.59221,14.03973,13.80041,24.86147,27.89061
2972.93740,-0.74936,-3.53294,80.54847,14.01869,13.77428,24.86157,27.89394
2972.94740,-0.74214,-3.53423,80.55981,14.03129,13.76105,24.86787,27.89961
2972.95740,-0.75096,-3.52770,80.62911,14.04832,13.79101,24.86787,27.92192
2972.96740,-0.75716,-3.52312,80.67781,14.06029,13.81205,24.86787,27.93761
2972.97740,-0.74504,-3.53305,80.61059,14.02173,13.79228,24.89653,27.90004
2972.98740,-0.73373,-3.51685,80.66921,14.09950,13.79205,24.86816,27.90951
2972.99740,-0.73361,-3.51669,80.66981,14.10029,13.79205,24.86787,27.90961
2973.00740,-0.75113,-3.51471,80.73745,14.09048,13.83224,24.87767,27.93705
2973.01740,-0.75149,-3.51467,80.73881,14.09029,13.83305,24.87787,27.93761
2973.02740,-0.75548,-3.52839,80.74554,14.05707,13.82002,24.90688,27.96157
2973.03740,-0.76088,-3.54692,80.75463,14.01218,13.80241,24.94608,27.99396
2973.04740,-0.74430,-3.54016,80.79181,14.08029,13.77105,24.92687,28.01361
2973.05740,-0.75213,-3.53691,80.80200,14.07544,13.79094,24.92202,28.01361
2973.06740,-0.76794,-3.52927,80.78578,14.08132,13.80654,24.87880,28.01912
2973.07740,-0.77404,-3.52586,80.76381,14.09029,13.80205,24.84787,28.02361
2973.08740,-0.79929,-3.52769,80.74111,14.03226,13.84578,24.84787,28.01520
2973.09740,-0.79096,-3.53693,80.78098,14.02129,13.83778,24.89358,28.02833
2973.10740,-0.77695,-3.53272,80.83056,14.05804,13.83305,24.90687,28.03261
2973.11740,-0.78940,-3.53076,80.83201,14.05289,13.84565,24.88947,28.04401
2973.12740,-0.79998,-3.53096,80.82481,14.04129,13.85405,24.87787,28.05161
2973.13740,-0.79143,-3.52474,80.65944,14.00621,13.85405,24.84923,27.94995
2973.14740,-0.78421,-3.52891,80.65531,14.03654,13.80755,24.83037,27.98086
2973.15740,-0.78294,-3.53112,80.67581,14.05129,13.79205,24.82787,28.00461
2973.16740,-0.79485,-3.54010,80.66022,14.01416,13.79205,24.83529,28.01872
2973.17740,-0.79898,-3.54321,80.65481,14.00129,13.79205,24.83787,28.02361
2973.18740,-0.80784,-3.53338,80.75124,14.03119,13.83017,24.83787,28.05201
2973.19740,-0.79961,-3.52653,80.77119,14.04129,13.85122,24.85272,28.02596
2973.20740,-0.79572,-3.52531,80.76681,14.04129,13.85405,24.85787,28.01361
2973.21740,-0.80666,-3.53239,80.73662,14.01228,13.84754,24.85195,28.02485
2973.22740,-0.81064,-3.54638,80.72426,13.99736,13.80870,24.85350,28.06471
2973.23740,-0.80788,-3.55343,80.73081,14.00129,13.78205,24.85787,28.08961
2973.24740,-0.78885,-3.54904,80.78129,14.01775,13.79851,24.90121,28.06382
2973.25740,-0.77321,-3.54543,80.82281,14.03129,13.81205,24.93687,28.04261
2973.26740,-0.78787,-3.55530,80.76766,13.99553,13.79387,24.91868,28.05958
2973.27740,-0.81001,-3.55268,80.78061,13.98998,13.81316,24.88918,28.08830
2973.28740,-0.81805,-3.54690,80.81181,14.00129,13.83305,24.87787,28.09961
2973.29740,-0.81239,-3.55375,80.70152,13.97726,13.79485,24.85938,28.07003
2973.30740,-0.80030,-3.56322,80.68985,13.94431,13.79027,24.90925,28.04603
2973.31740,-0.79507,-3.56640,80.72481,13.93329,13.80205,24.94687,28.04261
2973.32740,-0.80181,-3.56847,80.72701,13.94920,13.77956,24.91943,28.07882
2973.33740,-0.80736,-3.57018,80.72881,13.96229,13.76105,24.89687,28.10861
2973.34740,-0.80024,-3.57201,80.69206,13.94318,13.76105,24.91157,28.07627
2973.35740,-0.80929,-3.57463,80.67684,13.91839,13.77134,24.91217,28.07495
2973.36740,-0.82642,-3.57537,80.70081,13.91329,13.78205,24.89687,28.10861
2973.37740,-0.80523,-3.58742,80.76170,13.92764,13.74591,24.95132,28.13682
2973.38740,-0.79596,-3.59174,80.80101,13.94229,13.72943,24.97291,28.15639
2973.39740,-0.81254,-3.58565,80.76417,13.92964,13.75105,24.93687,28.14661
2973.40740,-0.81987,-3.59054,80.73782,13.90330,13.75105,24.93687,28.14661
2973.41740,-0.77464,-3.59306,80.72881,13.93329,13.70905,24.98687,28.09961
2973.42740,-0.79097,-3.58752,80.77105,13.94241,13.73401,24.96767,28.12697
2973.43740,-0.81338,-3.58410,80.79823,13.94738,13.75047,24.93396,28.16641
2973.44740,-0.82328,-3.58946,80.75952,13.93717,13.72843,24.90708,28.18684
2973.45740,-0.82704,-3.59150,80.74481,13.93329,13.72005,24.89687,28.19461
2973.46740,-0.79850,-3.58447,80.75681,13.94229,13.74005,24.94687,28.12761
2973.47740,-0.80136,-3.57997,80.77550,13.95328,13.75141,24.93954,28.13127
2973.48740,-0.79508,-3.57531,80.81103,13.97550,13.75787,24.94615,28.13150
2973.49740,-0.77138,-3.58190,80.81781,13.98229,13.73005,24.98687,28.11861
2973.50740,-0.77907,-3.57934,80.82765,13.97989,13.74493,24.97967,28.12317
2973.51740,-0.79949,-3.57326,80.84369,13.97709,13.77477,24.95207,28.13977
2973.52740,-0.78713,-3.57978,80.79581,13.99229,13.72005,24.93687,28.14661
2973.53740,-0.79658,-3.57807,80.78616,13.98239,13.73268,24.92449,28.14661
2973.54740,-0.82531,-3.57289,80.75681,13.95229,13.77105,24.88687,28.14661
2973.55740,-0.82060,-3.57658,80.75849,13.95469,13.75617,24.89407,28.15357
2973.56740,-0.80529,-3.58499,80.75701,13.96357,13.71701,24.91302,28.16341
2973.57740,-0.80371,-3.57137,80.72867,13.96892,13.75017,24.89697,28.11261
2973.58740,-0.80271,-3.56278,80.71081,13.97229,13.77105,24.88687,28.08061
2973.59740,-0.78350,-3.56000,80.76011,13.99448,13.77568,24.92425,28.06571
2973.60740,-0.80200,-3.58354,80.65377,13.93257,13.71774,24.90044,28.10301
2973.61740,-0.80336,-3.58360,80.65013,13.93297,13.71587,24.89577,28.10553
2973.62740,-0.79187,-3.55556,80.74981,14.01129,13.77105,24.88687,28.08061
2973.63740,-0.79157,-3.55524,80.74659,14.01351,13.76883,24.88364,28.08061
2973.64740,-0.79093,-3.55193,80.71253,14.03009,13.75225,24.85187,28.07833
2973.65740,-0.80357,-3.54602,80.65181,14.02129,13.76105,24.80787,28.06161
2973.66740,-0.80470,-3.54507,80.65848,14.02351,13.76450,24.80676,28.06372
2973.67740,-0.81498,-3.53823,80.70929,14.03889,13.79085,24.79667,28.08289
2973.68740,-0.82438,-3.54389,80.69081,14.02129,13.78205,24.78787,28.09961
2973.69740,-0.82376,-3.54479,80.68594,14.01891,13.77956,24.78905,28.09842
2973.70740,-0.81916,-3.55148,80.64981,14.00129,13.76105,24.79787,28.08961
2973.71740,-0.81997,-3.55146,80.64549,14.00063,13.76032,24.79493,28.08961
2973.72740,-0.82736,-3.55121,80.60615,13.99463,13.75365,24.76827,28.08961
2973.73740,-0.83328,-3.54753,80.71932,14.00774,13.79253,24.79853,28.12051
2973.74740,-0.83397,-3.54671,80.74881,14.01129,13.80205,24.80787,28.12761
2973.75740,-0.80198,-3.54506,80.78940,14.05089,13.78225,24.84747,28.10880
2973.76740,-0.81137,-3.54870,80.82743,14.05129,13.78205,24.84787,28.14623
2973.77740,-0.81864,-3.55500,80.80201,14.02022,13.78205,24.85313,28.14661
2973.78740,-0.81850,-3.56940,80.67706,13.97395,13.73439,24.83953,28.12919
2973.79740,-0.81790,-3.57019,80.66781,13.97229,13.73005,24.83787,28.12761
2973.80740,-0.82869,-3.55891,80.73018,13.97229,13.79143,24.84777,28.11870
2973.81740,-0.81421,-3.56142,80.77010,13.99795,13.77058,24.86830,28.13327
2973.82740,-0.80097,-3.56381,80.80581,14.02129,13.75105,24.88687,28.14661
2973.83740,-0.82863,-3.57750,80.70138,13.96421,13.72381,24.84211,28.17126
2973.84740,-0.84364,-3.58492,80.64481,13.93329,13.70905,24.81787,28.18461
2973.85740,-0.82996,-3.55441,80.60611,13.99177,13.74517,24.76627,28.10291
2973.86740,-0.82933,-3.57110,80.80277,13.96775,13.77771,24.88601,28.17131
2973.87740,-0.82960,-3.57462,80.83581,13.96229,13.78205,24.90687,28.18461
2973.88740,-0.83554,-3.55695,80.75140,13.99588,13.78205,24.82159,28.15187
2973.89740,-0.81974,-3.56070,80.78299,13.99347,13.78205,24.86867,28.13879
2973.90740,-0.81720,-3.56170,80.78981,13.99229,13.78205,24.87787,28.13761
2973.91740,-0.81694,-3.55939,80.83933,14.00879,13.79074,24.88568,28.15411
2973.92740,-0.81690,-3.55905,80.84681,14.01129,13.79205,24.88687,28.15661
2973.93740,-0.80799,-3.57591,80.69251,13.99518,13.69540,24.84532,28.15661
2973.94740,-0.82436,-3.56016,80.80413,14.01723,13.76749,24.84647,28.17295
2973.95740,-0.82728,-3.55711,80.82681,14.02129,13.78205,24.84787,28.17561
2973.96740,-0.81800,-3.56303,80.72003,13.97569,13.76993,24.85941,28.11500
2973.97740,-0.79239,-3.56438,80.67477,13.98218,13.74313,24.87885,28.07061
2973.98740,-0.77869,-3.56218,80.69881,14.01129,13.73005,24.88687,28.07061
2973.99740,-0.78975,-3.56211,80.69809,14.01851,13.72283,24.85868,28.09807
2974.00740,-0.79399,-3.56209,80.69781,14.02129,13.72005,24.84787,28.10861
2974.01740,-0.79928,-3.56235,80.67953,14.01024,13.72386,24.84025,28.10518
2974.02740,-0.80990,-3.56887,80.64493,13.95020,13.74896,24.86386,28.08192
2974.03740,-0.81119,-3.57276,80.64181,13.92329,13.76105,24.88687,28.07061
2974.04740,-0.79817,-3.56840,80.66621,13.94708,13.76105,24.89907,28.05902
2974.05740,-0.78374,-3.57326,80.72146,13.98059,13.72933,24.91907,28.09248
2974.06740,-0.77983,-3.57814,80.74681,13.99229,13.70905,24.92687,28.11861
2974.07740,-0.79311,-3.58712,80.73576,13.93765,13.72808,24.95142,28.11861
2974.08740,-0.80146,-3.59277,80.72881,13.90329,13.74005,24.96687,28.11861
2974.09740,-0.79000,-3.58777,80.74650,13.93928,13.72785,24.96077,28.11861
2974.10740,-0.79092,-3.58512,80.72577,13.95613,13.71328,24.93222,28.12415
2974.11740,-0.79606,-3.58546,80.70581,13.95229,13.70905,24.91687,28.12761
2974.12740,-0.78121,-3.57484,80.76993,13.98660,13.73435,24.94113,28.10785
2974.13740,-0.75693,-3.55746,80.87505,14.04285,13.77583,24.98090,28.07546
2974.14740,-0.76075,-3.56772,80.91971,14.05129,13.74635,24.98687,28.13521
2974.15740,-0.79286,-3.58810,80.81379,13.94894,13.74005,24.97819,28.14661
2974.16740,-0.78404,-3.58628,80.84884,13.95802,13.74944,25.00245,28.13893
2974.17740,-0.78171,-3.58549,80.85781,13.96229,13.75105,25.00687,28.13761
2974.18740,-0.79969,-3.59017,80.85609,13.94509,13.75105,24.98967,28.17029
2974.19740,-0.79464,-3.59105,80.93313,13.95966,13.75974,25.02161,28.19211
2974.20740,-0.79344,-3.59107,80.94481,13.96229,13.76105,25.02687,28.19461
2974.21740,-0.78387,-3.59024,80.90768,13.95251,13.76105,25.03664,28.15747
2974.22740,-0.79539,-3.59588,80.96128,13.95768,13.75423,25.03577,28.21361
2974.23740,-0.77250,-3.59747,80.91881,13.99142,13.70032,25.02434,28.20273
2974.24740,-0.77911,-3.59955,80.76681,13.92329,13.70905,25.00687,28.12761
2974.25740,-0.77288,-3.60295,80.72796,13.91972,13.68731,25.00330,28.11763
2974.26740,-0.76549,-3.60789,80.67268,13.91638,13.65425,24.99377,28.10828
2974.27740,-0.77406,-3.60524,80.70581,13.92329,13.66805,24.98687,28.12761
2974.28740,-0.78376,-3.60548,80.72093,13.90529,13.69037,24.99407,28.13121
2974.29740,-0.80101,-3.60590,80.74781,13.87329,13.73005,25.00687,28.13761
2974.30740,-0.80101,-3.60590,80.74781,13.87329,13.73005,25.00687,28.13761
2974.31740,-0.75456,-3.60622,80.71337,13.92884,13.66161,25.02131,28.10161
2974.32740,-0.76864,-3.60247,80.76781,13.91329,13.70905,25.03687,28.10861
2974.33740,-0.76466,-3.60431,80.77162,13.92255,13.69456,25.03687,28.11764
2974.34740,-0.75754,-3.60888,80.77789,13.94113,13.66194,25.03459,28.14023
2974.35740,-0.77678,-3.60433,80.75781,13.90329,13.70905,25.02687,28.11861
2974.36740,-0.77740,-3.60331,80.79169,13.91847,13.70905,25.02687,28.13731
2974.37740,-0.77958,-3.59972,80.91181,13.97229,13.70905,25.02687,28.20361
2974.38740,-0.77955,-3.60360,80.86427,13.94944,13.70190,25.02687,28.18607
2974.39740,-0.77830,-3.61577,80.69724,13.88349,13.66765,25.01462,28.13148
2974.40740,-0.77393,-3.61277,80.66381,13.92329,13.62705,24.96687,28.14661
2974.41740,-0.77092,-3.61127,80.66165,13.92785,13.62705,24.96687,28.13989
2974.42740,-0.77135,-3.60797,80.67881,13.92813,13.64433,24.97407,28.13229
2974.43740,-0.80281,-3.61251,80.75481,13.88329,13.69905,24.99687,28.17561
2974.44740,-0.80281,-3.61251,80.75481,13.88329,13.69905,24.99687,28.17561
2974.45740,-0.78208,-3.61077,80.73681,13.89329,13.68905,25.01687,28.13761
2974.46740,-0.78091,-3.61157,80.74473,13.89809,13.68413,25.01807,28.14445
2974.47740,-0.77433,-3.61798,80.79813,13.92609,13.65165,25.02807,28.19233
2974.48740,-0.78905,-3.62213,80.76381,13.87329,13.67805,25.03687,28.17561
2974.49740,-0.78772,-3.62181,80.75404,13.87440,13.67472,25.03353,28.17138
2974.50740,-0.77703,-3.61930,80.67581,13.88329,13.64805,25.00687,28.13761
2974.51740,-0.77677,-3.61930,80.68143,13.88456,13.64869,25.00878,28.13939
2974.52740,-0.77461,-3.61930,80.72824,13.89520,13.65401,25.02474,28.15429
2974.53740,-0.73458,-3.58609,80.79981,13.98229,13.70905,25.04687,28.06161
2974.54740,-0.74000,-3.59008,80.79570,13.97240,13.70339,25.04464,28.07527
2974.55740,-0.77889,-3.62196,80.75509,13.89210,13.65687,25.03281,28.17332
2974.56740,-0.74516,-3.62142,80.69781,13.88329,13.64805,25.07687,28.08961
2974.57740,-0.75004,-3.62188,80.70320,13.87900,13.65256,25.07467,28.09698
2974.58740,-0.78949,-3.62557,80.74681,13.84429,13.68905,25.05687,28.15661
2974.59740,-0.78277,-3.62347,80.77315,13.85962,13.69016,25.06676,28.15661
2974.60740,-0.73054,-3.60778,80.96701,13.97869,13.69293,25.13879,28.15661
2974.61740,-0.74060,-3.61601,80.84381,13.95229,13.64805,25.08687,28.15661
2974.62740,-0.74060,-3.61601,80.84381,13.95229,13.64805,25.08687,28.15661
2974.63740,-0.75571,-3.61687,80.73853,13.88329,13.67805,25.07687,28.10033
2974.64740,-0.75726,-3.61745,80.74453,13.88329,13.67805,25.07687,28.10633
2974.65740,-0.73148,-3.61248,80.74485,13.95119,13.62786,25.05718,28.10861
2974.66740,-0.73334,-3.61581,80.81510,13.93348,13.65774,25.10538,28.11851
2974.67740,-0.73336,-3.61585,80.81581,13.93329,13.65805,25.10587,28.11861
2974.68740,-0.75069,-3.61200,80.72077,13.88379,13.68874,25.07716,28.07109
2974.69740,-0.74793,-3.60923,80.74951,13.90309,13.68905,25.07687,28.08051
2974.70740,-0.74790,-3.60920,80.74981,13.90329,13.68905,25.07687,28.08061
2974.71740,-0.70870,-3.60042,80.73991,13.96170,13.65836,25.08677,28.03309
2974.72740,-0.70831,-3.60033,80.73981,13.96229,13.65805,25.08687,28.03261
2974.73740,-0.73919,-3.62663,80.69668,13.87505,13.63747,25.09569,28.08848
2974.74740,-0.72857,-3.61424,80.79381,13.94159,13.64794,25.09587,28.10841
2974.75740,-0.72846,-3.61411,80.79481,13.94229,13.64805,25.09587,28.10861
2974.76740,-0.75220,-3.60092,80.80867,13.93338,13.70844,25.06716,28.09970
2974.77740,-0.75053,-3.60998,80.76078,13.89408,13.69925,25.08647,28.08098
2974.78740,-0.75049,-3.61017,80.75981,13.89329,13.69905,25.08687,28.08061
2974.79740,-0.75498,-3.61750,80.79196,13.90043,13.67691,25.08687,28.12775
2974.80740,-0.75677,-3.62043,80.80481,13.90329,13.66805,25.08687,28.14661
2974.81740,-0.75677,-3.62043,80.80481,13.90329,13.66805,25.08687,28.14661
2974.82740,-0.73428,-3.61025,80.75704,13.92218,13.66894,25.08687,28.07905
2974.83740,-0.73137,-3.60567,80.76881,13.93329,13.67805,25.08687,28.07061
2974.84740,-0.74338,-3.62447,80.65328,13.88985,13.61551,25.05212,28.09580
2974.85740,-0.74864,-3.63125,80.72816,13.86116,13.64574,25.10716,28.11411
2974.86740,-0.74971,-3.63247,80.75681,13.85429,13.65805,25.12587,28.11861
2974.87740,-0.74971,-3.63247,80.75681,13.85429,13.65805,25.12587,28.11861
2974.88740,-0.74086,-3.62146,80.84481,13.90329,13.67805,25.13587,28.12761
2974.89740,-0.74086,-3.62146,80.84481,13.90329,13.67805,25.13587,28.12761
2974.90740,-0.72212,-3.61794,80.89530,13.93299,13.67805,25.16557,28.11870
2974.91740,-0.74212,-3.61277,80.73987,13.91576,13.66053,25.07037,28.09320
2974.92740,-0.74498,-3.61205,80.71781,13.91329,13.65805,25.05687,28.08961
2974.93740,-0.72332,-3.63545,80.63220,13.87329,13.58605,25.09587,28.07700
2974.94740,-0.73270,-3.63578,80.63994,13.83787,13.62291,25.11755,28.06161
2974.95740,-0.71967,-3.62037,80.75609,13.90277,13.65217,25.13307,28.06809
2974.96740,-0.71262,-3.61411,80.79781,13.93329,13.65805,25.13587,28.07061
2974.97740,-0.73178,-3.60534,80.81221,13.93977,13.68757,25.10059,28.08429
2974.98740,-0.72983,-3.61084,80.73781,13.92847,13.65396,25.07959,28.07579
2974.99740,-0.72629,-3.61419,80.70781,13.92329,13.63705,25.07687,28.07061
2975.00740,-0.72579,-3.61600,80.78303,13.93550,13.64412,25.10194,28.10146
2975.01740,-0.72551,-3.61700,80.82481,13.94229,13.64805,25.11587,28.11861
2975.02740,-0.73866,-3.60162,80.87562,13.94769,13.71454,25.11046,28.10293
2975.03740,-0.73391,-3.61070,80.76736,13.91943,13.67361,25.09529,28.07903
2975.04740,-0.72120,-3.62837,80.64681,13.89329,13.59605,25.08687,28.07061
2975.05740,-0.72513,-3.60046,80.69833,13.94723,13.65848,25.05050,28.04212
2975.06740,-0.74832,-3.58652,80.63760,13.91645,13.71778,25.00875,27.99462
2975.07740,-0.76188,-3.58927,80.57581,13.87329,13.73005,24.99687,27.97561
2975.08740,-0.76227,-3.59389,80.60239,13.89745,13.69865,24.98479,28.02151
2975.09740,-0.76253,-3.59692,80.61981,13.91329,13.67805,24.97687,28.05161
2975.10740,-0.77305,-3.58940,80.59821,13.90729,13.70325,24.95287,28.03481
2975.11740,-0.75928,-3.58467,80.61965,13.92302,13.71160,24.97311,28.01193
2975.12740,-0.72849,-3.58509,80.67281,13.95229,13.69905,25.02687,27.99461
2975.13740,-0.74763,-3.58353,80.68640,13.94744,13.71409,25.00261,28.02226
2975.14740,-0.77241,-3.57602,80.66928,13.94229,13.73994,24.95334,28.03372
2975.15740,-0.77744,-3.56944,80.63381,13.94229,13.75105,24.92687,28.01361
2975.16740,-0.79348,-3.57102,80.66693,13.92837,13.77073,24.92687,28.04097
2975.17740,-0.81084,-3.57274,80.70281,13.91329,13.79205,24.92687,28.07061
2975.18740,-0.79858,-3.57197,80.67529,13.91649,13.78213,24.93327,28.04341
2975.19740,-0.77301,-3.57036,80.61796,13.92315,13.76147,24.94660,27.98674
2975.20740,-0.77660,-3.56951,80.69281,13.96229,13.75105,24.93687,28.04261
2975.21740,-0.78100,-3.57087,80.71729,13.95869,13.75825,24.94407,28.05629
2975.22740,-0.79055,-3.57234,80.75162,13.95037,13.77316,24.95112,28.07697
2975.23740,-0.79536,-3.56971,80.72609,13.94505,13.77901,24.93516,28.06686
2975.24740,-0.79851,-3.56532,80.74489,13.94942,13.79667,24.93400,28.06481
2975.25740,-0.79966,-3.55986,80.80281,13.96229,13.82305,24.94687,28.07061
2975.26740,-0.79966,-3.55986,80.80281,13.96229,13.82305,24.94687,28.07061
2975.27740,-0.79651,-3.56319,80.60489,13.92969,13.77581,24.89003,28.00937
2975.28740,-0.81938,-3.56243,80.65481,13.92329,13.80205,24.87787,28.05161
2975.29740,-0.81851,-3.55754,80.64602,13.93018,13.80942,24.86836,28.03806
2975.30740,-0.81041,-3.54296,80.60112,13.95414,13.82155,24.83787,27.98756
2975.31740,-0.78730,-3.54776,80.52854,13.96221,13.77155,24.83787,27.95691
2975.32740,-0.79017,-3.54754,80.54233,13.95910,13.78018,24.84227,27.96079
2975.33740,-0.81530,-3.54539,80.65981,13.93329,13.85405,24.87787,27.99461
2975.34740,-0.81380,-3.54510,80.64877,13.93677,13.84781,24.87187,27.99233
2975.35740,-0.80406,-3.54274,80.58989,13.96937,13.80325,24.82907,27.98821
2975.36740,-0.81330,-3.54135,80.75181,14.02129,13.81205,24.83787,28.08061
2975.37740,-0.81378,-3.54278,80.73897,14.01181,13.81205,24.84027,28.07485
2975.38740,-0.81900,-3.55479,80.66125,13.94001,13.81457,24.86495,28.04173
2975.39740,-0.83122,-3.56600,80.78181,13.92329,13.83305,24.91687,28.10861
2975.40740,-0.82810,-3.56583,80.77932,13.92911,13.82699,24.91568,28.10754
2975.41740,-0.80490,-3.56453,80.76081,13.97229,13.78205,24.90687,28.09961
2975.42740,-0.80497,-3.56405,80.75803,13.97155,13.78352,24.90613,28.09682
2975.43740,-0.80558,-3.55971,80.73269,13.96489,13.79685,24.89947,28.07149
2975.44740,-0.80288,-3.55533,80.75233,13.97213,13.81189,24.90671,28.06161
2975.45740,-0.80283,-3.55528,80.75281,13.97229,13.81205,24.90687,28.06161
2975.46740,-0.81673,-3.55804,80.75894,13.96463,13.81205,24.89155,28.09070
2975.47740,-0.81331,-3.56782,80.76036,13.94910,13.79342,24.91414,28.10370
2975.48740,-0.80428,-3.57834,80.75982,13.93360,13.77149,24.94622,28.10851
2975.49740,-0.81848,-3.56560,80.72633,13.95819,13.78050,24.87904,28.10861
2975.50740,-0.82085,-3.56347,80.72081,13.96229,13.78205,24.86787,28.10861
2975.51740,-0.82398,-3.57785,80.69836,13.92529,13.76044,24.88824,28.12440
2975.52740,-0.82025,-3.59395,80.73854,13.90087,13.74164,24.93894,28.15709
2975.53740,-0.81365,-3.59060,80.79681,13.92329,13.75105,24.95687,28.16561
2975.54740,-0.82055,-3.59256,80.73403,13.88022,13.76565,24.95687,28.13130
2975.55740,-0.82271,-3.58444,80.76848,13.89276,13.79368,24.95687,28.12518
2975.56740,-0.82256,-3.58117,80.78981,13.90329,13.80205,24.95687,28.12761
2975.57740,-0.80661,-3.59111,80.75873,13.91069,13.74877,24.96427,28.13501
2975.58740,-0.80101,-3.59461,80.74781,13.91329,13.73005,24.96687,28.13761
2975.59740,-0.80580,-3.59686,80.72816,13.89985,13.72881,24.96189,28.13761
2975.60740,-0.82502,-3.60585,80.64955,13.84612,13.72383,24.94199,28.13761
2975.61740,-0.81311,-3.58034,80.69081,13.91329,13.76105,24.91687,28.09961
2975.62740,-0.81518,-3.58290,80.69657,13.90621,13.76105,24.92287,28.10645
2975.63740,-0.83206,-3.59872,80.73305,13.85897,13.76477,24.95619,28.15313
2975.64740,-0.84477,-3.57723,80.69081,13.89329,13.79205,24.87787,28.12761
2975.65740,-0.84333,-3.58016,80.69273,13.88981,13.78581,24.88495,28.13217
2975.66740,-0.83280,-3.60166,80.70681,13.86429,13.74005,24.93687,28.16561
2975.67740,-0.82799,-3.59748,80.72099,13.87041,13.75358,24.94653,28.15047
2975.68740,-0.81797,-3.58878,80.75052,13.88316,13.78177,24.96667,28.11892
2975.69740,-0.82955,-3.61011,80.73581,13.85429,13.73005,24.96687,28.18461
2975.70740,-0.82839,-3.60296,80.71530,13.86125,13.74141,24.95221,28.16043
2975.71740,-0.82709,-3.59635,80.67581,13.85910,13.75342,24.93778,28.12552
2975.72740,-0.82836,-3.60647,80.66881,13.83429,13.74005,24.95687,28.13761
2975.73740,-0.83300,-3.60329,80.70190,13.83792,13.75896,24.96050,28.14452
2975.74740,-0.84110,-3.59775,80.75981,13.84429,13.79205,24.96687,28.15661
2975.75740,-0.84110,-3.59775,80.75981,13.84429,13.79205,24.96687,28.15661
2975.76740,-0.83674,-3.58304,80.72027,13.88284,13.79205,24.91744,28.12794
2975.77740,-0.81864,-3.61406,80.56881,13.82429,13.68905,24.93687,28.11861
2975.78740,-0.81641,-3.61072,80.60457,13.83605,13.70129,24.94647,28.12077
2975.79740,-0.81246,-3.60056,80.71541,13.87113,13.74005,24.97207,28.13217
2975.80740,-0.82233,-3.60176,80.70781,13.86429,13.74005,24.95687,28.14661
2975.81740,-0.82233,-3.60176,80.70781,13.86429,13.74005,24.95687,28.14661
2975.82740,-0.85103,-3.56868,80.63181,13.90329,13.79205,24.82787,28.10861
2975.83740,-0.85103,-3.56868,80.63181,13.90329,13.79205,24.82787,28.10861
2975.84740,-0.83326,-3.60538,80.72563,13.84563,13.75199,24.96371,28.16431
2975.85740,-0.84477,-3.58542,80.69081,13.86429,13.79205,24.90687,28.12761
2975.86740,-0.84370,-3.58706,80.68219,13.85997,13.78763,24.90902,28.12556
2975.87740,-0.83603,-3.59879,80.61890,13.82874,13.75569,24.92414,28.11033
2975.88740,-0.84763,-3.58093,80.69981,13.87329,13.80205,24.89687,28.12761
2975.89740,-0.84385,-3.58154,80.69971,13.87729,13.79585,24.89987,28.12671
2975.90740,-0.80981,-3.58705,80.69881,13.91329,13.74005,24.92687,28.11861
2975.91740,-0.81456,-3.58637,80.69892,13.90889,13.74687,24.92247,28.12070
2975.92740,-0.84924,-3.58118,80.69211,13.87659,13.79523,24.88687,28.13343
2975.93740,-0.81883,-3.58319,80.62981,13.90329,13.74005,24.88687,28.09961
2975.94740,-0.81883,-3.58319,80.62981,13.90329,13.74005,24.88687,28.09961
2975.95740,-0.82473,-3.57809,80.67528,13.85485,13.82210,24.94618,28.05216
2975.96740,-0.82832,-3.58012,80.67739,13.88009,13.79040,24.91527,28.09163
2975.97740,-0.83148,-3.58200,80.67881,13.90329,13.76105,24.88687,28.12761
2975.98740,-0.78944,-3.56865,80.74019,13.97159,13.76105,24.92646,28.08108
2975.99740,-0.78901,-3.56852,80.74081,13.97229,13.76105,24.92687,28.08061
2976.00740,-0.84080,-3.57617,80.73983,13.90465,13.80124,24.89746,28.13648
2976.01740,-0.83990,-3.55388,80.77347,13.93298,13.86343,24.88697,28.09009
2976.02740,-0.83988,-3.55365,80.77381,13.93329,13.86405,24.88687,28.08961
2976.03740,-0.83052,-3.55595,80.72770,13.92858,13.84476,24.88687,28.06749
2976.04740,-0.80641,-3.55181,80.72616,13.94762,13.83983,24.91204,28.02666
2976.05740,-0.80381,-3.55052,80.73581,13.95229,13.84305,24.91687,28.02361
2976.06740,-0.80307,-3.56812,80.71689,13.91875,13.80779,24.94267,28.04769
2976.07740,-0.80295,-3.57098,80.71381,13.91329,13.80205,24.94687,28.05161
2976.08740,-0.82880,-3.55956,80.62100,13.92180,13.80205,24.84554,28.05161
2976.09740,-0.81600,-3.55870,80.76623,13.93960,13.83726,24.92145,28.06792
2976.10740,-0.81315,-3.55888,80.79281,13.94229,13.84305,24.93687,28.07061
2976.11740,-0.79826,-3.54779,80.75279,13.96783,13.84305,24.91984,28.02207
2976.12740,-0.79566,-3.54585,80.74581,13.97229,13.84305,24.91687,28.01361
2976.13740,-0.78245,-3.55627,80.70419,13.96314,13.80097,24.93059,28.00949
2976.14740,-0.76707,-3.56841,80.65578,13.95250,13.75203,24.94655,28.00470
2976.15740,-0.80124,-3.55462,80.62737,13.94249,13.80103,24.87925,28.00461
2976.16740,-0.80093,-3.55470,80.60381,13.94229,13.79285,24.86867,28.00001
2976.17740,-0.80669,-3.55582,80.64762,13.94229,13.80395,24.87904,28.02235
2976.18740,-0.80926,-3.55608,80.67381,13.94229,13.81205,24.88687,28.03261
2976.19740,-0.79745,-3.55487,80.70363,13.95683,13.81205,24.90868,28.02606
2976.20740,-0.79302,-3.55441,80.71481,13.96229,13.81205,24.91687,28.02361
2976.21740,-0.77786,-3.54356,80.68679,14.00579,13.79731,24.88811,27.99559
2976.22740,-0.78685,-3.55372,80.61234,13.93483,13.80671,24.90644,27.96436
2976.23740,-0.79211,-3.55884,80.58881,13.90329,13.81205,24.91687,27.95661
2976.24740,-0.80355,-3.54909,80.61767,13.93955,13.82019,24.87321,27.98473
2976.25740,-0.76944,-3.55667,80.64631,13.98855,13.75423,24.90153,28.00201
2976.26740,-0.75605,-3.56054,80.65281,14.00129,13.73005,24.91687,28.00461
2976.27740,-0.77291,-3.54694,80.71797,14.01109,13.79081,24.90707,28.00902
2976.28740,-0.79045,-3.53280,80.78581,14.02129,13.85405,24.89687,28.01361
2976.29740,-0.78287,-3.55025,80.69343,13.97231,13.80941,24.91547,27.99625
2976.30740,-0.78762,-3.54416,80.73687,13.96684,13.85142,24.93301,27.98561
2976.31740,-0.79352,-3.53360,80.79981,13.98229,13.89505,24.93687,27.98561
2976.32740,-0.79345,-3.54409,80.72231,13.97609,13.83739,24.90587,28.00297
2976.33740,-0.78131,-3.54573,80.68207,13.99174,13.80205,24.89346,27.99481
2976.34740,-0.76178,-3.53800,80.69377,14.02313,13.80205,24.90410,27.96449
2976.35740,-0.75671,-3.53599,80.69681,14.03129,13.80205,24.90687,27.95661
2976.36740,-0.77895,-3.52866,80.74800,14.03129,13.84569,24.89009,27.98094
2976.37740,-0.78321,-3.52725,80.75781,14.03129,13.85405,24.88687,27.98561
2976.38740,-0.77915,-3.53850,80.67181,13.98872,13.82712,24.89555,27.96041
2976.39740,-0.75766,-3.54136,80.66570,14.01588,13.78774,24.90548,27.95661
2976.40740,-0.75431,-3.54155,80.66681,14.02129,13.78205,24.90687,27.95661
2976.41740,-0.77459,-3.53359,80.71387,13.98262,13.86510,24.93043,27.93572
2976.42740,-0.78076,-3.53009,80.78981,14.00129,13.88505,24.93687,27.96661
2976.43740,-0.78588,-3.53390,80.78877,13.99817,13.87431,24.92994,27.98636
2976.44740,-0.79553,-3.54109,80.78681,13.99229,13.85405,24.91687,28.02361
2976.45740,-0.79307,-3.54313,80.75509,13.98159,13.84657,24.91687,28.01006
2976.46740,-0.78988,-3.54580,80.66670,13.95875,13.82952,24.90308,27.97535
2976.47740,-0.79217,-3.54391,80.60981,13.95229,13.82305,24.87787,27.95661
2976.48740,-0.79061,-3.54360,80.67029,13.96309,13.83421,24.89911,27.97389
2976.49740,-0.78338,-3.54135,80.76053,13.98229,13.85405,24.93687,27.98733
2976.50740,-0.78230,-3.53528,80.71901,13.98229,13.86125,24.91887,27.95661
2976.51740,-0.78827,-3.53326,80.73545,13.98589,13.87045,24.91207,27.96705
2976.52740,-0.77719,-3.53943,80.79881,13.99229,13.86405,24.95687,27.98561
2976.53740,-0.77078,-3.53953,80.77343,14.00029,13.84695,24.94859,27.97761
2976.54740,-0.77207,-3.54590,80.68758,13.98307,13.81203,24.92200,27.97048
2976.55740,-0.82115,-3.56242,80.63561,13.87978,13.83901,24.90884,28.00798
2976.56740,-0.81807,-3.56311,80.63425,13.88683,13.82902,24.90687,28.01154
2976.57740,-0.78313,-3.55716,80.65581,13.96229,13.78205,24.90687,28.00461
2976.58740,-0.78019,-3.56084,80.64017,13.94642,13.77952,24.92067,27.99357
2976.59740,-0.76887,-3.56783,80.64073,13.91344,13.78795,24.97501,27.96434
2976.60740,-0.76306,-3.54702,80.84781,13.99229,13.85405,25.00687,27.99461
2976.61740,-0.76280,-3.54731,80.82786,13.99229,13.84613,24.99773,27.99171
2976.62740,-0.76167,-3.54860,80.74110,13.99229,13.81170,24.95799,27.97913
2976.63740,-0.76217,-3.56018,80.65781,13.95229,13.78205,24.95687,27.96661
2976.64740,-0.76394,-3.55952,80.66257,13.95427,13.78403,24.95390,27.97037
2976.65740,-0.77996,-3.55354,80.70581,13.97229,13.80205,24.92687,28.00461
2976.66740,-0.77996,-3.55354,80.70581,13.97229,13.80205,24.92687,28.00461
2976.67740,-0.76818,-3.56238,80.60304,13.93517,13.77255,24.93638,27.95893
2976.68740,-0.78540,-3.57190,80.60565,13.91369,13.76126,24.92707,28.00364
2976.69740,-0.78576,-3.57209,80.60581,13.91329,13.76105,24.92687,28.00461
2976.70740,-0.80310,-3.56011,80.51364,13.88418,13.80084,24.87932,27.94930
2976.71740,-0.75816,-3.55753,80.65007,13.97837,13.76268,24.93453,27.97450
2976.72740,-0.75629,-3.55744,80.65581,13.98229,13.76105,24.93687,27.97561
2976.73740,-0.75629,-3.55744,80.65581,13.98229,13.76105,24.93687,27.97561
2976.74740,-0.78552,-3.55725,80.68581,13.94229,13.81205,24.93687,27.99461
2976.75740,-0.80569,-3.55047,80.74601,13.95089,13.84817,24.91967,28.02729
2976.76740,-0.78724,-3.56409,80.83074,13.94377,13.83617,25.00202,28.04878
2976.77740,-0.78345,-3.56665,80.84381,13.94229,13.83305,25.01687,28.05161
2976.78740,-0.75358,-3.56695,80.63913,13.95089,13.75307,24.96527,27.96991
2976.79740,-0.77449,-3.56437,80.75889,13.96089,13.79337,24.97407,28.03057
2976.80740,-0.77867,-3.56394,80.78381,13.96229,13.80205,24.97687,28.04261
2976.81740,-0.78038,-3.55948,80.76851,13.96756,13.80733,24.96104,28.03258
2976.82740,-0.78190,-3.55548,80.75481,13.97229,13.81205,24.94687,28.02361
2976.83740,-0.80166,-3.57022,80.69641,13.90002,13.81205,24.95417,28.03018
2976.84740,-0.78538,-3.57724,80.64415,13.91709,13.75219,24.94227,28.03261
2976.85740,-0.77664,-3.57782,80.63281,13.93329,13.73005,24.93687,28.03261
2976.86740,-0.77554,-3.57220,80.64391,13.91109,13.77593,24.96647,27.99043
2976.87740,-0.76506,-3.57522,80.65441,13.90329,13.77667,24.99885,27.97561
2976.88740,-0.76138,-3.57704,80.65681,13.90329,13.77105,25.00687,27.97561
2976.89740,-0.77409,-3.58002,80.67129,13.90885,13.75992,24.98459,28.01792
2976.90740,-0.78421,-3.58239,80.68281,13.91329,13.75105,24.96687,28.05161
2976.91740,-0.79304,-3.58915,80.75446,13.88921,13.77574,25.00901,28.08050
2976.92740,-0.78990,-3.58971,80.74202,13.88537,13.77333,25.01271,28.07062
2976.93740,-0.78402,-3.58715,80.70281,13.89329,13.76105,24.99687,28.05161
2976.94740,-0.79777,-3.58880,80.71806,13.90549,13.74824,24.96637,28.09797
2976.95740,-0.79707,-3.59514,80.72903,13.89499,13.74005,24.98347,28.11053
2976.96740,-0.79099,-3.59852,80.72981,13.88329,13.74005,25.00687,28.09961
2976.97740,-0.79289,-3.59992,80.71967,13.87486,13.74005,25.00687,28.09789
2976.98740,-0.80204,-3.60666,80.67081,13.83429,13.74005,25.00687,28.08961
2976.99740,-0.79251,-3.61549,80.67421,13.83429,13.70999,25.02626,28.10367
2977.00740,-0.77372,-3.61412,80.69319,13.86743,13.68814,25.03726,28.10035
2977.01740,-0.76437,-3.60252,80.70981,13.90329,13.69905,25.02687,28.08061
2977.02740,-0.78515,-3.61112,80.66281,13.84669,13.70912,25.02207,28.08492
2977.03740,-0.78722,-3.62313,80.66375,13.81420,13.69947,25.05117,28.09892
2977.04740,-0.76590,-3.62589,80.71781,13.84429,13.67805,25.08687,28.10861
2977.05740,-0.76590,-3.62589,80.71781,13.84429,13.67805,25.08687,28.10861
2977.06740,-0.79485,-3.62557,80.74681,13.82429,13.70905,25.06687,28.14661
2977.07740,-0.78866,-3.62497,80.73020,13.82075,13.70905,25.07394,28.12646
2977.08740,-0.77703,-3.62282,80.74223,13.82142,13.72010,25.10077,28.09994
2977.09740,-0.77646,-3.62093,80.81881,13.83429,13.74005,25.12587,28.11861
2977.10740,-0.78332,-3.61929,80.78139,13.82736,13.74005,25.10196,28.11202
2977.11740,-0.79575,-3.61397,80.71680,13.82201,13.74218,25.05300,28.09961
2977.12740,-0.79421,-3.60748,80.73442,13.84474,13.74843,25.04164,28.09961
2977.13740,-0.79356,-3.60476,80.74181,13.85429,13.75105,25.03687,28.09961
2977.14740,-0.78750,-3.60838,80.84081,13.84429,13.78205,25.10587,28.10861
2977.15740,-0.78700,-3.60940,80.81415,13.84833,13.76529,25.08991,28.11063
2977.16740,-0.77832,-3.61208,80.73905,13.86429,13.71417,25.05396,28.10664
2977.17740,-0.75311,-3.60700,80.85281,13.86429,13.77105,25.15587,28.06161
2977.18740,-0.75767,-3.60823,80.79341,13.85769,13.75301,25.12529,28.05743
2977.19740,-0.77524,-3.61156,80.61059,13.84518,13.69128,25.01687,28.05727
2977.20740,-0.77994,-3.60797,80.70781,13.88329,13.69905,25.01687,28.10861
2977.21740,-0.77994,-3.60797,80.70781,13.88329,13.69905,25.01687,28.10861
2977.22740,-0.76778,-3.60061,80.66081,13.89329,13.69905,25.00687,28.06161
2977.23740,-0.76743,-3.60179,80.64645,13.88792,13.69533,25.00596,28.05724
2977.24740,-0.76643,-3.61332,80.51461,13.83429,13.66315,24.99787,28.01931
2977.25740,-0.78911,-3.61060,80.62081,13.83429,13.70905,25.00687,28.07061
2977.26740,-0.78911,-3.61060,80.62081,13.83429,13.70905,25.00687,28.07061
2977.27740,-0.77800,-3.60804,80.67785,13.87264,13.69922,25.01670,28.08929
2977.28740,-0.78181,-3.62340,80.69628,13.84514,13.67867,25.04598,28.12649
2977.29740,-0.78193,-3.62386,80.69681,13.84429,13.67805,25.04687,28.12761
2977.30740,-0.79467,-3.61378,80.76442,13.87270,13.70843,25.02727,28.15602
2977.31740,-0.79493,-3.61357,80.76581,13.87329,13.70905,25.02687,28.15661
2977.32740,-0.78499,-3.61648,80.70701,13.87329,13.67867,25.01707,28.13799
2977.33740,-0.79364,-3.61728,80.75285,13.84585,13.71893,25.05047,28.13761
2977.34740,-0.80059,-3.61786,80.78981,13.82429,13.75105,25.07687,28.13761
2977.35740,-0.80996,-3.61377,80.71999,13.84132,13.72466,25.00875,28.14527
2977.36740,-0.82701,-3.62805,80.71631,13.78564,13.72855,25.03087,28.17126
2977.37740,-0.82974,-3.63069,80.71781,13.77529,13.73005,25.03687,28.17561
2977.38740,-0.82739,-3.63150,80.72623,13.76687,13.73847,25.05370,28.16719
2977.39740,-0.82695,-3.63165,80.72781,13.76529,13.74005,25.05687,28.16561
2977.40740,-0.82638,-3.60312,80.82829,13.87428,13.76645,24.99726,28.19030
2977.41740,-0.82149,-3.60903,80.82908,13.85350,13.76653,25.02756,28.18149
2977.42740,-0.81584,-3.62184,80.80940,13.80669,13.76121,25.07543,28.16607
2977.43740,-0.81567,-3.62223,80.80881,13.80529,13.76105,25.07687,28.16561
2977.44740,-0.80501,-3.60521,80.82449,13.90133,13.73067,25.00827,28.18423
2977.45740,-0.81873,-3.62911,80.68121,13.79849,13.69997,25.01657,28.16617
2977.46740,-0.81548,-3.62881,80.68624,13.79977,13.70147,25.02376,28.16124
2977.47740,-0.78723,-3.62080,80.75881,13.83429,13.72005,25.07687,28.12761
2977.48740,-0.79639,-3.62117,80.75643,13.82133,13.73089,25.07158,28.13263
2977.49740,-0.80462,-3.62947,80.74803,13.79562,13.72434,25.07790,28.15017
2977.50740,-0.77342,-3.64261,80.74481,13.81429,13.65805,25.11587,28.15661
2977.51740,-0.78458,-3.61740,80.74263,13.85200,13.70888,25.05630,28.12546
2977.52740,-0.78237,-3.60002,80.75972,13.87719,13.75105,25.04347,28.08802
2977.53740,-0.77504,-3.60229,80.77181,13.87329,13.75105,25.06687,28.08061
2977.54740,-0.77635,-3.60901,80.75309,13.86181,13.73233,25.06687,28.09208
2977.55740,-0.77721,-3.61342,80.74081,13.85429,13.72005,25.06687,28.09961
2977.56740,-0.78160,-3.61225,80.71560,13.85835,13.71151,25.04247,28.10327
2977.57740,-0.78437,-3.61191,80.67200,13.86079,13.69539,25.01385,28.10197
2977.58740,-0.76718,-3.61837,80.63981,13.84429,13.67805,25.04687,28.07061
2977.59740,-0.76183,-3.61350,80.68781,13.86301,13.69293,25.06127,28.07061
2977.60740,-0.76994,-3.60711,80.64525,13.86457,13.69945,25.02407,28.05717
2977.61740,-0.78504,-3.60588,80.54281,13.84429,13.68905,24.96687,28.04261
2977.62740,-0.78199,-3.60333,80.58302,13.85668,13.69942,24.97951,28.04741
2977.63740,-0.77303,-3.59581,80.70181,13.89329,13.73005,25.01687,28.06161
2977.64740,-0.76503,-3.60180,80.72122,13.88358,13.72520,25.05083,28.06161
2977.65740,-0.74174,-3.61344,80.74044,13.88243,13.69171,25.10470,28.06161
2977.66740,-0.72414,-3.61972,80.73881,13.89329,13.65805,25.12587,28.06161
2977.67740,-0.74311,-3.61387,80.80251,13.89790,13.69590,25.11664,28.09207
2977.68740,-0.76520,-3.60706,80.87681,13.90329,13.74005,25.10587,28.12761
2977.69740,-0.76388,-3.60914,80.85249,13.88761,13.74005,25.11227,28.11257
2977.70740,-0.76115,-3.61347,80.80183,13.85494,13.74005,25.12560,28.08123
2977.71740,-0.73318,-3.62342,80.83581,13.90329,13.66805,25.14587,28.11861
2977.72740,-0.73573,-3.62113,80.82926,13.90559,13.67162,25.13564,28.11642
2977.73740,-0.75912,-3.60300,80.83592,13.92831,13.71544,25.07246,28.11970
2977.74740,-0.76943,-3.60152,80.99481,13.94229,13.76105,25.11587,28.17561
2977.75740,-0.76003,-3.61660,80.93030,13.91092,13.71686,25.13369,28.16883
2977.76740,-0.74302,-3.64387,80.81381,13.85429,13.63705,25.16587,28.15661
2977.77740,-0.75480,-3.64237,80.77952,13.83696,13.64801,25.14465,28.14989
2977.78740,-0.76819,-3.64043,80.74417,13.82293,13.65689,25.11667,28.14769
2977.79740,-0.75367,-3.64185,80.79281,13.85429,13.63705,25.13587,28.16561
2977.80740,-0.76034,-3.63554,80.81136,13.85779,13.66225,25.12887,28.16246
2977.81740,-0.76895,-3.62443,80.85165,13.86811,13.70503,25.12190,28.15661
2977.82740,-0.75817,-3.62620,80.86831,13.87903,13.69354,25.13914,28.15661
2977.83740,-0.75397,-3.62688,80.87481,13.88329,13.68905,25.14587,28.15661
2977.84740,-0.74611,-3.62701,80.85681,13.88329,13.68245,25.15187,28.13921
2977.85740,-0.74086,-3.62710,80.84481,13.88329,13.67805,25.15587,28.12761
2977.86740,-0.75076,-3.63384,80.74885,13.83489,13.66985,25.13946,28.10464
2977.87740,-0.74708,-3.61691,80.86324,13.90914,13.69462,25.12730,28.13218
2977.88740,-0.74611,-3.61385,80.88581,13.92329,13.69905,25.12587,28.13761
2977.89740,-0.75423,-3.59812,80.80173,13.92929,13.72005,25.06410,28.08828
2977.90740,-0.75993,-3.61168,80.76951,13.87023,13.72005,25.09699,28.08224
2977.91740,-0.76184,-3.61369,80.75992,13.85640,13.72350,25.10264,28.07738
2977.92740,-0.76476,-3.60046,80.75281,13.87329,13.75105,25.07687,28.05161
2977.93740,-0.76142,-3.60128,80.74839,13.87539,13.74453,25.07887,28.04961
2977.94740,-0.73353,-3.60813,80.71155,13.89294,13.69014,25.09553,28.03294
2977.95740,-0.73746,-3.58825,80.84665,13.95053,13.74921,25.09587,28.05104
2977.96740,-0.73759,-3.58763,80.85081,13.95229,13.75105,25.09587,28.05161
2977.97740,-0.75922,-3.58923,80.75575,13.90427,13.76085,25.05765,28.03299
2977.98740,-0.75710,-3.59372,80.80281,13.88369,13.78163,25.10489,28.03261
2977.99740,-0.75705,-3.59381,80.80381,13.88329,13.78205,25.10587,28.03261
2978.00740,-0.75700,-3.59223,80.72445,13.91268,13.73110,25.03826,28.04240
2978.01740,-0.75700,-3.59219,80.72281,13.91329,13.73005,25.03687,28.04261
2978.02740,-0.73471,-3.59520,80.73133,13.91329,13.72231,25.08254,28.01319
2978.03740,-0.72070,-3.59870,80.75595,13.93798,13.69366,25.09587,28.02845
2978.04740,-0.71939,-3.59916,80.75981,13.94229,13.68905,25.09587,28.03261
2978.05740,-0.72313,-3.58337,80.89615,13.97595,13.75806,25.12111,28.04102
2978.06740,-0.71553,-3.59624,80.82090,13.93211,13.73046,25.14278,28.01555
2978.07740,-0.70909,-3.60853,80.74281,13.89329,13.69905,25.15587,27.99461
2978.08740,-0.73751,-3.60283,80.74932,13.90051,13.71423,25.09877,28.03580
2978.09740,-0.74842,-3.60064,80.75181,13.90329,13.72005,25.07687,28.05161
2978.10740,-0.72809,-3.61176,80.82236,13.91056,13.69751,25.14159,28.07270
2978.11740,-0.73487,-3.60410,80.81377,13.91329,13.71898,25.12207,28.05944
2978.12740,-0.74019,-3.59973,80.80081,13.91329,13.73005,25.10587,28.05161
2978.13740,-0.73413,-3.60260,80.80732,13.92051,13.71488,25.11309,28.05883
2978.14740,-0.73843,-3.61024,80.87967,13.90903,13.72402,25.15151,28.09511
2978.15740,-0.74109,-3.61286,80.90781,13.90329,13.73005,25.16587,28.10861
2978.16740,-0.73585,-3.60005,80.90122,13.93919,13.73738,25.13656,28.08809
2978.17740,-0.73394,-3.59537,80.89881,13.95229,13.74005,25.12587,28.08061
2978.18740,-0.73394,-3.59537,80.89881,13.95229,13.74005,25.12587,28.08061
2978.19740,-0.76238,-3.58395,80.73274,13.89532,13.78061,25.04959,28.00723
2978.20740,-0.73984,-3.60090,80.78081,13.92329,13.70905,25.08687,28.06161
2978.21740,-0.74257,-3.59912,80.78654,13.93156,13.70905,25.07626,28.06967
2978.22740,-0.74567,-3.59321,80.78632,13.95495,13.70652,25.04698,28.07786
2978.23740,-0.72482,-3.59530,80.72281,13.93329,13.69905,25.07687,28.01361
2978.24740,-0.73275,-3.58965,80.79401,13.94889,13.72785,25.08087,28.03641
2978.25740,-0.74463,-3.58119,80.90081,13.97229,13.77105,25.08687,28.07061
2978.26740,-0.74353,-3.57940,80.92481,13.96758,13.79035,25.10522,28.06167
2978.27740,-0.74290,-3.58692,80.83101,13.94417,13.75490,25.08451,28.04742
2978.28740,-0.74361,-3.59795,80.69181,13.92329,13.68905,25.03687,28.04261
2978.29740,-0.73877,-3.59186,80.71106,13.93690,13.70360,25.04156,28.02899
2978.30740,-0.72035,-3.58327,80.77121,13.96669,13.72485,25.07519,28.00449
2978.31740,-0.70633,-3.58142,80.81281,13.98229,13.73005,25.10587,27.99461
2978.32740,-0.70552,-3.58326,80.76256,13.97298,13.71563,25.09237,27.98158
2978.33740,-0.70459,-3.58537,80.70481,13.96229,13.69905,25.07687,27.96661
2978.34740,-0.70400,-3.58123,80.71263,13.96961,13.70906,25.07442,27.95953
2978.35740,-0.70749,-3.57069,80.75011,13.98879,13.74005,25.06687,27.95441
2978.36740,-0.71738,-3.57492,80.77481,13.98229,13.74005,25.06687,27.98561
2978.37740,-0.72030,-3.57783,80.74261,13.97529,13.72570,25.05287,27.98876
2978.38740,-0.72660,-3.57569,80.72925,13.97268,13.73128,25.03726,27.98802
2978.39740,-0.72826,-3.56150,80.81681,13.99229,13.79205,25.05687,27.97561
2978.40740,-0.72826,-3.56150,80.81681,13.99229,13.79205,25.05687,27.97561
2978.41740,-0.72463,-3.55806,80.86281,14.04129,13.77105,25.03687,28.01361
2978.42740,-0.71767,-3.55430,80.86372,14.05017,13.77584,25.04142,27.99630
2978.43740,-0.69741,-3.54215,80.85784,14.07677,13.79029,25.04983,27.94095
2978.44740,-0.71254,-3.54495,80.81704,14.06077,13.78229,25.01783,27.95615
2978.45740,-0.71508,-3.54360,80.81643,14.05670,13.79095,25.01687,27.95191
2978.46740,-0.72983,-3.53339,80.82081,14.03129,13.85405,25.01687,27.91861
2978.47740,-0.72839,-3.53572,80.82433,14.03569,13.84261,25.01687,27.92917
2978.48740,-0.72894,-3.54427,80.79565,14.04040,13.79770,24.99726,27.96029
2978.49740,-0.74938,-3.54535,80.64781,14.00129,13.78205,24.92687,27.93761
2978.50740,-0.74938,-3.54535,80.64781,14.00129,13.78205,24.92687,27.93761
2978.51740,-0.71800,-3.51625,80.74117,14.09119,13.82736,24.94054,27.88208
2978.52740,-0.74509,-3.55692,80.73481,14.00129,13.77105,24.97687,27.98561
2978.53740,-0.74519,-3.55456,80.73296,14.00564,13.77443,24.97142,27.98147
2978.54740,-0.74605,-3.53522,80.71781,14.04129,13.80205,24.92687,27.94761
2978.55740,-0.74628,-3.53531,80.72551,14.04129,13.80436,24.93017,27.94970
2978.56740,-0.74807,-3.53651,80.79232,14.03799,13.82646,24.96237,27.96551
2978.57740,-0.74797,-3.53981,80.82881,14.01129,13.85405,25.00687,27.95661
2978.58740,-0.74950,-3.53685,80.82215,14.01432,13.85920,24.99778,27.95085
2978.59740,-0.76112,-3.51293,80.77128,14.04019,13.90054,24.92567,27.90489
2978.60740,-0.74546,-3.53242,80.83981,14.03129,13.86405,24.99687,27.94761
2978.61740,-0.74546,-3.53242,80.83981,14.03129,13.86405,24.99687,27.94761
2978.62740,-0.74820,-3.52587,80.82991,14.05108,13.86405,24.96717,27.94761
2978.63740,-0.74823,-3.52580,80.82981,14.05129,13.86405,24.96687,27.94761
2978.64740,-0.76472,-3.54737,80.85382,14.01287,13.83428,24.98607,28.02060
2978.65740,-0.76933,-3.53449,80.76948,14.03068,13.83305,24.91899,27.98676
2978.66740,-0.76946,-3.53406,80.76681,14.03129,13.83305,24.91687,27.98561
2978.67740,-0.74106,-3.51538,80.85611,14.08855,13.87285,24.95569,27.93902
2978.68740,-0.76785,-3.52323,80.85275,14.04675,13.88563,24.94584,27.97453
2978.69740,-0.79038,-3.53010,80.84781,14.01129,13.89505,24.93687,28.00461
2978.70740,-0.78986,-3.52340,80.81361,14.01924,13.89903,24.91340,27.98194
2978.71740,-0.78907,-3.51325,80.76181,14.03129,13.90505,24.87787,27.94761
2978.72740,-0.79966,-3.52841,80.71381,14.03129,13.83477,24.83501,28.01275
2978.73740,-0.80991,-3.52842,80.80699,14.01442,13.88376,24.87761,28.03119
2978.74740,-0.81148,-3.52795,80.82581,14.01129,13.89505,24.88687,28.03261
2978.75740,-0.80064,-3.50838,80.81903,14.07832,13.89505,24.83681,28.00885
2978.76740,-0.80264,-3.51590,80.83481,14.05714,13.89505,24.86187,28.02076
2978.77740,-0.80333,-3.51784,80.83781,14.05129,13.89505,24.86787,28.02361
2978.78740,-0.80044,-3.50854,80.87197,14.07313,13.91801,24.86787,28.01297
2978.79740,-0.79817,-3.50124,80.89881,14.09029,13.93605,24.86787,28.00461
2978.80740,-0.82546,-3.52135,80.71133,14.02043,13.86976,24.79658,28.02457
2978.81740,-0.81666,-3.52217,80.70073,14.03610,13.84752,24.79221,28.02490
2978.82740,-0.78878,-3.51190,80.79216,14.09782,13.85380,24.82650,28.01404
2978.83740,-0.81105,-3.50649,80.76944,14.06536,13.89754,24.80648,28.00006
2978.84740,-0.82047,-3.50448,80.75881,14.05129,13.91505,24.79787,27.99461
2978.85740,-0.79526,-3.52775,80.72123,14.02238,13.84856,24.85569,27.99461
2978.86740,-0.80267,-3.51916,80.75649,14.05377,13.85977,24.82747,28.01549
2978.87740,-0.80931,-3.51235,80.77581,14.07029,13.87405,24.80787,28.02361
2978.88740,-0.80958,-3.52387,80.74807,14.01992,13.87405,24.84437,28.00974
2978.89740,-0.81385,-3.52531,80.70890,14.00851,13.86683,24.82896,28.00461
2978.90740,-0.81545,-3.52423,80.69781,14.01129,13.86405,24.81787,28.00461
2978.91740,-0.81545,-3.52423,80.69781,14.01129,13.86405,24.81787,28.00461
2978.92740,-0.78207,-3.51619,80.87581,14.08029,13.88505,24.89687,28.01361
2978.93740,-0.78290,-3.50822,80.87379,14.10026,13.89264,24.87436,28.00653
2978.94740,-0.79099,-3.49354,80.83201,14.11946,13.91103,24.81994,27.98158
2978.95740,-0.79936,-3.50672,80.77881,14.06029,13.90505,24.83787,27.97561
2978.96740,-0.79231,-3.50720,80.74178,14.06029,13.89052,24.83318,27.95779
2978.97740,-0.77419,-3.50421,80.72047,14.07470,13.87934,24.84228,27.92416
2978.98740,-0.76325,-3.50038,80.74281,14.09029,13.88505,24.85787,27.90961
2978.99740,-0.77866,-3.49939,80.80148,14.07654,13.92264,24.87116,27.93115
2979.00740,-0.79684,-3.49822,80.87081,14.06029,13.96705,24.88687,27.95661
2979.01740,-0.78454,-3.48981,80.85401,14.07949,13.97185,24.88255,27.92013
2979.02740,-0.78329,-3.47958,80.78301,14.09549,13.96745,24.83467,27.88541
2979.03740,-0.79640,-3.47838,80.72581,14.09029,13.95705,24.78787,27.89061
2979.04740,-0.78959,-3.48676,80.70964,14.08049,13.93157,24.80257,27.89502
2979.05740,-0.77212,-3.49785,80.70300,14.07029,13.90020,24.84212,27.89039
2979.06740,-0.76111,-3.50036,80.71381,14.07029,13.89505,24.86787,27.88061
2979.07740,-0.76782,-3.49593,80.80985,14.09920,13.91514,24.87277,27.92275
2979.08740,-0.77479,-3.49132,80.90981,14.12929,13.93605,24.87787,27.96661
2979.09740,-0.78346,-3.49239,80.85297,14.09548,13.94634,24.86807,27.94309
2979.10740,-0.78141,-3.48905,80.76098,14.07009,13.95166,24.85297,27.88627
2979.11740,-0.76984,-3.48441,80.72681,14.08029,13.94605,24.84787,27.85261
2979.12740,-0.78392,-3.49242,80.71113,14.05138,13.94115,24.84297,27.87564
2979.13740,-0.79858,-3.50076,80.69481,14.02129,13.93605,24.83787,27.89961
2979.14740,-0.78197,-3.49402,80.71735,14.05983,13.92919,24.84113,27.88719
2979.15740,-0.74811,-3.48027,80.76335,14.13850,13.91519,24.84780,27.86186
2979.16740,-0.77300,-3.48515,80.67681,14.08029,13.92605,24.81787,27.85261
2979.17740,-0.77313,-3.48297,80.67130,14.08319,13.92896,24.81206,27.84709
2979.18740,-0.77096,-3.47911,80.67588,14.09555,13.93187,24.80596,27.84251
2979.19740,-0.75501,-3.48852,80.79181,14.12929,13.90505,24.85787,27.89961
2979.20740,-0.75833,-3.48840,80.76018,14.11874,13.90505,24.84696,27.88942
2979.21740,-0.76414,-3.48818,80.70481,14.10029,13.90505,24.82787,27.87161
2979.22740,-0.76259,-3.48509,80.68372,14.10392,13.90505,24.81696,27.85779
2979.23740,-0.76663,-3.47310,80.68751,14.12102,13.93169,24.79417,27.84064
2979.24740,-0.77813,-3.46194,80.75681,14.13929,13.97705,24.78787,27.85261
2979.25740,-0.78012,-3.45742,80.76451,14.14661,13.98841,24.78054,27.84894
2979.26740,-0.79011,-3.45894,80.75909,14.13085,13.99689,24.77507,27.85629
2979.27740,-0.80176,-3.47555,80.72581,14.08029,13.97705,24.78787,27.88061
2979.28740,-0.79427,-3.47628,80.73316,14.08379,13.97355,24.80187,27.87396
2979.29740,-0.78037,-3.47761,80.74681,14.09029,13.96705,24.82787,27.86161
2979.30740,-0.77694,-3.47422,80.74831,14.10676,13.96312,24.81851,27.85992
2979.31740,-0.76715,-3.46452,80.75259,14.15382,13.95189,24.79177,27.85511
2979.32740,-0.76544,-3.45461,80.75757,14.16780,13.97474,24.78338,27.83164
2979.33740,-0.76818,-3.45066,80.75981,14.15929,13.99805,24.78787,27.81461
2979.34740,-0.76217,-3.46486,80.72495,14.13929,13.95561,24.80227,27.82779
2979.35740,-0.75056,-3.47492,80.71701,14.14149,13.91505,24.81787,27.84261
2979.36740,-0.74825,-3.47442,80.74067,14.14730,13.91922,24.82778,27.84637
2979.37740,-0.74766,-3.47822,80.80481,14.13929,13.93605,24.86787,27.86161
2979.38740,-0.74290,-3.47948,80.76665,14.13364,13.92398,24.86397,27.84506
2979.39740,-0.72470,-3.48420,80.62754,14.11201,13.88060,24.85232,27.78261
2979.40740,-0.74007,-3.47920,80.81481,14.12929,13.94605,24.89687,27.84261
2979.41740,-0.74182,-3.47807,80.82390,14.13333,13.94918,24.89394,27.84746
2979.42740,-0.75690,-3.46780,80.90274,14.16929,13.97705,24.86787,27.88854
2979.43740,-0.75475,-3.46638,80.87991,14.16529,13.97815,24.86487,27.87161
2979.44740,-0.77000,-3.46949,80.83111,14.12739,13.98805,24.85077,27.86491
2979.45740,-0.72698,-3.47811,80.86981,14.11029,13.98805,24.96687,27.80461
2979.46740,-0.72936,-3.47728,80.86739,14.11238,13.98805,24.95917,27.80780
2979.47740,-0.74740,-3.46896,80.85683,14.13369,13.99256,24.89907,27.83152
2979.48740,-0.73768,-3.45581,80.92981,14.16929,14.02905,24.91687,27.81461
2979.49740,-0.73768,-3.45581,80.92981,14.16929,14.02905,24.91687,27.81461
2979.50740,-0.74432,-3.46544,80.77545,14.11164,13.99877,24.88756,27.77748
2979.51740,-0.74448,-3.46567,80.77181,14.11029,13.99805,24.88687,27.77661
2979.52740,-0.72313,-3.46715,80.75025,14.14851,13.94709,24.87805,27.77661
2979.53740,-0.72798,-3.45310,80.81119,14.16908,13.99753,24.87787,27.76671
2979.54740,-0.72804,-3.45295,80.81181,14.16929,13.99805,24.87787,27.76661
2979.55740,-0.71043,-3.46237,80.70292,14.14949,13.94658,24.87787,27.72899
2979.56740,-0.70511,-3.46514,80.75948,14.14929,13.95663,24.91535,27.73822
2979.57740,-0.70490,-3.46525,80.76181,14.14929,13.95705,24.91687,27.73861
2979.58740,-0.71288,-3.45272,80.71234,14.18712,13.94638,24.84024,27.73861
2979.59740,-0.71312,-3.45233,80.71081,14.18829,13.94605,24.83787,27.73861
2979.60740,-0.70086,-3.45726,80.78109,14.18190,13.95947,24.90112,27.73861
2979.61740,-0.70307,-3.45033,80.87370,14.17829,14.01994,24.94540,27.73008
2979.62740,-0.70465,-3.44865,80.88281,14.17829,14.02905,24.94687,27.72861
2979.63740,-0.69415,-3.46373,80.73747,14.13615,13.96713,24.93827,27.69593
2979.64740,-0.69819,-3.46245,80.76971,14.17143,13.94759,24.91107,27.73963
2979.65740,-0.69912,-3.46184,80.77881,14.17829,13.94605,24.90687,27.74761
2979.66740,-0.69912,-3.46184,80.77881,14.17829,13.94605,24.90687,27.74761
2979.67740,-0.72020,-3.46810,80.69881,14.15929,13.91505,24.84787,27.77661
2979.68740,-0.71950,-3.46039,80.73481,14.15449,13.95969,24.87139,27.74925
2979.69740,-0.71823,-3.45264,80.78653,14.15277,14.00685,24.90047,27.72645
2979.70740,-0.71458,-3.45710,80.87981,14.17829,13.99805,24.92687,27.77661
2979.71740,-0.72754,-3.46803,80.72429,14.10053,13.98293,24.90527,27.73557
2979.72740,-0.72616,-3.47717,80.71349,14.07029,13.97705,24.93287,27.73329
2979.73740,-0.71493,-3.47326,80.76431,14.10179,13.97705,24.94687,27.73861
2979.74740,-0.72617,-3.47355,80.76068,14.10633,13.97024,24.91959,27.76452
2979.75740,-0.73368,-3.47518,80.75081,14.10029,13.96705,24.90687,27.77661
2979.76740,-0.69486,-3.47256,80.77723,14.14585,13.93998,24.94649,27.74491
2979.77740,-0.68741,-3.47900,80.81029,14.14146,13.93301,24.98078,27.75504
2979.78740,-0.69288,-3.48242,80.81881,14.12929,13.93605,24.98687,27.76661
2979.79740,-0.67578,-3.47690,80.80048,14.16173,13.91678,24.97746,27.74451
2979.80740,-0.65650,-3.47069,80.77981,14.19829,13.89505,24.96687,27.71961
2979.81740,-0.67351,-3.48014,80.78981,14.15760,13.90574,24.98066,27.74581
2979.82740,-0.70186,-3.49588,80.80648,14.08978,13.92356,25.00365,27.78949
2979.83740,-0.68302,-3.47869,80.78081,14.13929,13.92605,24.97687,27.73861
2979.84740,-0.66543,-3.47739,80.78026,14.16080,13.90895,24.98790,27.72261
2979.85740,-0.67971,-3.47701,80.79357,14.13164,13.94409,24.99687,27.72097
2979.86740,-0.69891,-3.47746,80.80281,14.10029,13.97705,24.99687,27.72861
2979.87740,-0.69846,-3.47926,80.83644,14.11740,13.96525,24.99687,27.75693
2979.88740,-0.69815,-3.48051,80.85981,14.12929,13.95705,24.99687,27.77661
2979.89740,-0.69455,-3.48593,80.76120,14.08830,13.94458,24.99687,27.73146
2979.90740,-0.68132,-3.48777,80.77427,14.10737,13.92354,25.00879,27.73458
2979.91740,-0.67405,-3.48650,80.82881,14.13929,13.91505,25.01687,27.75761
2979.92740,-0.68876,-3.49060,80.78829,14.09817,13.92757,25.01091,27.75165
2979.93740,-0.70028,-3.49397,80.76675,14.07029,13.93605,25.00687,27.75355
2979.94740,-0.69819,-3.49887,80.74638,14.06433,13.91758,25.00687,27.75761
2979.95740,-0.70062,-3.49870,80.72786,14.05409,13.92201,25.00361,27.74815
2979.96740,-0.70823,-3.49331,80.72460,14.04376,13.95027,24.99817,27.73239
2979.97740,-0.71006,-3.49202,80.72381,14.04129,13.95705,24.99687,27.72861
2979.98740,-0.67618,-3.46761,80.88736,14.15481,13.98688,25.02573,27.71995
2979.99740,-0.63524,-3.51008,80.76154,14.10148,13.84598,25.09447,27.71961
2980.00740,-0.64003,-3.50352,80.77494,14.11588,13.85944,25.07763,27.72199
2980.01740,-0.65564,-3.48280,80.81981,14.15929,13.90505,25.02687,27.72861
2980.02740,-0.66752,-3.48271,80.85705,14.14687,13.93071,25.03514,27.74433
2980.03740,-0.67160,-3.48404,80.88090,14.13419,13.94696,25.05177,27.74799
2980.04740,-0.65833,-3.48555,80.85081,14.13929,13.92605,25.05687,27.72861
2980.05740,-0.67379,-3.48817,80.82025,14.12958,13.91587,25.02291,27.75189
2980.06740,-0.68345,-3.48893,80.79485,14.12569,13.90825,24.99647,27.76445
2980.07740,-0.66940,-3.48472,80.80952,14.13902,13.91492,25.01647,27.73911
2980.08740,-0.67858,-3.48346,80.81086,14.12564,13.93325,25.01337,27.73861
2980.09740,-0.69615,-3.48126,80.81281,14.10029,13.96705,25.00687,27.73861
2980.10740,-0.68755,-3.48209,80.82811,14.12375,13.94597,25.00687,27.75153
2980.11740,-0.66598,-3.49301,80.85305,14.15909,13.88057,25.02387,27.78953
2980.12740,-0.65651,-3.51109,80.84381,14.13929,13.83305,25.05687,27.81461
2980.13740,-0.66793,-3.50357,80.83939,14.12603,13.87147,25.04667,27.79523
2980.14740,-0.68102,-3.49158,80.81708,14.10372,13.92854,25.03374,27.75108
2980.15740,-0.66364,-3.49660,80.79081,14.11029,13.89505,25.04687,27.73861
2980.16740,-0.66938,-3.49145,80.77673,14.12025,13.89849,25.01939,27.73861
2980.17740,-0.68034,-3.48158,80.74981,14.13929,13.90505,24.96687,27.73861
2980.18740,-0.68422,-3.48300,80.77928,14.13271,13.91684,24.98047,27.74926
2980.19740,-0.69562,-3.48716,80.86595,14.11338,13.95151,25.02047,27.78059
2980.20740,-0.72690,-3.50149,80.78881,14.04129,13.94605,24.99687,27.80461
2980.21740,-0.72136,-3.49813,80.75381,14.04532,13.94181,24.98626,27.78042
2980.22740,-0.70073,-3.48561,80.62381,14.06029,13.92605,24.94687,27.69061
2980.23740,-0.70291,-3.48518,80.63217,14.06469,13.92605,24.94247,27.69897
2980.24740,-0.70980,-3.48045,80.69921,14.09107,13.93969,24.93567,27.73279
2980.25740,-0.70697,-3.46902,80.83181,14.12929,13.98805,24.96687,27.74761
2980.26740,-0.71082,-3.46619,80.80950,14.13156,13.98805,24.94660,27.74328
2980.27740,-0.71756,-3.45766,80.73161,14.13929,13.98343,24.88865,27.72025
2980.28740,-0.69504,-3.46152,80.72381,14.13929,13.96705,24.92687,27.69061
2980.29740,-0.69504,-3.46152,80.72381,14.13929,13.96705,24.92687,27.69061
2980.30740,-0.73897,-3.48160,80.72981,14.08029,13.95705,24.90687,27.78561
2980.31740,-0.73841,-3.48221,80.73014,14.07604,13.95923,24.91231,27.78256
2980.32740,-0.73585,-3.48707,80.74241,14.04419,13.97815,24.95487,27.76521
2980.33740,-0.75387,-3.48537,80.82881,14.07029,13.98805,24.93687,27.83361
2980.34740,-0.74934,-3.48683,80.82581,14.07029,13.98185,24.94387,27.82981
2980.35740,-0.71236,-3.49996,80.79081,14.06639,13.92705,24.99987,27.79751
2980.36740,-0.74631,-3.50029,80.71881,14.03129,13.93605,24.93687,27.81461
2980.37740,-0.74677,-3.49969,80.72619,14.03039,13.94163,24.94047,27.81371
2980.38740,-0.75145,-3.49363,80.80081,14.02129,13.99805,24.97687,27.80461
2980.39740,-0.75093,-3.49324,80.80072,14.02364,13.99704,24.97542,27.80461
2980.40740,-0.74521,-3.48891,80.79965,14.04985,13.98581,24.95938,27.80461
2980.41740,-0.73954,-3.48758,80.80827,14.05951,13.98387,24.96447,27.80043
2980.42740,-0.73527,-3.49482,80.84181,14.02129,14.00805,25.02687,27.78561
2980.43740,-0.72282,-3.49378,80.84043,14.05306,13.97950,25.01766,27.79021
2980.44740,-0.71962,-3.50296,80.72468,14.02355,13.93638,24.99719,27.76756
2980.45740,-0.72001,-3.50331,80.72081,14.02129,13.93605,24.99687,27.76661
2980.46740,-0.69543,-3.50305,80.82464,14.07853,13.91568,25.03568,27.79475
2980.47740,-0.69468,-3.50304,80.82781,14.08029,13.91505,25.03687,27.79561
2980.48740,-0.70893,-3.49433,80.74437,14.05215,13.94513,24.99805,27.74903
2980.49740,-0.73746,-3.50462,80.71108,14.01287,13.93645,24.96805,27.79371
2980.50740,-0.73861,-3.50506,80.70981,14.01129,13.93605,24.96687,27.79561
2980.51740,-0.74158,-3.49034,80.82886,14.04351,13.99722,24.98660,27.80153
2980.52740,-0.74330,-3.50305,80.78037,14.01440,13.96450,24.98909,27.81238
2980.53740,-0.74335,-3.50887,80.74881,14.00129,13.94605,24.98687,27.81461
2980.54740,-0.76062,-3.49393,80.85802,14.03541,14.00270,24.97322,27.84669
2980.55740,-0.76864,-3.48700,80.90881,14.05129,14.02905,24.96687,27.86161
2980.56740,-0.75613,-3.50584,80.75778,14.00178,13.95941,24.96687,27.82972
2980.57740,-0.76216,-3.51653,80.77905,13.97526,13.95542,24.99241,27.85596
2980.58740,-0.76363,-3.51776,80.78781,13.97229,13.95705,24.99687,27.86161
2980.59740,-0.76485,-3.51015,80.80108,13.99928,13.96163,24.97399,27.86618
2980.60740,-0.76627,-3.50130,80.81650,14.03066,13.96695,24.94740,27.87150
2980.61740,-0.76500,-3.51233,80.88238,14.02277,13.95854,24.98944,27.91163
2980.62740,-0.75194,-3.50967,80.84416,14.03812,13.93938,24.98003,27.88663
2980.63740,-0.74952,-3.50880,80.83481,14.04129,13.93605,24.97687,27.88061
2980.64740,-0.77404,-3.51719,80.78673,14.00710,13.92389,24.94210,27.91363
2980.65740,-0.78122,-3.53244,80.79935,13.97160,13.90971,24.97028,27.94775
2980.66740,-0.77196,-3.54041,80.84081,13.96229,13.90505,25.01687,27.95661
2980.67740,-0.77380,-3.52889,80.78867,13.94800,13.94220,25.00258,27.89589
2980.68740,-0.77454,-3.52428,80.76781,13.94229,13.95705,24.99687,27.87161
2980.69740,-0.76037,-3.54796,80.71453,13.91421,13.88289,25.02567,27.89177
2980.70740,-0.76775,-3.56601,80.69885,13.88169,13.84613,25.03687,27.93417
2980.71740,-0.77277,-3.56944,80.70081,13.87329,13.84305,25.03687,27.94761
2980.72740,-0.77669,-3.56569,80.76752,13.89458,13.85796,25.04042,27.97457
2980.73740,-0.78207,-3.57118,80.77121,13.86189,13.87245,25.06487,27.97201
2980.74740,-0.78089,-3.57940,80.69281,13.81429,13.86405,25.07687,27.93761
2980.75740,-0.77490,-3.58449,80.78041,13.83229,13.85805,25.11227,27.97781
2980.76740,-0.77091,-3.58788,80.83881,13.84429,13.85405,25.13587,28.00461
2980.77740,-0.76831,-3.58463,80.86167,13.84746,13.87024,25.14857,27.99540
2980.78740,-0.76399,-3.57922,80.89977,13.85275,13.89723,25.16973,27.98006
2980.79740,-0.76831,-3.59302,80.89857,13.84613,13.85446,25.16771,28.03028
2980.80740,-0.76957,-3.59649,80.89581,13.84429,13.84305,25.16587,28.04261
2980.81740,-0.77613,-3.56259,80.87490,13.88581,13.91462,25.10199,27.97247
2980.82740,-0.79224,-3.57421,80.88161,13.82608,13.93543,25.13488,27.98522
2980.83740,-0.77397,-3.57714,80.87376,13.84494,13.90350,25.14637,27.97896
2980.84740,-0.73913,-3.58192,80.85881,13.88329,13.84305,25.16587,27.96661
2980.85740,-0.73719,-3.58854,80.82205,13.87975,13.81053,25.15526,27.97651
2980.86740,-0.74426,-3.59402,80.79657,13.86285,13.79929,25.14667,27.98777
2980.87740,-0.76311,-3.58224,80.87081,13.84429,13.88505,25.16587,27.97561
2980.88740,-0.74929,-3.57757,80.88121,13.87166,13.87778,25.16933,27.96244
2980.89740,-0.72696,-3.57200,80.89394,13.90611,13.86749,25.18274,27.93761
2980.90740,-0.73411,-3.57813,80.88081,13.87329,13.87405,25.19587,27.93761
2980.91740,-0.73017,-3.57457,80.84408,13.87329,13.87405,25.18547,27.91127
2980.92740,-0.72274,-3.56786,80.77481,13.87329,13.87405,25.16587,27.86161
2980.93740,-0.72514,-3.56348,80.79846,13.88256,13.88842,25.16355,27.86392
2980.94740,-0.73198,-3.55098,80.86601,13.90905,13.92948,25.15693,27.87055
2980.95740,-0.71737,-3.53148,80.89681,13.97229,13.94605,25.13587,27.84261
2980.96740,-0.71336,-3.53151,80.86085,13.97431,13.93151,25.12395,27.83109
2980.97740,-0.69643,-3.53283,80.73162,13.97599,13.88056,25.09136,27.78372
2980.98740,-0.69241,-3.53730,80.77981,13.95229,13.90505,25.14587,27.77661
2980.99740,-0.69209,-3.53129,80.78311,13.96109,13.91869,25.13927,27.76407
2981.00740,-0.69094,-3.50998,80.79481,13.99229,13.96705,25.11587,27.71961
2981.01740,-0.69219,-3.50796,80.78610,13.99643,13.96705,25.10519,27.71743
2981.02740,-0.69821,-3.49693,80.73548,14.00734,13.97766,25.05855,27.69193
2981.03740,-0.70416,-3.48255,80.66181,13.99229,14.01805,25.02687,27.62461
2981.04740,-0.70037,-3.47923,80.67979,14.00602,14.02230,25.02889,27.62259
2981.05740,-0.68542,-3.46615,80.75081,14.06029,14.03905,25.03687,27.61461
2981.06740,-0.68356,-3.46362,80.76481,14.06712,14.04605,25.04028,27.61136
2981.07740,-0.67473,-3.45159,80.83148,14.09964,14.07939,25.05654,27.59592
2981.08740,-0.65944,-3.43284,80.81381,14.15929,14.08005,25.01687,27.55761
2981.09740,-0.66060,-3.43206,80.80591,14.15929,14.08005,25.01087,27.55571
2981.10740,-0.66936,-3.42432,80.73006,14.16117,14.07906,24.95588,27.53395
2981.11740,-0.65377,-3.41775,80.68681,14.17829,14.07005,24.94687,27.49161
2981.12740,-0.65377,-3.41775,80.68681,14.17829,14.07005,24.94687,27.49161
2981.13740,-0.65152,-3.41301,80.69881,14.17829,14.09105,24.95687,27.47261
2981.14740,-0.65152,-3.41301,80.69881,14.17829,14.09105,24.95687,27.47261
2981.15740,-0.64568,-3.42224,80.73899,14.14987,14.10085,25.01565,27.47261
2981.16740,-0.64089,-3.41119,80.80106,14.18771,14.12388,25.01687,27.47261
2981.17740,-0.63719,-3.40226,80.84981,14.21829,14.14205,25.01687,27.47261
2981.18740,-0.64673,-3.40575,80.76686,14.19340,14.12546,24.98368,27.46431
2981.19740,-0.63817,-3.41921,80.77106,14.14096,14.13171,25.05414,27.44425
2981.20740,-0.63780,-3.41966,80.77181,14.13929,14.13205,25.05687,27.44361
2981.21740,-0.59149,-3.39778,80.84939,14.25371,14.12236,25.06656,27.40676
2981.22740,-0.59004,-3.39710,80.85181,14.25729,14.12205,25.06687,27.40561
2981.23740,-0.60813,-3.41267,80.77283,14.20463,14.09182,25.04736,27.42901
2981.24740,-0.62662,-3.42859,80.69223,14.15090,14.06098,25.02746,27.45289
2981.25740,-0.60986,-3.40033,80.74481,14.19829,14.13205,25.03687,27.37761
2981.26740,-0.59121,-3.37855,80.86381,14.28244,14.16690,25.04537,27.36911
2981.27740,-0.58870,-3.39895,80.82445,14.26649,14.09668,25.04687,27.41442
2981.28740,-0.58918,-3.41409,80.78681,14.24729,14.04905,25.04687,27.44361
2981.29740,-0.57384,-3.40705,80.86572,14.25577,14.09317,25.10541,27.41136
2981.30740,-0.57110,-3.40579,80.87981,14.25729,14.10105,25.11587,27.40561
2981.31740,-0.57459,-3.40935,80.77271,14.20714,14.10105,25.10737,27.35716
2981.32740,-0.53964,-3.42654,80.79036,14.24844,14.00500,25.13987,27.39706
2981.33740,-0.53337,-3.42947,80.79681,14.25729,13.98805,25.14587,27.40561
2981.34740,-0.53414,-3.41606,80.88691,14.24029,14.08410,25.20537,27.35716
2981.35740,-0.55512,-3.43188,80.91471,14.22114,14.05685,25.19887,27.43786
2981.36740,-0.55880,-3.43509,80.91681,14.21829,14.04905,25.19587,27.45361
2981.37740,-0.55293,-3.42747,80.92883,14.22825,14.07035,25.20274,27.42751
2981.38740,-0.54171,-3.41290,80.95181,14.24729,14.11105,25.21587,27.37761
2981.39740,-0.55864,-3.42177,80.90120,14.21236,14.09680,25.19448,27.39757
2981.40740,-0.56102,-3.44002,80.86519,14.17770,14.05413,25.20717,27.42620
2981.41740,-0.55920,-3.44601,80.85881,14.16929,14.03905,25.21587,27.43461
2981.42740,-0.55745,-3.43630,80.92251,14.18959,14.07545,25.22987,27.42761
2981.43740,-0.53529,-3.43989,80.91623,14.20302,14.04707,25.25479,27.41136
2981.44740,-0.51141,-3.44854,80.87881,14.20829,13.99805,25.27587,27.39661
2981.45740,-0.53621,-3.45925,80.85403,14.15578,14.00395,25.26997,27.42434
2981.46740,-0.55346,-3.46669,80.83681,14.11929,14.00805,25.26587,27.44361
2981.47740,-0.53501,-3.46460,80.84866,14.15328,13.98560,25.27210,27.43768
2981.48740,-0.50321,-3.46100,80.86909,14.21188,13.94689,25.28286,27.42747
2981.49740,-0.49874,-3.44579,80.85081,14.19829,14.00805,25.29587,27.34861
2981.50740,-0.49776,-3.45972,80.90627,14.18649,13.98976,25.33658,27.39345
2981.51740,-0.49709,-3.46939,80.94481,14.17829,13.97705,25.36487,27.42461
2981.52740,-0.49912,-3.47039,80.90182,14.16605,13.97078,25.35231,27.41268
2981.53740,-0.50256,-3.47210,80.82895,14.14530,13.96014,25.33104,27.39247
2981.54740,-0.47860,-3.46762,80.85925,14.17479,13.95705,25.36109,27.36632
2981.55740,-0.46835,-3.46687,80.86206,14.18964,13.94584,25.36676,27.35982
2981.56740,-0.47358,-3.46221,80.77772,14.20647,13.91619,25.29891,27.35615
2981.57740,-0.48827,-3.44495,80.81081,14.21829,13.97705,25.27587,27.33961
2981.58740,-0.47554,-3.44922,80.79962,14.21456,13.96176,25.29787,27.32543
2981.59740,-0.45414,-3.45639,80.78081,14.20829,13.93605,25.33487,27.30161
2981.60740,-0.46493,-3.45371,80.79433,14.21175,13.94680,25.31789,27.31789
2981.61740,-0.47978,-3.44603,80.85381,14.22647,13.98007,25.30455,27.34273
2981.62740,-0.46367,-3.43829,80.95381,14.25055,14.01834,25.35948,27.32545
2981.63740,-0.45665,-3.44210,80.97936,14.26429,14.00000,25.37137,27.34371
2981.64740,-0.46246,-3.45686,80.94401,14.24964,13.94990,25.35787,27.38661
2981.65740,-0.48192,-3.46370,80.88681,14.19829,13.95705,25.34487,27.38661
2981.66740,-0.47664,-3.45924,80.90206,14.20175,13.97473,25.35873,27.36685
2981.67740,-0.46668,-3.45083,80.93081,14.20829,14.00805,25.38487,27.32961
2981.68740,-0.46397,-3.45557,80.89984,14.20492,13.98382,25.37813,27.33297
2981.69740,-0.45693,-3.46146,80.85296,14.20165,13.94986,25.37160,27.32984
2981.70740,-0.45358,-3.45466,80.88081,14.20829,13.97705,25.38487,27.31061
2981.71740,-0.46187,-3.45677,80.85049,14.19328,13.97399,25.36955,27.31367
2981.72740,-0.48183,-3.46327,80.77225,14.15701,13.95999,25.33031,27.32493
2981.73740,-0.48575,-3.46902,80.73981,14.14929,13.93605,25.31487,27.33961
2981.74740,-0.48265,-3.46812,80.76703,14.15979,13.93820,25.32344,27.34561
2981.75740,-0.47133,-3.46484,80.86681,14.19829,13.94605,25.35487,27.36761
2981.76740,-0.47061,-3.46241,80.83637,14.19829,13.94409,25.34131,27.35268
2981.77740,-0.46910,-3.45493,80.71496,14.19053,13.93605,25.29250,27.29588
2981.78740,-0.48038,-3.47467,80.73981,14.12929,13.93605,25.34487,27.32961
2981.79740,-0.48224,-3.47309,80.74689,14.13191,13.94147,25.34225,27.33127
2981.80740,-0.50252,-3.45656,80.82081,14.15894,13.99876,25.31350,27.34962
2981.81740,-0.51787,-3.45491,80.82081,14.15309,14.01045,25.29069,27.36658
2981.82740,-0.52785,-3.45384,80.82081,14.14929,14.01805,25.27587,27.37761
2981.83740,-0.50794,-3.46112,80.78271,14.12975,13.99851,25.31397,27.34048
2981.84740,-0.50726,-3.45948,80.79945,14.14183,13.99805,25.31132,27.34824
2981.85740,-0.50328,-3.44271,80.96051,14.25749,13.99805,25.28177,27.42321
2981.86740,-0.48605,-3.45403,80.82281,14.16929,13.99805,25.33487,27.32061
2981.87740,-0.48939,-3.45487,80.81781,14.16696,13.99567,25.32852,27.32666
2981.88740,-0.51973,-3.46249,80.77231,14.14579,13.97397,25.27085,27.38169
2981.89740,-0.49308,-3.46076,80.76781,14.18829,13.93605,25.27587,27.36761
2981.90740,-0.49308,-3.46076,80.76781,14.18829,13.93605,25.27587,27.36761
2981.91740,-0.50099,-3.46203,80.76781,14.17854,13.94130,25.27087,27.37711
2981.92740,-0.52471,-3.46584,80.76781,14.14929,13.95705,25.25587,27.40561
2981.93740,-0.53357,-3.45104,80.75315,14.16229,13.99139,25.21920,27.38027
2981.94740,-0.54827,-3.42728,80.73412,14.17489,14.05628,25.16991,27.33304
2981.95740,-0.54250,-3.43849,80.75381,14.14929,14.04905,25.21587,27.33961
2981.96740,-0.53734,-3.44573,80.82735,14.16445,14.03389,25.24619,27.38282
2981.97740,-0.53030,-3.46243,80.84745,14.16087,13.98529,25.27270,27.42859
2981.98740,-0.52929,-3.46513,80.84681,14.15929,13.97705,25.27587,27.43461
2981.99740,-0.52419,-3.44523,80.79071,14.17544,14.01190,25.24187,27.36151
2982.00740,-0.52329,-3.44172,80.78081,14.17829,14.01805,25.23587,27.34861
2982.01740,-0.53206,-3.44300,80.79866,14.17064,14.02740,25.23587,27.36476
2982.02740,-0.55860,-3.43423,80.81031,14.16929,14.06390,25.19337,27.38376
2982.03740,-0.56301,-3.43264,80.81181,14.16929,14.07005,25.18587,27.38661
2982.04740,-0.55356,-3.42447,80.89426,14.22709,14.07005,25.18587,27.41126
2982.05740,-0.55190,-3.42303,80.90881,14.23729,14.07005,25.18587,27.41561
2982.06740,-0.55814,-3.41610,80.79491,14.20414,14.08790,25.15187,27.35101
2982.07740,-0.55448,-3.43472,80.70596,14.14814,14.04685,25.17137,27.33961
2982.08740,-0.55363,-3.43822,80.69381,14.13929,14.03905,25.17587,27.33961
2982.09740,-0.57232,-3.41413,80.69551,14.18094,14.08325,25.10022,27.33111
2982.10740,-0.57085,-3.39570,80.69326,14.26394,14.06470,25.01887,27.34576
2982.11740,-0.57001,-3.39320,80.69281,14.27729,14.06005,25.00687,27.34861
2982.12740,-0.56997,-3.39240,80.78281,14.26062,14.11116,25.06742,27.34361
2982.13740,-0.56994,-3.39176,80.85481,14.24729,14.15205,25.11587,27.33961
2982.14740,-0.56659,-3.39124,80.82239,14.24252,14.14729,25.11110,27.32149
2982.15740,-0.55848,-3.38982,80.77953,14.23343,14.14634,25.11444,27.28532
2982.16740,-0.55258,-3.38869,80.76981,14.22829,14.15205,25.12587,27.26361
2982.17740,-0.55968,-3.39176,80.78731,14.22829,14.14732,25.12114,27.29057
2982.18740,-0.56323,-3.38767,80.83307,14.23858,14.16760,25.12651,27.30038
2982.19740,-0.55530,-3.37404,80.88081,14.25729,14.21405,25.14587,27.26361
2982.20740,-0.55554,-3.38535,80.86949,14.28649,14.14075,25.11071,27.33155
2982.21740,-0.55570,-3.39301,80.86181,14.30629,14.09105,25.08687,27.37761
2982.22740,-0.56228,-3.39648,80.88053,14.29074,14.10089,25.09924,27.38966
2982.23740,-0.57342,-3.40234,80.91225,14.26440,14.11755,25.12021,27.41009
2982.24740,-0.59063,-3.38419,80.95481,14.25729,14.20405,25.11587,27.37761
2982.25740,-0.61076,-3.37786,80.96016,14.26917,14.21653,25.06894,27.40553
2982.26740,-0.61903,-3.38075,80.89835,14.26437,14.18931,25.02825,27.41642
2982.27740,-0.61177,-3.39032,80.81181,14.24729,14.14205,25.01687,27.40561
2982.28740,-0.60540,-3.38858,80.82802,14.25519,14.14601,25.02873,27.39810
2982.29740,-0.59566,-3.38592,80.85281,14.26729,14.15205,25.04687,27.38661
2982.30740,-0.60815,-3.39523,80.81559,14.22587,14.14740,25.04687,27.39545
2982.31740,-0.63334,-3.40745,80.77782,14.16052,14.15617,25.04687,27.41426
2982.32740,-0.64628,-3.40927,80.78381,14.13929,14.17305,25.04687,27.42461
2982.33740,-0.62516,-3.40801,80.83209,14.18392,14.14983,25.06508,27.43326
2982.34740,-0.59993,-3.40650,80.88981,14.23729,14.12205,25.08687,27.44361
2982.35740,-0.61866,-3.41556,80.81194,14.18752,14.11238,25.06383,27.44821
2982.36740,-0.64359,-3.41783,80.80627,14.16065,14.12924,25.04141,27.47497
2982.37740,-0.64716,-3.40781,80.90881,14.19829,14.16305,25.04687,27.50061
2982.38740,-0.62475,-3.40724,80.92714,14.22132,14.14848,25.07460,27.48275
2982.39740,-0.61844,-3.40970,80.88812,14.21063,14.13675,25.07814,27.46261
2982.40740,-0.63982,-3.41321,80.82081,14.16929,14.14205,25.04687,27.46261
2982.41740,-0.62955,-3.41745,80.81985,14.17361,14.12237,25.06127,27.46261
2982.42740,-0.61841,-3.42204,80.81881,14.17829,14.10105,25.07687,27.46261
2982.43740,-0.61841,-3.42204,80.81881,14.17829,14.10105,25.07687,27.46261
2982.44740,-0.65444,-3.43195,80.79881,14.11632,14.12093,25.06188,27.49969
2982.45740,-0.62305,-3.42758,80.87781,14.16929,14.11105,25.10587,27.49161
2982.46740,-0.62726,-3.42827,80.88409,14.17387,14.10623,25.09645,27.50754
2982.47740,-0.63177,-3.42762,80.90449,14.19509,14.09445,25.07673,27.53823
2982.48740,-0.61480,-3.42217,80.90581,14.20829,14.10105,25.09587,27.50061
2982.49740,-0.62003,-3.42312,80.90581,14.20155,14.10442,25.09284,27.50700
2982.50740,-0.63032,-3.42499,80.90581,14.18829,14.11105,25.08687,27.51961
2982.51740,-0.63050,-3.42304,80.90649,14.18829,14.11819,25.08687,27.51315
2982.52740,-0.63184,-3.42472,80.95259,14.19165,14.12498,25.10336,27.53259
2982.53740,-0.63381,-3.43546,81.04081,14.19829,14.11105,25.13587,27.59561
2982.54740,-0.63381,-3.43546,81.04081,14.19829,14.11105,25.13587,27.59561
2982.55740,-0.61680,-3.43365,80.96520,14.19829,14.09105,25.13099,27.54487
2982.56740,-0.61351,-3.42205,80.75881,14.18829,14.07005,25.04687,27.45361
2982.57740,-0.60873,-3.42389,80.75266,14.18708,14.06257,25.05399,27.44902
2982.58740,-0.58599,-3.43268,80.72335,14.18133,14.02694,25.08790,27.42718
2982.59740,-0.57393,-3.43734,80.70781,14.17829,14.00805,25.10587,27.41561
2982.60740,-0.57872,-3.43471,80.73573,14.17829,14.02713,25.11052,27.41979
2982.61740,-0.58416,-3.42948,80.75889,14.18767,14.04436,25.10225,27.42461
2982.62740,-0.58409,-3.42699,80.74881,14.19829,14.03905,25.08687,27.42461
2982.63740,-0.56341,-3.42589,80.80290,14.22108,14.03905,25.12898,27.41379
2982.64740,-0.54414,-3.42316,80.94063,14.25729,14.06073,25.19587,27.42674
2982.65740,-0.56157,-3.42587,80.96715,14.23762,14.08005,25.19587,27.45361
2982.66740,-0.59455,-3.41026,80.93081,14.21829,14.14205,25.13587,27.43461
2982.67740,-0.59378,-3.40991,80.92378,14.22116,14.13799,25.13102,27.43362
2982.68740,-0.58516,-3.40488,80.86287,14.25179,14.10384,25.08687,27.42038
2982.69740,-0.56886,-3.38716,80.89381,14.29729,14.13205,25.08687,27.37761
2982.70740,-0.56886,-3.38716,80.89381,14.29729,14.13205,25.08687,27.37761
2982.71740,-0.54607,-3.38288,80.96363,14.29729,14.17181,25.16347,27.33106
2982.72740,-0.54536,-3.38274,80.96581,14.29729,14.17305,25.16587,27.32961
2982.73740,-0.58553,-3.39059,80.80441,14.22046,14.16529,25.08904,27.32961
2982.74740,-0.58358,-3.37315,80.82117,14.28325,14.17025,25.03807,27.32961
2982.75740,-0.57830,-3.36548,80.84581,14.31629,14.17305,25.02687,27.32961
2982.76740,-0.55096,-3.37177,80.74105,14.30659,14.12358,25.03657,27.27432
2982.77740,-0.53759,-3.37241,80.83353,14.31913,14.14132,25.09404,27.27903
2982.78740,-0.53063,-3.37266,80.88681,14.32629,14.15205,25.12587,27.28261
2982.79740,-0.56419,-3.36818,80.84649,14.30193,14.17809,25.06791,27.29857
2982.80740,-0.57059,-3.36733,80.83881,14.29729,14.18305,25.05687,27.30161
2982.81740,-0.56569,-3.36345,80.83834,14.32025,14.17368,25.04281,27.30161
2982.82740,-0.55120,-3.35452,80.83285,14.35766,14.16597,25.02978,27.27944
2982.83740,-0.52946,-3.34353,80.82081,14.38529,14.17305,25.03687,27.22561
2982.84740,-0.53086,-3.36122,80.81088,14.35301,14.13912,25.06169,27.25705
2982.85740,-0.52542,-3.36643,80.75243,14.31262,14.14047,25.08370,27.21564
2982.86740,-0.52435,-3.36671,80.74181,14.30629,14.14205,25.08687,27.20661
2982.87740,-0.50813,-3.35386,80.84849,14.38105,14.15045,25.09443,27.22257
2982.88740,-0.50505,-3.35142,80.86881,14.39529,14.15205,25.09587,27.22561
2982.89740,-0.50217,-3.35553,80.84626,14.38401,14.14078,25.10150,27.21997
2982.90740,-0.50879,-3.36221,80.81826,14.34806,14.14316,25.11142,27.21561
2982.91740,-0.51587,-3.36501,80.80981,14.32629,14.15205,25.11587,27.21561
2982.92740,-0.48995,-3.36110,80.72557,14.35437,14.10813,25.09499,27.16809
2982.93740,-0.50051,-3.37087,80.62999,14.30317,14.09105,25.07981,27.15596
2982.94740,-0.50913,-3.37559,80.60381,14.27729,14.09105,25.07687,27.15861
2982.95740,-0.49006,-3.38040,80.75145,14.32747,14.07578,25.13432,27.21388
2982.96740,-0.48293,-3.38220,80.80681,14.34629,14.07005,25.15587,27.23461
2982.97740,-0.49747,-3.37841,80.83260,14.33902,14.09983,25.14860,27.24514
2982.98740,-0.51736,-3.37322,80.86792,14.32907,14.14063,25.13865,27.25957
2982.99740,-0.51580,-3.37812,80.91837,14.31801,14.15205,25.17725,27.27105
2983.00740,-0.48416,-3.37967,80.88124,14.34271,14.10878,25.19353,27.23622
2983.01740,-0.44222,-3.37999,80.81794,14.37941,14.04867,25.20416,27.18569
2983.02740,-0.43881,-3.38209,80.79726,14.36614,14.04726,25.21368,27.17018
2983.03740,-0.45789,-3.38327,80.82301,14.33629,14.08195,25.22053,27.18424
2983.04740,-0.47003,-3.38154,80.85981,14.33629,14.10105,25.21587,27.20661
2983.05740,-0.45588,-3.37788,80.86049,14.35288,14.09767,25.22603,27.18391
2983.06740,-0.42760,-3.37591,80.89544,14.39119,14.07866,25.25767,27.16793
2983.07740,-0.42715,-3.37949,80.91881,14.39529,14.07005,25.26587,27.18761
2983.08740,-0.44558,-3.36753,80.86866,14.37759,14.11253,25.22457,27.15398
2983.09740,-0.45840,-3.35921,80.83381,14.36529,14.14205,25.19587,27.13061
2983.10740,-0.44956,-3.36407,80.87064,14.37679,14.12633,25.21888,27.14863
2983.11740,-0.43172,-3.37418,80.90309,14.39372,14.08496,25.25118,27.17323
2983.12740,-0.41191,-3.38676,80.75881,14.38529,13.99805,25.22587,27.14961
2983.13740,-0.42921,-3.37558,80.74729,14.37137,14.04749,25.20187,27.12657
2983.14740,-0.45211,-3.37534,80.79961,14.34189,14.09625,25.21427,27.14721
2983.15740,-0.45659,-3.38817,80.86981,14.32629,14.09105,25.25587,27.19661
2983.16740,-0.44232,-3.37726,80.87061,14.36526,14.09105,25.24393,27.17036
2983.17740,-0.42070,-3.36074,80.87181,14.42429,14.09105,25.22587,27.13061
2983.18740,-0.42070,-3.36074,80.87181,14.42429,14.09105,25.22587,27.13061
2983.19740,-0.46208,-3.38047,80.81643,14.31282,14.11306,25.23297,27.15759
2983.20740,-0.43045,-3.37375,80.95181,14.37529,14.12205,25.29587,27.15861
2983.21740,-0.43650,-3.37550,80.88986,14.35114,14.11820,25.27837,27.14216
2983.22740,-0.44437,-3.38499,80.79734,14.30975,14.09338,25.25973,27.13448
2983.23740,-0.43801,-3.39676,80.83981,14.31629,14.06005,25.28587,27.17761
2983.24740,-0.45233,-3.39048,80.83114,14.31319,14.08235,25.25799,27.17761
2983.25740,-0.48424,-3.37649,80.81181,14.30629,14.13205,25.19587,27.17761
2983.26740,-0.48424,-3.37649,80.81181,14.30629,14.13205,25.19587,27.17761
2983.27740,-0.44360,-3.37694,80.81412,14.32168,14.11589,25.25745,27.11910
2983.28740,-0.41847,-3.37702,80.78581,14.33629,14.09105,25.27587,27.08261
2983.29740,-0.41479,-3.38096,80.76733,14.33629,14.07059,25.27367,27.08679
2983.30740,-0.40912,-3.38824,80.71193,14.33629,14.02533,25.25707,27.09325
2983.31740,-0.43529,-3.36449,80.74781,14.33629,14.12205,25.22587,27.06361
2983.32740,-0.43529,-3.36449,80.74781,14.33629,14.12205,25.22587,27.06361
2983.33740,-0.40132,-3.37486,80.84081,14.40529,14.04905,25.26587,27.12061
2983.34740,-0.40289,-3.37625,80.82644,14.39754,14.04681,25.26362,27.11847
2983.35740,-0.41040,-3.38289,80.75799,14.36064,14.03611,25.25293,27.10831
2983.36740,-0.41870,-3.37869,80.74836,14.35135,14.05687,25.24200,27.09813
2983.37740,-0.42400,-3.36508,80.80481,14.37529,14.10105,25.23587,27.09261
2983.38740,-0.40127,-3.36431,80.79709,14.38494,14.09140,25.26483,27.05592
2983.39740,-0.41177,-3.38322,80.83981,14.37529,14.04905,25.27587,27.13961
2983.40740,-0.40994,-3.38329,80.83288,14.37439,14.04725,25.27677,27.13448
2983.41740,-0.39152,-3.38405,80.76281,14.36529,14.02905,25.28587,27.08261
2983.42740,-0.39228,-3.38404,80.76220,14.36422,14.02994,25.28521,27.08282
2983.43740,-0.42376,-3.38267,80.74861,14.32419,14.07005,25.25987,27.09451
2983.44740,-0.39902,-3.37493,80.87281,14.39529,14.07005,25.29587,27.11161
2983.45740,-0.39933,-3.37493,80.86988,14.39327,14.07106,25.29587,27.10969
2983.46740,-0.40180,-3.37561,80.84265,14.37529,14.07704,25.29587,27.09446
2983.47740,-0.39901,-3.38229,80.83203,14.37529,14.04960,25.29587,27.11127
2983.48740,-0.39628,-3.38865,80.84161,14.35667,14.04905,25.32429,27.11161
2983.49740,-0.38882,-3.39694,80.81367,14.32718,14.03935,25.35398,27.09317
2983.50740,-0.38860,-3.39719,80.81281,14.32629,14.03905,25.35487,27.09261
2983.51740,-0.39668,-3.38416,80.82359,14.35568,14.05963,25.31567,27.09261
2983.52740,-0.42038,-3.39160,80.79665,14.28934,14.09013,25.32457,27.09261
2983.53740,-0.42110,-3.39184,80.79581,14.28729,14.09105,25.32487,27.09261
2983.54740,-0.38210,-3.39057,80.74440,14.34452,14.02024,25.31517,27.06448
2983.55740,-0.38089,-3.39053,80.74281,14.34629,14.01805,25.31487,27.06361
2983.56740,-0.37940,-3.39058,80.76351,14.33982,14.03163,25.33427,27.05779
2983.57740,-0.36395,-3.39462,80.70651,14.33002,14.00709,25.34487,27.02453
2983.58740,-0.35522,-3.39702,80.66581,14.32629,13.98805,25.34487,27.00661
2983.59740,-0.40315,-3.38558,80.72687,14.30909,14.06717,25.30273,27.04789
2983.60740,-0.38228,-3.39304,80.80131,14.34929,14.02673,25.33801,27.08729
2983.61740,-0.37762,-3.39455,80.81181,14.35629,14.01805,25.34487,27.09261
2983.62740,-0.38104,-3.37704,80.85771,14.36394,14.08860,25.35337,27.05181
2983.63740,-0.38165,-3.37396,80.86581,14.36529,14.10105,25.35487,27.04461
2983.64740,-0.37862,-3.37709,80.86694,14.35458,14.10105,25.37178,27.03953
2983.65740,-0.37327,-3.38103,80.83338,14.35193,14.07791,25.36793,27.03561
2983.66740,-0.37094,-3.38220,80.80681,14.35629,14.06005,25.35487,27.03561
2983.67740,-0.38276,-3.37600,80.76489,14.34906,14.07451,25.31945,27.02187
2983.68740,-0.36907,-3.39810,80.76609,14.32469,14.02101,25.36995,27.05045
2983.69740,-0.36198,-3.40762,80.77281,14.31629,13.99805,25.39487,27.06361
2983.70740,-0.36198,-3.40762,80.77281,14.31629,13.99805,25.39487,27.06361
2983.71740,-0.36497,-3.38448,80.88381,14.37529,14.06005,25.38487,27.06361
2983.72740,-0.37724,-3.39677,80.82481,14.32927,14.04176,25.37897,27.07482
2983.73740,-0.37899,-3.39664,80.77241,14.32403,14.02905,25.35520,27.06412
2983.74740,-0.36850,-3.38325,80.75481,14.36529,14.02905,25.32487,27.03561
2983.75740,-0.36151,-3.39212,80.81265,14.35419,14.02905,25.37744,27.05196
2983.76740,-0.38925,-3.39157,80.90589,14.35221,14.06575,25.37344,27.11450
2983.77740,-0.41178,-3.38684,80.94181,14.35629,14.09105,25.34487,27.14961
2983.78740,-0.40778,-3.38762,80.92840,14.35629,14.08358,25.34577,27.14277
2983.79740,-0.36725,-3.39549,80.79281,14.35629,14.00805,25.35487,27.07361
2983.80740,-0.36636,-3.39649,80.79995,14.35422,14.00909,25.36211,27.07454
2983.81740,-0.36122,-3.40578,80.84649,14.33876,14.00792,25.41004,27.08978
2983.82740,-0.36910,-3.40775,80.79981,14.34629,13.97705,25.36487,27.11161
2983.83740,-0.37050,-3.40333,80.81310,14.33847,14.00519,25.37659,27.09285
2983.84740,-0.37785,-3.39922,80.83549,14.34265,14.02346,25.36969,27.09970
2983.85740,-0.38499,-3.40305,80.83781,14.36529,13.98805,25.33487,27.14961
2983.86740,-0.38297,-3.39089,80.80313,14.37889,14.00539,25.30801,27.11085
2983.87740,-0.37904,-3.36725,80.73581,14.40529,14.03905,25.25587,27.03561
2983.88740,-0.38520,-3.38288,80.73890,14.35102,14.03905,25.30017,27.04866
2983.89740,-0.38904,-3.41125,80.77021,14.28384,14.01675,25.37557,27.09405
2983.90740,-0.37139,-3.40788,80.82681,14.36529,13.96705,25.35487,27.13961
2983.91740,-0.37158,-3.40533,80.81967,14.36345,13.97542,25.35283,27.12797
2983.92740,-0.38396,-3.39782,80.81826,14.34095,14.02405,25.35153,27.10172
2983.93740,-0.42452,-3.40632,80.91081,14.28729,14.08005,25.37487,27.16861
2983.94740,-0.42359,-3.40664,80.87618,14.28293,14.07112,25.36398,27.15815
2983.95740,-0.42026,-3.40780,80.75181,14.26729,14.03905,25.32487,27.12061
2983.96740,-0.42232,-3.41333,80.75115,14.25871,14.02783,25.32927,27.13535
2983.97740,-0.43088,-3.42610,80.77570,14.24362,14.00628,25.34042,27.18538
2983.98740,-0.43517,-3.40226,80.86981,14.29729,14.07005,25.32487,27.17761
2983.99740,-0.43181,-3.40580,80.87083,14.29729,14.05786,25.33164,27.18404
2984.00740,-0.41581,-3.42265,80.87567,14.29729,13.99980,25.36390,27.21469
2984.01740,-0.44509,-3.42481,80.86681,14.23729,14.04905,25.36487,27.21561
2984.02740,-0.44388,-3.42582,80.86402,14.23729,14.04446,25.36577,27.21651
2984.03740,-0.43160,-3.43613,80.83581,14.23729,13.99805,25.37487,27.22561
2984.04740,-0.43219,-3.43523,80.84724,14.24269,13.99985,25.37397,27.23074
2984.05740,-0.43868,-3.42799,80.95399,14.28928,14.01625,25.36757,27.28090
2984.06740,-0.44403,-3.44716,80.86481,14.20829,13.99805,25.39487,27.26361
2984.07740,-0.44403,-3.44716,80.86481,14.20829,13.99805,25.39487,27.26361
2984.08740,-0.44591,-3.44519,80.86481,14.20829,14.00505,25.39137,27.26011
2984.09740,-0.44053,-3.45051,80.87391,14.20479,13.99285,25.40937,27.26691
2984.10740,-0.42408,-3.46720,80.89081,14.19829,13.94605,25.45487,27.29161
2984.11740,-0.43476,-3.46746,80.92443,14.19829,13.95680,25.45140,27.31794
2984.12740,-0.45485,-3.46797,80.98781,14.19829,13.97705,25.44487,27.36761
2984.13740,-0.50000,-3.47272,80.92691,14.17925,13.95802,25.34971,27.43993
2984.14740,-0.48572,-3.47670,80.92700,14.15340,13.96982,25.40230,27.40149
2984.15740,-0.47632,-3.47881,80.92881,14.13929,13.97705,25.43487,27.37761
2984.16740,-0.46025,-3.48222,80.93292,14.18777,13.91789,25.41843,27.40883
2984.17740,-0.45937,-3.49185,80.86165,14.14991,13.89685,25.42307,27.39183
2984.18740,-0.45994,-3.49380,80.84581,14.13929,13.89505,25.42487,27.38661
2984.19740,-0.44174,-3.48930,80.89748,14.16469,13.90352,25.45874,27.37051
2984.20740,-0.43845,-3.48849,80.90681,14.16929,13.90505,25.46487,27.36761
2984.21740,-0.45459,-3.50073,80.81878,14.12292,13.87750,25.43799,27.38037
2984.22740,-0.47760,-3.48313,80.83210,14.14030,13.92712,25.38418,27.38050
2984.23740,-0.48476,-3.47195,80.85881,14.15929,13.95705,25.36487,27.37761
2984.24740,-0.48887,-3.47781,80.81705,14.11681,13.96425,25.37927,27.35673
2984.25740,-0.49624,-3.46553,80.83465,14.15645,13.97425,25.33447,27.36949
2984.26740,-0.49849,-3.45987,80.84781,14.17829,13.97705,25.31487,27.37761
2984.27740,-0.51569,-3.46616,80.76964,14.14315,13.96271,25.27973,27.38406
2984.28740,-0.52249,-3.46864,80.73881,14.12929,13.95705,25.26587,27.38661
2984.29740,-0.49596,-3.46286,80.78345,14.15089,13.97145,25.31555,27.34557
2984.30740,-0.50243,-3.44796,80.83574,14.20135,13.99202,25.27855,27.36382
2984.31740,-0.50919,-3.44287,80.84981,14.21829,13.99805,25.25587,27.37761
2984.32740,-0.50861,-3.43867,80.78861,14.18949,14.02037,25.25587,27.32289
2984.33740,-0.50889,-3.44915,80.80582,14.15492,14.02381,25.29830,27.32879
2984.34740,-0.50945,-3.46243,80.85081,14.12929,14.01805,25.34487,27.35861
2984.35740,-0.50371,-3.44443,80.81693,14.18128,14.01805,25.28703,27.33057
2984.36740,-0.49963,-3.43161,80.79281,14.21829,14.01805,25.24587,27.31061
2984.37740,-0.50882,-3.44242,80.76855,14.18929,14.00030,25.24587,27.33310
2984.38740,-0.47678,-3.43884,80.82381,14.24009,13.98145,25.28187,27.32041
2984.39740,-0.45122,-3.43150,80.87181,14.28729,13.97705,25.30587,27.30161
2984.40740,-0.47076,-3.43230,80.84886,14.25165,14.00182,25.29379,27.30161
2984.41740,-0.48358,-3.43283,80.83381,14.22829,14.01805,25.28587,27.30161
2984.42740,-0.48358,-3.43283,80.83381,14.22829,14.01805,25.28587,27.30161
2984.43740,-0.50030,-3.44661,80.81077,14.18581,14.00365,25.28587,27.33545
2984.44740,-0.47499,-3.44484,80.84436,14.19301,14.01442,25.34232,27.29461
2984.45740,-0.46792,-3.44326,80.85381,14.19829,14.01805,25.35487,27.28261
2984.46740,-0.46232,-3.45042,80.75589,14.20789,13.94893,25.30783,27.29125
2984.47740,-0.49578,-3.43763,80.93981,14.23729,14.02905,25.30587,27.36761
2984.48740,-0.48866,-3.43845,80.93305,14.23830,14.02279,25.31486,27.35710
2984.49740,-0.42525,-3.44570,80.87281,14.24729,13.96705,25.39487,27.26361
2984.50740,-0.42968,-3.44582,80.87776,14.24244,13.97319,25.39388,27.26826
2984.51740,-0.46732,-3.44740,80.92667,14.20420,14.02288,25.38572,27.31386
2984.52740,-0.43946,-3.45221,80.96781,14.26729,13.95705,25.39487,27.34861
2984.53740,-0.44487,-3.44779,80.95381,14.26517,13.96999,25.38002,27.33864
2984.54740,-0.46150,-3.43262,80.90203,14.25289,14.01805,25.33587,27.29523
2984.55740,-0.44918,-3.43709,80.90281,14.23729,14.01805,25.37487,27.27261
2984.56740,-0.44965,-3.43965,80.89522,14.23959,14.00402,25.36797,27.28365
2984.57740,-0.44427,-3.44772,80.90431,14.25649,13.96165,25.36557,27.32061
2984.58740,-0.42100,-3.44606,81.01981,14.28729,13.97705,25.43487,27.32061
2984.59740,-0.42963,-3.45004,80.97527,14.26417,13.97048,25.42002,27.32061
2984.60740,-0.46175,-3.46489,80.80981,14.17829,13.94605,25.36487,27.32061
2984.61740,-0.46246,-3.46589,80.81564,14.17829,13.94452,25.36640,27.32643
2984.62740,-0.46552,-3.47026,80.84097,14.17829,13.93785,25.37307,27.35177
2984.63740,-0.45003,-3.47897,80.92471,14.17829,13.93605,25.44300,27.36737
2984.64740,-0.44571,-3.47809,80.92431,14.18129,13.93605,25.44787,27.35911
2984.65740,-0.41319,-3.46901,80.90641,14.20829,13.93505,25.47287,27.29021
2984.66740,-0.43395,-3.47578,80.94681,14.20729,13.92605,25.45487,27.35861
2984.67740,-0.43789,-3.48022,80.93141,14.19239,13.91985,25.45487,27.36431
2984.68740,-0.45121,-3.50528,80.87381,14.13929,13.86405,25.45487,27.41561
2984.69740,-0.45501,-3.50379,80.88187,14.13613,13.87527,25.45487,27.41561
2984.70740,-0.47942,-3.49397,80.93841,14.11319,13.95265,25.45987,27.41271
2984.71740,-0.41919,-3.51489,80.85381,14.13929,13.82305,25.50487,27.38661
2984.72740,-0.42347,-3.51365,80.86352,14.13929,13.83082,25.50163,27.39178
2984.73740,-0.45885,-3.50337,80.94381,14.13929,13.89505,25.47487,27.43461
2984.74740,-0.45800,-3.50466,80.93949,14.13755,13.89073,25.47607,27.43515
2984.75740,-0.44864,-3.51895,80.89149,14.11821,13.84273,25.48940,27.44115
2984.76740,-0.49083,-3.53421,80.97108,14.06346,13.87082,25.50423,27.53257
2984.77740,-0.49394,-3.53485,80.97781,14.06029,13.87405,25.50487,27.53861
2984.78740,-0.49163,-3.53489,80.94989,14.06494,13.85963,25.49091,27.53442
2984.79740,-0.50453,-3.53612,80.87023,14.05495,13.83777,25.43786,27.53965
2984.80740,-0.51843,-3.53717,80.82781,14.04129,13.83305,25.40487,27.54861
2984.81740,-0.52430,-3.54098,80.86699,14.03313,13.84121,25.42119,27.57146
2984.82740,-0.52562,-3.54184,80.87581,14.03129,13.84305,25.42487,27.57661
2984.83740,-0.52562,-3.54184,80.87581,14.03129,13.84305,25.42487,27.57661
2984.84740,-0.50659,-3.52447,81.02197,14.08981,13.89665,25.47327,27.56225
2984.85740,-0.49892,-3.52069,81.03781,14.11029,13.89505,25.47487,27.55761
2984.86740,-0.50966,-3.52233,81.07897,14.10189,13.91185,25.48327,27.58197
2984.87740,-0.49426,-3.53998,80.96837,14.07509,13.83777,25.48487,27.57065
2984.88740,-0.49093,-3.54329,80.94581,14.07029,13.82305,25.48487,27.56761
2984.89740,-0.51053,-3.52828,80.97460,14.09287,13.86370,25.43971,27.57833
2984.90740,-0.52564,-3.51671,80.99681,14.11029,13.89505,25.40487,27.58661
2984.91740,-0.50504,-3.52438,80.85811,14.09569,13.83446,25.39027,27.53770
2984.92740,-0.49933,-3.52101,80.87397,14.10489,13.84271,25.39947,27.52691
2984.93740,-0.50005,-3.51871,80.89881,14.11029,13.85405,25.40487,27.52961
2984.94740,-0.52778,-3.51833,80.81048,14.08109,13.85405,25.33917,27.53618
2984.95740,-0.50044,-3.50842,80.78215,14.09920,13.86128,25.35823,27.46344
2984.96740,-0.48602,-3.50467,80.78381,14.11029,13.86405,25.37487,27.43461
2984.97740,-0.48946,-3.50795,80.79694,14.10674,13.86050,25.37842,27.45128
2984.98740,-0.49571,-3.51393,80.82081,14.10029,13.85405,25.38487,27.48161
2984.99740,-0.49385,-3.50624,80.84545,14.11578,13.87432,25.38487,27.47048
2985.00740,-0.50113,-3.49810,80.87840,14.12711,13.90329,25.37604,27.47196
2985.01740,-0.54823,-3.51443,80.85781,14.07029,13.89505,25.33487,27.55761
2985.02740,-0.54292,-3.50890,80.80117,14.06439,13.90095,25.32307,27.51277
2985.03740,-0.54183,-3.50555,80.82140,14.05498,13.92924,25.34437,27.49282
2985.04740,-0.54364,-3.50590,80.86281,14.05129,13.94605,25.36487,27.50061
2985.05740,-0.54364,-3.50590,80.86281,14.05129,13.94605,25.36487,27.50061
2985.06740,-0.52930,-3.50453,80.92681,14.12929,13.89505,25.34487,27.55761
2985.07740,-0.53487,-3.51164,80.91640,14.10045,13.89505,25.35822,27.56268
2985.08740,-0.54673,-3.52678,80.89424,14.03908,13.89505,25.38663,27.57348
2985.09740,-0.52904,-3.50480,80.86367,14.08448,13.91706,25.35937,27.50277
2985.10740,-0.52041,-3.49402,80.85381,14.11029,13.92605,25.34487,27.47261
2985.11740,-0.51435,-3.50883,80.81603,14.08890,13.88186,25.35912,27.48615
2985.12740,-0.53307,-3.52383,80.71981,14.04129,13.84305,25.32487,27.51061
2985.13740,-0.53199,-3.52019,80.78944,14.05086,13.87044,25.35127,27.51688
2985.14740,-0.52981,-3.51281,80.93081,14.07029,13.92605,25.40487,27.52961
2985.15740,-0.51572,-3.51052,80.90348,14.09662,13.89839,25.39153,27.51694
2985.16740,-0.49815,-3.51432,80.84915,14.10917,13.85359,25.38527,27.50113
2985.17740,-0.51883,-3.53057,80.84981,14.03129,13.87405,25.42487,27.51961
2985.18740,-0.51370,-3.52907,80.86400,14.03459,13.88098,25.43807,27.51037
2985.19740,-0.50673,-3.52847,80.89158,14.04304,13.88417,25.45609,27.50828
2985.20740,-0.51715,-3.53591,80.88786,14.04836,13.85119,25.42949,27.55881
2985.21740,-0.52288,-3.53999,80.88581,14.05129,13.83305,25.41487,27.58661
2985.22740,-0.46527,-3.51649,80.98881,14.13929,13.86405,25.48487,27.50061
2985.23740,-0.47187,-3.51564,80.98065,14.13521,13.86834,25.47262,27.50448
2985.24740,-0.49933,-3.51128,80.95143,14.11733,13.89159,25.42487,27.51765
2985.25740,-0.50555,-3.50757,80.96081,14.11029,13.91505,25.42487,27.51061
2985.26740,-0.49885,-3.51061,80.92203,14.10814,13.89298,25.42058,27.50032
2985.27740,-0.47425,-3.52178,80.77981,14.10029,13.81205,25.40487,27.46261
2985.28740,-0.47659,-3.52334,80.75839,14.09604,13.80336,25.39426,27.46473
2985.29740,-0.48944,-3.52685,80.70807,14.07589,13.79371,25.36587,27.47261
2985.30740,-0.50407,-3.51869,80.81181,14.06029,13.87405,25.40487,27.47261
2985.31740,-0.50212,-3.51848,80.82237,14.06909,13.86965,25.40487,27.47877
2985.32740,-0.49928,-3.51831,80.86641,14.09369,13.86087,25.40707,27.50479
2985.33740,-0.51375,-3.52037,80.88981,14.07029,13.88505,25.41487,27.51961
2985.34740,-0.51507,-3.51865,80.88544,14.07029,13.88965,25.41027,27.51524
2985.35740,-0.51949,-3.51288,80.87081,14.07029,13.90505,25.39487,27.50061
2985.36740,-0.52211,-3.51232,80.85444,14.06845,13.90321,25.38383,27.49895
2985.37740,-0.53351,-3.50988,80.78324,14.06045,13.89521,25.33583,27.49175
2985.38740,-0.52668,-3.51756,80.91881,14.07029,13.90505,25.40487,27.53861
2985.39740,-0.52558,-3.51640,80.91462,14.07297,13.90505,25.40219,27.53441
2985.40740,-0.51462,-3.50475,80.87265,14.09975,13.90505,25.37540,27.49245
2985.41740,-0.51975,-3.51654,80.78981,14.07029,13.86405,25.35487,27.50061
2985.42740,-0.51999,-3.51432,80.80168,14.07780,13.86852,25.35269,27.50268
2985.43740,-0.52199,-3.49616,80.89881,14.13929,13.90505,25.33487,27.51961
2985.44740,-0.52013,-3.49667,80.89551,14.13695,13.90445,25.33907,27.51505
2985.45740,-0.49949,-3.50230,80.85885,14.11095,13.89779,25.38573,27.46438
2985.46740,-0.49273,-3.52400,80.85037,14.06283,13.86602,25.44233,27.47919
2985.47740,-0.49285,-3.52531,80.85081,14.06029,13.86405,25.44487,27.48161
2985.48740,-0.52329,-3.52324,80.78454,14.05292,13.85587,25.36305,27.51270
2985.49740,-0.53006,-3.52278,80.76981,14.05129,13.85405,25.34487,27.51961
2985.50740,-0.50471,-3.52230,80.79018,14.06002,13.85405,25.39337,27.48275
2985.51740,-0.53118,-3.52468,80.87714,14.04186,13.89382,25.40457,27.53690
2985.52740,-0.53202,-3.52475,80.87981,14.04129,13.89505,25.40487,27.53861
2985.53740,-0.52548,-3.49691,80.89781,14.09979,13.94155,25.36737,27.48911
2985.54740,-0.50227,-3.49593,80.90478,14.11056,13.93668,25.40337,27.45418
2985.55740,-0.50162,-3.49619,80.90481,14.11029,13.93605,25.40487,27.45361
2985.56740,-0.50323,-3.49137,80.86748,14.12532,13.92516,25.36857,27.44842
2985.57740,-0.50474,-3.48689,80.83281,14.13929,13.91505,25.33487,27.44361
2985.58740,-0.50126,-3.48766,80.82609,14.13629,13.91298,25.34107,27.43574
2985.59740,-0.47416,-3.49338,80.79041,14.11564,13.90100,25.39487,27.37890
2985.60740,-0.47624,-3.49271,80.80581,14.11929,13.90505,25.39487,27.38661
2985.61740,-0.48313,-3.49017,80.78229,14.11173,13.91345,25.37807,27.37905
2985.62740,-0.48010,-3.48813,80.75952,14.13441,13.89010,25.34992,27.38509
2985.63740,-0.47922,-3.48781,80.75581,14.13929,13.88505,25.34487,27.38661
2985.64740,-0.48432,-3.49188,80.79737,14.13929,13.88505,25.35566,27.41737
2985.65740,-0.48867,-3.49535,80.83281,14.13929,13.88505,25.36487,27.44361
2985.66740,-0.48083,-3.49886,80.84625,14.13929,13.87728,25.38608,27.44361
2985.67740,-0.50190,-3.48814,80.91571,14.15349,13.92517,25.36647,27.47059
2985.68740,-0.51182,-3.48318,80.94181,14.15929,13.94605,25.35487,27.48161
2985.69740,-0.50979,-3.49367,80.90526,14.14523,13.91020,25.35487,27.49496
2985.70740,-0.50329,-3.50532,80.88416,14.11171,13.89505,25.39022,27.48717
2985.71740,-0.50095,-3.50832,80.88181,14.10029,13.89505,25.40487,27.48161
2985.72740,-0.50095,-3.50832,80.88181,14.10029,13.89505,25.40487,27.48161
2985.73740,-0.49064,-3.49743,80.84065,14.13305,13.88665,25.37127,27.44969
2985.74740,-0.48867,-3.49535,80.83281,14.13929,13.88505,25.36487,27.44361
2985.75740,-0.50064,-3.52125,80.77348,14.04462,13.86739,25.40820,27.45327
2985.76740,-0.50507,-3.51546,80.69481,14.05129,13.85405,25.35487,27.43461
2985.77740,-0.50523,-3.50462,80.71801,14.07971,13.87203,25.33747,27.42881
2985.78740,-0.50521,-3.50232,80.75801,14.08289,13.89085,25.35387,27.43041
2985.79740,-0.50510,-3.50633,80.77481,14.07029,13.89505,25.37487,27.43461
2985.80740,-0.50236,-3.50209,80.81147,14.09332,13.89975,25.37487,27.44354
2985.81740,-0.49926,-3.49731,80.85281,14.11929,13.90505,25.37487,27.45361
2985.82740,-0.49926,-3.49731,80.85281,14.11929,13.90505,25.37487,27.45361
2985.83740,-0.51099,-3.49095,80.92662,14.12322,13.94927,25.38507,27.46907
2985.84740,-0.55331,-3.47775,80.89781,14.07029,14.03905,25.34487,27.44361
2985.85740,-0.54786,-3.48288,80.86993,14.07029,14.01117,25.34147,27.44701
2985.86740,-0.53551,-3.48759,80.81377,14.08819,13.95705,25.31923,27.44930
2985.87740,-0.53037,-3.47214,80.80777,14.14086,13.95705,25.27323,27.43663
2985.88740,-0.53046,-3.47399,80.81458,14.13900,13.95474,25.27826,27.44259
2985.89740,-0.53386,-3.49022,80.84381,14.10029,13.94605,25.32487,27.47261
2985.90740,-0.53320,-3.48842,80.83734,14.10130,13.94919,25.32193,27.46492
2985.91740,-0.53067,-3.47242,80.82082,14.11817,13.98332,25.30173,27.41762
2985.92740,-0.54391,-3.47255,80.98281,14.14929,14.00805,25.32487,27.50061
2985.93740,-0.54391,-3.47255,80.98281,14.14929,14.00805,25.32487,27.50061
2985.94740,-0.56272,-3.48392,80.74891,14.07659,13.95915,25.24847,27.46471
2985.95740,-0.54731,-3.48352,80.83581,14.10029,13.96705,25.29587,27.47261
2985.96740,-0.55741,-3.47868,80.82536,14.10029,13.98056,25.27191,27.47261
2985.97740,-0.59372,-3.46132,80.78781,14.10029,14.02905,25.18587,27.47261
2985.98740,-0.58862,-3.46123,80.78508,14.11058,14.01813,25.18377,27.47261
2985.99740,-0.56734,-3.46545,80.77875,14.13447,13.97705,25.19649,27.47073
2986.00740,-0.55830,-3.48524,80.79581,14.07029,13.97705,25.28587,27.46261
2986.01740,-0.56221,-3.48082,80.81917,14.08293,13.98820,25.27730,27.47075
2986.02740,-0.57322,-3.46805,80.88658,14.12241,14.01741,25.25007,27.49668
2986.03740,-0.55875,-3.48298,80.80731,14.09254,13.96680,25.26837,27.47961
2986.04740,-0.55465,-3.48748,80.78727,14.08656,13.94987,25.27223,27.47861
2986.05740,-0.57301,-3.47123,80.91181,14.14929,13.98805,25.23587,27.53861
2986.06740,-0.57236,-3.47222,80.89840,14.14578,13.98337,25.23407,27.53519
2986.07740,-0.56372,-3.48290,80.75867,14.10669,13.93605,25.22127,27.49467
2986.08740,-0.54302,-3.48908,80.71681,14.07029,13.93605,25.27587,27.43461
2986.09740,-0.54650,-3.48754,80.72995,14.07470,13.94163,25.27137,27.44226
2986.10740,-0.58460,-3.47357,80.85803,14.11228,13.99805,25.22507,27.52263
2986.11740,-0.61723,-3.49034,80.80494,14.03440,13.99805,25.21622,27.55626
2986.12740,-0.61853,-3.49101,80.80281,14.03129,13.99805,25.21587,27.55761
2986.13740,-0.57771,-3.47650,80.90073,14.09753,14.01725,25.27347,27.51249
2986.14740,-0.57601,-3.47590,80.90481,14.10029,14.01805,25.27587,27.51061
2986.15740,-0.57803,-3.48151,80.65809,14.05325,13.95949,25.19907,27.44629
2986.16740,-0.56374,-3.48256,80.78605,14.11657,13.93689,25.22467,27.50793
2986.17740,-0.56315,-3.48259,80.79181,14.11929,13.93605,25.22587,27.51061
2986.18740,-0.55587,-3.46303,80.84075,14.17590,13.96580,25.20667,27.49237
2986.19740,-0.55556,-3.46220,80.84281,14.17829,13.96705,25.20587,27.49161
2986.20740,-0.53800,-3.48018,80.77753,14.12165,13.93729,25.26347,27.45513
2986.21740,-0.56944,-3.46302,80.89811,14.13811,14.02358,25.24704,27.48937
2986.22740,-0.57145,-3.46190,80.90581,14.13929,14.02905,25.24587,27.49161
2986.23740,-0.56208,-3.47683,80.75476,14.09274,13.97015,25.23637,27.45551
2986.24740,-0.56046,-3.44344,80.76025,14.15650,14.02655,25.17829,27.39891
2986.25740,-0.56041,-3.44200,80.76081,14.15929,14.02905,25.17587,27.39661
2986.26740,-0.55823,-3.44272,80.76615,14.16595,14.02172,25.17587,27.40261
2986.27740,-0.55714,-3.44308,80.76881,14.16929,14.01805,25.17587,27.40561
2986.28740,-0.55882,-3.42670,80.71363,14.18768,14.03838,25.12746,27.36011
2986.29740,-0.57748,-3.42736,80.74174,14.17848,14.05505,25.11555,27.39266
2986.30740,-0.59493,-3.42850,80.76981,14.16929,14.07005,25.10587,27.42461
2986.31740,-0.59024,-3.42763,80.78119,14.17632,14.07005,25.11311,27.42171
2986.32740,-0.54961,-3.42506,80.84354,14.23164,14.04567,25.16397,27.40226
2986.33740,-0.54944,-3.43663,80.75781,14.21829,13.98805,25.13587,27.41561
2986.34740,-0.57994,-3.42974,80.66856,14.15964,14.03990,25.09422,27.37481
2986.35740,-0.58532,-3.42852,80.65281,14.14929,14.04905,25.08687,27.36761
2986.36740,-0.58042,-3.43106,80.70041,14.17394,14.03205,25.09452,27.39991
2986.37740,-0.57549,-3.43208,80.76759,14.18281,14.04307,25.12752,27.41420
2986.38740,-0.57073,-3.43274,80.83674,14.18813,14.05956,25.16475,27.42430
2986.39740,-0.57059,-3.43276,80.83881,14.18829,14.06005,25.16587,27.42461
2986.40740,-0.58534,-3.43441,80.82661,14.18829,14.04995,25.13238,27.45599
2986.41740,-0.57897,-3.43950,80.85895,14.20243,14.02905,25.14587,27.48161
2986.42740,-0.57096,-3.43969,80.91025,14.21397,14.03473,25.17427,27.48729
2986.43740,-0.56609,-3.44066,80.94481,14.21829,14.03905,25.19587,27.49161
2986.44740,-0.56546,-3.45421,80.81029,14.15988,14.00247,25.18997,27.45798
2986.45740,-0.58587,-3.46844,80.78584,14.10808,13.99534,25.19177,27.49066
2986.46740,-0.60035,-3.47176,80.83381,14.10029,14.00805,25.19587,27.52961
2986.47740,-0.60348,-3.46452,80.84461,14.12369,14.01405,25.17187,27.53501
2986.48740,-0.60557,-3.45970,80.85181,14.13929,14.01805,25.15587,27.53861
2986.49740,-0.60728,-3.46182,80.85961,14.12189,14.03065,25.17387,27.53321
2986.50740,-0.60270,-3.46152,80.79221,14.12169,14.00845,25.14987,27.51221
2986.51740,-0.59887,-3.46038,80.74381,14.12929,13.98805,25.12587,27.50061
2986.52740,-0.59937,-3.45305,80.72101,14.13529,14.00005,25.10787,27.47781
2986.53740,-0.61535,-3.45616,80.74709,14.12057,14.01285,25.10547,27.50821
2986.54740,-0.63228,-3.46481,80.79181,14.10029,14.01805,25.11587,27.55761
2986.55740,-0.62224,-3.45556,80.79277,14.13341,14.01805,25.10195,27.53937
2986.56740,-0.61137,-3.44554,80.79381,14.16929,14.01805,25.08687,27.51961
2986.57740,-0.62515,-3.45556,80.78812,14.13178,14.01805,25.09589,27.54239
2986.58740,-0.60832,-3.46928,80.80581,14.11861,13.98877,25.14907,27.54937
2986.59740,-0.57358,-3.47212,80.83181,14.14929,13.95705,25.19587,27.52961
2986.60740,-0.60392,-3.47305,80.77431,14.12125,13.96181,25.13931,27.55194
2986.61740,-0.63695,-3.47137,80.69812,14.07619,13.98632,25.08580,27.54982
2986.62740,-0.63635,-3.46832,80.68381,14.06029,14.00805,25.09587,27.51961
2986.63740,-0.63635,-3.46832,80.68381,14.06029,14.00805,25.09587,27.51961
2986.64740,-0.65626,-3.45419,80.83487,14.10293,14.06804,25.08936,27.57454
2986.65740,-0.66388,-3.44879,80.89281,14.11929,14.09105,25.08687,27.59561
2986.66740,-0.65674,-3.45070,80.80798,14.11287,14.06111,25.06548,27.56852
2986.67740,-0.64500,-3.44153,80.75302,14.14543,14.04188,25.02818,27.53753
2986.68740,-0.64150,-3.43760,80.74481,14.15929,14.03905,25.01687,27.52961
2986.69740,-0.63628,-3.42458,80.85944,14.19623,14.08832,25.04529,27.52961
2986.70740,-0.65122,-3.44332,80.80281,14.14929,14.04905,25.03687,27.56761
2986.71740,-0.65509,-3.43647,80.82479,14.15616,14.07412,25.03343,27.56108
2986.72740,-0.66249,-3.42340,80.86681,14.16929,14.12205,25.02687,27.54861
2986.73740,-0.66185,-3.42683,80.82271,14.15919,14.10455,25.01677,27.54221
2986.74740,-0.65579,-3.43266,80.69687,14.13929,14.05982,24.98697,27.51080
2986.75740,-0.64600,-3.43072,80.61781,14.13929,14.03905,24.96687,27.47261
2986.76740,-0.64967,-3.42396,80.63889,14.14949,14.06013,24.96007,27.46921
2986.77740,-0.65809,-3.41604,80.71291,14.16249,14.10105,24.96727,27.48210
2986.78740,-0.66194,-3.43130,80.81024,14.14249,14.10105,25.02727,27.53943
2986.79740,-0.66108,-3.43042,80.81107,14.14369,14.10325,25.02807,27.53607
2986.80740,-0.65586,-3.41866,80.75881,14.15929,14.11105,24.99687,27.49161
2986.81740,-0.65765,-3.41763,80.77702,14.16197,14.11839,24.99969,27.49697
2986.82740,-0.66538,-3.41316,80.85616,14.17362,14.15029,25.01196,27.52028
2986.83740,-0.66432,-3.41936,80.70881,14.14929,14.10105,24.96687,27.49161
2986.84740,-0.66056,-3.42288,80.69840,14.14732,14.08691,24.97080,27.49337
2986.85740,-0.64807,-3.43552,80.66700,14.13929,14.03925,24.98687,27.50160
2986.86740,-0.67427,-3.42045,80.76980,14.13578,14.13205,24.99137,27.51061
2986.87740,-0.67398,-3.43050,80.77243,14.10200,14.13115,25.02697,27.51232
2986.88740,-0.69902,-3.42082,80.69781,14.11929,14.12205,24.92687,27.52961
2986.89740,-0.69753,-3.42180,80.69393,14.11614,14.12036,24.93091,27.52654
2986.90740,-0.68283,-3.43279,80.66565,14.08299,14.10474,24.97777,27.50016
2986.91740,-0.70488,-3.43035,80.82581,14.11029,14.14205,24.98687,27.58661
2986.92740,-0.70610,-3.43117,80.82122,14.10669,14.14115,24.98597,27.58742
2986.93740,-0.71845,-3.43943,80.77481,14.07029,14.13205,24.97687,27.59561
2986.94740,-0.71701,-3.43910,80.77578,14.07399,14.12985,24.97633,27.59561
2986.95740,-0.69891,-3.43499,80.78786,14.12030,14.10234,24.96962,27.59561
2986.96740,-0.68894,-3.44152,80.83975,14.11984,14.09776,25.01380,27.60835
2986.97740,-0.68769,-3.44556,80.86281,14.11029,14.10105,25.03687,27.61461
2986.98740,-0.68334,-3.43922,80.82612,14.11029,14.11071,25.02721,27.57792
2986.99740,-0.68685,-3.42451,80.75759,14.14774,14.10145,24.95003,27.55836
2987.00740,-0.68700,-3.42391,80.75481,14.14929,14.10105,24.94687,27.55761
2987.01740,-0.69517,-3.41963,80.77081,14.14429,14.12680,24.94437,27.55536
2987.02740,-0.71967,-3.40681,80.81881,14.12929,14.20405,24.93687,27.54861
2987.03740,-0.71747,-3.41189,80.76290,14.12470,14.17105,24.91853,27.54861
2987.04740,-0.70980,-3.41508,80.77771,14.13547,14.15417,24.92923,27.55885
2987.05740,-0.70550,-3.41268,80.84681,14.14929,14.17305,24.95687,27.56761
2987.06740,-0.72080,-3.40330,80.86999,14.17329,14.19043,24.91549,27.59078
2987.07740,-0.72041,-3.42157,80.68866,14.11199,14.12350,24.88987,27.56331
2987.08740,-0.71978,-3.42514,80.65581,14.10029,14.11105,24.88687,27.55761
2987.09740,-0.71014,-3.43082,80.68896,14.10879,14.09405,24.91237,27.57376
2987.10740,-0.70843,-3.43182,80.69481,14.11029,14.09105,24.91687,27.57661
2987.11740,-0.71234,-3.43331,80.70985,14.10510,14.09624,24.92205,27.58646
2987.12740,-0.71470,-3.43677,80.74625,14.09149,14.11029,24.94887,27.59561
2987.13740,-0.71309,-3.43943,80.77481,14.08029,14.12205,24.97687,27.59561
2987.14740,-0.71355,-3.44493,80.70136,14.06574,14.09151,24.95505,27.58906
2987.15740,-0.71098,-3.45564,80.67954,14.05385,14.05787,24.96118,27.60665
2987.16740,-0.70989,-3.45908,80.68181,14.05129,14.04905,24.96687,27.61461
2987.17740,-0.72341,-3.45568,80.68823,14.05770,14.05689,24.93835,27.63528
2987.18740,-0.72886,-3.45432,80.69081,14.06029,14.06005,24.92687,27.64361
2987.19740,-0.71605,-3.47197,80.74675,14.03232,14.04499,25.00576,27.66369
2987.20740,-0.73598,-3.47737,80.73246,14.00703,14.04618,24.98697,27.69228
2987.21740,-0.74605,-3.47675,80.71781,14.00129,14.04905,24.96687,27.70061
2987.22740,-0.72406,-3.47209,80.78419,14.04755,14.04235,24.99368,27.70061
2987.23740,-0.72080,-3.46445,80.84592,14.07029,14.06816,25.00687,27.70061
2987.24740,-0.72387,-3.46227,80.85781,14.07029,14.08005,25.00687,27.70061
2987.25740,-0.73192,-3.46812,80.84054,14.04692,14.07667,25.00687,27.71009
2987.26740,-0.74764,-3.47955,80.80681,14.00129,14.07005,25.00687,27.72861
2987.27740,-0.74734,-3.48256,80.82566,13.99255,14.07465,25.02525,27.73320
2987.28740,-0.73529,-3.48990,80.87247,14.00087,14.05654,25.06204,27.75302
2987.29740,-0.71616,-3.49612,80.91281,14.03129,14.01805,25.08687,27.77661
2987.30740,-0.72427,-3.49868,80.87092,14.01949,14.00625,25.06327,27.78192
2987.31740,-0.72991,-3.50046,80.84181,14.01129,13.99805,25.04687,27.78561
2987.32740,-0.73832,-3.49657,80.95863,14.02309,14.04053,25.07578,27.81924
2987.33740,-0.71296,-3.49026,80.93125,14.03719,14.03937,25.09587,27.75883
2987.34740,-0.69123,-3.48773,80.85581,14.04129,14.01805,25.09587,27.70061
2987.35740,-0.70690,-3.48866,80.77347,14.02867,13.99881,25.03939,27.70660
2987.36740,-0.73354,-3.49024,80.63389,14.00728,13.96619,24.94367,27.71676
2987.37740,-0.74848,-3.48765,80.68781,13.97229,14.02905,24.97687,27.70961
2987.38740,-0.74408,-3.48892,80.69069,13.97867,14.01916,24.98006,27.71280
2987.39740,-0.73676,-3.49104,80.69547,13.98931,14.00267,24.98538,27.71812
2987.40740,-0.73471,-3.49164,80.69681,13.99229,13.99805,24.98687,27.71961
2987.41740,-0.75789,-3.48673,80.71250,13.96377,14.04938,24.97974,27.71961
2987.42740,-0.75090,-3.49335,80.75717,13.96861,14.03659,25.00951,27.74246
2987.43740,-0.74014,-3.49127,80.77338,13.98914,14.02905,25.01687,27.73833
2987.44740,-0.73447,-3.48097,80.83147,14.02084,14.05400,25.02380,27.73282
2987.45740,-0.76501,-3.48498,80.89681,13.98229,14.10105,25.03687,27.77661
2987.46740,-0.74326,-3.48494,80.86147,14.00932,14.06189,25.03340,27.75685
2987.47740,-0.70220,-3.48486,80.79481,14.06029,13.98805,25.02687,27.71961
2987.48740,-0.71301,-3.49052,80.77577,14.03091,13.99077,25.02687,27.72722
2987.49740,-0.74171,-3.50550,80.72594,13.95229,13.99908,25.02789,27.74669
2987.50740,-0.73945,-3.50393,80.73581,13.95229,14.00805,25.03687,27.73861
2987.51740,-0.71981,-3.49680,80.72969,13.98595,13.99751,25.03687,27.70937
2987.52740,-0.69544,-3.48682,80.70394,14.02980,13.98005,25.02599,27.66811
2987.53740,-0.73230,-3.49717,80.66681,13.97229,13.98805,24.99687,27.70961
2987.54740,-0.72825,-3.49586,80.69033,13.97649,13.99666,25.01157,27.70562
2987.55740,-0.71306,-3.49091,80.77881,13.99229,14.02905,25.06687,27.69061
2987.56740,-0.71143,-3.48919,80.77209,14.00258,14.02254,25.05637,27.69061
2987.57740,-0.70206,-3.48702,80.73043,14.02890,13.98944,25.02737,27.68473
2987.58740,-0.68988,-3.50331,80.66881,13.98229,13.95705,25.06687,27.66261
2987.59740,-0.68988,-3.50331,80.66881,13.98229,13.95705,25.06687,27.66261
2987.60740,-0.72103,-3.47787,80.78681,14.04129,14.02905,25.00687,27.70961
2987.61740,-0.72061,-3.48094,80.76745,14.02611,14.02663,25.01347,27.70125
2987.62740,-0.71791,-3.48885,80.72491,13.98286,14.02711,25.04118,27.67376
2987.63740,-0.71350,-3.47800,80.81981,14.02129,14.06005,25.05687,27.68161
2987.64740,-0.71350,-3.47800,80.81981,14.02129,14.06005,25.05687,27.68161
2987.65740,-0.69353,-3.48613,80.71639,13.99770,14.01893,25.06766,27.63209
2987.66740,-0.67260,-3.47246,80.77834,14.05788,14.02866,25.07651,27.61528
2987.67740,-0.67177,-3.47192,80.78081,14.06029,14.02905,25.07687,27.61461
2987.68740,-0.67713,-3.45781,80.78081,14.10029,14.03905,25.02687,27.61461
2987.69740,-0.67743,-3.46059,80.77879,14.09633,14.03243,25.02929,27.62075
2987.70740,-0.68050,-3.49032,80.75626,14.05210,13.96353,25.05687,27.68377
2987.71740,-0.67729,-3.46995,80.76081,14.06029,14.02905,25.05687,27.61461
2987.72740,-0.67729,-3.46995,80.76081,14.06029,14.02905,25.05687,27.61461
2987.73740,-0.67589,-3.47401,80.78236,14.06682,14.01567,25.06340,27.63648
2987.74740,-0.66882,-3.48737,80.76935,14.06363,13.96697,25.07347,27.66529
2987.75740,-0.66071,-3.49714,80.65781,14.03129,13.92605,25.06687,27.63361
2987.76740,-0.67120,-3.49550,80.69113,14.03129,13.94339,25.06347,27.65299
2987.77740,-0.69459,-3.49089,80.78620,14.03129,13.99270,25.06589,27.69632
2987.78740,-0.70915,-3.49253,80.82973,14.00421,14.02905,25.08687,27.70961
2987.79740,-0.70516,-3.48307,80.90423,14.07283,14.01983,25.06172,27.74985
2987.80740,-0.70323,-3.48048,80.92281,14.09029,14.01805,25.05687,27.75761
2987.81740,-0.69383,-3.49228,80.78845,14.03477,13.98506,25.06491,27.70370
2987.82740,-0.67590,-3.49488,80.89174,14.06279,13.98367,25.12040,27.72489
2987.83740,-0.66555,-3.49469,80.98181,14.09029,13.98805,25.15587,27.74761
2987.84740,-0.67841,-3.47860,80.91485,14.06608,14.04614,25.12359,27.67903
2987.85740,-0.68149,-3.47474,80.89881,14.06029,14.06005,25.11587,27.66261
2987.86740,-0.67307,-3.48720,80.88569,14.06497,14.00664,25.12055,27.69353
2987.87740,-0.66592,-3.50585,80.86911,14.05553,13.94416,25.13533,27.73409
2987.88740,-0.67618,-3.52526,80.86181,13.99229,13.93605,25.17587,27.75761
2987.89740,-0.66855,-3.53524,80.84600,13.99229,13.89519,25.18246,27.77606
2987.90740,-0.68235,-3.54400,80.77630,13.95057,13.88183,25.16465,27.77924
2987.91740,-0.68971,-3.54549,80.75081,13.93329,13.88505,25.15587,27.77661
2987.92740,-0.69482,-3.53637,80.84240,13.95388,13.92836,25.17007,27.79010
2987.93740,-0.69691,-3.53265,80.87981,13.96229,13.94605,25.17587,27.79561
2987.94740,-0.70060,-3.56352,80.91004,13.91378,13.89544,25.23210,27.86872
2987.95740,-0.68366,-3.58006,80.89524,13.90036,13.84506,25.27001,27.87981
2987.96740,-0.67600,-3.58152,80.88381,13.90329,13.83305,25.27587,27.87161
2987.97740,-0.66708,-3.58359,80.86402,13.88915,13.83305,25.29708,27.84474
2987.98740,-0.69439,-3.59518,80.80430,13.84222,13.81844,25.26410,27.87955
2987.99740,-0.70794,-3.59987,80.78181,13.82429,13.81205,25.24587,27.89961
2988.00740,-0.71208,-3.59483,80.80424,13.83363,13.82825,25.23964,27.90272
2988.01740,-0.72123,-3.58369,80.85381,13.85429,13.86405,25.22587,27.90961
2988.02740,-0.71053,-3.59229,80.89764,13.85051,13.85234,25.27082,27.92396
2988.03740,-0.69120,-3.60608,80.96316,13.86424,13.81208,25.32491,27.96193
2988.04740,-0.68956,-3.60575,80.95681,13.88329,13.79205,25.30587,27.97561
2988.05740,-0.70714,-3.59690,80.91881,13.87235,13.82142,25.26556,27.95949
2988.06740,-0.73426,-3.59276,80.88675,13.83007,13.86741,25.24167,27.94761
2988.07740,-0.74452,-3.59449,80.88381,13.80529,13.88505,25.24587,27.94761
2988.08740,-0.73369,-3.59572,80.89448,13.81228,13.87733,25.26426,27.94062
2988.09740,-0.71509,-3.59785,80.91281,13.82429,13.86405,25.29587,27.92861
2988.10740,-0.71509,-3.59785,80.91281,13.82429,13.86405,25.29587,27.92861
2988.11740,-0.70817,-3.61119,80.94334,13.83849,13.81293,25.30936,27.98257
2988.12740,-0.69639,-3.61145,80.88356,13.83800,13.79205,25.30293,27.95057
2988.13740,-0.70317,-3.60058,80.86749,13.85223,13.81091,25.26827,27.93609
2988.14740,-0.71735,-3.59142,80.89881,13.87329,13.83305,25.23587,27.95661
2988.15740,-0.70751,-3.59743,80.88215,13.86695,13.81239,25.25253,27.95027
2988.16740,-0.70689,-3.60670,80.85221,13.84409,13.79213,25.26207,27.95393
2988.17740,-0.74395,-3.60138,80.85881,13.82429,13.83305,25.21587,27.98561
2988.18740,-0.73330,-3.60459,80.85215,13.82429,13.81939,25.23253,27.97594
2988.19740,-0.72165,-3.61831,80.84289,13.80552,13.78634,25.26859,27.98245
2988.20740,-0.74747,-3.63784,80.85381,13.75529,13.77105,25.27587,28.05161
2988.21740,-0.74666,-3.63627,80.83748,13.75529,13.77105,25.26950,28.04164
2988.22740,-0.73579,-3.63330,80.79968,13.76391,13.76005,25.26291,28.01280
2988.23740,-0.70732,-3.64372,80.88281,13.79529,13.72005,25.32487,28.04261
2988.24740,-0.70732,-3.64372,80.88281,13.79529,13.72005,25.32487,28.04261
2988.25740,-0.75816,-3.64610,80.99881,13.77529,13.77105,25.30587,28.14661
2988.26740,-0.74530,-3.64880,80.95723,13.77319,13.74942,25.31196,28.12267
2988.27740,-0.69846,-3.65837,80.80726,13.76529,13.67242,25.33487,28.03469
2988.28740,-0.70482,-3.65603,80.83181,13.76529,13.68905,25.33487,28.04261
2988.29740,-0.70482,-3.65603,80.83181,13.76529,13.68905,25.33487,28.04261
2988.30740,-0.71811,-3.65662,80.84381,13.72629,13.73005,25.35487,28.03261
2988.31740,-0.71375,-3.65284,80.85001,13.73742,13.73442,25.35487,28.02330
2988.32740,-0.69301,-3.63486,80.87954,13.79044,13.75523,25.35487,27.97901
2988.33740,-0.71549,-3.64426,80.79512,13.75646,13.72712,25.30604,28.00550
2988.34740,-0.72139,-3.64728,80.77581,13.74629,13.72005,25.29587,28.01361
2988.35740,-0.72501,-3.63122,80.74780,13.77430,13.73937,25.24757,27.98656
2988.36740,-0.68850,-3.64778,80.89281,13.79529,13.70905,25.36487,28.02361
2988.37740,-0.68766,-3.64613,80.89122,13.79874,13.71091,25.36221,28.01936
2988.38740,-0.67927,-3.62963,80.87529,13.83325,13.72950,25.33566,27.97688
2988.39740,-0.67902,-3.62914,80.87481,13.83429,13.73005,25.33487,27.97561
2988.40740,-0.70751,-3.64502,80.73267,13.74977,13.70989,25.29741,27.97561
2988.41740,-0.72429,-3.63730,80.78500,13.75501,13.74978,25.28617,27.99403
2988.42740,-0.72478,-3.63704,80.78681,13.75529,13.75105,25.28587,27.99461
2988.43740,-0.69785,-3.64465,80.80331,13.79410,13.69089,25.30527,28.01304
2988.44740,-0.69065,-3.63313,80.79709,13.79529,13.72843,25.31451,27.95886
2988.45740,-0.69039,-3.63264,80.79681,13.79529,13.73005,25.31487,27.95661
2988.46740,-0.69900,-3.62082,80.82070,13.80836,13.76701,25.29729,27.94804
2988.47740,-0.70796,-3.60852,80.84558,13.82197,13.80551,25.27898,27.93912
2988.48740,-0.70374,-3.61697,80.81452,13.80382,13.78311,25.28998,27.93761
2988.49740,-0.73461,-3.62173,80.75781,13.77058,13.78011,25.23822,27.96890
2988.50740,-0.74174,-3.62181,80.74881,13.76529,13.78205,25.22587,27.97561
2988.51740,-0.74174,-3.62181,80.74881,13.76529,13.78205,25.22587,27.97561
2988.52740,-0.70554,-3.60646,80.67111,13.78353,13.79162,25.23755,27.85841
2988.53740,-0.71183,-3.60620,80.67481,13.77529,13.80205,25.23587,27.86161
2988.54740,-0.71726,-3.59718,80.73868,13.79604,13.83505,25.23587,27.87172
2988.55740,-0.72203,-3.58927,80.79481,13.81429,13.86405,25.23587,27.88061
2988.56740,-0.70206,-3.59882,80.80622,13.84280,13.80560,25.25012,27.90770
2988.57740,-0.70690,-3.60126,80.86051,13.84009,13.81826,25.27007,27.93210
2988.58740,-0.71216,-3.60068,80.88081,13.83429,13.83305,25.27587,27.93761
2988.59740,-0.71611,-3.59653,80.81742,13.84063,13.81974,25.23149,27.92556
2988.60740,-0.70767,-3.59802,80.78149,13.83751,13.80527,25.23299,27.90572
2988.61740,-0.70258,-3.59987,80.78181,13.83429,13.80205,25.24587,27.89961
2988.62740,-0.70258,-3.59718,80.78181,13.84382,13.80205,25.23633,27.89961
2988.63740,-0.70258,-3.59423,80.78181,13.85429,13.80205,25.22587,27.89961
2988.64740,-0.71346,-3.60405,80.64198,13.79588,13.77786,25.19637,27.87188
2988.65740,-0.71188,-3.59609,80.70234,13.82491,13.79763,25.19947,27.88034
2988.66740,-0.70553,-3.58584,80.81181,13.87329,13.82305,25.21587,27.89961
2988.67740,-0.70653,-3.58598,80.80857,13.86987,13.82485,25.21587,27.89799
2988.68740,-0.71514,-3.59208,80.81712,13.85793,13.81812,25.21587,27.92521
2988.69740,-0.72206,-3.60129,80.85663,13.86410,13.79281,25.21587,27.98385
2988.70740,-0.73116,-3.59579,80.88265,13.85049,13.83483,25.22507,27.97227
2988.71740,-0.74159,-3.58902,80.91181,13.83429,13.88505,25.23587,27.95661
2988.72740,-0.72233,-3.59685,80.88391,13.84329,13.83870,25.24937,27.95256
2988.73740,-0.70783,-3.60136,80.90246,13.86734,13.80500,25.26137,27.96876
2988.74740,-0.71889,-3.59517,80.96681,13.88329,13.83305,25.25587,27.99461
2988.75740,-0.72975,-3.58824,80.87006,13.87024,13.83755,25.20187,27.96041
2988.76740,-0.73938,-3.58276,80.78421,13.84079,13.85700,25.17187,27.91456
2988.77740,-0.73489,-3.58643,80.82381,13.82429,13.87405,25.21587,27.90961
2988.78740,-0.73201,-3.57839,80.85888,13.86482,13.87405,25.19765,27.92236
2988.79740,-0.72857,-3.56879,80.90081,13.91329,13.87405,25.17587,27.93761
2988.80740,-0.73870,-3.56922,80.89015,13.88617,13.89599,25.17891,27.92908
2988.81740,-0.76072,-3.57015,80.86697,13.82723,13.94367,25.18554,27.91053
2988.82740,-0.74733,-3.57706,80.86981,13.87329,13.87405,25.16587,27.95661
2988.83740,-0.74138,-3.57703,80.85823,13.87696,13.86651,25.16771,27.94704
2988.84740,-0.68253,-3.57672,80.74381,13.91329,13.79205,25.18587,27.85261
2988.85740,-0.69361,-3.57676,80.75221,13.90090,13.80717,25.18167,27.86248
2988.86740,-0.73609,-3.57360,80.77665,13.86121,13.86644,25.15393,27.89507
2988.87740,-0.73875,-3.56300,80.75381,13.88329,13.87405,25.11587,27.88061
2988.88740,-0.73875,-3.56300,80.75381,13.88329,13.87405,25.11587,27.88061
2988.89740,-0.75474,-3.59313,80.78315,13.81762,13.84305,25.16587,27.95661
2988.90740,-0.76399,-3.58803,80.74981,13.82429,13.84305,25.12587,27.95661
2988.91740,-0.75002,-3.58136,80.77720,13.85036,13.84998,25.13907,27.93780
2988.92740,-0.72169,-3.56784,80.83281,13.90329,13.86405,25.16587,27.89961
2988.93740,-0.72169,-3.56784,80.83281,13.90329,13.86405,25.16587,27.89961
2988.94740,-0.73777,-3.57630,80.72574,13.84742,13.85319,25.14000,27.88512
2988.95740,-0.74666,-3.59835,80.62281,13.79529,13.79205,25.12587,27.90961
2988.96740,-0.74520,-3.59703,80.63669,13.80591,13.79085,25.12466,27.91528
2988.97740,-0.73827,-3.59075,80.70278,13.85648,13.78510,25.11891,27.94229
2988.98740,-0.75874,-3.56376,80.85181,13.88329,13.90505,25.12587,27.93761
2988.99740,-0.76117,-3.56411,80.86121,13.88729,13.90305,25.12187,27.94901
2989.00740,-0.77088,-3.56550,80.89881,13.90329,13.89505,25.10587,27.99461
2989.01740,-0.77103,-3.56745,80.88229,13.89363,13.89211,25.10727,27.98929
2989.02740,-0.77178,-3.57675,80.80363,13.84763,13.87811,25.11393,27.96395
2989.03740,-0.73152,-3.57434,80.87081,13.89329,13.86405,25.17587,27.93761
2989.04740,-0.73152,-3.57434,80.87081,13.89329,13.86405,25.17587,27.93761
2989.05740,-0.72740,-3.54652,80.94895,13.94935,13.93359,25.16527,27.90075
2989.06740,-0.73448,-3.55819,80.89495,13.91668,13.90626,25.15860,27.91341
2989.07740,-0.73992,-3.56284,80.86958,13.90202,13.89569,25.15085,27.92102
2989.08740,-0.77154,-3.56116,80.82910,13.88614,13.90362,25.08815,27.95118
2989.09740,-0.77724,-3.56085,80.82181,13.88329,13.90505,25.07687,27.95661
2989.10740,-0.74642,-3.57677,80.72340,13.86429,13.83385,25.10587,27.91940
2989.11740,-0.75119,-3.57596,80.74181,13.86429,13.84305,25.10587,27.92861
2989.12740,-0.75193,-3.57495,80.73163,13.86217,13.84525,25.10169,27.92253
2989.13740,-0.76260,-3.56065,80.61285,13.83901,13.87821,25.04767,27.84797
2989.14740,-0.77329,-3.54861,80.78581,13.89329,13.92605,25.05687,27.90961
2989.15740,-0.77329,-3.54861,80.78581,13.89329,13.92605,25.05687,27.90961
2989.16740,-0.74846,-3.55542,80.90392,13.91934,13.91650,25.13416,27.93392
2989.17740,-0.74471,-3.55645,80.92181,13.92329,13.91505,25.14587,27.93761
2989.18740,-0.77042,-3.55628,80.86421,13.90409,13.91505,25.08923,27.95585
2989.19740,-0.78646,-3.56274,80.81848,13.86544,13.91505,25.07590,27.96209
2989.20740,-0.79878,-3.56807,80.78281,13.83429,13.91505,25.06687,27.96661
2989.21740,-0.79877,-3.56736,80.79746,13.83429,13.92262,25.07395,27.96661
2989.22740,-0.80551,-3.57310,80.76455,13.80322,13.92206,25.07660,27.96267
2989.23740,-0.81600,-3.58539,80.64381,13.75529,13.88505,25.04687,27.95661
2989.24740,-0.77358,-3.55946,80.68698,13.84161,13.90529,25.06036,27.87972
2989.25740,-0.75312,-3.54695,80.70781,13.88329,13.91505,25.06687,27.84261
2989.26740,-0.79055,-3.56294,80.68177,13.81777,13.91505,25.05007,27.89889
2989.27740,-0.81311,-3.55002,80.73477,13.84645,13.95033,25.00487,27.93313
2989.28740,-0.81604,-3.54698,80.74581,13.85429,13.95705,24.99687,27.93761
2989.29740,-0.81604,-3.54698,80.74581,13.85429,13.95705,24.99687,27.93761
2989.30740,-0.79077,-3.55591,80.83481,13.86429,13.94605,25.07687,27.94761
2989.31740,-0.76831,-3.54269,80.69396,13.90537,13.90330,25.00980,27.87551
2989.32740,-0.75124,-3.54613,80.71049,13.91889,13.88329,25.03607,27.87225
2989.33740,-0.74124,-3.55084,80.74481,13.92329,13.87405,25.06687,27.88061
2989.34740,-0.75911,-3.53267,80.76824,13.93678,13.93298,25.03137,27.86712
2989.35740,-0.74209,-3.51302,80.81473,13.99128,13.96415,25.03107,27.82824
2989.36740,-0.73216,-3.50803,80.82981,14.01129,13.96705,25.03687,27.81461
2989.37740,-0.75627,-3.50220,80.73325,13.96940,13.99616,24.98717,27.78053
2989.38740,-0.76613,-3.49982,80.69381,13.95229,14.00805,24.96687,27.76661
2989.39740,-0.75622,-3.50163,80.75848,13.97862,13.99772,24.99020,27.79194
2989.40740,-0.74200,-3.51208,80.79037,13.99127,13.95907,25.01947,27.82057
2989.41740,-0.74603,-3.51705,80.71981,13.96229,13.94605,25.00687,27.80461
2989.42740,-0.75698,-3.51468,80.71401,13.96229,13.95243,24.98367,27.81563
2989.43740,-0.76504,-3.51471,80.69502,13.95100,13.95705,24.97076,27.81621
2989.44740,-0.76526,-3.51745,80.67181,13.93329,13.95705,24.97687,27.80461
2989.45740,-0.76384,-3.51671,80.67510,13.95162,13.94248,24.96277,27.81824
2989.46740,-0.76224,-3.51587,80.67881,13.97229,13.92605,24.94687,27.83361
2989.47740,-0.74747,-3.50947,80.70842,13.98592,13.94532,24.97507,27.80212
2989.48740,-0.72879,-3.51317,80.74461,13.99710,13.93355,25.01617,27.79778
2989.49740,-0.72647,-3.52571,80.74781,13.99229,13.89505,25.02687,27.83361
2989.50740,-0.73233,-3.53106,80.74478,13.97484,13.89252,25.03192,27.84549
2989.51740,-0.75341,-3.53977,80.70917,13.92726,13.89699,25.02300,27.86191
2989.52740,-0.75912,-3.52903,80.66881,13.93329,13.91505,24.98687,27.83361
2989.53740,-0.75912,-3.52903,80.66881,13.93329,13.91505,24.98687,27.83361
2989.54740,-0.72619,-3.52291,80.80881,13.99229,13.92605,25.05687,27.83361
2989.55740,-0.72675,-3.52000,80.83221,13.99991,13.93683,25.05950,27.83597
2989.56740,-0.72798,-3.51368,80.88306,14.01648,13.96026,25.06521,27.84112
2989.57740,-0.69617,-3.52880,80.86018,14.01419,13.90102,25.11586,27.82912
2989.58740,-0.68302,-3.53573,80.84481,14.01129,13.87405,25.13587,27.82361
2989.59740,-0.70548,-3.52227,80.87451,14.02543,13.91789,25.09415,27.83704
2989.60740,-0.71906,-3.51599,80.85884,14.02411,13.93605,25.06252,27.83615
2989.61740,-0.72075,-3.51571,80.84781,14.02129,13.93605,25.05687,27.83361
2989.62740,-0.72208,-3.49554,80.80693,14.05643,13.95829,24.99949,27.79273
2989.63740,-0.72260,-3.48757,80.79081,14.07029,13.96705,24.97687,27.77661
2989.64740,-0.72260,-3.48958,80.79081,14.06319,13.96705,24.98397,27.77661
2989.65740,-0.70947,-3.48594,80.78378,14.08841,13.95229,24.97984,27.76325
2989.66740,-0.70393,-3.48405,80.78081,14.10029,13.94605,24.97687,27.75761
2989.67740,-0.71883,-3.49914,80.79572,14.03000,13.96806,25.02657,27.77110
2989.68740,-0.72260,-3.49299,80.73081,14.05129,13.94605,24.96687,27.76661
2989.69740,-0.72309,-3.49216,80.73421,14.05201,13.94945,24.96687,27.76588
2989.70740,-0.72866,-3.48271,80.77281,14.06029,13.98805,24.96687,27.75761
2989.71740,-0.73120,-3.48334,80.77667,14.05643,13.99102,24.96786,27.76137
2989.72740,-0.75116,-3.48826,80.81631,14.02750,14.01625,24.97867,27.79390
2989.73740,-0.71955,-3.48014,80.86181,14.09029,13.99805,24.99687,27.77661
2989.74740,-0.72423,-3.47904,80.85398,14.08588,14.00363,24.98877,27.77571
2989.75740,-0.77215,-3.46897,80.77184,14.04129,14.05537,24.90426,27.77093
2989.76740,-0.77854,-3.47938,80.74181,14.04129,14.00805,24.87787,27.81461
2989.77740,-0.77854,-3.47938,80.74181,14.04129,14.00805,24.87787,27.81461
2989.78740,-0.77027,-3.47152,80.88404,14.06897,14.05769,24.93418,27.82320
2989.79740,-0.76988,-3.47114,80.89081,14.07029,14.06005,24.93687,27.82361
2989.80740,-0.77543,-3.49159,80.72337,14.02521,13.97449,24.89087,27.83281
2989.81740,-0.78893,-3.45711,80.74138,14.05472,14.07334,24.84487,27.76846
2989.82740,-0.79110,-3.45107,80.74681,14.06029,14.09105,24.83787,27.75761
2989.83740,-0.79157,-3.45405,80.67949,14.04737,14.06997,24.81747,27.74469
2989.84740,-0.78082,-3.47391,80.70997,14.04129,14.01637,24.85827,27.79405
2989.85740,-0.77874,-3.47742,80.72181,14.04129,14.00805,24.86787,27.80461
2989.86740,-0.77347,-3.46812,80.75691,14.05187,14.04259,24.88402,27.77843
2989.87740,-0.76928,-3.46074,80.78481,14.06029,14.07005,24.89687,27.75761
2989.88740,-0.79541,-3.46693,80.68257,14.05390,14.01893,24.80528,27.80447
2989.89740,-0.80273,-3.44971,80.72956,14.07188,14.07828,24.79627,27.78314
2989.90740,-0.80136,-3.44165,80.76581,14.08029,14.11105,24.80787,27.76661
2989.91740,-0.79705,-3.45313,80.77859,14.06609,14.08904,24.83627,27.78720
2989.92740,-0.78939,-3.44595,80.80369,14.12348,14.06585,24.80527,27.80910
2989.93740,-0.78698,-3.44110,80.81181,14.14929,14.06005,24.78787,27.81461
2989.94740,-0.78698,-3.44110,80.81181,14.14929,14.06005,24.78787,27.81461
2989.95740,-0.82537,-3.41757,80.88146,14.14929,14.16786,24.74971,27.81461
2989.96740,-0.82722,-3.41643,80.88481,14.14929,14.17305,24.74787,27.81461
2989.97740,-0.83523,-3.43748,80.79927,14.07420,14.14359,24.76688,27.81461
2989.98740,-0.80208,-3.40808,80.82881,14.15929,14.17305,24.75787,27.73861
2989.99740,-0.80208,-3.40808,80.82881,14.15929,14.17305,24.75787,27.73861
2990.00740,-0.80809,-3.42184,80.68565,14.09529,14.13819,24.74173,27.71045
2990.01740,-0.81239,-3.43065,80.60281,14.04129,14.13205,24.74787,27.68161
2990.02740,-0.82333,-3.41913,80.73969,14.08676,14.17521,24.74787,27.72986
2990.03740,-0.83592,-3.40588,80.89781,14.13929,14.22505,24.74787,27.78561
2990.04740,-0.82860,-3.40526,80.81900,14.13929,14.19960,24.72364,27.75647
2990.05740,-0.81264,-3.40392,80.64767,14.13929,14.14427,24.67097,27.69314
2990.06740,-0.79030,-3.39493,80.71881,14.19829,14.14205,24.68787,27.69061
2990.07740,-0.79711,-3.38961,80.73873,14.19829,14.16789,24.68475,27.68781
2990.08740,-0.81160,-3.37830,80.78112,14.19829,14.22285,24.67813,27.68185
2990.09740,-0.81907,-3.39275,80.79081,14.16929,14.20405,24.69787,27.71961
2990.10740,-0.81907,-3.39275,80.79081,14.16929,14.20405,24.69787,27.71961
2990.11740,-0.83396,-3.39106,80.82781,14.18829,14.20405,24.66887,27.76661
2990.12740,-0.83092,-3.39090,80.78825,14.17495,14.20405,24.66887,27.74039
2990.13740,-0.82234,-3.38828,80.75979,14.17726,14.20101,24.66887,27.71265
2990.14740,-0.81147,-3.38300,80.79886,14.21633,14.19438,24.66887,27.71928
2990.15740,-0.82718,-3.38083,80.82989,14.20522,14.22411,24.66560,27.73496
2990.16740,-0.85335,-3.38449,80.84831,14.16593,14.25690,24.66489,27.76059
2990.17740,-0.83762,-3.40087,80.75881,14.13929,14.19405,24.67787,27.74761
2990.18740,-0.84107,-3.40682,80.73155,14.12279,14.17991,24.67484,27.75400
2990.19740,-0.84786,-3.41856,80.67781,14.09029,14.15205,24.66887,27.76661
2990.20740,-0.84786,-3.41856,80.67781,14.09029,14.15205,24.66887,27.76661
2990.21740,-0.84078,-3.41727,80.67781,14.09938,14.14751,24.67296,27.75797
2990.22740,-0.81815,-3.40498,80.82881,14.14929,14.19405,24.73787,27.74761
2990.23740,-0.82312,-3.40228,80.87876,14.16704,14.20338,24.73486,27.77348
2990.24740,-0.83959,-3.39569,80.96205,14.19380,14.22925,24.71737,27.82164
2990.25740,-0.85822,-3.39440,80.83881,14.13929,14.24505,24.67787,27.77661
2990.26740,-0.86189,-3.39209,80.84443,14.14947,14.24505,24.66352,27.78638
2990.27740,-0.87587,-3.38326,80.86581,14.18829,14.24505,24.60887,27.82361
2990.28740,-0.87587,-3.38326,80.86581,14.18829,14.24505,24.60887,27.82361
2990.29740,-0.87077,-3.41355,80.82844,14.10608,14.20675,24.68267,27.83295
2990.30740,-0.83815,-3.40611,80.89113,14.17493,14.18624,24.70483,27.82512
2990.31740,-0.83239,-3.40440,80.90281,14.18829,14.18305,24.70787,27.82361
2990.32740,-0.86325,-3.40015,80.84659,14.14265,14.22406,24.66884,27.81104
2990.33740,-0.85378,-3.40817,80.75511,14.11416,14.19204,24.67110,27.77782
2990.34740,-0.83467,-3.41587,80.70781,14.11029,14.15205,24.68787,27.75761
2990.35740,-0.83922,-3.41216,80.76236,14.11438,14.18024,24.70150,27.76624
2990.36740,-0.84468,-3.40770,80.82781,14.11929,14.21405,24.71787,27.77661
2990.37740,-0.82862,-3.41580,80.82406,14.14745,14.15585,24.71787,27.80289
2990.38740,-0.84789,-3.42327,80.84418,14.10176,14.18212,24.73727,27.82304
2990.39740,-0.84852,-3.42348,80.84481,14.10029,14.18305,24.73787,27.82361
2990.40740,-0.85274,-3.42135,80.74009,14.08089,14.17336,24.69908,27.78676
2990.41740,-0.85316,-3.40954,80.75794,14.10910,14.19322,24.67866,27.77696
2990.42740,-0.85317,-3.40906,80.75881,14.11029,14.19405,24.67787,27.77661
2990.43740,-0.86743,-3.42019,80.73769,14.07355,14.18395,24.67787,27.80232
2990.44740,-0.86870,-3.42118,80.73581,14.07029,14.18305,24.67787,27.80461
2990.45740,-0.85967,-3.42274,80.71405,14.06709,14.17313,24.68747,27.78637
2990.46740,-0.86191,-3.40861,80.78603,14.10221,14.21326,24.68272,27.78785
2990.47740,-0.86604,-3.40526,80.80881,14.11029,14.22505,24.67787,27.79561
2990.48740,-0.85555,-3.42022,80.71557,14.07669,14.17297,24.68627,27.77965
2990.49740,-0.84324,-3.43516,80.69277,14.09549,14.09333,24.67947,27.82449
2990.50740,-0.84127,-3.43746,80.69181,14.10029,14.08005,24.67787,27.83361
2990.51740,-0.86410,-3.41260,80.79606,14.08529,14.21955,24.70037,27.79086
2990.52740,-0.87170,-3.40433,80.83081,14.08029,14.26605,24.70787,27.77661
2990.53740,-0.85188,-3.40175,80.82598,14.11058,14.24322,24.71226,27.75992
2990.54740,-0.82483,-3.40372,80.80044,14.14108,14.19679,24.71997,27.74261
2990.55740,-0.81837,-3.42350,80.72781,14.11029,14.13205,24.72787,27.75761
2990.56740,-0.81837,-3.42350,80.72781,14.11029,14.13205,24.72787,27.75761
2990.57740,-0.83026,-3.39631,80.69072,14.13929,14.18632,24.65887,27.70625
2990.58740,-0.83170,-3.40081,80.66838,14.11878,14.18305,24.66594,27.70061
2990.59740,-0.82114,-3.40029,80.75912,14.14473,14.19079,24.70331,27.72029
2990.60740,-0.81603,-3.39929,80.79981,14.15929,14.19405,24.71787,27.72861
2990.61740,-0.81448,-3.39238,80.80671,14.17930,14.20095,24.70407,27.72240
2990.62740,-0.81277,-3.38446,80.78759,14.19755,14.20405,24.67981,27.70618
2990.63740,-0.81159,-3.37887,80.76181,14.20829,14.20405,24.65887,27.69061
2990.64740,-0.79677,-3.38864,80.69240,14.19672,14.15662,24.66465,27.67441
2990.65740,-0.78595,-3.39577,80.64181,14.18829,14.12205,24.66887,27.66261
2990.66740,-0.78357,-3.39622,80.70841,14.19442,14.13770,24.69925,27.67703
2990.67740,-0.77948,-3.39699,80.82322,14.20501,14.16469,24.75163,27.70190
2990.68740,-0.78440,-3.39183,80.82431,14.20829,14.18009,24.73970,27.69623
2990.69740,-0.78700,-3.38956,80.80981,14.20829,14.18305,24.72787,27.69061
2990.70740,-0.80164,-3.39139,80.80841,14.20129,14.18305,24.70687,27.71721
2990.71740,-0.80708,-3.39199,80.70524,14.19136,14.15464,24.65698,27.70227
2990.72740,-0.80671,-3.39190,80.65981,14.18829,14.14205,24.63887,27.69061
2990.73740,-0.77872,-3.39086,80.76512,14.20424,14.16678,24.72582,27.66827
2990.74740,-0.79261,-3.38373,80.81081,14.21829,14.19405,24.70787,27.69061
2990.75740,-0.78801,-3.38492,80.76560,14.20509,14.18712,24.70787,27.66553
2990.76740,-0.77866,-3.38736,80.67381,14.17829,14.17305,24.70787,27.61461
2990.77740,-0.77804,-3.39121,80.63820,14.16881,14.15639,24.70133,27.61167
2990.78740,-0.77381,-3.39001,80.61912,14.18096,14.14177,24.68787,27.60852
2990.79740,-0.76763,-3.37090,80.73281,14.24729,14.18305,24.68787,27.61461
2990.80740,-0.76763,-3.37090,80.73281,14.24729,14.18305,24.68787,27.61461
2990.81740,-0.74689,-3.37395,80.63198,14.23729,14.14677,24.68787,27.56005
2990.82740,-0.74339,-3.37972,80.61848,14.23729,14.12162,24.68787,27.57171
2990.83740,-0.76204,-3.38646,80.58681,14.19849,14.12545,24.67667,27.58621
2990.84740,-0.78912,-3.39000,80.67481,14.15929,14.18305,24.70787,27.62461
2990.85740,-0.78514,-3.39029,80.69337,14.16357,14.18426,24.71995,27.62560
2990.86740,-0.76420,-3.39182,80.79106,14.18611,14.19062,24.78353,27.63080
2990.87740,-0.74565,-3.39139,80.85793,14.22390,14.17785,24.81264,27.64354
2990.88740,-0.74114,-3.39130,80.86622,14.24032,14.16464,24.80866,27.65261
2990.89740,-0.76580,-3.40368,80.81281,14.15929,14.18305,24.81787,27.65261
2990.90740,-0.76582,-3.40324,80.81273,14.16161,14.18225,24.81547,27.65341
2990.91740,-0.76610,-3.39915,80.82349,14.18829,14.17385,24.79347,27.66789
2990.92740,-0.76630,-3.40983,80.95781,14.18829,14.18305,24.85787,27.72861
2990.93740,-0.76881,-3.41029,80.94424,14.18352,14.18144,24.85140,27.72788
2990.94740,-0.79660,-3.41612,80.79053,14.12929,14.16116,24.77967,27.72042
2990.95740,-0.78872,-3.42223,80.79781,14.12929,14.14205,24.79787,27.72861
2990.96740,-0.78872,-3.42223,80.79781,14.12929,14.14205,24.79787,27.72861
2990.97740,-0.75978,-3.41621,80.88670,14.17284,14.15094,24.85120,27.71172
2990.98740,-0.76691,-3.43207,80.82197,14.12165,14.12325,24.85787,27.71921
2990.99740,-0.76735,-3.43276,80.81881,14.11929,14.12205,24.85787,27.71961
2991.00740,-0.76583,-3.41881,80.95162,14.18617,14.15113,24.85787,27.75644
2991.01740,-0.76579,-3.41837,80.95581,14.18829,14.15205,24.85787,27.75761
2991.02740,-0.77182,-3.43047,80.86169,14.12202,14.14245,24.86747,27.72976
2991.03740,-0.78482,-3.42644,80.81186,14.11929,14.14205,24.82191,27.72861
2991.04740,-0.79706,-3.42209,80.76781,14.11929,14.14205,24.77787,27.72861
2991.05740,-0.81226,-3.43077,80.74976,14.07274,14.15155,24.78737,27.73811
2991.06740,-0.81306,-3.43122,80.74881,14.07029,14.15205,24.78787,27.73861
2991.07740,-0.80985,-3.43169,80.73925,14.07098,14.14637,24.78856,27.73334
2991.08740,-0.76757,-3.43655,80.63281,14.08436,14.07861,24.80269,27.66716
2991.09740,-0.77994,-3.41777,80.92981,14.13929,14.19405,24.86787,27.72861
2991.10740,-0.78986,-3.41833,80.85008,14.13929,14.16416,24.81092,27.73573
2991.11740,-0.76517,-3.43031,80.84437,14.11522,14.14375,24.87834,27.70707
2991.12740,-0.75929,-3.43272,80.84981,14.11029,14.14205,24.89687,27.70061
2991.13740,-0.78541,-3.45536,80.74934,14.03699,14.10005,24.87298,27.73931
2991.14740,-0.79101,-3.46022,80.72781,14.02129,14.09105,24.86787,27.74761
2991.15740,-0.77630,-3.44928,80.77124,14.07515,14.09105,24.86237,27.74266
2991.16740,-0.78320,-3.44430,80.77583,14.09440,14.09105,24.83247,27.75791
2991.17740,-0.80156,-3.44815,80.74581,14.07029,14.09105,24.80787,27.77661
2991.18740,-0.77698,-3.45192,80.80311,14.09967,14.06828,24.85194,27.78322
2991.19740,-0.78685,-3.46154,80.76711,14.06899,14.05235,24.84687,27.79891
2991.20740,-0.79489,-3.46508,80.74281,14.05129,14.04905,24.83787,27.80461
2991.21740,-0.79420,-3.46791,80.81239,14.05768,14.05686,24.86627,27.83159
2991.22740,-0.79393,-3.46906,80.84081,14.06029,14.06005,24.87787,27.84261
2991.23740,-0.78377,-3.46780,80.74310,14.06029,14.03053,24.84975,27.80254
2991.24740,-0.78394,-3.46078,80.82081,14.08129,14.06145,24.86587,27.81221
2991.25740,-0.78586,-3.45800,80.87181,14.09029,14.08005,24.87787,27.82361
2991.26740,-0.79580,-3.46167,80.80909,14.06938,14.06611,24.84999,27.82361
2991.27740,-0.80013,-3.46327,80.78181,14.06029,14.06005,24.83787,27.82361
2991.28740,-0.78508,-3.47012,80.76711,14.06029,14.03065,24.85887,27.81731
2991.29740,-0.79110,-3.47753,80.74366,14.02413,14.03242,24.87250,27.81461
2991.30740,-0.80554,-3.48270,80.72381,13.98229,14.04905,24.87787,27.81461
2991.31740,-0.79333,-3.47504,80.78119,14.02937,14.04905,24.88118,27.82160
2991.32740,-0.79601,-3.45628,80.88654,14.08960,14.09198,24.86669,27.83826
2991.33740,-0.81804,-3.45104,80.89281,14.07029,14.13205,24.84787,27.84261
2991.34740,-0.80005,-3.45495,80.84687,14.07603,14.09645,24.85361,27.82078
2991.35740,-0.78670,-3.45785,80.81281,14.08029,14.07005,24.85787,27.80461
2991.36740,-0.80085,-3.46276,80.79619,14.06521,14.06193,24.83853,27.83051
2991.37740,-0.81910,-3.46870,80.78252,14.04897,14.05235,24.81414,27.86706
2991.38740,-0.79650,-3.45876,80.85081,14.09029,14.07005,24.84787,27.84261
2991.39740,-0.79650,-3.45876,80.85081,14.09029,14.07005,24.84787,27.84261
2991.40740,-0.80495,-3.45481,80.84606,14.05324,14.11945,24.86687,27.80651
2991.41740,-0.80641,-3.45025,80.76886,14.05984,14.10210,24.82037,27.78656
2991.42740,-0.80772,-3.45101,80.75663,14.05674,14.09824,24.81514,27.78652
2991.43740,-0.82025,-3.46094,80.67481,14.02129,14.07005,24.78787,27.79561
2991.44740,-0.81677,-3.46085,80.69001,14.03109,14.06585,24.79187,27.80121
2991.45740,-0.81053,-3.46423,80.75740,14.05460,14.05383,24.81241,27.83656
2991.46740,-0.83660,-3.47690,80.77981,14.00129,14.07005,24.82787,27.88061
2991.47740,-0.83372,-3.47082,80.76862,14.01123,14.07776,24.81792,27.86171
2991.48740,-0.82758,-3.45787,80.74481,14.03240,14.09416,24.79676,27.82150
2991.49740,-0.80269,-3.46416,80.79381,14.04129,14.08005,24.85787,27.81461
2991.50740,-0.79112,-3.46037,80.76713,14.05463,14.07085,24.85327,27.78839
2991.51740,-0.77753,-3.45592,80.73581,14.07029,14.06005,24.84787,27.75761
2991.52740,-0.78234,-3.45121,80.75445,14.07029,14.08324,24.84787,27.75306
2991.53740,-0.78427,-3.45508,80.72431,14.06146,14.06784,24.83857,27.75643
2991.54740,-0.77983,-3.46607,80.66381,14.05129,14.01805,24.82787,27.76661
2991.55740,-0.77983,-3.46607,80.66381,14.05129,14.01805,24.82787,27.76661
2991.56740,-0.78188,-3.46349,80.81281,14.06029,14.07005,24.88687,27.79561
2991.57740,-0.78912,-3.46562,80.79197,14.04851,14.06703,24.87509,27.80134
2991.58740,-0.80523,-3.47035,80.74567,14.02233,14.06032,24.84891,27.81410
2991.59740,-0.77327,-3.48125,80.76081,14.04129,14.00805,24.89687,27.81461
2991.60740,-0.77090,-3.47543,80.75850,14.05086,14.01828,24.89060,27.79877
2991.61740,-0.78278,-3.47300,80.78483,14.04455,14.04235,24.88744,27.81050
2991.62740,-0.81662,-3.49202,80.84781,13.99229,14.04905,24.90687,27.89961
2991.63740,-0.81155,-3.49330,80.84187,13.98569,14.04905,24.92007,27.88707
2991.64740,-0.80127,-3.49590,80.82981,13.97229,14.04905,24.94687,27.86161
2991.65740,-0.79222,-3.49864,80.78133,13.97552,14.01932,24.93717,27.84932
2991.66740,-0.76112,-3.50127,80.76231,14.00506,13.97388,24.95647,27.82691
2991.67740,-0.73661,-3.49497,80.92981,14.05129,14.00805,25.03687,27.83361
2991.68740,-0.73661,-3.49497,80.92981,14.05129,14.00805,25.03687,27.83361
2991.69740,-0.78084,-3.49385,80.86357,14.01129,14.02905,24.96227,27.86097
2991.70740,-0.77444,-3.50088,80.93557,14.01129,14.02905,25.00893,27.88630
2991.71740,-0.77598,-3.50339,80.93745,14.00774,14.02433,25.01050,27.89488
2991.72740,-0.80230,-3.51660,80.83381,13.97229,13.97705,24.94687,27.93761
2991.73740,-0.79565,-3.51702,80.80803,13.96605,13.97289,24.95310,27.91598
2991.74740,-0.77504,-3.52027,80.73196,13.94229,13.95884,24.97865,27.85218
2991.75740,-0.79694,-3.52789,80.83381,13.94229,13.96705,24.98687,27.93761
2991.76740,-0.79557,-3.52681,80.82611,13.94459,13.96590,24.98342,27.93220
2991.77740,-0.78871,-3.52144,80.78761,13.95608,13.96016,24.96618,27.90519
2991.78740,-0.78500,-3.51853,80.76681,13.96229,13.95705,24.95687,27.89061
2991.79740,-0.78594,-3.51602,80.80826,13.95773,13.98484,24.97964,27.88605
2991.80740,-0.77306,-3.51475,80.84979,13.95674,14.00469,25.02469,27.86368
2991.81740,-0.75564,-3.51691,80.83981,13.96229,13.98805,25.04687,27.84261
2991.82740,-0.76501,-3.52542,80.89681,13.95729,13.98255,25.06187,27.89511
2991.83740,-0.79212,-3.52824,80.91584,13.94585,13.99057,25.03181,27.94761
2991.84740,-0.80196,-3.52509,80.89481,13.94229,13.99805,25.00687,27.94761
2991.85740,-0.76996,-3.53325,80.86772,13.94229,13.95975,25.05358,27.91211
2991.86740,-0.78938,-3.54031,80.80004,13.91580,13.93787,25.01119,27.93518
2991.87740,-0.79144,-3.54092,80.79381,13.91329,13.93605,25.00687,27.93761
2991.88740,-0.82149,-3.55250,80.70338,13.83199,13.94519,24.98860,27.93761
2991.89740,-0.82434,-3.55360,80.69481,13.82429,13.94605,24.98687,27.93761
2991.90740,-0.79650,-3.54960,80.70335,13.87079,13.91663,24.99636,27.91958
2991.91740,-0.77951,-3.55759,80.89758,13.92032,13.90565,25.07211,27.99950
2991.92740,-0.77853,-3.55811,80.90981,13.92329,13.90505,25.07687,28.00461
2991.93740,-0.78756,-3.55650,80.89325,13.91500,13.91334,25.06030,28.00461
2991.94740,-0.78440,-3.56170,80.92251,13.91329,13.90667,25.08202,28.02054
2991.95740,-0.78343,-3.56276,80.92881,13.91329,13.90505,25.08687,28.02361
2991.96740,-0.78501,-3.55734,81.01762,13.93736,13.93078,25.10264,28.04685
2991.97740,-0.78534,-3.55623,81.03581,13.94229,13.93605,25.10587,28.05161
2991.98740,-0.77131,-3.55924,80.94866,13.90992,13.92775,25.12247,27.98853
2991.99740,-0.78424,-3.56284,80.84206,13.87124,13.91701,25.08560,27.96821
2992.00740,-0.78767,-3.56349,80.82281,13.86429,13.91505,25.07687,27.96661
2992.01740,-0.79252,-3.55965,80.75461,13.88812,13.88136,25.01112,27.97400
2992.02740,-0.79358,-3.55882,80.73981,13.89329,13.87405,24.99687,27.97561
2992.03740,-0.80342,-3.57109,80.70715,13.83081,13.88186,25.02527,27.96922
2992.04740,-0.79204,-3.56584,80.74919,13.86067,13.88505,25.03687,27.96661
2992.05740,-0.78576,-3.56164,80.77181,13.88329,13.88505,25.03687,27.96661
2992.06740,-0.77092,-3.54389,80.81707,13.91864,13.92818,25.05101,27.91923
2992.07740,-0.75258,-3.54057,80.73037,13.93329,13.89544,25.02875,27.87289
2992.08740,-0.74742,-3.54227,80.68581,13.93329,13.87405,25.01687,27.86161
2992.09740,-0.76141,-3.53775,80.78212,13.95367,13.90288,25.01687,27.90871
2992.10740,-0.76732,-3.53584,80.82281,13.96229,13.91505,25.01687,27.92861
2992.11740,-0.77187,-3.53812,80.77199,13.94040,13.91134,25.00574,27.91451
2992.12740,-0.77849,-3.54142,80.69833,13.90868,13.90597,24.98961,27.89408
2992.13740,-0.81054,-3.53937,80.85674,13.89507,13.98148,25.01974,27.96046
2992.14740,-0.81722,-3.53880,80.89381,13.89329,13.99805,25.02687,27.97561
2992.15740,-0.80294,-3.52994,80.85831,13.90288,14.00765,25.02687,27.92091
2992.16740,-0.79214,-3.53523,80.79537,13.94073,13.92933,24.97887,27.94645
2992.17740,-0.79172,-3.53546,80.79281,13.94229,13.92605,24.97687,27.94761
2992.18740,-0.78730,-3.55053,80.86081,13.92329,13.91505,25.03687,27.98561
2992.19740,-0.78559,-3.54942,80.85417,13.92249,13.91753,25.03767,27.97649
2992.20740,-0.76817,-3.53825,80.77684,13.90771,13.94525,25.04767,27.87621
2992.21740,-0.79439,-3.55768,80.76581,13.84429,13.93605,25.05687,27.92861
2992.22740,-0.79114,-3.55673,80.77445,13.85141,13.93525,25.05999,27.92781
2992.23740,-0.75512,-3.54434,80.86873,13.93697,13.92605,25.08710,27.91861
2992.24740,-0.76480,-3.53381,80.83381,13.96229,13.92605,25.02687,27.91861
2992.25740,-0.76950,-3.53753,80.83426,13.94474,13.93055,25.03587,27.92311
2992.26740,-0.77524,-3.54209,80.83481,13.92329,13.93605,25.04687,27.92861
2992.27740,-0.77606,-3.54348,80.83183,13.91733,13.93605,25.04985,27.92861
2992.28740,-0.77790,-3.54657,80.82521,13.90408,13.93605,25.05647,27.92861
2992.29740,-0.74443,-3.54809,80.98081,13.96229,13.92605,25.13587,27.95661
2992.30740,-0.74801,-3.54636,80.94654,13.95364,13.92903,25.12126,27.94260
2992.31740,-0.75599,-3.54251,80.87038,13.93444,13.93566,25.08881,27.91147
2992.32740,-0.76668,-3.54245,80.86181,13.95229,13.91505,25.04687,27.94761
2992.33740,-0.76607,-3.54145,80.87257,13.93995,13.93467,25.06553,27.93242
2992.34740,-0.76475,-3.53927,80.89581,13.91329,13.97705,25.10587,27.89961
2992.35740,-0.76650,-3.54871,80.84974,13.89401,13.94699,25.09966,27.90908
2992.36740,-0.76899,-3.56160,80.80889,13.87317,13.90809,25.09615,27.93149
2992.37740,-0.76663,-3.54763,80.92381,13.91329,13.95705,25.11587,27.93761
2992.38740,-0.76954,-3.54238,80.90748,13.92295,13.96039,25.09287,27.93127
2992.39740,-0.77539,-3.53188,80.87481,13.94229,13.96705,25.04687,27.91861
2992.40740,-0.77891,-3.53864,80.84801,13.92058,13.95554,25.04908,27.92281
2992.41740,-0.78958,-3.55915,80.76681,13.85481,13.92064,25.05579,27.93557
2992.42740,-0.75491,-3.55629,80.77481,13.88329,13.90505,25.09587,27.89061
2992.43740,-0.75233,-3.55256,80.76092,13.89171,13.90505,25.08555,27.87861
2992.44740,-0.74426,-3.54091,80.71750,13.91802,13.90505,25.05331,27.84111
2992.45740,-0.77003,-3.54569,80.87481,13.90329,13.95705,25.09587,27.91861
2992.46740,-0.76728,-3.53997,80.86015,13.91853,13.95705,25.07869,27.90587
2992.47740,-0.75575,-3.51601,80.79881,13.98229,13.95705,25.00687,27.85261
2992.48740,-0.75306,-3.51858,80.78842,13.97605,13.95061,25.01310,27.84866
2992.49740,-0.74068,-3.52818,80.76250,13.95550,13.92819,25.04425,27.83457
2992.50740,-0.73003,-3.52730,80.83095,13.97154,13.93889,25.08114,27.83938
2992.51740,-0.72825,-3.52408,80.86316,13.97809,13.95487,25.09348,27.83673
2992.52740,-0.73967,-3.51524,80.80350,13.96437,13.97932,25.05705,27.80276
2992.53740,-0.70642,-3.51930,80.77181,13.97229,13.94605,25.09587,27.75761
2992.54740,-0.70890,-3.52072,80.77685,13.96900,13.94605,25.09696,27.76483
2992.55740,-0.72016,-3.52716,80.79973,13.95408,13.94605,25.10194,27.79767
2992.56740,-0.72782,-3.53118,80.81305,13.94332,13.94719,25.10483,27.81771
2992.57740,-0.71413,-3.52491,80.78128,13.95374,13.94802,25.10461,27.77491
2992.58740,-0.70044,-3.53881,80.82433,13.96037,13.90696,25.14434,27.81266
2992.59740,-0.69892,-3.54193,80.82970,13.96148,13.89667,25.14867,27.82288
2992.60740,-0.72673,-3.53146,80.74881,13.95229,13.91505,25.06687,27.81461
2992.61740,-0.72682,-3.53372,80.75584,13.94752,13.91425,25.07487,27.81921
2992.62740,-0.72575,-3.55739,80.83878,13.89860,13.90784,25.16587,27.86648
2992.63740,-0.70477,-3.53721,80.86881,13.95229,13.93605,25.16587,27.81461
2992.64740,-0.70697,-3.53740,80.85449,13.94917,13.93357,25.15795,27.81381
2992.65740,-0.73423,-3.54021,80.69685,13.91009,13.90833,25.06999,27.80845
2992.66740,-0.75568,-3.54783,80.77781,13.87329,13.94605,25.10587,27.85261
2992.67740,-0.75568,-3.54783,80.77781,13.87329,13.94605,25.10587,27.85261
2992.68740,-0.71516,-3.54664,80.86711,13.95522,13.89910,25.14269,27.87010
2992.69740,-0.71168,-3.54654,80.87481,13.96229,13.89505,25.14587,27.87161
2992.70740,-0.72760,-3.53121,80.85771,13.96229,13.94350,25.10787,27.84406
2992.71740,-0.69580,-3.52014,80.88752,14.00931,13.94605,25.13465,27.79751
2992.72740,-0.69442,-3.51971,80.88881,14.01129,13.94605,25.13587,27.79561
2992.73740,-0.70096,-3.52287,80.75729,13.97385,13.92685,25.09747,27.75913
2992.74740,-0.72832,-3.51932,80.79934,13.95328,13.97453,25.08731,27.78422
2992.75740,-0.72974,-3.51913,80.80181,13.95229,13.97705,25.08687,27.78561
2992.76740,-0.73242,-3.52241,80.79561,13.94249,13.97305,25.08867,27.79141
2992.77740,-0.74315,-3.53558,80.77081,13.90329,13.95705,25.09587,27.81461
2992.78740,-0.73964,-3.53340,80.76368,13.92158,13.94403,25.08068,27.81740
2992.79740,-0.71824,-3.53135,80.77665,13.96589,13.91145,25.08255,27.81676
2992.80740,-0.69414,-3.53633,80.82781,13.97229,13.90505,25.14587,27.80461
2992.81740,-0.71842,-3.53008,80.80423,13.95317,13.93820,25.10826,27.80461
2992.82740,-0.72671,-3.52775,80.80345,13.94229,13.95705,25.10330,27.80081
2992.83740,-0.71912,-3.52944,80.82081,13.94229,13.95705,25.12587,27.79561
2992.84740,-0.69606,-3.51881,80.78719,13.98278,13.94264,25.11214,27.74963
2992.85740,-0.68551,-3.51394,80.77181,14.00129,13.93605,25.10587,27.72861
2992.86740,-0.69739,-3.52006,80.74573,13.98134,13.92531,25.09104,27.74804
2992.87740,-0.71632,-3.51953,80.73718,13.98430,13.92126,25.04865,27.78297
2992.88740,-0.72216,-3.51462,80.74981,14.00129,13.92605,25.02687,27.79561
2992.89740,-0.72216,-3.51462,80.74981,14.00129,13.92605,25.02687,27.79561
2992.90740,-0.73261,-3.51622,80.83797,13.97680,13.97533,25.07446,27.81137
2992.91740,-0.74528,-3.52168,80.85981,13.94229,13.99805,25.09587,27.82361
2992.92740,-0.72174,-3.50293,80.81689,13.99391,13.99805,25.06745,27.75749
2992.93740,-0.70469,-3.48934,80.78581,14.03129,13.99805,25.04687,27.70961
2992.94740,-0.70924,-3.49143,80.75610,14.03129,13.98034,25.02401,27.72046
2992.95740,-0.72609,-3.49392,80.76310,14.00889,13.99634,25.01835,27.73952
2992.96740,-0.73605,-3.49461,80.78481,13.99229,14.01805,25.02687,27.74761
2992.97740,-0.73805,-3.49148,80.77115,14.00529,14.01139,25.00353,27.75094
2992.98740,-0.74394,-3.49514,80.77021,13.99653,14.00685,25.00087,27.76597
2992.99740,-0.74633,-3.50775,80.80381,13.95229,14.01805,25.05687,27.77661
2993.00740,-0.74273,-3.50225,80.75677,13.96509,14.00845,25.02807,27.75517
2993.01740,-0.73507,-3.49054,80.65681,13.99229,13.98805,24.96687,27.70961
2993.02740,-0.75405,-3.48900,80.66791,13.98629,14.00335,24.94287,27.73541
2993.03740,-0.79622,-3.48558,80.69258,13.97295,14.03735,24.88953,27.79274
2993.04740,-0.78117,-3.50435,80.77481,13.92329,14.04905,25.00687,27.79561
2993.05740,-0.77623,-3.49969,80.80421,13.94669,14.05235,25.00687,27.79831
2993.06740,-0.76525,-3.48935,80.86955,13.99869,14.05969,25.00687,27.80431
2993.07740,-0.75725,-3.49459,80.78181,14.00129,14.00805,24.97687,27.79561
2993.08740,-0.76414,-3.49386,80.79571,13.98868,14.02809,24.98333,27.79561
2993.09740,-0.77855,-3.49231,80.82481,13.96229,14.07005,24.99687,27.79561
2993.10740,-0.76567,-3.49982,80.77498,13.95569,14.03276,25.00347,27.78307
2993.11740,-0.74627,-3.51820,80.73420,13.95219,13.95705,25.02347,27.80150
2993.12740,-0.76003,-3.52449,80.85681,13.97229,13.95705,25.03687,27.89061
2993.13740,-0.75896,-3.52022,80.83345,13.95981,13.97657,25.04007,27.85701
2993.14740,-0.75183,-3.51152,80.75763,13.93943,14.00157,25.03717,27.77947
2993.15740,-0.74163,-3.51228,80.70281,13.95229,13.96705,25.01687,27.76661
2993.16740,-0.74163,-3.51228,80.70281,13.95229,13.96705,25.01687,27.76661
2993.17740,-0.76721,-3.52788,80.72081,13.91329,13.95705,25.01687,27.83361
2993.18740,-0.76106,-3.52499,80.72739,13.92580,13.95705,25.01899,27.82555
2993.19740,-0.74037,-3.51690,80.76009,13.96575,13.95705,25.03340,27.80388
2993.20740,-0.74807,-3.52642,80.78981,13.94229,13.95705,25.05687,27.83361
2993.21740,-0.75119,-3.52343,80.81506,13.95077,13.96787,25.05475,27.84167
2993.22740,-0.75758,-3.51425,80.88879,13.98229,13.99441,25.04687,27.86523
2993.23740,-0.73923,-3.52097,80.81781,13.98229,13.94605,25.04687,27.84261
2993.24740,-0.73923,-3.52097,80.81781,13.98229,13.94605,25.04687,27.84261
2993.25740,-0.74467,-3.52207,80.83200,13.96282,13.96651,25.06304,27.83964
2993.26740,-0.75571,-3.52431,80.86081,13.92329,14.00805,25.09587,27.83361
2993.27740,-0.73420,-3.51563,80.84530,13.96553,13.99122,25.08630,27.80226
2993.28740,-0.70138,-3.49876,80.81480,14.02192,13.98411,25.07644,27.73234
2993.29740,-0.72344,-3.50028,80.81681,13.96229,14.03905,25.09587,27.71961
2993.30740,-0.72978,-3.50351,80.79001,13.96734,14.01326,25.06603,27.74338
2993.31740,-0.73441,-3.51001,80.72219,13.92795,14.00615,25.06401,27.72408
2993.32740,-0.73425,-3.51036,80.71781,13.92329,14.00805,25.06687,27.71961
2993.33740,-0.71855,-3.49919,80.79286,13.97934,14.01755,25.07637,27.71961
2993.34740,-0.71772,-3.49860,80.79681,13.98229,14.01805,25.07687,27.71961
2993.35740,-0.73745,-3.50268,80.87107,13.94469,14.06693,25.11353,27.74593
2993.36740,-0.73101,-3.48975,80.84608,14.01806,14.03073,25.04009,27.75720
2993.37740,-0.73069,-3.48919,80.84481,14.02129,14.02905,25.03687,27.75761
2993.38740,-0.75930,-3.48068,80.76331,13.98475,14.06746,24.98066,27.73044
2993.39740,-0.74120,-3.50378,80.68045,13.94901,13.99269,25.01014,27.72861
2993.40740,-0.73715,-3.50857,80.66481,13.94229,13.97705,25.01687,27.72861
2993.41740,-0.75338,-3.49744,80.71472,13.95461,14.02141,24.99838,27.74031
2993.42740,-0.76349,-3.49051,80.74581,13.96229,14.04905,24.98687,27.74761
2993.43740,-0.74842,-3.47882,80.74117,13.99477,14.05635,24.98024,27.70982
2993.44740,-0.74228,-3.47759,80.76134,14.01129,14.05120,24.98491,27.71394
2993.45740,-0.74265,-3.47873,80.76681,14.01129,14.04905,24.98687,27.71961
2993.46740,-0.73929,-3.47977,80.77586,14.02725,14.03255,24.98154,27.73451
2993.47740,-0.73633,-3.48068,80.78381,14.04129,14.01805,24.97687,27.74761
2993.48740,-0.73542,-3.47796,80.80003,14.03175,14.04286,24.99595,27.72948
2993.49740,-0.73600,-3.47624,80.77542,14.01442,14.05774,25.00029,27.70298
2993.50740,-0.74114,-3.48029,80.63881,13.99229,14.01805,24.94687,27.68161
2993.51740,-0.73911,-3.46789,80.71684,14.02673,14.05461,24.95390,27.68161
2993.52740,-0.72655,-3.48021,80.74912,14.00733,14.04164,25.01231,27.68784
2993.53740,-0.72137,-3.48798,80.74881,13.99229,14.02905,25.03687,27.69061
2993.54740,-0.72361,-3.47540,80.78798,14.01865,14.06085,25.02523,27.68324
2993.55740,-0.72716,-3.45556,80.84981,14.06029,14.11105,25.00687,27.67161
2993.56740,-0.72286,-3.46502,80.80759,14.05108,14.07201,25.00369,27.68081
2993.57740,-0.71178,-3.48244,80.76399,14.01818,14.02802,25.03618,27.68161
2993.58740,-0.71083,-3.48089,80.78881,14.01129,14.04905,25.05687,27.67161
2993.59740,-0.70133,-3.47387,80.81752,14.04613,14.04905,25.05364,27.66870
2993.60740,-0.71675,-3.46499,80.82670,14.06301,14.06686,25.01241,27.68443
2993.61740,-0.74298,-3.46932,80.78881,14.02129,14.08005,24.98687,27.70061
2993.62740,-0.72895,-3.46797,80.80493,14.04950,14.06220,24.99262,27.70061
2993.63740,-0.71862,-3.46699,80.81681,14.07029,14.04905,24.99687,27.70061
2993.64740,-0.71581,-3.46530,80.81797,14.06449,14.06123,25.00847,27.68379
2993.65740,-0.71220,-3.46063,80.81912,14.06954,14.07314,25.01070,27.66574
2993.66740,-0.70949,-3.45468,80.81965,14.08550,14.07846,25.00006,27.65564
2993.67740,-0.70868,-3.45289,80.81981,14.09029,14.08005,24.99687,27.65261
2993.68740,-0.71021,-3.45633,80.83547,14.07764,14.08597,25.01422,27.65763
2993.69740,-0.69027,-3.45765,80.81081,14.09029,14.06005,25.02687,27.63361
2993.70740,-0.69856,-3.45655,80.81958,14.08804,14.06927,25.01788,27.64439
2993.71740,-0.72716,-3.45274,80.84981,14.08029,14.10105,24.98687,27.68161
2993.72740,-0.72186,-3.45385,80.81678,14.07726,14.08863,24.98384,27.66706
2993.73740,-0.71752,-3.45406,80.77119,14.07959,14.06966,24.96757,27.65438
2993.74740,-0.73503,-3.44884,80.83881,14.10029,14.09105,24.94687,27.70061
2993.75740,-0.73157,-3.44968,80.79369,14.08801,14.08461,24.94380,27.67728
2993.76740,-0.71832,-3.45854,80.70848,14.06029,14.05127,24.95505,27.64188
2993.77740,-0.70583,-3.47451,80.74681,14.06029,14.00805,24.99687,27.68161
2993.78740,-0.70583,-3.47451,80.74681,14.06029,14.00805,24.99687,27.68161
2993.79740,-0.68559,-3.46701,80.73081,14.06029,14.02905,25.02687,27.61461
2993.80740,-0.68559,-3.46701,80.73081,14.06029,14.02905,25.02687,27.61461
2993.81740,-0.70771,-3.46355,80.66421,14.06356,14.01482,24.95014,27.63568
2993.82740,-0.71023,-3.45659,80.74524,14.08080,14.05046,24.96738,27.64660
2993.83740,-0.71162,-3.45276,80.78981,14.09029,14.07005,24.97687,27.65261
2993.84740,-0.71637,-3.44247,80.82048,14.09951,14.10802,24.97361,27.63934
2993.85740,-0.73123,-3.45142,80.78481,14.03129,14.13205,24.99687,27.62461
2993.86740,-0.73123,-3.45142,80.78481,14.03129,14.13205,24.99687,27.62461
