time_s,cop_x_cm,cop_y_cm,mass_kg,tr_kg,tl_kg,br_kg,bl_kg
3025.34030,-0.69376,1.71026,73.55673,20.19023,22.10573,15.40960,15.85117
3025.35030,-0.69381,1.71016,73.55672,20.19013,22.10551,15.40960,15.85148
3025.36030,-0.69959,1.70044,73.55513,20.17955,22.08382,15.40960,15.88217
3025.37030,-0.71831,1.66737,73.74893,20.17023,22.09753,15.48080,16.00037
3025.38030,-0.72172,1.66121,73.79847,20.17029,22.10590,15.49888,16.02339
3025.39030,-0.72250,1.65544,73.87176,20.17597,22.12352,15.52729,16.04498
3025.40030,-0.72308,1.65112,73.92673,20.18023,22.13673,15.54860,16.06117
3025.41030,-0.72050,1.64735,73.93872,20.18278,22.12882,15.55625,16.07087
3025.42030,-0.72981,1.64179,74.01423,20.19330,22.14347,15.56633,16.11114
3025.43030,-0.76779,1.65405,74.10573,20.20023,22.22873,15.53860,16.13817
3025.44030,-0.75133,1.65790,74.05773,20.19023,22.22373,15.55360,16.09017
3025.45030,-0.75343,1.66945,73.94054,20.15549,22.22883,15.52820,16.02803
3025.46030,-0.77168,1.67702,73.87273,20.13123,22.23873,15.48860,16.01417
3025.47030,-0.76955,1.67025,73.63131,20.08117,22.12847,15.42587,15.99580
3025.48030,-0.73709,1.64282,73.67365,20.06639,22.07888,15.51631,16.01207
3025.49030,-0.72424,1.63316,73.74873,20.07223,22.08473,15.56860,16.02317
3025.50030,-0.71015,1.62668,73.84752,20.10772,22.08473,15.60489,16.05019
3025.51030,-0.68937,1.61712,73.99373,20.16023,22.08473,15.65860,16.09017
3025.52030,-0.69814,1.59975,74.12585,20.16023,22.10369,15.70753,16.15440
3025.53030,-0.70836,1.59633,74.26422,20.20309,22.12858,15.71411,16.21844
3025.54030,-0.71131,1.60112,74.29873,20.23023,22.13673,15.69860,16.23317
3025.55030,-0.70907,1.59764,74.16817,20.17519,22.10601,15.69433,16.19264
3025.56030,-0.69740,1.59269,73.98551,20.11027,22.05073,15.69086,16.13366
3025.57030,-0.66772,1.59179,73.96073,20.14123,22.00273,15.69860,16.11817
3025.58030,-0.68120,1.60703,73.89356,20.11598,22.03909,15.66830,16.07019
3025.59030,-0.69444,1.62199,73.82773,20.09123,22.07473,15.63860,16.02317
3025.60030,-0.68865,1.62228,73.80734,20.09633,22.05892,15.63350,16.01859
3025.61030,-0.68976,1.60892,73.79406,20.08428,22.02016,15.63722,16.05239
3025.62030,-0.70313,1.58166,73.80670,20.05037,21.97304,15.65446,16.12883
3025.63030,-0.71573,1.58344,73.80368,20.03466,21.99278,15.64724,16.12900
3025.64030,-0.71491,1.57697,73.84937,20.02587,22.00664,15.67951,16.13736
3025.65030,-0.68658,1.54183,73.94673,20.03223,21.94173,15.76860,16.20417
3025.66030,-0.68492,1.55492,73.94569,20.05277,21.96305,15.75040,16.17947
3025.67030,-0.68065,1.58849,73.94303,20.10544,22.01771,15.70373,16.11614
3025.68030,-0.68440,1.58688,73.97700,20.10889,22.02842,15.71033,16.12936
3025.69030,-0.70203,1.57441,74.06601,20.10628,22.04120,15.72587,16.19265
3025.70030,-0.71360,1.58851,73.99873,20.12123,22.03373,15.65860,16.18517
3025.71030,-0.70982,1.59565,73.97522,20.12858,22.03618,15.64636,16.16411
3025.72030,-0.70286,1.61923,73.88254,20.14169,22.04663,15.60030,16.09392
3025.73030,-0.72107,1.62504,73.80488,20.10499,22.05780,15.56839,16.07371
3025.74030,-0.73238,1.62865,73.75673,20.08223,22.06473,15.54860,16.06117
3025.75030,-0.70525,1.62514,73.73294,20.09744,22.02456,15.56810,16.04284
3025.76030,-0.66278,1.61963,73.69573,20.12123,21.96173,15.59860,16.01417
3025.77030,-0.68055,1.60719,73.75923,20.09673,21.98223,15.62360,16.05667
3025.78030,-0.69998,1.60027,73.81718,20.08688,22.00273,15.62840,16.09917
3025.79030,-0.70163,1.60566,73.81173,20.10123,22.00273,15.60860,16.09917
3025.80030,-0.70352,1.58195,73.84240,20.06213,21.98252,15.65930,16.13845
3025.81030,-0.68752,1.56083,73.90873,20.05223,21.96173,15.72860,16.16617
3025.82030,-0.68797,1.56095,73.91029,20.05272,21.96254,15.72810,16.16693
3025.83030,-0.73254,1.57368,74.06573,20.10123,22.04373,15.67860,16.24217
3025.84030,-0.73254,1.57368,74.06573,20.10123,22.04373,15.67860,16.24217
3025.85030,-0.67772,1.54041,73.93530,20.05244,21.91041,15.75799,16.21446
3025.86030,-0.68884,1.54450,73.89273,20.07223,21.87973,15.69860,16.24217
3025.87030,-0.68884,1.54450,73.89273,20.07223,21.87973,15.69860,16.24217
3025.88030,-0.67041,1.55203,73.87875,20.08046,21.88795,15.71505,16.19529
3025.89030,-0.68735,1.56158,73.70716,20.02388,21.87794,15.65966,16.14568
3025.90030,-0.70198,1.56713,73.58973,19.98323,21.86973,15.61860,16.11817
3025.91030,-0.69990,1.54118,73.69885,19.97619,21.85494,15.68196,16.18576
3025.92030,-0.69903,1.53029,73.74473,19.97323,21.84873,15.70860,16.21417
3025.93030,-0.72330,1.53297,73.79930,19.94333,21.91824,15.72355,16.21417
3025.94030,-0.68753,1.51829,73.95573,20.00748,21.89523,15.79610,16.25692
3025.95030,-0.67291,1.51311,74.00173,20.03223,21.87973,15.81860,16.27117
3025.96030,-0.69173,1.49749,74.05423,19.98798,21.90298,15.85610,16.30717
3025.97030,-0.71768,1.50346,74.03386,19.98066,21.91815,15.80919,16.32586
3025.98030,-0.72451,1.50733,74.02073,19.98323,21.92073,15.78860,16.32817
3025.99030,-0.72044,1.50902,73.98968,19.97114,21.92073,15.79263,16.30519
3026.00030,-0.72464,1.52004,73.85204,19.93514,21.91449,15.75494,16.24747
3026.01030,-0.73081,1.52519,73.79673,19.92423,21.91073,15.72860,16.23317
3026.02030,-0.71468,1.54386,73.68815,19.95412,21.87962,15.67370,16.18071
3026.03030,-0.70435,1.55583,73.61873,19.97323,21.85973,15.63860,16.14717
3026.04030,-0.70083,1.55947,73.65748,19.97735,21.88940,15.65921,16.13151
3026.05030,-0.69308,1.56832,73.75425,20.00588,21.94452,15.69070,16.11316
3026.06030,-0.68282,1.58207,73.91073,20.09123,21.99273,15.69860,16.12817
3026.07030,-0.67882,1.58702,73.90249,20.10544,21.98989,15.68724,16.11993
3026.08030,-0.67081,1.59693,73.88602,20.13385,21.98420,15.66451,16.10346
3026.09030,-0.67621,1.60581,74.03124,20.20089,22.02879,15.65860,16.14297
3026.10030,-0.67863,1.60785,74.07973,20.22023,22.04373,15.65860,16.15717
3026.11030,-0.71185,1.60718,73.93699,20.14506,22.03528,15.60792,16.14873
3026.12030,-0.71797,1.60706,73.91073,20.13123,22.03373,15.59860,16.14717
3026.13030,-0.67430,1.64358,73.72023,20.15707,22.01730,15.55503,15.99084
3026.14030,-0.66973,1.66182,73.73873,20.20023,22.04373,15.52860,15.96617
3026.15030,-0.68650,1.66567,73.76673,20.19273,22.07973,15.52110,15.97317
3026.16030,-0.73783,1.68491,73.85462,20.17751,22.20763,15.49132,15.97815
3026.17030,-0.74126,1.70895,73.86673,20.20023,22.26973,15.46860,15.92817
3026.18030,-0.72910,1.70647,73.85423,20.20514,22.24963,15.47840,15.92107
3026.19030,-0.69162,1.69885,73.81573,20.22023,22.18773,15.50860,15.89917
3026.20030,-0.70936,1.70606,73.79490,20.21212,22.20721,15.47640,15.89917
3026.21030,-0.75181,1.72420,73.73690,20.19357,22.25106,15.39460,15.89767
3026.22030,-0.73757,1.72071,73.73208,20.20234,22.22825,15.40776,15.89373
3026.23030,-0.72474,1.71758,73.72773,20.21023,22.20773,15.41960,15.89017
3026.24030,-0.73174,1.68294,73.72228,20.13866,22.16415,15.47662,15.94285
3026.25030,-0.72812,1.66427,73.80173,20.13123,22.15673,15.52860,15.98517
3026.26030,-0.73072,1.65801,73.85173,20.13452,22.16183,15.54505,16.01034
3026.27030,-0.74105,1.63307,74.05173,20.14768,22.18222,15.61084,16.11100
3026.28030,-0.74472,1.62988,74.09726,20.15332,22.19224,15.62090,16.13080
3026.29030,-0.74642,1.65802,74.03730,20.17890,22.22376,15.56347,16.07117
3026.30030,-0.69652,1.65465,74.11518,20.25766,22.17863,15.60772,16.07117
3026.31030,-0.69980,1.65908,74.10242,20.25725,22.18615,15.59634,16.06268
3026.32030,-0.74266,1.70421,73.95927,20.23738,22.27040,15.47374,15.97775
3026.33030,-0.71876,1.71629,73.78615,20.22865,22.21873,15.43960,15.89917
3026.34030,-0.72275,1.71456,73.77300,20.21550,22.21873,15.43960,15.89917
3026.35030,-0.69429,1.70479,73.68019,20.16105,22.18823,15.49763,15.83327
3026.36030,-0.69378,1.70464,73.67873,20.16023,22.18773,15.49860,15.83217
3026.37030,-0.73265,1.69114,73.61287,20.17043,22.09606,15.39045,15.95592
3026.38030,-0.70312,1.68750,73.72678,20.19030,22.12984,15.47588,15.93076
3026.39030,-0.68839,1.68568,73.78373,20.20023,22.14673,15.51860,15.91817
3026.40030,-0.67134,1.66656,73.93534,20.23383,22.13811,15.58751,15.97589
3026.41030,-0.68977,1.67216,73.94466,20.21352,22.18194,15.58087,15.96833
3026.42030,-0.69248,1.67327,73.94273,20.21023,22.18773,15.57860,15.96617
3026.43030,-0.67810,1.66660,73.89205,20.21023,22.13704,15.57860,15.96617
3026.44030,-0.67205,1.66379,73.87073,20.21023,22.11573,15.57860,15.96617
3026.45030,-0.67535,1.65032,73.88234,20.20298,22.08598,15.58585,16.00753
3026.46030,-0.67583,1.65009,73.90814,20.19634,22.10664,15.60417,16.00099
3026.47030,-0.67476,1.65685,73.93787,20.19094,22.15096,15.62579,15.97018
3026.48030,-0.70091,1.65039,73.86498,20.14584,22.13340,15.59098,15.99477
3026.49030,-0.68006,1.64547,73.80949,20.14877,22.08278,15.59675,15.98119
3026.50030,-0.66076,1.64383,73.78973,20.16023,22.05473,15.60860,15.96617
3026.51030,-0.66975,1.67426,73.88223,20.22973,22.13673,15.56860,15.94717
3026.52030,-0.67872,1.70460,73.97473,20.29923,22.21873,15.52860,15.92817
3026.53030,-0.68267,1.71373,74.01473,20.31619,22.25438,15.52425,15.91991
3026.54030,-0.68088,1.73506,73.98560,20.32670,22.29635,15.50269,15.85986
3026.55030,-0.67037,1.74948,73.86273,20.30923,22.28973,15.47860,15.78517
3026.56030,-0.66480,1.77832,73.75361,20.34581,22.28353,15.39862,15.72565
3026.57030,-0.67372,1.78554,73.69293,20.33165,22.28593,15.36820,15.70715
3026.58030,-0.68128,1.77910,73.69673,20.30923,22.28973,15.37960,15.71817
3026.59030,-0.67631,1.77258,73.81936,20.33973,22.30902,15.41695,15.75365
3026.60030,-0.67331,1.76864,73.89373,20.35823,22.32073,15.43960,15.77517
3026.61030,-0.67750,1.77111,73.87405,20.34905,22.32654,15.43210,15.76636
3026.62030,-0.67494,1.77630,73.90105,20.35627,22.35173,15.44232,15.75073
3026.63030,-0.65254,1.77034,74.02273,20.40723,22.35173,15.48860,15.77517
3026.64030,-0.64547,1.77851,74.02873,20.43223,22.35673,15.47860,15.76117
3026.65030,-0.63402,1.78987,73.94599,20.43471,22.34326,15.45554,15.71249
3026.66030,-0.62866,1.79376,73.83773,20.40723,22.32073,15.43960,15.67017
3026.67030,-0.61965,1.78681,73.83659,20.40723,22.29755,15.45442,15.67739
3026.68030,-0.60494,1.77546,73.83473,20.40723,22.25973,15.47860,15.68917
3026.69030,-0.60444,1.76008,73.82576,20.37642,22.23555,15.50590,15.70789
3026.70030,-0.60292,1.72651,73.85634,20.32823,22.19263,15.57154,15.76394
3026.71030,-0.60103,1.70218,73.97072,20.32823,22.17956,15.63036,15.83257
3026.72030,-0.60077,1.69878,73.98673,20.32823,22.17773,15.63860,15.84217
3026.73030,-0.64463,1.69344,74.12102,20.32823,22.23752,15.62880,15.92647
3026.74030,-0.64255,1.68030,74.09473,20.27923,22.22873,15.66860,15.91817
3026.75030,-0.64121,1.68204,74.09711,20.28506,22.22991,15.66622,15.91592
3026.76030,-0.63128,1.69492,74.11473,20.32823,22.23873,15.64860,15.89917
3026.77030,-0.62855,1.69934,74.06054,20.32169,22.22849,15.63350,15.87686
3026.78030,-0.61761,1.71707,73.84376,20.29552,22.18755,15.57310,15.78760
3026.79030,-0.60948,1.71380,73.71073,20.25923,22.13673,15.55860,15.75617
3026.80030,-0.60519,1.71770,73.69073,20.26408,22.13297,15.55133,15.74236
3026.81030,-0.57174,1.74093,73.56438,20.30173,22.09759,15.50911,15.65596
3026.82030,-0.55649,1.70737,73.68773,20.31823,22.04373,15.57860,15.74717
3026.83030,-0.55463,1.70816,73.67854,20.32086,22.03834,15.57466,15.74468
3026.84030,-0.54232,1.71333,73.61773,20.33823,22.00273,15.54860,15.72817
3026.85030,-0.54232,1.71333,73.61773,20.33823,22.00273,15.54860,15.72817
3026.86030,-0.54129,1.70476,73.70060,20.34947,22.01143,15.57950,15.76020
3026.87030,-0.54678,1.67676,73.99320,20.36553,22.07269,15.69672,15.85827
3026.88030,-0.55776,1.66843,74.10273,20.34823,22.12573,15.74860,15.88017
3026.89030,-0.53981,1.68938,74.09766,20.39820,22.14093,15.72688,15.83166
3026.90030,-0.54689,1.68172,74.21629,20.40850,22.17381,15.76228,15.87170
3026.91030,-0.54890,1.67946,74.23373,20.40723,22.17773,15.76860,15.88017
3026.92030,-0.55277,1.67656,74.05451,20.32197,22.15076,15.75990,15.82188
3026.93030,-0.55335,1.67612,74.02773,20.30923,22.14673,15.75860,15.81317
3026.94030,-0.57243,1.67098,73.82357,20.24763,22.07457,15.68820,15.81317
3026.95030,-0.54922,1.66405,73.82938,20.26512,22.03798,15.71311,15.81317
3026.96030,-0.54512,1.66306,73.83473,20.26923,22.03373,15.71860,15.81317
3026.97030,-0.54987,1.65658,73.85135,20.25204,22.03946,15.73579,15.82406
3026.98030,-0.54340,1.62828,73.94569,20.25349,22.00026,15.79136,15.90059
3026.99030,-0.53938,1.61883,73.97873,20.25923,21.98273,15.80860,15.92817
3027.00030,-0.55364,1.63386,73.92098,20.25173,22.00598,15.76360,15.89967
3027.01030,-0.55839,1.63888,73.90173,20.24923,22.01373,15.74860,15.89017
3027.02030,-0.55481,1.62899,73.99730,20.26428,22.02125,15.78622,15.92554
3027.03030,-0.58179,1.60960,73.99048,20.19498,22.02373,15.80610,15.96567
3027.04030,-0.59118,1.60421,73.97773,20.17023,22.02373,15.80860,15.97517
3027.05030,-0.59661,1.61240,73.93833,20.16617,22.03185,15.78422,15.95608
3027.06030,-0.62484,1.63834,73.91330,20.17276,22.09508,15.71729,15.92817
3027.07030,-0.63693,1.64667,73.93273,20.18023,22.12573,15.69860,15.92817
3027.08030,-0.62791,1.65496,73.95289,20.20543,22.13896,15.69860,15.90990
3027.09030,-0.62261,1.65983,73.96473,20.22023,22.14673,15.69860,15.89917
3027.10030,-0.61585,1.66559,73.95364,20.22023,22.15905,15.70476,15.86960
3027.11030,-0.59116,1.66895,73.91677,20.24478,22.12428,15.70444,15.84327
3027.12030,-0.56241,1.66864,73.87473,20.27923,22.06473,15.69860,15.83217
3027.13030,-0.56994,1.66073,73.83764,20.25863,22.03845,15.68830,15.85226
3027.14030,-0.57564,1.65121,73.78832,20.21915,22.01888,15.69405,15.85624
3027.15030,-0.57432,1.64927,73.77473,20.20023,22.02373,15.70860,15.84217
3027.16030,-0.57082,1.64674,73.82340,20.21990,22.02373,15.71860,15.86117
3027.17030,-0.56382,1.64169,73.92073,20.25923,22.02373,15.73860,15.89917
3027.18030,-0.56973,1.63349,73.93456,20.24839,22.01588,15.74607,15.92421
3027.19030,-0.59848,1.62566,73.99269,20.22263,22.04947,15.75100,15.96959
3027.20030,-0.62920,1.63529,74.04973,20.21023,22.12573,15.73860,15.97517
3027.21030,-0.62358,1.63392,73.94687,20.18840,22.08429,15.72010,15.95408
3027.22030,-0.61621,1.63612,73.81586,20.16093,22.04400,15.69651,15.91441
3027.23030,-0.62226,1.64841,73.93511,20.18713,22.12582,15.71790,15.90425
3027.24030,-0.62574,1.64743,73.89407,20.17057,22.11573,15.70860,15.89917
3027.25030,-0.62667,1.63316,73.69273,20.11123,22.01373,15.66860,15.89917
3027.26030,-0.62625,1.63817,73.67673,20.11594,22.01608,15.65684,15.88788
3027.27030,-0.61599,1.65413,73.65331,20.15573,22.01443,15.62314,15.86002
3027.28030,-0.58566,1.65290,73.75073,20.23923,21.98273,15.63860,15.89017
3027.29030,-0.58566,1.65290,73.75073,20.23923,21.98273,15.63860,15.89017
3027.30030,-0.60225,1.65586,73.91512,20.23280,22.09290,15.69669,15.89274
3027.31030,-0.58120,1.64358,73.98173,20.24923,22.07473,15.74860,15.90917
3027.32030,-0.57919,1.64918,74.00876,20.26109,22.09654,15.75334,15.89779
3027.33030,-0.57271,1.66720,74.09573,20.29923,22.16673,15.76860,15.86117
3027.34030,-0.57271,1.66720,74.09573,20.29923,22.16673,15.76860,15.86117
3027.35030,-0.58884,1.62700,73.97862,20.18912,22.07928,15.79416,15.91606
3027.36030,-0.60777,1.63988,73.95373,20.18023,22.11573,15.75860,15.89917
3027.37030,-0.60777,1.63988,73.95373,20.18023,22.11573,15.75860,15.89917
3027.38030,-0.61483,1.65265,73.95524,20.19534,22.14291,15.73217,15.88483
3027.39030,-0.61907,1.68715,73.95818,20.25524,22.19659,15.66644,15.83990
3027.40030,-0.60978,1.70405,73.95873,20.29923,22.20773,15.63860,15.81317
3027.41030,-0.61533,1.73824,73.85473,20.30923,22.24873,15.56860,15.72817
3027.42030,-0.61386,1.73611,73.84251,20.30407,22.23995,15.57032,15.72817
3027.43030,-0.60259,1.71969,73.74847,20.26433,22.17240,15.58357,15.72817
3027.44030,-0.60292,1.72364,73.80864,20.30736,22.17676,15.56922,15.75530
3027.45030,-0.60280,1.72415,73.81380,20.31040,22.17833,15.56890,15.75617
3027.46030,-0.57592,1.74205,74.02073,20.42723,22.23873,15.59860,15.75617
3027.47030,-0.57840,1.73699,74.06764,20.39272,22.28386,15.65170,15.73936
3027.48030,-0.57873,1.73634,74.07373,20.38823,22.28973,15.65860,15.73717
3027.49030,-0.55809,1.75036,74.09184,20.43802,22.29595,15.65294,15.70493
3027.50030,-0.54225,1.76112,74.10573,20.47623,22.30073,15.64860,15.68017
3027.51030,-0.51808,1.77030,73.88103,20.45743,22.21955,15.59911,15.60494
3027.52030,-0.52103,1.77955,73.78171,20.42423,22.22533,15.57880,15.55335
3027.53030,-0.52268,1.78428,73.73173,20.40723,22.22873,15.56860,15.52717
3027.54030,-0.53427,1.77562,73.71981,20.41575,22.18530,15.53454,15.58422
3027.55030,-0.52595,1.72037,73.82420,20.34941,22.13308,15.66597,15.67574
3027.56030,-0.52425,1.71153,73.84173,20.33823,22.12573,15.68860,15.68917
3027.57030,-0.51279,1.68962,73.85989,20.30611,22.09732,15.74913,15.70733
3027.58030,-0.49978,1.66474,73.88053,20.26960,22.06505,15.81791,15.72797
3027.59030,-0.49965,1.66449,73.88073,20.26923,22.06473,15.81860,15.72817
3027.60030,-0.48330,1.66029,74.00573,20.34823,22.04373,15.82860,15.78517
3027.61030,-0.47955,1.64811,74.09385,20.34823,22.05462,15.87810,15.81290
3027.62030,-0.47951,1.64799,74.09473,20.34823,22.05473,15.87860,15.81317
3027.63030,-0.50530,1.69350,73.92421,20.33843,22.11451,15.76100,15.71027
3027.64030,-0.49507,1.69850,73.86473,20.30923,22.12573,15.77860,15.65117
3027.65030,-0.52755,1.68612,73.76532,20.25018,22.08761,15.73375,15.69378
3027.66030,-0.53854,1.68193,73.73173,20.23023,22.07473,15.71860,15.70817
3027.67030,-0.50468,1.66816,73.74573,20.23473,22.03373,15.77860,15.69867
3027.68030,-0.48368,1.64851,73.87759,20.25114,22.02923,15.86241,15.73481
3027.69030,-0.50314,1.63960,74.05673,20.26923,22.08473,15.89860,15.80417
3027.70030,-0.49110,1.63880,74.04035,20.25033,22.09166,15.93010,15.76826
3027.71030,-0.46150,1.64713,74.06664,20.31420,22.06990,15.92970,15.75284
3027.72030,-0.44829,1.65230,74.08773,20.35823,22.05473,15.91860,15.75617
3027.73030,-0.44780,1.67032,74.07757,20.39175,22.07393,15.88095,15.73094
3027.74030,-0.44700,1.69986,74.06090,20.44668,22.10541,15.81922,15.68959
3027.75030,-0.48314,1.72304,73.92412,20.39862,22.15003,15.73860,15.63687
3027.76030,-0.50735,1.74038,73.78603,20.36013,22.16516,15.66833,15.59242
3027.77030,-0.50963,1.74478,73.70873,20.34823,22.14673,15.63860,15.57517
3027.78030,-0.50884,1.75653,73.69573,20.35323,22.17223,15.62860,15.54167
3027.79030,-0.51202,1.76122,73.69659,20.34833,22.19278,15.62850,15.52699
3027.80030,-0.51608,1.75401,73.71073,20.33823,22.18773,15.63860,15.54617
3027.81030,-0.50800,1.74989,73.75280,20.35811,22.17879,15.65301,15.56289
3027.82030,-0.49219,1.74183,73.83529,20.39710,22.16128,15.68126,15.59565
3027.83030,-0.48747,1.73022,73.88539,20.40025,22.14938,15.71064,15.62511
3027.84030,-0.48312,1.72277,73.97691,20.41825,22.15991,15.74480,15.65395
3027.85030,-0.47778,1.73730,74.04573,20.46723,22.19773,15.73860,15.64217
3027.86030,-0.48609,1.74857,74.02892,20.46350,22.22837,15.71991,15.61713
3027.87030,-0.48371,1.77357,73.94323,20.46711,22.25642,15.67847,15.54123
3027.88030,-0.44070,1.78967,73.79189,20.49311,22.19509,15.65180,15.45189
3027.89030,-0.44196,1.78511,73.74048,20.47648,22.16723,15.64110,15.45567
3027.90030,-0.46130,1.76559,73.64073,20.41723,22.10573,15.61860,15.49917
3027.91030,-0.46439,1.75493,73.64217,20.39587,22.09349,15.63540,15.51741
3027.92030,-0.47038,1.72184,73.66853,20.34293,22.05473,15.69105,15.57983
3027.93030,-0.45865,1.72389,73.73573,20.38823,22.05473,15.69860,15.59417
3027.94030,-0.45765,1.72347,73.77418,20.39843,22.06531,15.70892,15.60153
3027.95030,-0.45351,1.72172,73.93440,20.44090,22.10939,15.75193,15.63217
3027.96030,-0.46631,1.72059,74.04126,20.44842,22.15968,15.77484,15.65832
3027.97030,-0.49176,1.72049,74.05373,20.41723,22.19773,15.76860,15.67017
3027.98030,-0.50191,1.74556,73.97440,20.40080,22.24986,15.72893,15.59481
3027.99030,-0.50968,1.76477,73.91373,20.38823,22.28973,15.69860,15.53717
3028.00030,-0.48458,1.76671,73.89970,20.43642,22.23971,15.68640,15.53717
3028.01030,-0.47706,1.77269,73.75958,20.41294,22.20163,15.65420,15.49081
3028.02030,-0.48253,1.77573,73.67573,20.37823,22.19773,15.63860,15.46117
3028.03030,-0.45923,1.75202,73.70198,20.37823,22.13623,15.69110,15.49642
3028.04030,-0.43080,1.71879,73.77250,20.39220,22.05543,15.76007,15.56479
3028.05030,-0.42337,1.70969,73.79473,20.39723,22.03373,15.77860,15.58517
3028.06030,-0.43026,1.68749,73.94031,20.37867,22.06401,15.85676,15.64086
3028.07030,-0.43042,1.68697,73.94373,20.37823,22.06473,15.85860,15.64217
3028.08030,-0.47488,1.65859,74.01799,20.31883,22.07463,15.87840,15.74613
3028.09030,-0.44561,1.64765,73.98285,20.33817,21.99965,15.89189,15.75315
3028.10030,-0.43059,1.64226,73.96473,20.34823,21.96173,15.89860,15.75617
3028.11030,-0.42847,1.66313,74.06343,20.40904,22.02517,15.88979,15.73943
3028.12030,-0.45350,1.65306,74.05913,20.35651,22.04253,15.89740,15.76269
3028.13030,-0.45695,1.65130,74.05673,20.34823,22.04373,15.89860,15.76617
3028.14030,-0.45955,1.68907,73.92547,20.35586,22.08341,15.82228,15.66391
3028.15030,-0.46036,1.70082,73.88473,20.35823,22.09573,15.79860,15.63217
3028.16030,-0.45920,1.71531,73.78873,20.35823,22.08748,15.75360,15.58942
3028.17030,-0.46397,1.71299,73.94163,20.38051,22.14562,15.79801,15.61750
3028.18030,-0.46575,1.71051,74.00573,20.38823,22.16673,15.81860,15.63217
3028.19030,-0.47253,1.71462,73.88017,20.35903,22.13704,15.77480,15.60930
3028.20030,-0.47589,1.71771,73.78147,20.34740,22.10189,15.73243,15.59974
3028.21030,-0.46976,1.71569,73.83573,20.37823,22.09573,15.73860,15.62317
3028.22030,-0.45648,1.69963,73.81507,20.35945,22.05064,15.76991,15.63507
3028.23030,-0.45705,1.68479,73.83234,20.34823,22.02373,15.78860,15.67178
3028.24030,-0.43468,1.68037,73.85406,20.39085,21.97926,15.79478,15.68917
3028.25030,-0.41881,1.66565,73.94793,20.39368,21.98253,15.86504,15.70669
3028.26030,-0.41952,1.65655,74.00773,20.37823,22.00273,15.90860,15.71817
3028.27030,-0.41847,1.65579,74.01856,20.38001,22.00468,15.91392,15.71995
3028.28030,-0.42981,1.65360,74.15341,20.39727,22.05749,15.94336,15.75529
3028.29030,-0.44762,1.65506,74.24673,20.40723,22.10573,15.94860,15.78517
3028.30030,-0.44554,1.67563,74.18847,20.42388,22.12265,15.90698,15.73495
3028.31030,-0.44120,1.71859,74.06708,20.45856,22.15791,15.82028,15.63033
3028.32030,-0.44012,1.72935,74.03673,20.46723,22.16673,15.79860,15.60417
3028.33030,-0.44404,1.73974,73.82073,20.42223,22.12098,15.73110,15.54642
3028.34030,-0.46245,1.73474,73.82525,20.37769,22.15194,15.74648,15.54914
3028.35030,-0.46791,1.73203,73.84973,20.36823,22.16673,15.75860,15.55617
3028.36030,-0.44690,1.71824,73.86539,20.37693,22.12236,15.79340,15.57270
3028.37030,-0.46473,1.71103,73.93907,20.42956,22.08876,15.74640,15.67435
3028.38030,-0.45868,1.69848,73.94973,20.41467,22.06905,15.77684,15.68917
3028.39030,-0.44385,1.67943,73.94973,20.37823,22.04373,15.83860,15.68917
3028.40030,-0.45034,1.67299,73.93456,20.35603,22.03633,15.84230,15.69990
3028.41030,-0.46710,1.65386,73.95964,20.31600,22.02869,15.86598,15.74897
3028.42030,-0.48251,1.63190,74.09722,20.30996,22.04212,15.91296,15.83219
3028.43030,-0.48514,1.63515,74.04934,20.29913,22.03615,15.89587,15.81818
3028.44030,-0.48579,1.65867,73.81557,20.26403,22.01373,15.81560,15.72221
3028.45030,-0.48095,1.67585,73.69273,20.24923,22.01373,15.77860,15.65117
3028.46030,-0.49196,1.67833,73.71092,20.24444,22.03696,15.77355,15.65597
3028.47030,-0.52451,1.68566,73.76473,20.23023,22.10573,15.75860,15.67017
3028.48030,-0.52451,1.68566,73.76473,20.23023,22.10573,15.75860,15.67017
3028.49030,-0.50495,1.67404,73.79694,20.24156,22.07528,15.79632,15.68378
3028.50030,-0.49373,1.67996,74.02173,20.31823,22.14673,15.84860,15.70817
3028.51030,-0.49439,1.67850,74.01062,20.31168,22.14217,15.84860,15.70817
3028.52030,-0.49993,1.66725,73.94477,20.26283,22.11677,15.85580,15.70937
3028.53030,-0.50188,1.67049,74.11373,20.28923,22.19773,15.90860,15.71817
3028.54030,-0.50381,1.67041,74.09935,20.28601,22.19244,15.90150,15.71940
3028.55030,-0.51988,1.66972,73.97945,20.25913,22.14835,15.84236,15.72961
3028.56030,-0.53181,1.66920,73.89073,20.23923,22.11573,15.79860,15.73717
3028.57030,-0.51865,1.69388,73.80373,20.26923,22.11573,15.74860,15.67017
3028.58030,-0.49971,1.71369,73.65573,20.29923,22.06473,15.67860,15.61317
3028.59030,-0.49971,1.71369,73.65573,20.29923,22.06473,15.67860,15.61317
3028.60030,-0.48043,1.67404,73.77273,20.25923,22.04373,15.80860,15.66117
3028.61030,-0.46503,1.67868,73.74656,20.27937,22.02359,15.80189,15.64171
3028.62030,-0.45749,1.68095,73.73373,20.28923,22.01373,15.79860,15.63217
3028.63030,-0.44960,1.65895,74.01005,20.34995,22.04013,15.88660,15.73337
3028.64030,-0.45283,1.65694,74.04220,20.35823,22.04373,15.88854,15.75170
3028.65030,-0.45937,1.65690,74.02906,20.35056,22.04373,15.87860,15.75617
3028.66030,-0.47426,1.64787,73.98150,20.29663,22.04113,15.88380,15.75994
3028.67030,-0.47130,1.63270,74.00673,20.27923,22.02373,15.91860,15.78517
3028.68030,-0.47694,1.62712,73.98644,20.25968,22.01358,15.91860,15.79458
3028.69030,-0.48130,1.60788,73.95843,20.21211,21.98273,15.94502,15.81857
3028.70030,-0.44142,1.60081,74.06373,20.24923,21.98273,16.02760,15.80417
3028.71030,-0.44939,1.59614,74.05136,20.22450,21.98525,16.03265,15.80897
3028.72030,-0.47044,1.58318,74.00576,20.15123,21.99043,16.04760,15.81650
3028.73030,-0.45566,1.58738,73.99641,20.16726,21.98273,16.05225,15.79417
3028.74030,-0.44196,1.60512,74.07337,20.23919,22.01225,16.04144,15.78049
3028.75030,-0.46311,1.64755,74.10073,20.29923,22.10573,15.95860,15.73717
3028.76030,-0.45251,1.66017,74.05280,20.32296,22.09556,15.92955,15.70474
3028.77030,-0.44924,1.68870,73.92418,20.34823,22.08910,15.84690,15.63995
3028.78030,-0.46143,1.71157,73.80673,20.34823,22.09573,15.76860,15.59417
3028.79030,-0.44512,1.68850,73.67653,20.27507,22.01947,15.80580,15.57619
3028.80030,-0.43510,1.67432,73.59673,20.23023,21.97273,15.82860,15.56517
3028.81030,-0.41155,1.67084,73.70043,20.26012,21.99103,15.88960,15.55968
3028.82030,-0.39258,1.65294,74.02816,20.35268,22.02825,15.99022,15.65701
3028.83030,-0.39020,1.64349,74.18673,20.39723,22.04373,16.02760,15.71817
3028.84030,-0.39145,1.64647,74.13285,20.39723,22.02259,15.99900,15.71403
3028.85030,-0.38972,1.64998,74.05177,20.39564,21.98918,15.96375,15.70321
3028.86030,-0.37348,1.64669,74.02873,20.38823,21.97273,15.98760,15.68017
3028.87030,-0.38582,1.65962,73.99123,20.37823,22.00323,15.95810,15.65167
3028.88030,-0.38814,1.67389,73.91889,20.36823,22.01807,15.92860,15.60399
3028.89030,-0.38732,1.67537,73.85453,20.35145,22.00273,15.91518,15.58517
3028.90030,-0.40566,1.67541,73.79643,20.31809,22.00290,15.88876,15.58668
3028.91030,-0.43535,1.65739,73.90173,20.30923,22.01373,15.89860,15.68017
3028.92030,-0.43017,1.65541,73.89920,20.30670,22.00841,15.90873,15.67536
3028.93030,-0.41654,1.65021,73.89253,20.30003,21.99441,15.93540,15.66269
3028.94030,-0.41485,1.65146,73.95273,20.30923,22.02373,15.95860,15.66117
3028.95030,-0.42198,1.65523,73.95213,20.31501,22.02981,15.94036,15.66695
3028.96030,-0.43763,1.66756,73.96438,20.33603,22.05582,15.89860,15.67393
3028.97030,-0.43328,1.69242,74.05573,20.38823,22.13673,15.89860,15.63217
3028.98030,-0.43046,1.70465,74.01573,20.40011,22.14158,15.87193,15.60211
3028.99030,-0.42165,1.74295,73.89073,20.43723,22.15673,15.78860,15.50817
3029.00030,-0.41793,1.74039,73.89167,20.44873,22.13748,15.78391,15.52155
3029.01030,-0.40276,1.73583,73.87090,20.48307,22.07639,15.76527,15.54617
3029.02030,-0.39056,1.75095,73.77557,20.47040,22.08306,15.75193,15.47017
3029.03030,-0.39362,1.75659,73.74380,20.46723,22.08616,15.73430,15.45611
3029.04030,-0.43651,1.76992,73.69757,20.46723,22.10256,15.63860,15.48917
3029.05030,-0.45163,1.77679,73.75014,20.46723,22.15513,15.63860,15.48917
3029.06030,-0.46325,1.78006,73.77521,20.45971,22.18773,15.63860,15.48917
3029.07030,-0.45527,1.78035,73.79677,20.45796,22.20290,15.66450,15.47141
3029.08030,-0.43534,1.78362,73.85473,20.47623,22.22873,15.70860,15.44117
3029.09030,-0.44776,1.80073,73.85675,20.49644,22.26509,15.66820,15.42703
3029.10030,-0.44630,1.81952,73.93273,20.55573,22.31073,15.64860,15.41767
3029.11030,-0.43269,1.82155,74.00673,20.59523,22.32073,15.66860,15.42217
3029.12030,-0.46076,1.83973,73.82073,20.54623,22.32073,15.57860,15.37517
3029.13030,-0.48030,1.82369,73.80786,20.50663,22.30092,15.57860,15.42171
3029.14030,-0.48049,1.82353,73.80773,20.50623,22.30073,15.57860,15.42217
3029.15030,-0.42850,1.78774,74.07373,20.55523,22.28973,15.74860,15.48017
3029.16030,-0.42850,1.78774,74.07373,20.55523,22.28973,15.74860,15.48017
3029.17030,-0.43802,1.78770,73.98009,20.52454,22.26612,15.71712,15.47230
3029.18030,-0.46040,1.77999,73.92504,20.48861,22.24523,15.68789,15.50332
3029.19030,-0.46927,1.77654,73.91173,20.47623,22.23873,15.67860,15.51817
3029.20030,-0.47340,1.76084,73.92786,20.45162,22.22175,15.70407,15.55043
3029.21030,-0.47971,1.72634,74.00309,20.42139,22.18341,15.76028,15.63801
3029.22030,-0.48061,1.72124,74.01473,20.41723,22.17773,15.76860,15.65117
3029.23030,-0.44975,1.72271,73.98029,20.43159,22.14830,15.79013,15.61027
3029.24030,-0.43760,1.72328,73.96673,20.43723,22.13673,15.79860,15.59417
3029.25030,-0.45401,1.70571,73.94965,20.40085,22.10628,15.79860,15.64393
3029.26030,-0.45084,1.71367,74.03343,20.44728,22.13385,15.79860,15.65370
3029.27030,-0.44785,1.71841,74.06373,20.46723,22.14673,15.79860,15.65117
3029.28030,-0.44454,1.74119,74.02674,20.49096,22.17568,15.76241,15.59769
3029.29030,-0.44019,1.77120,73.97806,20.52218,22.21377,15.71479,15.52732
3029.30030,-0.44008,1.78920,73.93780,20.54363,22.22743,15.67380,15.49294
3029.31030,-0.44015,1.79130,73.93273,20.54623,22.22873,15.66860,15.48917
3029.32030,-0.46254,1.75821,73.91073,20.44723,22.20773,15.71860,15.53717
3029.33030,-0.45957,1.76683,73.86237,20.45343,22.20153,15.69380,15.51361
3029.34030,-0.47050,1.77009,73.80111,20.43243,22.19773,15.66620,15.50475
3029.35030,-0.47832,1.76886,73.78173,20.41723,22.19773,15.65860,15.50817
3029.36030,-0.46948,1.76265,73.80152,20.42135,22.18495,15.67921,15.51600
3029.37030,-0.45450,1.75037,73.84593,20.42323,22.16893,15.72460,15.52917
3029.38030,-0.44497,1.73662,73.91073,20.40723,22.17773,15.78860,15.53717
3029.39030,-0.45548,1.73907,73.90180,20.40723,22.18052,15.76627,15.54778
3029.40030,-0.48267,1.74539,73.87873,20.40723,22.18773,15.70860,15.57517
3029.41030,-0.48619,1.75087,73.86771,20.41103,22.19533,15.69340,15.56795
3029.42030,-0.47865,1.75068,73.84863,20.42092,22.17378,15.68705,15.56687
3029.43030,-0.45591,1.73504,73.84673,20.42723,22.11573,15.71860,15.58517
3029.44030,-0.47868,1.72655,73.89623,20.40249,22.14148,15.72870,15.62356
3029.45030,-0.48662,1.71653,73.94573,20.37823,22.16173,15.76360,15.64217
3029.46030,-0.47698,1.71275,73.93101,20.36251,22.15673,15.78860,15.62317
3029.47030,-0.48658,1.70854,73.89893,20.33043,22.15673,15.78860,15.62317
3029.48030,-0.51525,1.70621,73.87173,20.33823,22.12573,15.71860,15.68917
3029.49030,-0.51082,1.69838,73.88079,20.32392,22.11988,15.74489,15.69209
3029.50030,-0.50201,1.67984,73.93973,20.29663,22.12090,15.81600,15.70620
3029.51030,-0.50527,1.68054,74.00273,20.30923,22.14673,15.82860,15.71817
3029.52030,-0.50139,1.68103,73.97376,20.29042,22.15049,15.83989,15.69297
3029.53030,-0.49803,1.67993,73.93646,20.25923,22.15673,15.85860,15.66190
3029.54030,-0.51145,1.68172,73.91773,20.25923,22.15179,15.82653,15.68017
3029.55030,-0.53365,1.69533,73.81773,20.25923,22.13846,15.73987,15.68017
3029.56030,-0.49640,1.67030,73.97173,20.28923,22.11573,15.84860,15.71817
3029.57030,-0.49744,1.67421,73.94138,20.28923,22.11098,15.83200,15.70916
3029.58030,-0.49971,1.69028,73.88479,20.30636,22.11348,15.78336,15.68160
3029.59030,-0.49562,1.70366,74.04272,20.37221,22.18178,15.80165,15.68709
3029.60030,-0.50126,1.71089,74.10711,20.39221,22.22227,15.80345,15.68917
3029.61030,-0.54597,1.72561,74.11057,20.35583,22.30849,15.76500,15.68125
3029.62030,-0.51697,1.72656,73.91873,20.33823,22.21873,15.73860,15.62317
3029.63030,-0.51906,1.72601,73.92780,20.33909,22.22129,15.73860,15.62882
3029.64030,-0.53512,1.72174,73.99754,20.34567,22.24103,15.73860,15.67224
3029.65030,-0.54138,1.72008,74.02473,20.34823,22.24873,15.73860,15.68917
3029.66030,-0.54327,1.73086,73.80773,20.30923,22.19773,15.66860,15.63217
3029.67030,-0.53412,1.72201,73.85573,20.32823,22.17773,15.68860,15.66117
3029.68030,-0.53412,1.72201,73.85573,20.32823,22.17773,15.68860,15.66117
3029.69030,-0.54823,1.71784,73.84693,20.28031,22.20707,15.70816,15.65139
3029.70030,-0.56423,1.70380,73.94273,20.30923,22.18773,15.69860,15.74717
3029.71030,-0.56423,1.70380,73.94273,20.30923,22.18773,15.69860,15.74717
3029.72030,-0.54563,1.71470,73.98418,20.32831,22.22786,15.73149,15.69652
3029.73030,-0.53596,1.72037,74.00573,20.33823,22.24873,15.74860,15.67017
3029.74030,-0.58077,1.75292,73.93103,20.33823,22.31127,15.63567,15.64585
3029.75030,-0.57988,1.79113,73.74837,20.35581,22.31194,15.53072,15.54990
3029.76030,-0.57882,1.79574,73.72473,20.35823,22.31073,15.51860,15.53717
3029.77030,-0.55326,1.80762,73.72622,20.39751,22.31073,15.52357,15.49442
3029.78030,-0.52990,1.82176,73.72413,20.43963,22.31313,15.52020,15.45117
3029.79030,-0.54819,1.83739,73.69773,20.45723,22.33073,15.45860,15.45117
3029.80030,-0.55094,1.83530,73.69281,20.45123,22.32713,15.45752,15.45693
3029.81030,-0.57113,1.81999,73.65673,20.40723,22.30073,15.44960,15.49917
3029.82030,-0.56866,1.81663,73.65633,20.40333,22.29353,15.45750,15.50197
3029.83030,-0.54614,1.78241,73.67647,20.36823,22.22974,15.54072,15.53778
3029.84030,-0.54326,1.74750,73.88773,20.36823,22.23873,15.64860,15.63217
3029.85030,-0.54426,1.73831,73.93942,20.36823,22.23873,15.67209,15.66036
3029.86030,-0.52811,1.74241,74.00713,20.40486,22.25442,15.69607,15.65177
3029.87030,-0.52242,1.74597,74.01773,20.41723,22.25973,15.69860,15.64217
3029.88030,-0.52088,1.73891,74.04406,20.40949,22.25973,15.72183,15.65301
3029.89030,-0.51843,1.72775,74.08573,20.39723,22.25973,15.75860,15.67017
3029.90030,-0.54502,1.73140,73.99795,20.34863,22.26965,15.71893,15.66075
3029.91030,-0.56016,1.74031,73.90105,20.31589,22.27546,15.67860,15.63111
3029.92030,-0.54412,1.74727,73.89073,20.33823,22.26973,15.67860,15.60417
3029.93030,-0.54583,1.75716,73.89673,20.35323,22.29023,15.66360,15.58967
3029.94030,-0.52973,1.75873,73.84037,20.35138,22.26466,15.66545,15.55888
3029.95030,-0.51580,1.75224,73.79173,20.33823,22.22873,15.67860,15.54617
3029.96030,-0.51731,1.75580,73.82290,20.35272,22.24376,15.67677,15.54966
3029.97030,-0.52399,1.77164,73.96173,20.41723,22.31073,15.66860,15.56517
3029.98030,-0.51831,1.76815,73.91175,20.42213,22.26565,15.64900,15.57497
3029.99030,-0.51152,1.75467,73.90585,20.42723,22.21344,15.65262,15.61256
3030.00030,-0.51056,1.74404,73.95573,20.42723,22.20773,15.67860,15.64217
3030.01030,-0.50765,1.74793,73.91355,20.42723,22.19601,15.66297,15.62733
3030.02030,-0.49562,1.74649,73.83748,20.41248,22.16223,15.66110,15.60167
3030.03030,-0.47317,1.72393,73.80673,20.36823,22.11573,15.72860,15.59417
3030.04030,-0.49233,1.72208,73.79785,20.35713,22.11573,15.70270,15.62229
3030.05030,-0.52496,1.71893,73.78273,20.33823,22.11573,15.65860,15.67017
3030.06030,-0.52301,1.70748,73.85379,20.33823,22.11953,15.69660,15.69943
3030.07030,-0.51896,1.69065,73.96745,20.32721,22.14131,15.77000,15.72893
3030.08030,-0.51753,1.69360,73.96373,20.30923,22.16673,15.78860,15.69917
3030.09030,-0.51753,1.69360,73.96373,20.30923,22.16673,15.78860,15.69917
3030.10030,-0.51696,1.68484,74.09367,20.29883,22.22327,15.86340,15.70817
3030.11030,-0.52582,1.68153,74.03373,20.26923,22.20773,15.84860,15.70817
3030.12030,-0.51978,1.68215,73.99900,20.26481,22.19423,15.84639,15.69357
3030.13030,-0.49851,1.68433,73.87673,20.24923,22.14673,15.83860,15.64217
3030.14030,-0.49851,1.68433,73.87673,20.24923,22.14673,15.83860,15.64217
3030.15030,-0.49725,1.66827,73.87233,20.24923,22.09217,15.83860,15.69233
3030.16030,-0.49322,1.70496,73.94653,20.33635,22.16657,15.79460,15.64901
3030.17030,-0.49270,1.71026,73.95673,20.34823,22.17773,15.78860,15.64217
3030.18030,-0.53712,1.71639,73.76573,20.28923,22.14673,15.67860,15.65117
3030.19030,-0.53712,1.71639,73.76573,20.28923,22.14673,15.67860,15.65117
3030.20030,-0.54226,1.68920,73.74473,20.21023,22.12573,15.73860,15.67017
3030.21030,-0.55312,1.67859,73.82373,20.20023,22.14673,15.76860,15.70817
3030.22030,-0.55844,1.67860,73.83264,20.19549,22.15660,15.76860,15.71195
3030.23030,-0.60277,1.67866,73.90683,20.15598,22.23886,15.76860,15.74340
3030.24030,-0.54782,1.67310,73.78673,20.15123,22.15673,15.80860,15.67017
3030.25030,-0.55178,1.66975,73.79332,20.14417,22.15673,15.81213,15.68029
3030.26030,-0.58142,1.64466,73.84273,20.09123,22.15673,15.83860,15.75617
3030.27030,-0.58081,1.64284,73.85283,20.09599,22.15186,15.83979,15.76520
3030.28030,-0.57151,1.63059,73.94018,20.14001,22.11806,15.85416,15.82795
3030.29030,-0.53279,1.64044,74.03973,20.21023,22.13673,15.89860,15.79417
3030.30030,-0.53257,1.63991,74.03744,20.20876,22.13518,15.89934,15.79417
3030.31030,-0.53056,1.63510,74.01664,20.19533,22.12108,15.90605,15.79417
3030.32030,-0.50847,1.65683,74.01267,20.23846,22.14623,15.89876,15.72922
3030.33030,-0.50817,1.65750,74.01130,20.23914,22.14692,15.89791,15.72732
3030.34030,-0.51293,1.68624,73.86773,20.23023,22.16673,15.82860,15.64217
3030.35030,-0.51293,1.68624,73.86773,20.23023,22.16673,15.82860,15.64217
3030.36030,-0.55405,1.69730,73.80736,20.19084,22.20728,15.76842,15.64082
3030.37030,-0.48929,1.72662,73.67019,20.25191,22.16214,15.75072,15.50542
3030.38030,-0.48150,1.73014,73.65373,20.25923,22.15673,15.74860,15.48917
3030.39030,-0.45823,1.73387,73.61373,20.28923,22.11573,15.73860,15.47017
3030.40030,-0.49588,1.73712,73.62112,20.25568,22.16405,15.71175,15.48964
3030.41030,-0.51433,1.73872,73.62473,20.23923,22.18773,15.69860,15.49917
3030.42030,-0.49613,1.71453,73.86761,20.28323,22.20533,15.80420,15.57485
3030.43030,-0.49366,1.71125,73.90073,20.28923,22.20773,15.81860,15.58517
3030.44030,-0.51933,1.73609,73.92494,20.32749,22.26394,15.74834,15.58517
3030.45030,-0.50776,1.74909,74.08173,20.42081,22.30321,15.75133,15.60639
3030.46030,-0.50177,1.75102,74.12973,20.44723,22.31073,15.75860,15.61317
3030.47030,-0.50829,1.78417,73.98249,20.46234,22.31828,15.66044,15.54144
3030.48030,-0.49672,1.82948,73.96007,20.53280,22.38182,15.59880,15.44664
3030.49030,-0.49203,1.84129,73.96873,20.55523,22.40273,15.58860,15.42217
3030.50030,-0.48971,1.84522,73.82115,20.52338,22.36160,15.55231,15.38387
3030.51030,-0.49879,1.85113,73.64640,20.47623,22.32630,15.49860,15.34526
3030.52030,-0.49666,1.84109,73.70497,20.46242,22.34173,15.54466,15.35617
3030.53030,-0.48105,1.82487,73.75697,20.44013,22.34173,15.61894,15.35617
3030.54030,-0.49808,1.80137,73.75752,20.41948,22.28669,15.61084,15.44051
3030.55030,-0.50049,1.79867,73.75673,20.41723,22.27973,15.60860,15.45117
3030.56030,-0.49762,1.78919,74.05173,20.51623,22.32073,15.65860,15.55617
3030.57030,-0.47088,1.79217,74.11973,20.58523,22.30073,15.66860,15.56517
3030.58030,-0.47002,1.79349,74.11432,20.58288,22.30426,15.66978,15.55741
3030.59030,-0.46826,1.80415,74.07626,20.56075,22.33900,15.67630,15.50021
3030.60030,-0.50434,1.80967,74.09573,20.52623,22.40273,15.65860,15.50817
3030.61030,-0.50630,1.81181,74.03162,20.51386,22.38490,15.63632,15.49654
3030.62030,-0.51227,1.81834,73.83673,20.47623,22.33073,15.56860,15.46117
3030.63030,-0.50848,1.81131,73.81344,20.45579,22.31494,15.58413,15.45859
3030.64030,-0.49792,1.78587,73.73954,20.39110,22.25450,15.63071,15.46322
3030.65030,-0.49872,1.77149,73.72012,20.37453,22.21336,15.63643,15.49580
3030.66030,-0.50922,1.76298,73.75551,20.35409,22.22672,15.65628,15.51843
3030.67030,-0.52618,1.75650,73.87717,20.33543,22.29461,15.70540,15.54173
3030.68030,-0.52162,1.75394,73.99784,20.35543,22.33594,15.75207,15.55440
3030.69030,-0.52168,1.74980,73.99741,20.34363,22.33405,15.76355,15.55617
3030.70030,-0.52381,1.73829,73.94473,20.29923,22.31073,15.77860,15.55617
3030.71030,-0.51688,1.73800,73.95365,20.30839,22.30580,15.78564,15.55383
3030.72030,-0.48495,1.73463,73.97036,20.34071,22.27215,15.81603,15.54147
3030.73030,-0.45655,1.72716,73.93273,20.34823,22.21873,15.83860,15.52717
3030.74030,-0.45655,1.72716,73.93273,20.34823,22.21873,15.83860,15.52717
3030.75030,-0.46354,1.72509,73.85262,20.35676,22.15736,15.77894,15.55956
3030.76030,-0.49767,1.73550,73.90075,20.34962,22.22597,15.75137,15.57379
3030.77030,-0.50296,1.73724,73.91073,20.34823,22.23873,15.74860,15.57517
3030.78030,-0.49403,1.75776,74.02073,20.44723,22.26973,15.71860,15.58517
3030.79030,-0.49471,1.75686,74.00082,20.44074,22.26181,15.71420,15.58407
3030.80030,-0.50226,1.75113,73.83493,20.38605,22.20224,15.67496,15.57168
3030.81030,-0.52083,1.76547,73.79122,20.36618,22.24330,15.64185,15.53989
3030.82030,-0.52826,1.77121,73.77373,20.35823,22.25973,15.62860,15.52717
3030.83030,-0.51282,1.80211,73.71786,20.41607,22.26953,15.56979,15.46248
3030.84030,-0.53645,1.76576,73.82265,20.33903,22.28952,15.65769,15.53641
3030.85030,-0.53670,1.76538,73.82373,20.33823,22.28973,15.65860,15.53717
3030.86030,-0.51937,1.77078,73.98004,20.39551,22.34021,15.70714,15.53717
3030.87030,-0.51885,1.77094,73.98473,20.39723,22.34173,15.70860,15.53717
3030.88030,-0.51853,1.77290,73.98604,20.40080,22.34529,15.70622,15.53373
3030.89030,-0.51674,1.78917,74.02438,20.43366,22.38741,15.69513,15.50817
3030.90030,-0.52160,1.80309,74.25873,20.48623,22.51573,15.74860,15.50817
3030.91030,-0.51709,1.80475,74.24289,20.48803,22.51015,15.74680,15.49791
3030.92030,-0.47573,1.82138,74.06646,20.49723,22.45282,15.72224,15.39417
3030.93030,-0.51912,1.81993,73.90373,20.40723,22.44373,15.65860,15.39417
3030.94030,-0.52351,1.82096,73.88887,20.40467,22.44102,15.64644,15.39674
3030.95030,-0.55158,1.82758,73.79373,20.38823,22.42373,15.56860,15.41317
3030.96030,-0.51521,1.80339,73.79113,20.37956,22.35260,15.63799,15.42098
3030.97030,-0.52747,1.81088,73.83336,20.40346,22.37740,15.61380,15.43870
3030.98030,-0.53013,1.81255,73.83973,20.40723,22.38273,15.60860,15.44117
3030.99030,-0.54500,1.81667,73.89176,20.40723,22.42623,15.60860,15.44970
3031.00030,-0.54756,1.81738,73.90073,20.40723,22.43373,15.60860,15.45117
3031.01030,-0.53073,1.81375,73.97851,20.42946,22.44484,15.65304,15.45117
3031.02030,-0.51422,1.82948,74.01327,20.46876,22.47674,15.65891,15.40886
3031.03030,-0.51316,1.83595,74.00373,20.47623,22.48473,15.64860,15.39417
3031.04030,-0.51323,1.87455,73.83888,20.50554,22.48473,15.53870,15.30992
3031.05030,-0.49646,1.86724,73.63200,20.45126,22.39494,15.52050,15.26530
3031.06030,-0.49023,1.85929,73.57773,20.42723,22.36173,15.52860,15.26017
3031.07030,-0.49918,1.85566,73.58586,20.41214,22.36986,15.53247,15.27140
3031.08030,-0.51333,1.84993,73.59873,20.38823,22.38273,15.53860,15.28917
3031.09030,-0.51407,1.83814,73.65134,20.40013,22.36331,15.55113,15.33677
3031.10030,-0.50500,1.80393,73.86674,20.41971,22.35796,15.65216,15.43691
3031.11030,-0.49929,1.78759,73.97773,20.42723,22.36173,15.70860,15.48017
3031.12030,-0.50512,1.76131,73.97401,20.39065,22.31089,15.73340,15.53907
3031.13030,-0.50862,1.73685,74.00918,20.34368,22.29876,15.79157,15.57517
3031.14030,-0.50857,1.73160,74.03273,20.32823,22.31073,15.81860,15.57517
3031.15030,-0.50738,1.72940,74.02499,20.32262,22.30473,15.82247,15.57517
3031.16030,-0.50241,1.72021,73.99273,20.29923,22.27973,15.83860,15.57517
3031.17030,-0.50150,1.71806,73.92145,20.27547,22.25549,15.82910,15.56139
3031.18030,-0.49949,1.71909,73.84884,20.24923,22.24330,15.82330,15.53301
3031.19030,-0.49836,1.72294,73.85573,20.24923,22.25973,15.82860,15.51817
3031.20030,-0.49836,1.72294,73.85573,20.24923,22.25973,15.82860,15.51817
3031.21030,-0.49233,1.70071,73.76449,20.19891,22.18561,15.84462,15.53536
3031.22030,-0.46265,1.69719,73.75373,20.21023,22.15673,15.87860,15.50817
3031.23030,-0.46340,1.69597,73.78505,20.22067,22.16033,15.88220,15.52185
3031.24030,-0.46474,1.69380,73.84073,20.23923,22.16673,15.88860,15.54617
3031.25030,-0.45950,1.67495,73.89660,20.22871,22.14823,15.93539,15.58426
3031.26030,-0.44920,1.63952,73.99846,20.20651,22.11386,16.02505,15.65304
3031.27030,-0.44602,1.63273,74.00910,20.19587,22.10855,16.04632,15.65835
3031.28030,-0.44197,1.64460,74.07255,20.25496,22.12427,16.02524,15.66808
3031.29030,-0.44456,1.67099,74.15264,20.34270,22.16820,15.97230,15.66944
3031.30030,-0.45600,1.66996,74.11673,20.29923,22.18773,15.97860,15.65117
3031.31030,-0.45367,1.67249,74.09024,20.29699,22.18301,15.97187,15.63838
3031.32030,-0.44660,1.68017,74.00997,20.29019,22.16873,15.95146,15.59960
3031.33030,-0.44847,1.68983,73.95481,20.28203,22.17657,15.92940,15.56681
3031.34030,-0.45628,1.72245,73.80637,20.27123,22.20773,15.85420,15.47321
3031.35030,-0.45223,1.73946,73.77673,20.30923,22.20773,15.80860,15.45117
3031.36030,-0.44954,1.73985,73.75704,20.30418,22.20268,15.80860,15.44158
3031.37030,-0.44167,1.73592,73.72453,20.28613,22.18928,15.82414,15.42498
3031.38030,-0.44218,1.71388,73.83669,20.27261,22.19604,15.89171,15.47634
3031.39030,-0.44212,1.70860,73.84465,20.26567,22.19048,15.90266,15.48585
3031.40030,-0.44068,1.71028,73.69573,20.23923,22.13673,15.85860,15.46117
3031.41030,-0.44091,1.70941,73.71137,20.24045,22.14170,15.86466,15.46457
3031.42030,-0.43990,1.70045,73.85730,20.26198,22.17502,15.91632,15.50398
3031.43030,-0.42204,1.68238,74.07773,20.34823,22.15673,15.96860,15.60417
3031.44030,-0.42294,1.68225,74.07327,20.34600,22.15598,15.96711,15.60417
3031.45030,-0.43107,1.68109,74.03273,20.32573,22.14923,15.95360,15.60417
3031.46030,-0.39366,1.70581,73.99544,20.34731,22.18647,15.97768,15.48399
3031.47030,-0.39238,1.70661,73.99473,20.34823,22.18773,15.97860,15.48017
3031.48030,-0.43603,1.74183,73.98689,20.37765,22.26812,15.87076,15.47037
3031.49030,-0.43690,1.74254,73.98673,20.37823,22.26973,15.86860,15.47017
3031.50030,-0.44643,1.73997,73.75743,20.30967,22.19782,15.80860,15.44135
3031.51030,-0.44108,1.74365,73.82734,20.35303,22.20666,15.80860,15.45905
3031.52030,-0.44043,1.74409,73.83573,20.35823,22.20773,15.80860,15.46117
3031.53030,-0.44706,1.72335,73.87836,20.31560,22.20773,15.86080,15.49423
3031.54030,-0.44466,1.72581,74.06656,20.36926,22.27037,15.90340,15.52353
3031.55030,-0.44416,1.72664,74.09373,20.37823,22.27973,15.90860,15.52717
3031.56030,-0.45820,1.72721,73.98875,20.34923,22.25015,15.86220,15.52717
3031.57030,-0.46839,1.72763,73.91273,20.32823,22.22873,15.82860,15.52717
3031.58030,-0.45071,1.75257,73.85110,20.34308,22.25917,15.81375,15.43509
3031.59030,-0.41891,1.75498,73.67949,20.34076,22.17031,15.78618,15.38224
3031.60030,-0.41021,1.75287,73.62873,20.33823,22.13673,15.77860,15.37517
3031.61030,-0.41053,1.75282,73.57038,20.31751,22.12362,15.77014,15.35910
3031.62030,-0.41098,1.75275,73.49152,20.28951,22.10590,15.75871,15.33739
3031.63030,-0.39771,1.72692,73.54673,20.27923,22.06473,15.81860,15.38417
3031.64030,-0.39895,1.72606,73.56786,20.27923,22.07409,15.82687,15.38766
3031.65030,-0.41180,1.71352,73.81666,20.28352,22.17245,15.92279,15.43790
3031.66030,-0.41702,1.68128,74.13973,20.31823,22.21873,16.03760,15.56517
3031.67030,-0.41260,1.68491,74.15055,20.33110,22.22388,16.03760,15.55797
3031.68030,-0.39986,1.69539,74.18173,20.36823,22.23873,16.03760,15.53717
3031.69030,-0.40500,1.69425,74.17300,20.35513,22.24309,16.03760,15.53717
3031.70030,-0.43364,1.70577,74.16823,20.34323,22.28973,15.99810,15.53717
3031.71030,-0.45564,1.71876,74.17473,20.34823,22.33073,15.95860,15.53717
3031.72030,-0.44762,1.73810,74.11533,20.39724,22.31043,15.89424,15.51341
3031.73030,-0.45305,1.76479,73.94917,20.40185,22.29663,15.79900,15.45168
3031.74030,-0.48098,1.77898,73.73373,20.30923,22.31073,15.73860,15.37517
3031.75030,-0.48314,1.77879,73.74126,20.30547,22.31825,15.74236,15.37517
3031.76030,-0.48672,1.77849,73.75373,20.29923,22.33073,15.74860,15.37517
3031.77030,-0.48088,1.77817,73.79360,20.32121,22.33073,15.75605,15.38560
3031.78030,-0.48711,1.78836,73.85111,20.36180,22.35639,15.73296,15.39997
3031.79030,-0.51610,1.80776,73.83373,20.36823,22.40273,15.66860,15.39417
3031.80030,-0.51610,1.80776,73.83373,20.36823,22.40273,15.66860,15.39417
3031.81030,-0.47525,1.83130,73.69135,20.39516,22.36943,15.64170,15.28506
3031.82030,-0.46943,1.84144,73.60973,20.38823,22.36173,15.61860,15.24117
3031.83030,-0.46776,1.83758,73.60654,20.38568,22.34996,15.62244,15.24846
3031.84030,-0.46016,1.82002,73.59200,20.37405,22.29647,15.63988,15.28160
3031.85030,-0.45635,1.81124,73.58473,20.36823,22.26973,15.64860,15.29817
3031.86030,-0.42590,1.78999,73.61772,20.35853,22.22994,15.72622,15.30302
3031.87030,-0.38961,1.75192,73.69693,20.35774,22.15351,15.82761,15.35807
3031.88030,-0.38776,1.73356,73.76305,20.36576,22.12422,15.85520,15.41787
3031.89030,-0.41277,1.72039,73.95900,20.34368,22.21644,15.93078,15.46810
3031.90030,-0.38394,1.72361,73.98573,20.38823,22.19773,15.94860,15.45117
3031.91030,-0.38342,1.72295,73.98378,20.38498,22.19773,15.95179,15.44929
3031.92030,-0.37688,1.71475,73.95939,20.34433,22.19773,15.99162,15.42571
3031.93030,-0.37590,1.71352,73.95573,20.33823,22.19773,15.99760,15.42217
3031.94030,-0.39455,1.75583,73.77521,20.36603,22.20301,15.84933,15.35683
3031.95030,-0.41408,1.75723,73.81587,20.34603,22.25101,15.85600,15.36283
3031.96030,-0.42169,1.75778,73.83173,20.33823,22.26973,15.85860,15.36517
3031.97030,-0.42274,1.76942,73.69829,20.33823,22.23037,15.79140,15.33829
3031.98030,-0.44137,1.80202,73.77773,20.36823,22.35173,15.76860,15.28917
3031.99030,-0.44137,1.80202,73.77773,20.36823,22.35173,15.76860,15.28917
3032.00030,-0.41259,1.78279,74.00955,20.44005,22.35173,15.85951,15.35826
3032.01030,-0.40973,1.78088,74.03273,20.44723,22.35173,15.86860,15.36517
3032.02030,-0.44117,1.77400,73.92516,20.38021,22.33427,15.82917,15.38151
3032.03030,-0.46241,1.76128,73.84429,20.32215,22.30441,15.81140,15.40633
3032.04030,-0.45559,1.74562,73.84973,20.30923,22.26973,15.83860,15.43217
3032.05030,-0.44300,1.75954,73.97429,20.39171,22.30423,15.83860,15.43975
3032.06030,-0.46158,1.78078,73.98416,20.39875,22.37182,15.80466,15.40893
3032.07030,-0.46532,1.78411,73.98173,20.39723,22.38273,15.79860,15.40317
3032.08030,-0.46299,1.79737,73.92706,20.40293,22.38842,15.77012,15.36558
3032.09030,-0.46123,1.80741,73.88573,20.40723,22.39273,15.74860,15.33717
3032.10030,-0.45566,1.83007,73.83598,20.43694,22.40758,15.70405,15.28742
3032.11030,-0.44054,1.84293,73.64099,20.39717,22.37573,15.67409,15.19400
3032.12030,-0.43553,1.84482,73.57373,20.37823,22.36173,15.66860,15.16517
3032.13030,-0.43296,1.84203,73.66221,20.42060,22.36173,15.67396,15.20593
3032.14030,-0.43883,1.83126,73.76686,20.43473,22.37354,15.70110,15.25749
3032.15030,-0.44512,1.82477,73.78873,20.41723,22.38273,15.71860,15.27017
3032.16030,-0.43822,1.81143,73.78765,20.40311,22.35304,15.74394,15.28755
3032.17030,-0.42606,1.78792,73.78573,20.37823,22.30073,15.78860,15.31817
3032.18030,-0.43815,1.78548,73.77849,20.36615,22.30073,15.77652,15.33508
3032.19030,-0.44475,1.75763,73.87933,20.33423,22.30073,15.84660,15.39777
3032.20030,-0.44385,1.74017,73.94973,20.31823,22.30073,15.89860,15.43217
3032.21030,-0.45705,1.72828,73.93883,20.30652,22.26760,15.88244,15.48227
3032.22030,-0.47212,1.70975,73.93746,20.29450,22.21873,15.86806,15.55617
3032.23030,-0.44395,1.70344,74.03173,20.32823,22.21873,15.92860,15.55617
3032.24030,-0.46103,1.69673,73.93328,20.27534,22.19326,15.90411,15.56058
3032.25030,-0.47888,1.68971,73.83073,20.22023,22.16673,15.87860,15.56517
3032.26030,-0.46499,1.68077,73.82200,20.19598,22.15702,15.92226,15.54674
3032.27030,-0.45327,1.66221,73.84841,20.17448,22.13356,15.97667,15.56370
3032.28030,-0.45736,1.64994,73.89673,20.18023,22.11573,15.98760,15.61317
3032.29030,-0.45222,1.64585,73.91389,20.18023,22.11230,16.00476,15.61660
3032.30030,-0.43608,1.62288,74.05662,20.19384,22.10573,16.08863,15.66842
3032.31030,-0.42387,1.59361,74.26973,20.22023,22.10573,16.18760,15.75617
3032.32030,-0.42973,1.60807,74.21750,20.23400,22.10926,16.13819,15.73606
3032.33030,-0.44049,1.63463,74.12173,20.25923,22.11573,16.04760,15.69917
3032.34030,-0.44049,1.63463,74.12173,20.25923,22.11573,16.04760,15.69917
3032.35030,-0.44804,1.62711,74.12773,20.27923,22.07473,16.01760,15.75617
3032.36030,-0.47689,1.66679,73.87185,20.23119,22.10512,15.89113,15.64441
3032.37030,-0.47747,1.66759,73.86673,20.23023,22.10573,15.88860,15.64217
3032.38030,-0.44528,1.65537,73.71886,20.17773,22.03398,15.92360,15.58355
3032.39030,-0.47561,1.66169,73.62151,20.12235,22.05402,15.87974,15.56540
3032.40030,-0.47643,1.66188,73.61973,20.12123,22.05473,15.87860,15.56517
3032.41030,-0.46412,1.64846,73.65873,20.12123,22.03373,15.91860,15.58517
3032.42030,-0.46294,1.65097,73.67298,20.13022,22.04100,15.91860,15.58315
3032.43030,-0.45427,1.67627,73.83575,20.22464,22.12169,15.91860,15.57082
3032.44030,-0.47139,1.70342,74.16318,20.35561,22.26682,15.91860,15.62215
3032.45030,-0.47173,1.70396,74.16973,20.35823,22.26973,15.91860,15.62317
3032.46030,-0.44673,1.71180,74.00142,20.36813,22.18854,15.86910,15.57565
3032.47030,-0.46371,1.71840,73.94429,20.33995,22.20526,15.84031,15.55877
3032.48030,-0.47695,1.72341,73.90173,20.31823,22.21873,15.81860,15.54617
3032.49030,-0.47919,1.72570,73.87340,20.31057,22.21750,15.80860,15.53673
3032.50030,-0.49712,1.74408,73.64673,20.24923,22.20773,15.72860,15.46117
3032.51030,-0.48341,1.69220,73.54087,20.19140,22.03717,15.75801,15.55429
3032.52030,-0.49168,1.64145,73.77099,20.12261,22.07391,15.92520,15.64927
3032.53030,-0.49185,1.64044,73.77573,20.12123,22.07473,15.92860,15.65117
3032.54030,-0.51422,1.63674,73.85380,20.13717,22.09146,15.91267,15.71251
3032.55030,-0.50225,1.59193,74.09287,20.12398,22.09573,16.06303,15.81013
3032.56030,-0.49945,1.58497,74.12773,20.12123,22.09573,16.08760,15.82317
3032.57030,-0.54166,1.60876,74.01046,20.06998,22.15740,16.00942,15.77366
3032.58030,-0.54094,1.59117,73.89761,20.01641,22.08959,16.00920,15.78241
3032.59030,-0.53578,1.57580,73.82873,19.98323,22.03373,16.01760,15.79417
3032.60030,-0.54081,1.61628,73.64290,19.99990,22.04206,15.90177,15.69917
3032.61030,-0.54182,1.62440,73.60573,20.00323,22.04373,15.87860,15.68017
3032.62030,-0.54433,1.61467,73.58540,19.98904,22.01488,15.87860,15.70288
3032.63030,-0.52471,1.57258,73.72750,19.97323,21.97572,15.99709,15.78146
3032.64030,-0.51518,1.55931,73.79773,19.97323,21.97273,16.04760,15.80417
3032.65030,-0.52876,1.55435,73.88974,19.98772,21.99446,16.05484,15.85271
3032.66030,-0.53391,1.55247,73.92473,19.99323,22.00273,16.05760,15.87117
3032.67030,-0.53369,1.55471,73.97701,20.01383,22.01910,16.06288,15.88121
3032.68030,-0.50857,1.54312,74.05099,20.02525,22.01206,16.13049,15.88319
3032.69030,-0.49784,1.53726,74.06273,20.02223,22.00273,16.15760,15.88017
3032.70030,-0.51747,1.53265,73.97448,19.96881,21.99111,16.13437,15.88017
3032.71030,-0.54182,1.54072,73.82233,19.92701,21.97273,16.06040,15.86219
3032.72030,-0.53764,1.55015,73.81473,19.95323,21.97273,16.03760,15.85117
3032.73030,-0.53764,1.55015,73.81473,19.95323,21.97273,16.03760,15.85117
3032.74030,-0.48760,1.54357,73.88573,19.99323,21.95173,16.11760,15.82317
3032.75030,-0.48760,1.54357,73.88573,19.99323,21.95173,16.11760,15.82317
3032.76030,-0.53947,1.55918,73.93201,19.98184,22.04000,16.06305,15.84711
3032.77030,-0.52321,1.56505,73.90573,20.01223,22.01373,16.04760,15.83217
3032.78030,-0.51001,1.55434,73.91197,20.00662,21.98815,16.07879,15.83841
3032.79030,-0.51118,1.55664,73.90829,20.02741,21.97273,16.05420,15.85395
3032.80030,-0.51678,1.56201,73.90373,20.04223,21.97273,16.02760,15.86117
3032.81030,-0.52245,1.55981,73.92357,20.04223,21.97686,16.02760,15.87688
3032.82030,-0.53050,1.55668,73.95173,20.04223,21.98273,16.02760,15.89917
3032.83030,-0.54573,1.55181,73.94543,20.02769,21.97788,16.01305,15.92681
3032.84030,-0.56650,1.53927,73.89701,19.95984,21.97758,16.02186,15.93774
3032.85030,-0.57137,1.53145,73.85273,19.90423,21.98273,16.04760,15.91817
3032.86030,-0.56711,1.54342,73.89777,19.94828,22.00302,16.03275,15.91372
3032.87030,-0.57226,1.55820,73.97707,19.99657,22.04773,16.01427,15.91851
3032.88030,-0.59124,1.56337,74.04373,20.00323,22.09573,16.00760,15.93717
3032.89030,-0.58429,1.57145,73.99627,20.00660,22.09162,15.99302,15.90503
3032.90030,-0.57263,1.58503,73.91673,20.01223,22.08473,15.96860,15.85117
3032.91030,-0.57620,1.58413,73.87821,19.98739,22.08473,15.96860,15.83749
3032.92030,-0.59531,1.56863,73.82557,19.92559,22.06637,15.97220,15.86141
3032.93030,-0.61797,1.54393,73.85373,19.89423,22.03373,15.97860,15.94717
3032.94030,-0.61797,1.54393,73.85373,19.89423,22.03373,15.97860,15.94717
3032.95030,-0.59497,1.55127,73.77509,19.87319,22.03389,16.00064,15.86737
3032.96030,-0.59739,1.54500,73.86173,19.93323,22.00273,15.97860,15.94717
3032.97030,-0.60920,1.55060,73.85161,19.91966,22.02872,15.96710,15.93613
3032.98030,-0.64878,1.56939,73.81773,19.87423,22.11573,15.92860,15.89917
3032.99030,-0.64878,1.56939,73.81773,19.87423,22.11573,15.92860,15.89917
3033.00030,-0.61129,1.57475,73.89019,19.96334,22.08522,15.93860,15.90303
3033.01030,-0.59900,1.60074,73.98873,20.03223,22.15673,15.93860,15.86117
3033.02030,-0.59900,1.60074,73.98873,20.03223,22.15673,15.93860,15.86117
3033.03030,-0.59759,1.61684,73.89236,20.04312,22.14307,15.88325,15.82291
3033.04030,-0.57362,1.63948,73.71473,20.05223,22.10573,15.82860,15.72817
3033.05030,-0.57396,1.63790,73.71125,20.04515,22.10573,15.83340,15.72697
3033.06030,-0.57649,1.62635,73.68573,19.99323,22.10573,15.86860,15.71817
3033.07030,-0.57963,1.62591,73.69220,19.99103,22.11021,15.86860,15.72236
3033.08030,-0.60379,1.62255,73.74191,19.97408,22.14467,15.86860,15.75456
3033.09030,-0.62179,1.60715,73.79026,19.95221,22.14432,15.88329,15.81044
3033.10030,-0.62619,1.58435,73.81873,19.93323,22.10573,15.90860,15.87117
3033.11030,-0.62426,1.57745,73.85071,19.94076,22.09406,15.91989,15.89601
3033.12030,-0.62252,1.55678,73.97662,19.94953,22.08990,15.97523,15.96196
3033.13030,-0.62497,1.54109,74.10073,19.94323,22.11573,16.03760,16.00417
3033.14030,-0.62405,1.57146,74.05586,19.98325,22.14888,15.97737,15.94636
3033.15030,-0.62269,1.61628,73.98973,20.04223,22.19773,15.88860,15.86117
3033.16030,-0.61288,1.63908,73.92046,20.05913,22.21519,15.85481,15.79133
3033.17030,-0.62275,1.66919,73.77497,20.04743,22.24113,15.77900,15.70741
3033.18030,-0.63350,1.67681,73.71873,20.03223,22.24873,15.74860,15.68917
3033.19030,-0.63134,1.68471,73.61091,20.00820,22.23640,15.72395,15.64235
3033.20030,-0.59000,1.67147,73.68384,20.06490,22.17880,15.77302,15.66712
3033.21030,-0.58035,1.66709,73.71773,20.08223,22.16673,15.78860,15.68017
3033.22030,-0.60460,1.67806,73.81552,20.09541,22.24510,15.78166,15.69335
3033.23030,-0.61529,1.68289,73.85873,20.10123,22.27973,15.77860,15.69917
3033.24030,-0.60556,1.66811,73.91535,20.10859,22.25693,15.81536,15.73447
3033.25030,-0.59315,1.68124,74.02422,20.19161,22.27896,15.80648,15.74717
3033.26030,-0.58998,1.68781,74.05573,20.22023,22.28973,15.79860,15.74717
3033.27030,-0.61916,1.68179,73.97473,20.14598,22.29798,15.78360,15.74717
3033.28030,-0.63500,1.68085,73.89757,20.10633,22.29030,15.75873,15.74221
3033.29030,-0.64119,1.68193,73.84673,20.09123,22.27973,15.73860,15.73717
3033.30030,-0.64341,1.68489,73.84301,20.07325,22.30515,15.75100,15.71361
3033.31030,-0.64476,1.68670,73.84073,20.06223,22.32073,15.75860,15.69917
3033.32030,-0.63412,1.68682,73.82728,20.07997,22.29565,15.75248,15.69917
3033.33030,-0.62034,1.68220,73.78309,20.07995,22.25537,15.75454,15.69323
3033.34030,-0.61554,1.67899,73.75873,20.07223,22.23873,15.75860,15.68917
3033.35030,-0.60437,1.68324,73.77463,20.09123,22.24260,15.76636,15.67444
3033.36030,-0.59205,1.68945,73.79170,20.11320,22.25053,15.77368,15.65429
3033.37030,-0.61913,1.68690,73.75073,20.07223,22.25973,15.74860,15.67017
3033.38030,-0.60260,1.69229,73.75929,20.11406,22.24024,15.73910,15.66590
3033.39030,-0.58435,1.69824,73.76873,20.16023,22.21873,15.72860,15.66117
3033.40030,-0.58497,1.69734,73.84971,20.17461,22.24796,15.75256,15.67459
3033.41030,-0.58980,1.69008,73.91223,20.17073,22.26423,15.77860,15.69867
3033.42030,-0.59396,1.68380,73.88673,20.15123,22.24873,15.77860,15.70817
3033.43030,-0.59396,1.68380,73.88673,20.15123,22.24873,15.77860,15.70817
3033.44030,-0.54547,1.68111,73.91586,20.20818,22.19978,15.81860,15.68930
3033.45030,-0.54099,1.68597,73.88843,20.20246,22.20550,15.81860,15.66187
3033.46030,-0.53923,1.68786,73.87773,20.20023,22.20773,15.81860,15.65117
3033.47030,-0.54658,1.66948,73.90345,20.19289,22.17026,15.82595,15.71436
3033.48030,-0.54923,1.66285,73.91273,20.19023,22.15673,15.82860,15.73717
3033.49030,-0.52722,1.66875,73.88061,20.17563,22.17206,15.86510,15.66782
3033.50030,-0.52769,1.70131,73.84666,20.20419,22.22951,15.81918,15.59379
3033.51030,-0.52923,1.70672,73.84273,20.21023,22.23873,15.80860,15.58517
3033.52030,-0.52497,1.71671,73.74073,20.21873,22.20388,15.75760,15.56052
3033.53030,-0.48244,1.72008,73.77973,20.30923,22.14673,15.75860,15.56517
3033.54030,-0.48672,1.71198,73.78586,20.29132,22.14196,15.77221,15.58037
3033.55030,-0.50133,1.68439,73.80673,20.23023,22.12573,15.81860,15.63217
3033.56030,-0.50133,1.68439,73.80673,20.23023,22.12573,15.81860,15.63217
3033.57030,-0.47816,1.67304,73.91133,20.27678,22.10242,15.86268,15.66944
3033.58030,-0.49185,1.67267,73.99673,20.24923,22.17773,15.90860,15.66117
3033.59030,-0.49280,1.67166,73.98612,20.24589,22.17173,15.90514,15.66337
3033.60030,-0.50085,1.66431,73.90578,20.21781,22.12993,15.88022,15.67783
3033.61030,-0.50965,1.66844,73.91773,20.19023,22.17773,15.89860,15.65117
3033.62030,-0.50691,1.66963,73.92024,20.19554,22.17773,15.89920,15.64778
3033.63030,-0.47648,1.68289,73.94805,20.25448,22.17773,15.90582,15.61003
3033.64030,-0.46370,1.68846,73.95973,20.27923,22.17773,15.90860,15.59417
3033.65030,-0.45170,1.67872,73.97855,20.27923,22.15693,15.93830,15.60407
3033.66030,-0.47539,1.70652,73.94282,20.28894,22.21690,15.87066,15.56632
3033.67030,-0.47611,1.70737,73.94173,20.28923,22.21873,15.86860,15.56517
3033.68030,-0.46445,1.69638,73.88101,20.26965,22.16780,15.87839,15.56517
3033.69030,-0.47731,1.70209,73.93893,20.29554,22.19369,15.85887,15.59082
3033.70030,-0.48412,1.70518,73.96973,20.30923,22.20773,15.84860,15.60417
3033.71030,-0.47851,1.67398,73.93232,20.24833,22.14596,15.90080,15.63723
3033.72030,-0.47767,1.66932,73.92673,20.23923,22.13673,15.90860,15.64217
3033.73030,-0.47041,1.67172,73.86766,20.22273,22.12717,15.90860,15.60916
3033.74030,-0.45632,1.68586,73.87075,20.26545,22.13202,15.89143,15.58185
3033.75030,-0.44662,1.69615,73.87973,20.29923,22.13673,15.87860,15.56517
3033.76030,-0.46174,1.70323,73.89872,20.27447,22.19534,15.88686,15.54206
3033.77030,-0.44952,1.71552,73.91376,20.29634,22.22197,15.89319,15.50225
3033.78030,-0.43140,1.72822,73.92673,20.32823,22.23873,15.89860,15.46117
3033.79030,-0.43242,1.73005,73.91094,20.33139,22.23241,15.88597,15.46117
3033.80030,-0.43462,1.73402,73.87673,20.33823,22.21873,15.85860,15.46117
3033.81030,-0.41376,1.74938,73.84295,20.37667,22.21057,15.83919,15.41652
3033.82030,-0.38515,1.77045,73.79667,20.42933,22.19940,15.81259,15.35535
3033.83030,-0.39390,1.78586,73.65373,20.38823,22.20773,15.76860,15.28917
3033.84030,-0.41098,1.78453,73.64074,20.37642,22.20773,15.74498,15.31161
3033.85030,-0.43408,1.78273,73.62319,20.36047,22.20773,15.71307,15.34193
3033.86030,-0.43942,1.76567,73.64779,20.34857,22.17874,15.72793,15.39256
3033.87030,-0.43669,1.75934,73.66128,20.34960,22.16504,15.73815,15.40849
3033.88030,-0.41898,1.72300,73.74073,20.35823,22.08473,15.79860,15.49917
3033.89030,-0.42555,1.71232,73.78099,20.33831,22.09327,15.82707,15.52235
3033.90030,-0.43797,1.69163,73.85322,20.30214,22.10395,15.87747,15.56966
3033.91030,-0.45109,1.66787,73.91573,20.26923,22.09573,15.91860,15.63217
3033.92030,-0.44721,1.66900,73.89221,20.25943,22.09573,15.92350,15.61355
3033.93030,-0.44694,1.65383,73.83232,20.20606,22.06565,15.94801,15.61261
3033.94030,-0.45095,1.63646,73.79473,20.16023,22.03373,15.96860,15.63217
3033.95030,-0.45259,1.65005,73.89758,20.19856,22.09825,15.97782,15.62296
3033.96030,-0.45434,1.66443,74.00673,20.23923,22.16673,15.98760,15.61317
3033.97030,-0.45434,1.66443,74.00673,20.23923,22.16673,15.98760,15.61317
3033.98030,-0.46214,1.66851,74.03747,20.24839,22.18842,15.98013,15.62052
3033.99030,-0.44606,1.69307,74.02073,20.29923,22.20773,15.94860,15.56517
3034.00030,-0.46551,1.69421,74.00200,20.29216,22.20773,15.91325,15.58886
3034.01030,-0.50951,1.70674,73.92264,20.26469,22.23027,15.82678,15.60090
3034.02030,-0.52424,1.72507,73.84373,20.23923,22.26973,15.78860,15.54617
3034.03030,-0.52424,1.72507,73.84373,20.23923,22.26973,15.78860,15.54617
3034.04030,-0.53626,1.73299,73.76273,20.23923,22.24873,15.72860,15.54617
3034.05030,-0.53157,1.73652,73.77923,20.25759,22.25128,15.72628,15.54408
3034.06030,-0.51935,1.75479,73.79690,20.31134,22.26686,15.70197,15.51674
3034.07030,-0.52982,1.77613,73.67873,20.28923,22.28973,15.64860,15.45117
3034.08030,-0.53549,1.77427,73.68951,20.28483,22.29435,15.64860,15.46173
3034.09030,-0.55458,1.76568,73.73635,20.26923,22.30924,15.65455,15.50334
3034.10030,-0.54992,1.75660,73.77554,20.26923,22.30248,15.68157,15.52225
3034.11030,-0.54318,1.75361,73.79538,20.27276,22.30073,15.69919,15.52270
3034.12030,-0.50400,1.74783,73.87543,20.29923,22.30173,15.77860,15.49587
3034.13030,-0.52576,1.73869,73.93823,20.29679,22.31073,15.77453,15.55617
3034.14030,-0.54529,1.74273,73.87319,20.27240,22.31073,15.73388,15.55617
3034.15030,-0.54412,1.72754,73.81073,20.25923,22.23873,15.71860,15.59417
3034.16030,-0.54412,1.72754,73.81073,20.25923,22.23873,15.71860,15.59417
3034.17030,-0.50453,1.70142,73.93873,20.27923,22.20773,15.82860,15.62317
3034.18030,-0.52316,1.69400,73.91734,20.23699,22.21361,15.82860,15.63815
3034.19030,-0.53937,1.68754,73.89873,20.20023,22.21873,15.82860,15.65117
3034.20030,-0.48333,1.67067,73.86673,20.22023,22.12573,15.88860,15.63217
3034.21030,-0.51446,1.65990,73.89516,20.17121,22.15612,15.89840,15.66943
3034.22030,-0.51508,1.65968,73.89573,20.17023,22.15673,15.89860,15.67017
3034.23030,-0.51035,1.67112,73.98673,20.19648,22.21973,15.92485,15.64567
3034.24030,-0.50967,1.67275,73.99973,20.20023,22.22873,15.92860,15.64217
3034.25030,-0.52513,1.68323,74.00144,20.19170,22.27223,15.91154,15.62597
3034.26030,-0.53185,1.71392,73.82229,20.21599,22.24452,15.78840,15.57338
3034.27030,-0.53252,1.71869,73.79273,20.22023,22.23873,15.76860,15.56517
3034.28030,-0.54011,1.72826,73.90670,20.26286,22.29267,15.76860,15.58257
3034.29030,-0.55160,1.74280,73.79159,20.26923,22.26708,15.68652,15.56876
3034.30030,-0.55892,1.74347,73.74597,20.25247,22.25973,15.66860,15.56517
3034.31030,-0.52765,1.75243,73.75131,20.29091,22.25334,15.68602,15.52104
3034.32030,-0.50220,1.76015,73.76473,20.32823,22.24873,15.69860,15.48917
3034.33030,-0.50962,1.74292,73.73132,20.31412,22.18784,15.68375,15.54561
3034.34030,-0.51519,1.72114,73.75516,20.27420,22.17106,15.72583,15.58407
3034.35030,-0.51922,1.69981,73.80303,20.22686,22.17691,15.78966,15.60960
3034.36030,-0.51757,1.70038,73.86462,20.25080,22.19020,15.79860,15.62502
3034.37030,-0.52660,1.69835,73.92129,20.26923,22.19773,15.79240,15.66193
3034.38030,-0.53296,1.69579,73.93573,20.26923,22.19773,15.78860,15.68017
3034.39030,-0.55648,1.70851,74.01819,20.27543,22.28019,15.78240,15.68017
3034.40030,-0.57087,1.71629,74.06873,20.27923,22.33073,15.77860,15.68017
3034.41030,-0.56822,1.71089,74.01267,20.25648,22.30368,15.77860,15.67391
3034.42030,-0.56393,1.70215,73.92224,20.21978,22.26007,15.77860,15.66380
3034.43030,-0.56880,1.72726,73.87309,20.23148,22.30148,15.73464,15.60549
3034.44030,-0.56940,1.74550,73.77414,20.23923,22.29577,15.67769,15.56145
3034.45030,-0.58951,1.75492,73.66022,20.21639,22.28334,15.61086,15.54962
3034.46030,-0.62497,1.75092,73.68473,20.18023,22.32073,15.59860,15.58517
3034.47030,-0.60707,1.75823,73.66395,20.20892,22.30368,15.59029,15.56106
3034.48030,-0.58188,1.76852,73.63473,20.24923,22.27973,15.57860,15.52717
3034.49030,-0.58846,1.77843,73.76752,20.29284,22.34490,15.58840,15.54138
3034.50030,-0.60241,1.78839,73.83267,20.30367,22.40398,15.58547,15.53955
3034.51030,-0.61160,1.78798,73.73873,20.25923,22.39273,15.56860,15.51817
3034.52030,-0.59315,1.77915,73.78723,20.27923,22.37223,15.60360,15.53217
3034.53030,-0.57473,1.77034,73.83573,20.29923,22.35173,15.63860,15.54617
3034.54030,-0.58234,1.76326,73.82450,20.27811,22.34344,15.64127,15.56168
3034.55030,-0.59758,1.74910,73.80204,20.23586,22.32686,15.64662,15.59270
3034.56030,-0.63412,1.74531,73.87626,20.20133,22.39192,15.65490,15.62811
3034.57030,-0.65223,1.74616,73.92473,20.19023,22.43373,15.65860,15.64217
3034.58030,-0.64593,1.75665,73.91648,20.22698,22.42623,15.62860,15.63467
3034.59030,-0.61499,1.78098,73.90010,20.28185,22.44077,15.61860,15.55888
3034.60030,-0.60999,1.78459,73.89773,20.28923,22.44373,15.61860,15.54617
3034.61030,-0.58518,1.78431,73.77453,20.29803,22.36277,15.59220,15.52153
3034.62030,-0.58080,1.78127,73.75994,20.29785,22.34469,15.59274,15.52466
3034.63030,-0.57652,1.75290,73.79788,20.28355,22.28908,15.63280,15.59245
3034.64030,-0.58129,1.72858,73.85873,20.26923,22.25973,15.66860,15.66117
3034.65030,-0.58129,1.72858,73.85873,20.26923,22.25973,15.66860,15.66117
3034.66030,-0.57764,1.73713,73.91686,20.28149,22.30866,15.69086,15.63585
3034.67030,-0.61084,1.74025,73.90073,20.24923,22.34173,15.65860,15.65117
3034.68030,-0.60617,1.74132,73.88720,20.24784,22.33880,15.66139,15.63917
3034.69030,-0.57732,1.74794,73.80373,20.23923,22.32073,15.67860,15.56517
3034.70030,-0.57879,1.75180,73.80373,20.25423,22.31823,15.66110,15.57017
3034.71030,-0.58561,1.76384,73.81907,20.29590,22.32439,15.61527,15.58351
3034.72030,-0.59528,1.76567,73.88040,20.28257,22.37906,15.64193,15.57684
3034.73030,-0.59848,1.76572,73.88136,20.27448,22.38786,15.64504,15.57399
3034.74030,-0.60239,1.76175,73.80894,20.24473,22.36295,15.63290,15.56836
3034.75030,-0.58740,1.75421,74.08573,20.28923,22.45373,15.74860,15.59417
3034.76030,-0.58986,1.75594,74.07615,20.28746,22.45559,15.74150,15.59160
3034.77030,-0.61227,1.77168,73.98906,20.27133,22.47253,15.67699,15.56821
3034.78030,-0.61518,1.77372,73.97773,20.26923,22.47473,15.66860,15.56517
3034.79030,-0.61128,1.78235,73.97440,20.32562,22.44440,15.61726,15.58713
3034.80030,-0.60506,1.79479,73.87104,20.29944,22.45111,15.60383,15.51666
3034.81030,-0.60262,1.79965,73.83073,20.28923,22.45373,15.59860,15.48917
3034.82030,-0.58557,1.79813,73.74856,20.31794,22.37255,15.55900,15.49907
3034.83030,-0.58002,1.79575,73.58992,20.29961,22.29135,15.50959,15.48937
3034.84030,-0.57991,1.79570,73.58673,20.29923,22.28973,15.50860,15.48917
3034.85030,-0.59375,1.78311,73.67582,20.26954,22.33031,15.55809,15.51788
3034.86030,-0.59389,1.78298,73.67673,20.26923,22.33073,15.55860,15.51817
3034.87030,-0.59696,1.77227,73.61793,20.22562,22.30574,15.56840,15.51817
3034.88030,-0.60258,1.74746,73.74404,20.20394,22.32003,15.64183,15.57824
3034.89030,-0.60322,1.74385,73.79373,20.21023,22.33073,15.65860,15.59417
3034.90030,-0.56808,1.74307,73.81005,20.25230,22.29552,15.68436,15.57786
3034.91030,-0.60241,1.76192,73.93571,20.27643,22.40497,15.66280,15.59151
3034.92030,-0.60892,1.76500,73.95573,20.27923,22.42373,15.65860,15.59417
3034.93030,-0.60892,1.76500,73.95573,20.27923,22.42373,15.65860,15.59417
3034.94030,-0.58791,1.76262,73.98473,20.30923,22.40273,15.67860,15.59417
3034.95030,-0.58064,1.77225,73.85168,20.29428,22.37208,15.64123,15.54409
3034.96030,-0.56707,1.74023,73.69312,20.20087,22.27039,15.68058,15.54128
3034.97030,-0.56321,1.72797,73.65373,20.17023,22.23873,15.69860,15.54617
3034.98030,-0.56437,1.72811,73.70183,20.22129,22.21579,15.66900,15.59575
3034.99030,-0.56542,1.70739,73.89140,20.21008,22.26902,15.77072,15.64158
3035.00030,-0.56564,1.70040,73.94973,20.20023,22.28973,15.80860,15.65117
3035.01030,-0.55423,1.69688,73.92464,20.19660,22.26754,15.81951,15.64099
3035.02030,-0.53423,1.69072,73.88073,20.19023,22.22873,15.83860,15.62317
3035.03030,-0.56001,1.69798,73.93459,20.18431,22.28909,15.82676,15.63442
3035.04030,-0.56056,1.70893,73.94870,20.20448,22.31254,15.81254,15.61914
3035.05030,-0.54937,1.71279,73.93373,20.22023,22.30073,15.80860,15.60417
3035.06030,-0.55832,1.72037,73.93802,20.22023,22.32777,15.79541,15.59461
3035.07030,-0.57275,1.73260,73.94494,20.22023,22.37139,15.77413,15.57918
3035.08030,-0.59566,1.74012,73.74873,20.15123,22.35173,15.70860,15.53717
3035.09030,-0.59566,1.74012,73.74873,20.15123,22.35173,15.70860,15.53717
3035.10030,-0.57347,1.76075,73.77173,20.20023,22.38273,15.70860,15.48017
3035.11030,-0.57910,1.74679,73.79145,20.20023,22.34893,15.70860,15.53368
3035.12030,-0.55937,1.73184,73.86500,20.23705,22.30607,15.74122,15.58066
3035.13030,-0.52953,1.73277,73.92373,20.27923,22.30073,15.77860,15.56517
3035.14030,-0.52953,1.73277,73.92373,20.27923,22.30073,15.77860,15.56517
3035.15030,-0.52191,1.77649,74.02944,20.37372,22.40909,15.74870,15.49793
3035.16030,-0.54512,1.80932,73.91473,20.34823,22.47473,15.67860,15.41317
3035.17030,-0.54535,1.82607,73.94942,20.38830,22.50907,15.65503,15.39701
3035.18030,-0.54582,1.85902,74.01773,20.46723,22.57673,15.60860,15.36517
3035.19030,-0.54524,1.86592,73.88807,20.44431,22.54660,15.56931,15.32785
3035.20030,-0.53614,1.87509,73.63314,20.39723,22.47498,15.50761,15.25331
3035.21030,-0.51078,1.85882,73.66973,20.39723,22.44373,15.56860,15.26017
3035.22030,-0.51182,1.85407,73.66317,20.37807,22.44373,15.58279,15.25858
3035.23030,-0.51653,1.83248,73.63333,20.29098,22.44373,15.64731,15.25132
3035.24030,-0.52210,1.80516,73.81373,20.34823,22.40273,15.66860,15.39417
3035.25030,-0.52156,1.79654,73.83507,20.33957,22.39584,15.68860,15.41106
3035.26030,-0.51967,1.76641,73.90973,20.30923,22.37173,15.75860,15.47017
3035.27030,-0.51694,1.76806,73.93446,20.31626,22.38433,15.76830,15.46557
3035.28030,-0.49957,1.77060,74.01855,20.34392,22.41350,15.81138,15.44975
3035.29030,-0.46416,1.76015,74.04582,20.36664,22.37259,15.86252,15.44407
3035.30030,-0.44612,1.75483,74.05973,20.37823,22.35173,15.88860,15.44117
3035.31030,-0.45421,1.77098,74.01075,20.39621,22.35793,15.83280,15.42381
3035.32030,-0.48426,1.76938,73.91873,20.34027,22.35553,15.79240,15.43053
3035.33030,-0.49965,1.76232,73.88073,20.29923,22.35173,15.78860,15.44117
3035.34030,-0.46634,1.75806,73.75196,20.29307,22.26978,15.78860,15.40051
3035.35030,-0.44553,1.75540,73.67173,20.28923,22.21873,15.78860,15.37517
3035.36030,-0.46188,1.74768,73.62986,20.24897,22.20987,15.78055,15.39047
3035.37030,-0.43997,1.72139,73.91130,20.31731,22.21860,15.88732,15.48807
3035.38030,-0.43967,1.72110,73.91473,20.31823,22.21873,15.88860,15.48917
3035.39030,-0.44155,1.71904,74.08133,20.33783,22.28831,15.94740,15.50779
3035.40030,-0.47325,1.73435,74.01514,20.34804,22.28973,15.85058,15.52680
3035.41030,-0.47389,1.73466,74.01373,20.34823,22.28973,15.84860,15.52717
3035.42030,-0.48028,1.75174,73.93355,20.34823,22.29891,15.79848,15.48791
3035.43030,-0.48154,1.75512,73.91773,20.34823,22.30073,15.78860,15.48017
3035.44030,-0.49624,1.78367,73.87255,20.38079,22.33461,15.70887,15.44828
3035.45030,-0.50961,1.79667,73.70782,20.30312,22.35908,15.68331,15.36232
3035.46030,-0.51175,1.79616,73.65673,20.26923,22.36173,15.68860,15.33717
3035.47030,-0.50004,1.78714,73.55100,20.23751,22.30317,15.68860,15.32172
3035.48030,-0.46560,1.78828,73.73261,20.33274,22.31666,15.74072,15.34250
3035.49030,-0.46082,1.78876,73.76373,20.34823,22.32073,15.74860,15.34617
3035.50030,-0.45578,1.74114,73.85229,20.30651,22.25942,15.84226,15.44409
3035.51030,-0.45490,1.73284,73.86773,20.29923,22.24873,15.85860,15.46117
3035.52030,-0.46308,1.72652,74.05293,20.35006,22.28404,15.88444,15.53439
3035.53030,-0.47155,1.73654,74.14293,20.36970,22.34878,15.89433,15.53012
3035.54030,-0.47687,1.74473,74.18773,20.37823,22.39273,15.89860,15.51817
3035.55030,-0.49294,1.77289,74.18260,20.40681,22.45281,15.83999,15.48301
3035.56030,-0.50343,1.79620,73.94182,20.35161,22.44449,15.75961,15.38611
3035.57030,-0.50509,1.80086,73.85673,20.32823,22.43373,15.73860,15.35617
3035.58030,-0.49579,1.81723,73.67430,20.33556,22.37365,15.65801,15.30708
3035.59030,-0.49239,1.82322,73.60773,20.33823,22.35173,15.62860,15.28917
3035.60030,-0.48886,1.81609,73.59623,20.32748,22.33281,15.63973,15.29622
3035.61030,-0.49418,1.77872,73.57856,20.26653,22.26291,15.68300,15.36612
3035.62030,-0.50140,1.76256,73.57973,20.23923,22.23873,15.69860,15.40317
3035.63030,-0.53103,1.74041,73.77058,20.21575,22.30074,15.76482,15.48927
3035.64030,-0.52273,1.71978,74.03581,20.25452,22.34783,15.86960,15.56386
3035.65030,-0.50502,1.71592,74.12473,20.28923,22.35173,15.90860,15.57517
3035.66030,-0.52767,1.72041,74.16299,20.29880,22.37877,15.87892,15.60650
3035.67030,-0.56416,1.72764,74.22469,20.31422,22.42239,15.83105,15.65704
3035.68030,-0.57363,1.72951,74.24073,20.31823,22.43373,15.81860,15.67017
3035.69030,-0.55459,1.75438,74.11317,20.31823,22.44110,15.78911,15.56473
3035.70030,-0.54831,1.78654,73.86652,20.26918,22.45204,15.72871,15.41659
3035.71030,-0.54841,1.79127,73.82573,20.25923,22.45373,15.71860,15.39417
3035.72030,-0.54735,1.78406,73.54323,20.18201,22.34424,15.65995,15.35703
3035.73030,-0.55737,1.76802,73.57173,20.19023,22.30073,15.64860,15.43217
3035.74030,-0.55533,1.76587,73.57591,20.18803,22.29842,15.65630,15.43316
3035.75030,-0.53885,1.74852,73.60973,20.17023,22.27973,15.71860,15.44117
3035.76030,-0.53903,1.74516,73.63808,20.17293,22.28252,15.72940,15.45323
3035.77030,-0.53700,1.71156,73.95071,20.21035,22.31639,15.84788,15.57610
3035.78030,-0.49864,1.71407,74.20473,20.30923,22.37173,15.93860,15.58517
3035.79030,-0.49524,1.71280,74.17809,20.30443,22.35709,15.93620,15.58037
3035.80030,-0.48730,1.70288,74.05989,20.26547,22.29585,15.93100,15.56757
3035.81030,-0.49624,1.68415,73.95273,20.19023,22.24873,15.93860,15.57517
3035.82030,-0.49617,1.68238,73.94381,20.19023,22.23789,15.93435,15.58133
3035.83030,-0.49593,1.67585,73.91073,20.19023,22.19773,15.91860,15.60417
3035.84030,-0.49437,1.67199,73.89184,20.17601,22.18862,15.92627,15.60095
3035.85030,-0.48555,1.64216,73.75129,20.06811,22.11945,15.98052,15.58321
3035.86030,-0.51291,1.65022,73.82873,20.11123,22.14673,15.92860,15.64217
3035.87030,-0.51021,1.65100,73.82415,20.11359,22.14426,15.92860,15.63770
3035.88030,-0.49392,1.65791,73.78840,20.12990,22.12986,15.92260,15.60604
3035.89030,-0.53314,1.66893,73.77507,20.11657,22.17119,15.86260,15.62471
3035.90030,-0.54883,1.67333,73.76973,20.11123,22.18773,15.83860,15.63217
3035.91030,-0.51189,1.69598,73.90235,20.18942,22.25898,15.88808,15.56586
3035.92030,-0.50063,1.70295,73.86573,20.19023,22.25973,15.88860,15.52717
3035.93030,-0.48880,1.72542,73.94395,20.28825,22.27953,15.84900,15.52717
3035.94030,-0.46725,1.73828,73.76773,20.28923,22.21873,15.79860,15.46117
3035.95030,-0.46725,1.73828,73.76773,20.28923,22.21873,15.79860,15.46117
3035.96030,-0.52294,1.76446,73.81446,20.31220,22.30743,15.70356,15.49127
3035.97030,-0.51894,1.78892,73.84885,20.33524,22.38346,15.70412,15.42602
3035.98030,-0.51567,1.79201,73.85273,20.33823,22.39273,15.70860,15.41317
3035.99030,-0.53713,1.80690,73.66588,20.30480,22.36616,15.61431,15.38060
3036.00030,-0.54072,1.80939,73.63473,20.29923,22.36173,15.59860,15.37517
3036.01030,-0.52083,1.81986,73.63473,20.34173,22.35305,15.58993,15.35002
3036.02030,-0.52159,1.81133,73.73538,20.35676,22.36879,15.62272,15.38711
3036.03030,-0.52224,1.80959,73.75273,20.35823,22.37173,15.62860,15.39417
3036.04030,-0.52092,1.81181,73.79977,20.37083,22.39357,15.64120,15.39417
3036.05030,-0.51936,1.81445,73.85577,20.38583,22.41957,15.65620,15.39417
3036.06030,-0.56138,1.80839,73.97173,20.37823,22.47473,15.64860,15.47017
3036.07030,-0.55751,1.81828,73.91641,20.38230,22.47066,15.62419,15.43926
3036.08030,-0.55213,1.83203,73.83958,20.38795,22.46501,15.59029,15.39632
3036.09030,-0.55186,1.83272,73.83573,20.38823,22.46473,15.58860,15.39417
3036.10030,-0.55261,1.84624,73.98779,20.43803,22.54707,15.61160,15.39109
3036.11030,-0.53712,1.84319,73.96673,20.42723,22.53573,15.63860,15.36517
3036.12030,-0.54759,1.86071,73.79372,20.40533,22.51383,15.55830,15.31626
3036.13030,-0.55748,1.86299,73.76586,20.40461,22.50573,15.52860,15.32693
3036.14030,-0.55962,1.86148,73.77873,20.40723,22.50573,15.52860,15.33717
3036.15030,-0.56066,1.83970,73.72751,20.35267,22.46007,15.55644,15.35833
3036.16030,-0.56149,1.82235,73.68673,20.30923,22.42373,15.57860,15.37517
3036.17030,-0.54837,1.80515,73.81835,20.34676,22.40687,15.62755,15.43717
3036.18030,-0.55667,1.79470,73.90770,20.35666,22.41484,15.64703,15.48917
3036.19030,-0.57314,1.79805,73.88973,20.33823,22.43373,15.62860,15.48917
3036.20030,-0.54296,1.77571,73.95805,20.38032,22.35870,15.67130,15.54773
3036.21030,-0.53843,1.75750,73.99695,20.38770,22.31471,15.69063,15.60391
3036.22030,-0.56066,1.75156,73.98973,20.35823,22.32073,15.67860,15.63217
3036.23030,-0.56574,1.74697,73.99598,20.34069,22.32697,15.69049,15.63782
3036.24030,-0.57776,1.73612,74.01073,20.29923,22.34173,15.71860,15.65117
3036.25030,-0.57776,1.73612,74.01073,20.29923,22.34173,15.71860,15.65117
3036.26030,-0.57927,1.74151,73.98959,20.27706,22.36921,15.72791,15.61542
3036.27030,-0.57064,1.75628,73.98573,20.30923,22.38273,15.70860,15.58517
3036.28030,-0.55761,1.77075,73.96205,20.32736,22.39790,15.70120,15.53559
3036.29030,-0.54006,1.80677,73.92210,20.38006,22.43890,15.65900,15.44414
3036.30030,-0.54799,1.82609,73.92273,20.41723,22.46473,15.60860,15.43217
3036.31030,-0.54699,1.82911,73.91924,20.42112,22.46861,15.60471,15.42479
3036.32030,-0.54405,1.83800,73.90895,20.43255,22.48004,15.59329,15.40308
3036.33030,-0.54285,1.84165,73.90473,20.43723,22.48473,15.58860,15.39417
3036.34030,-0.54147,1.84538,73.78543,20.43026,22.43449,15.53976,15.38092
3036.35030,-0.55802,1.82246,73.80989,20.39921,22.40554,15.55452,15.45061
3036.36030,-0.56473,1.81286,73.83973,20.38823,22.40273,15.56860,15.48017
3036.37030,-0.57779,1.81431,73.85475,20.36326,22.44111,15.57860,15.47178
3036.38030,-0.59093,1.80049,73.78973,20.30923,22.41273,15.57860,15.48917
3036.39030,-0.59093,1.80049,73.78973,20.30923,22.41273,15.57860,15.48917
3036.40030,-0.58432,1.79612,73.91659,20.33323,22.44799,15.62758,15.50779
3036.41030,-0.57746,1.79158,74.04873,20.35823,22.48473,15.67860,15.52717
3036.42030,-0.57891,1.78218,74.00285,20.34583,22.44009,15.66620,15.55073
3036.43030,-0.56759,1.77951,73.95737,20.34443,22.40653,15.66480,15.54161
3036.44030,-0.56010,1.78141,73.94673,20.34823,22.40273,15.66860,15.52717
3036.45030,-0.57146,1.79367,73.91015,20.36063,22.40893,15.61900,15.52159
3036.46030,-0.56647,1.81512,73.71000,20.33517,22.38793,15.55553,15.43137
3036.47030,-0.56416,1.81847,73.66800,20.32823,22.38133,15.54593,15.41251
3036.48030,-0.56629,1.82263,73.62067,20.32823,22.36733,15.51927,15.40584
3036.49030,-0.56714,1.82430,73.60173,20.32823,22.36173,15.50860,15.40317
3036.50030,-0.55255,1.79903,73.61856,20.31594,22.30220,15.55389,15.44653
3036.51030,-0.55266,1.71519,73.81858,20.20255,22.25994,15.76456,15.59154
3036.52030,-0.55283,1.71367,73.82273,20.20023,22.25973,15.76860,15.59417
3036.53030,-0.53837,1.69519,74.07540,20.27768,22.26755,15.83900,15.69117
3036.54030,-0.53862,1.68656,74.19302,20.31499,22.26973,15.85860,15.74970
3036.55030,-0.53950,1.68585,74.20273,20.31823,22.26973,15.85860,15.75617
3036.56030,-0.51080,1.68759,74.22198,20.32660,22.27809,15.90880,15.70848
3036.57030,-0.49520,1.68634,74.17291,20.32823,22.24422,15.90994,15.69051
3036.58030,-0.48688,1.68907,74.18743,20.35093,22.23873,15.90860,15.68917
3036.59030,-0.49893,1.70230,74.02721,20.30905,22.23160,15.85157,15.63500
3036.60030,-0.50468,1.70726,73.95973,20.28923,22.22873,15.82860,15.61317
3036.61030,-0.51313,1.71583,73.93540,20.28266,22.24911,15.80887,15.59476
3036.62030,-0.51103,1.72199,73.83779,20.24885,22.24671,15.79860,15.54363
3036.63030,-0.50704,1.72303,73.78573,20.23023,22.23873,15.79860,15.51817
3036.64030,-0.51193,1.71194,73.82272,20.22537,22.22899,15.81320,15.55516
3036.65030,-0.51482,1.70435,73.88398,20.23871,22.22627,15.82483,15.59417
3036.66030,-0.51110,1.71109,73.92073,20.26923,22.23873,15.81860,15.59417
3036.67030,-0.50538,1.72468,74.03915,20.33061,22.28957,15.82480,15.59417
3036.68030,-0.50189,1.73299,74.11173,20.36823,22.32073,15.82860,15.59417
3036.69030,-0.50443,1.72946,73.97222,20.33804,22.25912,15.78632,15.58874
3036.70030,-0.48957,1.71992,73.90982,20.33642,22.19388,15.78284,15.59669
3036.71030,-0.47883,1.71522,73.92873,20.34823,22.17773,15.79860,15.60417
3036.72030,-0.47429,1.71369,73.93432,20.34300,22.18122,15.81431,15.59579
3036.73030,-0.46953,1.70095,73.95055,20.28963,22.20258,15.88375,15.57460
3036.74030,-0.48725,1.69508,73.93973,20.25923,22.20773,15.87860,15.59417
3036.75030,-0.48706,1.69131,73.95616,20.25645,22.20773,15.88974,15.60225
3036.76030,-0.48667,1.68363,73.98968,20.25077,22.20773,15.91246,15.61872
3036.77030,-0.48657,1.68156,73.99873,20.24923,22.20773,15.91860,15.62317
3036.78030,-0.51160,1.69660,73.94401,20.29267,22.18167,15.80567,15.66400
3036.79030,-0.50689,1.71987,73.92367,20.30785,22.23027,15.78860,15.59696
3036.80030,-0.50553,1.72325,73.92173,20.30923,22.23873,15.78860,15.58517
3036.81030,-0.54229,1.72585,73.69587,20.23192,22.19442,15.69304,15.57649
3036.82030,-0.53503,1.71699,73.65226,20.21162,22.16102,15.70444,15.57517
3036.83030,-0.53296,1.71551,73.65073,20.21023,22.15673,15.70860,15.57517
3036.84030,-0.54083,1.69999,73.73973,20.19023,22.17773,15.75860,15.61317
3036.85030,-0.53673,1.69693,73.79452,20.20454,22.18500,15.77799,15.62699
3036.86030,-0.52919,1.68503,73.95410,20.22968,22.21292,15.84355,15.66795
3036.87030,-0.54509,1.67783,73.91873,20.17023,22.22873,15.85860,15.66117
3036.88030,-0.54509,1.67783,73.91873,20.17023,22.22873,15.85860,15.66117
3036.89030,-0.51128,1.66977,73.97069,20.20611,22.19653,15.90580,15.66225
3036.90030,-0.48233,1.66357,74.06573,20.24923,22.18773,15.95860,15.67017
3036.91030,-0.48434,1.66462,74.04824,20.24714,22.18322,15.94870,15.66918
3036.92030,-0.50065,1.67316,73.90673,20.23023,22.14673,15.86860,15.66117
3036.93030,-0.50335,1.67123,73.91374,20.22429,22.15041,15.87335,15.66569
3036.94030,-0.51991,1.65805,73.95510,20.18023,22.17545,15.90933,15.69008
3036.95030,-0.48834,1.66876,73.85843,20.18023,22.15479,15.91600,15.60741
3036.96030,-0.47601,1.67295,73.82073,20.18023,22.14673,15.91860,15.57517
3036.97030,-0.49920,1.67785,73.82626,20.18023,22.16576,15.88177,15.59850
3036.98030,-0.50987,1.68170,73.87853,20.19853,22.18993,15.87080,15.61927
3036.99030,-0.50737,1.68219,73.90973,20.21023,22.19773,15.87860,15.62317
3037.00030,-0.49719,1.68557,73.73545,20.19087,22.12801,15.83019,15.58638
3037.01030,-0.49686,1.68568,73.72973,20.19023,22.12573,15.82860,15.58517
3037.02030,-0.53939,1.68383,73.77776,20.16083,22.17670,15.80900,15.63124
3037.03030,-0.50760,1.67667,73.88555,20.20923,22.16695,15.86740,15.64197
3037.04030,-0.50693,1.67652,73.88773,20.21023,22.16673,15.86860,15.64217
3037.05030,-0.52214,1.66210,73.98058,20.21668,22.16673,15.88149,15.71567
3037.06030,-0.52965,1.64323,74.12147,20.22777,22.17502,15.92630,15.79237
3037.07030,-0.52937,1.63968,74.15073,20.23023,22.17773,15.93860,15.80417
3037.08030,-0.54769,1.64190,74.10959,20.17880,22.21287,15.93860,15.77932
3037.09030,-0.55074,1.64228,74.10273,20.17023,22.21873,15.93860,15.77517
3037.10030,-0.55466,1.62528,74.06697,20.14611,22.16716,15.93860,15.81509
3037.11030,-0.55934,1.62471,74.00384,20.12429,22.15108,15.92166,15.80680
3037.12030,-0.56234,1.62693,73.96073,20.11123,22.14673,15.90860,15.79417
3037.13030,-0.56643,1.63206,73.97506,20.12521,22.15756,15.89462,15.79767
3037.14030,-0.57929,1.64539,73.93141,20.13159,22.16948,15.84503,15.78532
3037.15030,-0.58744,1.65128,73.82273,20.10123,22.15673,15.80860,15.75617
3037.16030,-0.57996,1.67097,73.80558,20.13014,22.18172,15.78410,15.70962
3037.17030,-0.57217,1.69146,73.78773,20.16023,22.20773,15.75860,15.66117
3037.18030,-0.57847,1.68456,73.81079,20.15111,22.20773,15.76821,15.68375
3037.19030,-0.58345,1.68903,73.81847,20.15035,22.22739,15.76421,15.67652
3037.20030,-0.58146,1.70200,73.79973,20.16023,22.24873,15.74860,15.64217
3037.21030,-0.57622,1.69357,73.70669,20.13620,22.19204,15.73628,15.64217
3037.22030,-0.58222,1.66980,73.73160,20.11509,22.15059,15.75929,15.70663
3037.23030,-0.58804,1.65818,73.78373,20.11123,22.14673,15.77860,15.74717
3037.24030,-0.59305,1.64772,73.80225,20.08322,22.15147,15.80708,15.76047
3037.25030,-0.59858,1.63615,73.82273,20.05223,22.15673,15.83860,15.77517
3037.26030,-0.60030,1.62564,73.90860,20.05708,22.16691,15.87256,15.81204
3037.27030,-0.59786,1.61911,74.02325,20.09055,22.17773,15.89900,15.85597
3037.28030,-0.59325,1.62408,74.04873,20.12123,22.17773,15.88860,15.86117
3037.29030,-0.59325,1.62408,74.04873,20.12123,22.17773,15.88860,15.86117
3037.30030,-0.57485,1.63276,74.04348,20.12013,22.20403,15.91860,15.80072
3037.31030,-0.56348,1.63887,73.96473,20.10123,22.19773,15.91860,15.74717
3037.32030,-0.56928,1.64971,73.89633,20.11563,22.17937,15.86100,15.74033
3037.33030,-0.57960,1.66905,73.77473,20.14123,22.14673,15.75860,15.72817
3037.34030,-0.58224,1.66061,73.75995,20.11525,22.13695,15.77290,15.73485
3037.35030,-0.58957,1.63716,73.71889,20.04306,22.10980,15.81264,15.75339
3037.36030,-0.58625,1.65866,73.65509,20.08988,22.09596,15.74044,15.72882
3037.37030,-0.58974,1.65706,73.71119,20.09851,22.11427,15.75315,15.74526
3037.38030,-0.59549,1.65129,73.86981,20.12324,22.16167,15.79575,15.78914
3037.39030,-0.59404,1.64605,74.02676,20.15569,22.20207,15.84211,15.82689
3037.40030,-0.58337,1.65106,74.04014,20.18091,22.20076,15.84163,15.81684
3037.41030,-0.54879,1.67002,74.01173,20.24923,22.17773,15.81860,15.76617
3037.42030,-0.55290,1.66756,73.99249,20.23521,22.17274,15.81622,15.76831
3037.43030,-0.56033,1.66286,73.92458,20.19707,22.15673,15.80860,15.76219
3037.44030,-0.54080,1.67369,73.90373,20.22023,22.15673,15.80860,15.71817
3037.45030,-0.55254,1.67435,73.90080,20.20958,22.16784,15.79779,15.72558
3037.46030,-0.60356,1.67723,73.88805,20.16327,22.21616,15.75081,15.75780
3037.47030,-0.55200,1.70856,73.77673,20.23923,22.17773,15.70860,15.65117
3037.48030,-0.56009,1.71447,73.80503,20.24288,22.20949,15.70495,15.64771
3037.49030,-0.59519,1.74014,73.92804,20.25876,22.34758,15.68908,15.63263
3037.50030,-0.59624,1.74091,73.93173,20.25923,22.35173,15.68860,15.63217
3037.51030,-0.58537,1.73635,73.85531,20.23082,22.32135,15.69840,15.60474
3037.52030,-0.59670,1.72063,73.72973,20.18023,22.24873,15.66860,15.63217
3037.53030,-0.59670,1.72063,73.72973,20.18023,22.24873,15.66860,15.63217
3037.54030,-0.60127,1.70005,73.80301,20.17258,22.23194,15.70408,15.69442
3037.55030,-0.60184,1.68705,73.98388,20.19867,22.26759,15.76495,15.75268
3037.56030,-0.60429,1.68658,74.01365,20.20383,22.27801,15.77007,15.76175
3037.57030,-0.62624,1.68944,74.18565,20.23649,22.35335,15.78340,15.81241
3037.58030,-0.63477,1.69054,74.25273,20.24923,22.38273,15.78860,15.83217
3037.59030,-0.62289,1.71151,74.15085,20.23953,22.40213,15.76919,15.74000
3037.60030,-0.59095,1.76339,74.09438,20.35466,22.42310,15.68130,15.63532
3037.61030,-0.58997,1.76497,74.09273,20.35823,22.42373,15.67860,15.63217
3037.62030,-0.59998,1.78192,73.90030,20.33098,22.39481,15.59517,15.57934
3037.63030,-0.60790,1.79956,73.69963,20.29504,22.37173,15.52009,15.51277
3037.64030,-0.60761,1.80979,73.58073,20.25923,22.37173,15.49860,15.45117
3037.65030,-0.57539,1.80836,73.57388,20.27638,22.34601,15.53289,15.41860
3037.66030,-0.57001,1.80813,73.57273,20.27923,22.34173,15.53860,15.41317
3037.67030,-0.59163,1.79314,73.69873,20.29560,22.34991,15.54678,15.50645
3037.68030,-0.58612,1.76345,73.87248,20.30980,22.34004,15.62648,15.59615
3037.69030,-0.57793,1.74249,73.98873,20.31823,22.33073,15.68860,15.65117
3037.70030,-0.56349,1.75006,73.99826,20.34021,22.33879,15.69593,15.62333
3037.71030,-0.56933,1.72948,74.05721,20.31246,22.33370,15.74240,15.66865
3037.72030,-0.57343,1.72085,74.07773,20.29923,22.33073,15.75860,15.68917
3037.73030,-0.55404,1.70324,74.00963,20.29199,22.24161,15.76584,15.71018
3037.74030,-0.54666,1.69654,73.98373,20.28923,22.20773,15.76860,15.71817
3037.75030,-0.56323,1.69698,73.93143,20.24038,22.22796,15.76367,15.69942
3037.76030,-0.58067,1.70056,73.84041,20.19023,22.23742,15.73975,15.67301
3037.77030,-0.58133,1.70573,73.77873,20.19023,22.21873,15.70860,15.66117
3037.78030,-0.56808,1.71154,73.66993,20.19023,22.17496,15.67821,15.62653
3037.79030,-0.58667,1.70428,73.69463,20.17799,22.17795,15.67084,15.66785
3037.80030,-0.60383,1.69732,73.75473,20.17023,22.19773,15.67860,15.70817
3037.81030,-0.58249,1.69838,73.81073,20.20983,22.19373,15.70260,15.70457
3037.82030,-0.55054,1.69997,73.89473,20.26923,22.18773,15.73860,15.69917
3037.83030,-0.54707,1.70789,73.82479,20.27393,22.16848,15.70574,15.67664
3037.84030,-0.55318,1.71854,73.94733,20.31715,22.23025,15.71180,15.68813
3037.85030,-0.56400,1.72035,74.16573,20.35823,22.32073,15.75860,15.72817
3037.86030,-0.56400,1.72035,74.16573,20.35823,22.32073,15.75860,15.72817
3037.87030,-0.56400,1.72035,74.16573,20.35823,22.32073,15.75860,15.72817
3037.88030,-0.58013,1.74090,74.03435,20.31780,22.35229,15.70746,15.65679
3037.89030,-0.59243,1.74632,74.04173,20.30923,22.38273,15.69860,15.65117
3037.90030,-0.62397,1.76101,73.89373,20.27963,22.37459,15.60240,15.63711
3037.91030,-0.62484,1.75445,73.80730,20.22601,22.35707,15.61256,15.61166
3037.92030,-0.62111,1.75016,73.79473,20.21023,22.35173,15.62860,15.60417
3037.93030,-0.61236,1.76013,73.82373,20.24923,22.36173,15.61860,15.59417
3037.94030,-0.60810,1.76468,73.83842,20.26950,22.36466,15.61273,15.59153
3037.95030,-0.59709,1.77605,73.88898,20.32073,22.37948,15.60485,15.58392
3037.96030,-0.59163,1.77915,73.99573,20.33823,22.43373,15.64860,15.57517
3037.97030,-0.58885,1.78986,73.95637,20.34783,22.43613,15.62460,15.54781
3037.98030,-0.58004,1.82386,73.83173,20.37823,22.44373,15.54860,15.46117
3037.99030,-0.58373,1.82313,73.78736,20.36429,22.42955,15.53466,15.45885
3038.00030,-0.58269,1.80858,73.64865,20.31823,22.34817,15.51500,15.46725
3038.01030,-0.54073,1.77021,73.67373,20.31823,22.23873,15.59860,15.51817
3038.02030,-0.54073,1.77021,73.67373,20.31823,22.23873,15.59860,15.51817
3038.03030,-0.57140,1.76791,73.71318,20.31387,22.25842,15.56999,15.57091
3038.04030,-0.54181,1.72345,74.00573,20.34823,22.24873,15.72860,15.68017
3038.05030,-0.54188,1.72319,74.00393,20.34523,22.24983,15.73060,15.67827
3038.06030,-0.54253,1.72079,73.98773,20.31823,22.25973,15.74860,15.66117
3038.07030,-0.54567,1.72052,73.99075,20.31752,22.26132,15.74542,15.66650
3038.08030,-0.57183,1.71831,74.01592,20.31156,22.27456,15.71893,15.71087
3038.09030,-0.57064,1.73727,74.08477,20.37712,22.31023,15.68892,15.70850
3038.10030,-0.57045,1.73759,74.08573,20.37823,22.31073,15.68860,15.70817
3038.11030,-0.55695,1.75575,73.90016,20.33016,22.31073,15.66937,15.58990
3038.12030,-0.54546,1.77276,73.88769,20.37247,22.31633,15.64060,15.55829
3038.13030,-0.53685,1.78555,73.88373,20.40723,22.32073,15.61860,15.53717
3038.14030,-0.53156,1.81821,73.77692,20.41585,22.35604,15.56692,15.43811
3038.15030,-0.52184,1.84349,73.79929,20.44303,22.42365,15.56720,15.36541
3038.16030,-0.52040,1.84675,73.80573,20.44723,22.43373,15.56860,15.35617
3038.17030,-0.52903,1.82690,73.80779,20.44038,22.37752,15.56175,15.42814
3038.18030,-0.53299,1.81779,73.80873,20.43723,22.35173,15.55860,15.46117
3038.19030,-0.51237,1.81698,73.73673,20.42996,22.31464,15.56587,15.42626
3038.20030,-0.51213,1.79138,73.91356,20.45614,22.30795,15.62642,15.52303
3038.21030,-0.51500,1.78171,73.99173,20.46723,22.31073,15.64860,15.56517
3038.22030,-0.52179,1.78612,74.06262,20.47853,22.35474,15.66028,15.56907
3038.23030,-0.53095,1.79206,74.15841,20.49379,22.41421,15.67607,15.57433
3038.24030,-0.52030,1.77900,74.11073,20.49623,22.34173,15.66860,15.60417
3038.25030,-0.52030,1.77900,74.11073,20.49623,22.34173,15.66860,15.60417
3038.26030,-0.52778,1.81555,74.03914,20.51532,22.39995,15.60178,15.52208
3038.27030,-0.52814,1.81730,74.03573,20.51623,22.40273,15.59860,15.51817
3038.28030,-0.53551,1.84804,73.92294,20.51443,22.43881,15.53279,15.43690
3038.29030,-0.56347,1.87285,73.84744,20.49443,22.49531,15.46829,15.38940
3038.30030,-0.58896,1.89548,73.77873,20.47623,22.54673,15.40960,15.34617
3038.31030,-0.54390,1.93548,73.62410,20.53694,22.52502,15.35031,15.21183
3038.32030,-0.53057,1.93700,73.61573,20.54623,22.51573,15.35960,15.19417
3038.33030,-0.53058,1.93371,73.63008,20.54714,22.51260,15.36566,15.20468
3038.34030,-0.53072,1.90452,73.75773,20.55523,22.48473,15.41960,15.29817
3038.35030,-0.52860,1.90215,73.77814,20.55660,22.48760,15.43179,15.30215
3038.36030,-0.51843,1.88198,73.92815,20.56061,22.50573,15.51834,15.34348
3038.37030,-0.52688,1.86774,73.98605,20.54811,22.50573,15.54465,15.38756
3038.38030,-0.53460,1.87588,74.00074,20.55643,22.53239,15.53030,15.38163
3038.39030,-0.54539,1.90406,74.03442,20.58987,22.61004,15.49483,15.33968
3038.40030,-0.52414,1.90161,74.08210,20.60311,22.61667,15.54118,15.32114
3038.41030,-0.52852,1.90691,74.04997,20.60288,22.61537,15.51825,15.31347
3038.42030,-0.55386,1.92546,73.92073,20.59523,22.60773,15.41960,15.29817
3038.43030,-0.55207,1.92374,73.84895,20.57815,22.57728,15.40475,15.28877
3038.44030,-0.54523,1.91651,73.65022,20.52148,22.49447,15.37623,15.25803
3038.45030,-0.54074,1.91017,73.71273,20.50623,22.52573,15.42960,15.25117
3038.46030,-0.54074,1.91017,73.71273,20.50623,22.52573,15.42960,15.25117
3038.47030,-0.52918,1.86883,73.68576,20.42375,22.45887,15.51860,15.28454
3038.48030,-0.53313,1.84803,73.81095,20.47808,22.41005,15.51860,15.40422
3038.49030,-0.53372,1.84491,73.82973,20.48623,22.40273,15.51860,15.42217
3038.50030,-0.53826,1.81720,73.97073,20.43723,22.44373,15.62860,15.46117
3038.51030,-0.53808,1.81413,73.98443,20.43423,22.44473,15.63860,15.46687
3038.52030,-0.53543,1.78738,74.10573,20.41057,22.45173,15.72593,15.51751
3038.53030,-0.52584,1.79504,74.08573,20.44390,22.43173,15.69927,15.51084
3038.54030,-0.52200,1.79811,74.07773,20.45723,22.42373,15.68860,15.50817
3038.55030,-0.52637,1.79629,73.81768,20.39966,22.32489,15.61183,15.48130
3038.56030,-0.51821,1.79955,73.85473,20.41606,22.34049,15.62742,15.47076
3038.57030,-0.51769,1.79976,73.85773,20.41723,22.34173,15.62860,15.47017
3038.58030,-0.53038,1.78961,73.88602,20.41723,22.32523,15.62074,15.52282
3038.59030,-0.49235,1.77240,73.88618,20.40884,22.27793,15.69412,15.50529
3038.60030,-0.48439,1.76963,73.88473,20.40723,22.26973,15.70860,15.49917
3038.61030,-0.50309,1.75906,74.01381,20.38521,22.33199,15.76175,15.53486
3038.62030,-0.50900,1.75572,74.05473,20.37823,22.35173,15.77860,15.54617
3038.63030,-0.53651,1.75732,73.96120,20.34321,22.33798,15.72097,15.55903
3038.64030,-0.56858,1.75919,73.85243,20.30249,22.32201,15.65396,15.57398
3038.65030,-0.55312,1.74871,73.90173,20.31823,22.30073,15.68860,15.59417
3038.66030,-0.55580,1.76657,73.81006,20.31417,22.30976,15.64344,15.54269
3038.67030,-0.55899,1.78790,73.70092,20.30933,22.32051,15.58968,15.48140
3038.68030,-0.57001,1.74039,73.78070,20.27380,22.24844,15.64530,15.61317
3038.69030,-0.54945,1.71104,73.84402,20.24495,22.21873,15.74003,15.64032
3038.70030,-0.54568,1.70329,73.87773,20.23923,22.21873,15.76860,15.65117
3038.71030,-0.57039,1.71168,73.91934,20.26843,22.24063,15.71750,15.69278
3038.72030,-0.55563,1.70457,74.04387,20.30092,22.25668,15.77088,15.71540
3038.73030,-0.54649,1.70066,74.08573,20.30923,22.25973,15.79860,15.71817
3038.74030,-0.54328,1.70822,73.99077,20.29439,22.24452,15.77263,15.67922
3038.75030,-0.54902,1.71590,73.71993,20.22104,22.18701,15.70420,15.60768
3038.76030,-0.55619,1.71259,73.64973,20.19023,22.16673,15.68860,15.60417
3038.77030,-0.55445,1.71742,73.64367,20.20842,22.16067,15.67042,15.60417
3038.78030,-0.55333,1.72056,73.63973,20.22023,22.15673,15.65860,15.60417
3038.79030,-0.56548,1.70678,73.63175,20.18340,22.14445,15.67088,15.63302
3038.80030,-0.56894,1.69492,73.78117,20.19412,22.18127,15.72701,15.67877
3038.81030,-0.56450,1.69155,73.94573,20.23023,22.22873,15.77860,15.70817
3038.82030,-0.56719,1.68234,74.07968,20.25326,22.25270,15.81620,15.75752
3038.83030,-0.57021,1.67200,74.23073,20.27923,22.27973,15.85860,15.81317
3038.84030,-0.56765,1.67339,74.16257,20.28403,22.24037,15.82500,15.81317
3038.85030,-0.56014,1.68530,74.07210,20.29399,22.21721,15.78385,15.77705
3038.86030,-0.55491,1.69678,74.05373,20.29923,22.23873,15.77860,15.73717
3038.87030,-0.55676,1.69890,73.98953,20.29185,22.21610,15.75154,15.73004
3038.88030,-0.56079,1.70351,73.84996,20.27581,22.16690,15.69272,15.71453
3038.89030,-0.56062,1.68662,73.75137,20.19746,22.13395,15.72334,15.69662
3038.90030,-0.55944,1.67451,73.72473,20.15123,22.12573,15.75860,15.68917
3038.91030,-0.56521,1.67641,73.78573,20.16426,22.15383,15.76545,15.70220
3038.92030,-0.57579,1.68067,73.85563,20.17710,22.19489,15.76860,15.71504
3038.93030,-0.59641,1.68742,74.03502,20.21488,22.28194,15.78289,15.75532
3038.94030,-0.60622,1.68790,74.21373,20.25923,22.34173,15.80860,15.80417
3038.95030,-0.59377,1.69681,74.16263,20.26973,22.33088,15.79460,15.76742
3038.96030,-0.56710,1.71508,74.03412,20.27884,22.30726,15.76860,15.67942
3038.97030,-0.56051,1.71826,73.97073,20.25923,22.30073,15.76860,15.64217
3038.98030,-0.56051,1.71826,73.97073,20.25923,22.30073,15.76860,15.64217
3038.99030,-0.56423,1.71769,73.83902,20.23245,22.24990,15.72488,15.63179
3039.00030,-0.56733,1.71722,73.72973,20.21023,22.20773,15.68860,15.62317
3039.01030,-0.54936,1.71739,73.76296,20.24346,22.19416,15.70216,15.62317
3039.02030,-0.53735,1.70491,73.91275,20.26636,22.21695,15.77276,15.65668
3039.03030,-0.53595,1.69986,73.96673,20.26923,22.22873,15.79860,15.67017
3039.04030,-0.54697,1.72507,74.00620,20.30670,22.29579,15.76154,15.64217
3039.05030,-0.56053,1.72214,73.92973,20.26923,22.27973,15.73860,15.64217
3039.06030,-0.55950,1.72229,73.91263,20.26660,22.27302,15.73465,15.63836
3039.07030,-0.55436,1.72307,73.82710,20.25344,22.23946,15.71492,15.61928
3039.08030,-0.55405,1.72402,73.80007,20.24712,22.23328,15.70860,15.61106
3039.09030,-0.56199,1.72953,73.80262,20.23365,22.26608,15.70978,15.59311
3039.10030,-0.54155,1.72914,73.80173,20.25923,22.23873,15.71860,15.58517
3039.11030,-0.54155,1.72914,73.80173,20.25923,22.23873,15.71860,15.58517
3039.12030,-0.57240,1.74412,73.89277,20.29234,22.30659,15.67722,15.61662
3039.13030,-0.54990,1.72443,73.83069,20.25970,22.23968,15.71802,15.61329
3039.14030,-0.54956,1.72416,73.82973,20.25923,22.23873,15.71860,15.61317
3039.15030,-0.56886,1.72830,73.99897,20.27903,22.32978,15.74829,15.64187
3039.16030,-0.56906,1.72834,74.00073,20.27923,22.33073,15.74860,15.64217
3039.17030,-0.50995,1.72381,73.97066,20.32676,22.25119,15.78740,15.60531
3039.18030,-0.53736,1.70416,73.77475,20.19302,22.20855,15.77880,15.59438
3039.19030,-0.53796,1.70375,73.77073,20.19023,22.20773,15.77860,15.59417
3039.20030,-0.60443,1.67458,73.78819,20.07577,22.23780,15.78830,15.68632
3039.21030,-0.55437,1.67725,74.02056,20.19639,22.25910,15.86620,15.69887
3039.22030,-0.55277,1.67736,74.02773,20.20023,22.25973,15.86860,15.69917
3039.23030,-0.54529,1.68863,73.98120,20.18043,22.28943,15.87850,15.63284
3039.24030,-0.54521,1.68875,73.98073,20.18023,22.28973,15.87860,15.63217
3039.25030,-0.54947,1.70996,73.91440,20.20003,22.30062,15.81920,15.59455
3039.26030,-0.60291,1.71217,73.69593,20.10222,22.27994,15.71960,15.59417
3039.27030,-0.60345,1.71219,73.69373,20.10123,22.27973,15.71860,15.59417
3039.28030,-0.56713,1.72351,73.65217,20.14985,22.24379,15.71155,15.54697
3039.29030,-0.55189,1.72826,73.63473,20.17023,22.22873,15.70860,15.52717
3039.30030,-0.56175,1.71888,73.58174,20.13635,22.20180,15.69991,15.54368
3039.31030,-0.59108,1.68409,73.67279,20.08903,22.18911,15.74167,15.65299
3039.32030,-0.59556,1.67873,73.68873,20.08223,22.18773,15.74860,15.67017
3039.33030,-0.57101,1.66246,73.88427,20.12444,22.20495,15.84335,15.71152
3039.34030,-0.57704,1.67778,74.04056,20.17497,22.29373,15.85860,15.71326
3039.35030,-0.58732,1.69628,74.16973,20.22023,22.38273,15.85860,15.70817
3039.36030,-0.58968,1.69733,74.15994,20.21693,22.38383,15.85310,15.70608
3039.37030,-0.60382,1.70648,74.06329,20.19023,22.38473,15.80860,15.67973
3039.38030,-0.56798,1.71235,73.91078,20.18560,22.32073,15.80028,15.60417
3039.39030,-0.60043,1.72101,73.81811,20.14977,22.33129,15.73567,15.60139
3039.40030,-0.62104,1.73386,73.83773,20.14123,22.39273,15.71860,15.58517
3039.41030,-0.60094,1.76611,73.81166,20.20008,22.42327,15.68136,15.50696
3039.42030,-0.61635,1.79521,73.81981,20.22766,22.49462,15.63147,15.46606
3039.43030,-0.62407,1.80147,73.82573,20.23023,22.51573,15.61860,15.46117
3039.44030,-0.63759,1.80585,73.80205,20.20557,22.54089,15.60873,15.44687
3039.45030,-0.65148,1.81036,73.77773,20.18023,22.56673,15.59860,15.43217
3039.46030,-0.62178,1.80718,73.82547,20.23541,22.52891,15.61720,15.44395
3039.47030,-0.60984,1.81447,73.82559,20.25683,22.53115,15.61620,15.42141
3039.48030,-0.61367,1.82013,73.80773,20.24923,22.54673,15.60860,15.40317
3039.49030,-0.60773,1.80419,73.71163,20.23125,22.45745,15.59000,15.43293
3039.50030,-0.61991,1.79271,73.64860,20.19957,22.41554,15.57033,15.46316
3039.51030,-0.64238,1.79031,73.64273,20.17023,22.43373,15.55860,15.48017
3039.52030,-0.64617,1.78945,73.68569,20.17503,22.45101,15.56820,15.49145
3039.53030,-0.64566,1.77956,73.86070,20.20663,22.48862,15.62236,15.54309
3039.54030,-0.60575,1.75658,73.98573,20.25923,22.43373,15.69860,15.59417
3039.55030,-0.60663,1.76186,74.01791,20.27691,22.45176,15.69506,15.59417
3039.56030,-0.60822,1.77151,74.07673,20.30923,22.48473,15.68860,15.59417
3039.57030,-0.61691,1.76922,74.03467,20.27395,22.48829,15.68860,15.58384
3039.58030,-0.62569,1.76697,73.94088,20.22038,22.48038,15.68160,15.55852
3039.59030,-0.61283,1.77047,73.90773,20.23923,22.45373,15.66860,15.54617
3039.60030,-0.60491,1.77613,73.90891,20.25568,22.45631,15.66625,15.53067
3039.61030,-0.58228,1.79230,73.91226,20.30266,22.46369,15.65954,15.48637
3039.62030,-0.62910,1.80174,73.82073,20.27923,22.46473,15.55860,15.51817
3039.63030,-0.62795,1.80312,73.81670,20.28135,22.46473,15.55648,15.51414
3039.64030,-0.62369,1.80823,73.80173,20.28923,22.46473,15.54860,15.49917
3039.65030,-0.61672,1.81248,73.83031,20.30850,22.47577,15.55509,15.49095
3039.66030,-0.59546,1.82256,73.92526,20.36427,22.50773,15.58174,15.47153
3039.67030,-0.61183,1.80065,73.88997,20.30610,22.47439,15.59481,15.51466
3039.68030,-0.61510,1.79344,73.89731,20.29286,22.46854,15.60604,15.52987
3039.69030,-0.59624,1.78321,74.05309,20.32823,22.49009,15.67860,15.55617
3039.70030,-0.57601,1.77397,73.98199,20.32823,22.41899,15.67860,15.55617
3039.71030,-0.56982,1.76745,73.93194,20.31444,22.38273,15.67860,15.55617
3039.72030,-0.54086,1.75758,73.89582,20.30446,22.33986,15.72042,15.53108
3039.73030,-0.51023,1.75038,73.87673,20.30923,22.30073,15.75860,15.50817
3039.74030,-0.51308,1.73666,73.92887,20.30923,22.28632,15.77918,15.55414
3039.75030,-0.52114,1.73328,73.97485,20.31587,22.29521,15.78123,15.58255
3039.76030,-0.52355,1.73431,73.98273,20.31823,22.30073,15.77860,15.58517
3039.77030,-0.51611,1.75239,73.91573,20.31823,22.32073,15.75860,15.51817
3039.78030,-0.51781,1.75373,73.91051,20.31723,22.32306,15.75416,15.51606
3039.79030,-0.53129,1.76303,73.86838,20.30923,22.33690,15.71860,15.50364
3039.80030,-0.53053,1.75234,73.86573,20.30923,22.30073,15.71860,15.53717
3039.81030,-0.53053,1.75234,73.86573,20.30923,22.30073,15.71860,15.53717
3039.82030,-0.51364,1.75040,73.80672,20.29940,22.27023,15.72844,15.50865
3039.83030,-0.53887,1.73694,73.81652,20.23160,22.30011,15.75801,15.52680
3039.84030,-0.53939,1.73667,73.81673,20.23023,22.30073,15.75860,15.52717
3039.85030,-0.45219,1.74136,73.97414,20.36685,22.27004,15.84770,15.48955
3039.86030,-0.48053,1.71320,73.90266,20.26688,22.23751,15.86431,15.53396
3039.87030,-0.48850,1.70549,73.88273,20.23923,22.22873,15.86860,15.54617
3039.88030,-0.48162,1.72166,73.80530,20.27403,22.20176,15.80770,15.52181
3039.89030,-0.48058,1.72408,73.79373,20.27923,22.19773,15.79860,15.51817
3039.90030,-0.46057,1.72618,73.81176,20.30499,22.18914,15.81577,15.50186
3039.91030,-0.46147,1.69935,73.74406,20.23345,22.13493,15.85266,15.52301
3039.92030,-0.46220,1.69460,73.73173,20.22023,22.12573,15.85860,15.52717
3039.93030,-0.46072,1.70257,73.80704,20.24819,22.16680,15.87001,15.52204
3039.94030,-0.45961,1.70855,73.86373,20.26923,22.19773,15.87860,15.51817
3039.95030,-0.43923,1.68492,73.92389,20.28675,22.13816,15.92532,15.57365
3039.96030,-0.43100,1.65735,73.99873,20.26613,22.11228,15.99667,15.62366
3039.97030,-0.43609,1.64863,74.02473,20.23923,22.12573,16.02760,15.63217
3039.98030,-0.43857,1.65031,74.00490,20.22527,22.13381,16.02760,15.61821
3039.99030,-0.43706,1.68229,74.15233,20.33600,22.21146,15.99170,15.61317
3040.00030,-0.43618,1.69370,74.20873,20.37823,22.23873,15.97860,15.61317
3040.01030,-0.45303,1.69978,74.09972,20.32519,22.24895,15.94940,15.57619
3040.02030,-0.47086,1.70622,73.98473,20.26923,22.25973,15.91860,15.53717
3040.03030,-0.48941,1.70871,73.78707,20.23302,22.19036,15.82652,15.53717
3040.04030,-0.46723,1.69353,73.60657,20.20419,22.06640,15.80484,15.53113
3040.05030,-0.44497,1.68253,73.56973,20.20023,22.01373,15.82860,15.52717
3040.06030,-0.42266,1.66767,73.64171,20.20633,22.00092,15.89570,15.53876
3040.07030,-0.41158,1.65308,73.75996,20.21630,22.01154,15.96258,15.56954
3040.08030,-0.41675,1.64475,73.87837,20.22625,22.04239,16.00188,15.60785
3040.09030,-0.42023,1.65394,73.99821,20.26815,22.09889,16.01280,15.61837
3040.10030,-0.42388,1.66617,74.08414,20.30923,22.14673,16.00760,15.62058
3040.11030,-0.42830,1.66345,74.09956,20.30923,22.14673,16.00760,15.63600
3040.12030,-0.41563,1.66030,74.17670,20.30845,22.18145,16.06790,15.61890
3040.13030,-0.41622,1.67120,74.17773,20.31823,22.20773,16.05760,15.59417
3040.14030,-0.41683,1.67379,74.05229,20.29029,22.17216,16.02299,15.56686
3040.15030,-0.41814,1.67932,73.78540,20.23083,22.09648,15.94934,15.50875
3040.16030,-0.44014,1.66097,73.79857,20.19063,22.08484,15.95850,15.56460
3040.17030,-0.44203,1.66240,73.79554,20.19243,22.08594,15.95200,15.56517
3040.18030,-0.45550,1.67550,73.76973,20.21023,22.09573,15.89860,15.56517
3040.19030,-0.44941,1.67640,73.75980,20.20472,22.09849,15.90963,15.54697
3040.20030,-0.44168,1.68296,73.80663,20.20818,22.14309,15.94226,15.51309
3040.21030,-0.45596,1.69015,73.93273,20.23923,22.20773,15.94860,15.53717
3040.22030,-0.45596,1.69015,73.93273,20.23923,22.20773,15.94860,15.53717
3040.23030,-0.44091,1.70661,73.81661,20.23480,22.19878,15.92186,15.46117
3040.24030,-0.44627,1.73583,73.93773,20.32823,22.26973,15.87860,15.46117
3040.25030,-0.44951,1.73208,73.90254,20.31696,22.24857,15.86710,15.46991
3040.26030,-0.45789,1.72105,73.77599,20.27923,22.17773,15.82860,15.49043
3040.27030,-0.44724,1.72160,73.75422,20.26846,22.17773,15.84685,15.46117
3040.28030,-0.43749,1.70134,73.78676,20.22164,22.17773,15.92622,15.46117
3040.29030,-0.42599,1.68666,73.95073,20.28923,22.15673,15.95860,15.54617
3040.30030,-0.42322,1.68443,73.95285,20.28806,22.15190,15.96554,15.54735
3040.31030,-0.40272,1.66836,73.97782,20.28226,22.11987,16.01861,15.55708
3040.32030,-0.40490,1.67373,74.05873,20.30923,22.15673,16.02760,15.56517
3040.33030,-0.40490,1.67373,74.05873,20.30923,22.15673,16.02760,15.56517
3040.34030,-0.41099,1.67888,74.09794,20.32786,22.17731,16.01780,15.57498
3040.35030,-0.45259,1.70277,73.98489,20.27973,22.23811,15.93940,15.52766
3040.36030,-0.45301,1.70301,73.98373,20.27923,22.23873,15.93860,15.52717
3040.37030,-0.43786,1.73317,73.83085,20.30863,22.21913,15.86020,15.44289
3040.38030,-0.43755,1.73378,73.82773,20.30923,22.21873,15.85860,15.44117
3040.39030,-0.48658,1.73103,73.75815,20.24063,22.23833,15.80960,15.46959
3040.40030,-0.46210,1.71939,73.64982,20.19073,22.18824,15.84820,15.42266
3040.41030,-0.46184,1.71927,73.64873,20.19023,22.18773,15.84860,15.42217
3040.42030,-0.44285,1.70797,73.72573,20.20579,22.17995,15.90304,15.43695
3040.43030,-0.45689,1.66428,73.86813,20.21023,22.11581,15.94440,15.59769
3040.44030,-0.46005,1.65770,73.88773,20.21023,22.10573,15.94860,15.62317
3040.45030,-0.45311,1.63368,73.96291,20.19058,22.09050,16.01689,15.66494
3040.46030,-0.44594,1.60885,74.04073,20.17023,22.07473,16.08760,15.70817
3040.47030,-0.44684,1.60884,74.05063,20.17243,22.07814,16.08870,15.71136
3040.48030,-0.45283,1.60978,74.11586,20.19023,22.10060,16.09260,15.73242
3040.49030,-0.44348,1.61703,74.01173,20.19023,22.06473,16.05760,15.69917
3040.50030,-0.45123,1.62068,73.99517,20.18783,22.06953,16.03864,15.69917
3040.51030,-0.47581,1.63226,73.94273,20.18023,22.08473,15.97860,15.69917
3040.52030,-0.48165,1.63356,73.77129,20.10110,22.07007,15.96395,15.63616
3040.53030,-0.48752,1.63518,73.76551,20.10836,22.06473,15.94385,15.64857
3040.54030,-0.48885,1.63558,73.78573,20.12123,22.06473,15.93860,15.66117
3040.55030,-0.49037,1.62739,73.79102,20.10361,22.05885,15.95622,15.67233
3040.56030,-0.50536,1.62758,73.88853,20.10779,22.11100,15.97412,15.69562
3040.57030,-0.51665,1.63239,73.96473,20.12123,22.15673,15.97860,15.70817
3040.58030,-0.52613,1.63302,73.98395,20.10263,22.18835,15.99038,15.70259
3040.59030,-0.53588,1.64296,73.89752,20.10965,22.16414,15.92455,15.69917
3040.60030,-0.53837,1.64899,73.83573,20.12123,22.13673,15.87860,15.69917
3040.61030,-0.52716,1.66083,73.74635,20.11511,22.12999,15.86023,15.64101
3040.62030,-0.52004,1.66834,73.68973,20.11123,22.12573,15.84860,15.60417
3040.63030,-0.51458,1.66211,73.75399,20.12343,22.13020,15.87707,15.62329
3040.64030,-0.50123,1.64785,73.86432,20.14298,22.12765,15.93414,15.65955
3040.65030,-0.47581,1.62332,73.94273,20.15123,22.08473,16.00760,15.69917
3040.66030,-0.48338,1.64113,73.97910,20.17499,22.13951,15.98869,15.67590
3040.67030,-0.48760,1.67197,74.05350,20.22914,22.22811,15.96370,15.63255
3040.68030,-0.48363,1.68439,74.09073,20.25923,22.25973,15.95860,15.61317
3040.69030,-0.49005,1.68434,74.02948,20.23597,22.24765,15.94093,15.60493
3040.70030,-0.50348,1.68422,73.90187,20.18750,22.22250,15.90412,15.58775
3040.71030,-0.50881,1.67766,73.86855,20.16766,22.20196,15.89860,15.60032
3040.72030,-0.51557,1.66430,73.83960,20.14200,22.16775,15.89860,15.63125
3040.73030,-0.56539,1.66229,73.86873,20.09123,22.22873,15.87860,15.67017
3040.74030,-0.54542,1.65012,73.90583,20.09823,22.20353,15.92375,15.68032
3040.75030,-0.50844,1.63362,73.99595,20.12856,22.17122,16.00053,15.69564
3040.76030,-0.50856,1.64471,74.03473,20.16023,22.19773,15.98760,15.68917
3040.77030,-0.51131,1.64713,74.02097,20.16257,22.19539,15.97383,15.68917
3040.78030,-0.51919,1.65407,73.98163,20.16923,22.18873,15.93450,15.68917
3040.79030,-0.52231,1.66081,73.96028,20.17295,22.19464,15.91504,15.67765
3040.80030,-0.53038,1.68457,73.89587,20.18424,22.22346,15.85854,15.62963
3040.81030,-0.51917,1.71829,73.82624,20.22333,22.25359,15.80462,15.54470
3040.82030,-0.50234,1.74121,73.78773,20.25923,22.26973,15.77860,15.48017
3040.83030,-0.50917,1.74290,73.79921,20.25923,22.28181,15.77256,15.48561
3040.84030,-0.51726,1.74214,73.80537,20.27287,22.26927,15.74815,15.51508
3040.85030,-0.51894,1.74127,73.80473,20.27923,22.25973,15.73860,15.52717
3040.86030,-0.48383,1.72560,73.88910,20.31487,22.22191,15.80405,15.54826
3040.87030,-0.47068,1.71973,73.92073,20.32823,22.20773,15.82860,15.55617
3040.88030,-0.52791,1.70850,74.00564,20.27195,22.27642,15.82860,15.62868
3040.89030,-0.55442,1.67843,74.19773,20.23023,22.33073,15.91860,15.71817
3040.90030,-0.55497,1.67911,74.19477,20.23192,22.32956,15.91453,15.71876
3040.91030,-0.55995,1.68534,74.16778,20.24727,22.31898,15.87749,15.72405
3040.92030,-0.57665,1.68502,74.11908,20.23277,22.30448,15.83968,15.74215
3040.93030,-0.60695,1.67277,74.05373,20.17023,22.28973,15.81860,15.77517
3040.94030,-0.59669,1.72051,73.85478,20.17023,22.33031,15.73942,15.61483
3040.95030,-0.59658,1.72100,73.85273,20.17023,22.33073,15.73860,15.61317
3040.96030,-0.59431,1.74264,73.77760,20.18983,22.33791,15.68633,15.56352
3040.97030,-0.61963,1.79697,73.86829,20.24727,22.50877,15.62980,15.48245
3040.98030,-0.62074,1.79875,73.87373,20.24923,22.51573,15.62860,15.48017
3040.99030,-0.58063,1.80293,73.78083,20.28020,22.44450,15.62086,15.43527
3041.00030,-0.57122,1.78823,73.71158,20.23949,22.39759,15.64389,15.43060
3041.01030,-0.57164,1.78527,73.70373,20.23023,22.39273,15.64860,15.43217
3041.02030,-0.55683,1.75365,73.73935,20.23805,22.30325,15.68335,15.51470
3041.03030,-0.55459,1.74888,73.74473,20.23923,22.28973,15.68860,15.52717
3041.04030,-0.54928,1.71929,73.82756,20.19817,22.28277,15.77908,15.56754
3041.05030,-0.57198,1.69502,73.96589,20.18728,22.29452,15.81860,15.66549
3041.06030,-0.58245,1.69026,74.00873,20.19023,22.30073,15.81860,15.69917
3041.07030,-0.57986,1.69718,74.05973,20.22698,22.31573,15.81110,15.70592
3041.08030,-0.57663,1.68200,74.10198,20.17389,22.34375,15.89028,15.69406
3041.09030,-0.57581,1.67594,74.11073,20.15123,22.35173,15.91860,15.68917
3041.10030,-0.55975,1.70113,74.08326,20.20990,22.35915,15.87405,15.64016
3041.11030,-0.55418,1.70987,74.07373,20.23023,22.36173,15.85860,15.62317
3041.12030,-0.55348,1.70770,73.90575,20.15697,22.33139,15.85120,15.56619
3041.13030,-0.54585,1.73237,73.81935,20.18229,22.33627,15.79680,15.50399
3041.14030,-0.54325,1.74131,73.80973,20.20023,22.34173,15.77860,15.48917
3041.15030,-0.54360,1.74507,73.77157,20.19783,22.33429,15.76180,15.47765
3041.16030,-0.53361,1.76007,73.67429,20.22681,22.29771,15.70240,15.44737
3041.17030,-0.52681,1.76196,73.68873,20.24923,22.28973,15.69860,15.45117
3041.18030,-0.52262,1.74665,73.74312,20.24220,22.27863,15.73930,15.48299
3041.19030,-0.51550,1.72063,73.83573,20.23023,22.25973,15.80860,15.53717
3041.20030,-0.52290,1.71714,73.86160,20.21714,22.27643,15.82170,15.54634
3041.21030,-0.53343,1.70715,73.98839,20.21479,22.31928,15.86791,15.58641
3041.22030,-0.52127,1.69969,74.18173,20.27923,22.34173,15.91860,15.64217
3041.23030,-0.51222,1.69173,74.10649,20.24359,22.30825,15.93300,15.62165
3041.24030,-0.48551,1.69280,74.02997,20.24791,22.26349,15.93700,15.58157
3041.25030,-0.46671,1.71991,74.13173,20.36823,22.28973,15.89860,15.57517
3041.26030,-0.47692,1.72989,74.08731,20.36170,22.30312,15.86593,15.55655
3041.27030,-0.49779,1.75029,73.99664,20.34837,22.33045,15.79927,15.51855
3041.28030,-0.49981,1.75094,73.89961,20.31259,22.31237,15.78420,15.49045
3041.29030,-0.50576,1.76229,73.70137,20.25643,22.29089,15.73340,15.42065
3041.30030,-0.51061,1.78109,73.65273,20.26923,22.31073,15.68860,15.38417
3041.31030,-0.52788,1.76995,73.69388,20.23741,22.33033,15.71110,15.41503
3041.32030,-0.54460,1.74114,73.78487,20.18927,22.33780,15.77515,15.48266
3041.33030,-0.49289,1.72712,73.79573,20.23923,22.24873,15.81860,15.48917
3041.34030,-0.49631,1.73022,73.84205,20.24883,22.27585,15.82580,15.49157
3041.35030,-0.50579,1.73882,73.97072,20.27550,22.35118,15.84580,15.49824
3041.36030,-0.49748,1.74149,74.01638,20.29991,22.36173,15.85789,15.49685
3041.37030,-0.47205,1.75106,74.14421,20.37519,22.39125,15.88860,15.48917
3041.38030,-0.49215,1.76607,74.25973,20.39723,22.48473,15.88860,15.48917
3041.39030,-0.48902,1.77958,74.21580,20.40873,22.49186,15.86100,15.45421
3041.40030,-0.48455,1.82708,74.04882,20.43952,22.51881,15.75625,15.33424
3041.41030,-0.51085,1.83636,73.96224,20.40596,22.53224,15.70256,15.32149
3041.42030,-0.51459,1.84219,73.92350,20.40247,22.53215,15.68074,15.30813
3041.43030,-0.48628,1.87335,73.77588,20.45009,22.49961,15.60931,15.21686
3041.44030,-0.48202,1.87804,73.75373,20.45723,22.49473,15.59860,15.20317
3041.45030,-0.53759,1.89293,73.71104,20.36117,22.61407,15.57919,15.15660
3041.46030,-0.48921,1.90820,73.77673,20.49623,22.56673,15.55860,15.15517
3041.47030,-0.49230,1.90588,73.78447,20.49158,22.56838,15.56176,15.16275
3041.48030,-0.52670,1.88010,73.87044,20.43982,22.58681,15.59685,15.24696
3041.49030,-0.52330,1.89560,73.91448,20.47504,22.62747,15.58891,15.22306
3041.50030,-0.52314,1.89613,73.91573,20.47623,22.62873,15.58860,15.22217
3041.51030,-0.51952,1.88395,73.86529,20.45780,22.57829,15.58860,15.24060
3041.52030,-0.51941,1.88357,73.86373,20.45723,22.57673,15.58860,15.24117
3041.53030,-0.53512,1.88622,73.84981,20.43803,22.59641,15.57420,15.24117
3041.54030,-0.55150,1.88899,73.83531,20.41803,22.61691,15.55920,15.24117
3041.55030,-0.54286,1.87551,73.82273,20.41723,22.56673,15.56860,15.27017
3041.56030,-0.52855,1.90206,73.89174,20.50055,22.60965,15.54335,15.23819
3041.57030,-0.51981,1.93224,73.96711,20.55699,22.69507,15.53860,15.17645
3041.58030,-0.51859,1.93733,73.97973,20.56523,22.71073,15.53860,15.16517
3041.59030,-0.51859,1.93733,73.97973,20.56523,22.71073,15.53860,15.16517
3041.60030,-0.50426,1.93271,73.84973,20.54623,22.63873,15.51860,15.14617
3041.61030,-0.50393,1.91122,73.77976,20.47831,22.59619,15.55290,15.15235
3041.62030,-0.52551,1.89370,73.85294,20.45439,22.60607,15.57576,15.21672
3041.63030,-0.53413,1.89065,73.89473,20.45723,22.61773,15.57860,15.24117
3041.64030,-0.54347,1.87405,73.91534,20.43957,22.59359,15.59037,15.29180
3041.65030,-0.56068,1.85071,73.90055,20.40026,22.54865,15.59309,15.35856
3041.66030,-0.56943,1.84111,73.87673,20.37823,22.52573,15.58860,15.38417
3041.67030,-0.58745,1.82424,73.91223,20.32924,22.54064,15.62410,15.41825
3041.68030,-0.59481,1.81736,73.92673,20.30923,22.54673,15.63860,15.43217
3041.69030,-0.56619,1.82321,73.83986,20.31580,22.50877,15.63860,15.37669
3041.70030,-0.54965,1.79915,73.87926,20.29685,22.47261,15.70496,15.40484
3041.71030,-0.54753,1.78982,73.90473,20.28923,22.46473,15.72860,15.42217
3041.72030,-0.54297,1.78827,73.91920,20.29665,22.46065,15.73602,15.42588
3041.73030,-0.55154,1.79436,73.93702,20.32082,22.46654,15.70590,15.44376
3041.74030,-0.56197,1.79994,73.93273,20.32823,22.47473,15.67860,15.45117
3041.75030,-0.53410,1.80169,73.92186,20.34635,22.45600,15.70276,15.41675
3041.76030,-0.51583,1.80284,73.91473,20.35823,22.44373,15.71860,15.39417
3041.77030,-0.52598,1.79107,73.86828,20.33036,22.40656,15.70648,15.42488
3041.78030,-0.53897,1.77166,73.82248,20.28923,22.35834,15.70312,15.47179
3041.79030,-0.52853,1.76120,73.94073,20.28923,22.39273,15.77860,15.48017
3041.80030,-0.54285,1.74897,73.95339,20.25689,22.39273,15.79266,15.51111
3041.81030,-0.56883,1.73435,73.97210,20.21538,22.39758,15.79890,15.56024
3041.82030,-0.57919,1.73353,73.97673,20.21023,22.40273,15.78860,15.57517
3041.83030,-0.56275,1.74336,74.02778,20.24795,22.42635,15.80384,15.54965
3041.84030,-0.53608,1.75931,74.11073,20.30923,22.46473,15.82860,15.50817
3041.85030,-0.53799,1.75297,74.10296,20.29509,22.45377,15.83567,15.51843
3041.86030,-0.52260,1.75744,74.06557,20.30452,22.43729,15.83434,15.48941
3041.87030,-0.48845,1.78648,74.02373,20.36823,22.44373,15.80860,15.40317
3041.88030,-0.48845,1.78648,74.02373,20.36823,22.44373,15.80860,15.40317
3041.89030,-0.51908,1.77764,73.87149,20.31111,22.38416,15.73905,15.43717
3041.90030,-0.49162,1.77700,73.84381,20.31620,22.36099,15.76730,15.39931
3041.91030,-0.48062,1.77674,73.83273,20.31823,22.35173,15.77860,15.38417
3041.92030,-0.48581,1.77265,73.81545,20.30095,22.34577,15.77860,15.39013
3041.93030,-0.48932,1.76987,73.80373,20.28923,22.34173,15.77860,15.39417
3041.94030,-0.47100,1.75849,73.88858,20.28923,22.35385,15.85133,15.39417
3041.95030,-0.47105,1.74094,73.94800,20.27093,22.34953,15.89860,15.42894
3041.96030,-0.47869,1.73445,73.95073,20.25923,22.34173,15.89860,15.45117
3041.97030,-0.50075,1.72612,73.96710,20.24166,22.34173,15.88648,15.49723
3041.98030,-0.48849,1.73128,74.10573,20.31823,22.36173,15.89860,15.52717
3041.99030,-0.49096,1.73163,74.09003,20.31133,22.36073,15.89360,15.52437
3042.00030,-0.51325,1.73480,73.94873,20.24923,22.35173,15.84860,15.49917
3042.01030,-0.51321,1.73546,73.95013,20.25217,22.35173,15.84640,15.49983
3042.02030,-0.51293,1.74143,73.96279,20.27883,22.35173,15.82640,15.50583
3042.03030,-0.53218,1.77737,73.91642,20.26987,22.45049,15.77987,15.41619
3042.04030,-0.53281,1.77848,73.91473,20.26923,22.45373,15.77860,15.41317
3042.05030,-0.53675,1.80140,73.76776,20.30843,22.40376,15.66102,15.39456
3042.06030,-0.56113,1.81925,73.78996,20.27042,22.51237,15.66830,15.33887
3042.07030,-0.56188,1.81978,73.79073,20.26923,22.51573,15.66860,15.33717
3042.08030,-0.56382,1.81814,73.81225,20.26206,22.53007,15.68294,15.33717
3042.09030,-0.56458,1.81749,73.82073,20.25923,22.53573,15.68860,15.33717
3042.10030,-0.52787,1.81441,73.78480,20.29858,22.46558,15.69430,15.32634
3042.11030,-0.50365,1.80645,73.79864,20.31960,22.42682,15.72133,15.33090
3042.12030,-0.50779,1.79969,73.84773,20.30923,22.44373,15.74860,15.34617
3042.13030,-0.48843,1.78688,73.90676,20.34272,22.40286,15.77698,15.38420
3042.14030,-0.47317,1.76457,73.98386,20.35162,22.36619,15.83183,15.43422
3042.15030,-0.47275,1.75447,74.00973,20.33823,22.36173,15.85860,15.45117
3042.16030,-0.47130,1.76671,74.00468,20.34545,22.39131,15.85138,15.41653
3042.17030,-0.47074,1.77143,74.00273,20.34823,22.40273,15.84860,15.40317
3042.18030,-0.47631,1.76673,73.95540,20.32031,22.38805,15.84387,15.40317
3042.19030,-0.48501,1.76277,73.96711,20.31643,22.38584,15.83860,15.42624
3042.20030,-0.48977,1.76520,74.08973,20.36823,22.41273,15.83860,15.47017
3042.21030,-0.46307,1.77474,73.97192,20.38019,22.36369,15.81468,15.41336
3042.22030,-0.44774,1.78895,73.89383,20.39151,22.35331,15.79132,15.35769
3042.23030,-0.45225,1.80214,73.89568,20.39707,22.39158,15.77897,15.32806
3042.24030,-0.45673,1.80083,73.86877,20.39247,22.37634,15.76274,15.33722
3042.25030,-0.46061,1.79930,73.84473,20.38823,22.36173,15.74860,15.34617
3042.26030,-0.46804,1.79102,73.81738,20.36544,22.34187,15.74534,15.36473
3042.27030,-0.48132,1.77621,73.76855,20.32474,22.30640,15.73953,15.39787
3042.28030,-0.42825,1.73956,73.91552,20.38430,22.21295,15.84242,15.47585
3042.29030,-0.42418,1.73682,73.92562,20.38734,22.20684,15.85127,15.48017
3042.30030,-0.41554,1.72923,73.93832,20.37915,22.19773,15.88044,15.48100
3042.31030,-0.40976,1.72574,73.97373,20.38823,22.19773,15.89860,15.48917
3042.32030,-0.42229,1.72283,74.00118,20.37630,22.21602,15.90258,15.50628
3042.33030,-0.45804,1.71454,74.07959,20.34221,22.26829,15.91394,15.55514
3042.34030,-0.47562,1.70781,74.06273,20.29923,22.27973,15.91860,15.56517
3042.35030,-0.49689,1.71943,74.09502,20.30267,22.33262,15.89456,15.56517
3042.36030,-0.53750,1.74162,74.15673,20.30923,22.43373,15.84860,15.56517
3042.37030,-0.51464,1.74507,74.10476,20.31595,22.40827,15.85567,15.52487
3042.38030,-0.48742,1.75388,73.95199,20.30065,22.36406,15.84289,15.44439
3042.39030,-0.52830,1.76080,73.79160,20.22403,22.37056,15.77146,15.42556
3042.40030,-0.53619,1.76859,73.73977,20.21597,22.37390,15.74079,15.40911
3042.41030,-0.53928,1.78602,73.64116,20.22088,22.36832,15.68254,15.36942
3042.42030,-0.54257,1.75580,73.62273,20.16023,22.32073,15.72860,15.41317
3042.43030,-0.54894,1.75465,73.65979,20.16458,22.33404,15.73149,15.42967
3042.44030,-0.57778,1.74943,73.82821,20.18431,22.39457,15.74465,15.50467
3042.45030,-0.58895,1.74740,73.88428,20.19023,22.41444,15.74697,15.53264
3042.46030,-0.61785,1.74472,73.95208,20.19419,22.44086,15.72662,15.59041
3042.47030,-0.62113,1.76717,74.00073,20.23023,22.50573,15.70860,15.55617
3042.48030,-0.61928,1.77020,74.01547,20.24497,22.50934,15.70419,15.55697
3042.49030,-0.60070,1.80361,74.14571,20.39147,22.54673,15.65277,15.55475
3042.50030,-0.60732,1.83105,73.86573,20.31823,22.54673,15.57860,15.42217
3042.51030,-0.60732,1.83105,73.86573,20.31823,22.54673,15.57860,15.42217
3042.52030,-0.62922,1.87252,73.74936,20.32762,22.60397,15.47537,15.34240
3042.53030,-0.63066,1.87525,73.74173,20.32823,22.60773,15.46860,15.33717
3042.54030,-0.65776,1.90047,73.63883,20.29981,22.65771,15.40098,15.28033
3042.55030,-0.62099,1.89849,73.66390,20.35648,22.60924,15.41901,15.27917
3042.56030,-0.61985,1.89841,73.66473,20.35823,22.60773,15.41960,15.27917
3042.57030,-0.60208,1.89398,73.53749,20.35033,22.52711,15.39589,15.26416
3042.58030,-0.60237,1.85007,73.69165,20.32735,22.49807,15.49330,15.37293
3042.59030,-0.60456,1.83148,73.77373,20.31823,22.49473,15.53860,15.42217
3042.60030,-0.59167,1.77716,73.90323,20.27703,22.43502,15.66474,15.52645
3042.61030,-0.58924,1.76691,73.92773,20.26923,22.42373,15.68860,15.54617
3042.62030,-0.59566,1.73315,74.16251,20.29503,22.42373,15.76600,15.67775
3042.63030,-0.59599,1.73787,74.20668,20.30792,22.45163,15.77403,15.67310
3042.64030,-0.59516,1.74972,74.21360,20.31803,22.48408,15.76871,15.64278
3042.65030,-0.59843,1.75570,74.19932,20.31950,22.49383,15.75469,15.63130
3042.66030,-0.62955,1.79578,74.00420,20.28870,22.54214,15.63742,15.53594
3042.67030,-0.65692,1.79696,73.69373,20.16023,22.49473,15.56860,15.47017
3042.68030,-0.65728,1.80166,73.67631,20.15814,22.50193,15.56163,15.45461
3042.69030,-0.65847,1.81722,73.61873,20.15123,22.52573,15.53860,15.40317
3042.70030,-0.64807,1.81005,73.62534,20.15890,22.49876,15.55182,15.41586
3042.71030,-0.62097,1.78892,73.70125,20.19265,22.44069,15.60101,15.46690
3042.72030,-0.62356,1.78722,73.78273,20.21023,22.46473,15.61860,15.48917
3042.73030,-0.62918,1.77815,73.89141,20.22915,22.47928,15.64286,15.54011
3042.74030,-0.61471,1.78375,74.03597,20.29834,22.51183,15.66860,15.55721
3042.75030,-0.59813,1.79608,74.05973,20.33823,22.52573,15.66860,15.52717
3042.76030,-0.61667,1.80634,74.02545,20.32048,22.55695,15.63799,15.51003
3042.77030,-0.62842,1.81285,74.00373,20.30923,22.57673,15.61860,15.49917
3042.78030,-0.62745,1.82592,73.94878,20.31593,22.58060,15.58690,15.46536
3042.79030,-0.62587,1.84706,73.86014,20.32672,22.58685,15.53576,15.41081
3042.80030,-0.66188,1.84989,73.72973,20.24923,22.59773,15.48860,15.39417
3042.81030,-0.64906,1.85506,73.69319,20.26566,22.57679,15.47628,15.37446
3042.82030,-0.63243,1.85900,73.65067,20.28746,22.54300,15.46215,15.35806
3042.83030,-0.64074,1.84283,73.69673,20.27923,22.52573,15.47860,15.41317
3042.84030,-0.63715,1.82490,73.70393,20.26003,22.49117,15.50740,15.44533
3042.85030,-0.63326,1.80549,73.71173,20.23923,22.45373,15.53860,15.48017
3042.86030,-0.64450,1.78968,73.75215,20.22090,22.44433,15.55740,15.52952
3042.87030,-0.65777,1.75959,73.88333,20.20023,22.44338,15.61906,15.62066
3042.88030,-0.65906,1.73355,74.06545,20.20023,22.46391,15.70516,15.69615
3042.89030,-0.65624,1.73897,74.08293,20.21689,22.47493,15.70180,15.68931
3042.90030,-0.63999,1.75048,74.07217,20.24923,22.47378,15.69203,15.65712
3042.91030,-0.61956,1.74853,74.01373,20.24923,22.43373,15.69860,15.63217
3042.92030,-0.60860,1.76509,73.99507,20.28557,22.44039,15.67193,15.59717
3042.93030,-0.58666,1.79825,73.95773,20.35823,22.45373,15.61860,15.52717
3042.94030,-0.59232,1.79637,73.87758,20.33058,22.42888,15.59760,15.52052
3042.95030,-0.61281,1.80028,73.72033,20.27923,22.40186,15.53760,15.50164
3042.96030,-0.64121,1.82149,73.69633,20.27923,22.45653,15.47760,15.48297
3042.97030,-0.64868,1.81719,73.71310,20.26474,22.46683,15.48750,15.49403
3042.98030,-0.65055,1.78713,73.77102,20.21231,22.45560,15.56484,15.53827
3042.99030,-0.61163,1.77980,73.69973,20.22023,22.38273,15.58860,15.50817
3043.00030,-0.61163,1.77980,73.69973,20.22023,22.38273,15.58860,15.50817
3043.01030,-0.64550,1.76034,73.75673,20.17023,22.40273,15.60860,15.57517
3043.02030,-0.64550,1.76034,73.75673,20.17023,22.40273,15.60860,15.57517
3043.03030,-0.64381,1.72215,73.80669,20.12474,22.35345,15.68120,15.64730
3043.04030,-0.58565,1.68402,73.93773,20.16023,22.26973,15.80860,15.69917
3043.05030,-0.58565,1.68402,73.93773,20.16023,22.26973,15.80860,15.69917
3043.06030,-0.59732,1.69111,73.97872,20.18326,22.29321,15.78557,15.71667
3043.07030,-0.59351,1.67430,74.27173,20.25923,22.33073,15.85860,15.82317
3043.08030,-0.59487,1.67494,74.27777,20.26105,22.33447,15.85739,15.82486
3043.09030,-0.60997,1.68208,74.34489,20.28118,22.37608,15.84397,15.84366
3043.10030,-0.61600,1.68493,74.37173,20.28923,22.39273,15.83860,15.85117
3043.11030,-0.63572,1.71426,74.22377,20.25080,22.44173,15.77135,15.75990
3043.12030,-0.62906,1.76964,74.03155,20.28802,22.47379,15.65224,15.61751
3043.13030,-0.62882,1.77134,74.02573,20.28923,22.47473,15.64860,15.61317
3043.14030,-0.63590,1.82641,73.76816,20.29903,22.49431,15.50169,15.47312
3043.15030,-0.63097,1.83001,73.56029,20.22896,22.45540,15.47926,15.39667
3043.16030,-0.62816,1.83136,73.44873,20.19023,22.43373,15.46860,15.35617
3043.17030,-0.66251,1.80587,73.62093,20.16503,22.47657,15.51900,15.46033
3043.18030,-0.66903,1.80103,73.65373,20.16023,22.48473,15.52860,15.48017
3043.19030,-0.65967,1.77349,73.67483,20.15264,22.41554,15.56235,15.54430
3043.20030,-0.63402,1.73244,74.03957,20.20873,22.43689,15.72693,15.66701
3043.21030,-0.62926,1.72529,74.11173,20.22023,22.44373,15.75860,15.68917
3043.22030,-0.65577,1.72491,74.18264,20.22023,22.48330,15.74761,15.73150
3043.23030,-0.68080,1.72062,74.27096,20.21579,22.52462,15.75193,15.77862
3043.24030,-0.68499,1.71566,74.30873,20.21023,22.53573,15.76860,15.79417
3043.25030,-0.69545,1.76095,74.24060,20.27406,22.58019,15.65385,15.73250
3043.26030,-0.69958,1.77884,74.21373,20.29923,22.59773,15.60860,15.70817
3043.27030,-0.66818,1.78919,73.95823,20.26423,22.51863,15.57360,15.60177
3043.28030,-0.65907,1.81165,73.68708,20.22109,22.47751,15.50087,15.48762
3043.29030,-0.66077,1.81862,73.62473,20.21023,22.47473,15.47860,15.46117
3043.30030,-0.65664,1.83252,73.51415,20.20553,22.46014,15.43672,15.41176
3043.31030,-0.64998,1.82868,73.42773,20.18186,22.42130,15.42978,15.39480
3043.32030,-0.64559,1.78559,73.51173,20.14123,22.37173,15.51860,15.48017
3043.33030,-0.60474,1.76283,73.69767,20.19964,22.34729,15.61991,15.53083
3043.34030,-0.57717,1.74747,73.82373,20.23923,22.33073,15.68860,15.56517
3043.35030,-0.57258,1.74193,73.90439,20.26120,22.33732,15.71371,15.59216
3043.36030,-0.56484,1.73257,74.04109,20.29844,22.34849,15.75626,15.63791
3043.37030,-0.56477,1.70687,74.23564,20.30923,22.36607,15.84032,15.72002
3043.38030,-0.56563,1.69783,74.29673,20.30923,22.37173,15.86860,15.74717
3043.39030,-0.57921,1.71601,74.23808,20.31688,22.38958,15.80910,15.72252
3043.40030,-0.62198,1.70048,74.01620,20.18494,22.34347,15.75996,15.72783
3043.41030,-0.62341,1.69981,74.00873,20.18023,22.34173,15.75860,15.72817
3043.42030,-0.65605,1.71329,73.88329,20.12241,22.37113,15.69980,15.68995
3043.43030,-0.65672,1.71356,73.88073,20.12123,22.37173,15.69860,15.68917
3043.44030,-0.66880,1.71476,73.70228,20.03906,22.35513,15.67370,15.63439
3043.45030,-0.64241,1.69834,73.78691,20.06373,22.32600,15.73500,15.66218
3043.46030,-0.63651,1.69493,73.81173,20.07223,22.32073,15.74860,15.67017
3043.47030,-0.60969,1.71314,73.85431,20.15568,22.32073,15.73157,15.64633
3043.48030,-0.64999,1.74091,73.81373,20.16023,22.38273,15.63860,15.63217
3043.49030,-0.65181,1.74763,73.84873,20.18103,22.40387,15.63167,15.63217
3043.50030,-0.65525,1.76028,73.91473,20.22023,22.44373,15.61860,15.63217
3043.51030,-0.64100,1.75482,73.92308,20.23430,22.41679,15.63290,15.63909
3043.52030,-0.60144,1.73967,73.94626,20.27337,22.34195,15.67264,15.65829
3043.53030,-0.62265,1.73287,73.82073,20.20023,22.32073,15.64860,15.65117
3043.54030,-0.62172,1.73287,73.86809,20.21128,22.33696,15.66213,15.65771
3043.55030,-0.62129,1.73408,74.00592,20.23884,22.39273,15.70224,15.67211
3043.56030,-0.63153,1.73855,73.91373,20.20023,22.39273,15.67860,15.64217
3043.57030,-0.63770,1.74094,73.93094,20.20459,22.40601,15.67207,15.64827
3043.58030,-0.65982,1.74948,73.99273,20.22023,22.45373,15.64860,15.67017
3043.59030,-0.65982,1.74948,73.99273,20.22023,22.45373,15.64860,15.67017
3043.60030,-0.66289,1.76845,73.84037,20.16205,22.48545,15.62769,15.56517
3043.61030,-0.63376,1.76034,73.75673,20.18023,22.39273,15.61860,15.56517
3043.62030,-0.63468,1.75960,73.75681,20.17627,22.39434,15.62102,15.56517
3043.63030,-0.64573,1.74845,73.76495,20.13382,22.40542,15.64860,15.57711
3043.64030,-0.65123,1.72040,73.83873,20.16023,22.33073,15.64860,15.69917
3043.65030,-0.64915,1.71532,73.85016,20.15402,22.32704,15.66390,15.70520
3043.66030,-0.62816,1.66397,73.96573,20.09123,22.28973,15.81860,15.76617
3043.67030,-0.62624,1.66325,73.97554,20.09500,22.28925,15.82289,15.76841
3043.68030,-0.59882,1.65299,74.11568,20.14874,22.28245,15.88411,15.80038
3043.69030,-0.61731,1.63669,74.16527,20.07977,22.32680,15.94552,15.81317
3043.70030,-0.61976,1.63568,74.16473,20.07223,22.33073,15.94860,15.81317
3043.71030,-0.62674,1.65821,74.06865,20.11931,22.30190,15.84291,15.80453
3043.72030,-0.63739,1.66530,73.82901,20.05565,22.25130,15.77207,15.75000
3043.73030,-0.63793,1.66563,73.81673,20.05223,22.24873,15.76860,15.74717
3043.74030,-0.63537,1.66694,73.81932,20.05448,22.25221,15.77197,15.74066
3043.75030,-0.61516,1.67730,73.83973,20.07223,22.27973,15.79860,15.68917
3043.76030,-0.61669,1.67082,73.77610,20.04084,22.25364,15.79648,15.68514
3043.77030,-0.62275,1.63687,73.54148,19.90267,22.14780,15.81038,15.68063
3043.78030,-0.62408,1.60181,73.54773,19.82523,22.11573,15.88860,15.71817
3043.79030,-0.62098,1.60002,73.56521,19.84131,22.10384,15.88627,15.73378
3043.80030,-0.60648,1.58695,73.70209,19.90376,22.07718,15.91498,15.80617
3043.81030,-0.59318,1.56478,73.94773,19.93323,22.11573,16.02760,15.87117
3043.82030,-0.58442,1.56349,74.11479,19.99315,22.14660,16.06392,15.91112
3043.83030,-0.57872,1.56265,74.22373,20.03223,22.16673,16.08760,15.93717
3043.84030,-0.56585,1.55316,74.25264,20.02501,22.15950,16.13097,15.93717
3043.85030,-0.55839,1.56321,74.25481,20.01586,22.20260,16.15397,15.88238
3043.86030,-0.55694,1.57101,74.24973,20.01223,22.22873,16.15760,15.85117
3043.87030,-0.55673,1.59285,74.16563,20.02963,22.23453,16.09960,15.80187
3043.88030,-0.55907,1.62020,74.02880,20.04821,22.22677,16.01036,15.74345
3043.89030,-0.56075,1.62795,73.97773,20.05223,22.21873,15.97860,15.72817
3043.90030,-0.56504,1.63743,73.88386,20.03354,22.21453,15.94426,15.69154
3043.91030,-0.57201,1.65286,73.73173,20.00323,22.20773,15.88860,15.63217
3043.92030,-0.56821,1.65081,73.71844,19.98899,22.20773,15.90284,15.61888
3043.93030,-0.56343,1.65572,73.79514,20.01456,22.24195,15.92277,15.61586
3043.94030,-0.56263,1.66571,73.92273,20.07223,22.28973,15.92860,15.63217
3043.95030,-0.56673,1.66991,73.91679,20.07223,22.29996,15.91870,15.62590
3043.96030,-0.55640,1.67063,73.90638,20.08840,22.28014,15.91510,15.62274
3043.97030,-0.51850,1.65474,73.90973,20.12123,22.19773,15.94860,15.64217
3043.98030,-0.51850,1.65474,73.90973,20.12123,22.19773,15.94860,15.64217
3043.99030,-0.55867,1.70869,73.90473,20.16023,22.33073,15.83860,15.57517
3044.00030,-0.55867,1.70869,73.90473,20.16023,22.33073,15.83860,15.57517
3044.01030,-0.55324,1.69417,73.86256,20.13112,22.28855,15.85642,15.58646
3044.02030,-0.53176,1.68278,73.84197,20.11123,22.25973,15.90290,15.56810
3044.03030,-0.52364,1.68211,73.84573,20.11123,22.25973,15.91860,15.55617
3044.04030,-0.54208,1.69618,73.87743,20.13023,22.30453,15.88360,15.55907
3044.05030,-0.52278,1.67507,73.88373,20.12123,22.24873,15.92860,15.58517
3044.06030,-0.52722,1.68218,73.89088,20.12531,22.27179,15.92044,15.57334
3044.07030,-0.54450,1.70990,73.91873,20.14123,22.36173,15.88860,15.52717
3044.08030,-0.54166,1.70717,73.87862,20.13073,22.34031,15.88440,15.52318
3044.09030,-0.52871,1.69098,73.74621,20.08724,22.25532,15.88540,15.51825
3044.10030,-0.52033,1.66889,73.81573,20.07223,22.23873,15.94860,15.55617
3044.11030,-0.52033,1.66889,73.81573,20.07223,22.23873,15.94860,15.55617
3044.12030,-0.48910,1.68657,73.82598,20.15745,22.21661,15.92163,15.53029
3044.13030,-0.47921,1.69407,73.94250,20.23023,22.23505,15.92268,15.55453
3044.14030,-0.49027,1.68907,74.01373,20.23023,22.25973,15.93860,15.58517
3044.15030,-0.47492,1.68168,73.95883,20.19973,22.23472,15.96849,15.55589
3044.16030,-0.46510,1.67694,73.92373,20.18023,22.21873,15.98760,15.53717
3044.17030,-0.46199,1.68366,73.91402,20.19103,22.22412,15.97734,15.52152
3044.18030,-0.47842,1.66707,73.92554,20.15528,22.21273,15.99070,15.56684
3044.19030,-0.48437,1.66011,73.93173,20.14123,22.20773,15.99760,15.58517
3044.20030,-0.48100,1.65658,73.88226,20.14123,22.16796,15.97917,15.59390
3044.21030,-0.44099,1.63820,73.87975,20.13144,22.11676,16.05600,15.57556
3044.22030,-0.44017,1.63782,73.87973,20.13123,22.11573,16.05760,15.57517
3044.23030,-0.46229,1.62383,73.88544,20.09628,22.10859,16.05760,15.62296
3044.24030,-0.47118,1.61820,73.88773,20.08223,22.10573,16.05760,15.64217
3044.25030,-0.47767,1.61665,74.06936,20.11425,22.17237,16.10333,15.67941
3044.26030,-0.49600,1.62988,74.25597,20.16899,22.26725,16.10840,15.71133
3044.27030,-0.50436,1.63777,74.30673,20.19023,22.30073,16.09760,15.71817
3044.28030,-0.51482,1.66764,74.18939,20.19776,22.32329,16.01486,15.65348
3044.29030,-0.52025,1.70739,74.04066,20.20851,22.35638,15.92222,15.55355
3044.30030,-0.52067,1.71362,74.01773,20.21023,22.36173,15.90860,15.53717
3044.31030,-0.52735,1.73735,73.88405,20.21875,22.35321,15.82345,15.48864
3044.32030,-0.52851,1.74150,73.86073,20.22023,22.35173,15.80860,15.48017
3044.33030,-0.48507,1.74004,73.80589,20.23326,22.30237,15.84287,15.42739
3044.34030,-0.48731,1.73933,73.74607,20.21913,22.27973,15.82394,15.42328
3044.35030,-0.49715,1.73931,73.73073,20.21023,22.27973,15.80860,15.43217
3044.36030,-0.48254,1.74460,73.73720,20.24545,22.26535,15.80141,15.42499
3044.37030,-0.49830,1.72308,73.86091,20.23076,22.28163,15.84970,15.49882
3044.38030,-0.50622,1.71437,73.90573,20.22023,22.28973,15.86860,15.52717
3044.39030,-0.49164,1.72470,73.89201,20.25325,22.28231,15.85376,15.50269
3044.40030,-0.46691,1.74224,73.86873,20.30923,22.26973,15.82860,15.46117
3044.41030,-0.46433,1.73549,73.96959,20.32675,22.28845,15.86484,15.48956
3044.42030,-0.46526,1.74034,73.90853,20.30991,22.28585,15.85020,15.46257
3044.43030,-0.46812,1.75042,73.77073,20.27923,22.26973,15.80860,15.41317
3044.44030,-0.46970,1.75114,73.77625,20.27372,22.28076,15.81412,15.40766
3044.45030,-0.47448,1.75001,73.77626,20.26923,22.28159,15.81047,15.41497
3044.46030,-0.47957,1.74751,73.76973,20.26923,22.26973,15.79860,15.43217
3044.47030,-0.47350,1.73915,73.73314,20.25372,22.23711,15.80655,15.43575
3044.48030,-0.46430,1.72648,73.67773,20.23023,22.18773,15.81860,15.44117
3044.49030,-0.45765,1.70966,73.77229,20.22543,22.19253,15.88100,15.47333
3044.50030,-0.46527,1.67779,73.86753,20.19623,22.17325,15.94380,15.55425
3044.51030,-0.48133,1.66296,73.85973,20.17023,22.14673,15.93860,15.60417
3044.52030,-0.48133,1.66296,73.85973,20.17023,22.14673,15.93860,15.60417
3044.53030,-0.46589,1.63908,73.94095,20.17023,22.11582,16.00466,15.65023
3044.54030,-0.45673,1.63565,73.99873,20.15123,22.15673,16.06760,15.62317
3044.55030,-0.45768,1.64861,74.03046,20.19686,22.17134,16.03588,15.62638
3044.56030,-0.47605,1.67643,74.08948,20.25858,22.23378,15.97160,15.62552
3044.57030,-0.50699,1.68466,74.09273,20.22023,22.30073,15.95860,15.61317
3044.58030,-0.50077,1.69786,74.10345,20.25673,22.31330,15.93798,15.59544
3044.59030,-0.47685,1.74867,74.14473,20.39723,22.36173,15.85860,15.52717
3044.60030,-0.47413,1.75189,74.10384,20.38634,22.35950,15.85416,15.50384
3044.61030,-0.48101,1.76663,73.98556,20.35051,22.37495,15.82038,15.43971
3044.62030,-0.53667,1.77829,74.06973,20.35823,22.45373,15.75860,15.49917
3044.63030,-0.53667,1.77829,74.06973,20.35823,22.45373,15.75860,15.49917
3044.64030,-0.53872,1.78743,73.88933,20.30034,22.43695,15.72504,15.42701
3044.65030,-0.50093,1.76816,73.78144,20.30878,22.30375,15.72837,15.44054
3044.66030,-0.50004,1.76767,73.77973,20.30923,22.30073,15.72860,15.44117
3044.67030,-0.53268,1.77267,73.77073,20.26923,22.35173,15.70860,15.44117
3044.68030,-0.53201,1.77347,73.78816,20.27692,22.35669,15.71055,15.44400
3044.69030,-0.52595,1.78073,73.94657,20.34684,22.40182,15.72825,15.46966
3044.70030,-0.52541,1.78058,73.96817,20.36764,22.39302,15.71890,15.48861
3044.71030,-0.52540,1.78057,73.96873,20.36823,22.39273,15.71860,15.48917
3044.72030,-0.54854,1.79378,73.71012,20.26146,22.39273,15.65982,15.39611
3044.73030,-0.53189,1.80333,73.68513,20.29843,22.37215,15.63900,15.37555
3044.74030,-0.53154,1.80352,73.68473,20.29923,22.37173,15.63860,15.37517
3044.75030,-0.54068,1.78774,73.63786,20.25431,22.33853,15.64511,15.39991
3044.76030,-0.54559,1.77927,73.61273,20.23023,22.32073,15.64860,15.41317
3044.77030,-0.55744,1.76997,73.61703,20.23797,22.28547,15.62280,15.47079
3044.78030,-0.56115,1.77302,73.71048,20.26453,22.32273,15.63546,15.48776
3044.79030,-0.56147,1.77386,73.72773,20.26923,22.33073,15.63860,15.48917
3044.80030,-0.55712,1.78036,73.78149,20.27763,22.37441,15.66380,15.46565
3044.81030,-0.54268,1.76955,73.79688,20.28780,22.33816,15.68574,15.48517
3044.82030,-0.54041,1.76755,73.79773,20.28923,22.33073,15.68860,15.48917
3044.83030,-0.56219,1.75976,73.78532,20.26225,22.32533,15.67241,15.52533
3044.84030,-0.58078,1.75311,73.77473,20.23923,22.32073,15.65860,15.55617
3044.85030,-0.58078,1.75311,73.77473,20.23923,22.32073,15.65860,15.55617
3044.86030,-0.56588,1.72661,73.82422,20.18199,22.32073,15.76533,15.55617
3044.87030,-0.61134,1.70154,73.94892,20.12300,22.37020,15.80740,15.64832
3044.88030,-0.61275,1.70079,73.95273,20.12123,22.37173,15.80860,15.65117
3044.89030,-0.61920,1.69897,73.89552,20.09214,22.36203,15.79890,15.64245
3044.90030,-0.60802,1.71809,73.85173,20.17023,22.32073,15.71860,15.64217
3044.91030,-0.60854,1.71983,73.84885,20.16675,22.32817,15.71980,15.63413
3044.92030,-0.61233,1.73255,73.82773,20.14123,22.38273,15.72860,15.57517
3044.93030,-0.60042,1.73535,73.76420,20.14653,22.34990,15.71272,15.55506
3044.94030,-0.59000,1.72015,73.70008,20.13915,22.27120,15.70665,15.58308
3044.95030,-0.59027,1.69389,73.68873,20.12123,22.19773,15.71860,15.65117
3044.96030,-0.59369,1.68850,73.77803,20.12123,22.23157,15.75620,15.66903
3044.97030,-0.59204,1.66240,73.99209,20.11663,22.27433,15.86772,15.73341
3044.98030,-0.58563,1.63902,74.12473,20.11123,22.27973,15.94860,15.78517
3044.99030,-0.58158,1.63501,74.26113,20.15716,22.29875,15.97597,15.82925
3045.00030,-0.57692,1.63040,74.41873,20.21023,22.32073,16.00760,15.88017
3045.01030,-0.57692,1.63040,74.41873,20.21023,22.32073,16.00760,15.88017
3045.02030,-0.61343,1.61696,74.31807,20.10157,22.32806,16.00460,15.88384
3045.03030,-0.61569,1.61759,74.23273,20.08223,22.30073,15.97860,15.87117
3045.04030,-0.61459,1.62868,74.15608,20.08888,22.28638,15.93660,15.84422
3045.05030,-0.61823,1.65840,74.00550,20.09780,22.28786,15.84831,15.77153
3045.06030,-0.62913,1.67575,73.98973,20.09123,22.34173,15.82860,15.72817
3045.07030,-0.61727,1.68423,73.94122,20.10443,22.32820,15.81210,15.69649
3045.08030,-0.59314,1.70147,73.84273,20.13123,22.30073,15.77860,15.63217
3045.09030,-0.61130,1.71043,73.77605,20.12520,22.29741,15.72127,15.63217
3045.10030,-0.64592,1.73245,73.65764,20.13384,22.29182,15.59620,15.63578
3045.11030,-0.61393,1.73774,73.81073,20.23023,22.30073,15.62860,15.65117
3045.12030,-0.61701,1.73465,73.79746,20.20864,22.30469,15.63851,15.64563
3045.13030,-0.63867,1.72046,73.79544,20.12746,22.33876,15.68179,15.64743
3045.14030,-0.68692,1.71154,74.06773,20.16023,22.43373,15.69860,15.77517
3045.15030,-0.67809,1.70960,74.05902,20.16241,22.42022,15.70731,15.76907
3045.16030,-0.64635,1.70261,74.02773,20.17023,22.37173,15.73860,15.74717
3045.17030,-0.64528,1.70692,74.02395,20.17606,22.37770,15.73277,15.73741
3045.18030,-0.64039,1.72649,74.00673,20.20255,22.40485,15.70628,15.69304
3045.19030,-0.66771,1.75762,73.89673,20.18023,22.46473,15.62860,15.62317
3045.20030,-0.66771,1.75762,73.89673,20.18023,22.46473,15.62860,15.62317
3045.21030,-0.69556,1.78911,73.66298,20.14708,22.46473,15.50110,15.55007
3045.22030,-0.69855,1.77735,73.51123,20.06558,22.42053,15.50410,15.52102
3045.23030,-0.69820,1.77429,73.49173,20.05223,22.41273,15.50860,15.51817
3045.24030,-0.69836,1.77333,73.42203,20.05223,22.36938,15.47460,15.52582
3045.25030,-0.69839,1.77316,73.40973,20.05223,22.36173,15.46860,15.52717
3045.26030,-0.68403,1.75119,73.52950,20.08467,22.32763,15.51850,15.59870
3045.27030,-0.72864,1.72283,73.86425,20.07268,22.44083,15.61648,15.73426
3045.28030,-0.72978,1.72226,73.87173,20.07223,22.44373,15.61860,15.73717
3045.29030,-0.68860,1.71898,74.00599,20.15847,22.42413,15.66760,15.75579
3045.30030,-0.68281,1.73137,74.09242,20.20373,22.46887,15.67411,15.74571
3045.31030,-0.67876,1.74152,74.16073,20.23923,22.50573,15.67860,15.73717
3045.32030,-0.68593,1.74677,74.13761,20.23277,22.51593,15.66160,15.72731
3045.33030,-0.69984,1.75697,74.09273,20.22023,22.53573,15.62860,15.70817
3045.34030,-0.69979,1.77854,73.99363,20.23978,22.52899,15.56118,15.66368
3045.35030,-0.68671,1.78664,73.81612,20.19227,22.50013,15.54511,15.57860
3045.36030,-0.68395,1.78615,73.78873,20.18023,22.49473,15.54860,15.56517
3045.37030,-0.70367,1.79221,73.75484,20.18023,22.49473,15.49860,15.58128
3045.38030,-0.72531,1.78486,73.73493,20.14495,22.49473,15.48740,15.60785
3045.39030,-0.72758,1.78012,73.73773,20.13123,22.49473,15.49860,15.61317
3045.40030,-0.72032,1.79323,73.72803,20.14700,22.51575,15.49051,15.57477
3045.41030,-0.70961,1.81255,73.71373,20.17023,22.54673,15.47860,15.51817
3045.42030,-0.70742,1.78858,73.79346,20.17023,22.51532,15.52088,15.58702
3045.43030,-0.70744,1.76092,73.98593,20.19994,22.50720,15.58424,15.69455
3045.44030,-0.70842,1.75277,74.08173,20.22023,22.51573,15.60860,15.73717
3045.45030,-0.71768,1.75059,74.05223,20.18411,22.52777,15.61462,15.72573
3045.46030,-0.71858,1.76121,74.01427,20.18030,22.54415,15.59853,15.69129
3045.47030,-0.71079,1.77921,73.98673,20.21023,22.55673,15.56860,15.65117
3045.48030,-0.70660,1.79434,73.93291,20.22357,22.56133,15.53640,15.61161
3045.49030,-0.68515,1.80913,73.77451,20.21669,22.52441,15.50320,15.53021
3045.50030,-0.66572,1.80561,73.66273,20.19023,22.47473,15.50860,15.48917
3045.51030,-0.66610,1.78794,73.66504,20.16765,22.44155,15.53164,15.52419
3045.52030,-0.66656,1.76726,73.66773,20.14123,22.40273,15.55860,15.56517
3045.53030,-0.66524,1.75978,73.68227,20.13814,22.39005,15.57097,15.58311
3045.54030,-0.66123,1.73348,73.78040,20.13460,22.36509,15.62891,15.65180
3045.55030,-0.65910,1.71459,73.90973,20.14123,22.37173,15.68860,15.70817
3045.56030,-0.64842,1.72446,73.94710,20.18096,22.38553,15.68523,15.69538
3045.57030,-0.62965,1.74712,74.02144,20.25923,22.42361,15.67509,15.66350
3045.58030,-0.63648,1.75690,74.02356,20.25923,22.45659,15.66445,15.64329
3045.59030,-0.64024,1.76228,74.02473,20.25923,22.47473,15.65860,15.63217
3045.60030,-0.64623,1.79683,73.93562,20.26517,22.52938,15.59919,15.54188
3045.61030,-0.65033,1.82049,73.87473,20.26923,22.56673,15.55860,15.48017
3045.62030,-0.62815,1.82820,73.77491,20.27985,22.52319,15.53736,15.43451
3045.63030,-0.63544,1.83635,73.63973,20.26619,22.48473,15.47298,15.41583
3045.64030,-0.66701,1.83789,73.58473,20.23923,22.48473,15.41960,15.44117
3045.65030,-0.64088,1.81451,73.52975,20.21352,22.40314,15.46305,15.45004
3045.66030,-0.65031,1.76705,73.87673,20.21023,22.45373,15.61860,15.59417
3045.67030,-0.64643,1.76661,73.87575,20.21460,22.44740,15.62038,15.59337
3045.68030,-0.60674,1.76222,73.86573,20.25923,22.38273,15.63860,15.58517
3045.69030,-0.60512,1.75891,73.87491,20.25691,22.37963,15.64814,15.59024
3045.70030,-0.58723,1.72219,73.97690,20.23108,22.34519,15.75410,15.64653
3045.71030,-0.62773,1.74751,74.07118,20.24736,22.46544,15.71441,15.64398
3045.72030,-0.63104,1.75032,74.07473,20.24923,22.47473,15.70860,15.64217
3045.73030,-0.62830,1.80900,73.96322,20.33554,22.51448,15.57284,15.54036
3045.74030,-0.61324,1.83995,73.84721,20.35763,22.52543,15.52010,15.44405
3045.75030,-0.61278,1.84086,73.84373,20.35823,22.52573,15.51860,15.44117
3045.76030,-0.61926,1.85140,73.76861,20.36774,22.50671,15.46154,15.43261
3045.77030,-0.61960,1.85195,73.76473,20.36823,22.50573,15.45860,15.43217
3045.78030,-0.60521,1.84747,73.59265,20.31593,22.44357,15.45178,15.38138
3045.79030,-0.61213,1.83807,73.61157,20.30782,22.43231,15.45733,15.41411
3045.80030,-0.61402,1.83676,73.62373,20.30923,22.43373,15.45860,15.42217
3045.81030,-0.61002,1.82332,73.80202,20.33409,22.46887,15.52717,15.47189
3045.82030,-0.55414,1.76229,73.93732,20.31354,22.36999,15.70890,15.54489
3045.83030,-0.54452,1.75206,73.95573,20.30923,22.35173,15.73860,15.55617
3045.84030,-0.55350,1.74439,74.07021,20.31540,22.38669,15.77287,15.59525
3045.85030,-0.55761,1.74088,74.12273,20.31823,22.40273,15.78860,15.61317
3045.86030,-0.56278,1.72696,74.21633,20.29735,22.43225,15.84620,15.64053
3045.87030,-0.56995,1.73404,74.18217,20.28923,22.44373,15.82540,15.62381
3045.88030,-0.57196,1.73890,74.15473,20.28923,22.44373,15.80860,15.61317
3045.89030,-0.55047,1.75515,74.04817,20.31731,22.40701,15.76540,15.55845
3045.90030,-0.57338,1.78142,73.91097,20.27855,22.45177,15.69820,15.48245
3045.91030,-0.58557,1.78918,73.87373,20.25923,22.47473,15.67860,15.46117
3045.92030,-0.59295,1.80476,73.82531,20.25923,22.49713,15.64246,15.42648
3045.93030,-0.59578,1.81073,73.80673,20.25923,22.50573,15.62860,15.41317
3045.94030,-0.60230,1.80808,73.82157,20.25533,22.50963,15.62860,15.42801
3045.95030,-0.61123,1.80444,73.84189,20.24998,22.51498,15.62860,15.44833
3045.96030,-0.61416,1.83058,73.74773,20.25923,22.53573,15.56860,15.38417
3045.97030,-0.60058,1.83947,73.83172,20.31673,22.55575,15.57506,15.38417
3045.98030,-0.59630,1.85397,73.81473,20.33023,22.57933,15.56060,15.34457
3045.99030,-0.59840,1.86040,73.77273,20.31823,22.58773,15.54860,15.31817
3046.00030,-0.62064,1.86596,73.82588,20.33031,22.62457,15.52444,15.34656
3046.01030,-0.63521,1.86960,73.86073,20.33823,22.64873,15.50860,15.36517
3046.02030,-0.61573,1.85650,73.81846,20.31468,22.60524,15.54484,15.35370
3046.03030,-0.61011,1.83464,73.83788,20.27780,22.58262,15.60074,15.37671
3046.04030,-0.61630,1.82317,73.87873,20.25923,22.58773,15.62860,15.40317
3046.05030,-0.60998,1.82307,73.94545,20.28323,22.60213,15.64780,15.41229
3046.06030,-0.58745,1.81443,74.03165,20.30923,22.59805,15.70220,15.42217
3046.07030,-0.57046,1.80517,74.04673,20.30923,22.57673,15.73860,15.42217
3046.08030,-0.58148,1.80865,74.06616,20.30610,22.60242,15.73233,15.42531
3046.09030,-0.60492,1.81605,74.10749,20.29943,22.65709,15.71900,15.43197
3046.10030,-0.60721,1.81944,74.09121,20.29811,22.65996,15.70849,15.42465
3046.11030,-0.61316,1.84522,73.91488,20.27483,22.66460,15.63593,15.33953
3046.12030,-0.59263,1.84757,73.79773,20.23023,22.64873,15.65860,15.26017
3046.13030,-0.59013,1.84900,73.75338,20.21984,22.63798,15.65167,15.24389
3046.14030,-0.59414,1.85848,73.72777,20.22736,22.64623,15.62486,15.22931
3046.15030,-0.61077,1.87140,73.83873,20.27923,22.70073,15.59860,15.26017
3046.16030,-0.61689,1.87445,73.85205,20.29327,22.70433,15.58060,15.27385
3046.17030,-0.62775,1.87987,73.87573,20.31823,22.71073,15.54860,15.29817
3046.18030,-0.62775,1.87987,73.87573,20.31823,22.71073,15.54860,15.29817
3046.19030,-0.59869,1.88728,73.94369,20.34305,22.74953,15.60640,15.24471
3046.20030,-0.62768,1.87276,73.91873,20.28923,22.74173,15.59860,15.28917
3046.21030,-0.62264,1.87371,73.90553,20.29363,22.73271,15.59640,15.28279
3046.22030,-0.61001,1.87851,73.85481,20.30052,22.71184,15.58642,15.25603
3046.23030,-0.62893,1.88370,73.84073,20.26923,22.75173,15.57860,15.24117
3046.24030,-0.62893,1.88370,73.84073,20.26923,22.75173,15.57860,15.24117
3046.25030,-0.61592,1.86849,73.95973,20.27923,22.76173,15.64860,15.27017
3046.26030,-0.61222,1.86819,73.95082,20.28022,22.75460,15.64959,15.26641
3046.27030,-0.57437,1.86523,73.86792,20.29187,22.68509,15.66224,15.22872
3046.28030,-0.53240,1.86232,73.84973,20.31823,22.63873,15.69860,15.19417
3046.29030,-0.53629,1.86476,73.86146,20.32460,22.64709,15.69133,15.19845
3046.30030,-0.57209,1.88799,73.98095,20.38931,22.72726,15.62371,15.24066
3046.31030,-0.54216,1.87666,74.00311,20.40011,22.69260,15.67485,15.23555
3046.32030,-0.52242,1.86918,74.01773,20.40723,22.66973,15.70860,15.23217
3046.33030,-0.52092,1.87816,73.96085,20.40723,22.66577,15.68340,15.20445
3046.34030,-0.51826,1.89417,73.85973,20.40723,22.65873,15.63860,15.15517
3046.35030,-0.51720,1.88921,73.78745,20.37861,22.62913,15.63375,15.14596
3046.36030,-0.52600,1.88061,73.69667,20.32448,22.60258,15.62860,15.14102
3046.37030,-0.53656,1.87709,73.68173,20.29923,22.60773,15.62860,15.14617
3046.38030,-0.52626,1.85822,73.68561,20.27012,22.57813,15.67711,15.16024
3046.39030,-0.55414,1.81089,73.76328,20.17807,22.56221,15.75957,15.26343
3046.40030,-0.56544,1.80293,73.78473,20.16023,22.56673,15.76860,15.28917
3046.41030,-0.54047,1.76519,74.02543,20.16865,22.57514,15.92009,15.36155
3046.42030,-0.53578,1.75811,74.07073,20.17023,22.57673,15.94860,15.37517
3046.43030,-0.52355,1.73190,74.05098,20.13693,22.51350,15.99320,15.40735
3046.44030,-0.55584,1.70899,74.07880,20.07546,22.51656,16.01300,15.47378
3046.45030,-0.57126,1.70800,74.09473,20.06223,22.53573,16.00760,15.48917
3046.46030,-0.53143,1.71857,73.98424,20.06936,22.49937,16.01473,15.40078
3046.47030,-0.51832,1.73346,73.90603,20.07223,22.49979,15.99608,15.33792
3046.48030,-0.51949,1.73766,73.89273,20.07223,22.50573,15.98760,15.32717
3046.49030,-0.50542,1.73345,73.87304,20.07704,22.47595,15.99721,15.32285
3046.50030,-0.49017,1.72890,73.85173,20.08223,22.44373,16.00760,15.31817
3046.51030,-0.49997,1.72658,73.88595,20.08223,22.45591,16.00760,15.34021
3046.52030,-0.49805,1.73718,73.96281,20.14615,22.47065,15.98452,15.36150
3046.53030,-0.49183,1.74565,73.99873,20.19023,22.47473,15.96860,15.36517
3046.54030,-0.48943,1.74960,73.89519,20.16327,22.45480,15.94906,15.32805
3046.55030,-0.48584,1.75461,73.74192,20.12123,22.42466,15.92232,15.27371
3046.56030,-0.48744,1.74319,73.82173,20.12123,22.43373,15.95860,15.30817
3046.57030,-0.48994,1.74690,73.80998,20.11873,22.44148,15.95110,15.29867
3046.58030,-0.49744,1.75805,73.77473,20.11123,22.46473,15.92860,15.27017
3046.59030,-0.49356,1.76260,73.80227,20.12789,22.47867,15.93200,15.26371
3046.60030,-0.48298,1.76207,73.95617,20.16805,22.52566,15.98511,15.27736
3046.61030,-0.47822,1.74757,74.11273,20.18023,22.55673,16.05760,15.31817
3046.62030,-0.47777,1.76363,74.09832,20.20812,22.57271,16.02345,15.29405
3046.63030,-0.47680,1.79781,74.06765,20.26745,22.60671,15.95078,15.24271
3046.64030,-0.46075,1.81807,74.01073,20.28923,22.61773,15.92860,15.17517
3046.65030,-0.47098,1.83673,73.93013,20.30302,22.61773,15.85789,15.15149
3046.66030,-0.48975,1.87096,73.78273,20.32823,22.61773,15.72860,15.10817
3046.67030,-0.48187,1.86864,73.75166,20.32257,22.59780,15.73251,15.09879
3046.68030,-0.45865,1.86180,73.66029,20.30590,22.53917,15.74400,15.07121
3046.69030,-0.44148,1.86455,73.65132,20.32613,22.52262,15.74860,15.05397
3046.70030,-0.43794,1.86702,73.66373,20.33823,22.52573,15.74860,15.05117
3046.71030,-0.44552,1.87801,73.52981,20.30295,22.51853,15.70540,15.00293
3046.72030,-0.39821,1.84907,73.57373,20.30579,22.44786,15.80446,15.01562
3046.73030,-0.38775,1.84215,73.59373,20.30923,22.43373,15.82860,15.02217
3046.74030,-0.43384,1.80745,73.63528,20.24159,22.41343,15.83826,15.14199
3046.75030,-0.43475,1.80387,73.65635,20.23923,22.41642,15.84940,15.15130
3046.76030,-0.42262,1.77762,73.86436,20.24373,22.44734,15.96751,15.20578
3046.77030,-0.37119,1.75438,73.96173,20.28923,22.38273,16.05760,15.23217
3046.78030,-0.37119,1.75438,73.96173,20.28923,22.38273,16.05760,15.23217
3046.79030,-0.35644,1.76343,73.99593,20.30623,22.41483,16.08260,15.19227
3046.80030,-0.35161,1.75741,74.01573,20.27923,22.43373,16.12760,15.17517
3046.81030,-0.35144,1.75928,74.00037,20.28014,22.43000,16.11942,15.17081
3046.82030,-0.34978,1.77795,73.84673,20.28923,22.39273,16.03760,15.12717
3046.83030,-0.34981,1.77884,73.83311,20.28825,22.38871,16.03182,15.12433
3046.84030,-0.34894,1.78567,73.70829,20.27923,22.34765,15.98092,15.10049
3046.85030,-0.33513,1.77000,73.71473,20.27923,22.30073,16.00760,15.12717
3046.86030,-0.33513,1.77000,73.71473,20.27923,22.30073,16.00760,15.12717
3046.87030,-0.34602,1.78686,73.73531,20.30730,22.33908,15.97112,15.11782
3046.88030,-0.31738,1.74915,73.88649,20.29003,22.32157,16.11164,15.16325
3046.89030,-0.31616,1.74753,73.89273,20.28923,22.32073,16.11760,15.16517
3046.90030,-0.30373,1.74134,74.04243,20.36504,22.31113,16.13679,15.22947
3046.91030,-0.30321,1.74108,74.04873,20.36823,22.31073,16.13760,15.23217
3046.92030,-0.27048,1.74599,73.93535,20.34885,22.28069,16.15698,15.14883
3046.93030,-0.28500,1.75892,73.89448,20.34823,22.29964,16.11263,15.13397
3046.94030,-0.29367,1.76604,73.87373,20.34823,22.31073,16.08760,15.12717
3046.95030,-0.32994,1.74567,73.71392,20.23276,22.26805,16.06250,15.15060
3046.96030,-0.32189,1.71885,73.64745,20.16823,22.20765,16.10800,15.16357
3046.97030,-0.31900,1.71450,73.64073,20.16023,22.19773,16.11760,15.16517
3046.98030,-0.29340,1.68689,73.70716,20.17121,22.13569,16.18293,15.21733
3046.99030,-0.27240,1.66424,73.76173,20.18023,22.08473,16.23660,15.26017
3047.00030,-0.29100,1.63459,73.86976,20.15305,22.07776,16.28539,15.35357
3047.01030,-0.29389,1.60566,73.95673,20.14123,22.04544,16.33517,15.43489
3047.02030,-0.29182,1.59924,73.97273,20.14123,22.03373,16.34660,15.45117
3047.03030,-0.28329,1.58492,74.04191,20.12712,22.04079,16.40942,15.46459
3047.04030,-0.26588,1.58429,74.05212,20.14320,22.02846,16.42815,15.45230
3047.05030,-0.24606,1.59190,74.02552,20.17458,22.00665,16.41751,15.42677
3047.06030,-0.27116,1.61587,74.01819,20.18660,22.06827,16.35896,15.40436
3047.07030,-0.28755,1.62878,74.01673,20.19023,22.10573,16.32660,15.39417
3047.08030,-0.27163,1.64130,73.97459,20.21012,22.10236,16.31311,15.34900
3047.09030,-0.24461,1.66254,73.90316,20.24384,22.09664,16.29026,15.27242
3047.10030,-0.24139,1.68395,73.72182,20.23969,22.06614,16.21024,15.20576
3047.11030,-0.25641,1.66615,73.74453,20.19656,22.06473,16.23901,15.24423
3047.12030,-0.26918,1.65950,73.85426,20.19553,22.10708,16.27248,15.27917
3047.13030,-0.26921,1.66593,73.91273,20.22023,22.13673,16.27660,15.27917
3047.14030,-0.26617,1.66028,73.94956,20.24360,22.11614,16.27660,15.31323
3047.15030,-0.26155,1.65167,74.00573,20.27923,22.08473,16.27660,15.36517
3047.16030,-0.27550,1.66864,74.10067,20.32576,22.14771,16.25310,15.37410
3047.17030,-0.29596,1.69763,74.16864,20.36893,22.23781,16.20845,15.35346
3047.18030,-0.30145,1.70902,74.12373,20.35823,22.25973,16.18760,15.31817
3047.19030,-0.30772,1.71625,74.06617,20.34126,22.26711,16.16546,15.29234
3047.20030,-0.32139,1.73202,73.94104,20.30436,22.28315,16.11733,15.23619
3047.21030,-0.33967,1.75272,73.87185,20.30652,22.30820,16.04992,15.20721
3047.22030,-0.34825,1.76236,73.85973,20.31823,22.32073,16.01760,15.20317
3047.23030,-0.36255,1.76017,73.73261,20.26272,22.29578,15.98622,15.18789
3047.24030,-0.36603,1.75964,73.70173,20.24923,22.28973,15.97860,15.18417
3047.25030,-0.34648,1.76665,73.73367,20.33738,22.24268,15.93945,15.21415
3047.26030,-0.36704,1.77433,73.80491,20.36353,22.28255,15.91331,15.24553
3047.27030,-0.36873,1.77891,73.83008,20.37013,22.30531,15.91620,15.23844
3047.28030,-0.36561,1.79177,73.89386,20.38015,22.37384,15.94284,15.19703
3047.29030,-0.38857,1.78864,73.94073,20.38823,22.38273,15.91860,15.25117
3047.30030,-0.38994,1.79214,73.94509,20.39002,22.39481,15.91662,15.24365
3047.31030,-0.39548,1.80630,73.96273,20.39723,22.44373,15.90860,15.21317
3047.32030,-0.39548,1.80630,73.96273,20.39723,22.44373,15.90860,15.21317
3047.33030,-0.41113,1.81693,73.76211,20.39542,22.36373,15.78527,15.21770
3047.34030,-0.39056,1.81344,73.78473,20.37823,22.38273,15.84860,15.17517
3047.35030,-0.39293,1.81301,73.77193,20.37111,22.38105,15.84540,15.17437
3047.36030,-0.42034,1.80643,73.63831,20.29004,22.36342,15.81426,15.17059
3047.37030,-0.42162,1.78760,73.79273,20.29923,22.38273,15.87860,15.23217
3047.38030,-0.42134,1.78624,73.79446,20.29857,22.38001,15.88059,15.23529
3047.39030,-0.41852,1.77273,73.81167,20.29195,22.35286,15.90045,15.26641
3047.40030,-0.41737,1.76720,73.81873,20.28923,22.34173,15.90860,15.27917
3047.41030,-0.42434,1.74766,73.83184,20.26739,22.30788,15.92498,15.33159
3047.42030,-0.43290,1.72530,73.87423,20.24302,22.28423,15.95553,15.39146
3047.43030,-0.44303,1.70287,73.98973,20.22023,22.30073,16.01760,15.45117
3047.44030,-0.44956,1.69922,73.99795,20.21130,22.30251,16.01939,15.46474
3047.45030,-0.48177,1.68171,74.02847,20.16460,22.30991,16.02597,15.52799
3047.46030,-0.50623,1.67380,73.94673,20.10123,22.30073,16.00760,15.53717
3047.47030,-0.50891,1.69169,74.01630,20.15904,22.34090,15.97919,15.53717
3047.48030,-0.50897,1.69206,74.01773,20.16023,22.34173,15.97860,15.53717
3047.49030,-0.51397,1.71990,73.74221,20.15159,22.28221,15.84420,15.46421
3047.50030,-0.53185,1.73298,73.75228,20.14144,22.34046,15.82880,15.44158
3047.51030,-0.53222,1.73323,73.75273,20.14123,22.34173,15.82860,15.44117
3047.52030,-0.56545,1.76986,73.64998,20.14123,22.40086,15.72197,15.38592
3047.53030,-0.53244,1.76412,73.66516,20.15966,22.37266,15.76710,15.36574
3047.54030,-0.53138,1.76390,73.66573,20.16023,22.37173,15.76860,15.36517
3047.55030,-0.54500,1.74520,73.68560,20.12546,22.35753,15.78989,15.41272
3047.56030,-0.55057,1.73756,73.69373,20.11123,22.35173,15.79860,15.43217
3047.57030,-0.55711,1.75305,73.86945,20.17734,22.43707,15.80697,15.44807
3047.58030,-0.55459,1.74614,73.95809,20.22317,22.41996,15.80860,15.50635
3047.59030,-0.55378,1.74402,73.96973,20.23023,22.41273,15.80860,15.51817
3047.60030,-0.55930,1.73208,74.01059,20.20928,22.41849,15.84003,15.54279
3047.61030,-0.58501,1.71832,73.99243,20.14893,22.42373,15.84760,15.57217
3047.62030,-0.59389,1.71707,73.96873,20.13123,22.42373,15.83860,15.57517
3047.63030,-0.57268,1.70966,74.02764,20.15251,22.41227,15.88224,15.58063
3047.64030,-0.55503,1.70349,74.07673,20.17023,22.40273,15.91860,15.58517
3047.65030,-0.58600,1.69367,73.99849,20.10052,22.39561,15.89726,15.60509
3047.66030,-0.57608,1.71204,73.98833,20.15719,22.39273,15.85260,15.58581
3047.67030,-0.56733,1.72073,73.99673,20.19023,22.39273,15.83860,15.57517
3047.68030,-0.59636,1.73501,73.92435,20.16220,22.42537,15.78183,15.55495
3047.69030,-0.64507,1.78224,73.77669,20.14034,22.51502,15.64890,15.47243
3047.70030,-0.64219,1.79675,73.76573,20.16023,22.53573,15.62860,15.44117
3047.71030,-0.63544,1.79443,73.61240,20.13433,22.46540,15.59159,15.42108
3047.72030,-0.62940,1.79236,73.47573,20.11123,22.40273,15.55860,15.40317
3047.73030,-0.59887,1.76543,73.46913,20.07583,22.34753,15.64260,15.40317
3047.74030,-0.57916,1.71034,73.65193,20.04023,22.31073,15.80060,15.50037
3047.75030,-0.57959,1.68569,73.77673,20.03223,22.31073,15.86860,15.56517
3047.76030,-0.57959,1.68569,73.77673,20.03223,22.31073,15.86860,15.56517
3047.77030,-0.56385,1.62025,73.96648,20.00872,22.23083,16.01134,15.71559
3047.78030,-0.53875,1.58802,74.06473,19.99323,22.19773,16.11760,15.75617
3047.79030,-0.53875,1.58802,74.06473,19.99323,22.19773,16.11760,15.75617
3047.80030,-0.54652,1.58291,74.18302,20.03759,22.20416,16.11760,15.82367
3047.81030,-0.55083,1.58009,74.24873,20.06223,22.20773,16.11760,15.86117
3047.82030,-0.56060,1.58821,74.16604,20.02659,22.22270,16.09621,15.82054
3047.83030,-0.59070,1.61094,74.06246,20.00571,22.25843,16.01515,15.78316
3047.84030,-0.60066,1.61836,74.03573,20.00323,22.26973,15.98760,15.77517
3047.85030,-0.56912,1.61128,73.82573,19.98223,22.14793,15.96030,15.73527
3047.86030,-0.58291,1.62505,73.72997,19.95676,22.16326,15.91566,15.69429
3047.87030,-0.58878,1.62865,73.72873,19.95323,22.17773,15.90860,15.68917
3047.88030,-0.57915,1.63684,73.59899,19.92557,22.15769,15.88952,15.62621
3047.89030,-0.57868,1.63724,73.59273,19.92423,22.15673,15.88860,15.62317
3047.90030,-0.58464,1.64851,73.72173,19.98111,22.21006,15.88436,15.64620
3047.91030,-0.59852,1.64875,73.72173,19.97323,22.21873,15.86860,15.66117
3047.92030,-0.59497,1.64688,73.76499,19.98772,22.22293,15.88120,15.67314
3047.93030,-0.58164,1.63852,73.94457,20.03723,22.24906,15.94177,15.71651
3047.94030,-0.58171,1.63222,74.02473,20.01342,22.29827,16.00447,15.70857
3047.95030,-0.57793,1.63284,74.03582,20.02305,22.29700,16.00669,15.70908
3047.96030,-0.54020,1.64219,74.10673,20.13123,22.25973,15.99760,15.71817
3047.97030,-0.54171,1.64283,74.10209,20.12773,22.26266,15.99624,15.71546
3047.98030,-0.55717,1.65220,74.04319,20.09205,22.29509,15.97678,15.67926
3047.99030,-0.51454,1.66252,74.05773,20.19023,22.23873,15.95860,15.67017
3048.00030,-0.51560,1.66637,74.04936,20.19023,22.24646,15.95269,15.65997
3048.01030,-0.52891,1.71467,73.94466,20.19023,22.34310,15.87887,15.53246
3048.02030,-0.53491,1.73092,73.67864,20.15428,22.27855,15.77485,15.47095
3048.03030,-0.53495,1.73062,73.65973,20.15123,22.26973,15.76860,15.47017
3048.04030,-0.54798,1.72099,73.67360,20.13582,22.26202,15.76860,15.50716
3048.05030,-0.55186,1.71813,73.67773,20.13123,22.25973,15.76860,15.51817
3048.06030,-0.54429,1.70997,73.57573,20.06607,22.23989,15.79693,15.47284
3048.07030,-0.53048,1.67206,73.69671,20.05283,22.20016,15.89266,15.55106
3048.08030,-0.52963,1.66970,73.70473,20.05223,22.19773,15.89860,15.55617
3048.09030,-0.51091,1.66170,73.94901,20.13683,22.22719,15.96513,15.61986
3048.10030,-0.52216,1.65030,74.15949,20.17904,22.26847,16.00641,15.70557
3048.11030,-0.52255,1.64995,74.16573,20.18023,22.26973,16.00760,15.70817
3048.12030,-0.48791,1.66700,74.11710,20.23031,22.24723,15.99308,15.64648
3048.13030,-0.47481,1.67344,74.09873,20.24923,22.23873,15.98760,15.62317
3048.14030,-0.51867,1.66896,73.96680,20.16740,22.23038,15.92998,15.63904
3048.15030,-0.50707,1.69098,73.98512,20.22187,22.25784,15.90428,15.60113
3048.16030,-0.48488,1.71602,74.03373,20.29923,22.28973,15.88860,15.55617
3048.17030,-0.48740,1.71801,74.02599,20.29653,22.29441,15.88320,15.55185
3048.18030,-0.51296,1.73806,73.94773,20.26923,22.34173,15.82860,15.50817
3048.19030,-0.51138,1.73568,73.87737,20.24441,22.31827,15.82177,15.49292
3048.20030,-0.51541,1.73365,73.63932,20.16220,22.25680,15.78092,15.43941
3048.21030,-0.55390,1.75860,73.64173,20.17023,22.33073,15.70860,15.43217
3048.22030,-0.53983,1.75097,73.58453,20.15307,22.29025,15.72180,15.41941
3048.23030,-0.51603,1.73379,73.65213,20.18811,22.23873,15.76020,15.46509
3048.24030,-0.51376,1.73091,73.70673,20.21023,22.23873,15.76860,15.48917
3048.25030,-0.50827,1.73233,73.82729,20.25729,22.26569,15.78975,15.51455
3048.26030,-0.49746,1.72380,74.01161,20.29923,22.30224,15.85628,15.55386
3048.27030,-0.49345,1.71718,74.06373,20.29923,22.31073,15.88860,15.56517
3048.28030,-0.49857,1.72046,74.11646,20.31036,22.34061,15.89446,15.57103
3048.29030,-0.50219,1.72278,74.15373,20.31823,22.36173,15.89860,15.57517
3048.30030,-0.50809,1.72215,74.10226,20.29883,22.34945,15.88276,15.57121
3048.31030,-0.52384,1.72344,74.01183,20.25987,22.34057,15.85066,15.56073
3048.32030,-0.55950,1.73542,73.94873,20.21023,22.39273,15.80860,15.53717
3048.33030,-0.55384,1.74554,73.84204,20.20083,22.37346,15.77570,15.49205
3048.34030,-0.54035,1.75811,73.76356,20.21326,22.35643,15.74800,15.44587
3048.35030,-0.53239,1.75936,73.81073,20.23923,22.36173,15.75860,15.45117
3048.36030,-0.55631,1.77694,73.77025,20.23923,22.39523,15.69810,15.43768
3048.37030,-0.58382,1.79715,73.72373,20.23923,22.43373,15.62860,15.42217
3048.38030,-0.58382,1.79715,73.72373,20.23923,22.43373,15.62860,15.42217
3048.39030,-0.55727,1.79971,73.68689,20.24009,22.41979,15.65500,15.37201
3048.40030,-0.56607,1.79442,73.70273,20.25923,22.39273,15.62860,15.42217
3048.41030,-0.57103,1.79074,73.70681,20.23917,22.40327,15.64220,15.42217
3048.42030,-0.57597,1.77144,73.74671,20.19687,22.40622,15.69553,15.44809
3048.43030,-0.56672,1.74749,73.80973,20.19023,22.37173,15.74860,15.49917
3048.44030,-0.56747,1.73582,73.86875,20.20053,22.35766,15.76576,15.54481
3048.45030,-0.56891,1.71353,73.98173,20.22023,22.33073,15.79860,15.63217
3048.46030,-0.56763,1.70484,74.01146,20.21190,22.32795,15.82360,15.64801
3048.47030,-0.56190,1.68316,74.10560,20.19530,22.32817,15.89584,15.68628
3048.48030,-0.54118,1.69072,74.25173,20.23923,22.39273,15.95860,15.66117
3048.49030,-0.54421,1.69486,74.23037,20.24043,22.39273,15.94180,15.65541
3048.50030,-0.55864,1.71458,74.12866,20.24615,22.39273,15.86180,15.62798
3048.51030,-0.56645,1.72526,74.07373,20.24923,22.39273,15.81860,15.61317
3048.52030,-0.58966,1.74889,74.04538,20.24388,22.45852,15.77046,15.57252
3048.53030,-0.58267,1.79318,73.87638,20.25111,22.49731,15.69296,15.43500
3048.54030,-0.56403,1.80944,73.77773,20.25923,22.48473,15.66860,15.36517
3048.55030,-0.56135,1.83372,73.71127,20.30603,22.47795,15.59400,15.33330
3048.56030,-0.53995,1.85663,73.65336,20.34962,22.47473,15.55860,15.27041
3048.57030,-0.53184,1.86121,73.64273,20.35823,22.47473,15.55860,15.25117
3048.58030,-0.56949,1.84285,73.58233,20.31199,22.42659,15.51141,15.33234
3048.59030,-0.54705,1.81208,73.70924,20.30923,22.40358,15.61416,15.38227
3048.60030,-0.55619,1.80498,73.69073,20.27468,22.40447,15.62413,15.38745
3048.61030,-0.51429,1.79060,74.05073,20.39723,22.44373,15.74860,15.46117
3048.62030,-0.51529,1.78998,74.05423,20.39723,22.44373,15.74860,15.46467
3048.63030,-0.52776,1.78220,74.09794,20.39723,22.44373,15.74860,15.50838
3048.64030,-0.56088,1.80660,74.13880,20.41562,22.52831,15.69344,15.50143
3048.65030,-0.56331,1.80903,74.14073,20.41723,22.53573,15.68860,15.49917
3048.66030,-0.52904,1.80785,73.98187,20.39843,22.45865,15.68860,15.43619
3048.67030,-0.50302,1.82267,73.88839,20.39723,22.45373,15.68860,15.34883
3048.68030,-0.53172,1.83056,73.83380,20.36745,22.47740,15.64277,15.34617
3048.69030,-0.53890,1.83774,73.76141,20.36628,22.45978,15.59642,15.33893
3048.70030,-0.53842,1.83892,73.74773,20.36823,22.45373,15.58860,15.33717
3048.71030,-0.53368,1.85130,73.67887,20.38099,22.44097,15.55034,15.30657
3048.72030,-0.53696,1.87029,73.74755,20.43064,22.49266,15.52860,15.29564
3048.73030,-0.53929,1.87496,73.78973,20.44723,22.51573,15.52860,15.29817
3048.74030,-0.56322,1.88970,73.80678,20.45535,22.56525,15.48801,15.29817
3048.75030,-0.56876,1.89311,73.81073,20.45723,22.57673,15.47860,15.29817
3048.76030,-0.55946,1.88866,73.77817,20.44888,22.55168,15.48695,15.29066
3048.77030,-0.54130,1.87950,73.74893,20.43611,22.51780,15.51641,15.27860
3048.78030,-0.52827,1.87290,73.73073,20.42723,22.49473,15.53860,15.27017
3048.79030,-0.54927,1.87662,73.90323,20.45483,22.57960,15.55930,15.30950
3048.80030,-0.56477,1.87887,74.00065,20.48075,22.61773,15.55437,15.34780
3048.81030,-0.56724,1.87911,74.00873,20.48623,22.61773,15.54860,15.35617
3048.82030,-0.55090,1.89632,74.02529,20.52943,22.64005,15.54140,15.31441
3048.83030,-0.54455,1.90301,74.03173,20.54623,22.64873,15.53860,15.29817
3048.84030,-0.53837,1.89743,73.92302,20.50856,22.60486,15.53383,15.27576
3048.85030,-0.53644,1.91105,73.77137,20.48754,22.58151,15.48419,15.21812
3048.86030,-0.54575,1.94875,73.70973,20.52623,22.62873,15.39960,15.15517
3048.87030,-0.53238,1.94465,73.65015,20.54285,22.56399,15.37668,15.16663
3048.88030,-0.51875,1.92705,73.60632,20.50862,22.51573,15.41270,15.16927
3048.89030,-0.51622,1.91694,73.60673,20.47623,22.51573,15.44960,15.16517
3048.90030,-0.51622,1.91694,73.60673,20.47623,22.51573,15.44960,15.16517
3048.91030,-0.52828,1.90762,73.70684,20.50457,22.51573,15.44960,15.23695
3048.92030,-0.52399,1.86263,73.77477,20.45873,22.45562,15.53588,15.32454
3048.93030,-0.52724,1.85760,73.79325,20.45049,22.45833,15.54759,15.33684
3048.94030,-0.55413,1.82899,73.92373,20.39723,22.49473,15.61860,15.41317
3048.95030,-0.54988,1.82643,73.94947,20.41043,22.48813,15.62520,15.42571
3048.96030,-0.53319,1.81777,74.00370,20.45070,22.45122,15.63989,15.46190
3048.97030,-0.52727,1.81935,73.87073,20.42723,22.40273,15.60860,15.43217
3048.98030,-0.53246,1.82769,73.86062,20.42723,22.42388,15.59481,15.41470
3048.99030,-0.53884,1.85900,73.83583,20.46057,22.47755,15.53850,15.35920
3049.00030,-0.51713,1.86561,73.85373,20.52623,22.44373,15.51860,15.36517
3049.01030,-0.52265,1.86756,73.84913,20.51778,22.45581,15.51539,15.36015
3049.02030,-0.55026,1.87731,73.82614,20.47554,22.51624,15.49935,15.33501
3049.03030,-0.56329,1.87838,73.80984,20.44501,22.54073,15.49971,15.32440
3049.04030,-0.53578,1.86393,73.82281,20.45711,22.48942,15.54083,15.33545
3049.05030,-0.50670,1.88026,73.87873,20.52623,22.50573,15.54860,15.29817
3049.06030,-0.50670,1.88026,73.87873,20.52623,22.50573,15.54860,15.29817
3049.07030,-0.56463,1.89306,73.92005,20.51751,22.58001,15.47860,15.34393
3049.08030,-0.59822,1.88964,73.83173,20.41723,22.61773,15.47860,15.31817
3049.09030,-0.59556,1.88816,73.83694,20.41812,22.61508,15.48478,15.31897
3049.10030,-0.56815,1.87286,73.89073,20.42723,22.58773,15.54860,15.32717
3049.11030,-0.56595,1.86969,73.88466,20.42302,22.57816,15.55360,15.32989
3049.12030,-0.54009,1.82915,73.80822,20.36728,22.45818,15.61621,15.36656
3049.13030,-0.56984,1.83619,73.83588,20.35664,22.50765,15.58961,15.38199
3049.14030,-0.59332,1.84174,73.85773,20.34823,22.54673,15.56860,15.39417
3049.15030,-0.58592,1.84275,74.03395,20.42017,22.58039,15.59500,15.43839
3049.16030,-0.59239,1.84487,73.86319,20.39933,22.50894,15.52174,15.43318
3049.17030,-0.59276,1.84493,73.85373,20.39723,22.50573,15.51860,15.43217
3049.18030,-0.59368,1.89377,73.91678,20.50296,22.59497,15.44197,15.37688
3049.19030,-0.59371,1.89528,73.91873,20.50623,22.59773,15.43960,15.37517
3049.20030,-0.59325,1.89325,73.86270,20.46697,22.59773,15.45239,15.34561
3049.21030,-0.58106,1.88544,73.63806,20.37564,22.53287,15.45521,15.27434
3049.22030,-0.57619,1.88325,73.57373,20.35823,22.50573,15.44960,15.26017
3049.23030,-0.57522,1.87237,73.60427,20.37474,22.47189,15.44960,15.30804
3049.24030,-0.57248,1.87133,73.71758,20.39397,22.51525,15.49019,15.31817
3049.25030,-0.57195,1.87159,73.73973,20.39723,22.52573,15.49860,15.31817
3049.26030,-0.59633,1.86265,73.87611,20.43029,22.54308,15.49033,15.41240
3049.27030,-0.60144,1.86078,73.90473,20.43723,22.54673,15.48860,15.43217
3049.28030,-0.58216,1.85419,73.90515,20.43310,22.52976,15.52584,15.41645
3049.29030,-0.55921,1.84635,73.90564,20.42817,22.50956,15.57018,15.39773
3049.30030,-0.56672,1.85154,73.88573,20.41723,22.52573,15.55860,15.38417
3049.31030,-0.56794,1.84888,73.86516,20.40917,22.51322,15.55457,15.38821
3049.32030,-0.56966,1.84513,73.83618,20.39780,22.49561,15.54888,15.39389
3049.33030,-0.60052,1.82015,73.80073,20.34823,22.44373,15.52860,15.48017
3049.34030,-0.58746,1.79349,73.89340,20.31557,22.44373,15.62860,15.50551
3049.35030,-0.58095,1.78019,73.93973,20.29923,22.44373,15.67860,15.51817
3049.36030,-0.57305,1.78982,73.98234,20.33346,22.46538,15.67860,15.50490
3049.37030,-0.55979,1.80583,74.03164,20.39192,22.48744,15.66680,15.48548
3049.38030,-0.56079,1.80451,74.01073,20.38823,22.47473,15.65860,15.48917
3049.39030,-0.55630,1.80756,74.00067,20.39684,22.47021,15.65277,15.48086
3049.40030,-0.53306,1.83439,73.83029,20.42339,22.43181,15.58284,15.39224
3049.41030,-0.53514,1.84045,73.75473,20.40723,22.42373,15.55860,15.36517
3049.42030,-0.54385,1.84772,73.71326,20.41307,22.41730,15.51771,15.36517
3049.43030,-0.55006,1.85290,73.68373,20.41723,22.41273,15.48860,15.36517
3049.44030,-0.56547,1.84627,73.63262,20.37187,22.40698,15.48286,15.37092
3049.45030,-0.57068,1.83794,73.70580,20.36174,22.43270,15.51973,15.39163
3049.46030,-0.56633,1.83556,73.78373,20.37823,22.45373,15.54860,15.40317
3049.47030,-0.56558,1.83023,73.80837,20.37528,22.45373,15.56483,15.41453
3049.48030,-0.55698,1.79644,73.92602,20.36299,22.42474,15.64910,15.48920
3049.49030,-0.55227,1.79305,73.89873,20.36823,22.39273,15.63860,15.49917
3049.50030,-0.56317,1.78167,73.88865,20.32551,22.39273,15.65780,15.51261
3049.51030,-0.57499,1.76934,73.87773,20.27923,22.39273,15.67860,15.52717
3049.52030,-0.58976,1.77240,73.86053,20.27504,22.39692,15.64922,15.53934
3049.53030,-0.59928,1.77915,73.77389,20.26526,22.37847,15.60065,15.52953
3049.54030,-0.58271,1.78293,73.67873,20.25923,22.34173,15.58860,15.48917
3049.55030,-0.58271,1.78293,73.67873,20.25923,22.34173,15.58860,15.48917
3049.56030,-0.59163,1.80632,73.74529,20.29923,22.41585,15.56580,15.46441
3049.57030,-0.60621,1.81065,73.82273,20.29923,22.47473,15.57860,15.47017
3049.58030,-0.59543,1.81401,73.78422,20.30929,22.45322,15.56819,15.45352
3049.59030,-0.57511,1.82034,73.71173,20.32823,22.41273,15.54860,15.42217
3049.60030,-0.58031,1.81888,73.70891,20.31447,22.42014,15.55213,15.42217
3049.61030,-0.58495,1.81775,73.72000,20.30367,22.43373,15.56043,15.42217
3049.62030,-0.57053,1.82231,73.76785,20.34615,22.43373,15.56580,15.42217
3049.63030,-0.56303,1.82467,73.79273,20.36823,22.43373,15.56860,15.42217
3049.64030,-0.56176,1.82459,73.93961,20.42592,22.46097,15.58462,15.46811
3049.65030,-0.56065,1.82452,74.06773,20.47623,22.48473,15.59860,15.50817
3049.66030,-0.55693,1.81329,73.88649,20.41085,22.40859,15.58205,15.48500
3049.67030,-0.55505,1.80436,73.93749,20.41228,22.40777,15.60869,15.50876
3049.68030,-0.55468,1.80219,73.96673,20.41723,22.41273,15.61860,15.51817
3049.69030,-0.53743,1.78767,73.87657,20.36575,22.36495,15.65560,15.49028
3049.70030,-0.55062,1.81853,73.78457,20.39841,22.37895,15.55560,15.45161
3049.71030,-0.55600,1.82660,73.74980,20.40197,22.38133,15.52593,15.44057
3049.72030,-0.57419,1.82380,73.65047,20.34930,22.36733,15.49927,15.43457
3049.73030,-0.55088,1.80969,73.65370,20.33120,22.34173,15.55860,15.42217
3049.74030,-0.54695,1.81646,73.69901,20.36542,22.35564,15.55315,15.42481
3049.75030,-0.58902,1.84886,73.88173,20.43723,22.49473,15.49860,15.45117
3049.76030,-0.58902,1.84886,73.88173,20.43723,22.49473,15.49860,15.45117
3049.77030,-0.59539,1.84983,73.84307,20.41090,22.50173,15.49527,15.43517
3049.78030,-0.60361,1.85140,73.82686,20.38193,22.52637,15.50234,15.41622
3049.79030,-0.59497,1.85070,73.94373,20.42723,22.54673,15.52860,15.44117
3049.80030,-0.60272,1.85410,73.99069,20.46557,22.54673,15.49985,15.47855
3049.81030,-0.60306,1.85425,73.99273,20.46723,22.54673,15.49860,15.48017
3049.82030,-0.64280,1.85455,73.99273,20.40903,22.60590,15.48890,15.48890
3049.83030,-0.62643,1.87956,73.87026,20.40723,22.61752,15.45921,15.38629
3049.84030,-0.62606,1.88008,73.86773,20.40723,22.61773,15.45860,15.38417
3049.85030,-0.63974,1.87770,73.86692,20.41542,22.60136,15.42669,15.42345
3049.86030,-0.64588,1.88989,73.82516,20.43420,22.59773,15.37718,15.41605
3049.87030,-0.64643,1.89216,73.81773,20.43723,22.59773,15.36960,15.41317
3049.88030,-0.64260,1.94590,73.66401,20.48679,22.63217,15.25200,15.29305
3049.89030,-0.64186,1.95616,73.63473,20.49623,22.63873,15.22960,15.27017
3049.90030,-0.60735,1.94032,73.63473,20.47947,22.60435,15.30505,15.24586
3049.91030,-0.64365,1.91890,73.66581,20.41827,22.61453,15.31960,15.31341
3049.92030,-0.65183,1.91541,73.67173,20.40723,22.61773,15.31960,15.32717
3049.93030,-0.66319,1.89312,73.69605,20.35777,22.60934,15.36152,15.36742
3049.94030,-0.64592,1.87093,73.84663,20.38084,22.60220,15.44089,15.42270
3049.95030,-0.63022,1.85649,73.96473,20.40723,22.59773,15.49860,15.46117
3049.96030,-0.63531,1.84713,73.95335,20.41435,22.55362,15.47726,15.50812
3049.97030,-0.63738,1.84333,73.94873,20.41723,22.53573,15.46860,15.52717
3049.98030,-0.62634,1.84580,73.92354,20.42386,22.52247,15.46860,15.50861
3049.99030,-0.62848,1.84119,73.89229,20.39374,22.51949,15.47989,15.49917
3050.00030,-0.63958,1.83280,73.86595,20.34589,22.52487,15.49602,15.49917
3050.01030,-0.64136,1.83146,73.86173,20.33823,22.52573,15.49860,15.49917
3050.02030,-0.60538,1.82103,73.68533,20.31387,22.41401,15.49860,15.45885
3050.03030,-0.61138,1.80697,73.74715,20.30923,22.40904,15.52307,15.50581
3050.04030,-0.61428,1.80425,73.76873,20.30923,22.41273,15.52860,15.51817
3050.05030,-0.62904,1.77764,73.91933,20.29005,22.43287,15.59574,15.60066
3050.06030,-0.62967,1.77651,73.92573,20.28923,22.43373,15.59860,15.60417
3050.07030,-0.61584,1.77695,74.05951,20.35129,22.45038,15.62513,15.63270
3050.08030,-0.60791,1.78598,74.11473,20.37823,22.48473,15.63860,15.61317
3050.09030,-0.60422,1.78943,74.11110,20.38278,22.48927,15.63860,15.60045
3050.10030,-0.60033,1.79631,74.04043,20.37580,22.47774,15.61788,15.56901
3050.11030,-0.60109,1.80021,73.94673,20.35823,22.45373,15.58860,15.54617
3050.12030,-0.60018,1.80940,73.90626,20.36125,22.45705,15.56746,15.52050
3050.13030,-0.59816,1.82985,73.81633,20.36796,22.46443,15.52048,15.46346
3050.14030,-0.60233,1.81808,73.79994,20.35140,22.43341,15.52197,15.49316
3050.15030,-0.60481,1.80121,73.83726,20.34508,22.40673,15.54219,15.54326
3050.16030,-0.59338,1.81657,73.95873,20.39723,22.47473,15.56860,15.51817
3050.17030,-0.59456,1.80874,74.00911,20.39121,22.48455,15.59711,15.53623
3050.18030,-0.60073,1.80836,74.08485,20.39358,22.52483,15.62102,15.54543
3050.19030,-0.60875,1.84451,74.01273,20.42723,22.56673,15.53860,15.48017
3050.20030,-0.60875,1.84451,74.01273,20.42723,22.56673,15.53860,15.48017
3050.21030,-0.60411,1.82625,74.07873,20.43723,22.53573,15.56860,15.53717
3050.22030,-0.59828,1.82702,74.04076,20.43511,22.51833,15.56224,15.52508
3050.23030,-0.57747,1.83208,73.86377,20.41868,22.44849,15.52812,15.46847
3050.24030,-0.58155,1.84204,73.70027,20.37979,22.42468,15.48050,15.41530
3050.25030,-0.58392,1.83601,73.67697,20.36227,22.40918,15.48264,15.42287
3050.26030,-0.60020,1.81140,73.64740,20.29923,22.37556,15.50360,15.46901
3050.27030,-0.63603,1.81521,73.82200,20.29923,22.48905,15.52741,15.50631
3050.28030,-0.63734,1.81182,73.83938,20.29995,22.48744,15.53289,15.51910
3050.29030,-0.63121,1.76541,73.95173,20.30923,22.39273,15.58860,15.66117
3050.30030,-0.63215,1.76610,73.96340,20.31191,22.39904,15.58997,15.66248
3050.31030,-0.64322,1.77491,74.11992,20.34576,22.48422,15.61315,15.67679
3050.32030,-0.61078,1.76375,74.08573,20.29923,22.47473,15.69860,15.61317
3050.33030,-0.61086,1.76519,74.07911,20.30108,22.47373,15.69340,15.61090
3050.34030,-0.61204,1.78577,73.98452,20.32743,22.45954,15.61907,15.57847
3050.35030,-0.58840,1.80576,73.83316,20.35180,22.41236,15.56147,15.50753
3050.36030,-0.57692,1.81124,73.77973,20.35823,22.39273,15.54860,15.48017
3050.37030,-0.57747,1.81621,73.76623,20.34323,22.41598,15.55610,15.45092
3050.38030,-0.57765,1.81787,73.76173,20.33823,22.42373,15.55860,15.44117
3050.39030,-0.56383,1.78329,73.74398,20.30344,22.33640,15.60830,15.49584
3050.40030,-0.56705,1.76682,73.77507,20.28923,22.31528,15.63215,15.53841
3050.41030,-0.57954,1.76352,73.82907,20.28923,22.33578,15.63715,15.56691
3050.42030,-0.56494,1.75504,73.92753,20.31263,22.34173,15.68660,15.58657
3050.43030,-0.56818,1.75491,74.06133,20.33423,22.39693,15.72460,15.60557
3050.44030,-0.57841,1.75816,74.11373,20.33823,22.43373,15.72860,15.61317
3050.45030,-0.56290,1.76726,73.98588,20.33823,22.38944,15.69289,15.56532
3050.46030,-0.56933,1.78268,73.91992,20.33823,22.40135,15.64980,15.53054
3050.47030,-0.58689,1.79904,73.89935,20.33823,22.44249,15.60980,15.50882
3050.48030,-0.57274,1.80285,73.81400,20.32744,22.41620,15.60320,15.46716
3050.49030,-0.56019,1.80568,73.74173,20.31823,22.39273,15.59860,15.43217
3050.50030,-0.58866,1.80757,73.76811,20.32536,22.40698,15.55583,15.47994
3050.51030,-0.57657,1.79935,73.82894,20.33541,22.40555,15.59597,15.49200
3050.52030,-0.56730,1.79581,73.84873,20.33823,22.40273,15.61860,15.48917
3050.53030,-0.53759,1.80318,73.90802,20.39111,22.40807,15.64530,15.46354
3050.54030,-0.52982,1.80294,73.98687,20.43723,22.40683,15.65090,15.49191
3050.55030,-0.54240,1.79832,74.00573,20.43723,22.40273,15.63860,15.52717
3050.56030,-0.53397,1.76778,74.06175,20.41339,22.35982,15.70416,15.58439
3050.57030,-0.52827,1.74711,74.09973,20.39723,22.33073,15.74860,15.62317
3050.58030,-0.53171,1.74545,74.10091,20.38012,22.34312,15.76040,15.61727
3050.59030,-0.54841,1.74712,74.05512,20.33873,22.36353,15.75090,15.60196
3050.60030,-0.55836,1.74908,74.02273,20.31823,22.37173,15.73860,15.59417
3050.61030,-0.55958,1.75006,74.00583,20.31823,22.36515,15.72828,15.59417
3050.62030,-0.91409,1.59852,72.72222,19.15336,22.30632,15.67254,15.58999
3050.63030,-0.95466,1.57181,72.55066,18.98716,22.28973,15.68860,15.58517
3050.64030,-0.54850,1.75098,73.89895,20.31082,22.31389,15.70254,15.57170
3050.65030,-0.55668,1.75039,73.89573,20.27923,22.34173,15.71860,15.55617
3050.66030,-0.56347,1.75296,73.88131,20.27923,22.34173,15.69999,15.56036
3050.67030,-0.57447,1.76221,73.81291,20.27923,22.33222,15.64793,15.55352
3050.68030,-0.58142,1.77594,73.70024,20.27923,22.31155,15.58127,15.52819
3050.69030,-0.57900,1.77797,73.69369,20.28163,22.31193,15.57980,15.52033
3050.70030,-0.54702,1.77465,73.65085,20.27577,22.28231,15.61920,15.47357
3050.71030,-0.52335,1.74713,73.59673,20.23023,22.20773,15.67860,15.48017
3050.72030,-0.53170,1.74088,73.66777,20.23682,22.22193,15.69246,15.51656
3050.73030,-0.54742,1.72914,73.80173,20.24923,22.24873,15.71860,15.58517
3050.74030,-0.54765,1.71749,73.83777,20.24090,22.24006,15.74410,15.61271
3050.75030,-0.54833,1.68326,73.94377,20.21640,22.21456,15.81910,15.69371
3050.76030,-0.50111,1.66047,74.31373,20.29923,22.26973,15.99760,15.74717
3050.77030,-0.50087,1.66864,74.28808,20.30913,22.27175,15.97558,15.73162
3050.78030,-0.50436,1.71096,74.13780,20.34613,22.28624,15.85920,15.64623
3050.79030,-0.52112,1.74871,73.95373,20.33823,22.31073,15.74860,15.55617
3050.80030,-0.52123,1.75411,73.89489,20.32389,22.30865,15.73405,15.52831
3050.81030,-0.52165,1.77477,73.67073,20.26923,22.30073,15.67860,15.42217
3050.82030,-0.52165,1.77477,73.67073,20.26923,22.30073,15.67860,15.42217
3050.83030,-0.51263,1.76236,73.70076,20.28478,22.26240,15.69306,15.46053
3050.84030,-0.54784,1.73480,73.82373,20.23923,22.28973,15.73860,15.55617
3050.85030,-0.54437,1.73250,73.83812,20.24247,22.28730,15.74830,15.56005
3050.86030,-0.50951,1.70559,74.02495,20.27923,22.27080,15.86220,15.61272
3050.87030,-0.55512,1.69852,74.25973,20.27923,22.38273,15.89860,15.69917
3050.88030,-0.55220,1.70415,74.25282,20.29087,22.38545,15.88860,15.68790
3050.89030,-0.52300,1.76050,74.18373,20.40723,22.41273,15.78860,15.57517
3050.90030,-0.52300,1.76050,74.18373,20.40723,22.41273,15.78860,15.57517
3050.91030,-0.54261,1.77560,73.90214,20.32228,22.38409,15.70269,15.49308
3050.92030,-0.55321,1.77923,73.68809,20.27119,22.32321,15.63140,15.46229
3050.93030,-0.55361,1.77935,73.67973,20.26923,22.32073,15.62860,15.46117
3050.94030,-0.51417,1.79071,73.59877,20.29683,22.28301,15.62860,15.39033
3050.95030,-0.53979,1.77220,73.75270,20.29923,22.30979,15.65769,15.48599
3050.96030,-0.54070,1.77160,73.75773,20.29923,22.31073,15.65860,15.48917
3050.97030,-0.55944,1.73987,73.82326,20.26069,22.28439,15.69714,15.58103
3050.98030,-0.56985,1.72223,73.85973,20.23923,22.26973,15.71860,15.63217
3050.99030,-0.57489,1.72552,73.94898,20.22308,22.34793,15.76960,15.60837
3051.00030,-0.54750,1.72417,73.98598,20.29588,22.29203,15.76160,15.63647
3051.01030,-0.54252,1.72382,73.98973,20.30923,22.27973,15.75860,15.64217
3051.02030,-0.55176,1.74684,73.93597,20.29243,22.34021,15.73340,15.56993
3051.03030,-0.55512,1.73806,73.87907,20.28923,22.28215,15.70315,15.60454
3051.04030,-0.55976,1.73381,73.85624,20.27474,22.26973,15.69860,15.61317
3051.05030,-0.56246,1.73318,73.83747,20.26100,22.27061,15.69860,15.60726
3051.06030,-0.54212,1.74763,73.80373,20.27923,22.27973,15.69860,15.54617
3051.07030,-0.54403,1.75012,73.82696,20.28246,22.29795,15.70344,15.54311
3051.08030,-0.55777,1.78302,73.94882,20.33687,22.42054,15.68496,15.50645
3051.09030,-0.56096,1.79968,73.94973,20.36823,22.44373,15.64860,15.48917
3051.10030,-0.54961,1.79694,73.86185,20.35652,22.39569,15.63688,15.47277
3051.11030,-0.53573,1.78054,73.83985,20.33053,22.35583,15.67580,15.47769
3051.12030,-0.53169,1.77050,73.86773,20.31823,22.35173,15.70860,15.48917
3051.13030,-0.53991,1.76384,73.88556,20.29507,22.36361,15.72642,15.50046
3051.14030,-0.54553,1.75929,73.89773,20.27923,22.37173,15.73860,15.50817
3051.15030,-0.56042,1.75207,73.90830,20.26191,22.37173,15.73566,15.53899
3051.16030,-0.58563,1.73983,73.92621,20.23256,22.37173,15.73069,15.59123
3051.17030,-0.57423,1.71853,73.67373,20.14123,22.24873,15.71860,15.56517
3051.18030,-0.57345,1.70829,73.75607,20.13663,22.26759,15.76460,15.58725
3051.19030,-0.56271,1.69071,73.87457,20.14471,22.27068,15.83254,15.62665
3051.20030,-0.55138,1.68427,73.89973,20.16023,22.24873,15.84860,15.64217
3051.21030,-0.53891,1.69196,73.79891,20.16023,22.21574,15.82072,15.60221
3051.22030,-0.52450,1.70084,73.68273,20.16023,22.17773,15.78860,15.55617
3051.23030,-0.52670,1.71232,73.68273,20.18714,22.18794,15.75795,15.54970
3051.24030,-0.52750,1.73259,73.71302,20.24531,22.21271,15.71319,15.54179
3051.25030,-0.50253,1.71839,73.93173,20.28923,22.24873,15.81860,15.57517
3051.26030,-0.51531,1.72297,73.87678,20.26858,22.25258,15.79060,15.56502
3051.27030,-0.53820,1.73229,73.88498,20.27153,22.28458,15.75260,15.57627
3051.28030,-0.53652,1.73381,74.08973,20.34823,22.33073,15.77860,15.63217
3051.29030,-0.53652,1.73381,74.08973,20.34823,22.33073,15.77860,15.63217
3051.30030,-0.55576,1.76444,74.09573,20.35823,22.42373,15.73860,15.57517
3051.31030,-0.55576,1.76444,74.09573,20.35823,22.42373,15.73860,15.57517
3051.32030,-0.56059,1.79761,74.00614,20.39634,22.44155,15.64860,15.51965
3051.33030,-0.51180,1.79438,73.81873,20.38823,22.33073,15.64860,15.45117
3051.34030,-0.52577,1.79806,73.79585,20.36645,22.35119,15.63540,15.44281
3051.35030,-0.56442,1.80344,73.75279,20.30221,22.40789,15.61280,15.42989
3051.36030,-0.52568,1.77619,73.88773,20.34823,22.35173,15.69860,15.48917
3051.37030,-0.51245,1.78055,73.88157,20.36561,22.34491,15.70080,15.47025
3051.38030,-0.46550,1.79601,73.85973,20.42723,22.32073,15.70860,15.40317
3051.39030,-0.46550,1.79601,73.85973,20.42723,22.32073,15.70860,15.40317
3051.40030,-0.44796,1.80966,73.82073,20.45169,22.31791,15.69496,15.35617
3051.41030,-0.43742,1.81830,73.80073,20.49623,22.28973,15.65860,15.35617
3051.42030,-0.44021,1.81635,73.79776,20.49092,22.28703,15.65770,15.36211
3051.43030,-0.46999,1.79633,73.76098,20.43213,22.25973,15.64773,15.42139
3051.44030,-0.48655,1.79241,73.68973,20.37823,22.25973,15.63860,15.41317
3051.45030,-0.48666,1.79181,73.69404,20.37680,22.26169,15.64195,15.41360
3051.46030,-0.48791,1.78505,73.74191,20.36084,22.28350,15.67919,15.41839
3051.47030,-0.48889,1.77972,73.77973,20.34823,22.30073,15.70860,15.42217
3051.48030,-0.48309,1.77736,73.78122,20.35460,22.28758,15.71284,15.42620
3051.49030,-0.46727,1.77403,73.83315,20.39561,22.26579,15.72420,15.44755
3051.50030,-0.48745,1.79327,73.99773,20.45723,22.36173,15.70860,15.47017
3051.51030,-0.48029,1.80000,74.01131,20.47611,22.37254,15.70860,15.45405
3051.52030,-0.45371,1.82497,74.06173,20.54623,22.41273,15.70860,15.39417
3051.53030,-0.44401,1.83910,73.88901,20.51223,22.39233,15.67460,15.30985
3051.54030,-0.49503,1.84076,73.66773,20.44892,22.33252,15.54274,15.34355
3051.55030,-0.49702,1.84058,73.66273,20.44723,22.33073,15.53860,15.34617
3051.56030,-0.50611,1.84248,73.67915,20.43231,22.36131,15.54606,15.33946
3051.57030,-0.48748,1.81214,73.79813,20.43563,22.32889,15.63260,15.40101
3051.58030,-0.48335,1.80625,73.81973,20.43723,22.32073,15.64860,15.41317
3051.59030,-0.47188,1.80658,74.03393,20.53635,22.34677,15.67380,15.47701
3051.60030,-0.46904,1.79999,74.14109,20.55523,22.36853,15.71220,15.50513
3051.61030,-0.50103,1.78478,74.04621,20.44771,22.37173,15.71860,15.50817
3051.62030,-0.49105,1.78440,73.99247,20.44415,22.34297,15.71296,15.49239
3051.63030,-0.47858,1.78616,73.96673,20.45723,22.32073,15.70860,15.48017
3051.64030,-0.48990,1.80478,73.97681,20.45723,22.38697,15.69420,15.43841
3051.65030,-0.49654,1.82541,73.92817,20.50691,22.37601,15.60940,15.43585
3051.66030,-0.49742,1.83062,73.90773,20.52623,22.36173,15.57860,15.44117
3051.67030,-0.49659,1.84497,73.90484,20.52623,22.40654,15.57860,15.39347
3051.68030,-0.49839,1.85119,73.92787,20.53032,22.43600,15.58269,15.37886
3051.69030,-0.50132,1.85219,73.96139,20.53601,22.45304,15.58837,15.38397
3051.70030,-0.50297,1.85309,73.95809,20.53298,22.45706,15.58697,15.38108
3051.71030,-0.52028,1.86276,73.90573,20.49623,22.49473,15.56860,15.34617
3051.72030,-0.52211,1.87417,73.91095,20.53625,22.49473,15.52800,15.35197
3051.73030,-0.54077,1.87717,73.84443,20.51895,22.48301,15.48102,15.36145
3051.74030,-0.55304,1.87344,73.79473,20.48623,22.47473,15.46860,15.36517
3051.75030,-0.54308,1.87108,73.73691,20.46912,22.45054,15.47450,15.34275
3051.76030,-0.53615,1.86943,73.69673,20.45723,22.43373,15.47860,15.32717
3051.77030,-0.56482,1.86816,73.72565,20.42831,22.47537,15.47282,15.34915
3051.78030,-0.59514,1.84888,73.80373,20.39636,22.49035,15.49110,15.42592
3051.79030,-0.61086,1.81835,73.89873,20.37823,22.46473,15.52860,15.52717
3051.80030,-0.60978,1.82465,73.94947,20.39125,22.50154,15.54207,15.51460
3051.81030,-0.62796,1.83921,74.06141,20.42563,22.57939,15.53100,15.52539
3051.82030,-0.65081,1.84723,74.11973,20.44723,22.61773,15.49860,15.55617
3051.83030,-0.64463,1.85581,74.05899,20.45202,22.60553,15.47493,15.52652
3051.84030,-0.63055,1.87537,73.92095,20.46289,22.57781,15.42112,15.45913
3051.85030,-0.66467,1.88769,73.84247,20.43466,22.60023,15.35307,15.45451
3051.86030,-0.68657,1.88987,73.75087,20.39723,22.59135,15.30880,15.45349
3051.87030,-0.65856,1.88639,73.67473,20.39723,22.53573,15.31960,15.42217
3051.88030,-0.66421,1.88899,73.68612,20.38403,22.56396,15.32871,15.40942
3051.89030,-0.67301,1.87944,73.69744,20.35446,22.56926,15.34878,15.42494
3051.90030,-0.67542,1.86453,73.69473,20.33823,22.53573,15.35960,15.46117
3051.91030,-0.67286,1.85344,73.74625,20.33527,22.53277,15.39187,15.48634
3051.92030,-0.66719,1.82884,73.86072,20.32869,22.52619,15.46358,15.54226
3051.93030,-0.66353,1.83598,73.90540,20.37123,22.53273,15.44893,15.55251
3051.94030,-0.66834,1.85596,73.94847,20.44023,22.55353,15.39260,15.56211
3051.95030,-0.69034,1.86038,73.88973,20.40723,22.56673,15.35960,15.55617
3051.96030,-0.67988,1.85659,73.84655,20.39057,22.54599,15.37320,15.53679
3051.97030,-0.66912,1.84568,73.74029,20.35143,22.48805,15.37920,15.52161
3051.98030,-0.68774,1.83881,73.69673,20.33823,22.45373,15.33960,15.56517
3051.99030,-0.68679,1.83992,73.71407,20.33823,22.46739,15.34960,15.55884
3052.00030,-0.68491,1.84215,73.74873,20.33823,22.49473,15.36960,15.54617
3052.01030,-0.68491,1.84215,73.74873,20.33823,22.49473,15.36960,15.54617
3052.02030,-0.68875,1.82726,73.91125,20.33035,22.54875,15.44960,15.58255
3052.03030,-0.69599,1.82222,74.03573,20.37823,22.55673,15.44960,15.65117
3052.04030,-0.69764,1.81842,74.04980,20.37193,22.55883,15.45989,15.65915
3052.05030,-0.70242,1.81185,74.10192,20.36026,22.57937,15.48861,15.67368
3052.06030,-0.69686,1.84206,74.09873,20.40723,22.62873,15.44960,15.61317
3052.07030,-0.69542,1.84601,74.08877,20.41075,22.63224,15.44374,15.60204
3052.08030,-0.68689,1.86924,74.03015,20.43144,22.65293,15.40926,15.53652
3052.09030,-0.68643,1.87860,73.99108,20.43407,22.65793,15.38851,15.51057
3052.10030,-0.70855,1.91203,73.71810,20.39661,22.64450,15.25613,15.42086
3052.11030,-0.70405,1.91524,73.58873,20.38823,22.58773,15.20960,15.40317
3052.12030,-0.70365,1.91530,73.58588,20.38823,22.58623,15.20889,15.40253
3052.13030,-0.69753,1.91432,73.56537,20.39145,22.56787,15.20615,15.39990
3052.14030,-0.68636,1.89593,73.75022,20.42721,22.58060,15.27887,15.46354
3052.15030,-0.68012,1.88568,73.85373,20.44723,22.58773,15.31960,15.49917
3052.16030,-0.73553,1.83938,73.93539,20.31620,22.61621,15.39556,15.60742
3052.17030,-0.73848,1.83692,73.93973,20.30923,22.61773,15.39960,15.61317
3052.18030,-0.71396,1.82436,73.93101,20.33596,22.54518,15.41051,15.63936
3052.19030,-0.69738,1.81493,73.94194,20.35823,22.49866,15.42185,15.66320
3052.20030,-0.71062,1.81852,74.00473,20.35823,22.54673,15.42960,15.67017
3052.21030,-0.70983,1.82438,74.00195,20.36520,22.55718,15.42263,15.65694
3052.22030,-0.70920,1.84150,73.96313,20.37381,22.58159,15.39634,15.61139
3052.23030,-0.71026,1.84927,73.92073,20.36823,22.58773,15.37960,15.58517
3052.24030,-0.71567,1.85818,73.90408,20.37442,22.60075,15.35612,15.57279
3052.25030,-0.73563,1.89106,73.84273,20.39723,22.64873,15.26960,15.52717
3052.26030,-0.72929,1.89551,73.76021,20.38923,22.62304,15.24855,15.49938
3052.27030,-0.70131,1.91094,73.62468,20.40928,22.57378,15.21060,15.43102
3052.28030,-0.67778,1.92229,73.59773,20.44723,22.55673,15.19960,15.39417
3052.29030,-0.69146,1.90426,73.62785,20.41118,22.55216,15.22698,15.43753
3052.30030,-0.69992,1.87376,73.73380,20.37684,22.54970,15.29819,15.50906
3052.31030,-0.68146,1.85242,73.89973,20.39723,22.55673,15.38960,15.55617
3052.32030,-0.67890,1.83864,73.91614,20.38610,22.53271,15.41303,15.58429
3052.33030,-0.67710,1.82890,73.92773,20.37823,22.51573,15.42960,15.60417
3052.34030,-0.67270,1.82510,74.01969,20.41547,22.51953,15.44442,15.64027
3052.35030,-0.66668,1.82100,74.16437,20.47623,22.52934,15.46405,15.69474
3052.36030,-0.67531,1.83667,74.12373,20.47623,22.55673,15.42960,15.66117
3052.37030,-0.67045,1.85372,74.01352,20.46758,22.55673,15.39316,15.59604
3052.38030,-0.68502,1.87726,73.78723,20.42168,22.54728,15.30460,15.51367
3052.39030,-0.71001,1.88105,73.67173,20.37823,22.53573,15.24960,15.50817
3052.40030,-0.70178,1.88772,73.69088,20.39266,22.55399,15.25844,15.48579
3052.41030,-0.68265,1.90320,73.73540,20.42623,22.59645,15.27898,15.43373
3052.42030,-0.69645,1.89096,73.69061,20.39391,22.56305,15.26613,15.46752
3052.43030,-0.72328,1.86592,73.66056,20.35056,22.50799,15.24931,15.55270
3052.44030,-0.72005,1.86605,73.78773,20.39723,22.53573,15.26960,15.58517
3052.45030,-0.71437,1.85824,73.80450,20.39723,22.52023,15.28739,15.59966
3052.46030,-0.69810,1.83140,73.86556,20.39026,22.47574,15.35163,15.64794
3052.47030,-0.70158,1.79624,73.97073,20.32823,22.48473,15.45860,15.69917
3052.48030,-0.69794,1.80460,73.99709,20.35122,22.50413,15.45459,15.68715
3052.49030,-0.68620,1.83152,74.08213,20.42537,22.56671,15.44167,15.64838
3052.50030,-0.70092,1.79853,74.00973,20.34823,22.49473,15.45860,15.70817
3052.51030,-0.70458,1.80688,74.01853,20.36403,22.51113,15.44080,15.70257
3052.52030,-0.71921,1.84025,74.05373,20.42723,22.57673,15.36960,15.68017
3052.53030,-0.72063,1.84158,74.03803,20.41849,22.58065,15.36833,15.67055
3052.54030,-0.72807,1.84857,73.95536,20.37249,22.60132,15.36167,15.61988
3052.55030,-0.71964,1.85294,73.82973,20.34823,22.56673,15.33960,15.57517
3052.56030,-0.71894,1.85430,73.82507,20.34991,22.56673,15.33686,15.57157
3052.57030,-0.70728,1.87692,73.74736,20.37791,22.56673,15.29114,15.51157
3052.58030,-0.69922,1.89256,73.69373,20.39723,22.56673,15.25960,15.47017
3052.59030,-0.69906,1.89405,73.72203,20.40422,22.58105,15.26659,15.47017
3052.60030,-0.70847,1.89954,73.73243,20.41195,22.59715,15.24788,15.47546
3052.61030,-0.71714,1.90197,73.69473,20.40723,22.58773,15.21960,15.48017
3052.62030,-0.69767,1.88585,73.75589,20.39939,22.57910,15.29017,15.48723
3052.63030,-0.66891,1.85592,73.88260,20.40654,22.54880,15.39339,15.53386
3052.64030,-0.66756,1.85324,73.89819,20.40901,22.54673,15.40078,15.54167
3052.65030,-0.67182,1.84448,73.98109,20.42875,22.54673,15.41394,15.59167
3052.66030,-0.67365,1.84071,74.01673,20.43723,22.54673,15.41960,15.61317
3052.67030,-0.67034,1.84286,73.98347,20.49331,22.47829,15.35307,15.65880
3052.68030,-0.68601,1.86336,73.92188,20.44018,22.56213,15.34960,15.56997
3052.69030,-0.68684,1.86444,73.91873,20.43723,22.56673,15.34960,15.56517
3052.70030,-0.65640,1.86898,73.57352,20.37032,22.44745,15.30112,15.45463
3052.71030,-0.66831,1.86245,73.54955,20.38707,22.39570,15.25251,15.51427
3052.72030,-0.66911,1.86204,73.54873,20.38823,22.39273,15.24960,15.51817
3052.73030,-0.64889,1.87338,73.42039,20.37893,22.36390,15.23100,15.44656
3052.74030,-0.64736,1.87423,73.41073,20.37823,22.36173,15.22960,15.44117
3052.75030,-0.65478,1.82345,73.57073,20.32180,22.34744,15.35103,15.55046
3052.76030,-0.60039,1.78612,73.86761,20.39599,22.32451,15.51358,15.63353
3052.77030,-0.58785,1.78239,73.91873,20.41723,22.32073,15.53860,15.64217
3052.78030,-0.62164,1.75764,74.19288,20.40047,22.41546,15.63082,15.74613
3052.79030,-0.61221,1.78797,74.20498,20.48789,22.43373,15.56543,15.71794
3052.80030,-0.60899,1.79507,74.19673,20.50623,22.43373,15.54860,15.70817
3052.81030,-0.62830,1.81322,74.11609,20.48439,22.46789,15.49820,15.66561
3052.82030,-0.64350,1.82750,74.05273,20.46723,22.49473,15.45860,15.63217
3052.83030,-0.63418,1.83041,73.96201,20.44563,22.47313,15.45212,15.59113
3052.84030,-0.63214,1.85506,73.85378,20.45154,22.48428,15.39715,15.52082
3052.85030,-0.63390,1.88093,73.77373,20.46723,22.50573,15.33960,15.46117
3052.86030,-0.66568,1.89619,73.73894,20.46013,22.54194,15.27570,15.46117
3052.87030,-0.67064,1.89282,73.66722,20.42883,22.52052,15.26380,15.45407
3052.88030,-0.66736,1.88889,73.64373,20.41723,22.50573,15.26960,15.45117
3052.89030,-0.68545,1.90236,73.71916,20.44602,22.56445,15.24657,15.46211
3052.90030,-0.69875,1.91227,73.77473,20.46723,22.60773,15.22960,15.47017
3052.91030,-0.65416,1.90167,73.83058,20.51272,22.56051,15.28718,15.47017
3052.92030,-0.63962,1.89385,73.94232,20.54316,22.56992,15.33574,15.49350
3052.93030,-0.67104,1.89384,74.06401,20.53787,22.64611,15.34632,15.53371
3052.94030,-0.67181,1.90184,74.04544,20.54704,22.65210,15.32685,15.51945
3052.95030,-0.66852,1.91764,74.03873,20.57238,22.67416,15.30389,15.48832
3052.96030,-0.67116,1.92492,74.06573,20.58523,22.70073,15.29960,15.48017
3052.97030,-0.67116,1.92492,74.06573,20.58523,22.70073,15.29960,15.48017
3052.98030,-0.65068,1.91130,73.84376,20.53708,22.57505,15.27512,15.45651
3052.99030,-0.64605,1.90822,73.79373,20.52623,22.54673,15.26960,15.45117
3053.00030,-0.63385,1.88847,73.68109,20.48389,22.45949,15.27807,15.45964
3053.01030,-0.62075,1.86983,73.76157,20.46873,22.46123,15.35460,15.47701
3053.02030,-0.61858,1.86682,73.78173,20.46723,22.46473,15.36960,15.48017
3053.03030,-0.62627,1.86183,73.89177,20.54115,22.43869,15.33600,15.57593
3053.04030,-0.62597,1.88894,73.97573,20.60563,22.51101,15.31280,15.54629
3053.05030,-0.63926,1.90190,73.95980,20.59818,22.55119,15.28982,15.52061
3053.06030,-0.68081,1.92511,73.87473,20.54623,22.62873,15.22960,15.47017
3053.07030,-0.68810,1.92818,73.80947,20.51804,22.62873,15.21376,15.44895
3053.08030,-0.70129,1.93183,73.62841,20.44211,22.61058,15.17960,15.39612
3053.09030,-0.69362,1.92291,73.50873,20.39723,22.55673,15.17960,15.37517
3053.10030,-0.69129,1.91850,73.55662,20.40499,22.56274,15.19899,15.38991
3053.11030,-0.67914,1.89685,73.80298,20.44962,22.59193,15.29430,15.46713
3053.12030,-0.66988,1.88414,73.98073,20.49623,22.60773,15.34960,15.52717
3053.13030,-0.66861,1.88372,73.97191,20.50253,22.59492,15.34120,15.53326
3053.14030,-0.66382,1.88212,73.93873,20.52623,22.54673,15.30960,15.55617
3053.15030,-0.66382,1.88212,73.93873,20.52623,22.54673,15.30960,15.55617
3053.16030,-0.66665,1.85809,73.85269,20.46819,22.47680,15.32112,15.58659
3053.17030,-0.67120,1.85557,73.96473,20.48623,22.51573,15.34960,15.61317
3053.18030,-0.67162,1.85561,73.96332,20.48623,22.51502,15.34819,15.61388
3053.19030,-0.67434,1.85760,73.93744,20.48553,22.50714,15.33172,15.61305
3053.20030,-0.63807,1.87669,73.84629,20.47668,22.52484,15.35827,15.48650
3053.21030,-0.63625,1.87765,73.84173,20.47623,22.52573,15.35960,15.48017
3053.22030,-0.68471,1.89648,73.61127,20.42141,22.50714,15.22021,15.46252
3053.23030,-0.68811,1.88769,73.53525,20.38943,22.46642,15.20960,15.46980
3053.24030,-0.68809,1.88725,73.53273,20.38823,22.46473,15.20960,15.47017
3053.25030,-0.66519,1.87459,73.67234,20.40393,22.48951,15.30047,15.47843
3053.26030,-0.66037,1.87194,73.70173,20.40723,22.49473,15.31960,15.48017
3053.27030,-0.69163,1.87977,73.76042,20.39897,22.56250,15.30307,15.49588
3053.28030,-0.66599,1.88592,73.84986,20.44754,22.58595,15.34152,15.47486
3053.29030,-0.65980,1.88679,73.86473,20.45723,22.58773,15.34960,15.47017
3053.30030,-0.66067,1.88759,73.86643,20.46020,22.58833,15.34596,15.47193
3053.31030,-0.67321,1.89811,73.89804,20.50694,22.59412,15.29314,15.50384
3053.32030,-0.66034,1.87384,73.96773,20.51623,22.54673,15.33960,15.56517
3053.33030,-0.65970,1.87249,73.94603,20.51151,22.53446,15.33488,15.56517
3053.34030,-0.65765,1.86814,73.87573,20.49623,22.49473,15.31960,15.56517
3053.35030,-0.64267,1.86866,73.87253,20.50423,22.48653,15.33560,15.54617
3053.36030,-0.59461,1.87064,73.83825,20.51870,22.45855,15.38645,15.47456
3053.37030,-0.60983,1.87056,73.81073,20.49623,22.46473,15.36960,15.48017
3053.38030,-0.60855,1.87984,73.75816,20.50207,22.45830,15.34039,15.45739
3053.39030,-0.60693,1.88371,73.76481,20.54045,22.43633,15.30800,15.48003
3053.40030,-0.60642,1.88173,73.79673,20.56523,22.42373,15.29960,15.50817
3053.41030,-0.61490,1.88072,73.76251,20.53416,22.43159,15.29960,15.49716
3053.42030,-0.62799,1.87916,73.70973,20.48623,22.44373,15.29960,15.48017
3053.43030,-0.60944,1.86541,73.78534,20.50445,22.42505,15.34970,15.50613
3053.44030,-0.60235,1.85197,73.84437,20.50351,22.41682,15.39142,15.53263
3053.45030,-0.62042,1.85553,73.80673,20.47623,22.43373,15.36960,15.52717
3053.46030,-0.61314,1.84939,73.78740,20.47623,22.40262,15.37262,15.53593
3053.47030,-0.59695,1.83573,73.74445,20.47623,22.33349,15.37933,15.55539
3053.48030,-0.61589,1.83079,73.75173,20.46723,22.33073,15.35960,15.59417
3053.49030,-0.60431,1.82783,73.83493,20.48611,22.35057,15.40088,15.59737
3053.50030,-0.57980,1.82158,74.01173,20.52623,22.39273,15.48860,15.60417
3053.51030,-0.58262,1.82024,74.00677,20.51899,22.39273,15.48860,15.60645
3053.52030,-0.61436,1.80791,73.99253,20.44950,22.41393,15.49692,15.63217
3053.53030,-0.61374,1.81876,74.15173,20.49623,22.49473,15.52860,15.63217
3053.54030,-0.61628,1.82370,74.11072,20.49811,22.48513,15.50245,15.62502
3053.55030,-0.62966,1.84816,73.92326,20.50256,22.45126,15.38409,15.58536
3053.56030,-0.64035,1.86179,73.87673,20.48623,22.48473,15.35960,15.54617
3053.57030,-0.64469,1.86701,73.84587,20.48107,22.48883,15.34238,15.53359
3053.58030,-0.66647,1.89315,73.69157,20.45524,22.50936,15.25629,15.47068
3053.59030,-0.67236,1.86902,73.57873,20.39723,22.42373,15.24960,15.50817
3053.60030,-0.67453,1.86979,73.57377,20.39473,22.42582,15.24602,15.50720
3053.61030,-0.69863,1.87833,73.51866,20.36689,22.44912,15.20625,15.49641
3053.62030,-0.71479,1.88406,73.48173,20.34823,22.46473,15.17960,15.48917
3053.63030,-0.69142,1.86911,73.63380,20.39427,22.45904,15.24684,15.53366
3053.64030,-0.67319,1.84423,74.00393,20.45625,22.53169,15.39517,15.62081
3053.65030,-0.67337,1.84366,74.01573,20.45723,22.53573,15.39960,15.62317
3053.66030,-0.69149,1.86306,74.06808,20.49265,22.59372,15.35854,15.62317
3053.67030,-0.68335,1.88537,73.97743,20.52008,22.58596,15.30114,15.57025
3053.68030,-0.66748,1.88785,73.88973,20.51623,22.54673,15.28960,15.53717
3053.69030,-0.69805,1.89448,73.80492,20.48827,22.54673,15.22436,15.54556
3053.70030,-0.70028,1.89496,73.79873,20.48623,22.54673,15.21960,15.54617
3053.71030,-0.69910,1.93520,73.77472,20.54386,22.60531,15.15237,15.47318
3053.72030,-0.68950,1.92821,73.64291,20.48976,22.55973,15.15901,15.43441
3053.73030,-0.68891,1.92767,73.63473,20.48623,22.55673,15.15960,15.43217
3053.74030,-0.69608,1.95544,73.70733,20.53209,22.64308,15.13667,15.39549
3053.75030,-0.69830,1.96400,73.72973,20.54623,22.66973,15.12960,15.38417
3053.76030,-0.69276,1.94443,73.71025,20.53000,22.61127,15.14584,15.42314
3053.77030,-0.67161,1.94736,73.80146,20.61460,22.58954,15.14142,15.45590
3053.78030,-0.66721,1.94901,73.82273,20.63423,22.58773,15.13960,15.46117
3053.79030,-0.68933,1.93397,73.76584,20.53550,22.60446,15.17307,15.45281
3053.80030,-0.67003,1.91078,73.81897,20.52172,22.57424,15.24548,15.47753
3053.81030,-0.65065,1.89417,73.87173,20.52623,22.54673,15.29960,15.49917
3053.82030,-0.64776,1.88722,73.86158,20.53977,22.50477,15.28606,15.53098
3053.83030,-0.62477,1.86732,73.90931,20.57357,22.43425,15.31465,15.58683
3053.84030,-0.61556,1.86025,73.93173,20.58523,22.41273,15.32960,15.60417
3053.85030,-0.64580,1.85515,73.94001,20.52382,22.46241,15.34340,15.61038
3053.86030,-0.65938,1.85286,73.94373,20.49623,22.48473,15.34960,15.61317
3053.87030,-0.66050,1.82824,73.93450,20.45434,22.44142,15.38510,15.65364
3053.88030,-0.65385,1.81925,73.97258,20.45557,22.43313,15.41371,15.67017
3053.89030,-0.64584,1.82046,74.01973,20.47623,22.44373,15.42960,15.67017
3053.90030,-0.65133,1.83129,73.92379,20.47162,22.42782,15.37830,15.64606
3053.91030,-0.66567,1.84175,73.83273,20.45688,22.42360,15.32442,15.62783
3053.92030,-0.67416,1.84190,73.83273,20.44723,22.43373,15.31960,15.63217
3053.93030,-0.67093,1.84066,73.82136,20.44197,22.42836,15.32486,15.62617
3053.94030,-0.64343,1.83007,73.72473,20.39723,22.38273,15.36960,15.57517
3053.95030,-0.65041,1.82023,73.74090,20.39319,22.36432,15.36960,15.61379
3053.96030,-0.66806,1.80779,73.81092,20.39242,22.36542,15.37425,15.67883
3053.97030,-0.67852,1.80736,73.86873,20.39723,22.39273,15.37960,15.69917
3053.98030,-0.67775,1.80476,73.92301,20.41103,22.40193,15.39340,15.71665
3053.99030,-0.67685,1.80171,73.98673,20.42723,22.41273,15.40960,15.73717
3054.00030,-0.67677,1.80316,74.00503,20.43323,22.42203,15.41260,15.73717
3054.01030,-0.67659,1.80637,74.04570,20.44657,22.44269,15.41927,15.73717
3054.02030,-0.67414,1.82333,73.83473,20.36823,22.45373,15.39960,15.61317
3054.03030,-0.67414,1.82333,73.83473,20.36823,22.45373,15.39960,15.61317
3054.04030,-0.66278,1.83524,73.81774,20.40866,22.44201,15.37031,15.59677
3054.05030,-0.68842,1.84512,73.80104,20.37756,22.49541,15.34960,15.57847
3054.06030,-0.70498,1.84584,73.79873,20.34823,22.52573,15.34960,15.57517
3054.07030,-0.70332,1.85500,73.80681,20.36843,22.53987,15.33613,15.56238
3054.08030,-0.70252,1.85944,73.81073,20.37823,22.54673,15.32960,15.55617
3054.09030,-0.70444,1.84379,73.93167,20.40550,22.53904,15.35756,15.62957
3054.10030,-0.68049,1.85229,73.91059,20.43793,22.52193,15.35580,15.59493
3054.11030,-0.66069,1.85857,73.89799,20.46563,22.50725,15.35580,15.56931
3054.12030,-0.63279,1.85672,73.96332,20.52496,22.47992,15.37580,15.58264
3054.13030,-0.62749,1.85021,73.97573,20.49623,22.49473,15.41960,15.56517
3054.14030,-0.62984,1.85169,73.93924,20.48817,22.48639,15.40593,15.55875
3054.15030,-0.64225,1.85952,73.74715,20.44572,22.44250,15.33399,15.52494
3054.16030,-0.64496,1.85430,73.70950,20.42956,22.41991,15.32728,15.53276
3054.17030,-0.64024,1.81724,73.71396,20.38723,22.34499,15.37980,15.60193
3054.18030,-0.61822,1.78413,73.71873,20.34823,22.27973,15.45860,15.63217
3054.19030,-0.61822,1.78413,73.71873,20.34823,22.27973,15.45860,15.63217
3054.20030,-0.64453,1.77853,73.84884,20.35789,22.32717,15.46727,15.69651
3054.21030,-0.62545,1.81578,74.00973,20.48623,22.41273,15.44960,15.66117
3054.22030,-0.62630,1.81666,74.00189,20.48454,22.41273,15.44604,15.65859
3054.23030,-0.63498,1.82565,73.92173,20.46723,22.41273,15.40960,15.63217
3054.24030,-0.63498,1.82565,73.92173,20.46723,22.41273,15.40960,15.63217
3054.25030,-0.64152,1.82665,73.74391,20.41672,22.36331,15.36267,15.60121
3054.26030,-0.62856,1.82799,73.75698,20.41104,22.38093,15.39676,15.56825
3054.27030,-0.61988,1.82889,73.76573,20.40723,22.39273,15.41960,15.54617
3054.28030,-0.61220,1.82586,73.76541,20.41370,22.37624,15.42606,15.54941
3054.29030,-0.56915,1.78764,73.83341,20.40048,22.30516,15.54574,15.58204
3054.30030,-0.56589,1.78378,73.84173,20.39723,22.30073,15.55860,15.58517
3054.31030,-0.60249,1.80480,74.10515,20.50089,22.41770,15.52056,15.66601
3054.32030,-0.60437,1.80588,74.11873,20.50623,22.42373,15.51860,15.67017
3054.33030,-0.56339,1.81072,74.07028,20.55278,22.36483,15.51860,15.63407
3054.34030,-0.60614,1.80346,74.03031,20.47943,22.39147,15.49941,15.66000
3054.35030,-0.60803,1.80315,74.02873,20.47623,22.39273,15.49860,15.66117
3054.36030,-0.59943,1.81845,73.85637,20.47623,22.34248,15.42951,15.60814
3054.37030,-0.59771,1.82231,73.77634,20.44993,22.33489,15.41983,15.57168
3054.38030,-0.59869,1.82097,73.77373,20.43723,22.34173,15.42960,15.56517
3054.39030,-0.59167,1.80882,73.79863,20.40403,22.35003,15.48687,15.55770
3054.40030,-0.59023,1.80633,73.80373,20.39723,22.35173,15.49860,15.55617
3054.41030,-0.61242,1.76401,73.76273,20.33113,22.25718,15.50697,15.66746
3054.42030,-0.58299,1.74650,73.69005,20.30227,22.18749,15.55060,15.64969
3054.43030,-0.57655,1.74474,73.67773,20.29923,22.17773,15.55860,15.64217
3054.44030,-0.57650,1.74344,73.67496,20.29734,22.17382,15.55923,15.64457
3054.45030,-0.57575,1.72485,73.63532,20.27031,22.11796,15.56824,15.67880
3054.46030,-0.58192,1.68904,73.77873,20.25923,22.09573,15.63860,15.78517
3054.47030,-0.57669,1.68440,73.81914,20.25923,22.10389,15.66717,15.78885
3054.48030,-0.56913,1.67768,73.87773,20.25923,22.11573,15.70860,15.79417
3054.49030,-0.56423,1.66993,73.95640,20.27923,22.11573,15.73527,15.82617
3054.50030,-0.56666,1.67297,73.96998,20.26835,22.14427,15.74860,15.80876
3054.51030,-0.56880,1.67599,73.95873,20.25923,22.15673,15.74860,15.79417
3054.52030,-0.54168,1.69150,73.96508,20.30865,22.16126,15.74860,15.74657
3054.53030,-0.52266,1.71253,73.93307,20.35298,22.16673,15.72114,15.69222
3054.54030,-0.55386,1.71784,73.84273,20.31823,22.16673,15.65860,15.69917
3054.55030,-0.54931,1.72588,73.83868,20.32980,22.17887,15.65282,15.67719
3054.56030,-0.54599,1.73174,73.83573,20.33823,22.18773,15.64860,15.66117
3054.57030,-0.54191,1.73716,73.70365,20.33249,22.13489,15.59692,15.63935
3054.58030,-0.55495,1.73100,73.67495,20.30555,22.12539,15.58768,15.65633
3054.59030,-0.56649,1.72368,73.72473,20.28923,22.14673,15.60860,15.68017
3054.60030,-0.55941,1.72236,73.73823,20.29786,22.14160,15.61860,15.68017
3054.61030,-0.52104,1.71543,73.88861,20.37539,22.12817,15.67980,15.70525
3054.62030,-0.53512,1.71836,73.95973,20.39723,22.15673,15.66860,15.73717
3054.63030,-0.53640,1.72431,74.03820,20.41527,22.20318,15.68664,15.73311
3054.64030,-0.53796,1.73155,74.13373,20.43723,22.25973,15.70860,15.72817
3054.65030,-0.55026,1.73974,74.08754,20.43142,22.26554,15.67083,15.71975
3054.66030,-0.57894,1.75882,73.98010,20.41791,22.27905,15.58299,15.70015
3054.67030,-0.53872,1.79281,73.90873,20.49623,22.26973,15.53860,15.60417
3054.68030,-0.56791,1.80216,73.85809,20.46715,22.29979,15.49318,15.59797
3054.69030,-0.62008,1.82309,73.74464,20.41351,22.35545,15.40274,15.57294
3054.70030,-0.60232,1.82666,73.72473,20.42723,22.34173,15.40960,15.54617
3054.71030,-0.60118,1.83846,73.68716,20.43377,22.35153,15.38673,15.51513
3054.72030,-0.59885,1.86282,73.60973,20.44723,22.37173,15.33960,15.45117
3054.73030,-0.59885,1.86282,73.60973,20.44723,22.37173,15.33960,15.45117
3054.74030,-0.61311,1.83450,73.57041,20.38596,22.31875,15.35752,15.50818
3054.75030,-0.61366,1.81793,73.70273,20.41723,22.31073,15.38960,15.58517
3054.76030,-0.61918,1.80871,73.73016,20.41332,22.30074,15.39744,15.61867
3054.77030,-0.64176,1.77029,73.85679,20.39504,22.26790,15.43870,15.75514
3054.78030,-0.64151,1.76731,73.92066,20.38510,22.30508,15.48006,15.75042
3054.79030,-0.64405,1.76579,73.95309,20.37139,22.33261,15.50518,15.74392
3054.80030,-0.65717,1.76842,73.89673,20.33823,22.34173,15.48860,15.72817
3054.81030,-0.65664,1.76887,73.90021,20.33995,22.34349,15.48946,15.72731
3054.82030,-0.64920,1.77534,73.94991,20.36449,22.36864,15.50173,15.71504
3054.83030,-0.68297,1.79871,73.98973,20.37823,22.45373,15.44960,15.70817
3054.84030,-0.67988,1.79798,73.97310,20.37685,22.44312,15.44821,15.70492
3054.85030,-0.64020,1.78800,73.75577,20.35660,22.30530,15.43078,15.66309
3054.86030,-0.67323,1.78514,73.85645,20.32939,22.38149,15.45051,15.69506
3054.87030,-0.68675,1.78398,73.89773,20.31823,22.41273,15.45860,15.70817
3054.88030,-0.68357,1.78033,73.91816,20.31823,22.41273,15.47392,15.71328
3054.89030,-0.68052,1.77684,73.93773,20.31823,22.41273,15.48860,15.71817
3054.90030,-0.68165,1.80503,73.84554,20.36576,22.40322,15.39450,15.68205
3054.91030,-0.66501,1.81729,73.76473,20.39787,22.36397,15.35160,15.65129
3054.92030,-0.65973,1.82070,73.74073,20.40723,22.35173,15.33960,15.64217
3054.93030,-0.67449,1.79692,73.84616,20.39134,22.35173,15.38144,15.72166
3054.94030,-0.68537,1.80027,73.79188,20.38823,22.33426,15.33970,15.72969
3054.95030,-0.70414,1.79452,73.72014,20.33164,22.33073,15.32960,15.72817
3054.96030,-0.74044,1.76996,73.70533,20.24368,22.33073,15.34860,15.78232
3054.97030,-0.74230,1.76869,73.70473,20.23923,22.33073,15.34960,15.78517
3054.98030,-0.70388,1.76518,73.72333,20.27643,22.29291,15.38680,15.76719
3054.99030,-0.69990,1.76276,73.75680,20.28792,22.29292,15.39828,15.77767
3055.00030,-0.71490,1.76256,73.77373,20.27923,22.31073,15.38960,15.79417
3055.01030,-0.70285,1.76074,73.79791,20.29535,22.30267,15.40572,15.79417
3055.02030,-0.71095,1.75338,73.84252,20.29923,22.30073,15.40960,15.83296
3055.03030,-0.68054,1.74796,73.89779,20.34609,22.26817,15.44136,15.84217
3055.04030,-0.69033,1.75694,74.04004,20.38267,22.34280,15.45693,15.85765
3055.05030,-0.69451,1.75921,74.06973,20.38823,22.36173,15.45860,15.86117
3055.06030,-0.67065,1.77558,74.10425,20.45315,22.36994,15.45120,15.82995
3055.07030,-0.73477,1.80789,73.81024,20.35210,22.40569,15.30051,15.75194
3055.08030,-0.74921,1.81388,73.74773,20.32823,22.41273,15.26960,15.73717
3055.09030,-0.74967,1.82997,73.64177,20.31302,22.41850,15.23288,15.67737
3055.10030,-0.75009,1.84460,73.54573,20.29923,22.42373,15.19960,15.62317
3055.11030,-0.77129,1.82995,73.50768,20.26525,22.38839,15.17921,15.67482
3055.12030,-0.77758,1.82363,73.53475,20.27724,22.37173,15.16960,15.71619
3055.13030,-0.77205,1.82451,73.60195,20.31904,22.37173,15.16960,15.74159
3055.14030,-0.72917,1.80971,73.83451,20.39116,22.38658,15.28273,15.77404
3055.15030,-0.70928,1.79729,73.95077,20.41723,22.38757,15.34680,15.79918
3055.16030,-0.70549,1.78850,73.98745,20.41723,22.38030,15.37102,15.81890
3055.17030,-0.70169,1.77973,74.02413,20.41723,22.37303,15.39524,15.83862
3055.18030,-0.72256,1.78635,74.10697,20.43803,22.42163,15.37881,15.86851
3055.19030,-0.74340,1.80368,74.09530,20.44723,22.46202,15.32830,15.85775
3055.20030,-0.76972,1.82534,73.90857,20.39660,22.47473,15.24385,15.79339
3055.21030,-0.79109,1.83937,73.72973,20.33823,22.47473,15.17960,15.73717
3055.22030,-0.77155,1.84837,73.66073,20.35823,22.44373,15.15960,15.69917
3055.23030,-0.75570,1.86245,73.60488,20.37252,22.44244,15.14531,15.64460
3055.24030,-0.75850,1.86625,73.61473,20.36823,22.46473,15.14960,15.63217
3055.25030,-0.76000,1.87334,73.63894,20.37280,22.49715,15.15417,15.61482
3055.26030,-0.76178,1.88178,73.66773,20.37823,22.53573,15.15960,15.59417
3055.27030,-0.73738,1.88090,73.72298,20.42053,22.52278,15.18549,15.59417
3055.28030,-0.71593,1.87889,73.87088,20.50356,22.51939,15.21049,15.63744
3055.29030,-0.72861,1.87787,73.96073,20.53623,22.53573,15.19960,15.68917
3055.30030,-0.71293,1.87360,73.95291,20.52703,22.52653,15.23180,15.66755
3055.31030,-0.70911,1.87160,73.91049,20.51623,22.50616,15.22861,15.65948
3055.32030,-0.72656,1.87522,73.87073,20.51623,22.49473,15.17960,15.68017
3055.33030,-0.72729,1.86848,73.86775,20.49567,22.49175,15.19748,15.68286
3055.34030,-0.72891,1.85352,73.86113,20.44998,22.48512,15.23722,15.68882
