time_s,cop_x_cm,cop_y_cm,mass_kg,tr_kg,tl_kg,br_kg,bl_kg
3219.61720,0.42147,-4.80352,81.72273,11.80423,11.83973,29.85260,28.22617
3219.62720,0.43803,-4.80854,81.78494,11.81211,11.83185,29.90772,28.23326
3219.63720,0.44250,-4.80989,81.80173,11.81423,11.82973,29.92260,28.23517
3219.64720,0.43428,-4.80099,81.85413,11.83719,11.85386,29.91083,28.25225
3219.65720,0.40811,-4.78064,81.79748,11.86904,11.87863,29.80065,28.24916
3219.66720,0.40268,-4.77688,81.77273,11.87323,11.88073,29.77360,28.24517
3219.67720,0.39107,-4.76873,81.84753,11.89788,11.90708,29.76510,28.27747
3219.68720,0.38902,-4.76729,81.86073,11.90223,11.91173,29.76360,28.28317
3219.69720,0.34472,-4.79056,81.78516,11.83281,11.87570,29.71087,28.36578
3219.70720,0.33865,-4.80014,81.70895,11.78991,11.86218,29.70360,28.35325
3219.71720,0.33865,-4.80122,81.69773,11.78423,11.86073,29.70360,28.34917
3219.72720,0.33185,-4.79954,81.70625,11.77572,11.87776,29.70360,28.34917
3219.73720,0.32426,-4.79260,81.78814,11.79146,11.91059,29.71509,28.37100
3219.74720,0.31952,-4.78769,81.84773,11.80423,11.93273,29.72360,28.38717
3219.75720,0.32017,-4.79695,81.72977,11.77493,11.89463,29.69429,28.36593
3219.76720,0.32041,-4.80033,81.68673,11.76423,11.88073,29.68360,28.35817
3219.77720,0.32704,-4.81724,81.66356,11.73508,11.84261,29.71350,28.37238
3219.78720,0.31716,-4.80871,81.68469,11.76162,11.85275,29.67905,28.39128
3219.79720,0.31296,-4.80377,81.69473,11.77423,11.86073,29.66360,28.39617
3219.80720,0.29637,-4.81782,81.67377,11.71786,11.86073,29.67806,28.41713
3219.81720,0.29001,-4.82321,81.66573,11.69623,11.86073,29.68360,28.42517
3219.82720,0.28592,-4.82414,81.65163,11.67397,11.87557,29.69102,28.41107
3219.83720,0.29113,-4.82271,81.70932,11.69554,11.87576,29.70850,28.42952
3219.84720,0.29784,-4.82094,81.77273,11.72523,11.87073,29.72360,28.45317
3219.85720,0.28732,-4.81894,81.71323,11.71523,11.87073,29.68360,28.44367
3219.86720,0.30670,-4.81302,81.67585,11.73883,11.85754,29.67762,28.40185
3219.87720,0.34710,-4.80773,81.70573,11.78423,11.83973,29.72360,28.35817
3219.88720,0.34542,-4.80896,81.72286,11.77318,11.85133,29.74018,28.35817
3219.89720,0.36592,-4.80702,81.73323,11.77923,11.85523,29.77810,28.32067
3219.90720,0.38779,-4.80409,81.72973,11.79423,11.84973,29.80260,28.28317
3219.91720,0.39085,-4.80968,81.72823,11.79423,11.82923,29.80760,28.29717
3219.92720,0.39390,-4.81528,81.72673,11.79423,11.80873,29.81260,28.31117
3219.93720,0.38725,-4.81415,81.73173,11.78923,11.81923,29.80760,28.31567
3219.94720,0.38930,-4.82737,81.69207,11.76790,11.78173,29.81260,28.32984
3219.95720,0.40670,-4.85613,81.60273,11.73523,11.68573,29.83260,28.34917
3219.96720,0.40528,-4.84993,81.64453,11.74625,11.70891,29.84020,28.34917
3219.97720,0.41145,-4.83612,81.74845,11.76803,11.76649,29.88300,28.33093
3219.98720,0.42527,-4.83008,81.80673,11.77423,11.79873,29.93260,28.30117
3219.99720,0.42564,-4.83415,81.77557,11.77043,11.77897,29.92120,28.30497
3220.00720,0.42623,-4.84079,81.72473,11.76423,11.74673,29.90260,28.31117
3220.01720,0.42647,-4.84449,81.71176,11.75807,11.73588,29.90260,28.31521
3220.02720,0.42711,-4.85451,81.67670,11.74140,11.70657,29.90260,28.32613
3220.03720,0.40641,-4.85599,81.71313,11.72092,11.73224,29.90260,28.35738
3220.04720,0.39869,-4.85350,81.74079,11.71783,11.75219,29.90520,28.36557
3220.05720,0.41194,-4.85293,81.74786,11.72293,11.75116,29.92871,28.34506
3220.06720,0.45077,-4.86629,81.69473,11.71523,11.69573,29.98260,28.30117
3220.07720,0.44475,-4.86325,81.69248,11.71773,11.70348,29.96760,28.30367
3220.08720,0.42670,-4.85412,81.68573,11.72523,11.72673,29.92260,28.31117
3220.09720,0.42937,-4.85392,81.70133,11.72523,11.73193,29.93560,28.30857
3220.10720,0.44190,-4.85404,81.75249,11.74057,11.73087,29.97000,28.31105
3220.11720,0.45590,-4.85599,81.77173,11.78423,11.68573,29.96260,28.33917
3220.12720,0.45839,-4.85820,81.79084,11.78178,11.68573,29.97950,28.34383
3220.13720,0.46605,-4.86501,81.84973,11.77423,11.68573,30.03160,28.35817
3220.14720,0.46605,-4.86501,81.84973,11.77423,11.68573,30.03160,28.35817
3220.15720,0.45237,-4.86801,81.94688,11.75996,11.71706,30.06960,28.40026
3220.16720,0.46530,-4.84369,81.79573,11.79423,11.72673,29.98260,28.29217
3220.17720,0.46530,-4.84369,81.79573,11.79423,11.72673,29.98260,28.29217
3220.18720,0.42516,-4.87451,81.67721,11.67681,11.69967,29.96379,28.33695
3220.19720,0.44638,-4.87256,81.76973,11.75523,11.65473,29.97260,28.38717
3220.20720,0.44606,-4.87028,81.76937,11.75735,11.66070,29.96969,28.38164
3220.21720,0.44309,-4.84951,81.76606,11.77655,11.71500,29.94320,28.33131
3220.22720,0.44191,-4.84121,81.76473,11.78423,11.73673,29.93260,28.31117
3220.23720,0.43205,-4.85591,81.74494,11.73573,11.72683,29.95240,28.32998
3220.24720,0.45455,-4.83102,81.77673,11.81423,11.74673,29.93260,28.28317
3220.25720,0.45455,-4.83102,81.77673,11.81423,11.74673,29.93260,28.28317
3220.26720,0.44612,-4.83007,81.68792,11.77595,11.76280,29.90963,28.23953
3220.27720,0.45900,-4.80993,81.77175,11.85877,11.77640,29.89393,28.24265
3220.28720,0.46137,-4.80689,81.78873,11.87323,11.77773,29.89260,28.24517
3220.29720,0.44815,-4.81873,81.67111,11.79682,11.77773,29.88401,28.21255
3220.30720,0.45921,-4.81674,81.60283,11.80110,11.76086,29.86574,28.17513
3220.31720,0.46167,-4.81601,81.59373,11.80423,11.75773,29.86260,28.16917
3220.32720,0.45054,-4.81015,81.55088,11.80423,11.76630,29.81974,28.16060
3220.33720,0.44868,-4.80917,81.54373,11.80423,11.76773,29.81260,28.15917
3220.34720,0.45358,-4.81276,81.52567,11.80423,11.74967,29.81260,28.15917
3220.35720,0.42762,-4.81771,81.52386,11.76519,11.77049,29.80185,28.18633
3220.36720,0.40709,-4.82106,81.52473,11.73523,11.78873,29.79360,28.20717
3220.37720,0.44556,-4.81521,81.56637,11.79508,11.76184,29.82743,28.18202
3220.38720,0.45144,-4.81431,81.57273,11.80423,11.75773,29.83260,28.17817
3220.39720,0.45027,-4.82648,81.56709,11.76528,11.75152,29.86647,28.18382
3220.40720,0.44805,-4.82766,81.58359,11.77513,11.74219,29.86086,28.20540
3220.41720,0.44647,-4.81777,81.60873,11.82323,11.73673,29.82260,28.22617
3220.42720,0.46656,-4.82804,81.61779,11.78910,11.73673,29.89923,28.19274
3220.43720,0.46351,-4.82914,81.70774,11.78146,11.76636,29.94706,28.21287
3220.44720,0.45899,-4.82785,81.74073,11.78423,11.77773,29.95260,28.22617
3220.45720,0.45254,-4.83989,81.60812,11.75566,11.72497,29.90131,28.22617
3220.46720,0.45018,-4.84429,81.55973,11.74523,11.70573,29.88260,28.22617
3220.47720,0.44753,-4.85420,81.64490,11.72875,11.71122,29.93755,28.26738
3220.48720,0.42835,-4.85300,81.74365,11.73259,11.74002,29.94789,28.32315
3220.49720,0.41596,-4.84623,81.76473,11.74523,11.75773,29.92260,28.33917
3220.50720,0.41614,-4.85012,81.76404,11.73833,11.75048,29.92950,28.34573
3220.51720,0.41646,-4.85671,81.76287,11.72664,11.73820,29.94120,28.35684
3220.52720,0.42274,-4.85956,81.78847,11.71693,11.74503,29.97581,28.35070
3220.53720,0.42402,-4.85998,81.79373,11.71523,11.74673,29.98260,28.34917
3220.54720,0.41999,-4.86880,81.72500,11.68130,11.72933,29.97390,28.34047
3220.55720,0.41939,-4.87012,81.71473,11.67623,11.72673,29.97260,28.33917
3220.56720,0.45351,-4.87758,81.79778,11.74445,11.65554,30.01116,28.38663
3220.57720,0.43312,-4.86493,81.74438,11.72582,11.70423,29.96404,28.35029
3220.58720,0.42376,-4.86719,81.72944,11.70197,11.71570,29.96260,28.34917
3220.59720,0.42373,-4.85916,81.76370,11.71454,11.74176,29.96745,28.33996
3220.60720,0.43396,-4.84753,81.81573,11.75523,11.75773,29.97260,28.33017
3220.61720,0.42206,-4.85882,81.75823,11.70818,11.74775,29.96785,28.33445
3220.62720,0.40889,-4.87131,81.69473,11.65623,11.73673,29.96260,28.33917
3220.63720,0.41288,-4.87496,81.68991,11.65165,11.72684,29.97225,28.33917
3220.64720,0.42119,-4.88258,81.67986,11.64210,11.70623,29.99235,28.33917
3220.65720,0.43578,-4.87310,81.67173,11.70523,11.67473,29.95260,28.33917
3220.66720,0.44060,-4.87856,81.65461,11.69510,11.66040,29.96309,28.33603
3220.67720,0.44334,-4.88931,81.61937,11.66613,11.64080,29.97923,28.33320
3220.68720,0.43106,-4.89045,81.61273,11.64623,11.65473,29.97260,28.33917
3220.69720,0.42424,-4.88532,81.65230,11.66455,11.66608,29.96161,28.36005
3220.70720,0.41247,-4.87646,81.72073,11.69623,11.68573,29.94260,28.39617
3220.71720,0.41370,-4.87857,81.73779,11.69825,11.68101,29.95158,28.40695
3220.72720,0.41740,-4.88497,81.78950,11.70438,11.66673,29.97879,28.43960
3220.73720,0.40389,-4.85880,81.84873,11.75523,11.72673,29.93260,28.43417
3220.74720,0.40465,-4.86075,81.82259,11.75048,11.71698,29.92547,28.42966
3220.75720,0.40700,-4.86612,81.74356,11.73523,11.69033,29.90490,28.41310
3220.76720,0.40672,-4.86312,81.75973,11.73523,11.70573,29.91260,28.40617
3220.77720,0.39410,-4.86207,81.74823,11.72626,11.71516,29.89190,28.41491
3220.78720,0.35185,-4.85856,81.70973,11.69623,11.74673,29.82260,28.44417
3220.79720,0.35185,-4.85856,81.70973,11.69623,11.74673,29.82260,28.44417
3220.80720,0.34151,-4.84080,81.81903,11.74323,11.79483,29.81160,28.46937
3220.81720,0.32650,-4.83073,81.82173,11.72523,11.84973,29.80260,28.44417
3220.82720,0.32805,-4.82989,81.82767,11.72996,11.84973,29.80381,28.44417
3220.83720,0.34109,-4.82463,81.86895,11.76423,11.84624,29.81515,28.44332
3220.84720,0.35515,-4.83099,81.85522,11.76423,11.81945,29.83476,28.43679
3220.85720,0.36077,-4.83353,81.84973,11.76423,11.80873,29.84260,28.43417
3220.86720,0.37687,-4.83830,81.73211,11.77404,11.74795,29.80339,28.40673
3220.87720,0.37720,-4.83840,81.72973,11.77423,11.74673,29.80260,28.40617
3220.88720,0.37676,-4.83735,81.79342,11.76897,11.77410,29.83944,28.41091
3220.89720,0.37720,-4.83497,81.84538,11.76540,11.80117,29.87027,28.40855
3220.90720,0.38347,-4.82407,81.80473,11.77423,11.81973,29.85260,28.35817
3220.91720,0.38618,-4.82199,81.80133,11.78444,11.81598,29.84580,28.35511
3220.92720,0.38612,-4.82027,81.78704,11.79724,11.80523,29.82561,28.35896
3220.93720,0.37620,-4.82456,81.77273,11.78423,11.79873,29.81260,28.37717
3220.94720,0.36131,-4.82876,81.72035,11.72947,11.82333,29.81260,28.35495
3220.95720,0.35743,-4.82985,81.70673,11.71523,11.82973,29.81260,28.34917
3220.96720,0.36524,-4.82561,81.67916,11.72974,11.82247,29.79882,28.32813
3220.97720,0.36928,-4.84289,81.55918,11.68155,11.77426,29.79360,28.30977
3220.98720,0.37017,-4.85852,81.46873,11.63723,11.73673,29.79360,28.30117
3220.99720,0.36604,-4.85062,81.59789,11.69513,11.74415,29.79360,28.36501
3221.00720,0.34142,-4.85521,81.58407,11.66400,11.75489,29.77132,28.39386
3221.01720,0.33337,-4.85775,81.56373,11.64623,11.75773,29.76360,28.39617
3221.02720,0.32901,-4.85492,81.60948,11.64623,11.78098,29.77860,28.40367
3221.03720,0.32755,-4.85398,81.62473,11.64623,11.78873,29.78360,28.40617
3221.04720,0.32785,-4.85853,81.60188,11.63519,11.77692,29.78360,28.40617
3221.05720,0.32939,-4.85679,81.61909,11.64079,11.78249,29.78964,28.40617
3221.06720,0.33008,-4.85080,81.65473,11.65623,11.79873,29.79360,28.40617
3221.07720,0.32771,-4.85884,81.60504,11.64472,11.76721,29.77542,28.41769
3221.08720,0.33225,-4.86632,81.64606,11.63723,11.75967,29.81228,28.43688
3221.09720,0.33603,-4.86772,81.69173,11.63723,11.76773,29.84260,28.44417
3221.10720,0.32277,-4.87035,81.66025,11.63723,11.74931,29.80161,28.47209
3221.11720,0.31371,-4.87214,81.63873,11.63723,11.73673,29.77360,28.49117
3221.12720,0.30850,-4.87375,81.59894,11.60111,11.75571,29.77972,28.46240
3221.13720,0.29534,-4.87735,81.66592,11.57008,11.79302,29.81990,28.48292
3221.14720,0.28106,-4.88109,81.79973,11.55823,11.82973,29.87260,28.53917
3221.15720,0.30557,-4.88197,81.73618,11.58686,11.77976,29.85805,28.51152
3221.16720,0.31445,-4.88617,81.67634,11.60298,11.73148,29.82834,28.51354
3221.17720,0.29551,-4.88977,81.68473,11.58723,11.73673,29.81260,28.54817
3221.18720,0.30909,-4.88223,81.69097,11.61123,11.74153,29.81740,28.52081
3221.19720,0.32381,-4.87406,81.69773,11.63723,11.74673,29.82260,28.49117
3221.20720,0.31937,-4.88047,81.61525,11.61419,11.72323,29.79541,28.48242
3221.21720,0.30659,-4.89237,81.59358,11.57350,11.71515,29.80102,28.50391
3221.22720,0.29819,-4.89723,81.67673,11.55823,11.73673,29.84260,28.53917
3221.23720,0.29904,-4.89064,81.68170,11.57251,11.74749,29.83246,28.52924
3221.24720,0.30143,-4.87233,81.69549,11.61216,11.77737,29.80430,28.50166
3221.25720,0.28493,-4.87463,81.67144,11.59998,11.77442,29.77316,28.52388
3221.26720,0.27678,-4.87896,81.65773,11.58723,11.76773,29.76360,28.53917
3221.27720,0.29733,-4.87852,81.64913,11.60443,11.74967,29.78080,28.51423
3221.28720,0.30068,-4.87844,81.64773,11.60723,11.74673,29.78360,28.51017
3221.29720,0.25838,-4.92297,81.48801,11.43775,11.71139,29.79251,28.54636
3221.30720,0.24394,-4.90537,81.64573,11.49923,11.75773,29.78360,28.60517
3221.31720,0.24582,-4.90336,81.61955,11.50166,11.75506,29.77148,28.59136
3221.32720,0.25160,-4.89645,81.59095,11.51889,11.75440,29.75068,28.56699
3221.33720,0.25130,-4.89463,81.75273,11.54823,11.77773,29.80260,28.62417
3221.34720,0.25130,-4.89463,81.75273,11.54823,11.77773,29.80260,28.62417
3221.35720,0.25250,-4.90827,81.53473,11.50923,11.70573,29.73360,28.58617
3221.36720,0.25250,-4.90827,81.53473,11.50923,11.70573,29.73360,28.58617
3221.37720,0.27849,-4.92187,81.44209,11.47428,11.66574,29.77057,28.53150
3221.38720,0.29920,-4.90347,81.40073,11.51923,11.67473,29.74360,28.46317
3221.39720,0.29860,-4.90540,81.41004,11.51619,11.67351,29.75023,28.47011
3221.40720,0.29194,-4.92687,81.51342,11.48241,11.66000,29.82388,28.54713
3221.41720,0.28594,-4.93474,81.62174,11.48326,11.66174,29.86662,28.61013
3221.42720,0.28449,-4.93453,81.65073,11.48923,11.66473,29.87260,28.62417
3221.43720,0.29206,-4.93967,81.54788,11.45139,11.65502,29.87260,28.56887
3221.44720,0.29230,-4.93983,81.54473,11.45023,11.65473,29.87260,28.56717
3221.45720,0.33107,-4.94550,81.57443,11.45914,11.63394,29.95179,28.52956
3221.46720,0.36313,-4.95298,81.59238,11.49844,11.57295,29.98201,28.53898
3221.47720,0.36377,-4.95313,81.59273,11.49923,11.57173,29.98260,28.53917
3221.48720,0.36959,-4.96565,81.51121,11.43142,11.57173,30.01993,28.48813
3221.49720,0.39633,-4.96930,81.47629,11.45230,11.52794,30.03160,28.46445
3221.50720,0.40043,-4.96926,81.47473,11.45923,11.52073,30.03160,28.46317
3221.51720,0.41867,-4.97147,81.44243,11.45158,11.51138,30.05710,28.42237
3221.52720,0.42189,-4.97186,81.43673,11.45023,11.50973,30.06160,28.41517
3221.53720,0.42320,-4.97113,81.52103,11.46275,11.52356,30.09453,28.44020
3221.54720,0.45057,-4.96375,81.56731,11.50363,11.52213,30.12880,28.41275
3221.55720,0.45492,-4.96261,81.56773,11.50923,11.52073,30.13160,28.40617
3221.56720,0.43908,-4.96539,81.54193,11.47483,11.53793,30.12300,28.40617
3221.57720,0.44500,-4.96457,81.58297,11.48040,11.54687,30.14952,28.40617
3221.58720,0.45172,-4.96356,81.61873,11.48923,11.55173,30.17160,28.40617
3221.59720,0.46825,-4.97324,81.63065,11.50413,11.50554,30.19395,28.42703
3221.60720,0.47390,-4.97655,81.63473,11.50923,11.48973,30.20160,28.43417
3221.61720,0.47390,-4.97655,81.63473,11.50923,11.48973,30.20160,28.43417
3221.62720,0.46769,-4.98278,81.49441,11.43303,11.50413,30.19440,28.36285
3221.63720,0.46327,-4.98242,81.49973,11.43023,11.50973,30.19160,28.36817
3221.64720,0.46327,-4.98242,81.49973,11.43023,11.50973,30.19160,28.36817
3221.65720,0.45879,-4.96038,81.37646,11.44885,11.53507,30.10160,28.29093
3221.66720,0.46826,-4.96861,81.32473,11.44023,11.49973,30.10160,28.28317
3221.67720,0.45930,-4.96026,81.28665,11.42663,11.53237,30.07893,28.24872
3221.68720,0.44849,-4.95017,81.24073,11.41023,11.57173,30.05160,28.20717
3221.69720,0.46904,-4.94828,81.30109,11.44678,11.55900,30.08445,28.21087
3221.70720,0.49957,-4.95048,81.38064,11.48522,11.53523,30.14402,28.21617
3221.71720,0.50459,-4.97323,81.34773,11.42023,11.50973,30.20160,28.21617
3221.72720,0.49278,-4.96638,81.40049,11.42983,11.53946,30.19680,28.23440
3221.73720,0.48569,-4.97375,81.41755,11.41132,11.53645,30.21071,28.25907
3221.74720,0.49164,-4.98917,81.37573,11.38123,11.49973,30.23060,28.26417
3221.75720,0.48721,-4.98958,81.38096,11.38123,11.49973,30.22494,28.27506
3221.76720,0.46111,-4.99201,81.41173,11.38123,11.49973,30.19160,28.33917
3221.77720,0.46033,-4.98255,81.41461,11.38603,11.52949,30.18680,28.31229
3221.78720,0.46073,-4.97612,81.40685,11.39123,11.54509,30.17840,28.29213
3221.79720,0.46334,-4.98404,81.38419,11.39123,11.51042,30.17173,28.31080
3221.80720,0.44694,-4.99495,81.38231,11.35601,11.50617,30.17516,28.34497
3221.81720,0.41275,-5.01293,81.34980,11.28577,11.50313,30.16459,28.39631
3221.82720,0.40426,-5.01003,81.29173,11.27323,11.50973,30.13160,28.37717
3221.83720,0.41386,-5.00855,81.30958,11.27975,11.51350,30.15219,28.36413
3221.84720,0.43222,-5.00571,81.34373,11.29223,11.52073,30.19160,28.33917
3221.85720,0.43570,-5.00812,81.34968,11.28893,11.51710,30.20447,28.33917
3221.86720,0.43299,-5.01763,81.36152,11.26567,11.50973,30.22869,28.35743
3221.87720,0.40146,-5.03255,81.36084,11.21225,11.50973,30.22252,28.41634
3221.88720,0.40100,-5.03237,81.34457,11.21767,11.50039,30.20794,28.41857
3221.89720,0.41354,-5.02118,81.28329,11.26968,11.47117,30.14827,28.39417
3221.90720,0.40682,-5.01068,81.26073,11.29223,11.47973,30.10160,28.38717
3221.91720,0.40492,-5.00914,81.25912,11.28786,11.48916,30.10160,28.38050
3221.92720,0.39859,-5.00396,81.25373,11.27323,11.52073,30.10160,28.35817
3221.93720,0.39859,-5.00396,81.25373,11.27323,11.52073,30.10160,28.35817
3221.94720,0.35166,-5.00624,81.28930,11.27945,11.51637,30.02539,28.46810
3221.95720,0.34910,-4.99376,81.29873,11.30223,11.54073,30.00260,28.45317
3221.96720,0.34910,-4.99376,81.29873,11.30223,11.54073,30.00260,28.45317
3221.97720,0.34617,-4.98825,81.19414,11.29246,11.54073,29.95372,28.40723
3221.98720,0.33587,-4.99050,81.15073,11.29223,11.52073,29.91260,28.42517
3221.99720,0.33587,-4.99050,81.15073,11.29223,11.52073,29.91260,28.42517
3222.00720,0.30080,-4.97822,81.18373,11.26323,11.60273,29.89260,28.42517
3222.01720,0.30165,-4.97847,81.18418,11.26443,11.60077,29.89323,28.42574
3222.02720,0.30880,-4.98054,81.18786,11.27443,11.58445,29.89849,28.43048
3222.03720,0.30777,-5.00817,81.16812,11.24618,11.50878,29.91482,28.49834
3222.04720,0.30358,-5.02473,81.15373,11.22323,11.46873,29.92260,28.53917
3222.05720,0.26812,-4.98171,81.28503,11.27222,11.60982,29.87361,28.52938
3222.06720,0.26722,-5.01541,81.27441,11.22698,11.53197,29.91180,28.60365
3222.07720,0.26717,-5.02493,81.27073,11.21423,11.50973,29.92260,28.62417
3222.08720,0.28607,-5.00632,81.31325,11.25192,11.55031,29.94193,28.56909
3222.09720,0.28673,-5.00567,81.31473,11.25323,11.55173,29.94260,28.56717
3222.10720,0.26117,-5.00552,81.31277,11.25323,11.55173,29.89360,28.61421
3222.11720,0.28106,-5.00054,81.31176,11.29107,11.53135,29.89260,28.59674
3222.12720,0.28168,-5.00039,81.31173,11.29223,11.53073,29.89260,28.59617
3222.13720,0.28473,-5.01134,81.24549,11.25479,11.51057,29.90220,28.57793
3222.14720,0.28486,-5.01179,81.24273,11.25323,11.50973,29.90260,28.57717
3222.15720,0.25531,-4.99564,81.32170,11.25323,11.58947,29.88712,28.59188
3222.16720,0.26208,-5.00992,81.23615,11.26192,11.50588,29.84785,28.62050
3222.17720,0.26441,-5.01279,81.21973,11.26323,11.48973,29.84260,28.62417
3222.18720,0.25310,-4.98301,81.31104,11.27960,11.60515,29.85121,28.57507
3222.19720,0.23518,-4.97968,81.26224,11.27127,11.61161,29.80123,28.57814
3222.20720,0.22337,-4.98075,81.21573,11.26323,11.60273,29.76360,28.58617
3222.21720,0.22333,-4.98387,81.22993,11.24903,11.60983,29.78490,28.58617
3222.22720,0.22792,-4.99439,81.24733,11.25772,11.56853,29.79360,28.62747
3222.23720,0.22967,-4.99791,81.25173,11.26323,11.55173,29.79360,28.64317
3222.24720,0.22499,-4.98934,81.29975,11.27871,11.58030,29.79360,28.64714
3222.25720,0.21789,-4.97633,81.37273,11.30223,11.62373,29.79360,28.65317
3222.26720,0.21641,-4.97099,81.39008,11.32017,11.62971,29.78164,28.65856
3222.27720,0.21643,-4.96472,81.35082,11.33223,11.62897,29.74981,28.63981
3222.28720,0.21756,-4.96175,81.29473,11.33223,11.62373,29.72360,28.61517
3222.29720,0.20705,-4.95598,81.36265,11.33223,11.66351,29.73815,28.62876
3222.30720,0.19093,-4.95426,81.40622,11.31798,11.69622,29.74410,28.64793
3222.31720,0.18542,-4.95911,81.37473,11.30223,11.68573,29.73360,28.65317
3222.32720,0.19649,-4.94565,81.38960,11.34492,11.69532,29.71921,28.63015
3222.33720,0.20849,-4.93104,81.40573,11.39123,11.70573,29.70360,28.60517
3222.34720,0.19240,-4.94320,81.30502,11.33896,11.68606,29.67482,28.60517
3222.35720,0.17120,-4.95206,81.29519,11.31571,11.67491,29.65330,28.65126
3222.36720,0.16728,-4.94745,81.40073,11.35123,11.68573,29.66360,28.70017
3222.37720,0.16635,-4.94384,81.38431,11.34636,11.69882,29.65847,28.68067
3222.38720,0.16443,-4.93633,81.35008,11.33620,11.72609,29.64777,28.64002
3222.39720,0.14572,-4.93663,81.29483,11.29588,11.74967,29.62512,28.62417
3222.40720,0.13451,-4.93865,81.26873,11.27323,11.75773,29.61360,28.62417
3222.41720,0.14238,-4.94607,81.28001,11.27957,11.72814,29.62769,28.64461
3222.42720,0.14567,-4.94918,81.28473,11.28223,11.71573,29.63360,28.65317
3222.43720,0.15393,-4.93797,81.13413,11.29949,11.69573,29.55600,28.58291
3222.44720,0.16880,-4.93794,81.17873,11.31223,11.69573,29.59360,28.57717
3222.45720,0.15902,-4.92720,81.22222,11.32613,11.73244,29.58326,28.58038
3222.46720,0.14139,-4.90782,81.30073,11.35123,11.79873,29.56460,28.58617
3222.47720,0.15416,-4.90633,81.31849,11.37676,11.78356,29.57200,28.58617
3222.48720,0.17812,-4.90576,81.36301,11.41732,11.75773,29.59888,28.58909
3222.49720,0.18351,-4.91051,81.39773,11.41023,11.75773,29.63360,28.59617
3222.50720,0.18710,-4.91189,81.37596,11.40601,11.75084,29.63360,28.58551
3222.51720,0.19176,-4.92023,81.27861,11.37269,11.72673,29.62656,28.55263
3222.52720,0.16580,-4.93171,81.20973,11.31223,11.72673,29.60360,28.56717
3222.53720,0.16860,-4.92470,81.25444,11.33529,11.74131,29.60831,28.56953
3222.54720,0.17765,-4.90199,81.39973,11.41023,11.78873,29.62360,28.57717
3222.55720,0.17678,-4.90575,81.38460,11.39960,11.78164,29.62496,28.57840
3222.56720,0.17313,-4.92142,81.32153,11.35528,11.75209,29.63065,28.58351
3222.57720,0.17349,-4.92647,81.29824,11.34126,11.74148,29.63360,28.58190
3222.58720,0.17599,-4.92304,81.30873,11.35123,11.74673,29.63360,28.57717
3222.59720,0.16409,-4.91561,81.27916,11.34083,11.77520,29.60677,28.55636
3222.60720,0.18879,-4.90745,81.18373,11.37123,11.74673,29.57460,28.49117
3222.61720,0.19002,-4.90771,81.19076,11.37024,11.74881,29.58143,28.49028
3222.62720,0.20115,-4.91004,81.25473,11.36123,11.76773,29.64360,28.48217
3222.63720,0.19906,-4.91056,81.24812,11.35940,11.76580,29.63818,28.48474
3222.64720,0.17929,-4.91510,81.17938,11.34196,11.74753,29.58387,28.50602
3222.65720,0.18749,-4.90876,81.14892,11.34858,11.75481,29.57725,28.46827
3222.66720,0.19077,-4.90622,81.13673,11.35123,11.75773,29.57460,28.45317
3222.67720,0.20964,-4.90601,81.16573,11.39123,11.72673,29.58460,28.46317
3222.68720,0.22149,-4.89173,81.37266,11.43975,11.78811,29.66282,28.48199
3222.69720,0.22160,-4.89159,81.37473,11.44023,11.78873,29.66360,28.48217
3222.70720,0.21472,-4.87858,81.35339,11.44814,11.82113,29.63199,28.45214
3222.71720,0.21290,-4.87513,81.34773,11.45023,11.82973,29.62360,28.44417
3222.72720,0.22334,-4.89707,81.33759,11.41401,11.78481,29.67431,28.46446
3222.73720,0.21925,-4.89624,81.37843,11.42258,11.79082,29.67870,28.48633
3222.74720,0.21650,-4.89311,81.39373,11.43023,11.79873,29.67360,28.49117
3222.75720,0.22048,-4.90467,81.46359,11.41598,11.79160,29.73063,28.52539
3222.76720,0.23404,-4.91636,81.34828,11.38922,11.74381,29.72462,28.49063
3222.77720,0.23860,-4.91904,81.29373,11.38123,11.72673,29.71360,28.47217
3222.78720,0.23468,-4.92134,81.32260,11.36680,11.74116,29.73525,28.47939
3222.79720,0.23316,-4.92223,81.33373,11.36123,11.74673,29.74360,28.48217
3222.80720,0.25680,-4.93088,81.23153,11.36123,11.68687,29.73630,28.44713
3222.81720,0.26902,-4.93954,81.26746,11.34006,11.68736,29.79857,28.44147
3222.82720,0.27029,-4.94156,81.29473,11.33223,11.69573,29.82260,28.44417
3222.83720,0.29311,-4.94985,81.29285,11.34117,11.65667,29.85554,28.43947
3222.84720,0.30675,-4.95663,81.31701,11.33225,11.64825,29.90233,28.43417
3222.85720,0.29408,-4.95393,81.34473,11.31223,11.68573,29.91260,28.43417
3222.86720,0.30623,-4.93629,81.38355,11.36091,11.71099,29.90644,28.40521
3222.87720,0.31380,-4.92531,81.40773,11.39123,11.72673,29.90260,28.38717
3222.88720,0.34383,-4.95299,81.40346,11.36683,11.65109,29.98129,28.40425
3222.89720,0.37253,-4.96957,81.35763,11.35123,11.59459,30.02753,28.38427
3222.90720,0.38641,-4.96792,81.29473,11.35123,11.58273,30.02160,28.33917
3222.91720,0.37884,-4.96146,81.31547,11.36343,11.59940,30.00574,28.34690
3222.92720,0.37213,-4.94677,81.37477,11.39710,11.63491,29.98963,28.35312
3222.93720,0.39178,-4.92283,81.50673,11.46923,11.68573,30.02160,28.33017
3222.94720,0.38151,-4.92919,81.43450,11.45545,11.65626,29.97930,28.34348
3222.95720,0.37708,-4.94005,81.31029,11.43064,11.60710,29.93260,28.33995
3222.96720,0.39185,-4.94819,81.21573,11.41023,11.57173,29.93260,28.30117
3222.97720,0.39091,-4.95054,81.21348,11.39766,11.57527,29.94227,28.29827
3222.98720,0.38900,-4.95535,81.20887,11.37200,11.58251,29.96201,28.29235
3222.99720,0.39710,-4.95184,81.18482,11.38475,11.57545,29.95220,28.27242
3223.00720,0.41705,-4.94330,81.20651,11.42249,11.57429,29.96292,28.24681
3223.01720,0.42735,-4.93955,81.35773,11.45023,11.60273,30.03160,28.27317
3223.02720,0.42498,-4.93734,81.36192,11.45929,11.60273,30.02022,28.27968
3223.03720,0.41159,-4.93239,81.37362,11.47535,11.60767,29.98495,28.30564
3223.04720,0.39351,-4.93999,81.36673,11.43023,11.62373,29.99260,28.32017
3223.05720,0.39258,-4.94115,81.36611,11.43230,11.61733,29.98848,28.32801
3223.06720,0.38900,-4.94563,81.36373,11.44023,11.59273,29.97260,28.35817
3223.07720,0.39352,-4.94848,81.37658,11.43588,11.59055,29.99199,28.35817
3223.08720,0.40563,-4.95864,81.41824,11.41585,11.58610,30.05599,28.36031
3223.09720,0.38611,-4.95829,81.39685,11.39500,11.60214,30.02925,28.37047
3223.10720,0.37322,-4.95806,81.38273,11.38123,11.61273,30.01160,28.37717
3223.11720,0.39002,-4.95386,81.38233,11.41261,11.59623,30.01160,28.36189
3223.12720,0.41117,-4.95030,81.36903,11.44088,11.57690,30.01631,28.33494
3223.13720,0.40688,-4.95333,81.35473,11.42023,11.58273,30.02160,28.33017
3223.14720,0.35978,-4.94456,81.35373,11.41023,11.62373,29.94260,28.37717
3223.15720,0.35978,-4.94456,81.35373,11.41023,11.62373,29.94260,28.37717
3223.16720,0.37833,-4.95381,81.36259,11.41023,11.59323,29.98195,28.37717
3223.17720,0.32002,-4.97059,81.40978,11.32398,11.63291,29.98260,28.47029
3223.18720,0.31884,-4.97092,81.41073,11.32223,11.63373,29.98260,28.47217
3223.19720,0.28918,-4.95239,81.46023,11.35094,11.68520,29.92321,28.50088
3223.20720,0.28269,-4.95663,81.36761,11.38064,11.61417,29.83438,28.53842
3223.21720,0.28256,-4.95672,81.36573,11.38123,11.61273,29.83260,28.53917
3223.22720,0.25106,-4.94733,81.54028,11.37396,11.70291,29.86896,28.59445
3223.23720,0.23928,-4.94382,81.60573,11.37123,11.73673,29.88260,28.61517
3223.24720,0.28389,-4.96387,81.53744,11.34154,11.67537,29.96178,28.55876
3223.25720,0.24037,-4.94762,81.51053,11.32279,11.74461,29.88495,28.55817
3223.26720,0.23903,-4.94712,81.50973,11.32223,11.74673,29.88260,28.55817
3223.27720,0.25836,-4.96323,81.32165,11.31244,11.64583,29.83362,28.52977
3223.28720,0.25877,-4.96357,81.31773,11.31223,11.64373,29.83260,28.52917
3223.29720,0.24392,-4.96163,81.29596,11.28890,11.66784,29.81704,28.52217
3223.30720,0.25375,-4.96356,81.28803,11.30778,11.63982,29.81260,28.52784
3223.31720,0.25620,-4.96400,81.28773,11.31223,11.63373,29.81260,28.52917
3223.32720,0.23822,-4.95739,81.38821,11.32926,11.66864,29.81260,28.57771
3223.33720,0.21386,-4.95278,81.40144,11.28158,11.73654,29.82119,28.56213
3223.34720,0.21036,-4.95221,81.40073,11.27323,11.74673,29.82260,28.55817
3223.35720,0.21742,-4.95378,81.32346,11.28096,11.71152,29.78912,28.54186
3223.36720,0.21858,-4.95404,81.31073,11.28223,11.70573,29.78360,28.53917
3223.37720,0.22738,-4.95357,81.42902,11.29938,11.72373,29.84274,28.56317
3223.38720,0.19738,-4.94113,81.41433,11.31943,11.74393,29.75886,28.59211
3223.39720,0.19226,-4.93912,81.40873,11.32223,11.74673,29.74360,28.59617
3223.40720,0.19436,-4.92154,81.39916,11.38226,11.74673,29.68270,28.58747
3223.41720,0.20227,-4.91731,81.24454,11.36602,11.73412,29.63577,28.50863
3223.42720,0.20673,-4.91637,81.15473,11.35123,11.72673,29.61360,28.46317
3223.43720,0.21607,-4.91622,81.17476,11.36504,11.71913,29.62741,28.46317
3223.44720,0.22026,-4.91616,81.18373,11.37123,11.71573,29.63360,28.46317
3223.45720,0.18970,-4.89331,81.20187,11.37821,11.79526,29.57848,28.44992
3223.46720,0.17579,-4.88106,81.17846,11.39212,11.81828,29.52668,28.44138
3223.47720,0.17488,-4.87788,81.13619,11.40684,11.80281,29.48894,28.43761
3223.48720,0.17404,-4.87498,81.09773,11.42023,11.78873,29.45460,28.43417
3223.49720,0.16411,-4.86238,81.11303,11.42333,11.83483,29.44060,28.41427
3223.50720,0.12793,-4.86208,81.05273,11.36123,11.88073,29.40460,28.40617
3223.51720,0.14161,-4.86077,81.04913,11.37703,11.86853,29.41260,28.39097
3223.52720,0.19635,-4.85556,81.03473,11.44023,11.81973,29.44460,28.33017
3223.53720,0.17782,-4.86088,81.07973,11.43423,11.81973,29.43860,28.38717
3223.54720,0.14961,-4.86084,81.11206,11.39586,11.86749,29.44043,28.40828
3223.55720,0.13824,-4.85828,81.11373,11.37123,11.90173,29.44460,28.39617
3223.56720,0.16446,-4.84377,81.09748,11.42420,11.89571,29.43256,28.34501
3223.57720,0.18181,-4.83417,81.08673,11.45923,11.89173,29.42460,28.31117
3223.58720,0.18073,-4.84403,81.14982,11.43645,11.89757,29.47717,28.33863
3223.59720,0.19929,-4.85212,81.18098,11.45551,11.85868,29.50862,28.35817
3223.60720,0.21229,-4.85284,81.17173,11.47923,11.82973,29.50460,28.35817
3223.61720,0.21272,-4.85411,81.31366,11.50339,11.84181,29.55292,28.41555
3223.62720,0.22309,-4.84539,81.40029,11.54299,11.85818,29.57655,28.42257
3223.63720,0.23805,-4.83124,81.39073,11.57823,11.87073,29.56460,28.37717
3223.64720,0.23883,-4.83867,81.36902,11.56319,11.85301,29.57012,28.38270
3223.65720,0.24117,-4.87080,81.24224,11.49531,11.76989,29.57831,28.39873
3223.66720,0.23971,-4.87162,81.18873,11.48923,11.75773,29.55460,28.38717
3223.67720,0.23031,-4.87742,81.22363,11.47491,11.76140,29.56893,28.41840
3223.68720,0.21413,-4.88739,81.28373,11.45023,11.76773,29.59360,28.47217
3223.69720,0.22818,-4.89333,81.27621,11.44647,11.74816,29.61994,28.46164
3223.70720,0.23486,-4.90077,81.27472,11.42924,11.73844,29.64895,28.45809
3223.71720,0.20611,-4.89660,81.29373,11.41023,11.77773,29.62360,28.48217
3223.72720,0.21135,-4.89925,81.32555,11.42133,11.76626,29.63840,28.49956
3223.73720,0.22026,-4.90375,81.37973,11.44023,11.74673,29.66360,28.52917
3223.74720,0.21233,-4.90575,81.36931,11.43014,11.74673,29.65351,28.53893
3223.75720,0.20254,-4.91176,81.36606,11.41023,11.74425,29.65340,28.55817
3223.76720,0.22042,-4.91807,81.41873,11.41023,11.73673,29.71360,28.55817
3223.77720,0.21863,-4.91931,81.42569,11.40355,11.74095,29.72042,28.56076
3223.78720,0.21305,-4.92687,81.44816,11.36608,11.75779,29.75875,28.56554
3223.79720,0.23117,-4.92597,81.38073,11.38123,11.72673,29.74360,28.52917
3223.80720,0.22412,-4.92720,81.38353,11.36940,11.73497,29.74360,28.53556
3223.81720,0.19593,-4.93211,81.39470,11.32206,11.76795,29.74360,28.56109
3223.82720,0.17818,-4.93520,81.40173,11.29223,11.78873,29.74360,28.57717
3223.83720,0.18978,-4.94116,81.35161,11.28491,11.76058,29.74746,28.55867
3223.84720,0.21990,-4.95290,81.31573,11.28273,11.71073,29.78810,28.53417
3223.85720,0.23149,-4.95512,81.35973,11.29223,11.70573,29.82260,28.53917
3223.86720,0.22619,-4.95557,81.36541,11.29933,11.69863,29.80841,28.55903
3223.87720,0.24430,-4.96870,81.40903,11.28538,11.67803,29.87844,28.56717
3223.88720,0.24808,-4.97112,81.41673,11.28223,11.67473,29.89260,28.56717
3223.89720,0.30051,-4.97551,81.37671,11.29963,11.63036,29.95350,28.49322
3223.90720,0.30835,-4.97617,81.37073,11.30223,11.62373,29.96260,28.48217
3223.91720,0.30345,-4.96825,81.45687,11.31085,11.66766,29.98844,28.48993
3223.92720,0.31676,-4.96777,81.34825,11.33743,11.61218,29.93179,28.46685
3223.93720,0.31889,-4.96788,81.32973,11.34123,11.60273,29.92260,28.46317
3223.94720,0.34490,-4.96868,81.41073,11.35123,11.61273,30.00260,28.44417
3223.95720,0.34200,-4.96667,81.28697,11.31262,11.62362,29.97290,28.37784
3223.96720,0.34197,-4.96665,81.28573,11.31223,11.62373,29.97260,28.37717
3223.97720,0.36407,-4.96410,81.34573,11.33157,11.63039,30.02527,28.35851
3223.98720,0.37511,-4.96283,81.37573,11.34123,11.63373,30.05160,28.34917
3223.99720,0.36302,-4.96998,81.33658,11.35863,11.57979,29.99157,28.40659
3224.00720,0.36819,-4.97174,81.33952,11.37002,11.56294,29.99139,28.41517
3224.01720,0.36915,-4.97184,81.34073,11.37123,11.56173,29.99260,28.41517
3224.02720,0.36412,-4.97499,81.32505,11.33725,11.58002,30.00915,28.39862
3224.03720,0.37643,-4.96932,81.42524,11.36583,11.59995,30.05467,28.40479
3224.04720,0.37853,-4.96833,81.44173,11.37123,11.60273,30.06160,28.40617
3224.05720,0.35610,-4.97668,81.49256,11.32903,11.62943,30.08744,28.44666
3224.06720,0.35249,-4.97802,81.50073,11.32223,11.63373,30.09160,28.45317
3224.07720,0.36000,-4.98789,81.40688,11.28182,11.61249,30.09845,28.41413
3224.08720,0.36676,-4.98489,81.36373,11.29013,11.60273,30.08091,28.38997
3224.09720,0.36825,-4.98150,81.36373,11.30223,11.60273,30.07160,28.38717
3224.10720,0.38486,-5.00252,81.39111,11.28077,11.55685,30.13820,28.41529
3224.11720,0.40371,-5.00115,81.39481,11.29469,11.54887,30.16160,28.38965
3224.12720,0.40828,-4.99807,81.39273,11.30223,11.55173,30.16160,28.37717
3224.13720,0.43315,-5.00687,81.37149,11.28758,11.52901,30.21215,28.34274
3224.14720,0.44222,-5.01008,81.36373,11.28223,11.52073,30.23060,28.33017
3224.15720,0.41636,-5.00166,81.33202,11.27629,11.54782,30.17180,28.33612
3224.16720,0.41282,-5.00641,81.37773,11.27323,11.54676,30.19149,28.36625
3224.17720,0.41674,-5.01006,81.40273,11.27323,11.54073,30.21160,28.37717
3224.18720,0.41674,-5.01006,81.40273,11.27323,11.54073,30.21160,28.37717
3224.19720,0.42756,-4.98737,81.39976,11.28214,11.61201,30.22150,28.28411
3224.20720,0.40354,-5.01189,81.43240,11.25352,11.56224,30.22160,28.39504
3224.21720,0.40330,-5.01214,81.43273,11.25323,11.56173,30.22160,28.39617
3224.22720,0.43073,-4.99969,81.52373,11.30223,11.58273,30.27060,28.36817
3224.23720,0.43073,-4.99969,81.52373,11.30223,11.58273,30.27060,28.36817
3224.24720,0.43973,-5.01429,81.31781,11.25372,11.52135,30.23100,28.31174
3224.25720,0.47613,-5.01285,81.43473,11.29223,11.52073,30.32060,28.30117
3224.26720,0.46084,-5.00239,81.38869,11.29703,11.54039,30.26353,28.28774
3224.27720,0.45389,-4.99281,81.32611,11.31396,11.54008,30.20160,28.27047
3224.28720,0.47364,-4.99645,81.30034,11.33788,11.49591,30.20160,28.26495
3224.29720,0.47009,-5.00840,81.27909,11.29551,11.48973,30.22644,28.26741
3224.30720,0.45884,-5.02874,81.24773,11.21423,11.48973,30.27060,28.27317
3224.31720,0.44904,-5.02614,81.25014,11.22076,11.49316,30.24690,28.28931
3224.32720,0.44362,-5.01990,81.29944,11.25021,11.49973,30.23244,28.31705
3224.33720,0.46872,-5.01754,81.38373,11.28223,11.49973,30.29060,28.31117
3224.34720,0.46872,-5.01754,81.38373,11.28223,11.49973,30.29060,28.31117
3224.35720,0.46397,-5.01360,81.38630,11.28700,11.50973,30.27822,28.31135
3224.36720,0.47235,-5.00849,81.36842,11.30025,11.50973,30.27159,28.28685
3224.37720,0.47610,-5.00639,81.36597,11.30703,11.50973,30.27060,28.27861
3224.38720,0.48398,-5.00219,81.36673,11.32223,11.50973,30.27060,28.26417
3224.39720,0.48424,-5.00298,81.33403,11.31988,11.50008,30.25672,28.25735
3224.40720,0.48686,-5.00345,81.23246,11.31799,11.47183,30.21160,28.23104
3224.41720,0.49495,-4.99384,81.25393,11.34417,11.48592,30.21160,28.21225
3224.42720,0.49426,-4.99055,81.25093,11.35013,11.49083,30.20280,28.20717
3224.43720,0.46965,-4.98488,81.18645,11.34123,11.50177,30.13257,28.21087
3224.44720,0.45774,-4.98449,81.24751,11.34123,11.52035,30.14142,28.24450
3224.45720,0.45396,-4.98250,81.25538,11.34123,11.52966,30.13833,28.24615
3224.46720,0.42494,-4.96630,81.30973,11.34123,11.60273,30.11160,28.25417
3224.47720,0.42601,-4.96666,81.30403,11.34033,11.60073,30.11160,28.25137
3224.48720,0.43561,-4.96944,81.25264,11.33393,11.58273,30.10981,28.22617
3224.49720,0.43538,-4.96461,81.25175,11.35089,11.58273,30.09196,28.22617
3224.50720,0.43308,-4.96404,81.25260,11.35027,11.58562,30.08871,28.22801
3224.51720,0.41224,-4.95975,81.26050,11.34150,11.61194,30.06239,28.24467
3224.52720,0.44020,-4.96030,81.23163,11.38003,11.56326,30.06160,28.22674
3224.53720,0.44108,-4.96033,81.23073,11.38123,11.56173,30.06160,28.22617
3224.54720,0.44257,-4.94219,81.24238,11.39967,11.61121,30.05190,28.17960
3224.55720,0.44261,-4.94163,81.24273,11.40023,11.61273,30.05160,28.17817
3224.56720,0.45355,-4.95405,81.09044,11.36240,11.56326,30.03220,28.13258
3224.57720,0.43814,-4.95049,81.14354,11.36123,11.59210,30.03160,28.15861
3224.58720,0.43781,-4.95041,81.14473,11.36123,11.59273,30.03160,28.15917
3224.59720,0.43765,-4.95152,81.14887,11.36123,11.58994,30.03340,28.16430
3224.60720,0.43596,-4.96277,81.19073,11.36123,11.56173,30.05160,28.21617
3224.61720,0.42684,-4.93887,81.20528,11.37093,11.64124,30.03221,28.16090
3224.62720,0.44240,-4.94275,81.22239,11.39965,11.60355,30.04140,28.17779
3224.63720,0.44272,-4.94285,81.22273,11.40023,11.60273,30.04160,28.17817
3224.64720,0.43299,-4.93919,81.10827,11.40023,11.58333,29.96497,28.15974
3224.65720,0.44855,-4.94188,81.06536,11.41944,11.54239,29.95300,28.15053
3224.66720,0.44920,-4.94200,81.06373,11.42023,11.54073,29.95260,28.15017
3224.67720,0.43465,-4.91522,81.11520,11.45883,11.61198,29.91301,28.13137
3224.68720,0.43450,-4.91494,81.11573,11.45923,11.61273,29.91260,28.13117
3224.69720,0.45611,-4.93081,81.03796,11.44446,11.54895,29.92816,28.11640
3224.70720,0.41247,-4.93002,81.01488,11.41469,11.57500,29.86448,28.16071
3224.71720,0.40377,-4.92908,81.01473,11.41023,11.58273,29.85260,28.16917
3224.72720,0.36807,-4.90539,81.09477,11.42763,11.67234,29.80910,28.18570
3224.73720,0.33897,-4.92052,81.12827,11.39664,11.65902,29.80260,28.27001
3224.74720,0.33515,-4.92352,81.13173,11.39123,11.65473,29.80260,28.28317
3224.75720,0.31209,-4.92506,81.10475,11.34092,11.69191,29.79604,28.27588
3224.76720,0.30353,-4.92563,81.09473,11.32223,11.70573,29.79360,28.27317
3224.77720,0.30721,-4.92895,81.06848,11.33915,11.66956,29.77027,28.28951
3224.78720,0.28127,-4.93895,81.09925,11.31555,11.66630,29.76088,28.35651
3224.79720,0.27061,-4.94180,81.11773,11.30223,11.67473,29.76360,28.37717
3224.80720,0.26776,-4.94378,81.16368,11.31417,11.66876,29.76957,28.41119
3224.81720,0.25674,-4.94533,81.23962,11.31655,11.68234,29.78496,28.45576
3224.82720,0.24985,-4.94550,81.27373,11.31223,11.69573,29.79360,28.47217
3224.83720,0.26917,-4.94970,81.23738,11.31223,11.67046,29.81147,28.44321
3224.84720,0.28122,-4.95232,81.21473,11.31223,11.65473,29.82260,28.42517
3224.85720,0.27038,-4.96641,81.19489,11.26945,11.64171,29.83500,28.44873
3224.86720,0.25171,-4.96641,81.16599,11.23703,11.66597,29.81780,28.44519
3224.87720,0.24434,-4.96112,81.15573,11.23323,11.68573,29.80260,28.43417
3224.88720,0.25913,-4.96969,81.19707,11.23323,11.66688,29.85123,28.44572
3224.89720,0.28502,-4.98465,81.21271,11.21548,11.63575,29.92546,28.43603
3224.90720,0.29538,-4.99063,81.20573,11.20423,11.62373,29.95260,28.42517
3224.91720,0.28391,-4.98630,81.15089,11.19191,11.63605,29.91563,28.40730
3224.92720,0.27676,-4.98360,81.11673,11.18423,11.64373,29.89260,28.39617
3224.93720,0.27676,-4.98360,81.11673,11.18423,11.64373,29.89260,28.39617
3224.94720,0.32102,-4.97871,81.17579,11.23226,11.62974,29.95747,28.35632
3224.95720,0.33136,-4.97992,81.20873,11.22323,11.64373,30.00260,28.33917
3224.96720,0.31931,-4.98957,81.17786,11.19367,11.63025,29.99390,28.36004
3224.97720,0.30860,-4.99717,81.10560,11.17687,11.59968,29.95396,28.37508
3224.98720,0.31924,-4.98655,81.03673,11.22323,11.57173,29.89260,28.34917
3224.99720,0.31326,-4.98048,81.08394,11.23174,11.59809,29.89685,28.35725
3225.00720,0.30520,-4.97228,81.14773,11.24323,11.63373,29.90260,28.36817
3225.01720,0.30520,-4.97228,81.14773,11.24323,11.63373,29.90260,28.36817
3225.02720,0.29700,-4.97253,81.09852,11.25293,11.60929,29.85260,28.38370
3225.03720,0.29022,-4.97882,81.08473,11.23323,11.60273,29.85260,28.39617
3225.04720,0.29454,-4.97930,81.05612,11.22347,11.60273,29.85597,28.37396
3225.05720,0.30420,-4.97844,81.04725,11.21721,11.60955,29.87580,28.34469
3225.06720,0.30757,-4.97298,81.19125,11.25655,11.63021,29.91580,28.38869
3225.07720,0.30400,-4.97635,81.21318,11.24953,11.63140,29.92725,28.40500
3225.08720,0.29032,-4.99055,81.20473,11.20423,11.62373,29.94260,28.43417
3225.09720,0.29894,-4.99082,81.18215,11.20188,11.61879,29.94966,28.41182
3225.10720,0.32486,-4.99262,81.11650,11.19541,11.60037,29.97142,28.34929
3225.11720,0.31531,-4.99691,81.15179,11.20076,11.58968,29.96608,28.39528
3225.12720,0.30910,-4.99970,81.17473,11.20423,11.58273,29.96260,28.42517
3225.13720,0.31249,-4.99913,81.15555,11.19750,11.58609,29.96597,28.40599
3225.14720,0.33042,-5.00023,81.15966,11.19200,11.58884,30.00715,28.37167
3225.15720,0.34808,-5.00372,81.22573,11.20423,11.58273,30.06160,28.37717
3225.16720,0.35579,-5.00838,81.35273,11.22323,11.58273,30.12160,28.42517
3225.17720,0.35885,-5.00646,81.32877,11.22225,11.58382,30.11615,28.40655
3225.18720,0.38645,-4.99209,81.12343,11.21611,11.58352,30.06962,28.25417
3225.19720,0.40900,-5.00415,81.03873,11.23323,11.49973,30.05160,28.25417
3225.20720,0.40650,-5.00191,81.03621,11.23323,11.50700,30.04564,28.25033
3225.21720,0.38513,-4.98397,81.01274,11.22674,11.57063,30.00019,28.21518
3225.22720,0.39206,-5.00062,81.00473,11.17423,11.56173,30.06160,28.20717
3225.23720,0.39094,-4.99906,81.00029,11.17926,11.56100,30.05220,28.20783
3225.24720,0.38068,-4.98486,80.95989,11.22496,11.55438,29.96677,28.21379
3225.25720,0.37658,-4.97918,80.94373,11.24323,11.55173,29.93260,28.21617
3225.26720,0.33193,-4.98180,80.87373,11.19423,11.57173,29.86260,28.24517
3225.27720,0.37596,-4.98005,81.05707,11.27168,11.55212,29.96064,28.27262
3225.28720,0.37684,-4.98001,81.06073,11.27323,11.55173,29.96260,28.27317
3225.29720,0.35121,-4.97522,81.03999,11.25196,11.58417,29.92537,28.27849
3225.30720,0.33016,-4.97078,81.00697,11.22735,11.61525,29.89380,28.27057
3225.31720,0.34120,-4.96913,80.89873,11.18423,11.63373,29.90260,28.17817
3225.32720,0.33979,-4.96798,80.91864,11.19501,11.63263,29.89930,28.19170
3225.33720,0.32842,-4.95874,81.07973,11.28223,11.62373,29.87260,28.30117
3225.34720,0.33366,-4.95383,81.09714,11.28534,11.64300,29.88814,28.28066
3225.35720,0.33554,-4.95249,81.11792,11.27052,11.66847,29.91703,28.26190
3225.36720,0.32779,-4.96008,81.10373,11.25323,11.65473,29.91260,28.28317
3225.37720,0.33662,-4.94232,81.04169,11.26071,11.69285,29.89018,28.19796
3225.38720,0.34123,-4.95946,81.01479,11.24838,11.63667,29.89745,28.23229
3225.39720,0.34178,-4.96748,81.01273,11.24323,11.61273,29.90260,28.25417
3225.40720,0.35180,-4.94579,81.13245,11.28630,11.68062,29.93910,28.22643
3225.41720,0.35550,-4.93779,81.17673,11.30223,11.70573,29.95260,28.21617
3225.42720,0.34588,-4.93919,81.18001,11.29814,11.70573,29.94033,28.23581
3225.43720,0.34869,-4.95094,81.14511,11.28665,11.66554,29.93934,28.25357
3225.44720,0.36191,-4.95863,81.11373,11.28223,11.63373,29.95260,28.24517
3225.45720,0.36996,-4.95886,81.09726,11.27064,11.63983,29.97090,28.21589
3225.46720,0.40998,-4.96964,81.11150,11.25719,11.61896,30.06655,28.16879
3225.47720,0.43283,-4.97660,81.12773,11.25323,11.60273,30.12160,28.15017
3225.48720,0.41153,-4.95995,81.04886,11.27110,11.62183,30.02363,28.13230
3225.49720,0.39824,-4.94956,80.99973,11.28223,11.63373,29.96260,28.12117
3225.50720,0.41343,-4.95829,80.93209,11.28827,11.57756,29.95052,28.11574
3225.51720,0.40619,-4.94845,81.02228,11.30435,11.62194,29.96684,28.12914
3225.52720,0.39503,-4.93835,81.10973,11.31223,11.67473,29.98260,28.14017
3225.53720,0.38931,-4.94899,81.01577,11.28813,11.63439,29.94816,28.14509
3225.54720,0.37864,-4.95529,80.93617,11.26323,11.61442,29.91260,28.14592
3225.55720,0.37483,-4.94830,80.96963,11.26818,11.64373,29.91755,28.14017
3225.56720,0.37771,-4.95457,80.95944,11.25838,11.62838,29.92755,28.14512
3225.57720,0.37794,-4.96160,80.93873,11.24323,11.61273,29.93260,28.15017
3225.58720,0.37112,-4.95807,81.06778,11.26215,11.64281,29.96656,28.19626
3225.59720,0.36877,-4.95347,81.11069,11.25334,11.68011,29.99280,28.18444
3225.60720,0.37385,-4.95257,81.01273,11.22323,11.68573,29.98260,28.12117
3225.61720,0.38074,-4.96111,80.99705,11.20902,11.66515,30.00171,28.12117
3225.62720,0.38790,-4.97001,80.98073,11.19423,11.64373,30.02160,28.12117
3225.63720,0.38904,-4.97293,81.03013,11.20569,11.63582,30.03741,28.15121
3225.64720,0.39409,-4.97747,81.08915,11.22101,11.62100,30.06160,28.18554
3225.65720,0.40419,-4.97770,81.03873,11.21423,11.61273,30.06160,28.15017
3225.66720,0.40679,-4.98445,81.02198,11.19132,11.60695,30.08085,28.14286
3225.67720,0.41403,-5.00320,80.97546,11.12769,11.59091,30.13433,28.12254
3225.68720,0.39530,-5.02671,81.05373,11.10523,11.55173,30.16160,28.23517
3225.69720,0.40194,-5.02703,81.04153,11.10937,11.54304,30.16367,28.22545
3225.70720,0.42038,-5.02792,81.00762,11.12087,11.51890,30.16942,28.19844
3225.71720,0.42854,-5.03251,81.03241,11.11803,11.51237,30.20016,28.20185
3225.72720,0.43008,-5.05546,81.10810,11.06663,11.50327,30.29302,28.24517
3225.73720,0.42351,-5.08530,80.97173,10.97723,11.44873,30.30060,28.24517
3225.74720,0.43185,-5.08113,81.02726,11.00023,11.45593,30.32151,28.24959
3225.75720,0.46118,-5.07175,81.21137,11.06874,11.47185,30.40190,28.26887
3225.76720,0.46892,-5.08993,81.21401,11.03752,11.43905,30.44899,28.28845
3225.77720,0.47395,-5.10175,81.21573,11.01723,11.41773,30.47960,28.30117
3225.78720,0.47579,-5.11894,81.17766,10.96261,11.40062,30.51822,28.29621
3225.79720,0.48505,-5.13248,81.15718,10.92268,11.38673,30.56504,28.28273
3225.80720,0.55300,-5.13353,81.24228,10.95823,11.37081,30.70048,28.21276
3225.81720,0.59683,-5.16755,81.25373,10.95823,11.25273,30.78860,28.25417
3225.82720,0.59496,-5.16715,81.24562,10.94946,11.26073,30.78971,28.24573
3225.83720,0.58290,-5.16472,81.18644,10.88280,11.31986,30.80335,28.18043
3225.84720,0.60421,-5.17068,81.22873,10.90923,11.28373,30.83860,28.19717
3225.85720,0.60324,-5.17212,81.22796,10.89934,11.28828,30.84627,28.19406
3225.86720,0.59546,-5.18362,81.22173,10.82023,11.32473,30.90760,28.16917
3225.87720,0.59542,-5.18492,81.21489,10.82491,11.31357,30.89932,28.17709
3225.88720,0.59527,-5.19474,81.18249,10.85923,11.23545,30.84808,28.23973
3225.89720,0.59666,-5.19703,81.31273,10.85923,11.26273,30.91760,28.27317
3225.90720,0.59666,-5.19703,81.31273,10.85923,11.26273,30.91760,28.27317
3225.91720,0.60568,-5.18883,81.20529,10.84175,11.28017,30.89680,28.18657
3225.92720,0.57112,-5.17844,81.34329,10.85442,11.34217,30.89013,28.25657
3225.93720,0.55802,-5.17450,81.39573,10.85923,11.36573,30.88760,28.28317
3225.94720,0.57809,-5.19963,81.28595,10.83081,11.27457,30.89740,28.28317
3225.95720,0.57850,-5.20014,81.28373,10.83023,11.27273,30.89760,28.28317
3225.96720,0.56792,-5.20625,81.47678,10.85003,11.28362,30.95700,28.38613
3225.97720,0.56999,-5.18951,81.50546,10.91755,11.28373,30.90810,28.39608
3225.98720,0.57001,-5.18934,81.50573,10.91823,11.28373,30.90760,28.39617
3225.99720,0.57732,-5.19347,81.39023,10.87929,11.27647,30.90100,28.33347
3226.00720,0.59953,-5.20075,81.34022,10.85923,11.25692,30.93712,28.28695
3226.01720,0.60443,-5.20212,81.34273,10.85923,11.25273,30.94760,28.28317
3226.02720,0.60443,-5.20212,81.34273,10.85923,11.25273,30.94760,28.28317
3226.03720,0.61970,-5.18418,81.36473,10.90923,11.27273,30.93760,28.24517
3226.04720,0.61970,-5.18418,81.36473,10.90923,11.27273,30.93760,28.24517
3226.05720,0.65726,-5.20514,81.23947,10.93382,11.13931,30.91907,28.24726
3226.06720,0.66162,-5.20477,81.24873,10.94823,11.12873,30.91760,28.25417
3226.07720,0.63958,-5.17804,81.19574,10.93955,11.21820,30.85766,28.18033
3226.08720,0.62422,-5.19866,81.13428,10.88251,11.18510,30.85429,28.21239
3226.09720,0.61509,-5.21739,81.09373,10.84023,11.14973,30.85860,28.24517
3226.10720,0.60847,-5.20620,81.18481,10.86820,11.18630,30.86505,28.26525
3226.11720,0.60587,-5.20179,81.22073,10.87923,11.20073,30.86760,28.27317
3226.12720,0.59944,-5.19602,81.23013,10.87201,11.23108,30.86760,28.25944
3226.13720,0.56634,-5.18569,81.29046,10.87651,11.27982,30.83196,28.30217
3226.14720,0.55487,-5.18265,81.31173,10.87923,11.29373,30.81860,28.32017
3226.15720,0.54376,-5.18367,81.28555,10.86037,11.30181,30.80320,28.32017
3226.16720,0.52833,-5.18509,81.24919,10.83416,11.31304,30.78181,28.32017
3226.17720,0.51113,-5.20363,81.17053,10.80083,11.25893,30.74260,28.36817
3226.18720,0.49503,-5.19574,81.16637,10.81628,11.27044,30.69484,28.38481
3226.19720,0.48486,-5.18367,81.21873,10.84023,11.30373,30.67860,28.39617
3226.20720,0.47762,-5.19307,81.14047,10.81615,11.27302,30.64910,28.40219
3226.21720,0.41696,-5.19014,81.17784,10.77691,11.33286,30.59372,28.47435
3226.22720,0.37948,-5.18400,81.23773,10.76123,11.38673,30.56960,28.52017
3226.23720,0.40337,-5.19197,81.20764,10.76713,11.34425,30.59320,28.50306
3226.24720,0.41999,-5.19751,81.18673,10.77123,11.31473,30.60960,28.49117
3226.25720,0.38610,-5.18358,81.27428,10.81960,11.33983,30.54225,28.57260
3226.26720,0.37537,-5.17217,81.38559,10.85576,11.37476,30.54257,28.61251
3226.27720,0.38208,-5.17053,81.42073,10.85923,11.38673,30.56960,28.60517
3226.28720,0.36682,-5.17285,81.43146,10.85387,11.38673,30.55172,28.63914
3226.29720,0.34224,-5.17485,81.26486,10.80799,11.37999,30.46674,28.61013
3226.30720,0.33318,-5.17512,81.15473,10.78123,11.37573,30.42060,28.57717
3226.31720,0.34268,-5.18423,81.14175,10.76943,11.35154,30.44361,28.57717
3226.32720,0.34928,-5.19057,81.13273,10.76123,11.33473,30.45960,28.57717
3226.33720,0.34978,-5.19151,81.13375,10.76414,11.32878,30.45815,28.58269
3226.34720,0.38127,-5.19373,81.16563,10.79514,11.29852,30.50236,28.56961
3226.35720,0.41222,-5.19018,81.19373,10.81023,11.30373,30.55960,28.52017
3226.36720,0.41145,-5.19078,81.14421,10.80642,11.29192,30.53674,28.50913
3226.37720,0.41838,-5.18692,81.09142,10.81729,11.28039,30.51196,28.48178
3226.38720,0.44325,-5.17223,81.17573,10.86923,11.30373,30.54960,28.45317
3226.39720,0.44675,-5.16868,81.21985,10.87893,11.31876,30.56899,28.45317
3226.40720,0.45048,-5.16490,81.26673,10.88923,11.33473,30.58960,28.45317
3226.41720,0.45048,-5.16490,81.26673,10.88923,11.33473,30.58960,28.45317
3226.42720,0.45476,-5.18170,81.19184,10.87111,11.27252,30.57752,28.47069
3226.43720,0.47414,-5.17766,81.20993,10.90663,11.25633,30.58760,28.45937
3226.44720,0.48518,-5.16763,81.25473,10.93823,11.27273,30.59960,28.44417
3226.45720,0.48254,-5.15981,81.24802,10.93823,11.29874,30.59121,28.41984
3226.46720,0.48203,-5.15831,81.24673,10.93823,11.30373,30.58960,28.41517
3226.47720,0.47823,-5.16629,81.16073,10.92120,11.26882,30.55554,28.41517
3226.48720,0.46349,-5.16102,81.09716,10.89308,11.29829,30.52358,28.38221
3226.49720,0.46134,-5.16001,81.08973,10.88923,11.30373,30.51960,28.37717
3226.50720,0.45320,-5.16695,81.05341,10.88923,11.26910,30.48581,28.40927
3226.51720,0.45468,-5.15561,81.20201,10.90620,11.33315,30.54748,28.41517
3226.52720,0.44641,-5.15361,81.18213,10.89903,11.34199,30.52900,28.41211
3226.53720,0.42930,-5.15410,81.08973,10.87923,11.33473,30.46960,28.40617
3226.54720,0.43176,-5.17086,81.13416,10.85601,11.31050,30.52008,28.44757
3226.55720,0.43205,-5.20192,81.26887,10.81340,11.27918,30.63194,28.54436
3226.56720,0.42223,-5.19781,81.37073,10.82023,11.31473,30.65860,28.57717
3226.57720,0.41108,-5.18927,81.36540,10.85290,11.31106,30.60227,28.59917
3226.58720,0.40257,-5.18692,81.38397,10.90157,11.27585,30.54706,28.65949
3226.59720,0.42931,-5.21545,81.44073,10.86923,11.22173,30.65860,28.69117
3226.60720,0.42438,-5.22058,81.37671,10.83689,11.21843,30.64903,28.67236
3226.61720,0.41435,-5.23100,81.24673,10.77123,11.21173,30.62960,28.63417
3226.62720,0.41435,-5.23100,81.24673,10.77123,11.21173,30.62960,28.63417
3226.63720,0.43364,-5.22618,81.27471,10.79597,11.21173,30.65533,28.61168
3226.64720,0.42976,-5.23267,81.30573,10.78123,11.21173,30.67860,28.63417
3226.65720,0.43972,-5.23499,81.34302,10.78548,11.20927,30.71210,28.63618
3226.66720,0.47432,-5.24307,81.47273,10.80023,11.20073,30.82860,28.64317
3226.67720,0.47404,-5.24849,81.45910,10.78699,11.19093,30.83436,28.64682
3226.68720,0.47288,-5.27109,81.40230,10.73179,11.15013,30.85836,28.66202
3226.69720,0.47389,-5.25429,81.59173,10.78123,11.21173,30.90760,28.69117
3226.70720,0.47662,-5.25569,81.59605,10.78123,11.20787,30.91495,28.69200
3226.71720,0.50156,-5.26883,81.63356,10.77908,11.17307,30.98329,28.69812
3226.72720,0.48477,-5.26287,81.59073,10.76123,11.20073,30.94760,28.68117
3226.73720,0.48532,-5.26245,81.57480,10.76213,11.19704,30.93959,28.67604
3226.74720,0.49084,-5.25780,81.41388,10.77123,11.16123,30.85860,28.62281
3226.75720,0.49040,-5.25323,81.41550,10.77123,11.17799,30.85860,28.60768
3226.76720,0.49074,-5.25426,81.41934,10.75584,11.19073,30.87660,28.59617
3226.77720,0.49244,-5.26453,81.46412,10.72459,11.19738,30.93394,28.60821
3226.78720,0.49195,-5.25913,81.54473,10.75123,11.21173,30.94760,28.63417
3226.79720,0.49433,-5.26802,81.49659,10.73109,11.18714,30.94760,28.63076
3226.80720,0.47627,-5.28242,81.48599,10.71334,11.15055,30.92595,28.69615
3226.81720,0.45711,-5.28009,81.55573,10.73123,11.15973,30.90760,28.75717
3226.82720,0.49483,-5.27680,81.51195,10.73123,11.15973,30.95625,28.66474
3226.83720,0.50363,-5.27603,81.50173,10.73123,11.15973,30.96760,28.64317
3226.84720,0.46218,-5.28645,81.49333,10.67411,11.17737,30.94240,28.69945
3226.85720,0.47916,-5.29060,81.48230,10.67952,11.15416,30.96331,28.68532
3226.86720,0.48330,-5.29096,81.48073,10.68223,11.14973,30.96760,28.68117
3226.87720,0.48536,-5.28353,81.50568,10.70718,11.15804,30.95928,28.68117
3226.88720,0.47856,-5.26619,81.55223,10.76220,11.17751,30.91525,28.69727
3226.89720,0.47726,-5.26334,81.55973,10.77123,11.18073,30.90760,28.70017
3226.90720,0.46162,-5.26629,81.56740,10.75420,11.18924,30.89909,28.72487
3226.91720,0.45889,-5.26681,81.56873,10.75123,11.19073,30.89760,28.72917
3226.92720,0.46864,-5.28335,81.50079,10.70909,11.15547,30.92340,28.71283
3226.93720,0.48159,-5.28449,81.46275,10.72668,11.12359,30.91074,28.70174
3226.94720,0.48371,-5.28420,81.45773,10.73123,11.11873,30.90760,28.70017
3226.95720,0.46640,-5.27287,81.31018,10.72365,11.12716,30.80727,28.65211
3226.96720,0.45773,-5.27971,81.33608,10.72223,11.11113,30.80563,28.69709
3226.97720,0.45359,-5.28652,81.37673,10.72223,11.09773,30.81860,28.73817
3226.98720,0.45941,-5.27400,81.45663,10.74777,11.13833,30.84479,28.72573
3226.99720,0.46248,-5.26742,81.49873,10.76123,11.15973,30.85860,28.71917
3227.00720,0.45930,-5.26541,81.47216,10.75733,11.16363,30.84297,28.70823
3227.01720,0.44560,-5.26096,81.51654,10.76216,11.18667,30.83500,28.73271
3227.02720,0.43835,-5.25985,81.58773,10.77123,11.20073,30.84860,28.76717
3227.03720,0.43275,-5.25815,81.54086,10.75745,11.20796,30.82792,28.74753
3227.04720,0.42355,-5.25537,81.46403,10.73485,11.21983,30.79402,28.71533
3227.05720,0.44806,-5.26790,81.49030,10.76552,11.15144,30.82289,28.75046
3227.06720,0.45239,-5.27006,81.49673,10.77123,11.13973,30.82860,28.75717
3227.07720,0.42927,-5.25364,81.56561,10.77123,11.21701,30.82020,28.75717
3227.08720,0.42678,-5.25777,81.54998,10.76570,11.20353,30.81307,28.76768
3227.09720,0.43648,-5.25750,81.55229,10.76597,11.20486,30.83226,28.74920
3227.10720,0.44556,-5.25066,81.58073,10.77123,11.23173,30.85860,28.71917
3227.11720,0.45304,-5.25401,81.56741,10.77626,11.21112,30.86086,28.71917
3227.12720,0.46895,-5.26115,81.53907,10.78696,11.16727,30.86567,28.71917
3227.13720,0.42439,-5.25611,81.61973,10.75123,11.24273,30.85860,28.76717
3227.14720,0.44569,-5.26430,81.56754,10.75123,11.19939,30.87211,28.74480
3227.15720,0.47013,-5.27369,81.50773,10.75123,11.14973,30.88760,28.71917
3227.16720,0.47013,-5.27369,81.50773,10.75123,11.14973,30.88760,28.71917
3227.17720,0.46366,-5.26738,81.51690,10.76790,11.15806,30.86343,28.72751
3227.18720,0.48740,-5.26219,81.49919,10.79957,11.14018,30.86740,28.69204
3227.19720,0.47716,-5.26353,81.48288,10.78438,11.14620,30.85498,28.69732
3227.20720,0.45059,-5.27103,81.45255,10.73589,11.15973,30.83799,28.71894
3227.21720,0.44197,-5.28092,81.45873,10.70223,11.15973,30.85860,28.73817
3227.22720,0.44197,-5.28092,81.45873,10.70223,11.15973,30.85860,28.73817
3227.23720,0.44351,-5.25576,81.56673,10.80023,11.18073,30.81860,28.76717
3227.24720,0.44557,-5.26015,81.55955,10.79827,11.16504,30.82078,28.77545
3227.25720,0.44069,-5.27222,81.51735,10.78283,11.12595,30.80550,28.80307
3227.26720,0.39441,-5.25830,81.45573,10.75123,11.19073,30.71860,28.79517
3227.27720,0.39257,-5.25870,81.44433,10.74434,11.19310,30.71622,28.79066
3227.28720,0.37835,-5.25846,81.42915,10.72877,11.20546,30.69733,28.79759
3227.29720,0.34982,-5.25317,81.50273,10.75123,11.22173,30.65860,28.87117
3227.30720,0.35025,-5.25392,81.49503,10.74484,11.22337,30.66188,28.86494
3227.31720,0.35238,-5.25767,81.45650,10.71287,11.23156,30.67827,28.83380
3227.32720,0.34939,-5.25836,81.43791,10.70926,11.22767,30.66682,28.83416
3227.33720,0.32018,-5.26166,81.30732,10.68744,11.20255,30.56745,28.84988
3227.34720,0.30391,-5.23706,81.63373,10.74123,11.32473,30.64860,28.91917
3227.35720,0.30289,-5.23684,81.62000,10.73931,11.32372,30.64163,28.91533
3227.36720,0.29464,-5.23444,81.51157,10.72648,11.31582,30.58396,28.88531
3227.37720,0.30156,-5.23079,81.62473,10.76123,11.32473,30.61960,28.91917
3227.38720,0.30113,-5.23367,81.60718,10.74894,11.32196,30.62218,28.91409
3227.39720,0.29670,-5.26319,81.42773,10.62323,11.29373,30.64860,28.86217
3227.40720,0.29820,-5.26287,81.42927,10.62643,11.29207,30.64900,28.86177
3227.41720,0.31963,-5.25838,81.45124,10.67209,11.26837,30.65478,28.85599
3227.42720,0.31243,-5.25931,81.48773,10.65323,11.29373,30.67860,28.86217
3227.43720,0.31243,-5.25931,81.48773,10.65323,11.29373,30.67860,28.86217
3227.44720,0.35371,-5.24998,81.42970,10.71127,11.25340,30.66876,28.79627
3227.45720,0.35189,-5.25313,81.39903,10.70233,11.24283,30.65870,28.79517
3227.46720,0.35187,-5.25316,81.39873,10.70223,11.24273,30.65860,28.79517
3227.47720,0.37974,-5.25436,81.44675,10.72144,11.23216,30.71622,28.77693
3227.48720,0.38089,-5.25441,81.44873,10.72223,11.23173,30.71860,28.77617
3227.49720,0.36526,-5.26301,81.37148,10.67931,11.22314,30.69285,28.77617
3227.50720,0.34612,-5.26169,81.37097,10.67223,11.23481,30.66370,28.80023
3227.51720,0.32641,-5.25842,81.38555,10.67223,11.25039,30.63405,28.82888
3227.52720,0.31261,-5.24920,81.39520,10.69712,11.26102,30.58812,28.84893
3227.53720,0.27264,-5.24783,81.50530,10.66941,11.32332,30.59643,28.91613
3227.54720,0.26554,-5.24791,81.52573,10.66323,11.33473,30.59960,28.92817
3227.55720,0.26587,-5.25294,81.47584,10.66323,11.30331,30.57496,28.93433
3227.56720,0.26607,-5.25607,81.44473,10.66323,11.28373,30.55960,28.93817
3227.57720,0.24886,-5.26077,81.48252,10.64335,11.29699,30.56623,28.97596
3227.58720,0.25269,-5.26578,81.56537,10.62616,11.31858,30.63253,28.98810
3227.59720,0.25790,-5.26686,81.59173,10.62323,11.32473,30.65860,28.98517
3227.60720,0.24736,-5.28388,81.48953,10.57286,11.28677,30.63743,28.99247
3227.61720,0.24346,-5.29019,81.45173,10.55423,11.27273,30.62960,28.99517
3227.62720,0.25275,-5.30204,81.37647,10.49885,11.26563,30.66439,28.94760
3227.63720,0.30200,-5.30646,81.36167,10.51173,11.23302,30.73656,28.88036
3227.64720,0.31927,-5.30630,81.36773,10.52523,11.22173,30.75860,28.86217
3227.65720,0.33638,-5.30773,81.27594,10.51801,11.19932,30.75137,28.80724
3227.66720,0.35771,-5.30945,81.25642,10.50810,11.19786,30.79137,28.75908
3227.67720,0.36365,-5.30993,81.26273,10.50523,11.20073,30.80860,28.74817
3227.68720,0.36365,-5.30993,81.26273,10.50523,11.20073,30.80860,28.74817
3227.69720,0.43632,-5.31097,81.42273,10.56423,11.18073,30.96760,28.71017
3227.70720,0.47557,-5.30707,81.34922,10.57977,11.15950,30.98831,28.62164
3227.71720,0.51993,-5.29851,81.25991,10.59038,11.15553,31.01531,28.49869
3227.72720,0.53226,-5.29067,81.22673,10.58423,11.18073,31.02760,28.43417
3227.73720,0.52716,-5.28193,81.22071,10.60169,11.19277,30.99750,28.42875
3227.74720,0.55766,-5.27240,81.11527,10.64887,11.15120,30.95344,28.36176
3227.75720,0.57991,-5.26994,81.04873,10.67223,11.11873,30.93760,28.32017
3227.76720,0.58783,-5.24716,81.07560,10.71254,11.16663,30.92592,28.27052
3227.77720,0.59346,-5.23096,81.09473,10.74123,11.20073,30.91760,28.23517
3227.78720,0.59582,-5.24346,80.97092,10.68808,11.17596,30.91156,28.19531
3227.79720,0.59171,-5.22920,80.99013,10.72333,11.19656,30.87849,28.19175
3227.80720,0.58785,-5.21387,81.05873,10.77123,11.22173,30.85860,28.20717
3227.81720,0.59660,-5.20538,80.99272,10.75955,11.24568,30.85276,28.13474
3227.82720,0.60191,-5.20012,80.95612,10.75123,11.26273,30.85218,28.08998
3227.83720,0.60029,-5.20149,80.97402,10.75123,11.26273,30.85835,28.10170
3227.84720,0.60528,-5.19733,80.91974,10.76063,11.25333,30.83040,28.07538
3227.85720,0.61100,-5.19258,80.85773,10.77123,11.24273,30.79860,28.04517
3227.86720,0.61100,-5.19258,80.85773,10.77123,11.24273,30.79860,28.04517
3227.87720,0.57491,-5.19964,80.82545,10.73728,11.24284,30.74860,28.09673
3227.88720,0.59747,-5.22045,80.73173,10.73123,11.14973,30.74860,28.10217
3227.89720,0.59747,-5.22045,80.73173,10.73123,11.14973,30.74860,28.10217
3227.90720,0.59747,-5.22045,80.73173,10.73123,11.14973,30.74860,28.10217
3227.91720,0.59937,-5.23428,80.81101,10.71187,11.14154,30.81224,28.14536
3227.92720,0.60106,-5.23881,80.81576,10.69667,11.14200,30.83303,28.14406
3227.93720,0.64666,-5.22168,80.78473,10.73123,11.15973,30.86760,28.02617
3227.94720,0.64891,-5.23056,80.79001,10.72496,11.13596,30.88080,28.04829
3227.95720,0.64376,-5.24184,80.85365,10.72131,11.11685,30.90760,28.10789
3227.96720,0.62245,-5.22707,80.96973,10.74123,11.18073,30.90760,28.14017
3227.97720,0.64200,-5.23239,80.96281,10.75113,11.15005,30.93069,28.13094
3227.98720,0.68343,-5.24681,80.99602,10.77123,11.08773,31.00518,28.13188
3227.99720,0.68830,-5.25705,81.13112,10.77123,11.08773,31.08399,28.18817
3228.00720,0.65268,-5.28044,81.07674,10.66620,11.09493,31.09428,28.22133
3228.01720,0.60849,-5.29188,81.11973,10.61323,11.11873,31.08660,28.30117
3228.02720,0.61660,-5.28918,81.11575,10.62637,11.11415,31.08660,28.28862
3228.03720,0.65347,-5.27687,81.09763,10.68611,11.09334,31.08660,28.23158
3228.04720,0.64240,-5.28047,81.18812,10.68277,11.10817,31.11580,28.28139
3228.05720,0.64307,-5.28217,81.17659,10.67930,11.10246,31.11458,28.28024
3228.06720,0.65348,-5.29460,81.05315,10.65323,11.05124,31.09660,28.25208
3228.07720,0.64502,-5.28764,81.06086,10.64354,11.08773,31.09442,28.23517
3228.08720,0.61868,-5.30344,80.96613,10.56723,11.08253,31.07270,28.24367
3228.09720,0.60841,-5.31064,80.98773,10.59423,11.03573,31.03760,28.32017
3228.10720,0.60558,-5.30832,80.98195,10.59240,11.04427,31.03117,28.31411
3228.11720,0.57888,-5.28472,80.93255,10.57923,11.12800,30.96905,28.25627
3228.12720,0.59069,-5.27916,81.00360,10.62462,11.12142,30.98221,28.27535
3228.13720,0.59552,-5.27689,81.03273,10.64323,11.11873,30.98760,28.28317
3228.14720,0.56065,-5.27376,80.99144,10.63363,11.12833,30.91077,28.31871
3228.15720,0.56987,-5.30367,80.80122,10.53898,11.06589,30.92505,28.27130
3228.16720,0.57143,-5.30806,80.77373,10.52523,11.05673,30.92760,28.26417
3228.17720,0.58694,-5.29270,80.81245,10.61612,11.03064,30.88552,28.28016
3228.18720,0.58985,-5.28981,80.81973,10.63323,11.02573,30.87760,28.28317
3228.19720,0.54164,-5.26023,80.84919,10.64165,11.13008,30.79428,28.28317
3228.20720,0.52410,-5.27151,80.92073,10.60123,11.14973,30.83860,28.33117
3228.21720,0.52270,-5.27432,80.93173,10.59423,11.14973,30.84860,28.33917
3228.22720,0.51799,-5.26486,80.86590,10.61007,11.14973,30.79027,28.31584
3228.23720,0.53177,-5.26633,80.86036,10.63567,11.11742,30.78757,28.31970
3228.24720,0.54951,-5.27038,80.86955,10.66269,11.07851,30.79838,28.32997
3228.25720,0.54622,-5.27170,80.86639,10.65687,11.07881,30.79644,28.33427
3228.26720,0.51607,-5.28193,80.83873,10.60423,11.08773,30.77860,28.36817
3228.27720,0.51572,-5.28355,80.83309,10.60247,11.08226,30.77684,28.37153
3228.28720,0.50879,-5.29883,80.78892,10.58237,11.03637,30.76140,28.40879
3228.29720,0.47591,-5.28521,80.92673,10.56423,11.13973,30.78860,28.43417
3228.30720,0.49750,-5.28910,80.91875,10.58600,11.10200,30.80311,28.42764
3228.31720,0.50567,-5.29057,80.91573,10.59423,11.08773,30.80860,28.42517
3228.32720,0.50567,-5.29057,80.91573,10.59423,11.08773,30.80860,28.42517
3228.33720,0.47935,-5.28871,80.93803,10.54673,11.14783,30.81829,28.42517
3228.34720,0.46305,-5.28432,80.83673,10.55423,11.12873,30.72860,28.42517
3228.35720,0.46070,-5.28450,80.84357,10.55235,11.13180,30.72959,28.42983
3228.36720,0.44209,-5.29132,80.89580,10.52961,11.14435,30.74423,28.47761
3228.37720,0.45385,-5.31373,80.85273,10.50523,11.07773,30.76860,28.50117
3228.38720,0.45662,-5.30780,80.86373,10.52481,11.08213,30.75980,28.49699
3228.39720,0.46642,-5.28677,80.90273,10.59423,11.09773,30.72860,28.48217
3228.40720,0.44373,-5.29657,80.83003,10.53323,11.10450,30.71012,28.48217
3228.41720,0.41758,-5.29568,80.79365,10.49969,11.13147,30.67630,28.48619
3228.42720,0.40268,-5.28698,80.80473,10.50523,11.15973,30.64860,28.49117
3228.43720,0.39688,-5.29538,80.80353,10.49379,11.14106,30.64860,28.52007
3228.44720,0.38685,-5.30001,80.80658,10.49536,11.12392,30.62987,28.55743
3228.45720,0.38015,-5.29900,80.81073,10.50523,11.11873,30.60960,28.57717
3228.46720,0.36994,-5.29735,80.79249,10.49611,11.12881,30.59040,28.57717
3228.47720,0.35888,-5.29557,80.77273,10.48623,11.13973,30.56960,28.57717
3228.48720,0.34465,-5.29166,80.75880,10.47182,11.16423,30.55038,28.57237
3228.49720,0.33578,-5.28842,80.71976,10.47033,11.16676,30.51550,28.56717
3228.50720,0.34314,-5.28951,80.69273,10.48623,11.13973,30.49960,28.56717
3228.51720,0.34412,-5.28218,80.69848,10.50098,11.15248,30.48960,28.55542
3228.52720,0.34621,-5.26658,80.71072,10.53237,11.17960,30.46832,28.53042
3228.53720,0.32429,-5.27760,80.64373,10.49523,11.15973,30.43060,28.55817
3228.54720,0.31302,-5.27947,80.58510,10.46312,11.16950,30.41199,28.54049
3228.55720,0.30006,-5.28161,80.51773,10.42623,11.18073,30.39060,28.52017
3228.56720,0.30742,-5.28411,80.52078,10.43385,11.16511,30.39822,28.52360
3228.57720,0.31790,-5.28680,80.53600,10.44379,11.14975,30.41549,28.52697
3228.58720,0.31331,-5.28258,80.56773,10.43623,11.18073,30.43060,28.52017
3228.59720,0.31331,-5.28258,80.56773,10.43623,11.18073,30.43060,28.52017
3228.60720,0.30205,-5.26969,80.60907,10.47957,11.19406,30.38727,28.54817
3228.61720,0.28376,-5.26216,80.71573,10.48623,11.24273,30.40060,28.58617
3228.62720,0.28376,-5.26216,80.71573,10.48623,11.24273,30.40060,28.58617
3228.63720,0.30825,-5.29801,80.62573,10.38723,11.19073,30.49960,28.54817
3228.64720,0.31222,-5.29683,80.64722,10.39714,11.19073,30.50799,28.55136
3228.65720,0.32948,-5.29174,80.74065,10.44020,11.19073,30.54449,28.56523
3228.66720,0.33230,-5.30069,80.65373,10.42623,11.14973,30.51960,28.55817
3228.67720,0.33526,-5.30105,80.70785,10.43503,11.15413,30.54380,28.57489
3228.68720,0.34520,-5.30248,80.90173,10.46623,11.16973,30.62960,28.63617
3228.69720,0.34541,-5.31286,80.87919,10.44188,11.15124,30.64290,28.64317
3228.70720,0.35303,-5.34631,80.78732,10.36232,11.08773,30.69001,28.64726
3228.71720,0.35463,-5.34424,80.83295,10.38178,11.08773,30.69672,28.66672
3228.72720,0.35401,-5.34820,80.85006,10.37230,11.08773,30.71375,28.67629
3228.73720,0.35438,-5.36183,80.88267,10.32765,11.09267,30.77566,28.68670
3228.74720,0.36805,-5.35280,80.93773,10.35823,11.10873,30.79860,28.67217
3228.75720,0.36719,-5.35611,80.94088,10.35613,11.09991,30.80070,28.68414
3228.76720,0.36397,-5.36857,80.95273,10.34823,11.06673,30.80860,28.72917
3228.77720,0.36397,-5.36857,80.95273,10.34823,11.06673,30.80860,28.72917
3228.78720,0.36384,-5.37448,80.83051,10.31507,11.04660,30.77938,28.68945
3228.79720,0.38438,-5.40864,80.87773,10.28923,10.96373,30.86760,28.75717
3228.80720,0.38726,-5.40957,80.87503,10.28723,10.96173,30.87360,28.75247
3228.81720,0.40778,-5.41616,80.85063,10.27025,10.94893,30.91648,28.71497
3228.82720,0.36042,-5.40064,80.84973,10.27923,10.99473,30.81860,28.75717
3228.83720,0.36258,-5.40098,80.85423,10.28107,10.99289,30.82310,28.75717
3228.84720,0.38401,-5.40428,80.89873,10.29923,10.97473,30.86760,28.75717
3228.85720,0.38283,-5.40578,80.89543,10.29723,10.97053,30.86570,28.76197
3228.86720,0.37186,-5.41908,80.85876,10.27923,10.93172,30.84456,28.80325
3228.87720,0.36949,-5.41703,80.79673,10.27923,10.92273,30.80860,28.78617
3228.88720,0.36949,-5.41703,80.79673,10.27923,10.92273,30.80860,28.78617
3228.89720,0.33816,-5.41220,80.74266,10.23192,10.97293,30.76998,28.76783
3228.90720,0.32569,-5.39362,80.76273,10.24023,11.03573,30.74860,28.73817
3228.91720,0.32812,-5.39373,80.76354,10.24417,11.03159,30.74961,28.73817
3228.92720,0.34978,-5.39478,80.77073,10.27923,10.99473,30.75860,28.73817
3228.93720,0.34978,-5.39478,80.77073,10.27923,10.99473,30.75860,28.73817
3228.94720,0.35979,-5.39224,80.78133,10.30102,10.98473,30.76089,28.73470
3228.95720,0.38503,-5.38650,80.78876,10.32330,10.98473,30.78946,28.69127
3228.96720,0.40193,-5.38266,80.79373,10.33823,10.98473,30.80860,28.66217
3228.97720,0.39642,-5.37794,80.80740,10.34490,10.99839,30.79860,28.66551
3228.98720,0.39676,-5.37105,80.79304,10.35823,11.00569,30.77860,28.65052
3228.99720,0.42766,-5.38057,80.73252,10.35047,10.96373,30.81315,28.60517
3229.00720,0.43755,-5.38483,80.78007,10.34793,10.96373,30.85839,28.61002
3229.01720,0.43627,-5.38234,80.78573,10.35823,10.96373,30.84860,28.61517
3229.02720,0.44737,-5.37995,80.69293,10.34223,10.96373,30.83793,28.54904
3229.03720,0.47085,-5.37712,80.67773,10.34823,10.96373,30.86793,28.49784
3229.04720,0.47772,-5.37675,80.71073,10.35823,10.96373,30.88760,28.50117
3229.05720,0.51255,-5.36624,80.59861,10.37413,10.95536,30.87923,28.38989
3229.06720,0.54600,-5.37900,80.77497,10.38563,10.94533,31.02040,28.42361
3229.07720,0.55106,-5.38182,80.81273,10.38723,10.94373,31.04760,28.43417
3229.08720,0.56657,-5.38175,80.78598,10.40769,10.91645,31.04235,28.41948
3229.09720,0.58063,-5.38169,80.76173,10.42623,10.89173,31.03760,28.40617
3229.10720,0.57149,-5.37098,80.74640,10.41409,10.93773,31.02482,28.36976
3229.11720,0.56459,-5.35633,80.80113,10.45448,10.96373,30.99966,28.38326
3229.12720,0.56343,-5.35056,80.84373,10.48623,10.96373,30.98760,28.40617
3229.13720,0.55659,-5.36455,80.72129,10.43995,10.92799,30.95831,28.39504
3229.14720,0.55264,-5.36676,80.68783,10.42434,10.92692,30.94940,28.38717
3229.15720,0.55327,-5.36142,80.72473,10.43623,10.94373,30.95760,28.38717
3229.16720,0.55682,-5.36724,80.73591,10.42506,10.93726,30.98113,28.39247
3229.17720,0.55931,-5.37131,80.74373,10.41723,10.93273,30.99760,28.39617
3229.18720,0.55805,-5.36907,80.75625,10.42412,10.93709,30.99479,28.40025
3229.19720,0.53775,-5.35042,80.78913,10.44350,10.99249,30.95440,28.39873
3229.20720,0.52314,-5.34467,80.73873,10.41723,11.02573,30.92760,28.36817
3229.21720,0.52559,-5.34553,80.78341,10.43538,11.01642,30.93691,28.39470
3229.22720,0.54023,-5.34404,80.83610,10.46079,11.01028,30.96582,28.39921
3229.23720,0.55437,-5.34109,80.83773,10.46623,11.01573,30.98760,28.36817
3229.24720,0.55945,-5.34166,80.79117,10.45663,11.01093,30.98280,28.34081
3229.25720,0.56496,-5.34228,80.74073,10.44623,11.00573,30.97760,28.31117
3229.26720,0.56496,-5.34228,80.74073,10.44623,11.00573,30.97760,28.31117
3229.27720,0.52821,-5.34065,80.61654,10.42715,10.99757,30.86455,28.32727
3229.28720,0.52584,-5.33796,80.61173,10.40723,11.02573,30.87760,28.30117
3229.29720,0.53663,-5.33331,80.59698,10.42295,11.02252,30.87439,28.27712
3229.30720,0.55621,-5.32143,80.59461,10.46207,11.02477,30.87052,28.23726
3229.31720,0.54831,-5.31651,80.66473,10.47623,11.04673,30.87760,28.26417
3229.32720,0.54325,-5.31726,80.65667,10.46268,11.05548,30.87760,28.26091
3229.33720,0.52581,-5.31984,80.62886,10.41593,11.08566,30.87760,28.24967
3229.34720,0.51882,-5.32088,80.61773,10.39723,11.09773,30.87760,28.24517
3229.35720,0.51951,-5.31986,80.53572,10.40903,11.06764,30.82509,28.23396
3229.36720,0.50281,-5.31403,80.56261,10.43401,11.07044,30.78282,28.27534
3229.37720,0.49032,-5.31030,80.62373,10.44623,11.08773,30.77860,28.31117
3229.38720,0.47910,-5.32111,80.55290,10.38913,11.08773,30.77860,28.29744
3229.39720,0.50239,-5.30544,80.66642,10.45744,11.10511,30.81170,28.29217
3229.40720,0.50245,-5.30230,80.68046,10.47071,11.10670,30.80572,28.29733
3229.41720,0.47772,-5.30656,80.61406,10.44671,11.09790,30.74972,28.31973
3229.42720,0.47587,-5.30808,80.61003,10.43833,11.09983,30.75260,28.31927
3229.43720,0.46702,-5.32229,80.57163,10.36923,11.10843,30.78560,28.30837
3229.44720,0.49706,-5.33388,80.44473,10.38723,11.01573,30.75860,28.28317
3229.45720,0.50003,-5.33140,80.46113,10.39213,11.02393,30.76760,28.27747
3229.46720,0.52527,-5.31108,80.59253,10.43233,11.09053,30.84160,28.22807
3229.47720,0.51266,-5.32836,80.44673,10.39723,11.02573,30.77860,28.24517
3229.48720,0.51470,-5.32788,80.46213,10.40302,11.02573,30.78448,28.24890
3229.49720,0.53342,-5.32350,80.60373,10.45623,11.02573,30.83860,28.28317
3229.50720,0.53342,-5.32350,80.60373,10.45623,11.02573,30.83860,28.28317
3229.51720,0.54745,-5.31304,80.67878,10.49328,11.04568,30.86615,28.27367
3229.52720,0.53884,-5.33823,80.58671,10.39921,11.02615,30.89699,28.26436
3229.53720,0.53865,-5.33876,80.58473,10.39723,11.02573,30.89760,28.26417
3229.54720,0.55346,-5.32827,80.58473,10.43430,11.02573,30.88810,28.23661
3229.55720,0.58304,-5.35017,80.59433,10.40841,10.97679,30.97396,28.23517
3229.56720,0.58425,-5.35111,80.59473,10.40723,10.97473,30.97760,28.23517
3229.57720,0.60650,-5.33439,80.78180,10.48543,11.00541,31.03699,28.25398
3229.58720,0.60673,-5.33422,80.78373,10.48623,11.00573,31.03760,28.25417
3229.59720,0.60905,-5.33460,80.64591,10.42920,11.02474,31.02810,28.16388
3229.60720,0.60308,-5.35830,80.62530,10.39841,10.96623,31.03720,28.22347
3229.61720,0.60283,-5.35930,80.62473,10.39723,10.96373,31.03760,28.22617
3229.62720,0.60062,-5.35868,80.64345,10.37026,10.99786,31.07008,28.20525
3229.63720,0.59882,-5.35817,80.65873,10.34823,11.02573,31.09660,28.18817
3229.64720,0.59239,-5.36594,80.69854,10.33976,11.01726,31.11354,28.22798
3229.65720,0.57766,-5.34718,80.72188,10.40538,11.02423,31.03245,28.25982
3229.66720,0.57526,-5.34362,80.72473,10.41723,11.02573,31.01760,28.26417
3229.67720,0.56862,-5.34762,80.68390,10.38390,11.03406,31.01760,28.24834
3229.68720,0.55691,-5.37262,80.65006,10.31049,11.01006,31.05183,28.27769
3229.69720,0.55515,-5.37670,80.64573,10.29923,11.00573,31.05760,28.28317
3229.70720,0.55332,-5.37392,80.65002,10.30572,11.01024,31.04990,28.28416
3229.71720,0.53852,-5.35136,80.68473,10.35823,11.04673,30.98760,28.29217
3229.72720,0.53871,-5.35339,80.66628,10.35551,11.03736,30.98124,28.29217
3229.73720,0.54220,-5.37395,80.49125,10.33016,10.94373,30.92337,28.29400
3229.74720,0.55641,-5.37552,80.58073,10.34823,10.94373,30.97760,28.31117
3229.75720,0.54392,-5.37064,80.60031,10.35043,10.96397,30.96220,28.32371
3229.76720,0.49617,-5.35403,80.62944,10.36293,11.01793,30.87571,28.37287
3229.77720,0.48539,-5.35611,80.50673,10.37723,10.96373,30.77860,28.38717
3229.78720,0.48333,-5.35026,80.49459,10.35664,11.00175,30.78916,28.34704
3229.79720,0.48149,-5.34503,80.48373,10.33823,11.03573,30.79860,28.31117
3229.80720,0.48000,-5.34884,80.48913,10.33223,11.02973,30.80460,28.32257
3229.81720,0.47449,-5.35442,80.55570,10.34011,11.01979,30.82048,28.37532
3229.82720,0.47140,-5.35650,80.59873,10.34823,11.01573,30.82860,28.40617
3229.83720,0.47720,-5.34713,80.56596,10.35419,11.03420,30.81668,28.36088
3229.84720,0.45970,-5.34223,80.49383,10.35229,11.03425,30.74919,28.35809
3229.85720,0.44504,-5.34323,80.45973,10.34823,11.02573,30.70860,28.37717
3229.86720,0.45231,-5.34691,80.46725,10.32510,11.03787,30.74909,28.35519
3229.87720,0.45761,-5.34959,80.47273,10.30823,11.04673,30.77860,28.33917
3229.88720,0.45265,-5.34836,80.51377,10.32777,11.04243,30.77078,28.37278
3229.89720,0.43656,-5.33567,80.59914,10.35358,11.08412,30.75860,28.40284
3229.90720,0.42695,-5.32331,80.62373,10.34823,11.13973,30.75860,28.37717
3229.91720,0.43730,-5.32438,80.66786,10.38062,11.11532,30.76799,28.40393
3229.92720,0.44421,-5.33264,80.67933,10.39195,11.07781,30.77540,28.43417
3229.93720,0.43427,-5.34736,80.59933,10.33929,11.05714,30.76873,28.43417
3229.94720,0.43407,-5.34766,80.59773,10.33823,11.05673,30.76860,28.43417
3229.95720,0.40774,-5.34136,80.43873,10.32823,11.04673,30.64860,28.41517
3229.96720,0.40774,-5.34136,80.43873,10.32823,11.04673,30.64860,28.41517
3229.97720,0.39054,-5.31041,80.55008,10.37417,11.13973,30.62739,28.40880
3229.98720,0.36785,-5.32101,80.54202,10.33457,11.13973,30.62067,28.44705
3229.99720,0.36351,-5.31770,80.53383,10.34180,11.14203,30.60120,28.44880
3230.00720,0.35836,-5.30224,80.50616,10.38129,11.14973,30.53808,28.43707
3230.01720,0.34634,-5.30805,80.48630,10.35547,11.14973,30.53145,28.44965
3230.02720,0.34216,-5.30781,80.46090,10.35098,11.14828,30.51527,28.44637
3230.03720,0.33846,-5.29930,80.37077,10.36348,11.14170,30.45014,28.41545
3230.04720,0.30112,-5.29890,80.47916,10.36588,11.16973,30.43339,28.51017
3230.05720,0.30563,-5.30618,80.48497,10.34548,11.16596,30.46510,28.50843
3230.06720,0.30146,-5.31490,80.35873,10.31823,11.12873,30.42060,28.49117
3230.07720,0.30202,-5.31440,80.36397,10.32139,11.12873,30.42113,28.49272
3230.08720,0.30758,-5.30943,80.41638,10.35294,11.12873,30.42648,28.50823
3230.09720,0.28439,-5.29088,80.46073,10.35823,11.20073,30.40060,28.50117
3230.10720,0.28489,-5.29137,80.45355,10.35688,11.19842,30.39924,28.49900
3230.11720,0.29115,-5.29753,80.36372,10.33993,11.16961,30.38229,28.47189
3230.12720,0.29547,-5.30178,80.30173,10.32823,11.14973,30.37060,28.45317
3230.13720,0.28269,-5.30373,80.29106,10.32823,11.14002,30.34148,28.48132
3230.14720,0.31086,-5.31308,80.33779,10.32823,11.11956,30.41743,28.47257
3230.15720,0.31204,-5.31346,80.33973,10.32823,11.11873,30.42060,28.47217
3230.16720,0.26853,-5.31526,80.32715,10.30888,11.12840,30.35286,28.53701
3230.17720,0.28905,-5.29445,80.33922,10.36492,11.14890,30.34099,28.48441
3230.18720,0.28994,-5.29360,80.33973,10.36723,11.14973,30.34060,28.48217
3230.19720,0.29763,-5.28871,80.31160,10.37693,11.14973,30.33090,28.45404
3230.20720,0.29787,-5.28855,80.31073,10.37723,11.14973,30.33060,28.45317
3230.21720,0.28411,-5.29085,80.22640,10.36267,11.13363,30.27693,28.45317
3230.22720,0.32711,-5.29423,80.29264,10.40798,11.09416,30.34491,28.44559
3230.23720,0.33588,-5.29472,80.30973,10.41723,11.08773,30.36060,28.44417
3230.24720,0.33588,-5.29472,80.30973,10.41723,11.08773,30.36060,28.44417
3230.25720,0.31356,-5.30597,80.24688,10.32680,11.12173,30.37774,28.42060
3230.26720,0.31700,-5.30611,80.24273,10.32823,11.11873,30.38060,28.41517
3230.27720,0.36068,-5.29362,80.26186,10.38562,11.11041,30.41387,28.35197
3230.28720,0.36951,-5.29109,80.26573,10.39723,11.10873,30.42060,28.33917
3230.29720,0.36645,-5.31115,80.27688,10.36081,11.07751,30.45702,28.38155
3230.30720,0.37363,-5.31199,80.23450,10.34823,11.07581,30.46134,28.34912
3230.31720,0.37537,-5.31071,80.22473,10.34823,11.07773,30.45960,28.33917
3230.32720,0.36636,-5.29791,80.27883,10.38015,11.10532,30.43850,28.35486
3230.33720,0.39367,-5.30441,80.25202,10.39298,11.06243,30.46266,28.33396
3230.34720,0.40776,-5.31141,80.22273,10.38723,11.03573,30.47960,28.32017
3230.35720,0.40702,-5.30939,80.29141,10.37763,11.07079,30.52282,28.32017
3230.36720,0.40623,-5.30721,80.36573,10.36723,11.10873,30.56960,28.32017
3230.37720,0.40531,-5.30699,80.36149,10.37109,11.10449,30.56189,28.32403
3230.38720,0.41450,-5.31243,80.30518,10.37173,11.06965,30.54960,28.31421
3230.39720,0.42319,-5.31715,80.26473,10.36723,11.04673,30.54960,28.30117
3230.40720,0.44454,-5.32161,80.33939,10.40877,11.00940,30.58572,28.33549
3230.41720,0.46578,-5.32237,80.45827,10.42464,11.02255,30.66999,28.34109
3230.42720,0.47035,-5.32097,80.50273,10.41723,11.04673,30.70860,28.33017
3230.43720,0.47380,-5.31665,80.37470,10.42254,11.02254,30.64429,28.28533
3230.44720,0.47620,-5.31363,80.28573,10.42623,11.00573,30.59960,28.25417
3230.45720,0.44507,-5.31813,80.23821,10.38584,11.01761,30.55802,28.27675
3230.46720,0.43715,-5.32253,80.23212,10.36980,11.01654,30.55628,28.28950
3230.47720,0.45981,-5.32477,80.27684,10.38939,11.00096,30.60151,28.28498
3230.48720,0.47555,-5.33464,80.27050,10.37870,10.97524,30.63813,28.27842
3230.49720,0.46885,-5.34216,80.28551,10.35823,10.97319,30.65385,28.30023
3230.50720,0.45329,-5.33954,80.33173,10.35823,10.99473,30.64860,28.33017
3230.51720,0.45707,-5.33526,80.32741,10.37215,10.99473,30.63948,28.32105
3230.52720,0.46116,-5.33063,80.32273,10.38723,10.99473,30.62960,28.31117
3230.53720,0.46116,-5.33063,80.32273,10.38723,10.99473,30.62960,28.31117
3230.54720,0.45759,-5.35583,80.22216,10.32433,10.94217,30.63453,28.32113
3230.55720,0.44614,-5.35597,80.35773,10.33823,10.96373,30.66860,28.38717
3230.56720,0.45868,-5.35500,80.30556,10.33823,10.95329,30.66523,28.34880
3230.57720,0.47618,-5.35400,80.24200,10.33163,10.94659,30.67180,28.29198
3230.58720,0.46144,-5.35581,80.32173,10.31823,10.97473,30.69860,28.33017
3230.59720,0.47105,-5.35972,80.31161,10.32140,10.95511,30.70809,28.32701
3230.60720,0.49182,-5.36817,80.28973,10.32823,10.91273,30.72860,28.32017
3230.61720,0.49182,-5.36817,80.28973,10.32823,10.91273,30.72860,28.32017
3230.62720,0.47912,-5.38797,80.34719,10.27712,10.90928,30.78552,28.37527
3230.63720,0.47759,-5.38014,80.46073,10.26923,10.97473,30.84860,28.36817
3230.64720,0.48213,-5.37995,80.47273,10.27973,10.96808,30.85267,28.37224
3230.65720,0.49955,-5.38388,80.50990,10.30480,10.93894,30.87899,28.38717
3230.66720,0.50218,-5.39965,80.48673,10.25923,10.92273,30.91760,28.38717
3230.67720,0.50265,-5.40155,80.48222,10.25133,10.92273,30.92405,28.38411
3230.68720,0.50496,-5.41107,80.45964,10.21181,10.92273,30.95631,28.36879
3230.69720,0.50632,-5.41012,80.46487,10.21815,10.92111,30.95518,28.37044
3230.70720,0.52250,-5.39388,80.53698,10.30823,10.90732,30.93210,28.38933
3230.71720,0.54070,-5.38244,80.55973,10.30823,10.95373,30.97760,28.32017
3230.72720,0.53841,-5.38445,80.54323,10.30266,10.94787,30.97046,28.32224
3230.73720,0.50971,-5.40955,80.33698,10.23302,10.87466,30.88117,28.34814
3230.74720,0.51011,-5.41223,80.33640,10.22635,10.87173,30.88828,28.35005
3230.75720,0.52367,-5.42639,80.41608,10.19511,10.87392,30.98548,28.36157
3230.76720,0.51296,-5.40822,80.52573,10.25923,10.90273,30.95760,28.40617
3230.77720,0.51592,-5.40867,80.52652,10.25923,10.90135,30.96350,28.40244
3230.78720,0.55288,-5.41427,80.53636,10.25923,10.88414,31.03727,28.35571
3230.79720,0.50841,-5.43079,80.41791,10.20222,10.85177,30.95097,28.41295
3230.80720,0.50549,-5.43156,80.41658,10.19986,10.85110,30.94723,28.41839
3230.81720,0.48854,-5.43457,80.45722,10.19451,10.85645,30.94188,28.46438
3230.82720,0.47500,-5.43698,80.48973,10.19023,10.86073,30.93760,28.50117
3230.83720,0.48686,-5.44247,80.47066,10.18806,10.83852,30.95208,28.49200
3230.84720,0.51983,-5.45447,80.44058,10.19219,10.78422,30.99382,28.47035
3230.85720,0.51265,-5.44576,80.48973,10.21023,10.80973,30.98760,28.48217
3230.86720,0.51434,-5.44858,80.56153,10.19428,10.83446,31.04344,28.48935
3230.87720,0.50051,-5.46528,80.42550,10.12385,10.81046,31.01855,28.47263
3230.88720,0.50017,-5.46568,80.42173,10.12223,10.80973,31.01760,28.47217
3230.89720,0.51036,-5.44088,80.62948,10.21748,10.85623,31.04760,28.50817
3230.90720,0.51374,-5.43265,80.69873,10.24923,10.87173,31.05760,28.52017
3230.91720,0.50079,-5.44757,80.58967,10.20317,10.83650,31.02373,28.52627
3230.92720,0.46125,-5.42298,80.63838,10.19962,10.93973,30.97857,28.52046
3230.93720,0.46014,-5.42193,80.64173,10.20023,10.94373,30.97760,28.52017
3230.94720,0.46168,-5.43828,80.59852,10.20023,10.87458,30.95839,28.56531
3230.95720,0.43963,-5.43900,80.55321,10.16887,10.89157,30.92560,28.56717
3230.96720,0.42718,-5.43902,80.52873,10.15123,10.90273,30.90760,28.56717
3230.97720,0.41485,-5.44375,80.35935,10.14276,10.85022,30.80681,28.55955
3230.98720,0.41261,-5.44461,80.32873,10.14123,10.84073,30.78860,28.55817
3230.99720,0.38836,-5.44274,80.39838,10.13646,10.87030,30.78383,28.60778
3231.00720,0.35863,-5.44078,80.43773,10.12398,10.89998,30.76110,28.65267
3231.01720,0.34902,-5.44106,80.32673,10.10223,10.89173,30.70860,28.62417
3231.02720,0.32135,-5.43180,80.41294,10.13603,10.91311,30.66722,28.69659
3231.03720,0.29731,-5.42229,80.41237,10.13048,10.95207,30.62785,28.70198
3231.04720,0.29270,-5.42016,80.39673,10.12223,10.96373,30.61960,28.69117
3231.05720,0.28160,-5.42440,80.47849,10.12869,10.96373,30.63394,28.75213
3231.06720,0.27723,-5.42607,80.51073,10.13123,10.96373,30.63960,28.77617
3231.07720,0.27464,-5.42758,80.48140,10.12490,10.95706,30.62627,28.77317
3231.08720,0.25889,-5.43010,80.43946,10.10108,10.96102,30.59960,28.77777
3231.09720,0.25052,-5.42970,80.45273,10.09223,10.97473,30.59960,28.78617
3231.10720,0.26579,-5.42308,80.51019,10.12679,10.97861,30.62251,28.78229
3231.11720,0.28108,-5.41497,80.57745,10.16222,10.98948,30.64957,28.77617
3231.12720,0.27144,-5.41751,80.55173,10.14123,10.99473,30.63960,28.77617
3231.13720,0.28917,-5.42221,80.46807,10.14593,10.95149,30.62550,28.74515
3231.14720,0.30921,-5.42752,80.37373,10.15123,10.90273,30.60960,28.71017
3231.15720,0.31450,-5.43365,80.36376,10.14174,10.88801,30.62384,28.71017
3231.16720,0.34030,-5.43195,80.41832,10.17828,10.87173,30.66289,28.70542
3231.17720,0.36229,-5.42261,80.49073,10.23023,10.87173,30.68860,28.70017
3231.18720,0.35739,-5.41191,80.47166,10.23534,10.89939,30.66470,28.67224
3231.19720,0.34696,-5.38913,80.43109,10.24619,10.95825,30.61384,28.61281
3231.20720,0.32530,-5.40188,80.42470,10.20041,10.95735,30.61615,28.65079
3231.21720,0.32140,-5.40587,80.42573,10.19023,10.95373,30.61960,28.66217
3231.22720,0.32875,-5.37492,80.39717,10.23979,11.00581,30.56920,28.58237
3231.23720,0.33008,-5.37275,80.37384,10.24107,11.00599,30.55855,28.56822
3231.24720,0.33060,-5.40005,80.22642,10.17873,10.93332,30.54702,28.56735
3231.25720,0.33373,-5.38652,80.24273,10.20023,10.96373,30.53960,28.53917
3231.26720,0.33304,-5.38955,80.25824,10.20023,10.95713,30.54620,28.55468
3231.27720,0.33420,-5.39449,80.27455,10.19396,10.95033,30.56290,28.56736
3231.28720,0.33939,-5.39199,80.24373,10.18123,10.96373,30.56960,28.52917
3231.29720,0.32998,-5.38528,80.25754,10.18763,10.98460,30.55277,28.53254
3231.30720,0.31145,-5.37206,80.28473,10.20023,11.02573,30.51960,28.53917
3231.31720,0.31711,-5.38311,80.23996,10.18489,10.99034,30.52273,28.54199
3231.32720,0.32719,-5.40801,80.14173,10.14685,10.91492,30.52960,28.55037
3231.33720,0.31979,-5.40996,80.14173,10.13315,10.92177,30.52960,28.55721
3231.34720,0.32090,-5.40553,80.18214,10.14672,10.93440,30.53858,28.56244
3231.35720,0.33032,-5.39666,80.31474,10.17740,10.96983,30.59267,28.57484
3231.36720,0.33703,-5.42086,80.29173,10.10223,10.95373,30.66860,28.56717
3231.37720,0.33969,-5.41908,80.31377,10.11427,10.95373,30.67268,28.57309
3231.38720,0.35005,-5.41216,80.39973,10.16123,10.95373,30.68860,28.59617
3231.39720,0.35872,-5.40899,80.38809,10.17142,10.95165,30.68860,28.57642
3231.40720,0.39291,-5.39810,80.35177,10.20817,10.94373,30.69685,28.50303
3231.41720,0.39725,-5.40266,80.38273,10.20023,10.94373,30.72860,28.51017
3231.42720,0.39970,-5.40002,80.39248,10.20974,10.94610,30.72860,28.50803
3231.43720,0.40755,-5.39155,80.42373,10.24023,10.95373,30.72860,28.50117
3231.44720,0.40755,-5.39155,80.42373,10.24023,10.95373,30.72860,28.50117
3231.45720,0.46739,-5.41819,80.39344,10.24951,10.84253,30.81500,28.48640
3231.46720,0.41509,-5.43543,80.31973,10.15123,10.86073,30.77860,28.52917
3231.47720,0.41685,-5.43523,80.32884,10.15123,10.86380,30.78652,28.52729
3231.48720,0.43474,-5.43454,80.41204,10.15226,10.88700,30.86112,28.51166
3231.49720,0.45503,-5.44646,80.41547,10.16369,10.83442,30.88912,28.52824
3231.50720,0.46614,-5.45255,80.41996,10.17222,10.80557,30.90351,28.53866
3231.51720,0.44079,-5.43288,80.44467,10.18314,10.87051,30.85811,28.53291
3231.52720,0.42431,-5.42010,80.46073,10.19023,10.91273,30.82860,28.52917
3231.53720,0.43441,-5.43233,80.42393,10.17063,10.87953,30.84820,28.52557
3231.54720,0.45366,-5.45795,80.41094,10.14123,10.81517,30.90671,28.54783
3231.55720,0.45798,-5.46563,80.45573,10.14123,10.79973,30.93760,28.57717
3231.56720,0.47647,-5.45838,80.49197,10.17034,10.80567,30.96136,28.55460
3231.57720,0.48780,-5.45706,80.54564,10.18492,10.80973,30.99530,28.55569
3231.58720,0.48691,-5.45959,80.56573,10.18123,10.80973,31.00760,28.56717
3231.59720,0.49765,-5.46183,80.55013,10.15723,10.82173,31.04360,28.52757
3231.60720,0.50481,-5.46333,80.53973,10.14123,10.82973,31.06760,28.50117
3231.61720,0.51129,-5.47340,80.58653,10.12983,10.81773,31.11500,28.52397
3231.62720,0.52789,-5.46249,80.66463,10.18982,10.81662,31.12591,28.53228
3231.63720,0.53341,-5.45457,80.68573,10.22023,10.81973,31.11660,28.52917
3231.64720,0.56466,-5.48082,80.50685,10.16089,10.73975,31.14240,28.46381
3231.65720,0.56281,-5.47447,80.51394,10.15689,10.76803,31.14660,28.44242
3231.66720,0.55748,-5.46631,80.54173,10.16123,10.79973,31.14660,28.43417
3231.67720,0.57044,-5.46791,80.50814,10.16809,10.77848,31.14660,28.41498
3231.68720,0.57638,-5.46864,80.49273,10.17123,10.76873,31.14660,28.40617
3231.69720,0.59880,-5.47680,80.42437,10.19232,10.70109,31.13205,28.39890
3231.70720,0.59359,-5.48612,80.37975,10.14329,10.70566,31.14850,28.38230
3231.71720,0.58856,-5.48844,80.37273,10.12223,10.71673,31.15660,28.37717
3231.72720,0.56680,-5.48476,80.43574,10.13615,10.73211,31.13462,28.43286
3231.73720,0.58124,-5.50460,80.32285,10.09136,10.67774,31.14828,28.40547
3231.74720,0.58984,-5.51274,80.27073,10.07223,10.65473,31.15660,28.38717
3231.75720,0.58472,-5.49101,80.45903,10.14477,10.70748,31.17125,28.43553
3231.76720,0.58285,-5.48311,80.52773,10.17123,10.72673,31.17660,28.45317
3231.77720,0.56802,-5.47849,80.50918,10.17123,10.73823,31.13950,28.46022
3231.78720,0.55312,-5.46352,80.56893,10.19479,10.78309,31.11888,28.47217
3231.79720,0.55984,-5.45885,80.62873,10.21023,10.79973,31.14660,28.47217
3231.80720,0.54500,-5.47188,80.51111,10.15202,10.78131,31.11690,28.46089
3231.81720,0.55277,-5.48993,80.43550,10.11819,10.73178,31.12640,28.45913
3231.82720,0.56493,-5.49612,80.43873,10.12223,10.70673,31.14660,28.46317
3231.83720,0.55374,-5.49779,80.47819,10.13250,10.70078,31.13579,28.50912
3231.84720,0.54425,-5.49921,80.51173,10.14123,10.69573,31.12660,28.54817
3231.85720,0.53902,-5.50038,80.51270,10.13202,10.70106,31.12660,28.55302
3231.86720,0.53790,-5.49240,80.51515,10.13588,10.72602,31.12189,28.53135
3231.87720,0.54287,-5.48202,80.51673,10.15123,10.74773,31.11660,28.50117
3231.88720,0.51489,-5.48156,80.52837,10.15123,10.75238,31.07053,28.55422
3231.89720,0.48493,-5.48594,80.51899,10.13320,10.75250,31.02805,28.60524
3231.90720,0.48966,-5.49664,80.46956,10.09399,10.74114,31.05078,28.58365
3231.91720,0.49108,-5.49985,80.45473,10.08223,10.73773,31.05760,28.57717
3231.92720,0.50061,-5.50009,80.38786,10.09874,10.70305,31.02458,28.56149
3231.93720,0.50262,-5.50014,80.37373,10.10223,10.69573,31.01760,28.55817
3231.94720,0.50711,-5.50123,80.29320,10.08580,10.68751,31.00116,28.51873
3231.95720,0.50498,-5.49958,80.38315,10.07403,10.72837,31.05500,28.52575
3231.96720,0.50430,-5.49916,80.40673,10.07223,10.73773,31.06760,28.52917
3231.97720,0.49749,-5.50507,80.30263,10.05409,10.70812,31.01985,28.52058
3231.98720,0.50296,-5.52397,80.27673,10.00323,10.68573,31.06760,28.52017
3231.99720,0.50066,-5.51917,80.32098,10.01992,10.69735,31.06929,28.53442
3232.00720,0.49073,-5.49844,80.51273,10.09223,10.74773,31.07660,28.59617
3232.01720,0.49058,-5.50914,80.45626,10.05853,10.72905,31.08115,28.58752
3232.02720,0.49201,-5.53584,80.32207,9.97712,10.68173,31.09660,28.56662
3232.03720,0.49873,-5.50200,80.52273,10.09223,10.73773,31.09660,28.59617
3232.04720,0.49143,-5.50121,80.55339,10.09433,10.74634,31.09660,28.61612
3232.05720,0.46438,-5.49797,80.67013,10.10223,10.78013,31.09800,28.68977
3232.06720,0.46613,-5.49657,80.67680,10.10223,10.78679,31.10467,28.68311
3232.07720,0.46533,-5.49810,80.65901,10.09677,10.78223,31.09955,28.68046
3232.08720,0.45005,-5.52069,80.42973,10.03323,10.70673,31.01760,28.67217
3232.09720,0.45005,-5.52069,80.42973,10.03323,10.70673,31.01760,28.67217
3232.10720,0.45145,-5.51468,80.50673,10.05913,10.72193,31.03360,28.69207
3232.11720,0.44089,-5.49167,80.57873,10.11223,10.76873,30.99760,28.70017
3232.12720,0.44230,-5.49227,80.58453,10.10941,10.77092,31.00601,28.69819
3232.13720,0.45969,-5.50006,80.65139,10.07038,10.79973,31.11154,28.66974
3232.14720,0.44530,-5.49807,80.53459,10.04718,10.79973,31.04834,28.63934
3232.15720,0.44285,-5.49773,80.51473,10.04323,10.79973,31.03760,28.63417
3232.16720,0.44352,-5.50402,80.49251,10.04323,10.77177,31.02750,28.65000
3232.17720,0.44420,-5.51044,80.46983,10.04323,10.74325,31.01719,28.66615
3232.18720,0.44483,-5.51641,80.44873,10.04323,10.71673,31.00760,28.68117
3232.19720,0.42755,-5.51428,80.41963,10.04323,10.71673,30.96066,28.69901
3232.20720,0.42643,-5.51415,80.41773,10.04323,10.71673,30.95760,28.70017
3232.21720,0.40630,-5.48639,80.60127,10.07081,10.83465,30.98613,28.70968
3232.22720,0.40526,-5.48496,80.61073,10.07223,10.84073,30.98760,28.71017
3232.23720,0.40442,-5.51125,80.52161,10.02527,10.77173,30.98760,28.73701
3232.24720,0.39398,-5.49964,80.54173,10.07448,10.76873,30.92922,28.76931
3232.25720,0.38834,-5.49274,80.55473,10.10223,10.76873,30.89760,28.78617
3232.26720,0.37785,-5.49884,80.54836,10.08403,10.76372,30.89305,28.80756
3232.27720,0.36566,-5.50594,80.54096,10.06287,10.75790,30.88776,28.83243
3232.28720,0.33673,-5.51644,80.49173,10.01323,10.75773,30.85860,28.86217
3232.29720,0.31340,-5.50062,80.57725,10.02162,10.82731,30.85022,28.87810
3232.30720,0.30891,-5.49758,80.59373,10.02323,10.84073,30.84860,28.88117
3232.31720,0.31446,-5.50434,80.59186,10.02793,10.81163,30.85329,28.89901
3232.32720,0.32167,-5.51197,80.58135,10.03222,10.77767,30.85708,28.91438
3232.33720,0.33917,-5.51147,80.42373,10.01323,10.75773,30.82860,28.82417
3232.34720,0.33368,-5.50079,80.50747,10.05873,10.77157,30.81541,28.86176
3232.35720,0.32243,-5.51440,80.47280,9.98645,10.78684,30.84919,28.85033
3232.36720,0.32047,-5.51884,80.45473,9.96423,10.78873,30.85860,28.84317
3232.37720,0.32848,-5.48909,80.44039,10.03933,10.81488,30.79110,28.79508
3232.38720,0.32996,-5.48358,80.43773,10.05323,10.81973,30.77860,28.78617
3232.39720,0.34883,-5.48887,80.46377,10.05811,10.80291,30.82199,28.78075
3232.40720,0.38811,-5.48837,80.44339,10.09143,10.76610,30.85130,28.73456
3232.41720,0.39676,-5.48653,80.42773,10.10223,10.75773,30.84860,28.71917
3232.42720,0.39676,-5.48653,80.42773,10.10223,10.75773,30.84860,28.71917
3232.43720,0.39155,-5.46052,80.41061,10.11743,10.82981,30.81500,28.64837
3232.44720,0.37898,-5.45625,80.37473,10.11223,10.84073,30.77860,28.64317
3232.45720,0.38461,-5.44291,80.44733,10.14763,10.87133,30.79060,28.63777
3232.46720,0.38836,-5.43403,80.49573,10.17123,10.89173,30.79860,28.63417
3232.47720,0.38964,-5.44163,80.44002,10.14149,10.88006,30.80236,28.61610
3232.48720,0.40534,-5.44697,80.30752,10.11782,10.85028,30.78771,28.55171
3232.49720,0.41777,-5.44031,80.27073,10.14123,10.84073,30.76860,28.52017
3232.50720,0.44509,-5.43891,80.24964,10.15833,10.82306,30.79140,28.47685
3232.51720,0.47761,-5.42909,80.24582,10.19369,10.82124,30.81436,28.41654
3232.52720,0.48637,-5.42264,80.25473,10.21023,10.82973,30.81860,28.39617
3232.53720,0.46130,-5.43323,80.19533,10.15743,10.82973,30.79460,28.41357
3232.54720,0.44457,-5.44029,80.15573,10.12223,10.82973,30.77860,28.42517
3232.55720,0.47084,-5.44759,80.18337,10.13893,10.79461,30.82466,28.42517
3232.56720,0.48527,-5.44355,80.23185,10.17994,10.78044,30.83517,28.43630
3232.57720,0.48180,-5.43691,80.25173,10.20023,10.78873,30.81860,28.44417
3232.58720,0.48924,-5.43071,80.32598,10.22611,10.80410,30.84448,28.45130
3232.59720,0.50161,-5.42041,80.44973,10.26923,10.82973,30.88760,28.46317
3232.60720,0.49495,-5.42208,80.33014,10.25574,10.80599,30.82757,28.44084
3232.61720,0.47502,-5.43186,80.21057,10.21254,10.78342,30.77268,28.44193
3232.62720,0.46115,-5.44075,80.23073,10.18123,10.78873,30.78860,28.47217
3232.63720,0.48040,-5.43869,80.26371,10.20525,10.78059,30.81710,28.46078
3232.64720,0.50640,-5.43019,80.30020,10.24023,10.78507,30.84899,28.42591
3232.65720,0.50215,-5.41853,80.27573,10.24023,10.81973,30.82860,28.38717
3232.66720,0.49980,-5.42408,80.26615,10.22138,10.81653,30.83819,28.39005
3232.67720,0.50429,-5.44510,80.23698,10.18123,10.77505,30.87173,28.40897
3232.68720,0.52302,-5.46324,80.21973,10.18123,10.70673,30.89760,28.43417
3232.69720,0.51608,-5.46187,80.26247,10.16919,10.73472,30.91867,28.43989
3232.70720,0.50000,-5.45869,80.36173,10.14123,10.79973,30.96760,28.45317
3232.71720,0.49433,-5.45999,80.36015,10.14803,10.78794,30.94947,28.47471
3232.72720,0.47766,-5.46381,80.35548,10.16803,10.75327,30.89613,28.53804
3232.73720,0.49749,-5.44440,80.50573,10.24023,10.78873,30.93760,28.53917
3232.74720,0.49048,-5.44351,80.49445,10.23459,10.79456,30.92443,28.54087
3232.75720,0.45227,-5.44180,80.47453,10.21023,10.81973,30.86760,28.57697
3232.76720,0.41315,-5.45128,80.58714,10.20144,10.82446,30.86106,28.70017
3232.77720,0.39172,-5.45241,80.55544,10.17291,10.84073,30.83356,28.70824
3232.78720,0.37699,-5.45180,80.57784,10.18091,10.84073,30.80956,28.74664
3232.79720,0.36981,-5.45155,80.57352,10.17702,10.84437,30.79789,28.75424
3232.80720,0.28306,-5.45045,80.50546,10.11860,10.88891,30.66042,28.83754
3232.81720,0.27403,-5.46853,80.50273,10.08223,10.86073,30.67860,28.88117
3232.82720,0.27403,-5.46853,80.50273,10.08223,10.86073,30.67860,28.88117
3232.83720,0.27370,-5.45623,80.49207,10.10223,10.88139,30.65260,28.85584
3232.84720,0.27354,-5.45007,80.48673,10.11223,10.89173,30.63960,28.84317
3232.85720,0.20896,-5.44802,80.45899,10.07322,10.93075,30.54455,28.91047
3232.86720,0.20281,-5.46015,80.58873,10.08223,10.91273,30.58960,29.00417
3232.87720,0.20314,-5.46029,80.57956,10.08143,10.91063,30.58638,29.00112
3232.88720,0.20780,-5.46234,80.44853,10.06993,10.88075,30.54040,28.95744
3232.89720,0.24133,-5.46256,80.30510,10.09995,10.81264,30.50017,28.89234
3232.90720,0.24317,-5.46249,80.30173,10.10223,10.80973,30.49960,28.89017
3232.91720,0.26501,-5.45361,80.26002,10.08283,10.84950,30.53840,28.78929
3232.92720,0.27178,-5.46943,80.27631,10.06335,10.81753,30.57866,28.81677
3232.93720,0.27504,-5.47806,80.28573,10.05323,10.79973,30.59960,28.83317
3232.94720,0.29575,-5.44940,80.32568,10.09488,10.86943,30.61660,28.74477
3232.95720,0.29940,-5.44434,80.33273,10.10223,10.88173,30.61960,28.72917
3232.96720,0.34793,-5.46586,80.28768,10.10223,10.79418,30.68675,28.70452
3232.97720,0.36407,-5.47809,80.24115,10.07986,10.76139,30.71538,28.68452
3232.98720,0.37003,-5.48474,80.21073,10.06223,10.74773,30.72860,28.67217
3232.99720,0.38758,-5.48384,80.21110,10.08039,10.73284,30.74313,28.65474
3233.00720,0.41161,-5.48260,80.21159,10.10527,10.71244,30.76303,28.63086
3233.01720,0.42575,-5.48020,80.34173,10.12223,10.73773,30.83860,28.64317
3233.02720,0.42654,-5.47997,80.36830,10.12223,10.74543,30.85362,28.64702
3233.03720,0.42764,-5.47966,80.40520,10.12223,10.75612,30.87447,28.65237
3233.04720,0.42781,-5.47961,80.41073,10.12223,10.75773,30.87760,28.65317
3233.05720,0.42844,-5.48131,80.45392,10.11110,10.77407,30.91192,28.65683
3233.06720,0.43582,-5.48448,80.32273,10.10223,10.73773,30.86760,28.61517
3233.07720,0.43841,-5.47357,80.38273,10.12563,10.76833,30.87960,28.60917
3233.08720,0.45362,-5.48173,80.39793,10.11763,10.75153,30.92360,28.60517
3233.09720,0.47387,-5.50486,80.36073,10.08223,10.69573,30.97760,28.60517
3233.10720,0.47053,-5.49737,80.43213,10.10229,10.72055,30.98780,28.62149
3233.11720,0.46404,-5.48288,80.57073,10.14123,10.76873,31.00760,28.65317
3233.12720,0.47929,-5.48736,80.49554,10.13465,10.73996,31.00413,28.61679
3233.13720,0.51363,-5.49747,80.39845,10.13112,10.68266,31.02180,28.56288
3233.14720,0.52604,-5.50116,80.49973,10.15123,10.67573,31.07660,28.59617
3233.15720,0.54541,-5.49660,80.51421,10.17109,10.67573,31.10016,28.56722
3233.16720,0.59112,-5.48601,80.56073,10.21023,10.68606,31.16993,28.49451
3233.17720,0.60626,-5.48280,80.59673,10.21023,10.70673,31.21660,28.46317
3233.18720,0.59905,-5.49182,80.55284,10.18416,10.68957,31.20670,28.47241
3233.19720,0.58439,-5.51014,80.46373,10.13123,10.65473,31.18660,28.49117
3233.20720,0.59078,-5.50996,80.46971,10.13698,10.65116,31.19580,28.48577
3233.21720,0.63626,-5.50723,80.49837,10.17447,10.63072,31.25758,28.43560
3233.22720,0.62360,-5.50264,80.43873,10.15123,10.65473,31.22660,28.40617
3233.23720,0.62381,-5.50481,80.44222,10.15341,10.64580,31.22660,28.41641
3233.24720,0.63121,-5.51063,80.43436,10.16732,10.60932,31.22240,28.43532
3233.25720,0.65629,-5.50322,80.35773,10.19023,10.59273,31.20660,28.36817
3233.26720,0.65749,-5.49898,80.38313,10.20167,10.60281,31.21048,28.36817
3233.27720,0.66248,-5.48138,80.48873,10.24923,10.64473,31.22660,28.36817
3233.28720,0.66248,-5.48138,80.48873,10.24923,10.64473,31.22660,28.36817
3233.29720,0.66290,-5.48291,80.42915,10.25801,10.61508,31.18789,28.36817
3233.30720,0.65841,-5.48376,80.44689,10.24268,10.63202,31.20402,28.36817
3233.31720,0.65769,-5.48389,80.44973,10.24023,10.63473,31.20660,28.36817
3233.32720,0.64667,-5.47962,80.32291,10.22445,10.63267,31.13660,28.32919
3233.33720,0.64051,-5.49413,80.24173,10.17123,10.61373,31.13660,28.32017
3233.34720,0.64232,-5.49094,80.26077,10.18019,10.62094,31.14080,28.31884
3233.35720,0.66631,-5.44867,80.51373,10.29923,10.71673,31.19660,28.30117
3233.36720,0.66367,-5.44869,80.50738,10.29654,10.71769,31.19111,28.30204
3233.37720,0.63064,-5.44897,80.42795,10.26282,10.72969,31.12254,28.31290
3233.38720,0.61180,-5.44104,80.40022,10.27552,10.73773,31.06059,28.32638
3233.39720,0.61865,-5.42432,80.45273,10.34823,10.73773,31.02760,28.33917
3233.40720,0.63054,-5.42477,80.45729,10.35217,10.73338,31.04811,28.32363
3233.41720,0.66915,-5.42733,80.44547,10.35672,10.71673,31.10921,28.26283
3233.42720,0.62474,-5.43253,80.25773,10.28923,10.71673,30.99760,28.25417
3233.43720,0.62248,-5.42759,80.25073,10.29701,10.72450,30.98204,28.24717
3233.44720,0.62184,-5.42618,80.24873,10.29923,10.72673,30.97760,28.24517
3233.45720,0.61141,-5.42769,80.26539,10.30805,10.71693,30.95801,28.28240
3233.46720,0.59550,-5.41894,80.25342,10.29335,10.75931,30.93708,28.26368
3233.47720,0.58061,-5.41059,80.24173,10.27923,10.79973,30.91760,28.24517
3233.48720,0.58523,-5.41033,80.24691,10.28758,10.79369,30.92048,28.24517
3233.49720,0.56571,-5.41059,80.32841,10.32300,10.77873,30.89068,28.33600
3233.50720,0.55475,-5.41092,80.35273,10.32823,10.77873,30.87760,28.36817
3233.51720,0.55603,-5.40455,80.29762,10.30898,10.80595,30.87096,28.31173
3233.52720,0.55668,-5.40132,80.26973,10.29923,10.81973,30.86760,28.28317
3233.53720,0.58073,-5.38512,80.26076,10.38737,10.78627,30.81945,28.26767
3233.54720,0.55876,-5.40013,80.06911,10.30909,10.76126,30.75870,28.24005
3233.55720,0.55320,-5.40392,80.03073,10.28923,10.75773,30.74860,28.23517
3233.56720,0.55263,-5.39332,80.04737,10.32167,10.76688,30.72365,28.23517
3233.57720,0.54947,-5.39278,80.07215,10.31752,10.77944,30.73466,28.24053
3233.58720,0.54684,-5.39418,80.09073,10.30823,10.78873,30.74860,28.24517
3233.59720,0.55325,-5.39488,80.15217,10.34437,10.76632,30.75583,28.28565
3233.60720,0.55571,-5.39514,80.17573,10.35823,10.75773,30.75860,28.30117
3233.61720,0.55997,-5.41215,80.18763,10.33023,10.72903,30.80060,28.32777
3233.62720,0.57411,-5.41698,80.24243,10.32523,10.73143,30.85990,28.32587
3233.63720,0.57937,-5.41593,80.26373,10.32823,10.73773,30.87760,28.32017
3233.64720,0.54888,-5.41553,80.23637,10.29295,10.76725,30.84232,28.33385
3233.65720,0.53701,-5.41537,80.22573,10.27923,10.77873,30.82860,28.33917
3233.66720,0.54570,-5.43722,80.29125,10.27923,10.71897,30.87828,28.41477
3233.67720,0.50876,-5.44847,80.34026,10.20937,10.76202,30.90473,28.46413
3233.68720,0.49253,-5.44957,80.34973,10.18123,10.78873,30.90760,28.47217
3233.69720,0.51261,-5.45616,80.34544,10.22346,10.72217,30.90044,28.49937
3233.70720,0.49175,-5.46104,80.48921,10.20543,10.76046,30.95329,28.57004
3233.71720,0.47920,-5.46202,80.55273,10.19023,10.78873,30.97760,28.59617
3233.72720,0.49263,-5.48203,80.49391,10.17383,10.71916,30.98891,28.61201
3233.73720,0.50296,-5.49742,80.44873,10.16123,10.66573,30.99760,28.62417
3233.74720,0.47602,-5.50519,80.43145,10.12396,10.67113,30.97599,28.66037
3233.75720,0.44980,-5.51326,80.43527,10.09897,10.66865,30.95423,28.71342
3233.76720,0.44434,-5.51568,80.46617,10.11021,10.65685,30.94861,28.75050
3233.77720,0.44336,-5.51611,80.47173,10.11223,10.65473,30.94760,28.75717
3233.78720,0.43210,-5.48733,80.54411,10.12822,10.75908,30.94760,28.70920
3233.79720,0.45780,-5.51188,80.40214,10.11310,10.65082,30.93805,28.70017
3233.80720,0.44244,-5.49723,80.40942,10.11811,10.69938,30.90822,28.68372
3233.81720,0.43072,-5.48594,80.41973,10.12223,10.73773,30.88760,28.67217
3233.82720,0.42610,-5.48899,80.42393,10.11256,10.73773,30.89083,28.68282
3233.83720,0.41011,-5.49962,80.37064,10.08600,10.71301,30.86055,28.71108
3233.84720,0.41903,-5.49382,80.28773,10.11223,10.68573,30.80860,28.68117
3233.85720,0.42323,-5.49382,80.24051,10.10409,10.68166,30.80046,28.65431
3233.86720,0.42402,-5.49556,80.18526,10.07606,10.68926,30.80180,28.61814
3233.87720,0.41321,-5.49910,80.21273,10.04323,10.71673,30.82860,28.62417
3233.88720,0.41397,-5.49842,80.17943,10.04012,10.71361,30.81615,28.60954
3233.89720,0.41559,-5.49697,80.10857,10.03350,10.70699,30.78966,28.57842
3233.90720,0.40714,-5.50264,80.06391,10.01997,10.68905,30.76480,28.59009
3233.91720,0.39466,-5.51072,80.05982,10.00736,10.67223,30.75226,28.62797
3233.92720,0.40269,-5.50471,80.21173,10.03323,10.70673,30.81860,28.65317
3233.93720,0.40269,-5.50471,80.21173,10.03323,10.70673,30.81860,28.65317
3233.94720,0.43439,-5.52515,80.22773,10.03535,10.63685,30.88336,28.67217
3233.95720,0.43013,-5.52067,80.22773,10.04323,10.64473,30.86760,28.67217
3233.96720,0.42892,-5.51945,80.22010,10.03899,10.65130,30.86569,28.66411
3233.97720,0.42439,-5.51490,80.19173,10.02323,10.67573,30.85860,28.63417
3233.98720,0.42525,-5.51952,80.20996,10.02323,10.66417,30.86949,28.65306
3233.99720,0.43391,-5.53826,80.28024,10.01885,10.62070,30.92576,28.71494
3234.00720,0.45841,-5.54948,80.30853,9.99977,10.60754,31.00471,28.69652
3234.01720,0.46451,-5.55563,80.30980,9.98973,10.59626,31.02670,28.69711
3234.02720,0.45253,-5.58340,80.24810,9.94423,10.52820,31.01850,28.75717
3234.03720,0.43415,-5.56809,80.33273,9.94423,10.60373,31.02760,28.75717
3234.04720,0.43415,-5.56809,80.33273,9.94423,10.60373,31.02760,28.75717
3234.05720,0.44990,-5.56560,80.40822,9.98294,10.59308,31.05663,28.77556
3234.06720,0.45043,-5.56552,80.41073,9.98423,10.59273,31.05760,28.77617
3234.07720,0.49945,-5.57752,80.38259,9.98423,10.54324,31.13425,28.72087
3234.08720,0.51947,-5.57644,80.23767,10.00248,10.49179,31.07898,28.66443
3234.09720,0.52024,-5.57638,80.23173,10.00323,10.48973,31.07660,28.66217
3234.10720,0.49142,-5.58189,80.28119,9.95572,10.53045,31.09599,28.69902
3234.11720,0.51127,-5.59483,80.23962,9.91420,10.51582,31.15306,28.65655
3234.12720,0.53098,-5.60696,80.19873,9.87623,10.50073,31.20660,28.61517
3234.13720,0.53262,-5.60525,80.19252,9.88229,10.49910,31.20039,28.61075
3234.14720,0.55205,-5.58495,80.11873,9.95423,10.47973,31.12660,28.55817
3234.15720,0.55101,-5.58308,80.12031,9.95423,10.48669,31.12548,28.55390
3234.16720,0.54393,-5.56772,80.14109,9.95852,10.54173,31.11874,28.52210
3234.17720,0.54817,-5.56548,80.17173,9.97423,10.54173,31.12660,28.52917
3234.18720,0.54261,-5.56823,80.15813,9.96776,10.53503,31.11580,28.53954
3234.19720,0.53387,-5.57696,80.04778,9.94423,10.49969,31.06662,28.53724
3234.20720,0.54426,-5.57579,79.99273,9.94423,10.48973,31.05760,28.50117
3234.21720,0.55579,-5.57580,79.96504,9.95843,10.46843,31.05050,28.48768
3234.22720,0.56050,-5.57580,79.95373,9.96423,10.45973,31.04760,28.48217
3234.23720,0.54597,-5.56584,79.99198,9.94980,10.51890,31.05482,28.46846
3234.24720,0.54290,-5.55841,79.98337,9.98073,10.51180,31.01380,28.47704
3234.25720,0.54384,-5.55709,79.97473,9.99423,10.50073,30.99760,28.48217
3234.26720,0.53424,-5.56031,79.88842,9.93228,10.52927,30.99760,28.42927
3234.27720,0.55063,-5.55871,79.99366,9.97423,10.51990,31.03984,28.45968
3234.28720,0.55926,-5.55745,80.05373,10.00323,10.51073,31.05760,28.48217
3234.29720,0.54941,-5.55963,80.08923,9.97554,10.53984,31.08529,28.48856
3234.30720,0.54540,-5.56052,80.10373,9.96423,10.55173,31.09660,28.49117
3234.31720,0.55196,-5.56316,80.04922,9.96746,10.52528,31.07757,28.47892
3234.32720,0.54610,-5.57259,79.99576,9.92935,10.51663,31.07744,28.47234
3234.33720,0.52679,-5.57639,80.05573,9.88523,10.56273,31.11660,28.49117
3234.34720,0.54510,-5.58230,80.05473,9.89857,10.52839,31.13660,28.49117
3234.35720,0.57613,-5.59231,80.05304,9.92117,10.47020,31.17050,28.49117
3234.36720,0.56338,-5.61296,80.15973,9.87623,10.46973,31.24660,28.56717
3234.37720,0.56752,-5.61807,80.06440,9.85790,10.44589,31.22368,28.53692
3234.38720,0.57243,-5.62414,79.95173,9.83623,10.41773,31.19660,28.50117
3234.39720,0.56510,-5.64276,79.96977,9.78021,10.41298,31.24835,28.52823
3234.40720,0.55858,-5.66851,79.98403,9.71348,10.39299,31.31035,28.56720
3234.41720,0.56033,-5.67419,79.97773,9.70823,10.37673,31.31560,28.57717
3234.42720,0.56033,-5.67419,79.97773,9.70823,10.37673,31.31560,28.57717
3234.43720,0.56676,-5.69001,80.06924,9.70973,10.34266,31.37293,28.64393
3234.44720,0.57653,-5.67995,80.20973,9.76723,10.35573,31.40560,28.68117
3234.45720,0.56768,-5.68132,80.17607,9.75397,10.35573,31.38520,28.68117
3234.46720,0.55048,-5.68398,80.11073,9.72823,10.35573,31.34560,28.68117
3234.47720,0.55048,-5.68398,80.11073,9.72823,10.35573,31.34560,28.68117
3234.48720,0.55903,-5.68155,80.10604,9.72823,10.36310,31.35901,28.65570
3234.49720,0.54366,-5.68987,80.21733,9.67924,10.41075,31.43660,28.69074
3234.50720,0.53568,-5.69374,80.26373,9.65923,10.42873,31.46560,28.71017
3234.51720,0.55361,-5.70360,80.19892,9.67317,10.36391,31.45166,28.71017
3234.52720,0.55211,-5.71241,80.14859,9.65780,10.33573,31.43846,28.71660
3234.53720,0.54839,-5.71422,80.13973,9.64923,10.33573,31.43560,28.71917
3234.54720,0.59763,-5.70592,80.09303,9.70664,10.29583,31.44533,28.64523
3234.55720,0.59644,-5.70572,80.09299,9.70311,10.30006,31.44665,28.64317
3234.56720,0.57937,-5.70241,80.09680,9.67365,10.34208,31.44647,28.63459
3234.57720,0.60019,-5.68693,80.06664,9.73635,10.32620,31.40679,28.59729
3234.58720,0.60129,-5.68638,80.05469,9.73663,10.32485,31.40240,28.59081
3234.59720,0.60615,-5.68683,79.92845,9.71514,10.31314,31.36798,28.53218
3234.60720,0.59935,-5.70292,79.93673,9.67923,10.29473,31.39560,28.56717
3234.61720,0.60172,-5.70133,79.94163,9.68713,10.29363,31.39460,28.56627
3234.62720,0.62307,-5.68702,79.98573,9.75823,10.28373,31.38560,28.55817
3234.63720,0.62175,-5.68685,79.98643,9.75754,10.28518,31.38421,28.55949
3234.64720,0.60186,-5.68366,79.99763,9.74823,10.30852,31.36254,28.57834
3234.65720,0.56838,-5.66915,80.02673,9.74823,10.36673,31.31560,28.59617
3234.66720,0.57158,-5.67119,80.02228,9.74369,10.36300,31.32378,28.59181
3234.67720,0.59940,-5.69179,79.96123,9.69542,10.32369,31.39210,28.55002
3234.68720,0.55990,-5.69371,79.80773,9.66923,10.30473,31.26660,28.56717
3234.69720,0.55951,-5.69332,79.82825,9.67013,10.31031,31.27551,28.57230
3234.70720,0.55560,-5.68945,80.03573,9.67923,10.36673,31.36560,28.62417
3234.71720,0.55560,-5.68945,80.03573,9.67923,10.36673,31.36560,28.62417
3234.72720,0.55727,-5.69800,79.90548,9.64623,10.33714,31.33489,28.58721
3234.73720,0.53732,-5.68314,80.13873,9.73823,10.35573,31.32560,28.71917
3234.74720,0.53732,-5.68314,80.13873,9.73823,10.35573,31.32560,28.71917
3234.75720,0.53196,-5.68151,80.09148,9.69536,10.39248,31.33435,28.66930
3234.76720,0.53120,-5.68127,80.08473,9.68923,10.39773,31.33560,28.66217
3234.77720,0.51358,-5.68582,80.14838,9.68923,10.39773,31.33560,28.72582
3234.78720,0.52670,-5.71022,80.06537,9.62302,10.35742,31.38358,28.70135
3234.79720,0.52729,-5.71124,80.06173,9.62023,10.35573,31.38560,28.70017
3234.80720,0.50722,-5.71506,80.11552,9.62984,10.34612,31.36639,28.77316
3234.81720,0.49568,-5.74102,80.07069,9.56729,10.30631,31.38467,28.81241
3234.82720,0.48955,-5.75582,80.04373,9.53123,10.28373,31.39560,28.83317
3234.83720,0.47750,-5.75237,80.08731,9.54471,10.29316,31.38212,28.86731
3234.84720,0.46318,-5.74827,80.13918,9.56075,10.30439,31.36608,28.90795
3234.85720,0.44778,-5.76201,80.11839,9.49020,10.32149,31.39752,28.90917
3234.86720,0.44612,-5.75823,80.12957,9.50202,10.32573,31.38833,28.91349
3234.87720,0.44880,-5.74900,80.15088,9.53973,10.32573,31.36647,28.91895
3234.88720,0.43650,-5.76375,80.23122,9.51697,10.31652,31.40744,28.99030
3234.89720,0.43848,-5.77967,80.26337,9.47065,10.31473,31.47382,29.00417
3234.90720,0.43937,-5.78230,80.26673,9.46223,10.31473,31.48560,29.00417
3234.91720,0.41540,-5.77013,80.34318,9.47861,10.36005,31.46376,29.04076
3234.92720,0.39552,-5.76004,80.40673,9.49223,10.39773,31.44560,29.07117
3234.93720,0.41032,-5.78358,80.24113,9.44255,10.32357,31.43840,29.03661
3234.94720,0.41586,-5.78286,80.14822,9.45104,10.29473,31.39283,29.00963
3234.95720,0.41576,-5.77887,80.13673,9.46223,10.29473,31.37560,29.00417
3234.96720,0.40959,-5.77807,80.18826,9.43470,10.33779,31.41795,28.99782
3234.97720,0.41802,-5.76891,80.25033,9.46897,10.35106,31.43093,28.99937
3234.98720,0.43057,-5.75884,80.29673,9.52123,10.34573,31.42560,29.00417
3234.99720,0.42567,-5.75859,80.31542,9.50467,10.36781,31.44259,29.00035
3235.00720,0.41902,-5.75824,80.34073,9.48223,10.39773,31.46560,28.99517
3235.01720,0.42088,-5.75636,80.28785,9.49399,10.37951,31.43034,28.98401
3235.02720,0.44287,-5.75158,80.19913,9.50823,10.36013,31.41160,28.91917
3235.03720,0.45667,-5.74927,80.16473,9.51223,10.35573,31.41560,28.88117
3235.04720,0.43542,-5.73412,80.26385,9.54704,10.39880,31.39200,28.92601
3235.05720,0.43592,-5.73903,80.16163,9.54173,10.36147,31.34610,28.91233
3235.06720,0.44655,-5.74977,80.04273,9.52123,10.31473,31.32560,28.88117
3235.07720,0.45703,-5.73831,80.11996,9.55628,10.33908,31.34936,28.87523
3235.08720,0.46418,-5.73049,80.17273,9.58023,10.35573,31.36560,28.87117
3235.09720,0.46503,-5.73082,80.17143,9.57787,10.35662,31.36886,28.86808
3235.10720,0.47507,-5.73228,80.15480,9.55365,10.37155,31.40319,28.82641
3235.11720,0.47675,-5.72538,80.14873,9.56123,10.38673,31.39560,28.80517
3235.12720,0.48320,-5.73097,80.17035,9.56583,10.36787,31.41400,28.82265
3235.13720,0.50280,-5.73767,80.16112,9.56212,10.34573,31.44926,28.80401
3235.14720,0.51718,-5.73784,80.11973,9.55123,10.34573,31.46560,28.75717
3235.15720,0.49996,-5.72928,80.16453,9.56019,10.37798,31.44768,28.77867
3235.16720,0.47876,-5.71875,80.21973,9.57123,10.41773,31.42560,28.80517
3235.17720,0.47876,-5.71875,80.21973,9.57123,10.41773,31.42560,28.80517
3235.18720,0.54852,-5.71034,80.23134,9.62333,10.39812,31.50871,28.70118
3235.19720,0.55835,-5.71108,80.18373,9.63023,10.37673,31.49560,28.68117
3235.20720,0.55835,-5.71108,80.18373,9.63023,10.37673,31.49560,28.68117
3235.21720,0.55500,-5.70433,80.21538,9.64553,10.39308,31.49033,28.68645
3235.22720,0.55429,-5.71332,80.20212,9.62560,10.37809,31.50213,28.69630
3235.23720,0.55601,-5.72466,80.17073,9.60023,10.35573,31.51460,28.70017
3235.24720,0.57206,-5.70853,80.17556,9.62437,10.38952,31.52265,28.63902
3235.25720,0.57595,-5.70461,80.17673,9.63023,10.39773,31.52460,28.62417
3235.26720,0.60317,-5.69413,80.20055,9.68469,10.38609,31.53278,28.59699
3235.27720,0.55824,-5.68316,80.23873,9.63923,10.47973,31.51460,28.60517
3235.28720,0.55824,-5.68316,80.23873,9.63923,10.47973,31.51460,28.60517
3235.29720,0.60004,-5.68404,80.19523,9.70723,10.39773,31.50170,28.58857
3235.30720,0.60981,-5.67921,80.09173,9.69823,10.39773,31.47560,28.52017
3235.31720,0.61129,-5.67739,80.09395,9.70687,10.39606,31.47085,28.52017
3235.32720,0.62852,-5.65617,80.11973,9.80723,10.37673,31.41560,28.52017
3235.33720,0.62852,-5.65617,80.11973,9.80723,10.37673,31.41560,28.52017
3235.34720,0.58654,-5.63257,80.03233,9.76068,10.48408,31.33960,28.44797
3235.35720,0.60627,-5.64143,80.04131,9.80576,10.41019,31.33560,28.48976
3235.36720,0.60695,-5.64174,80.04173,9.80723,10.40773,31.33560,28.49117
3235.37720,0.58532,-5.63165,79.95158,9.75973,10.46783,31.29682,28.42719
3235.38720,0.57459,-5.62337,79.98487,9.78581,10.47924,31.26802,28.45180
3235.39720,0.57407,-5.62296,79.98673,9.78723,10.47973,31.26660,28.45317
3235.40720,0.56286,-5.63195,79.87963,9.72008,10.48823,31.25810,28.41322
3235.41720,0.56088,-5.63354,79.86073,9.70823,10.48973,31.25660,28.40617
3235.42720,0.54678,-5.62381,80.02453,9.75779,10.51577,31.26500,28.48597
3235.43720,0.55116,-5.63435,80.06337,9.74263,10.50376,31.30818,28.50881
3235.44720,0.55242,-5.63656,80.06473,9.73823,10.50073,31.31560,28.51017
3235.45720,0.55882,-5.61010,79.99263,9.80447,10.50911,31.22422,28.45484
3235.46720,0.55189,-5.61589,79.89144,9.77386,10.49371,31.19013,28.43374
3235.47720,0.54517,-5.62487,79.81973,9.73823,10.47973,31.17660,28.42517
3235.48720,0.54162,-5.61844,79.88566,9.74368,10.51351,31.19839,28.43008
3235.49720,0.53865,-5.61307,79.94073,9.74823,10.54173,31.21660,28.43417
3235.50720,0.54458,-5.60776,79.94570,9.79722,10.51262,31.18110,28.45476
3235.51720,0.54298,-5.61830,79.89578,9.77163,10.48860,31.17814,28.45740
3235.52720,0.54003,-5.62762,79.85773,9.73823,10.47973,31.18660,28.45317
3235.53720,0.55561,-5.62189,79.87025,9.76744,10.47377,31.19256,28.43649
3235.54720,0.54041,-5.61348,79.88953,9.78123,10.49433,31.16060,28.45337
3235.55720,0.52323,-5.61046,79.89673,9.77723,10.51073,31.13660,28.47217
3235.56720,0.50329,-5.60328,79.94505,9.77723,10.54817,31.12452,28.49512
3235.57720,0.49023,-5.59857,79.97673,9.77723,10.57273,31.11660,28.51017
3235.58720,0.49023,-5.59857,79.97673,9.77723,10.57273,31.11660,28.51017
3235.59720,0.50545,-5.59283,80.05153,9.78763,10.60153,31.17260,28.48977
3235.60720,0.52704,-5.59597,80.05873,9.80723,10.57273,31.19660,28.48217
3235.61720,0.51097,-5.59332,80.06960,9.80723,10.58481,31.17244,28.50512
3235.62720,0.50190,-5.58446,80.02333,9.81863,10.59273,31.12060,28.49137
3235.63720,0.50288,-5.57970,79.98773,9.82623,10.59273,31.09660,28.47217
3235.64720,0.49040,-5.58902,80.01291,9.81070,10.58201,31.10196,28.51824
3235.65720,0.47959,-5.59708,80.03473,9.79723,10.57273,31.10660,28.55817
3235.66720,0.49303,-5.58966,80.02406,9.82056,10.57273,31.10265,28.52813
3235.67720,0.49694,-5.57504,79.94773,9.83271,10.59241,31.05868,28.46393
3235.68720,0.47888,-5.57148,79.88273,9.80723,10.61373,31.01760,28.44417
3235.69720,0.47476,-5.56969,79.89761,9.79763,10.63341,31.02720,28.43937
3235.70720,0.49094,-5.57405,79.88474,9.79199,10.62051,31.05613,28.41611
3235.71720,0.51376,-5.58100,79.85273,9.79723,10.58273,31.07660,28.39617
3235.72720,0.52241,-5.57861,79.89462,9.80471,10.59432,31.10652,28.38907
3235.73720,0.53687,-5.57461,79.96473,9.81723,10.61373,31.15660,28.37717
3235.74720,0.54271,-5.58127,79.93730,9.81723,10.58336,31.15333,28.38338
3235.75720,0.56787,-5.59187,79.89331,9.81723,10.53501,31.17720,28.36387
3235.76720,0.59326,-5.58573,79.91773,9.81723,10.56273,31.23660,28.30117
3235.77720,0.58539,-5.58980,79.95914,9.81723,10.55902,31.24333,28.33955
3235.78720,0.57663,-5.59547,80.02291,9.81393,10.55866,31.26320,28.38712
3235.79720,0.59031,-5.59075,79.98673,9.80723,10.57273,31.27660,28.33017
3235.80720,0.59433,-5.59613,79.99149,9.81063,10.55165,31.28306,28.34615
3235.81720,0.60212,-5.60658,80.00073,9.81723,10.51073,31.29560,28.37717
3235.82720,0.59693,-5.61108,79.97959,9.80337,10.50345,31.28902,28.38376
3235.83720,0.58793,-5.62072,79.96902,9.78060,10.48973,31.28973,28.40897
3235.84720,0.58948,-5.62300,80.02673,9.78723,10.48973,31.31560,28.43417
3235.85720,0.58601,-5.62676,80.05232,9.78723,10.48299,31.32233,28.45976
3235.86720,0.57919,-5.63417,80.10273,9.78723,10.46973,31.33560,28.51017
3235.87720,0.59308,-5.63798,80.09045,9.78400,10.45647,31.35823,28.49175
3235.88720,0.61184,-5.63352,80.10133,9.79651,10.46238,31.38600,28.45644
3235.89720,0.59053,-5.60793,80.17673,9.83623,10.53173,31.34560,28.46317
3235.90720,0.58700,-5.60695,80.16327,9.83623,10.53173,31.33213,28.46317
3235.91720,0.57575,-5.60574,80.14825,9.82317,10.54524,31.31667,28.46317
3235.92720,0.56282,-5.60788,80.18315,9.78357,10.58618,31.35023,28.46317
3235.93720,0.57092,-5.61368,80.12722,9.77511,10.56006,31.34499,28.44705
3235.94720,0.60885,-5.63400,79.89873,9.76723,10.43873,31.30560,28.38717
3235.95720,0.61367,-5.63323,79.89248,9.76951,10.43759,31.30901,28.37638
3235.96720,0.65588,-5.62449,79.83847,9.79414,10.42990,31.33443,28.28000
3235.97720,0.67671,-5.61227,79.81453,9.82552,10.43522,31.32911,28.22468
3235.98720,0.69164,-5.60391,79.78597,9.84403,10.43873,31.32340,28.17981
3235.99720,0.69585,-5.60285,79.74073,9.83623,10.43873,31.31560,28.15017
3236.00720,0.70065,-5.59873,79.74818,9.84776,10.44350,31.31676,28.14016
3236.01720,0.72246,-5.58002,79.78205,9.90014,10.46519,31.32206,28.09466
3236.02720,0.74067,-5.57192,79.88199,9.92359,10.49564,31.38384,28.07893
3236.03720,0.74633,-5.57887,80.00373,9.90523,10.52073,31.47560,28.10217
3236.04720,0.76681,-5.58088,79.89973,9.92923,10.46313,31.43560,28.07177
3236.05720,0.74794,-5.56404,80.03473,9.94423,10.54173,31.45560,28.09317
3236.06720,0.74757,-5.56467,80.02919,9.94342,10.53891,31.45287,28.09399
3236.07720,0.74390,-5.57099,79.97373,9.93523,10.51073,31.42560,28.10217
3236.08720,0.74443,-5.57451,79.95833,9.93023,10.49943,31.42360,28.10507
3236.09720,0.74553,-5.60404,79.82873,9.88723,10.40593,31.40160,28.13397
3236.10720,0.71307,-5.58372,79.90973,9.90523,10.47973,31.36560,28.15917
3236.11720,0.70916,-5.58294,79.90280,9.90523,10.48072,31.35481,28.16204
3236.12720,0.67004,-5.57795,79.83955,9.89690,10.49039,31.25835,28.19391
3236.13720,0.63093,-5.60214,79.83754,9.80428,10.49777,31.27781,28.25767
3236.14720,0.61529,-5.61182,79.83673,9.76723,10.50073,31.28560,28.28317
3236.15720,0.61684,-5.59235,79.93764,9.82903,10.53280,31.27856,28.29725
3236.16720,0.61727,-5.58694,79.96573,9.84623,10.54173,31.27660,28.30117
3236.17720,0.56726,-5.60171,79.82761,9.79890,10.50212,31.16069,28.36589
3236.18720,0.57727,-5.60093,79.88055,9.81008,10.50715,31.19514,28.36817
3236.19720,0.58382,-5.60020,79.91273,9.81723,10.51073,31.21660,28.36817
3236.20720,0.56420,-5.59006,79.98328,9.79173,10.58978,31.24210,28.35967
3236.21720,0.53541,-5.59699,79.97049,9.82006,10.53388,31.15403,28.46253
3236.22720,0.53063,-5.59863,79.96573,9.82623,10.52073,31.13660,28.48217
3236.23720,0.51196,-5.59805,79.85957,9.77211,10.54987,31.10191,28.43568
3236.24720,0.50371,-5.59779,79.81273,9.74823,10.56273,31.08660,28.41517
3236.25720,0.48717,-5.61213,79.82127,9.70610,10.55686,31.10260,28.45571
3236.26720,0.47845,-5.62211,79.82219,9.67651,10.55173,31.11660,28.47736
3236.27720,0.48061,-5.62115,79.81973,9.67923,10.55173,31.11660,28.47217
3236.28720,0.45085,-5.61089,79.88446,9.68651,10.59682,31.08751,28.51363
3236.29720,0.45541,-5.61548,79.93692,9.68923,10.59132,31.11997,28.53640
3236.30720,0.46143,-5.61871,79.94773,9.68923,10.58273,31.13660,28.53917
3236.31720,0.46143,-5.61871,79.94773,9.68923,10.58273,31.13660,28.53917
3236.32720,0.44573,-5.60897,79.85501,9.67957,10.60301,31.06995,28.50247
3236.33720,0.44324,-5.60665,79.85173,9.68142,10.60844,31.06185,28.50002
3236.34720,0.43181,-5.59494,79.84941,9.68815,10.64214,31.03285,28.48626
3236.35720,0.44170,-5.60483,79.84273,9.65923,10.63473,31.07660,28.47217
3236.36720,0.44942,-5.59841,79.82737,9.68451,10.62801,31.05772,28.45713
3236.37720,0.46473,-5.58603,79.82824,9.73447,10.62163,31.03642,28.43571
3236.38720,0.46288,-5.58811,79.88373,9.72823,10.63473,31.06760,28.45317
3236.39720,0.46641,-5.58176,79.85237,9.73299,10.64423,31.05334,28.42181
3236.40720,0.46663,-5.57570,79.83103,9.73823,10.65473,31.03760,28.40047
3236.41720,0.45683,-5.57828,79.82416,9.72745,10.65473,31.02681,28.41517
3236.42720,0.44489,-5.58143,79.77922,9.70497,10.65473,31.00434,28.41517
3236.43720,0.40987,-5.59766,79.70473,9.64923,10.63473,30.95760,28.46317
3236.44720,0.40987,-5.59766,79.70473,9.64923,10.63473,30.95760,28.46317
3236.45720,0.45200,-5.59543,79.68340,9.67590,10.61039,30.99760,28.39951
3236.46720,0.45532,-5.59169,79.73673,9.68923,10.62373,31.01760,28.40617
3236.47720,0.44204,-5.58753,79.73347,9.68923,10.63744,30.99148,28.41532
3236.48720,0.41316,-5.58652,79.70602,9.67145,10.65177,30.94210,28.44070
3236.49720,0.40880,-5.60881,79.64509,9.61913,10.61071,30.95535,28.45991
3236.50720,0.41296,-5.61225,79.65231,9.61811,10.60150,30.96770,28.46499
3236.51720,0.43232,-5.61090,79.72173,9.64923,10.59273,31.00760,28.47217
3236.52720,0.43226,-5.61106,79.72508,9.64501,10.59724,31.01343,28.46941
3236.53720,0.43200,-5.61179,79.74032,9.62580,10.61777,31.03992,28.45682
3236.54720,0.45038,-5.61841,79.79373,9.63023,10.60373,31.09660,28.46317
3236.55720,0.45163,-5.61947,79.79048,9.63158,10.59786,31.09589,28.46515
3236.56720,0.46878,-5.63277,79.75296,9.64842,10.52497,31.09150,28.48807
3236.57720,0.47741,-5.62600,79.81173,9.63923,10.57273,31.14660,28.45317
3236.58720,0.47741,-5.62600,79.81173,9.63923,10.57273,31.14660,28.45317
3236.59720,0.43339,-5.61117,79.76880,9.61157,10.64142,31.07123,28.44459
3236.60720,0.43474,-5.61010,79.76102,9.61445,10.64030,31.06689,28.43939
3236.61720,0.48146,-5.60665,79.68871,9.66482,10.58363,31.06561,28.37465
3236.62720,0.49568,-5.61826,79.70873,9.62023,10.59273,31.14660,28.34917
3236.63720,0.50014,-5.61630,79.69955,9.62374,10.59372,31.14660,28.33549
3236.64720,0.54642,-5.59679,79.60075,9.66099,10.59954,31.14390,28.19632
3236.65720,0.55926,-5.59968,79.53425,9.68049,10.55304,31.11390,28.18682
3236.66720,0.57097,-5.60231,79.47373,9.69823,10.51073,31.08660,28.17817
3236.67720,0.60575,-5.59103,79.52126,9.68950,10.57087,31.18360,28.07729
3236.68720,0.60683,-5.59068,79.52273,9.68923,10.57273,31.18660,28.07417
3236.69720,0.60759,-5.60319,79.49898,9.66764,10.54466,31.19740,28.08929
3236.70720,0.61447,-5.61444,79.48668,9.65311,10.51685,31.21823,28.09849
3236.71720,0.64034,-5.61684,79.51973,9.66923,10.50073,31.26660,28.08317
3236.72720,0.63885,-5.61566,79.51071,9.67108,10.50073,31.25739,28.08152
3236.73720,0.63229,-5.61041,79.47073,9.67923,10.50073,31.21660,28.07417
3236.74720,0.64817,-5.63016,79.46959,9.63980,10.47101,31.28460,28.07417
3236.75720,0.63884,-5.64194,79.54451,9.60064,10.48805,31.34519,28.11062
3236.76720,0.63793,-5.64181,79.54773,9.60023,10.48973,31.34560,28.11217
3236.77720,0.64666,-5.61998,79.58863,9.64683,10.52967,31.33609,28.07604
3236.78720,0.68169,-5.64170,79.63679,9.63100,10.48183,31.44116,28.08281
3236.79720,0.68315,-5.64266,79.63873,9.63023,10.47973,31.44560,28.08317
3236.80720,0.68276,-5.64273,79.73786,9.65502,10.47973,31.47124,28.13188
3236.81720,0.68270,-5.64275,79.75473,9.65923,10.47973,31.47560,28.14017
3236.82720,0.68489,-5.65389,79.68267,9.59380,10.48801,31.50790,28.09296
3236.83720,0.70298,-5.66089,79.76567,9.61343,10.46483,31.56440,28.12301
3236.84720,0.70658,-5.66184,79.78573,9.62023,10.45973,31.57460,28.13117
3236.85720,0.72209,-5.66021,79.76301,9.61182,10.46814,31.59985,28.08320
3236.86720,0.72722,-5.65921,79.81585,9.62703,10.46973,31.62140,28.09769
3236.87720,0.72764,-5.65908,79.82673,9.63023,10.46973,31.62460,28.10217
3236.88720,0.78153,-5.65983,79.79423,9.67107,10.41806,31.66627,28.03884
3236.89720,0.79231,-5.65999,79.78773,9.67923,10.40773,31.67460,28.02617
3236.90720,0.74903,-5.65392,79.78274,9.62185,10.48507,31.64965,28.02617
3236.91720,0.77623,-5.66036,79.81244,9.65090,10.44097,31.68610,28.03447
3236.92720,0.78359,-5.66193,79.81873,9.65923,10.42873,31.69460,28.03617
3236.93720,0.78391,-5.65630,79.83188,9.69950,10.41147,31.66173,28.05918
3236.94720,0.78398,-5.65508,79.83473,9.70823,10.40773,31.65460,28.06417
3236.95720,0.79018,-5.67022,79.79313,9.65597,10.39653,31.69673,28.04391
3236.96720,0.77589,-5.66515,79.81320,9.65894,10.41637,31.67784,28.06006
3236.97720,0.76769,-5.65751,79.83673,9.67923,10.42873,31.65460,28.07417
3236.98720,0.80789,-5.64745,79.88388,9.77066,10.38444,31.66174,28.06703
3236.99720,0.80918,-5.63242,79.95529,9.80003,10.42577,31.67180,28.05769
3237.00720,0.80344,-5.62815,79.97573,9.79723,10.44873,31.67460,28.05517
3237.01720,0.78400,-5.60146,79.91260,9.80410,10.51941,31.59911,27.98998
3237.02720,0.77510,-5.58925,79.88373,9.80723,10.55173,31.56460,27.96017
3237.03720,0.77129,-5.59305,79.83729,9.80723,10.52658,31.53352,27.96995
3237.04720,0.76833,-5.59135,79.73531,9.82701,10.48677,31.45549,27.96605
3237.05720,0.77537,-5.57645,79.70918,9.86053,10.49870,31.42140,27.92855
3237.06720,0.77657,-5.57391,79.70473,9.86623,10.50073,31.41560,27.92217
3237.07720,0.73659,-5.57368,79.63585,9.83263,10.51753,31.34000,27.94569
3237.08720,0.72049,-5.56998,79.53958,9.82623,10.51224,31.26705,27.93405
3237.09720,0.71897,-5.56933,79.52473,9.82623,10.51073,31.25660,27.93117
3237.10720,0.71125,-5.54115,79.50398,9.86773,10.56219,31.19020,27.88386
3237.11720,0.70181,-5.53608,79.54595,9.86680,10.59159,31.19546,27.89209
3237.12720,0.69063,-5.53411,79.58687,9.86947,10.60630,31.19337,27.91774
3237.13720,0.66823,-5.52992,79.66673,9.87623,10.63473,31.18660,27.96917
3237.14720,0.67188,-5.53134,79.60013,9.86703,10.62184,31.16818,27.94308
3237.15720,0.67898,-5.53050,79.49983,9.86393,10.60203,31.13260,27.90127
3237.16720,0.67627,-5.52108,79.61673,9.90523,10.62373,31.14660,27.94117
3237.17720,0.66930,-5.51697,79.62355,9.90523,10.63985,31.13730,27.94117
3237.18720,0.66322,-5.51172,79.62912,9.90523,10.65961,31.12900,27.93528
3237.19720,0.68423,-5.52042,79.60773,9.90523,10.62373,31.15660,27.92217
3237.20720,0.68020,-5.52352,79.60500,9.89034,10.62707,31.16268,27.92491
3237.21720,0.67098,-5.53064,79.59873,9.85623,10.63473,31.17660,27.93117
3237.22720,0.66982,-5.52710,79.58231,9.86226,10.63681,31.15997,27.92327
3237.23720,0.66028,-5.51263,79.58458,9.89917,10.65099,31.10670,27.92772
3237.24720,0.64020,-5.50873,79.84073,9.95423,10.67573,31.14660,28.06417
3237.25720,0.63975,-5.51076,79.83143,9.94473,10.67573,31.15048,28.06049
3237.26720,0.63787,-5.51919,79.79273,9.90523,10.67573,31.16660,28.04517
3237.27720,0.63604,-5.52092,79.75216,9.89932,10.66512,31.14825,28.03946
3237.28720,0.63155,-5.52652,79.60473,9.87808,10.62879,31.08536,28.01250
3237.29720,0.64649,-5.52004,79.66581,9.88835,10.65689,31.13401,27.98656
3237.30720,0.65649,-5.51571,79.70673,9.89523,10.67573,31.16660,27.96917
3237.31720,0.65476,-5.50063,79.73712,9.95116,10.68036,31.12314,27.98246
3237.32720,0.66155,-5.49907,79.74342,9.98266,10.65595,31.10739,27.99743
3237.33720,0.66148,-5.49928,79.74247,9.98143,10.65620,31.10800,27.99684
3237.34720,0.65606,-5.50309,79.72573,9.94423,10.67573,31.12660,27.97917
3237.35720,0.65423,-5.50267,79.71340,9.94252,10.67573,31.11859,27.97656
3237.36720,0.63590,-5.49758,79.59485,9.92874,10.67663,31.03760,27.95188
3237.37720,0.63788,-5.48940,79.65673,9.96423,10.68573,31.03760,27.96917
3237.38720,0.63908,-5.48947,79.65773,9.96423,10.68573,31.04033,27.96745
3237.39720,0.64801,-5.49058,79.65397,9.96037,10.68474,31.05869,27.95017
3237.40720,0.61985,-5.49393,79.52873,9.92523,10.67573,30.97760,27.95017
3237.41720,0.61985,-5.49393,79.52873,9.92523,10.67573,30.97760,27.95017
3237.42720,0.61287,-5.48656,79.56827,9.93670,10.70024,30.97365,27.95768
3237.43720,0.60221,-5.47530,79.62873,9.95423,10.73773,30.96760,27.96917
3237.44720,0.60628,-5.48492,79.59068,9.95423,10.69424,30.95552,27.98669
3237.45720,0.61419,-5.49597,79.53544,9.94829,10.64731,30.94760,27.99223
3237.46720,0.61778,-5.49920,79.51473,9.94423,10.63473,30.94760,27.98817
3237.47720,0.61247,-5.48902,79.50628,9.96301,10.64928,30.91474,27.97925
3237.48720,0.59836,-5.47608,79.51641,9.96983,10.69021,30.88720,27.96917
3237.49720,0.58956,-5.47454,79.53773,9.95423,10.71673,30.89760,27.96917
3237.50720,0.58758,-5.47391,79.46452,9.94582,10.70831,30.86478,27.94561
3237.51720,0.58721,-5.47379,79.45073,9.94423,10.70673,30.85860,27.94117
3237.52720,0.56606,-5.48946,79.42863,9.93658,10.65403,30.81610,28.02192
3237.53720,0.56845,-5.48567,79.43399,9.94281,10.66240,30.81702,28.01177
3237.54720,0.56961,-5.48444,79.43573,9.94423,10.66573,30.81860,28.00717
3237.55720,0.56565,-5.47387,79.53189,9.94423,10.72754,30.86067,27.99945
3237.56720,0.54908,-5.46276,79.52581,9.93665,10.77230,30.83472,27.98215
3237.57720,0.54612,-5.46102,79.52173,9.93523,10.77873,30.82860,27.97917
3237.58720,0.57652,-5.46580,79.51068,9.97688,10.71753,30.83710,27.97917
3237.59720,0.58188,-5.46664,79.50873,9.98423,10.70673,30.83860,27.97917
3237.60720,0.58486,-5.46059,79.44436,9.99451,10.70078,30.80073,27.94834
3237.61720,0.57974,-5.46852,79.37737,9.93923,10.71100,30.81224,27.91490
3237.62720,0.57688,-5.47342,79.37273,9.91523,10.71673,30.82860,27.91217
3237.63720,0.61132,-5.46578,79.45657,9.98607,10.69432,30.86402,27.91217
3237.64720,0.60893,-5.47401,79.47122,9.95615,10.69935,30.89706,27.91866
3237.65720,0.60048,-5.48006,79.46173,9.92523,10.70673,30.90760,27.92217
3237.66720,0.61693,-5.48467,79.44807,9.94246,10.66989,30.91354,27.92217
3237.67720,0.62818,-5.48782,79.43873,9.95423,10.64473,30.91760,27.92217
3237.68720,0.60353,-5.49259,79.39167,9.91953,10.65061,30.88289,27.93864
3237.69720,0.58676,-5.48687,79.35577,9.88931,10.69142,30.86393,27.91111
3237.70720,0.58711,-5.48062,79.35373,9.88523,10.71673,30.86760,27.88417
3237.71720,0.59499,-5.48370,79.44046,9.89703,10.71673,30.91480,27.91190
3237.72720,0.61853,-5.50513,79.57389,9.90523,10.66835,31.01840,27.98191
3237.73720,0.63106,-5.51852,79.62473,9.90523,10.63473,31.06760,28.01717
3237.74720,0.61623,-5.50537,79.63233,9.91107,10.67679,31.03839,28.00607
3237.75720,0.60568,-5.49601,79.63773,9.91523,10.70673,31.01760,27.99817
3237.76720,0.61884,-5.49439,79.59065,9.92715,10.68825,31.00568,27.96957
3237.77720,0.62975,-5.50338,79.58191,9.92253,10.65922,31.02585,27.97430
3237.78720,0.63304,-5.52018,79.62053,9.90137,10.63171,31.07294,28.01451
3237.79720,0.64153,-5.52435,79.58733,9.88933,10.62062,31.08349,27.99388
3237.80720,0.65432,-5.52317,79.51206,9.87933,10.61536,31.07823,27.93914
3237.81720,0.65829,-5.52280,79.48873,9.87623,10.61373,31.07660,27.92217
3237.82720,0.63391,-5.51523,79.54407,9.88356,10.64709,31.05300,27.96042
3237.83720,0.61874,-5.50715,79.57657,9.86953,10.69771,31.05587,27.95347
3237.84720,0.61672,-5.50582,79.58073,9.86623,10.70673,31.05760,27.95017
3237.85720,0.67496,-5.50534,79.58782,9.94358,10.63286,31.09095,27.92043
3237.86720,0.65143,-5.50987,79.62773,9.90523,10.66573,31.10660,27.95017
3237.87720,0.66574,-5.51013,79.63927,9.91973,10.65330,31.12436,27.94189
3237.88720,0.69976,-5.51075,79.66673,9.95423,10.62373,31.16660,27.92217
3237.89720,0.69155,-5.51100,79.66053,9.94834,10.62714,31.15420,27.93085
3237.90720,0.68353,-5.51357,79.63389,9.93805,10.62158,31.13599,27.93827
3237.91720,0.70600,-5.51798,79.60573,9.94423,10.59273,31.15660,27.91217
3237.92720,0.69803,-5.51609,79.56092,9.92695,10.60503,31.13609,27.89284
3237.93720,0.68896,-5.51169,79.47291,9.89713,10.62749,31.10384,27.84445
3237.94720,0.72295,-5.51222,79.54015,9.93679,10.60335,31.16131,27.83870
3237.95720,0.73789,-5.51245,79.56973,9.95423,10.59273,31.18660,27.83617
3237.96720,0.71500,-5.50172,79.63373,9.93523,10.66573,31.19660,27.83617
3237.97720,0.71686,-5.50551,79.61931,9.92272,10.66127,31.20508,27.83023
3237.98720,0.72731,-5.51754,79.57783,9.89559,10.63571,31.23000,27.81653
3237.99720,0.73986,-5.51021,79.62073,9.96423,10.60373,31.20660,27.84617
3238.00720,0.73880,-5.51165,79.62489,9.95820,10.60581,31.21284,27.84804
3238.01720,0.73127,-5.52218,79.60624,9.91707,10.60536,31.23048,27.85334
3238.02720,0.71755,-5.54191,79.47173,9.84623,10.57273,31.20660,27.84617
3238.03720,0.71081,-5.53824,79.50833,9.85277,10.58841,31.20660,27.86055
3238.04720,0.68667,-5.52507,79.63973,9.87623,10.64473,31.20660,27.91217
3238.05720,0.68667,-5.52507,79.63973,9.87623,10.64473,31.20660,27.91217
3238.06720,0.71266,-5.52331,79.57710,9.87442,10.63654,31.22387,27.84226
3238.07720,0.67849,-5.52579,79.61073,9.85623,10.65473,31.19660,27.90317
3238.08720,0.68237,-5.52762,79.58761,9.85463,10.64401,31.19340,27.89557
3238.09720,0.72499,-5.54789,79.34283,9.83623,10.52881,31.16366,27.81413
3238.10720,0.70042,-5.53893,79.59073,9.83623,10.62373,31.24660,27.88417
3238.11720,0.70138,-5.53893,79.59073,9.83712,10.62284,31.24748,27.88329
3238.12720,0.71131,-5.53893,79.59073,9.84623,10.61373,31.25660,27.87417
3238.13720,0.71108,-5.53862,79.58988,9.84708,10.61373,31.25490,27.87417
3238.14720,0.70828,-5.53479,79.57924,9.85772,10.61373,31.23362,27.87417
3238.15720,0.71632,-5.54745,79.66773,9.84623,10.60373,31.30560,27.91217
3238.16720,0.71567,-5.54711,79.65126,9.84623,10.60069,31.29589,27.90845
3238.17720,0.70967,-5.54398,79.49973,9.84623,10.57273,31.20660,27.87417
3238.18720,0.70870,-5.54423,79.49845,9.84562,10.57211,31.20476,27.87595
3238.19720,0.69485,-5.54973,79.48002,9.83245,10.56139,31.18301,27.90317
3238.20720,0.70818,-5.56927,79.49615,9.78514,10.54473,31.26312,27.90317
3238.21720,0.71857,-5.58450,79.50873,9.74823,10.53173,31.32560,27.90317
3238.22720,0.72414,-5.55495,79.58237,9.84478,10.55709,31.27733,27.90317
3238.23720,0.69679,-5.54308,79.53404,9.81892,10.61197,31.22798,27.87517
3238.24720,0.69577,-5.54289,79.53173,9.81723,10.61373,31.22660,27.87417
3238.25720,0.70644,-5.54188,79.54821,9.85504,10.58368,31.21691,27.89259
3238.26720,0.70678,-5.54185,79.54873,9.85623,10.58273,31.21660,27.89317
3238.27720,0.68889,-5.55342,79.59385,9.82743,10.58273,31.23580,27.94789
3238.28720,0.70516,-5.55588,79.62020,9.85133,10.55700,31.25542,27.95645
3238.29720,0.71526,-5.55705,79.63473,9.86623,10.54173,31.26660,27.96017
3238.30720,0.73715,-5.54322,79.53941,9.89007,10.54173,31.23373,27.87389
3238.31720,0.71441,-5.57033,79.40912,9.79650,10.50742,31.21823,27.88697
3238.32720,0.70903,-5.57621,79.38773,9.77723,10.50073,31.21660,27.89317
3238.33720,0.75635,-5.56044,79.54880,9.89064,10.48347,31.27330,27.90139
3238.34720,0.76659,-5.55703,79.58373,9.91523,10.47973,31.28560,27.90317
3238.35720,0.73675,-5.55701,79.50656,9.86786,10.50740,31.23823,27.89306
3238.36720,0.73699,-5.54726,79.43944,9.86812,10.52392,31.20370,27.84370
3238.37720,0.74781,-5.54328,79.43973,9.88523,10.52073,31.20660,27.82717
3238.38720,0.74945,-5.54204,79.40431,9.88047,10.52073,31.19603,27.80708
3238.39720,0.74264,-5.53537,79.41226,9.89924,10.52722,31.16890,27.81690
3238.40720,0.73691,-5.53152,79.43973,9.91523,10.53173,31.15660,27.83617
3238.41720,0.73337,-5.54030,79.30655,9.87493,10.50719,31.12155,27.80288
3238.42720,0.73083,-5.54658,79.21173,9.84623,10.48973,31.09660,27.77917
3238.43720,0.72980,-5.54475,79.22437,9.85247,10.49309,31.09500,27.78381
3238.44720,0.71625,-5.52850,79.34289,9.88173,10.55082,31.10217,27.80817
3238.45720,0.70352,-5.51807,79.42473,9.87623,10.61373,31.12660,27.80817
3238.46720,0.72445,-5.52709,79.37238,9.88756,10.55746,31.12660,27.80075
3238.47720,0.75663,-5.54017,79.30751,9.90652,10.47631,31.13305,27.79162
3238.48720,0.75317,-5.53327,79.42073,9.91523,10.52073,31.17660,27.80817
3238.49720,0.73623,-5.53933,79.35073,9.85705,10.53982,31.16751,27.78636
3238.50720,0.71585,-5.54661,79.26673,9.78723,10.56273,31.15660,27.76017
3238.51720,0.72076,-5.55006,79.32764,9.80496,10.54864,31.17933,27.79472
3238.52720,0.70730,-5.55871,79.35334,9.80811,10.52197,31.16478,27.85848
3238.53720,0.68498,-5.56392,79.29873,9.78723,10.51073,31.11660,27.88417
3238.54720,0.68498,-5.56392,79.29873,9.78723,10.51073,31.11660,27.88417
3238.55720,0.69272,-5.54700,79.40145,9.82617,10.55700,31.14482,27.87345
3238.56720,0.70796,-5.55609,79.36201,9.82319,10.51825,31.15540,27.86517
3238.57720,0.71529,-5.57351,79.26873,9.79723,10.45973,31.14660,27.86517
3238.58720,0.69822,-5.56653,79.43216,9.80903,10.51401,31.18790,27.92122
3238.59720,0.68640,-5.56169,79.54573,9.81723,10.55173,31.21660,27.96017
3238.60720,0.69815,-5.57631,79.55055,9.81723,10.50198,31.24067,27.99066
3238.61720,0.70133,-5.59847,79.51886,9.76053,10.47329,31.28687,27.99817
3238.62720,0.70139,-5.60250,79.51173,9.74823,10.46973,31.29560,27.99817
3238.63720,0.71411,-5.59920,79.46653,9.75765,10.46031,31.28618,27.96239
3238.64720,0.69988,-5.59215,79.65273,9.75823,10.53173,31.35560,28.00717
3238.65720,0.69632,-5.59316,79.63471,9.75229,10.52955,31.34570,28.00717
3238.66720,0.68190,-5.59726,79.56173,9.72823,10.52073,31.30560,28.00717
3238.67720,0.68190,-5.59726,79.56173,9.72823,10.52073,31.30560,28.00717
3238.68720,0.67965,-5.61014,79.58018,9.71204,10.49665,31.32717,28.04433
3238.69720,0.65187,-5.64426,79.57373,9.63923,10.44873,31.34560,28.14017
3238.70720,0.65268,-5.64334,79.57397,9.64163,10.44961,31.34480,28.13793
3238.71720,0.66022,-5.63377,79.58433,9.66843,10.45884,31.33722,28.11985
3238.72720,0.64102,-5.64555,79.67073,9.65923,10.44873,31.35560,28.20717
3238.73720,0.63946,-5.64433,79.67094,9.65854,10.45372,31.35352,28.20516
3238.74720,0.61845,-5.62802,79.67373,9.64923,10.52073,31.32560,28.17817
3238.75720,0.61845,-5.62802,79.67373,9.64923,10.52073,31.32560,28.17817
3238.76720,0.60651,-5.64998,79.64616,9.57507,10.51122,31.36363,28.19624
3238.77720,0.62999,-5.63414,79.73797,9.64469,10.52014,31.38443,28.18870
3238.78720,0.63148,-5.63309,79.74373,9.64923,10.52073,31.38560,28.18817
3238.79720,0.63605,-5.62222,79.74561,9.66801,10.54044,31.37621,28.16095
3238.80720,0.66292,-5.63164,79.65077,9.65964,10.49185,31.38519,28.11409
3238.81720,0.66405,-5.63208,79.64673,9.65923,10.48973,31.38560,28.11217
3238.82720,0.60377,-5.60467,79.69613,9.65923,10.59803,31.30010,28.13877
3238.83720,0.60060,-5.60323,79.69873,9.65923,10.60373,31.29560,28.14017
3238.84720,0.60695,-5.62729,79.69594,9.63220,10.54594,31.33288,28.18491
3238.85720,0.61561,-5.62606,79.70206,9.64225,10.54173,31.34193,28.17615
3238.86720,0.62037,-5.62433,79.70573,9.64923,10.54173,31.34560,28.16917
3238.87720,0.60837,-5.62433,79.57534,9.63355,10.52440,31.27215,28.14524
3238.88720,0.60359,-5.63289,79.53038,9.60464,10.51205,31.26918,28.14451
3238.89720,0.60087,-5.64334,79.50921,9.57342,10.50147,31.28453,28.14980
3238.90720,0.60068,-5.64407,79.50773,9.57123,10.50073,31.28560,28.15017
3238.91720,0.61020,-5.66514,79.47373,9.55123,10.43873,31.30560,28.17817
3238.92720,0.61468,-5.65926,79.47046,9.56630,10.44331,31.29708,28.16376
3238.93720,0.62018,-5.63433,79.56650,9.63458,10.48621,31.28830,28.15741
3238.94720,0.60210,-5.62766,79.75173,9.65923,10.53173,31.32560,28.23517
3238.95720,0.61238,-5.63343,79.60471,9.62409,10.50949,31.30408,28.16704
3238.96720,0.60508,-5.63862,79.61454,9.61023,10.50772,31.30958,28.18701
3238.97720,0.60019,-5.63987,79.64373,9.61023,10.51073,31.31560,28.20717
3238.98720,0.59840,-5.63613,79.65017,9.60103,10.53465,31.32480,28.18969
3238.99720,0.59628,-5.63173,79.65773,9.59023,10.56273,31.33560,28.16917
3239.00720,0.58751,-5.63650,79.56128,9.56509,10.54682,31.29507,28.15430
3239.01720,0.58196,-5.64464,79.49773,9.54623,10.52123,31.27110,28.15917
3239.02720,0.58475,-5.64824,79.52573,9.55123,10.51073,31.28560,28.17817
3239.03720,0.56826,-5.64066,79.53072,9.56731,10.52237,31.24180,28.19924
3239.04720,0.55829,-5.63959,79.55650,9.58023,10.51970,31.22379,28.23279
3239.05720,0.56073,-5.64333,79.57273,9.58023,10.51073,31.23660,28.24517
3239.06720,0.57129,-5.63122,79.50067,9.58609,10.52889,31.21317,28.17253
3239.07720,0.57877,-5.62265,79.44973,9.59023,10.54173,31.19660,28.12117
3239.08720,0.57307,-5.62601,79.46031,9.58649,10.53644,31.19531,28.14208
3239.09720,0.54295,-5.64581,79.54631,9.56579,10.50984,31.20482,28.26587
3239.10720,0.55291,-5.64239,79.56373,9.57123,10.52073,31.22660,28.24517
3239.11720,0.55595,-5.64371,79.57660,9.57451,10.51610,31.23552,28.25048
3239.12720,0.58241,-5.65416,79.62553,9.59123,10.47523,31.29255,28.26652
3239.13720,0.58557,-5.65428,79.56173,9.58023,10.46973,31.27660,28.23517
3239.14720,0.57609,-5.65447,79.53413,9.56863,10.47373,31.25660,28.23517
3239.15720,0.56184,-5.65475,79.49273,9.55123,10.47973,31.22660,28.23517
3239.16720,0.58692,-5.66094,79.50607,9.55568,10.45706,31.27504,28.21828
3239.17720,0.61794,-5.66164,79.53182,9.57896,10.43782,31.32196,28.19308
3239.18720,0.61756,-5.65320,79.54273,9.60023,10.44873,31.30560,28.18817
3239.19720,0.61904,-5.66272,79.54738,9.57747,10.43943,31.33348,28.19700
3239.20720,0.62075,-5.67370,79.55273,9.55123,10.42873,31.36560,28.20717
3239.21720,0.62075,-5.67370,79.55273,9.55123,10.42873,31.36560,28.20717
3239.22720,0.61269,-5.65336,79.64580,9.60451,10.46987,31.34537,28.22606
3239.23720,0.66425,-5.67149,79.58973,9.62023,10.37673,31.39560,28.19717
3239.24720,0.66032,-5.67100,79.55979,9.60589,10.38525,31.38728,28.18137
3239.25720,0.65488,-5.66434,79.46872,9.57376,10.41773,31.36250,28.11474
3239.26720,0.68694,-5.64826,79.54573,9.64923,10.41773,31.38560,28.09317
3239.27720,0.68694,-5.64826,79.54573,9.64923,10.41773,31.38560,28.09317
3239.28720,0.64198,-5.65556,79.41673,9.58023,10.42873,31.30560,28.10217
3239.29720,0.64789,-5.65591,79.41915,9.59232,10.41604,31.30560,28.10519
3239.30720,0.65546,-5.65337,79.45214,9.61434,10.41118,31.31444,28.11217
3239.31720,0.64090,-5.64537,79.51773,9.60023,10.46973,31.33560,28.11217
3239.32720,0.65653,-5.64572,79.51152,9.61073,10.45644,31.35060,28.09374
3239.33720,0.70286,-5.64747,79.48896,9.63593,10.41945,31.39884,28.03474
3239.34720,0.66509,-5.64908,79.48973,9.59023,10.45973,31.37560,28.06417
3239.35720,0.67971,-5.64669,79.48973,9.61256,10.44575,31.38011,28.05132
3239.36720,0.72991,-5.63847,79.48973,9.68923,10.39773,31.39560,28.00717
3239.37720,0.72991,-5.63847,79.48973,9.68923,10.39773,31.39560,28.00717
3239.38720,0.73354,-5.65175,79.43402,9.64209,10.38451,31.42060,27.98682
3239.39720,0.77349,-5.65338,79.48973,9.67923,10.35573,31.48560,27.96917
3239.40720,0.76887,-5.65539,79.48401,9.66875,10.35777,31.48463,27.97286
3239.41720,0.72597,-5.67357,79.43465,9.57238,10.37835,31.47675,28.00717
3239.42720,0.72807,-5.66626,79.49058,9.58876,10.40151,31.49313,28.00717
3239.43720,0.72955,-5.66115,79.52973,9.60023,10.41773,31.50460,28.00717
3239.44720,0.75577,-5.65624,79.49229,9.64727,10.37837,31.48636,27.98029
3239.45720,0.75687,-5.65604,79.49073,9.64923,10.37673,31.48560,27.97917
3239.46720,0.75196,-5.67205,79.48978,9.60266,10.36722,31.52267,27.99723
3239.47720,0.76037,-5.68414,79.56838,9.60023,10.34722,31.58122,28.03970
3239.48720,0.76548,-5.69076,79.61473,9.60023,10.33573,31.61460,28.06417
3239.49720,0.74942,-5.68297,79.60815,9.59200,10.36949,31.58989,28.05676
3239.50720,0.76868,-5.68863,79.54195,9.59023,10.33491,31.59280,28.02401
3239.51720,0.77367,-5.69024,79.52773,9.59023,10.32573,31.59460,28.01717
3239.52720,0.75864,-5.71421,79.53605,9.50873,10.32573,31.65282,28.04878
3239.53720,0.75560,-5.71906,79.53773,9.49223,10.32573,31.66460,28.05517
3239.54720,0.74827,-5.70777,79.67362,9.54082,10.35043,31.67284,28.10953
3239.55720,0.76071,-5.73442,79.62155,9.47898,10.30620,31.73062,28.10575
3239.56720,0.76396,-5.74117,79.60273,9.46223,10.29473,31.74360,28.10217
3239.57720,0.72230,-5.73089,79.59194,9.48713,10.30303,31.63653,28.16525
3239.58720,0.73925,-5.72406,79.69016,9.51630,10.32216,31.68930,28.16240
3239.59720,0.74446,-5.72309,79.71073,9.52123,10.32573,31.70460,28.15917
3239.60720,0.76570,-5.72072,79.77648,9.53767,10.33394,31.76130,28.14356
3239.61720,0.77030,-5.72021,79.79073,9.54123,10.33573,31.77360,28.14017
3239.62720,0.75454,-5.73116,79.73903,9.50079,10.32498,31.75824,28.15502
3239.63720,0.74765,-5.75906,79.67434,9.45005,10.26214,31.76284,28.19931
3239.64720,0.75221,-5.76882,79.66573,9.44323,10.23273,31.77360,28.21617
3239.65720,0.73919,-5.75670,79.66801,9.44323,10.27563,31.75082,28.19833
3239.66720,0.72085,-5.73964,79.67122,9.44323,10.33606,31.71873,28.17319
3239.67720,0.72311,-5.75026,79.65325,9.42643,10.31129,31.73040,28.18513
3239.68720,0.71985,-5.75109,79.67206,9.41951,10.31998,31.74104,28.19152
3239.69720,0.71269,-5.74819,79.70973,9.41323,10.34573,31.75360,28.19717
3239.70720,0.72172,-5.76446,79.65545,9.40752,10.28116,31.74789,28.21889
3239.71720,0.71399,-5.77019,79.66635,9.40903,10.26231,31.73780,28.25721
3239.72720,0.70351,-5.76550,79.70373,9.41323,10.28373,31.73360,28.27317
3239.73720,0.70970,-5.76591,79.70778,9.42672,10.26979,31.73360,28.27767
3239.74720,0.70815,-5.76485,79.70583,9.43978,10.25998,31.71668,28.28939
3239.75720,0.69083,-5.76186,79.69273,9.43323,10.27373,31.68460,28.30117
3239.76720,0.68883,-5.76904,79.68230,9.42416,10.25513,31.68460,28.31841
3239.77720,0.68641,-5.77769,79.66973,9.41323,10.23273,31.68460,28.33917
3239.78720,0.68907,-5.77970,79.67793,9.41779,10.22316,31.68915,28.34783
3239.79720,0.69607,-5.77481,79.68278,9.41018,10.24908,31.71215,28.31137
3239.80720,0.70076,-5.76588,79.67673,9.39423,10.29473,31.73360,28.25417
3239.81720,0.67621,-5.77544,79.62390,9.36691,10.27560,31.68851,28.29289
3239.82720,0.67446,-5.78243,79.54858,9.36528,10.23428,31.64810,28.30092
3239.83720,0.70828,-5.77696,79.53373,9.40323,10.21173,31.66460,28.25417
3239.84720,0.69083,-5.77611,79.51512,9.38951,10.22383,31.63668,28.26511
3239.85720,0.65368,-5.77431,79.47552,9.36030,10.24957,31.57727,28.28838
3239.86720,0.63175,-5.77647,79.45906,9.34423,10.25402,31.54460,28.31620
3239.87720,0.62399,-5.78300,79.48130,9.32901,10.25199,31.55703,28.34327
3239.88720,0.61404,-5.78208,79.50473,9.29523,10.29473,31.58460,28.33017
3239.89720,0.61871,-5.77656,79.52237,9.31586,10.29772,31.58161,28.32718
3239.90720,0.63489,-5.76050,79.60097,9.38431,10.30473,31.58333,28.32861
3239.91720,0.64765,-5.75292,79.69173,9.43323,10.30473,31.60460,28.34917
3239.92720,0.64370,-5.75212,79.67372,9.42297,10.31331,31.59832,28.33912
3239.93720,0.63094,-5.74955,79.61561,9.38986,10.34102,31.57805,28.30669
3239.94720,0.62612,-5.75328,79.60735,9.37413,10.34169,31.58066,28.31087
3239.95720,0.60909,-5.76885,79.58553,9.32415,10.33190,31.58813,28.34135
3239.96720,0.58375,-5.76547,79.47673,9.28523,10.35573,31.52460,28.31117
3239.97720,0.58316,-5.76247,79.48270,9.29409,10.35881,31.51774,28.31207
3239.98720,0.58008,-5.74668,79.51412,9.34068,10.37504,31.48161,28.31678
3239.99720,0.56390,-5.73000,79.58673,9.38423,10.40773,31.44560,28.34917
3240.00720,0.55862,-5.73091,79.56680,9.37609,10.40773,31.43380,28.34917
3240.01720,0.53342,-5.73526,79.47185,9.33733,10.40773,31.37762,28.34917
3240.02720,0.51903,-5.73774,79.41773,9.31523,10.40773,31.34560,28.34917
3240.03720,0.52608,-5.74496,79.49304,9.31523,10.40129,31.39709,28.37943
3240.04720,0.49425,-5.74736,79.48404,9.30115,10.40477,31.34815,28.42997
3240.05720,0.47866,-5.74755,79.45553,9.29211,10.40605,31.31400,28.44337
3240.06720,0.47453,-5.75793,79.38155,9.25860,10.38509,31.30213,28.43572
3240.07720,0.50146,-5.76260,79.48073,9.28523,10.36673,31.37560,28.45317
3240.08720,0.49808,-5.76275,79.48339,9.28320,10.36890,31.37280,28.45849
3240.09720,0.45330,-5.76472,79.51873,9.25623,10.39773,31.33560,28.52917
3240.10720,0.45330,-5.76472,79.51873,9.25623,10.39773,31.33560,28.52917
3240.11720,0.44659,-5.77460,79.59143,9.23145,10.40599,31.38517,28.56883
3240.12720,0.46102,-5.77013,79.62305,9.28287,10.37797,31.37640,28.58581
3240.13720,0.46167,-5.76986,79.62373,9.28523,10.37673,31.37560,28.58617
3240.14720,0.46754,-5.77817,79.54864,9.26717,10.34726,31.36610,28.56811
3240.15720,0.45656,-5.81123,79.41807,9.18083,10.28623,31.36560,28.58541
3240.16720,0.45609,-5.81261,79.41273,9.17723,10.28373,31.36560,28.58617
3240.17720,0.47524,-5.79511,79.47109,9.23276,10.30349,31.37501,28.55982
3240.18720,0.47643,-5.79402,79.47473,9.23623,10.30473,31.37560,28.55817
3240.19720,0.47568,-5.78259,79.60106,9.27101,10.34092,31.40399,28.58514
3240.20720,0.44525,-5.78603,79.53793,9.23685,10.34753,31.35000,28.60355
3240.21720,0.43863,-5.78781,79.51273,9.22623,10.34573,31.33560,28.60517
3240.22720,0.48158,-5.77404,79.61097,9.30661,10.33761,31.38431,28.58244
3240.23720,0.49617,-5.77924,79.61703,9.30018,10.32738,31.42065,28.56882
3240.24720,0.49708,-5.78090,79.61373,9.29523,10.32573,31.42560,28.56717
3240.25720,0.45959,-5.77525,79.66907,9.28710,10.36723,31.39305,28.62169
3240.26720,0.45101,-5.77396,79.68173,9.28523,10.37673,31.38560,28.63417
3240.27720,0.43785,-5.76368,79.62968,9.27286,10.41214,31.34720,28.59748
3240.28720,0.43473,-5.75593,79.53156,9.26868,10.41911,31.29560,28.54817
3240.29720,0.44242,-5.75913,79.51673,9.27523,10.39773,31.29560,28.54817
3240.30720,0.44968,-5.75203,79.58703,9.30335,10.41179,31.31669,28.55520
3240.31720,0.45274,-5.74903,79.61673,9.31523,10.41773,31.32560,28.55817
3240.32720,0.43396,-5.74738,79.64716,9.30889,10.43738,31.31292,28.58797
3240.33720,0.41378,-5.74159,79.54909,9.29933,10.44283,31.23539,28.57154
3240.34720,0.40727,-5.73822,79.46873,9.29523,10.43873,31.18660,28.54817
3240.35720,0.40727,-5.73822,79.46873,9.29523,10.43873,31.18660,28.54817
3240.36720,0.44780,-5.71535,79.53405,9.36022,10.46973,31.22933,28.47477
3240.37720,0.47506,-5.70579,79.61273,9.41323,10.46973,31.26660,28.46317
3240.38720,0.48283,-5.70374,79.56308,9.39629,10.48141,31.27244,28.41294
3240.39720,0.50383,-5.70565,79.50511,9.38423,10.47233,31.29342,28.35513
3240.40720,0.51338,-5.70942,79.48256,9.37806,10.45973,31.30560,28.33917
3240.41720,0.51056,-5.71171,79.47192,9.36742,10.45973,31.30560,28.33917
3240.42720,0.53416,-5.69648,79.47873,9.45323,10.42873,31.26660,28.33017
3240.43720,0.53537,-5.69562,79.46793,9.44123,10.44103,31.27530,28.31037
3240.44720,0.55172,-5.69681,79.41483,9.42021,10.44461,31.29909,28.25092
3240.45720,0.57695,-5.70279,79.36273,9.43323,10.39773,31.30560,28.22617
3240.46720,0.58424,-5.70219,79.37297,9.42858,10.40703,31.32887,28.20849
3240.47720,0.59261,-5.70150,79.38473,9.42323,10.41773,31.35560,28.18817
3240.48720,0.59261,-5.70150,79.38473,9.42323,10.41773,31.35560,28.18817
3240.49720,0.61392,-5.69828,79.36268,9.45809,10.38856,31.34849,28.16754
3240.50720,0.64031,-5.68571,79.37369,9.46510,10.42805,31.39550,28.08503
3240.51720,0.64745,-5.68118,79.38173,9.46223,10.44873,31.41560,28.05517
3240.52720,0.63758,-5.69060,79.39932,9.45803,10.42455,31.41077,28.10597
3240.53720,0.65073,-5.68909,79.44773,9.48223,10.41773,31.43560,28.11217
3240.54720,0.65073,-5.68909,79.44773,9.48223,10.41773,31.43560,28.11217
3240.55720,0.66743,-5.71053,79.50273,9.47223,10.36673,31.50460,28.15917
3240.56720,0.66571,-5.71097,79.50887,9.46916,10.36980,31.50767,28.16224
3240.57720,0.65925,-5.71202,79.54976,9.45659,10.38890,31.52945,28.17482
3240.58720,0.65318,-5.71216,79.61373,9.44323,10.41773,31.56460,28.18817
3240.59720,0.65711,-5.71199,79.63428,9.45199,10.41471,31.57366,28.19391
3240.60720,0.67955,-5.71424,79.70450,9.48213,10.39420,31.62100,28.20717
3240.61720,0.70662,-5.71965,79.75073,9.50223,10.36673,31.67460,28.20717
3240.62720,0.70606,-5.71985,79.72763,9.49360,10.36889,31.67028,28.19487
3240.63720,0.70404,-5.72060,79.64373,9.46223,10.37673,31.65460,28.15017
3240.64720,0.70404,-5.72060,79.64373,9.46223,10.37673,31.65460,28.15017
3240.65720,0.71151,-5.75136,79.71575,9.38423,10.36514,31.78353,28.18283
3240.66720,0.68409,-5.75406,79.72490,9.38423,10.35796,31.73778,28.24492
3240.67720,0.67714,-5.75371,79.72791,9.38777,10.35639,31.72300,28.26075
3240.68720,0.70044,-5.73684,79.72591,9.43593,10.36673,31.71669,28.20655
3240.69720,0.68629,-5.76332,79.65273,9.32523,10.36673,31.76360,28.19717
3240.70720,0.68700,-5.76303,79.65876,9.32874,10.36574,31.76450,28.19978
3240.71720,0.69413,-5.76005,79.71973,9.36423,10.35573,31.77360,28.22617
3240.72720,0.69413,-5.76005,79.71973,9.36423,10.35573,31.77360,28.22617
3240.73720,0.67570,-5.78227,79.43273,9.28784,10.28373,31.66808,28.19309
3240.74720,0.70325,-5.77620,79.45273,9.31393,10.28373,31.70286,28.15222
3240.75720,0.70463,-5.77589,79.45373,9.31523,10.28373,31.70460,28.15017
3240.76720,0.68455,-5.78012,79.35781,9.27687,10.28373,31.65664,28.14058
3240.77720,0.68848,-5.77816,79.45434,9.27523,10.31598,31.71527,28.14785
3240.78720,0.68992,-5.77751,79.48473,9.27523,10.32573,31.73360,28.15017
3240.79720,0.69209,-5.75209,79.49486,9.34795,10.34414,31.67009,28.13268
3240.80720,0.69227,-5.74990,79.49573,9.35423,10.34573,31.66460,28.13117
3240.81720,0.73520,-5.75179,79.67895,9.38331,10.35542,31.80904,28.13117
3240.82720,0.73238,-5.76540,79.58773,9.35211,10.31654,31.78790,28.13117
3240.83720,0.73005,-5.77295,79.53373,9.33423,10.29473,31.77360,28.13117
3240.84720,0.74031,-5.75241,79.51319,9.36710,10.32842,31.74895,28.06872
3240.85720,0.72709,-5.77920,79.37289,9.30052,10.26698,31.71875,28.08665
3240.86720,0.72388,-5.78570,79.34473,9.28523,10.25273,31.71360,28.09317
3240.87720,0.75348,-5.76546,79.49297,9.37500,10.27002,31.75478,28.09317
3240.88720,0.75981,-5.76113,79.52473,9.39423,10.27373,31.76360,28.09317
3240.89720,0.76141,-5.74909,79.51750,9.41755,10.29061,31.73948,28.06986
3240.90720,0.76476,-5.75388,79.51682,9.39657,10.29473,31.76625,28.05928
3240.91720,0.76723,-5.76035,79.51773,9.37423,10.29473,31.79360,28.05517
3240.92720,0.77317,-5.77968,79.46198,9.31910,10.26871,31.83077,28.04340
3240.93720,0.77685,-5.76781,79.55433,9.35085,10.30111,31.85360,28.04877
3240.94720,0.77686,-5.75576,79.61873,9.38423,10.32573,31.85360,28.05517
3240.95720,0.78713,-5.77449,79.59573,9.35635,10.28251,31.88845,28.06842
3240.96720,0.79160,-5.78264,79.58573,9.34423,10.26373,31.90360,28.07417
3240.97720,0.81211,-5.77424,79.58081,9.37235,10.26373,31.91063,28.03410
3240.98720,0.81453,-5.76998,79.59953,9.37037,10.28521,31.92677,28.01717
3240.99720,0.81177,-5.76966,79.60873,9.36423,10.29473,31.93260,28.01717
3241.00720,0.81985,-5.76392,79.58143,9.38523,10.28703,31.91230,27.99687
3241.01720,0.82332,-5.76146,79.56973,9.39423,10.28373,31.90360,27.98817
3241.02720,0.82847,-5.76426,79.56835,9.40297,10.26487,31.90360,27.99691
3241.03720,0.82834,-5.76841,79.58267,9.39822,10.25866,31.91555,28.01024
3241.04720,0.81439,-5.77037,79.61873,9.36423,10.29473,31.94260,28.01717
3241.05720,0.83323,-5.76897,79.59669,9.37003,10.28835,31.96000,27.97831
3241.06720,0.84316,-5.76114,79.64859,9.40845,10.29011,31.96680,27.98323
3241.07720,0.84047,-5.75621,79.69773,9.43323,10.29473,31.96260,28.00717
3241.08720,0.83750,-5.75673,79.64377,9.41804,10.29473,31.94430,27.98670
3241.09720,0.83237,-5.75764,79.55072,9.39183,10.29473,31.91275,27.95141
3241.10720,0.83114,-5.75973,79.52279,9.38737,10.28500,31.90046,27.94996
3241.11720,0.83159,-5.76282,79.52120,9.39269,10.26851,31.89514,27.96485
3241.12720,0.80594,-5.73898,79.51581,9.41462,10.32840,31.82330,27.94949
3241.13720,0.79504,-5.72852,79.51373,9.42323,10.35573,31.79360,27.94117
3241.14720,0.81310,-5.74044,79.48118,9.40695,10.32235,31.82616,27.92571
3241.15720,0.78155,-5.73683,79.52067,9.41147,10.34026,31.78419,27.98476
3241.16720,0.77391,-5.73547,79.53073,9.41323,10.34573,31.77360,27.99817
3241.17720,0.74547,-5.71761,79.57373,9.40323,10.42873,31.75360,27.98817
3241.18720,0.74508,-5.71843,79.56982,9.40323,10.42491,31.75087,27.99081
3241.19720,0.74129,-5.72767,79.53073,9.40042,10.38576,31.72651,28.01805
3241.20720,0.74179,-5.73776,79.53073,9.37423,10.37673,31.75360,28.02617
3241.21720,0.74255,-5.73976,79.52803,9.37177,10.37156,31.75606,28.02863
3241.22720,0.74406,-5.74589,79.52265,9.36364,10.35698,31.76420,28.03784
3241.23720,0.73109,-5.74620,79.56873,9.35423,10.37673,31.77360,28.06417
3241.24720,0.73571,-5.74747,79.55231,9.35631,10.36612,31.77152,28.05835
3241.25720,0.75334,-5.75234,79.48973,9.36423,10.32573,31.76360,28.03617
3241.26720,0.75106,-5.75148,79.45365,9.36231,10.32170,31.74268,28.02696
3241.27720,0.73691,-5.74714,79.34133,9.36029,10.31099,31.66066,28.00939
3241.28720,0.71895,-5.74430,79.49773,9.38423,10.33573,31.68460,28.09317
3241.29720,0.71822,-5.74526,79.50385,9.37608,10.34205,31.69459,28.09113
3241.30720,0.70458,-5.74446,79.53104,9.35342,10.37426,31.70623,28.09713
3241.31720,0.65646,-5.72421,79.54573,9.39423,10.40773,31.58460,28.15917
3241.32720,0.66612,-5.72185,79.57551,9.40579,10.41184,31.60615,28.15173
3241.33720,0.70573,-5.71215,79.69773,9.45323,10.42873,31.69460,28.12117
3241.34720,0.70434,-5.71395,79.69165,9.45133,10.42284,31.69080,28.12668
3241.35720,0.69722,-5.72467,79.65315,9.43329,10.39383,31.67586,28.15017
3241.36720,0.69095,-5.74081,79.58693,9.38098,10.37330,31.68248,28.15017
3241.37720,0.69334,-5.74290,79.56547,9.37127,10.37038,31.68549,28.13832
3241.38720,0.73861,-5.71036,79.56737,9.44795,10.40773,31.69300,28.01869
3241.39720,0.74312,-5.69863,79.62073,9.50223,10.40773,31.67460,28.03617
3241.40720,0.74312,-5.69863,79.62073,9.50223,10.40773,31.67460,28.03617
3241.41720,0.76915,-5.71579,79.37573,9.43323,10.35573,31.66460,27.92217
3241.42720,0.76915,-5.71579,79.37573,9.43323,10.35573,31.66460,27.92217
3241.43720,0.81034,-5.71774,79.41907,9.49190,10.30106,31.70393,27.92217
3241.44720,0.80174,-5.70385,79.50980,9.50350,10.36053,31.72360,27.92217
3241.45720,0.79966,-5.70279,79.51473,9.50223,10.36673,31.72360,27.92217
3241.46720,0.81316,-5.70640,79.48527,9.51174,10.33726,31.72360,27.91267
3241.47720,0.85212,-5.71728,79.51128,9.52078,10.29678,31.79960,27.89412
3241.48720,0.85413,-5.71784,79.51273,9.52123,10.29473,31.80360,27.89317
3241.49720,0.85445,-5.71801,79.51057,9.51889,10.29593,31.80540,27.89035
3241.50720,0.85943,-5.72072,79.47673,9.48223,10.31473,31.83360,27.84617
3241.51720,0.86330,-5.72066,79.47431,9.49011,10.30644,31.83158,27.84617
3241.52720,0.87059,-5.72241,79.47264,9.51060,10.27945,31.82360,27.85899
3241.53720,0.84916,-5.72767,79.49373,9.48223,10.29473,31.82360,27.89317
3241.54720,0.84316,-5.71778,79.50099,9.50400,10.30924,31.79457,27.89317
3241.55720,0.81936,-5.73025,79.55595,9.48115,10.30229,31.80225,27.97025
3241.56720,0.80627,-5.74010,79.58773,9.46223,10.29473,31.81360,28.01717
3241.57720,0.79637,-5.74707,79.46506,9.41510,10.28710,31.77895,27.98391
3241.58720,0.79198,-5.75017,79.41073,9.39423,10.28373,31.76360,27.96917
3241.59720,0.80246,-5.74625,79.49224,9.42808,10.28373,31.79123,27.98920
3241.60720,0.79171,-5.74289,79.54740,9.43390,10.30333,31.79427,28.01591
3241.61720,0.77408,-5.74104,79.56873,9.42323,10.32573,31.78360,28.03617
3241.62720,0.76063,-5.73815,79.61650,9.42872,10.34220,31.77811,28.06747
3241.63720,0.75753,-5.73358,79.71017,9.46304,10.34709,31.78656,28.11348
3241.64720,0.76795,-5.73071,79.78173,9.50223,10.33573,31.80360,28.14017
3241.65720,0.75450,-5.73812,79.70786,9.46173,10.33198,31.78110,28.13305
3241.66720,0.73203,-5.75049,79.58473,9.39423,10.32573,31.74360,28.12117
3241.67720,0.71716,-5.74326,79.61095,9.41217,10.33953,31.71186,28.14739
3241.68720,0.70047,-5.73873,79.66496,9.41135,10.36957,31.70988,28.17415
3241.69720,0.70142,-5.74362,79.69373,9.38423,10.38673,31.75360,28.16917
3241.70720,0.69145,-5.74987,79.59993,9.35763,10.36824,31.71346,28.16060
3241.71720,0.67941,-5.76195,79.52709,9.33359,10.33209,31.67780,28.18361
3241.72720,0.67957,-5.76761,79.57973,9.34423,10.31473,31.69460,28.22617
3241.73720,0.68417,-5.76694,79.58809,9.34863,10.31473,31.70296,28.22177
3241.74720,0.69002,-5.76609,79.59873,9.35423,10.31473,31.71360,28.21617
3241.75720,0.68181,-5.77008,79.59241,9.34190,10.31156,31.70759,28.23136
3241.76720,0.66208,-5.77690,79.60235,9.32201,10.31011,31.69634,28.27390
3241.77720,0.65605,-5.77141,79.67393,9.34253,10.32643,31.70160,28.30337
3241.78720,0.64787,-5.77031,79.70884,9.33979,10.34162,31.70725,28.32017
3241.79720,0.63058,-5.77490,79.70402,9.30844,10.35573,31.70431,28.33555
3241.80720,0.61806,-5.77435,79.72373,9.31523,10.35573,31.68460,28.36817
3241.81720,0.62088,-5.77440,79.70360,9.31523,10.35057,31.67944,28.35837
3241.82720,0.62970,-5.77458,79.64070,9.31523,10.33444,31.66331,28.32772
3241.83720,0.63447,-5.77467,79.60673,9.31523,10.32573,31.65460,28.31117
3241.84720,0.65222,-5.77094,79.61184,9.34539,10.30988,31.65971,28.29686
3241.85720,0.64826,-5.77551,79.57897,9.31628,10.31491,31.66460,28.28317
3241.86720,0.63703,-5.77988,79.55873,9.28523,10.32573,31.66460,28.28317
3241.87720,0.62324,-5.77145,79.63884,9.27730,10.38283,31.68839,28.29031
3241.88720,0.61909,-5.78274,79.53343,9.27523,10.31950,31.62862,28.31008
3241.89720,0.61781,-5.78221,79.53557,9.27662,10.32048,31.62599,28.31249
3241.90720,0.60110,-5.76410,79.66773,9.29523,10.39773,31.64460,28.33017
3241.91720,0.60023,-5.76767,79.65728,9.28589,10.39202,31.64698,28.33239
3241.92720,0.59285,-5.80797,79.54343,9.18276,10.32643,31.67803,28.35621
3241.93720,0.62899,-5.79145,79.64573,9.25623,10.33573,31.72360,28.33017
3241.94720,0.63068,-5.79201,79.64325,9.25684,10.33258,31.72481,28.32902
3241.95720,0.65580,-5.80131,79.60217,9.26311,10.28373,31.74360,28.31174
3241.96720,0.64177,-5.81153,79.56556,9.21847,10.28373,31.74360,28.31977
3241.97720,0.64107,-5.81204,79.56373,9.21623,10.28373,31.74360,28.32017
3241.98720,0.60856,-5.81246,79.50075,9.17017,10.31287,31.69754,28.32017
3241.99720,0.60648,-5.81249,79.49673,9.16723,10.31473,31.69460,28.32017
3242.00720,0.60615,-5.79585,79.60800,9.25260,10.31473,31.66582,28.37485
3242.01720,0.59343,-5.79843,79.54935,9.21895,10.32498,31.64596,28.35946
3242.02720,0.59250,-5.79867,79.54473,9.21623,10.32573,31.64460,28.35817
3242.03720,0.56979,-5.80038,79.57293,9.18897,10.35393,31.64460,28.38543
3242.04720,0.57171,-5.79958,79.61094,9.20565,10.34938,31.65095,28.40496
3242.05720,0.57364,-5.79906,79.63173,9.21623,10.34573,31.65460,28.41517
3242.06720,0.60703,-5.78422,79.68337,9.26384,10.36267,31.69494,28.36192
3242.07720,0.61502,-5.78067,79.69573,9.27523,10.36673,31.70460,28.34917
3242.08720,0.59666,-5.79679,79.61771,9.25116,10.31527,31.65480,28.39648
3242.09720,0.61738,-5.79983,79.53035,9.23793,10.29643,31.66120,28.33479
3242.10720,0.62240,-5.79978,79.51573,9.23623,10.29473,31.66460,28.32017
3242.11720,0.64158,-5.78995,79.57313,9.27641,10.30293,31.68920,28.30459
3242.12720,0.63739,-5.79361,79.53686,9.26121,10.29644,31.67803,28.30117
3242.13720,0.63565,-5.79482,79.52673,9.25623,10.29473,31.67460,28.30117
3242.14720,0.64210,-5.78885,79.50213,9.28001,10.28571,31.65000,28.28641
3242.15720,0.64352,-5.78754,79.49673,9.28523,10.28373,31.64460,28.28317
3242.16720,0.64352,-5.78754,79.49673,9.28523,10.28373,31.64460,28.28317
3242.17720,0.66624,-5.80475,79.54153,9.23395,10.28599,31.76068,28.26090
3242.18720,0.68141,-5.80890,79.55573,9.25623,10.25273,31.77360,28.27317
3242.19720,0.68141,-5.80890,79.55573,9.25623,10.25273,31.77360,28.27317
3242.20720,0.67331,-5.82342,79.53497,9.18947,10.26373,31.81478,28.26700
3242.21720,0.67584,-5.82719,79.53873,9.17723,10.26373,31.83360,28.26417
3242.22720,0.67584,-5.82719,79.53873,9.17723,10.26373,31.83360,28.26417
3242.23720,0.72212,-5.82875,79.50773,9.21623,10.21173,31.86360,28.21617
3242.24720,0.70510,-5.83056,79.49096,9.19367,10.22387,31.84625,28.22716
3242.25720,0.71077,-5.84064,79.53131,9.18830,10.20395,31.88285,28.25620
3242.26720,0.72533,-5.84770,79.57373,9.19723,10.18073,31.92260,28.27317
3242.27720,0.72186,-5.84727,79.57223,9.17501,10.20408,31.93767,28.25547
3242.28720,0.72118,-5.84799,79.55961,9.14231,10.23120,31.96260,28.22350
3242.29720,0.75217,-5.85673,79.49773,9.16723,10.16073,31.96260,28.20717
3242.30720,0.76175,-5.86367,79.54723,9.16723,10.14855,32.00581,28.22564
3242.31720,0.77654,-5.87438,79.62373,9.16723,10.12973,32.07260,28.25417
3242.32720,0.78742,-5.87113,79.61026,9.18923,10.11581,32.06362,28.24160
3242.33720,0.79302,-5.86193,79.63282,9.21924,10.12338,32.05561,28.23459
3242.34720,0.77620,-5.85064,79.71779,9.22578,10.17698,32.06214,28.25289
3242.35720,0.77695,-5.85227,79.70453,9.22303,10.17081,32.05940,28.25129
3242.36720,0.77382,-5.86342,79.63554,9.19152,10.14656,32.04943,28.24802
3242.37720,0.75824,-5.87642,79.57473,9.13823,10.13973,32.04260,28.25417
3242.38720,0.75427,-5.87103,79.58240,9.14157,10.15706,32.03593,28.24784
3242.39720,0.74633,-5.86026,79.59773,9.14823,10.19173,32.02260,28.23517
3242.40720,0.74633,-5.86026,79.59773,9.14823,10.19173,32.02260,28.23517
3242.41720,0.75005,-5.86446,79.52318,9.14823,10.15895,31.99088,28.22513
3242.42720,0.74333,-5.86953,79.52625,9.13655,10.15368,31.99181,28.24421
3242.43720,0.73620,-5.87047,79.57573,9.12823,10.17073,32.01260,28.26417
3242.44720,0.74502,-5.88017,79.47604,9.11409,10.12689,31.99139,28.24367
3242.45720,0.75640,-5.87920,79.48273,9.15723,10.08873,31.97260,28.26417
3242.46720,0.75640,-5.87920,79.48273,9.15723,10.08873,31.97260,28.26417
3242.47720,0.74774,-5.85268,79.47673,9.19723,10.13973,31.91360,28.22617
3242.48720,0.74663,-5.85304,79.48183,9.19783,10.13913,31.91360,28.23127
3242.49720,0.73027,-5.85812,79.56961,9.20778,10.13282,31.91899,28.31002
3242.50720,0.74599,-5.85048,79.69173,9.21623,10.18073,32.00260,28.29217
3242.51720,0.74599,-5.85048,79.69173,9.21623,10.18073,32.00260,28.29217
3242.52720,0.72410,-5.85380,79.51275,9.19878,10.14303,31.88728,28.28365
3242.53720,0.72797,-5.84428,79.62541,9.21811,10.18437,31.93328,28.28965
3242.54720,0.72959,-5.84029,79.67273,9.22623,10.20173,31.95260,28.29217
3242.55720,0.72622,-5.84124,79.50810,9.19961,10.18488,31.88794,28.23566
3242.56720,0.72338,-5.84204,79.36973,9.17723,10.17073,31.83360,28.18817
3242.57720,0.72518,-5.84647,79.38327,9.17137,10.16446,31.84976,28.19767
3242.58720,0.73562,-5.85738,79.47897,9.17162,10.14951,31.91813,28.23971
3242.59720,0.74618,-5.83645,79.61373,9.24623,10.18073,31.93260,28.25417
3242.60720,0.74155,-5.85310,79.53001,9.19966,10.14881,31.92737,28.25417
3242.61720,0.74080,-5.86454,79.42987,9.15127,10.13299,31.92260,28.22302
3242.62720,0.74257,-5.86263,79.41773,9.14823,10.13973,31.92260,28.20717
3242.63720,0.75342,-5.85306,79.41911,9.17502,10.14660,31.91642,28.18107
3242.64720,0.76440,-5.85720,79.42392,9.18723,10.12115,31.92684,28.18869
3242.65720,0.77247,-5.85639,79.44645,9.20795,10.10873,31.93260,28.19717
3242.66720,0.79061,-5.85756,79.59026,9.20988,10.13767,32.03848,28.20423
3242.67720,0.79725,-5.85880,79.64673,9.20723,10.14973,32.08260,28.20717
3242.68720,0.80929,-5.85644,79.57637,9.24754,10.10054,32.02795,28.20034
3242.69720,0.78376,-5.86198,79.44050,9.19885,10.09689,31.95933,28.18543
3242.70720,0.76450,-5.86609,79.37673,9.15723,10.10873,31.93260,28.17817
3242.71720,0.79007,-5.86075,79.39819,9.15723,10.13251,31.99060,28.11785
3242.72720,0.80909,-5.86662,79.45623,9.16872,10.11470,32.04409,28.12873
3242.73720,0.80946,-5.87382,79.48773,9.17723,10.08873,32.05260,28.16917
3242.74720,0.79333,-5.88246,79.44648,9.14343,10.08242,32.03541,28.18522
3242.75720,0.78130,-5.88890,79.41573,9.11823,10.07773,32.02260,28.19717
3242.76720,0.79196,-5.86868,79.49469,9.17871,10.10685,32.02260,28.18653
3242.77720,0.81329,-5.86521,79.52279,9.20417,10.10031,32.05088,28.16743
3242.78720,0.82326,-5.87473,79.49673,9.18723,10.07773,32.07260,28.15917
3242.79720,0.81477,-5.87382,79.50700,9.18723,10.08337,32.06233,28.17406
3242.80720,0.80672,-5.87296,79.51673,9.18723,10.08873,32.05260,28.18817
3242.81720,0.78815,-5.86781,79.50446,9.16951,10.12145,32.02987,28.18363
3242.82720,0.79890,-5.86560,79.50236,9.17484,10.12330,32.04319,28.16104
3242.83720,0.83911,-5.87045,79.51773,9.20723,10.07773,32.09260,28.14017
3242.84720,0.82138,-5.87770,79.54569,9.20272,10.06375,32.07907,28.20015
3242.85720,0.78781,-5.88687,79.57225,9.17567,10.06521,32.05820,28.27317
3242.86720,0.77251,-5.88734,79.56273,9.14823,10.08873,32.05260,28.27317
3242.87720,0.78849,-5.89173,79.57229,9.13520,10.08873,32.09994,28.24842
3242.88720,0.80929,-5.89745,79.58473,9.11823,10.08873,32.16160,28.21617
3242.89720,0.80774,-5.89733,79.57134,9.11733,10.08684,32.15270,28.21447
3242.90720,0.79624,-5.89865,79.47089,9.12112,10.05419,32.07570,28.21989
3242.91720,0.81135,-5.90802,79.59673,9.16723,10.00573,32.12260,28.30117
3242.92720,0.81135,-5.90802,79.59673,9.16723,10.00573,32.12260,28.30117
3242.93720,0.78424,-5.91468,79.53005,9.09227,10.04141,32.11319,28.28317
3242.94720,0.78549,-5.92387,79.46073,9.07923,10.00573,32.09260,28.28317
3242.95720,0.78549,-5.92387,79.46073,9.07923,10.00573,32.09260,28.28317
3242.96720,0.74293,-5.93202,79.49573,9.04923,10.01573,32.06260,28.36817
3242.97720,0.74739,-5.93591,79.50690,9.03834,10.01573,32.08746,28.36538
3242.98720,0.75625,-5.94567,79.53110,9.01444,10.01138,32.14015,28.36513
3242.99720,0.74305,-5.94429,79.50791,9.03545,9.98964,32.08290,28.39991
3243.00720,0.74001,-5.94227,79.51664,9.04105,9.99318,32.07624,28.40617
3243.01720,0.74288,-5.93374,79.55767,9.05505,10.01878,32.08872,28.39512
3243.02720,0.76726,-5.93140,79.48673,9.07923,9.98573,32.07260,28.34917
3243.03720,0.76726,-5.93140,79.48673,9.07923,9.98573,32.07260,28.34917
3243.04720,0.75415,-5.92780,79.50686,9.07582,10.00654,32.06236,28.36214
3243.05720,0.72885,-5.92084,79.54573,9.06923,10.04673,32.04260,28.38717
3243.06720,0.73617,-5.93753,79.57033,9.03313,10.03051,32.10487,28.40182
3243.07720,0.72371,-5.94291,79.66273,9.03023,10.03673,32.13260,28.46317
3243.08720,0.72442,-5.94304,79.65101,9.02865,10.03506,32.12943,28.45787
3243.09720,0.73097,-5.94394,79.51543,9.01093,10.01718,32.08913,28.39818
3243.10720,0.70808,-5.93631,79.52473,9.02023,10.03673,32.04260,28.42517
3243.11720,0.70777,-5.93606,79.52116,9.01963,10.03733,32.04078,28.42342
3243.12720,0.70289,-5.93225,79.46573,9.01023,10.04673,32.01260,28.39617
3243.13720,0.69961,-5.93215,79.46800,9.00862,10.04923,32.00937,28.40078
3243.14720,0.65773,-5.93096,79.50514,8.98765,10.08325,31.97260,28.46164
3243.15720,0.61069,-5.93036,79.62173,8.96123,10.13973,31.97260,28.54817
3243.16720,0.61282,-5.93012,79.61088,8.96195,10.13727,31.97022,28.54144
3243.17720,0.63701,-5.92740,79.48693,8.97023,10.10873,31.94260,28.46537
3243.18720,0.62822,-5.92955,79.51826,8.97023,10.10873,31.94260,28.49670
3243.19720,0.64562,-5.92068,79.61189,9.02367,10.10873,31.96932,28.51017
3243.20720,0.61847,-5.93064,79.43949,8.93723,10.11906,31.91718,28.46602
3243.21720,0.61655,-5.93136,79.42773,8.93123,10.11973,31.91360,28.46317
3243.22720,0.63485,-5.93505,79.46951,8.96826,10.07985,31.93164,28.48976
3243.23720,0.62913,-5.94253,79.42746,8.95271,10.05928,31.91508,28.50040
3243.24720,0.62857,-5.94314,79.42373,8.95123,10.05773,31.91360,28.50117
3243.25720,0.62977,-5.93340,79.60198,8.98861,10.09702,31.97014,28.54622
3243.26720,0.62982,-5.93298,79.60973,8.99023,10.09873,31.97260,28.54817
3243.27720,0.63218,-5.94075,79.49753,8.96083,10.07413,31.94860,28.51397
3243.28720,0.61078,-5.93708,79.50473,8.94952,10.09997,31.92432,28.53093
3243.29720,0.60602,-5.93524,79.52173,8.95123,10.10873,31.92260,28.53917
3243.30720,0.60602,-5.93524,79.52173,8.95123,10.10873,31.92260,28.53917
3243.31720,0.60790,-5.94543,79.38930,8.90223,10.09051,31.90699,28.48957
3243.32720,0.60705,-5.94570,79.38573,8.90223,10.08873,31.90360,28.49117
3243.33720,0.61368,-5.94186,79.42080,8.91510,10.09760,31.92091,28.48718
3243.34720,0.62166,-5.93724,79.46304,8.93061,10.10830,31.94177,28.48237
3243.35720,0.62198,-5.93706,79.46473,8.93123,10.10873,31.94260,28.48217
3243.36720,0.64401,-5.94522,79.44284,8.95071,10.05557,31.95228,28.48428
3243.37720,0.64129,-5.93726,79.30073,8.91123,10.08873,31.91360,28.38717
3243.38720,0.61798,-5.94977,79.39699,8.89826,10.08122,31.93340,28.48412
3243.39720,0.61984,-5.94523,79.48487,8.91931,10.09700,31.96096,28.50760
3243.40720,0.63476,-5.93305,79.53573,8.95123,10.11973,31.98260,28.48217
3243.41720,0.63509,-5.93652,79.53455,8.94533,10.11324,31.98850,28.48748
3243.42720,0.64669,-5.94071,79.49320,8.94636,10.08769,31.98747,28.47168
3243.43720,0.65748,-5.94240,79.45473,8.95123,10.06773,31.98260,28.45317
3243.44720,0.66082,-5.94814,79.50925,8.96805,10.04395,32.00000,28.49725
3243.45720,0.66324,-5.95229,79.54873,8.98023,10.02673,32.01260,28.52917
3243.46720,0.66280,-5.95234,79.54136,8.97931,10.02571,32.00892,28.52742
3243.47720,0.66759,-5.94833,79.52818,8.98482,10.03104,32.00542,28.50689
3243.48720,0.68348,-5.94050,79.63173,9.01023,10.05773,32.06260,28.50117
3243.49720,0.68234,-5.93706,79.63493,9.02803,10.05271,32.04435,28.50984
3243.50720,0.67240,-5.93621,79.61496,9.02120,10.05773,32.02260,28.51343
3243.51720,0.65679,-5.94211,79.57173,8.97023,10.07773,32.02260,28.50117
3243.52720,0.65880,-5.94001,79.56756,8.97487,10.07943,32.01951,28.49376
3243.53720,0.66938,-5.92895,79.54561,8.99926,10.08837,32.00325,28.45473
3243.54720,0.67293,-5.93688,79.51036,8.98519,10.06632,32.00567,28.45317
3243.55720,0.67403,-5.94783,79.44194,8.96579,10.03117,31.99181,28.45317
3243.56720,0.65986,-5.92896,79.46373,9.00023,10.06773,31.94260,28.45317
3243.57720,0.66474,-5.93077,79.46435,8.99405,10.06773,31.95806,28.44451
3243.58720,0.67784,-5.93439,79.48759,8.98242,10.07232,32.00571,28.42714
3243.59720,0.68448,-5.93306,79.55381,8.98904,10.08622,32.04545,28.43310
3243.60720,0.69894,-5.93858,79.55076,8.99023,10.06502,32.06923,28.42627
3243.61720,0.74948,-5.96056,79.49373,8.99023,9.97473,32.13260,28.39617
3243.62720,0.74948,-5.96056,79.49373,8.99023,9.97473,32.13260,28.39617
3243.63720,0.73647,-5.94457,79.51330,9.00233,10.02309,32.10673,28.38115
3243.64720,0.79441,-5.94731,79.46773,9.03023,9.97473,32.16160,28.30117
3243.65720,0.79437,-5.94799,79.46588,9.02955,9.97260,32.16126,28.30248
3243.66720,0.79375,-5.95932,79.43502,9.01812,9.93717,32.15554,28.32419
3243.67720,0.79358,-5.96220,79.60573,9.00023,9.98573,32.26160,28.35817
3243.68720,0.79407,-5.96343,79.59750,8.99756,9.98216,32.26091,28.35687
3243.69720,0.80077,-5.98010,79.48573,8.96123,9.93373,32.25160,28.33917
3243.70720,0.80077,-5.98010,79.48573,8.96123,9.93373,32.25160,28.33917
3243.71720,0.79985,-5.97904,79.48225,8.96724,9.93056,32.24211,28.34234
3243.72720,0.79289,-5.98363,79.49303,8.96422,9.92013,32.23794,28.37074
3243.73720,0.78262,-5.99778,79.53073,8.93123,9.91273,32.27160,28.41517
3243.74720,0.78476,-5.99638,79.54409,8.94209,9.90994,32.27160,28.42046
3243.75720,0.79312,-5.98567,79.58057,8.97636,9.92171,32.27160,28.41091
3243.76720,0.79950,-5.96965,79.58473,8.99023,9.96473,32.27160,28.35817
3243.77720,0.79515,-5.97178,79.58884,9.00197,9.94654,32.25400,28.38633
3243.78720,0.79208,-5.97328,79.59173,9.01023,9.93373,32.24160,28.40617
3243.79720,0.79193,-5.97795,79.56155,8.96077,9.95972,32.27514,28.36593
3243.80720,0.85326,-5.97217,79.48265,9.01759,9.90425,32.29000,28.27081
3243.81720,0.86496,-5.97090,79.46873,9.03023,9.89273,32.29160,28.25417
3243.82720,0.84088,-5.96104,79.45233,9.02438,9.92904,32.24474,28.25417
3243.83720,0.84387,-5.97138,79.32682,8.98053,9.90697,32.22886,28.21045
3243.84720,0.85868,-5.98419,79.24273,8.95123,9.87173,32.24160,28.17817
3243.85720,0.83286,-5.96978,79.28541,8.95960,9.92360,32.20813,28.19407
3243.86720,0.82783,-5.96697,79.29373,8.96123,9.93373,32.20160,28.19717
3243.87720,0.83960,-5.96924,79.27413,8.96476,9.91765,32.20944,28.18227
3243.88720,0.87139,-5.96437,79.35372,8.99756,9.92074,32.27625,28.15917
3243.89720,0.87765,-5.96050,79.40473,9.01023,9.93373,32.30160,28.15917
3243.90720,0.88716,-5.96209,79.42503,9.02423,9.91903,32.31560,28.16617
3243.91720,0.90094,-5.99347,79.29443,8.96162,9.84134,32.33546,28.15601
3243.92720,0.90524,-6.00710,79.23273,8.93123,9.80973,32.34160,28.15017
3243.93720,0.89142,-5.98018,79.33931,8.96758,9.89228,32.33544,28.14401
3243.94720,0.88282,-5.96344,79.40573,8.99023,9.94373,32.33160,28.14017
3243.95720,0.89310,-5.96708,79.36071,8.98564,9.92489,32.33160,28.11858
3243.96720,0.89860,-5.97373,79.29999,8.98023,9.89273,32.31547,28.11156
3243.97720,0.88473,-5.97865,79.28373,8.98023,9.87173,32.28160,28.15017
3243.98720,0.89237,-5.97903,79.30666,8.97647,9.87962,32.31129,28.13927
3243.99720,0.90548,-5.98329,79.32459,8.96466,9.88087,32.35646,28.12260
3244.00720,0.90804,-6.00513,79.20373,8.93123,9.80973,32.33160,28.13117
3244.01720,0.90951,-6.00607,79.20754,8.93044,9.80814,32.33708,28.13189
3244.02720,0.92661,-6.01703,79.25173,8.92123,9.78973,32.40060,28.14017
3244.03720,0.92732,-6.01470,79.24923,8.91766,9.80080,32.40417,28.12660
3244.04720,0.93504,-6.00598,79.26007,8.93908,9.81225,32.40253,28.10621
3244.05720,0.94454,-5.99929,79.28273,8.98023,9.79973,32.39060,28.11217
3244.06720,0.94295,-5.99204,79.30045,8.98023,9.82915,32.39693,28.09414
3244.07720,0.92750,-5.98152,79.31827,8.96076,9.88943,32.39740,28.07068
3244.08720,0.90310,-5.99198,79.27673,8.92123,9.88273,32.37060,28.10217
3244.09720,0.90528,-5.98792,79.32377,8.94011,9.88913,32.38020,28.11433
3244.10720,0.90988,-5.97931,79.42373,8.98023,9.90273,32.40060,28.14017
3244.11720,0.90988,-5.97931,79.42373,8.98023,9.90273,32.40060,28.14017
3244.12720,0.93962,-5.99139,79.35592,8.96940,9.85540,32.43060,28.10052
3244.13720,0.92448,-5.99787,79.31673,8.92123,9.87173,32.43060,28.09317
3244.14720,0.92448,-5.99787,79.31673,8.92123,9.87173,32.43060,28.09317
3244.15720,0.94283,-6.01043,79.23853,8.89203,9.83873,32.45260,28.05517
3244.16720,0.95744,-6.00413,79.27773,8.93123,9.83073,32.46060,28.05517
3244.17720,0.96542,-5.99938,79.30468,8.95217,9.83267,32.46836,28.05149
3244.18720,0.99856,-5.97969,79.41673,9.03923,9.84073,32.50060,28.03617
3244.19720,1.00525,-5.98156,79.39360,9.03071,9.83725,32.50930,28.01635
3244.20720,1.04097,-5.99058,79.28995,8.99424,9.81770,32.55694,27.92107
3244.21720,1.10361,-5.99285,79.39073,9.05923,9.76873,32.65960,27.90317
3244.22720,1.10361,-5.99285,79.39073,9.05923,9.76873,32.65960,27.90317
3244.23720,1.06814,-5.97156,79.46996,9.06785,9.85311,32.62752,27.92148
3244.24720,1.05342,-5.96902,79.43273,9.04923,9.87173,32.59960,27.91217
3244.25720,1.05342,-5.96902,79.43273,9.04923,9.87173,32.59960,27.91217
3244.26720,1.05084,-5.99239,79.30160,8.99436,9.81407,32.58100,27.91217
3244.27720,1.05065,-5.99415,79.29173,8.99023,9.80973,32.57960,27.91217
3244.28720,1.04569,-5.98487,79.23906,8.99023,9.82948,32.54292,27.87643
3244.29720,1.05145,-5.98560,79.37255,9.00885,9.84003,32.60482,27.91885
3244.30720,1.05190,-5.98570,79.38273,9.01023,9.84073,32.60960,27.92217
3244.31720,1.05194,-5.99083,79.41843,9.01023,9.83133,32.62839,27.94848
3244.32720,1.04802,-6.00406,79.32578,8.97225,9.80129,32.61061,27.94163
3244.33720,1.04781,-6.00475,79.32073,8.97023,9.79973,32.60960,27.94117
3244.34720,1.03481,-5.98647,79.40170,9.04376,9.80903,32.55469,27.99422
3244.35720,1.03385,-5.98511,79.40773,9.04923,9.80973,32.55060,27.99817
3244.36720,1.04036,-5.99267,79.32421,8.99435,9.81848,32.57367,27.93772
3244.37720,1.01841,-5.98071,79.41671,9.00483,9.87157,32.57140,27.96891
3244.38720,1.01324,-5.97767,79.44173,9.01023,9.88273,32.56960,27.97917
3244.39720,0.98649,-5.98712,79.38504,8.96384,9.88273,32.53727,28.00120
3244.40720,0.95677,-5.99844,79.31974,8.91335,9.87834,32.49919,28.02886
3244.41720,0.96555,-6.00610,79.30673,8.94123,9.82073,32.48060,28.06417
3244.42720,0.96513,-6.00588,79.31401,8.94123,9.82321,32.48363,28.06593
3244.43720,0.95864,-6.00248,79.42673,8.94123,9.86173,32.53060,28.09317
3244.44720,0.95504,-6.00648,79.39564,8.92991,9.85175,32.51908,28.09490
3244.45720,0.93222,-6.01996,79.27405,8.88223,9.82382,32.46151,28.10649
3244.46720,0.90632,-6.00833,79.30573,8.88223,9.87173,32.43060,28.12117
3244.47720,0.90178,-6.01203,79.27995,8.87913,9.85588,32.41196,28.13298
3244.48720,0.90933,-6.01855,79.26194,8.90859,9.79949,32.38694,28.16693
3244.49720,0.93483,-6.01611,79.31873,8.96123,9.76873,32.41060,28.17817
3244.50720,0.90690,-6.01473,79.33167,8.92242,9.81541,32.40497,28.18886
3244.51720,0.88517,-6.01365,79.34173,8.89223,9.85173,32.40060,28.19717
3244.52720,0.90090,-6.02510,79.34006,8.89223,9.81149,32.42854,28.20779
3244.53720,0.89513,-6.02025,79.40271,8.88662,9.84876,32.45621,28.21112
3244.54720,0.88094,-6.00941,79.45273,8.88223,9.90273,32.46060,28.20717
3244.55720,0.90549,-6.02463,79.37731,8.86496,9.84918,32.48363,28.17954
3244.56720,0.91197,-6.02740,79.33635,8.85680,9.83804,32.48233,28.15917
3244.57720,0.89813,-6.01734,79.35373,8.86223,9.87173,32.46060,28.15917
3244.58720,0.89381,-6.01177,79.37845,8.87706,9.88211,32.45071,28.16857
3244.59720,0.88939,-6.00608,79.40373,8.89223,9.89273,32.44060,28.17817
3244.60720,0.88702,-6.00529,79.40140,8.89334,9.89384,32.43393,28.18028
3244.61720,0.87761,-5.99682,79.34832,8.91487,9.88922,32.36753,28.17670
3244.62720,0.88997,-5.99411,79.30373,8.93123,9.87173,32.35060,28.15017
3244.63720,0.86832,-5.99366,79.28273,8.91023,9.88930,32.32103,28.16217
3244.64720,0.83781,-5.99062,79.29384,8.89512,9.91762,32.28604,28.19506
3244.65720,0.83577,-5.98757,79.34273,8.91123,9.92373,32.29160,28.21617
3244.66720,0.84939,-5.99137,79.32068,8.91123,9.90528,32.30510,28.19907
3244.67720,0.86605,-5.99601,79.29373,8.91123,9.88273,32.32160,28.17817
3244.68720,0.86070,-5.99870,79.28493,8.89979,9.88273,32.31867,28.18375
3244.69720,0.84853,-6.00482,79.26493,8.87379,9.88273,32.31200,28.19641
3244.70720,0.83993,-6.00292,79.31073,8.90223,9.87173,32.29160,28.24517
3244.71720,0.84872,-6.00284,79.28553,8.89323,9.87503,32.30360,28.21367
3244.72720,0.86959,-6.00716,79.22551,8.87223,9.86681,32.33160,28.15487
3244.73720,0.87449,-6.01299,79.23841,8.89111,9.83073,32.32840,28.18817
3244.74720,0.88623,-6.01394,79.27332,8.91571,9.81108,32.34346,28.20306
3244.75720,0.89273,-6.03598,79.27673,8.88223,9.76873,32.39060,28.23517
3244.76720,0.89273,-6.03598,79.27673,8.88223,9.76873,32.39060,28.23517
3244.77720,0.88748,-6.02716,79.29242,8.86460,9.82073,32.40679,28.20031
3244.78720,0.87224,-6.02825,79.42573,8.89223,9.82073,32.42060,28.29217
3244.79720,0.86899,-6.02884,79.44473,8.88311,9.83228,32.43364,28.29571
3244.80720,0.85479,-6.03141,79.52773,8.84323,9.88273,32.49060,28.31117
3244.81720,0.85479,-6.03141,79.52773,8.84323,9.88273,32.49060,28.31117
3244.82720,0.88597,-6.02982,79.38755,8.88672,9.81175,32.43142,28.25766
3244.83720,0.86192,-6.03152,79.34673,8.86223,9.82073,32.39060,28.27317
3244.84720,0.85404,-6.03532,79.32683,8.84631,9.81874,32.38173,28.28005
3244.85720,0.82289,-6.05226,79.25692,8.78145,9.80825,32.35324,28.31397
3244.86720,0.84936,-6.05058,79.37373,8.82323,9.79973,32.42060,28.33017
3244.87720,0.84731,-6.05095,79.36557,8.82163,9.79813,32.41420,28.33161
3244.88720,0.83704,-6.05280,79.32477,8.81363,9.79013,32.38220,28.33881
3244.89720,0.83421,-6.05328,79.32665,8.81045,9.79206,32.38117,28.34298
3244.90720,0.80154,-6.05855,79.39377,8.76916,9.83073,32.39740,28.39648
3244.91720,0.82995,-6.05231,79.40373,8.79323,9.83073,32.43060,28.34917
3244.92720,0.82599,-6.04780,79.42116,8.80492,9.83885,32.42070,28.35670
3244.93720,0.80997,-6.02955,79.49173,8.85223,9.87173,32.38060,28.38717
3244.94720,0.80997,-6.02955,79.49173,8.85223,9.87173,32.38060,28.38717
3244.95720,0.79688,-6.03812,79.43829,8.83016,9.85135,32.35094,28.40583
3244.96720,0.78837,-6.05075,79.38081,8.77901,9.84503,32.35669,28.40008
3244.97720,0.78257,-6.05934,79.34173,8.74423,9.84073,32.36060,28.39617
3244.98720,0.77341,-6.06211,79.35484,8.73768,9.84073,32.35715,28.41928
3244.99720,0.76691,-6.05637,79.44116,8.75946,9.85916,32.36815,28.45440
3245.00720,0.76843,-6.05484,79.44973,8.76423,9.86173,32.37060,28.45317
3245.01720,0.78208,-6.07895,79.40323,8.69875,9.83231,32.43703,28.43514
3245.02720,0.75985,-6.08597,79.44538,8.67623,9.84023,32.44060,28.48832
3245.03720,0.75864,-6.08627,79.44773,8.67523,9.84073,32.44060,28.49117
3245.04720,0.77921,-6.07752,79.39282,8.72177,9.81188,32.40337,28.45581
3245.05720,0.78075,-6.07686,79.38873,8.72523,9.80973,32.40060,28.45317
3245.06720,0.76076,-6.08928,79.36555,8.67659,9.80973,32.40060,28.47863
3245.07720,0.76949,-6.09285,79.48820,8.67586,9.82658,32.48083,28.50493
3245.08720,0.77965,-6.08875,79.52773,8.69523,9.83073,32.50060,28.50117
3245.09720,0.78536,-6.10118,79.42917,8.66293,9.79677,32.49232,28.47715
3245.10720,0.77236,-6.12370,79.37885,8.63133,9.73827,32.47400,28.53525
3245.11720,0.76945,-6.12778,79.37273,8.62623,9.72773,32.47060,28.54817
3245.12720,0.76749,-6.13006,79.43274,8.60837,9.75155,32.51595,28.55688
3245.13720,0.76518,-6.13274,79.50373,8.58723,9.77973,32.56960,28.56717
3245.14720,0.76340,-6.13124,79.51896,8.60085,9.77488,32.56060,28.58263
3245.15720,0.75162,-6.12557,79.56125,8.63411,9.77115,32.52757,28.62842
3245.16720,0.73815,-6.12408,79.54173,8.60623,9.79973,32.52060,28.61517
3245.17720,0.74292,-6.12631,79.54570,8.59578,9.80333,32.54187,28.60472
3245.18720,0.74838,-6.12975,79.63239,8.60258,9.80455,32.58994,28.63531
3245.19720,0.74558,-6.12928,79.70673,8.62623,9.79973,32.59960,28.68117
3245.20720,0.75673,-6.12794,79.63576,8.64300,9.77123,32.56663,28.65491
3245.21720,0.76554,-6.12688,79.57973,8.65623,9.74873,32.54060,28.63417
3245.22720,0.77719,-6.13005,79.60298,8.63922,9.76007,32.59106,28.61263
3245.23720,0.77286,-6.12848,79.53574,8.62623,9.76298,32.56126,28.58526
3245.24720,0.76303,-6.12552,79.47273,8.62623,9.75873,32.51060,28.57717
3245.25720,0.75710,-6.12388,79.47217,8.62623,9.76431,32.49942,28.58220
3245.26720,0.75242,-6.12259,79.47173,8.62623,9.76873,32.49060,28.58617
3245.27720,0.77690,-6.12603,79.47250,8.63385,9.74930,32.52831,28.56103
3245.28720,0.80842,-6.13189,79.45694,8.63256,9.72655,32.57939,28.51844
3245.29720,0.76886,-6.13322,79.37673,8.56723,9.76873,32.53060,28.51017
3245.30720,0.76886,-6.13322,79.37673,8.56723,9.76873,32.53060,28.51017
3245.31720,0.77128,-6.11930,79.40922,8.62623,9.76569,32.49285,28.52444
3245.32720,0.78050,-6.10030,79.52473,8.69523,9.78973,32.50060,28.53917
3245.33720,0.77497,-6.10698,79.43091,8.65470,9.78517,32.48238,28.50866
3245.34720,0.76833,-6.11500,79.31873,8.60623,9.77973,32.46060,28.47217
3245.35720,0.77221,-6.11523,79.34188,8.61578,9.77472,32.47015,28.48124
3245.36720,0.78096,-6.11388,79.37118,8.63303,9.76896,32.48410,28.48509
3245.37720,0.77362,-6.10959,79.28073,8.60623,9.78973,32.45060,28.43417
3245.38720,0.77164,-6.10922,79.33325,8.61633,9.79309,32.46407,28.45976
3245.39720,0.76627,-6.10839,79.44654,8.63384,9.80475,32.49538,28.51256
3245.40720,0.76184,-6.10808,79.47625,8.62660,9.81997,32.50988,28.51981
3245.41720,0.76178,-6.10193,79.45181,8.64511,9.81721,32.47860,28.51089
3245.42720,0.76213,-6.08889,79.39673,8.68523,9.80973,32.41060,28.49117
3245.43720,0.76213,-6.08889,79.39673,8.68523,9.80973,32.41060,28.49117
3245.44720,0.80472,-6.11034,79.30319,8.65755,9.74100,32.46787,28.43676
3245.45720,0.75328,-6.11845,79.23673,8.60623,9.74873,32.39060,28.49117
3245.46720,0.75741,-6.12227,79.21471,8.59835,9.73822,32.39464,28.48350
3245.47720,0.76774,-6.13253,79.17264,8.58158,9.70962,32.40852,28.47293
3245.48720,0.74490,-6.11407,79.34373,8.63623,9.75873,32.40060,28.54817
3245.49720,0.75111,-6.11276,79.34225,8.64048,9.75873,32.40696,28.53608
3245.50720,0.77416,-6.10786,79.33673,8.65623,9.75873,32.43060,28.49117
3245.51720,0.77416,-6.10786,79.33673,8.65623,9.75873,32.43060,28.49117
3245.52720,0.73699,-6.12167,79.35000,8.57835,9.79164,32.44723,28.53277
3245.53720,0.76619,-6.11538,79.31791,8.63129,9.75314,32.43119,28.50229
3245.54720,0.78548,-6.11123,79.29673,8.66623,9.72773,32.42060,28.48217
3245.55720,0.76197,-6.11437,79.31040,8.63481,9.75141,32.41605,28.50813
3245.56720,0.74650,-6.11867,79.28992,8.61042,9.75609,32.40151,28.52190
3245.57720,0.76284,-6.11815,79.26193,8.63041,9.73140,32.39696,28.50315
3245.58720,0.77827,-6.10271,79.47473,8.68523,9.77973,32.48060,28.52917
3245.59720,0.77681,-6.10326,79.47033,8.68128,9.78073,32.47960,28.52872
3245.60720,0.76063,-6.10941,79.42144,8.63739,9.79184,32.46849,28.52372
3245.61720,0.75133,-6.10698,79.44273,8.62923,9.81339,32.47060,28.52951
3245.62720,0.75571,-6.09342,79.55473,8.67523,9.84073,32.49060,28.54817
3245.63720,0.76022,-6.10756,79.54022,8.63780,9.82545,32.52879,28.54817
3245.64720,0.77863,-6.08195,79.52819,8.71018,9.83959,32.48401,28.49441
3245.65720,0.77965,-6.08015,79.52773,8.71523,9.84073,32.48060,28.49117
3245.66720,0.76228,-6.08761,79.44601,8.65981,9.85106,32.46181,28.47332
3245.67720,0.76116,-6.08810,79.44073,8.65623,9.85173,32.46060,28.47217
3245.68720,0.78040,-6.09712,79.53612,8.68400,9.81471,32.51755,28.51987
3245.69720,0.74803,-6.08950,79.62389,8.67912,9.86661,32.50837,28.56979
3245.70720,0.73836,-6.08679,79.63573,8.67523,9.88273,32.50060,28.57717
3245.71720,0.74941,-6.10793,79.64295,8.61990,9.86589,32.58000,28.57717
3245.72720,0.74568,-6.12607,79.80603,8.63225,9.82791,32.64513,28.70075
3245.73720,0.74222,-6.13299,79.89273,8.64623,9.80973,32.66960,28.76717
3245.74720,0.76882,-6.11939,79.99614,8.70907,9.81848,32.70937,28.75922
3245.75720,0.77564,-6.11590,80.02273,8.72523,9.82073,32.71960,28.75717
3245.76720,0.72313,-6.12174,80.08672,8.65314,9.88715,32.72770,28.81873
3245.77720,0.70995,-6.13254,80.02564,8.64442,9.84382,32.68051,28.85690
3245.78720,0.70975,-6.13464,80.00873,8.64623,9.83073,32.66960,28.86217
3245.79720,0.74346,-6.14674,79.90400,8.63811,9.77227,32.68584,28.80778
3245.80720,0.74069,-6.14417,79.91753,8.64163,9.78087,32.68420,28.81083
3245.81720,0.73167,-6.13960,79.94973,8.64623,9.79973,32.67960,28.82417
3245.82720,0.70293,-6.13119,79.91500,8.64113,9.82629,32.61371,28.83388
3245.83720,0.67538,-6.12313,79.88173,8.63623,9.85173,32.55060,28.84317
3245.84720,0.71852,-6.13265,79.77948,8.64310,9.78790,32.57050,28.77798
3245.85720,0.71713,-6.12431,79.78012,8.65672,9.80358,32.55464,28.76517
3245.86720,0.68607,-6.10568,79.84980,8.67215,9.86954,32.51794,28.79017
3245.87720,0.67987,-6.10196,79.86373,8.67523,9.88273,32.51060,28.79517
3245.88720,0.69154,-6.06739,79.90927,8.73662,9.95306,32.49424,28.72536
3245.89720,0.69723,-6.05771,79.79973,8.76423,9.93373,32.42060,28.68117
3245.90720,0.69376,-6.05496,79.81173,8.77230,9.93807,32.41232,28.68904
3245.91720,0.68046,-6.04446,79.85773,8.80323,9.95473,32.38060,28.71917
3245.92720,0.66796,-6.04614,79.84325,8.77789,9.97076,32.37543,28.71917
3245.93720,0.64733,-6.03752,79.77458,8.76561,9.99710,32.31431,28.69757
3245.94720,0.64053,-6.02977,79.73273,8.77423,10.00573,32.27160,28.68117
3245.95720,0.64032,-6.03533,79.70224,8.73598,10.01737,32.29378,28.65511
3245.96720,0.64015,-6.03980,79.67773,8.70523,10.02673,32.31160,28.63417
3245.97720,0.63612,-6.03345,79.75734,8.71092,10.06198,32.33946,28.64498
3245.98720,0.63700,-6.03521,79.76808,8.71523,10.05401,32.34231,28.65653
3245.99720,0.64363,-6.04628,79.68473,8.71523,9.99573,32.31160,28.66217
3246.00720,0.63730,-6.03965,79.71559,8.71101,10.03039,32.32005,28.65414
3246.01720,0.63441,-6.04131,79.82262,8.69190,10.06884,32.38893,28.67295
3246.02720,0.64159,-6.05467,79.90373,8.67523,10.05773,32.46060,28.71017
3246.03720,0.63540,-6.05023,79.91869,8.67897,10.07306,32.45312,28.71354
3246.04720,0.62502,-6.04280,79.94373,8.68523,10.09873,32.44060,28.71917
3246.05720,0.63113,-6.04585,79.93384,8.69142,10.07955,32.44060,28.72227
3246.06720,0.63763,-6.04878,79.91173,8.70853,10.04696,32.42410,28.73214
3246.07720,0.62311,-6.04094,79.91173,8.71523,10.06773,32.39060,28.73817
3246.08720,0.62837,-6.04473,79.91173,8.70876,10.06093,32.40678,28.73526
3246.09720,0.64057,-6.04881,79.94955,8.69833,10.06595,32.45920,28.72607
3246.10720,0.64326,-6.04028,80.03373,8.70523,10.10873,32.50060,28.71917
3246.11720,0.64198,-6.04832,79.97677,8.67995,10.09241,32.49420,28.71021
3246.12720,0.63927,-6.06545,79.85573,8.62623,10.05773,32.48060,28.69117
3246.13720,0.63927,-6.06545,79.85573,8.62623,10.05773,32.48060,28.69117
3246.14720,0.62916,-6.05320,79.87364,8.66393,10.06715,32.43347,28.70908
3246.15720,0.61500,-6.04785,79.76773,8.63623,10.08873,32.38060,28.66217
3246.16720,0.62364,-6.04577,79.75973,8.65203,10.07833,32.37660,28.65277
3246.17720,0.66192,-6.03676,79.72613,8.71723,10.03673,32.36460,28.60757
3246.18720,0.67675,-6.03404,79.71973,8.72523,10.03673,32.38060,28.57717
3246.19720,0.67373,-6.02703,79.72666,8.73494,10.05316,32.36892,28.56965
3246.20720,0.66152,-5.99866,79.75473,8.77423,10.11973,32.32160,28.53917
3246.21720,0.66152,-5.99866,79.75473,8.77423,10.11973,32.32160,28.53917
3246.22720,0.70324,-6.03009,79.80337,8.75035,10.04514,32.44743,28.56044
3246.23720,0.70883,-6.03623,79.62473,8.70523,10.02673,32.41060,28.48217
3246.24720,0.70883,-6.03623,79.62473,8.70523,10.02673,32.41060,28.48217
3246.25720,0.71362,-6.02547,79.63707,8.73940,10.03305,32.39162,28.47300
3246.26720,0.73043,-6.01039,79.65615,8.79844,10.03117,32.37336,28.45317
3246.27720,0.74101,-6.02377,79.64373,8.77423,10.00573,32.41060,28.45317
3246.28720,0.76064,-6.01472,79.73938,8.81431,10.01985,32.45614,28.44907
3246.29720,0.78406,-6.00393,79.85373,8.86223,10.03673,32.51060,28.44417
3246.30720,0.78071,-6.01136,79.76684,8.82654,10.02586,32.49508,28.41935
3246.31720,0.82444,-6.00318,79.70748,8.87101,9.99595,32.50037,28.34015
3246.32720,0.84867,-5.99536,79.71873,8.91123,9.98573,32.51060,28.31117
3246.33720,0.81922,-6.00541,79.70108,8.86390,9.99375,32.49455,28.34888
3246.34720,0.81571,-6.00381,79.81014,8.87689,10.01216,32.53169,28.38940
3246.35720,0.81652,-6.00293,79.83473,8.88223,10.01573,32.54060,28.39617
3246.36720,0.82828,-6.00845,79.76545,8.86795,9.99430,32.54060,28.36260
3246.37720,0.83299,-6.01066,79.73773,8.86223,9.98573,32.54060,28.34917
3246.38720,0.83367,-6.02008,79.73691,8.84650,9.96833,32.55717,28.36491
3246.39720,0.87353,-6.02594,79.75250,8.85900,9.93900,32.62617,28.32833
3246.40720,0.88166,-6.02675,79.75573,8.86223,9.93373,32.63960,28.32017
3246.41720,0.86535,-6.02208,79.76733,8.83821,9.97680,32.63960,28.31272
3246.42720,0.86773,-6.01511,79.92328,8.88220,9.99403,32.68110,28.36595
3246.43720,0.86891,-6.01388,79.95473,8.89223,9.99573,32.68960,28.37717
3246.44720,0.86818,-6.01619,79.94225,8.88279,9.99413,32.69120,28.37413
3246.45720,0.86434,-6.02832,79.87673,8.83323,9.98573,32.69960,28.35817
3246.46720,0.86839,-6.04020,79.86236,8.82073,9.95323,32.71210,28.37630
3246.47720,0.87474,-6.03685,79.95260,8.83894,9.96800,32.75255,28.39311
3246.48720,0.87677,-6.03143,80.00373,8.85223,9.98573,32.76960,28.39617
3246.49720,0.89266,-6.03422,79.92043,8.85223,9.95633,32.75560,28.35627
3246.50720,0.88540,-6.04552,79.80283,8.80463,9.93673,32.72860,28.33287
3246.51720,0.87936,-6.04985,79.76773,8.78423,9.93373,32.71960,28.33017
3246.52720,0.87987,-6.04548,79.91123,8.81853,9.94843,32.76090,28.38337
3246.53720,0.88008,-6.04361,79.97273,8.83323,9.95473,32.77860,28.40617
3246.54720,0.89098,-6.04907,79.92789,8.82678,9.93150,32.78183,28.38779
3246.55720,0.87940,-6.04793,79.82329,8.80743,9.93029,32.72538,28.36019
3246.56720,0.85442,-6.03878,79.81573,8.80323,9.96473,32.67960,28.36817
3246.57720,0.86511,-6.04176,79.81249,8.79963,9.95716,32.70123,28.35448
3246.58720,0.89322,-6.05357,79.78204,8.79323,9.91505,32.74358,28.33017
3246.59720,0.90703,-6.06346,79.74473,8.79323,9.87173,32.74960,28.33017
3246.60720,0.90646,-6.04836,79.73146,8.81941,9.89524,32.71546,28.30135
3246.61720,0.90553,-6.02364,79.70973,8.86223,9.93373,32.65960,28.25417
3246.62720,0.90371,-6.02166,79.76033,8.86683,9.94799,32.67800,28.26751
3246.63720,0.90766,-6.01205,79.80607,8.89910,9.96017,32.67683,28.26997
3246.64720,0.91493,-6.00332,79.78973,8.93123,9.95473,32.64960,28.25417
3246.65720,0.91493,-6.00332,79.78973,8.93123,9.95473,32.64960,28.25417
3246.66720,0.88932,-6.01484,79.79303,8.89894,9.94748,32.63642,28.31020
3246.67720,0.92906,-6.01436,79.74173,8.90223,9.93373,32.67960,28.22617
3246.68720,0.91237,-6.01172,79.71919,8.88916,9.95072,32.65019,28.22911
3246.69720,0.87796,-6.00627,79.67273,8.86223,9.98573,32.58960,28.23517
3246.70720,0.89233,-6.00290,79.64666,8.88170,9.97187,32.58300,28.21009
3246.71720,0.90673,-5.99984,79.60924,8.91166,9.94373,32.56003,28.19382
3246.72720,0.87668,-6.00753,79.64073,8.89223,9.94373,32.54060,28.26417
3246.73720,0.88312,-6.00255,79.60531,8.89443,9.95055,32.53180,28.22853
3246.74720,0.90265,-5.98743,79.49798,8.90110,9.97121,32.50513,28.12053
3246.75720,0.88370,-5.99539,79.59673,8.87223,9.99573,32.55060,28.17817
3246.76720,0.88339,-5.99153,79.62433,8.88603,10.00193,32.55060,28.18577
3246.77720,0.88217,-5.97615,79.73473,8.94123,10.02673,32.55060,28.21617
3246.78720,0.88234,-5.97798,79.71873,8.93723,10.02053,32.54660,28.21437
3246.79720,0.88319,-5.98584,79.66193,8.92723,9.98953,32.52860,28.21657
3246.80720,0.88374,-5.98803,79.69073,8.95123,9.96473,32.52060,28.25417
3246.81720,0.88217,-5.98846,79.68877,8.94731,9.96669,32.52060,28.25417
3246.82720,0.87078,-5.99188,79.69606,8.92649,9.97728,32.52425,28.26804
3246.83720,0.84344,-6.00113,79.78119,8.90014,9.99147,32.54452,28.34507
3246.84720,0.83066,-6.00413,79.81020,8.89090,9.99706,32.54527,28.37697
3246.85720,0.80770,-6.00530,79.82753,8.88423,10.00373,32.51860,28.42097
3246.86720,0.80323,-6.00667,79.82721,8.88143,10.00165,32.51300,28.43113
3246.87720,0.82887,-6.01715,79.76663,8.87432,9.95779,32.53592,28.39860
3246.88720,0.80107,-6.00120,79.80280,8.90038,9.99609,32.47741,28.42892
3246.89720,0.78094,-5.98939,79.82686,8.92005,10.02348,32.43310,28.45024
3246.90720,0.81070,-6.00278,79.75722,8.90308,9.97705,32.46881,28.40827
3246.91720,0.78753,-6.02017,79.63954,8.81683,9.97473,32.45141,28.39658
3246.92720,0.78649,-6.02087,79.63473,8.81323,9.97473,32.45060,28.39617
3246.93720,0.78677,-5.99747,79.81533,8.86931,10.04316,32.48862,28.41423
3246.94720,0.78679,-5.99626,79.82473,8.87223,10.04673,32.49060,28.41517
3246.95720,0.76359,-5.99412,79.79717,8.85322,10.06669,32.45258,28.42468
3246.96720,0.77177,-5.98099,79.75154,8.88729,10.06773,32.40996,28.38656
3246.97720,0.78087,-5.96837,79.70873,8.92123,10.06773,32.37060,28.34917
3246.98720,0.75193,-5.97409,79.72882,8.88920,10.08456,32.35974,28.39532
3246.99720,0.73972,-5.97746,79.73323,8.86905,10.09395,32.35969,28.41054
3247.00720,0.78105,-5.97258,79.69073,8.89223,10.07773,32.39060,28.33017
3247.01720,0.76389,-5.95975,79.72177,8.91241,10.10980,32.35491,28.34466
3247.02720,0.74788,-5.94779,79.75073,8.93123,10.13973,32.32160,28.35817
3247.03720,0.75662,-5.94209,79.73531,8.95559,10.13161,32.30536,28.34275
3247.04720,0.75765,-5.95631,79.57621,8.90385,10.09563,32.27665,28.30008
3247.05720,0.75744,-5.95947,79.54473,8.89223,10.08873,32.27160,28.29217
3247.06720,0.77311,-5.92792,79.62819,8.97242,10.13864,32.26342,28.25372
3247.07720,0.77659,-5.92092,79.64673,8.99023,10.14973,32.26160,28.24517
3247.08720,0.76016,-5.93138,79.57862,8.97106,10.11600,32.21531,28.27625
3247.09720,0.77478,-5.93302,79.46201,8.96123,10.09214,32.19160,28.21704
3247.10720,0.78671,-5.93109,79.41973,8.96123,10.08873,32.19160,28.17817
3247.11720,0.76989,-5.95139,79.43133,8.92810,10.05394,32.19988,28.24941
3247.12720,0.77983,-5.94319,79.55602,8.95941,10.08103,32.25140,28.26417
3247.13720,0.79064,-5.93320,79.65473,8.99023,10.10873,32.29160,28.26417
3247.14720,0.78346,-5.93829,79.56117,8.94241,10.11635,32.27774,28.22467
3247.15720,0.78028,-5.94055,79.51973,8.92123,10.11973,32.27160,28.20717
3247.16720,0.79679,-5.93994,79.62193,8.95553,10.11203,32.32060,28.23377
3247.17720,0.79976,-5.95156,79.59923,8.97023,10.05133,32.29960,28.27807
3247.18720,0.79801,-5.95666,79.57073,8.97023,10.02673,32.28160,28.29217
3247.19720,0.78783,-5.94798,79.54063,8.94293,10.07713,32.27460,28.24597
3247.20720,0.77876,-5.95407,79.51713,8.93123,10.06196,32.25746,28.26648
3247.21720,0.77681,-5.95814,79.51273,8.93123,10.04673,32.25160,28.28317
3247.22720,0.80978,-5.94659,79.64001,8.99416,10.05450,32.31524,28.27610
3247.23720,0.82341,-5.94182,79.69273,9.02023,10.05773,32.34160,28.27317
3247.24720,0.81678,-5.94407,79.61246,9.00025,10.05061,32.30773,28.25387
3247.25720,0.80318,-5.94925,79.46917,8.93787,10.06068,32.27081,28.19982
3247.26720,0.80274,-5.94978,79.47873,8.92123,10.07773,32.29160,28.18817
3247.27720,0.80720,-5.94049,79.48386,8.96056,10.07203,32.26310,28.18817
3247.28720,0.81754,-5.93476,79.52240,8.99023,10.07158,32.27241,28.18817
3247.29720,0.82868,-5.93679,79.57773,8.99023,10.07773,32.32160,28.18817
3247.30720,0.81767,-5.94043,79.55423,8.97190,10.07773,32.30750,28.19710
3247.31720,0.80524,-5.94454,79.52773,8.95123,10.07773,32.29160,28.20717
3247.32720,0.80109,-5.93677,79.55054,8.97404,10.08750,32.27299,28.21601
3247.33720,0.80576,-5.93380,79.54328,9.00023,10.06992,32.25160,28.22153
3247.34720,0.81664,-5.94067,79.50473,9.00023,10.03673,32.25160,28.21617
3247.35720,0.81887,-5.94355,79.48226,8.98743,10.03411,32.25683,28.20389
3247.36720,0.82371,-5.94981,79.43339,8.95959,10.02843,32.26819,28.17718
3247.37720,0.81768,-5.94481,79.40333,8.97153,10.02673,32.22960,28.17547
3247.38720,0.81448,-5.94186,79.39673,8.98023,10.02673,32.21160,28.17817
3247.39720,0.79623,-5.93564,79.44557,8.97209,10.06824,32.21160,28.19364
3247.40720,0.79472,-5.93427,79.46137,8.97296,10.07591,32.21615,28.19636
3247.41720,0.82181,-5.93563,79.51900,8.99793,10.06003,32.27080,28.19024
3247.42720,0.82373,-5.93822,79.55673,8.99023,10.06773,32.30160,28.19717
3247.43720,0.82373,-5.93822,79.55673,8.99023,10.06773,32.30160,28.19717
3247.44720,0.79903,-5.92639,79.48301,8.98263,10.09889,32.22560,28.17589
3247.45720,0.79444,-5.92782,79.40973,8.97023,10.08873,32.19160,28.15917
3247.46720,0.79343,-5.92808,79.40628,8.96659,10.09065,32.19160,28.15745
3247.47720,0.78917,-5.92916,79.39173,8.95123,10.09873,32.19160,28.15017
3247.48720,0.78646,-5.93188,79.38109,8.94075,10.09721,32.19160,28.15154
3247.49720,0.77217,-5.94619,79.32509,8.88555,10.08921,32.19160,28.15874
3247.50720,0.77272,-5.93044,79.37273,8.92123,10.11973,32.18160,28.15017
3247.51720,0.77244,-5.92909,79.37372,8.92519,10.12072,32.17765,28.15017
3247.52720,0.77080,-5.92114,79.37954,8.94844,10.12653,32.15439,28.15017
3247.53720,0.76666,-5.92022,79.39420,8.96123,10.12046,32.14160,28.17091
3247.54720,0.76256,-5.92953,79.40873,8.94403,10.10873,32.15880,28.19717
3247.55720,0.74975,-5.93475,79.36009,8.91418,10.10873,32.14001,28.19717
3247.56720,0.74439,-5.93420,79.33973,8.91123,10.10873,32.12260,28.19717
3247.57720,0.76985,-5.92007,79.41617,8.95846,10.12903,32.16160,28.16707
3247.58720,0.73277,-5.93753,79.47573,8.92123,10.11973,32.16160,28.27317
3247.59720,0.73479,-5.93798,79.47916,8.92123,10.11897,32.16709,28.27187
3247.60720,0.76225,-5.94412,79.52573,8.92123,10.10873,32.24160,28.25417
3247.61720,0.75822,-5.94297,79.53070,8.91990,10.11524,32.23810,28.25746
3247.62720,0.70712,-5.92957,79.58686,8.90083,10.19452,32.19230,28.29921
3247.63720,0.73894,-5.95337,79.45573,8.88223,10.09873,32.20160,28.27317
3247.64720,0.73894,-5.95337,79.45573,8.88223,10.09873,32.20160,28.27317
3247.65720,0.75187,-5.95203,79.50389,8.90926,10.08788,32.22321,28.28354
3247.66720,0.75255,-5.96454,79.48979,8.87637,10.07379,32.25006,28.28958
3247.67720,0.75285,-5.96992,79.48373,8.86223,10.06773,32.26160,28.29217
3247.68720,0.75573,-5.93992,79.63346,8.93570,10.13469,32.27090,28.29217
3247.69720,0.75595,-5.93767,79.64473,8.94123,10.13973,32.27160,28.29217
3247.70720,0.76913,-5.95386,79.48443,8.92445,10.06167,32.22964,28.26867
3247.71720,0.77751,-5.95006,79.55684,8.96102,10.05566,32.24596,28.29421
3247.72720,0.77886,-5.94846,79.58073,8.97023,10.05773,32.25160,28.30117
3247.73720,0.75944,-5.95591,79.49669,8.89912,10.08278,32.24352,28.27127
3247.74720,0.77972,-5.94586,79.63312,8.96083,10.08873,32.28972,28.29385
3247.75720,0.78585,-5.94295,79.67173,8.98023,10.08873,32.30160,28.30117
3247.76720,0.74333,-5.94057,79.68159,8.92353,10.15611,32.28516,28.31679
3247.77720,0.73411,-5.94006,79.68373,8.91123,10.17073,32.28160,28.32017
3247.78720,0.74972,-5.93882,79.62822,8.92756,10.14542,32.26527,28.28997
3247.79720,0.77293,-5.93117,79.60753,8.97141,10.12333,32.25340,28.25939
3247.80720,0.77726,-5.92955,79.60573,8.98023,10.11973,32.25160,28.25417
3247.81720,0.77112,-5.92636,79.48359,8.96207,10.11973,32.19523,28.20657
3247.82720,0.78457,-5.90776,79.48014,8.99818,10.14762,32.18201,28.15232
3247.83720,0.79260,-5.89993,79.51273,9.02023,10.16073,32.19160,28.14017
3247.84720,0.79234,-5.90505,79.50019,8.98538,10.17467,32.21948,28.12066
3247.85720,0.79223,-5.90729,79.49473,8.97023,10.18073,32.23160,28.11217
3247.86720,0.80090,-5.91845,79.42469,8.97023,10.12497,32.21120,28.11829
3247.87720,0.79971,-5.92218,79.42776,8.97023,10.11269,32.21061,28.13423
3247.88720,0.79328,-5.92033,79.47173,8.97023,10.12973,32.22160,28.15017
3247.89720,0.80612,-5.91823,79.41530,8.98733,10.10636,32.19880,28.12281
3247.90720,0.80801,-5.91757,79.39062,8.97844,10.11164,32.19836,28.10217
3247.91720,0.80186,-5.91829,79.40473,8.96123,10.12973,32.21160,28.10217
3247.92720,0.79174,-5.92601,79.35451,8.92794,10.12408,32.20031,28.10217
3247.93720,0.78392,-5.93197,79.31573,8.90223,10.11973,32.19160,28.10217
3247.94720,0.80415,-5.92570,79.26513,8.93578,10.09584,32.16885,28.06464
3247.95720,0.82545,-5.92649,79.23782,8.94460,10.07773,32.18487,28.03063
3247.96720,0.83023,-5.93095,79.24673,8.93123,10.07773,32.21160,28.02617
3247.97720,0.82979,-5.92435,79.33183,8.97461,10.07773,32.21160,28.06790
3247.98720,0.83152,-5.92056,79.39434,9.01023,10.07033,32.21160,28.10217
3247.99720,0.82896,-5.92769,79.35836,8.98936,10.05773,32.20910,28.10217
3248.00720,0.79444,-5.95849,79.21911,8.85874,10.04791,32.20426,28.10819
3248.01720,0.81276,-5.95856,79.27173,8.89223,10.02673,32.23160,28.12117
3248.02720,0.80722,-5.94897,79.33193,8.90900,10.05769,32.23590,28.12934
3248.03720,0.80447,-5.93680,79.43736,8.93992,10.09438,32.25463,28.14843
3248.04720,0.81045,-5.93747,79.47073,8.95123,10.08873,32.27160,28.15917
3248.05720,0.81025,-5.93568,79.47950,8.95123,10.09708,32.27577,28.15542
3248.06720,0.80997,-5.93318,79.49173,8.95123,10.10873,32.28160,28.15017
3248.07720,0.80456,-5.93042,79.48952,8.95345,10.11560,32.26830,28.15217
3248.08720,0.79136,-5.92369,79.48411,8.95885,10.13235,32.23587,28.15703
3248.09720,0.79454,-5.93073,79.37273,8.94123,10.09873,32.20160,28.13117
3248.10720,0.78974,-5.93104,79.37853,8.93543,10.10482,32.20160,28.13668
3248.11720,0.77815,-5.93358,79.39214,8.91824,10.11644,32.20459,28.15286
3248.12720,0.77855,-5.93771,79.39073,8.91123,10.10873,32.21160,28.15917
3248.13720,0.77744,-5.93137,79.39400,8.93051,10.11232,32.19200,28.15917
3248.14720,0.77518,-5.91830,79.40073,8.97023,10.11973,32.15160,28.15917
3248.15720,0.77302,-5.92350,79.38473,8.95800,10.11000,32.15160,28.16513
3248.16720,0.76858,-5.93246,79.34877,8.93123,10.09695,32.15160,28.16898
3248.17720,0.76949,-5.92436,79.34554,8.93123,10.12437,32.15160,28.13833
3248.18720,0.77000,-5.91982,79.34373,8.93123,10.13973,32.15160,28.12117
3248.19720,0.75324,-5.91916,79.39832,8.92688,10.15951,32.15348,28.15845
3248.20720,0.76293,-5.90201,79.42673,8.95123,10.20173,32.16160,28.11217
3248.21720,0.76484,-5.90315,79.40178,8.95123,10.19175,32.15220,28.10661
3248.22720,0.77292,-5.90795,79.29673,8.95123,10.14973,32.11260,28.08317
3248.23720,0.77183,-5.90830,79.29944,8.95182,10.14855,32.11142,28.08764
3248.24720,0.75346,-5.91356,79.34317,8.96083,10.13177,32.09140,28.15917
3248.25720,0.72953,-5.90298,79.35373,8.95123,10.18073,32.06260,28.15917
3248.26720,0.72812,-5.90408,79.34426,8.94650,10.17935,32.05985,28.15856
3248.27720,0.70896,-5.91960,79.21563,8.88075,10.16018,32.02409,28.15062
3248.28720,0.70950,-5.93069,79.21373,8.85223,10.14973,32.05260,28.15917
3248.29720,0.70864,-5.92994,79.22390,8.85387,10.15311,32.05464,28.16228
3248.30720,0.68848,-5.91253,79.46273,8.89223,10.23273,32.10260,28.23517
3248.31720,0.68848,-5.91253,79.46273,8.89223,10.23273,32.10260,28.23517
3248.32720,0.73555,-5.91692,79.33064,8.90128,10.17663,32.11165,28.14108
3248.33720,0.71233,-5.90880,79.25780,8.89477,10.19385,32.03800,28.13117
3248.34720,0.70273,-5.90587,79.23773,8.89223,10.20173,32.01260,28.13117
3248.35720,0.71671,-5.93083,79.20799,8.84669,10.15340,32.06836,28.13954
3248.36720,0.73141,-5.91456,79.30258,8.88976,10.18961,32.10108,28.12213
3248.37720,0.73213,-5.91360,79.30773,8.89223,10.19173,32.10260,28.12117
3248.38720,0.71713,-5.92573,79.36093,8.87323,10.18128,32.12160,28.18482
3248.39720,0.71634,-5.92637,79.36373,8.87223,10.18073,32.12260,28.18817
3248.40720,0.72118,-5.93436,79.30697,8.86201,10.14953,32.11237,28.18306
3248.41720,0.71136,-5.93430,79.30397,8.85864,10.15239,32.09620,28.19675
3248.42720,0.70325,-5.92998,79.33273,8.86223,10.17073,32.09260,28.20717
3248.43720,0.69996,-5.93643,79.32614,8.85752,10.15140,32.08789,28.22932
3248.44720,0.69770,-5.94470,79.31891,8.84873,10.12973,32.08880,28.25166
3248.45720,0.71209,-5.95502,79.32073,8.81323,10.12973,32.15160,28.22617
3248.46720,0.71529,-5.95225,79.34737,8.82565,10.13333,32.15880,28.22959
3248.47720,0.72983,-5.93963,79.46873,8.88223,10.14973,32.19160,28.24517
3248.48720,0.73108,-5.94275,79.44952,8.87263,10.14384,32.19356,28.23949
3248.49720,0.74115,-5.95700,79.36004,8.83502,10.11046,32.20338,28.21118
3248.50720,0.76404,-5.96354,79.31073,8.84323,10.06773,32.21160,28.18817
3248.51720,0.75934,-5.95680,79.33701,8.85165,10.08902,32.20817,28.18817
3248.52720,0.74771,-5.92836,79.43043,8.89523,10.16683,32.19160,28.17677
3248.53720,0.77346,-5.93768,79.35273,8.90223,10.10873,32.19160,28.15017
3248.54720,0.76559,-5.93281,79.35022,8.90223,10.12509,32.17587,28.14703
3248.55720,0.74844,-5.92219,79.34473,8.90223,10.16073,32.14160,28.14017
3248.56720,0.75323,-5.91788,79.40248,8.92621,10.16562,32.15628,28.15436
3248.57720,0.77146,-5.90785,79.40526,8.95671,10.17073,32.16065,28.11717
3248.58720,0.78242,-5.90326,79.35773,8.96123,10.17073,32.15160,28.07417
3248.59720,0.78147,-5.90630,79.32979,8.95565,10.15899,32.14098,28.07417
3248.60720,0.75304,-5.91347,79.31100,8.92945,10.15572,32.10537,28.12046
3248.61720,0.72989,-5.91746,79.31373,8.91123,10.16073,32.08260,28.15917
3248.62720,0.73533,-5.91171,79.34811,8.92232,10.17791,32.09923,28.14864
3248.63720,0.73969,-5.90709,79.37573,8.93123,10.19173,32.11260,28.14017
3248.64720,0.76120,-5.90615,79.30920,8.95840,10.15181,32.09042,28.10857
3248.65720,0.76886,-5.90665,79.30175,8.95273,10.15396,32.10627,28.08879
3248.66720,0.76133,-5.90762,79.33773,8.93123,10.18073,32.13260,28.09317
3248.67720,0.75293,-5.91924,79.31182,8.91972,10.14561,32.11533,28.13117
3248.68720,0.74674,-5.92780,79.29273,8.91123,10.11973,32.10260,28.15917
3248.69720,0.76713,-5.93332,79.28304,8.90639,10.10303,32.13975,28.13387
3248.70720,0.76933,-5.93527,79.30886,8.87027,10.13856,32.19327,28.10676
3248.71720,0.75642,-5.93291,79.33773,8.84323,10.18073,32.21160,28.10217
3248.72720,0.78636,-5.92748,79.39304,8.89854,10.15759,32.23982,28.09709
3248.73720,0.79889,-5.92959,79.37301,8.90801,10.13599,32.24293,28.08608
3248.74720,0.78112,-5.94017,79.26773,8.85223,10.12973,32.21160,28.07417
3248.75720,0.78130,-5.94397,79.30709,8.85914,10.11902,32.22541,28.10352
3248.76720,0.78163,-5.95117,79.38173,8.87223,10.09873,32.25160,28.15917
3248.77720,0.78699,-5.93843,79.36193,8.88939,10.12117,32.23400,28.11737
3248.78720,0.80242,-5.92637,79.34025,8.92003,10.12729,32.22040,28.07253
3248.79720,0.81338,-5.93167,79.34473,8.93123,10.09873,32.23160,28.08317
3248.80720,0.81338,-5.93167,79.34473,8.93123,10.09873,32.23160,28.08317
3248.81720,0.80445,-5.93324,79.31075,8.92444,10.09193,32.20442,28.08997
3248.82720,0.78250,-5.93759,79.29406,8.89510,10.10213,32.18490,28.11193
3248.83720,0.77376,-5.93937,79.29373,8.88223,10.10873,32.18160,28.12117
3248.84720,0.78080,-5.94004,79.26886,8.86381,10.11886,32.20003,28.08616
3248.85720,0.78140,-5.94010,79.26673,8.86223,10.11973,32.20160,28.08317
3248.86720,0.77042,-5.94420,79.41993,8.87223,10.13214,32.25082,28.16474
3248.87720,0.77477,-5.93370,79.38673,8.87223,10.16073,32.24160,28.11217
3248.88720,0.77559,-5.93715,79.37452,8.87223,10.14578,32.23678,28.11973
3248.89720,0.77923,-5.95392,79.31570,8.87430,10.07131,32.21091,28.15917
3248.90720,0.77044,-5.93659,79.38273,8.90223,10.11973,32.20160,28.15917
3248.91720,0.77039,-5.93595,79.37837,8.89987,10.12327,32.20160,28.15363
3248.92720,0.77010,-5.93258,79.35539,8.88745,10.14190,32.20160,28.12443
3248.93720,0.77023,-5.93245,79.34623,8.88080,10.14680,32.20374,28.11489
3248.94720,0.77232,-5.94999,79.35006,8.85965,10.10784,32.23071,28.15187
3248.95720,0.76065,-5.95832,79.32273,8.83323,10.09873,32.22160,28.16917
3248.96720,0.76065,-5.95832,79.32273,8.83323,10.09873,32.22160,28.16917
3248.97720,0.76345,-5.95659,79.32941,8.86088,10.07870,32.20253,28.18729
3248.98720,0.77543,-5.96321,79.47136,8.85273,10.09769,32.30615,28.21479
3248.99720,0.77605,-5.96355,79.47873,8.85223,10.09873,32.31160,28.21617
3249.00720,0.78022,-5.94171,79.37313,8.84359,10.15825,32.27320,28.09809
3249.01720,0.78040,-5.94079,79.36873,8.84323,10.16073,32.27160,28.09317
3249.02720,0.79039,-5.96446,79.25929,8.82403,10.07145,32.25240,28.11141
3249.03720,0.78568,-5.92401,79.45441,8.93651,10.14645,32.23240,28.13905
3249.04720,0.78547,-5.92229,79.46273,8.94123,10.14973,32.23160,28.14017
3249.05720,0.78782,-5.93991,79.19972,8.88521,10.08136,32.15564,28.07751
3249.06720,0.81253,-5.93885,79.32104,8.89183,10.10747,32.25716,28.06458
3249.07720,0.81356,-5.93877,79.32673,8.89223,10.10873,32.26160,28.06417
3249.08720,0.80527,-5.93885,79.41045,8.89223,10.12848,32.28982,28.09992
3249.09720,0.80474,-5.93886,79.41573,8.89223,10.12973,32.29160,28.10217
3249.10720,0.84021,-5.94813,79.21620,8.91953,10.02243,32.22572,28.04853
3249.11720,0.82976,-5.93373,79.32337,8.90319,10.11447,32.27857,28.02713
3249.12720,0.82909,-5.93294,79.32973,8.90223,10.11973,32.28160,28.02617
3249.13720,0.81903,-5.94393,79.36524,8.88304,10.10917,32.30079,28.07223
3249.14720,0.81861,-5.94439,79.36673,8.88223,10.10873,32.30160,28.07417
3249.15720,0.83523,-5.94888,79.33649,8.89699,10.07110,32.30160,28.06680
3249.16720,0.83660,-5.94809,79.32573,8.90223,10.06604,32.29328,28.06417
3249.17720,0.83568,-5.94761,79.32573,8.90223,10.06773,32.29160,28.06417
3249.18720,0.83568,-5.94761,79.32573,8.90223,10.06773,32.29160,28.06417
3249.19720,0.85629,-5.92238,79.35261,8.94024,10.12395,32.30533,27.98309
3249.20720,0.86306,-5.91688,79.34273,8.95123,10.12973,32.30160,27.96017
3249.21720,0.85973,-5.91797,79.30323,8.93792,10.12973,32.28828,27.94730
3249.22720,0.85572,-5.91930,79.25564,8.92188,10.12973,32.27224,27.93179
3249.23720,0.85695,-5.90540,79.28910,8.97103,10.13694,32.24273,27.93839
3249.24720,0.85298,-5.90907,79.28460,8.95895,10.13519,32.24520,27.94525
3249.25720,0.84754,-5.91997,79.26273,8.92123,10.12973,32.26160,27.95017
3249.26720,0.84881,-5.92841,79.17894,8.92123,10.08027,32.22039,27.95704
3249.27720,0.84224,-5.93014,79.18222,8.92547,10.07085,32.20583,27.98007
3249.28720,0.83250,-5.92723,79.23873,8.93123,10.08873,32.21160,28.00717
3249.29720,0.83381,-5.92927,79.24489,8.92003,10.09433,32.22840,28.00213
3249.30720,0.83484,-5.93087,79.24973,8.91123,10.09873,32.24160,27.99817
3249.31720,0.83114,-5.93641,79.16716,8.88390,10.08701,32.21928,27.97697
3249.32720,0.83945,-5.93057,79.21432,8.90715,10.09535,32.23572,27.97609
3249.33720,0.84797,-5.92282,79.29973,8.94123,10.10873,32.26160,27.98817
3249.34720,0.85263,-5.92728,79.23281,8.90965,10.10873,32.26695,27.94749
3249.35720,0.84653,-5.92376,79.11405,8.89337,10.10873,32.21036,27.90160
3249.36720,0.83843,-5.91785,79.06573,8.90223,10.10873,32.16160,27.89317
3249.37720,0.84064,-5.93295,79.09062,8.89092,10.07366,32.18988,27.93616
3249.38720,0.84234,-5.94454,79.10973,8.88223,10.04673,32.21160,27.96917
3249.39720,0.84109,-5.94356,79.12201,8.88428,10.05102,32.21365,27.97306
3249.40720,0.83061,-5.94273,79.16938,8.88177,10.06773,32.22160,27.99829
3249.41720,0.82011,-5.94831,79.16873,8.86223,10.06773,32.22160,28.01717
3249.42720,0.81245,-5.94550,79.18695,8.85768,10.08640,32.22160,28.02127
3249.43720,0.80274,-5.94473,79.21598,8.84998,10.10373,32.22660,28.03567
3249.44720,0.80152,-5.95048,79.23209,8.84498,10.09262,32.23771,28.05678
3249.45720,0.80109,-5.95249,79.23773,8.84323,10.08873,32.24160,28.06417
3249.46720,0.81281,-5.94330,79.27230,8.85047,10.12169,32.27376,28.02639
3249.47720,0.81567,-5.94106,79.28073,8.85223,10.12973,32.28160,28.01717
3249.48720,0.84285,-5.92543,79.36468,8.92674,10.12973,32.30046,28.00774
3249.49720,0.80959,-5.95647,79.20773,8.84323,10.06773,32.24160,28.05517
3249.50720,0.80967,-5.95601,79.18457,8.83927,10.06773,32.23368,28.04389
3249.51720,0.82158,-5.95336,79.09299,8.83057,10.06378,32.21665,27.98200
3249.52720,0.87170,-5.94982,79.10273,8.86223,10.04673,32.28160,27.91217
3249.53720,0.87170,-5.94982,79.10273,8.86223,10.04673,32.28160,27.91217
3249.54720,0.83725,-5.95112,79.07185,8.83179,10.06526,32.23307,27.94173
3249.55720,0.80941,-5.95227,78.98539,8.80626,10.06614,32.16291,27.95007
3249.56720,0.83006,-5.95161,78.92373,8.82323,10.03673,32.15160,27.91217
3249.57720,0.83599,-5.94358,79.01879,8.85812,10.05240,32.17688,27.93139
3249.58720,0.84177,-5.93574,79.11173,8.89223,10.06773,32.20160,27.95017
3249.59720,0.82175,-5.94211,79.16151,8.86452,10.08526,32.21857,27.99316
3249.60720,0.84009,-5.94648,79.18960,8.84893,10.09239,32.28227,27.96601
3249.61720,0.85960,-5.94618,79.18373,8.85223,10.08873,32.31160,27.93117
