time_s,cop_x_cm,cop_y_cm,mass_kg,tr_kg,tl_kg,br_kg,bl_kg
3482.24960,0.41945,-5.23058,83.04473,10.67223,11.79873,31.65460,28.91917
3482.25960,0.41894,-5.23131,83.04763,10.66934,11.79976,31.65798,28.92055
3482.26960,0.40999,-5.24549,83.10290,10.61323,11.81910,31.72509,28.94548
3482.27960,0.44305,-5.24863,83.07794,10.61544,11.79873,31.77360,28.89017
3482.28960,0.46957,-5.22738,83.18194,10.72104,11.79873,31.77200,28.89017
3482.29960,0.44580,-5.23139,83.08869,10.68117,11.79873,31.71862,28.89017
3482.30960,0.43509,-5.23320,83.04673,10.66323,11.79873,31.69460,28.89017
3482.31960,0.41862,-5.23867,83.01943,10.62683,11.80783,31.68550,28.89927
3482.32960,0.40067,-5.22358,83.00490,10.67692,11.80873,31.59360,28.92565
3482.33960,0.39906,-5.22204,83.00373,10.68223,11.80873,31.58460,28.92817
3482.34960,0.40256,-5.22835,82.90761,10.65223,11.78975,31.57236,28.89328
3482.35960,0.39865,-5.24480,82.84543,10.60782,11.75753,31.57763,28.90245
3482.36960,0.39538,-5.25146,82.84473,10.59423,11.74673,31.58460,28.91917
3482.37960,0.40224,-5.23998,83.02109,10.62535,11.80498,31.65642,28.93433
3482.38960,0.40397,-5.23708,83.06573,10.63323,11.81973,31.67460,28.93817
3482.39960,0.39648,-5.24693,83.07841,10.61739,11.80309,31.68252,28.97540
3482.40960,0.41093,-5.25374,83.05092,10.60612,11.78214,31.70751,28.95515
3482.41960,0.41529,-5.25487,83.04273,10.60423,11.77773,31.71360,28.94717
3482.42960,0.39558,-5.25420,83.02217,10.57786,11.80097,31.69170,28.95164
3482.43960,0.37113,-5.25315,83.00008,10.54644,11.83029,31.66501,28.95834
3482.44960,0.36801,-5.23607,83.24073,10.63323,11.87073,31.69460,29.04217
3482.45960,0.37855,-5.24313,83.16180,10.61997,11.83690,31.68797,29.01697
3482.46960,0.38390,-5.24672,83.12173,10.61323,11.81973,31.68460,29.00417
3482.47960,0.37515,-5.23716,83.09277,10.60744,11.85255,31.65886,28.97393
3482.48960,0.37645,-5.23130,83.13947,10.60994,11.88403,31.68262,28.96288
3482.49960,0.38001,-5.23098,83.17573,10.61323,11.89173,31.70460,28.96617
3482.50960,0.38537,-5.22949,83.07881,10.61974,11.86441,31.65907,28.93560
3482.51960,0.38825,-5.22869,83.02673,10.62323,11.84973,31.63460,28.91917
3482.52960,0.39173,-5.22662,82.97412,10.62658,11.83967,31.61114,28.89672
3482.53960,0.39727,-5.22333,82.89061,10.63190,11.82372,31.57391,28.86108
3482.54960,0.38753,-5.23068,82.87606,10.62420,11.80075,31.55556,28.89555
3482.55960,0.38634,-5.23155,82.87673,10.62323,11.79873,31.55460,28.90017
3482.56960,0.34471,-5.22269,82.89381,10.61424,11.84458,31.49257,28.94243
3482.57960,0.38129,-5.23297,82.89573,10.62323,11.79873,31.55460,28.91917
3482.58960,0.37775,-5.23033,82.92851,10.62817,11.81223,31.55954,28.92856
3482.59960,0.37438,-5.22277,83.09803,10.65323,11.86062,31.61426,28.96991
3482.60960,0.40507,-5.23368,83.10875,10.65725,11.81973,31.67460,28.95717
3482.61960,0.38921,-5.22934,83.10292,10.65142,11.83982,31.64702,28.96466
3482.62960,0.36245,-5.22449,83.08473,10.63323,11.87073,31.60460,28.97617
3482.63960,0.37452,-5.22380,83.14624,10.65635,11.86681,31.63594,28.98714
3482.64960,0.38770,-5.22226,83.22555,10.68954,11.86073,31.66842,29.00687
3482.65960,0.37418,-5.22113,83.18608,10.68296,11.86073,31.62894,29.01345
3482.66960,0.37225,-5.21985,83.14891,10.67757,11.86073,31.61173,28.99889
3482.67960,0.37068,-5.21570,83.03166,10.66090,11.86073,31.56575,28.94429
3482.68960,0.35593,-5.19592,83.14673,10.69223,11.93273,31.56460,28.95717
3482.69960,0.36031,-5.19441,83.13564,10.70055,11.92690,31.55906,28.94913
3482.70960,0.37173,-5.19046,83.10673,10.72223,11.91173,31.54460,28.92817
3482.71960,0.37173,-5.19046,83.10673,10.72223,11.91173,31.54460,28.92817
3482.72960,0.36269,-5.19000,83.08177,10.71883,11.91003,31.51797,28.93494
3482.73960,0.35652,-5.19137,83.00873,10.70223,11.90173,31.48560,28.91917
3482.74960,0.35584,-5.19163,83.00457,10.70121,11.90067,31.48321,28.91948
3482.75960,0.33903,-5.19990,82.88393,10.67133,11.86763,31.41960,28.92537
3482.76960,0.35478,-5.20585,82.86527,10.66533,11.84696,31.44627,28.90671
3482.77960,0.36000,-5.20778,82.85985,10.66343,11.84037,31.45539,28.90066
3482.78960,0.33113,-5.19373,82.96673,10.68223,11.90173,31.43560,28.94717
3482.79960,0.33274,-5.19416,82.96468,10.68194,11.89989,31.43795,28.94492
3482.80960,0.38549,-5.20805,82.90214,10.67337,11.84092,31.51575,28.87210
3482.81960,0.38672,-5.19254,83.12233,10.73010,11.90053,31.57345,28.91825
3482.82960,0.38674,-5.19223,83.12673,10.73123,11.90173,31.57460,28.91917
3482.83960,0.38298,-5.19304,83.04202,10.73123,11.87573,31.52428,28.91079
3482.84960,0.35927,-5.20310,83.13193,10.69613,11.89863,31.55960,28.97757
3482.85960,0.35672,-5.20420,83.14373,10.69223,11.90173,31.56460,28.98517
3482.86960,0.37305,-5.19717,83.04627,10.71045,11.88260,31.52816,28.92505
3482.87960,0.37465,-5.19649,83.03673,10.71223,11.88073,31.52460,28.91917
3482.88960,0.38129,-5.19354,83.10194,10.72142,11.90001,31.56133,28.91917
3482.89960,0.37325,-5.19156,83.08291,10.72661,11.89686,31.53101,28.92842
3482.90960,0.36413,-5.18975,83.05673,10.73123,11.89173,31.49560,28.93817
3482.91960,0.36506,-5.18960,83.06034,10.73245,11.89203,31.49799,28.93787
3482.92960,0.39286,-5.18532,83.16690,10.76656,11.90256,31.57147,28.92631
3482.93960,0.35102,-5.19488,82.95273,10.65323,11.92273,31.49560,28.88117
3482.94960,0.35282,-5.19419,82.94222,10.65823,11.91738,31.48870,28.87790
3482.95960,0.36146,-5.19086,82.89173,10.68223,11.89173,31.45560,28.86217
3482.96960,0.35913,-5.19199,82.93987,10.68223,11.90072,31.47561,28.88131
3482.97960,0.36250,-5.19449,83.00927,10.68605,11.90670,31.51353,28.90299
3482.98960,0.37722,-5.19406,82.93073,10.69223,11.88073,31.49560,28.86217
3482.99960,0.36678,-5.19911,82.98135,10.67555,11.89281,31.51803,28.89496
3483.00960,0.38886,-5.20315,83.05864,10.71040,11.86424,31.56483,28.91917
3483.01960,0.40831,-5.20336,83.08473,10.74123,11.83973,31.58460,28.91917
3483.02960,0.38592,-5.20753,83.02835,10.67622,11.87422,31.57797,28.89994
3483.03960,0.37455,-5.20965,82.99973,10.64323,11.89173,31.57460,28.89017
3483.04960,0.37455,-5.20965,82.99973,10.64323,11.89173,31.57460,28.89017
3483.05960,0.38236,-5.21074,83.00428,10.68778,11.84445,31.54733,28.92472
3483.06960,0.36270,-5.21866,82.96573,10.64323,11.84973,31.53460,28.93817
3483.07960,0.36181,-5.21826,82.96687,10.64323,11.85149,31.53346,28.93868
3483.08960,0.35582,-5.20981,83.02193,10.65118,11.88923,31.54202,28.93950
3483.09960,0.37923,-5.20500,83.11773,10.67223,11.91173,31.61460,28.91917
3483.10960,0.37681,-5.20544,83.12686,10.67223,11.91260,31.61460,28.92743
3483.11960,0.34880,-5.21055,83.23273,10.67223,11.92273,31.61460,29.02317
3483.12960,0.34544,-5.20417,83.14705,10.67223,11.92273,31.56462,28.98747
3483.13960,0.34946,-5.19991,83.02873,10.66433,11.91399,31.52013,28.93027
3483.14960,0.36165,-5.20632,83.02873,10.65323,11.90173,31.55460,28.91917
3483.15960,0.35931,-5.20156,83.01277,10.65743,11.91055,31.53780,28.90699
3483.16960,0.35615,-5.19848,82.97376,10.65051,11.91806,31.51884,28.88636
3483.17960,0.35625,-5.20325,82.95073,10.63323,11.91173,31.52460,28.88117
3483.18960,0.35565,-5.20358,82.98638,10.64172,11.91173,31.53309,28.89984
3483.19960,0.35427,-5.20434,83.06927,10.66146,11.91173,31.55282,28.94327
3483.20960,0.36481,-5.20534,83.04737,10.66046,11.90314,31.56291,28.92086
3483.21960,0.39086,-5.20761,82.97575,10.65371,11.88219,31.58318,28.85667
3483.22960,0.35231,-5.21796,83.14073,10.67223,11.87073,31.57460,29.02317
3483.23960,0.34529,-5.21650,83.15639,10.65802,11.89451,31.58330,29.02056
3483.24960,0.33647,-5.21534,83.16319,10.62323,11.93537,31.60460,28.99999
3483.25960,0.36526,-5.22367,83.05443,10.62323,11.87551,31.60460,28.95109
3483.26960,0.37500,-5.21836,83.10375,10.65779,11.87370,31.61381,28.95846
3483.27960,0.36228,-5.20839,83.12273,10.69223,11.88073,31.56460,28.98517
3483.28960,0.35970,-5.20444,83.17754,10.70354,11.89871,31.57620,28.99909
3483.29960,0.36476,-5.19660,83.29181,10.73416,11.92779,31.61339,29.01648
3483.30960,0.39218,-5.20096,83.24373,10.74123,11.89173,31.63460,28.97617
3483.31960,0.38961,-5.19934,83.23496,10.73501,11.90146,31.63141,28.96708
3483.32960,0.38103,-5.19395,83.20570,10.71427,11.93391,31.62077,28.93676
3483.33960,0.37605,-5.19083,83.18873,10.70223,11.95273,31.61460,28.91917
3483.34960,0.36800,-5.20117,83.13455,10.68503,11.91747,31.58880,28.94325
3483.35960,0.33332,-5.20305,83.13573,10.65323,11.94273,31.55460,28.98517
3483.36960,0.33497,-5.20378,83.12608,10.65151,11.93916,31.55460,28.98081
3483.37960,0.35412,-5.21999,82.96756,10.60594,11.88267,31.55636,28.92259
3483.38960,0.31651,-5.23962,82.96673,10.52523,11.89173,31.56460,28.98517
3483.39960,0.31878,-5.23945,82.97273,10.52844,11.89075,31.56879,28.98475
3483.40960,0.36526,-5.23601,83.09573,10.59423,11.87073,31.65460,28.97617
3483.41960,0.36392,-5.23486,83.10258,10.59715,11.87385,31.65259,28.97899
3483.42960,0.35499,-5.22720,83.14822,10.61662,11.89465,31.63916,28.99778
3483.43960,0.36208,-5.23225,83.04873,10.57423,11.89173,31.64460,28.93817
3483.44960,0.36210,-5.23199,83.04782,10.57578,11.89089,31.64262,28.93853
3483.45960,0.36345,-5.22614,83.02764,10.61302,11.86949,31.59772,28.94742
3483.46960,0.39700,-5.24415,83.09135,10.60576,11.82836,31.70175,28.95548
3483.47960,0.40404,-5.24793,83.10473,10.60423,11.81973,31.72360,28.95717
3483.48960,0.37339,-5.24919,83.08473,10.56423,11.84973,31.69460,28.97617
3483.49960,0.37313,-5.24863,83.08512,10.56513,11.85099,31.69340,28.97560
3483.50960,0.36498,-5.23093,83.09795,10.59301,11.89108,31.65641,28.95745
3483.51960,0.37278,-5.24765,83.10473,10.55423,11.87073,31.71360,28.96617
3483.52960,0.37285,-5.24761,83.10435,10.55437,11.87066,31.71340,28.96592
3483.53960,0.37989,-5.24290,83.06583,10.56788,11.86390,31.69381,28.94024
3483.54960,0.37673,-5.25066,83.12008,10.55741,11.86073,31.72582,28.97613
3483.55960,0.37551,-5.25254,83.13373,10.55423,11.86073,31.73360,28.98517
3483.56960,0.39151,-5.24258,83.15719,10.58266,11.87494,31.74781,28.95177
3483.57960,0.39801,-5.23853,83.16673,10.59423,11.88073,31.75360,28.93817
3483.58960,0.37311,-5.23134,83.07296,10.56794,11.90790,31.68436,28.91276
3483.59960,0.38905,-5.24295,83.05704,10.58221,11.84700,31.69258,28.93524
3483.60960,0.39124,-5.24437,83.05673,10.58423,11.83973,31.69460,28.93817
3483.61960,0.40001,-5.24303,83.07604,10.57504,11.85903,31.73045,28.91152
3483.62960,0.40078,-5.24291,83.07773,10.57423,11.86073,31.73360,28.90917
3483.63960,0.39994,-5.24053,83.04385,10.58875,11.84572,31.70020,28.90917
3483.64960,0.39966,-5.23862,83.00716,10.60245,11.82909,31.66730,28.90832
3483.65960,0.41974,-5.25856,82.98873,10.54523,11.80873,31.75360,28.88117
3483.66960,0.41971,-5.25781,82.98728,10.54637,11.80994,31.75168,28.87929
3483.67960,0.41896,-5.23967,82.95553,10.57377,11.83996,31.70665,28.83515
3483.68960,0.41128,-5.25430,83.11673,10.55423,11.84973,31.79360,28.91917
3483.69960,0.40863,-5.25492,83.10296,10.55133,11.84667,31.78442,28.92055
3483.70960,0.39399,-5.25835,83.02673,10.53523,11.82973,31.73360,28.92817
3483.71960,0.40758,-5.26080,83.05482,10.55923,11.80436,31.74996,28.94126
3483.72960,0.43336,-5.26094,83.13166,10.61390,11.76988,31.78394,28.96394
3483.73960,0.41144,-5.24748,83.13573,10.59423,11.83973,31.76360,28.93817
3483.74960,0.40963,-5.24910,83.11006,10.59423,11.82689,31.74703,28.94190
3483.75960,0.40606,-5.25701,83.01362,10.56582,11.80049,31.71948,28.92782
3483.76960,0.40464,-5.26504,82.92773,10.52523,11.78873,31.71360,28.90017
3483.77960,0.38946,-5.26058,82.84284,10.51197,11.79536,31.65457,28.88094
3483.78960,0.38174,-5.25831,82.79973,10.50523,11.79873,31.62460,28.87117
3483.79960,0.42085,-5.25302,82.84593,10.56397,11.77167,31.66420,28.84609
3483.80960,0.41637,-5.24796,82.84573,10.55490,11.79906,31.66460,28.82717
3483.81960,0.40406,-5.24679,82.83373,10.53523,11.81973,31.65460,28.82417
3483.82960,0.39847,-5.24278,82.81196,10.53959,11.82408,31.62848,28.81982
3483.83960,0.39844,-5.22812,82.87888,10.58280,11.85221,31.61928,28.82459
3483.84960,0.41746,-5.20323,83.13073,10.68223,11.91173,31.68460,28.85217
3483.85960,0.43983,-5.21715,83.09738,10.67694,11.85720,31.71584,28.84741
3483.86960,0.45974,-5.22954,83.06773,10.67223,11.80873,31.74360,28.84317
3483.87960,0.44969,-5.23053,83.05742,10.65480,11.81975,31.73649,28.84637
3483.88960,0.43123,-5.23116,83.04712,10.62639,11.84308,31.72425,28.85340
3483.89960,0.42768,-5.21428,83.16873,10.67223,11.89173,31.73360,28.87117
3483.90960,0.43535,-5.21905,83.15656,10.66858,11.87468,31.74578,28.86752
3483.91960,0.43104,-5.22066,83.14313,10.66323,11.87053,31.73600,28.87337
3483.92960,0.40773,-5.21259,83.14973,10.66323,11.90173,31.69460,28.89017
3483.93960,0.40898,-5.21558,83.11283,10.65913,11.88492,31.68230,28.88648
3483.94960,0.41078,-5.21989,83.05973,10.65323,11.86073,31.66460,28.88117
3483.95960,0.41078,-5.21989,83.05973,10.65323,11.86073,31.66460,28.88117
3483.96960,0.38362,-5.21271,83.11443,10.64610,11.90886,31.64747,28.91200
3483.97960,0.37480,-5.21727,83.17573,10.65323,11.90173,31.65460,28.96617
3483.98960,0.38167,-5.21379,83.11795,10.65593,11.89606,31.63570,28.93026
3483.99960,0.39936,-5.20585,82.95532,10.64479,11.89195,31.59797,28.82061
3484.00960,0.39676,-5.20997,82.93773,10.59423,11.92273,31.63460,28.78617
3484.01960,0.40007,-5.21478,82.93658,10.59423,11.90492,31.64034,28.79708
3484.02960,0.40827,-5.22672,82.93373,10.59423,11.86073,31.65460,28.82417
3484.03960,0.40827,-5.22672,82.93373,10.59423,11.86073,31.65460,28.82417
3484.04960,0.39701,-5.20757,82.98553,10.65928,11.87940,31.59437,28.85248
3484.05960,0.39134,-5.20156,83.03968,10.67713,11.89816,31.59321,28.87117
3484.06960,0.39231,-5.20522,83.05073,10.66323,11.90173,31.61460,28.87117
3484.07960,0.40444,-5.18831,83.07804,10.67765,11.95635,31.63736,28.80669
3484.08960,0.40044,-5.18721,82.94205,10.69111,11.90982,31.54696,28.79416
3484.09960,0.39974,-5.18741,82.92499,10.69345,11.90210,31.53460,28.79484
3484.10960,0.41491,-5.17024,82.98782,10.75452,11.92068,31.53460,28.77802
3484.11960,0.41733,-5.16856,82.99417,10.76279,11.92025,31.53420,28.77693
3484.12960,0.43580,-5.17213,82.98242,10.80451,11.86233,31.52189,28.79368
3484.13960,0.44485,-5.13565,83.02373,10.90923,11.90173,31.45560,28.75717
3484.14960,0.44450,-5.13453,83.02757,10.91105,11.90503,31.45507,28.75643
3484.15960,0.43565,-5.10666,83.12357,10.95638,11.98770,31.44173,28.73776
3484.16960,0.41727,-5.09762,83.08716,10.97723,11.98973,31.36703,28.75317
3484.17960,0.41488,-5.09825,83.07373,10.97723,11.98373,31.35560,28.75717
3484.18960,0.42848,-5.09233,83.09245,11.01288,11.97482,31.35560,28.74915
3484.19960,0.43014,-5.09161,83.09473,11.01723,11.97373,31.35560,28.74817
3484.20960,0.44735,-5.10402,83.04434,10.98802,11.94378,31.39212,28.72042
3484.21960,0.44834,-5.08588,83.11425,11.04787,11.96939,31.36984,28.72716
3484.22960,0.44770,-5.08319,83.12473,11.05623,11.97373,31.36560,28.72917
3484.23960,0.43229,-5.09780,82.98823,11.00254,11.93642,31.32010,28.72917
3484.24960,0.41787,-5.07993,83.05930,11.01562,12.00810,31.31560,28.71998
3484.25960,0.41674,-5.07823,83.06673,11.01723,12.01473,31.31560,28.71917
3484.26960,0.44894,-5.08457,83.05263,11.05342,11.95155,31.33400,28.71365
3484.27960,0.46925,-5.08856,83.04373,11.07623,11.91173,31.34560,28.71017
3484.28960,0.46833,-5.10327,83.03632,11.03977,11.89257,31.37650,28.72748
3484.29960,0.47909,-5.11154,83.07931,11.01723,11.89684,31.44165,28.72359
3484.30960,0.48252,-5.11129,83.09373,11.01723,11.90173,31.45560,28.71917
3484.31960,0.45523,-5.13037,83.09060,10.96326,11.88530,31.45560,28.78644
3484.32960,0.45941,-5.14175,83.09393,10.93565,11.87234,31.49292,28.79301
3484.33960,0.47450,-5.14953,83.09930,10.91952,11.86159,31.54077,28.77742
3484.34960,0.47520,-5.15020,83.10321,10.91903,11.86073,31.54460,28.77885
3484.35960,0.46298,-5.15121,83.18673,10.93823,11.86073,31.54460,28.84317
3484.36960,0.46530,-5.14714,83.14998,10.93823,11.86550,31.53028,28.81597
3484.37960,0.47391,-5.14621,83.05627,10.93283,11.84859,31.50434,28.77051
3484.38960,0.47909,-5.14922,83.01073,10.92823,11.82973,31.49560,28.75717
3484.39960,0.46132,-5.15963,83.01505,10.88611,11.83513,31.50586,28.78795
3484.40960,0.44209,-5.16598,83.00269,10.85505,11.83973,31.49375,28.81417
3484.41960,0.43852,-5.16378,82.98873,10.85923,11.83973,31.47560,28.81417
3484.42960,0.44909,-5.16247,83.00974,10.86974,11.83973,31.49608,28.80419
3484.43960,0.45865,-5.16129,83.02873,10.87923,11.83973,31.51460,28.79517
3484.44960,0.48028,-5.17709,83.07564,10.87378,11.80045,31.58551,28.81590
3484.45960,0.48221,-5.18690,83.14042,10.86236,11.79378,31.63374,28.85054
3484.46960,0.45388,-5.18101,83.18573,10.85023,11.83973,31.61460,28.88117
3484.47960,0.45940,-5.17294,83.24709,10.88052,11.85565,31.62625,28.88467
3484.48960,0.46450,-5.17391,83.35722,10.90164,11.86107,31.67119,28.92332
3484.49960,0.45880,-5.19568,83.37873,10.85923,11.82973,31.71360,28.97617
3484.50960,0.45339,-5.19262,83.39914,10.85923,11.84646,31.71360,28.97985
3484.51960,0.44555,-5.18819,83.42873,10.85923,11.87073,31.71360,28.98517
3484.52960,0.44704,-5.18902,83.41212,10.85170,11.87073,31.71553,28.97416
3484.53960,0.44849,-5.19901,83.28373,10.79057,11.86039,31.71393,28.91884
3484.54960,0.43889,-5.21214,83.16573,10.73123,11.83973,31.69460,28.90017
3484.55960,0.44941,-5.20648,83.20134,10.76433,11.83695,31.69988,28.90017
3484.56960,0.47443,-5.19302,83.28610,10.84314,11.83032,31.71247,28.90017
3484.57960,0.46552,-5.21089,83.10473,10.78123,11.77773,31.66460,28.88117
3484.58960,0.46185,-5.21458,83.09032,10.76388,11.77773,31.66754,28.88117
3484.59960,0.45302,-5.22344,83.05573,10.72223,11.77773,31.67460,28.88117
3484.60960,0.45631,-5.22111,83.06482,10.73317,11.77773,31.67460,28.87932
3484.61960,0.46804,-5.21280,83.09727,10.77225,11.77773,31.67460,28.87270
3484.62960,0.45472,-5.21658,83.22173,10.76123,11.80873,31.72360,28.92817
3484.63960,0.45188,-5.21664,83.22976,10.75381,11.81812,31.72966,28.92817
3484.64960,0.44307,-5.21758,83.26961,10.72167,11.85761,31.76520,28.92513
3484.65960,0.48036,-5.22088,83.24273,10.77123,11.78873,31.77360,28.90917
3484.66960,0.48063,-5.22269,83.24364,10.76587,11.78773,31.77996,28.91008
3484.67960,0.48237,-5.23400,83.24932,10.73235,11.78148,31.81974,28.91576
3484.68960,0.48342,-5.24079,83.25273,10.71223,11.77773,31.84360,28.91917
3484.69960,0.44715,-5.26651,83.15935,10.62505,11.74589,31.81340,28.97501
3484.70960,0.49240,-5.25224,83.14073,10.71223,11.70573,31.80360,28.91917
3484.71960,0.49280,-5.25213,83.13685,10.71254,11.70479,31.80208,28.91745
3484.72960,0.50689,-5.24891,83.01206,10.72065,11.67473,31.75716,28.85952
3484.73960,0.53630,-5.25825,82.99573,10.68223,11.67473,31.84360,28.79517
3484.74960,0.53580,-5.25825,82.99786,10.68235,11.67520,31.84360,28.79671
3484.75960,0.51041,-5.25802,83.10422,10.68813,11.69890,31.84360,28.87359
3484.76960,0.49243,-5.25786,83.17973,10.69223,11.71573,31.84360,28.92817
3484.77960,0.49581,-5.25912,83.17836,10.68149,11.72151,31.86013,28.91522
3484.78960,0.50653,-5.26326,83.14896,10.65001,11.72996,31.89716,28.87183
3484.79960,0.51039,-5.26502,83.09473,10.64323,11.71573,31.88360,28.85217
3484.80960,0.48794,-5.25916,83.16396,10.63554,11.76342,31.88360,28.88140
3484.81960,0.51052,-5.27043,83.17929,10.67769,11.68428,31.89267,28.92465
3484.82960,0.51352,-5.27177,83.17873,10.68223,11.67473,31.89360,28.92817
3484.83960,0.50855,-5.26042,83.09186,10.65171,11.72325,31.87012,28.84678
3484.84960,0.50717,-5.25726,83.06773,10.64323,11.73673,31.86360,28.82417
3484.85960,0.50993,-5.26816,83.01345,10.61299,11.71269,31.87136,28.81642
3484.86960,0.49526,-5.27156,83.02399,10.63435,11.68179,31.82726,28.88059
3484.87960,0.49070,-5.27163,83.03173,10.64323,11.67473,31.81360,28.90017
3484.88960,0.49546,-5.25896,83.05358,10.67393,11.69606,31.80319,28.88040
3484.89960,0.47949,-5.25299,83.05035,10.66060,11.73023,31.78425,28.87527
3484.90960,0.45633,-5.25950,83.02373,10.61323,11.74673,31.77360,28.89017
3484.91960,0.48047,-5.25747,83.03549,10.64791,11.72263,31.79123,28.87372
3484.92960,0.49741,-5.25604,83.04373,10.67223,11.70573,31.80360,28.86217
3484.93960,0.49545,-5.25395,83.11496,10.67877,11.72598,31.82974,28.88047
3484.94960,0.48891,-5.23999,83.14823,10.70154,11.76311,31.81142,28.87215
3484.95960,0.48586,-5.23286,83.14573,10.71223,11.77773,31.79360,28.86217
3484.96960,0.48586,-5.23286,83.14573,10.71223,11.77773,31.79360,28.86217
3484.97960,0.46978,-5.22088,83.04763,10.72933,11.77773,31.69550,28.84507
3484.98960,0.49251,-5.23786,82.94673,10.71223,11.70573,31.70460,28.82417
3484.99960,0.49172,-5.23591,82.94957,10.71475,11.71108,31.70202,28.82172
3485.00960,0.48025,-5.20761,82.99073,10.75123,11.78873,31.66460,28.78617
3485.01960,0.47294,-5.21903,82.92488,10.72500,11.75553,31.64319,28.80116
3485.02960,0.46116,-5.24304,82.94045,10.67069,11.72673,31.68288,28.86015
3485.03960,0.45644,-5.25528,83.00373,10.64323,11.72673,31.73360,28.90017
3485.04960,0.46005,-5.24812,83.02519,10.67148,11.73030,31.72323,28.90017
3485.05960,0.46774,-5.23563,83.06845,10.72223,11.73673,31.70931,28.90017
3485.06960,0.49175,-5.24262,83.16273,10.72223,11.73673,31.80360,28.90017
3485.07960,0.47899,-5.23866,83.18698,10.71819,11.76178,31.79552,28.91149
3485.08960,0.46018,-5.23282,83.22273,10.71223,11.79873,31.78360,28.92817
3485.09960,0.46758,-5.23774,83.14116,10.69655,11.77441,31.77184,28.89837
3485.10960,0.47404,-5.24500,83.04219,10.68102,11.73673,31.74921,28.87524
3485.11960,0.46083,-5.24401,83.11444,10.70414,11.73673,31.73765,28.93593
3485.12960,0.45621,-5.24366,83.13973,10.71223,11.73673,31.73360,28.95717
3485.13960,0.44752,-5.24665,83.13382,10.68596,11.75052,31.74017,28.95717
3485.14960,0.45967,-5.23078,83.13886,10.73059,11.76511,31.72144,28.92172
3485.15960,0.46558,-5.22461,83.14173,10.75123,11.76773,31.71360,28.90917
3485.16960,0.47743,-5.22925,83.20094,10.77774,11.74033,31.74011,28.94275
3485.17960,0.47695,-5.23079,83.20339,10.77593,11.73718,31.74225,28.94803
3485.18960,0.43358,-5.25182,83.09294,10.66323,11.74336,31.71529,28.97106
3485.19960,0.43372,-5.25755,83.10873,10.66323,11.72673,31.72360,28.99517
3485.20960,0.43041,-5.25579,83.12430,10.66483,11.73575,31.72360,29.00013
3485.21960,0.41771,-5.24903,83.18416,10.67095,11.77044,31.72360,29.01917
3485.22960,0.45064,-5.26463,82.96673,10.68223,11.64373,31.66460,28.97617
3485.23960,0.44718,-5.26280,82.97807,10.68138,11.65429,31.66460,28.97779
3485.24960,0.42411,-5.25060,83.05364,10.67570,11.72475,31.66460,28.98859
3485.25960,0.41777,-5.24566,83.08971,10.67708,11.75108,31.66945,28.99210
3485.26960,0.46055,-5.25348,83.05019,10.71385,11.67516,31.69460,28.96658
3485.27960,0.47408,-5.22815,83.11173,10.77123,11.72673,31.69460,28.91917
3485.28960,0.46967,-5.22743,83.13093,10.76973,11.73603,31.69745,28.92772
3485.29960,0.44400,-5.22318,83.23681,10.76123,11.78873,31.71068,28.97617
3485.30960,0.43904,-5.22173,83.21735,10.76123,11.78873,31.69122,28.97617
3485.31960,0.43807,-5.22165,83.21179,10.76123,11.78751,31.68652,28.97653
3485.32960,0.45568,-5.23174,83.23773,10.76123,11.75773,31.73360,28.98517
3485.33960,0.45568,-5.23174,83.23773,10.76123,11.75773,31.73360,28.98517
3485.34960,0.43823,-5.21403,83.27134,10.79320,11.79953,31.68524,28.99337
3485.35960,0.44782,-5.20015,83.28145,10.81837,11.82777,31.68367,28.95164
3485.36960,0.44920,-5.19913,83.28173,10.82023,11.82973,31.68460,28.94717
3485.37960,0.43969,-5.19761,83.22755,10.81105,11.82973,31.64787,28.93891
3485.38960,0.44938,-5.21156,83.07982,10.78433,11.76542,31.61780,28.91227
3485.39960,0.45064,-5.21325,83.06273,10.78123,11.75773,31.61460,28.90917
3485.40960,0.43163,-5.20458,83.01551,10.77518,11.78255,31.56011,28.89767
3485.41960,0.41924,-5.19892,82.98473,10.77123,11.79873,31.52460,28.89017
3485.42960,0.46943,-5.18611,82.97843,10.84845,11.76642,31.54036,28.82320
3485.43960,0.48203,-5.20386,83.02757,10.83873,11.72488,31.59935,28.86462
3485.44960,0.48178,-5.20976,83.04173,10.83023,11.71573,31.61460,28.88117
3485.45960,0.47030,-5.19239,83.15984,10.85292,11.78847,31.63024,28.88821
3485.46960,0.47845,-5.20429,83.18249,10.85214,11.75200,31.65824,28.92011
3485.47960,0.48150,-5.20880,83.17973,10.85023,11.73673,31.66460,28.92817
3485.48960,0.48088,-5.20858,83.17801,10.84964,11.73765,31.66311,28.92761
3485.49960,0.46048,-5.20146,83.12173,10.83023,11.76773,31.61460,28.90917
3485.50960,0.45993,-5.20160,83.12262,10.82934,11.76835,31.61490,28.91003
3485.51960,0.44201,-5.20627,83.15269,10.79977,11.78905,31.62540,28.93848
3485.52960,0.43800,-5.21182,83.20069,10.77657,11.80505,31.66540,28.95368
3485.53960,0.43708,-5.21310,83.21173,10.77123,11.80873,31.67460,28.95717
3485.54960,0.41926,-5.21316,83.30243,10.76707,11.83725,31.69074,29.00737
3485.55960,0.42120,-5.21346,83.36773,10.77123,11.84973,31.72360,29.02317
3485.56960,0.42012,-5.21847,83.27952,10.74504,11.83369,31.70275,28.99804
3485.57960,0.41918,-5.22284,83.20273,10.72223,11.81973,31.68460,28.97617
3485.58960,0.42217,-5.22162,83.22217,10.74869,11.80299,31.67380,28.99669
3485.59960,0.43215,-5.22466,83.26085,10.77123,11.77982,31.69016,29.01963
3485.60960,0.44590,-5.23221,83.30181,10.77123,11.76333,31.73750,29.02974
3485.61960,0.45057,-5.23477,83.31573,10.77123,11.75773,31.75360,29.03317
3485.62960,0.42686,-5.22350,83.17195,10.71929,11.81193,31.68660,28.95413
3485.63960,0.43937,-5.23159,83.32073,10.72223,11.81973,31.78360,28.99517
3485.64960,0.43543,-5.22874,83.27932,10.73002,11.81112,31.74711,28.99107
3485.65960,0.42976,-5.22465,83.21973,10.74123,11.79873,31.69460,28.98517
3485.66960,0.42976,-5.22465,83.21973,10.74123,11.79873,31.69460,28.98517
3485.67960,0.44549,-5.25836,83.27946,10.68914,11.74386,31.80741,29.03905
3485.68960,0.46843,-5.24914,83.32873,10.71223,11.76773,31.85360,28.99517
3485.69960,0.46302,-5.25406,83.31347,10.69587,11.76203,31.85176,29.00382
3485.70960,0.44245,-5.27228,83.28335,10.63472,11.74850,31.85796,29.04217
3485.71960,0.45102,-5.26335,83.37673,10.66323,11.77773,31.89360,29.04217
3485.72960,0.45386,-5.26442,83.37637,10.66487,11.77209,31.89724,29.04217
3485.73960,0.46661,-5.26922,83.37473,10.67223,11.74673,31.91360,29.04217
3485.74960,0.46555,-5.26826,83.34883,10.66469,11.75079,31.90587,29.02748
3485.75960,0.46189,-5.26497,83.25949,10.63869,11.76479,31.87920,28.97681
3485.76960,0.44960,-5.29930,83.30373,10.57423,11.71573,31.94260,29.07117
3485.77960,0.45103,-5.29778,83.30936,10.58131,11.71573,31.94116,29.07117
3485.78960,0.45928,-5.28995,83.31400,10.62153,11.70536,31.91917,29.06794
3485.79960,0.45811,-5.29580,83.17373,10.61323,11.65473,31.85360,29.05217
3485.80960,0.45917,-5.29611,83.17923,10.60370,11.66459,31.86798,29.04296
3485.81960,0.46469,-5.29774,83.20773,10.55423,11.71573,31.94260,28.99517
3485.82960,0.46675,-5.29726,83.21845,10.56367,11.71093,31.94260,29.00125
3485.83960,0.47592,-5.29386,83.27064,10.61060,11.69036,31.93996,29.02972
3485.84960,0.46557,-5.28856,83.24507,10.59412,11.71934,31.92349,29.00813
3485.85960,0.45936,-5.28538,83.22973,10.58423,11.73673,31.91360,28.99517
3485.86960,0.46327,-5.28503,83.26775,10.59968,11.73277,31.92509,29.01022
3485.87960,0.46922,-5.28449,83.32573,10.62323,11.72673,31.94260,29.03317
3485.88960,0.45401,-5.29376,83.31818,10.61499,11.69909,31.91772,29.08638
3485.89960,0.44986,-5.29219,83.20673,10.57423,11.71573,31.89360,29.02317
3485.90960,0.44766,-5.29173,83.21142,10.57331,11.71959,31.89268,29.02584
3485.91960,0.43390,-5.28884,83.24073,10.56757,11.74373,31.88693,29.04251
3485.92960,0.43222,-5.30214,83.19673,10.53523,11.71573,31.89360,29.05217
3485.93960,0.43089,-5.30225,83.19835,10.53454,11.71645,31.89257,29.05479
3485.94960,0.39374,-5.30531,83.24373,10.51523,11.73673,31.86360,29.12817
3485.95960,0.39374,-5.30531,83.24373,10.51523,11.73673,31.86360,29.12817
3485.96960,0.41091,-5.31294,83.40678,10.57938,11.68825,31.91553,29.22362
3485.97960,0.38155,-5.32522,83.40773,10.48623,11.73673,31.95260,29.23217
3485.98960,0.38131,-5.32490,83.40932,10.48699,11.73756,31.95220,29.23257
3485.99960,0.37502,-5.31814,83.45022,10.50405,11.75615,31.94381,29.24620
3486.00960,0.35455,-5.34802,83.52973,10.46623,11.70573,31.98260,29.37517
3486.01960,0.35557,-5.34771,83.53289,10.46819,11.70573,31.98420,29.37477
3486.02960,0.37985,-5.34037,83.60873,10.51523,11.70573,32.02260,29.36517
3486.03960,0.37939,-5.34046,83.60999,10.51523,11.70573,32.02233,29.36669
3486.04960,0.36768,-5.34273,83.64132,10.51523,11.70573,32.01567,29.40469
3486.05960,0.33606,-5.35389,83.67288,10.46466,11.72373,32.02117,29.46332
3486.06960,0.33168,-5.35558,83.67573,10.45623,11.72673,32.02260,29.47017
3486.07960,0.32618,-5.34441,83.80545,10.47463,11.78377,32.05940,29.48765
3486.08960,0.32570,-5.34344,83.81673,10.47623,11.78873,32.06260,29.48917
3486.09960,0.31311,-5.35133,83.88108,10.52127,11.73174,32.02583,29.60223
3486.10960,0.30455,-5.35513,83.93319,10.49791,11.75496,32.05904,29.62128
3486.11960,0.30382,-5.35543,83.93773,10.49523,11.75773,32.06260,29.62217
3486.12960,0.29667,-5.36393,83.80466,10.48784,11.69858,31.98867,29.62957
3486.13960,0.26942,-5.36541,83.94573,10.47714,11.74118,32.01805,29.70936
3486.14960,0.26686,-5.36538,83.96273,10.47623,11.74673,32.02260,29.71717
3486.15960,0.26823,-5.36363,84.07743,10.49402,11.76574,32.06553,29.75213
3486.16960,0.26910,-5.36253,84.14973,10.50523,11.77773,32.09260,29.77417
3486.17960,0.24657,-5.36160,84.18104,10.51082,11.78388,32.05906,29.82728
3486.18960,0.22591,-5.35494,84.34203,10.55525,11.80671,32.05580,29.92427
3486.19960,0.22381,-5.35066,84.44073,10.58423,11.81973,32.07260,29.96417
3486.20960,0.21383,-5.34591,84.46364,10.58423,11.84343,32.06470,29.97128
3486.21960,0.18702,-5.35662,84.53685,10.54998,11.85742,32.08357,30.04588
3486.22960,0.17663,-5.36176,84.56573,10.53523,11.86073,32.09260,30.07717
3486.23960,0.17689,-5.33329,84.44440,10.57457,11.89473,31.99260,29.98251
3486.24960,0.15426,-5.32704,84.44543,10.58760,11.90509,31.93597,30.01677
3486.25960,0.14273,-5.33111,84.47673,10.58423,11.90173,31.93260,30.05817
3486.26960,0.16077,-5.32204,84.41997,10.61657,11.88787,31.90686,30.00867
3486.27960,0.17007,-5.31736,84.39073,10.63323,11.88073,31.89360,29.98317
3486.28960,0.15619,-5.31503,84.40720,10.61447,11.91250,31.89360,29.98662
3486.29960,0.13549,-5.31156,84.43177,10.58647,11.95993,31.89360,29.99176
3486.30960,0.16942,-5.29110,84.58773,10.73123,11.93273,31.89360,30.03017
3486.31960,0.16374,-5.28695,84.56156,10.73123,11.94109,31.86931,30.01992
3486.32960,0.14835,-5.27572,84.49073,10.73123,11.96373,31.80360,29.99217
3486.33960,0.14394,-5.26715,84.45370,10.74757,11.96917,31.76004,29.97693
3486.34960,0.12240,-5.25365,84.41787,10.76123,11.99587,31.68634,29.97443
3486.35960,0.10719,-5.24825,84.41373,10.76123,12.01473,31.65460,29.98317
3486.36960,0.10607,-5.24321,84.42453,10.77527,12.02229,31.64380,29.98317
3486.37960,0.10694,-5.23106,84.44615,10.81401,12.03439,31.61762,29.98013
3486.38960,0.14913,-5.18412,84.48173,11.01723,12.01473,31.51460,29.93517
3486.39960,0.13493,-5.18278,84.54515,11.00043,12.05379,31.53560,29.95533
3486.40960,0.11535,-5.18093,84.63273,10.97723,12.10773,31.56460,29.98317
3486.41960,0.12177,-5.17128,84.66379,11.03024,12.09903,31.53975,29.99477
3486.42960,0.13799,-5.14966,84.73755,11.13421,12.09555,31.50460,30.00319
3486.43960,0.14784,-5.13866,84.77873,11.17423,12.10773,31.50460,29.99217
3486.44960,0.14784,-5.13866,84.77873,11.17423,12.10773,31.50460,29.99217
3486.45960,0.12818,-5.09623,85.00862,11.28166,12.22161,31.47430,30.03105
3486.46960,0.15553,-5.06348,85.17973,11.40023,12.27273,31.49560,30.01117
3486.47960,0.15199,-5.04667,85.22191,11.44122,12.30629,31.46887,30.00553
3486.48960,0.14360,-5.00695,85.32173,11.53823,12.38573,31.40560,29.99217
3486.49960,0.14582,-4.99910,85.31763,11.55594,12.39625,31.39020,29.97524
3486.50960,0.15311,-4.96670,85.32379,11.63210,12.44304,31.33150,29.91714
3486.51960,0.15763,-4.91552,85.41973,11.76423,12.52973,31.25660,29.86917
3486.52960,0.16323,-4.90735,85.44472,11.78446,12.54724,31.26000,29.85302
3486.53960,0.19277,-4.85247,85.59989,11.91959,12.66235,31.26145,29.75650
3486.54960,0.20395,-4.77830,85.76373,12.09923,12.80873,31.18660,29.66917
3486.55960,0.20395,-4.77830,85.76373,12.09923,12.80873,31.18660,29.66917
3486.56960,0.20738,-4.72310,85.80577,12.21213,12.91579,31.10170,29.57615
3486.57960,0.22676,-4.67142,85.72973,12.30623,12.99373,31.00760,29.42217
3486.58960,0.22627,-4.66893,85.73457,12.31291,12.99785,31.00240,29.42141
3486.59960,0.21459,-4.60920,85.85073,12.47323,13.09673,30.87760,29.40317
3486.60960,0.21499,-4.60860,85.85292,12.47448,13.09838,30.87824,29.40181
3486.61960,0.22828,-4.58867,85.92564,12.51620,13.15346,30.89963,29.35636
3486.62960,0.26763,-4.52921,86.14873,12.68923,13.27173,30.91760,29.27017
3486.63960,0.26924,-4.52798,86.15162,12.69351,13.27295,30.91800,29.26716
3486.64960,0.30833,-4.49827,86.22173,12.79723,13.30273,30.92760,29.19417
3486.65960,0.30833,-4.49827,86.22173,12.79723,13.30273,30.92760,29.19417
3486.66960,0.31349,-4.47237,86.30254,12.86587,13.35660,30.91022,29.16985
3486.67960,0.32478,-4.46170,86.35927,12.90511,13.37500,30.92228,29.15688
3486.68960,0.33574,-4.45465,86.40573,12.93523,13.38573,30.93760,29.14717
3486.69960,0.34627,-4.42892,86.34678,12.99686,13.40359,30.86704,29.07929
3486.70960,0.37486,-4.42059,86.48165,13.06758,13.40573,30.92194,29.08641
3486.71960,0.38160,-4.41929,86.51673,13.08323,13.40573,30.93760,29.09017
3486.72960,0.38976,-4.40923,86.48359,13.10552,13.41144,30.91474,29.05189
3486.73960,0.40037,-4.35799,86.37817,13.22235,13.45640,30.76541,28.93401
3486.74960,0.40162,-4.34581,86.35573,13.25023,13.46773,30.72860,28.90917
3486.75960,0.39622,-4.35076,86.16332,13.19626,13.44348,30.67385,28.84973
3486.76960,0.39472,-4.35214,86.10973,13.18123,13.43673,30.65860,28.83317
3486.77960,0.41380,-4.33963,86.08948,13.22220,13.43673,30.64525,28.78530
3486.78960,0.44463,-4.34019,85.95595,13.21207,13.40340,30.64855,28.69193
3486.79960,0.44913,-4.34828,85.89773,13.18123,13.38573,30.65860,28.67217
3486.80960,0.44939,-4.33928,85.90620,13.20035,13.40315,30.64433,28.65838
3486.81960,0.46042,-4.31341,85.94386,13.24963,13.46303,30.63617,28.59503
3486.82960,0.46949,-4.31547,85.95373,13.24023,13.46773,30.66860,28.57717
3486.83960,0.47565,-4.31364,85.77337,13.22457,13.43425,30.60434,28.51021
3486.84960,0.48093,-4.31207,85.61973,13.21123,13.40573,30.54960,28.45317
3486.85960,0.49189,-4.31172,85.62954,13.23247,13.38885,30.55505,28.45317
3486.86960,0.50276,-4.31544,85.65194,13.23958,13.37473,30.58092,28.45673
3486.87960,0.50587,-4.32272,85.67773,13.22023,13.37473,30.61960,28.46317
3486.88960,0.50235,-4.32331,85.65567,13.21249,13.37341,30.60909,28.46068
3486.89960,0.47973,-4.32575,85.51327,13.16445,13.36811,30.53960,28.44112
3486.90960,0.48345,-4.31811,85.53173,13.18123,13.38573,30.53960,28.42517
3486.91960,0.48421,-4.31579,85.50373,13.17963,13.38733,30.52840,28.40837
3486.92960,0.48824,-4.30359,85.35673,13.17123,13.39573,30.46960,28.32017
3486.93960,0.48846,-4.30543,85.28152,13.15222,13.38443,30.45059,28.29428
3486.94960,0.47847,-4.31021,85.04706,13.08546,13.36041,30.37785,28.22333
3486.95960,0.45182,-4.30999,84.95473,13.04323,13.37473,30.32060,28.21617
3486.96960,0.45019,-4.30419,84.92235,13.04886,13.38064,30.29526,28.19759
3486.97960,0.44112,-4.28747,84.83987,13.06323,13.40282,30.22101,28.15282
3486.98960,0.42215,-4.28019,84.84041,13.06323,13.43009,30.18411,28.16298
3486.99960,0.40457,-4.27623,84.82269,13.05289,13.44965,30.15099,28.16917
3487.00960,0.38792,-4.27756,84.77273,13.02423,13.45773,30.12160,28.16917
3487.01960,0.38720,-4.27249,84.75087,13.03627,13.45773,30.09704,28.15984
3487.02960,0.37983,-4.25436,84.69535,13.06903,13.47495,30.02160,28.12977
3487.03960,0.34810,-4.23886,84.76673,13.04323,13.58073,30.02160,28.12117
3487.04960,0.34404,-4.23655,84.74837,13.04457,13.58220,30.00297,28.11863
3487.05960,0.31729,-4.22304,84.61300,13.04811,13.58629,29.87842,28.10019
3487.06960,0.31467,-4.23197,84.50843,13.01608,13.55230,29.85227,28.08777
3487.07960,0.31370,-4.23528,84.46973,13.00423,13.53973,29.84260,28.08317
3487.08960,0.27918,-4.18806,84.52373,13.08323,13.65273,29.72360,28.06417
3487.09960,0.27871,-4.18824,84.52022,13.08114,13.65306,29.72299,28.06302
3487.10960,0.26356,-4.19434,84.40184,13.01266,13.66151,29.70200,28.02567
3487.11960,0.26111,-4.20736,84.25451,12.97333,13.60618,29.66200,28.01300
3487.12960,0.25998,-4.21336,84.18673,12.95523,13.58073,29.64360,28.00717
3487.13960,0.26217,-4.21357,84.16034,12.94613,13.58073,29.64360,27.98988
3487.14960,0.23747,-4.22418,84.11132,12.90974,13.56253,29.60720,28.03185
3487.15960,0.23500,-4.22523,84.10673,12.90623,13.56073,29.60360,28.03617
3487.16960,0.20811,-4.24066,84.03545,12.82693,13.56073,29.59469,28.05310
3487.17960,0.20482,-4.24255,84.02673,12.81723,13.56073,29.59360,28.05517
3487.18960,0.20109,-4.25865,84.10156,12.79389,13.54816,29.64748,28.11204
3487.19960,0.17926,-4.27843,84.11008,12.75220,13.51955,29.65106,28.18727
3487.20960,0.16888,-4.28326,84.08773,12.73823,13.50873,29.63360,28.20717
3487.21960,0.17169,-4.30717,84.15558,12.68639,13.49348,29.72509,28.25063
3487.22960,0.16186,-4.34239,84.10133,12.60551,13.42757,29.75954,28.30870
3487.23960,0.15453,-4.36142,84.04973,12.56123,13.38573,29.76360,28.33917
3487.24960,0.13570,-4.36199,84.03479,12.53957,13.40067,29.74119,28.35337
3487.25960,0.12932,-4.36219,84.02973,12.53223,13.40573,29.73360,28.35817
3487.26960,0.11136,-4.38790,83.99021,12.47751,13.35354,29.73360,28.42556
3487.27960,0.11062,-4.42422,83.87089,12.40392,13.25682,29.74579,28.46436
3487.28960,0.13518,-4.44073,83.75273,12.37423,13.18973,29.76360,28.42517
3487.29960,0.11725,-4.45085,83.70677,12.32959,13.18316,29.75047,28.44356
3487.30960,0.07742,-4.48589,83.66073,12.21047,13.15967,29.76948,28.52111
3487.31960,0.06081,-4.50212,83.64873,12.15823,13.14873,29.78360,28.55817
3487.32960,0.06081,-4.50212,83.64873,12.15823,13.14873,29.78360,28.55817
3487.33960,0.07211,-4.52977,83.44773,12.08923,13.05573,29.77360,28.52917
3487.34960,0.07226,-4.53032,83.44796,12.08844,13.05459,29.77480,28.53013
3487.35960,0.08763,-4.58447,83.47367,12.01121,12.94130,29.89456,28.62660
3487.36960,0.11254,-4.60667,83.67073,12.06023,12.86973,29.99260,28.74817
3487.37960,0.11096,-4.60752,83.67145,12.05519,12.87184,29.99495,28.74947
3487.38960,0.07033,-4.63853,83.69996,11.91223,12.90947,30.07370,28.80456
3487.39960,0.08325,-4.65960,83.72573,11.91223,12.83973,30.11160,28.86217
3487.40960,0.08318,-4.66149,83.72361,11.90855,12.83585,30.11410,28.86511
3487.41960,0.08225,-4.68983,83.69173,11.85323,12.77773,30.15160,28.90917
3487.42960,0.06491,-4.69834,83.70274,11.82524,12.77773,30.15160,28.94817
3487.43960,0.02593,-4.71766,83.72484,11.76268,12.77583,30.14988,29.03645
3487.44960,0.02015,-4.72144,83.71573,11.75523,12.76673,30.14160,29.05217
3487.45960,0.02110,-4.72874,83.56480,11.72442,12.72656,30.09870,29.01512
3487.46960,0.00662,-4.74895,83.37601,11.63369,12.68815,30.06705,28.98711
3487.47960,-0.01792,-4.76236,83.44873,11.56823,12.72573,30.12160,29.03317
3487.48960,-0.01136,-4.77287,83.38321,11.55617,12.68031,30.11356,29.03317
3487.49960,-0.00158,-4.78852,83.28573,11.53823,12.61273,30.10160,29.03317
3487.50960,-0.02082,-4.79294,83.34539,11.51581,12.63629,30.11680,29.07649
3487.51960,-0.04572,-4.80448,83.46580,11.47923,12.66550,30.16554,29.15552
3487.52960,-0.02875,-4.81590,83.52649,11.47923,12.64122,30.22855,29.17749
3487.53960,-0.02282,-4.81990,83.54773,11.47923,12.63273,30.25060,29.18517
3487.54960,-0.04621,-4.83991,83.62482,11.43550,12.62531,30.28766,29.27634
3487.55960,-0.00733,-4.87274,83.70243,11.42023,12.54239,30.41682,29.32299
3487.56960,0.00468,-4.88283,83.71440,11.41664,12.51236,30.44960,29.33580
3487.57960,-0.00105,-4.89563,83.70373,11.40023,12.47873,30.44960,29.37517
3487.58960,-0.00105,-4.89563,83.70373,11.40023,12.47873,30.44960,29.37517
3487.59960,-0.00562,-4.92330,83.70131,11.29324,12.48345,30.54655,29.37807
3487.60960,-0.03391,-4.92786,83.67673,11.24323,12.50973,30.52960,29.39417
3487.61960,-0.03391,-4.92786,83.67673,11.24323,12.50973,30.52960,29.39417
3487.62960,-0.01459,-4.96388,83.56285,11.18250,12.40611,30.57078,29.40347
3487.63960,-0.01660,-4.98283,83.53373,11.12523,12.38573,30.60960,29.41317
3487.64960,-0.01652,-4.98316,83.53263,11.12424,12.38521,30.61020,29.41298
3487.65960,-0.00893,-5.01523,83.42767,11.02723,12.33535,30.66940,29.39569
3487.66960,-0.02595,-5.01797,83.57162,11.02712,12.36573,30.70860,29.47017
3487.67960,-0.02742,-5.01908,83.56597,11.02147,12.36573,30.70860,29.47017
3487.68960,-0.02289,-5.03348,83.51762,10.97959,12.34131,30.73507,29.46164
3487.69960,-0.00936,-5.06611,83.41173,10.88923,12.28273,30.79860,29.44117
3487.70960,0.00861,-5.06584,83.48744,10.92548,12.26850,30.83485,29.45861
3487.71960,0.01661,-5.08000,83.59652,10.92600,12.24638,30.90433,29.51981
3487.72960,0.00516,-5.09259,83.61373,10.88923,12.24173,30.92760,29.55517
3487.73960,0.00908,-5.09762,83.56838,10.87412,12.22585,30.92760,29.54081
3487.74960,-0.00725,-5.10437,83.62167,10.86923,12.22073,30.92760,29.60411
3487.75960,-0.02308,-5.13726,83.61639,10.73727,12.23060,31.02635,29.62217
3487.76960,0.01417,-5.13785,83.62096,10.75762,12.20934,31.08021,29.57378
3487.77960,0.02898,-5.13670,83.62373,10.77123,12.20073,31.09660,29.55517
3487.78960,0.02941,-5.15147,83.49023,10.72698,12.15423,31.07485,29.53417
3487.79960,0.03140,-5.16554,83.45282,10.68072,12.13873,31.10621,29.52717
3487.80960,0.03189,-5.16800,83.45473,10.67223,12.13873,31.11660,29.52717
3487.81960,0.06127,-5.15623,83.43240,10.73306,12.11486,31.10120,29.48328
3487.82960,0.07005,-5.15272,83.42573,10.75123,12.10773,31.09660,29.47017
3487.83960,0.10195,-5.17608,83.54467,10.72169,12.08424,31.24736,29.49139
3487.84960,0.10080,-5.19573,83.49045,10.66648,12.05269,31.27311,29.49817
3487.85960,0.09751,-5.19927,83.46373,10.65323,12.04573,31.26660,29.49817
3487.86960,0.10062,-5.20427,83.46802,10.63609,12.04573,31.29189,29.49432
3487.87960,0.12810,-5.20890,83.56295,10.65137,12.03926,31.37732,29.49499
3487.88960,0.14084,-5.20779,83.61173,10.67223,12.03573,31.40560,29.49817
3487.89960,0.14389,-5.20902,83.51045,10.64675,12.02919,31.38600,29.44851
3487.90960,0.14552,-5.20968,83.45673,10.63323,12.02573,31.37560,29.42217
3487.91960,0.14316,-5.21773,83.46574,10.64610,11.98583,31.36273,29.47108
3487.92960,0.17130,-5.21282,83.48641,10.67870,11.97679,31.39478,29.43613
3487.93960,0.18694,-5.20785,83.49473,10.69223,11.98373,31.41560,29.40317
3487.94960,0.18887,-5.20611,83.52217,10.69993,11.98985,31.42547,29.40692
3487.95960,0.20020,-5.20632,83.56859,10.70509,11.99656,31.46560,29.40134
3487.96960,0.20459,-5.21545,83.48673,10.67223,11.97373,31.46560,29.37517
3487.97960,0.22571,-5.21245,83.42691,10.67223,11.96848,31.47610,29.31010
3487.98960,0.24486,-5.20973,83.37273,10.67223,11.96373,31.48560,29.25117
3487.99960,0.26027,-5.21662,83.32446,10.68273,11.91492,31.48035,29.24645
3488.00960,0.27733,-5.21685,83.32996,10.70263,11.89569,31.49605,29.23559
3488.01960,0.28312,-5.20551,83.42273,10.72223,11.94273,31.53460,29.22317
3488.02960,0.29828,-5.20877,83.44937,10.73359,11.92666,31.56594,29.22317
3488.03960,0.32409,-5.21851,83.43526,10.73556,11.88525,31.60656,29.20790
3488.04960,0.32751,-5.22548,83.35273,10.71223,11.86073,31.59460,29.18517
3488.05960,0.32751,-5.22548,83.35273,10.71223,11.86073,31.59460,29.18517
3488.06960,0.33751,-5.21875,83.39495,10.72202,11.88698,31.62549,29.16046
3488.07960,0.34691,-5.21242,83.43473,10.73123,11.91173,31.65460,29.13717
3488.08960,0.35893,-5.20671,83.35788,10.74183,11.90113,31.62810,29.08682
3488.09960,0.36725,-5.20989,83.24908,10.72087,11.88092,31.60975,29.03754
3488.10960,0.36502,-5.21768,83.21073,10.69223,11.87073,31.61460,29.03317
3488.11960,0.37541,-5.21210,83.15062,10.71193,11.85507,31.58429,28.99933
3488.12960,0.42297,-5.18906,83.22373,10.80023,11.87073,31.62460,28.92817
3488.13960,0.42883,-5.19020,83.23830,10.80957,11.86120,31.63394,28.93359
3488.14960,0.45429,-5.19515,83.30173,10.85023,11.81973,31.67460,28.95717
3488.15960,0.45348,-5.19624,83.32182,10.84876,11.82268,31.68479,28.96559
3488.16960,0.45041,-5.20043,83.39910,10.84307,11.83404,31.72400,28.99798
3488.17960,0.44168,-5.19848,83.44450,10.82982,11.86681,31.74360,29.00428
3488.18960,0.43505,-5.19475,83.45073,10.82023,11.89173,31.74360,28.99517
3488.19960,0.43922,-5.18214,83.41309,10.83788,11.90996,31.71478,28.95047
3488.20960,0.44193,-5.16624,83.32873,10.84023,11.94273,31.67460,28.87117
3488.21960,0.44566,-5.16740,83.31742,10.84165,11.93396,31.67460,28.86721
3488.22960,0.46836,-5.17449,83.24873,10.85023,11.88073,31.67460,28.84317
3488.23960,0.46822,-5.17252,83.25624,10.85289,11.88731,31.67552,28.84052
3488.24960,0.46724,-5.15846,83.30983,10.87184,11.93437,31.68205,28.82157
3488.25960,0.45615,-5.14365,83.38873,10.91823,11.96373,31.65460,28.85217
3488.26960,0.45599,-5.14372,83.38508,10.91669,11.96404,31.65397,28.85038
3488.27960,0.45199,-5.14526,83.29374,10.87811,11.97192,31.63822,28.80550
3488.28960,0.50445,-5.15960,83.15856,10.87808,11.88257,31.67000,28.72791
3488.29960,0.51167,-5.16136,83.14961,10.88012,11.87165,31.67724,28.72060
3488.30960,0.52057,-5.15955,83.34173,10.90923,11.90173,31.76360,28.76717
3488.31960,0.52147,-5.15919,83.34257,10.91059,11.90193,31.76440,28.76565
3488.32960,0.56451,-5.14129,83.38430,10.97685,11.91255,31.80239,28.69251
3488.33960,0.51702,-5.13745,83.41173,10.95823,11.95273,31.74360,28.75717
3488.34960,0.51702,-5.13745,83.41173,10.95823,11.95273,31.74360,28.75717
3488.35960,0.54981,-5.13372,83.47778,10.99819,11.94457,31.80068,28.73434
3488.36960,0.54809,-5.14197,83.46017,10.94651,11.96121,31.84000,28.71245
3488.37960,0.54684,-5.14321,83.45573,10.93823,11.96373,31.84360,28.71017
3488.38960,0.54043,-5.14146,83.46210,10.96551,11.94464,31.80724,28.74472
3488.39960,0.53979,-5.14128,83.46273,10.96823,11.94273,31.80360,28.74817
3488.40960,0.53901,-5.16325,83.25434,10.89634,11.87721,31.76720,28.71359
3488.41960,0.55205,-5.15715,83.25453,10.93031,11.86553,31.75840,28.70029
3488.42960,0.56415,-5.14953,83.27373,10.96823,11.86073,31.75360,28.69117
3488.43960,0.55952,-5.14744,83.26844,10.96382,11.87131,31.74639,28.68691
3488.44960,0.53129,-5.13629,83.25801,10.93065,11.94232,31.71992,28.66511
3488.45960,0.52378,-5.14161,83.36873,10.88923,11.99473,31.80360,28.68117
3488.46960,0.52098,-5.13934,83.36760,10.90316,11.98876,31.78370,28.69198
3488.47960,0.51393,-5.13365,83.36473,10.93823,11.97373,31.73360,28.71917
3488.48960,0.51687,-5.14297,83.36447,10.91749,11.96033,31.75986,28.72679
3488.49960,0.51399,-5.16052,83.38905,10.87189,11.94846,31.81251,28.75619
3488.50960,0.49878,-5.14874,83.42373,10.88923,11.98373,31.78360,28.76717
3488.51960,0.51773,-5.15994,83.37819,10.86943,11.95007,31.81660,28.74209
3488.52960,0.50965,-5.16754,83.41418,10.85093,11.95065,31.83797,28.77463
3488.53960,0.48671,-5.16987,83.49073,10.84023,11.97373,31.84360,28.83317
3488.54960,0.49808,-5.16466,83.41513,10.87209,11.94025,31.79500,28.80779
3488.55960,0.50779,-5.16022,83.35073,10.89923,11.91173,31.75360,28.78617
3488.56960,0.50346,-5.16160,83.42909,10.89394,11.93343,31.79066,28.81106
3488.57960,0.48360,-5.16372,83.52488,10.87764,11.96818,31.81766,28.86140
3488.58960,0.45282,-5.16544,83.57517,10.85536,11.99789,31.80623,28.91569
3488.59960,0.44448,-5.16860,83.46176,10.84632,11.96438,31.74131,28.90976
3488.60960,0.42564,-5.17603,83.28438,10.80816,11.92689,31.65272,28.89660
3488.61960,0.40097,-5.18061,83.30873,10.76123,11.96373,31.66460,28.91917
3488.62960,0.41811,-5.17705,83.32667,10.79945,11.94345,31.66850,28.91527
3488.63960,0.44491,-5.17146,83.35473,10.85923,11.91173,31.67460,28.90917
3488.64960,0.44491,-5.17146,83.35473,10.85923,11.91173,31.67460,28.90917
3488.65960,0.42962,-5.19148,83.34736,10.78953,11.90624,31.71113,28.94047
3488.66960,0.40270,-5.20567,83.38073,10.76123,11.89173,31.70460,29.02317
3488.67960,0.39919,-5.19981,83.38039,10.76123,11.91307,31.69766,29.00842
3488.68960,0.38246,-5.17189,83.37873,10.76123,12.01473,31.66460,28.93817
3488.69960,0.35859,-5.19467,83.31373,10.72223,11.95273,31.62460,29.01417
3488.70960,0.36575,-5.18938,83.29105,10.74687,11.94125,31.60220,29.00073
3488.71960,0.38417,-5.17576,83.23273,10.81023,11.91173,31.54460,28.96617
3488.72960,0.37001,-5.17996,83.20435,10.78158,11.91730,31.53160,28.97387
3488.73960,0.34310,-5.19097,83.16703,10.72458,11.92396,31.51794,29.00055
3488.74960,0.37437,-5.18935,83.27173,10.78123,11.90173,31.57460,29.01417
3488.75960,0.37089,-5.18849,83.24091,10.76827,11.90943,31.56520,28.99801
3488.76960,0.35845,-5.18542,83.13085,10.72196,11.93695,31.53165,28.94029
3488.77960,0.38300,-5.16940,83.37473,10.81023,11.97373,31.61460,28.97617
3488.78960,0.38300,-5.16940,83.37473,10.81023,11.97373,31.61460,28.97617
3488.79960,0.36651,-5.17071,83.35102,10.78250,11.99021,31.59852,28.97979
3488.80960,0.34195,-5.17265,83.31573,10.74123,12.01473,31.57460,28.98517
3488.81960,0.34076,-5.17064,83.33693,10.74971,12.01939,31.57460,28.99323
3488.82960,0.33493,-5.15713,83.36190,10.77994,12.04539,31.54582,28.99074
3488.83960,0.33035,-5.14543,83.35773,10.80023,12.06673,31.51460,28.97617
3488.84960,0.33687,-5.14196,83.35838,10.81310,12.06673,31.51460,28.96395
3488.85960,0.33536,-5.13286,83.36382,10.86314,12.05145,31.46442,28.98481
3488.86960,0.33344,-5.13017,83.36573,10.87923,12.04573,31.44560,28.99517
3488.87960,0.32832,-5.12866,83.34573,10.86923,12.05573,31.43560,28.98517
3488.88960,0.32832,-5.12866,83.34573,10.86923,12.05573,31.43560,28.98517
3488.89960,0.32930,-5.12197,83.31997,10.86923,12.07309,31.42440,28.95325
3488.90960,0.32554,-5.10970,83.33266,10.91284,12.07783,31.38000,28.96199
3488.91960,0.32498,-5.10884,83.33673,10.91823,12.07673,31.37560,28.96617
3488.92960,0.35140,-5.10525,83.20904,10.91159,12.06123,31.36822,28.86801
3488.93960,0.33547,-5.10216,83.20717,10.90037,12.08320,31.34787,28.87572
3488.94960,0.33223,-5.10193,83.21273,10.89923,12.08673,31.34560,28.88117
3488.95960,0.33806,-5.09762,83.30711,10.92253,12.10524,31.38144,28.89790
3488.96960,0.34199,-5.09472,83.37073,10.93823,12.11773,31.40560,28.90917
3488.97960,0.31708,-5.09341,83.33373,10.92610,12.12440,31.35100,28.93223
3488.98960,0.31807,-5.10574,83.24596,10.88634,12.09489,31.34814,28.91659
3488.99960,0.32729,-5.11281,83.21173,10.86923,12.07673,31.36560,28.90017
3489.00960,0.32031,-5.08375,83.29601,10.93620,12.13918,31.32798,28.89265
3489.01960,0.32856,-5.09179,83.29899,10.92731,12.11952,31.35426,28.89791
3489.02960,0.33165,-5.09695,83.29173,10.91823,12.10773,31.36560,28.90017
3489.03960,0.31794,-5.09733,83.33012,10.91132,12.12385,31.36560,28.92935
3489.04960,0.31379,-5.09745,83.34173,10.90923,12.12873,31.36560,28.93817
3489.05960,0.34414,-5.07185,83.32877,10.99157,12.13635,31.33510,28.86575
3489.06960,0.33535,-5.06841,83.31511,10.97721,12.15950,31.32560,28.85280
3489.07960,0.31756,-5.07283,83.30573,10.93823,12.17973,31.32560,28.86217
3489.08960,0.31762,-5.06632,83.25660,10.94836,12.17973,31.29065,28.83786
3489.09960,0.31767,-5.05997,83.20873,10.95823,12.17973,31.25660,28.81417
3489.10960,0.32588,-5.07108,83.23945,10.93903,12.16693,31.30716,28.82633
3489.11960,0.33448,-5.07471,83.21769,10.95383,12.13285,31.29784,28.83317
3489.12960,0.33672,-5.07323,83.19573,10.96823,12.11773,31.27660,28.83317
3489.13960,0.34587,-5.07217,83.29585,10.98661,12.13103,31.32666,28.85155
3489.14960,0.35546,-5.06751,83.33739,11.00745,12.13873,31.34538,28.84583
3489.15960,0.36231,-5.06110,83.31144,11.02367,12.13873,31.32917,28.81988
3489.16960,0.36382,-5.05969,83.30573,11.02723,12.13873,31.32560,28.81417
3489.17960,0.35456,-5.06301,83.25322,11.00053,12.13873,31.30780,28.80616
3489.18960,0.34893,-5.07728,83.32473,10.96823,12.13873,31.36560,28.85217
3489.19960,0.35131,-5.07635,83.33130,10.97480,12.13739,31.36694,28.85217
3489.20960,0.36664,-5.07033,83.37373,11.01723,12.12873,31.37560,28.85217
3489.21960,0.35398,-5.07269,83.35285,10.99988,12.13167,31.35795,28.86335
3489.22960,0.33694,-5.07158,83.33829,10.98617,12.14539,31.33147,28.87525
3489.23960,0.36568,-5.05705,83.41473,11.04623,12.15973,31.36560,28.84317
3489.24960,0.36195,-5.05571,83.36064,11.04942,12.14636,31.32774,28.83713
3489.25960,0.35179,-5.06057,83.29186,11.02891,12.13000,31.29373,28.83922
3489.26960,0.34851,-5.07231,83.36373,10.98723,12.14873,31.36560,28.86217
3489.27960,0.35643,-5.07216,83.33370,10.98723,12.14093,31.36560,28.83994
3489.28960,0.36885,-5.07193,83.28673,10.98723,12.12873,31.36560,28.80517
3489.29960,0.36885,-5.07193,83.28673,10.98723,12.12873,31.36560,28.80517
3489.30960,0.37516,-5.07635,83.35909,11.02794,12.09196,31.37384,28.86535
3489.31960,0.38275,-5.07806,83.42873,11.05623,12.07673,31.39560,28.90017
3489.32960,0.37830,-5.07058,83.38881,11.05361,12.09564,31.36934,28.87023
3489.33960,0.36577,-5.04955,83.27673,11.04623,12.14873,31.29560,28.78617
3489.34960,0.37372,-5.05222,83.24166,11.03237,12.14307,31.30691,28.75930
3489.35960,0.39738,-5.06497,83.15643,11.00008,12.10513,31.34129,28.70994
3489.36960,0.40609,-5.08000,83.16573,11.00723,12.04573,31.35560,28.75717
3489.37960,0.39595,-5.07500,83.17152,11.00999,12.06281,31.33631,28.76241
3489.38960,0.38094,-5.06324,83.18370,11.01913,12.09996,31.30455,28.76006
3489.39960,0.42114,-5.06800,83.17324,11.02566,12.07316,31.36991,28.70451
3489.40960,0.42925,-5.06859,83.17823,11.02901,12.06904,31.38469,28.69549
3489.41960,0.40327,-5.06006,83.33381,11.06623,12.10621,31.37680,28.78457
3489.42960,0.43530,-5.07677,83.31903,11.06153,12.04573,31.43560,28.77617
3489.43960,0.42720,-5.07956,83.32216,11.04048,12.05746,31.44267,28.78155
3489.44960,0.41719,-5.06613,83.49473,11.06623,12.12873,31.48560,28.81417
3489.45960,0.41719,-5.06613,83.49473,11.06623,12.12873,31.48560,28.81417
3489.46960,0.41887,-5.08655,83.38095,11.00111,12.08756,31.49596,28.79632
3489.47960,0.43230,-5.06675,83.53173,11.09523,12.10773,31.50460,28.82417
3489.48960,0.43309,-5.06657,83.52822,11.09584,12.10679,31.50372,28.82187
3489.49960,0.45761,-5.06033,83.41065,11.11523,12.07757,31.47160,28.74625
3489.50960,0.44006,-5.04553,83.28873,11.11523,12.09773,31.37560,28.70017
3489.51960,0.44006,-5.04553,83.28873,11.11523,12.09773,31.37560,28.70017
3489.52960,0.43556,-5.04372,83.25451,11.11233,12.09773,31.35240,28.69205
3489.53960,0.42454,-5.03926,83.17073,11.10523,12.09773,31.29560,28.67217
3489.54960,0.43989,-5.04385,83.17172,11.09568,12.09081,31.33515,28.65009
3489.55960,0.46287,-5.05304,83.15709,11.07217,12.07673,31.39530,28.61289
3489.56960,0.45078,-5.05281,83.13273,11.06623,12.07673,31.36560,28.62417
3489.57960,0.44979,-5.05651,83.13648,11.05792,12.07257,31.37392,28.63207
3489.58960,0.44839,-5.06172,83.14173,11.04623,12.06673,31.38560,28.64317
3489.59960,0.45921,-5.05575,83.17277,11.07665,12.06673,31.39181,28.63759
3489.60960,0.46989,-5.05898,83.31203,11.08838,12.08195,31.47174,28.66996
3489.61960,0.47117,-5.06113,83.34973,11.08623,12.08673,31.49560,28.68117
3489.62960,0.47288,-5.05660,83.37264,11.10914,12.08673,31.48770,28.68907
3489.63960,0.48367,-5.05498,83.40164,11.13893,12.07093,31.49350,28.69828
3489.64960,0.48641,-5.05487,83.40773,11.14523,12.06673,31.49560,28.70017
3489.65960,0.47971,-5.05843,83.40064,11.10584,12.09115,31.51845,28.68520
3489.66960,0.47790,-5.05938,83.39873,11.09523,12.09773,31.52460,28.68117
3489.67960,0.46968,-5.05984,83.41762,11.09230,12.10424,31.52134,28.69973
3489.68960,0.46390,-5.05112,83.44679,11.12436,12.11220,31.49305,28.71717
3489.69960,0.47300,-5.04329,83.43873,11.15523,12.10773,31.47560,28.70017
3489.70960,0.48471,-5.04454,83.40756,11.14860,12.10109,31.48887,28.66900
3489.71960,0.49664,-5.05135,83.41987,11.15372,12.07450,31.51302,28.67863
3489.72960,0.50404,-5.05899,83.45473,11.16423,12.04573,31.53460,28.71017
3489.73960,0.48721,-5.04980,83.43475,11.16423,12.07381,31.49194,28.70477
3489.74960,0.47286,-5.04197,83.41773,11.16423,12.09773,31.45560,28.70017
3489.75960,0.48759,-5.06148,83.41555,11.13751,12.05245,31.50960,28.71599
3489.76960,0.50488,-5.06691,83.42976,11.13672,12.03731,31.55096,28.70477
3489.77960,0.51362,-5.04802,83.45773,11.17423,12.07673,31.54460,28.66217
3489.78960,0.51135,-5.05875,83.44662,11.14829,12.06031,31.56048,28.67753
3489.79960,0.51312,-5.06144,83.44304,11.14099,12.05676,31.56935,28.67594
3489.80960,0.51653,-5.05526,83.44873,11.15523,12.06673,31.56460,28.66217
3489.81960,0.50584,-5.06003,83.41728,11.12378,12.07197,31.55936,28.66217
3489.82960,0.49613,-5.06436,83.38873,11.09523,12.07673,31.55460,28.66217
3489.83960,0.49569,-5.06468,83.38754,11.09459,12.07589,31.55378,28.66327
3489.84960,0.46120,-5.08160,83.29293,11.04463,12.03773,31.48900,28.72157
3489.85960,0.44906,-5.07884,83.25873,11.02723,12.05573,31.46560,28.71017
3489.86960,0.47969,-5.07686,83.27038,11.06141,12.03204,31.49628,28.68066
3489.87960,0.51245,-5.07968,83.28873,11.08167,12.00655,31.54841,28.65210
3489.88960,0.48737,-5.08933,83.28873,11.02723,12.02573,31.55460,28.68117
3489.89960,0.48737,-5.08933,83.28873,11.02723,12.02573,31.55460,28.68117
3489.90960,0.47505,-5.07844,83.33382,11.05272,12.05252,31.52846,28.70012
3489.91960,0.46852,-5.07267,83.35773,11.06623,12.06673,31.51460,28.71017
3489.92960,0.46275,-5.08510,83.32835,11.04664,12.03277,31.50807,28.74087
3489.93960,0.48099,-5.09233,83.32115,11.04270,12.00826,31.54342,28.72676
3489.94960,0.49261,-5.09268,83.32573,11.04623,12.00473,31.56460,28.71017
3489.95960,0.45123,-5.09248,83.40142,11.03658,12.03607,31.53326,28.79552
3489.96960,0.43899,-5.08654,83.39273,11.04623,12.04573,31.49560,28.80517
3489.97960,0.44167,-5.08561,83.39592,11.04623,12.05002,31.50239,28.79727
3489.98960,0.45834,-5.07981,83.41573,11.04623,12.07673,31.54460,28.74817
3489.99960,0.45262,-5.08216,83.40750,11.04018,12.07191,31.53543,28.75998
3490.00960,0.42218,-5.09431,83.34960,11.00857,12.04305,31.47890,28.81908
3490.01960,0.42667,-5.09025,83.26473,11.01723,12.02573,31.43560,28.78617
3490.02960,0.42667,-5.09025,83.26473,11.01723,12.02573,31.43560,28.78617
3490.03960,0.44174,-5.08425,83.10992,11.00634,12.01565,31.39649,28.69144
3490.04960,0.43143,-5.08693,83.14873,10.97723,12.04573,31.42560,28.70017
3490.05960,0.43128,-5.08677,83.14870,10.97813,12.04543,31.42440,28.70074
3490.06960,0.42549,-5.08149,83.15148,11.00723,12.03633,31.38560,28.72232
3490.07960,0.39351,-5.08575,83.27336,11.00607,12.05573,31.38738,28.82417
3490.08960,0.39919,-5.09763,83.29496,10.96906,12.05529,31.44633,28.82427
3490.09960,0.42363,-5.09688,83.35613,11.01055,12.03348,31.48304,28.82906
3490.10960,0.44462,-5.09622,83.40873,11.04623,12.01473,31.51460,28.83317
3490.11960,0.43948,-5.09615,83.41914,11.03680,12.02731,31.51944,28.83559
3490.12960,0.42219,-5.07550,83.55517,11.04912,12.12828,31.54315,28.83462
3490.13960,0.42198,-5.07204,83.57273,11.05623,12.13873,31.54460,28.83317
3490.14960,0.40662,-5.07013,83.39162,11.02178,12.12989,31.45713,28.78281
3490.15960,0.40458,-5.06988,83.36773,11.01723,12.12873,31.44560,28.77617
3490.16960,0.41805,-5.06419,83.34941,11.05999,12.10168,31.41942,28.76832
3490.17960,0.41443,-5.06893,83.33321,11.05448,12.08538,31.40972,28.78363
3490.18960,0.41051,-5.07283,83.32373,11.04623,12.07673,31.40560,28.79517
3490.19960,0.40020,-5.06639,83.24445,11.01650,12.10798,31.37510,28.74486
3490.20960,0.38647,-5.05390,83.33335,11.03717,12.15765,31.37328,28.76525
3490.21960,0.38329,-5.05073,83.36773,11.04623,12.16973,31.37560,28.77617
3490.22960,0.37576,-5.04846,83.33507,11.06179,12.15339,31.32893,28.79095
3490.23960,0.37361,-5.04781,83.32573,11.06623,12.14873,31.31560,28.79517
3490.24960,0.38068,-5.05692,83.31643,11.05294,12.12612,31.33776,28.79961
3490.25960,0.38981,-5.06829,83.30652,11.03663,12.09812,31.36659,28.80517
3490.26960,0.40212,-5.06427,83.39473,11.05623,12.11773,31.41560,28.80517
3490.27960,0.40126,-5.06444,83.39334,11.05524,12.11773,31.41424,28.80613
3490.28960,0.37760,-5.07189,83.35192,11.02117,12.11303,31.38166,28.83605
3490.29960,0.38029,-5.08760,83.34173,10.98723,12.08673,31.41560,28.85217
3490.30960,0.38515,-5.09102,83.29377,10.97984,12.06836,31.40795,28.83763
3490.31960,0.39938,-5.10102,83.15373,10.95823,12.01473,31.38560,28.79517
3490.32960,0.40341,-5.09228,83.22306,10.98669,12.03735,31.40019,28.79882
3490.33960,0.41015,-5.07371,83.39673,11.04153,12.09846,31.44680,28.80994
3490.34960,0.40992,-5.07073,83.44373,11.04623,12.11773,31.46560,28.81417
3490.35960,0.40584,-5.06650,83.40716,11.05153,12.11773,31.43380,28.80410
3490.36960,0.39985,-5.06654,83.33612,11.04605,12.10334,31.39156,28.79517
3490.37960,0.39546,-5.07355,83.26473,11.02723,12.07673,31.36560,28.79517
3490.38960,0.42337,-5.07506,83.28085,11.04751,12.05541,31.40720,28.77073
3490.39960,0.44912,-5.07645,83.29573,11.06623,12.03573,31.44560,28.74817
3490.40960,0.43145,-5.07664,83.28914,11.04771,12.05174,31.42676,28.76293
3490.41960,0.40644,-5.08641,83.29422,10.99506,12.07008,31.43391,28.79517
3490.42960,0.42637,-5.10012,83.32273,10.97723,12.04573,31.50460,28.79517
3490.43960,0.41382,-5.10042,83.25863,10.95843,12.04573,31.46660,28.78788
3490.44960,0.39061,-5.09954,83.15183,10.92823,12.04963,31.39780,28.77617
3490.45960,0.38587,-5.09740,83.14573,10.92823,12.05573,31.38560,28.77617
3490.46960,0.38587,-5.09740,83.14573,10.92823,12.05573,31.38560,28.77617
3490.47960,0.38250,-5.09430,83.25673,10.92823,12.09773,31.43560,28.79517
3490.48960,0.39685,-5.09627,83.26098,10.94548,12.07448,31.44810,28.79292
3490.49960,0.43066,-5.10187,83.29848,10.99213,12.01774,31.48560,28.80301
3490.50960,0.40379,-5.10101,83.37073,10.97723,12.05573,31.48560,28.85217
3490.51960,0.40935,-5.10269,83.34506,10.97485,12.04487,31.48560,28.83973
3490.52960,0.42016,-5.10789,83.29073,10.96073,12.02498,31.49285,28.81217
3490.53960,0.40627,-5.10949,83.34173,10.93823,12.05573,31.51460,28.83317
3490.54960,0.40493,-5.10906,83.32957,10.93645,12.05573,31.50763,28.82978
3490.55960,0.39999,-5.10747,83.28454,10.92982,12.05573,31.48180,28.81719
3490.56960,0.40160,-5.10552,83.28362,10.94394,12.04849,31.47031,28.82088
3490.57960,0.41195,-5.09970,83.32022,11.00211,12.02169,31.45070,28.84572
3490.58960,0.43431,-5.10594,83.29473,10.95823,12.03573,31.52460,28.77617
3490.59960,0.43201,-5.10571,83.29176,10.95526,12.03870,31.52163,28.77617
3490.60960,0.41828,-5.10347,83.28984,10.94590,12.05573,31.50360,28.78462
3490.61960,0.41444,-5.09665,83.39778,11.00066,12.05573,31.49646,28.84494
3490.62960,0.41398,-5.09583,83.41073,11.00723,12.05573,31.49560,28.85217
3490.63960,0.43936,-5.10108,83.37173,11.00723,12.02573,31.52460,28.81417
3490.64960,0.43903,-5.10119,83.37202,11.00664,12.02603,31.52470,28.81465
3490.65960,0.40663,-5.11126,83.40144,10.94853,12.05542,31.53542,28.86207
3490.66960,0.44455,-5.11667,83.46973,10.97723,12.02573,31.61460,28.85217
3490.67960,0.44455,-5.11667,83.46973,10.97723,12.02573,31.61460,28.85217
3490.68960,0.44046,-5.11339,83.43270,10.97903,12.02573,31.58602,28.84193
3490.69960,0.42887,-5.10215,83.22551,10.97237,12.01632,31.46470,28.77212
3490.70960,0.44529,-5.11078,83.13773,10.93823,11.99473,31.48560,28.71917
3490.71960,0.42547,-5.10882,83.10865,10.94705,11.98503,31.42392,28.75266
3490.72960,0.42280,-5.10856,83.10473,10.94823,11.98373,31.41560,28.75717
3490.73960,0.41149,-5.11443,83.18235,10.94823,11.98373,31.43344,28.81695
3490.74960,0.42948,-5.11859,83.23750,10.95332,11.97864,31.49103,28.81451
3490.75960,0.44816,-5.12193,83.28173,10.95823,11.97373,31.54460,28.80517
3490.76960,0.42987,-5.13842,83.17832,10.88511,11.95822,31.52983,28.80517
3490.77960,0.45203,-5.11843,83.34264,10.99022,11.97131,31.55115,28.82995
3490.78960,0.45574,-5.11508,83.36873,11.00723,11.97373,31.55460,28.83317
3490.79960,0.46016,-5.12006,83.36963,10.98927,11.97373,31.58154,28.82509
3490.80960,0.46067,-5.12062,83.36973,10.98723,11.97373,31.58460,28.82417
3490.81960,0.43650,-5.12589,83.33330,10.95199,11.97970,31.55473,28.84687
3490.82960,0.41061,-5.13262,83.28293,10.90952,11.98373,31.52170,28.86798
3490.83960,0.40533,-5.13437,83.26873,10.89923,11.98373,31.51460,28.87117
3490.84960,0.42810,-5.12469,83.32893,10.95115,11.98373,31.53717,28.85688
3490.85960,0.42373,-5.13349,83.32070,10.89323,12.00721,31.58248,28.83778
3490.86960,0.41993,-5.13733,83.31173,10.86923,12.01473,31.59460,28.83317
3490.87960,0.43780,-5.12484,83.36292,10.95299,11.99069,31.57133,28.84791
3490.88960,0.44297,-5.12123,83.37773,10.97723,11.98373,31.56460,28.85217
3490.89960,0.43962,-5.12991,83.29368,10.94301,11.96309,31.54950,28.83808
3490.90960,0.44252,-5.13566,83.18655,10.92112,11.93453,31.52230,28.80860
3490.91960,0.45146,-5.13158,83.15173,10.93823,11.92273,31.50460,28.78617
3490.92960,0.44782,-5.13407,83.13133,10.92353,11.92273,31.50190,28.78317
3490.93960,0.43102,-5.13875,83.11496,10.88923,11.93547,31.49560,28.79465
3490.94960,0.42630,-5.13810,83.13273,10.88923,11.94273,31.49560,28.80517
3490.95960,0.43476,-5.13186,83.23119,10.90708,11.97473,31.54422,28.80517
3490.96960,0.44004,-5.12796,83.29273,10.91823,11.99473,31.57460,28.80517
3490.97960,0.43966,-5.12685,83.26950,10.92250,11.98812,31.55776,28.80112
3490.98960,0.43689,-5.12254,83.21823,10.94853,11.96373,31.50023,28.80574
3490.99960,0.43558,-5.12233,83.25073,10.95823,11.96373,31.50460,28.82417
3491.00960,0.43558,-5.12233,83.25073,10.95823,11.96373,31.50460,28.82417
3491.01960,0.43468,-5.11419,83.39680,10.98723,12.00473,31.54836,28.85648
3491.02960,0.43215,-5.11139,83.35973,10.98723,12.00473,31.52460,28.84317
3491.03960,0.43215,-5.11139,83.35973,10.98723,12.00473,31.52460,28.84317
3491.04960,0.41804,-5.12527,83.34064,10.93760,11.99836,31.53733,28.86736
3491.05960,0.41193,-5.13413,83.30334,10.91535,11.97799,31.52883,28.88117
3491.06960,0.42693,-5.12908,83.31566,10.95999,11.95519,31.51932,28.88117
3491.07960,0.44302,-5.11870,83.41673,11.00723,11.97373,31.55460,28.88117
3491.08960,0.44041,-5.12809,83.32723,10.96050,11.96145,31.55064,28.85464
3491.09960,0.43771,-5.14919,83.17813,10.87742,11.92658,31.55248,28.82166
3491.10960,0.43971,-5.15953,83.15873,10.85923,11.90173,31.56460,28.83317
3491.11960,0.43971,-5.15953,83.15873,10.85923,11.90173,31.56460,28.83317
3491.12960,0.43447,-5.15225,83.31373,10.91823,11.91173,31.57460,28.90917
3491.13960,0.43447,-5.15225,83.31373,10.91823,11.91173,31.57460,28.90917
3491.14960,0.46532,-5.17215,83.24237,10.84296,11.89482,31.67278,28.83181
3491.15960,0.45893,-5.17685,83.16673,10.85023,11.84973,31.61460,28.85217
3491.16960,0.45059,-5.18146,83.15069,10.82604,11.85272,31.61460,28.85734
3491.17960,0.43969,-5.19777,83.11921,10.77118,11.83955,31.63246,28.87602
3491.18960,0.47306,-5.20925,83.15273,10.80023,11.77773,31.68460,28.89017
3491.19960,0.47767,-5.20295,83.14530,10.82119,11.77773,31.66868,28.87770
3491.20960,0.49041,-5.18550,83.12473,10.87923,11.77773,31.62460,28.84317
3491.21960,0.49041,-5.18550,83.12473,10.87923,11.77773,31.62460,28.84317
3491.22960,0.46984,-5.20500,83.14592,10.79668,11.79493,31.67848,28.87583
3491.23960,0.45053,-5.21474,83.08273,10.77123,11.76773,31.63460,28.90917
3491.24960,0.45053,-5.21474,83.08273,10.77123,11.76773,31.63460,28.90917
3491.25960,0.46905,-5.20327,83.26373,10.80023,11.82973,31.73360,28.90017
3491.26960,0.46886,-5.20338,83.26314,10.79990,11.82948,31.73326,28.90050
3491.27960,0.45318,-5.21185,83.23313,10.78308,11.80723,31.70460,28.93822
3491.28960,0.45741,-5.20439,83.34873,10.85023,11.79873,31.70460,28.99517
3491.29960,0.45387,-5.20508,83.35304,10.84281,11.80482,31.70742,28.99800
3491.30960,0.43475,-5.21001,83.37095,10.79613,11.83831,31.72643,29.01007
3491.31960,0.44166,-5.21611,83.32973,10.77123,11.82973,31.74360,28.98517
3491.32960,0.44166,-5.21611,83.32973,10.77123,11.82973,31.74360,28.98517
3491.33960,0.44978,-5.22472,83.22073,10.75123,11.78873,31.72360,28.95717
3491.34960,0.44983,-5.22447,83.21990,10.75159,11.78908,31.72291,28.95632
3491.35960,0.45213,-5.21168,83.17831,10.76929,11.80678,31.68840,28.91385
3491.36960,0.47001,-5.23909,82.93669,10.70162,11.70915,31.66698,28.85895
3491.37960,0.47239,-5.24299,82.90473,10.69223,11.69573,31.66460,28.85217
3491.38960,0.45688,-5.26255,82.96292,10.67405,11.65845,31.68278,28.94763
3491.39960,0.47066,-5.24449,83.06974,10.73502,11.69204,31.70280,28.93988
3491.40960,0.47218,-5.24251,83.07973,10.74123,11.69573,31.70460,28.93817
3491.41960,0.46922,-5.24282,83.10311,10.73668,11.70545,31.71542,28.94555
3491.42960,0.45338,-5.24449,83.22873,10.71223,11.75773,31.77360,28.98517
3491.43960,0.45421,-5.24512,83.22561,10.71223,11.75461,31.77360,28.98517
3491.44960,0.46057,-5.24558,83.22909,10.72199,11.74408,31.77784,28.98517
3491.45960,0.47034,-5.22674,83.35873,10.78123,11.78873,31.80360,28.98517
3491.46960,0.46865,-5.22581,83.34618,10.77801,11.79195,31.79716,28.97906
3491.47960,0.45158,-5.22201,83.19533,10.73423,11.80873,31.73109,28.92128
3491.48960,0.44483,-5.22288,83.12573,10.71223,11.80873,31.70460,28.90017
3491.49960,0.44447,-5.21740,83.08270,10.70468,11.82458,31.68950,28.86394
3491.50960,0.44435,-5.21562,83.06873,10.70223,11.82973,31.68460,28.85217
3491.51960,0.45705,-5.21283,83.08683,10.75737,11.78967,31.66306,28.87673
3491.52960,0.47456,-5.20704,83.15830,10.81095,11.77658,31.67960,28.89117
3491.53960,0.47496,-5.20588,83.18473,10.80023,11.79873,31.70460,28.88117
3491.54960,0.47090,-5.20912,83.09447,10.78872,11.77389,31.66220,28.86966
3491.55960,0.45554,-5.20930,83.01201,10.76299,11.77658,31.61635,28.85609
3491.56960,0.44735,-5.20806,82.99673,10.75123,11.78873,31.60460,28.85217
3491.57960,0.46055,-5.20733,82.98463,10.76398,11.77534,31.61097,28.83433
3491.58960,0.46806,-5.20691,82.97773,10.77123,11.76773,31.61460,28.82417
3491.59960,0.46619,-5.20856,82.97693,10.77123,11.76153,31.61060,28.83357
3491.60960,0.47608,-5.21401,82.99479,10.77613,11.74162,31.63378,28.84325
3491.61960,0.49418,-5.21284,83.01673,10.78123,11.74673,31.67460,28.81417
3491.62960,0.48983,-5.20427,83.07234,10.81161,11.76269,31.66430,28.83374
3491.63960,0.45924,-5.19244,83.13442,10.83003,11.80425,31.61890,28.88124
3491.64960,0.43380,-5.18884,83.14373,10.82023,11.82973,31.58460,28.90917
3491.65960,0.43812,-5.18807,83.10798,10.82023,11.82277,31.57467,28.89030
3491.66960,0.44688,-5.18653,83.03573,10.82023,11.80873,31.55460,28.85217
3491.67960,0.45333,-5.18826,83.03080,10.82270,11.79861,31.56200,28.84749
3491.68960,0.47079,-5.19294,83.01747,10.82937,11.77128,31.58200,28.83482
3491.69960,0.48149,-5.15651,83.00173,10.88923,11.83973,31.53460,28.73817
3491.70960,0.47246,-5.15775,83.00557,10.87772,11.84779,31.53076,28.74930
3491.71960,0.45415,-5.15848,83.02605,10.85923,11.86923,31.52460,28.77298
3491.72960,0.44438,-5.15525,83.06275,10.85923,11.89104,31.52460,28.78788
3491.73960,0.43960,-5.15367,83.08073,10.85923,11.90173,31.52460,28.79517
3491.74960,0.47021,-5.15002,83.09329,10.90047,11.87722,31.54851,28.76708
3491.75960,0.49081,-5.14756,83.10173,10.92823,11.86073,31.56460,28.74817
3491.76960,0.46744,-5.14204,83.10173,10.92823,11.88088,31.51975,28.77287
3491.77960,0.46164,-5.14347,83.08757,10.92823,11.87178,31.50139,28.78617
3491.78960,0.46540,-5.14591,83.07973,10.92823,11.86073,31.50460,28.78617
3491.79960,0.47061,-5.14909,82.99581,10.91180,11.84256,31.48816,28.75330
3491.80960,0.49154,-5.14985,83.02273,10.90923,11.84973,31.54460,28.71917
3491.81960,0.48702,-5.14305,83.02356,10.91994,11.86400,31.52566,28.71396
3491.82960,0.47509,-5.12509,83.02573,10.94823,11.90173,31.47560,28.70017
3491.83960,0.47857,-5.12637,83.02287,10.95343,11.89107,31.47560,28.70277
3491.84960,0.48748,-5.12966,83.01554,10.96677,11.86373,31.47560,28.70944
3491.85960,0.47395,-5.13928,82.95173,10.94823,11.82973,31.43560,28.73817
3491.86960,0.47934,-5.13859,82.95226,10.95353,11.82708,31.44089,28.73076
3491.87960,0.49430,-5.13668,82.95373,10.96823,11.81973,31.45560,28.71017
3491.88960,0.49430,-5.13668,82.95373,10.96823,11.81973,31.45560,28.71017
3491.89960,0.48378,-5.12667,82.91007,10.95662,11.85574,31.42475,28.67295
3491.90960,0.49905,-5.14531,83.03173,10.94823,11.82973,31.52460,28.72917
3491.91960,0.50721,-5.14342,83.01564,10.95071,11.82973,31.52955,28.70566
3491.92960,0.52756,-5.13458,83.03996,10.98468,11.83462,31.54705,28.67360
3491.93960,0.51376,-5.12510,83.26573,11.06623,11.84973,31.55460,28.79517
3491.94960,0.51034,-5.12485,83.21852,11.04464,11.85924,31.54545,28.76919
3491.95960,0.49809,-5.12395,83.04989,10.96751,11.89323,31.51277,28.67638
3491.96960,0.49733,-5.12910,83.00695,10.94316,11.88704,31.51370,28.66305
3491.97960,0.51268,-5.16115,82.99798,10.91716,11.79391,31.56455,28.72237
3491.98960,0.51184,-5.13128,82.96907,10.97809,11.83375,31.48720,28.67002
3491.99960,0.51157,-5.12681,82.96331,10.98656,11.83997,31.47526,28.66153
3492.00960,0.49707,-5.12816,82.82545,10.92823,11.85545,31.43530,28.60646
3492.01960,0.48718,-5.13012,82.73148,10.93098,11.81973,31.36560,28.61517
3492.02960,0.49303,-5.12556,82.75433,10.95383,11.81973,31.36560,28.61517
3492.03960,0.50492,-5.13421,82.78826,10.94254,11.80893,31.41699,28.61980
3492.04960,0.51206,-5.14215,82.84374,10.92780,11.81009,31.47378,28.63207
3492.05960,0.51082,-5.12797,83.06152,10.98211,11.86720,31.52854,28.68367
3492.06960,0.52831,-5.15576,82.98073,10.94823,11.77773,31.55460,28.70017
3492.07960,0.52742,-5.15296,82.98914,10.94997,11.78847,31.55547,28.69523
3492.08960,0.52058,-5.13147,83.05381,10.96330,11.87114,31.56213,28.65723
3492.09960,0.51030,-5.14707,83.03524,10.95358,11.81895,31.54262,28.72009
3492.10960,0.50746,-5.15567,83.01973,10.94823,11.78873,31.53460,28.74817
3492.11960,0.52188,-5.13938,83.14651,10.97079,11.86028,31.60460,28.71084
3492.12960,0.52599,-5.13474,83.18273,10.97723,11.88073,31.62460,28.70017
3492.13960,0.51021,-5.12869,83.10804,10.97030,11.88920,31.56300,28.68554
3492.14960,0.51304,-5.12207,83.13116,10.99056,11.89943,31.56000,28.68117
3492.15960,0.51529,-5.12063,83.14473,10.99723,11.90173,31.56460,28.68117
3492.16960,0.51826,-5.13113,83.13361,11.00518,11.85246,31.55665,28.71932
3492.17960,0.51793,-5.12233,83.08238,10.98933,11.88628,31.54565,28.66113
3492.18960,0.51780,-5.12098,83.07673,10.98723,11.89173,31.54460,28.65317
3492.19960,0.50640,-5.12019,83.04516,10.96854,11.90462,31.52527,28.64673
3492.20960,0.50011,-5.11975,83.02773,10.95823,11.91173,31.51460,28.64317
3492.21960,0.51323,-5.12884,82.99037,10.96426,11.86231,31.51460,28.64920
3492.22960,0.49324,-5.12811,82.99864,10.95533,11.87618,31.48944,28.67769
3492.23960,0.47749,-5.12441,83.01673,10.94823,11.90173,31.47560,28.69117
3492.24960,0.50335,-5.11608,83.06925,11.00924,11.88551,31.49105,28.68345
3492.25960,0.51097,-5.11363,83.08473,11.02723,11.88073,31.49560,28.68117
3492.26960,0.52579,-5.13381,82.95329,10.97357,11.82473,31.51038,28.64462
3492.27960,0.50481,-5.12485,83.01011,10.97305,11.87347,31.49978,28.66381
3492.28960,0.49771,-5.12070,83.03673,10.97723,11.89173,31.49560,28.67217
3492.29960,0.51430,-5.12954,82.97459,10.99009,11.82958,31.48274,28.67217
3492.30960,0.51973,-5.12802,83.05400,11.01370,11.83335,31.51021,28.69674
3492.31960,0.51062,-5.12076,83.14273,11.01723,11.88073,31.53460,28.71017
3492.32960,0.51037,-5.12160,83.15631,11.01077,11.88784,31.54753,28.71017
3492.33960,0.50422,-5.13461,83.04918,10.94996,11.87178,31.54173,28.68572
3492.34960,0.50089,-5.14157,82.98573,10.91823,11.86073,31.53460,28.67217
3492.35960,0.50208,-5.14042,83.01383,10.92538,11.86549,31.54412,28.67884
3492.36960,0.50591,-5.13674,83.10373,10.94823,11.88073,31.57460,28.70017
3492.37960,0.50768,-5.14178,83.03613,10.93783,11.85421,31.55380,28.69029
3492.38960,0.50886,-5.14035,83.04653,10.94383,11.85625,31.55540,28.69105
3492.39960,0.50845,-5.13475,83.11373,10.95823,11.88073,31.57460,28.70017
3492.40960,0.51658,-5.13389,83.08327,10.96349,11.87022,31.56935,28.68021
3492.41960,0.52393,-5.13312,83.05573,10.96823,11.86073,31.56460,28.66217
3492.42960,0.51552,-5.13247,83.08722,10.96299,11.87699,31.56985,28.67739
3492.43960,0.51630,-5.13351,83.11318,10.98321,11.86012,31.56440,28.70545
3492.44960,0.52436,-5.13507,83.11073,11.00723,11.82973,31.55460,28.71917
3492.45960,0.52398,-5.13500,83.10800,11.00582,11.83064,31.55389,28.71766
3492.46960,0.50504,-5.13156,82.97139,10.93529,11.87617,31.51817,28.64176
3492.47960,0.49272,-5.14687,82.92725,10.88541,11.85823,31.52186,28.66175
3492.48960,0.48878,-5.15279,82.91573,10.86923,11.84973,31.52460,28.67217
3492.49960,0.50662,-5.14304,82.95384,10.92290,11.84195,31.52460,28.66440
3492.50960,0.51365,-5.14473,83.10838,10.95368,11.84745,31.58638,28.72087
3492.51960,0.51421,-5.14604,83.15073,10.95823,11.84973,31.60460,28.73817
3492.52960,0.49372,-5.14329,83.12273,10.92012,11.89017,31.58904,28.72340
3492.53960,0.48787,-5.14251,83.11473,10.90923,11.90173,31.58460,28.71917
3492.54960,0.52802,-5.15223,83.04981,10.95498,11.80276,31.58268,28.70939
3492.55960,0.50251,-5.16045,83.04319,10.90929,11.81667,31.57606,28.74118
3492.56960,0.49852,-5.16187,83.03537,10.90363,11.81503,31.57005,28.74666
3492.57960,0.50840,-5.15943,82.99669,10.92823,11.78873,31.54460,28.73513
3492.58960,0.51270,-5.16037,82.98089,10.92047,11.78873,31.55252,28.71917
3492.59960,0.50861,-5.16620,82.98916,10.89245,11.79779,31.57693,28.72200
3492.60960,0.48392,-5.13433,83.03173,10.96823,11.84973,31.47560,28.73817
3492.61960,0.48454,-5.13628,83.01918,10.96405,11.84335,31.47455,28.73723
3492.62960,0.48841,-5.14851,82.94075,10.93791,11.80348,31.46802,28.73135
3492.63960,0.51665,-5.11842,82.92673,11.00723,11.83973,31.44560,28.63417
3492.64960,0.51661,-5.11855,82.92572,11.00681,11.83940,31.44544,28.63407
3492.65960,0.51333,-5.13160,82.82411,10.96456,11.80624,31.42940,28.62391
3492.66960,0.48857,-5.13401,82.99473,10.94823,11.86073,31.48560,28.70017
3492.67960,0.48857,-5.13401,82.99473,10.94823,11.86073,31.48560,28.70017
3492.68960,0.50338,-5.13388,83.01651,10.98775,11.82766,31.48560,28.71550
3492.69960,0.50693,-5.13385,83.02173,10.99723,11.81973,31.48560,28.71917
3492.70960,0.49047,-5.13812,83.02889,10.96218,11.84119,31.49275,28.73277
3492.71960,0.50568,-5.14294,83.13313,10.98203,11.83239,31.55540,28.76331
3492.72960,0.50902,-5.14342,83.14873,10.98723,11.82973,31.56460,28.76717
3492.73960,0.46766,-5.12082,83.04753,10.97843,11.89309,31.44228,28.73373
3492.74960,0.46251,-5.11952,83.05528,10.99519,11.88317,31.41961,28.75731
3492.75960,0.46285,-5.12073,83.06973,11.00723,11.87073,31.41560,28.77617
3492.76960,0.47223,-5.11802,83.06505,10.99943,11.88711,31.43900,28.73951
3492.77960,0.47487,-5.11725,83.06373,10.99723,11.89173,31.44560,28.72917
3492.78960,0.46682,-5.11165,83.01784,10.99723,11.89950,31.40671,28.71440
3492.79960,0.46454,-5.11015,83.02501,10.99723,11.90693,31.40600,28.71485
3492.80960,0.46456,-5.11025,83.04373,10.99723,11.91173,31.41560,28.71917
3492.81960,0.45218,-5.12262,83.01383,10.98423,11.87143,31.38960,28.76857
3492.82960,0.44342,-5.12818,82.99947,10.96368,11.86780,31.38603,28.78196
3492.83960,0.44020,-5.12647,83.00215,10.94282,11.89561,31.40207,28.76164
3492.84960,0.44642,-5.12356,82.98829,10.96384,11.88137,31.38590,28.75717
3492.85960,0.45004,-5.12224,82.98073,10.97723,11.87073,31.37560,28.75717
3492.86960,0.45004,-5.12224,82.98073,10.97723,11.87073,31.37560,28.75717
3492.87960,0.45037,-5.12809,82.96370,10.96020,11.86176,31.38457,28.75717
3492.88960,0.48842,-5.10541,82.93273,11.04623,11.84973,31.35560,28.68117
3492.89960,0.46257,-5.11054,82.97003,11.00526,11.88229,31.36611,28.71637
3492.90960,0.43858,-5.11904,82.95073,10.95410,11.89724,31.36147,28.73793
3492.91960,0.43741,-5.12610,82.85373,10.92823,11.87073,31.33560,28.71917
3492.92960,0.44972,-5.12155,82.91016,10.95624,11.87479,31.35996,28.71917
3492.93960,0.46772,-5.11490,82.99273,10.99723,11.88073,31.39560,28.71917
3492.94960,0.44472,-5.11304,83.01657,10.98552,11.90578,31.37540,28.74988
3492.95960,0.42054,-5.10984,82.96686,10.97192,11.91731,31.31731,28.76032
3492.96960,0.43458,-5.10918,82.84473,10.97723,11.88073,31.27660,28.71017
3492.97960,0.43458,-5.10918,82.84473,10.97723,11.88073,31.27660,28.71017
3492.98960,0.43583,-5.11433,82.86277,10.95703,11.88717,31.30840,28.71017
3492.99960,0.44028,-5.12809,82.80373,10.92823,11.84973,31.31560,28.71017
3493.00960,0.43365,-5.12322,82.81269,10.93383,11.86429,31.30188,28.71269
3493.01960,0.41659,-5.11070,82.83573,10.94823,11.90173,31.26660,28.71917
3493.02960,0.42539,-5.11536,82.85500,10.95047,11.88784,31.29102,28.72567
3493.03960,0.45563,-5.13082,82.92518,10.95992,11.84152,31.37526,28.74848
3493.04960,0.44956,-5.11133,83.02173,11.00723,11.89173,31.36560,28.75717
3493.05960,0.44602,-5.11125,83.03208,11.00573,11.89638,31.36560,28.76437
3493.06960,0.42932,-5.11448,83.08405,10.99723,11.90743,31.36857,28.81082
3493.07960,0.44839,-5.13566,83.04573,10.99723,11.81973,31.38560,28.84317
3493.08960,0.44494,-5.13191,83.05458,10.99934,11.83373,31.38139,28.84012
3493.09960,0.42339,-5.10846,83.10984,11.01250,11.92123,31.35507,28.82104
3493.10960,0.41064,-5.10215,83.14473,11.01567,11.95069,31.34520,28.83317
3493.11960,0.41270,-5.13596,82.94800,10.93870,11.85032,31.32589,28.83309
3493.12960,0.41858,-5.11624,83.07493,10.98582,11.90994,31.35473,28.82443
3493.13960,0.41876,-5.11564,83.07873,10.98723,11.91173,31.35560,28.82417
3493.14960,0.42209,-5.13370,83.02832,10.92843,11.89090,31.39510,28.81389
3493.15960,0.44375,-5.14030,82.88873,10.94823,11.80873,31.34560,28.78617
3493.16960,0.44375,-5.14030,82.88873,10.94823,11.80873,31.34560,28.78617
3493.17960,0.40395,-5.12822,82.96173,10.90923,11.91173,31.34560,28.79517
3493.18960,0.40395,-5.12822,82.96173,10.90923,11.91173,31.34560,28.79517
3493.19960,0.41616,-5.13107,82.99575,10.93449,11.88544,31.36106,28.81476
3493.20960,0.44639,-5.13418,83.04872,10.96820,11.85495,31.41233,28.81323
3493.21960,0.46338,-5.13457,83.06773,10.97723,11.84973,31.44560,28.79517
3493.22960,0.44916,-5.13556,83.12218,10.96783,11.87051,31.45550,28.82833
3493.23960,0.43818,-5.13716,83.19890,10.96679,11.88677,31.47461,28.87073
3493.24960,0.44248,-5.13790,83.22473,10.97723,11.88073,31.48560,28.88117
3493.25960,0.44336,-5.14050,83.21147,10.97346,11.87137,31.48430,28.88234
3493.26960,0.44927,-5.15792,83.12273,10.94823,11.80873,31.47560,28.89017
3493.27960,0.45120,-5.16372,83.12168,10.94121,11.79432,31.48579,28.90036
3493.28960,0.43473,-5.17461,83.04911,10.86068,11.81532,31.49769,28.87542
3493.29960,0.42867,-5.17467,83.02773,10.84023,11.82973,31.49560,28.86217
3493.30960,0.41026,-5.17014,82.93771,10.84761,11.81423,31.40706,28.86881
3493.31960,0.40890,-5.16657,82.82831,10.82811,11.81684,31.36823,28.81513
3493.32960,0.41075,-5.16586,82.80073,10.82023,11.81973,31.36560,28.79517
3493.33960,0.40909,-5.15960,82.80697,10.82503,11.83940,31.36080,28.78174
3493.34960,0.40729,-5.15280,82.81373,10.83023,11.86073,31.35560,28.76717
3493.35960,0.41800,-5.17714,82.86061,10.79961,11.81573,31.43060,28.81467
3493.36960,0.42523,-5.17184,82.97901,10.84101,11.82594,31.46340,28.84866
3493.37960,0.42575,-5.15914,83.03673,10.87923,11.84973,31.45560,28.85217
3493.38960,0.45862,-5.16640,83.03737,10.88563,11.81709,31.51256,28.82209
3493.39960,0.45896,-5.18335,83.04072,10.84315,11.79873,31.55740,28.84144
3493.40960,0.43457,-5.20065,83.04473,10.78123,11.79873,31.57460,28.89017
3493.41960,0.43401,-5.18549,83.12637,10.83739,11.82005,31.55900,28.90993
3493.42960,0.44960,-5.17548,83.10033,10.87363,11.81321,31.53940,28.87409
3493.43960,0.46451,-5.17914,83.00673,10.85923,11.78873,31.53460,28.82417
3493.44960,0.45940,-5.17853,82.99994,10.85617,11.79213,31.52440,28.82723
3493.45960,0.44959,-5.17737,82.98686,10.85029,11.79866,31.50480,28.83311
3493.46960,0.45116,-5.17775,82.96740,10.84357,11.79873,31.50460,28.82051
3493.47960,0.46514,-5.17958,82.96489,10.83621,11.79873,31.53747,28.79248
3493.48960,0.49007,-5.18208,83.04973,10.85023,11.79873,31.61460,28.78617
3493.49960,0.47599,-5.18258,83.01569,10.84283,11.79503,31.57760,28.80023
3493.50960,0.45418,-5.18938,82.94308,10.81595,11.77737,31.52559,28.82417
3493.51960,0.45796,-5.19968,82.91773,10.79123,11.75773,31.54460,28.82417
3493.52960,0.45796,-5.19968,82.91773,10.79123,11.75773,31.54460,28.82417
3493.53960,0.45713,-5.18969,83.11473,10.83023,11.80873,31.60460,28.87117
3493.54960,0.45790,-5.19110,83.07570,10.81981,11.80338,31.59658,28.85594
3493.55960,0.46455,-5.19227,82.99155,10.80880,11.78721,31.57737,28.81818
3493.56960,0.48194,-5.18190,83.07932,10.87635,11.78135,31.58800,28.83361
3493.57960,0.48255,-5.17013,83.14519,10.91823,11.80036,31.58096,28.84563
3493.58960,0.45549,-5.15587,83.17573,10.91823,11.86073,31.54460,28.85217
3493.59960,0.45793,-5.15528,83.18578,10.92068,11.86318,31.55195,28.84997
3493.60960,0.46406,-5.15616,83.17827,10.90787,11.87073,31.57271,28.82696
3493.61960,0.45821,-5.16778,83.01273,10.82023,11.87073,31.56460,28.75717
3493.62960,0.45800,-5.16779,83.01180,10.82053,11.87011,31.56342,28.75774
3493.63960,0.43680,-5.16951,82.91873,10.85023,11.80873,31.44560,28.81417
3493.64960,0.46521,-5.18146,82.92773,10.84023,11.77773,31.51460,28.79517
3493.65960,0.46514,-5.17882,82.92329,10.84731,11.77905,31.50512,28.79181
3493.66960,0.46468,-5.16119,82.89369,10.89451,11.78785,31.44192,28.76941
3493.67960,0.46463,-5.15943,82.89073,10.89923,11.78873,31.43560,28.76717
3493.68960,0.45380,-5.17696,82.91910,10.83660,11.79536,31.49197,28.79517
3493.69960,0.46375,-5.16279,83.04873,10.87923,11.83973,31.53460,28.79517
3493.70960,0.46375,-5.16279,83.04873,10.87923,11.83973,31.53460,28.79517
3493.71960,0.49362,-5.18002,82.97793,10.88933,11.74755,31.54559,28.79546
3493.72960,0.49180,-5.17122,83.19773,10.89923,11.82973,31.64460,28.82417
3493.73960,0.49180,-5.17122,83.19773,10.89923,11.82973,31.64460,28.82417
3493.74960,0.47654,-5.16124,83.13773,10.90923,11.83973,31.57460,28.81417
3493.75960,0.47654,-5.16124,83.13773,10.90923,11.83973,31.57460,28.81417
3493.76960,0.49911,-5.18102,82.90709,10.84298,11.77095,31.56621,28.72695
3493.77960,0.50157,-5.18342,82.90323,10.86533,11.73883,31.54660,28.75247
3493.78960,0.50136,-5.18326,82.90773,10.86923,11.73673,31.54460,28.75717
3493.79960,0.49056,-5.16825,82.94819,10.86024,11.81134,31.55359,28.72301
3493.80960,0.49393,-5.16050,82.97073,10.88623,11.81973,31.54560,28.71917
3493.81960,0.49444,-5.15983,82.97273,10.88923,11.81973,31.54460,28.71917
3493.82960,0.49984,-5.16027,82.92777,10.90190,11.79313,31.51927,28.71347
3493.83960,0.50296,-5.16053,82.90173,10.90923,11.77773,31.50460,28.71017
3493.84960,0.47834,-5.14980,82.93293,10.92405,11.81049,31.45858,28.73981
3493.85960,0.49782,-5.17376,82.96238,10.88312,11.77231,31.55189,28.75506
3493.86960,0.50595,-5.18206,82.96873,10.86923,11.75773,31.58460,28.75717
3493.87960,0.48095,-5.17932,82.95973,10.86173,11.77273,31.53960,28.78567
3493.88960,0.49634,-5.18019,83.03097,10.90439,11.74635,31.56287,28.81737
3493.89960,0.50361,-5.18074,83.05373,10.91823,11.73673,31.57460,28.82417
3493.90960,0.51817,-5.18108,83.01907,10.92333,11.72092,31.57970,28.79511
3493.91960,0.53219,-5.18141,82.98573,10.92823,11.70573,31.58460,28.76717
3493.92960,0.51635,-5.17845,82.96324,10.92087,11.71775,31.55009,28.77454
3493.93960,0.49214,-5.16948,82.88910,10.90014,11.75082,31.48651,28.75163
3493.94960,0.49313,-5.16435,82.84273,10.88923,11.76773,31.47560,28.71017
3493.95960,0.49163,-5.15724,82.83885,10.89894,11.78277,31.46105,28.69610
3493.96960,0.48752,-5.15527,82.85455,10.91174,11.78142,31.44839,28.71299
3493.97960,0.48226,-5.16686,82.89583,10.91698,11.74538,31.45420,28.77927
3493.98960,0.48100,-5.16963,82.90573,10.91823,11.73673,31.45560,28.79517
3493.99960,0.51012,-5.16457,82.96750,10.96235,11.72790,31.49884,28.77841
3494.00960,0.51399,-5.16390,82.97573,10.96823,11.72673,31.50460,28.77617
3494.01960,0.49523,-5.16894,83.04604,10.92429,11.77154,31.54854,28.80166
3494.02960,0.45640,-5.16560,83.07351,10.91023,11.80528,31.50216,28.85584
3494.03960,0.45191,-5.16532,83.07591,10.90830,11.80890,31.49670,28.86201
3494.04960,0.44711,-5.17672,83.08208,10.85372,11.82360,31.54521,28.85954
3494.05960,0.43598,-5.17298,83.07473,10.85923,11.82973,31.51460,28.87117
3494.06960,0.44731,-5.16712,83.10463,10.89250,11.82599,31.51834,28.86781
3494.07960,0.47046,-5.15760,83.08718,10.94056,11.80783,31.50579,28.83300
3494.08960,0.47719,-5.15808,82.97873,10.92823,11.78873,31.47560,28.78617
3494.09960,0.47347,-5.15910,83.00514,10.92521,11.79525,31.48499,28.79970
3494.10960,0.45384,-5.16451,83.14473,10.90923,11.82973,31.53460,28.87117
3494.11960,0.45666,-5.16628,83.12898,10.90923,11.81896,31.53197,28.86881
3494.12960,0.46270,-5.17248,83.06094,10.90121,11.78579,31.51685,28.85709
3494.13960,0.45753,-5.17584,82.99573,10.87923,11.77773,31.49560,28.84317
3494.14960,0.45095,-5.17268,82.99757,10.87923,11.78973,31.48393,28.84467
3494.15960,0.42465,-5.16005,83.00490,10.87923,11.83773,31.43727,28.85067
3494.16960,0.44970,-5.17375,83.04473,10.88923,11.78873,31.49560,28.87117
3494.17960,0.44938,-5.17547,83.04562,10.88776,11.78417,31.49692,28.87676
3494.18960,0.44758,-5.18545,83.05073,10.87923,11.75773,31.50460,28.90917
3494.19960,0.45010,-5.18669,83.03239,10.87691,11.75053,31.50239,28.90256
3494.20960,0.46931,-5.19602,82.89413,10.85943,11.69644,31.48609,28.85217
3494.21960,0.46775,-5.18143,83.03373,10.87923,11.76773,31.53460,28.85217
3494.22960,0.46775,-5.18143,83.03373,10.87923,11.76773,31.53460,28.85217
3494.23960,0.42887,-5.17283,83.02311,10.86808,11.80731,31.46580,28.88192
3494.24960,0.42546,-5.20203,82.94173,10.81023,11.73673,31.47560,28.91917
3494.25960,0.42546,-5.20203,82.94173,10.81023,11.73673,31.47560,28.91917
3494.26960,0.44645,-5.20523,83.01773,10.85023,11.70573,31.51460,28.94717
3494.27960,0.44645,-5.20523,83.01773,10.85023,11.70573,31.51460,28.94717
3494.28960,0.43531,-5.18730,83.04400,10.87331,11.75507,31.48356,28.93205
3494.29960,0.43180,-5.19913,83.02296,10.84889,11.73070,31.49051,28.95286
3494.30960,0.43117,-5.21465,82.99673,10.82023,11.69573,31.50460,28.97617
3494.31960,0.42827,-5.21100,82.98885,10.82387,11.70324,31.49139,28.97036
3494.32960,0.40994,-5.18636,82.94177,10.85023,11.75374,31.40590,28.93191
3494.33960,0.42824,-5.19886,83.00973,10.85023,11.72673,31.47560,28.95717
3494.34960,0.43064,-5.19703,83.01736,10.85386,11.73185,31.48048,28.95117
3494.35960,0.44747,-5.18420,83.07073,10.87923,11.76773,31.51460,28.90917
3494.36960,0.44233,-5.18757,83.06068,10.86253,11.76943,31.51630,28.91241
3494.37960,0.42095,-5.19364,83.04879,10.81776,11.78884,31.51401,28.92817
3494.38960,0.42422,-5.18448,83.08173,10.85023,11.79873,31.50460,28.92817
3494.39960,0.45997,-5.18377,83.03581,10.88773,11.75128,31.51225,28.88455
3494.40960,0.44319,-5.19416,83.04312,10.86168,11.74148,31.50985,28.93011
3494.41960,0.41257,-5.20586,83.06673,10.82023,11.74673,31.50460,28.99517
3494.42960,0.41763,-5.19849,83.06030,10.85177,11.74029,31.47950,28.98874
3494.43960,0.42044,-5.19441,83.05673,10.86923,11.73673,31.46560,28.98517
3494.44960,0.40848,-5.19212,83.07623,10.86273,11.75688,31.45910,28.99752
3494.45960,0.42222,-5.19849,83.04455,10.85105,11.73673,31.48100,28.97576
3494.46960,0.44895,-5.20856,82.98873,10.84023,11.69573,31.51460,28.93817
3494.47960,0.42102,-5.20023,83.01651,10.81549,11.75834,31.49996,28.94272
3494.48960,0.39775,-5.19373,83.11373,10.82523,11.79873,31.49510,28.99467
3494.49960,0.40184,-5.19539,83.18373,10.85923,11.77773,31.50460,29.04217
3494.50960,0.40664,-5.19137,83.14150,10.86554,11.77458,31.48601,29.01539
3494.51960,0.41588,-5.18364,83.06029,10.87766,11.76851,31.45025,28.96387
3494.52960,0.41302,-5.18256,83.05011,10.87163,11.77571,31.44560,28.95717
3494.53960,0.41253,-5.18138,83.03522,10.86699,11.78058,31.44172,28.94593
3494.54960,0.42223,-5.17971,83.01073,10.87923,11.76773,31.43560,28.92817
3494.55960,0.42204,-5.17656,83.00260,10.88149,11.77473,31.42882,28.91755
3494.56960,0.42155,-5.16867,82.98226,10.88714,11.79225,31.41187,28.89100
3494.57960,0.41060,-5.17738,82.88304,10.82810,11.79249,31.39936,28.86308
3494.58960,0.40409,-5.18441,82.82773,10.79123,11.78873,31.39560,28.85217
3494.59960,0.41008,-5.16769,82.85287,10.85017,11.79739,31.36093,28.84437
3494.60960,0.41074,-5.17358,82.85306,10.84377,11.78247,31.36871,28.85812
3494.61960,0.41446,-5.19665,82.87506,10.81165,11.73673,31.41915,28.90753
3494.62960,0.43293,-5.19364,83.00973,10.85923,11.73673,31.47560,28.93817
3494.63960,0.42833,-5.19311,83.01103,10.85293,11.74535,31.47375,28.93901
3494.64960,0.39547,-5.18925,83.02030,10.80790,11.80694,31.46050,28.94497
3494.65960,0.42913,-5.16468,83.13973,10.93823,11.79873,31.45560,28.94717
3494.66960,0.42913,-5.16468,83.13973,10.93823,11.79873,31.45560,28.94717
3494.67960,0.41310,-5.15576,83.06473,10.90923,11.83973,31.41560,28.90017
3494.68960,0.41259,-5.15662,83.06228,10.90774,11.83742,31.41486,28.90226
3494.69960,0.40893,-5.16274,83.04472,10.89711,11.82093,31.40954,28.91715
3494.70960,0.39743,-5.16047,83.04050,10.90405,11.82112,31.37839,28.93694
3494.71960,0.37715,-5.14475,83.06073,10.93823,11.84973,31.31560,28.95717
3494.72960,0.40197,-5.13932,83.02849,10.94343,11.85545,31.34160,28.88801
3494.73960,0.40979,-5.13043,83.03123,10.97128,11.86073,31.33015,28.86908
3494.74960,0.39928,-5.12759,83.05199,10.98713,11.86093,31.30471,28.89922
3494.75960,0.39391,-5.11183,82.87973,10.97723,11.88073,31.21660,28.80517
3494.76960,0.39391,-5.11183,82.87973,10.97723,11.88073,31.21660,28.80517
3494.77960,0.40222,-5.11292,82.89061,10.98710,11.86990,31.22819,28.80543
3494.78960,0.42846,-5.12946,82.93461,10.98043,11.82857,31.30752,28.81809
3494.79960,0.44104,-5.13738,82.95573,10.97723,11.80873,31.34560,28.82417
3494.80960,0.41813,-5.14778,82.93955,10.91610,11.82761,31.35459,28.84125
3494.81960,0.42716,-5.14029,82.94308,10.96983,11.80210,31.31996,28.85119
3494.82960,0.42858,-5.13923,82.94373,10.97723,11.79873,31.31560,28.85217
3494.83960,0.40349,-5.13158,83.01108,10.95623,11.86607,31.32284,28.86593
3494.84960,0.39394,-5.12867,83.03673,10.94823,11.89173,31.32560,28.87117
3494.85960,0.41596,-5.13819,83.07169,10.97027,11.84461,31.36360,28.89321
3494.86960,0.41136,-5.14113,83.11267,10.97032,11.84508,31.37560,28.92167
3494.87960,0.40787,-5.14111,83.12173,10.96823,11.84973,31.37560,28.92817
3494.88960,0.39412,-5.14598,83.02632,10.91598,11.85806,31.35288,28.89940
3494.89960,0.39832,-5.15330,83.00733,10.92166,11.82052,31.34560,28.91955
3494.90960,0.40085,-5.15499,83.01073,10.92823,11.80873,31.34560,28.92817
3494.91960,0.39231,-5.14757,82.99317,10.91325,11.84592,31.33527,28.89873
3494.92960,0.38431,-5.14062,82.97673,10.89923,11.88073,31.32560,28.87117
3494.93960,0.39157,-5.14560,82.97584,10.90372,11.85786,31.33457,28.87969
3494.94960,0.40027,-5.14430,82.89527,10.91449,11.82973,31.29944,28.85161
3494.95960,0.40011,-5.13900,82.83873,10.91823,11.82973,31.26660,28.82417
3494.96960,0.40507,-5.14157,82.91937,10.93743,11.82333,31.29796,28.86065
3494.97960,0.40301,-5.14974,83.00782,10.92922,11.82606,31.34728,28.90525
3494.98960,0.40022,-5.15363,83.03273,10.91823,11.82973,31.36560,28.91917
3494.99960,0.41612,-5.15092,83.08641,10.94694,11.82557,31.39473,28.91917
3495.00960,0.43839,-5.14714,83.16173,10.98723,11.81973,31.43560,28.91917
3495.01960,0.44489,-5.14764,83.15458,10.97923,11.82394,31.45244,28.89896
3495.02960,0.44853,-5.14992,83.14557,10.96405,11.82833,31.47002,28.88317
3495.03960,0.41579,-5.15975,83.15073,10.93823,11.81973,31.43560,28.95717
3495.04960,0.41932,-5.15566,83.13346,10.94230,11.82582,31.42950,28.93583
3495.05960,0.43353,-5.14011,83.06472,10.95765,11.84833,31.40638,28.85237
3495.06960,0.45203,-5.16350,83.01424,10.92852,11.77843,31.44521,28.86208
3495.07960,0.44952,-5.15759,83.01815,10.94189,11.78766,31.42905,28.85955
3495.08960,0.43274,-5.11919,83.04573,11.02723,11.84973,31.32560,28.84317
3495.09960,0.43907,-5.12873,82.97644,10.99393,11.82921,31.33569,28.81761
3495.10960,0.43547,-5.15233,82.85915,10.91640,11.78873,31.34650,28.80752
3495.11960,0.39849,-5.16316,82.90373,10.88923,11.78873,31.32560,28.90017
3495.12960,0.39686,-5.15467,82.96628,10.89978,11.82618,31.34378,28.89654
3495.13960,0.40287,-5.13888,83.11651,10.93711,11.88757,31.39448,28.89735
3495.14960,0.41745,-5.13728,83.18373,10.96823,11.88073,31.42560,28.90917
3495.15960,0.41745,-5.13728,83.18373,10.96823,11.88073,31.42560,28.90917
3495.16960,0.43493,-5.12126,83.07673,11.01723,11.86073,31.35560,28.84317
3495.17960,0.43034,-5.12417,83.04733,11.00146,11.85779,31.34758,28.84050
3495.18960,0.41417,-5.12974,82.96491,10.95563,11.86065,31.32040,28.82823
3495.19960,0.40396,-5.12285,82.95973,10.94823,11.89173,31.30560,28.81417
3495.20960,0.40436,-5.12306,82.94293,10.94559,11.88895,31.30044,28.80796
3495.21960,0.40593,-5.12394,82.87574,10.93501,11.87784,31.27981,28.78309
3495.22960,0.42553,-5.12203,82.72373,10.95823,11.81973,31.21660,28.72917
3495.23960,0.42912,-5.12254,82.73773,10.96023,11.81973,31.22860,28.72917
3495.24960,0.44348,-5.12458,82.79373,10.96823,11.81973,31.27660,28.72917
3495.25960,0.44373,-5.12389,82.80711,10.97189,11.82225,31.28026,28.73271
3495.26960,0.44136,-5.12015,82.91731,10.99521,11.84286,31.30863,28.77061
3495.27960,0.40445,-5.12926,83.07373,10.97723,11.87073,31.33560,28.89017
3495.28960,0.40665,-5.12945,83.06547,10.97723,11.86779,31.33560,28.88485
3495.29960,0.42025,-5.12807,83.02846,10.98629,11.85357,31.33377,28.85483
3495.30960,0.42111,-5.11019,83.12650,11.05100,11.88102,31.32070,28.87378
3495.31960,0.42184,-5.10356,83.16327,11.07299,11.89335,31.31884,28.87809
3495.32960,0.42507,-5.10635,83.15111,11.04596,11.90686,31.34587,28.85242
3495.33960,0.42599,-5.10740,83.14539,11.03567,11.91173,31.35502,28.84298
3495.34960,0.41393,-5.11005,83.07840,11.00751,11.91173,31.32589,28.83327
3495.35960,0.46766,-5.10576,83.04973,11.06623,11.86073,31.35560,28.76717
3495.36960,0.46698,-5.10574,83.04873,11.06564,11.86114,31.35440,28.76756
3495.37960,0.40170,-5.10311,82.94937,11.00781,11.90111,31.23640,28.80404
3495.38960,0.42942,-5.09851,82.88173,11.03623,11.87073,31.22660,28.74817
3495.39960,0.42942,-5.09851,82.88173,11.03623,11.87073,31.22660,28.74817
3495.40960,0.42584,-5.09691,82.91115,11.03124,11.88964,31.23973,28.75054
3495.41960,0.41580,-5.09245,82.99373,11.01723,11.94273,31.27660,28.75717
3495.42960,0.39948,-5.09794,83.00780,11.00115,11.94273,31.26856,28.79536
3495.43960,0.39888,-5.10442,83.07592,11.00024,11.93883,31.30301,28.83384
3495.44960,0.43585,-5.10182,83.14973,11.03623,11.93273,31.37560,28.80517
3495.45960,0.43762,-5.10805,83.17365,11.03623,11.91661,31.39120,28.82961
3495.46960,0.43121,-5.10784,83.15465,11.04143,11.90693,31.36400,28.84229
3495.47960,0.42378,-5.10233,83.11673,11.04623,11.91173,31.32560,28.83317
3495.48960,0.44125,-5.10373,83.11288,11.03160,11.92020,31.37180,28.78928
3495.49960,0.44647,-5.10415,83.11173,11.02723,11.92273,31.38560,28.77617
3495.50960,0.44136,-5.10692,83.09069,11.01697,11.91708,31.37533,28.78131
3495.51960,0.43043,-5.11739,83.01888,10.98195,11.89416,31.35274,28.79003
3495.52960,0.42228,-5.12786,82.94973,10.94823,11.87073,31.33560,28.79517
3495.53960,0.42544,-5.11454,82.88765,10.98599,11.86433,31.27224,28.76509
3495.54960,0.44687,-5.10732,82.88016,11.00070,11.87379,31.29472,28.71095
3495.55960,0.45730,-5.10747,82.89473,10.99723,11.88073,31.32560,28.69117
3495.56960,0.45223,-5.10868,82.92702,11.00401,11.87847,31.32560,28.71895
3495.57960,0.43487,-5.11282,83.03773,11.02723,11.87073,31.32560,28.81417
3495.58960,0.43924,-5.12527,83.03253,10.99135,11.85981,31.36720,28.81417
3495.59960,0.44009,-5.12906,83.05925,10.97872,11.86601,31.39509,28.81943
3495.60960,0.43722,-5.12209,83.08773,10.99723,11.88073,31.38560,28.82417
3495.61960,0.44136,-5.12699,83.02221,10.97175,11.87033,31.38560,28.79453
3495.62960,0.43895,-5.13666,82.93521,10.92795,11.85501,31.38040,28.77185
3495.63960,0.43319,-5.14141,82.91073,10.90923,11.84973,31.37560,28.77617
3495.64960,0.43319,-5.14141,82.91073,10.90923,11.84973,31.37560,28.77617
3495.65960,0.43782,-5.13834,82.87373,10.89923,11.86073,31.37560,28.73817
3495.66960,0.43650,-5.13019,82.92464,10.93479,11.86881,31.36348,28.75757
3495.67960,0.44362,-5.11728,82.98928,10.98321,11.88515,31.36168,28.75924
3495.68960,0.45712,-5.11594,82.97373,10.97723,11.89173,31.38560,28.71917
3495.69960,0.45712,-5.11594,82.97373,10.97723,11.89173,31.38560,28.71917
3495.70960,0.43392,-5.12776,83.02107,10.95823,11.88073,31.38427,28.79784
3495.71960,0.44406,-5.13178,83.07440,10.95823,11.88073,31.43093,28.80451
3495.72960,0.44387,-5.13477,83.06255,10.95269,11.87213,31.43006,28.80767
3495.73960,0.44217,-5.14260,83.01228,10.93823,11.84427,31.41560,28.81417
3495.74960,0.45291,-5.14387,83.02465,10.95155,11.82973,31.42919,28.81417
3495.75960,0.46165,-5.14444,83.09903,10.96478,11.83483,31.47070,28.82871
3495.76960,0.43347,-5.15884,83.10573,10.89923,11.84973,31.48560,28.87117
3495.77960,0.43347,-5.15884,83.10573,10.89923,11.84973,31.48560,28.87117
3495.78960,0.44786,-5.14461,83.13064,10.94549,11.86218,31.47967,28.84330
3495.79960,0.44965,-5.11601,83.22012,11.03559,11.90101,31.43867,28.84486
3495.80960,0.44679,-5.10935,83.24573,11.05623,11.91173,31.42560,28.85217
3495.81960,0.45099,-5.13459,82.99873,10.96823,11.83973,31.39560,28.79517
3495.82960,0.45250,-5.13399,83.00034,10.96823,11.84232,31.39931,28.79047
3495.83960,0.46447,-5.13137,83.00363,10.96958,11.85143,31.42260,28.76002
3495.84960,0.47183,-5.14028,82.95773,10.97723,11.79873,31.40560,28.77617
3495.85960,0.47183,-5.14028,82.95773,10.97723,11.79873,31.40560,28.77617
3495.86960,0.46588,-5.13959,82.91771,10.96584,11.80165,31.38515,28.76507
3495.87960,0.44346,-5.14106,82.86513,10.92343,11.82427,31.35780,28.75963
3495.88960,0.44068,-5.14203,82.88144,10.91853,11.83014,31.36570,28.76707
3495.89960,0.44263,-5.12801,82.95173,10.94823,11.87073,31.37560,28.75717
3495.90960,0.44263,-5.12801,82.95173,10.94823,11.87073,31.37560,28.75717
3495.91960,0.46596,-5.14321,83.07748,10.95813,11.84003,31.47461,28.80470
3495.92960,0.49483,-5.13373,83.19120,11.02423,11.83973,31.52207,28.80517
3495.93960,0.50869,-5.12907,83.24573,11.05623,11.83973,31.54460,28.80517
3495.94960,0.48686,-5.14013,83.14205,10.98740,11.83973,31.51846,28.79646
3495.95960,0.48233,-5.12312,83.23374,11.01203,11.90237,31.53200,28.78734
3495.96960,0.48214,-5.12034,83.24973,11.01723,11.91173,31.53460,28.78617
3495.97960,0.49263,-5.12433,83.11187,11.02453,11.85191,31.47698,28.75846
3495.98960,0.47945,-5.10675,83.06304,11.03416,11.89287,31.41710,28.71891
3495.99960,0.47435,-5.10106,83.06373,11.03623,11.91173,31.40560,28.71017
3496.00960,0.48257,-5.10782,82.99047,11.01455,11.88855,31.40560,28.68177
3496.01960,0.48535,-5.11011,82.96573,11.00723,11.88073,31.40560,28.67217
3496.02960,0.48715,-5.09435,82.99665,11.05183,11.90201,31.38026,28.66254
3496.03960,0.49207,-5.09841,82.97526,11.04967,11.88349,31.38091,28.66119
3496.04960,0.49642,-5.12501,82.90473,10.98723,11.82973,31.41560,28.67217
3496.05960,0.49381,-5.10206,82.92561,11.03721,11.86895,31.37131,28.64813
3496.06960,0.48402,-5.08933,82.96876,11.06623,11.89819,31.34560,28.65874
3496.07960,0.47641,-5.09555,82.97363,11.04138,11.90173,31.35835,28.67217
3496.08960,0.47632,-5.10005,82.93555,11.02087,11.89536,31.35924,28.66008
3496.09960,0.47728,-5.10069,82.91773,11.01723,11.89173,31.35560,28.65317
3496.10960,0.47932,-5.10328,82.94712,11.03617,11.87148,31.35560,28.68387
3496.11960,0.48001,-5.09930,82.97279,11.04623,11.88302,31.35997,28.68356
3496.12960,0.47950,-5.09239,82.98573,11.04623,11.91173,31.36560,28.66217
3496.13960,0.50404,-5.09349,82.99633,11.07220,11.88470,31.39210,28.64733
3496.14960,0.51095,-5.09723,83.06138,11.09523,11.86603,31.41560,28.68452
3496.15960,0.48590,-5.10176,83.06403,11.07477,11.87073,31.38936,28.72917
3496.16960,0.48808,-5.09909,82.98429,11.04115,11.89205,31.38640,28.66469
3496.17960,0.50006,-5.09488,82.94973,11.02723,11.91173,31.40560,28.60517
3496.18960,0.50006,-5.09488,82.94973,11.02723,11.91173,31.40560,28.60517
3496.19960,0.48041,-5.09961,82.87273,10.99643,11.90403,31.35940,28.61287
3496.20960,0.49769,-5.09032,82.97737,11.07603,11.88716,31.36641,28.64778
3496.21960,0.51187,-5.08317,83.01287,11.12444,11.87459,31.36333,28.65051
3496.22960,0.51063,-5.08332,82.99419,11.12178,11.87153,31.35405,28.64684
3496.23960,0.48447,-5.09777,83.06717,11.06165,11.89923,31.40134,28.70494
3496.24960,0.48518,-5.10021,83.06763,11.06178,11.89036,31.40283,28.71267
3496.25960,0.49319,-5.10317,83.05173,11.07623,11.86073,31.39560,28.71917
3496.26960,0.49566,-5.09852,83.07928,11.08687,11.87464,31.40378,28.71399
3496.27960,0.49752,-5.09213,83.11129,11.09059,11.90305,31.42000,28.69765
3496.28960,0.48538,-5.10757,83.00473,11.02723,11.88073,31.40560,28.69117
3496.29960,0.48538,-5.10757,83.00473,11.02723,11.88073,31.40560,28.69117
3496.30960,0.47979,-5.10642,82.99089,11.04263,11.86569,31.37240,28.71017
3496.31960,0.47713,-5.09329,83.03373,11.07623,11.89173,31.35560,28.71017
3496.32960,0.47676,-5.09276,83.02673,11.07480,11.89316,31.35274,28.70603
3496.33960,0.47454,-5.08957,82.98473,11.06623,11.90173,31.33560,28.68117
3496.34960,0.47368,-5.09067,82.99973,11.06173,11.90638,31.34610,28.68552
3496.35960,0.47290,-5.10110,83.05773,11.02888,11.91728,31.40710,28.70447
3496.36960,0.49642,-5.12501,82.90473,10.98723,11.82973,31.41560,28.67217
3496.37960,0.49642,-5.12501,82.90473,10.98723,11.82973,31.41560,28.67217
3496.38960,0.53670,-5.10834,83.00764,11.08533,11.82063,31.44737,28.65431
3496.39960,0.52624,-5.11546,83.10173,11.05623,11.84973,31.50460,28.69117
3496.40960,0.52546,-5.11500,83.10239,11.05683,11.85099,31.50283,28.69174
3496.41960,0.50006,-5.10012,83.12373,11.07623,11.89173,31.44560,28.71017
3496.42960,0.50006,-5.10012,83.12373,11.07623,11.89173,31.44560,28.71017
3496.43960,0.49592,-5.10392,83.20380,11.07623,11.89998,31.47862,28.74897
3496.44960,0.46938,-5.10872,83.21174,11.04027,11.92061,31.46762,28.78324
3496.45960,0.46649,-5.10917,83.21073,11.03623,11.92273,31.46560,28.78617
3496.46960,0.46006,-5.10767,83.06043,11.01013,11.91283,31.40260,28.73487
3496.47960,0.46514,-5.12753,82.84753,10.93613,11.85593,31.37760,28.67787
3496.48960,0.46578,-5.12976,82.82573,10.92823,11.84973,31.37560,28.67217
3496.49960,0.46490,-5.10604,82.77443,10.97233,11.87763,31.30360,28.62087
3496.50960,0.46480,-5.10340,82.76873,10.97723,11.88073,31.29560,28.61517
3496.51960,0.47320,-5.11868,82.86024,10.96250,11.86522,31.37315,28.65938
3496.52960,0.48587,-5.13233,82.89368,10.94279,11.84451,31.43421,28.67217
3496.53960,0.48890,-5.13505,82.89573,10.93823,11.83973,31.44560,28.67217
3496.54960,0.46106,-5.12860,82.92491,10.94591,11.86352,31.39954,28.71593
3496.55960,0.46832,-5.12253,82.93527,10.95593,11.87843,31.40870,28.69221
3496.56960,0.47300,-5.12130,82.93573,10.95823,11.88073,31.41560,28.68117
3496.57960,0.47300,-5.12130,82.93573,10.95823,11.88073,31.41560,28.68117
3496.58960,0.47339,-5.12224,83.04973,11.01723,11.84973,31.41560,28.76717
3496.59960,0.48299,-5.12488,83.06381,11.00443,11.85677,31.45400,28.74861
3496.60960,0.48512,-5.12716,83.05893,10.99083,11.86073,31.46920,28.73817
3496.61960,0.48328,-5.12760,83.05173,10.98723,11.86073,31.46560,28.73817
3496.62960,0.46450,-5.10970,83.07264,10.99991,11.91902,31.42758,28.72613
3496.63960,0.45395,-5.10060,83.11938,11.03810,11.92690,31.39300,28.76138
3496.64960,0.45413,-5.10133,83.13973,11.05623,11.91173,31.38560,28.78617
3496.65960,0.45761,-5.09877,83.07261,11.05164,11.90713,31.36261,28.75123
3496.66960,0.46171,-5.09575,82.99373,11.04623,11.90173,31.33560,28.71017
3496.67960,0.45123,-5.10260,82.97292,11.01033,11.90693,31.34080,28.71486
3496.68960,0.45314,-5.10531,82.99280,11.00722,11.90567,31.35771,28.72220
3496.69960,0.47493,-5.09851,83.06652,11.06379,11.89424,31.38057,28.72792
3496.70960,0.46690,-5.09336,83.05099,11.07170,11.90080,31.34932,28.72917
3496.71960,0.45948,-5.09451,83.10707,11.06623,11.91756,31.36920,28.75408
3496.72960,0.46660,-5.09944,83.19073,11.06623,11.92273,31.42560,28.77617
3496.73960,0.46638,-5.09967,83.18783,11.06528,11.92205,31.42463,28.77587
3496.74960,0.45249,-5.11352,83.01073,11.00723,11.88073,31.36560,28.75717
3496.75960,0.45664,-5.11686,83.02618,11.00723,11.87281,31.38144,28.76470
3496.76960,0.46286,-5.11985,83.05012,11.00723,11.86853,31.40560,28.76876
3496.77960,0.46270,-5.11655,83.05073,11.00723,11.88073,31.40560,28.75717
3496.78960,0.45914,-5.12001,83.05251,11.00428,11.87157,31.40265,28.77401
3496.79960,0.45231,-5.12666,83.05592,10.99860,11.85395,31.39696,28.80640
3496.80960,0.46132,-5.11946,83.05438,11.02037,11.85796,31.39168,28.78437
3496.81960,0.46186,-5.10925,83.05956,11.01862,11.89836,31.39712,28.74547
3496.82960,0.43625,-5.11472,83.07373,10.95823,11.94273,31.41560,28.75717
3496.83960,0.44614,-5.11882,83.05678,10.96856,11.91279,31.41560,28.75982
3496.84960,0.47089,-5.12907,83.01440,10.99439,11.83796,31.41560,28.76644
3496.85960,0.45684,-5.10970,83.07273,11.00723,11.91173,31.40560,28.74817
3496.86960,0.46017,-5.11180,83.06024,11.00569,11.90216,31.40714,28.74524
3496.87960,0.47249,-5.11960,83.01395,10.99998,11.86673,31.41286,28.73438
3496.88960,0.47842,-5.12334,82.99173,10.99723,11.84973,31.41560,28.72917
3496.89960,0.47477,-5.12838,82.96573,10.98215,11.83933,31.41040,28.73385
3496.90960,0.47251,-5.13128,82.93757,10.96303,11.84013,31.41080,28.72361
3496.91960,0.47353,-5.12967,82.93373,10.95823,11.84973,31.41560,28.71017
3496.92960,0.46720,-5.12701,82.92238,10.95823,11.85630,31.39767,28.71017
3496.93960,0.48700,-5.12473,83.09413,11.00070,11.86939,31.48093,28.74311
3496.94960,0.49004,-5.12458,83.11844,11.00567,11.87166,31.49424,28.74688
3496.95960,0.46207,-5.12138,82.97673,10.93823,11.91173,31.43560,28.69117
3496.96960,0.46212,-5.12226,82.98828,10.94123,11.90873,31.43860,28.69972
3496.97960,0.45858,-5.12592,83.04758,10.95973,11.89323,31.44360,28.75102
3496.98960,0.43683,-5.11861,83.01273,10.96823,11.90173,31.37560,28.76717
3496.99960,0.44222,-5.11779,83.01160,10.97233,11.90031,31.38126,28.75770
3497.00960,0.47478,-5.11442,82.99391,10.99137,11.88865,31.41560,28.69829
3497.01960,0.47364,-5.12534,82.92172,10.95230,11.86812,31.41560,28.68570
3497.02960,0.47299,-5.12864,82.89623,10.93883,11.86257,31.41480,28.68003
3497.03960,0.46133,-5.09762,82.92073,10.96823,11.95273,31.37560,28.62417
3497.04960,0.46152,-5.09760,82.92139,10.96892,11.95231,31.37560,28.62456
3497.05960,0.47923,-5.09545,82.98597,11.03545,11.91146,31.37600,28.66307
3497.06960,0.46594,-5.11083,82.99797,10.99611,11.89813,31.39600,28.70773
3497.07960,0.45957,-5.11821,83.00373,10.97723,11.89173,31.40560,28.72917
3497.08960,0.48618,-5.09975,83.18353,11.04825,11.93758,31.47752,28.72018
3497.09960,0.45290,-5.11092,83.02643,10.95903,11.94273,31.42260,28.70207
3497.10960,0.44886,-5.11239,83.00673,10.94823,11.94273,31.41560,28.70017
3497.11960,0.47425,-5.09866,82.98310,11.02295,11.91147,31.37748,28.67120
3497.12960,0.49187,-5.08483,83.07073,11.08627,11.92276,31.39274,28.66896
3497.13960,0.49646,-5.08031,83.11573,11.10523,11.93273,31.40560,28.67217
3497.14960,0.48945,-5.08946,83.01611,11.06695,11.91011,31.37950,28.65956
3497.15960,0.48033,-5.10136,82.88673,11.01723,11.88073,31.34560,28.64317
3497.16960,0.48699,-5.09560,82.89703,11.06743,11.85434,31.31342,28.66184
3497.17960,0.47338,-5.08940,82.91873,11.05747,11.89285,31.30840,28.66001
3497.18960,0.46364,-5.08771,82.92773,11.03623,11.92273,31.31560,28.65317
3497.19960,0.47788,-5.09108,82.83969,11.03623,11.88609,31.29787,28.61949
3497.20960,0.47724,-5.08784,82.91825,11.05543,11.90041,31.31760,28.64481
3497.21960,0.47135,-5.08471,82.99673,11.06623,11.92273,31.33560,28.67217
3497.22960,0.47408,-5.08385,83.00659,11.07441,11.92042,31.33770,28.67406
3497.23960,0.48437,-5.08060,83.04373,11.10523,11.91173,31.34560,28.68117
3497.24960,0.48437,-5.08060,83.04373,11.10523,11.91173,31.34560,28.68117
3497.25960,0.49406,-5.08094,83.14545,11.10088,11.94304,31.42055,28.68098
3497.26960,0.49329,-5.07021,83.16673,11.11523,11.97373,31.41560,28.66217
3497.27960,0.49121,-5.08305,83.14447,11.08926,11.94670,31.42620,28.68231
3497.28960,0.48288,-5.08106,83.10172,11.09319,11.93817,31.38442,28.68594
3497.29960,0.47062,-5.05579,83.05829,11.14404,11.96732,31.28785,28.65908
3497.30960,0.46792,-5.05023,83.04873,11.15523,11.97373,31.26660,28.65317
3497.31960,0.48510,-5.05699,82.96473,11.08623,11.99473,31.32560,28.55817
3497.32960,0.48571,-5.06029,82.94701,11.09766,11.96636,31.30630,28.57669
3497.33960,0.49235,-5.06854,82.88291,11.10994,11.90630,31.27395,28.59272
3497.34960,0.50658,-5.07645,82.79086,11.09669,11.86524,31.26733,28.56160
3497.35960,0.49628,-5.07626,82.78902,11.08213,11.87997,31.26125,28.56566
3497.36960,0.46690,-5.07167,82.86636,11.05674,11.94349,31.26997,28.59615
3497.37960,0.47565,-5.06696,83.01973,11.08623,11.97373,31.33560,28.62417
3497.38960,0.47478,-5.06609,83.02598,11.09282,11.97204,31.33053,28.63059
3497.39960,0.47129,-5.06262,83.05098,11.11917,11.96528,31.31026,28.65627
3497.40960,0.46681,-5.06360,83.05861,11.11133,11.97170,31.31341,28.66217
3497.41960,0.45210,-5.07069,83.06611,11.05570,12.00357,31.34466,28.66217
3497.42960,0.49466,-5.08464,83.02473,11.10523,11.89173,31.35560,28.67217
3497.43960,0.48917,-5.08389,83.02641,11.09837,11.90181,31.35280,28.67343
3497.44960,0.45779,-5.08221,83.01461,11.04797,11.95505,31.33700,28.67459
3497.45960,0.47202,-5.10048,82.87873,10.99723,11.90173,31.34560,28.63417
3497.46960,0.47202,-5.10048,82.87873,10.99723,11.90173,31.34560,28.63417
3497.47960,0.42438,-5.07855,82.99873,11.01723,11.99473,31.29560,28.69117
3497.48960,0.42504,-5.07885,82.99279,11.01663,11.99257,31.29443,28.68916
3497.49960,0.44654,-5.08878,82.80505,10.99870,11.92240,31.25777,28.62618
3497.50960,0.45389,-5.08927,82.94473,11.04623,11.91173,31.29560,28.69117
3497.51960,0.45460,-5.08938,82.94383,11.04683,11.91050,31.29590,28.69060
3497.52960,0.47688,-5.09333,82.91146,11.06356,11.87043,31.30530,28.67217
3497.53960,0.45491,-5.11172,82.80573,10.97723,11.86073,31.29560,28.67217
3497.54960,0.45470,-5.11192,82.80711,10.97723,11.86040,31.29590,28.67358
3497.55960,0.44787,-5.11824,82.85173,10.97723,11.84973,31.30560,28.71917
3497.56960,0.44862,-5.11780,82.85362,10.97873,11.85036,31.30650,28.71803
3497.57960,0.47213,-5.10421,82.91346,11.02548,11.86951,31.33530,28.68316
3497.58960,0.44828,-5.12773,82.87173,10.96823,11.82973,31.32560,28.74817
3497.59960,0.44828,-5.12773,82.87173,10.96823,11.82973,31.32560,28.74817
3497.60960,0.45403,-5.11796,82.84902,10.98557,11.84168,31.30767,28.71410
3497.61960,0.46190,-5.12211,82.92115,10.98976,11.84226,31.35537,28.73376
3497.62960,0.46325,-5.12574,82.95073,10.98723,11.83973,31.37560,28.74817
3497.63960,0.44935,-5.12603,83.05563,10.99620,11.85855,31.39353,28.80735
3497.64960,0.44775,-5.12607,83.06773,10.99723,11.86073,31.39560,28.81417
3497.65960,0.44731,-5.12634,83.06409,10.99488,11.86107,31.39526,28.81288
3497.66960,0.43873,-5.13501,82.97813,10.93623,11.86453,31.39360,28.78377
3497.67960,0.45359,-5.13828,83.04773,10.96823,11.83973,31.42560,28.81417
3497.68960,0.44205,-5.14059,83.04773,10.94611,11.85345,31.42560,28.82258
3497.69960,0.42879,-5.14515,83.05001,10.91589,11.86767,31.43154,28.83491
3497.70960,0.44869,-5.17106,83.08573,10.87923,11.81973,31.52460,28.86217
3497.71960,0.44467,-5.15378,83.04272,10.90815,11.84197,31.46602,28.82658
3497.72960,0.44327,-5.14776,83.02773,10.91823,11.84973,31.44560,28.81417
3497.73960,0.43303,-5.15966,83.07914,10.90090,11.83777,31.46951,28.87095
3497.74960,0.42507,-5.15564,83.19096,10.91433,11.86963,31.49783,28.90917
3497.75960,0.42448,-5.14899,83.23373,10.92823,11.89173,31.50460,28.90917
3497.76960,0.42448,-5.14899,83.23373,10.92823,11.89173,31.50460,28.90917
3497.77960,0.43288,-5.16194,83.00993,10.87873,11.83273,31.45610,28.84237
3497.78960,0.42841,-5.15839,83.02673,10.88923,11.83973,31.44560,28.85217
3497.79960,0.42401,-5.16504,82.96278,10.87364,11.81364,31.42015,28.85536
3497.80960,0.41455,-5.17931,82.82573,10.84023,11.75773,31.36560,28.86217
3497.81960,0.40508,-5.18587,82.77909,10.79836,11.76303,31.36560,28.85210
3497.82960,0.41140,-5.18812,82.78728,10.79157,11.76389,31.38864,28.84317
3497.83960,0.43499,-5.18238,82.86673,10.84023,11.75773,31.42560,28.84317
3497.84960,0.43236,-5.18415,82.92653,10.85011,11.75773,31.44120,28.87749
3497.85960,0.42561,-5.19543,82.99872,10.82526,11.76119,31.48992,28.92235
3497.86960,0.41744,-5.21361,83.03073,10.76123,11.76773,31.55460,28.94717
3497.87960,0.42586,-5.21616,83.07673,10.78083,11.75133,31.57460,28.96997
3497.88960,0.43847,-5.21998,83.14573,10.81023,11.72673,31.60460,29.00417
3497.89960,0.43750,-5.21376,83.13293,10.83383,11.72233,31.57260,29.00417
3497.90960,0.43990,-5.20699,83.09213,10.84563,11.72413,31.54460,28.97777
3497.91960,0.44570,-5.21083,83.05973,10.81023,11.73673,31.57460,28.93817
3497.92960,0.44726,-5.20886,83.06524,10.82183,11.73383,31.56880,28.94078
3497.93960,0.45053,-5.20400,83.07942,10.84977,11.72744,31.55437,28.94784
3497.94960,0.42747,-5.20323,83.10873,10.83023,11.75773,31.54460,28.97617
3497.95960,0.42763,-5.20703,83.05041,10.80890,11.74936,31.53650,28.95565
3497.96960,0.42806,-5.21734,82.89273,10.75123,11.72673,31.51460,28.90017
3497.97960,0.42806,-5.21734,82.89273,10.75123,11.72673,31.51460,28.90017
3497.98960,0.41098,-5.20604,82.91429,10.77123,11.75369,31.47290,28.91647
3497.99960,0.42116,-5.21255,82.86173,10.77123,11.71573,31.46560,28.90917
3498.00960,0.41830,-5.21333,82.88306,10.77123,11.71870,31.47100,28.92213
3498.01960,0.40905,-5.21320,82.95180,10.77123,11.73780,31.48830,28.95447
3498.02960,0.40490,-5.20721,82.98173,10.77123,11.76773,31.49560,28.94717
3498.03960,0.40806,-5.20741,82.99979,10.77403,11.76913,31.50806,28.94857
3498.04960,0.42746,-5.20859,83.11073,10.79123,11.77773,31.58460,28.95717
3498.05960,0.43167,-5.21068,83.10013,10.79533,11.76316,31.58319,28.95845
3498.06960,0.44993,-5.22530,83.02583,10.80253,11.68253,31.57310,28.96767
3498.07960,0.40809,-5.23654,82.96973,10.70223,11.72673,31.56460,28.97617
3498.08960,0.41068,-5.23332,82.99178,10.71693,11.72973,31.56610,28.97902
3498.09960,0.42765,-5.21503,83.11124,10.79890,11.74673,31.57757,28.98804
3498.10960,0.44091,-5.21479,83.07973,10.79123,11.74673,31.59460,28.94717
3498.11960,0.44091,-5.21479,83.07973,10.79123,11.74673,31.59460,28.94717
3498.12960,0.41232,-5.21487,83.01073,10.76123,11.75773,31.53460,28.95717
3498.13960,0.41280,-5.21455,83.01108,10.76233,11.75789,31.53460,28.95627
3498.14960,0.43672,-5.19863,83.02854,10.81709,11.76582,31.53460,28.91103
3498.15960,0.44711,-5.21614,82.76193,10.78743,11.65940,31.44812,28.86698
3498.16960,0.44778,-5.21924,82.72273,10.78123,11.64373,31.43560,28.86217
3498.17960,0.44010,-5.19214,82.88673,10.81023,11.75773,31.47560,28.84317
3498.18960,0.43968,-5.19237,82.88658,10.80945,11.75762,31.47550,28.84401
3498.19960,0.39760,-5.21577,82.87173,10.73123,11.74673,31.46560,28.92817
3498.20960,0.45197,-5.20571,82.99673,10.81963,11.72887,31.54506,28.90317
3498.21960,0.45848,-5.20451,83.01173,10.83023,11.72673,31.55460,28.90017
3498.22960,0.41765,-5.19737,82.89011,10.79561,11.75425,31.44896,28.89130
3498.23960,0.43904,-5.18278,82.94435,10.85997,11.75773,31.45322,28.87343
3498.24960,0.44262,-5.18093,82.95373,10.86923,11.75773,31.45560,28.87117
3498.25960,0.42122,-5.17168,82.95695,10.85397,11.80753,31.43150,28.86394
3498.26960,0.41598,-5.16942,82.95773,10.85023,11.81973,31.42560,28.86217
3498.27960,0.41487,-5.18320,82.90567,10.79817,11.80744,31.44900,28.85106
3498.28960,0.40289,-5.18327,82.87307,10.79157,11.80492,31.41608,28.86051
3498.29960,0.39601,-5.17728,82.87573,10.81023,11.80873,31.38560,28.87117
3498.30960,0.40842,-5.19446,82.83059,10.78137,11.76285,31.41520,28.87117
3498.31960,0.40921,-5.17688,82.94405,10.81533,11.82372,31.44055,28.86445
3498.32960,0.40800,-5.16892,82.98773,10.83023,11.84973,31.44560,28.86217
3498.33960,0.41824,-5.16739,82.94837,10.85143,11.82334,31.42397,28.84963
3498.34960,0.43156,-5.16540,82.89724,10.87896,11.78907,31.39588,28.83334
3498.35960,0.43038,-5.16665,82.90036,10.87486,11.78947,31.39930,28.83673
3498.36960,0.40970,-5.17737,82.97124,10.83018,11.81454,31.44050,28.88602
3498.37960,0.39729,-5.16229,83.04573,10.85923,11.86073,31.42560,28.90017
3498.38960,0.41379,-5.16283,83.08872,10.87700,11.85275,31.46138,28.89760
3498.39960,0.45078,-5.16762,83.17610,10.90893,11.82725,31.54505,28.89488
3498.40960,0.41883,-5.17744,83.06473,10.85023,11.81973,31.48560,28.90917
3498.41960,0.42747,-5.17671,83.00850,10.85023,11.80703,31.47351,28.87773
3498.42960,0.44746,-5.17503,82.87873,10.85023,11.77773,31.44560,28.80517
3498.43960,0.43113,-5.17712,82.85117,10.83891,11.77395,31.41162,28.82669
3498.44960,0.40945,-5.16790,82.78511,10.84220,11.78611,31.33319,28.82362
3498.45960,0.41593,-5.15231,82.75973,10.86923,11.80873,31.30560,28.77617
3498.46960,0.41422,-5.17034,82.75721,10.83944,11.77237,31.33085,28.81455
3498.47960,0.42084,-5.18038,82.82173,10.82523,11.76773,31.39060,28.83817
3498.48960,0.42912,-5.17276,82.88873,10.84023,11.79873,31.42560,28.82417
3498.49960,0.44205,-5.17245,82.93822,10.85993,11.79368,31.45590,28.82872
3498.50960,0.45471,-5.17214,82.98673,10.87923,11.78873,31.48560,28.83317
3498.51960,0.45471,-5.17214,82.98673,10.87923,11.78873,31.48560,28.83317
3498.52960,0.42376,-5.18431,83.03595,10.83836,11.79873,31.49225,28.90662
3498.53960,0.46711,-5.17660,83.19273,10.90923,11.79873,31.58460,28.90017
3498.54960,0.46312,-5.17344,83.17706,10.91267,11.80255,31.56548,28.89635
3498.55960,0.46349,-5.17070,83.15506,10.92563,11.79356,31.54200,28.89387
3498.56960,0.47510,-5.17476,83.16073,10.93823,11.76773,31.55460,28.90017
3498.57960,0.45721,-5.17153,83.10837,10.90951,11.79391,31.52224,28.88272
3498.58960,0.42585,-5.16588,83.01673,10.85923,11.83973,31.46560,28.85217
3498.59960,0.42585,-5.16588,83.01673,10.85923,11.83973,31.46560,28.85217
3498.60960,0.44723,-5.16304,82.92223,10.87198,11.81148,31.44560,28.79317
3498.61960,0.43370,-5.15851,82.81273,10.85023,11.81973,31.38560,28.75717
3498.62960,0.43965,-5.15892,82.83493,10.86273,11.81182,31.39580,28.76457
3498.63960,0.45914,-5.16112,82.90159,10.90426,11.78052,31.42560,28.79120
3498.64960,0.46507,-5.16393,82.90673,10.91823,11.75773,31.42560,28.80517
3498.65960,0.46119,-5.16457,82.92566,10.90439,11.77442,31.44168,28.80517
3498.66960,0.44603,-5.16708,82.99973,10.85023,11.83973,31.50460,28.80517
3498.67960,0.44865,-5.16725,83.00624,10.85716,11.83393,31.50601,28.80913
3498.68960,0.46382,-5.16671,83.03463,10.90068,11.80017,31.50609,28.82769
3498.69960,0.45950,-5.15705,82.96873,10.90923,11.80873,31.45560,28.79517
3498.70960,0.45950,-5.15705,82.96873,10.90923,11.80873,31.45560,28.79517
3498.71960,0.45648,-5.16080,82.96631,10.89493,11.80873,31.46287,28.79978
3498.72960,0.44216,-5.17131,82.98146,10.84771,11.82186,31.49040,28.82150
3498.73960,0.42778,-5.16773,83.04873,10.84023,11.86073,31.50460,28.84317
3498.74960,0.45003,-5.16900,82.99797,10.84841,11.83405,31.51320,28.80230
3498.75960,0.48145,-5.17419,82.91240,10.85923,11.78096,31.51887,28.75333
3498.76960,0.47657,-5.18174,82.87406,10.83456,11.76773,31.51460,28.75717
3498.77960,0.50329,-5.18995,82.73087,10.84618,11.68729,31.48087,28.71652
3498.78960,0.50805,-5.19078,82.71073,10.85023,11.67473,31.47560,28.71017
3498.79960,0.47318,-5.16553,82.94213,10.86714,11.81268,31.51031,28.75200
3498.80960,0.48879,-5.18174,82.86304,10.85232,11.74696,31.51460,28.74916
3498.81960,0.49126,-5.18414,82.84973,10.85023,11.73673,31.51460,28.74817
3498.82960,0.48018,-5.17992,82.90160,10.85554,11.76089,31.51460,28.77057
3498.83960,0.48496,-5.17053,82.96164,10.89539,11.77160,31.51460,28.78004
3498.84960,0.49285,-5.16645,82.97673,10.91823,11.76773,31.51460,28.77617
3498.85960,0.50026,-5.17111,82.96372,10.91207,11.75335,31.52829,28.77001
3498.86960,0.50367,-5.17326,82.95773,10.90923,11.74673,31.53460,28.76717
3498.87960,0.47926,-5.17786,82.97484,10.88389,11.76003,31.52193,28.80900
3498.88960,0.49971,-5.17870,82.95355,10.90678,11.72827,31.52733,28.79117
3498.89960,0.51946,-5.17766,82.93573,10.92823,11.70573,31.53460,28.76717
3498.90960,0.51355,-5.18311,82.88603,10.89487,11.70573,31.53120,28.75424
3498.91960,0.50430,-5.19163,82.80837,10.84274,11.70573,31.52588,28.73402
3498.92960,0.50299,-5.17171,82.94073,10.87923,11.77773,31.55460,28.72917
3498.93960,0.50868,-5.17168,82.91941,10.88963,11.76161,31.54420,28.72397
3498.94960,0.51394,-5.17166,82.89973,10.89923,11.74673,31.53460,28.71917
3498.95960,0.51781,-5.16790,82.90437,10.91931,11.74158,31.52430,28.71917
3498.96960,0.52535,-5.16806,82.88338,10.92395,11.73061,31.52334,28.70548
3498.97960,0.53298,-5.17533,82.83366,10.89595,11.71861,31.54049,28.67862
3498.98960,0.53245,-5.17455,82.87579,10.89696,11.73194,31.56005,28.68685
3498.99960,0.52342,-5.16726,82.98822,10.91269,11.77346,31.58460,28.71747
3499.00960,0.51496,-5.16199,83.03073,10.91823,11.79873,31.58460,28.72917
3499.01960,0.54464,-5.17116,83.03757,10.92203,11.76339,31.64122,28.71093
3499.02960,0.59305,-5.18613,83.04873,10.92823,11.70573,31.73360,28.68117
3499.03960,0.58378,-5.18137,83.05539,10.93240,11.72071,31.71508,28.68721
3499.04960,0.55804,-5.16816,83.07389,10.94396,11.76233,31.66363,28.70397
3499.05960,0.56265,-5.15409,83.05146,10.96669,11.78473,31.63824,28.66181
3499.06960,0.57073,-5.14883,83.03473,10.97723,11.78873,31.63460,28.63417
3499.07960,0.53650,-5.15386,82.94826,10.92906,11.79490,31.57284,28.65147
3499.08960,0.52294,-5.14391,82.85407,10.92943,11.80489,31.49825,28.62151
3499.09960,0.52771,-5.13576,82.82873,10.94823,11.80873,31.47560,28.59617
3499.10960,0.53265,-5.12572,82.87907,10.97628,11.83102,31.48279,28.58898
3499.11960,0.53458,-5.12180,82.89873,10.98723,11.83973,31.48560,28.58617
3499.12960,0.51957,-5.12221,82.82621,10.96577,11.83973,31.44120,28.57951
3499.13960,0.51676,-5.12617,82.79005,10.97273,11.80845,31.41034,28.59853
3499.14960,0.51752,-5.12735,82.78673,10.97723,11.79873,31.40560,28.60517
3499.15960,0.52903,-5.09959,82.88873,11.02148,11.88348,31.43560,28.54817
3499.16960,0.55149,-5.05451,83.10473,11.15523,11.97373,31.45560,28.52017
3499.17960,0.55022,-5.05252,83.10424,11.16356,11.97250,31.44458,28.52360
3499.18960,0.54110,-5.03829,83.10073,11.22323,11.96373,31.36560,28.54817
3499.19960,0.54110,-5.03829,83.10073,11.22323,11.96373,31.36560,28.54817
3499.20960,0.55136,-5.03085,83.00266,11.23353,11.95314,31.32472,28.49127
3499.21960,0.52274,-5.01074,82.99573,11.26323,11.99473,31.23660,28.50117
3499.22960,0.52274,-5.01074,82.99573,11.26323,11.99473,31.23660,28.50117
3499.23960,0.54489,-4.99779,82.96791,11.30223,11.99504,31.22579,28.44484
3499.24960,0.49907,-4.99066,82.98473,11.30223,12.02573,31.14660,28.51017
3499.25960,0.49885,-4.99025,82.98366,11.30243,12.02671,31.14545,28.50908
3499.26960,0.48813,-4.96997,82.92981,11.31204,12.07575,31.08775,28.45427
3499.27960,0.48792,-4.96956,82.92873,11.31223,12.07673,31.08660,28.45317
3499.28960,0.46027,-4.97140,82.95490,11.29210,12.09753,31.06714,28.49813
3499.29960,0.44519,-4.99060,82.95640,11.24822,12.07197,31.08289,28.55331
3499.30960,0.44496,-4.99329,82.95473,11.24323,12.06673,31.08660,28.55817
3499.31960,0.43780,-4.97788,82.94850,11.26993,12.09432,31.04299,28.54126
3499.32960,0.44294,-4.99979,82.99312,11.27323,12.02386,31.07231,28.62372
3499.33960,0.44368,-5.00273,82.99873,11.27323,12.01473,31.07660,28.63417
3499.34960,0.45251,-5.00075,83.03152,11.29825,12.00610,31.08523,28.64194
3499.35960,0.45391,-5.00044,83.03673,11.30223,12.00473,31.08660,28.64317
3499.36960,0.43333,-5.00970,83.01338,11.26194,12.00473,31.07551,28.67120
3499.37960,0.43039,-5.00162,83.04638,11.26939,12.03598,31.07925,28.66175
3499.38960,0.43779,-4.99234,83.07773,11.29223,12.05573,31.08660,28.64317
3499.39960,0.40417,-5.00069,83.04215,11.24519,12.06236,31.05101,28.68359
3499.40960,0.40606,-5.01183,83.00190,11.22877,12.02693,31.05056,28.69563
3499.41960,0.41344,-5.01356,82.99673,11.23323,12.01473,31.05760,28.69117
3499.42960,0.39447,-5.01864,83.00881,11.22568,12.00718,31.03495,28.74100
3499.43960,0.38832,-5.02029,83.01273,11.22323,12.00473,31.02760,28.75717
3499.44960,0.38832,-5.02029,83.01273,11.22323,12.00473,31.02760,28.75717
3499.45960,0.42911,-5.02060,82.84173,11.18423,11.99473,31.05760,28.60517
3499.46960,0.40180,-5.03636,82.86773,11.15523,11.97373,31.04760,28.69117
3499.47960,0.40214,-5.03616,82.86815,11.15631,11.97351,31.04738,28.69095
3499.48960,0.41859,-5.02879,82.89639,11.20311,11.96137,31.04647,28.68544
3499.49960,0.43025,-5.04222,82.97273,11.19423,11.94273,31.11660,28.71917
3499.50960,0.42663,-5.04480,83.00295,11.18606,11.94993,31.13323,28.73373
3499.51960,0.40414,-5.06080,83.19073,11.13523,11.99473,31.23660,28.82417
3499.52960,0.39996,-5.06319,83.13343,11.11055,11.99473,31.22405,28.80409
3499.53960,0.39371,-5.06819,83.04795,11.07250,11.99081,31.20660,28.77804
3499.54960,0.39192,-5.07543,83.02273,11.05623,11.97373,31.20660,28.78617
3499.55960,0.38541,-5.07391,83.07673,11.06123,11.98923,31.21660,28.80967
3499.56960,0.38278,-5.06911,83.10601,11.07654,11.99958,31.21115,28.81875
3499.57960,0.38643,-5.06600,83.08273,11.08623,11.99473,31.19660,28.80517
3499.58960,0.40837,-5.07430,83.00969,11.07643,11.95404,31.21131,28.76792
3499.59960,0.43124,-5.08294,82.93373,11.06623,11.91173,31.22660,28.72917
3499.60960,0.41119,-5.08198,82.93597,11.06251,11.91955,31.19307,28.76084
3499.61960,0.37938,-5.08174,82.99741,11.06358,11.93640,31.16231,28.83511
3499.62960,0.38272,-5.08408,83.09673,11.07623,11.94273,31.20660,28.87117
3499.63960,0.38835,-5.08813,83.09710,11.06891,11.93540,31.22492,28.86788
3499.64960,0.39931,-5.09497,83.13059,11.06348,11.92514,31.26844,28.87353
3499.65960,0.40271,-5.09453,83.22187,11.08362,11.93185,31.30132,28.90507
3499.66960,0.40067,-5.09803,83.20923,11.06898,11.93023,31.30560,28.90442
3499.67960,0.39321,-5.10871,83.13573,11.01723,11.92273,31.30560,28.89017
3499.68960,0.39321,-5.10871,83.13573,11.01723,11.92273,31.30560,28.89017
3499.69960,0.39846,-5.09833,83.19432,11.07683,11.91717,31.28590,28.91442
3499.70960,0.38481,-5.10003,83.12223,11.06189,11.90600,31.23795,28.91640
3499.71960,0.37079,-5.10889,83.02573,11.00723,11.90173,31.21660,28.90017
3499.72960,0.37775,-5.09083,83.05921,11.04381,11.94017,31.21040,28.86483
3499.73960,0.38773,-5.08907,82.80473,10.99723,11.92273,31.14660,28.73817
3499.74960,0.38859,-5.08888,82.79430,11.00446,11.91330,31.13571,28.74083
3499.75960,0.39475,-5.08752,82.71979,11.05610,11.84598,31.05793,28.75978
3499.76960,0.39716,-5.08698,82.69073,11.07623,11.81973,31.02760,28.76717
3499.77960,0.35423,-5.05907,82.91049,11.08613,11.97217,31.04740,28.80479
3499.78960,0.35459,-5.08606,82.90973,11.01723,11.94273,31.11660,28.83317
3499.79960,0.35459,-5.08606,82.90973,11.01723,11.94273,31.11660,28.83317
3499.80960,0.35268,-5.07723,82.93835,11.03955,11.96047,31.10515,28.83317
3499.81960,0.35948,-5.07046,83.02219,11.06789,11.98000,31.13246,28.84184
3499.82960,0.37874,-5.07008,83.16873,11.09523,11.99473,31.21660,28.86217
3499.83960,0.36216,-5.06420,83.09571,11.07843,12.01269,31.16444,28.84015
3499.84960,0.34839,-5.06043,83.04925,11.06623,12.02573,31.12660,28.83069
3499.85960,0.37466,-5.06038,83.09379,11.10977,11.99474,31.15611,28.83317
3499.86960,0.36792,-5.04995,83.10272,11.11665,12.02839,31.14084,28.81686
3499.87960,0.36524,-5.04824,83.10173,11.11523,12.03573,31.13660,28.81417
3499.88960,0.37664,-5.03744,83.14984,11.14985,12.05391,31.14833,28.79775
3499.89960,0.37838,-5.01834,83.18253,11.20982,12.07276,31.10835,28.79160
3499.90960,0.37426,-5.01077,83.18173,11.23323,12.07673,31.07660,28.79517
3499.91960,0.35926,-5.01391,83.06786,11.18254,12.08407,31.04060,28.76064
3499.92960,0.35383,-5.01505,83.02673,11.16423,12.08673,31.02760,28.74817
3499.93960,0.36280,-5.03830,82.94998,11.12736,12.01750,31.04265,28.76247
3499.94960,0.36347,-5.03098,83.04874,11.17390,12.02517,31.04760,28.80207
3499.95960,0.36268,-5.02580,83.09173,11.19423,12.03573,31.04760,28.81417
3499.96960,0.35206,-5.02147,83.03813,11.17463,12.05613,31.01960,28.78777
3499.97960,0.35592,-5.02759,83.00653,11.13890,12.06075,31.04667,28.76021
3499.98960,0.36736,-5.03488,83.03473,11.13523,12.04573,31.08660,28.76717
3499.99960,0.37012,-5.02299,83.03661,11.15966,12.06514,31.06844,28.74338
3500.00960,0.38104,-5.02146,82.98642,11.18258,12.03375,31.04091,28.72917
3500.01960,0.39400,-5.02924,82.91473,11.19423,11.97373,31.01760,28.72917
3500.02960,0.37187,-5.03552,82.90968,11.14929,11.99443,31.01760,28.74836
3500.03960,0.35018,-5.04168,82.90473,11.10523,12.01473,31.01760,28.76717
3500.04960,0.35701,-5.05119,82.88937,11.09611,11.98497,31.03200,28.77629
3500.05960,0.37207,-5.05706,82.90544,11.09299,11.97122,31.07213,28.76911
3500.06960,0.38593,-5.04902,82.96473,11.10523,12.00473,31.11660,28.73817
3500.07960,0.39132,-5.04693,82.96710,11.12267,11.99557,31.11069,28.73817
3500.08960,0.40443,-5.04913,82.95753,11.14181,11.96575,31.11180,28.73817
3500.09960,0.40488,-5.06087,82.93273,11.10523,11.95273,31.13660,28.73817
3500.10960,0.40561,-5.05952,82.92473,11.11323,11.94739,31.12593,28.73817
3500.11960,0.40764,-5.05582,82.90273,11.13523,11.93273,31.09660,28.73817
3500.12960,0.40717,-5.05101,82.95761,11.14492,11.95582,31.11398,28.74289
3500.13960,0.40592,-5.03804,83.10593,11.17109,12.01824,31.16096,28.75564
3500.14960,0.38801,-5.04435,83.19073,11.16423,12.02573,31.17660,28.82417
3500.15960,0.39873,-5.04821,83.17508,11.16676,12.00477,31.18670,28.81685
3500.16960,0.43054,-5.06111,83.09407,11.16174,11.94018,31.21150,28.78064
3500.17960,0.43067,-5.06545,82.99273,11.12523,11.93273,31.19660,28.73817
3500.18960,0.42291,-5.06892,83.00242,11.11274,11.93528,31.19915,28.75525
3500.19960,0.40023,-5.07906,83.03073,11.07623,11.94273,31.20660,28.80517
3500.20960,0.40023,-5.07906,83.03073,11.07623,11.94273,31.20660,28.80517
3500.21960,0.41187,-5.07615,83.04538,11.10098,11.93263,31.21165,28.80012
3500.22960,0.44708,-5.07800,83.01485,11.13092,11.88750,31.23365,28.76279
3500.23960,0.46517,-5.08157,82.98073,11.13523,11.86073,31.24660,28.73817
3500.24960,0.45991,-5.07178,82.94945,11.11785,11.90505,31.23791,28.68864
3500.25960,0.44616,-5.07696,83.07173,11.11523,11.92273,31.27660,28.75717
3500.26960,0.44616,-5.07696,83.07173,11.11523,11.92273,31.27660,28.75717
3500.27960,0.44907,-5.07717,82.96382,11.10533,11.90194,31.23700,28.71955
3500.28960,0.44910,-5.07718,82.96273,11.10523,11.90173,31.23660,28.71917
3500.29960,0.48996,-5.07884,83.15773,11.18423,11.87073,31.33560,28.76717
3500.30960,0.46587,-5.08598,83.18391,11.14464,11.89153,31.34231,28.80543
3500.31960,0.45408,-5.08948,83.19673,11.12523,11.90173,31.34560,28.82417
3500.32960,0.44737,-5.08223,83.19276,11.12523,11.92708,31.33069,28.80976
3500.33960,0.44221,-5.07709,83.16673,11.11829,11.94555,31.31442,28.78847
3500.34960,0.45436,-5.09361,83.00173,11.06623,11.89173,31.30560,28.73817
3500.35960,0.45786,-5.09076,82.99406,11.07307,11.89312,31.30155,28.72631
3500.36960,0.47946,-5.07321,82.94673,11.11523,11.90173,31.27660,28.65317
3500.37960,0.46403,-5.08214,82.93093,11.07084,11.90925,31.28337,28.66747
3500.38960,0.45448,-5.08731,82.84013,11.07896,11.85718,31.21060,28.69339
3500.39960,0.45305,-5.08803,82.81273,11.08623,11.83973,31.18660,28.70017
3500.40960,0.44343,-5.08974,82.83891,11.06107,11.86590,31.20673,28.70521
3500.41960,0.42948,-5.08853,82.87423,11.02839,11.91277,31.23073,28.70233
3500.42960,0.42312,-5.08438,82.88773,11.01723,11.94273,31.23660,28.69117
3500.43960,0.44196,-5.08350,82.87351,11.03510,11.92413,31.24754,28.66675
3500.44960,0.47480,-5.08196,82.84873,11.06623,11.89173,31.26660,28.62417
3500.45960,0.45611,-5.09648,82.88229,11.03579,11.87868,31.27841,28.68942
3500.46960,0.45157,-5.09054,83.01924,11.05322,11.92075,31.32220,28.72307
3500.47960,0.45594,-5.08111,83.09373,11.07623,11.95273,31.34560,28.71917
3500.48960,0.47268,-5.08606,83.06406,11.08047,11.92221,31.35832,28.70307
3500.49960,0.48948,-5.09119,83.02540,11.08321,11.89010,31.36804,28.68405
3500.50960,0.45601,-5.08211,83.03473,11.06623,11.94273,31.32560,28.70017
3500.51960,0.48067,-5.08065,83.04391,11.09637,11.92045,31.34744,28.67964
3500.52960,0.51246,-5.07877,83.05573,11.13523,11.89173,31.37560,28.65317
3500.53960,0.50920,-5.07775,83.03784,11.12606,11.89966,31.36938,28.64275
3500.54960,0.49679,-5.07657,82.93516,11.07866,11.92285,31.34045,28.59320
3500.55960,0.51331,-5.09024,82.91773,11.08623,11.86073,31.35560,28.61517
3500.56960,0.51437,-5.08463,82.93243,11.10313,11.86832,31.34825,28.61272
3500.57960,0.51587,-5.06711,82.95503,11.14698,11.89448,31.31886,28.59472
3500.58960,0.50909,-5.06626,82.86773,11.11523,11.90506,31.29293,28.55451
3500.59960,0.51040,-5.06438,82.83971,11.10761,11.91173,31.28873,28.53165
3500.60960,0.51927,-5.06199,82.92934,11.12646,11.92646,31.33273,28.54369
3500.61960,0.49325,-5.06742,82.95373,11.06623,11.97373,31.35560,28.55817
3500.62960,0.49800,-5.07123,82.97544,11.07128,11.96085,31.37075,28.57256
3500.63960,0.51203,-5.08249,83.03973,11.08623,11.92273,31.41560,28.61517
3500.64960,0.51797,-5.08498,83.03058,11.08623,11.91112,31.42230,28.61093
3500.65960,0.54186,-5.09467,82.99751,11.08802,11.86489,31.44937,28.59523
3500.66960,0.56669,-5.10252,82.98809,11.10179,11.81996,31.47835,28.58798
3500.67960,0.57029,-5.10407,83.01081,11.10274,11.81963,31.49597,28.59248
3500.68960,0.55245,-5.09991,83.17143,11.08774,11.89418,31.55914,28.63038
3500.69960,0.54785,-5.08929,83.13358,11.09847,11.91169,31.52016,28.60326
3500.70960,0.54707,-5.08375,83.11263,11.10604,11.91854,31.50035,28.58770
3500.71960,0.56474,-5.09331,83.13679,11.11275,11.88364,31.53995,28.60046
3500.72960,0.56732,-5.09728,83.13102,11.10514,11.87517,31.54955,28.60115
3500.73960,0.53686,-5.10062,83.01786,11.02751,11.90938,31.51074,28.57023
3500.74960,0.57147,-5.10533,82.96881,11.06512,11.84107,31.51429,28.54833
3500.75960,0.57225,-5.10534,82.96977,11.06642,11.83999,31.51499,28.54836
3500.76960,0.57477,-5.10066,83.07369,11.08538,11.86679,31.55421,28.56732
3500.77960,0.59598,-5.12148,83.05493,11.05603,11.81513,31.61460,28.56917
3500.78960,0.60096,-5.12729,83.03673,11.04623,11.79873,31.62460,28.56717
3500.79960,0.57802,-5.11498,83.00362,11.04623,11.83445,31.56361,28.55933
3500.80960,0.57463,-5.11316,82.99873,11.04623,11.83973,31.55460,28.55817
3500.81960,0.59042,-5.12050,83.09574,11.03733,11.84863,31.64360,28.56618
3500.82960,0.60581,-5.13821,83.02407,11.01309,11.78861,31.66053,28.56183
3500.83960,0.61504,-5.14976,82.96673,10.99723,11.74673,31.66460,28.55817
3500.84960,0.62667,-5.13984,82.99395,11.00933,11.77818,31.68879,28.51765
3500.85960,0.62653,-5.15332,82.99551,10.99405,11.74483,31.70460,28.55203
3500.86960,0.62091,-5.16780,82.98373,10.97723,11.70573,31.70460,28.59617
3500.87960,0.61210,-5.15137,82.98958,10.96335,11.78100,31.70460,28.54063
3500.88960,0.60885,-5.14532,82.99173,10.95823,11.80873,31.70460,28.52017
3500.89960,0.61017,-5.15085,83.04323,10.96773,11.79323,31.72410,28.55817
3500.90960,0.61823,-5.15440,83.14176,10.98961,11.78540,31.76835,28.59840
3500.91960,0.63868,-5.14844,83.28473,11.02723,11.80873,31.84360,28.60517
3500.92960,0.63062,-5.14642,83.15212,11.00189,11.80505,31.78519,28.55999
3500.93960,0.60794,-5.14678,82.98863,10.96635,11.79446,31.69314,28.53469
3500.94960,0.59625,-5.15192,83.07573,10.97723,11.78873,31.70460,28.60517
3500.95960,0.60016,-5.15329,83.05140,10.96907,11.78523,31.70777,28.58934
3500.96960,0.60799,-5.15604,83.00273,10.95273,11.77823,31.71410,28.55767
3500.97960,0.61583,-5.15879,82.95407,10.93640,11.77123,31.72043,28.52601
3500.98960,0.62365,-5.16163,82.98788,10.94673,11.75980,31.74248,28.53887
3500.99960,0.63007,-5.16405,83.08373,10.97723,11.74673,31.77360,28.58617
3501.00960,0.61683,-5.15924,83.06370,10.97031,11.76567,31.74482,28.58289
3501.01960,0.59488,-5.15252,83.01683,10.95694,11.79070,31.69201,28.57717
3501.02960,0.60273,-5.16372,82.93673,10.94823,11.73673,31.67460,28.57717
3501.03960,0.60254,-5.16258,82.92300,10.94081,11.74452,31.67460,28.56307
3501.04960,0.60221,-5.16066,82.89973,10.92823,11.75773,31.67460,28.53917
3501.05960,0.59524,-5.16542,82.87445,10.92051,11.74122,31.65597,28.55674
3501.06960,0.57635,-5.17830,82.80610,10.89965,11.69662,31.60561,28.60422
3501.07960,0.60780,-5.15972,82.95673,10.95823,11.74673,31.68460,28.56717
3501.08960,0.60780,-5.15972,82.95673,10.95823,11.74673,31.68460,28.56717
3501.09960,0.56750,-5.14100,83.08203,10.96789,11.83958,31.66203,28.61254
3501.10960,0.59839,-5.14034,83.06773,10.99723,11.80873,31.68460,28.57717
3501.11960,0.59554,-5.14093,83.04264,10.98817,11.80873,31.67531,28.57044
3501.12960,0.58612,-5.14291,82.95973,10.95823,11.80873,31.64460,28.54817
3501.13960,0.58312,-5.13776,82.99552,10.97342,11.82211,31.64203,28.55796
3501.14960,0.57030,-5.12756,83.06221,10.99787,11.85313,31.62725,28.58397
3501.15960,0.55748,-5.14188,82.94973,10.93823,11.82973,31.60460,28.57717
3501.16960,0.55748,-5.14188,82.94973,10.93823,11.82973,31.60460,28.57717
3501.17960,0.53091,-5.11264,82.94116,10.98915,11.88280,31.49838,28.57082
3501.18960,0.55266,-5.12834,82.93636,11.00515,11.80840,31.52158,28.60122
3501.19960,0.55549,-5.13038,82.93573,11.00723,11.79873,31.52460,28.60517
3501.20960,0.58069,-5.12618,82.88029,11.01713,11.78883,31.53450,28.53983
3501.21960,0.55775,-5.13631,82.94873,10.96823,11.81973,31.57460,28.58617
3501.22960,0.55777,-5.13612,82.95018,10.96901,11.82002,31.57460,28.58655
3501.23960,0.55937,-5.11768,83.09473,11.04623,11.84973,31.57460,28.62417
3501.24960,0.55937,-5.11768,83.09473,11.04623,11.84973,31.57460,28.62417
3501.25960,0.55277,-5.11976,83.00528,11.01401,11.84973,31.54829,28.59326
3501.26960,0.53073,-5.11362,82.98283,11.01330,11.86660,31.49524,28.60770
3501.27960,0.52618,-5.11185,82.98873,11.01723,11.87073,31.48560,28.61517
3501.28960,0.52618,-5.11185,82.98873,11.01723,11.87073,31.48560,28.61517
3501.29960,0.52621,-5.12179,83.05591,11.00839,11.86189,31.52891,28.65672
3501.30960,0.53342,-5.12635,83.07873,10.96823,11.89173,31.59460,28.62417
3501.31960,0.50707,-5.12667,83.10817,10.98468,11.88220,31.54265,28.69864
3501.32960,0.50299,-5.12672,83.11273,10.98723,11.88073,31.53460,28.71017
3501.33960,0.50299,-5.12672,83.11273,10.98723,11.88073,31.53460,28.71017
3501.34960,0.50960,-5.14904,82.97090,10.92301,11.82471,31.53894,28.68424
3501.35960,0.50154,-5.14843,82.96373,10.91823,11.82973,31.52460,28.69117
3501.36960,0.48075,-5.15972,82.92686,10.85954,11.83725,31.52460,28.70547
3501.37960,0.52243,-5.15133,82.96701,10.92963,11.80867,31.55490,28.67381
3501.38960,0.53795,-5.14747,82.98373,10.95823,11.79873,31.56460,28.66217
3501.39960,0.53470,-5.16080,82.96788,10.92123,11.78287,31.58725,28.67652
3501.40960,0.53365,-5.16512,82.96273,10.90923,11.77773,31.59460,28.68117
3501.41960,0.49382,-5.15460,83.02277,10.90923,11.83245,31.54900,28.73209
3501.42960,0.50865,-5.16928,83.08613,10.88666,11.81888,31.63242,28.74817
3501.43960,0.51765,-5.17520,83.10073,10.87923,11.80873,31.66460,28.74817
3501.44960,0.52274,-5.17399,83.09578,10.89790,11.79311,31.65317,28.75160
3501.45960,0.52936,-5.17250,83.09396,10.92823,11.76773,31.63460,28.76340
3501.46960,0.52851,-5.18130,83.09836,10.89736,11.76773,31.66610,28.76717
3501.47960,0.51556,-5.17420,83.07526,10.89159,11.79305,31.63519,28.75544
3501.48960,0.50747,-5.16671,83.06073,10.89923,11.80873,31.60460,28.74817
3501.49960,0.51446,-5.17493,82.98683,10.86855,11.78931,31.61086,28.71811
3501.50960,0.53484,-5.16719,82.92887,10.91827,11.75190,31.57050,28.68820
3501.51960,0.54436,-5.15976,82.92073,10.95823,11.73673,31.54460,28.68117
3501.52960,0.54421,-5.16412,82.92238,10.93131,11.74827,31.57208,28.67073
3501.53960,0.54408,-5.16769,82.92373,10.90923,11.75773,31.59460,28.66217
3501.54960,0.51840,-5.16895,82.89983,10.86843,11.78740,31.57399,28.67000
3501.55960,0.48859,-5.16917,82.88531,10.83185,11.81921,31.54606,28.68818
3501.56960,0.52845,-5.15993,82.99973,10.95823,11.75773,31.55460,28.72917
3501.57960,0.51985,-5.16266,82.97379,10.94122,11.75773,31.54184,28.73300
3501.58960,0.50791,-5.16983,82.98873,10.89421,11.78273,31.57362,28.73817
3501.59960,0.50760,-5.17345,83.04073,10.86923,11.80873,31.62460,28.73817
3501.60960,0.50760,-5.17345,83.04073,10.86923,11.80873,31.62460,28.73817
3501.61960,0.51343,-5.17171,82.94073,10.88923,11.76773,31.56460,28.71917
3501.62960,0.50798,-5.17097,82.91803,10.89243,11.76101,31.53934,28.72525
3501.63960,0.49636,-5.16940,82.86973,10.89923,11.74673,31.48560,28.73817
3501.64960,0.49735,-5.16184,82.92273,10.87923,11.80873,31.53460,28.70017
3501.65960,0.49980,-5.16147,82.87502,10.88209,11.79416,31.51203,28.68674
3501.66960,0.50471,-5.16073,82.77959,10.88780,11.76501,31.46689,28.65989
3501.67960,0.49074,-5.16341,82.76255,10.88071,11.75773,31.43855,28.68556
3501.68960,0.48811,-5.16390,82.76373,10.87923,11.75773,31.43560,28.69117
3501.69960,0.48187,-5.15301,82.84573,10.87923,11.81973,31.46560,28.68117
3501.70960,0.48518,-5.15616,82.83801,10.87923,11.80618,31.46798,28.68462
3501.71960,0.51048,-5.18008,82.81715,10.87797,11.71483,31.50697,28.71738
3501.72960,0.51576,-5.18405,83.06873,10.86923,11.77773,31.65460,28.76717
3501.73960,0.51334,-5.18376,83.08255,10.87408,11.77773,31.65218,28.77857
3501.74960,0.50113,-5.17954,83.12848,10.89423,11.78548,31.63210,28.81667
3501.75960,0.48722,-5.16967,83.13673,10.90923,11.80873,31.59460,28.82417
3501.76960,0.49319,-5.17121,83.11401,10.91227,11.79385,31.59140,28.81649
3501.77960,0.51809,-5.17766,83.01935,10.92494,11.73185,31.57807,28.78449
3501.78960,0.52464,-5.18185,82.98475,10.91980,11.71228,31.57804,28.77462
3501.79960,0.52488,-5.19153,82.94634,10.88735,11.69904,31.59129,28.76866
3501.80960,0.53382,-5.17275,82.93966,10.91722,11.73566,31.57512,28.71165
3501.81960,0.53136,-5.17347,82.92664,10.90999,11.73673,31.57096,28.70896
3501.82960,0.51488,-5.17970,82.85800,10.86179,11.74355,31.55248,28.70017
3501.83960,0.53555,-5.15932,83.03173,10.93823,11.78873,31.60460,28.70017
3501.84960,0.53140,-5.16121,83.03672,10.93421,11.78720,31.60321,28.71209
3501.85960,0.50561,-5.17300,83.06773,10.90923,11.77773,31.59460,28.78617
3501.86960,0.50561,-5.17300,83.06773,10.90923,11.77773,31.59460,28.78617
3501.87960,0.51543,-5.16183,83.03032,10.90942,11.80801,31.59410,28.71879
3501.88960,0.53672,-5.16576,82.89073,10.92823,11.73673,31.54460,28.68117
3501.89960,0.53672,-5.16576,82.89073,10.92823,11.73673,31.54460,28.68117
3501.90960,0.52783,-5.19397,82.86554,10.85894,11.69657,31.58397,28.72606
3501.91960,0.52706,-5.18987,82.91730,10.87334,11.71119,31.59460,28.73817
3501.92960,0.52735,-5.18778,82.92773,10.87923,11.71573,31.59460,28.73817
3501.93960,0.52157,-5.17275,83.04971,10.91321,11.76975,31.61203,28.75473
3501.94960,0.52072,-5.17053,83.06773,10.91823,11.77773,31.61460,28.75717
3501.95960,0.49855,-5.17531,83.09937,10.91823,11.76894,31.58824,28.82396
3501.96960,0.50357,-5.20011,83.04274,10.85899,11.72242,31.62816,28.83317
3501.97960,0.50477,-5.20368,83.03373,10.85023,11.71573,31.63460,28.83317
3501.98960,0.49849,-5.20678,83.03432,10.83261,11.72219,31.64047,28.83905
3501.99960,0.50754,-5.19620,82.96821,10.85686,11.71850,31.59975,28.79309
3502.00960,0.51209,-5.19188,82.94573,10.86923,11.71573,31.58460,28.77617
3502.01960,0.48535,-5.17736,82.98816,10.85484,11.79451,31.56945,28.76936
3502.02960,0.47679,-5.17272,83.00173,10.85023,11.81973,31.56460,28.76717
3502.03960,0.48627,-5.20045,82.85300,10.79968,11.72888,31.55727,28.76717
3502.04960,0.49307,-5.20636,82.85009,10.79187,11.71444,31.57661,28.76717
3502.05960,0.49764,-5.20056,82.92044,10.80644,11.74006,31.60676,28.76717
3502.06960,0.51448,-5.20537,82.85577,10.82895,11.68248,31.58341,28.76094
3502.07960,0.51841,-5.20810,82.88695,10.83403,11.67597,31.60180,28.77515
3502.08960,0.51502,-5.20743,82.93673,10.83023,11.69573,31.62460,28.78617
3502.09960,0.51785,-5.20189,83.01329,10.85848,11.70842,31.64098,28.80541
3502.10960,0.52193,-5.19393,83.12373,10.89923,11.72673,31.66460,28.83317
3502.11960,0.52244,-5.20055,83.02129,10.86855,11.70541,31.64380,28.80353
3502.12960,0.51973,-5.20132,82.96752,10.84992,11.70663,31.62970,28.78127
3502.13960,0.51667,-5.19617,83.00673,10.85923,11.72673,31.63460,28.78617
3502.14960,0.52081,-5.19652,82.99123,10.86423,11.71623,31.62960,28.78117
3502.15960,0.51504,-5.20353,82.97473,10.85473,11.69573,31.61960,28.80467
3502.16960,0.50514,-5.21019,82.97373,10.84023,11.68573,31.61460,28.83317
3502.17960,0.50514,-5.21019,82.97373,10.84023,11.68573,31.61460,28.83317
3502.18960,0.50548,-5.20857,82.87473,10.83023,11.67473,31.57460,28.79517
3502.19960,0.51609,-5.20142,82.91190,10.85152,11.68952,31.59264,28.77821
3502.20960,0.52532,-5.19575,83.04309,10.88543,11.71193,31.64360,28.80213
3502.21960,0.50979,-5.20711,83.14973,10.87923,11.70573,31.67460,28.89017
3502.22960,0.50398,-5.20200,83.12397,10.86900,11.72761,31.66048,28.86688
3502.23960,0.49047,-5.19211,83.07618,10.85190,11.76773,31.62721,28.82935
3502.24960,0.48212,-5.19065,83.07455,10.85679,11.76773,31.60547,28.84456
3502.25960,0.47330,-5.18387,83.04431,10.86265,11.77833,31.56723,28.83609
3502.26960,0.46435,-5.17222,82.98773,10.86923,11.79873,31.51460,28.80517
3502.27960,0.47426,-5.17512,82.96026,10.87418,11.77571,31.51460,28.79577
3502.28960,0.50343,-5.18421,82.85249,10.88923,11.69821,31.50030,28.76475
3502.29960,0.50032,-5.18499,82.77673,10.88923,11.67473,31.45560,28.75717
3502.30960,0.50186,-5.17974,82.75588,10.88408,11.69326,31.45303,28.72551
3502.31960,0.50825,-5.16503,82.72363,10.87823,11.74368,31.45459,28.64713
3502.32960,0.51602,-5.16688,82.83522,10.91420,11.73148,31.49057,28.69896
3502.33960,0.51429,-5.16638,82.89437,10.92945,11.73424,31.50230,28.72839
3502.34960,0.47971,-5.15971,83.00361,10.93450,11.78332,31.48689,28.79891
3502.35960,0.47851,-5.17461,82.97573,10.90923,11.74673,31.49560,28.82417
3502.36960,0.47913,-5.17424,82.98140,10.90923,11.74963,31.49968,28.82286
3502.37960,0.48387,-5.17138,83.02502,10.90923,11.77197,31.53106,28.81275
3502.38960,0.48742,-5.16923,83.05773,10.90923,11.78873,31.55460,28.80517
3502.39960,0.48138,-5.16354,83.06679,10.92293,11.79824,31.53394,28.81167
3502.40960,0.46571,-5.14886,83.15180,10.95890,11.83906,31.51133,28.84251
3502.41960,0.46612,-5.14910,83.15573,10.95842,11.83973,31.51460,28.84298
3502.42960,0.47585,-5.14406,83.15425,10.97705,11.83911,31.51392,28.82417
3502.43960,0.46999,-5.15489,83.00573,10.95823,11.77773,31.44560,28.82417
3502.44960,0.46999,-5.15489,83.00573,10.95823,11.77773,31.44560,28.82417
3502.45960,0.47210,-5.15428,83.01936,10.95450,11.78743,31.46035,28.81708
3502.46960,0.48130,-5.15160,83.07873,10.93823,11.82973,31.52460,28.78617
3502.47960,0.49310,-5.14829,82.96792,10.94696,11.80268,31.48185,28.73644
3502.48960,0.45599,-5.14925,82.97748,10.91361,11.83512,31.44897,28.77978
3502.49960,0.45109,-5.14944,82.98073,10.90923,11.83973,31.44560,28.78617
3502.50960,0.47868,-5.14790,82.85984,10.90923,11.81217,31.43671,28.70173
3502.51960,0.48214,-5.14771,82.84473,10.90923,11.80873,31.43560,28.69117
3502.52960,0.45171,-5.14830,82.92394,10.88253,11.85501,31.44450,28.74190
3502.53960,0.47139,-5.14628,82.89635,10.92284,11.81445,31.42780,28.73126
3502.54960,0.47429,-5.14603,82.89173,10.92823,11.80873,31.42560,28.72917
3502.55960,0.47758,-5.14430,82.89173,10.94081,11.80244,31.41931,28.72917
3502.56960,0.45143,-5.14517,82.95333,10.91050,11.84647,31.43100,28.76536
3502.57960,0.44305,-5.14574,82.97173,10.89923,11.86073,31.43560,28.77617
3502.58960,0.44967,-5.15313,83.00551,10.92150,11.82081,31.44328,28.81993
3502.59960,0.45168,-5.15537,83.01573,10.92823,11.80873,31.44560,28.83317
3502.60960,0.46769,-5.15928,82.92577,10.92061,11.77747,31.43798,28.78972
3502.61960,0.47748,-5.15869,82.96863,10.92843,11.78354,31.47079,28.78586
3502.62960,0.48207,-5.15695,83.03673,10.93823,11.79873,31.50460,28.79517
3502.63960,0.49761,-5.15841,83.00473,10.95743,11.76545,31.49884,28.78301
3502.64960,0.49688,-5.15062,83.02100,10.96177,11.79392,31.50142,28.76389
3502.65960,0.49170,-5.14592,83.03973,10.95823,11.81973,31.50460,28.75717
3502.66960,0.47512,-5.13996,83.07839,10.95823,11.85204,31.49256,28.77555
3502.67960,0.46554,-5.13651,83.10073,10.95823,11.87073,31.48560,28.78617
3502.68960,0.47361,-5.14081,83.07917,10.95589,11.85151,31.49240,28.77938
3502.69960,0.48778,-5.14882,83.01430,10.95966,11.80074,31.48265,28.77124
3502.70960,0.46389,-5.13702,83.02522,10.98208,11.82431,31.42001,28.79883
3502.71960,0.47321,-5.13726,82.97313,10.97745,11.81376,31.41590,28.76602
3502.72960,0.49885,-5.13788,82.94748,10.97802,11.80388,31.45134,28.71424
3502.73960,0.50984,-5.13584,82.97173,10.98723,11.80873,31.47560,28.70017
3502.74960,0.51552,-5.13951,82.87177,10.97244,11.78272,31.45010,28.66651
3502.75960,0.52099,-5.14305,82.77573,10.95823,11.75773,31.42560,28.63417
3502.76960,0.52099,-5.14305,82.77573,10.95823,11.75773,31.42560,28.63417
3502.77960,0.52460,-5.16098,82.92170,10.94596,11.74484,31.51954,28.71137
3502.78960,0.51343,-5.15549,82.94073,10.95823,11.75773,31.49560,28.72917
3502.79960,0.51670,-5.15152,82.89774,10.97704,11.74161,31.46105,28.71804
3502.80960,0.52741,-5.14212,82.87623,11.01109,11.73581,31.43649,28.69284
3502.81960,0.53607,-5.13736,82.95173,11.01723,11.76773,31.48560,28.68117
3502.82960,0.52722,-5.14120,82.94787,10.99831,11.77159,31.48560,28.69237
3502.83960,0.51316,-5.14732,82.94173,10.96823,11.77773,31.48560,28.71017
3502.84960,0.50255,-5.14538,82.96362,10.95607,11.80296,31.48864,28.71595
3502.85960,0.48018,-5.14034,83.02629,10.93547,11.85910,31.49841,28.73331
3502.86960,0.49109,-5.13691,83.09873,10.97723,11.84973,31.51460,28.75717
3502.87960,0.48344,-5.13727,83.13267,10.97020,11.86476,31.52430,28.77342
3502.88960,0.46694,-5.13862,83.20064,10.95471,11.89400,31.54283,28.80909
3502.89960,0.49649,-5.13948,83.04826,10.98064,11.82310,31.49574,28.74878
3502.90960,0.51790,-5.13955,82.93726,10.99013,11.78287,31.47050,28.69377
3502.91960,0.52546,-5.13808,82.89573,10.96823,11.79873,31.48560,28.64317
3502.92960,0.52606,-5.13588,82.89298,10.97798,11.79623,31.47560,28.64317
3502.93960,0.52995,-5.12762,82.88639,11.01369,11.78873,31.44394,28.64003
3502.94960,0.53821,-5.12101,82.89301,11.03952,11.78873,31.43732,28.62744
3502.95960,0.53749,-5.12341,82.87381,11.03413,11.78011,31.43150,28.62807
3502.96960,0.52664,-5.13910,82.80335,10.98648,11.75139,31.42230,28.64317
3502.97960,0.52992,-5.13572,82.93373,10.97723,11.80873,31.50460,28.64317
3502.98960,0.52765,-5.13288,82.94247,10.98139,11.81732,31.50058,28.64317
3502.99960,0.51360,-5.11520,82.99673,11.00723,11.87073,31.47560,28.64317
3503.00960,0.51360,-5.11520,82.99673,11.00723,11.87073,31.47560,28.64317
3503.01960,0.55615,-5.11149,83.08334,11.06530,11.85006,31.54350,28.62447
3503.02960,0.57411,-5.13237,82.88573,11.02723,11.75773,31.51460,28.58617
3503.03960,0.57411,-5.13237,82.88573,11.02723,11.75773,31.51460,28.58617
3503.04960,0.52467,-5.11380,82.93865,11.01723,11.84984,31.45708,28.61451
3503.05960,0.57702,-5.11778,83.03073,11.01723,11.86073,31.60460,28.54817
3503.06960,0.57702,-5.11778,83.03073,11.01723,11.86073,31.60460,28.54817
3503.07960,0.54645,-5.10527,82.92815,11.02585,11.86935,31.48477,28.54817
3503.08960,0.54155,-5.10326,82.91173,11.02723,11.87073,31.46560,28.54817
3503.09960,0.54457,-5.11682,82.86649,11.00983,11.82636,31.46560,28.56470
3503.10960,0.53801,-5.11536,82.96999,11.02446,11.84557,31.49144,28.60852
3503.11960,0.53688,-5.11480,82.98773,11.02723,11.84973,31.49560,28.61517
3503.12960,0.53755,-5.11461,82.97561,11.02951,11.84481,31.48840,28.61289
3503.13960,0.54302,-5.11225,82.89636,11.04742,11.81360,31.44035,28.59499
3503.14960,0.54692,-5.10531,82.96773,11.05623,11.84973,31.47560,28.58617
3503.15960,0.54149,-5.10414,82.96266,11.05363,11.85519,31.46520,28.58864
3503.16960,0.50515,-5.09630,82.92873,11.03623,11.89173,31.39560,28.60517
3503.17960,0.50754,-5.09977,82.94199,11.03257,11.88643,31.41062,28.61237
3503.18960,0.53116,-5.12322,83.03873,11.01409,11.84624,31.52390,28.65450
3503.19960,0.58504,-5.11906,83.07673,11.06623,11.81973,31.59460,28.59617
3503.20960,0.57244,-5.12521,83.08686,11.05358,11.81277,31.58827,28.63223
3503.21960,0.56691,-5.12535,83.02430,11.05257,11.79605,31.54658,28.62909
3503.22960,0.56794,-5.12336,82.98473,11.05623,11.78873,31.52460,28.61517
3503.23960,0.57848,-5.12322,83.02456,11.07225,11.78421,31.54924,28.61887
3503.24960,0.59360,-5.12301,83.08173,11.09523,11.77773,31.58460,28.62417
3503.25960,0.58743,-5.12542,83.02511,11.07498,11.77359,31.56393,28.61260
3503.26960,0.57535,-5.12914,82.96004,11.03947,11.77766,31.54288,28.60004
3503.27960,0.55468,-5.13092,83.05573,10.99723,11.83973,31.59460,28.62417
3503.28960,0.56773,-5.13372,83.01513,10.99305,11.82256,31.60297,28.59655
3503.29960,0.59648,-5.13651,82.95675,11.01644,11.77298,31.60470,28.56263
3503.30960,0.60730,-5.13538,82.95473,11.04623,11.74673,31.59460,28.56717
3503.31960,0.60816,-5.13702,82.99589,11.03773,11.76060,31.62592,28.57165
3503.32960,0.60923,-5.13903,83.04673,11.02723,11.77773,31.66460,28.57717
3503.33960,0.60843,-5.13970,83.04292,11.03010,11.77136,31.65824,28.58322
3503.34960,0.60679,-5.14108,83.03512,11.03594,11.75838,31.64525,28.59556
3503.35960,0.60177,-5.13801,82.99673,11.01723,11.77773,31.63460,28.56717
3503.36960,0.58658,-5.13549,83.00832,11.01337,11.79394,31.61529,28.58571
3503.37960,0.58160,-5.13888,83.02103,11.01825,11.78021,31.60740,28.61517
3503.38960,0.61288,-5.15095,83.01173,11.03623,11.71573,31.64460,28.61517
3503.39960,0.60637,-5.14623,83.06662,11.03278,11.75142,31.66379,28.61863
3503.40960,0.59594,-5.13866,83.15473,11.02723,11.80873,31.69460,28.62417
3503.41960,0.59079,-5.14092,83.14392,11.00793,11.81684,31.69846,28.62070
3503.42960,0.58407,-5.14495,83.14083,10.98982,11.81941,31.70208,28.62952
3503.43960,0.58795,-5.14610,83.17791,11.02293,11.79226,31.69546,28.66727
3503.44960,0.58563,-5.14962,83.11279,11.01189,11.77261,31.66860,28.65969
3503.45960,0.58471,-5.15703,82.91191,10.97057,11.73193,31.60500,28.60441
3503.46960,0.60504,-5.15073,82.90673,10.97723,11.74673,31.63460,28.54817
3503.47960,0.60049,-5.15201,82.92367,10.97872,11.74524,31.63311,28.56660
3503.48960,0.58303,-5.15691,82.98881,10.98443,11.73953,31.62740,28.63745
3503.49960,0.57448,-5.15931,83.02073,10.98723,11.73673,31.62460,28.67217
3503.50960,0.57440,-5.16158,83.05082,10.98213,11.74183,31.64500,28.68186
3503.51960,0.56983,-5.15074,83.09656,11.00273,11.77325,31.63910,28.68148
3503.52960,0.56551,-5.13824,83.11273,11.02723,11.79873,31.61460,28.67217
3503.53960,0.57772,-5.14987,83.11627,11.01208,11.77246,31.65500,28.67672
3503.54960,0.58827,-5.15086,83.00226,11.00869,11.74100,31.62011,28.63247
3503.55960,0.58722,-5.14309,82.91473,11.01723,11.73673,31.56460,28.59617
3503.56960,0.57692,-5.15021,82.85997,10.98327,11.72979,31.55074,28.59617
3503.57960,0.57236,-5.15336,82.83573,10.96823,11.72673,31.54460,28.59617
3503.58960,0.59025,-5.15215,82.75071,10.97596,11.70010,31.52742,28.54722
3503.59960,0.54159,-5.14782,82.87318,10.95845,11.76692,31.51471,28.63311
3503.60960,0.54101,-5.14777,82.87473,10.95823,11.76773,31.51460,28.63417
3503.61960,0.56541,-5.13374,83.01333,11.01664,11.79842,31.57400,28.62427
3503.62960,0.54049,-5.15124,83.14902,10.96920,11.81931,31.64321,28.71729
3503.63960,0.53998,-5.15160,83.15173,10.96823,11.81973,31.64460,28.71917
3503.64960,0.55756,-5.13989,83.22266,11.02242,11.82770,31.66054,28.71200
3503.65960,0.56204,-5.13691,83.24073,11.03623,11.82973,31.66460,28.71017
3503.66960,0.54125,-5.14806,83.09749,11.01075,11.77524,31.57672,28.73478
3503.67960,0.52116,-5.13785,83.09018,10.98057,11.84062,31.56460,28.70440
3503.68960,0.51901,-5.13638,83.09173,10.97723,11.84973,31.56460,28.70017
3503.69960,0.50750,-5.12921,83.08780,10.98707,11.86497,31.53068,28.70509
3503.70960,0.50079,-5.12375,83.06427,10.99723,11.86820,31.49560,28.70324
3503.71960,0.53834,-5.13799,82.92373,10.99723,11.77773,31.49560,28.65317
3503.72960,0.52745,-5.11671,83.03058,11.01461,11.86720,31.51211,28.63667
3503.73960,0.52581,-5.11350,83.04673,11.01723,11.88073,31.51460,28.63417
3503.74960,0.51279,-5.11828,83.07865,11.00861,11.88073,31.51460,28.67472
3503.75960,0.53072,-5.13044,83.04216,11.01293,11.82206,31.52599,28.68117
3503.76960,0.54586,-5.13906,83.01073,11.01723,11.77773,31.53460,28.68117
3503.77960,0.52060,-5.13189,82.97361,11.01723,11.79364,31.46718,28.69557
3503.78960,0.48842,-5.11947,83.05203,11.01723,11.86043,31.44560,28.72877
3503.79960,0.48050,-5.11615,83.08173,11.01723,11.88073,31.44560,28.73817
3503.80960,0.49231,-5.12801,83.02312,11.00258,11.83603,31.45293,28.73158
3503.81960,0.49662,-5.13234,83.00173,10.99723,11.81973,31.45560,28.72917
3503.82960,0.51555,-5.14490,82.85809,10.96759,11.76425,31.44800,28.67825
3503.83960,0.47923,-5.12968,83.08739,11.00263,11.84756,31.46065,28.77655
3503.84960,0.46537,-5.12340,83.17773,11.01723,11.88073,31.46560,28.81417
3503.85960,0.46537,-5.12340,83.17773,11.01723,11.88073,31.46560,28.81417
3503.86960,0.50096,-5.11773,83.10273,11.02723,11.87073,31.48560,28.71917
3503.87960,0.49125,-5.11850,83.09432,11.02468,11.86818,31.46521,28.73625
3503.88960,0.46702,-5.11864,83.09178,11.02812,11.86352,31.41397,28.78617
3503.89960,0.47777,-5.11326,83.14873,11.05623,11.87073,31.43560,28.78617
3503.90960,0.46988,-5.11252,83.11898,11.04120,11.88024,31.42026,28.77728
3503.91960,0.45406,-5.11105,83.05947,11.01114,11.89925,31.38959,28.75949
3503.92960,0.44940,-5.11538,83.00273,10.98723,11.89173,31.37560,28.74817
3503.93960,0.46876,-5.11436,82.96923,10.99723,11.87623,31.38560,28.71017
3503.94960,0.48351,-5.11851,82.89555,10.99253,11.84554,31.38090,28.67658
3503.95960,0.47869,-5.12390,82.85373,10.97723,11.82973,31.36560,28.68117
3503.96960,0.47506,-5.13105,82.87800,10.96287,11.82478,31.38541,28.70494
3503.97960,0.47136,-5.13833,82.90273,10.94823,11.81973,31.40560,28.72917
3503.98960,0.47136,-5.13833,82.90273,10.94823,11.81973,31.40560,28.72917
3503.99960,0.49331,-5.11685,83.01946,11.02087,11.85736,31.43469,28.70654
3504.00960,0.50603,-5.11630,83.08373,11.02723,11.87073,31.48560,28.70017
3504.01960,0.50085,-5.11384,83.06147,11.02723,11.87353,31.46427,28.69644
3504.02960,0.47032,-5.09808,82.91951,11.02723,11.89173,31.33319,28.66737
3504.03960,0.47715,-5.10079,82.91723,11.01673,11.89173,31.35560,28.65317
3504.04960,0.48330,-5.11828,82.86382,10.98316,11.84698,31.37364,28.66003
3504.05960,0.50303,-5.14241,82.80373,10.95823,11.76773,31.40560,28.67217
3504.06960,0.49764,-5.13040,82.82317,10.98028,11.79464,31.38318,28.66507
3504.07960,0.48022,-5.11218,82.87248,11.00973,11.84498,31.34560,28.67217
3504.08960,0.45814,-5.11715,82.91656,10.99000,11.85879,31.34560,28.72217
3504.09960,0.45997,-5.11047,82.95278,11.01451,11.86855,31.34307,28.72665
3504.10960,0.46794,-5.09337,83.01131,11.06715,11.89433,31.33560,28.71423
3504.11960,0.44930,-5.10672,82.92473,10.98723,11.90173,31.33560,28.70017
3504.12960,0.45969,-5.10961,82.93473,10.98973,11.89148,31.35810,28.69542
3504.13960,0.49084,-5.11828,82.96473,10.99723,11.86073,31.42560,28.68117
3504.14960,0.49084,-5.11828,82.96473,10.99723,11.86073,31.42560,28.68117
3504.15960,0.51386,-5.10433,83.03529,11.05857,11.86962,31.44449,28.66262
3504.16960,0.47819,-5.12335,83.03173,10.99723,11.86073,31.43560,28.73817
3504.17960,0.47819,-5.12335,83.03173,10.99723,11.86073,31.43560,28.73817
3504.18960,0.51370,-5.10267,82.89673,11.04623,11.84973,31.38560,28.61517
3504.19960,0.51420,-5.10486,82.89257,11.04376,11.84310,31.38690,28.61881
3504.20960,0.51780,-5.11835,82.86384,11.02723,11.80268,31.39560,28.63833
3504.21960,0.51943,-5.11044,82.85773,11.02723,11.82973,31.39560,28.60517
3504.22960,0.51943,-5.11044,82.85773,11.02723,11.82973,31.39560,28.60517
3504.23960,0.51943,-5.11044,82.85773,11.02723,11.82973,31.39560,28.60517
3504.24960,0.52016,-5.11768,82.76807,10.99723,11.80873,31.38109,28.58102
3504.25960,0.52250,-5.12212,82.82673,10.99723,11.80873,31.41560,28.60517
3504.26960,0.49512,-5.09787,82.94850,11.01703,11.91070,31.40570,28.61507
3504.27960,0.49484,-5.09763,82.94973,11.01723,11.91173,31.40560,28.61517
3504.28960,0.51842,-5.13613,82.90463,10.99802,11.77845,31.44689,28.68127
3504.29960,0.54909,-5.11678,83.19173,11.07623,11.84973,31.57460,28.69117
3504.30960,0.54909,-5.11678,83.19173,11.07623,11.84973,31.57460,28.69117
3504.31960,0.54803,-5.12727,83.07533,11.03795,11.81770,31.55116,28.66852
3504.32960,0.54392,-5.11842,82.96228,11.04041,11.81636,31.48287,28.62264
3504.33960,0.54223,-5.11320,82.92673,11.04623,11.81973,31.45560,28.60517
3504.34960,0.54846,-5.10725,83.00418,11.07205,11.83694,31.48141,28.61378
3504.35960,0.54947,-5.10628,83.01673,11.07623,11.83973,31.48560,28.61517
3504.36960,0.54231,-5.11345,82.96452,11.04162,11.83386,31.47973,28.60931
3504.37960,0.52422,-5.10920,82.94060,11.02336,11.86098,31.45108,28.60517
3504.38960,0.51599,-5.10332,82.94873,11.02723,11.88073,31.43560,28.60517
3504.39960,0.55760,-5.11277,82.95481,11.06447,11.81081,31.48120,28.59833
3504.40960,0.56892,-5.11193,82.93393,11.08383,11.78873,31.47280,28.58857
3504.41960,0.56834,-5.11072,82.92673,11.08623,11.78873,31.46560,28.58617
3504.42960,0.56478,-5.11314,82.96057,11.05850,11.81702,31.50388,28.58118
3504.43960,0.56192,-5.11507,82.98773,11.03623,11.83973,31.53460,28.57717
3504.44960,0.56341,-5.11876,82.98317,11.02154,11.83973,31.54980,28.57211
3504.45960,0.56615,-5.12039,82.96489,11.02778,11.82253,31.53944,28.57514
3504.46960,0.56795,-5.11766,82.94573,11.05623,11.79873,31.50460,28.58617
3504.47960,0.56358,-5.12659,82.90093,11.02487,11.78529,31.50460,28.58617
3504.48960,0.58056,-5.12791,82.96405,11.05139,11.77133,31.54300,28.59833
3504.49960,0.59148,-5.12583,83.01373,11.07623,11.76773,31.56460,28.60517
3504.50960,0.57214,-5.13560,82.91261,11.01287,11.76773,31.53900,28.59301
3504.51960,0.56125,-5.14111,82.85573,10.97723,11.76773,31.52460,28.58617
3504.52960,0.56738,-5.13975,82.90173,10.99479,11.76773,31.54238,28.59684
3504.53960,0.57786,-5.12942,83.10353,11.06133,11.79425,31.59950,28.64845
3504.54960,0.56738,-5.12405,83.14273,11.06623,11.81973,31.59460,28.66217
3504.55960,0.57305,-5.12607,83.09173,11.06623,11.79831,31.57930,28.64789
3504.56960,0.57915,-5.13073,83.11898,11.05108,11.80398,31.62014,28.64377
3504.57960,0.57979,-5.13338,83.19373,11.03623,11.82973,31.67460,28.65317
3504.58960,0.58573,-5.13813,83.14171,11.03623,11.79811,31.65930,28.64807
3504.59960,0.59144,-5.14270,83.09173,11.03623,11.76773,31.64460,28.64317
3504.60960,0.59144,-5.14270,83.09173,11.03623,11.76773,31.64460,28.64317
3504.61960,0.60064,-5.15959,83.05864,11.01778,11.71554,31.66369,28.66163
3504.62960,0.59565,-5.15862,83.01629,11.00090,11.72438,31.64925,28.64176
3504.63960,0.58973,-5.15247,83.00273,10.99723,11.74673,31.63460,28.62417
3504.64960,0.59854,-5.17244,82.90269,10.96976,11.67416,31.62755,28.63122
3504.65960,0.61464,-5.16510,82.90035,10.99486,11.67512,31.63207,28.59829
3504.66960,0.61657,-5.17330,82.88702,10.96660,11.66992,31.65717,28.59332
3504.67960,0.61282,-5.19572,82.84273,10.89923,11.64373,31.69460,28.60517
3504.68960,0.61311,-5.20096,82.85556,10.90392,11.62350,31.69707,28.63107
3504.69960,0.61390,-5.21510,82.89023,10.91659,11.56883,31.70373,28.70107
3504.70960,0.62326,-5.20702,82.87973,10.89923,11.61273,31.73360,28.63417
3504.71960,0.62332,-5.21272,82.87997,10.87856,11.61273,31.75451,28.63417
3504.72960,0.62491,-5.23132,82.88430,10.82425,11.60061,31.81410,28.64534
3504.73960,0.62941,-5.23049,82.89573,10.86923,11.56173,31.78360,28.68117
3504.74960,0.62941,-5.22986,82.89573,10.87379,11.55945,31.77904,28.68345
3504.75960,0.62941,-5.22774,82.89573,10.88923,11.55173,31.76360,28.69117
3504.76960,0.62909,-5.23311,82.90052,10.86947,11.55327,31.78521,28.69256
3504.77960,0.62770,-5.25643,82.92132,10.78357,11.55998,31.87917,28.69860
3504.78960,0.63784,-5.25908,83.02173,10.83023,11.53073,31.90360,28.75717
3504.79960,0.64033,-5.25875,83.01247,10.83261,11.52704,31.90122,28.75159
3504.80960,0.65692,-5.25891,82.93812,10.84154,11.49753,31.88580,28.71325
3504.81960,0.64170,-5.27978,82.89273,10.77123,11.47973,31.90360,28.73817
3504.82960,0.64170,-5.27978,82.89273,10.77123,11.47973,31.90360,28.73817
3504.83960,0.63311,-5.26543,82.92373,10.79073,11.52073,31.88360,28.72867
3504.84960,0.62516,-5.25460,82.92002,10.79879,11.55107,31.85840,28.71176
3504.85960,0.63148,-5.27857,82.68326,10.72387,11.47525,31.82360,28.66054
3504.86960,0.64736,-5.28205,82.64882,10.73645,11.44081,31.82360,28.64795
3504.87960,0.65339,-5.28337,82.63573,10.74123,11.42773,31.82360,28.64317
3504.88960,0.63337,-5.28809,82.55835,10.71319,11.41792,31.77360,28.65363
3504.89960,0.64008,-5.26815,82.72012,10.80927,11.43753,31.77360,28.69971
3504.90960,0.64015,-5.26795,82.72173,10.81023,11.43773,31.77360,28.70017
3504.91960,0.62392,-5.28299,82.86173,10.75123,11.47973,31.87360,28.75717
3504.92960,0.62392,-5.28299,82.86173,10.75123,11.47973,31.87360,28.75717
3504.93960,0.63144,-5.27835,82.87263,10.76113,11.48963,31.88370,28.73817
3504.94960,0.63410,-5.28307,82.86273,10.75123,11.47973,31.89360,28.73817
3504.95960,0.63410,-5.28307,82.86273,10.75123,11.47973,31.89360,28.73817
3504.96960,0.63133,-5.28337,82.87887,10.74916,11.48500,31.89867,28.74604
3504.97960,0.61117,-5.28829,83.02214,10.74257,11.51213,31.94033,28.82710
3504.98960,0.62419,-5.29594,83.03373,10.78123,11.44873,31.93260,28.87117
3504.99960,0.62598,-5.29803,83.01781,10.76935,11.44873,31.93973,28.86001
3505.00960,0.63174,-5.30475,82.96673,10.73123,11.44873,31.96260,28.82417
3505.01960,0.62929,-5.29768,82.94064,10.73737,11.46131,31.93835,28.80360
3505.02960,0.60812,-5.28359,82.88803,10.72753,11.50833,31.88060,28.77157
3505.03960,0.57164,-5.28794,82.90273,10.67223,11.55173,31.87360,28.80517
3505.04960,0.57848,-5.29587,82.85468,10.67223,11.51004,31.86202,28.81038
3505.05960,0.58345,-5.30164,82.81973,10.67223,11.47973,31.85360,28.81417
3505.06960,0.60156,-5.31173,82.84200,10.66532,11.45592,31.90658,28.81417
3505.07960,0.59360,-5.31241,82.86966,10.66996,11.45620,31.90092,28.84258
3505.08960,0.58906,-5.31161,82.87673,10.67223,11.45873,31.89360,28.85217
3505.09960,0.58767,-5.32416,82.91044,10.65831,11.43601,31.92217,28.89394
3505.10960,0.59796,-5.32719,82.95826,10.65810,11.43795,31.96667,28.89555
3505.11960,0.60934,-5.32556,82.99573,10.66323,11.44873,32.00260,28.88117
3505.12960,0.61321,-5.33000,82.95590,10.66884,11.41636,31.98393,28.88678
3505.13960,0.60929,-5.34421,82.98128,10.63064,11.40957,32.02765,28.91342
3505.14960,0.60531,-5.35152,83.01273,10.60423,11.41773,32.06260,28.92817
3505.15960,0.59568,-5.35347,82.98254,10.58914,11.41773,32.04373,28.93195
3505.16960,0.57979,-5.35668,82.93273,10.56423,11.41773,32.01260,28.93817
3505.17960,0.59690,-5.35714,82.91809,10.57433,11.40207,32.02775,28.91394
3505.18960,0.61737,-5.35732,82.91830,10.58909,11.38673,32.05231,28.89017
3505.19960,0.62129,-5.35703,82.93373,10.59423,11.38673,32.06260,28.89017
3505.20960,0.62123,-5.35517,82.89586,10.58444,11.39326,32.05280,28.86536
3505.21960,0.62120,-5.35156,82.81862,10.56408,11.40624,32.03338,28.81492
3505.22960,0.62669,-5.36676,82.87473,10.55423,11.37573,32.08260,28.86217
3505.23960,0.62884,-5.37066,82.84596,10.54353,11.36466,32.08260,28.85516
3505.24960,0.63251,-5.37732,82.79673,10.52523,11.34573,32.08260,28.84317
3505.25960,0.63475,-5.37899,82.80181,10.53938,11.32686,32.07535,28.86022
3505.26960,0.63489,-5.38399,82.81984,10.55029,11.30255,32.07398,28.89302
3505.27960,0.62537,-5.38920,82.84273,10.51523,11.32473,32.10260,28.90017
3505.28960,0.62623,-5.39555,82.84498,10.49866,11.31883,32.12198,28.90551
3505.29960,0.62642,-5.40272,82.85110,10.48158,11.31144,32.14258,28.91550
3505.30960,0.62295,-5.38710,82.85173,10.52523,11.32473,32.09260,28.90917
3505.31960,0.62295,-5.38710,82.85173,10.52523,11.32473,32.09260,28.90917
3505.32960,0.64942,-5.41657,82.73440,10.46754,11.24455,32.14051,28.88180
3505.33960,0.65103,-5.41926,82.74011,10.46373,11.24010,32.15035,28.88592
3505.34960,0.65914,-5.43058,82.82150,10.45647,11.22759,32.21505,28.92239
3505.35960,0.66358,-5.41846,82.92050,10.50097,11.25309,32.23005,28.93639
3505.36960,0.66723,-5.40958,83.00330,10.53395,11.27414,32.24675,28.94846
3505.37960,0.66591,-5.41657,83.01832,10.51135,11.27526,32.27454,28.95717
3505.38960,0.64322,-5.44679,82.79773,10.40723,11.21173,32.22160,28.95717
3505.39960,0.64788,-5.44678,82.80193,10.40989,11.21019,32.23000,28.95185
3505.40960,0.67645,-5.44674,82.82773,10.42623,11.20073,32.28160,28.91917
3505.41960,0.67535,-5.44936,82.82737,10.42155,11.19581,32.28400,28.92601
3505.42960,0.67051,-5.46942,82.82343,10.38586,11.15760,32.30839,28.97158
3505.43960,0.69704,-5.47667,82.81257,10.37443,11.13989,32.36496,28.93329
3505.44960,0.71376,-5.48123,82.80573,10.36723,11.12873,32.40060,28.90917
3505.45960,0.71570,-5.47468,82.81520,10.38444,11.13776,32.39200,28.90100
3505.46960,0.73308,-5.48162,82.74594,10.37885,11.10017,32.39503,28.87189
3505.47960,0.74908,-5.49849,82.65773,10.34823,11.04673,32.41060,28.85217
3505.48960,0.76104,-5.48805,82.69693,10.38645,11.05653,32.41550,28.83845
3505.49960,0.77348,-5.47719,82.73773,10.42623,11.06673,32.42060,28.82417
3505.50960,0.77667,-5.49276,82.66267,10.36757,11.04947,32.44648,28.79915
3505.51960,0.77784,-5.49883,82.53323,10.33269,11.02885,32.41654,28.75515
3505.52960,0.77795,-5.49945,82.51273,10.32823,11.02573,32.41060,28.74817
3505.53960,0.78868,-5.49416,82.68273,10.37360,11.04353,32.47378,28.79182
3505.54960,0.79563,-5.50118,82.84632,10.40723,11.02677,32.53822,28.87409
3505.55960,0.79495,-5.50885,82.87273,10.40723,11.00573,32.55060,28.90917
3505.56960,0.79094,-5.52276,82.87346,10.34226,11.02033,32.60827,28.90260
3505.57960,0.78945,-5.52791,82.87373,10.31823,11.02573,32.62960,28.90017
3505.58960,0.80977,-5.50952,82.89651,10.38362,11.03307,32.61491,28.86491
3505.59960,0.82693,-5.49894,83.02387,10.42129,11.06681,32.67620,28.85957
3505.60960,0.83037,-5.49756,83.06573,10.42623,11.07773,32.69960,28.86217
3505.61960,0.82808,-5.50120,83.00310,10.41835,11.05616,32.67057,28.85803
3505.62960,0.82493,-5.50619,82.91731,10.40756,11.02661,32.63079,28.85234
3505.63960,0.81597,-5.51011,82.70073,10.35823,11.00573,32.55060,28.78617
3505.64960,0.82497,-5.50512,82.77444,10.38910,11.01203,32.57517,28.79814
3505.65960,0.83024,-5.50219,82.81773,10.40723,11.01573,32.58960,28.80517
3505.66960,0.82364,-5.50578,82.75692,10.39507,10.99911,32.55757,28.80517
3505.67960,0.81357,-5.50725,82.68426,10.37920,10.99086,32.51650,28.79770
3505.68960,0.81207,-5.49170,82.75173,10.38723,11.05673,32.54060,28.76717
3505.69960,0.81207,-5.49170,82.75173,10.38723,11.05673,32.54060,28.76717
3505.70960,0.81395,-5.49999,82.78399,10.38022,11.04200,32.56794,28.79382
3505.71960,0.82030,-5.50815,82.86285,10.38463,11.02833,32.61660,28.83329
3505.72960,0.82225,-5.50978,82.88573,10.38723,11.02573,32.62960,28.84317
3505.73960,0.81282,-5.49749,82.88661,10.41363,11.04421,32.58560,28.84317
3505.74960,0.81153,-5.49582,82.88673,10.41723,11.04673,32.57960,28.84317
3505.75960,0.81555,-5.49997,82.87936,10.36986,11.07710,32.63085,28.80155
3505.76960,0.75602,-5.50397,83.01673,10.31823,11.14973,32.63960,28.90917
3505.77960,0.77254,-5.50355,82.98989,10.35415,11.10837,32.62146,28.90591
3505.78960,0.79341,-5.50890,82.95916,10.40295,11.03216,32.59674,28.92732
3505.79960,0.77871,-5.51983,82.98873,10.37723,11.02573,32.60960,28.97617
3505.80960,0.76976,-5.51421,82.96841,10.36905,11.04915,32.59012,28.96008
3505.81960,0.74700,-5.49988,82.91673,10.34823,11.10873,32.54060,28.91917
3505.82960,0.75115,-5.50137,82.90573,10.35548,11.09323,32.53560,28.92142
3505.83960,0.74453,-5.51136,82.85773,10.34298,11.05698,32.51060,28.94717
3505.84960,0.68729,-5.52799,82.81273,10.24023,11.08773,32.48060,29.00417
3505.85960,0.69479,-5.52333,82.82273,10.26223,11.08523,32.47810,28.99717
3505.86960,0.71084,-5.50854,82.83348,10.31598,11.08798,32.46060,28.96892
3505.87960,0.69152,-5.50608,82.77573,10.27923,11.11873,32.43060,28.94717
3505.88960,0.68246,-5.51056,82.80932,10.27418,11.11620,32.43565,28.98328
3505.89960,0.65568,-5.52379,82.90873,10.25923,11.10873,32.45060,29.09017
3505.90960,0.65568,-5.52379,82.90873,10.25923,11.10873,32.45060,29.09017
3505.91960,0.66930,-5.52735,82.83873,10.25923,11.07773,32.44060,29.06117
3505.92960,0.65234,-5.50926,82.90173,10.26923,11.14973,32.43060,29.05217
3505.93960,0.65093,-5.50933,82.91562,10.27257,11.14973,32.43171,29.06162
3505.94960,0.63897,-5.51007,83.02916,10.29802,11.15094,32.44181,29.13839
3505.95960,0.63426,-5.51131,83.04673,10.28923,11.15973,32.45060,29.14717
3505.96960,0.63426,-5.51131,83.04673,10.28923,11.15973,32.45060,29.14717
3505.97960,0.61515,-5.51929,82.92673,10.25973,11.12923,32.38175,29.15603
3505.98960,0.61483,-5.51942,82.92473,10.25923,11.12873,32.38060,29.15617
3505.99960,0.63304,-5.53241,82.95217,10.25923,11.08855,32.42960,29.17479
3506.00960,0.59659,-5.50485,82.95573,10.28923,11.15973,32.33160,29.17517
3506.01960,0.59659,-5.50485,82.95573,10.28923,11.15973,32.33160,29.17517
3506.02960,0.59233,-5.51453,82.90933,10.23403,11.16773,32.35480,29.15277
3506.03960,0.58827,-5.53955,82.87532,10.19437,11.10766,32.36922,29.20407
3506.04960,0.58779,-5.54317,82.87173,10.19023,11.09773,32.37060,29.21317
3506.05960,0.55960,-5.53797,82.91483,10.17665,11.14129,32.35233,29.24456
3506.06960,0.52795,-5.53214,82.96325,10.16139,11.19024,32.33181,29.27982
3506.07960,0.54626,-5.53721,82.96109,10.18675,11.14585,32.34040,29.28809
3506.08960,0.53687,-5.52844,82.86829,10.16446,11.17617,32.29716,29.23051
3506.09960,0.53537,-5.52725,82.85673,10.16123,11.18073,32.29160,29.22317
3506.10960,0.54022,-5.51788,82.89523,10.20523,11.18073,32.27660,29.23267
3506.11960,0.54179,-5.50988,82.91070,10.24208,11.17697,32.25069,29.24096
3506.12960,0.51805,-5.51978,82.74373,10.19023,11.14973,32.17160,29.23217
3506.13960,0.51409,-5.52113,82.71331,10.17489,11.15233,32.16380,29.22229
3506.14960,0.50280,-5.52498,82.62673,10.13123,11.15973,32.14160,29.19417
3506.15960,0.49836,-5.52720,82.65798,10.13123,11.15973,32.14910,29.21792
3506.16960,0.49712,-5.53139,82.74754,10.14433,11.15449,32.17946,29.26927
3506.17960,0.53119,-5.52445,82.73573,10.18123,11.13973,32.20160,29.21317
3506.18960,0.51222,-5.53288,82.83062,10.16275,11.15205,32.23241,29.28342
3506.19960,0.48541,-5.53065,82.90957,10.15123,11.19197,32.23300,29.33337
3506.20960,0.47621,-5.52608,82.92173,10.15123,11.21173,32.22160,29.33717
3506.21960,0.47496,-5.52344,82.96751,10.15963,11.22475,32.23420,29.34893
3506.22960,0.47324,-5.51979,83.03073,10.17123,11.24273,32.25160,29.36517
3506.23960,0.45856,-5.52503,82.97121,10.14713,11.23240,32.21716,29.37452
3506.24960,0.45856,-5.52712,82.92780,10.13901,11.22173,32.20311,29.36395
3506.25960,0.47865,-5.52271,82.95173,10.16123,11.22173,32.23160,29.33717
3506.26960,0.46511,-5.52575,82.87623,10.14623,11.20623,32.18210,29.34167
3506.27960,0.45606,-5.52258,82.81223,10.13623,11.21123,32.14210,29.32267
3506.28960,0.46057,-5.51638,82.82373,10.14123,11.23173,32.15160,29.29917
3506.29960,0.46279,-5.51347,82.86024,10.16123,11.23173,32.15450,29.31279
3506.30960,0.46713,-5.50777,82.93184,10.20043,11.23173,32.16018,29.33950
3506.31960,0.46971,-5.51377,82.89367,10.19192,11.20855,32.15413,29.33907
3506.32960,0.46431,-5.52356,82.80771,10.16503,11.17771,32.12678,29.33819
3506.33960,0.45143,-5.51919,82.82073,10.17123,11.19073,32.10260,29.35617
3506.34960,0.45955,-5.52894,82.79764,10.15298,11.16763,32.12458,29.35245
3506.35960,0.47114,-5.54043,82.76078,10.11638,11.15302,32.16453,29.32686
3506.36960,0.46612,-5.52851,82.76573,10.10223,11.21173,32.17160,29.28017
3506.37960,0.46839,-5.53214,82.77662,10.10718,11.19638,32.17655,29.29651
3506.38960,0.47540,-5.54322,82.79034,10.12223,11.14464,32.18190,29.34157
3506.39960,0.47574,-5.54332,82.72973,10.12223,11.12873,32.15160,29.32717
3506.40960,0.47753,-5.53833,82.76569,10.13219,11.14612,32.16342,29.32397
3506.41960,0.48436,-5.51918,82.90401,10.17051,11.21300,32.20887,29.31163
3506.42960,0.48627,-5.51382,82.94273,10.18123,11.23173,32.22160,29.30817
3506.43960,0.48894,-5.55931,82.75215,10.09737,11.10128,32.21313,29.34036
3506.44960,0.51932,-5.52018,82.92692,10.20736,11.17841,32.25070,29.29045
3506.45960,0.52001,-5.51909,82.93173,10.21023,11.18073,32.25160,29.28917
3506.46960,0.50122,-5.53937,82.79115,10.15182,11.12925,32.20210,29.30798
3506.47960,0.52810,-5.52947,82.76523,10.17084,11.13951,32.22120,29.23368
3506.48960,0.52865,-5.52926,82.76473,10.17123,11.13973,32.22160,29.23217
3506.49960,0.53397,-5.54451,82.82216,10.14153,11.12884,32.29091,29.26089
3506.50960,0.53403,-5.54466,82.82273,10.14123,11.12873,32.29160,29.26117
3506.51960,0.55104,-5.56139,82.70073,10.13123,11.04673,32.27160,29.25117
3506.52960,0.54461,-5.56091,82.82034,10.09300,11.11731,32.35885,29.25117
3506.53960,0.54448,-5.56090,82.82273,10.09223,11.11873,32.36060,29.25117
3506.54960,0.50823,-5.52937,82.88022,10.13934,11.20096,32.27358,29.26634
3506.55960,0.54986,-5.55951,82.72343,10.10947,11.08110,32.30274,29.23012
3506.56960,0.55868,-5.56613,82.69373,10.10223,11.05673,32.31160,29.22317
3506.57960,0.55751,-5.55386,82.69812,10.09346,11.11113,32.32038,29.17315
3506.58960,0.55734,-5.55215,82.69873,10.09223,11.11873,32.32160,29.16617
3506.59960,0.58050,-5.56562,82.74665,10.10966,11.06471,32.37301,29.19928
3506.60960,0.58523,-5.56653,82.80419,10.12325,11.06253,32.39800,29.22041
3506.61960,0.58618,-5.56575,82.84073,10.13123,11.06673,32.41060,29.23217
3506.62960,0.56323,-5.56328,82.81471,10.09134,11.10894,32.39325,29.22119
3506.63960,0.54337,-5.56230,82.80738,10.06223,11.13973,32.38060,29.22482
3506.64960,0.59183,-5.57019,82.88410,10.11592,11.07700,32.45901,29.23217
3506.65960,0.60451,-5.57243,82.78598,10.10635,11.05334,32.44242,29.18388
3506.66960,0.58891,-5.57045,82.67673,10.07223,11.06673,32.39060,29.14717
3506.67960,0.59999,-5.57352,82.75274,10.06471,11.08253,32.45833,29.14717
3506.68960,0.62966,-5.58072,82.85677,10.11467,11.03301,32.51860,29.19049
3506.69960,0.63787,-5.58267,82.88173,10.13123,11.01573,32.53060,29.20417
3506.70960,0.60823,-5.57228,82.89126,10.08997,11.09719,32.52002,29.18407
3506.71960,0.58184,-5.56303,82.89973,10.05323,11.16973,32.51060,29.16617
3506.72960,0.60773,-5.57009,82.87979,10.08685,11.10534,32.51630,29.17130
3506.73960,0.61042,-5.57883,82.83835,10.08618,11.06365,32.50081,29.18771
3506.74960,0.58362,-5.58425,82.79646,10.04481,11.07465,32.46940,29.20760
3506.75960,0.60671,-5.59002,82.76563,10.05726,11.03336,32.48525,29.18976
3506.76960,0.61302,-5.58843,82.74146,10.06609,11.02414,32.47605,29.17517
3506.77960,0.60499,-5.58576,82.73373,10.06223,11.03573,32.46060,29.17517
3506.78960,0.59834,-5.58973,82.73997,10.04944,11.03573,32.46388,29.19092
3506.79960,0.58761,-5.59612,82.75002,10.02880,11.03573,32.46917,29.21632
3506.80960,0.58471,-5.59784,82.75273,10.02323,11.03573,32.47060,29.22317
3506.81960,0.57353,-5.59718,82.70886,10.01446,11.03573,32.43550,29.22317
3506.82960,0.59380,-5.59225,82.80816,10.04808,11.04531,32.49159,29.22317
3506.83960,0.59702,-5.59153,82.82373,10.05323,11.04673,32.50060,29.22317
3506.84960,0.58093,-5.58728,82.96586,10.07821,11.07343,32.51783,29.29639
3506.85960,0.55605,-5.58302,82.83003,10.06450,11.06797,32.41421,29.28335
3506.86960,0.55320,-5.58256,82.80973,10.06223,11.06673,32.40060,29.28017
3506.87960,0.55624,-5.57760,82.88010,10.05414,11.11083,32.45060,29.26453
3506.88960,0.54999,-5.58034,82.93873,10.07223,11.09773,32.45060,29.31817
3506.89960,0.54999,-5.58034,82.93873,10.07223,11.09773,32.45060,29.31817
3506.90960,0.53791,-5.58891,82.86873,10.04323,11.07773,32.42060,29.32717
3506.91960,0.53791,-5.58891,82.86873,10.04323,11.07773,32.42060,29.32717
3506.92960,0.50431,-5.57608,82.82101,10.03147,11.12393,32.34364,29.32197
3506.93960,0.47393,-5.59035,82.81873,9.99423,11.10873,32.32160,29.39417
3506.94960,0.48054,-5.58438,82.83529,10.01775,11.11113,32.31920,29.38721
3506.95960,0.49523,-5.56569,82.87712,10.08702,11.12047,32.29943,29.37022
3506.96960,0.46917,-5.56657,82.83292,10.06528,11.12771,32.24870,29.39123
3506.97960,0.46255,-5.56606,82.82945,10.06366,11.13030,32.23589,29.39960
3506.98960,0.44843,-5.56304,82.84237,10.07046,11.13778,32.20867,29.42545
3506.99960,0.44476,-5.56225,82.84573,10.07223,11.13973,32.20160,29.43217
3507.00960,0.44137,-5.56352,82.92303,10.07988,11.14726,32.22689,29.46900
3507.01960,0.43511,-5.56782,82.84273,10.06223,11.12873,32.19160,29.46017
3507.02960,0.43270,-5.56800,82.83964,10.05514,11.13436,32.19251,29.45763
3507.03960,0.40631,-5.57044,82.81741,9.98423,11.19073,32.20160,29.44085
3507.04960,0.38501,-5.57395,82.89491,9.98882,11.19320,32.19572,29.51717
3507.05960,0.37713,-5.55979,82.90796,10.02448,11.21235,32.15160,29.51953
3507.06960,0.37240,-5.55765,82.95019,10.03690,11.21856,32.15160,29.54314
3507.07960,0.36998,-5.55655,82.97173,10.04323,11.22173,32.15160,29.55517
3507.08960,0.34505,-5.56317,83.06579,10.04323,11.22173,32.15160,29.64923
3507.09960,0.33492,-5.56208,82.85501,10.01383,11.20114,32.05456,29.58548
3507.10960,0.33472,-5.56205,82.85073,10.01323,11.20073,32.05260,29.58417
3507.11960,0.33964,-5.56241,82.93446,10.01972,11.21436,32.09803,29.60235
3507.12960,0.32885,-5.55788,82.88350,10.02323,11.21427,32.04800,29.59800
3507.13960,0.32652,-5.55448,82.85948,10.03198,11.21173,32.02260,29.59317
3507.14960,0.31081,-5.55571,82.88861,9.99054,11.25616,32.04874,29.59317
3507.15960,0.30844,-5.55593,82.89273,9.98423,11.26273,32.05260,29.59317
3507.16960,0.30844,-5.55593,82.89273,9.98423,11.26273,32.05260,29.59317
3507.17960,0.27789,-5.55572,82.88973,9.99423,11.25273,31.98260,29.66017
3507.18960,0.29503,-5.54319,82.82307,10.03247,11.24292,31.94338,29.60429
3507.19960,0.29537,-5.54294,82.82173,10.03323,11.24273,31.94260,29.60317
3507.20960,0.28375,-5.56133,82.96497,10.01400,11.23185,32.01216,29.70696
3507.21960,0.29322,-5.54105,82.98573,10.08223,11.24273,31.97260,29.68817
3507.22960,0.29272,-5.54609,82.93785,10.05958,11.23475,31.97003,29.67350
3507.23960,0.29126,-5.56066,82.79973,9.99423,11.21173,31.96260,29.63117
3507.24960,0.29567,-5.55601,82.75399,10.03039,11.18074,31.91169,29.63117
3507.25960,0.25502,-5.56094,82.83978,9.99928,11.21591,31.90850,29.71609
3507.26960,0.24058,-5.56319,82.87473,9.98423,11.23173,31.91360,29.74517
3507.27960,0.23604,-5.55482,82.86701,10.00008,11.24432,31.88516,29.73745
3507.28960,0.22940,-5.54259,82.85573,10.02323,11.26273,31.84360,29.72617
3507.29960,0.23628,-5.55620,82.83093,9.99905,11.23111,31.86840,29.73237
3507.30960,0.24245,-5.56177,82.86843,10.01461,11.20491,31.88360,29.76531
3507.31960,0.24364,-5.56007,82.90073,10.03323,11.20073,31.88360,29.78317
3507.32960,0.22555,-5.56096,82.94475,9.99665,11.24537,31.90778,29.79495
3507.33960,0.22197,-5.56187,82.91177,9.98239,11.24785,31.89853,29.78300
3507.34960,0.23289,-5.56242,82.82473,9.99423,11.21173,31.86360,29.75517
3507.35960,0.22144,-5.55893,82.85661,9.98844,11.23839,31.86360,29.76618
3507.36960,0.19902,-5.55208,82.91911,9.97707,11.29066,31.86360,29.78778
3507.37960,0.18582,-5.55142,82.82973,9.96673,11.28048,31.80360,29.77892
3507.38960,0.18329,-5.55177,82.79473,9.96423,11.27273,31.78360,29.77417
3507.39960,0.18116,-5.55587,82.71553,9.95543,11.24633,31.74840,29.76537
3507.40960,0.18070,-5.55645,82.70262,9.95331,11.24304,31.74313,29.76314
3507.41960,0.17123,-5.55283,82.63140,9.93223,11.25899,31.71024,29.72994
3507.42960,0.17348,-5.54477,82.73473,9.99423,11.25273,31.70460,29.78317
3507.43960,0.16965,-5.55272,82.74087,9.97504,11.24467,31.71957,29.80160
3507.44960,0.16408,-5.55985,82.80867,9.94802,11.26315,31.77010,29.82739
3507.45960,0.16503,-5.55066,82.90373,9.95423,11.31473,31.81360,29.82117
3507.46960,0.16503,-5.55066,82.90373,9.95423,11.31473,31.81360,29.82117
3507.47960,0.17060,-5.55354,82.86273,9.96423,11.28373,31.79360,29.82117
3507.48960,0.17312,-5.55087,82.86788,9.98119,11.27782,31.78408,29.82479
3507.49960,0.18365,-5.53972,82.88930,10.05182,11.25322,31.74439,29.83987
3507.50960,0.16622,-5.55509,82.95873,9.99423,11.27273,31.80360,29.88817
3507.51960,0.16348,-5.54906,82.96867,10.00611,11.28533,31.79148,29.88575
3507.52960,0.15492,-5.53023,82.99973,10.04323,11.32473,31.75360,29.87817
3507.53960,0.16022,-5.53058,83.01491,10.04585,11.32473,31.76877,29.87555
3507.54960,0.18737,-5.53045,83.09798,10.05748,11.33498,31.85110,29.85442
3507.55960,0.16966,-5.52343,83.06273,10.04323,11.36573,31.81360,29.84017
3507.56960,0.16966,-5.52343,83.06273,10.04323,11.36573,31.81360,29.84017
3507.57960,0.15992,-5.52137,82.97465,10.04017,11.35358,31.75360,29.82730
3507.58960,0.16687,-5.52829,82.89473,10.01323,11.33473,31.75360,29.79317
3507.59960,0.16411,-5.52639,82.89604,10.01680,11.33841,31.74540,29.79543
3507.60960,0.14528,-5.51295,82.90361,10.04103,11.36499,31.68893,29.80865
3507.61960,0.16046,-5.51892,82.88427,10.02103,11.35833,31.72826,29.77665
3507.62960,0.16653,-5.52137,82.87818,10.01353,11.35532,31.74430,29.76503
3507.63960,0.18044,-5.53453,83.02173,10.04323,11.31473,31.81360,29.85017
3507.64960,0.18042,-5.53452,83.02162,10.04333,11.31462,31.81341,29.85026
3507.65960,0.17842,-5.53397,83.00997,10.05304,11.30394,31.79399,29.85900
3507.66960,0.16957,-5.54237,82.97840,10.00723,11.31106,31.80693,29.85317
3507.67960,0.16517,-5.54657,82.96273,9.98423,11.31473,31.81360,29.85017
3507.68960,0.20300,-5.53809,82.90357,10.02686,11.28776,31.81360,29.77535
3507.69960,0.21284,-5.53209,82.86167,10.04193,11.28373,31.79620,29.73981
3507.70960,0.21346,-5.53138,82.85673,10.04323,11.28373,31.79360,29.73617
3507.71960,0.21373,-5.53374,82.92321,10.05176,11.28373,31.81917,29.76856
3507.72960,0.21378,-5.53415,82.93473,10.05323,11.28373,31.82360,29.77417
3507.73960,0.22890,-5.52173,82.85828,10.07872,11.28373,31.78845,29.70739
3507.74960,0.22004,-5.52518,82.85645,10.05697,11.29244,31.79231,29.71473
3507.75960,0.21842,-5.52595,82.85773,10.05323,11.29373,31.79360,29.71717
3507.76960,0.22770,-5.52845,82.82260,10.05323,11.27558,31.79360,29.70019
3507.77960,0.22374,-5.53879,82.82578,10.02936,11.26273,31.81150,29.72219
3507.78960,0.21663,-5.54457,82.84473,10.01323,11.26273,31.82360,29.74517
3507.79960,0.23724,-5.53687,82.85602,10.02828,11.27853,31.85370,29.69551
3507.80960,0.24402,-5.53434,82.85973,10.03323,11.28373,31.86360,29.67917
3507.81960,0.23217,-5.51687,82.96248,10.09248,11.31448,31.83360,29.72192
3507.82960,0.24391,-5.52350,82.97710,10.08254,11.30409,31.87343,29.71705
3507.83960,0.25939,-5.53578,82.95773,10.05323,11.28373,31.92260,29.69817
3507.84960,0.26551,-5.52820,82.92489,10.06745,11.28863,31.90348,29.66533
3507.85960,0.27188,-5.52031,82.89073,10.08223,11.29373,31.88360,29.63117
3507.86960,0.27229,-5.53209,82.91353,10.06436,11.27463,31.91379,29.66075
3507.87960,0.27875,-5.53444,82.92773,10.07139,11.26273,31.92634,29.66727
3507.88960,0.28246,-5.53146,82.92773,10.08223,11.26273,31.92260,29.66017
3507.89960,0.29003,-5.53081,82.88025,10.07894,11.25613,31.91634,29.62885
3507.90960,0.30246,-5.52976,82.80241,10.07353,11.24532,31.90606,29.57750
3507.91960,0.29464,-5.52650,82.80764,10.08077,11.25127,31.88652,29.58908
3507.92960,0.29279,-5.52599,82.81173,10.08223,11.25273,31.88360,29.59317
3507.93960,0.30553,-5.53759,82.90173,10.04323,11.27273,31.99260,29.59317
3507.94960,0.36024,-5.55132,82.81173,10.06223,11.18073,32.03260,29.53617
3507.95960,0.35476,-5.55244,82.85180,10.05856,11.19060,32.04615,29.55650
3507.96960,0.33196,-5.55711,83.01873,10.04323,11.23173,32.10260,29.64117
3507.97960,0.33196,-5.55711,83.01873,10.04323,11.23173,32.10260,29.64117
3507.98960,0.37049,-5.54753,82.87132,10.07971,11.19231,32.06502,29.53427
3507.99960,0.37503,-5.54449,82.95273,10.09223,11.21173,32.10260,29.54617
3508.00960,0.37503,-5.54449,82.95273,10.09223,11.21173,32.10260,29.54617
3508.01960,0.38650,-5.56376,82.67573,10.02323,11.13973,32.05260,29.46017
3508.02960,0.39011,-5.56602,82.67117,10.01867,11.13493,32.06174,29.45583
3508.03960,0.39987,-5.57213,82.65882,10.00632,11.12197,32.08643,29.44411
3508.04960,0.37379,-5.58078,82.76473,9.96423,11.15973,32.13260,29.50817
3508.05960,0.38772,-5.57960,82.74513,9.97869,11.14453,32.13481,29.48710
3508.06960,0.42542,-5.57642,82.69215,10.01776,11.10348,32.14077,29.43015
3508.07960,0.40171,-5.57207,82.83273,10.02323,11.14973,32.16160,29.49817
3508.08960,0.40540,-5.57176,82.84713,10.02803,11.14973,32.17120,29.49817
3508.09960,0.41709,-5.57079,82.89273,10.04323,11.14973,32.20160,29.49817
3508.10960,0.41829,-5.57049,82.90079,10.04636,11.14973,32.20489,29.49982
3508.11960,0.42311,-5.56932,82.93303,10.05886,11.14973,32.21805,29.50640
3508.12960,0.38288,-5.57105,83.06073,10.02323,11.21173,32.24160,29.58417
3508.13960,0.38793,-5.57257,83.04568,10.02323,11.20233,32.24362,29.57650
3508.14960,0.43035,-5.58518,82.91753,10.02422,11.12275,32.25865,29.51191
3508.15960,0.40701,-5.57635,82.97021,10.03314,11.15936,32.23187,29.54583
3508.16960,0.40651,-5.57649,82.96084,10.03101,11.15862,32.22827,29.54295
3508.17960,0.40434,-5.57826,82.88173,10.01323,11.14973,32.20160,29.51717
3508.18960,0.40531,-5.57788,82.87105,10.01563,11.14601,32.19560,29.51381
3508.19960,0.41159,-5.57620,82.79116,10.02939,11.11794,32.15317,29.49066
3508.20960,0.40516,-5.58590,82.77809,9.99736,11.11141,32.16624,29.50308
3508.21960,0.40252,-5.58988,82.77273,9.98423,11.10873,32.17160,29.50817
3508.22960,0.39158,-5.56396,82.75466,10.04292,11.13953,32.08279,29.48942
3508.23960,0.38720,-5.57772,82.74686,10.01110,11.11940,32.10228,29.51410
3508.24960,0.38488,-5.58502,82.74273,9.99423,11.10873,32.11260,29.52717
3508.25960,0.39058,-5.57739,82.87001,10.01057,11.15259,32.17194,29.53491
3508.26960,0.39222,-5.59491,82.79398,9.95069,11.12943,32.19626,29.51761
3508.27960,0.39296,-5.61459,82.69273,9.88523,11.09773,32.21160,29.49817
3508.28960,0.39204,-5.61371,82.69795,9.88973,11.09773,32.20800,29.50249
3508.29960,0.38275,-5.60487,82.75073,9.93523,11.09773,32.17160,29.54617
3508.30960,0.38364,-5.60529,82.75151,9.93734,11.09428,32.17160,29.54828
3508.31960,0.38705,-5.60680,82.77420,9.95541,11.07649,32.17160,29.57070
3508.32960,0.35882,-5.59287,82.89773,9.96423,11.14973,32.17160,29.61217
3508.33960,0.35056,-5.60220,82.78610,9.91947,11.13216,32.14383,29.59064
3508.34960,0.34012,-5.59924,82.73048,9.91425,11.13396,32.10084,29.58143
3508.35960,0.33857,-5.59542,82.74173,9.92523,11.13973,32.09260,29.58417
3508.36960,0.35603,-5.60116,82.79149,9.93266,11.12413,32.14384,29.59086
3508.37960,0.36209,-5.60314,82.80873,9.93523,11.11873,32.16160,29.59317
3508.38960,0.35959,-5.59961,82.84586,9.94192,11.13432,32.16903,29.60060
3508.39960,0.34876,-5.60301,82.86773,9.92973,11.13973,32.17160,29.62667
3508.40960,0.33880,-5.60763,82.87673,9.91523,11.13973,32.17160,29.65017
3508.41960,0.32426,-5.60779,82.90835,9.89105,11.17135,32.18400,29.66195
3508.42960,0.33834,-5.61437,82.88867,9.90041,11.13307,32.19160,29.66359
3508.43960,0.35243,-5.61834,82.86473,9.91523,11.09773,32.19160,29.66017
3508.44960,0.33772,-5.61732,82.86923,9.89311,11.12473,32.18785,29.66355
3508.45960,0.31320,-5.61560,82.87673,9.85623,11.16973,32.18160,29.66917
3508.46960,0.31748,-5.61878,82.86057,9.86633,11.14397,32.17150,29.67877
3508.47960,0.33598,-5.62791,82.83023,9.87123,11.09823,32.18660,29.67417
3508.48960,0.35029,-5.63392,82.81573,9.86623,11.07773,32.21160,29.66017
3508.49960,0.34930,-5.63005,82.79885,9.87265,11.08110,32.19471,29.65038
3508.50960,0.34736,-5.62245,82.76573,9.88523,11.08773,32.16160,29.63117
3508.51960,0.31406,-5.64307,82.71773,9.77723,11.10873,32.18160,29.65017
3508.52960,0.30851,-5.63959,82.73866,9.79928,11.10462,32.15955,29.67521
3508.53960,0.29920,-5.63375,82.77373,9.83623,11.09773,32.12260,29.71717
3508.54960,0.31136,-5.63853,82.76977,9.83263,11.08297,32.14744,29.70673
3508.55960,0.32518,-5.64141,82.82725,9.83336,11.08631,32.20229,29.70528
3508.56960,0.31112,-5.63127,82.94373,9.84623,11.13973,32.22160,29.73617
3508.57960,0.30371,-5.63022,82.97173,9.84623,11.15064,32.22160,29.75326
3508.58960,0.29711,-5.62813,82.98694,9.84870,11.15961,32.21420,29.76443
3508.59960,0.31433,-5.62746,82.89561,9.85537,11.13228,32.19420,29.71376
3508.60960,0.31154,-5.62569,82.87005,9.85383,11.13377,32.17744,29.70501
3508.61960,0.29561,-5.62037,82.82673,9.84623,11.14973,32.13260,29.69817
3508.62960,0.29349,-5.62035,82.79853,9.84018,11.14870,32.12029,29.68935
3508.63960,0.28284,-5.62025,82.65750,9.80993,11.14357,32.05875,29.64525
3508.64960,0.27802,-5.62541,82.46073,9.78723,11.09773,31.97260,29.60317
3508.65960,0.27802,-5.62541,82.46073,9.78723,11.09773,31.97260,29.60317
3508.66960,0.25608,-5.62941,82.46246,9.76531,11.10560,31.95361,29.63794
3508.67960,0.24539,-5.64354,82.48673,9.74823,11.07773,31.96260,29.69817
3508.68960,0.24477,-5.64106,82.50257,9.75308,11.08585,31.96458,29.69906
3508.69960,0.23915,-5.61854,82.64673,9.79723,11.15973,31.98260,29.70717
3508.70960,0.23915,-5.61854,82.64673,9.79723,11.15973,31.98260,29.70717
3508.71960,0.23866,-5.62301,82.66527,9.79442,11.15102,31.99384,29.72599
3508.72960,0.25967,-5.63652,82.75866,9.79137,11.12873,32.08426,29.75431
3508.73960,0.29118,-5.63943,82.82373,9.79723,11.12873,32.17160,29.72617
3508.74960,0.28175,-5.63482,82.83939,9.79723,11.14943,32.16150,29.73122
3508.75960,0.28603,-5.62992,82.72673,9.81723,11.11873,32.09260,29.69817
3508.76960,0.28603,-5.62992,82.72673,9.81723,11.11873,32.09260,29.69817
3508.77960,0.26998,-5.64170,82.67911,9.76247,11.11873,32.09260,29.70532
3508.78960,0.26581,-5.64476,82.66673,9.74823,11.11873,32.09260,29.70717
3508.79960,0.29644,-5.61771,82.65105,9.85105,11.11001,32.04032,29.64967
3508.80960,0.31015,-5.62234,82.63133,9.84013,11.09916,32.06740,29.62464
3508.81960,0.31152,-5.62363,82.62873,9.83623,11.09773,32.07260,29.62217
3508.82960,0.28535,-5.62130,82.64485,9.83027,11.11623,32.03679,29.66156
3508.83960,0.27407,-5.63043,82.66242,9.81212,11.10571,32.04230,29.70228
3508.84960,0.27629,-5.63414,82.66473,9.80723,11.09773,32.05260,29.70717
3508.85960,0.25859,-5.64035,82.73298,9.77048,11.12923,32.09010,29.74317
3508.86960,0.25270,-5.64241,82.75573,9.75823,11.13973,32.10260,29.75517
3508.87960,0.24950,-5.64480,82.79007,9.74639,11.15157,32.12569,29.76642
3508.88960,0.25092,-5.65365,82.73432,9.73260,11.11917,32.11400,29.76854
3508.89960,0.25374,-5.65925,82.67273,9.72823,11.08773,32.09260,29.76417
3508.90960,0.25086,-5.66189,82.65909,9.72823,11.07471,32.08020,29.77595
3508.91960,0.25005,-5.65199,82.70659,9.75831,11.09251,32.07260,29.78317
3508.92960,0.25065,-5.64474,82.74173,9.77723,11.10873,32.07260,29.78317
3508.93960,0.24048,-5.65250,82.67710,9.74532,11.09620,32.05240,29.78317
3508.94960,0.22544,-5.66396,82.58173,9.69823,11.07773,32.02260,29.78317
3508.95960,0.21525,-5.65847,82.63947,9.70794,11.10247,32.02260,29.80646
3508.96960,0.21115,-5.65783,82.65613,9.72308,11.09382,32.00805,29.83117
3508.97960,0.21829,-5.66335,82.60873,9.72823,11.05673,31.99260,29.83117
3508.98960,0.22529,-5.65870,82.68623,9.75018,11.07117,32.02316,29.84173
3508.99960,0.22798,-5.65188,82.81814,9.78322,11.09611,32.06190,29.87691
3509.00960,0.20545,-5.65954,82.71673,9.74823,11.07773,32.00260,29.88817
3509.01960,0.20545,-5.65954,82.71673,9.74823,11.07773,32.00260,29.88817
3509.02960,0.22607,-5.66544,82.63873,9.71823,11.06673,32.03260,29.82117
3509.03960,0.21804,-5.66938,82.67437,9.71291,11.06673,32.04058,29.85415
3509.04960,0.20198,-5.67724,82.74565,9.70228,11.06673,32.05654,29.92011
3509.05960,0.17826,-5.67942,82.69869,9.64526,11.10405,32.04454,29.90484
3509.06960,0.18313,-5.67613,82.69827,9.63996,11.12120,32.05894,29.87817
3509.07960,0.19722,-5.67399,82.75653,9.66740,11.11613,32.08780,29.88520
3509.08960,0.17456,-5.67815,82.71873,9.63023,11.12873,32.06260,29.89717
3509.09960,0.17734,-5.67379,82.77334,9.65200,11.13647,32.07367,29.91119
3509.10960,0.18208,-5.66636,82.86673,9.68923,11.14973,32.09260,29.93517
3509.11960,0.18208,-5.66636,82.86673,9.68923,11.14973,32.09260,29.93517
3509.12960,0.24194,-5.67831,82.75662,9.71363,11.05425,32.12710,29.86165
3509.13960,0.21114,-5.68440,82.63773,9.66923,11.04673,32.05260,29.86917
3509.14960,0.20928,-5.68197,82.65843,9.67153,11.05846,32.05720,29.87124
3509.15960,0.21206,-5.67381,82.71647,9.68369,11.09045,32.07964,29.86268
3509.16960,0.24141,-5.67380,82.67973,9.69823,11.06673,32.10260,29.81217
3509.17960,0.23663,-5.67422,82.72482,9.69391,11.08085,32.12059,29.82948
3509.18960,0.22046,-5.67565,82.87773,9.67923,11.12873,32.18160,29.88817
3509.19960,0.22046,-5.67565,82.87773,9.67923,11.12873,32.18160,29.88817
3509.20960,0.23866,-5.69949,82.75179,9.65041,11.03937,32.18160,29.88041
3509.21960,0.22928,-5.69318,82.80473,9.65923,11.06673,32.18160,29.89717
3509.22960,0.23518,-5.69222,82.79803,9.66613,11.06163,32.18260,29.88767
3509.23960,0.28397,-5.68386,82.72754,9.71863,11.02181,32.18768,29.79943
3509.24960,0.24364,-5.68633,82.63373,9.63023,11.07773,32.15160,29.77417
3509.25960,0.24832,-5.68600,82.63109,9.63991,11.06860,32.14951,29.77307
3509.26960,0.28617,-5.68329,82.60973,9.71823,10.99473,32.13260,29.76417
3509.27960,0.28451,-5.68243,82.61775,9.71625,11.00186,32.13547,29.76417
3509.28960,0.26965,-5.67482,82.69262,9.69823,11.06624,32.16305,29.76509
3509.29960,0.27254,-5.67775,82.71359,9.69823,11.06087,32.17918,29.77531
3509.30960,0.27476,-5.68001,82.72973,9.69823,11.05673,32.19160,29.78317
3509.31960,0.28311,-5.69325,82.73380,9.69301,11.01492,32.21483,29.81104
3509.32960,0.29842,-5.67843,82.84609,9.73774,11.05215,32.25627,29.79993
3509.33960,0.30042,-5.67317,82.86973,9.74823,11.06673,32.26160,29.79317
3509.34960,0.30099,-5.68959,82.71297,9.70904,11.00696,32.22241,29.77456
3509.35960,0.30101,-5.68993,82.70973,9.70823,11.00573,32.22160,29.77417
3509.36960,0.29535,-5.68564,82.77012,9.69833,11.04631,32.25130,29.77417
3509.37960,0.32036,-5.67358,82.71529,9.71803,11.05663,32.25160,29.68903
3509.38960,0.32062,-5.67346,82.71473,9.71823,11.05673,32.25160,29.68817
3509.39960,0.32346,-5.67244,82.71994,9.72323,11.05673,32.25466,29.68532
3509.40960,0.34567,-5.66303,82.76467,9.76617,11.05920,32.27689,29.66241
3509.41960,0.32516,-5.65956,82.75673,9.75823,11.07773,32.24160,29.67917
3509.42960,0.33196,-5.65965,82.76098,9.76466,11.07206,32.25031,29.67395
3509.43960,0.38751,-5.66034,82.79573,9.81723,11.02573,32.32160,29.63117
3509.44960,0.35844,-5.67057,82.71994,9.76102,11.02573,32.28371,29.64949
3509.45960,0.37809,-5.68748,82.61821,9.72823,10.97169,32.30228,29.61601
3509.46960,0.40453,-5.69537,82.57673,9.72823,10.93273,32.33160,29.58417
3509.47960,0.39956,-5.68274,82.69426,9.74283,10.99332,32.36737,29.59074
3509.48960,0.39772,-5.67808,82.73773,9.74823,11.01573,32.38060,29.59317
3509.49960,0.37946,-5.69520,82.69215,9.69015,11.00029,32.38060,29.62111
3509.50960,0.37670,-5.69352,82.67573,9.71230,10.98013,32.34483,29.63847
3509.51960,0.37812,-5.69062,82.67573,9.72823,10.97473,32.33160,29.64117
3509.52960,0.40460,-5.68924,82.65869,9.70693,10.99674,32.39479,29.56023
3509.53960,0.42009,-5.69501,82.64877,9.70563,10.97466,32.42060,29.54788
3509.54960,0.42173,-5.69723,82.64773,9.70823,10.96373,32.42060,29.55517
3509.55960,0.41131,-5.68850,82.69373,9.72593,10.98920,32.40645,29.57216
3509.56960,0.39230,-5.67259,82.77773,9.75823,11.03573,32.38060,29.60317
3509.57960,0.39301,-5.69446,82.72814,9.70374,10.99838,32.41121,29.61481
3509.58960,0.41368,-5.70393,82.70410,9.68704,10.97473,32.45515,29.58718
3509.59960,0.42639,-5.70116,82.70873,9.69823,10.97473,32.47060,29.56517
3509.60960,0.42155,-5.69118,82.68162,9.70977,10.99261,32.43598,29.54325
3509.61960,0.43201,-5.67372,82.78561,9.76292,11.02892,32.45585,29.53792
3509.62960,0.44275,-5.66595,82.88073,9.79723,11.04673,32.49060,29.54617
3509.63960,0.43068,-5.67366,82.84761,9.76936,11.03824,32.47848,29.56152
3509.64960,0.41286,-5.68505,82.79873,9.72823,11.02573,32.46060,29.58417
3509.65960,0.41933,-5.68296,82.75066,9.74035,11.00916,32.43636,29.56478
3509.66960,0.43345,-5.67816,82.70157,9.76640,10.98823,32.41227,29.53467
3509.67960,0.45619,-5.66964,82.81073,9.80723,11.00573,32.47060,29.52717
3509.68960,0.43903,-5.67542,82.81898,9.78346,11.01058,32.46575,29.55919
3509.69960,0.42936,-5.67739,82.78512,9.76754,11.01083,32.44591,29.56085
3509.70960,0.43826,-5.67306,82.74073,9.77723,11.00573,32.43060,29.52717
3509.71960,0.43826,-5.67306,82.74073,9.77723,11.00573,32.43060,29.52717
3509.72960,0.44505,-5.65860,82.88973,9.82623,11.04673,32.47060,29.54617
3509.73960,0.44505,-5.65860,82.88973,9.82623,11.04673,32.47060,29.54617
3509.74960,0.45362,-5.66688,82.80125,9.81222,11.00838,32.45585,29.52479
3509.75960,0.46138,-5.66165,82.81977,9.82062,11.02362,32.47174,29.50378
3509.76960,0.46335,-5.65823,82.84073,9.82623,11.03573,32.48060,29.49817
3509.77960,0.44799,-5.65295,82.63278,9.79299,11.03573,32.37833,29.42573
3509.78960,0.43088,-5.64411,82.87252,9.81333,11.10794,32.44760,29.50365
3509.79960,0.42873,-5.64293,82.91373,9.81723,11.11873,32.46060,29.51717
3509.80960,0.43428,-5.64743,82.85173,9.82623,11.07773,32.43060,29.51717
3509.81960,0.43700,-5.64816,82.84205,9.82394,11.07492,32.43315,29.51004
3509.82960,0.42829,-5.65029,82.82490,9.80535,11.08146,32.42634,29.51175
3509.83960,0.37492,-5.65026,82.86073,9.76723,11.12873,32.38060,29.58417
3509.84960,0.38455,-5.64531,82.85029,9.78701,11.12428,32.37393,29.56506
3509.85960,0.41788,-5.63266,82.77052,9.83556,11.10152,32.34851,29.48493
3509.86960,0.41659,-5.64812,82.62773,9.76723,11.07773,32.34160,29.44117
3509.87960,0.41477,-5.64154,82.62582,9.78401,11.08431,32.32036,29.43714
3509.88960,0.40799,-5.61713,82.61873,9.84623,11.10873,32.24160,29.42217
3509.89960,0.40395,-5.61754,82.61662,9.84079,11.11217,32.23827,29.42540
3509.90960,0.36731,-5.61961,82.60633,9.80071,11.14213,32.20320,29.46029
3509.91960,0.33552,-5.61110,82.65473,9.82623,11.15973,32.14160,29.52717
3509.92960,0.33623,-5.61224,82.64760,9.82398,11.15604,32.14160,29.52599
3509.93960,0.34206,-5.62068,82.60345,9.80832,11.12992,32.14596,29.51924
3509.94960,0.34644,-5.62050,82.67473,9.81723,11.13973,32.18160,29.53617
3509.95960,0.34644,-5.62050,82.67473,9.81723,11.13973,32.18160,29.53617
3509.96960,0.31498,-5.60935,82.75173,9.83623,11.18073,32.14160,29.59317
3509.97960,0.31498,-5.60935,82.75173,9.83623,11.18073,32.14160,29.59317
3509.98960,0.31341,-5.63149,82.75957,9.78821,11.15035,32.19060,29.63041
3509.99960,0.30372,-5.57532,82.83251,9.91143,11.24967,32.08584,29.58557
3510.00960,0.30343,-5.57359,82.83473,9.91523,11.25273,32.08260,29.58417
3510.01960,0.30135,-5.57982,82.76444,9.89543,11.23193,32.06280,29.57427
3510.02960,0.29117,-5.58337,82.73782,9.87596,11.23173,32.04931,29.58082
3510.03960,0.28603,-5.58513,82.72473,9.86623,11.23173,32.04260,29.58417
3510.04960,0.28335,-5.58562,82.76961,9.84863,11.25901,32.07780,29.58417
3510.05960,0.28298,-5.58568,82.77573,9.84623,11.26273,32.08260,29.58417
3510.06960,0.25861,-5.57189,82.71457,9.87207,11.27134,31.97923,29.59193
3510.07960,0.25327,-5.58807,82.72709,9.85903,11.22887,31.98840,29.65079
3510.08960,0.25304,-5.59106,82.73073,9.85623,11.22173,31.99260,29.66017
3510.09960,0.23822,-5.57878,82.77764,9.86543,11.26910,31.97880,29.66431
3510.10960,0.22101,-5.56450,82.83219,9.87613,11.32418,31.96276,29.66913
3510.11960,0.23626,-5.57028,82.87035,9.88514,11.30394,32.00220,29.67907
3510.12960,0.23641,-5.57034,82.87073,9.88523,11.30373,32.00260,29.67917
3510.13960,0.22428,-5.58733,82.72073,9.82623,11.26273,31.96260,29.66917
3510.14960,0.22723,-5.58712,82.71007,9.81920,11.26782,31.96987,29.65317
3510.15960,0.23628,-5.57996,82.71098,9.82173,11.29148,31.98510,29.61267
3510.16960,0.23579,-5.56054,82.81373,9.89523,11.31473,31.96260,29.64117
3510.17960,0.22902,-5.57454,82.81118,9.87004,11.28844,31.97355,29.67914
3510.18960,0.19963,-5.59320,82.82713,9.80283,11.29193,31.99260,29.73977
3510.19960,0.18789,-5.58942,82.84073,9.78723,11.32473,31.99260,29.73617
3510.20960,0.19547,-5.59259,82.81993,9.79523,11.29993,31.98860,29.73617
3510.21960,0.20684,-5.59734,82.78873,9.80723,11.26273,31.98260,29.73617
3510.22960,0.19943,-5.59532,82.84032,9.81911,11.27132,31.98260,29.76729
3510.23960,0.19159,-5.59170,82.90942,9.83896,11.28223,31.98260,29.80563
3510.24960,0.20949,-5.58720,82.87573,9.85623,11.27273,31.98260,29.76417
3510.25960,0.20249,-5.57902,82.87741,9.86042,11.29868,31.96586,29.75245
3510.26960,0.19676,-5.59372,82.77726,9.83207,11.24809,31.93270,29.76439
3510.27960,0.20084,-5.62036,82.67273,9.79723,11.15973,31.92260,29.79317
3510.28960,0.19462,-5.60245,82.75456,9.80703,11.23568,31.94220,29.76965
3510.29960,0.18815,-5.58385,82.83973,9.81723,11.31473,31.96260,29.74517
3510.30960,0.17997,-5.59834,82.83287,9.78341,11.29414,31.97731,29.77802
3510.31960,0.15941,-5.60879,82.82670,9.74179,11.29624,31.97649,29.81217
3510.32960,0.13432,-5.59914,82.82871,9.72837,11.34524,31.94294,29.81217
3510.33960,0.13669,-5.59818,82.82480,9.74305,11.33302,31.93080,29.81792
3510.34960,0.14203,-5.59643,82.81678,9.77330,11.30710,31.90673,29.82965
3510.35960,0.16674,-5.60401,82.95873,9.82623,11.26273,31.97260,29.89717
3510.36960,0.16718,-5.60108,82.93579,9.81180,11.28197,31.97630,29.86572
3510.37960,0.16791,-5.59610,82.89673,9.78723,11.31473,31.98260,29.81217
3510.38960,0.17542,-5.60167,82.86360,9.78257,11.29069,31.98493,29.80541
3510.39960,0.19689,-5.61763,82.76893,9.76923,11.22203,31.99160,29.78607
3510.40960,0.18117,-5.60390,82.92573,9.77723,11.30373,32.03260,29.81217
3510.41960,0.18180,-5.60000,82.93773,9.79448,11.30373,32.02260,29.81692
3510.42960,0.17932,-5.59658,82.96648,9.81423,11.30373,32.01260,29.83592
3510.43960,0.16625,-5.62145,82.94473,9.71823,11.30373,32.07260,29.85017
3510.44960,0.17001,-5.61548,82.95380,9.74715,11.29882,32.05544,29.85238
3510.45960,0.18157,-5.59710,82.98173,9.83623,11.28373,32.00260,29.85917
3510.46960,0.17282,-5.59699,82.97261,9.82447,11.29357,31.99300,29.86157
3510.47960,0.15183,-5.59908,82.90966,9.78509,11.30930,31.96046,29.85482
3510.48960,0.17651,-5.60807,82.78473,9.77723,11.25273,31.95260,29.80217
3510.49960,0.17621,-5.60690,82.78233,9.77812,11.25549,31.94993,29.79879
3510.50960,0.17274,-5.59510,82.75457,9.78482,11.28456,31.92260,29.76259
3510.51960,0.16801,-5.59746,82.71973,9.75823,11.29373,31.92260,29.74517
3510.52960,0.16880,-5.59680,82.70169,9.75713,11.29263,31.91611,29.73582
3510.53960,0.17516,-5.59146,82.55573,9.74823,11.28373,31.86360,29.66017
3510.54960,0.17516,-5.59146,82.55573,9.74823,11.28373,31.86360,29.66017
3510.55960,0.18265,-5.58393,82.74574,9.81695,11.29074,31.90497,29.73309
3510.56960,0.17233,-5.58101,82.80749,9.81737,11.31667,31.91594,29.75751
3510.57960,0.16759,-5.58111,82.80073,9.80723,11.32473,31.91360,29.75517
3510.58960,0.16391,-5.58216,82.89989,9.82129,11.33213,31.94246,29.80401
3510.59960,0.18008,-5.57797,82.96961,9.85175,11.33473,31.97812,29.80501
3510.60960,0.18315,-5.57717,82.97573,9.85623,11.33473,31.98260,29.80217
3510.61960,0.16847,-5.56008,83.04881,9.86493,11.40694,31.98260,29.79434
3510.62960,0.16628,-5.55753,83.05973,9.86623,11.41773,31.98260,29.79317
3510.63960,0.17837,-5.56813,82.93869,9.84354,11.37082,31.96747,29.75686
3510.64960,0.19548,-5.57617,82.87813,9.83623,11.33341,31.97700,29.73149
3510.65960,0.20063,-5.57797,82.86973,9.83623,11.32473,31.98260,29.72617
3510.66960,0.20906,-5.57192,82.87085,9.85294,11.33029,31.98260,29.70501
3510.67960,0.22433,-5.56662,82.92164,9.86623,11.34928,32.02419,29.68193
3510.68960,0.22811,-5.56640,82.94373,9.86623,11.35573,32.04260,29.67917
3510.69960,0.22105,-5.57250,82.91191,9.85883,11.33279,32.02040,29.69989
3510.70960,0.21857,-5.57465,82.90073,9.85623,11.32473,32.01260,29.70717
3510.71960,0.21142,-5.57504,82.88873,9.84398,11.33248,32.00510,29.70717
3510.72960,0.18142,-5.55837,82.93185,9.84287,11.40525,31.97052,29.71321
3510.73960,0.17583,-5.54668,82.98373,9.86623,11.43773,31.96260,29.71717
3510.74960,0.21539,-5.55422,82.94271,9.86623,11.39977,32.01770,29.65901
3510.75960,0.22963,-5.55925,82.96970,9.86021,11.39439,32.06464,29.65046
3510.76960,0.22247,-5.55942,83.00473,9.85623,11.40673,32.07260,29.66917
3510.77960,0.22140,-5.55532,83.05536,9.87975,11.41111,32.07260,29.69190
3510.78960,0.21979,-5.54915,83.13173,9.91523,11.41773,32.07260,29.72617
3510.79960,0.22424,-5.54497,83.05698,9.89593,11.43307,32.06270,29.66528
3510.80960,0.22939,-5.54763,82.99690,9.88554,11.41835,32.05260,29.64041
3510.81960,0.23001,-5.55484,83.01373,9.89523,11.38673,32.05260,29.67917
3510.82960,0.23058,-5.54229,82.99218,9.90503,11.41709,32.03301,29.63705
3510.83960,0.22914,-5.53408,82.95785,9.91523,11.42793,32.00270,29.61199
3510.84960,0.22706,-5.53905,82.94573,9.91523,11.40673,31.99260,29.63117
3510.85960,0.23186,-5.54042,82.98632,9.90533,11.42207,32.03220,29.62672
3510.86960,0.23675,-5.54182,83.02773,9.89523,11.43773,32.07260,29.62217
3510.87960,0.23675,-5.54182,83.02773,9.89523,11.43773,32.07260,29.62217
3510.88960,0.27402,-5.54313,82.92105,9.89778,11.40300,32.08750,29.53276
3510.89960,0.26797,-5.55167,82.96873,9.88523,11.39673,32.11260,29.57417
3510.90960,0.26497,-5.54734,82.98009,9.89256,11.40808,32.10527,29.57417
3510.91960,0.26970,-5.53370,83.01173,9.92305,11.43536,32.09987,29.55345
3510.92960,0.28706,-5.52295,83.03273,9.95423,11.44873,32.11260,29.51717
3510.93960,0.28656,-5.52453,83.04440,9.95423,11.44600,32.11757,29.52661
3510.94960,0.28523,-5.52878,83.07595,9.95423,11.43861,32.13099,29.55211
3510.95960,0.29094,-5.53834,83.02957,9.93311,11.41301,32.13956,29.54389
3510.96960,0.30433,-5.56042,82.86209,9.87319,11.34961,32.14024,29.49905
3510.97960,0.28774,-5.53945,82.83473,9.89523,11.39673,32.07260,29.47017
3510.98960,0.29124,-5.53247,82.86892,9.91681,11.40933,32.07502,29.46775
3510.99960,0.29782,-5.51587,82.93390,9.96220,11.44105,32.07517,29.45547
3511.00960,0.28470,-5.53169,82.80673,9.89523,11.41773,32.05260,29.44117
3511.01960,0.28470,-5.53169,82.80673,9.89523,11.41773,32.05260,29.44117
3511.02960,0.30908,-5.50034,82.79173,9.97423,11.44873,32.01260,29.35617
3511.03960,0.30691,-5.50218,82.78242,9.96986,11.44401,32.00811,29.36044
3511.04960,0.28766,-5.51635,82.71916,9.93266,11.41342,31.97646,29.39662
3511.05960,0.27352,-5.51369,82.78973,9.91523,11.45873,32.00260,29.41317
3511.06960,0.27415,-5.51386,82.79531,9.91604,11.45873,32.00584,29.41471
3511.07960,0.27994,-5.51544,82.84605,9.92340,11.45873,32.03525,29.42868
3511.08960,0.28131,-5.50909,83.03473,9.97423,11.47973,32.08260,29.49817
3511.09960,0.28352,-5.50926,83.02847,9.97530,11.47643,32.08260,29.49414
3511.10960,0.30194,-5.51066,82.97626,9.98414,11.44900,32.08260,29.46051
3511.11960,0.29997,-5.50912,82.96349,9.98185,11.45357,32.07465,29.45342
3511.12960,0.28200,-5.49622,82.86151,9.96198,11.49397,32.00843,29.39713
3511.13960,0.32424,-5.49235,82.79173,10.00323,11.44873,32.01260,29.32717
3511.14960,0.32424,-5.49235,82.79173,10.00323,11.44873,32.01260,29.32717
3511.15960,0.32732,-5.49449,82.74073,10.01323,11.41773,31.98260,29.32717
3511.16960,0.32732,-5.49449,82.74073,10.01323,11.41773,31.98260,29.32717
3511.17960,0.32713,-5.49258,82.74145,10.00611,11.43197,31.98972,29.31364
3511.18960,0.30414,-5.49618,82.81062,9.97469,11.46823,32.01228,29.35541
3511.19960,0.30377,-5.49625,82.81173,9.97423,11.46873,32.01260,29.35617
3511.20960,0.30815,-5.49604,82.81152,9.98145,11.46224,32.01365,29.35418
3511.21960,0.33636,-5.49328,82.84458,10.03394,11.42833,32.03189,29.35042
3511.22960,0.30584,-5.49030,82.95973,10.00323,11.49973,32.06260,29.39417
3511.23960,0.31101,-5.48533,82.93309,10.00323,11.51089,32.05900,29.35997
3511.24960,0.32763,-5.47633,82.96137,10.02346,11.53073,32.08496,29.32223
3511.25960,0.33852,-5.47610,83.07273,10.05323,11.53073,32.13260,29.35617
3511.26960,0.32659,-5.48788,82.96685,10.01840,11.49520,32.09080,29.36244
3511.27960,0.32139,-5.49302,82.92073,10.00323,11.47973,32.07260,29.36517
3511.28960,0.34044,-5.48410,82.90737,10.04036,11.47156,32.06517,29.33027
3511.29960,0.37358,-5.48214,82.89015,10.05323,11.46133,32.10700,29.26859
3511.30960,0.38291,-5.48254,82.88573,10.05323,11.45873,32.12260,29.25117
3511.31960,0.34640,-5.47265,82.86361,10.04586,11.49633,32.04886,29.27256
3511.32960,0.31016,-5.47297,82.85499,10.01333,11.52542,32.00765,29.30858
3511.33960,0.30231,-5.47428,82.85473,10.00323,11.53073,32.00260,29.31817
3511.34960,0.31089,-5.47458,82.82954,10.00688,11.51941,32.00260,29.30065
3511.35960,0.32583,-5.47512,82.78573,10.01323,11.49973,32.00260,29.27017
3511.36960,0.34462,-5.47014,82.76355,10.03172,11.49357,32.00876,29.22951
3511.37960,0.34663,-5.47175,82.73327,10.01635,11.49521,32.01260,29.20911
3511.38960,0.33866,-5.47563,82.71973,9.99423,11.49973,32.01260,29.21317
3511.39960,0.33734,-5.47624,82.72345,10.01221,11.48051,31.99400,29.23673
3511.40960,0.33654,-5.47661,82.72573,10.02323,11.46873,31.98260,29.25117
3511.41960,0.32922,-5.47940,82.73997,10.00935,11.47620,31.98972,29.26470
3511.42960,0.31760,-5.48381,82.76257,9.98732,11.48807,32.00102,29.28617
3511.43960,0.33091,-5.48073,82.82573,10.00323,11.49973,32.04260,29.28017
3511.44960,0.33500,-5.48783,82.86978,9.98888,11.49973,32.08715,29.29403
3511.45960,0.33477,-5.48454,82.97909,10.00344,11.52547,32.12765,29.32253
3511.46960,0.33029,-5.47383,83.04473,10.03323,11.55173,32.12260,29.33717
3511.47960,0.31311,-5.47304,82.97588,10.02354,11.54639,32.06442,29.34154
3511.48960,0.29482,-5.47221,82.90273,10.01323,11.54073,32.00260,29.34617
3511.49960,0.30094,-5.47556,82.87379,10.00699,11.52724,32.00589,29.33368
3511.50960,0.31343,-5.48243,82.81473,9.99423,11.49973,32.01260,29.30817
3511.51960,0.31582,-5.47935,83.07973,10.05323,11.52073,32.09260,29.41317
3511.52960,0.30259,-5.48470,82.96911,10.00913,11.51662,32.05523,29.38813
3511.53960,0.28666,-5.48689,82.86237,9.96082,11.52929,32.01894,29.35332
3511.54960,0.29711,-5.47561,82.99273,10.00323,11.56173,32.06260,29.36517
3511.55960,0.29152,-5.47164,82.99125,10.02506,11.55396,32.02930,29.38293
3511.56960,0.28199,-5.46489,82.98873,10.06223,11.54073,31.97260,29.41317
3511.57960,0.28199,-5.46489,82.98873,10.06223,11.54073,31.97260,29.41317
3511.58960,0.27918,-5.48941,82.90583,9.98700,11.50520,32.00047,29.41317
3511.59960,0.26878,-5.50239,82.84761,9.94022,11.48973,31.99785,29.41981
3511.60960,0.26551,-5.50320,82.83973,9.93523,11.48973,31.99260,29.42217
3511.61960,0.26734,-5.50874,82.86150,9.91347,11.49698,32.02887,29.42217
3511.62960,0.29437,-5.52396,82.74213,9.89098,11.43343,32.04260,29.37512
3511.63960,0.30500,-5.52925,82.69073,9.88523,11.40673,32.04260,29.35617
3511.64960,0.29965,-5.55689,82.88253,9.85523,11.38563,32.15960,29.48207
3511.65960,0.28840,-5.56133,82.87173,9.84623,11.37573,32.14160,29.50817
3511.66960,0.28921,-5.56221,82.87284,9.84330,11.37573,32.14665,29.50716
3511.67960,0.29646,-5.57008,82.88273,9.81723,11.37573,32.19160,29.49817
3511.68960,0.29646,-5.57008,82.88273,9.81723,11.37573,32.19160,29.49817
3511.69960,0.28958,-5.59378,82.79224,9.76805,11.31573,32.18176,29.52670
3511.70960,0.28713,-5.60113,82.77822,9.75642,11.29709,32.18160,29.54310
3511.71960,0.28536,-5.60640,82.76873,9.74823,11.28373,32.18160,29.55517
3511.72960,0.29797,-5.60287,82.85567,9.75676,11.31015,32.24126,29.54750
3511.73960,0.29010,-5.60491,82.90873,9.75823,11.31473,32.25160,29.58417
3511.74960,0.30771,-5.59632,83.01773,9.79723,11.33473,32.30160,29.58417
3511.75960,0.24793,-5.60173,82.94973,9.69823,11.39673,32.25160,29.60317
3511.76960,0.24793,-5.60173,82.94973,9.69823,11.39673,32.25160,29.60317
3511.77960,0.27616,-5.59994,82.92034,9.73743,11.35655,32.25160,29.57476
3511.78960,0.28380,-5.59938,82.85309,9.75718,11.32175,32.21240,29.56176
3511.79960,0.28754,-5.59909,82.81773,9.76723,11.30373,32.19160,29.55517
3511.80960,0.30909,-5.59835,82.75007,9.78795,11.26851,32.17779,29.51582
3511.81960,0.31877,-5.59801,82.71973,9.79723,11.25273,32.17160,29.49817
3511.82960,0.28638,-5.60962,82.72886,9.71511,11.29503,32.19649,29.52223
3511.83960,0.29628,-5.62118,82.72022,9.71576,11.25027,32.21036,29.54382
3511.84960,0.29862,-5.62247,82.71873,9.71823,11.24273,32.21160,29.54617
3511.85960,0.29929,-5.62144,82.74339,9.72569,11.24526,32.21792,29.55452
3511.86960,0.29808,-5.61341,82.93635,9.77199,11.27707,32.26712,29.62017
3511.87960,0.28275,-5.61099,82.99573,9.75823,11.31473,32.28160,29.64117
3511.88960,0.28954,-5.62438,82.93110,9.72863,11.27920,32.29147,29.63180
3511.89960,0.30348,-5.63750,82.85430,9.70626,11.23444,32.30160,29.61201
3511.90960,0.32254,-5.63572,82.82573,9.72823,11.21173,32.30160,29.58417
3511.91960,0.29636,-5.63619,82.83697,9.69509,11.24600,32.29036,29.60552
3511.92960,0.27595,-5.63656,82.84573,9.66923,11.27273,32.28160,29.62217
3511.93960,0.27246,-5.63938,82.85890,9.66230,11.27273,32.28853,29.63534
3511.94960,0.26675,-5.64401,82.88049,9.65094,11.27273,32.29990,29.65693
3511.95960,0.27932,-5.63651,82.86552,9.70041,11.24671,32.26691,29.65150
3511.96960,0.28138,-5.63526,82.86273,9.70823,11.24273,32.26160,29.65017
3511.97960,0.31088,-5.65052,82.87050,9.69961,11.19786,32.33062,29.64241
3511.98960,0.31386,-5.65604,82.84394,9.69823,11.17248,32.32423,29.64899
3511.99960,0.29386,-5.67228,82.76317,9.62167,11.16973,32.32160,29.65017
3512.00960,0.29621,-5.67877,82.73173,9.61023,11.14973,32.32160,29.65017
3512.01960,0.29862,-5.67734,82.79073,9.62023,11.15973,32.34610,29.66467
3512.02960,0.30102,-5.67734,82.84874,9.63469,11.15983,32.36565,29.68858
3512.03960,0.30103,-5.67880,82.84773,9.63923,11.14973,32.36060,29.69817
3512.04960,0.29184,-5.67749,82.87370,9.62012,11.18011,32.37530,29.69817
3512.05960,0.28229,-5.67613,82.90073,9.60023,11.21173,32.39060,29.69817
3512.06960,0.28400,-5.67526,82.93785,9.61271,11.21173,32.40020,29.71321
3512.07960,0.28756,-5.67346,83.01519,9.63871,11.21173,32.42020,29.74455
3512.08960,0.27263,-5.68437,82.82073,9.57123,11.19073,32.36060,29.69817
3512.09960,0.26813,-5.68221,82.83071,9.57801,11.19429,32.35026,29.70815
3512.10960,0.26557,-5.67969,82.89681,9.60437,11.19366,32.35246,29.74632
3512.11960,0.27574,-5.68220,82.98473,9.63023,11.18073,32.39060,29.78317
3512.12960,0.27509,-5.67251,82.98650,9.63695,11.20972,32.38353,29.75630
3512.13960,0.27390,-5.65480,82.98973,9.64923,11.26273,32.37060,29.70717
3512.14960,0.28164,-5.66298,82.92792,9.64271,11.22392,32.36064,29.70065
3512.15960,0.29731,-5.68078,82.82653,9.62673,11.14973,32.35525,29.69482
3512.16960,0.29890,-5.68472,82.85773,9.62023,11.14973,32.38060,29.70717
3512.17960,0.30142,-5.68735,82.85750,9.61788,11.14244,32.38765,29.70952
3512.18960,0.30861,-5.69488,82.85683,9.61117,11.12164,32.40778,29.71623
3512.19960,0.27694,-5.71860,82.70573,9.52123,11.08773,32.36060,29.73617
3512.20960,0.28076,-5.71901,82.72011,9.52540,11.08564,32.37102,29.73805
3512.21960,0.29528,-5.72058,82.77473,9.54123,11.07773,32.41060,29.74517
3512.22960,0.29941,-5.71919,82.79076,9.55029,11.07773,32.41757,29.74517
3512.23960,0.30746,-5.71363,82.86074,9.57115,11.09450,32.44759,29.74750
3512.24960,0.28903,-5.71051,82.91673,9.54123,11.14973,32.47060,29.75517
