time_s,cop_x_cm,cop_y_cm,mass_kg,tr_kg,tl_kg,br_kg,bl_kg
4349.78530,-3.44096,-4.92116,44.18286,5.79159,6.76339,12.78872,18.83916
4349.79530,-3.43559,-4.92398,44.17900,5.79159,6.75683,12.79258,18.83800
4349.80530,-3.39934,-4.94364,44.15613,5.79280,6.71106,12.81872,18.83355
4349.81530,-3.40052,-4.94756,44.17986,5.80159,6.70139,12.81872,18.85816
4349.82530,-3.39898,-4.94627,44.17597,5.80221,6.70216,12.81802,18.85357
4349.83530,-3.38713,-4.93637,44.14602,5.80703,6.70804,12.81268,18.81828
4349.84530,-3.37834,-4.92904,44.12386,5.81059,6.71239,12.80872,18.79216
4349.85530,-3.34875,-4.96752,44.05251,5.77259,6.65578,12.84672,18.77743
4349.86530,-3.39754,-4.95028,43.98286,5.78159,6.66039,12.75872,18.78216
4349.87530,-3.39669,-4.95020,43.98337,5.78188,6.66039,12.75951,18.78159
4349.88530,-3.31277,-4.94295,44.03434,5.81040,6.66029,12.83782,18.72583
4349.89530,-3.34129,-4.96476,44.08186,5.79159,6.65039,12.84772,18.79216
4349.90530,-3.34168,-4.96456,44.08255,5.79178,6.65080,12.84743,18.79254
4349.91530,-3.37971,-4.94384,44.15086,5.81059,6.69139,12.81872,18.83016
4349.92530,-3.37971,-4.94384,44.15086,5.81059,6.69139,12.81872,18.83016
4349.93530,-3.36641,-4.97847,44.10439,5.75806,6.66378,12.86519,18.81736
4349.94530,-3.35528,-4.96778,44.24446,5.78954,6.69249,12.90423,18.85821
4349.95530,-3.35428,-4.96180,44.27880,5.80185,6.70147,12.90745,18.86803
4349.96530,-3.35244,-4.94364,44.27276,5.82802,6.70885,12.88061,18.85528
4349.97530,-3.37463,-4.94367,44.21217,5.82434,6.69533,12.83603,18.85647
4349.98530,-3.37996,-4.94569,44.19886,5.82059,6.69139,12.82872,18.85816
4349.99530,-3.38173,-4.91501,44.30534,5.85579,6.74595,12.83664,18.86696
4350.00530,-3.38197,-4.91084,44.31986,5.86059,6.75339,12.83772,18.86816
4350.01530,-3.38197,-4.91084,44.31986,5.86059,6.75339,12.83772,18.86816
4350.02530,-3.33917,-4.93927,44.44127,5.85801,6.73510,12.93544,18.91271
4350.03530,-3.34196,-4.93855,44.43586,5.86059,6.73239,12.92772,18.91516
4350.04530,-3.34196,-4.93855,44.43586,5.86059,6.73239,12.92772,18.91516
4350.05530,-3.37084,-4.95391,44.11286,5.80384,6.66789,12.81847,18.82266
4350.06530,-3.37048,-4.96724,44.05986,5.79159,6.63939,12.80872,18.82016
4350.07530,-3.39602,-4.94773,44.17311,5.79159,6.70914,12.83047,18.84191
4350.08530,-3.40451,-4.94125,44.21086,5.79159,6.73239,12.83772,18.84916
4350.09530,-3.43553,-4.98097,44.11786,5.75019,6.67059,12.80832,18.88876
4350.10530,-3.38089,-4.98732,44.18460,5.75649,6.67077,12.88585,18.87148
4350.11530,-3.32537,-4.97243,44.27986,5.78159,6.70139,12.95772,18.83916
4350.12530,-3.35608,-4.98647,44.17903,5.77165,6.65570,12.89365,18.85803
4350.13530,-3.38517,-4.98979,44.11806,5.75759,6.64619,12.85232,18.86196
4350.14530,-3.38190,-4.97336,44.17986,5.75159,6.70139,12.88772,18.83916
4350.15530,-3.36549,-4.98258,44.22365,5.76165,6.68579,12.91289,18.86332
4350.16530,-3.34933,-4.99166,44.26686,5.77159,6.67039,12.93772,18.88716
4350.17530,-3.33899,-4.99346,44.21205,5.75899,6.66409,12.93772,18.85125
4350.18530,-3.39077,-4.99141,44.18559,5.73313,6.68648,12.89954,18.86643
4350.19530,-3.42384,-4.98963,44.18886,5.72259,6.70139,12.87772,18.88716
4350.20530,-3.42168,-4.97928,44.22006,5.73793,6.71491,12.87772,18.88950
4350.21530,-3.41554,-4.94988,44.30886,5.78159,6.75339,12.87772,18.89616
4350.22530,-3.39915,-4.97313,44.23886,5.75613,6.71394,12.89045,18.87834
4350.23530,-3.38005,-4.99851,44.19189,5.73588,6.67175,12.91039,18.87386
4350.24530,-3.37443,-5.00548,44.18786,5.73259,6.66039,12.91772,18.87716
4350.25530,-3.36489,-5.00500,44.18266,5.73753,6.65493,12.92032,18.86988
4350.26530,-3.33528,-4.98229,44.23003,5.78872,6.66109,12.91938,18.86084
4350.27530,-3.33188,-4.95259,44.31686,5.84059,6.69139,12.90772,18.87716
4350.28530,-3.31315,-4.98934,44.26076,5.79520,6.64957,12.94852,18.86747
4350.29530,-3.29511,-5.02474,44.20686,5.75159,6.60939,12.98772,18.85816
4350.30530,-3.29262,-5.02929,44.20086,5.75659,6.59389,12.98272,18.86766
4350.31530,-3.28630,-5.03549,44.27902,5.75169,6.60859,13.02722,18.89152
4350.32530,-3.28240,-5.03716,44.36486,5.74159,6.63939,13.07772,18.90616
4350.33530,-3.28806,-5.02181,44.33136,5.75659,6.64489,13.04272,18.88716
4350.34530,-3.30171,-5.02399,44.36436,5.76659,6.63989,13.03272,18.92516
4350.35530,-3.30968,-5.04148,44.43086,5.76159,6.62939,13.05772,18.98216
4350.36530,-3.30968,-5.04148,44.43086,5.76159,6.62939,13.05772,18.98216
4350.37530,-3.30308,-5.00788,44.41486,5.78159,6.67039,13.03772,18.92516
4350.38530,-3.28632,-5.01564,44.37959,5.77712,6.64986,13.04442,18.90820
4350.39530,-3.22704,-5.03958,44.25834,5.76668,6.57987,13.06403,18.84776
4350.40530,-3.22121,-5.01517,44.26970,5.80589,6.59123,13.03562,18.83696
4350.41530,-3.22996,-4.99108,44.28252,5.83059,6.61693,13.00742,18.82759
4350.42530,-3.26942,-4.97116,44.25351,5.81344,6.66458,12.97191,18.80359
4350.43530,-3.27831,-4.98399,44.14286,5.77159,6.65039,12.95772,18.76316
4350.44530,-3.27831,-4.98399,44.14286,5.77159,6.65039,12.95772,18.76316
4350.45530,-3.28932,-4.94127,44.37686,5.86959,6.70139,12.94772,18.85816
4350.46530,-3.29169,-4.94148,44.35854,5.86235,6.70302,12.94477,18.84841
4350.47530,-3.29692,-4.93219,44.26700,5.85038,6.70709,12.91257,18.79696
4350.48530,-3.27189,-4.90099,44.30886,5.93859,6.69139,12.86772,18.81116
4350.49530,-3.27189,-4.90099,44.30886,5.93859,6.69139,12.86772,18.81116
4350.50530,-3.32488,-4.87573,44.02220,5.87205,6.72499,12.75872,18.66644
4350.51530,-3.34875,-4.88400,44.02886,5.85059,6.73239,12.75872,18.68716
4350.52530,-3.35177,-4.88493,44.02729,5.84835,6.73239,12.75723,18.68932
4350.53530,-3.37690,-4.89265,44.01425,5.82972,6.73239,12.74481,18.70733
4350.54530,-3.38826,-4.89264,44.02200,5.82475,6.73960,12.74149,18.71616
4350.55530,-3.38220,-4.86866,44.08789,5.85059,6.77893,12.74962,18.70875
4350.56530,-3.38108,-4.86576,43.94086,5.85059,6.74239,12.68872,18.65916
4350.57530,-3.38108,-4.86576,43.94086,5.85059,6.74239,12.68872,18.65916
4350.58530,-3.40946,-4.85266,43.96057,5.86019,6.76370,12.65862,18.67806
4350.59530,-3.44633,-4.85301,43.93186,5.82059,6.79439,12.64872,18.66816
4350.60530,-3.44956,-4.85366,43.93082,5.82133,6.79209,12.64426,18.67314
4350.61530,-3.47441,-4.85870,43.92282,5.82704,6.77438,12.60998,18.71142
4350.62530,-3.48877,-4.86196,43.91769,5.83059,6.76308,12.58972,18.73430
4350.63530,-3.38517,-4.87560,43.90025,5.82990,6.73249,12.68813,18.64972
4350.64530,-3.48574,-4.89685,43.83886,5.76159,6.74239,12.62872,18.70616
4350.65530,-3.48574,-4.89685,43.83886,5.76159,6.74239,12.62872,18.70616
4350.66530,-3.48133,-4.90049,43.90091,5.74159,6.77308,12.67922,18.70702
4350.67530,-3.47555,-4.93174,44.00486,5.74159,6.74239,12.72872,18.79216
4350.68530,-3.47555,-4.93174,44.00486,5.74159,6.74239,12.72872,18.79216
4350.69530,-3.48160,-4.93120,43.88230,5.74159,6.70867,12.67114,18.76090
4350.70530,-3.48291,-4.93108,43.85586,5.74159,6.70139,12.65872,18.75416
4350.71530,-3.48476,-4.96744,43.76593,5.72212,6.62555,12.63859,18.77966
4350.72530,-3.47259,-4.98032,43.74736,5.70462,6.61310,12.66060,18.76905
4350.73530,-3.46926,-4.97905,43.75386,5.70259,6.61939,12.66872,18.76316
4350.74530,-3.53796,-4.97447,43.91982,5.69487,6.68269,12.67644,18.86583
4350.75530,-3.55816,-4.97312,43.96886,5.69259,6.70139,12.67872,18.89616
4350.76530,-3.56620,-4.98206,44.01236,5.68759,6.70139,12.69372,18.92966
4350.77530,-3.58113,-4.99010,44.07404,5.66611,6.72469,12.72577,18.95748
4350.78530,-3.58637,-4.98943,44.08786,5.65359,6.74239,12.73872,18.95316
4350.79530,-3.54963,-4.98440,44.02673,5.67791,6.71058,12.72624,18.91199
4350.80530,-3.60229,-4.99952,43.96823,5.62914,6.71374,12.69709,18.92825
4350.81530,-3.63129,-5.00655,43.95986,5.60459,6.72239,12.68872,18.94416
4350.82530,-3.67751,-4.97229,43.99786,5.61903,6.78471,12.64312,18.95100
4350.83530,-3.69210,-4.96149,44.00986,5.62359,6.80439,12.62872,18.95316
4350.84530,-3.68055,-4.99389,44.00055,5.60998,6.75285,12.65020,18.98752
4350.85530,-3.67792,-4.99452,44.01807,5.63413,6.73239,12.63599,19.01555
4350.86530,-3.67854,-4.99061,44.02486,5.64359,6.73239,12.62872,19.02016
4350.87530,-3.72429,-4.95574,43.97236,5.67284,6.75564,12.53122,19.01266
4350.88530,-3.72666,-4.99100,44.03668,5.63107,6.74748,12.59720,19.06092
4350.89530,-3.72254,-5.00597,44.06286,5.61459,6.74239,12.62872,19.07716
4350.90530,-3.75942,-4.97484,44.15244,5.62448,6.81791,12.61830,19.09174
4350.91530,-3.79323,-4.94630,44.23486,5.63359,6.88739,12.60872,19.10516
4350.92530,-3.80315,-4.95508,44.15934,5.63359,6.84901,12.56745,19.10929
4350.93530,-3.83987,-4.95340,44.18416,5.63359,6.85928,12.54022,19.15107
4350.94530,-3.85303,-4.94509,44.26186,5.63359,6.89739,12.55872,19.17216
4350.95530,-3.84320,-4.93206,44.30890,5.65039,6.91923,12.57132,19.16796
4350.96530,-3.83333,-4.92622,44.32680,5.65825,6.92781,12.58092,19.15982
4350.97530,-3.84386,-4.96081,44.19286,5.61459,6.86639,12.55872,19.15316
4350.98530,-3.86020,-4.95696,44.27791,5.63286,6.87962,12.55872,19.20671
4350.99530,-3.86976,-4.95470,44.32786,5.64359,6.88739,12.55872,19.23816
4351.00530,-3.87078,-4.95231,44.22454,5.61902,6.88739,12.53982,19.17831
4351.01530,-3.89065,-4.93717,44.22560,5.62286,6.91322,12.51612,19.17340
4351.02530,-3.90195,-4.92912,44.26186,5.63359,6.92839,12.50872,19.19116
4351.03530,-3.89272,-4.91993,44.32860,5.66415,6.93463,12.51496,19.21486
4351.04530,-3.88717,-4.91441,44.36886,5.68259,6.93839,12.51872,19.22916
4351.05530,-3.91421,-4.92144,44.33143,5.65826,6.93839,12.50001,19.23477
4351.06530,-3.85763,-4.92177,44.32389,5.66801,6.92587,12.54508,19.18493
4351.07530,-3.81414,-4.91943,44.33286,5.68259,6.91839,12.57872,19.15316
4351.08530,-3.82245,-4.90899,44.35288,5.70053,6.92645,12.56052,19.16538
4351.09530,-3.84997,-4.89452,44.39672,5.72194,6.94569,12.52893,19.20016
4351.10530,-3.85622,-4.91867,44.37587,5.67488,6.93981,12.56102,19.20016
4351.11530,-3.85772,-4.92446,44.37086,5.66359,6.93839,12.56872,19.20016
4351.12530,-3.78354,-4.91872,44.49686,5.74159,6.90739,12.61872,19.22916
4351.13530,-3.78455,-4.91925,44.47762,5.74042,6.90206,12.61092,19.22422
4351.14530,-3.79329,-4.92542,44.35414,5.72499,6.87038,12.56644,19.19232
4351.15530,-3.80681,-4.94316,44.38986,5.67359,6.89739,12.61872,19.20016
4351.16530,-3.80166,-4.94562,44.38336,5.67359,6.89076,12.62132,19.19769
4351.17530,-3.76145,-4.96716,44.33657,5.67209,6.83713,12.64470,19.18265
4351.18530,-3.72897,-4.99595,44.31786,5.66359,6.78439,12.67872,19.19116
4351.19530,-3.72963,-4.99018,44.27798,5.65671,6.79127,12.66841,19.16160
4351.20530,-3.73092,-4.97914,44.20186,5.64359,6.80439,12.64872,19.10516
4351.21530,-3.73092,-4.97914,44.20186,5.64359,6.80439,12.64872,19.10516
4351.22530,-3.69340,-5.01448,44.23665,5.63369,6.75552,12.71135,19.13609
4351.23530,-3.66220,-4.99138,44.32186,5.66359,6.79439,12.74872,19.11516
4351.24530,-3.65563,-4.99135,44.31176,5.66611,6.78909,12.74872,19.10784
4351.25530,-3.63629,-4.99416,44.24267,5.66420,6.76612,12.74168,19.07067
4351.26530,-3.63668,-5.00369,44.11486,5.63359,6.74239,12.71872,19.02016
4351.27530,-3.62293,-4.99988,44.10461,5.65334,6.72714,12.70872,19.01541
4351.28530,-3.58161,-4.98843,44.07386,5.71259,6.68139,12.67872,19.00116
4351.29530,-3.60198,-4.99410,44.07190,5.68614,6.69633,12.68362,19.00581
4351.30530,-3.65109,-5.01640,44.08796,5.61473,6.72913,12.71172,19.03238
4351.31530,-3.61214,-5.03008,44.15086,5.64359,6.69139,12.74872,19.06716
4351.32530,-3.60899,-5.01989,44.16071,5.66354,6.69392,12.73609,19.06716
4351.33530,-3.59355,-4.98619,44.19346,5.72259,6.70937,12.70644,19.05506
4351.34530,-3.57978,-4.97829,44.19719,5.71592,6.73239,12.72872,19.02016
4351.35530,-3.59501,-4.98818,44.17053,5.68925,6.73239,12.72872,19.02016
4351.36530,-3.58205,-4.96874,44.28461,5.72009,6.77139,12.75872,19.03441
4351.37530,-3.56622,-4.96312,44.31186,5.73506,6.77503,12.77132,19.03045
4351.38530,-3.50723,-4.97137,44.24262,5.75159,6.72295,12.78615,18.98194
4351.39530,-3.57341,-4.95208,44.36286,5.75159,6.79439,12.76872,19.04816
4351.40530,-3.57504,-4.95169,44.35233,5.74675,6.79700,12.76748,19.04110
4351.41530,-3.58617,-4.94933,44.27674,5.71259,6.81436,12.75872,18.99107
4351.42530,-3.54082,-4.98573,44.16586,5.71269,6.71239,12.75862,18.98216
4351.43530,-3.54064,-4.98037,44.16587,5.72288,6.71259,12.74862,18.98178
4351.44530,-3.52260,-4.95547,44.16686,5.75159,6.73239,12.73872,18.94416
4351.45530,-3.52260,-4.95547,44.16686,5.75159,6.73239,12.73872,18.94416
4351.46530,-3.56602,-4.94084,44.17687,5.75159,6.76356,12.69861,18.96311
4351.47530,-3.57661,-4.93246,44.17739,5.75159,6.77996,12.68803,18.95782
4351.48530,-3.58592,-4.92507,44.17786,5.75159,6.79439,12.67872,18.95316
4351.49530,-3.59108,-4.90775,44.16292,5.75733,6.81796,12.66148,18.92615
4351.50530,-3.60051,-4.89695,44.16559,5.76159,6.83539,12.64872,18.91989
4351.51530,-3.61848,-4.92214,44.13869,5.73580,6.80475,12.64498,18.95316
4351.52530,-3.61724,-4.93770,44.04693,5.72238,6.76203,12.62145,18.94107
4351.53530,-3.60593,-4.91328,44.05886,5.76159,6.77339,12.59872,18.92516
4351.54530,-3.60475,-4.89751,44.16024,5.78331,6.81105,12.62044,18.94544
4351.55530,-3.63813,-4.90225,44.13716,5.77654,6.80207,12.58357,18.97498
4351.56530,-3.64928,-4.90579,44.11686,5.77159,6.79439,12.56872,18.98216
4351.57530,-3.63685,-4.85679,44.14584,5.81335,6.85576,12.55167,18.92506
4351.58530,-3.60492,-4.87516,44.07801,5.82059,6.79354,12.54872,18.91516
4351.59530,-3.60824,-4.91875,44.02053,5.75011,6.76339,12.59187,18.91516
4351.60530,-3.63951,-4.92170,44.10736,5.71509,6.81739,12.63122,18.94366
4351.61530,-3.64787,-4.91847,44.13986,5.71259,6.83539,12.63872,18.95316
4351.62530,-3.66860,-4.90825,44.07036,5.72259,6.82539,12.57872,18.94366
4351.63530,-3.67057,-4.88954,44.04118,5.75234,6.82346,12.53485,18.93053
4351.64530,-3.64275,-4.87706,44.10086,5.78159,6.83539,12.55872,18.92516
4351.65530,-3.65173,-4.89676,44.03986,5.75709,6.80439,12.54872,18.92966
4351.66530,-3.66073,-4.91651,43.97886,5.73259,6.77339,12.53872,18.93416
4351.67530,-3.69673,-4.91653,43.96132,5.70127,6.79970,12.52619,18.93416
4351.68530,-3.70991,-4.89973,44.08253,5.71409,6.85382,12.55022,18.96440
4351.69530,-3.70505,-4.88991,44.15986,5.73259,6.87639,12.56872,18.98216
4351.70530,-3.71456,-4.88526,44.11086,5.72759,6.87639,12.54372,18.96316
4351.71530,-3.70958,-4.88274,44.04440,5.74203,6.84782,12.50682,18.94773
4351.72530,-3.68749,-4.88600,44.01786,5.77159,6.80439,12.48872,18.95316
4351.73530,-3.69736,-4.88988,44.06238,5.75594,6.82525,12.51278,18.96840
4351.74530,-3.71049,-4.89505,44.12174,5.73509,6.85306,12.54487,18.98872
4351.75530,-3.71207,-4.89567,44.12886,5.73259,6.85639,12.54872,18.99116
4351.76530,-3.70171,-4.90418,44.10613,5.71111,6.85492,12.57133,18.96877
4351.77530,-3.74083,-4.90898,44.07886,5.70259,6.84639,12.52872,19.00116
4351.78530,-3.73895,-4.92475,43.98436,5.68432,6.80733,12.50982,18.98289
4351.79530,-3.73784,-4.93405,43.92886,5.67359,6.78439,12.49872,18.97216
4351.80530,-3.76929,-4.93344,43.93138,5.63642,6.82345,12.50502,18.96649
4351.81530,-3.73310,-4.94976,44.08658,5.63916,6.83316,12.60322,19.01104
4351.82530,-3.70117,-4.95951,44.17686,5.65359,6.82539,12.65872,19.03916
4351.83530,-3.71259,-4.95758,44.12813,5.64869,6.82025,12.63178,19.02740
4351.84530,-3.74201,-4.95304,43.98758,5.64029,6.79769,12.55207,18.99753
4351.85530,-3.73258,-4.95530,44.00300,5.65093,6.78705,12.55739,19.00763
4351.86530,-3.73023,-4.95587,44.00686,5.65359,6.78439,12.55872,19.01016
4351.87530,-3.75698,-4.95299,44.09686,5.63359,6.83539,12.58872,19.03916
4351.88530,-3.75691,-4.95321,44.10291,5.63745,6.83282,12.58743,19.04521
4351.89530,-3.75805,-4.95401,44.13918,5.66239,6.81659,12.57632,19.08388
4351.90530,-3.77005,-4.94899,44.10486,5.65359,6.82539,12.55872,19.06716
4351.91530,-3.76766,-4.94363,44.07893,5.64807,6.83395,12.55596,19.04095
4351.92530,-3.76603,-4.92049,44.03935,5.65172,6.86379,12.53762,18.98622
4351.93530,-3.77395,-4.90513,44.08786,5.68259,6.87639,12.51872,19.01016
4351.94530,-3.77642,-4.91976,44.06768,5.67922,6.84575,12.51125,19.03146
4351.95530,-3.78055,-4.94429,44.03386,5.67359,6.79439,12.49872,19.06716
4351.96530,-3.76621,-4.93985,44.09884,5.67701,6.81795,12.53672,19.06716
4351.97530,-3.75942,-4.93232,44.16382,5.67537,6.85259,12.57212,19.06374
4351.98530,-3.78644,-4.93179,44.09686,5.66359,6.84639,12.52872,19.05816
4351.99530,-3.79741,-4.92556,44.04100,5.65979,6.84639,12.49832,19.03650
4352.00530,-3.80735,-4.92452,43.93105,5.63862,6.83833,12.46407,18.99003
4352.01530,-3.79447,-4.93927,43.90086,5.61459,6.82539,12.48872,18.97216
4352.02530,-3.79504,-4.94236,43.89203,5.61804,6.81349,12.48104,18.97945
4352.03530,-3.79596,-4.94732,43.87786,5.62359,6.79439,12.46872,18.99116
4352.04530,-3.80059,-4.94041,43.95311,5.62735,6.82524,12.49129,19.00922
4352.05530,-3.82103,-4.93549,44.02571,5.62142,6.86125,12.50637,19.03668
4352.06530,-3.85581,-4.95308,43.88477,5.58853,6.82031,12.44597,19.02997
4352.07530,-3.85319,-4.94620,43.88840,5.60513,6.81799,12.43352,19.03176
4352.08530,-3.83751,-4.92004,43.96220,5.66359,6.83085,12.42132,19.04644
4352.09530,-3.86131,-4.92700,43.98272,5.64045,6.84639,12.42872,19.06716
4352.10530,-3.87477,-4.95067,43.93792,5.58499,6.84353,12.45212,19.05728
4352.11530,-3.80431,-4.94833,43.99786,5.61459,6.83539,12.51872,19.02916
4352.12530,-3.81244,-4.94726,44.01730,5.61686,6.84070,12.51619,19.04355
4352.13530,-3.83050,-4.94478,44.09800,5.62619,6.85899,12.52172,19.09110
4352.14530,-3.81354,-4.94677,44.16386,5.63359,6.86639,12.55872,19.10516
4352.15530,-3.81354,-4.94677,44.16386,5.63359,6.86639,12.55872,19.10516
4352.16530,-3.85088,-4.91102,44.13486,5.67359,6.88739,12.46872,19.10516
4352.17530,-3.85088,-4.91102,44.13486,5.67359,6.88739,12.46872,19.10516
4352.18530,-3.82556,-4.89901,44.19372,5.70362,6.89739,12.48872,19.10399
4352.19530,-3.85706,-4.92003,44.12586,5.64359,6.89739,12.48872,19.09616
4352.20530,-3.85893,-4.91751,44.12610,5.64419,6.90174,12.48631,19.09387
4352.21530,-3.87453,-4.89651,44.12811,5.64921,6.93792,12.46621,19.07477
4352.22530,-3.90748,-4.95508,44.08286,5.58459,6.87639,12.47872,19.14316
4352.23530,-3.90705,-4.95478,44.08232,5.58514,6.87628,12.47838,19.14252
4352.24530,-3.86945,-4.92787,44.03486,5.63359,6.86639,12.44872,19.08616
4352.25530,-3.86945,-4.92787,44.03486,5.63359,6.86639,12.44872,19.08616
4352.26530,-3.87666,-4.93089,44.01662,5.62257,6.86639,12.44492,19.08274
4352.27530,-3.88946,-4.93146,43.99864,5.60839,6.87437,12.43872,19.07716
4352.28530,-3.89111,-4.92433,44.01786,5.61459,6.88739,12.43872,19.07716
4352.29530,-3.92256,-4.92091,43.98855,5.62235,6.87791,12.38700,19.10130
4352.30530,-3.92971,-4.93641,44.06486,5.59459,6.89739,12.43872,19.13416
4352.31530,-3.92971,-4.93641,44.06486,5.59459,6.89739,12.43872,19.13416
4352.32530,-3.91289,-4.92022,44.10734,5.64680,6.88854,12.42102,19.15097
4352.33530,-3.92714,-4.92412,44.15375,5.65359,6.88739,12.41872,19.19405
4352.34530,-3.96987,-4.94163,44.09044,5.60174,6.88739,12.40114,19.20016
4352.35530,-3.95885,-4.93053,44.08262,5.61219,6.89619,12.39872,19.17552
4352.36530,-3.95659,-4.92871,44.08286,5.61459,6.89739,12.39872,19.17216
4352.37530,-3.95274,-4.95674,43.92731,5.55493,6.85888,12.39872,19.11477
4352.38530,-3.94953,-4.94524,43.94988,5.57678,6.86558,12.38936,19.11816
4352.39530,-3.94731,-4.92188,44.03286,5.62359,6.88739,12.37872,19.14316
4352.40530,-3.94772,-4.92665,44.02657,5.61588,6.88409,12.38344,19.14316
4352.41530,-3.94992,-4.95226,43.99286,5.57459,6.86639,12.40872,19.14316
4352.42530,-3.93965,-4.96250,44.00415,5.60469,6.81974,12.39367,19.18605
4352.43530,-3.93204,-4.98613,44.01771,5.56989,6.81273,12.44175,19.19334
4352.44530,-3.93069,-4.99262,44.02086,5.55559,6.81539,12.45872,19.19116
4352.45530,-3.93352,-4.93638,44.17136,5.62180,6.90042,12.45120,19.19793
4352.46530,-3.92904,-4.93678,44.19086,5.62184,6.90514,12.46372,19.20016
4352.47530,-3.92723,-4.94306,44.18086,5.61459,6.89739,12.46872,19.20016
4352.48530,-3.92042,-4.96259,44.01736,5.57709,6.85089,12.44622,19.14316
4352.49530,-3.91814,-4.96913,43.96286,5.56459,6.83539,12.43872,19.12416
4352.50530,-3.92553,-4.97596,43.95783,5.56006,6.82533,12.43369,19.13876
4352.51530,-3.92753,-4.97457,43.96896,5.56755,6.82365,12.42872,19.14903
4352.52530,-3.91999,-4.96300,43.99186,5.58459,6.83539,12.42872,19.14316
4352.53530,-3.91404,-4.96643,44.03327,5.57999,6.84506,12.45633,19.15190
4352.54530,-3.89374,-4.96964,44.08186,5.58423,6.84833,12.49265,19.15665
4352.55530,-3.83930,-4.96632,44.08186,5.62359,6.81539,12.50872,19.13416
4352.56530,-3.86239,-4.95260,44.03239,5.62359,6.82792,12.46488,19.11600
4352.57530,-3.87620,-4.94440,44.00286,5.62359,6.83539,12.43872,19.10516
4352.58530,-3.87620,-4.94440,44.00286,5.62359,6.83539,12.43872,19.10516
4352.59530,-3.90556,-4.97746,44.07779,5.58961,6.82668,12.47357,19.18793
4352.60530,-3.89028,-4.98351,43.99386,5.55559,6.82539,12.48872,19.12416
4352.61530,-3.88998,-4.98355,43.99530,5.55580,6.82551,12.48940,19.12459
4352.62530,-3.87025,-4.98491,44.12086,5.57459,6.83942,12.54222,19.16463
4352.63530,-3.91121,-4.96986,44.12385,5.57758,6.86639,12.49872,19.18116
4352.64530,-3.89560,-4.97312,44.15576,5.58027,6.86639,12.52501,19.18408
4352.65530,-3.88167,-4.99626,44.19186,5.54559,6.86639,12.58872,19.19116
4352.66530,-3.86903,-4.98445,44.19489,5.58498,6.85074,12.56347,19.19571
4352.67530,-3.80421,-4.97729,44.26401,5.64378,6.82529,12.59931,19.19562
4352.68530,-3.75295,-4.98159,44.32886,5.66359,6.81539,12.65872,19.19116
4352.69530,-3.75748,-4.95556,44.24008,5.67328,6.83121,12.60770,19.12789
4352.70530,-3.76185,-4.93048,44.15486,5.68259,6.84639,12.55872,19.06716
4352.71530,-3.75083,-4.95583,44.13741,5.65977,6.81519,12.58557,19.07689
4352.72530,-3.72899,-5.00542,44.10332,5.61477,6.75463,12.63872,19.09520
4352.73530,-3.72949,-4.97273,44.12586,5.62359,6.81539,12.63872,19.04816
4352.74530,-3.69892,-4.96996,44.13895,5.64674,6.80130,12.65214,19.03876
4352.75530,-3.63786,-4.96435,44.16796,5.69368,6.77339,12.67951,19.02137
4352.76530,-3.60147,-4.95729,44.35986,5.76159,6.77339,12.72872,19.09616
4352.77530,-3.57564,-4.95465,44.36808,5.77654,6.76592,12.74367,19.08196
4352.78530,-3.53237,-4.95021,44.38186,5.80159,6.75339,12.76872,19.05816
4352.79530,-3.51805,-4.96241,44.32866,5.79019,6.72603,12.77252,19.03992
4352.80530,-3.51626,-4.97440,44.26656,5.78641,6.68899,12.75212,19.03904
4352.81530,-3.55154,-4.96142,44.30686,5.81059,6.70139,12.70872,19.08616
4352.82530,-3.53272,-4.95556,44.25176,5.81819,6.68961,12.69732,19.04664
4352.83530,-3.49695,-4.93686,44.14079,5.83811,6.67453,12.66743,18.96071
4352.84530,-3.48869,-4.92174,44.10586,5.85059,6.68139,12.64872,18.92516
4352.85530,-3.50109,-4.91951,44.09066,5.84299,6.68899,12.63732,18.92136
4352.86530,-3.52134,-4.91586,44.06586,5.83059,6.70139,12.61872,18.91516
4352.87530,-3.52134,-4.91586,44.06586,5.83059,6.70139,12.61872,18.91516
4352.88530,-3.51311,-4.94758,44.01912,5.79899,6.65845,12.63912,18.92256
4352.89530,-3.50683,-4.94507,44.05686,5.79159,6.68139,12.66872,18.91516
4352.90530,-3.51480,-4.93318,44.08161,5.80634,6.69664,12.65622,18.92241
4352.91530,-3.53868,-4.89758,44.15586,5.85059,6.74239,12.61872,18.94416
4352.92530,-3.54326,-4.90606,44.14349,5.83316,6.73987,12.62630,18.94416
4352.93530,-3.55893,-4.91369,44.10454,5.80424,6.74295,12.62298,18.93438
4352.94530,-3.56493,-4.86318,44.09786,5.86959,6.77339,12.54872,18.90616
4352.95530,-3.56493,-4.86318,44.09786,5.86959,6.77339,12.54872,18.90616
4352.96530,-3.59167,-4.88215,43.98277,5.82696,6.74642,12.51612,18.89327
4352.97530,-3.60503,-4.85991,44.07586,5.86959,6.77339,12.49872,18.93416
4352.98530,-3.61201,-4.85553,44.07628,5.86959,6.78199,12.49179,18.93291
4352.99530,-3.64999,-4.82704,44.08445,5.86959,6.83942,12.45652,18.91892
4353.00530,-3.61760,-4.82097,44.11561,5.86334,6.86639,12.50872,18.87716
4353.01530,-3.63386,-4.83467,44.07398,5.82945,6.86179,12.50872,18.87402
4353.02530,-3.56860,-4.81854,44.08286,5.89959,6.82539,12.50872,18.84916
4353.03530,-3.56903,-4.81501,44.08033,5.90107,6.83000,12.50575,18.84351
4353.04530,-3.57229,-4.78786,44.06091,5.91250,6.86543,12.48289,18.80009
4353.05530,-3.55537,-4.75841,44.11916,5.96063,6.89119,12.47632,18.79102
4353.06530,-3.52461,-4.73792,44.23386,6.02759,6.89739,12.48872,18.82016
4353.07530,-3.43571,-4.63583,44.05839,6.19459,6.87639,12.33872,18.64869
4353.08530,-3.41646,-4.62868,44.01186,6.19459,6.87639,12.33872,18.60216
4353.09530,-3.44637,-4.55409,44.03186,6.30259,6.91839,12.20872,18.60216
4353.10530,-3.47344,-4.50430,44.06431,6.36815,6.95879,12.12925,18.60812
4353.11530,-3.48724,-4.47894,44.08086,6.40159,6.97939,12.08872,18.61116
4353.12530,-3.55059,-4.40831,43.98502,6.40943,7.07872,11.97632,18.52055
4353.13530,-3.57030,-4.40833,43.82762,6.41937,7.02045,11.88063,18.50716
4353.14530,-3.57173,-4.40979,43.80786,6.42059,7.01039,11.86972,18.50716
4353.15530,-3.63662,-4.37159,43.77530,6.42059,7.07375,11.79052,18.49044
4353.16530,-3.64548,-4.36637,43.77086,6.42059,7.08239,11.77972,18.48816
4353.17530,-3.64306,-4.34437,43.80523,6.46376,7.09209,11.75328,18.49609
4353.18530,-3.75478,-4.34893,43.74562,6.42647,7.10219,11.65292,18.56404
4353.19530,-3.77009,-4.34996,43.73686,6.42059,7.10339,11.63972,18.57316
4353.20530,-3.87450,-4.35930,43.65682,6.36926,7.11209,11.55272,18.62275
4353.21530,-4.09528,-4.39157,43.62485,6.24240,7.16733,11.44402,18.77110
4353.22530,-4.12595,-4.39618,43.62186,6.22459,7.17539,11.42972,18.79216
4353.23530,-4.20277,-4.42201,43.59090,6.14228,7.19880,11.42217,18.82765
4353.24530,-4.22770,-4.43040,43.58086,6.11559,7.20639,11.41972,18.83916
4353.25530,-4.30545,-4.46207,43.50536,6.04209,7.19639,11.38472,18.88216
4353.26530,-4.48284,-4.51744,43.54103,5.89162,7.25196,11.37110,19.02636
4353.27530,-4.52276,-4.52693,43.58586,5.86059,7.27839,11.37972,19.06716
4353.28530,-4.64217,-4.56555,43.51754,5.75811,7.28656,11.33517,19.13770
4353.29530,-4.73970,-4.62897,43.56338,5.65606,7.28117,11.35709,19.26905
4353.30530,-4.75860,-4.64583,43.58686,5.63359,7.27839,11.36972,19.30516
4353.31530,-4.75215,-4.65761,43.62203,5.62954,7.27031,11.39398,19.32820
4353.32530,-4.74369,-4.67309,43.66831,5.62422,7.25967,11.42589,19.35852
4353.33530,-4.81654,-4.69565,43.63786,5.53509,7.29664,11.42972,19.37641
4353.34530,-4.85237,-4.73670,43.54195,5.47663,7.24850,11.41487,19.40195
4353.35530,-4.85625,-4.74857,43.51286,5.46659,7.22739,11.40972,19.40916
4353.36530,-4.88540,-4.75738,43.41611,5.43734,7.21164,11.37222,19.39491
4353.37530,-4.89514,-4.76032,43.38386,5.42759,7.20639,11.35972,19.39016
4353.38530,-4.85320,-4.77809,43.23686,5.39759,7.15989,11.37472,19.30466
4353.39530,-4.82690,-4.78274,43.23361,5.39509,7.15264,11.40222,19.28366
4353.40530,-4.82282,-4.78230,43.24886,5.39759,7.15539,11.40972,19.28616
4353.41530,-4.82385,-4.73647,43.29011,5.42759,7.22439,11.39472,19.24341
4353.42530,-4.80645,-4.71373,43.37136,5.47659,7.24239,11.39472,19.25766
4353.43530,-4.78877,-4.70627,43.43886,5.51559,7.23739,11.39972,19.28616
4353.44530,-4.74789,-4.70515,43.50939,5.56923,7.20660,11.41462,19.31894
4353.45530,-4.70659,-4.70402,43.58086,5.62359,7.17539,11.42972,19.35216
4353.46530,-4.68560,-4.71381,43.48289,5.56320,7.18833,11.47285,19.25850
4353.47530,-4.65680,-4.72920,43.41372,5.53811,7.16383,11.49972,19.21206
4353.48530,-4.64744,-4.73474,43.40886,5.54559,7.14439,11.49972,19.21916
4353.49530,-4.60094,-4.71815,43.38541,5.58297,7.13172,11.49972,19.17100
4353.50530,-4.52377,-4.73240,43.38777,5.61668,7.07158,11.54427,19.15525
4353.51530,-4.49507,-4.74603,43.39686,5.62359,7.04139,11.56972,19.16216
4353.52530,-4.46919,-4.74860,43.44070,5.62614,7.04675,11.61050,19.15732
4353.53530,-4.39384,-4.75607,43.56886,5.63359,7.06239,11.72972,19.14316
4353.54530,-4.37230,-4.75276,43.56655,5.65434,7.04730,11.72972,19.13519
4353.55530,-4.26684,-4.73708,43.53362,5.73713,6.98484,11.73982,19.07183
4353.56530,-4.24306,-4.73396,43.50986,5.74159,6.97939,11.74972,19.03916
4353.57530,-4.21066,-4.73596,43.50650,5.74399,6.97219,11.77852,19.01180
4353.58530,-4.10804,-4.74230,43.49586,5.75159,6.94939,11.86972,18.92516
4353.59530,-4.08987,-4.74905,43.45086,5.74659,6.92839,11.87472,18.90116
4353.60530,-4.02838,-4.73763,43.42086,5.80109,6.88689,11.86972,18.86316
4353.61530,-3.98512,-4.71946,43.43586,5.86059,6.86639,11.85972,18.84916
4353.62530,-3.93131,-4.69792,43.44936,5.88509,6.88689,11.89472,18.78266
4353.63530,-3.83571,-4.65695,43.42036,5.94409,6.89739,11.91972,18.65916
4353.64530,-3.79380,-4.63746,43.37786,5.97859,6.88739,11.90972,18.60216
4353.65530,-3.76247,-4.63078,43.38912,6.00055,6.88148,11.92380,18.58329
4353.66530,-3.69856,-4.61716,43.41211,6.04538,6.86941,11.95254,18.54479
4353.67530,-3.68260,-4.61376,43.41786,6.05659,6.86639,11.95972,18.53516
4353.68530,-3.61720,-4.59941,43.17036,6.05659,6.81989,11.92222,18.37166
4353.69530,-3.53026,-4.55413,43.12499,6.15164,6.79697,11.89487,18.28152
4353.70530,-3.50776,-4.54012,43.13786,6.18459,6.79439,11.88972,18.26916
4353.71530,-3.40687,-4.50573,43.01428,6.24292,6.76375,11.87983,18.12778
4353.72530,-3.42727,-4.45779,43.01386,6.29259,6.80439,11.80972,18.10716
4353.73530,-3.42727,-4.45779,43.01386,6.29259,6.80439,11.80972,18.10716
4353.74530,-3.37233,-4.41553,43.21386,6.39159,6.84639,11.84972,18.12616
4353.75530,-3.36231,-4.40996,43.23144,6.40459,6.84935,11.85415,18.12335
4353.76530,-3.29751,-4.36545,43.30439,6.49196,6.86887,11.86239,18.08117
4353.77530,-3.27584,-4.32755,43.21786,6.52959,6.87639,11.80972,18.00216
4353.78530,-3.27687,-4.31311,43.15422,6.53438,6.87917,11.77689,17.96378
4353.79530,-3.26634,-4.25491,42.96380,6.57150,6.89254,11.66942,17.83034
4353.80530,-3.22712,-4.21097,42.95786,6.63759,6.90739,11.63972,17.77316
4353.81530,-3.22712,-4.21097,42.95786,6.63759,6.90739,11.63972,17.77316
4353.82530,-3.20587,-4.27052,42.76986,6.54859,6.82539,11.66972,17.72616
4353.83530,-3.20587,-4.27052,42.76986,6.54859,6.82539,11.66972,17.72616
4353.84530,-3.12613,-4.25427,42.77372,6.61257,6.79311,11.68616,17.68189
4353.85530,-3.12775,-4.28138,42.79986,6.57859,6.78439,11.72972,17.70716
4353.86530,-3.11845,-4.27952,42.79613,6.58232,6.78298,11.73358,17.69725
4353.87530,-3.05216,-4.26658,42.79930,6.61347,6.77711,11.76932,17.63940
4353.88530,-3.02805,-4.26385,43.00786,6.65659,6.80439,11.83972,17.70716
4353.89530,-3.02432,-4.26528,42.98544,6.65065,6.80064,11.83972,17.69443
4353.90530,-2.99715,-4.27562,42.82286,6.60759,6.77339,11.83972,17.60216
4353.91530,-2.99888,-4.27728,42.83287,6.60759,6.77339,11.84232,17.60957
4353.92530,-3.01636,-4.29084,42.89869,6.59992,6.77612,11.86102,17.66163
4353.93530,-3.05600,-4.30711,42.89086,6.54859,6.79439,11.86972,17.67816
4353.94530,-3.05149,-4.31459,42.91042,6.54859,6.78641,11.88259,17.69283
4353.95530,-3.02106,-4.36500,43.04286,6.54859,6.73239,11.96972,17.79216
4353.96530,-3.01384,-4.36676,43.04208,6.54859,6.72884,11.97657,17.78809
4353.97530,-2.95825,-4.38026,43.03608,6.54859,6.70151,12.02923,17.75675
4353.98530,-3.00821,-4.39217,43.08286,6.50959,6.73239,12.03872,17.80216
4353.99530,-3.00821,-4.39217,43.08286,6.50959,6.73239,12.03872,17.80216
4354.00530,-2.98724,-4.42943,43.08086,6.47959,6.69139,12.08872,17.82116
4354.01530,-2.97462,-4.42553,43.19086,6.48959,6.72239,12.13872,17.84016
4354.02530,-2.97462,-4.42553,43.19086,6.48959,6.72239,12.13872,17.84016
4354.03530,-2.84398,-4.43035,43.21086,6.54859,6.66039,12.21872,17.78316
4354.04530,-2.84398,-4.43035,43.21086,6.54859,6.66039,12.21872,17.78316
4354.05530,-2.83383,-4.44648,43.27867,6.54364,6.65544,12.26327,17.81632
4354.06530,-2.82350,-4.46289,43.34786,6.53859,6.65039,12.30872,17.85016
4354.07530,-2.76929,-4.45709,43.40686,6.57859,6.63939,12.34872,17.84016
4354.08530,-2.76799,-4.45198,43.35686,6.58809,6.62439,12.31872,17.82566
4354.09530,-2.75679,-4.44351,43.33555,6.60506,6.61701,12.30366,17.80982
4354.10530,-2.70072,-4.42460,43.49886,6.64759,6.66039,12.38872,17.80216
4354.11530,-2.71128,-4.42853,43.34384,6.62346,6.62963,12.33443,17.75632
4354.12530,-2.71827,-4.43112,43.24186,6.60759,6.60939,12.29872,17.72616
4354.13530,-2.69193,-4.42638,43.28970,6.61940,6.62121,12.33416,17.71494
4354.14530,-2.61669,-4.43674,43.30397,6.63977,6.58552,12.39528,17.68339
4354.15530,-2.58011,-4.44549,43.29186,6.64759,6.55739,12.41872,17.66816
4354.16530,-2.61272,-4.44389,43.24727,6.61297,6.58145,12.40112,17.65173
4354.17530,-2.64507,-4.44909,43.15589,6.58265,6.57405,12.35903,17.64016
4354.18530,-2.65146,-4.45343,43.11486,6.57859,6.55739,12.33872,17.64016
4354.19530,-2.62231,-4.46249,43.24865,6.58979,6.56977,12.41534,17.67376
4354.20530,-2.60211,-4.46877,43.34186,6.59759,6.57839,12.46872,17.69716
4354.21530,-2.62862,-4.48874,43.31861,6.56084,6.57014,12.46872,17.71891
4354.22530,-2.54999,-4.50637,43.39700,6.60725,6.51393,12.53555,17.74027
4354.23530,-2.51974,-4.51016,43.42686,6.62759,6.49539,12.55872,17.74516
4354.24530,-2.55031,-4.49803,43.47936,6.62759,6.53439,12.55122,17.76616
4354.25530,-2.56048,-4.49399,43.49686,6.62759,6.54739,12.54872,17.77316
4354.26530,-2.60658,-4.49839,43.48292,6.60170,6.56067,12.52217,17.79838
4354.27530,-2.57628,-4.50160,43.55336,6.61571,6.56186,12.56961,17.80618
4354.28530,-2.53314,-4.50238,43.61586,6.63759,6.55739,12.61872,17.80216
4354.29530,-2.47660,-4.51720,43.51569,6.63759,6.49880,12.63132,17.74798
4354.30530,-2.43426,-4.49916,43.47765,6.66846,6.49085,12.62612,17.69222
4354.31530,-2.42897,-4.48345,43.48986,6.68659,6.50639,12.61872,17.67816
4354.32530,-2.43752,-4.48729,43.45416,6.64964,6.52518,12.63125,17.64810
4354.33530,-2.44263,-4.48959,43.43286,6.62759,6.53639,12.63872,17.63016
4354.34530,-2.44924,-4.52011,43.43511,6.61632,6.49021,12.64435,17.68423
4354.35530,-2.43120,-4.52145,43.48088,6.63797,6.47981,12.66112,17.70198
4354.36530,-2.41702,-4.50779,43.50786,6.65659,6.49539,12.66872,17.68716
4354.37530,-2.40750,-4.50657,43.52509,6.66801,6.49152,12.67453,17.69103
4354.38530,-2.41033,-4.49318,43.54786,6.70109,6.49089,12.64872,17.70716
4354.39530,-2.45286,-4.48488,43.49886,6.68659,6.50639,12.59872,17.70716
4354.40530,-2.43242,-4.48586,43.55286,6.70109,6.50639,12.62872,17.71666
4354.41530,-2.41203,-4.48684,43.60686,6.71559,6.50639,12.65872,17.72616
4354.42530,-2.41316,-4.48701,43.59311,6.70084,6.51664,12.66622,17.70941
4354.43530,-2.41543,-4.48736,43.56561,6.67134,6.53714,12.68122,17.67591
4354.44530,-2.42694,-4.55423,43.57986,6.56859,6.51639,12.77872,17.71616
4354.45530,-2.41943,-4.53155,43.58720,6.61415,6.51639,12.74397,17.71268
4354.46530,-2.40670,-4.49908,43.59217,6.68227,6.51186,12.69088,17.70716
4354.47530,-2.40456,-4.50848,43.57455,6.67090,6.49993,12.69656,17.70716
4354.48530,-2.40375,-4.51205,43.56786,6.66659,6.49539,12.69872,17.70716
4354.49530,-2.43073,-4.50841,43.51758,6.66659,6.48715,12.64926,17.71458
4354.50530,-2.43401,-4.52680,43.50772,6.66127,6.45439,12.64690,17.74516
4354.51530,-2.43267,-4.53360,43.54947,6.63901,6.47626,12.68904,17.74516
4354.52530,-2.46879,-4.47662,43.64786,6.68659,6.56739,12.64872,17.74516
4354.53530,-2.47146,-4.47956,43.64325,6.67822,6.56873,12.65236,17.74395
4354.54530,-2.48393,-4.50668,43.62094,6.61906,6.56923,12.68906,17.74358
4354.55530,-2.44440,-4.53989,43.68486,6.62759,6.51639,12.74872,17.79216
4354.56530,-2.44440,-4.53989,43.68486,6.62759,6.51639,12.74872,17.79216
4354.57530,-2.54453,-4.50672,43.57386,6.63759,6.53639,12.58872,17.81116
4354.58530,-2.55737,-4.50684,43.55969,6.62969,6.53978,12.57744,17.81277
4354.59530,-2.61094,-4.50733,43.50063,6.59681,6.55387,12.53046,17.81948
4354.60530,-2.69451,-4.53511,43.53486,6.51959,6.58839,12.53872,17.88816
4354.61530,-2.68739,-4.53922,43.53222,6.51959,6.57975,12.54472,17.88816
4354.62530,-2.64086,-4.56880,43.51276,6.51767,6.51937,12.58488,17.89085
4354.63530,-2.68828,-4.56406,43.51196,6.50167,6.54417,12.55288,17.91325
4354.64530,-2.69444,-4.56345,43.51186,6.49959,6.54739,12.54872,17.91616
4354.65530,-2.79833,-4.54864,43.59086,6.47959,6.61939,12.49872,17.99316
4354.66530,-2.80120,-4.54903,43.58289,6.47725,6.61859,12.49469,17.99235
4354.67530,-2.82518,-4.55228,43.51644,6.45779,6.61188,12.46114,17.98564
4354.68530,-2.84509,-4.55628,43.60802,6.45059,6.63892,12.48810,18.03041
4354.69530,-2.84526,-4.55633,43.60986,6.45059,6.63939,12.48872,18.03116
4354.70530,-2.87244,-4.56449,43.76430,6.46049,6.66018,12.51842,18.12521
4354.71530,-2.96215,-4.59877,43.58766,6.36258,6.63960,12.44942,18.13606
4354.72530,-2.96306,-4.59912,43.58586,6.36159,6.63939,12.44872,18.13616
4354.73530,-2.98261,-4.56821,43.50346,6.34639,6.68899,12.40872,18.05936
4354.74530,-2.98751,-4.56046,43.48286,6.34259,6.70139,12.39872,18.04016
4354.75530,-3.06361,-4.60071,43.48025,6.27375,6.69268,12.39001,18.12380
4354.76530,-3.10202,-4.63486,43.36122,6.21514,6.65086,12.35906,18.13616
4354.77530,-3.10233,-4.63518,43.35986,6.21459,6.65039,12.35872,18.13616
4354.78530,-3.15758,-4.63040,43.33114,6.19206,6.67349,12.31366,18.15193
4354.79530,-3.24249,-4.63155,43.34235,6.16817,6.69852,12.25734,18.21832
4354.80530,-3.25942,-4.63351,43.35586,6.16559,6.70139,12.24872,18.24016
4354.81530,-3.34934,-4.63800,43.44791,6.12297,6.76276,12.24020,18.32198
4354.82530,-3.36489,-4.63878,43.46386,6.11559,6.77339,12.23872,18.33616
4354.83530,-3.38655,-4.64451,43.47264,6.10218,6.77848,12.23410,18.35789
4354.84530,-3.41172,-4.65117,43.48286,6.08659,6.78439,12.22872,18.38316
4354.85530,-3.50124,-4.67656,43.34186,6.01759,6.76339,12.14872,18.41216
4354.86530,-3.57530,-4.66888,43.41942,5.97583,6.84265,12.14872,18.45222
4354.87530,-3.62197,-4.69253,43.32846,5.91726,6.82942,12.12262,18.45916
4354.88530,-3.62705,-4.69627,43.31286,5.90959,6.82539,12.11872,18.45916
4354.89530,-3.72442,-4.71207,43.31648,5.85590,6.85012,12.07650,18.53395
4354.90530,-3.78847,-4.72247,43.31886,5.82059,6.86639,12.04872,18.58316
4354.91530,-3.83525,-4.71379,43.36352,5.83219,6.88437,12.00870,18.63826
4354.92530,-3.94003,-4.72382,43.38154,5.79941,6.90336,11.94391,18.73485
4354.93530,-3.98800,-4.73483,43.37186,5.77159,6.90739,11.91972,18.77316
4354.94530,-4.06909,-4.73605,43.33361,5.74234,6.92314,11.85222,18.81591
4354.95530,-4.09615,-4.73646,43.32086,5.73259,6.92839,11.82972,18.83016
4354.96530,-4.15072,-4.75499,43.29900,5.68202,6.93739,11.81686,18.86273
4354.97530,-4.22356,-4.77972,43.26986,5.61459,6.94939,11.79972,18.90616
4354.98530,-4.26169,-4.76752,43.46186,5.66359,6.97939,11.78972,19.02916
4354.99530,-4.30774,-4.76768,43.46938,5.63290,7.01196,11.77719,19.04732
4355.00530,-4.46186,-4.78298,43.34162,5.54098,7.03763,11.66368,19.09933
4355.01530,-4.53862,-4.79219,43.26186,5.49659,7.04139,11.59972,19.12416
4355.02530,-4.57423,-4.79836,43.30445,5.47154,7.06707,11.60598,19.15986
4355.03530,-4.59545,-4.80204,43.32986,5.45659,7.08239,11.60972,19.18116
4355.04530,-4.66384,-4.81358,43.34784,5.41381,7.10843,11.59112,19.23448
4355.05530,-4.74980,-4.83503,43.31734,5.37153,7.10114,11.53543,19.30923
4355.06530,-4.78541,-4.84665,43.28386,5.35859,7.08239,11.49972,19.34316
4355.07530,-4.81569,-4.83898,43.30891,5.34627,7.11647,11.49151,19.35466
4355.08530,-4.86515,-4.83850,43.33351,5.31812,7.15262,11.47972,19.38305
4355.09530,-4.89329,-4.88728,43.28086,5.26959,7.09339,11.47972,19.43816
4355.10530,-4.90606,-4.86028,43.33418,5.30224,7.12729,11.45492,19.44973
4355.11530,-4.92413,-4.82208,43.40986,5.34859,7.17539,11.41972,19.46616
4355.12530,-4.97331,-4.83198,43.40936,5.31409,7.19089,11.40472,19.49966
4355.13530,-5.01512,-4.85778,43.44219,5.27454,7.19074,11.41497,19.56195
4355.14530,-5.00790,-4.87334,43.47486,5.26959,7.17539,11.43972,19.59016
4355.15530,-5.02220,-4.86802,43.46538,5.26959,7.18283,11.42172,19.59124
4355.16530,-5.13154,-4.83156,43.40345,5.26959,7.23450,11.28834,19.61102
4355.17530,-5.15815,-4.84822,43.45086,5.26959,7.21639,11.27972,19.68516
4355.18530,-5.15386,-4.84176,43.48861,5.27706,7.23209,11.29093,19.68852
4355.19530,-5.14669,-4.83096,43.55186,5.28959,7.25839,11.30972,19.69416
4355.20530,-5.19306,-4.83997,43.54696,5.25088,7.27848,11.29992,19.71768
4355.21530,-5.23343,-4.84160,43.52086,5.22371,7.29502,11.27659,19.72553
4355.22530,-5.22324,-4.83164,43.49386,5.24059,7.28939,11.25972,19.70416
4355.23530,-5.24699,-4.82546,43.47869,5.23689,7.30049,11.23382,19.70749
4355.24530,-5.29061,-4.82292,43.48043,5.23059,7.31214,11.19697,19.74073
4355.25530,-5.31139,-4.84611,43.50422,5.20594,7.29939,11.20972,19.78916
4355.26530,-5.32547,-4.85467,43.51330,5.16906,7.32257,11.23588,19.78580
4355.27530,-5.30303,-4.84126,43.60286,5.18159,7.36139,11.27972,19.78016
4355.28530,-5.28238,-4.83783,43.57622,5.20712,7.33475,11.26492,19.76943
4355.29530,-5.26766,-4.82738,43.48757,5.23579,7.30049,11.21752,19.73377
4355.30530,-5.30268,-4.81953,43.41386,5.21059,7.31939,11.17972,19.70416
4355.31530,-5.29613,-4.81342,43.42558,5.21425,7.33075,11.18705,19.69354
4355.32530,-5.28482,-4.80286,43.44586,5.22059,7.35039,11.19972,19.67516
4355.33530,-5.28110,-4.81137,43.41719,5.20613,7.34035,11.20707,19.66364
4355.34530,-5.27102,-4.83443,43.33971,5.16706,7.31319,11.22694,19.63252
4355.35530,-5.20711,-4.82697,43.42486,5.25059,7.26839,11.23972,19.66616
4355.36530,-5.20711,-4.82697,43.42486,5.25059,7.26839,11.23972,19.66616
4355.37530,-5.16496,-4.81377,43.50344,5.26489,7.30194,11.29760,19.63901
4355.38530,-5.16478,-4.82157,43.52086,5.30959,7.24739,11.25972,19.70416
4355.39530,-5.14159,-4.82236,43.54413,5.30959,7.25259,11.29190,19.69005
4355.40530,-5.07125,-4.82477,43.61486,5.30959,7.26839,11.38972,19.64716
4355.41530,-5.05640,-4.82748,43.61537,5.30706,7.26587,11.40740,19.63504
4355.42530,-5.00862,-4.84169,43.59343,5.29701,7.24243,11.45715,19.59684
4355.43530,-4.99756,-4.85951,43.52586,5.28959,7.19639,11.44972,19.59016
4355.44530,-4.96759,-4.84833,43.53426,5.30855,7.20119,11.46412,19.56040
4355.45530,-4.84877,-4.82622,43.53613,5.36859,7.18391,11.52427,19.45937
4355.46530,-4.77361,-4.86779,43.45886,5.36859,7.08239,11.56972,19.43816
4355.47530,-4.75126,-4.85999,43.47761,5.37834,7.09289,11.58972,19.41666
4355.48530,-4.68432,-4.83662,43.53386,5.40759,7.12439,11.64972,19.35216
4355.49530,-4.68432,-4.83662,43.53386,5.40759,7.12439,11.64972,19.35216
4355.50530,-4.54245,-4.80170,43.54672,5.54168,7.06071,11.66336,19.28098
4355.51530,-4.43751,-4.75253,43.75486,5.64359,7.11339,11.74972,19.24816
4355.52530,-4.43751,-4.75253,43.75486,5.64359,7.11339,11.74972,19.24816
4355.53530,-4.39872,-4.75116,43.65647,5.65200,7.07892,11.74131,19.18425
4355.54530,-4.34496,-4.74927,43.52086,5.66359,7.03139,11.72972,19.09616
4355.55530,-4.31748,-4.75109,43.46725,5.65743,7.01845,11.74204,19.04933
4355.56530,-4.21284,-4.73462,43.44307,5.70208,6.99812,11.79269,18.95018
4355.57530,-4.15783,-4.72355,43.44886,5.73259,6.99039,11.81972,18.90616
4355.58530,-4.04230,-4.72735,43.56586,5.79859,6.95139,11.91722,18.89866
4355.59530,-3.97323,-4.70106,43.52912,5.83544,6.95399,11.93487,18.80482
4355.60530,-3.96256,-4.69149,43.50286,5.84059,6.95939,11.92972,18.77316
4355.61530,-3.89834,-4.69327,43.51147,5.85781,6.94130,11.98054,18.73181
4355.62530,-3.88801,-4.69355,43.51286,5.86059,6.93839,11.98872,18.72516
4355.63530,-3.78527,-4.66888,43.38020,5.90910,6.89780,11.98872,18.58458
4355.64530,-3.66085,-4.64701,43.50261,5.99621,6.88855,12.07711,18.54073
4355.65530,-3.64470,-4.64418,43.51886,6.00759,6.88739,12.08872,18.53516
4355.66530,-3.64223,-4.63342,43.48415,6.03547,6.86976,12.04889,18.53004
4355.67530,-3.58787,-4.58837,43.37891,6.08290,6.87679,12.01214,18.40708
4355.68530,-3.56051,-4.56914,43.33786,6.09659,6.88739,12.00872,18.34516
4355.69530,-3.45415,-4.53080,43.49446,6.20795,6.89609,12.06962,18.32080
4355.70530,-3.43832,-4.52510,43.51786,6.22459,6.89739,12.07872,18.31716
4355.71530,-3.35940,-4.52575,43.57586,6.25881,6.87941,12.14832,18.28932
4355.72530,-3.22935,-4.51752,43.58234,6.32725,6.82865,12.21352,18.21292
4355.73530,-3.20366,-4.51446,43.56986,6.34259,6.81539,12.21872,18.19316
4355.74530,-3.13092,-4.49587,43.52152,6.40704,6.77183,12.20678,18.13587
4355.75530,-3.05657,-4.46151,43.41049,6.44216,6.76852,12.19872,18.00109
4355.76530,-3.05187,-4.45743,43.39586,6.44059,6.77339,12.19872,17.98316
4355.77530,-2.97349,-4.44507,43.47523,6.48176,6.77996,12.27033,17.94318
4355.78530,-2.92069,-4.43674,43.52886,6.50959,6.78439,12.31872,17.91616
4355.79530,-2.89600,-4.45653,43.40254,6.48716,6.73058,12.31125,17.87355
4355.80530,-2.93023,-4.46965,43.47570,6.47216,6.74284,12.32357,17.93713
4355.81530,-2.94494,-4.47186,43.51586,6.46959,6.75339,12.32872,17.96416
4355.82530,-2.92096,-4.46837,43.49643,6.46286,6.76087,12.35114,17.92155
4355.83530,-2.83478,-4.48344,43.58211,6.51909,6.70189,12.41872,17.94241
4355.84530,-2.80883,-4.48884,43.61286,6.53859,6.68139,12.43872,17.95416
4355.85530,-2.80500,-4.46544,43.74186,6.56109,6.74289,12.47622,17.96166
4355.86530,-2.80373,-4.45767,43.78486,6.56859,6.76339,12.48872,17.96416
4355.87530,-2.75530,-4.49305,43.60561,6.53934,6.67039,12.48872,17.90716
4355.88530,-2.73544,-4.48936,43.54629,6.55047,6.64834,12.47167,17.87580
4355.89530,-2.73060,-4.46862,43.54685,6.57831,6.66027,12.44895,17.85932
4355.90530,-2.73056,-4.46842,43.54686,6.57859,6.66039,12.44872,17.85916
4355.91530,-2.69202,-4.50242,43.52686,6.54859,6.61939,12.50872,17.85016
4355.92530,-2.69202,-4.50242,43.52686,6.54859,6.61939,12.50872,17.85016
4355.93530,-2.70725,-4.49200,43.61519,6.54081,6.67384,12.53983,17.86072
4355.94530,-2.74089,-4.49027,43.75386,6.55859,6.70139,12.54872,17.94516
4355.95530,-2.69883,-4.49174,43.77370,6.57406,6.68909,12.58443,17.92611
4355.96530,-2.68845,-4.47265,43.76896,6.58568,6.71268,12.58124,17.88936
4355.97530,-2.76537,-4.44197,43.71886,6.56859,6.77339,12.49872,17.87816
4355.98530,-2.75356,-4.45560,43.73736,6.56859,6.75289,12.51872,17.89716
4355.99530,-2.72083,-4.48134,43.73036,6.56859,6.70139,12.54872,17.91166
4356.00530,-2.71893,-4.50591,43.67070,6.53443,6.67039,12.55872,17.90716
4356.01530,-2.73380,-4.51864,43.67016,6.50449,6.67578,12.57342,17.91647
4356.02530,-2.72904,-4.51867,43.70586,6.50959,6.68139,12.58872,17.92616
4356.03530,-2.75572,-4.50125,43.67566,6.52394,6.69129,12.53426,17.92616
4356.04530,-2.79704,-4.49065,43.61105,6.51948,6.69649,12.46892,17.92616
4356.05530,-2.81171,-4.49814,43.57586,6.49959,6.69139,12.45872,17.92616
4356.06530,-2.81171,-4.49814,43.57586,6.49959,6.69139,12.45872,17.92616
4356.07530,-2.80283,-4.45734,43.71386,6.57859,6.73239,12.44872,17.95416
4356.08530,-2.80283,-4.45734,43.71386,6.57859,6.73239,12.44872,17.95416
4356.09530,-2.90561,-4.50570,43.64814,6.45312,6.74528,12.44198,18.00776
4356.10530,-2.96448,-4.48733,43.58686,6.41059,6.80439,12.39872,17.97316
4356.11530,-2.99380,-4.50284,43.58868,6.39277,6.79312,12.38781,18.01498
4356.12530,-3.04947,-4.53158,43.60212,6.36891,6.76607,12.36139,18.10574
4356.13530,-3.05704,-4.53438,43.61986,6.38159,6.75339,12.34872,18.13616
4356.14530,-3.06492,-4.52936,43.63836,6.38529,6.76486,12.34502,18.14319
4356.15530,-3.07833,-4.52083,43.66986,6.39159,6.78439,12.33872,18.15516
4356.16530,-3.08997,-4.51557,43.61241,6.38431,6.78439,12.30963,18.13407
4356.17530,-3.12650,-4.51064,43.51560,6.35701,6.79187,12.25872,18.10800
4356.18530,-3.15347,-4.51787,43.52186,6.33259,6.80439,12.25872,18.12616
4356.19530,-3.17867,-4.51089,43.47895,6.32531,6.81203,12.22236,18.11925
4356.20530,-3.22289,-4.49863,43.40386,6.31259,6.82539,12.15872,18.10716
4356.21530,-3.23252,-4.49743,43.38425,6.30470,6.82964,12.14861,18.10130
4356.22530,-3.25789,-4.49425,43.33266,6.28396,6.84081,12.12202,18.08587
4356.23530,-3.33923,-4.50044,43.42186,6.27359,6.86639,12.08872,18.19316
4356.24530,-3.35001,-4.49540,43.43794,6.27359,6.88087,12.08470,18.19879
4356.25530,-3.37837,-4.48215,43.48027,6.27359,6.91896,12.07412,18.21360
4356.26530,-3.41079,-4.46322,43.58986,6.30259,6.95939,12.05872,18.26916
4356.27530,-3.43040,-4.46411,43.57927,6.28595,6.97111,12.05116,18.27105
4356.28530,-3.48206,-4.46644,43.55141,6.24217,7.00196,12.03126,18.27603
4356.29530,-3.52944,-4.48249,43.51322,6.20043,7.00147,12.00936,18.30196
4356.30530,-3.59749,-4.53230,43.42434,6.13423,6.94583,11.97012,18.37416
4356.31530,-3.66440,-4.54368,43.34986,6.06659,6.96939,11.93972,18.37416
4356.32530,-3.66440,-4.54368,43.34986,6.06659,6.96939,11.93972,18.37416
4356.33530,-3.70528,-4.54225,43.38298,6.09179,6.95687,11.88732,18.44700
4356.34530,-3.74927,-4.56714,43.36186,6.05659,6.93839,11.86972,18.49716
4356.35530,-3.74777,-4.56092,43.37566,6.06139,6.94955,11.87212,18.49260
4356.36530,-3.73686,-4.51547,43.47686,6.09659,7.03139,11.88972,18.45916
4356.37530,-3.74144,-4.51918,43.46319,6.09110,7.02567,11.88495,18.46146
4356.38530,-3.77972,-4.55021,43.34928,6.04541,6.97799,11.84522,18.48067
4356.39530,-3.82403,-4.54126,43.47086,6.06659,7.01039,11.82972,18.56416
4356.40530,-3.82403,-4.54126,43.47086,6.06659,7.01039,11.82972,18.56416
4356.41530,-3.81303,-4.57523,43.51686,6.04659,6.97939,11.87972,18.61116
4356.42530,-3.86980,-4.57716,43.63171,6.04659,7.01009,11.86982,18.70522
4356.43530,-3.87037,-4.57718,43.63286,6.04659,7.01039,11.86972,18.70616
4356.44530,-3.85869,-4.56266,43.50686,6.04659,7.00039,11.82972,18.63016
4356.45530,-3.85869,-4.56266,43.50686,6.04659,7.00039,11.82972,18.63016
4356.46530,-3.84672,-4.55759,43.64786,6.04659,7.05239,11.89972,18.64916
4356.47530,-3.85479,-4.58851,43.73994,6.05649,7.01081,11.91952,18.75312
4356.48530,-3.85487,-4.58881,43.74086,6.05659,7.01039,11.91972,18.75416
4356.49530,-3.77055,-4.55093,43.46264,6.09619,6.95990,11.85041,18.55614
4356.50530,-3.84701,-4.60180,43.45886,5.97859,6.97939,11.88972,18.61116
4356.51530,-3.84701,-4.60180,43.45886,5.97859,6.97939,11.88972,18.61116
4356.52530,-3.78943,-4.57906,43.50786,6.05659,6.95939,11.88972,18.60216
4356.53530,-3.78943,-4.57906,43.50786,6.05659,6.95939,11.88972,18.60216
4356.54530,-3.81722,-4.57451,43.47880,6.05089,6.96509,11.85553,18.60729
4356.55530,-3.86027,-4.56687,43.57125,6.05488,7.00338,11.84630,18.66670
4356.56530,-3.86481,-4.56600,43.59486,6.05659,7.01039,11.84972,18.67816
4356.57530,-3.83951,-4.55259,43.65860,6.05659,7.05519,11.90140,18.64543
4356.58530,-3.83545,-4.55043,43.66886,6.05659,7.06239,11.90972,18.64016
4356.59530,-3.80949,-4.54853,43.70894,6.09928,7.03538,11.90972,18.66456
4356.60530,-3.78131,-4.55506,43.69746,6.11429,7.00442,11.91842,18.66033
4356.61530,-3.77767,-4.55608,43.69486,6.11559,7.00039,11.91972,18.65916
4356.62530,-3.79583,-4.53724,43.69921,6.09906,7.05433,11.91972,18.62610
4356.63530,-3.77756,-4.53889,43.66059,6.09659,7.04201,11.92469,18.59730
4356.64530,-3.75629,-4.54342,43.62086,6.09659,7.02139,11.92972,18.57316
4356.65530,-3.75734,-4.54194,43.61145,6.09411,7.02387,11.92724,18.56623
4356.66530,-3.76056,-4.53744,43.58286,6.08659,7.03139,11.91972,18.54516
4356.67530,-3.74766,-4.52602,43.61017,6.11086,7.03719,11.91972,18.54240
4356.68530,-3.73819,-4.51578,43.60956,6.13291,7.03453,11.90696,18.53516
4356.69530,-3.77117,-4.54249,43.51186,6.07659,7.01039,11.88972,18.53516
4356.70530,-3.77616,-4.52187,43.49994,6.07659,7.04615,11.87979,18.49742
4356.71530,-3.77301,-4.50220,43.53317,6.09182,7.07849,11.88144,18.48143
4356.72530,-3.76024,-4.50414,43.60386,6.11559,7.07239,11.89972,18.51616
4356.73530,-3.76675,-4.50608,43.58511,6.10128,7.07733,11.89972,18.50679
4356.74530,-3.77345,-4.50807,43.56586,6.08659,7.08239,11.89972,18.49716
4356.75530,-3.72787,-4.52085,43.55842,6.10457,7.03775,11.92452,18.49158
4356.76530,-3.73226,-4.54834,43.61896,6.09761,7.01039,11.95212,18.55884
4356.77530,-3.75203,-4.56035,43.65886,6.08659,7.01039,11.95972,18.60216
4356.78530,-3.74933,-4.57698,43.62228,6.05621,6.99799,11.97770,18.59038
4356.79530,-3.75626,-4.58667,43.53228,6.03759,6.97117,11.95214,18.57138
4356.80530,-3.76154,-4.58636,43.49086,6.03759,6.95939,11.92972,18.56416
4356.81530,-3.78264,-4.57721,43.60103,6.04319,7.00421,11.94839,18.60524
4356.82530,-3.79538,-4.57168,43.66786,6.04659,7.03139,11.95972,18.63016
4356.83530,-3.81848,-4.60430,43.55933,6.01602,6.96715,11.92229,18.65386
4356.84530,-3.85020,-4.63150,43.56888,5.96721,6.96683,11.94312,18.69172
4356.85530,-3.86105,-4.63605,43.61486,5.94859,6.99039,11.96972,18.70616
4356.86530,-3.86105,-4.63605,43.61486,5.94859,6.99039,11.96972,18.70616
4356.87530,-3.84012,-4.61313,43.66514,5.99887,6.99892,11.96120,18.70616
4356.88530,-3.84000,-4.68695,43.70649,5.94926,6.91933,12.02794,18.80997
4356.89530,-3.83558,-4.68381,43.73178,5.95187,6.93020,12.04020,18.80952
4356.90530,-3.81291,-4.66328,43.85886,5.96859,6.99039,12.09872,18.80116
4356.91530,-3.81291,-4.66328,43.85886,5.96859,6.99039,12.09872,18.80116
4356.92530,-3.85387,-4.67384,43.72378,5.90959,6.98923,12.06072,18.76424
4356.93530,-3.87176,-4.67897,43.68986,5.90959,6.96939,12.02872,18.78216
4356.94530,-3.86588,-4.68661,43.64028,5.88406,6.96569,12.03982,18.75071
4356.95530,-3.85170,-4.70101,43.52774,5.85267,6.93645,12.03923,18.69938
4356.96530,-3.84050,-4.70468,43.45174,5.88534,6.87445,11.98657,18.70538
4356.97530,-3.83513,-4.69849,43.46707,5.88959,6.88651,11.99402,18.69695
4356.98530,-3.82292,-4.67769,43.54586,5.88959,6.94939,12.03872,18.66816
4356.99530,-3.82245,-4.68877,43.54523,5.87711,6.94051,12.05141,18.67619
4357.00530,-3.82118,-4.71873,43.54351,5.84340,6.91651,12.08569,18.69791
4357.01530,-3.79762,-4.72191,43.53170,5.84919,6.90119,12.09872,18.68260
4357.02530,-3.78348,-4.71688,43.52486,5.86059,6.89739,12.09872,18.66816
4357.03530,-3.77450,-4.70138,43.62836,5.90484,6.91314,12.10622,18.70416
4357.04530,-3.72491,-4.67701,43.58340,5.95597,6.89537,12.08644,18.64562
4357.05530,-3.70871,-4.67034,43.55586,5.96859,6.88739,12.07872,18.62116
4357.06530,-3.72192,-4.67098,43.73286,5.96859,6.93839,12.13872,18.68716
4357.07530,-3.71742,-4.66830,43.71870,5.97327,6.93467,12.13272,18.67804
4357.08530,-3.68499,-4.64802,43.63670,6.00519,6.91735,12.09952,18.61464
4357.09530,-3.68978,-4.64385,43.79686,5.98759,6.99039,12.17872,18.64016
4357.10530,-3.68978,-4.64385,43.79686,5.98759,6.99039,12.17872,18.64016
4357.11530,-3.66317,-4.59336,43.90298,6.06899,7.03767,12.16832,18.62800
4357.12530,-3.62191,-4.61552,44.01386,6.08659,7.01039,12.23872,18.67816
4357.13530,-3.62191,-4.61552,44.01386,6.08659,7.01039,12.23872,18.67816
4357.14530,-3.63751,-4.63671,43.97986,6.09659,6.94939,12.19872,18.73516
4357.15530,-3.63751,-4.63671,43.97986,6.09659,6.94939,12.19872,18.73516
4357.16530,-3.61225,-4.61106,43.84386,6.10559,6.94939,12.15872,18.63016
4357.17530,-3.68552,-4.64882,43.93198,6.00856,6.99989,12.21813,18.70541
4357.18530,-3.68625,-4.64920,43.93286,6.00759,7.00039,12.21872,18.70616
4357.19530,-3.55130,-4.61530,43.83979,6.09571,6.94990,12.22862,18.56557
4357.20530,-3.62102,-4.63693,43.67786,6.03759,6.91839,12.14872,18.57316
4357.21530,-3.62102,-4.63693,43.67786,6.03759,6.91839,12.14872,18.57316
4357.22530,-3.54967,-4.63767,43.72278,6.08250,6.88539,12.19455,18.56033
4357.23530,-3.46554,-4.63853,43.77586,6.13559,6.84639,12.24872,18.54516
4357.24530,-3.46983,-4.62135,43.70371,6.12981,6.86371,12.21986,18.49033
4357.25530,-3.47513,-4.63806,43.69304,6.10413,6.85419,12.23572,18.49900
4357.26530,-3.47588,-4.64836,43.70786,6.09659,6.84639,12.24872,18.51616
4357.27530,-3.46273,-4.62727,43.69221,6.14055,6.83820,12.21147,18.50200
4357.28530,-3.46856,-4.63761,43.77386,6.11209,6.87106,12.26832,18.52239
4357.29530,-3.47011,-4.64023,43.78686,6.10559,6.87639,12.27872,18.52616
4357.30530,-3.44526,-4.64675,43.77951,6.11293,6.85435,12.29341,18.51881
4357.31530,-3.43628,-4.64910,43.77686,6.11559,6.84639,12.29872,18.51616
4357.32530,-3.40926,-4.63671,43.79565,6.14495,6.84639,12.30459,18.49972
4357.33530,-3.42307,-4.63052,43.85252,6.14339,6.87673,12.31612,18.51628
4357.34530,-3.43458,-4.63140,43.86786,6.13559,6.88739,12.31872,18.52616
4357.35530,-3.42402,-4.62713,43.85102,6.15524,6.87095,12.30268,18.52215
4357.36530,-3.40992,-4.62144,43.82856,6.18144,6.84902,12.28129,18.51680
4357.37530,-3.42238,-4.61341,43.70111,6.18459,6.82337,12.21189,18.48126
4357.38530,-3.44322,-4.59475,43.78493,6.18459,6.88416,12.22609,18.49009
4357.39530,-3.44858,-4.58933,43.82786,6.18459,6.90739,12.23872,18.49716
4357.40530,-3.44858,-4.58933,43.82786,6.18459,6.90739,12.23872,18.49716
4357.41530,-3.45905,-4.60413,43.62275,6.12555,6.87684,12.20100,18.41937
4357.42530,-3.45022,-4.59666,43.64386,6.13559,6.88739,12.20872,18.41216
4357.43530,-3.43913,-4.58824,43.68220,6.15462,6.89595,12.21700,18.41464
4357.44530,-3.41010,-4.56619,43.78286,6.20459,6.91839,12.23872,18.42116
4357.45530,-3.43385,-4.56986,43.74625,6.21585,6.88911,12.18803,18.45326
4357.46530,-3.49648,-4.57006,43.75105,6.18764,6.91837,12.15498,18.49006
4357.47530,-3.52281,-4.56848,43.77086,6.16559,6.94939,12.15872,18.49716
4357.48530,-3.46957,-4.57391,43.71575,6.17122,6.91683,12.18377,18.44393
4357.49530,-3.41449,-4.56564,43.67163,6.19954,6.89116,12.19248,18.38846
4357.50530,-3.40047,-4.55868,43.66486,6.21459,6.88739,12.18872,18.37416
4357.51530,-3.43062,-4.56816,43.66299,6.19587,6.88739,12.17624,18.40348
4357.52530,-3.44880,-4.57388,43.66186,6.18459,6.88739,12.16872,18.42116
4357.53530,-3.45500,-4.57265,43.68180,6.17510,6.90520,12.18033,18.42116
4357.54530,-3.47166,-4.56260,43.72986,6.15509,6.95889,12.20372,18.41216
4357.55530,-3.46255,-4.55764,43.69486,6.17459,6.93839,12.17872,18.40316
4357.56530,-3.48055,-4.54494,43.63200,6.17459,6.94384,12.13417,18.37940
4357.57530,-3.45854,-4.53663,43.61241,6.18449,6.94395,12.13822,18.34575
4357.58530,-3.41738,-4.54140,43.65786,6.19459,6.93839,12.18872,18.33616
4357.59530,-3.41161,-4.54538,43.66708,6.19459,6.93354,12.19842,18.34053
4357.60530,-3.40548,-4.54960,43.67686,6.19459,6.92839,12.20872,18.34516
4357.61530,-3.40593,-4.55453,43.68562,6.19783,6.91833,12.20872,18.36074
4357.62530,-3.40683,-4.56459,43.70350,6.20445,6.89780,12.20872,18.39252
4357.63530,-3.46072,-4.55523,43.64286,6.20459,6.89739,12.12872,18.41216
4357.64530,-3.47741,-4.55978,43.60915,6.16970,6.91347,12.13264,18.39334
4357.65530,-3.50334,-4.56685,43.55686,6.11559,6.93839,12.13872,18.36416
4357.66530,-3.52046,-4.57544,43.56352,6.10486,6.93469,12.13502,18.38895
4357.67530,-3.53296,-4.58115,43.64026,6.12321,6.92839,12.13619,18.45246
4357.68530,-3.50521,-4.56624,43.74986,6.18459,6.92839,12.14872,18.48816
4357.69530,-3.48484,-4.55830,43.73669,6.19211,6.93216,12.15624,18.45618
4357.70530,-3.49080,-4.54749,43.69673,6.17536,6.95763,12.15022,18.41352
4357.71530,-3.55856,-4.55153,43.66586,6.12559,6.99039,12.11872,18.43116
4357.72530,-3.53392,-4.54790,43.61443,6.14372,6.96375,12.10392,18.40304
4357.73530,-3.49183,-4.54171,43.52686,6.17459,6.91839,12.07872,18.35516
4357.74530,-3.49133,-4.54976,43.51750,6.16577,6.90903,12.08412,18.35858
4357.75530,-3.48993,-4.57214,43.49150,6.14127,6.88303,12.09912,18.36808
4357.76530,-3.49602,-4.58681,43.61086,6.15559,6.87639,12.12872,18.45016
4357.77530,-3.50125,-4.58918,43.60180,6.14834,6.87639,12.12691,18.45016
4357.78530,-3.52217,-4.59869,43.56557,6.11935,6.87639,12.11966,18.45016
4357.79530,-3.52715,-4.59372,43.66186,6.11559,6.91839,12.15872,18.46916
4357.80530,-3.52351,-4.58905,43.64731,6.12771,6.91088,12.14417,18.46455
4357.81530,-3.51214,-4.57442,43.60186,6.16559,6.88739,12.09872,18.45016
4357.82530,-3.52801,-4.57909,43.59864,6.15321,6.88987,12.09377,18.46179
4357.83530,-3.58338,-4.59439,43.58934,6.10623,6.90483,12.08112,18.49716
4357.84530,-3.60590,-4.59780,43.59086,6.07659,6.92839,12.08872,18.49716
4357.85530,-3.61022,-4.59295,43.56056,6.07174,6.93348,12.07660,18.47874
4357.86530,-3.62315,-4.56877,43.49986,6.07884,6.95439,12.03122,18.43541
4357.87530,-3.62138,-4.54200,43.60186,6.14559,6.96939,12.00872,18.47816
4357.88530,-3.63798,-4.55686,43.60768,6.12644,6.96188,12.01357,18.50580
4357.89530,-3.68985,-4.60326,43.62586,6.06659,6.93839,12.02872,18.59216
4357.90530,-3.68732,-4.60222,43.63578,6.07326,6.93668,12.02872,18.59712
4357.91530,-3.67757,-4.59819,43.67394,6.09892,6.93010,12.02872,18.61620
4357.92530,-3.64889,-4.59608,43.64686,6.09659,6.92839,12.04872,18.57316
4357.93530,-3.64889,-4.59608,43.64686,6.09659,6.92839,12.04872,18.57316
4357.94530,-3.71241,-4.56337,43.77486,6.12559,7.00039,12.00872,18.64016
4357.95530,-3.69516,-4.56709,43.76496,6.13321,6.98268,12.01443,18.63464
4357.96530,-3.62319,-4.58257,43.72369,6.16495,6.90887,12.03824,18.61162
4357.97530,-3.63158,-4.57771,43.86686,6.11559,7.01039,12.13872,18.60216
4357.98530,-3.63838,-4.57868,43.85432,6.11559,7.00478,12.12662,18.60733
4357.99530,-3.69060,-4.58755,43.74875,6.11348,6.95828,12.03205,18.64494
4358.00530,-3.66740,-4.59587,43.71586,6.09659,6.94939,12.05872,18.61116
4358.01530,-3.66614,-4.59401,43.70874,6.09891,6.94851,12.05472,18.60660
4358.02530,-3.65558,-4.57849,43.64941,6.11824,6.94118,12.02139,18.56860
4358.03530,-3.65156,-4.57258,43.62686,6.12559,6.93839,12.00872,18.55416
4358.04530,-3.63220,-4.64733,43.53478,6.05727,6.83641,12.05822,18.58287
4358.05530,-3.67180,-4.63100,43.70414,6.03778,6.93736,12.10822,18.62078
4358.06530,-3.67220,-4.63083,43.70586,6.03759,6.93839,12.10872,18.62116
4358.07530,-3.63651,-4.59194,43.78111,6.15442,6.91859,12.05922,18.64888
4358.08530,-3.66800,-4.62174,43.64722,6.04768,6.92829,12.07852,18.59273
4358.09530,-3.66832,-4.62205,43.64586,6.04659,6.92839,12.07872,18.59216
4358.10530,-3.66163,-4.62345,43.65952,6.04935,6.92701,12.08838,18.59478
4358.11530,-3.61993,-4.63218,43.74486,6.06659,6.91839,12.14872,18.61116
4358.12530,-3.64887,-4.64045,43.73598,6.05216,6.91432,12.13022,18.63928
4358.13530,-3.69087,-4.63683,43.72256,6.04417,6.92526,12.09021,18.66292
4358.14530,-3.68101,-4.61291,43.72486,6.06659,6.94939,12.07872,18.63016
4358.15530,-3.69954,-4.60449,43.71845,6.05946,6.97077,12.06447,18.62375
4358.16530,-3.67549,-4.61727,43.69284,6.06401,6.93410,12.07357,18.62116
4358.17530,-3.66455,-4.62288,43.68486,6.06659,6.91839,12.07872,18.62116
4358.18530,-3.66455,-4.62288,43.68486,6.06659,6.91839,12.07872,18.62116
4358.19530,-3.75089,-4.63237,43.75286,6.01759,6.96939,12.06872,18.69716
4358.20530,-3.73261,-4.63910,43.74398,6.03239,6.93905,12.06872,18.70382
4358.21530,-3.72775,-4.63543,43.72680,6.03759,6.93579,12.06132,18.69210
4358.22530,-3.72830,-4.63331,43.72186,6.03759,6.93839,12.05872,18.68716
4358.23530,-3.72754,-4.63756,43.71081,6.02616,6.93839,12.06634,18.67992
4358.24530,-3.74966,-4.63586,43.84992,6.04194,6.96714,12.08573,18.75510
4358.25530,-3.75956,-4.63220,43.91686,6.05659,6.97939,12.08872,18.79216
4358.26530,-3.76804,-4.62168,43.88422,6.04731,6.99923,12.07592,18.76176
4358.27530,-3.78610,-4.59928,43.81486,6.02759,7.04139,12.04872,18.69716
4358.28530,-3.74333,-4.60316,43.81301,6.05778,7.00319,12.06104,18.69100
4358.29530,-3.74524,-4.61851,43.79326,6.04621,6.97939,12.06252,18.70514
4358.30530,-3.76275,-4.62644,43.78186,6.02759,6.97939,12.05872,18.71616
4358.31530,-3.74574,-4.60885,43.81328,6.05778,6.99233,12.05872,18.70445
4358.32530,-3.74725,-4.63587,43.84898,6.02761,6.98117,12.10212,18.73808
4358.33530,-3.75466,-4.65912,43.85886,5.99759,6.96939,12.12872,18.76316
4358.34530,-3.76324,-4.65362,43.85617,6.00738,6.96939,12.10913,18.77026
4358.35530,-3.78967,-4.63663,43.84786,6.03759,6.96939,12.04872,18.79216
4358.36530,-3.78289,-4.64534,43.82449,6.02897,6.95435,12.05456,18.78661
4358.37530,-3.75912,-4.67983,43.71296,5.98935,6.89481,12.07217,18.75664
4358.38530,-3.80109,-4.63639,43.77886,6.01759,6.96939,12.02872,18.76316
4358.39530,-3.79692,-4.65066,43.68579,5.99828,6.93375,12.01387,18.73989
4358.40530,-3.77672,-4.65779,43.69327,5.99770,6.92287,12.03792,18.73478
4358.41530,-3.76021,-4.65004,43.79986,6.01759,6.94939,12.07872,18.75416
4358.42530,-3.77210,-4.63787,43.80525,6.02249,6.96948,12.06402,18.74926
4358.43530,-3.78447,-4.62520,43.81086,6.02759,6.99039,12.04872,18.74416
4358.44530,-3.79611,-4.63747,43.76844,6.00161,6.98020,12.04543,18.74120
4358.45530,-3.81994,-4.66261,43.68186,5.94859,6.95939,12.03872,18.73516
4358.46530,-3.82891,-4.62374,43.70386,5.97859,7.01039,12.00872,18.70616
4358.47530,-3.82975,-4.62815,43.70038,5.97031,7.00919,12.01472,18.70616
4358.48530,-3.83591,-4.66048,43.67486,5.90959,7.00039,12.05872,18.70616
4358.49530,-3.83689,-4.65377,43.67656,5.93175,6.99159,12.03628,18.71696
4358.50530,-3.85326,-4.62329,43.69788,5.98056,7.00750,11.97972,18.73010
4358.51530,-3.87690,-4.60019,43.72686,5.96859,7.07239,11.97972,18.70616
4358.52530,-3.85191,-4.59703,43.69086,5.98983,7.04647,11.96892,18.68564
4358.53530,-3.81503,-4.59256,43.62045,6.02345,7.00039,11.94351,18.65309
4358.54530,-3.83628,-4.59579,43.60263,6.01195,7.00039,11.92627,18.66401
4358.55530,-3.84436,-4.59702,43.59586,6.00759,7.00039,11.91972,18.66816
4358.56530,-3.84104,-4.61850,43.56586,5.97859,6.97939,11.93972,18.66816
4358.57530,-3.85271,-4.61940,43.53418,5.96342,6.98343,11.93012,18.65722
4358.58530,-3.90154,-4.62315,43.40218,5.90022,7.00023,11.89012,18.61162
4358.59530,-3.89215,-4.62033,43.44986,5.91959,7.00039,11.89972,18.63016
4358.60530,-3.87847,-4.61126,43.48154,5.94384,7.00287,11.90220,18.63264
4358.61530,-3.84241,-4.57473,43.56162,6.02244,7.01791,11.89275,18.62852
4358.62530,-3.85933,-4.54652,43.51086,6.03759,7.04139,11.83972,18.59216
4358.63530,-3.86424,-4.55207,43.50534,6.03519,7.03155,11.83492,18.60368
4358.64530,-3.87979,-4.56964,43.48786,6.02759,7.00039,11.81972,18.64016
4358.65530,-3.85845,-4.58060,43.45906,6.02039,6.97807,11.83652,18.62408
4358.66530,-3.82185,-4.60291,43.39762,5.99303,6.94459,11.87532,18.58468
4358.67530,-3.92025,-4.56345,43.49186,5.97859,7.06239,11.82972,18.62116
4358.68530,-3.92273,-4.56164,43.48034,5.97379,7.06719,11.82732,18.61204
4358.69530,-3.93056,-4.55589,43.44386,5.95859,7.08239,11.81972,18.58316
4358.70530,-3.91320,-4.56833,43.40725,5.95374,7.05258,11.82699,18.57395
4358.71530,-3.86258,-4.60603,43.34435,5.94106,6.97474,11.86457,18.56397
4358.72530,-3.87415,-4.60208,43.50086,5.94859,7.02139,11.90972,18.62116
4358.73530,-3.87285,-4.59929,43.48252,5.95169,7.01813,11.90040,18.61230
4358.74530,-3.86715,-4.58715,43.40279,5.96521,7.00394,11.85986,18.57379
4358.75530,-3.79988,-4.62315,43.31986,5.97859,6.89739,11.87972,18.56416
4358.76530,-3.79988,-4.62315,43.31986,5.97859,6.89739,11.87972,18.56416
4358.77530,-3.89517,-4.58151,43.33286,5.95859,7.00039,11.80972,18.56416
4358.78530,-3.89629,-4.58401,43.32954,5.95610,6.99714,11.80972,18.56659
4358.79530,-3.90570,-4.60486,43.30188,5.93535,6.97001,11.80972,18.58680
4358.80530,-3.88612,-4.64884,43.28886,5.89959,6.91839,11.85972,18.61116
4358.81530,-3.88703,-4.64875,43.28656,5.89710,6.92037,11.86036,18.60873
4358.82530,-3.89461,-4.64801,43.26741,5.87635,6.93686,11.86568,18.58852
4358.83530,-3.87422,-4.63899,43.29270,5.89107,6.94675,11.88172,18.57316
4358.84530,-3.79171,-4.61234,43.41886,5.98759,6.93839,11.91972,18.57316
4358.85530,-3.80861,-4.61397,43.41445,5.96883,6.95274,11.91972,18.57316
4358.86530,-3.85297,-4.61825,43.40286,5.91959,6.99039,11.91972,18.57316
4358.87530,-3.83710,-4.64173,43.39992,5.91959,6.94482,11.93442,18.60109
4358.88530,-3.81334,-4.64392,43.43753,5.94360,6.92777,11.94972,18.61644
4358.89530,-3.80581,-4.62082,43.47986,5.96859,6.95939,11.94972,18.60216
4358.90530,-3.77882,-4.65183,43.46314,5.94769,6.91620,11.99082,18.60843
4358.91530,-3.75095,-4.65878,43.43908,5.97215,6.87138,11.98439,18.61116
4358.92530,-3.74786,-4.65752,43.43586,5.97859,6.86639,11.97972,18.61116
4358.93530,-3.71226,-4.61695,43.68045,6.02109,6.97394,12.07426,18.61116
4358.94530,-3.70685,-4.61079,43.71786,6.02759,6.99039,12.08872,18.61116
4358.95530,-3.72365,-4.65576,43.63475,5.97045,6.93672,12.09449,18.63309
4358.96530,-3.66913,-4.68943,43.62566,5.96559,6.87445,12.15052,18.63510
4358.97530,-3.64567,-4.68965,43.64386,5.97859,6.86639,12.16872,18.63016
4358.98530,-3.63804,-4.69370,43.56954,5.97278,6.84259,12.15130,18.60287
4358.99530,-3.66327,-4.65966,43.56775,5.99325,6.88663,12.10470,18.58316
4359.00530,-3.66867,-4.65317,43.57686,5.99759,6.89739,12.09872,18.58316
4359.01530,-3.63685,-4.66636,43.58259,5.99185,6.87962,12.13885,18.57227
4359.02530,-3.61319,-4.67617,43.58686,5.98759,6.86639,12.16872,18.56416
4359.03530,-3.62004,-4.68187,43.49999,5.98102,6.83646,12.13222,18.55029
4359.04530,-3.60636,-4.67908,43.41108,5.97859,6.81802,12.11135,18.50313
4359.05530,-3.60057,-4.67732,43.39086,5.97859,6.81539,12.10872,18.48816
4359.06530,-3.54959,-4.65707,43.52613,6.04986,6.82267,12.14508,18.50852
4359.07530,-3.53055,-4.64951,43.57686,6.07659,6.82539,12.15872,18.51616
4359.08530,-3.55235,-4.65112,43.61190,6.07659,6.83269,12.15142,18.55120
4359.09530,-3.56511,-4.67715,43.56734,6.02571,6.82065,12.17084,18.55015
4359.10530,-3.56679,-4.68622,43.54686,6.00759,6.81539,12.17872,18.54516
4359.11530,-3.58762,-4.67679,43.50838,6.02239,6.80725,12.12692,18.55182
4359.12530,-3.56646,-4.66577,43.57873,6.05176,6.81969,12.14819,18.55909
4359.13530,-3.53732,-4.65789,43.66486,6.07659,6.83539,12.18872,18.56416
4359.14530,-3.52905,-4.69079,43.66345,6.04911,6.79946,12.22395,18.59093
4359.15530,-3.52558,-4.70458,43.66286,6.03759,6.78439,12.23872,18.60216
4359.16530,-3.53226,-4.71197,43.66955,6.02972,6.78007,12.24265,18.61711
4359.17530,-3.56246,-4.71170,43.77937,6.02475,6.81778,12.26304,18.67381
4359.18530,-3.57034,-4.70708,43.81886,6.02759,6.83539,12.26872,18.68716
4359.19530,-3.57034,-4.70708,43.81886,6.02759,6.83539,12.26872,18.68716
4359.20530,-3.53736,-4.72299,43.80146,6.02759,6.79972,12.29482,18.67933
4359.21530,-3.50928,-4.76000,43.72175,5.96926,6.76375,12.34815,18.64059
4359.22530,-3.50902,-4.76040,43.72086,5.96859,6.76339,12.34872,18.64016
4359.23530,-3.51226,-4.70807,43.82085,6.03690,6.82477,12.31902,18.64016
4359.24530,-3.51229,-4.70754,43.82186,6.03759,6.82539,12.31872,18.64016
4359.25530,-3.53380,-4.74609,43.55794,5.93540,6.77647,12.28872,18.55735
4359.26530,-3.53281,-4.78341,43.49386,5.90959,6.71239,12.28872,18.58316
4359.27530,-3.53878,-4.77822,43.49526,5.91465,6.71763,12.27824,18.58473
4359.28530,-3.54820,-4.77517,43.49265,5.91483,6.72251,12.26751,18.58780
4359.29530,-3.52822,-4.79799,43.48286,5.88959,6.70139,12.30872,18.58316
4359.30530,-3.51775,-4.78931,43.49168,5.91850,6.69159,12.29402,18.58757
4359.31530,-3.50686,-4.78028,43.50086,5.94859,6.68139,12.27872,18.59216
4359.32530,-3.51945,-4.77953,43.49596,5.93879,6.69119,12.27382,18.59216
4359.33530,-3.51704,-4.77419,43.56207,5.94786,6.71152,12.29485,18.60784
4359.34530,-3.48553,-4.76493,43.70741,5.98719,6.73219,12.34819,18.63984
4359.35530,-3.50480,-4.74647,43.67795,5.98759,6.75858,12.31599,18.61580
4359.36530,-3.51792,-4.73332,43.64347,5.99499,6.76628,12.28092,18.60128
4359.37530,-3.48182,-4.76571,43.67686,6.00759,6.70139,12.31872,18.64916
4359.38530,-3.50842,-4.75919,43.68932,5.99330,6.73180,12.31139,18.65282
4359.39530,-3.55440,-4.74792,43.71086,5.96859,6.78439,12.29872,18.65916
4359.40530,-3.54533,-4.74616,43.67090,5.97903,6.76567,12.28072,18.64548
4359.41530,-3.52726,-4.74714,43.61981,5.99759,6.73034,12.25901,18.63289
4359.42530,-3.52194,-4.75856,43.67524,5.99759,6.72462,12.28758,18.66546
4359.43530,-3.51986,-4.76301,43.69686,5.99759,6.72239,12.29872,18.67816
4359.44530,-3.53793,-4.72868,43.79183,5.98442,6.82914,12.33338,18.64489
4359.45530,-3.54590,-4.71354,43.83386,5.97859,6.87639,12.34872,18.63016
4359.46530,-3.53100,-4.72400,43.73474,6.01197,6.79388,12.28894,18.63995
4359.47530,-3.48016,-4.75502,43.81586,6.03759,6.73239,12.34872,18.69716
4359.48530,-3.49973,-4.74920,43.80275,6.02839,6.74895,12.33262,18.69279
4359.49530,-3.55979,-4.74307,43.75150,5.98402,6.79013,12.29482,18.68253
4359.50530,-3.54121,-4.78790,43.72686,5.93859,6.74239,12.34872,18.69716
4359.51530,-3.54461,-4.78450,43.72944,5.93859,6.74967,12.34637,18.69481
4359.52530,-3.55567,-4.77340,43.73786,5.93859,6.77339,12.33872,18.68716
4359.53530,-3.56350,-4.78002,43.71348,5.92509,6.76711,12.33412,18.68716
4359.54530,-3.59765,-4.80890,43.60748,5.86643,6.73977,12.31412,18.68716
4359.55530,-3.54521,-4.80469,43.73472,5.90879,6.74226,12.37777,18.70590
4359.56530,-3.54436,-4.80453,43.73686,5.90959,6.74239,12.37872,18.70616
4359.57530,-3.58845,-4.80896,43.62786,5.87959,6.73239,12.31872,18.69716
4359.58530,-3.56398,-4.84815,43.71486,5.86059,6.70139,12.39872,18.75416
4359.59530,-3.56398,-4.84815,43.71486,5.86059,6.70139,12.39872,18.75416
4359.60530,-3.58728,-4.78226,43.76886,5.90959,6.79439,12.34872,18.71616
4359.61530,-3.58013,-4.78570,43.75432,5.91203,6.78114,12.34743,18.71371
4359.62530,-3.52918,-4.80729,43.67795,5.93390,6.69575,12.34509,18.70321
4359.63530,-3.50913,-4.79310,43.86202,5.97814,6.73203,12.39819,18.75366
4359.64530,-3.50893,-4.79296,43.86386,5.97859,6.73239,12.39872,18.75416
4359.65530,-3.56566,-4.79312,43.83386,5.93859,6.76339,12.36872,18.76316
4359.66530,-3.56975,-4.79461,43.84376,5.93859,6.76339,12.36872,18.77306
4359.67530,-3.56979,-4.79462,43.84386,5.93859,6.76339,12.36872,18.77316
4359.68530,-3.52250,-4.75945,43.91442,5.98661,6.80357,12.39812,18.72612
4359.69530,-3.52154,-4.75873,43.91586,5.98759,6.80439,12.39872,18.72516
4359.70530,-3.51374,-4.76527,43.82339,5.97257,6.77989,12.38291,18.68801
4359.71530,-3.54843,-4.80128,43.88782,5.97836,6.72354,12.36894,18.81697
4359.72530,-3.54927,-4.80207,43.88986,5.97859,6.72239,12.36872,18.82016
4359.73530,-3.53701,-4.81237,43.89116,5.94615,6.73537,12.41413,18.79551
4359.74530,-3.61343,-4.79006,43.95310,5.92093,6.82150,12.38769,18.82299
4359.75530,-3.62800,-4.78517,43.96386,5.91959,6.83539,12.37872,18.83016
4359.76530,-3.57719,-4.81021,44.00469,5.92740,6.79109,12.43953,18.84667
4359.77530,-3.56952,-4.81399,44.01086,5.92859,6.78439,12.44872,18.84916
4359.78530,-3.59198,-4.82367,43.98215,5.92859,6.75742,12.41392,18.88222
4359.79530,-3.53011,-4.83793,44.02745,5.96339,6.70815,12.46092,18.89499
4359.80530,-3.52038,-4.83984,44.03486,5.96859,6.70139,12.46872,18.89616
4359.81530,-3.63196,-4.78954,44.01485,5.93379,6.82754,12.38172,18.87180
4359.82530,-3.61498,-4.83408,43.93182,5.88596,6.76548,12.41222,18.86816
4359.83530,-3.60995,-4.84187,43.91986,5.87959,6.75339,12.41872,18.86816
4359.84530,-3.60401,-4.84467,43.98433,5.88617,6.75997,12.44504,18.89316
4359.85530,-3.60092,-4.84612,44.01786,5.88959,6.76339,12.45872,18.90616
4359.86530,-3.57006,-4.85683,43.96019,5.88959,6.72616,12.46602,18.87842
4359.87530,-3.55642,-4.88179,43.95273,5.86112,6.70436,12.50522,18.88203
4359.88530,-3.55560,-4.88956,43.95786,5.85059,6.70139,12.51872,18.88716
4359.89530,-3.58126,-4.86855,43.93210,5.85519,6.72991,12.47732,18.86968
4359.90530,-3.61245,-4.86340,43.82146,5.84579,6.71752,12.40899,18.84916
4359.91530,-3.61350,-4.88354,43.73886,5.83059,6.67039,12.38872,18.84916
4359.92530,-3.60979,-4.87631,43.78586,5.83725,6.69106,12.40539,18.85216
4359.93530,-3.60391,-4.86485,43.86046,5.84784,6.72386,12.43184,18.85692
4359.94530,-3.60238,-4.86188,43.87986,5.85059,6.73239,12.43872,18.85816
4359.95530,-3.61702,-4.82652,43.97547,5.88418,6.79441,12.43011,18.86677
4359.96530,-3.60950,-4.80507,44.06998,5.90679,6.84051,12.45452,18.86816
4359.97530,-3.60789,-4.80251,44.08286,5.90959,6.84639,12.45872,18.86816
4359.98530,-3.62377,-4.80801,43.99486,5.88319,6.83671,12.43232,18.84264
4359.99530,-3.62594,-4.80876,43.98286,5.87959,6.83539,12.42872,18.83916
4360.00530,-3.61811,-4.80911,43.92205,5.88827,6.80846,12.40266,18.82265
4360.01530,-3.68945,-4.75464,44.11186,5.93859,6.91839,12.35872,18.89616
4360.02530,-3.66577,-4.74806,43.97988,5.93859,6.89261,12.32803,18.82066
4360.03530,-3.64698,-4.75374,43.87571,5.94351,6.84639,12.29888,18.78693
4360.04530,-3.64302,-4.76390,43.85386,5.94859,6.81539,12.28872,18.80116
4360.05530,-3.63988,-4.75748,43.82062,5.94859,6.81805,12.27808,18.77589
4360.06530,-3.63356,-4.74461,43.75413,5.94859,6.82337,12.25681,18.72536
4360.07530,-3.65110,-4.74787,43.80114,5.93869,6.84074,12.26852,18.75319
4360.08530,-3.65055,-4.73702,43.88344,5.95684,6.86748,12.28514,18.77398
4360.09530,-3.61315,-4.70266,43.89886,6.00759,6.88739,12.27872,18.72516
4360.10530,-3.63224,-4.71160,43.84053,5.98357,6.87710,12.25911,18.72075
4360.11530,-3.66417,-4.71900,43.75077,5.95374,6.86639,12.21933,18.71131
4360.12530,-3.67697,-4.71696,43.71986,5.94859,6.86639,12.19872,18.70616
4360.13530,-3.68717,-4.71490,43.72545,5.94327,6.87730,12.19606,18.70882
4360.14530,-3.70755,-4.71079,43.73662,5.93263,6.89911,12.19074,18.71414
4360.15530,-3.72250,-4.72487,43.65191,5.90317,6.87675,12.17003,18.70196
4360.16530,-3.69046,-4.73415,43.55576,5.90082,6.83322,12.16480,18.65692
4360.17530,-3.61632,-4.70548,43.64486,5.96859,6.84639,12.20872,18.62116
4360.18530,-3.63259,-4.69559,43.61301,5.97324,6.85129,12.17442,18.61405
4360.19530,-3.67666,-4.66880,43.52691,5.98583,6.86454,12.08170,18.59485
4360.20530,-3.72174,-4.68039,43.42086,5.89959,6.89739,12.07872,18.54516
4360.21530,-3.71542,-4.67391,43.45106,5.92085,6.89739,12.07630,18.55652
4360.22530,-3.69791,-4.65594,43.53495,5.97991,6.89739,12.06959,18.58806
4360.23530,-3.69002,-4.66314,43.52709,5.97594,6.88527,12.07822,18.58765
4360.24530,-3.68027,-4.69222,43.46454,5.93626,6.85104,12.10175,18.57548
4360.25530,-3.70769,-4.68701,43.45686,5.92859,6.86639,12.07872,18.58316
4360.26530,-3.71686,-4.67393,43.43910,5.93579,6.87887,12.05496,18.56948
4360.27530,-3.75383,-4.64107,43.35550,5.95139,6.90111,11.96772,18.53528
4360.28530,-3.77884,-4.66838,43.26886,5.92859,6.84639,11.92972,18.56416
4360.29530,-3.77884,-4.66838,43.26886,5.92859,6.84639,11.92972,18.56416
4360.30530,-3.73996,-4.65902,43.36489,5.94937,6.87175,11.98751,18.55626
4360.31530,-3.68561,-4.64595,43.49986,5.97859,6.90739,12.06872,18.54516
4360.32530,-3.71694,-4.60827,43.47379,6.00606,6.94403,11.99897,18.52473
4360.33530,-3.73088,-4.62328,43.35926,5.97393,6.91351,11.96972,18.50210
4360.34530,-3.73115,-4.63414,43.32286,5.95859,6.89739,11.96972,18.49716
4360.35530,-3.75552,-4.61852,43.35814,5.95859,6.93757,11.95992,18.50206
4360.36530,-3.75477,-4.60489,43.42677,5.99220,6.95034,11.95542,18.52881
4360.37530,-3.73511,-4.60685,43.45086,6.01759,6.92839,11.95972,18.54516
4360.38530,-3.69117,-4.58536,43.50928,6.07600,6.92839,11.96962,18.53526
4360.39530,-3.69074,-4.58514,43.50986,6.07659,6.92839,11.96972,18.53516
4360.40530,-3.77705,-4.64241,43.25529,5.93781,6.88243,11.91668,18.51837
4360.41530,-3.76611,-4.65560,43.37433,5.94457,6.88587,11.97002,18.57387
4360.42530,-3.76253,-4.65650,43.39886,5.94859,6.88739,11.97972,18.58316
4360.43530,-3.76319,-4.62292,43.35629,5.98247,6.90477,11.92760,18.54146
4360.44530,-3.78455,-4.63420,43.34029,5.97106,6.88999,11.91102,18.56822
4360.45530,-3.78772,-4.63664,43.33886,5.96859,6.88739,11.90972,18.57316
4360.46530,-3.78081,-4.62390,43.42206,5.98886,6.91606,11.93070,18.58644
4360.47530,-3.77785,-4.61843,43.45786,5.99759,6.92839,11.93972,18.59216
4360.48530,-3.82620,-4.65721,43.45702,5.92343,6.92839,11.96500,18.64019
4360.49530,-3.79867,-4.68362,43.47706,5.92055,6.88684,12.00377,18.66590
4360.50530,-3.77191,-4.69765,43.49186,5.92859,6.85639,12.02872,18.67816
4360.51530,-3.75481,-4.69368,43.64726,5.93599,6.90227,12.10272,18.70628
4360.52530,-3.78861,-4.69668,43.65746,5.90973,6.92579,12.09912,18.72282
4360.53530,-3.80260,-4.69822,43.64186,5.89959,6.92839,12.08872,18.72516
4360.54530,-3.77657,-4.68603,43.69662,5.92869,6.93875,12.10845,18.72072
4360.55530,-3.74990,-4.67354,43.75286,5.95859,6.94939,12.12872,18.71616
4360.56530,-3.80156,-4.71324,43.63154,5.90785,6.88836,12.07725,18.75807
4360.57530,-3.82122,-4.72619,43.71808,5.89616,6.90059,12.10476,18.81657
4360.58530,-3.82174,-4.72547,43.78586,5.89959,6.91839,12.12872,18.83916
4360.59530,-3.78478,-4.71749,43.66372,5.91757,6.87995,12.09772,18.76848
4360.60530,-3.79911,-4.72058,43.71100,5.91061,6.89483,12.10972,18.79584
4360.61530,-3.82174,-4.72547,43.78586,5.89959,6.91839,12.12872,18.83916
4360.62530,-3.83061,-4.74058,43.77904,5.87541,6.91157,12.14112,18.85094
4360.63530,-3.83605,-4.74984,43.77486,5.86059,6.90739,12.14872,18.85816
4360.64530,-3.84288,-4.75143,43.74138,5.86059,6.89458,12.12805,18.85816
4360.65530,-3.85098,-4.75338,43.67063,5.86233,6.86846,12.08904,18.85081
4360.66530,-3.84431,-4.75213,43.57386,5.86959,6.83539,12.04872,18.82016
4360.67530,-3.84431,-4.75213,43.57386,5.86959,6.83539,12.04872,18.82016
4360.68530,-3.84795,-4.71802,43.63676,5.88439,6.90421,12.05612,18.79204
4360.69530,-3.86973,-4.73727,43.58486,5.83113,6.90545,12.06612,18.78216
4360.70530,-3.87695,-4.74827,43.55886,5.81059,6.89739,12.06872,18.78216
4360.71530,-3.85143,-4.76420,43.75856,5.86892,6.86675,12.11815,18.90475
4360.72530,-3.85113,-4.76438,43.76086,5.86959,6.86639,12.11872,18.90616
4360.73530,-3.89091,-4.72533,43.77561,5.86059,6.95467,12.09357,18.86678
4360.74530,-3.94934,-4.71577,43.83486,5.86059,6.99039,12.05872,18.92516
4360.75530,-3.94676,-4.72389,43.80148,5.84955,6.97605,12.05872,18.91716
4360.76530,-3.93803,-4.73802,43.72718,5.82552,6.95122,12.06119,18.88925
4360.77530,-3.93281,-4.71849,43.76318,5.83885,6.98589,12.06785,18.87059
4360.78530,-3.93214,-4.71596,43.76786,5.84059,6.99039,12.06872,18.86816
4360.79530,-3.89059,-4.72542,43.68986,5.83059,6.95939,12.08872,18.81116
4360.80530,-3.90398,-4.72791,43.68242,5.82363,6.95939,12.07912,18.82028
4360.81530,-3.95208,-4.74322,43.63174,5.79199,6.94691,12.04152,18.85132
4360.82530,-3.97008,-4.76670,43.54586,5.76159,6.90739,12.01872,18.85816
4360.83530,-3.95739,-4.76036,43.59163,5.78034,6.91407,12.03144,18.86579
4360.84530,-3.90478,-4.73411,43.78236,5.85849,6.94188,12.08442,18.89758
4360.85530,-3.95421,-4.72454,43.89586,5.82059,7.03139,12.11872,18.92516
4360.86530,-3.95421,-4.72454,43.89586,5.82059,7.03139,12.11872,18.92516
4360.87530,-3.91103,-4.69716,43.98186,5.91959,7.01039,12.09872,18.95316
4360.88530,-3.92238,-4.70981,43.94464,5.89073,7.00391,12.10081,18.94919
4360.89530,-3.96849,-4.75660,43.81749,5.78411,6.98331,12.10872,18.94135
4360.90530,-3.98925,-4.74774,43.91186,5.80159,7.01039,12.10872,18.99116
4360.91530,-3.98400,-4.74479,43.90636,5.80907,7.00698,12.10432,18.98599
4360.92530,-3.94148,-4.72092,43.86186,5.86959,6.97939,12.06872,18.94416
4360.93530,-3.94184,-4.72164,43.86275,5.87070,6.97717,12.06761,18.94727
4360.94530,-3.94263,-4.72912,43.87342,5.87840,6.95821,12.06347,18.97335
4360.95530,-3.92722,-4.74229,43.89986,5.86959,6.94939,12.09872,18.98216
4360.96530,-3.92282,-4.74500,43.88653,5.86859,6.94128,12.09872,18.97794
4360.97530,-3.89476,-4.76237,43.77998,5.86166,6.88376,12.09040,18.94416
4360.98530,-3.94828,-4.72992,43.78086,5.86959,6.93839,12.02872,18.94416
4360.99530,-3.94828,-4.72992,43.78086,5.86959,6.93839,12.02872,18.94416
4361.00530,-3.94877,-4.65721,43.92716,5.89924,7.09161,12.05838,18.87793
4361.01530,-3.94877,-4.65637,43.92886,5.89959,7.09339,12.05872,18.87716
4361.02530,-3.94311,-4.68670,43.81798,5.87979,7.02211,12.03892,18.87716
4361.03530,-3.92927,-4.69347,43.80696,5.87464,7.01100,12.05357,18.86775
4361.04530,-3.91534,-4.70001,43.79696,5.86964,7.00050,12.06857,18.85825
4361.05530,-3.88947,-4.68608,43.58874,5.86185,6.97373,12.01712,18.73604
4361.06530,-3.92385,-4.65765,43.58668,5.91133,6.97799,11.93218,18.76518
4361.07530,-3.93013,-4.65340,43.59186,5.91959,6.97939,11.91972,18.77316
4361.08530,-3.91734,-4.64938,43.53749,5.89043,7.00015,11.93949,18.70742
4361.09530,-3.90975,-4.63940,43.47634,5.86421,7.02730,11.94829,18.63654
4361.10530,-3.93324,-4.61451,43.45286,5.87959,7.05239,11.89972,18.62116
4361.11530,-3.94014,-4.60057,43.49643,5.91915,7.05239,11.87105,18.65384
4361.12530,-3.94527,-4.59021,43.52886,5.94859,7.05239,11.84972,18.67816
4361.13530,-3.95988,-4.58644,43.45757,5.91963,7.06724,11.83487,18.63583
4361.14530,-3.99717,-4.58411,43.40429,5.88761,7.08778,11.80774,18.62116
4361.15530,-4.00893,-4.58374,43.39386,5.87959,7.09339,11.79972,18.62116
4361.16530,-3.94256,-4.53048,43.38733,5.98696,7.08541,11.75619,18.55877
4361.17530,-3.88081,-4.49609,43.29541,6.02759,7.08239,11.73972,18.44571
4361.18530,-3.91537,-4.49841,43.16769,5.99182,7.07509,11.68862,18.41216
4361.19530,-3.92569,-4.51498,43.14903,5.98790,7.04202,11.67462,18.44450
4361.20530,-3.91776,-4.52925,43.16586,5.99759,7.01039,11.67972,18.47816
4361.21530,-3.97271,-4.53096,43.08495,5.94924,7.03111,11.64025,18.46435
4361.22530,-4.00145,-4.53143,42.98986,5.91855,7.03226,11.60359,18.43545
4361.23530,-3.95720,-4.52937,42.97086,5.94859,7.00039,11.60972,18.41216
4361.24530,-4.01561,-4.49387,43.01693,5.94859,7.08125,11.57051,18.41657
4361.25530,-4.07626,-4.45701,43.06486,5.94859,7.16539,11.52972,18.42116
4361.26530,-4.08317,-4.50378,43.00844,5.88163,7.12695,11.56692,18.43294
4361.27530,-4.08509,-4.51516,43.02780,5.88337,7.10959,11.57112,18.46372
4361.28530,-4.08368,-4.50455,43.06086,5.90959,7.11339,11.55972,18.47816
4361.29530,-4.09796,-4.49756,43.04262,5.90479,7.12587,11.54292,18.46904
4361.30530,-4.14693,-4.45840,42.96316,5.88339,7.19701,11.48352,18.39924
4361.31530,-4.14918,-4.44798,42.94986,5.87959,7.21639,11.47972,18.37416
4361.32530,-4.11625,-4.45187,42.99016,5.92237,7.17857,11.48592,18.40330
4361.33530,-4.09610,-4.45424,43.01486,5.94859,7.15539,11.48972,18.42116
4361.34530,-4.17103,-4.47714,42.95900,5.88843,7.15539,11.45289,18.46229
4361.35530,-4.14346,-4.48286,43.07087,5.88658,7.18040,11.52732,18.47657
4361.36530,-4.09591,-4.47732,43.16486,5.90959,7.19639,11.58972,18.46916
4361.37530,-4.11957,-4.47826,43.16707,5.92564,7.17923,11.55097,18.51123
4361.38530,-4.13866,-4.47902,43.16886,5.93859,7.16539,11.51972,18.54516
4361.39530,-4.12840,-4.48446,43.12818,5.91923,7.16211,11.53284,18.51400
4361.40530,-4.11181,-4.49325,43.06257,5.88802,7.15682,11.55401,18.46373
4361.41530,-4.10037,-4.49065,43.06919,5.89637,7.15539,11.55972,18.45771
4361.42530,-4.09903,-4.48969,43.07386,5.89959,7.15539,11.55972,18.45916
4361.43530,-4.10490,-4.49923,42.96486,5.86959,7.13439,11.53972,18.42116
4361.44530,-4.08398,-4.52600,42.86686,5.83059,7.09339,11.55972,18.38316
4361.45530,-4.08720,-4.52005,42.87136,5.83468,7.10185,11.55427,18.38057
4361.46530,-4.10044,-4.49451,42.88241,5.86059,7.12730,11.51972,18.37480
4361.47530,-4.05372,-4.51934,42.88194,5.88867,7.05239,11.53772,18.40316
4361.48530,-4.01182,-4.51702,42.97322,5.92815,7.04483,11.57692,18.42332
4361.49530,-4.02445,-4.53665,42.98986,5.90959,7.03139,11.58972,18.45916
4361.50530,-4.02892,-4.52455,42.90346,5.89519,7.04255,11.56452,18.40120
4361.51530,-4.02765,-4.49979,42.71854,5.86959,7.05879,11.51612,18.27404
4361.52530,-4.01115,-4.49420,42.66286,5.86959,7.05239,11.50972,18.23116
4361.53530,-4.01115,-4.49420,42.66286,5.86959,7.05239,11.50972,18.23116
4361.54530,-4.03964,-4.45471,42.78051,5.91902,7.11270,11.48006,18.26873
4361.55530,-4.03819,-4.46083,42.81745,5.92081,7.11067,11.49472,18.29125
4361.56530,-4.05848,-4.48974,43.05179,5.92608,7.12214,11.56460,18.43897
4361.57530,-4.13965,-4.45757,43.07486,5.91959,7.19639,11.49972,18.45916
4361.58530,-4.13965,-4.45757,43.07486,5.91959,7.19639,11.49972,18.45916
4361.59530,-4.22577,-4.50964,43.11381,5.87494,7.15443,11.47437,18.61008
4361.60530,-4.23346,-4.52082,43.13286,5.88959,7.12439,11.45972,18.65916
4361.61530,-4.23346,-4.52082,43.13286,5.88959,7.12439,11.45972,18.65916
4361.62530,-4.38978,-4.52463,43.19986,5.81059,7.21639,11.40972,18.76316
4361.63530,-4.37659,-4.52816,43.19131,5.80845,7.20926,11.42160,18.75199
4361.64530,-4.34108,-4.54596,43.18088,5.79699,7.18386,11.46432,18.73571
4361.65530,-4.36389,-4.56758,43.23786,5.78159,7.17539,11.47972,18.80116
4361.66530,-4.36389,-4.56758,43.23786,5.78159,7.17539,11.47972,18.80116
4361.67530,-4.43802,-4.51621,43.26625,5.76002,7.30296,11.43854,18.76473
4361.68530,-4.38667,-4.54196,43.31789,5.75348,7.27616,11.51697,18.77126
4361.69530,-4.36648,-4.55000,43.32815,5.75503,7.26242,11.53972,18.77098
4361.70530,-4.32544,-4.55451,43.29186,5.78159,7.21639,11.53972,18.75416
4361.71530,-4.32544,-4.55451,43.29186,5.78159,7.21639,11.53972,18.75416
4361.72530,-4.34027,-4.55822,43.40653,5.76755,7.25780,11.58477,18.79641
4361.73530,-4.30180,-4.50529,43.55486,5.82059,7.35039,11.62972,18.75416
4361.74530,-4.29509,-4.50434,43.55284,5.82296,7.34921,11.63328,18.74739
4361.75530,-4.24141,-4.50073,43.53642,5.84059,7.33350,11.66305,18.69927
4361.76530,-4.21026,-4.52777,43.52486,5.84059,7.27839,11.68972,18.71616
4361.77530,-4.20890,-4.52855,43.53739,5.84347,7.27781,11.69325,18.72287
4361.78530,-4.19659,-4.53559,43.65129,5.86967,7.27246,11.72533,18.78383
4361.79530,-4.18728,-4.54091,43.73786,5.88959,7.26839,11.74972,18.83016
4361.80530,-4.17289,-4.52989,43.77535,5.90546,7.28495,11.76352,18.82142
4361.81530,-4.13735,-4.49102,43.88042,5.95162,7.34527,11.79578,18.78775
4361.82530,-4.17863,-4.48396,43.81286,5.92859,7.36139,11.74972,18.77316
4361.83530,-4.17462,-4.48669,43.83701,5.93549,7.35656,11.75662,18.78834
4361.84530,-4.16125,-4.49582,43.91786,5.95859,7.34039,11.77972,18.83916
4361.85530,-4.13505,-4.49318,43.90105,5.94870,7.35028,11.80938,18.79269
4361.86530,-4.14396,-4.48983,44.04639,5.97829,7.37118,11.82952,18.86740
4361.87530,-4.14405,-4.48980,44.04786,5.97859,7.37139,11.82972,18.86816
4361.88530,-4.13951,-4.47095,44.11267,5.98570,7.42039,11.85343,18.85314
4361.89530,-4.17182,-4.46659,44.16603,5.99736,7.43339,11.83039,18.90488
4361.90530,-4.17259,-4.46660,44.16686,5.99759,7.43339,11.82972,18.90616
4361.91530,-4.18875,-4.47000,44.18854,5.98984,7.44114,11.82972,18.92784
4361.92530,-4.19346,-4.47100,44.19486,5.98759,7.44339,11.82972,18.93416
4361.93530,-4.20447,-4.46808,44.13230,6.01188,7.40574,11.76898,18.94570
4361.94530,-4.28330,-4.44639,44.09618,5.97791,7.47067,11.70812,18.93948
4361.95530,-4.31118,-4.43869,44.09786,5.95859,7.50539,11.69972,18.93416
4361.96530,-4.31217,-4.46096,44.03594,5.94139,7.46067,11.69112,18.94276
4361.97530,-4.36903,-4.46855,44.00006,5.91365,7.46285,11.64672,18.97684
4361.98530,-4.37826,-4.46919,43.99586,5.90959,7.46439,11.63972,18.98216
4361.99530,-4.38359,-4.46916,43.99564,5.90849,7.46549,11.63532,18.98634
4362.00530,-4.42669,-4.46888,43.99386,5.89959,7.47439,11.59972,19.02016
4362.01530,-4.41621,-4.47449,43.99386,5.89604,7.46712,11.61391,19.01679
4362.02530,-4.40784,-4.52500,43.92725,5.79690,7.44871,11.69503,18.98661
4362.03530,-4.42017,-4.53252,43.90686,5.77159,7.45339,11.69972,18.98216
4362.04530,-4.38473,-4.53494,43.93631,5.84030,7.38889,11.67869,19.02844
4362.05530,-4.36964,-4.53597,43.94886,5.86959,7.36139,11.66972,19.04816
4362.06530,-4.38908,-4.55242,43.94370,5.83060,7.36713,11.68692,19.05905
4362.07530,-4.40820,-4.59716,43.83651,5.73830,7.34120,11.71714,19.03987
4362.08530,-4.41157,-4.62074,43.76186,5.69259,7.31939,11.72972,19.02016
4362.09530,-4.41126,-4.59735,43.61386,5.68526,7.32745,11.67843,18.92271
4362.10530,-4.40970,-4.60352,43.63212,5.67595,7.33039,11.69659,18.92919
4362.11530,-4.40918,-4.60877,43.65786,5.67359,7.33039,11.70972,18.94416
4362.12530,-4.40735,-4.58688,43.61420,5.70245,7.33039,11.66532,18.91604
4362.13530,-4.40671,-4.57918,43.59886,5.71259,7.33039,11.64972,18.90616
4362.14530,-4.40671,-4.57918,43.59886,5.71259,7.33039,11.64972,18.90616
4362.15530,-4.34959,-4.66670,43.55635,5.63449,7.22858,11.76834,18.92494
4362.16530,-4.32653,-4.64201,43.71759,5.72082,7.23720,11.76972,18.98985
4362.17530,-4.32608,-4.64150,43.72086,5.72259,7.23739,11.76972,18.99116
4362.18530,-4.29152,-4.61842,43.70714,5.72259,7.27757,11.79911,18.90788
4362.19530,-4.25098,-4.64791,43.92786,5.76159,7.24739,11.88972,19.02916
4362.20530,-4.25293,-4.64214,43.94496,5.76749,7.25769,11.88872,19.03106
4362.21530,-4.25608,-4.58040,44.06270,5.83740,7.34198,11.86290,19.02041
4362.22530,-4.23638,-4.56667,44.01286,5.86059,7.33039,11.83972,18.98216
4362.23530,-4.21190,-4.57648,43.92699,5.84118,7.30517,11.84942,18.93122
4362.24530,-4.18582,-4.58693,43.83586,5.82059,7.27839,11.85972,18.87716
4362.25530,-4.19497,-4.59238,43.87277,5.81283,7.28668,11.87309,18.90016
4362.26530,-4.22356,-4.58961,43.94565,5.80954,7.31709,11.87675,18.94228
4362.27530,-4.22982,-4.55900,43.89686,5.84059,7.33039,11.81972,18.90616
4362.28530,-4.22121,-4.55792,43.83904,5.84422,7.31148,11.80154,18.88180
4362.29530,-4.20458,-4.56340,43.75232,5.84079,7.27839,11.78687,18.84627
4362.30530,-4.20050,-4.58329,43.79139,5.81430,7.27839,11.83323,18.86547
4362.31530,-4.18482,-4.58443,43.81846,5.82259,7.27599,11.85172,18.86816
4362.32530,-4.14291,-4.57990,43.87846,5.85592,7.26933,11.88505,18.86816
4362.33530,-4.15352,-4.57510,43.83368,5.84695,7.27412,11.86517,18.84743
4362.34530,-4.18658,-4.56805,43.67846,5.81059,7.27752,11.80546,18.78488
4362.35530,-4.15585,-4.57945,43.64122,5.81059,7.24454,11.82142,18.76467
4362.36530,-4.13760,-4.56859,43.66119,5.83336,7.24855,11.82512,18.75416
4362.37530,-4.12519,-4.51933,43.78055,5.90959,7.30267,11.80972,18.75857
4362.38530,-4.12147,-4.54703,43.71850,5.89303,7.24739,11.80492,18.77316
4362.39530,-4.15482,-4.56712,43.67674,5.84514,7.24426,11.80227,18.78508
4362.40530,-4.12745,-4.58088,43.78459,5.86409,7.23118,11.85456,18.83475
4362.41530,-4.11614,-4.58608,43.81908,5.86821,7.22739,11.87585,18.84763
4362.42530,-4.10132,-4.59138,43.83308,5.86221,7.22739,11.90252,18.84096
4362.43530,-4.21061,-4.60123,43.72686,5.79159,7.24739,11.81972,18.86816
4362.44530,-4.20889,-4.59777,43.72977,5.79910,7.24739,11.81512,18.86816
4362.45530,-4.20140,-4.58271,43.74244,5.83177,7.24739,11.79512,18.86816
4362.46530,-4.19794,-4.58198,43.72597,5.83625,7.23939,11.78750,18.86283
4362.47530,-4.18853,-4.60913,43.57913,5.79886,7.18098,11.77517,18.82411
4362.48530,-4.20249,-4.61174,43.65686,5.78159,7.21639,11.80972,18.84916
4362.49530,-4.20249,-4.61174,43.65686,5.78159,7.21639,11.80972,18.84916
4362.50530,-4.25904,-4.60300,43.63169,5.76481,7.24240,11.75938,18.86510
4362.51530,-4.23087,-4.64684,43.65954,5.73665,7.19493,11.82712,18.90084
4362.52530,-4.22453,-4.65424,43.66486,5.73259,7.18639,11.83972,18.90616
4362.53530,-4.19816,-4.59472,43.74398,5.80827,7.24831,11.82252,18.86488
4362.54530,-4.19387,-4.58505,43.75686,5.82059,7.25839,11.81972,18.85816
4362.55530,-4.27357,-4.62916,43.81222,5.74249,7.26828,11.83949,18.96195
4362.56530,-4.25285,-4.60354,43.97986,5.82059,7.28939,11.84972,19.02016
4362.57530,-4.26818,-4.59959,43.98010,5.81591,7.30175,11.83892,19.02352
4362.58530,-4.38064,-4.57067,43.98186,5.78159,7.39239,11.75972,19.04816
4362.59530,-4.36718,-4.57261,43.99693,5.78808,7.38667,11.77292,19.04926
4362.60530,-4.26569,-4.58966,44.11798,5.83190,7.34611,11.88082,19.05915
4362.61530,-4.32317,-4.60098,44.11086,5.76159,7.39239,11.88972,19.06716
4362.62530,-4.32317,-4.60098,44.11086,5.76159,7.39239,11.88972,19.06716
4362.63530,-4.32249,-4.61695,44.06686,5.75313,7.35685,11.88126,19.07562
4362.64530,-4.31889,-4.60080,44.00104,5.79079,7.33079,11.82092,19.05854
4362.65530,-4.31882,-4.60041,43.99986,5.79159,7.33039,11.81972,19.05816
4362.66530,-4.28498,-4.57615,44.01386,5.80159,7.37139,11.84972,18.99116
4362.67530,-4.29824,-4.58136,44.04749,5.80159,7.37139,11.84972,19.02479
4362.68530,-4.31328,-4.60582,43.99879,5.75809,7.35312,11.85842,19.02916
4362.69530,-4.30967,-4.56801,44.10483,5.80292,7.41303,11.85972,19.02916
4362.70530,-4.30884,-4.56185,44.12186,5.81059,7.42239,11.85972,19.02916
4362.71530,-4.29404,-4.57084,43.98440,5.80537,7.36903,11.82492,18.98508
4362.72530,-4.31499,-4.58063,43.83502,5.74948,7.36135,11.79972,18.92447
4362.73530,-4.32529,-4.58169,43.81886,5.73259,7.37139,11.79972,18.91516
4362.74530,-4.32715,-4.59344,43.79419,5.72671,7.34731,11.79385,18.92632
4362.75530,-4.32845,-4.60171,43.77686,5.72259,7.33039,11.78972,18.93416
4362.76530,-4.27770,-4.61195,43.81312,5.73665,7.30745,11.84152,18.92750
4362.77530,-4.22283,-4.60989,43.86138,5.78599,7.27645,11.86712,18.93182
4362.78530,-4.20983,-4.60790,43.87386,5.80159,7.26839,11.86972,18.93416
4362.79530,-4.17494,-4.61034,43.80008,5.81337,7.22995,11.86352,18.89324
4362.80530,-4.21934,-4.64454,43.78462,5.74123,7.23181,11.88452,18.92706
4362.81530,-4.25965,-4.66456,43.80286,5.69259,7.24739,11.89972,18.96316
4362.82530,-4.22885,-4.64657,43.89338,5.76017,7.24119,11.89972,18.99230
4362.83530,-4.20541,-4.63378,43.93720,5.80159,7.23739,11.89972,18.99850
4362.84530,-4.18240,-4.67032,43.87933,5.76462,7.18687,11.93669,18.99116
4362.85530,-4.19343,-4.71326,43.78710,5.69323,7.14857,11.95972,18.98558
4362.86530,-4.20791,-4.72519,43.74986,5.66359,7.14439,11.95972,18.98216
4362.87530,-4.20791,-4.72519,43.74986,5.66359,7.14439,11.95972,18.98216
4362.88530,-4.18510,-4.71416,43.73283,5.68828,7.13588,11.95121,18.95747
4362.89530,-4.10473,-4.75375,43.65099,5.68493,7.03944,12.00256,18.92406
4362.90530,-4.08131,-4.76647,43.62686,5.68259,7.01039,12.01872,18.91516
4362.91530,-4.08551,-4.72948,43.56640,5.70471,7.04136,11.96784,18.85248
4362.92530,-4.08701,-4.71628,43.54486,5.71259,7.05239,11.94972,18.83016
4362.93530,-4.14348,-4.74409,43.43220,5.64465,7.03433,11.91532,18.83790
4362.94530,-4.18944,-4.74098,43.43165,5.65336,7.03139,11.86029,18.88661
4362.95530,-4.15122,-4.75941,43.47758,5.64639,7.01663,11.92416,18.89040
4362.96530,-4.08966,-4.77007,43.63734,5.66563,7.02351,12.03152,18.91668
4362.97530,-4.10195,-4.73087,43.77686,5.72259,7.08239,12.01872,18.95316
4362.98530,-4.08241,-4.70230,43.82474,5.77265,7.10126,12.00784,18.94300
4362.99530,-4.03908,-4.66567,43.88611,5.86059,7.10184,11.98872,18.93496
4363.00530,-4.02832,-4.69451,43.83325,5.84998,7.04139,11.98872,18.95316
4363.01530,-4.04266,-4.70525,43.79826,5.81163,7.04883,11.99832,18.93948
4363.02530,-4.05096,-4.71529,43.75493,5.75896,7.06950,12.02499,18.90148
4363.03530,-4.04008,-4.70165,43.75231,5.77206,7.08182,12.02182,18.87661
4363.04530,-4.00081,-4.65099,43.75503,5.83594,7.11595,11.99872,18.80442
4363.05530,-4.00424,-4.65009,43.72586,5.82059,7.12439,11.99872,18.78216
4363.06530,-3.99759,-4.63763,43.73759,5.84336,7.12899,11.98745,18.77779
4363.07530,-3.97583,-4.59215,43.74601,5.91772,7.14439,11.93850,18.74540
4363.08530,-3.97797,-4.57546,43.61186,5.90959,7.14439,11.88972,18.66816
4363.09530,-3.97212,-4.57095,43.62436,5.91934,7.14702,11.89097,18.66703
4363.10530,-3.93123,-4.53944,43.71186,5.98759,7.16539,11.89972,18.65916
4363.11530,-3.93123,-4.53944,43.71186,5.98759,7.16539,11.89972,18.65916
4363.12530,-3.99638,-4.53405,43.69040,5.97192,7.18493,11.84087,18.69268
4363.13530,-4.02287,-4.50606,43.84086,5.99759,7.25839,11.84972,18.73516
4363.14530,-4.02287,-4.50606,43.84086,5.99759,7.25839,11.84972,18.73516
4363.15530,-3.91597,-4.51996,43.62786,5.97859,7.18639,11.88972,18.57316
4363.16530,-3.92196,-4.52617,43.61954,5.96915,7.18143,11.88972,18.57924
4363.17530,-3.94694,-4.55209,43.58487,5.92981,7.16077,11.88972,18.60457
4363.18530,-4.00277,-4.54326,43.47686,5.91959,7.15539,11.79972,18.60216
4363.19530,-3.98930,-4.54193,43.49767,5.93151,7.15226,11.80982,18.60408
4363.20530,-3.87224,-4.53207,43.69125,6.03432,7.12657,11.90408,18.62628
4363.21530,-3.89130,-4.54748,43.75986,6.00759,7.14439,11.93972,18.66816
4363.22530,-3.88952,-4.55236,43.76036,6.00659,7.13619,11.94272,18.67486
4363.23530,-3.87354,-4.59620,43.76486,5.99759,7.06239,11.96972,18.73516
4363.24530,-3.87387,-4.59738,43.75277,5.99390,7.06020,11.96812,18.73056
4363.25530,-3.87717,-4.60928,43.63192,5.95700,7.03828,11.95207,18.68457
4363.26530,-3.87997,-4.61845,43.52306,5.92650,7.01884,11.93507,18.64265
4363.27530,-3.88081,-4.61836,43.47086,5.91959,7.01039,11.91972,18.62116
4363.28530,-3.87590,-4.62352,43.46762,5.90879,7.01039,11.93412,18.61432
4363.29530,-3.82668,-4.64523,43.38324,5.89786,6.95495,11.95972,18.57071
4363.30530,-3.76907,-4.66305,43.27186,5.90959,6.87639,11.95972,18.52616
4363.31530,-3.79793,-4.68517,43.31191,5.87939,6.87639,11.97759,18.57853
4363.32530,-3.81587,-4.69893,43.33686,5.86059,6.87639,11.98872,18.61116
4363.33530,-3.83953,-4.66503,43.44820,5.90409,6.93022,11.96734,18.64655
4363.34530,-3.82376,-4.64619,43.56772,5.92618,6.97943,12.01027,18.65183
4363.35530,-3.81497,-4.64372,43.59686,5.92859,6.99039,12.02872,18.64916
4363.36530,-3.77957,-4.60195,43.67512,6.00513,7.01705,12.02012,18.63282
4363.37530,-3.75820,-4.59979,43.62911,6.01759,6.99500,12.01021,18.60632
4363.38530,-3.75547,-4.60060,43.61886,6.01759,6.99039,12.00872,18.60216
4363.39530,-3.80197,-4.54225,43.71721,6.04217,7.10702,11.97783,18.59018
4363.40530,-3.82913,-4.50816,43.77486,6.05659,7.17539,11.95972,18.58316
4363.41530,-3.78099,-4.51951,43.75441,6.05659,7.14744,11.99995,18.55043
4363.42530,-3.80792,-4.49795,43.86777,6.08568,7.19403,11.99036,18.59771
4363.43530,-3.82638,-4.48792,43.91386,6.09659,7.21639,11.97972,18.62116
4363.44530,-3.79915,-4.48216,43.82918,6.09659,7.20179,11.97242,18.55838
4363.45530,-3.83741,-4.50191,43.77596,6.06301,7.18131,11.94539,18.58626
4363.46530,-3.88846,-4.52502,43.75286,6.02759,7.16539,11.91972,18.64016
4363.47530,-3.86048,-4.50951,43.76672,6.06848,7.15846,11.91279,18.62699
4363.48530,-3.84810,-4.50264,43.77286,6.08659,7.15539,11.90972,18.62116
4363.49530,-3.83093,-4.49927,43.79427,6.09425,7.16068,11.92823,18.61111
4363.50530,-3.80991,-4.49943,43.82113,6.08736,7.17539,11.96745,18.59093
4363.51530,-3.84851,-4.51322,43.77386,6.04659,7.17539,11.94972,18.60216
4363.52530,-3.86696,-4.54474,43.68644,5.99823,7.13695,11.94352,18.60774
4363.53530,-3.84408,-4.57653,43.71021,5.98025,7.10112,11.99435,18.63449
4363.54530,-3.82261,-4.58432,43.75886,5.98759,7.09339,12.02872,18.64916
4363.55530,-3.82261,-4.58432,43.75886,5.98759,7.09339,12.02872,18.64916
4363.56530,-3.78317,-4.62549,43.78586,5.97859,7.03139,12.08872,18.68716
4363.57530,-3.79009,-4.62450,43.82312,5.97859,7.04437,12.09709,18.70307
4363.58530,-3.78791,-4.65452,43.77584,5.94967,7.00161,12.10872,18.71585
4363.59530,-3.77561,-4.68732,43.67286,5.91959,6.93839,12.10872,18.70616
4363.60530,-3.75693,-4.67260,43.70742,5.93831,6.95807,12.12312,18.68792
4363.61530,-3.74379,-4.66615,43.71905,5.94336,6.96881,12.13614,18.67074
4363.62530,-3.75853,-4.68593,43.66529,5.91164,6.94677,12.13076,18.67612
4363.63530,-3.76414,-4.69346,43.64486,5.89959,6.93839,12.12872,18.67816
4363.64530,-3.74522,-4.70816,43.61639,5.87769,6.92379,12.15792,18.65699
4363.65530,-3.73822,-4.71361,43.60586,5.86959,6.91839,12.16872,18.64916
4363.66530,-3.76815,-4.71450,43.55598,5.84465,6.92699,12.14292,18.64142
4363.67530,-3.75364,-4.71399,43.64586,5.86059,6.93839,12.17872,18.66816
4363.68530,-3.75394,-4.70708,43.65750,5.87461,6.94101,12.16922,18.67267
4363.69530,-3.75511,-4.68028,43.69486,5.92396,6.95399,12.13412,18.68279
4363.70530,-3.75587,-4.66461,43.69486,5.93859,6.96939,12.11872,18.66816
4363.71530,-3.75866,-4.66512,43.69006,5.93859,6.96699,12.11392,18.67056
4363.72530,-3.76751,-4.66675,43.67486,5.93859,6.95939,12.09872,18.67816
4363.73530,-3.74770,-4.66053,43.64918,5.95275,6.94955,12.09392,18.65296
4363.74530,-3.70040,-4.63151,43.58250,5.99999,6.93807,12.06672,18.57772
4363.75530,-3.74965,-4.60216,43.62886,6.00759,7.00039,12.02872,18.59216
4363.76530,-3.74760,-4.60682,43.63156,6.00600,6.99388,12.03349,18.59820
4363.77530,-3.73908,-4.62622,43.64282,5.99937,6.96672,12.05336,18.62337
4363.78530,-3.76411,-4.64292,43.77951,5.99524,6.97939,12.08872,18.71616
4363.79530,-3.77272,-4.64433,43.77777,5.98435,6.98707,12.09020,18.71616
4363.80530,-3.76788,-4.62301,43.84556,6.01052,7.02197,12.09691,18.71616
4363.81530,-3.76226,-4.61876,43.85548,6.02052,7.02311,12.09670,18.71515
4363.82530,-3.72302,-4.62960,43.77934,6.04039,6.95976,12.08504,18.69415
4363.83530,-3.71787,-4.61297,43.76886,5.99759,7.03139,12.12872,18.61116
4363.84530,-3.71787,-4.61297,43.76886,5.99759,7.03139,12.12872,18.61116
4363.85530,-3.70803,-4.65198,43.74486,5.98759,6.95939,12.13872,18.65916
4363.86530,-3.71100,-4.64982,43.76361,5.99235,6.96432,12.13872,18.66822
4363.87530,-3.72335,-4.64084,43.84176,6.01222,6.98485,12.13872,18.70597
4363.88530,-3.68866,-4.63306,43.96286,6.03759,7.01039,12.19872,18.71616
4363.89530,-3.68859,-4.63571,43.93886,6.02992,7.00584,12.19650,18.70660
4363.90530,-3.68740,-4.65770,43.73607,5.96859,6.96482,12.17491,18.62775
4363.91530,-3.68188,-4.66370,43.64612,5.96859,6.92673,12.14316,18.60764
4363.92530,-3.66169,-4.65554,43.61638,6.00223,6.89991,12.11752,18.59672
4363.93530,-3.75372,-4.69408,43.54686,5.88959,6.91839,12.10872,18.63016
4363.94530,-3.74744,-4.69081,43.54615,5.89561,6.91839,12.10872,18.62343
4363.95530,-3.68739,-4.66299,43.53970,5.95096,6.91429,12.11109,18.56337
4363.96530,-3.64759,-4.67036,43.53839,5.97069,6.88008,12.13083,18.55679
4363.97530,-3.63167,-4.67331,43.53786,5.97859,6.86639,12.13872,18.55416
4363.98530,-3.65191,-4.66611,43.46570,5.95341,6.88401,12.11355,18.51472
4363.99530,-3.65580,-4.66472,43.45186,5.94859,6.88739,12.10872,18.50716
4364.00530,-3.69687,-4.67805,43.44756,5.93999,6.86933,12.07432,18.56392
4364.01530,-3.73318,-4.61327,43.58954,5.96790,7.00712,12.06872,18.54580
4364.02530,-3.73387,-4.61172,43.59286,5.96859,7.01039,12.06872,18.54516
4364.03530,-3.71248,-4.64087,43.56808,5.95732,6.95858,12.09125,18.56093
4364.04530,-3.66540,-4.64091,43.58394,6.02151,6.89901,12.08103,18.58239
4364.05530,-3.66286,-4.63903,43.58686,6.02759,6.89739,12.07872,18.58316
4364.06530,-3.70071,-4.61484,43.56673,6.01210,6.95314,12.04775,18.55374
4364.07530,-3.71759,-4.65946,43.37353,5.93266,6.89021,12.03021,18.52047
4364.08530,-3.71861,-4.66852,43.34086,5.91959,6.87639,12.02872,18.51616
4364.09530,-3.74477,-4.65372,43.40278,5.94195,6.90047,12.00579,18.55457
4364.10530,-3.76418,-4.64274,43.44886,5.95859,6.91839,11.98872,18.58316
4364.11530,-3.78995,-4.63130,43.43204,5.96700,6.92680,11.94752,18.59073
4364.12530,-3.80834,-4.63250,43.48284,5.95486,6.95172,11.96213,18.61412
4364.13530,-3.82401,-4.63640,43.54560,5.93891,6.97885,11.98820,18.63965
4364.14530,-3.80681,-4.60897,43.53956,6.00356,6.96479,11.93835,18.63286
4364.15530,-3.80033,-4.59879,43.53686,6.02759,6.95939,11.91972,18.63016
4364.16530,-3.84565,-4.59965,43.52518,5.96992,7.01195,11.92702,18.61629
4364.17530,-3.86209,-4.62861,43.50390,5.92720,6.99305,11.94447,18.63918
4364.18530,-3.86198,-4.63882,43.49786,5.91959,6.97939,11.94972,18.64916
4364.19530,-3.85218,-4.62241,43.50871,5.93883,6.99469,11.94479,18.63041
4364.20530,-3.83976,-4.62253,43.51410,5.94419,6.99071,11.95412,18.62508
4364.21530,-3.83720,-4.64090,43.50786,5.92859,6.96939,11.96972,18.64016
4364.22530,-3.85751,-4.62696,43.57605,5.94002,7.00482,11.96591,18.66530
4364.23530,-3.89037,-4.60440,43.68686,5.95859,7.06239,11.95972,18.70616
4364.24530,-3.89485,-4.62534,43.59627,5.93503,7.01891,11.94160,18.70072
4364.25530,-3.90304,-4.63759,43.54972,5.90734,7.00937,11.94196,18.69104
4364.26530,-3.90636,-4.63662,43.55786,5.89959,7.02139,11.94972,18.68716
4364.27530,-3.89340,-4.59921,43.58409,5.94778,7.05250,11.92532,18.65849
4364.28530,-3.94506,-4.59391,43.55450,5.94809,7.05348,11.86092,18.69201
4364.29530,-3.98344,-4.60582,43.52486,5.92859,7.04139,11.82972,18.72516
4364.30530,-3.97016,-4.60606,43.54263,5.92495,7.04988,11.85396,18.71385
4364.31530,-3.95059,-4.60641,43.56886,5.91959,7.06239,11.88972,18.69716
4364.32530,-3.95481,-4.62305,43.54363,5.90018,7.04250,11.89457,18.70638
4364.33530,-3.95903,-4.62208,43.52821,5.89481,7.04514,11.88940,18.69887
4364.34530,-3.95848,-4.58326,43.55187,5.92653,7.09460,11.86789,18.66285
4364.35530,-3.95460,-4.53331,43.53836,5.97809,7.13439,11.81472,18.61116
4364.36530,-3.94688,-4.51612,43.47950,5.98975,7.13778,11.78677,18.56521
4364.37530,-3.93875,-4.55234,43.40677,5.93406,7.10255,11.82086,18.54930
4364.38530,-3.93664,-4.56178,43.38786,5.91959,7.09339,11.82972,18.54516
4364.39530,-3.92482,-4.50760,43.40791,6.02132,7.10082,11.74804,18.53773
4364.40530,-3.92072,-4.48883,43.41486,6.05659,7.10339,11.71972,18.53516
4364.41530,-3.92392,-4.47637,43.42269,6.09139,7.09469,11.68492,18.55169
4364.42530,-4.00157,-4.46699,43.34386,6.06659,7.11339,11.59972,18.56416
4364.43530,-4.00157,-4.46699,43.34386,6.06659,7.11339,11.59972,18.56416
4364.44530,-4.04444,-4.42728,43.25041,6.04659,7.18030,11.53881,18.48471
4364.45530,-4.07856,-4.39156,43.11486,6.04659,7.20639,11.44972,18.41216
4364.46530,-4.07755,-4.38212,43.09414,6.05029,7.21416,11.43862,18.39107
4364.47530,-4.07582,-4.36603,43.05886,6.05659,7.22739,11.41972,18.35516
4364.48530,-4.07851,-4.35868,43.04770,6.07099,7.22343,11.39812,18.35516
4364.49530,-4.09739,-4.34682,43.04466,6.08459,7.23127,11.36452,18.36428
4364.50530,-4.13649,-4.35023,43.09133,6.05125,7.27261,11.37785,18.38961
4364.51530,-4.13933,-4.34308,43.18880,6.07012,7.29743,11.39558,18.42568
4364.52530,-4.13209,-4.32203,43.44186,6.13559,7.35039,11.43972,18.51616
4364.53530,-4.13209,-4.32203,43.44186,6.13559,7.35039,11.43972,18.51616
4364.54530,-4.22555,-4.32118,43.52528,6.10979,7.40371,11.40532,18.60646
4364.55530,-4.26918,-4.29260,43.78006,6.18368,7.46380,11.38983,18.74275
4364.56530,-4.27665,-4.29731,43.76881,6.17174,7.46320,11.38972,18.74416
4364.57530,-4.34629,-4.33825,43.63064,6.05532,7.45822,11.38052,18.73657
4364.58530,-4.43208,-4.33520,43.45186,5.96859,7.49539,11.30972,18.67816
4364.59530,-4.41588,-4.33424,43.42834,5.97310,7.48541,11.31210,18.65772
4364.60530,-4.36380,-4.33116,43.35286,5.98759,7.45339,11.31972,18.59216
4364.61530,-4.37172,-4.33739,43.34358,5.98037,7.44588,11.31530,18.60203
4364.62530,-4.40476,-4.36339,43.30493,5.95031,7.41460,11.29690,18.64313
4364.63530,-4.40721,-4.41441,43.53986,5.95859,7.38139,11.37972,18.82016
4364.64530,-4.40994,-4.41788,43.54426,5.95210,7.38260,11.38522,18.82434
4364.65530,-4.43356,-4.44525,43.57557,5.89959,7.39239,11.42642,18.85717
4364.66530,-4.44639,-4.43971,43.54086,5.89959,7.39239,11.39972,18.84916
4364.67530,-4.44383,-4.43744,43.52598,5.90271,7.38905,11.39325,18.84096
4364.68530,-4.42262,-4.41863,43.40286,5.92859,7.36139,11.33972,18.77316
4364.69530,-4.42262,-4.41863,43.40286,5.92859,7.36139,11.33972,18.77316
4364.70530,-4.41382,-4.45722,43.24806,5.86979,7.29959,11.34572,18.73296
4364.71530,-4.37414,-4.50011,43.06227,5.81012,7.22169,11.37090,18.65957
4364.72530,-4.36003,-4.50721,43.02786,5.80159,7.20639,11.37972,18.64016
4364.73530,-4.29973,-4.51633,42.77362,5.77641,7.13759,11.36294,18.49668
4364.74530,-4.11037,-4.55770,42.67412,5.79739,7.00915,11.48872,18.37886
4364.75530,-4.08140,-4.56416,42.66586,5.80159,6.99039,11.50972,18.36416
4364.76530,-4.00482,-4.55584,42.93667,5.89845,6.99039,11.59867,18.44916
4364.77530,-4.00393,-4.55574,42.93986,5.89959,6.99039,11.59972,18.45016
4364.78530,-3.95633,-4.57530,42.63296,5.81148,6.94980,11.60962,18.26206
4364.79530,-3.78725,-4.59018,42.60907,5.87890,6.84742,11.69882,18.18393
4364.80530,-3.78555,-4.59033,42.60886,5.87959,6.84639,11.69972,18.18316
4364.81530,-3.65407,-4.55046,42.61197,5.97914,6.82228,11.73083,18.07972
4364.82530,-3.58457,-4.52366,42.65833,5.97892,6.88657,11.81880,17.97405
4364.83530,-3.58419,-4.52348,42.65886,5.97859,6.88739,11.81972,17.97316
4364.84530,-3.51973,-4.51734,42.74191,6.02354,6.87901,11.87305,17.96630
4364.85530,-3.49963,-4.51542,42.76786,6.03759,6.87639,11.88972,17.96416
4364.86530,-3.35446,-4.52228,42.78228,6.07627,6.82919,12.00052,17.87631
4364.87530,-3.15232,-4.53014,42.96792,6.15001,6.79665,12.20582,17.81545
4364.88530,-3.11578,-4.53137,43.01986,6.16559,6.79439,12.24872,17.81116
4364.89530,-3.05547,-4.50111,43.05856,6.19913,6.82965,12.29172,17.73806
4364.90530,-2.93360,-4.53970,42.92640,6.20459,6.71155,12.35032,17.65994
4364.91530,-2.87662,-4.52170,42.97151,6.27224,6.69139,12.35872,17.64916
4364.92530,-2.69028,-4.49891,43.16586,6.35859,6.70682,12.54239,17.55806
4364.93530,-2.63362,-4.49742,43.21786,6.37159,6.71239,12.60872,17.52516
4364.94530,-2.45570,-4.48980,43.27924,6.44123,6.67580,12.74387,17.41834
4364.95530,-2.00249,-4.45453,43.53590,6.67245,6.58972,13.08210,17.19163
4364.96530,-1.94126,-4.44896,43.57586,6.70659,6.57839,13.12772,17.16316
4364.97530,-1.75263,-4.45218,43.51872,6.72016,6.54125,13.27772,16.97959
4364.98530,-1.67704,-4.45347,43.49586,6.72559,6.52639,13.33772,16.90616
4364.99530,-1.49724,-4.43776,43.42586,6.79903,6.46156,13.41231,16.75296
4365.00530,-1.10845,-4.44983,43.34226,6.92759,6.28452,13.63401,16.49615
4365.01530,-1.05675,-4.45466,43.33586,6.94259,6.25839,13.66772,16.46716
4365.02530,-0.87869,-4.43704,43.29570,6.99308,6.22913,13.77616,16.29732
4365.03530,-0.74621,-4.42392,43.26586,7.03059,6.20739,13.85672,16.17116
4365.04530,-0.60467,-4.43044,43.20806,7.04759,6.16036,13.95305,16.04706
4365.05530,-0.32788,-4.42444,43.14683,7.14903,6.05156,14.09767,15.84858
4365.06530,-0.14018,-4.41217,43.12786,7.24759,5.97039,14.17672,15.73316
4365.07530,0.04639,-4.41949,43.11841,7.27595,5.92530,14.32945,15.58771
4365.08530,0.22470,-4.38528,43.14657,7.37360,5.90102,14.42359,15.44836
4365.09530,0.26324,-4.37213,43.15786,7.40459,5.89839,14.43672,15.41816
4365.10530,0.32857,-4.35093,42.92853,7.41924,5.85297,14.37078,15.28555
4365.11530,0.35258,-4.34314,42.84486,7.42459,5.83639,14.34672,15.23716
4365.12530,0.35258,-4.34314,42.84486,7.42459,5.83639,14.34672,15.23716
4365.13530,0.53713,-4.18388,42.69047,7.68788,5.82350,14.18692,14.99217
4365.14530,0.54859,-4.15939,42.65186,7.72959,5.81539,14.13672,14.97016
4365.15530,0.58726,-4.12495,42.56463,7.75948,5.82210,14.10012,14.88293
4365.16530,0.59962,-4.06496,42.70833,7.85057,5.88922,14.09502,14.87352
4365.17530,0.59172,-4.04092,42.83586,7.89659,5.92939,14.10672,14.90316
4365.18530,0.58691,-4.01838,42.87839,7.92412,5.95798,14.09626,14.90002
4365.19530,0.57904,-3.98152,42.94810,7.96927,6.00483,14.07912,14.89488
4365.20530,0.57794,-3.97637,42.95786,7.97559,6.01139,14.07672,14.89416
4365.21530,0.63852,-3.93493,43.15825,8.12906,6.00162,14.08650,14.94108
4365.22530,0.75118,-3.88749,43.25386,8.24059,6.01139,14.13672,14.86516
4365.23530,0.80044,-3.87621,43.43482,8.30203,6.03107,14.21832,14.88340
4365.24530,0.93939,-3.84436,43.62846,8.42043,6.03751,14.34032,14.83020
4365.25530,1.03261,-3.82298,43.62586,8.47659,6.02139,14.37672,14.75116
4365.26530,1.08270,-3.82108,43.58458,8.48139,6.00651,14.40072,14.69596
4365.27530,1.13708,-3.81901,43.53986,8.48659,5.99039,14.42672,14.63616
4365.28530,1.19295,-3.82612,43.43337,8.48659,5.94144,14.42672,14.57862
4365.29530,1.31023,-3.84105,43.21152,8.48659,5.83945,14.42672,14.45876
4365.30530,1.38823,-3.87831,43.17986,8.40859,5.83639,14.56572,14.36916
4365.31530,1.42975,-3.89350,43.18562,8.41147,5.80663,14.60732,14.36020
4365.32530,1.51623,-3.92515,43.19762,8.41747,5.74463,14.69399,14.34153
4365.33530,1.71771,-3.96319,43.21586,8.47659,5.61939,14.84572,14.27416
4365.34530,1.77357,-3.98331,43.23338,8.46393,5.59960,14.92360,14.24625
4365.35530,1.88742,-4.02434,43.26914,8.43810,5.55920,15.08254,14.18930
4365.36530,2.00073,-4.04677,43.44217,8.48127,5.52927,15.24711,14.18452
4365.37530,2.26072,-4.09681,43.72512,8.55492,5.45091,15.59055,14.12874
4365.38530,2.46903,-4.13615,43.78737,8.57479,5.37541,15.81571,14.02145
4365.39530,2.58490,-4.13447,43.77022,8.57968,5.36830,15.91840,13.90384
4365.40530,2.74041,-4.12976,43.74186,8.58559,5.36239,16.05372,13.74016
4365.41530,2.81766,-4.14741,43.68231,8.59654,5.29863,16.08715,13.69999
4365.42530,3.10885,-4.19325,43.54541,8.63686,5.12721,16.26231,13.51902
4365.43530,3.24232,-4.19387,43.56786,8.65459,5.11539,16.39172,13.40616
4365.44530,3.24232,-4.19387,43.56786,8.65459,5.11539,16.39172,13.40616
4365.45530,3.42458,-4.20202,43.50968,8.69580,5.04024,16.50020,13.27343
4365.46530,3.67112,-4.25339,43.41871,8.70507,4.90442,16.68547,13.12374
4365.47530,3.75510,-4.28366,43.38386,8.69359,4.84739,16.76072,13.08216
4365.48530,3.89005,-4.28705,43.45875,8.72318,4.83471,16.91050,12.99036
4365.49530,3.97828,-4.28927,43.50786,8.74259,4.82639,17.00872,12.93016
4365.50530,4.06779,-4.31978,43.47947,8.72507,4.77687,17.09931,12.87822
4365.51530,4.20129,-4.34163,43.64362,8.78807,4.72301,17.26838,12.86416
4365.52530,4.24036,-4.35688,43.76499,8.80335,4.71604,17.36504,12.88056
4365.53530,4.28630,-4.38975,43.87458,8.77167,4.71832,17.50880,12.87579
4365.54530,4.37055,-4.36984,43.87660,8.82469,4.70423,17.54236,12.80532
4365.55530,4.38150,-4.36726,43.87686,8.83159,4.70239,17.54672,12.79616
4365.56530,4.37287,-4.36002,44.02286,8.89059,4.70239,17.56672,12.86316
4365.57530,4.35040,-4.37623,44.01027,8.86255,4.69526,17.56434,12.88811
4365.58530,4.27246,-4.43222,43.99472,8.76562,4.67936,17.57275,12.97699
4365.59530,4.25356,-4.44520,44.07686,8.74259,4.70239,17.62572,13.00616
4365.60530,4.24139,-4.44357,44.08461,8.74259,4.70791,17.61797,13.01615
4365.61530,4.18851,-4.43649,44.11833,8.74259,4.73191,17.58425,13.05958
4365.62530,4.13339,-4.45677,44.17986,8.73059,4.72339,17.57672,13.14916
4365.63530,4.06888,-4.48340,44.12258,8.64355,4.74147,17.56392,13.17364
4365.64530,3.92618,-4.48047,44.20058,8.59755,4.81681,17.51059,13.27564
4365.65530,3.86943,-4.48330,44.21624,8.57261,4.84101,17.48682,13.31580
4365.66530,3.69061,-4.51370,44.16865,8.45885,4.88144,17.39012,13.43824
4365.67530,3.51769,-4.52598,44.07579,8.37938,4.90912,17.23923,13.54806
4365.68530,3.51596,-4.52611,44.07486,8.37859,4.90939,17.23772,13.54916
4365.69530,3.14994,-4.54122,43.96586,8.16259,5.06339,17.01872,13.72116
4365.70530,3.12024,-4.54270,43.98049,8.15390,5.07362,17.00563,13.74734
4365.71530,2.85454,-4.55467,44.11529,8.07640,5.16849,16.88953,13.98087
4365.72530,2.61731,-4.55476,44.26462,8.01107,5.27849,16.79686,14.17820
4365.73530,2.52522,-4.55479,44.32286,7.98559,5.32139,16.76072,14.25516
4365.74530,2.18066,-4.61136,44.31729,7.81387,5.38149,16.57667,14.54526
4365.75530,1.87210,-4.62522,44.26662,7.68921,5.46415,16.35800,14.75526
4365.76530,1.75157,-4.63064,44.24686,7.64059,5.49639,16.27272,14.83716
4365.77530,1.23528,-4.62646,44.24986,7.45359,5.69239,15.93372,15.17016
4365.78530,1.23528,-4.62646,44.24986,7.45359,5.69239,15.93372,15.17016
4365.79530,0.76224,-4.62304,44.23028,7.25290,5.89389,15.64085,15.44263
4365.80530,0.17501,-4.65552,44.30692,6.99407,6.11238,15.33847,15.86200
4365.81530,0.16943,-4.65591,44.30786,6.99159,6.11439,15.33572,15.86616
4365.82530,0.06287,-4.65373,44.28218,6.95847,6.14415,15.24692,15.93264
4365.83530,-0.27539,-4.64680,44.20086,6.85359,6.23839,14.96572,16.14316
4365.84530,-0.36916,-4.66450,44.16342,6.78987,6.25675,14.91532,16.20148
4365.85530,-0.65073,-4.70137,44.11118,6.62831,6.33153,14.76436,16.38698
4365.86530,-0.81595,-4.70909,44.13186,6.55859,6.39239,14.67572,16.50516
4365.87530,-0.94341,-4.71415,44.14019,6.51057,6.43306,14.59781,16.59875
4365.88530,-1.18010,-4.72983,44.18961,6.41741,6.51032,14.47306,16.78882
4365.89530,-1.29032,-4.74086,44.23286,6.37159,6.54739,14.42672,16.88716
4365.90530,-1.37231,-4.75518,44.23453,6.34430,6.54739,14.37104,16.97180
4365.91530,-1.52258,-4.77192,44.22815,6.27421,6.58315,14.28465,17.08614
4365.92530,-1.55883,-4.77420,44.22486,6.25359,6.59839,14.26672,17.10616
4365.93530,-1.64588,-4.74208,44.30811,6.27040,6.66819,14.19945,17.17007
4365.94530,-1.66232,-4.73601,44.32386,6.27359,6.68139,14.18672,17.18216
4365.95530,-1.65108,-4.74734,44.23729,6.27928,6.62843,14.15255,17.17703
4365.96530,-1.66498,-4.73836,44.17130,6.29996,6.60589,14.08720,17.17824
4365.97530,-1.68229,-4.72480,44.17086,6.31259,6.61939,14.05672,17.18216
4365.98530,-1.61153,-4.70155,44.24509,6.37945,6.61939,14.09639,17.14986
4365.99530,-1.55758,-4.68381,44.30186,6.43059,6.61939,14.12672,17.12516
4366.00530,-1.53568,-4.73324,44.40025,6.38938,6.59333,14.23604,17.18150
4366.01530,-1.54204,-4.72677,44.42854,6.41519,6.58839,14.21685,17.20811
4366.02530,-1.54996,-4.71484,44.43586,6.44059,6.58839,14.18672,17.22016
4366.03530,-1.50819,-4.69482,44.41341,6.47301,6.58839,14.18672,17.16528
4366.04530,-1.42637,-4.69250,44.32179,6.48650,6.55246,14.21436,17.06847
4366.05530,-1.39349,-4.69329,44.28286,6.48959,6.53639,14.22672,17.03016
4366.06530,-1.38238,-4.71645,44.09014,6.42535,6.49916,14.21212,16.95351
4366.07530,-1.37824,-4.72506,44.01886,6.40159,6.48539,14.20672,16.92516
4366.08530,-1.35207,-4.75452,43.85202,6.37292,6.40857,14.18379,16.88675
4366.09530,-1.30820,-4.77495,43.64043,6.32930,6.35139,14.17243,16.78730
4366.10530,-1.28994,-4.77373,43.57486,6.31259,6.35139,14.17672,16.73416
4366.11530,-1.26219,-4.73863,43.57372,6.39131,6.33941,14.12538,16.71762
4366.12530,-1.24130,-4.71221,43.57286,6.45059,6.33039,14.08672,16.70516
4366.13530,-1.22547,-4.72393,43.52346,6.42109,6.32302,14.10884,16.67050
4366.14530,-1.18481,-4.72512,43.58645,6.43257,6.32772,14.16801,16.65816
4366.15530,-1.17207,-4.72403,43.61586,6.44059,6.33039,14.18672,16.65816
4366.16530,-1.09914,-4.67369,43.73485,6.52673,6.37565,14.23052,16.60195
4366.17530,-1.04868,-4.67686,43.79012,6.55024,6.36236,14.28426,16.59326
4366.18530,-1.01640,-4.70659,43.80555,6.53882,6.32122,14.33569,16.60983
4366.19530,-1.00604,-4.70099,43.82192,6.54618,6.32941,14.34662,16.59971
4366.20530,-0.92766,-4.65108,43.95186,6.60759,6.40239,14.42672,16.51516
4366.21530,-0.90782,-4.65014,43.94149,6.61012,6.39860,14.43936,16.49341
4366.22530,-0.74838,-4.64965,43.81806,6.62283,6.35029,14.52886,16.31607
4366.23530,-0.67712,-4.66894,43.65186,6.60759,6.27939,14.53572,16.22916
4366.24530,-0.62331,-4.66693,43.57656,6.61112,6.25747,14.54986,16.15810
4366.25530,-0.47539,-4.64452,43.46190,6.65647,6.22099,14.59732,15.98712
4366.26530,-0.38830,-4.61130,43.50286,6.72559,6.22739,14.63572,15.91416
4366.27530,-0.32421,-4.60439,43.43994,6.73115,6.21626,14.66356,15.82897
4366.28530,-0.27306,-4.59887,43.38986,6.73559,6.20739,14.68572,15.76116
4366.29530,-0.24122,-4.58936,43.42321,6.75551,6.21553,14.71419,15.73798
4366.30530,-0.17637,-4.57480,43.52564,6.80013,6.22931,14.78540,15.71079
4366.31530,-0.08963,-4.57145,43.77986,6.87359,6.23839,14.92572,15.74216
4366.32530,-0.11072,-4.54924,43.73340,6.87763,6.26304,14.87724,15.71550
4366.33530,-0.14193,-4.51639,43.66486,6.88359,6.29939,14.80572,15.67616
4366.34530,-0.10359,-4.53061,43.67398,6.88839,6.27011,14.84412,15.67136
4366.35530,-0.07042,-4.53359,43.67186,6.87919,6.27295,14.88572,15.63400
4366.36530,-0.07946,-4.52014,43.65886,6.86359,6.31039,14.88572,15.59916
4366.37530,-0.04801,-4.48198,43.71833,6.92018,6.34492,14.89052,15.56271
4366.38530,0.02542,-4.43132,43.86549,7.00513,6.40209,14.95337,15.50491
4366.39530,0.06785,-4.42123,43.95486,7.03059,6.42339,15.01572,15.48516
4366.40530,0.09357,-4.42263,43.97934,7.04019,6.41859,15.04452,15.47604
4366.41530,0.12140,-4.42414,44.00586,7.05059,6.41339,15.07572,15.46616
4366.42530,0.14367,-4.40938,43.98552,7.06298,6.42325,15.07572,15.42356
4366.43530,0.19014,-4.37858,43.94313,7.08881,6.44378,15.07572,15.33482
4366.44530,0.12932,-4.39517,43.98986,7.05059,6.46439,15.07572,15.39916
4366.45530,0.13599,-4.39284,44.00796,7.05843,6.46661,15.08377,15.39916
4366.46530,0.15504,-4.38620,44.05969,7.08085,6.47293,15.10675,15.39916
4366.47530,0.15930,-4.37508,43.96752,7.07811,6.46875,15.06740,15.35326
4366.48530,0.15722,-4.36946,43.89386,7.07059,6.46439,15.03572,15.32316
4366.49530,0.13567,-4.36727,43.87780,7.07716,6.45709,14.99922,15.34433
4366.50530,0.13330,-4.36977,43.81761,7.06717,6.44370,14.97652,15.33021
4366.51530,0.17157,-4.37974,43.40147,6.97849,6.38508,14.89422,15.14368
4366.52530,0.15350,-4.32682,43.40686,7.00159,6.46439,14.85572,15.08516
4366.53530,0.17360,-4.33742,43.34732,6.98570,6.44166,14.86175,15.05821
4366.54530,0.23134,-4.36787,43.17720,6.94029,6.37672,14.87900,14.98119
4366.55530,0.22537,-4.33808,43.12472,6.97042,6.38675,14.81640,14.95116
4366.56530,0.21271,-4.31962,43.13086,6.99159,6.40239,14.78572,14.95116
4366.57530,0.28076,-4.30186,43.07872,6.99986,6.41150,14.81882,14.84854
4366.58530,0.29496,-4.29815,43.06786,7.00159,6.41339,14.82572,14.82716
4366.59530,0.34803,-4.28868,42.94472,6.99181,6.40264,14.82572,14.72455
4366.60530,0.44610,-4.24817,42.98686,7.06059,6.42339,14.87572,14.62716
4366.61530,0.45133,-4.24660,42.98676,7.06572,6.42119,14.87572,14.62412
4366.62530,0.49387,-4.22911,42.98611,7.11268,6.40700,14.87067,14.59576
4366.63530,0.46269,-4.16911,42.98986,7.15859,6.47539,14.79572,14.56016
4366.64530,0.46269,-4.16911,42.98986,7.15859,6.47539,14.79572,14.56016
4366.65530,0.48046,-4.12627,43.06370,7.21397,6.52435,14.79572,14.52966
4366.66530,0.48482,-4.11576,43.08186,7.22759,6.53639,14.79572,14.52216
4366.67530,0.54706,-4.08820,42.97998,7.25670,6.52669,14.77631,14.42028
4366.68530,0.47750,-4.04555,42.92395,7.21839,6.62731,14.71693,14.36131
4366.69530,0.47602,-4.04469,42.92286,7.21759,6.62939,14.71572,14.36016
4366.70530,0.52245,-3.98568,42.84446,7.26267,6.66990,14.67652,14.23537
4366.71530,0.54695,-3.93910,42.78791,7.30232,6.69926,14.63211,14.15421
4366.72530,0.54690,-3.93499,42.78386,7.30659,6.70139,14.62572,14.15016
4366.73530,0.48980,-3.88865,42.77997,7.33190,6.76175,14.54200,14.14432
4366.74530,0.45891,-3.86359,42.77786,7.34559,6.79439,14.49672,14.14116
4366.75530,0.45518,-3.86869,42.77287,7.31505,6.81371,14.52102,14.12309
4366.76530,0.41761,-3.84070,42.80250,7.29659,6.89451,14.51748,14.09392
4366.77530,0.41614,-3.83940,42.80386,7.29659,6.89739,14.51672,14.09316
4366.78530,0.40700,-3.81800,42.79890,7.31255,6.91997,14.48919,14.07719
4366.79530,0.40977,-3.80773,42.85624,7.33248,6.93839,14.50120,14.08416
4366.80530,0.41436,-3.81097,42.88386,7.33559,6.93839,14.51672,14.09316
4366.81530,0.42610,-3.79122,42.87786,7.35273,6.95639,14.50815,14.06059
4366.82530,0.42806,-3.78793,42.87686,7.35559,6.95939,14.50672,14.05516
4366.83530,0.39304,-3.78000,42.86052,7.33839,6.98605,14.48092,14.05516
4366.84530,0.38194,-3.77960,42.81314,7.31896,6.99039,14.46525,14.03853
4366.85530,0.37792,-3.78027,42.77986,7.30659,6.99039,14.45672,14.02616
4366.86530,0.40858,-3.77582,42.78487,7.33387,6.97313,14.46229,14.01558
4366.87530,0.34369,-3.81647,42.81520,7.25300,6.98781,14.49445,14.07994
4366.88530,0.30420,-3.83601,42.82686,7.20759,7.00039,14.50672,14.11216
4366.89530,0.38752,-3.81850,42.87723,7.27986,6.97776,14.54249,14.07712
4366.90530,0.41828,-3.81203,42.89586,7.30659,6.96939,14.55572,14.06416
4366.91530,0.41626,-3.80050,42.84330,7.31076,6.96939,14.52277,14.04038
4366.92530,0.41349,-3.78467,42.77130,7.31647,6.96939,14.47762,14.00781
4366.93530,0.42124,-3.75658,42.79164,7.34529,7.00008,14.46682,13.97944
4366.94530,0.42132,-3.75630,42.79186,7.34559,7.00039,14.46672,13.97916
4366.95530,0.36532,-3.78509,42.74886,7.30747,6.97010,14.42763,14.04366
4366.96530,0.36402,-3.78576,42.74786,7.30659,6.96939,14.42672,14.04516
4366.97530,0.31512,-3.80131,42.84697,7.24303,7.03684,14.49228,14.07483
4366.98530,0.29407,-3.80760,42.90386,7.28659,7.00039,14.45672,14.16016
4366.99530,0.32260,-3.82776,42.81272,7.24381,6.97497,14.48152,14.11242
4367.00530,0.34813,-3.81381,42.77794,7.24239,6.99101,14.49052,14.05402
4367.01530,0.35303,-3.79768,42.79086,7.25759,7.01039,14.48672,14.03616
4367.02530,0.33730,-3.79832,42.75846,7.24959,7.00639,14.46272,14.03976
4367.03530,0.31365,-3.79927,42.70986,7.23759,7.00039,14.42672,14.04516
4367.04530,0.31156,-3.82690,42.76877,7.21086,6.99494,14.48127,14.08171
4367.05530,0.30439,-3.85884,42.84346,7.19259,6.97799,14.53032,14.14256
4367.06530,0.29624,-3.87230,42.88186,7.19859,6.95939,14.53572,14.18816
4367.07530,0.31092,-3.87454,42.86266,7.20771,6.93971,14.53140,14.18384
4367.08530,0.31516,-3.89411,42.91194,7.19887,6.92799,14.56944,14.21564
4367.09530,0.30256,-3.91260,42.98786,7.17859,6.93839,14.61572,14.25516
4367.10530,0.30256,-3.91260,42.98786,7.17859,6.93839,14.61572,14.25516
4367.11530,0.21821,-3.89906,43.03486,7.18859,6.96939,14.54572,14.33116
4367.12530,0.22601,-3.91079,43.05727,7.19097,6.95223,14.56241,14.35166
4367.13530,0.24763,-3.94331,43.11952,7.19759,6.90455,14.60877,14.40862
4367.14530,0.28613,-3.97120,43.41286,7.24759,6.89739,14.74572,14.52216
4367.15530,0.25941,-3.99265,43.35651,7.20279,6.88304,14.73522,14.53546
4367.16530,0.21226,-4.03820,43.28313,7.12402,6.85149,14.72972,14.57789
4367.17530,0.21981,-4.05406,43.37246,7.13669,6.83749,14.76972,14.62856
4367.18530,0.22452,-4.05748,43.36953,7.14092,6.82583,14.76872,14.63406
4367.19530,0.23475,-4.06044,43.32286,7.14759,6.79849,14.74872,14.62806
4367.20530,0.20941,-4.06595,43.36447,7.13839,6.81060,14.75356,14.66192
4367.21530,0.13194,-4.09187,43.51995,7.09808,6.85146,14.79451,14.77590
4367.22530,0.12679,-4.12512,43.57163,7.06519,6.83737,14.84820,14.82086
4367.23530,0.14206,-4.13149,43.56295,7.06328,6.82434,14.86111,14.81422
4367.24530,0.18606,-4.15050,43.50983,7.05682,6.77759,14.88505,14.79036
4367.25530,0.18784,-4.19151,43.48116,7.01749,6.72959,14.91172,14.82236
4367.26530,0.17510,-4.20112,43.50849,6.99617,6.74121,14.93402,14.83709
4367.27530,0.13842,-4.21086,43.59786,6.95259,6.79439,14.98572,14.86516
4367.28530,0.13089,-4.21055,43.62474,6.96165,6.79439,14.98259,14.88610
4367.29530,0.11541,-4.22487,43.67719,6.97929,6.76587,14.97572,14.95631
4367.30530,0.11890,-4.27509,43.65486,6.97159,6.67039,14.97572,15.03716
4367.31530,0.11341,-4.27734,43.66130,6.97159,6.66809,14.97342,15.04820
4367.32530,0.08611,-4.28407,43.70080,6.97159,6.66752,14.96572,15.09597
4367.33530,0.05628,-4.27901,43.76086,6.97619,6.69139,14.96112,15.13216
4367.34530,0.04354,-4.27809,43.79926,6.97947,6.70187,14.96420,15.15372
4367.35530,-0.00554,-4.30547,43.94786,6.93259,6.74239,15.03572,15.23716
4367.36530,-0.01182,-4.30658,43.90367,6.92480,6.73429,15.01506,15.22953
4367.37530,-0.03810,-4.31125,43.71957,6.89235,6.70051,14.92897,15.19774
4367.38530,-0.13767,-4.29407,43.91586,6.90259,6.78439,14.91572,15.31316
4367.39530,-0.13287,-4.29135,43.92378,6.90809,6.78659,14.91902,15.31008
4367.40530,-0.09413,-4.26942,43.98786,6.95259,6.80439,14.94572,15.28516
4367.41530,-0.09439,-4.27792,43.97394,6.94659,6.78963,14.94452,15.29320
4367.42530,-0.09978,-4.33957,43.87402,6.90499,6.68139,14.93092,15.35672
4367.43530,-0.12492,-4.33297,43.88986,6.92259,6.68139,14.89572,15.39016
4367.44530,-0.12775,-4.33148,43.88620,6.91949,6.68624,14.89413,15.38635
4367.45530,-0.15138,-4.31899,43.85574,6.89366,6.72664,14.88089,15.35456
4367.46530,-0.27371,-4.31831,43.93634,6.89343,6.75322,14.79701,15.49269
4367.47530,-0.27621,-4.31668,43.94347,6.89788,6.75412,14.79353,15.49793
4367.48530,-0.28208,-4.30121,43.99446,6.93696,6.76074,14.77367,15.52309
4367.49530,-0.28708,-4.29606,44.01099,6.94799,6.76479,14.76572,15.53249
4367.50530,-0.31359,-4.30641,43.97233,6.90199,6.77879,14.76572,15.52583
4367.51530,-0.36731,-4.28881,44.04589,6.87391,6.86375,14.77540,15.53284
4367.52530,-0.37094,-4.28955,44.04933,6.87225,6.86506,14.77505,15.53696
4367.53530,-0.39285,-4.30410,44.05399,6.85892,6.85173,14.76839,15.57496
4367.54530,-0.40161,-4.30992,44.05586,6.85359,6.84639,14.76572,15.59016
4367.55530,-0.37146,-4.31806,43.99342,6.86474,6.80012,14.75457,15.57399
4367.56530,-0.43385,-4.28151,44.00826,6.90027,6.83975,14.66292,15.60532
4367.57530,-0.44135,-4.27777,44.01386,6.90259,6.84639,14.65572,15.60916
4367.58530,-0.48659,-4.27135,43.85437,6.84590,6.86561,14.58847,15.55440
4367.59530,-0.49403,-4.26993,43.78122,6.83477,6.85659,14.55632,15.53354
4367.60530,-0.49415,-4.26991,43.77986,6.83459,6.85639,14.55572,15.53316
4367.61530,-0.49920,-4.25966,43.80853,6.84348,6.87616,14.55572,15.53316
4367.62530,-0.49926,-4.25954,43.80886,6.84359,6.87639,14.55572,15.53316
4367.63530,-0.54559,-4.28131,43.66886,6.79770,6.83673,14.48650,15.54794
4367.64530,-0.53805,-4.28674,43.68718,6.80436,6.82539,14.49638,15.56106
4367.65530,-0.53781,-4.28673,43.68786,6.80459,6.82539,14.49672,15.56116
4367.66530,-0.54597,-4.28262,43.69178,6.80585,6.83323,14.48913,15.56356
4367.67530,-0.60188,-4.24944,43.68962,6.81183,6.89015,14.42569,15.56195
4367.68530,-0.60078,-4.23686,43.61286,6.80459,6.89739,14.39672,15.51416
4367.69530,-0.64267,-4.23509,43.71142,6.81585,6.92049,14.39109,15.58400
4367.70530,-0.67502,-4.23372,43.78786,6.82459,6.93839,14.38672,15.63816
4367.71530,-0.62933,-4.20708,43.73457,6.85894,6.93839,14.37270,15.56454
4367.72530,-0.64736,-4.18173,43.73738,6.87359,6.97327,14.34120,15.54932
4367.73530,-0.65395,-4.17927,43.74186,6.87359,6.97939,14.33672,15.55216
4367.74530,-0.60266,-4.17376,43.75734,6.93293,6.93553,14.33672,15.55216
4367.75530,-0.63400,-4.19515,43.76860,6.88832,6.94265,14.35512,15.58251
4367.76530,-0.68014,-4.22105,43.77876,6.82522,6.95923,14.37651,15.61781
4367.77530,-0.72202,-4.20099,43.84594,6.85813,6.98605,14.33372,15.66804
4367.78530,-0.72875,-4.19769,43.85686,6.86359,6.99039,14.32672,15.67616
4367.79530,-0.73094,-4.20912,43.74247,6.82352,6.97239,14.30930,15.63726
4367.80530,-0.72116,-4.19748,43.72646,6.83085,6.98233,14.30412,15.60916
4367.81530,-0.71717,-4.19050,43.74986,6.84359,6.99039,14.30672,15.60916
4367.82530,-0.70512,-4.19076,43.63442,6.82213,6.97485,14.28452,15.55292
4367.83530,-0.73695,-4.20277,43.54650,6.80719,6.93905,14.22492,15.57534
4367.84530,-0.74964,-4.20696,43.52986,6.80459,6.92839,14.20672,15.59016
4367.85530,-0.68609,-4.22306,43.53035,6.80459,6.89781,14.27085,15.55711
4367.86530,-0.62081,-4.23960,43.53086,6.80459,6.86639,14.33672,15.52316
4367.87530,-0.67974,-4.23118,43.55330,6.77724,6.91688,14.31569,15.54349
4367.88530,-0.67727,-4.24224,43.58605,6.77003,6.91323,14.34125,15.56153
4367.89530,-0.64898,-4.25728,43.60986,6.77459,6.88739,14.37672,15.57116
4367.90530,-0.69140,-4.23017,43.58168,6.79572,6.90923,14.29922,15.57750
4367.91530,-0.70920,-4.21880,43.56986,6.80459,6.91839,14.26672,15.58016
4367.92530,-0.70225,-4.22532,43.54519,6.79472,6.90803,14.27165,15.57079
4367.93530,-0.68562,-4.22799,43.53167,6.79602,6.89739,14.28053,15.55773
4367.94530,-0.67024,-4.22142,43.55086,6.81459,6.89739,14.28672,15.55216
4367.95530,-0.66989,-4.21236,43.58983,6.83383,6.90775,14.28672,15.56153
4367.96530,-0.67812,-4.20451,43.62415,6.86502,6.90239,14.26386,15.59287
4367.97530,-0.69209,-4.20687,43.61486,6.88359,6.87639,14.22672,15.62816
4367.98530,-0.66581,-4.20729,43.65186,6.87372,6.89711,14.28099,15.60004
4367.99530,-0.63887,-4.20773,43.68986,6.86359,6.91839,14.33672,15.57116
4368.00530,-0.71432,-4.23343,43.64477,6.80793,6.91064,14.29445,15.63175
4368.01530,-0.72225,-4.23306,43.65213,6.81012,6.91146,14.28782,15.64273
4368.02530,-0.69020,-4.21801,43.68763,6.84462,6.91696,14.30282,15.62323
4368.03530,-0.67535,-4.22587,43.70845,6.84749,6.90558,14.32502,15.63036
4368.04530,-0.67118,-4.23339,43.71586,6.84359,6.89739,14.33672,15.63816
4368.05530,-0.67118,-4.23339,43.71586,6.84359,6.89739,14.33672,15.63816
4368.06530,-0.63967,-4.29412,43.73010,6.83073,6.79825,14.38830,15.71281
4368.07530,-0.65584,-4.29701,43.74786,6.83459,6.79439,14.37672,15.74216
4368.08530,-0.65911,-4.29630,43.70435,6.81832,6.79846,14.36859,15.71898
4368.09530,-0.65741,-4.30629,43.62773,6.78944,6.78434,14.36204,15.69190
4368.10530,-0.62726,-4.35751,43.56686,6.76559,6.69139,14.38672,15.72316
4368.11530,-0.64697,-4.35191,43.55161,6.75469,6.70828,14.37038,15.71826
4368.12530,-0.66346,-4.34722,43.53886,6.74559,6.72239,14.35672,15.71416
4368.13530,-0.63110,-4.35765,43.55258,6.75539,6.69691,14.38612,15.71416
4368.14530,-0.59917,-4.37370,43.60067,6.76069,6.67578,14.43632,15.72788
4368.15530,-0.60096,-4.37910,43.63586,6.75559,6.68139,14.45672,15.74216
4368.16530,-0.61104,-4.37199,43.62247,6.76506,6.68139,14.43059,15.74543
4368.17530,-0.63161,-4.35747,43.59513,6.78439,6.68139,14.37725,15.75209
4368.18530,-0.58197,-4.39528,43.53486,6.74559,6.62939,14.43672,15.72316
4368.19530,-0.57342,-4.38398,43.60379,6.76486,6.65291,14.45959,15.72643
4368.20530,-0.55607,-4.36102,43.74445,6.80419,6.70091,14.50625,15.73309
4368.21530,-0.55456,-4.35784,43.73705,6.81046,6.69846,14.49791,15.73022
4368.22530,-0.55532,-4.35015,43.73710,6.82585,6.69784,14.48178,15.73163
4368.23530,-0.58277,-4.34604,43.88386,6.83459,6.74239,14.51672,15.79016
4368.24530,-0.58976,-4.34895,43.85533,6.83768,6.72486,14.49266,15.80013
4368.25530,-0.62249,-4.36445,43.80382,6.82546,6.69139,14.44672,15.84025
4368.26530,-0.65542,-4.38132,43.80886,6.79459,6.69139,14.44672,15.87616
4368.27530,-0.65375,-4.36739,43.86467,6.81609,6.71386,14.45397,15.88075
4368.28530,-0.64914,-4.32890,44.01971,6.87582,6.77628,14.47410,15.89350
4368.29530,-0.66911,-4.32699,44.01418,6.85743,6.79663,14.46952,15.89060
4368.30530,-0.72636,-4.33557,43.94285,6.78476,6.83063,14.44952,15.87793
4368.31530,-0.69640,-4.30042,43.93586,6.83459,6.84639,14.42672,15.82816
4368.32530,-0.71490,-4.30580,43.90022,6.80586,6.85367,14.41945,15.82125
4368.33530,-0.74734,-4.31523,43.83786,6.75559,6.86639,14.40672,15.80916
4368.34530,-0.74734,-4.31523,43.83786,6.75559,6.86639,14.40672,15.80916
4368.35530,-0.78307,-4.31450,43.79031,6.74831,6.86030,14.35490,15.82680
4368.36530,-0.79553,-4.30542,43.87686,6.75559,6.89739,14.37672,15.84716
4368.37530,-0.79553,-4.30542,43.87686,6.75559,6.89739,14.37672,15.84716
4368.38530,-0.80054,-4.31042,43.68210,6.71604,6.86675,14.31740,15.78191
4368.39530,-0.81641,-4.31314,43.67392,6.65718,6.91787,14.35632,15.74255
4368.40530,-0.80536,-4.31347,43.66407,6.66209,6.90926,14.35782,15.73490
4368.41530,-0.71442,-4.31595,43.58486,6.70659,6.83539,14.36672,15.67616
4368.42530,-0.70807,-4.31074,43.59098,6.71715,6.83671,14.36552,15.67160
4368.43530,-0.68159,-4.28900,43.61648,6.76115,6.84221,14.36052,15.65260
4368.44530,-0.65322,-4.29079,43.55886,6.73559,6.84639,14.38672,15.59016
4368.45530,-0.65125,-4.29035,43.55599,6.73676,6.84516,14.38613,15.58794
4368.46530,-0.63339,-4.28637,43.52993,6.74740,6.83399,14.38082,15.56772
4368.47530,-0.60555,-4.26975,43.51986,6.77459,6.83539,14.37672,15.53316
4368.48530,-0.60646,-4.26647,43.51105,6.77257,6.84092,14.37353,15.52403
4368.49530,-0.61411,-4.23908,43.43759,6.75575,6.88693,14.34699,15.44792
4368.50530,-0.61418,-4.23880,43.43686,6.75559,6.88739,14.34672,15.44716
4368.51530,-0.55520,-4.21797,43.49625,6.81399,6.88739,14.37642,15.41845
4368.52530,-0.47797,-4.21134,43.69981,6.90171,6.87650,14.46582,15.45578
4368.53530,-0.47719,-4.21127,43.70186,6.90259,6.87639,14.46672,15.45616
4368.54530,-0.49110,-4.21202,43.62301,6.90259,6.85011,14.41415,15.45616
4368.55530,-0.45188,-4.18859,43.52712,6.93397,6.83321,14.37533,15.38460
4368.56530,-0.42738,-4.17459,43.47686,6.95259,6.82539,14.35672,15.34216
4368.57530,-0.39061,-4.14069,43.46006,6.99114,6.84615,14.34683,15.27593
4368.58530,-0.39018,-4.14029,43.45986,6.99159,6.84639,14.34672,15.27516
4368.59530,-0.35501,-4.13983,43.44975,7.02970,6.80595,14.33894,15.27516
4368.60530,-0.28888,-4.10150,43.53091,7.06990,6.86476,14.40513,15.19111
4368.61530,-0.28758,-4.10061,43.53286,7.07059,6.86639,14.40672,15.18916
4368.62530,-0.20729,-4.07084,43.44372,7.13002,6.83516,14.38386,15.09468
4368.63530,-0.17722,-4.08350,43.42758,7.10071,6.83516,14.43534,15.05637
4368.64530,-0.17710,-4.08402,43.42786,7.09959,6.83539,14.43672,15.05616
4368.65530,-0.18637,-4.06753,43.54345,7.14759,6.85596,14.43672,15.10318
4368.66530,-0.18656,-4.06719,43.54586,7.14859,6.85639,14.43672,15.10416
4368.67530,-0.11224,-4.09365,43.42686,7.16414,6.75217,14.43672,15.07383
4368.68530,-0.12253,-4.12857,43.55596,7.15870,6.73228,14.49603,15.16895
4368.69530,-0.12289,-4.12888,43.55786,7.15859,6.73239,14.49672,15.17016
4368.70530,-0.14463,-4.15096,43.61747,7.14310,6.72465,14.51995,15.22977
4368.71530,-0.15096,-4.15739,43.63486,7.13859,6.72239,14.52672,15.24716
4368.72530,-0.08320,-4.18211,43.51095,7.12613,6.64831,14.54573,15.19078
4368.73530,-0.07986,-4.22842,43.45051,7.08165,6.58539,14.56346,15.22000
4368.74530,-0.08931,-4.23813,43.45186,7.07059,6.57839,14.56572,15.23716
4368.75530,-0.10079,-4.26377,43.45396,7.05486,6.54590,14.57096,15.28223
4368.76530,-0.10810,-4.29637,43.44540,7.03416,6.50180,14.58008,15.32937
4368.77530,-0.08251,-4.37279,43.35986,6.98159,6.38239,14.61572,15.38016
4368.78530,-0.08558,-4.38599,43.36206,6.97081,6.36875,14.62452,15.39798
4368.79530,-0.11042,-4.49271,43.37986,6.88359,6.25839,14.69572,15.54216
4368.80530,-0.10519,-4.49396,43.38312,6.88696,6.25363,14.69921,15.54332
4368.81530,-0.07210,-4.49974,43.39586,6.90943,6.22402,14.71625,15.54616
4368.82530,-0.08648,-4.49165,43.36986,6.90259,6.23839,14.69572,15.53316
4368.83530,-0.08129,-4.45867,43.37333,6.91645,6.28830,14.68879,15.47978
4368.84530,-0.08536,-4.39481,43.28361,6.96566,6.33302,14.59082,15.39411
4368.85530,-0.08772,-4.37653,43.24986,6.98159,6.34139,14.55572,15.37116
4368.86530,-0.06487,-4.34288,43.20407,7.00862,6.36401,14.52869,15.30275
4368.87530,-0.04627,-4.31549,43.16686,7.03059,6.38239,14.50672,15.24716
4368.88530,-0.05148,-4.26432,43.15161,7.07268,6.43241,14.45182,15.19470
4368.89530,-0.04195,-4.18948,43.16382,7.13558,6.51502,14.40452,15.10870
4368.90530,-0.03372,-4.16258,43.17786,7.15859,6.54739,14.39672,15.07516
4368.91530,-0.02425,-4.10410,43.15773,7.21288,6.59741,14.34182,15.00562
4368.92530,0.03450,-4.04920,43.10094,7.25369,6.64220,14.33112,14.87393
4368.93530,0.06823,-4.03801,43.07286,7.25759,6.65039,14.34672,14.81816
4368.94530,0.02283,-3.98440,43.12532,7.27528,6.75104,14.31012,14.78888
4368.95530,-0.00614,-3.95019,43.15886,7.28659,6.81539,14.28672,14.77016
4368.96530,0.02645,-3.91724,43.08237,7.33887,6.80039,14.22862,14.71449
4368.97530,0.07512,-3.87956,42.97350,7.39861,6.77595,14.16270,14.63625
4368.98530,0.09569,-3.87593,42.93286,7.40459,6.76339,14.15672,14.60816
4368.99530,0.09549,-3.81850,42.91222,7.45643,6.81283,14.09432,14.54864
4369.00530,0.10197,-3.74534,42.82890,7.52219,6.85679,13.99312,14.45680
4369.01530,0.10923,-3.73352,42.76286,7.53259,6.84639,13.95672,14.42716
4369.02530,0.10923,-3.73352,42.76286,7.53259,6.84639,13.95672,14.42716
4369.03530,0.10681,-3.69511,42.54970,7.51799,6.86099,13.86182,14.30890
4369.04530,0.10590,-3.68081,42.47086,7.51259,6.86639,13.82672,14.26516
4369.05530,0.20031,-3.53779,42.33292,7.71354,6.88427,13.64876,14.08635
4369.06530,0.25443,-3.48335,42.09986,7.68959,6.92839,13.60772,13.87416
4369.07530,0.24940,-3.44747,42.07423,7.73797,6.93732,13.54148,13.85746
4369.08530,0.25023,-3.35310,42.00985,7.86998,6.95674,13.37772,13.80541
4369.09530,0.34213,-3.31525,42.00286,7.95559,6.93839,13.37772,13.73116
4369.10530,0.33595,-3.29207,42.03262,7.97911,6.96815,13.36332,13.72204
4369.11530,0.31645,-3.21889,42.12686,8.05359,7.06239,13.31772,13.69316
4369.12530,0.31645,-3.21889,42.12686,8.05359,7.06239,13.31772,13.69316
4369.13530,0.30895,-3.21421,42.19862,8.07298,7.07742,13.32742,13.72080
4369.14530,0.28754,-3.18855,42.48262,8.15631,7.14386,13.36712,13.81533
4369.15530,0.27368,-3.16723,42.69886,8.22159,7.19639,13.39772,13.88316
4369.16530,0.23425,-3.14865,42.73681,8.23071,7.23579,13.36890,13.90141
4369.17530,0.13955,-3.11706,42.75247,8.21412,7.31729,13.29990,13.92116
4369.18530,0.09513,-3.10723,42.73086,8.19159,7.35039,13.26772,13.92116
4369.19530,0.16017,-3.08455,42.90664,8.24826,7.40034,13.36377,13.89427
4369.20530,0.16283,-3.08362,42.91386,8.25059,7.40239,13.36772,13.89316
4369.21530,0.14887,-3.08911,42.80508,8.23099,7.37201,13.31872,13.88336
4369.22530,0.02409,-3.15490,42.93516,8.12475,7.40177,13.36672,14.04192
4369.23530,0.02156,-3.15624,42.93786,8.12259,7.40239,13.36772,14.04516
4369.24530,0.06078,-3.14094,43.05244,8.19941,7.39588,13.38725,14.06990
4369.25530,0.00800,-3.21318,42.97850,8.08027,7.35207,13.41692,14.12924
4369.26530,0.00491,-3.21654,42.97286,8.07359,7.35039,13.41772,14.13116
4369.27530,-0.03857,-3.25119,43.03047,8.03644,7.34281,13.44046,14.21076
4369.28530,-0.05243,-3.26223,43.04886,8.02459,7.34039,13.44772,14.23616
4369.29530,-0.09759,-3.30880,43.12648,7.94775,7.35686,13.51828,14.30358
4369.30530,-0.13868,-3.34415,43.00270,7.89302,7.30098,13.47059,14.33810
4369.31530,-0.14421,-3.34849,42.97486,7.88659,7.28939,13.45772,14.34116
4369.32530,-0.16023,-3.38993,42.82525,7.79643,7.24889,13.45772,14.32221
4369.33530,-0.23412,-3.39673,42.84496,7.76407,7.27539,13.42675,14.37874
4369.34530,-0.25311,-3.39228,42.87386,7.76859,7.28939,13.41772,14.39816
4369.35530,-0.22530,-3.44630,42.76802,7.71109,7.20838,13.45039,14.39816
4369.36530,-0.21048,-3.47507,42.71186,7.68059,7.16539,13.46772,14.39816
4369.37530,-0.28493,-3.44552,42.83891,7.68938,7.25628,13.44817,14.44507
4369.38530,-0.29264,-3.48312,42.85509,7.68418,7.19647,13.45373,14.52071
4369.39530,-0.29661,-3.50850,42.86386,7.68059,7.15539,13.45772,14.57016
4369.40530,-0.31059,-3.50592,42.89326,7.64204,7.20897,13.49692,14.54533
4369.41530,-0.31800,-3.50455,42.90886,7.62159,7.23739,13.51772,14.53216
4369.42530,-0.37487,-3.52144,43.00368,7.59226,7.26770,13.53727,14.60645
4369.43530,-0.40960,-3.52911,42.91505,7.55304,7.26186,13.49852,14.60163
4369.44530,-0.42740,-3.53298,42.86686,7.53259,7.25839,13.47772,14.59816
4369.45530,-0.43531,-3.52459,42.96261,7.56190,7.27793,13.48749,14.63529
4369.46530,-0.43549,-3.52439,42.96486,7.56259,7.27839,13.48772,14.63616
4369.47530,-0.51808,-3.55200,42.96105,7.51687,7.27077,13.44962,14.72378
4369.48530,-0.57095,-3.56495,43.13845,7.50259,7.32163,13.49782,14.81641
4369.49530,-0.57538,-3.56565,43.16786,7.50259,7.33039,13.50772,14.82716
4369.50530,-0.59481,-3.56982,43.17736,7.49284,7.33552,13.50272,14.84629
4369.51530,-0.71830,-3.60586,43.27560,7.42459,7.36909,13.49532,14.98660
4369.52530,-0.67734,-3.62900,43.38186,7.42459,7.36139,13.58772,15.00816
4369.53530,-0.65659,-3.65170,43.38928,7.43130,7.31402,13.60540,15.03856
4369.54530,-0.61865,-3.69317,43.40286,7.44359,7.22739,13.63772,15.09416
4369.55530,-0.63986,-3.71400,43.33517,7.39733,7.21119,13.62988,15.09677
4369.56530,-0.69155,-3.77470,43.15110,7.27463,7.15695,13.61174,15.10778
4369.57530,-0.67879,-3.77692,43.16186,7.28659,7.14439,13.61772,15.11316
4369.58530,-0.68860,-3.83703,43.21223,7.27199,7.06190,13.64692,15.23142
4369.59530,-0.69683,-3.88493,43.17197,7.23349,6.99635,13.65772,15.28441
4369.60530,-0.70170,-3.91211,43.10986,7.19859,6.95939,13.65772,15.29416
4369.61530,-0.70075,-3.92284,43.13146,7.20999,6.93479,13.65772,15.32896
4369.62530,-0.73332,-3.91900,43.14106,7.20619,6.94899,13.63372,15.35216
4369.63530,-0.75545,-3.91168,43.13786,7.19859,6.96939,13.61772,15.35216
4369.64530,-0.77566,-3.89420,43.20326,7.22199,7.00059,13.60572,15.37496
4369.65530,-0.78909,-3.88258,43.24686,7.23759,7.02139,13.59772,15.39016
4369.66530,-0.78909,-3.88258,43.24686,7.23759,7.02139,13.59772,15.39016
4369.67530,-0.82658,-3.82060,43.29285,7.28796,7.10388,13.53202,15.36899
4369.68530,-0.84937,-3.80182,43.43153,7.33931,7.13439,13.52450,15.43332
4369.69530,-0.85108,-3.80261,43.45486,7.34559,7.13439,13.52772,15.44716
4369.70530,-0.88251,-3.73347,43.53939,7.38459,7.25559,13.49772,15.40149
4369.71530,-0.88761,-3.70567,43.53237,7.41250,7.27839,13.46132,15.38016
4369.72530,-0.90315,-3.65168,43.47349,7.45672,7.31725,13.37325,15.32627
4369.73530,-0.92251,-3.58710,43.37482,7.46339,7.39991,13.29992,15.21160
4369.74530,-0.91217,-3.55970,43.38141,7.49501,7.42268,13.28181,15.18191
4369.75530,-0.89475,-3.49644,43.29595,7.55161,7.45682,13.20169,15.08582
4369.76530,-0.89284,-3.44342,43.08336,7.57082,7.46410,13.08249,14.96595
4369.77530,-0.90901,-3.40460,43.06637,7.58372,7.51860,13.04536,14.91869
4369.78530,-0.93293,-3.35056,43.05386,7.60159,7.59839,12.99772,14.85616
4369.79530,-0.93293,-3.35056,43.05386,7.60159,7.59839,12.99772,14.85616
4369.80530,-0.82528,-3.31251,43.03539,7.65974,7.60553,13.03772,14.73240
4369.81530,-0.81678,-3.28185,43.07986,7.68959,7.64939,13.03772,14.70316
4369.82530,-0.81678,-3.28185,43.07986,7.68959,7.64939,13.03772,14.70316
4369.83530,-0.72087,-3.22976,43.01340,7.79958,7.61400,12.99102,14.60880
4369.84530,-0.69200,-3.20383,43.02586,7.80759,7.65939,13.01772,14.54116
4369.85530,-0.69200,-3.20383,43.02586,7.80759,7.65939,13.01772,14.54116
4369.86530,-0.74979,-3.20703,43.10592,7.77892,7.71079,13.02760,14.58860
4369.87530,-0.75047,-3.20707,43.10686,7.77859,7.71139,13.02772,14.58916
4369.88530,-0.79348,-3.14882,43.07837,7.79641,7.79339,12.95336,14.53521
4369.89530,-0.83344,-3.15279,43.04986,7.77859,7.79339,12.91772,14.56016
4369.90530,-0.83093,-3.15298,43.05085,7.78057,7.79141,12.91871,14.56016
4369.91530,-0.80908,-3.15982,43.04897,7.79058,7.76781,12.92952,14.56106
4369.92530,-0.81895,-3.21165,42.93886,7.70959,7.71139,12.94772,14.57016
4369.93530,-0.82504,-3.20802,42.95583,7.71171,7.72221,12.94772,14.57419
4369.94530,-0.84763,-3.19455,43.01886,7.71959,7.76239,12.94772,14.58916
4369.95530,-0.85422,-3.21152,42.97156,7.69456,7.73842,12.94348,14.59510
4369.96530,-0.88026,-3.27823,42.79263,7.59865,7.64485,12.92772,14.62141
4369.97530,-0.88663,-3.29357,42.77797,7.58532,7.62418,12.92772,14.64075
4369.98530,-0.89371,-3.30188,42.76362,7.57145,7.61736,12.92772,14.64709
4369.99530,-0.93509,-3.35115,42.70830,7.48359,7.59329,12.94825,14.68317
4370.00530,-0.91426,-3.41622,42.86030,7.48359,7.52462,13.04159,14.81051
4370.01530,-0.95557,-3.47089,42.81455,7.39125,7.49827,13.07117,14.85386
4370.02530,-0.95724,-3.51476,42.81986,7.36559,7.44339,13.09772,14.91316
4370.03530,-0.96074,-3.52015,42.87006,7.37135,7.44487,13.11249,14.94136
4370.04530,-0.97656,-3.54447,43.09825,7.39752,7.45158,13.17960,15.06955
4370.05530,-0.96417,-3.63165,43.25286,7.35559,7.38139,13.30772,15.20816
4370.06530,-0.97072,-3.63240,43.27853,7.35984,7.38447,13.30919,15.22503
4370.07530,-1.00037,-3.63577,43.39519,7.37917,7.39847,13.31585,15.30169
4370.08530,-1.01409,-3.64238,43.41876,7.37479,7.39829,13.31772,15.32796
4370.09530,-1.06945,-3.70062,43.32936,7.27679,7.35519,13.31772,15.37966
4370.10530,-1.12561,-3.76450,43.26186,7.18859,7.29939,13.31772,15.45616
4370.11530,-1.12568,-3.76656,43.24526,7.18465,7.29386,13.31372,15.45303
4370.12530,-1.12633,-3.78725,43.07926,7.14532,7.23853,13.27372,15.42169
4370.13530,-1.10434,-3.84377,43.01686,7.10559,7.15079,13.30572,15.45476
4370.14530,-1.09878,-3.85581,43.01786,7.09959,7.13439,13.31772,15.46616
4370.15530,-1.13271,-3.90281,42.78603,7.00453,7.06455,13.26922,15.44773
4370.16530,-1.13377,-3.90427,42.77886,7.00159,7.06239,13.26772,15.44716
4370.17530,-1.10290,-3.90996,42.51017,6.97249,6.99255,13.19982,15.34531
4370.18530,-0.97148,-3.99845,42.45918,6.94346,6.84004,13.33352,15.34216
4370.19530,-0.96744,-4.00118,42.45786,6.94259,6.83539,13.33772,15.34216
4370.20530,-0.96254,-3.99100,42.17431,6.91645,6.78835,13.23319,15.23632
4370.21530,-0.91281,-3.98182,42.02386,6.93306,6.73977,13.19296,15.15806
4370.22530,-0.89809,-3.98065,42.02386,6.94259,6.73239,13.19772,15.15116
4370.23530,-0.89188,-3.95206,42.15136,6.99274,6.77659,13.21472,15.16731
4370.24530,-0.89079,-3.94703,42.17386,7.00159,6.78439,13.21772,15.17016
4370.25530,-0.91466,-3.89255,42.36086,7.06789,6.88044,13.21772,15.19481
4370.26530,-0.95511,-3.84669,42.55706,7.10509,6.99344,13.23472,15.22381
4370.27530,-0.96148,-3.84032,42.58586,7.10959,7.01039,13.23772,15.22816
4370.28530,-0.96148,-3.84032,42.58586,7.10959,7.01039,13.23772,15.22816
4370.29530,-1.07253,-3.76791,42.75151,7.16309,7.14759,13.15372,15.28711
4370.30530,-1.08526,-3.76692,42.75586,7.15859,7.15539,13.14772,15.29416
4370.31530,-1.08498,-3.76022,42.75716,7.16649,7.16049,13.14072,15.28946
4370.32530,-1.08240,-3.69994,42.76886,7.23759,7.20639,13.07772,15.24716
4370.33530,-1.08163,-3.69378,42.77696,7.24536,7.21290,13.07455,15.24414
4370.34530,-1.11516,-3.65766,42.73991,7.26012,7.25334,13.00910,15.21736
4370.35530,-1.14727,-3.65465,42.67186,7.23759,7.25839,12.96772,15.20816
4370.36530,-1.15334,-3.63681,42.74434,7.26111,7.29295,12.97252,15.21776
4370.37530,-1.17559,-3.60978,42.83315,7.29368,7.34139,12.95998,15.23810
4370.38530,-1.20409,-3.59567,42.85186,7.30659,7.36139,12.92772,15.25616
4370.39530,-1.19889,-3.59828,42.88162,7.29699,7.37627,12.95652,15.25184
4370.40530,-1.19326,-3.60110,42.91386,7.28659,7.39239,12.98772,15.24716
4370.41530,-1.16229,-3.61024,42.87636,7.32000,7.32898,12.96727,15.26011
4370.42530,-1.15899,-3.61407,42.97454,7.32647,7.34883,13.01052,15.28872
4370.43530,-1.17104,-3.61360,43.09986,7.31659,7.40239,13.06772,15.31316
4370.44530,-1.13326,-3.62184,42.94326,7.32199,7.32799,13.02572,15.26756
4370.45530,-1.10792,-3.62737,42.83886,7.32559,7.27839,12.99772,15.23716
4370.46530,-1.09772,-3.65400,42.80459,7.29200,7.25029,13.02514,15.23716
4370.47530,-1.08839,-3.65511,42.79942,7.28619,7.25227,13.03772,15.22324
4370.48530,-1.08336,-3.64305,42.81086,7.29659,7.26839,13.03772,15.20816
4370.49530,-1.10358,-3.66763,42.67916,7.24876,7.22542,13.00306,15.20192
4370.50530,-1.08547,-3.70742,42.64665,7.23245,7.15627,13.02179,15.23615
4370.51530,-1.05691,-3.73783,42.67386,7.23759,7.10339,13.05772,15.27516
4370.52530,-1.10630,-3.75760,42.65000,7.15031,7.14567,13.08499,15.26902
4370.53530,-1.12937,-3.76683,42.63886,7.10959,7.16539,13.09772,15.26616
4370.54530,-1.10084,-3.75807,42.76323,7.15564,7.17742,13.13879,15.29139
4370.55530,-1.03813,-3.74355,43.05271,7.25110,7.20639,13.24306,15.35216
4370.56530,-1.04279,-3.74914,43.04386,7.23759,7.20639,13.24772,15.35216
4370.57530,-1.05864,-3.73025,43.02526,7.26099,7.21239,13.19972,15.35216
4370.58530,-1.06921,-3.71765,43.01286,7.27659,7.21639,13.16772,15.35216
4370.59530,-1.04244,-3.74245,42.97090,7.25797,7.17412,13.19296,15.34585
4370.60530,-0.99694,-3.78461,42.89977,7.22642,7.10246,13.23574,15.33515
4370.61530,-1.00722,-3.78046,42.82286,7.20759,7.10339,13.20772,15.30416
4370.62530,-0.98560,-3.77900,42.85095,7.22642,7.09669,13.22368,15.30416
4370.63530,-0.94963,-3.77658,42.89775,7.25780,7.08552,13.25027,15.30416
4370.64530,-0.92817,-3.79554,42.78486,7.20759,7.06239,13.26772,15.24716
4370.65530,-0.92817,-3.79554,42.78486,7.20759,7.06239,13.26772,15.24716
4370.66530,-0.90364,-3.78955,42.96386,7.23759,7.10339,13.34772,15.27516
4370.67530,-0.87040,-3.78922,42.97336,7.25612,7.08866,13.36673,15.26185
4370.68530,-0.83333,-3.79184,43.00360,7.26766,7.08226,13.40652,15.24716
4370.69530,-0.83290,-3.79522,43.02586,7.25759,7.09339,13.42772,15.24716
4370.70530,-0.80557,-3.77157,43.04560,7.28955,7.11266,13.43242,15.21097
4370.71530,-0.74078,-3.77037,43.08871,7.31345,7.10545,13.49375,15.17607
4370.72530,-0.66855,-3.82443,43.13309,7.28762,7.04386,13.61295,15.18866
4370.73530,-0.61658,-3.81571,43.15369,7.32919,7.02565,13.63316,15.16570
4370.74530,-0.51004,-3.79207,43.19463,7.42181,6.99142,13.66671,15.11469
4370.75530,-0.53285,-3.79576,43.21353,7.39721,7.01534,13.67777,15.12321
4370.76530,-0.52713,-3.81179,43.26658,7.36905,7.03077,13.73752,15.12924
4370.77530,-0.42108,-3.82684,43.30486,7.41459,6.96939,13.81672,15.10416
4370.78530,-0.41447,-3.81447,43.36135,7.42464,7.00162,13.84098,15.09411
4370.79530,-0.38317,-3.80572,43.45790,7.42676,7.04831,13.91763,15.06520
4370.80530,-0.34701,-3.83340,43.43886,7.39459,7.02139,13.97672,15.04616
4370.81530,-0.32592,-3.83667,43.40052,7.39459,7.00245,13.97900,15.02448
4370.82530,-0.26366,-3.84631,43.28777,7.39459,6.94675,13.98571,14.96072
4370.83530,-0.24646,-3.85449,43.23189,7.38082,6.92649,13.98905,14.93553
4370.84530,-0.22400,-3.87378,43.12056,7.34149,6.89249,13.99572,14.89086
4370.85530,-0.12463,-3.83485,42.94986,7.38459,6.86639,13.96672,14.73216
4370.86530,-0.12994,-3.82863,42.96738,7.38802,6.88047,13.96672,14.73216
4370.87530,-0.14009,-3.81678,43.00086,7.39459,6.90739,13.96672,14.73216
4370.88530,-0.14009,-3.81678,43.00086,7.39459,6.90739,13.96672,14.73216
4370.89530,-0.09980,-3.86878,43.02341,7.37065,6.84071,14.04190,14.77016
4370.90530,-0.15365,-3.84964,43.00986,7.35559,6.88739,13.99672,14.77016
4370.91530,-0.15365,-3.84964,43.00986,7.35559,6.88739,13.99672,14.77016
4370.92530,-0.10683,-3.87220,43.01536,7.38984,6.81239,14.01172,14.80141
4370.93530,-0.10652,-3.87240,43.13686,7.37559,6.86639,14.08672,14.80816
4370.94530,-0.10652,-3.87240,43.13686,7.37559,6.86639,14.08672,14.80816
4370.95530,-0.10615,-3.87619,43.09738,7.38452,6.83725,14.05852,14.81709
4370.96530,-0.10573,-3.88048,43.05286,7.39459,6.80439,14.02672,14.82716
4370.97530,-0.09461,-3.88165,43.04152,7.40539,6.78765,14.02132,14.82716
4370.98530,-0.11671,-3.89255,42.90436,7.36072,6.76658,13.97581,14.80125
4370.99530,-0.13151,-3.89719,42.84486,7.33559,6.76339,13.95672,14.78916
4371.00530,-0.16813,-3.86376,42.87480,7.35697,6.81472,13.91395,14.78916
4371.01530,-0.15992,-3.87116,42.98413,7.37269,6.82119,13.96062,14.82963
4371.02530,-0.15058,-3.87965,43.02386,7.37559,6.81539,13.98672,14.84616
4371.03530,-0.19768,-3.85689,43.00176,7.38913,6.83749,13.91543,14.85970
4371.04530,-0.21666,-3.84771,42.99286,7.39459,6.84639,13.88672,14.86516
4371.05530,-0.18288,-3.88320,42.92668,7.35895,6.79330,13.92308,14.85134
4371.06530,-0.23281,-3.88727,42.91229,7.32663,6.81321,13.89880,14.87365
4371.07530,-0.23624,-3.88677,42.91286,7.32559,6.81539,13.89672,14.87516
4371.08530,-0.16857,-3.86884,42.95165,7.38280,6.80473,13.92581,14.83831
4371.09530,-0.26265,-3.89078,42.97148,7.31796,6.83477,13.90712,14.91162
4371.10530,-0.26463,-3.89125,42.97186,7.31659,6.83539,13.90672,14.91316
4371.11530,-0.27362,-3.89818,42.95052,7.32223,6.80966,13.88162,14.93701
4371.12530,-0.27896,-3.90229,42.93786,7.32559,6.79439,13.86672,14.95116
4371.13530,-0.28496,-3.92511,42.91216,7.28769,6.78090,13.88599,14.95758
4371.14530,-0.40218,-3.93339,42.92623,7.23669,6.82093,13.82772,15.04089
4371.15530,-0.43681,-3.93204,42.93486,7.22759,6.83539,13.80672,15.06516
4371.16530,-0.40672,-3.90397,43.03246,7.28121,6.86672,13.83082,15.05371
4371.17530,-0.39653,-3.89690,43.11630,7.31659,6.87227,13.84672,15.08072
4371.18530,-0.44829,-3.93466,43.03012,7.22285,6.86639,13.84672,15.09416
4371.19530,-0.45312,-3.91161,43.21782,7.29273,6.90165,13.86392,15.15952
4371.20530,-0.45264,-3.90700,43.25086,7.30659,6.90739,13.86672,15.17016
4371.21530,-0.47795,-3.89938,43.02162,7.27224,6.88078,13.76369,15.10491
4371.22530,-0.49062,-3.93084,42.91744,7.20869,6.85085,13.76375,15.09416
4371.23530,-0.49210,-3.93655,42.90586,7.19859,6.84639,13.76672,15.09416
4371.24530,-0.51488,-3.90139,42.96139,7.24845,6.88096,13.72139,15.11059
4371.25530,-0.54481,-3.88492,43.02942,7.28659,6.89628,13.68672,15.15983
4371.26530,-0.52912,-3.92743,43.09977,7.23831,6.88739,13.78490,15.18916
4371.27530,-0.58485,-3.92680,43.20897,7.24103,6.92167,13.77984,15.26644
4371.28530,-0.61474,-3.92280,43.25686,7.24759,6.93839,13.76672,15.30416
4371.29530,-0.60463,-3.92965,43.20646,7.24039,6.91607,13.75952,15.29048
4371.30530,-0.60640,-3.93155,43.27341,7.24486,6.92994,13.78581,15.31280
4371.31530,-0.60854,-3.93126,43.30586,7.24759,6.93839,13.79672,15.32316
4371.32530,-0.60388,-3.92559,43.36617,7.26629,6.95023,13.81199,15.33767
4371.33530,-0.59735,-3.91763,43.45112,7.29264,6.96689,13.83349,15.35810
4371.34530,0.59608,-3.49258,41.13409,7.29659,6.96939,13.83672,13.03139
4371.35530,-0.56526,-3.94421,43.39063,7.30988,6.87921,13.81899,15.38255
4371.36530,-0.52293,-3.97824,43.23286,7.25759,6.81539,13.83672,15.32316
4371.37530,-0.52423,-3.97914,43.23033,7.25253,6.81792,13.83925,15.32063
4371.38530,-0.50881,-3.98834,43.20501,7.24109,6.80369,13.85372,15.30651
4371.39530,-0.47302,-4.00050,43.17186,7.24759,6.76339,13.86672,15.29416
4371.40530,-0.49051,-4.01550,43.24640,7.22860,6.77811,13.90470,15.33499
4371.41530,-0.50978,-4.03204,43.32886,7.20759,6.79439,13.94672,15.38016
4371.42530,-0.50617,-4.02721,43.41675,7.23532,6.80426,13.96552,15.41165
4371.43530,-0.47355,-4.01991,43.56286,7.28539,6.81539,14.01962,15.44246
4371.44530,-0.44140,-4.01780,43.61586,7.30659,6.81539,14.05672,15.43716
4371.45530,-0.43182,-3.99411,43.54724,7.32492,6.82009,14.01442,15.38781
4371.46530,-0.40213,-3.98332,43.43226,7.33196,6.79625,13.98082,15.32323
4371.47530,-0.38083,-4.00142,43.38986,7.31659,6.76339,13.99672,15.31316
4371.48530,-0.40286,-4.01766,43.38196,7.28312,6.76339,14.00424,15.33121
4371.49530,-0.43942,-4.04462,43.36886,7.22759,6.76339,14.01672,15.36116
4371.50530,-0.40375,-4.05205,43.40946,7.24824,6.74169,14.05172,15.36781
4371.51530,-0.33673,-4.07666,43.54051,7.27644,6.70874,14.15522,15.40011
4371.52530,-0.33496,-4.09672,43.64386,7.25759,6.72239,14.22672,15.43716
4371.53530,-0.32208,-4.09674,43.66439,7.26902,6.71749,14.23839,15.43949
4371.54530,-0.28534,-4.09680,43.72306,7.30169,6.70349,14.27172,15.44616
4371.55530,-0.33672,-4.09688,43.67197,7.29693,6.69173,14.19945,15.48386
4371.56530,-0.33391,-4.09606,43.66233,7.29251,6.69464,14.20195,15.47323
4371.57530,-0.29261,-4.08901,43.59786,7.25759,6.72239,14.24672,15.37116
4371.58530,-0.29261,-4.08901,43.59786,7.25759,6.72239,14.24672,15.37116
4371.59530,-0.29380,-4.09424,43.62796,7.26074,6.71889,14.25722,15.39111
4371.60530,-0.35042,-4.15675,43.81986,7.19859,6.72239,14.35672,15.54216
4371.61530,-0.34606,-4.15770,43.78786,7.20725,6.70173,14.33672,15.54216
4371.62530,-0.35913,-4.17272,43.69749,7.21504,6.63645,14.27127,15.57472
4371.63530,-0.45517,-4.21219,43.77086,7.13859,6.66039,14.28672,15.68516
4371.64530,-0.45247,-4.21061,43.75593,7.14011,6.65719,14.28063,15.67800
4371.65530,-0.44067,-4.20373,43.69103,7.14673,6.64329,14.25414,15.64688
4371.66530,-0.43700,-4.20824,43.67865,7.14265,6.63482,14.25586,15.64532
4371.67530,-0.43543,-4.23622,43.70381,7.11682,6.61496,14.29559,15.67644
4371.68530,-0.42928,-4.23908,43.73786,7.13859,6.59839,14.29672,15.70416
4371.69530,-0.42928,-4.23908,43.73786,7.13859,6.59839,14.29672,15.70416
4371.70530,-0.38502,-4.25738,43.44321,7.08229,6.52729,14.25302,15.58061
4371.71530,-0.39007,-4.27038,43.63886,7.10959,6.53639,14.31672,15.67616
4371.72530,-0.39706,-4.27058,43.65895,7.10513,6.54676,14.32399,15.68307
4371.73530,-0.46659,-4.27252,43.85986,7.06059,6.65039,14.39672,15.75216
4371.74530,-0.46888,-4.27241,43.85826,7.06549,6.64519,14.38872,15.75886
4371.75530,-0.49370,-4.26862,43.85856,7.11449,6.60359,14.31472,15.82576
4371.76530,-0.53164,-4.24295,43.99086,7.15859,6.65039,14.29672,15.88516
4371.77530,-0.53164,-4.24295,43.99086,7.15859,6.65039,14.29672,15.88516
4371.78530,-0.48726,-4.24210,43.85890,7.14888,6.62031,14.28702,15.80268
4371.79530,-0.50592,-4.25872,43.83820,7.08098,6.64977,14.32591,15.78154
4371.80530,-0.50633,-4.25906,43.83786,7.07959,6.65039,14.32672,15.78116
4371.81530,-0.50898,-4.25091,43.80229,7.12421,6.61030,14.26205,15.80573
4371.82530,-0.51043,-4.24644,43.78286,7.14859,6.58839,14.22672,15.81916
4371.83530,-0.51980,-4.26255,43.80493,7.09147,6.62149,14.28513,15.80683
4371.84530,-0.49237,-4.24701,43.80852,7.11972,6.62423,14.28640,15.77818
4371.85530,-0.48199,-4.23927,43.80586,7.13859,6.61939,14.27672,15.77116
4371.86530,-0.52110,-4.26321,43.87635,7.08815,6.64591,14.32199,15.82031
4371.87530,-0.51581,-4.28956,43.92168,7.06059,6.63689,14.37704,15.84716
4371.88530,-0.48833,-4.28036,43.96153,7.09826,6.62939,14.38672,15.84716
4371.89530,-0.48126,-4.26366,44.02710,7.13106,6.64931,14.39314,15.85358
4371.90530,-0.47771,-4.25465,44.06286,7.14859,6.66039,14.39672,15.85716
4371.91530,-0.45952,-4.26145,43.88807,7.12398,6.61712,14.35430,15.79268
4371.92530,-0.51036,-4.25211,43.84844,7.10275,6.64390,14.30464,15.79715
4371.93530,-0.52055,-4.25013,43.84686,7.09959,6.65039,14.29672,15.80016
4371.94530,-0.48622,-4.23681,43.98236,7.12483,6.69331,14.37246,15.79174
4371.95530,-0.47978,-4.23432,44.00786,7.12959,6.70139,14.38672,15.79016
4371.96530,-0.46784,-4.25716,43.98305,7.12395,6.65517,14.39236,15.81158
4371.97530,-0.43903,-4.27573,43.99337,7.10586,6.64067,14.44476,15.80208
4371.98530,-0.43010,-4.27612,44.00686,7.09959,6.65039,14.46672,15.79016
4371.99530,-0.41145,-4.27158,43.95575,7.12681,6.61595,14.43339,15.77960
4372.00530,-0.33060,-4.25622,43.99596,7.21397,6.57101,14.44810,15.76288
4372.01530,-0.31691,-4.25378,44.01286,7.22759,6.56739,14.45672,15.76116
4372.02530,-0.36044,-4.25357,43.97254,7.17791,6.60483,14.44232,15.74748
4372.03530,-0.37740,-4.25349,43.95686,7.15859,6.61939,14.43672,15.74216
4372.04530,-0.31719,-4.25854,43.96329,7.18430,6.58596,14.47529,15.71773
4372.05530,-0.34310,-4.27404,43.89546,7.13919,6.57999,14.46072,15.71556
4372.06530,-0.38278,-4.28253,43.84786,7.09959,6.58839,14.43672,15.72316
4372.07530,-0.33522,-4.24611,43.83356,7.14667,6.60687,14.43076,15.64926
4372.08530,-0.30771,-4.23034,43.85772,7.18453,6.60692,14.43266,15.63362
4372.09530,-0.31095,-4.23644,43.88086,7.18859,6.59839,14.43672,15.65716
4372.10530,-0.28020,-4.21724,43.87670,7.21770,6.60493,14.43672,15.61736
4372.11530,-0.25919,-4.20412,43.87386,7.23759,6.60939,14.43672,15.59016
4372.12530,-0.28582,-4.20999,43.90969,7.22363,6.62335,14.44137,15.62134
4372.13530,-0.29080,-4.21946,43.93631,7.22636,6.61076,14.44672,15.65247
4372.14530,-0.26187,-4.22256,43.91986,7.24759,6.57839,14.44672,15.64716
4372.15530,-0.26312,-4.21253,43.82727,7.24289,6.57322,14.40442,15.60674
4372.16530,-0.25186,-4.18179,43.71534,7.25607,6.58369,14.34732,15.52826
4372.17530,-0.22487,-4.14054,43.69934,7.29541,6.61835,14.32732,15.45826
4372.18530,-0.24363,-4.14089,43.66056,7.27353,6.62721,14.31109,15.44873
4372.19530,-0.27422,-4.14337,43.60086,7.23759,6.63939,14.28672,15.43716
4372.20530,-0.27422,-4.14337,43.60086,7.23759,6.63939,14.28672,15.43716
4372.21530,-0.24002,-4.10225,43.55597,7.30031,6.64094,14.23624,15.37848
4372.22530,-0.27795,-4.07611,43.53629,7.31095,6.67391,14.17773,15.37370
4372.23530,-0.28095,-4.06545,43.53204,7.32311,6.68075,14.16046,15.36773
4372.24530,-0.24692,-4.07481,43.53102,7.33307,6.65259,14.18420,15.36116
4372.25530,-0.24319,-4.08409,43.49433,7.32587,6.63029,14.17701,15.36116
4372.26530,-0.22891,-4.06373,43.45717,7.34291,6.64014,14.15593,15.31819
4372.27530,-0.20220,-4.02454,43.38986,7.37559,6.66039,14.11672,15.23716
4372.28530,-0.19597,-4.02084,43.36810,7.37559,6.66039,14.11219,15.21993
4372.29530,-0.17759,-4.00993,43.30410,7.37559,6.66039,14.09885,15.16927
4372.30530,-0.16304,-3.97402,43.18986,7.36559,6.70139,14.06672,15.05616
4372.31530,-0.16065,-3.96079,43.14328,7.37545,6.70139,14.03612,15.03032
4372.32530,-0.14471,-3.93585,43.05762,7.39685,6.69913,13.98805,14.97359
4372.33530,-0.11149,-3.93828,43.07162,7.40352,6.69246,14.02139,14.95425
4372.34530,-0.10154,-3.93136,43.06911,7.41434,6.69389,14.01922,14.94166
4372.35530,-0.08762,-3.90943,43.05486,7.44359,6.70139,13.99672,14.91316
4372.36530,-0.08762,-3.90943,43.05486,7.44359,6.70139,13.99672,14.91316
4372.37530,0.03353,-3.91778,43.09836,7.48834,6.65514,14.09422,14.86066
4372.38530,0.08051,-3.87836,42.95886,7.53259,6.63939,14.02672,14.76016
4372.39530,0.08051,-3.87836,42.95886,7.53259,6.63939,14.02672,14.76016
4372.40530,0.07841,-3.86379,43.00286,7.52259,6.69139,14.05672,14.73216
4372.41530,0.07746,-3.85848,43.04308,7.53794,6.69936,14.06061,14.74518
4372.42530,0.07467,-3.84292,43.16136,7.58308,6.72279,14.07203,14.78346
4372.43530,0.06620,-3.81298,43.11627,7.61515,6.73239,14.00890,14.75983
4372.44530,0.06271,-3.80175,43.07186,7.62159,6.73239,13.97672,14.74116
4372.45530,0.03106,-3.80783,43.18177,7.60589,6.77322,14.01597,14.78669
4372.46530,-0.03938,-3.79725,43.21931,7.59331,6.81834,13.97704,14.83062
4372.47530,-0.05222,-3.79471,43.22086,7.59159,6.82539,13.96672,14.83716
4372.48530,-0.04466,-3.83459,43.26786,7.56259,6.79439,14.02672,14.88416
4372.49530,-0.04466,-3.83459,43.26786,7.56259,6.79439,14.02672,14.88416
4372.50530,-0.05776,-3.81034,43.21668,7.56943,6.81653,13.98127,14.84946
4372.51530,-0.06567,-3.82387,43.26986,7.55259,6.82539,14.01672,14.87516
4372.52530,-0.06567,-3.82387,43.26986,7.55259,6.82539,14.01672,14.87516
4372.53530,-0.11576,-3.82511,43.24986,7.52259,6.84639,13.98672,14.89416
4372.54530,-0.11576,-3.82511,43.24986,7.52259,6.84639,13.98672,14.89416
4372.55530,-0.10438,-3.85548,43.15883,7.56314,6.71812,13.91224,14.96533
4372.56530,-0.13101,-3.85330,43.33886,7.57159,6.77339,13.96672,15.02716
4372.57530,-0.13896,-3.85573,43.33704,7.56045,6.77930,13.96899,15.02830
4372.58530,-0.19767,-3.87758,43.33357,7.48077,6.81630,13.98819,15.04831
4372.59530,-0.18248,-3.89057,43.38223,7.51344,6.77497,13.99485,15.09897
4372.60530,-0.18146,-3.89587,43.40927,7.52145,6.76578,14.00127,15.12077
4372.61530,-0.20660,-3.90880,43.51386,7.51259,6.78439,14.03672,15.18016
4372.62530,-0.20660,-3.90880,43.51386,7.51259,6.78439,14.03672,15.18016
4372.63530,-0.24527,-3.92941,43.39002,7.46291,6.75415,13.98632,15.18664
4372.64530,-0.25702,-3.92684,43.31686,7.42459,6.77339,13.97672,15.14216
4372.65530,-0.25942,-3.92890,43.29082,7.41493,6.77059,13.97112,15.13418
4372.66530,-0.27086,-3.93878,43.16682,7.36893,6.75726,13.94445,15.09618
4372.67530,-0.27832,-3.94137,43.12096,7.35289,6.75339,13.93042,15.08426
4372.68530,-0.32193,-3.93809,43.02986,7.32559,6.75708,13.86942,15.07777
4372.69530,-0.33953,-3.93411,43.12086,7.32559,6.79439,13.89672,15.10416
4372.70530,-0.33823,-3.93066,43.11987,7.33270,6.79349,13.89042,15.10326
4372.71530,-0.32676,-3.89736,43.11715,7.40108,6.78718,13.83212,15.09677
4372.72530,-0.34399,-3.91401,43.19086,7.36559,6.81539,13.88672,15.12316
4372.73530,-0.34951,-3.91111,43.19077,7.36731,6.81912,13.87945,15.12489
4372.74530,-0.40465,-3.88216,43.18986,7.38459,6.85639,13.80672,15.14216
4372.75530,-0.40501,-3.88651,43.17609,7.37928,6.84892,13.80492,15.14297
4372.76530,-0.41247,-3.92777,43.05918,7.33090,6.78086,13.78852,15.15890
4372.77530,-0.45128,-3.89866,43.28486,7.38459,6.85639,13.80672,15.23716
4372.78530,-0.45128,-3.89866,43.28486,7.38459,6.85639,13.80672,15.23716
4372.79530,-0.48617,-3.88308,43.20049,7.34978,6.89297,13.76542,15.19232
4372.80530,-0.51264,-3.87127,43.13237,7.35271,6.88991,13.70281,15.18693
4372.81530,-0.51367,-3.87083,43.12786,7.36559,6.87639,13.68672,15.19916
4372.82530,-0.51114,-3.90333,43.25966,7.33693,6.88690,13.78223,15.25360
4372.83530,-0.51103,-3.90485,43.26586,7.33559,6.88739,13.78672,15.25616
4372.84530,-0.49953,-3.90656,43.30538,7.35612,6.87662,13.79698,15.27566
4372.85530,-0.49324,-3.90389,43.36733,7.37735,6.88081,13.81230,15.29686
4372.86530,-0.53782,-3.86238,43.60586,7.39459,7.02139,13.86672,15.32316
4372.87530,-0.53965,-3.85850,43.55548,7.39679,7.00995,13.83812,15.31062
4372.88530,-0.56215,-3.84824,43.31174,7.38523,6.96037,13.70834,15.25780
4372.89530,-0.61926,-3.86102,43.08086,7.31659,6.92839,13.60772,15.22816
4372.90530,-0.61173,-3.87489,43.03082,7.27819,6.92408,13.62929,15.19926
4372.91530,-0.60178,-3.89321,42.96486,7.22759,6.91839,13.65772,15.16116
4372.92530,-0.61713,-3.86619,42.89244,7.26948,6.90348,13.56542,15.15406
4372.93530,-0.66863,-3.88769,42.89691,7.23660,6.89739,13.54945,15.21347
4372.94530,-0.68580,-3.90006,42.90986,7.21759,6.89739,13.55772,15.23716
4372.95530,-0.70232,-3.85427,42.89488,7.25733,6.93887,13.49436,15.20433
4372.96530,-0.71962,-3.82329,42.88333,7.28125,6.96939,13.44772,15.18497
4372.97530,-0.72410,-3.82568,42.88286,7.27659,6.96939,13.44772,15.18916
4372.98530,-0.75783,-3.83202,42.74460,7.20030,6.98787,13.42388,15.13254
4372.99530,-0.77527,-3.83056,42.71285,7.17998,7.00039,13.41169,15.12078
4373.00530,-0.76686,-3.82182,42.80686,7.22759,7.00039,13.41772,15.16116
4373.01530,-0.76716,-3.80583,42.82299,7.24686,7.01652,13.40592,15.15369
4373.02530,-0.76764,-3.78118,42.84786,7.27659,7.04139,13.38772,15.14216
4373.03530,-0.79986,-3.79378,42.82756,7.23493,7.05261,13.38772,15.15231
4373.04530,-0.83383,-3.80073,42.79649,7.21393,7.05020,13.36019,15.17217
4373.05530,-0.84283,-3.79448,42.77586,7.23759,7.03139,13.31772,15.18916
4373.06530,-0.87875,-3.79580,42.74426,7.21017,7.04580,13.29449,15.19381
4373.07530,-0.92021,-3.79732,42.70786,7.17859,7.06239,13.26772,15.19916
4373.08530,-0.93392,-3.77029,42.76013,7.20591,7.10318,13.25188,15.19916
4373.09530,-0.94762,-3.73563,42.83814,7.24134,7.15899,13.24022,15.19760
4373.10530,-0.90901,-3.77035,42.82886,7.20759,7.12439,13.30772,15.18916
4373.11530,-0.94066,-3.75917,42.82651,7.18456,7.16763,13.29832,15.17600
4373.12530,-0.99112,-3.74280,42.87415,7.17739,7.22156,13.27832,15.19688
4373.13530,-1.00771,-3.73856,42.93086,7.19859,7.22739,13.26772,15.23716
4373.14530,-1.00576,-3.72603,42.90642,7.20767,7.23366,13.24892,15.21617
4373.15530,-1.00159,-3.69934,42.85442,7.22701,7.24699,13.20892,15.17150
4373.16530,-1.00147,-3.69854,42.85286,7.22759,7.24739,13.20772,15.17016
4373.17530,-1.07697,-3.68383,42.94889,7.22759,7.30753,13.17862,15.23515
4373.18530,-1.10280,-3.69003,42.96050,7.21798,7.30939,13.16812,15.26501
4373.19530,-1.10377,-3.69030,42.96086,7.21759,7.30939,13.16772,15.26616
4373.20530,-1.08076,-3.68017,42.93343,7.22738,7.30939,13.16772,15.22893
4373.21530,-1.08736,-3.68130,43.03186,7.22759,7.34039,13.20772,15.25616
4373.22530,-1.10251,-3.68643,43.03960,7.22531,7.33561,13.19861,15.28007
4373.23530,-1.15386,-3.70381,43.06586,7.21759,7.31939,13.16772,15.36116
4373.24530,-1.13992,-3.70436,43.08720,7.23277,7.31037,13.17652,15.36754
4373.25530,-1.11445,-3.71808,43.15775,7.26259,7.27839,13.20550,15.41127
4373.26530,-1.19805,-3.75929,43.13986,7.17859,7.27839,13.19772,15.48516
4373.27530,-1.21676,-3.75187,43.12626,7.17143,7.29504,13.17983,15.47997
4373.28530,-1.30304,-3.72861,43.05858,7.13140,7.35629,13.10212,15.46877
4373.29530,-1.30443,-3.77802,43.03458,7.09873,7.28762,13.12212,15.52611
4373.30530,-1.30132,-3.79084,43.02486,7.09269,7.26622,13.12669,15.53926
4373.31530,-1.27096,-3.78196,42.99886,7.11959,7.24739,13.11772,15.51416
4373.32530,-1.27096,-3.78196,42.99886,7.11959,7.24739,13.11772,15.51416
4373.33530,-1.36907,-3.79560,42.88155,7.04722,7.25491,13.03772,15.54170
4373.34530,-1.40224,-3.82674,42.89486,7.02059,7.22739,13.03772,15.60916
4373.35530,-1.40224,-3.82674,42.89486,7.02059,7.22739,13.03772,15.60916
4373.36530,-1.46098,-3.81185,42.93386,7.03059,7.25839,12.98772,15.65716
4373.37530,-1.46435,-3.81569,42.92851,7.02574,7.25423,12.98673,15.66181
4373.38530,-1.49912,-3.85239,42.87113,6.97448,7.21738,12.97682,15.70245
4373.39530,-1.53951,-3.86980,42.78286,6.90259,7.22739,12.96772,15.68516
4373.40530,-1.53759,-3.86674,42.76522,6.90439,7.22550,12.95962,15.67571
4373.41530,-1.51904,-3.83407,42.58866,6.92493,7.20765,12.87532,15.58076
4373.42530,-1.52917,-3.81622,42.60866,6.95093,7.22165,12.84865,15.58743
4373.43530,-1.53471,-3.80964,42.61227,6.95748,7.22860,12.83832,15.58786
4373.44530,-1.55020,-3.81780,42.56126,6.91184,7.24202,12.84504,15.56236
4373.45530,-1.55641,-3.82107,42.54086,6.89359,7.24739,12.84772,15.55216
4373.46530,-1.46838,-3.79356,42.57950,7.00737,7.19782,12.83843,15.53587
4373.47530,-1.51667,-3.81364,42.58754,6.95469,7.21568,12.84736,15.56980
4373.48530,-1.51846,-3.81366,42.58329,6.95318,7.21573,12.84514,15.56924
4373.49530,-1.51706,-3.80587,42.53760,6.95914,7.20911,12.81931,15.55003
4373.50530,-1.51519,-3.80161,42.47933,6.95628,7.20049,12.79692,15.52564
4373.51530,-1.51428,-3.80088,42.45186,6.95259,7.19639,12.78872,15.51416
4373.52530,-1.50816,-3.77019,42.64146,7.01739,7.25219,12.81812,15.55376
4373.53530,-1.50411,-3.74987,42.76786,7.06059,7.28939,12.83772,15.58016
4373.54530,-1.51713,-3.75122,42.69746,7.02773,7.29610,12.82498,15.54865
4373.55530,-1.55101,-3.75109,42.73716,6.98682,7.35058,12.85092,15.54885
4373.56530,-1.55680,-3.75092,42.75286,6.98159,7.36139,12.85772,15.55216
4373.57530,-1.55508,-3.75270,42.75669,6.98595,7.35498,12.85683,15.55893
4373.58530,-1.54115,-3.77377,42.79577,7.02510,7.28939,12.84958,15.63169
4373.59530,-1.57652,-3.80212,42.79486,6.97159,7.28939,12.86772,15.66616
4373.60530,-1.56431,-3.79187,42.81775,6.99427,7.29359,12.86772,15.66217
4373.61530,-1.51852,-3.75340,42.90386,7.07959,7.30939,12.86772,15.64716
4373.62530,-1.51563,-3.76110,42.86160,7.05990,7.30042,12.87061,15.63066
4373.63530,-1.50291,-3.78415,42.71409,7.00417,7.26355,12.87030,15.57606
4373.64530,-1.50096,-3.78557,42.69886,7.00159,7.25839,12.86772,15.57116
4373.65530,-1.52944,-3.78159,42.67658,6.99045,7.26953,12.84042,15.57617
4373.66530,-1.53511,-3.79817,42.62282,6.98159,7.22943,12.81872,15.59308
4373.67530,-1.52710,-3.81611,42.60586,6.96545,7.20639,12.83485,15.59916
4373.68530,-1.52122,-3.82781,42.61668,6.95259,7.20098,12.85854,15.60457
4373.69530,-1.51623,-3.83190,42.62586,6.95259,7.19639,12.86772,15.60916
4373.70530,-1.56107,-3.82112,42.73656,6.95981,7.24613,12.86772,15.66291
4373.71530,-1.57028,-3.79695,42.76001,6.97259,7.28646,12.85671,15.64424
4373.72530,-1.56880,-3.77937,42.75686,6.98159,7.30939,12.84772,15.61816
4373.73530,-1.56027,-3.80842,42.72126,6.98159,7.24306,12.83963,15.65699
4373.74530,-1.55825,-3.81529,42.71286,6.98159,7.22739,12.83772,15.66616
4373.75530,-1.52338,-3.83548,42.67436,6.97059,7.18779,12.86522,15.65076
4373.76530,-1.53233,-3.83206,42.75769,6.96979,7.22265,12.89592,15.66933
4373.77530,-1.54052,-3.82770,42.78286,6.97159,7.23739,12.89772,15.67616
4373.78530,-1.56940,-3.81430,42.89106,6.97159,7.29852,12.91936,15.70159
4373.79530,-1.59380,-3.80299,42.98286,6.97159,7.35039,12.93772,15.72316
4373.80530,-1.60742,-3.84144,42.92333,6.92212,7.30764,12.94610,15.74747
4373.81530,-1.59747,-3.82146,42.95581,6.96766,7.31052,12.92547,15.75216
4373.82530,-1.58746,-3.79963,42.99086,7.01159,7.31939,12.90772,15.75216
4373.83530,-1.62148,-3.83576,42.85341,6.92240,7.29485,12.89954,15.73661
4373.84530,-1.59304,-3.83322,42.87682,6.95210,7.27771,12.90885,15.73817
4373.85530,-1.56436,-3.82478,42.91986,6.99159,7.26839,12.91772,15.74216
4373.86530,-1.60748,-3.87008,42.90937,6.92785,7.24338,12.93386,15.80429
4373.87530,-1.61781,-3.88093,42.90686,6.91259,7.23739,12.93772,15.81916
4373.88530,-1.61312,-3.87281,42.82570,6.91259,7.22588,12.90482,15.78242
4373.89530,-1.65826,-3.89436,42.77326,6.85643,7.22431,12.89212,15.80040
4373.90530,-1.67731,-3.90534,42.77886,6.83459,7.22739,12.89772,15.81916
4373.91530,-1.65713,-3.93359,42.78028,6.84808,7.16136,12.90482,15.86602
4373.92530,-1.64889,-3.94513,42.78086,6.85359,7.13439,12.90772,15.88516
4373.93530,-1.63593,-3.96723,42.80326,6.83498,7.11883,12.94948,15.89997
4373.94530,-1.61770,-3.99832,42.83481,6.80878,7.09690,13.00831,15.92082
4373.95530,-1.68352,-4.03128,42.81386,6.78459,7.05239,12.95772,16.01916
4373.96530,-1.66498,-4.02239,42.71892,6.80370,7.01926,12.91312,15.98284
4373.97530,-1.60530,-4.02117,42.70375,6.84073,6.97961,12.92795,15.95546
4373.98530,-1.58120,-4.02306,42.72286,6.85359,6.96939,12.94772,15.95216
4373.99530,-1.60272,-4.01581,42.70288,6.85020,6.97989,12.92062,15.95216
4374.00530,-1.64479,-4.00164,42.66386,6.84359,7.00039,12.86772,15.95216
4374.01530,-1.66758,-3.98982,42.68900,6.83273,7.04154,12.86772,15.94702
4374.02530,-1.66096,-3.98843,42.63405,6.80854,7.05046,12.87307,15.90197
4374.03530,-1.64028,-3.99494,42.56986,6.79459,7.03139,12.87772,15.86616
4374.04530,-1.66258,-3.97016,42.62886,6.82350,7.06797,12.85412,15.88327
4374.05530,-1.65347,-3.96735,42.73240,6.86129,7.06920,12.87312,15.92879
4374.06530,-1.63643,-3.97730,42.77586,6.87359,7.05239,12.89772,15.95216
4374.07530,-1.65579,-3.96016,42.80025,6.88145,7.08465,12.88199,15.95216
4374.08530,-1.68561,-3.93376,42.83786,6.89359,7.13439,12.85772,15.95216
4374.09530,-1.70061,-3.93799,42.81906,6.87949,7.13439,12.84832,15.95686
4374.10530,-1.69788,-3.92634,42.76829,6.87943,7.13967,12.82769,15.92150
4374.11530,-1.68028,-3.91165,42.74186,6.89359,7.14439,12.81872,15.88516
4374.12530,-1.68054,-3.90681,42.75729,6.90330,7.14882,12.81586,15.88930
4374.13530,-1.69095,-3.87658,42.87470,6.95937,7.18818,12.80364,15.92351
4374.14530,-1.71013,-3.87384,42.92872,6.95456,7.21599,12.81433,15.94383
4374.15530,-1.72591,-3.88910,42.81751,6.90659,7.19859,12.79549,15.91685
4374.16530,-1.73511,-3.90811,42.66386,6.85359,7.16539,12.76872,15.87616
4374.17530,-1.74670,-3.92306,42.64882,6.83996,7.14612,12.76402,15.89872
4374.18530,-1.76705,-3.92821,42.73855,6.85232,7.15353,12.77282,15.95988
4374.19530,-1.77521,-3.91507,42.85886,6.88359,7.18639,12.78872,16.00016
4374.20530,-1.78409,-3.89773,42.82750,6.89677,7.19548,12.75236,15.98289
4374.21530,-1.79366,-3.90020,42.73782,6.88517,7.17294,12.71337,15.96634
4374.22530,-1.79238,-3.92713,42.67786,6.85359,7.13439,12.71872,15.97116
4374.23530,-1.79150,-3.91538,42.74836,6.87559,7.15752,12.72991,15.98533
4374.24530,-1.79003,-3.89572,42.86686,6.91259,7.19639,12.74872,16.00916
4374.25530,-1.80344,-3.90558,42.82901,6.89057,7.18745,12.74012,16.01088
4374.26530,-1.84550,-3.93648,42.71073,6.82175,7.15949,12.71324,16.01626
4374.27530,-1.84439,-3.95896,42.83586,6.80459,7.17539,12.78872,16.06716
4374.28530,-1.85937,-3.96501,42.83373,6.79057,7.17734,12.78695,16.07887
4374.29530,-1.90477,-3.98335,42.82728,6.74810,7.18326,12.78157,16.11435
4374.30530,-1.89238,-3.99167,42.84261,6.74789,7.17282,12.80102,16.12088
4374.31530,-1.81615,-3.98813,42.90420,6.79869,7.14870,12.85387,16.10295
4374.32530,-1.81610,-3.98630,42.97190,6.81111,7.16174,12.87250,16.12655
4374.33530,-1.83931,-3.98722,42.94380,6.80130,7.16066,12.84642,16.13541
4374.34530,-1.90789,-3.99147,42.80539,6.76223,7.14676,12.75437,16.14203
4374.35530,-1.88169,-3.97070,42.87286,6.79459,7.17539,12.77872,16.12416
4374.36530,-1.87797,-3.96901,42.88408,6.79899,7.17781,12.78312,16.12416
4374.37530,-1.86673,-3.96392,42.91808,6.81232,7.18515,12.79645,16.12416
4374.38530,-1.86407,-3.97774,42.92744,6.80289,7.17160,12.81280,16.14015
4374.39530,-1.87710,-4.01972,42.98648,6.77422,7.14034,12.85551,16.21641
4374.40530,-1.92371,-4.00503,43.13077,6.80040,7.18866,12.84879,16.29292
4374.41530,-1.92728,-3.98576,43.17708,6.82145,7.21913,12.84528,16.29123
4374.42530,-1.91539,-3.93354,43.24886,6.87359,7.28939,12.83772,16.24816
4374.43530,-1.91539,-3.93354,43.24886,6.87359,7.28939,12.83772,16.24816
4374.44530,-1.87001,-3.95802,43.15344,6.88816,7.19724,12.82487,16.24316
4374.45530,-1.90012,-3.94317,43.15186,6.83459,7.27839,12.84772,16.19116
4374.46530,-1.90053,-3.93914,43.06658,6.82964,7.26307,12.81336,16.16051
4374.47530,-1.89485,-3.92416,42.79136,6.82101,7.20975,12.70208,16.05852
4374.48530,-1.87382,-3.91630,42.74438,6.84047,7.18961,12.68194,16.03235
4374.49530,-1.87236,-3.92823,42.73612,6.82900,7.17601,12.69108,16.04003
4374.50530,-1.87818,-3.96840,42.73386,6.78459,7.14439,12.72872,16.07616
4374.51530,-1.87818,-3.96840,42.73386,6.78459,7.14439,12.72872,16.07616
4374.52530,-1.89961,-3.94686,42.74186,6.81209,7.15989,12.68372,16.08616
4374.53530,-1.90043,-3.95669,42.82586,6.77459,7.20639,12.75872,16.08616
4374.54530,-1.90043,-3.95669,42.82586,6.77459,7.20639,12.75872,16.08616
4374.55530,-1.83777,-3.99057,42.88258,6.81459,7.12119,12.80665,16.14016
4374.56530,-1.82271,-3.99296,42.81086,6.81459,7.09339,12.78872,16.11416
4374.57530,-1.82348,-4.00611,42.80789,6.79995,7.08236,12.80124,16.12434
4374.58530,-1.82635,-4.05500,42.79686,6.74559,7.04139,12.84772,16.16216
4374.59530,-1.83826,-4.05059,42.74425,6.74347,7.03482,12.81399,16.15198
4374.60530,-1.87851,-4.04011,42.55605,6.73133,7.00585,12.70045,16.11841
4374.61530,-1.85911,-4.06717,42.58871,6.71200,6.98518,12.75379,16.13775
4374.62530,-1.85335,-4.07409,42.59714,6.70659,6.98038,12.76872,16.14145
4374.63530,-1.84996,-4.06748,42.58986,6.70659,6.99039,12.76872,16.12416
4374.64530,-1.85555,-4.06891,42.58434,6.70213,6.99039,12.76516,16.12666
4374.65530,-1.91023,-4.08319,42.52778,6.66063,6.98708,12.72710,16.15297
4374.66530,-1.88172,-4.07860,42.52686,6.70659,6.94939,12.70872,16.16216
4374.67530,-1.88510,-4.07876,42.52382,6.70445,6.95025,12.70615,16.16297
4374.68530,-1.92739,-4.08083,42.48585,6.67771,6.96094,12.67407,16.17313
4374.69530,-1.91276,-4.01663,42.48186,6.72559,7.03139,12.63872,16.08616
4374.70530,-1.91399,-4.01362,42.48306,6.72913,7.03385,12.63452,16.08556
4374.71530,-1.92766,-3.98017,42.49639,6.76846,7.06119,12.58785,16.07889
4374.72530,-1.93326,-3.96646,42.50186,6.78459,7.07239,12.56872,16.07616
4374.73530,-1.97361,-3.97081,42.46168,6.74970,7.08609,12.54574,16.08015
4374.74530,-2.00612,-3.94144,42.55969,6.79539,7.12715,12.51263,16.12452
4374.75530,-2.01973,-3.92915,42.60086,6.81459,7.14439,12.49872,16.14316
4374.76530,-1.98930,-3.92279,42.74467,6.83363,7.18439,12.57491,16.15173
4374.77530,-2.05119,-3.91097,42.86586,6.87359,7.20639,12.52872,16.25716
4374.78530,-2.05357,-3.90994,42.86751,6.87359,7.20889,12.52711,16.25792
4374.79530,-2.08327,-3.89697,42.88811,6.87359,7.24004,12.50701,16.26747
4374.80530,-2.11028,-3.88518,42.90686,6.87359,7.26839,12.48872,16.27616
4374.81530,-2.11837,-3.89582,42.75732,6.83274,7.24001,12.45410,16.23047
4374.82530,-2.17810,-3.90856,42.70718,6.79539,7.23699,12.40992,16.26488
4374.83530,-2.18044,-3.90889,42.70786,6.79459,7.23739,12.40872,16.26716
4374.84530,-2.21908,-3.91090,42.59825,6.80429,7.18792,12.31172,16.29432
4374.85530,-2.25936,-3.94654,42.63366,6.72810,7.20912,12.36415,16.33230
4374.86530,-2.29072,-3.97509,42.66486,6.66659,7.22739,12.40872,16.36216
4374.87530,-2.35953,-3.94532,42.85244,6.70726,7.30375,12.38382,16.45761
4374.88530,-2.37355,-3.93926,42.89086,6.71559,7.31939,12.37872,16.47716
4374.89530,-2.33923,-3.95567,42.83514,6.69147,7.29444,12.41199,16.43724
4374.90530,-2.37175,-3.96270,42.81272,6.65929,7.30610,12.40201,16.44531
4374.91530,-2.40316,-3.96564,42.80386,6.63759,7.31939,12.38872,16.45816
4374.92530,-2.38707,-3.95722,42.80304,6.66131,7.31121,12.38054,16.44998
4374.93530,-2.38524,-3.96817,42.80675,6.66659,7.28659,12.37872,16.47486
4374.94530,-2.35630,-3.98489,42.86396,6.67200,7.26839,12.42741,16.49616
4374.95530,-2.37006,-4.02143,42.89044,6.64504,7.23522,12.45254,16.55764
4374.96530,-2.37938,-4.02877,42.88586,6.63759,7.22739,12.44872,16.57216
4374.97530,-2.36739,-4.01728,42.79478,6.63759,7.21950,12.42003,16.51765
4374.98530,-2.37648,-4.01414,42.83806,6.63039,7.24663,12.43752,16.52352
4374.99530,-2.38184,-4.01468,42.86886,6.62759,7.25839,12.44872,16.53416
4375.00530,-2.38184,-4.01468,42.86886,6.62759,7.25839,12.44872,16.53416
4375.01530,-2.40183,-3.99573,42.98086,6.61759,7.34039,12.48872,16.53416
4375.02530,-2.43588,-4.02161,42.87096,6.59442,7.27921,12.42931,16.56802
4375.03530,-2.45197,-4.02986,42.75130,6.56917,7.25026,12.38558,16.54628
4375.04530,-2.43958,-4.01369,42.67576,6.55321,7.27207,12.38026,16.47022
4375.05530,-2.45402,-4.00387,42.73311,6.56594,7.29632,12.37872,16.49212
4375.06530,-2.43121,-4.02939,42.82750,6.58964,7.25530,12.41943,16.56313
4375.07530,-2.40541,-4.05040,42.85386,6.59759,7.21639,12.44872,16.59116
4375.08530,-2.43820,-4.04886,42.84855,6.58638,7.22878,12.42512,16.60827
4375.09530,-2.46099,-4.04779,42.84486,6.57859,7.23739,12.40872,16.62016
4375.10530,-2.46267,-4.04876,42.84239,6.57002,7.24334,12.41453,16.61450
4375.11530,-2.44689,-4.06206,42.85345,6.55170,7.24023,12.45337,16.60815
4375.12530,-2.41741,-4.07079,42.88286,6.58859,7.19639,12.45872,16.63916
4375.13530,-2.46466,-4.07641,42.90563,6.55653,7.22520,12.45407,16.66983
4375.14530,-2.51229,-4.07520,42.99349,6.54106,7.27115,12.46117,16.72010
4375.15530,-2.49801,-4.05896,43.12461,6.58676,7.29831,12.48766,16.75189
4375.16530,-2.48964,-4.04726,43.11144,6.59971,7.30323,12.47721,16.73129
4375.17530,-2.47710,-4.02949,43.08186,6.61759,7.30939,12.45872,16.69616
4375.18530,-2.47251,-4.04308,43.04395,6.60223,7.28683,12.46185,16.69303
4375.19530,-2.46270,-4.07208,42.96328,6.56957,7.23883,12.46852,16.68636
4375.20530,-2.47639,-4.05756,42.90186,6.58859,7.22739,12.40872,16.67716
4375.21530,-2.46250,-4.06366,42.89849,6.58859,7.21482,12.42099,16.67409
4375.22530,-2.43230,-4.07694,42.89115,6.58859,7.18749,12.44765,16.66743
4375.23530,-2.45437,-4.06988,42.94286,6.55859,7.24739,12.47872,16.65816
4375.24530,-2.45467,-4.07089,43.00458,6.57653,7.24739,12.48784,16.69282
4375.25530,-2.45534,-4.07312,43.14175,6.61639,7.24739,12.50811,16.76985
4375.26530,-2.45286,-4.08154,43.24409,6.62526,7.25545,12.54709,16.81629
4375.27530,-2.47011,-4.09814,43.44040,6.60986,7.30223,12.63222,16.89609
4375.28530,-2.49403,-4.10183,43.48386,6.57859,7.34039,12.65872,16.90616
4375.29530,-2.49403,-4.10183,43.48386,6.57859,7.34039,12.65872,16.90616
4375.30530,-2.42101,-4.07487,43.15886,6.60759,7.25839,12.55872,16.73416
4375.31530,-2.44421,-4.08488,42.95033,6.55024,7.22987,12.50045,16.66976
4375.32530,-2.49541,-4.10700,42.49699,6.42557,7.16787,12.37379,16.52976
4375.33530,-2.38679,-4.08882,42.38986,6.49959,7.09339,12.35872,16.43816
4375.34530,-2.41457,-4.08644,42.34597,6.49336,7.08997,12.31826,16.44439
4375.35530,-2.47386,-4.08135,42.25260,6.48012,7.08268,12.23216,16.45763
4375.36530,-2.41279,-4.15560,42.33686,6.42059,7.03139,12.38872,16.49616
4375.37530,-2.39053,-4.12005,42.47117,6.49220,7.06868,12.39862,16.51167
4375.38530,-2.34575,-4.04855,42.74386,6.63759,7.14439,12.41872,16.54316
4375.39530,-2.34422,-4.04874,42.75670,6.63759,7.14819,12.42595,16.54497
4375.40530,-2.33973,-4.04927,42.79447,6.63759,7.15936,12.44723,16.55029
4375.41530,-2.31360,-4.00275,42.91686,6.69659,7.22739,12.46872,16.52416
4375.42530,-2.32028,-3.98927,42.90025,6.70034,7.24361,12.45092,16.50537
4375.43530,-2.33940,-3.95070,42.85279,6.71108,7.28994,12.40008,16.45170
4375.44530,-2.33039,-3.94743,42.82679,6.70277,7.29590,12.40570,16.42242
4375.45530,-2.32216,-3.95368,42.82386,6.69659,7.28939,12.41872,16.41916
4375.46530,-2.27046,-3.94228,42.92844,6.76963,7.27196,12.44362,16.44323
4375.47530,-2.26187,-3.93943,42.95040,6.77838,7.27577,12.45322,16.44303
4375.48530,-2.26803,-3.93693,42.93931,6.71869,7.33653,12.50182,16.38226
4375.49530,-2.14864,-3.96159,42.79586,6.74559,7.21639,12.52872,16.30516
4375.50530,-2.14672,-3.95186,42.75208,6.76077,7.20517,12.49572,16.29042
4375.51530,-2.13987,-3.91721,42.59686,6.81459,7.16539,12.37872,16.23816
4375.52530,-2.13247,-3.91203,42.55881,6.81177,7.16539,12.37167,16.20997
4375.53530,-2.09701,-3.88723,42.37760,6.79835,7.16539,12.33812,16.07574
4375.54530,-2.06408,-3.89175,41.90586,6.70659,7.09339,12.24872,15.85716
4375.55530,-2.04790,-3.89150,41.87099,6.71423,7.07473,12.24094,15.84109
4375.56530,-1.97050,-3.89029,41.70494,6.75065,6.98584,12.20391,15.76454
4375.57530,-1.98868,-3.87916,41.85086,6.80459,7.00039,12.19872,15.84716
4375.58530,-1.99342,-3.87534,41.90271,6.81637,7.01274,12.20589,15.86771
4375.59530,-2.04532,-3.83347,42.47882,6.94735,7.14991,12.28553,16.09603
4375.60530,-2.04478,-3.83130,42.52436,6.95994,7.15647,12.29409,16.11386
4375.61530,-2.01267,-3.82490,42.80556,7.05189,7.16989,12.36120,16.22258
4375.62530,-2.02744,-3.82633,43.37226,7.15421,7.25312,12.50110,16.46383
4375.63530,-2.02341,-3.82661,43.39512,7.16099,7.25341,12.50872,16.47200
4375.64530,-1.95777,-3.82666,43.30912,7.18765,7.19808,12.50872,16.41467
4375.65530,-1.84705,-3.82901,43.34253,7.22664,7.16572,12.59577,16.35441
4375.66530,-1.84180,-3.82899,43.32763,7.22433,7.16313,12.59651,16.34366
4375.67530,-1.81487,-3.82782,43.13622,7.18813,7.13798,12.57197,16.23814
4375.68530,-1.80023,-3.82718,43.03286,7.16859,7.12439,12.55872,16.18116
4375.69530,-1.83126,-3.89577,42.78741,7.03459,7.04815,12.54954,16.15514
4375.70530,-1.74267,-3.88450,42.71486,7.07959,7.00039,12.55872,16.07616
4375.71530,-1.74267,-3.88450,42.71486,7.07959,7.00039,12.55872,16.07616
4375.72530,-1.74878,-3.84452,42.82825,7.11646,7.07599,12.56794,16.06786
4375.73530,-1.74929,-3.84115,42.83786,7.11959,7.08239,12.56872,16.06716
4375.74530,-1.68761,-3.90126,42.85131,7.10998,6.98347,12.64555,16.11230
4375.75530,-1.67715,-3.90248,42.92233,7.12440,6.99012,12.67425,16.13356
4375.76530,-1.66958,-3.90128,42.98986,7.13859,7.00039,12.69872,16.15216
4375.77530,-1.67890,-3.86459,43.13476,7.18657,7.06948,12.70832,16.17039
4375.78530,-1.69673,-3.88784,43.16664,7.16116,7.06142,12.73066,16.21340
4375.79530,-1.71105,-3.90821,43.18786,7.13859,7.05239,12.74872,16.24816
4375.80530,-1.80584,-3.90690,43.27513,7.14638,7.07577,12.68638,16.36660
4375.81530,-1.83263,-3.90653,43.29986,7.14859,7.08239,12.66872,16.40016
4375.82530,-1.80089,-3.90229,43.30319,7.14027,7.09986,12.71030,16.35275
4375.83530,-1.81203,-3.88116,43.46903,7.18009,7.15485,12.73532,16.39877
4375.84530,-1.81562,-3.87703,43.50286,7.18859,7.16539,12.73872,16.41016
4375.85530,-1.80825,-3.87824,43.47464,7.19412,7.14824,12.72765,16.40463
4375.86530,-1.82954,-3.89272,43.30706,7.13191,7.12766,12.69178,16.35571
4375.87530,-1.84281,-3.89930,43.23686,7.09959,7.12439,12.67872,16.33416
4375.88530,-1.85840,-3.91572,43.28393,7.07849,7.12980,12.70577,16.36986
4375.89530,-1.87159,-3.92962,43.32386,7.06059,7.13439,12.72872,16.40016
4375.90530,-1.85195,-3.91563,43.29177,7.08217,7.12886,12.71212,16.36862
4375.91530,-1.82954,-3.92544,43.20625,7.08415,7.08022,12.69340,16.34848
4375.92530,-1.82378,-3.94405,43.15386,7.07059,7.04139,12.68872,16.35316
4375.93530,-1.85422,-3.95834,43.13671,7.03794,7.04139,12.68319,16.37419
4375.94530,-1.90995,-3.97736,43.16791,7.00635,7.04716,12.67348,16.44092
4375.95530,-1.93820,-3.98414,43.20886,7.00159,7.05239,12.66872,16.48616
4375.96530,-1.94430,-3.99893,43.29518,6.99605,7.05793,12.70745,16.53375
4375.97530,-1.94920,-4.01082,43.36486,6.99159,7.06239,12.73872,16.57216
4375.98530,-1.94205,-4.02061,43.52461,6.98352,7.10354,12.82666,16.61089
4375.99530,-1.94351,-4.03147,43.54692,6.96015,7.11339,12.85871,16.61466
4376.00530,-1.94611,-4.03846,43.53386,6.94259,7.11339,12.86772,16.61016
4376.01530,-1.95281,-4.03007,43.48649,6.93552,7.12117,12.84651,16.58329
4376.02530,-1.95559,-4.02659,43.46686,6.93259,7.12439,12.83772,16.57216
4376.03530,-1.92679,-4.07417,43.34261,6.90490,7.02144,12.83772,16.57855
4376.04530,-1.93406,-4.06698,43.58012,6.95607,7.06033,12.88742,16.67630
4376.05530,-1.94178,-4.05617,43.69786,6.98159,7.09339,12.90772,16.71516
4376.06530,-1.94776,-4.04320,43.65851,6.98970,7.09745,12.87567,16.69569
4376.07530,-1.95619,-4.02488,43.60308,7.00113,7.10316,12.83053,16.66826
4376.08530,-1.93510,-4.07890,43.80438,6.99199,7.07363,12.95256,16.78620
4376.09530,-1.93421,-4.08117,43.81286,6.99159,7.07239,12.95772,16.79116
4376.10530,-1.99933,-4.07413,43.71786,6.92259,7.12439,12.91772,16.75316
4376.11530,-1.98760,-4.07219,43.71207,6.92766,7.12119,12.92186,16.74137
4376.12530,-1.88826,-4.05951,43.67811,6.97409,7.08814,12.96022,16.65566
4376.13530,-1.89544,-4.07199,43.72686,6.98159,7.07239,12.96772,16.70516
4376.14530,-1.87041,-4.06305,43.70069,6.99949,7.06321,12.96313,16.67485
4376.15530,-1.85432,-4.06066,43.62007,6.98894,7.05239,12.95307,16.62566
4376.16530,-1.86977,-4.07005,43.56286,6.95259,7.05239,12.94772,16.61016
4376.17530,-1.87145,-4.05301,43.54224,6.96792,7.06297,12.92128,16.59007
4376.18530,-1.87294,-4.03781,43.52386,6.98159,7.07239,12.89772,16.57216
4376.19530,-1.87287,-4.05514,43.51329,6.95568,7.06182,12.91887,16.57692
4376.20530,-1.83402,-4.06996,43.49521,6.96366,7.01975,12.94165,16.57015
4376.21530,-1.77417,-4.06898,43.48186,7.01159,6.96939,12.94772,16.55316
4376.22530,-1.81709,-4.04515,43.47350,7.01577,7.00796,12.89661,16.55316
4376.23530,-1.86522,-4.02779,43.52203,7.02524,7.04727,12.86099,16.58853
4376.24530,-1.86369,-4.03938,43.58886,7.03059,7.04139,12.88772,16.62916
4376.25530,-1.86028,-4.03851,43.57230,7.02185,7.04645,12.89232,16.61168
4376.26530,-1.85628,-4.03748,43.55286,7.01159,7.05239,12.89772,16.59116
4376.27530,-1.82934,-4.03013,43.52649,7.02355,7.04595,12.90079,16.55620
4376.28530,-1.77066,-4.01411,43.46915,7.04955,7.03195,12.90745,16.48020
4376.29530,-1.86647,-3.99704,43.46586,7.04059,7.07239,12.81872,16.53416
4376.30530,-1.86647,-3.99704,43.46586,7.04059,7.07239,12.81872,16.53416
4376.31530,-1.85756,-3.98978,43.48786,7.02059,7.11339,12.85772,16.49616
4376.32530,-1.85675,-3.99119,43.49614,7.02979,7.10419,12.85312,16.50904
4376.33530,-1.84539,-3.98465,43.54266,7.05868,7.10290,12.85692,16.52416
4376.34530,-1.82281,-3.96689,43.62266,7.09801,7.12357,12.87692,16.52416
4376.35530,-1.81861,-3.96401,43.57641,7.09572,7.11628,12.86227,16.50214
4376.36530,-1.81930,-3.95983,43.50491,7.08069,7.11597,12.84385,16.46440
4376.37530,-1.83226,-3.95826,43.52025,7.06136,7.14330,12.85719,16.45840
4376.38530,-1.83222,-3.97267,43.46245,7.05679,7.10153,12.83534,16.46878
4376.39530,-1.83130,-3.99644,43.36686,7.05059,7.03139,12.79872,16.48616
4376.40530,-1.83130,-3.99644,43.36686,7.05059,7.03139,12.79872,16.48616
4376.41530,-1.80297,-3.98724,43.43069,7.05162,7.06860,12.85531,16.45516
4376.42530,-1.79373,-3.99643,43.36986,7.02059,7.06239,12.86772,16.41916
4376.43530,-1.80367,-3.99329,43.35148,7.02059,7.06239,12.84934,16.41916
4376.44530,-1.82025,-3.98805,43.32086,7.02059,7.06239,12.81872,16.41916
4376.45530,-1.82025,-3.98805,43.32086,7.02059,7.06239,12.81872,16.41916
4376.46530,-1.85401,-4.02110,43.38819,7.01425,7.02773,12.82205,16.52416
4376.47530,-1.88391,-4.02152,43.39686,6.98159,7.06239,12.82872,16.52416
4376.48530,-1.88391,-4.02152,43.39686,6.98159,7.06239,12.82872,16.52416
4376.49530,-1.83973,-4.02894,43.36411,6.97502,7.04426,12.86458,16.48025
4376.50530,-1.80713,-4.04902,43.33586,6.98159,6.99039,12.87772,16.48616
4376.51530,-1.81002,-4.04182,43.33833,6.98512,7.00133,12.87243,16.47945
4376.52530,-1.81879,-4.02003,43.34582,6.99581,7.03449,12.85638,16.45913
4376.53530,-1.80940,-4.01784,43.35693,7.01013,7.02794,12.85656,16.46230
4376.54530,-1.78085,-4.03817,43.39906,7.03059,6.98241,12.88402,16.50204
4376.55530,-1.80056,-4.02854,43.49386,7.03059,7.03139,12.90772,16.52416
4376.56530,-1.80056,-4.02854,43.49386,7.03059,7.03139,12.90772,16.52416
4376.57530,-1.80817,-3.99493,43.39464,7.03614,7.05773,12.84905,16.45172
4376.58530,-1.81521,-3.99723,43.30986,7.02059,7.04139,12.81872,16.42916
4376.59530,-1.80885,-3.99791,43.31385,7.02479,7.03719,12.82271,16.42916
4376.60530,-1.78493,-4.00047,43.32886,7.04059,7.02139,12.83772,16.42916
4376.61530,-1.78493,-4.00047,43.32886,7.04059,7.02139,12.83772,16.42916
4376.62530,-1.79983,-4.00318,43.33305,7.03159,7.02661,12.83373,16.44113
4376.63530,-1.85164,-4.02692,43.36986,6.95259,7.07239,12.87772,16.46716
4376.64530,-1.85164,-4.02692,43.36986,6.95259,7.07239,12.87772,16.46716
4376.65530,-1.81647,-3.96256,43.41006,7.07175,7.08876,12.81220,16.43736
4376.66530,-1.81521,-4.01249,43.30986,6.99159,7.04139,12.84772,16.42916
4376.67530,-1.81435,-4.00901,43.33137,6.99870,7.04787,12.85132,16.43348
4376.68530,-1.80575,-3.97398,43.54886,7.07059,7.11339,12.88772,16.47716
4376.69530,-1.80575,-3.97398,43.54886,7.07059,7.11339,12.88772,16.47716
4376.70530,-1.81819,-3.97536,43.50257,7.07059,7.09568,12.85401,16.48230
4376.71530,-1.78804,-3.96662,43.48004,7.09321,7.08239,12.85134,16.45310
4376.72530,-1.75945,-3.95954,43.48886,7.10959,7.08239,12.86772,16.42916
4376.73530,-1.78412,-3.98365,43.54286,7.09064,7.07292,12.88667,16.49263
4376.74530,-1.81552,-4.01707,43.50423,7.01483,7.07239,12.91321,16.50381
4376.75530,-1.82085,-4.02276,43.49686,7.00159,7.07239,12.91772,16.50516
4376.76530,-1.82782,-3.99485,43.42883,7.02638,7.07875,12.85478,16.46892
4376.77530,-1.83182,-3.97882,43.38986,7.04059,7.08239,12.81872,16.44816
4376.78530,-1.78181,-4.05898,43.30120,6.97551,6.96638,12.89323,16.46608
4376.79530,-1.77894,-4.04084,43.46291,6.99709,7.03144,12.94873,16.48565
4376.80530,-1.77903,-4.02786,43.55786,7.01159,7.07239,12.97772,16.49616
4376.81530,-1.77847,-4.05471,43.40895,7.02018,6.96453,12.90136,16.52289
4376.82530,-1.77844,-4.05599,43.40186,7.02059,6.95939,12.89772,16.52416
4376.83530,-1.82443,-4.06337,43.39404,6.97551,6.98791,12.89312,16.53750
4376.84530,-1.88937,-4.08234,43.38951,6.89982,7.02604,12.90166,16.56199
4376.85530,-1.90196,-4.09421,43.39486,6.87359,7.03139,12.91772,16.57216
4376.86530,-1.83275,-4.05960,43.56086,6.96559,7.05873,12.97105,16.56549
4376.87530,-1.80134,-4.06090,43.64870,7.01885,7.03125,12.98965,16.60896
4376.88530,-1.80206,-4.06533,43.64986,7.02059,7.02139,12.98772,16.62016
4376.89530,-1.80206,-4.06533,43.64986,7.02059,7.02139,12.98772,16.62016
4376.90530,-1.84907,-4.01651,43.55886,6.98159,7.12439,12.93772,16.51516
4376.91530,-1.86127,-4.05522,43.47896,6.93280,7.07348,12.93772,16.53496
4376.92530,-1.89338,-4.06601,43.45864,6.92679,7.05239,12.90222,16.57724
4376.93530,-1.90442,-4.06385,43.46386,6.93259,7.05239,12.88772,16.59116
4376.94530,-1.96117,-4.07025,43.50630,6.89015,7.09626,12.89249,16.62740
4376.95530,-2.01704,-4.07347,43.56002,6.85552,7.14201,12.89533,16.66716
4376.96530,-1.99708,-4.06138,43.58286,6.89359,7.13439,12.88772,16.66716
4376.97530,-2.00891,-4.05502,43.56298,6.88835,7.14538,12.87202,16.65722
4376.98530,-2.02397,-4.03595,43.54132,6.87769,7.18548,12.85772,16.62043
4376.99530,-2.02694,-4.02674,43.53886,6.87359,7.20639,12.85772,16.60116
4377.00530,-2.05157,-4.04600,43.46452,6.86769,7.15152,12.80521,16.64010
4377.01530,-2.06873,-4.05943,43.41286,6.86359,7.11339,12.76872,16.66716
4377.02530,-2.06493,-4.05646,43.39175,6.86359,7.11225,12.76298,16.65293
4377.03530,-2.03204,-4.02638,43.30183,6.88949,7.11450,12.72929,16.56854
4377.04530,-2.02899,-4.02010,43.36686,6.91259,7.12439,12.73872,16.59116
4377.05530,-2.05116,-4.02486,43.34771,6.88953,7.13221,12.73090,16.59507
4377.06530,-2.08576,-4.03228,43.31786,6.85359,7.14439,12.71872,16.60116
4377.07530,-2.03536,-4.02891,43.30810,6.89029,7.11094,12.72801,16.57886
4377.08530,-1.98743,-4.01939,43.27825,6.93259,7.07705,12.72011,16.54851
4377.09530,-1.99912,-4.01293,43.25686,6.93259,7.08239,12.69872,16.54316
4377.10530,-1.98337,-4.01401,43.28704,6.93259,7.09012,12.72816,16.53617
4377.11530,-1.97186,-4.01867,43.37824,6.93259,7.11079,12.78111,16.55375
4377.12530,-2.02111,-4.02762,43.50386,6.93259,7.13439,12.78872,16.64816
4377.13530,-2.00171,-4.02358,43.50754,6.94455,7.13133,12.79792,16.63375
4377.14530,-1.95955,-4.01481,43.51554,6.97055,7.12466,12.81792,16.60241
4377.15530,-1.95063,-4.03920,43.53407,6.94200,7.11263,12.86386,16.61557
4377.16530,-1.95676,-4.08413,43.55503,6.88991,7.08567,12.91932,16.66014
4377.17530,-1.98761,-4.09184,43.53986,6.88359,7.07239,12.88772,16.69616
4377.18530,-1.96467,-4.09799,43.57550,6.88986,7.06579,12.92072,16.69913
4377.19530,-1.92619,-4.11424,43.65352,6.89335,7.05616,12.99149,16.71251
4377.20530,-1.95037,-4.12576,43.67066,6.86535,7.06759,13.00292,16.73480
4377.21530,-1.96051,-4.13059,43.67786,6.85359,7.07239,13.00772,16.74416
4377.22530,-1.93305,-4.12873,43.66224,6.88838,7.03618,12.99352,16.74416
4377.23530,-1.92183,-4.12797,43.65586,6.90259,7.02139,12.98772,16.74416
4377.24530,-1.93951,-4.11450,43.60207,6.87462,7.05797,12.97338,16.69611
4377.25530,-1.92359,-4.09853,43.46609,6.89852,7.02107,12.90356,16.64294
4377.26530,-1.91432,-4.09422,43.41986,6.91259,7.00039,12.87772,16.62916
4377.27530,-1.89758,-4.09584,43.28057,6.88492,6.98036,12.85864,16.55665
4377.28530,-1.83514,-4.07503,43.46486,6.93259,7.03139,12.95772,16.54316
4377.29530,-1.83352,-4.06974,43.48526,6.94515,7.03547,12.95612,16.54852
4377.30530,-1.81502,-4.00928,43.71986,7.08959,7.08239,12.93772,16.61016
4377.31530,-1.81276,-4.01066,43.72319,7.08803,7.08239,12.94309,16.60968
4377.32530,-1.78447,-4.02782,43.76480,7.06857,7.08239,13.01020,16.60364
4377.33530,-1.80234,-4.00942,43.86521,7.09711,7.12173,13.00962,16.63675
4377.34530,-1.80434,-4.00770,43.87086,7.09959,7.12439,13.00772,16.63916
4377.35530,-1.74375,-3.98005,43.88142,7.15623,7.12439,13.01732,16.58348
4377.36530,-1.74946,-3.99892,43.86540,7.12622,7.11287,13.03418,16.59213
4377.37530,-1.75624,-4.01541,43.85186,7.09959,7.10339,13.04772,16.60116
4377.38530,-1.78436,-3.96172,43.95086,7.16113,7.17742,13.00313,16.60919
4377.39530,-1.78776,-3.95523,43.96286,7.16859,7.18639,12.99772,16.61016
4377.40530,-1.74436,-3.96805,43.93662,7.17499,7.14671,13.02332,16.59160
4377.41530,-1.79600,-3.98306,43.99309,7.14891,7.16223,13.02288,16.65906
4377.42530,-1.82241,-3.98577,44.01786,7.13859,7.17539,13.01772,16.68616
4377.43530,-1.76127,-4.00462,44.05114,7.13283,7.15555,13.10092,16.66184
4377.44530,-1.71267,-4.01880,44.13192,7.17267,7.11446,13.14772,16.69708
4377.45530,-1.70741,-4.02013,44.15486,7.18859,7.10339,13.14772,16.71516
4377.46530,-1.61794,-4.05051,44.27582,7.18859,7.08355,13.29492,16.70876
4377.47530,-1.56783,-4.06752,44.34386,7.18859,7.07239,13.37772,16.70516
4377.48530,-1.56690,-4.10162,44.12672,7.13074,6.99442,13.33580,16.66576
4377.49530,-1.56162,-4.10173,44.01934,7.11119,6.97939,13.31092,16.61784
4377.50530,-1.56065,-4.10048,44.00686,7.10959,6.97939,13.30772,16.61016
4377.51530,-1.55452,-4.08605,43.86825,7.11789,6.95449,13.24132,16.55455
4377.52530,-1.54734,-4.15148,43.93711,7.04497,6.92340,13.35348,16.61526
4377.53530,-1.54620,-4.16463,43.95586,7.03059,6.91839,13.37772,16.62916
4377.54530,-1.53019,-4.13531,44.16917,7.11276,6.96072,13.41092,16.68477
4377.55530,-1.52693,-4.12934,44.21286,7.12959,6.96939,13.41772,16.69616
4377.56530,-1.52164,-4.13102,44.22279,7.13041,6.96847,13.42692,16.69699
4377.57530,-1.48288,-4.15741,44.32821,7.12620,6.95498,13.51982,16.72721
4377.58530,-1.53324,-4.19441,44.35586,7.07959,6.93839,13.52772,16.81016
4377.59530,-1.51369,-4.17664,44.36938,7.10590,6.95095,13.52772,16.78482
4377.60530,-1.45891,-4.12485,44.36136,7.17849,6.97659,13.50752,16.69876
4377.61530,-1.47193,-4.13275,44.26186,7.15859,6.94939,13.46772,16.68616
4377.62530,-1.44625,-4.13572,44.23518,7.15859,6.93513,13.48152,16.65994
4377.63530,-1.41606,-4.13921,44.20386,7.15859,6.91839,13.49772,16.62916
4377.64530,-1.44977,-4.12975,44.13142,7.14325,6.92897,13.44485,16.61436
4377.65530,-1.43851,-4.13746,44.20497,7.14903,6.93169,13.48488,16.63938
4377.66530,-1.41826,-4.14537,44.27286,7.15859,6.92839,13.52772,16.65816
4377.67530,-1.42545,-4.14448,44.24509,7.16197,6.91789,13.50401,16.66121
4377.68530,-1.43951,-4.14274,44.19086,7.16859,6.89739,13.45772,16.66716
4377.69530,-1.44679,-4.13720,44.11702,7.12670,6.92650,13.45772,16.60610
4377.70530,-1.42513,-4.12574,44.07266,7.13751,6.92372,13.44825,16.56317
4377.71530,-1.39769,-4.11550,44.05686,7.16859,6.90739,13.43772,16.54316
4377.72530,-1.42048,-4.08302,44.03473,7.16859,6.96304,13.40420,16.49891
4377.73530,-1.44106,-4.07627,44.06457,7.16385,6.99039,13.40192,16.50840
4377.74530,-1.45148,-4.08652,44.10986,7.15859,6.99039,13.41772,16.54316
4377.75530,-1.50612,-4.07878,44.04001,7.15859,6.98293,13.32956,16.56893
4377.76530,-1.53211,-4.07510,44.00686,7.15859,6.97939,13.28772,16.58116
4377.77530,-1.50989,-4.07103,44.03460,7.16181,6.99294,13.31998,16.55987
4377.78530,-1.47194,-4.04259,44.13886,7.20125,7.04206,13.36772,16.52783
4377.79530,-1.47624,-4.03266,44.16186,7.21759,7.05239,13.35772,16.53416
4377.80530,-1.49609,-4.03087,44.06202,7.19887,7.04231,13.30972,16.51112
4377.81530,-1.51770,-4.02892,43.95386,7.17859,7.03139,13.25772,16.48616
4377.82530,-1.50017,-4.01527,43.82916,7.17859,7.01731,13.21749,16.41576
4377.83530,-1.52057,-4.00813,43.67935,7.15539,7.00566,13.15039,16.36791
4377.84530,-1.55305,-4.00768,43.58086,7.12959,7.00039,13.09772,16.35316
4377.85530,-1.52759,-3.98066,43.48049,7.16282,6.98615,13.04347,16.28806
4377.86530,-1.53571,-3.95848,43.42523,7.16428,7.00896,13.00818,16.24381
4377.87530,-1.55792,-3.94825,43.41686,7.14859,7.04139,12.99772,16.22916
4377.88530,-1.57433,-3.89669,43.22243,7.16200,7.06218,12.87771,16.12055
4377.89530,-1.58245,-3.87118,43.12686,7.16859,7.07239,12.81872,16.06716
4377.90530,-1.58243,-3.86458,42.98992,7.16859,7.03961,12.75527,16.02645
4377.91530,-1.57064,-3.82112,42.77848,7.19137,7.02850,12.64615,15.91247
4377.92530,-1.56223,-3.79429,42.71486,7.20759,7.04139,12.60872,15.85716
4377.93530,-1.56526,-3.75947,42.56000,7.17917,7.08315,12.56232,15.73536
4377.94530,-1.56747,-3.73410,42.44786,7.15859,7.11339,12.52872,15.64716
4377.95530,-1.57009,-3.72135,42.43266,7.17378,7.11681,12.50391,15.63817
4377.96530,-1.57461,-3.69936,42.40646,7.19999,7.12269,12.46113,15.62266
4377.97530,-1.59834,-3.66612,42.40028,7.22889,7.15350,12.40612,15.61177
4377.98530,-1.60750,-3.65516,42.40086,7.23759,7.16539,12.38872,15.60916
4377.99530,-1.58283,-3.59847,42.36252,7.29368,7.20160,12.33902,15.52822
4378.00530,-1.54534,-3.55035,42.33195,7.36487,7.20929,12.29032,15.46747
4378.01530,-1.53414,-3.54016,42.32586,7.38459,7.20639,12.27872,15.45616
4378.02530,-1.60002,-3.51986,42.39489,7.37710,7.27542,12.25377,15.48860
4378.03530,-1.61333,-3.51576,42.40886,7.37559,7.28939,12.24872,15.49516
4378.04530,-1.65356,-3.46637,42.38883,7.43187,7.31801,12.14378,15.49516
4378.05530,-1.71370,-3.40907,42.61586,7.50259,7.43339,12.11872,15.56116
4378.06530,-1.71627,-3.40757,42.66437,7.51579,7.43999,12.12532,15.58327
4378.07530,-1.71545,-3.39094,42.84239,7.56536,7.48408,12.15852,15.63443
4378.08530,-1.70327,-3.36347,43.00386,7.61159,7.54639,12.19872,15.64716
4378.09530,-1.71272,-3.37145,42.99808,7.60436,7.53652,12.19390,15.66330
4378.10530,-1.74136,-3.39567,42.98056,7.58246,7.50659,12.17930,15.71220
4378.11530,-1.74207,-3.40337,42.96331,7.57074,7.49776,12.18240,15.71241
4378.12530,-1.71448,-3.46107,42.80385,7.49257,7.41168,12.21452,15.68508
4378.13530,-1.62720,-3.42725,42.81886,7.60159,7.37139,12.19872,15.64716
4378.14530,-1.64825,-3.43443,42.78330,7.56995,7.37713,12.19312,15.64310
4378.15530,-1.74896,-3.46876,42.61397,7.41928,7.40447,12.16645,15.62377
4378.16530,-1.65132,-3.50348,42.57386,7.41459,7.33039,12.24872,15.58016
4378.17530,-1.65408,-3.50745,42.57064,7.41039,7.32605,12.24872,15.58548
4378.18530,-1.66722,-3.52640,42.55531,7.39039,7.30539,12.24872,15.61081
4378.19530,-1.67161,-3.53545,42.53480,7.37661,7.29520,12.24872,15.61427
4378.20530,-1.67171,-3.56770,42.42830,7.32108,7.25398,12.25502,15.59822
4378.21530,-1.65295,-3.57122,42.55786,7.37559,7.23739,12.27872,15.66616
4378.22530,-1.65295,-3.57122,42.55786,7.37559,7.23739,12.27872,15.66616
4378.23530,-1.72877,-3.59412,42.52441,7.31204,7.24676,12.25236,15.71325
4378.24530,-1.77330,-3.58215,42.59986,7.26659,7.34039,12.28872,15.70416
4378.25530,-1.77330,-3.58215,42.59986,7.26659,7.34039,12.28872,15.70416
4378.26530,-1.73543,-3.58978,42.51886,7.28659,7.27839,12.26872,15.68516
4378.27530,-1.73943,-3.59452,42.51522,7.28519,7.26971,12.26452,15.69580
4378.28530,-1.75848,-3.61709,42.49789,7.27852,7.22838,12.24452,15.74647
4378.29530,-1.75668,-3.64489,42.43586,7.22759,7.20639,12.26872,15.73316
4378.30530,-1.75657,-3.64428,42.44263,7.22544,7.21198,12.27410,15.73112
4378.31530,-1.75599,-3.64123,42.47651,7.21468,7.23994,12.30098,15.72090
4378.32530,-1.75561,-3.63922,42.49886,7.20759,7.25839,12.31872,15.71416
4378.33530,-1.78371,-3.63721,42.50761,7.21095,7.26176,12.29179,15.74311
4378.34530,-1.81169,-3.63017,42.62911,7.24346,7.28377,12.28747,15.81441
4378.35530,-1.76640,-3.62509,42.80286,7.28659,7.30939,12.36872,15.83816
4378.36530,-1.77668,-3.60751,42.81372,7.30210,7.33060,12.34803,15.83299
4378.37530,-1.76476,-3.59476,42.97911,7.35643,7.35684,12.38145,15.88440
4378.38530,-1.74966,-3.59733,43.08886,7.38459,7.36139,12.41872,15.92416
4378.39530,-1.81207,-3.65609,43.00209,7.27329,7.33215,12.42815,15.96849
4378.40530,-1.81584,-3.65964,42.99686,7.26659,7.33039,12.42872,15.97116
4378.41530,-1.78985,-3.63158,43.06403,7.32320,7.34959,12.42872,15.96252
4378.42530,-1.77863,-3.64685,43.35870,7.37359,7.37055,12.52472,16.08984
4378.43530,-1.77821,-3.64753,43.37086,7.37559,7.37139,12.52872,16.09516
4378.44530,-1.78064,-3.71780,43.25389,7.29095,7.28295,12.55725,16.12274
4378.45530,-1.73849,-3.72861,43.21113,7.28025,7.25876,12.59039,16.08173
4378.46530,-1.71398,-3.73277,43.18986,7.27659,7.24739,12.60872,16.05716
4378.47530,-1.69638,-3.71286,43.19269,7.28602,7.27663,12.61815,16.01189
4378.48530,-1.69532,-3.71166,43.19286,7.28659,7.27839,12.61872,16.00916
4378.49530,-1.70498,-3.78118,43.07126,7.20602,7.18663,12.63364,16.04497
4378.50530,-1.73833,-3.79913,43.11579,7.18824,7.18532,12.63872,16.10350
4378.51530,-1.73940,-3.79893,43.11886,7.18859,7.18639,12.63872,16.10516
4378.52530,-1.69652,-3.81396,43.22362,7.23361,7.14780,12.68467,16.15754
4378.53530,-1.70442,-3.81458,43.27360,7.21237,7.18449,12.72105,16.15569
4378.54530,-1.71079,-3.81420,43.29586,7.19859,7.20639,12.73872,16.15216
4378.55530,-1.65324,-3.84277,43.39402,7.25427,7.12900,12.78591,16.22483
4378.56530,-1.64982,-3.84447,43.39986,7.25759,7.12439,12.78872,16.22916
4378.57530,-1.71257,-3.85103,43.37719,7.23092,7.13106,12.74205,16.27316
4378.58530,-1.73843,-3.87995,43.49414,7.18612,7.15940,12.81473,16.33389
4378.59530,-1.73710,-3.88607,43.52486,7.17859,7.16539,12.83772,16.34316
4378.60530,-1.65249,-3.87972,43.55672,7.24482,7.12180,12.87126,16.31885
4378.61530,-1.63619,-3.87849,43.56286,7.25759,7.11339,12.87772,16.31416
4378.62530,-1.65735,-3.90248,43.51430,7.20946,7.09971,12.88213,16.32299
4378.63530,-1.68290,-3.93146,43.45579,7.15149,7.08322,12.88745,16.33363
4378.64530,-1.66843,-3.96434,43.66566,7.16759,7.07289,12.98272,16.44246
4378.65530,-1.66761,-3.96599,43.67686,7.16859,7.07239,12.98772,16.44816
4378.66530,-1.69609,-3.94552,43.79586,7.18680,7.13229,12.99561,16.48116
4378.67530,-1.68713,-3.93872,43.82586,7.21759,7.12439,12.98772,16.49616
4378.68530,-1.68713,-3.93872,43.82586,7.21759,7.12439,12.98772,16.49616
4378.69530,-1.66241,-3.92433,43.85273,7.26461,7.11384,12.97812,16.49616
4378.70530,-1.65904,-3.92934,43.84698,7.25769,7.10925,12.98581,16.49424
4378.71530,-1.64537,-3.97145,43.81092,7.18755,7.08665,13.05312,16.48360
4378.72530,-1.66919,-3.94525,43.89486,7.21759,7.13439,13.03772,16.50516
4378.73530,-1.64328,-3.95037,43.88173,7.22095,7.11689,13.05455,16.48934
4378.74530,-1.58062,-3.96371,43.82110,7.22319,7.06919,13.08772,16.44100
4378.75530,-1.56588,-3.96786,43.77686,7.21759,7.05239,13.08772,16.41916
4378.76530,-1.55525,-3.94884,43.62747,7.22345,7.03423,13.02328,16.34651
4378.77530,-1.54769,-3.93532,43.52186,7.22759,7.02139,12.97772,16.29516
4378.78530,-1.54921,-3.96143,43.39020,7.17075,6.98543,12.97192,16.26210
4378.79530,-1.54855,-3.98006,43.29025,7.13688,6.95133,12.96004,16.24200
4378.80530,-1.54574,-3.97944,43.28286,7.14859,6.93839,12.94772,16.24816
4378.81530,-1.55240,-3.93381,43.29608,7.18507,6.99285,12.91071,16.20745
4378.82530,-1.53725,-3.90560,43.32974,7.22931,7.01326,12.89726,16.18991
4378.83530,-1.50440,-3.92495,43.36386,7.24759,6.96939,12.92772,16.21916
4378.84530,-1.51779,-3.92272,43.37638,7.23241,6.99291,12.93531,16.21575
4378.85530,-1.53968,-3.91907,43.39686,7.20759,7.03139,12.94772,16.21016
4378.86530,-1.52369,-3.89646,43.36141,7.23895,7.03139,12.91590,16.17516
4378.87530,-1.53099,-3.85870,43.28971,7.25882,7.05963,12.85540,16.11585
4378.88530,-1.56275,-3.84602,43.25486,7.23759,7.09339,12.82872,16.09516
4378.89530,-1.56275,-3.84602,43.25486,7.23759,7.09339,12.82872,16.09516
4378.90530,-1.56105,-3.81697,43.16086,7.27045,7.08437,12.75395,16.05209
4378.91530,-1.58519,-3.79417,43.10686,7.27659,7.10339,12.69872,16.02816
4378.92530,-1.58519,-3.79417,43.10686,7.27659,7.10339,12.69872,16.02816
4378.93530,-1.46639,-3.78342,43.12986,7.32559,7.08239,12.77872,15.94316
4378.94530,-1.47017,-3.78027,43.13882,7.32192,7.09501,12.78279,15.93909
4378.95530,-1.48666,-3.76105,43.13886,7.32959,7.12373,12.75872,15.92683
4378.96530,-1.50864,-3.73176,43.11286,7.35559,7.14439,12.69872,15.91416
4378.97530,-1.52137,-3.72236,43.09042,7.35889,7.15132,12.67232,15.90789
4378.98530,-1.55123,-3.70811,43.05388,7.35481,7.17001,12.62972,15.89934
4378.99530,-1.56331,-3.72286,43.08121,7.32214,7.18401,12.66305,15.91201
4379.00530,-1.55207,-3.71471,43.08609,7.33452,7.18869,12.66412,15.89876
4379.01530,-1.50754,-3.67898,43.08686,7.39459,7.19639,12.64872,15.84716
4379.02530,-1.50754,-3.67898,43.08686,7.39459,7.19639,12.64872,15.84716
4379.03530,-1.47592,-3.70309,43.00902,7.39579,7.12335,12.64272,15.84716
4379.04530,-1.51044,-3.67933,43.03359,7.40150,7.17078,12.61415,15.84716
4379.05530,-1.52906,-3.66651,43.04686,7.40459,7.19639,12.59872,15.84716
4379.06530,-1.57061,-3.68147,43.01123,7.37012,7.19055,12.57535,15.87520
4379.07530,-1.60023,-3.69214,42.98586,7.34559,7.18639,12.55872,15.89516
4379.08530,-1.56005,-3.70290,42.97434,7.34559,7.16221,12.59327,15.87328
4379.09530,-1.52648,-3.70956,42.99486,7.35139,7.15077,12.63032,15.86238
4379.10530,-1.52362,-3.70864,43.01586,7.35559,7.15539,12.63872,15.86616
4379.11530,-1.52977,-3.68118,43.01528,7.40141,7.16119,12.58652,15.86616
4379.12530,-1.54692,-3.68251,42.95586,7.38459,7.15539,12.55872,15.85716
4379.13530,-1.53909,-3.68075,42.95263,7.38277,7.15943,12.56680,15.84362
4379.14530,-1.50817,-3.67379,42.93986,7.37559,7.17539,12.59872,15.79016
4379.15530,-1.50817,-3.67379,42.93986,7.37559,7.17539,12.59872,15.79016
4379.16530,-1.53382,-3.76502,42.78001,7.25912,7.06651,12.61549,15.83889
4379.17530,-1.57018,-3.73715,42.81586,7.27659,7.11339,12.57872,15.84716
4379.18530,-1.57055,-3.73568,42.82014,7.27659,7.11760,12.58034,15.84562
4379.19530,-1.57591,-3.72051,42.88276,7.27748,7.16628,12.60318,15.83582
4379.20530,-1.58721,-3.73622,43.02486,7.28659,7.17539,12.64872,15.91416
4379.21530,-1.58632,-3.73491,43.03674,7.29216,7.17628,12.64953,15.91877
4379.22530,-1.57629,-3.72006,43.17186,7.35559,7.18639,12.65872,15.97116
4379.23530,-1.57629,-3.72006,43.17186,7.35559,7.18639,12.65872,15.97116
4379.24530,-1.63475,-3.75273,43.07738,7.28168,7.16675,12.63066,15.99829
4379.25530,-1.59644,-3.76436,43.08786,7.31659,7.11339,12.63872,16.01916
4379.26530,-1.59644,-3.76436,43.08786,7.31659,7.11339,12.63872,16.01916
4379.27530,-1.65880,-3.72236,43.07786,7.31659,7.18939,12.57205,15.99983
4379.28530,-1.63237,-3.74452,43.05270,7.28779,7.16787,12.61552,15.98152
4379.29530,-1.62996,-3.74632,43.05186,7.28659,7.16539,12.61872,15.98116
4379.30530,-1.64050,-3.74079,43.13562,7.29600,7.19457,12.63754,16.00751
4379.31530,-1.64116,-3.74044,43.14086,7.29659,7.19639,12.63872,16.00916
4379.32530,-1.65159,-3.77919,42.95096,7.24349,7.11269,12.59372,16.00106
4379.33530,-1.67740,-3.79743,43.01029,7.21859,7.12303,12.62039,16.04829
4379.34530,-1.69162,-3.80546,43.05686,7.20759,7.13439,12.63872,16.07616
4379.35530,-1.64953,-3.76364,43.19138,7.29249,7.17351,12.65780,16.06757
4379.36530,-1.64751,-3.76163,43.19786,7.29659,7.17539,12.65872,16.06716
4379.37530,-1.64111,-3.77824,43.20447,7.30602,7.13670,12.65872,16.10303
4379.38530,-1.66217,-3.77771,43.29099,7.31862,7.15403,12.66505,16.15329
4379.39530,-1.67454,-3.77684,43.34086,7.32559,7.16539,12.66872,16.18116
4379.40530,-1.71869,-3.76788,43.21302,7.26071,7.20451,12.63056,16.11724
4379.41530,-1.72763,-3.79658,43.26578,7.23219,7.19623,12.67443,16.16292
4379.42530,-1.73421,-3.82472,43.32286,7.20759,7.18639,12.71872,16.21016
4379.43530,-1.73618,-3.82444,43.31397,7.21567,7.17589,12.70458,16.21784
4379.44530,-1.74397,-3.82334,43.27886,7.24759,7.13439,12.64872,16.24816
4379.45530,-1.73970,-3.82282,43.25307,7.24000,7.13439,12.64872,16.22995
4379.46530,-1.74047,-3.83029,43.11977,7.20982,7.10616,12.61684,16.18695
4379.47530,-1.74981,-3.84027,43.01086,7.18859,7.07239,12.57872,16.17116
4379.48530,-1.72451,-3.84404,43.01419,7.16192,7.09306,12.63205,16.12716
4379.49530,-1.81501,-3.84681,43.01018,7.08611,7.16232,12.61612,16.14563
4379.50530,-1.85715,-3.84717,43.00786,7.06059,7.18639,12.59872,16.16216
4379.51530,-1.83349,-3.85832,43.11010,7.09538,7.16438,12.63422,16.21612
4379.52530,-1.82386,-3.86286,43.15186,7.10959,7.15539,12.64872,16.23816
4379.53530,-1.82789,-3.86364,43.17178,7.11469,7.15539,12.64872,16.25297
4379.54530,-1.81913,-3.85899,43.26007,7.14526,7.16284,12.66732,16.28465
4379.55530,-1.79793,-3.84992,43.37686,7.18859,7.17539,12.69872,16.31416
4379.56530,-1.83044,-3.88386,43.27188,7.12537,7.13943,12.68132,16.32576
4379.57530,-1.86848,-3.90891,43.25270,7.07959,7.13137,12.68032,16.36142
4379.58530,-1.87889,-3.90917,43.29386,7.07959,7.14439,12.68872,16.38116
4379.59530,-1.83962,-3.87351,43.37158,7.13121,7.18615,12.71192,16.34230
4379.60530,-1.81127,-3.84776,43.42786,7.16859,7.21639,12.72872,16.31416
4379.61530,-1.81559,-3.86334,43.32462,7.14017,7.18101,12.70552,16.29792
4379.62530,-1.82762,-3.87451,43.26076,7.12348,7.15539,12.68093,16.30095
4379.63530,-1.84156,-3.87427,43.27786,7.12959,7.15539,12.66872,16.32416
4379.64530,-1.86559,-3.85838,43.28466,7.11913,7.19826,12.65827,16.30900
4379.65530,-1.87835,-3.85493,43.30487,7.11737,7.21326,12.65651,16.31774
4379.66530,-1.86397,-3.87226,43.32686,7.12959,7.17539,12.66872,16.35316
4379.67530,-1.87933,-3.86152,43.35054,7.12503,7.20819,12.66872,16.34861
4379.68530,-1.89767,-3.84869,43.37886,7.11959,7.24739,12.66872,16.34316
4379.69530,-1.89939,-3.86224,43.33431,7.09754,7.22894,12.66872,16.33911
4379.70530,-1.88144,-3.86950,43.33251,7.10569,7.20639,12.67772,16.34271
4379.71530,-1.85697,-3.85813,43.39686,7.14859,7.20639,12.68872,16.35316
4379.72530,-1.87644,-3.82901,43.34106,7.15759,7.23429,12.63472,16.31446
4379.73530,-1.90031,-3.79331,43.27286,7.16859,7.26839,12.56872,16.26716
4379.74530,-1.89958,-3.80302,43.24477,7.15953,7.24967,12.56570,16.26988
4379.75530,-1.89795,-3.82464,43.18236,7.13939,7.20806,12.55899,16.27592
4379.76530,-1.91692,-3.87448,43.15786,7.07959,7.16539,12.58872,16.32416
4379.77530,-1.91056,-3.87065,43.16508,7.08921,7.16539,12.58872,16.32175
4379.78530,-1.89644,-3.86215,43.18112,7.11060,7.16539,12.58872,16.31641
