time_s,cop_x_cm,cop_y_cm,mass_kg,tr_kg,tl_kg,br_kg,bl_kg
5618.02400,-1.51647,-2.84176,63.36286,11.47759,12.30639,17.98472,21.59416
5618.03400,-1.51755,-2.83627,63.25078,11.46416,12.29297,17.94445,21.54919
5618.04400,-1.54250,-2.84334,63.29210,11.44196,12.31107,17.94940,21.58968
5618.05400,-1.54776,-2.84544,63.31286,11.43859,12.31639,17.95472,21.60316
5618.06400,-1.55502,-2.87159,63.22325,11.39509,12.25375,17.94602,21.62839
5618.07400,-1.52528,-2.88352,63.33992,11.42374,12.23561,18.01502,21.66555
5618.08400,-1.52103,-2.88462,63.35786,11.42859,12.23439,18.02472,21.67016
5618.09400,-1.57859,-2.85999,63.46170,11.45411,12.31623,17.96312,21.72824
5618.10400,-1.58642,-2.85663,63.47586,11.45759,12.32739,17.95472,21.73616
5618.11400,-1.58165,-2.87274,63.36205,11.38836,12.30921,17.97819,21.68629
5618.12400,-1.57313,-2.85781,63.32905,11.42417,12.30252,17.93956,21.66281
5618.13400,-1.56987,-2.84122,63.35886,11.47759,12.30639,17.90472,21.67016
5618.14400,-1.58854,-2.83366,63.37086,11.44084,12.36864,17.91972,21.64166
5618.15400,-1.61033,-2.83043,63.24586,11.42109,12.35039,17.84972,21.62466
5618.16400,-1.61554,-2.83019,63.20286,11.41859,12.33739,17.82472,21.62216
5618.17400,-1.60195,-2.84986,63.30774,11.40339,12.33739,17.90832,21.65864
5618.18400,-1.59766,-2.85606,63.34086,11.39859,12.33739,17.93472,21.67016
5618.19400,-1.59907,-2.85071,63.34530,11.40665,12.34586,17.92666,21.66613
5618.20400,-1.59884,-2.84829,63.42620,11.41859,12.37099,17.95252,21.68410
5618.21400,-1.59749,-2.85152,63.46986,11.41859,12.37839,17.97472,21.69816
5618.22400,-1.59464,-2.84307,63.43480,11.44675,12.36058,17.93449,21.69299
5618.23400,-1.57678,-2.83366,63.45422,11.48019,12.36062,17.93622,21.67719
5618.24400,-1.56754,-2.83181,63.48086,11.48759,12.36839,17.95472,21.67016
5618.25400,-1.60971,-2.84140,63.43606,11.43063,12.38183,17.92912,21.69448
5618.26400,-1.63346,-2.84680,63.41086,11.39859,12.38939,17.91472,21.70816
5618.27400,-1.63346,-2.84680,63.41086,11.39859,12.38939,17.91472,21.70816
5618.28400,-1.59338,-2.85223,63.36511,11.42109,12.33464,17.92972,21.67966
5618.29400,-1.59397,-2.85329,63.33016,11.39147,12.34821,17.94230,21.64819
5618.30400,-1.59844,-2.85305,63.32386,11.37959,12.35839,17.94472,21.64116
5618.31400,-1.59655,-2.85243,63.39857,11.39407,12.37364,17.96759,21.66327
5618.32400,-1.59538,-2.86185,63.35438,11.38365,12.34130,17.95927,21.67016
5618.33400,-1.59845,-2.87062,63.32608,11.37234,12.31767,17.95297,21.68309
5618.34400,-1.60542,-2.87003,63.39380,11.37763,12.33937,17.96885,21.70796
5618.35400,-1.56312,-2.85888,63.46986,11.43412,12.34234,18.00956,21.68383
5618.36400,-1.52874,-2.86439,63.46323,11.44218,12.31647,18.04882,21.65575
5618.37400,-1.53791,-2.87997,63.40886,11.39859,12.29639,18.05372,21.66016
5618.38400,-1.53715,-2.87470,63.39053,11.40639,12.29639,18.03851,21.64924
5618.39400,-1.53597,-2.86645,63.36186,11.41859,12.29639,18.01472,21.63216
5618.40400,-1.53011,-2.88958,63.35143,11.39288,12.25392,18.04415,21.66047
5618.41400,-1.49977,-2.91903,63.37133,11.38595,12.18643,18.10474,21.69420
5618.42400,-1.46456,-2.90264,63.43586,11.44859,12.19339,18.12372,21.67016
5618.43400,-1.46456,-2.90264,63.43586,11.44859,12.19339,18.12372,21.67016
5618.44400,-1.51284,-2.92389,63.28367,11.36048,12.16580,18.07032,21.68707
5618.45400,-1.49774,-2.91975,63.15786,11.35959,12.13139,18.03472,21.63216
5618.46400,-1.50209,-2.90333,63.22624,11.38767,12.17429,18.03212,21.63216
5618.47400,-1.49212,-2.86694,63.41722,11.46759,12.26675,18.05566,21.62722
5618.48400,-1.43114,-2.89739,63.40014,11.46087,12.18239,18.14372,21.61316
5618.49400,-1.44054,-2.90322,63.37432,11.43504,12.18239,18.14372,21.61316
5618.50400,-1.51806,-2.87305,63.41086,11.41859,12.29639,18.06372,21.63216
5618.51400,-1.51040,-2.87736,63.41280,11.41859,12.28512,18.07584,21.63325
5618.52400,-1.45801,-2.90657,63.42570,11.42116,12.20610,18.15600,21.64245
5618.53400,-1.47931,-2.89268,63.41786,11.43859,12.22439,18.10372,21.65116
5618.54400,-1.47931,-2.89268,63.41786,11.43859,12.22439,18.10372,21.65116
5618.55400,-1.42832,-2.88330,63.34011,11.47697,12.18306,18.10372,21.57637
5618.56400,-1.51675,-2.89539,63.27986,11.36959,12.23439,18.05372,21.62216
5618.57400,-1.51653,-2.89515,63.27999,11.37008,12.23460,18.05362,21.62169
5618.58400,-1.49421,-2.87192,63.29286,11.41859,12.25539,18.04372,21.57516
5618.59400,-1.49382,-2.87204,63.29293,11.41889,12.25477,18.04402,21.57525
5618.60400,-1.45574,-2.88446,63.30159,11.44798,12.19443,18.07463,21.58454
5618.61400,-1.48933,-2.89188,63.47086,11.38859,12.29639,18.16372,21.62216
5618.62400,-1.48933,-2.89188,63.47086,11.38859,12.29639,18.16372,21.62216
5618.63400,-1.45680,-2.90816,63.52007,11.44335,12.21465,18.17959,21.68248
5618.64400,-1.46528,-2.90007,63.46422,11.45759,12.20214,18.12689,21.67761
5618.65400,-1.48478,-2.88587,63.38533,11.45759,12.21219,18.06156,21.65399
5618.66400,-1.48712,-2.88417,63.37586,11.45759,12.21339,18.05372,21.65116
5618.67400,-1.48388,-2.89531,63.32486,11.44859,12.17239,18.04372,21.66016
5618.68400,-1.46727,-2.88616,63.32750,11.45651,12.19087,18.06132,21.61880
5618.69400,-1.46429,-2.87468,63.36577,11.47631,12.21727,18.06372,21.60848
5618.70400,-1.46347,-2.86307,63.40886,11.49759,12.24439,18.06372,21.60316
5618.71400,-1.47668,-2.85002,63.37698,11.49759,12.26873,18.02953,21.58114
5618.72400,-1.48866,-2.85262,63.34598,11.46895,12.27852,18.02620,21.57232
5618.73400,-1.48961,-2.85741,63.34286,11.45759,12.27539,18.03472,21.57516
5618.74400,-1.47334,-2.86293,63.25961,11.45759,12.22889,18.01972,21.55341
5618.75400,-1.46791,-2.86477,63.23186,11.45759,12.21339,18.01472,21.54616
5618.76400,-1.48125,-2.87407,63.28713,11.45246,12.21339,18.02612,21.59516
5618.77400,-1.49090,-2.88083,63.44667,11.46056,12.24615,18.07819,21.66177
5618.78400,-1.49066,-2.88068,63.51586,11.46759,12.26539,18.10372,21.67916
5618.79400,-1.50519,-2.87306,63.44045,11.47392,12.25209,18.04099,21.67346
5618.80400,-1.48902,-2.86196,63.39938,11.48389,12.25762,18.03559,21.62228
5618.81400,-1.47459,-2.85803,63.40086,11.48759,12.26539,18.05372,21.59416
5618.82400,-1.47590,-2.85652,63.37842,11.48549,12.26330,18.04345,21.58619
5618.83400,-1.48084,-2.85080,63.29386,11.47759,12.25539,18.00472,21.55616
5618.84400,-1.48905,-2.86564,63.35186,11.44809,12.26539,18.04922,21.58916
5618.85400,-1.49868,-2.88573,63.39286,11.42859,12.24439,18.07372,21.64616
5618.86400,-1.50011,-2.89100,63.37586,11.43859,12.21339,18.05372,21.67016
5618.87400,-1.50880,-2.88062,63.38754,11.45282,12.23237,18.03219,21.67016
5618.88400,-1.51182,-2.86475,63.39589,11.47346,12.25900,18.01102,21.65241
5618.89400,-1.46518,-2.87311,63.34986,11.45759,12.23439,18.07372,21.58416
5618.90400,-1.48489,-2.87501,63.32613,11.42275,12.25510,18.06867,21.57962
5618.91400,-1.50423,-2.87687,63.30286,11.38859,12.27539,18.06372,21.57516
5618.92400,-1.50423,-2.87687,63.30286,11.38859,12.27539,18.06372,21.57516
5618.93400,-1.49405,-2.86233,63.44416,11.47823,12.27903,18.05474,21.63216
5618.94400,-1.44440,-2.86808,63.49686,11.52659,12.23439,18.10372,21.63216
5618.95400,-1.46541,-2.87122,63.48227,11.49665,12.25013,18.09604,21.63945
5618.96400,-1.49309,-2.88742,63.41484,11.43700,12.23948,18.08372,21.65464
5618.97400,-1.48341,-2.90519,63.34486,11.41859,12.18239,18.08372,21.66016
5618.98400,-1.49346,-2.90314,63.42542,11.41479,12.22191,18.11032,21.67840
5618.99400,-1.50980,-2.89981,63.55686,11.40859,12.28639,18.15372,21.70816
5619.00400,-1.49994,-2.89333,63.51986,11.42334,12.27589,18.13622,21.68441
5619.01400,-1.47869,-2.86912,63.42116,11.47160,12.25816,18.07316,21.61824
5619.02400,-1.51220,-2.85018,63.47036,11.48764,12.31324,18.03091,21.63856
5619.03400,-1.53344,-2.83645,63.45936,11.48759,12.34739,17.99472,21.62966
5619.04400,-1.53622,-2.83661,63.33411,11.45284,12.33464,17.96722,21.57941
5619.05400,-1.54012,-2.85521,63.33186,11.43859,12.29639,17.97472,21.62216
5619.06400,-1.54012,-2.85521,63.33186,11.43859,12.29639,17.97472,21.62216
5619.07400,-1.51759,-2.90123,63.34486,11.39859,12.21339,18.05372,21.67916
5619.08400,-1.51663,-2.89878,63.34514,11.40552,12.21339,18.04831,21.67791
5619.09400,-1.51499,-2.88706,63.36285,11.44469,12.21339,18.01979,21.68498
5619.10400,-1.54359,-2.91079,63.46986,11.41859,12.21339,18.05372,21.78416
5619.11400,-1.54433,-2.90321,63.47779,11.42249,12.23354,18.05242,21.76934
5619.12400,-1.54695,-2.85337,63.51513,11.44976,12.35903,18.03865,21.66769
5619.13400,-1.53140,-2.85889,63.40986,11.45759,12.29639,18.00472,21.65116
5619.14400,-1.53140,-2.85889,63.40986,11.45759,12.29639,18.00472,21.65116
5619.15400,-1.51948,-2.85394,63.47986,11.47759,12.31639,18.03472,21.65116
5619.16400,-1.51946,-2.85407,63.47898,11.47720,12.31609,18.03472,21.65097
5619.17400,-1.51809,-2.86668,63.39158,11.43878,12.28669,18.03452,21.63159
5619.18400,-1.50996,-2.84549,63.36386,11.45759,12.31639,18.01472,21.57516
5619.19400,-1.51017,-2.84592,63.36287,11.45642,12.31600,18.01512,21.57534
5619.20400,-1.52080,-2.86721,63.31325,11.39859,12.29608,18.03432,21.58426
5619.21400,-1.52865,-2.87010,63.25299,11.39872,12.26539,17.99472,21.59416
5619.22400,-1.52379,-2.86711,63.26624,11.41196,12.26539,17.99472,21.59416
5619.23400,-1.49792,-2.84099,63.28415,11.45810,12.29846,17.99472,21.53287
5619.24400,-1.49229,-2.83508,63.28686,11.46759,12.30639,17.99472,21.51816
5619.25400,-1.51528,-2.82959,63.22738,11.43296,12.33391,17.96809,21.49242
5619.26400,-1.50547,-2.83393,63.34851,11.47176,12.32858,17.99997,21.54820
5619.27400,-1.50376,-2.83461,63.36586,11.47759,12.32739,18.00472,21.55616
5619.28400,-1.47529,-2.83050,63.35241,11.49882,12.31253,18.01888,21.52218
5619.29400,-1.44446,-2.85069,63.36555,11.50011,12.26005,18.06882,21.53656
5619.30400,-1.43802,-2.85808,63.37186,11.49759,12.24439,18.08372,21.54616
5619.31400,-1.41956,-2.88001,63.47136,11.51170,12.20652,18.14313,21.61002
5619.32400,-1.41317,-2.88760,63.50586,11.51659,12.19339,18.16372,21.63216
5619.33400,-1.40652,-2.91446,63.42384,11.45037,12.15426,18.20134,21.61786
5619.34400,-1.43367,-2.91866,63.42461,11.44359,12.14964,18.16872,21.66266
5619.35400,-1.44344,-2.91711,63.43386,11.44859,12.15239,18.15372,21.67916
5619.36400,-1.44609,-2.91528,63.39796,11.43621,12.15652,18.14547,21.65976
5619.37400,-1.44987,-2.91266,63.34686,11.41859,12.16239,18.13372,21.63216
5619.38400,-1.45585,-2.94025,63.31264,11.37486,12.11677,18.15273,21.66828
5619.39400,-1.44277,-2.96301,63.32150,11.37440,12.05730,18.17645,21.71334
5619.40400,-1.43333,-2.96689,63.33786,11.38859,12.03839,18.18372,21.72716
5619.41400,-1.43333,-2.96689,63.33786,11.38859,12.03839,18.18372,21.72716
5619.42400,-1.44578,-2.97744,63.32769,11.36493,12.02899,18.18441,21.74936
5619.43400,-1.45054,-2.97574,63.43686,11.37959,12.05939,18.21372,21.78416
5619.44400,-1.45844,-2.96703,63.48332,11.37959,12.10080,18.22382,21.77911
5619.45400,-1.48898,-2.95090,63.51486,11.36959,12.16739,18.20372,21.77416
5619.46400,-1.51181,-2.94330,63.50086,11.35959,12.19339,18.17372,21.77416
5619.47400,-1.52088,-2.91483,63.46386,11.38909,12.22939,18.11372,21.73166
5619.48400,-1.52996,-2.88634,63.42686,11.41859,12.26539,18.05372,21.68916
5619.49400,-1.53143,-2.89389,63.35767,11.39271,12.24446,18.04529,21.67521
5619.50400,-1.53703,-2.92424,63.23627,11.32232,12.18536,18.05110,21.67748
5619.51400,-1.54024,-2.94339,63.31286,11.31059,12.17239,18.09372,21.73616
5619.52400,-1.54463,-2.94047,63.38316,11.33681,12.18037,18.09372,21.77226
5619.53400,-1.55685,-2.94891,63.47416,11.35363,12.17383,18.10124,21.84546
5619.54400,-1.56526,-2.97080,63.43486,11.31059,12.14139,18.11372,21.86916
5619.55400,-1.58397,-2.97204,63.40551,11.28463,12.15306,18.09867,21.86916
5619.56400,-1.61503,-2.97410,63.35686,11.24159,12.17239,18.07372,21.86916
5619.57400,-1.61503,-2.97410,63.35686,11.24159,12.17239,18.07372,21.86916
5619.58400,-1.59628,-2.98560,63.39931,11.24382,12.15386,18.11857,21.88305
5619.59400,-1.60809,-3.00930,63.29386,11.19259,12.10039,18.10372,21.89716
5619.60400,-1.58638,-3.00008,63.30842,11.21547,12.10845,18.11932,21.86518
5619.61400,-1.52658,-2.97957,63.32854,11.27045,12.11787,18.16112,21.77910
5619.62400,-1.53210,-2.99576,63.26786,11.24159,12.07939,18.15372,21.79316
5619.63400,-1.52809,-3.00768,63.29990,11.23633,12.06337,18.17972,21.82047
5619.64400,-1.51685,-3.04107,63.38986,11.22159,12.01839,18.25272,21.89716
5619.65400,-1.51185,-3.03372,63.39090,11.23433,12.02645,18.24778,21.88234
5619.66400,-1.49645,-3.00554,63.38641,11.27752,12.05997,18.22505,21.82387
5619.67400,-1.49188,-2.97751,63.35774,11.30419,12.10063,18.19172,21.76120
5619.68400,-1.49461,-2.97128,63.36770,11.30610,12.11971,18.19045,21.75144
5619.69400,-1.52345,-2.97357,63.50229,11.27449,12.19469,18.24242,21.79069
5619.70400,-1.51462,-2.96235,63.51186,11.30059,12.20339,18.23372,21.77416
5619.71400,-1.51245,-2.96303,63.50501,11.29972,12.19984,18.23459,21.77087
5619.72400,-1.49573,-2.96824,63.45235,11.29305,12.17251,18.24125,21.74553
5619.73400,-1.48957,-2.96984,63.43358,11.29118,12.16301,18.24342,21.73597
5619.74400,-1.49266,-2.93667,63.50392,11.34910,12.22346,18.21372,21.71764
5619.75400,-1.49620,-2.97480,63.41086,11.30059,12.13139,18.21372,21.76516
5619.76400,-1.49620,-2.97480,63.41086,11.30059,12.13139,18.21372,21.76516
5619.77400,-1.51419,-2.98359,63.40242,11.23193,12.17248,18.25210,21.74590
5619.78400,-1.51860,-2.96204,63.35867,11.26676,12.18141,18.19050,21.72001
5619.79400,-1.51908,-2.95966,63.35386,11.27059,12.18239,18.18372,21.71716
5619.80400,-1.53004,-2.97580,63.24170,11.23694,12.12977,18.14921,21.72579
5619.81400,-1.53179,-2.97837,63.22386,11.23159,12.12139,18.14372,21.72716
5619.82400,-1.51898,-2.99836,63.20447,11.20603,12.08438,18.17897,21.73509
5619.83400,-1.48480,-3.01783,63.30021,11.23623,12.03539,18.24325,21.78534
5619.84400,-1.47964,-3.02050,63.31586,11.24159,12.02839,18.25272,21.79316
5619.85400,-1.49433,-3.00909,63.32385,11.26733,12.03727,18.20922,21.81003
5619.86400,-1.49412,-3.01512,63.31962,11.25372,12.03258,18.22117,21.81216
5619.87400,-1.49264,-3.02050,63.31586,11.24159,12.02839,18.23372,21.81216
5619.88400,-1.47753,-3.00506,63.31107,11.26830,12.04278,18.22687,21.77312
5619.89400,-1.47057,-2.99796,63.30886,11.28059,12.04939,18.22372,21.75516
5619.90400,-1.44545,-2.99192,63.40766,11.31099,12.07219,18.27616,21.74832
5619.91400,-1.46626,-2.97341,63.46394,11.31299,12.14247,18.26992,21.73856
5619.92400,-1.47532,-2.96817,63.47186,11.31059,12.16239,18.26272,21.73616
5619.93400,-1.46433,-2.96893,63.51611,11.32484,12.16239,18.28522,21.74366
5619.94400,-1.45593,-2.97138,63.50519,11.33462,12.14176,18.28265,21.74616
5619.95400,-1.45126,-2.97354,63.47986,11.33959,12.12139,18.27272,21.74616
5619.96400,-1.45408,-2.97317,63.42253,11.34589,12.09493,18.23555,21.74616
5619.97400,-1.45574,-2.97296,63.38886,11.34959,12.07939,18.21372,21.74616
5619.98400,-1.45435,-2.99555,63.31830,11.31242,12.02773,18.22002,21.75813
5619.99400,-1.46080,-3.00521,63.31676,11.31117,12.00159,18.21112,21.79288
5620.00400,-1.47082,-3.00020,63.37186,11.33959,12.00739,18.19372,21.83116
5620.01400,-1.46302,-2.97841,63.34736,11.34459,12.05389,18.18872,21.76016
5620.02400,-1.47742,-2.97445,63.32888,11.31560,12.08706,18.18802,21.73821
5620.03400,-1.50684,-2.99808,63.33686,11.27059,12.06939,18.19372,21.80316
5620.04400,-1.51314,-2.99681,63.35777,11.26600,12.08520,18.19882,21.80775
5620.05400,-1.51919,-2.99560,63.37786,11.26159,12.10039,18.20372,21.81216
5620.06400,-1.50095,-2.99987,63.35338,11.25649,12.08458,18.22412,21.78819
5620.07400,-1.47776,-2.99232,63.36521,11.28138,12.08505,18.23867,21.76011
5620.08400,-1.47222,-2.98089,63.39986,11.31059,12.10039,18.23372,21.75516
5620.09400,-1.47222,-2.98089,63.39986,11.31059,12.10039,18.23372,21.75516
5620.10400,-1.45618,-2.98249,63.41780,11.31842,12.09474,18.25774,21.74691
5620.11400,-1.46937,-2.97307,63.36237,11.31270,12.10616,18.21831,21.72519
5620.12400,-1.47425,-2.96958,63.34186,11.31059,12.11039,18.20372,21.71716
5620.13400,-1.44206,-2.97856,63.47695,11.33554,12.11039,18.28891,21.74211
5620.14400,-1.43685,-2.98001,63.49886,11.33959,12.11039,18.30272,21.74616
5620.15400,-1.44981,-2.96249,63.55694,11.35869,12.16158,18.29171,21.74497
5620.16400,-1.45459,-2.97081,63.21586,11.28059,12.09039,18.20372,21.64116
5620.17400,-1.45087,-2.97212,63.21689,11.28650,12.08123,18.20372,21.64544
5620.18400,-1.42697,-2.97916,63.25211,11.33034,12.03089,18.21122,21.67966
5620.19400,-1.41961,-2.97760,63.33986,11.35959,12.03839,18.23372,21.70816
5620.20400,-1.42122,-2.97700,63.34489,11.35959,12.04192,18.23372,21.70967
5620.21400,-1.42764,-2.97460,63.36503,11.35959,12.05601,18.23372,21.71571
5620.22400,-1.43295,-2.97392,63.36198,11.35696,12.05939,18.22715,21.71847
5620.23400,-1.45517,-2.97431,63.32002,11.34119,12.05859,18.19084,21.72940
5620.24400,-1.43575,-2.98190,63.39259,11.35262,12.05288,18.24170,21.74540
5620.25400,-1.42392,-2.98652,63.43686,11.35959,12.04939,18.27272,21.75516
5620.26400,-1.42554,-2.97274,63.45127,11.38099,12.07167,18.25569,21.74293
5620.27400,-1.43093,-2.96188,63.38402,11.38889,12.06909,18.20847,21.71757
5620.28400,-1.43419,-2.96867,63.29986,11.36959,12.03839,18.18372,21.70816
5620.29400,-1.44517,-2.94973,63.46286,11.37959,12.14139,18.23372,21.70816
5620.30400,-1.44517,-2.94973,63.46286,11.37959,12.14139,18.23372,21.70816
5620.31400,-1.39083,-2.96343,63.31186,11.38859,12.03839,18.23372,21.65116
5620.32400,-1.42109,-2.93751,63.53286,11.40859,12.17239,18.27272,21.67916
5620.33400,-1.42096,-2.93718,63.53273,11.40944,12.17239,18.27199,21.67891
5620.34400,-1.40829,-2.90487,63.52007,11.49477,12.17239,18.19933,21.65357
5620.35400,-1.39311,-2.88840,63.47015,11.49692,12.19749,18.19610,21.57964
5620.36400,-1.39100,-2.88825,63.45986,11.48759,12.20339,18.20372,21.56516
5620.37400,-1.40412,-2.88687,63.51794,11.51311,12.20339,18.18612,21.61532
5620.38400,-1.40591,-2.88669,63.52586,11.51659,12.20339,18.18372,21.62216
5620.39400,-1.41146,-2.88866,63.45116,11.46474,12.22185,18.19251,21.57207
5620.40400,-1.40331,-2.88797,63.43137,11.47484,12.20628,18.18509,21.56516
5620.41400,-1.40189,-2.88782,63.42986,11.47759,12.20339,18.18372,21.56516
5620.42400,-1.39737,-2.87627,63.39074,11.48926,12.20923,18.16036,21.53188
5620.43400,-1.39123,-2.88751,63.27644,11.46755,12.15701,18.13759,21.51429
5620.44400,-1.38938,-2.89985,63.22186,11.44859,12.12139,18.13372,21.51816
5620.45400,-1.44331,-2.88868,63.32565,11.44859,12.19109,18.10342,21.58255
5620.46400,-1.46053,-2.88512,63.35886,11.44859,12.21339,18.09372,21.60316
5620.47400,-1.46816,-2.88528,63.33946,11.43242,12.22188,18.08968,21.59548
5620.48400,-1.47821,-2.88548,63.31392,11.41114,12.23305,18.08436,21.58537
5620.49400,-1.49567,-2.89275,63.44786,11.41859,12.25539,18.11372,21.66016
5620.50400,-1.46191,-2.89085,63.45184,11.45002,12.23073,18.13361,21.63748
5620.51400,-1.41630,-2.88829,63.45721,11.49249,12.19739,18.16049,21.60684
5620.52400,-1.44025,-2.93602,63.27386,11.38859,12.10039,18.14372,21.64116
5620.53400,-1.42840,-2.93199,63.37333,11.42027,12.11684,18.17581,21.66041
5620.54400,-1.41265,-2.92663,63.50595,11.46252,12.13876,18.21859,21.68608
5620.55400,-1.42406,-2.92758,63.40829,11.42095,12.14139,18.19781,21.64814
5620.56400,-1.44856,-2.91729,63.36341,11.41527,12.15901,18.14667,21.64246
5620.57400,-1.45382,-2.90789,63.44286,11.45759,12.17239,18.13372,21.67916
5620.58400,-1.47879,-2.90099,63.41656,11.40874,12.23064,18.13372,21.64346
5620.59400,-1.47102,-2.91092,63.39582,11.41676,12.18727,18.12742,21.66437
5620.60400,-1.45770,-2.91918,63.39286,11.43859,12.14139,18.12372,21.68916
5620.61400,-1.45086,-2.91962,63.38489,11.43859,12.13720,18.13001,21.67910
5620.62400,-1.42508,-2.92129,63.35486,11.43859,12.12139,18.15372,21.64116
5620.63400,-1.44809,-2.93884,63.30896,11.37841,12.11578,18.15882,21.65595
5620.64400,-1.49575,-2.93826,63.35474,11.35038,12.16240,18.13847,21.70349
5620.65400,-1.52070,-2.92119,63.44286,11.37959,12.21339,18.11372,21.73616
5620.66400,-1.50883,-2.91714,63.43725,11.40458,12.19758,18.10352,21.73157
5620.67400,-1.49742,-2.91325,63.43186,11.42859,12.18239,18.09372,21.72716
5620.68400,-1.48392,-2.92937,63.34669,11.38320,12.15128,18.11922,21.69299
5620.69400,-1.47004,-2.93705,63.36938,11.37443,12.14715,18.15887,21.68894
5620.70400,-1.46918,-2.92937,63.47186,11.40859,12.17239,18.17372,21.71716
5620.71400,-1.46940,-2.92913,63.47049,11.40827,12.17289,18.17309,21.71626
5620.72400,-1.49437,-2.92219,63.40676,11.38517,12.19161,18.12992,21.70006
5620.73400,-1.51324,-2.93566,63.44086,11.37959,12.17239,18.12372,21.76516
5620.74400,-1.51525,-2.93147,63.47088,11.38681,12.18797,18.12752,21.76858
5620.75400,-1.51852,-2.92465,63.51986,11.39859,12.21339,18.13372,21.77416
5620.76400,-1.52140,-2.94315,63.42605,11.35822,12.16742,18.12625,21.77416
5620.77400,-1.51618,-2.96279,63.32548,11.33163,12.10217,18.11372,21.77796
5620.78400,-1.49980,-2.94409,63.41786,11.39859,12.12139,18.11372,21.78416
5620.79400,-1.50885,-2.94027,63.44693,11.39119,12.15021,18.12137,21.78416
5620.80400,-1.53266,-2.93022,63.52344,11.37173,12.22605,18.14151,21.78416
5620.81400,-1.50489,-2.92106,63.51986,11.42859,12.19339,18.12372,21.77416
5620.82400,-1.50521,-2.92065,63.50992,11.42604,12.19339,18.12117,21.76932
5620.83400,-1.50615,-2.91944,63.48086,11.41859,12.19339,18.11372,21.75516
5620.84400,-1.50710,-2.92146,63.44086,11.41109,12.18039,18.10122,21.74816
5620.85400,-1.51632,-2.93242,63.35205,11.38388,12.14412,18.07362,21.75043
5620.86400,-1.53562,-2.94724,63.44686,11.36959,12.15239,18.10372,21.82116
5620.87400,-1.54258,-2.94567,63.43576,11.36197,12.16026,18.09598,21.81755
5620.88400,-1.57162,-2.93911,63.38953,11.33025,12.19306,18.06372,21.80249
5620.89400,-1.57999,-2.93704,63.33970,11.31059,12.20001,18.04804,21.78107
5620.90400,-1.56728,-2.93966,63.31186,11.31059,12.18239,18.05372,21.76516
5620.91400,-1.59053,-2.92944,63.33236,11.31559,12.21339,18.02422,21.77916
5620.92400,-1.61377,-2.91922,63.35286,11.32059,12.24439,17.99472,21.79316
5620.93400,-1.62628,-2.92132,63.35160,11.32059,12.23809,17.97582,21.81710
5620.94400,-1.60185,-2.92961,63.33070,11.33886,12.18903,17.98362,21.81919
5620.95400,-1.58318,-2.93375,63.31886,11.34959,12.16239,17.99472,21.81216
5620.96400,-1.59027,-2.92717,63.44822,11.40755,12.17079,17.98632,21.88356
5620.97400,-1.57450,-2.95460,63.61286,11.36959,12.19339,18.12372,21.92616
5620.98400,-1.57450,-2.95460,63.61286,11.36959,12.19339,18.12372,21.92616
5620.99400,-1.53742,-2.92363,63.42886,11.39859,12.18239,18.06372,21.78416
5621.00400,-1.53742,-2.92363,63.42886,11.39859,12.18239,18.06372,21.78416
5621.01400,-1.57694,-2.94718,63.43370,11.34294,12.17433,18.06372,21.85271
5621.02400,-1.62842,-2.93017,63.34334,11.31287,12.21815,17.97660,21.83572
5621.03400,-1.63415,-2.92708,63.33086,11.31059,12.22439,17.96472,21.83116
5621.04400,-1.62182,-2.91627,63.36606,11.33611,12.24199,17.97352,21.81444
5621.05400,-1.62959,-2.94433,63.30750,11.27887,12.19951,17.99232,21.83680
5621.06400,-1.63088,-2.94837,63.29886,11.27059,12.19339,17.99472,21.84016
5621.07400,-1.57173,-2.94674,63.37464,11.34901,12.14757,18.03790,21.84016
5621.08400,-1.56377,-2.94652,63.38486,11.35959,12.14139,18.04372,21.84016
5621.09400,-1.57124,-2.95340,63.30977,11.33084,12.12321,18.02671,21.82901
5621.10400,-1.58798,-2.93128,63.29302,11.31672,12.19252,18.00859,21.77519
5621.11400,-1.59522,-2.91427,63.31586,11.32059,12.24439,18.00472,21.74616
5621.12400,-1.62492,-2.91052,63.24761,11.30559,12.24439,17.94472,21.75291
5621.13400,-1.65385,-2.90711,63.31976,11.27074,12.31557,17.97064,21.76281
5621.14400,-1.65966,-2.90645,63.34886,11.26159,12.33739,17.98472,21.76516
5621.15400,-1.65457,-2.89362,63.34846,11.29304,12.34143,17.96053,21.75347
5621.16400,-1.64704,-2.87464,63.34786,11.33959,12.34739,17.92472,21.73616
5621.17400,-1.64218,-2.88770,63.34156,11.33539,12.31295,17.93312,21.76010
5621.18400,-1.63209,-2.90906,63.32272,11.32465,12.25733,17.94992,21.79082
5621.19400,-1.62245,-2.91852,63.29386,11.31059,12.23439,17.96472,21.78416
5621.20400,-1.63685,-2.92893,63.28431,11.29786,12.21467,17.95199,21.81980
5621.21400,-1.63803,-2.93156,63.30053,11.29397,12.21728,17.96165,21.82763
5621.22400,-1.62702,-2.92638,63.33439,11.29926,12.23897,17.98811,21.80805
5621.23400,-1.62427,-2.92508,63.34286,11.30059,12.24439,17.99472,21.80316
5621.24400,-1.61642,-2.89626,63.31586,11.33959,12.27539,17.95472,21.74616
5621.25400,-1.61642,-2.89626,63.31586,11.33959,12.27539,17.95472,21.74616
5621.26400,-1.60623,-2.90696,63.25917,11.32548,12.23867,17.95748,21.73754
5621.27400,-1.57693,-2.88339,63.40486,11.41859,12.26539,17.97472,21.74616
5621.28400,-1.57916,-2.87293,63.33852,11.41859,12.26965,17.94070,21.70959
5621.29400,-1.57530,-2.87790,63.28270,11.39889,12.25469,17.94017,21.68895
5621.30400,-1.56855,-2.89662,63.31586,11.37959,12.23439,17.98472,21.71716
5621.31400,-1.56271,-2.88904,63.33986,11.39592,12.24806,17.98805,21.70783
5621.32400,-1.55105,-2.87391,63.38786,11.42859,12.27539,17.99472,21.68916
5621.33400,-1.55422,-2.88156,63.39056,11.41508,12.26864,18.00485,21.70199
5621.34400,-1.56042,-2.89656,63.39586,11.38859,12.25539,18.02472,21.72716
5621.35400,-1.55247,-2.89934,63.41386,11.39859,12.24439,18.03472,21.73616
5621.36400,-1.54844,-2.88820,63.39296,11.40999,12.25617,18.01952,21.70728
5621.37400,-1.54878,-2.87117,63.38888,11.42859,12.28337,17.99852,21.67840
5621.38400,-1.56007,-2.87308,63.43786,11.42859,12.29639,18.00472,21.70816
5621.39400,-1.55030,-2.86946,63.39083,11.42482,12.29263,18.00096,21.67242
5621.40400,-1.53408,-2.86345,63.31286,11.41859,12.28639,17.99472,21.61316
5621.41400,-1.53408,-2.86345,63.31286,11.41859,12.28639,17.99472,21.61316
5621.42400,-1.53005,-2.89357,63.36142,11.41379,12.22567,18.02798,21.69398
5621.43400,-1.54793,-2.89808,63.29186,11.42859,12.17239,17.95472,21.73616
5621.44400,-1.55331,-2.89041,63.28640,11.41819,12.20203,17.95472,21.71146
5621.45400,-1.56392,-2.87687,63.26211,11.38370,12.26503,17.96244,21.65094
5621.46400,-1.55031,-2.90078,63.23686,11.36959,12.20339,17.98472,21.67916
5621.47400,-1.55031,-2.90078,63.23686,11.36959,12.20339,17.98472,21.67916
5621.48400,-1.55391,-2.87871,63.39686,11.42859,12.26539,17.99472,21.70816
5621.49400,-1.55804,-2.88242,63.38189,11.42084,12.25725,17.98947,21.71433
5621.50400,-1.58465,-2.90712,63.28036,11.36681,12.20478,17.95749,21.75128
5621.51400,-1.57974,-2.90815,63.26486,11.34959,12.21339,17.97472,21.72716
5621.52400,-1.57974,-2.90815,63.26486,11.34959,12.21339,17.97472,21.72716
5621.53400,-1.55407,-2.91552,63.26634,11.36638,12.17669,17.99611,21.72716
5621.54400,-1.54393,-2.90110,63.34386,11.40859,12.20339,18.00472,21.72716
5621.55400,-1.54393,-2.90110,63.34386,11.40859,12.20339,18.00472,21.72716
5621.56400,-1.54814,-2.91902,63.41283,11.35772,12.23012,18.08144,21.74354
5621.57400,-1.54881,-2.92189,63.42386,11.34959,12.23439,18.09372,21.74616
5621.58400,-1.55174,-2.90615,63.19911,11.34998,12.19404,17.98472,21.67038
5621.59400,-1.56460,-2.88569,63.32411,11.38918,12.25824,17.98472,21.69197
5621.60400,-1.57422,-2.87039,63.41786,11.41859,12.30639,17.98472,21.70816
5621.61400,-1.57401,-2.86601,63.38530,11.41859,12.30639,17.96992,21.69040
5621.62400,-1.54773,-2.87087,63.35008,11.42719,12.27111,17.98344,21.66833
5621.63400,-1.51340,-2.88718,63.37686,11.43859,12.22439,18.03472,21.67916
5621.64400,-1.50903,-2.88407,63.35236,11.44359,12.21889,18.02472,21.66516
5621.65400,-1.50466,-2.88095,63.32786,11.44859,12.21339,18.01472,21.65116
5621.66400,-1.49856,-2.89969,63.42026,11.44859,12.19579,18.06664,21.70924
5621.67400,-1.47801,-2.91893,63.38974,11.40459,12.17491,18.12652,21.68372
5621.68400,-1.47532,-2.92121,63.38386,11.39859,12.17239,18.13372,21.67916
5621.69400,-1.49397,-2.91606,63.33280,11.39859,12.16771,18.08266,21.68384
5621.70400,-1.51495,-2.91027,63.27543,11.39859,12.16245,18.02529,21.68911
5621.71400,-1.49484,-2.90929,63.29486,11.39859,12.17239,18.06372,21.66016
5621.72400,-1.43360,-2.89011,63.31310,11.46623,12.16479,18.09412,21.58796
5621.73400,-1.41427,-2.88406,63.31886,11.48759,12.16239,18.10372,21.56516
5621.74400,-1.44159,-2.89287,63.32411,11.46509,12.16239,18.08872,21.60791
5621.75400,-1.43627,-2.90170,63.35516,11.46255,12.15196,18.11352,21.62713
5621.76400,-1.42167,-2.90768,63.38486,11.46759,12.14139,18.14372,21.63216
5621.77400,-1.43238,-2.89854,63.40628,11.45562,12.18675,18.15002,21.61389
5621.78400,-1.43738,-2.89755,63.46642,11.45415,12.21339,18.17225,21.62663
5621.79400,-1.43658,-2.90026,63.49586,11.45759,12.21339,18.18372,21.64116
5621.80400,-1.42562,-2.88381,63.44950,11.46876,12.23071,18.16696,21.58307
5621.81400,-1.41695,-2.87080,63.41286,11.47759,12.24439,18.15372,21.53716
5621.82400,-1.41712,-2.88118,63.38206,11.46294,12.21864,18.15372,21.54675
5621.83400,-1.42773,-2.90530,63.37386,11.43859,12.17289,18.15872,21.60366
5621.84400,-1.43816,-2.91922,63.39586,11.42859,12.15239,18.16372,21.65116
5621.85400,-1.41511,-2.91391,63.31186,11.44309,12.12139,18.14372,21.60366
5621.86400,-1.38722,-2.91612,63.20336,11.43809,12.07989,18.13872,21.54666
5621.87400,-1.38245,-2.92365,63.17886,11.41859,12.06939,18.15372,21.53716
5621.88400,-1.38245,-2.92365,63.17886,11.41859,12.06939,18.15372,21.53716
5621.89400,-1.38637,-2.94196,63.18296,11.39859,12.04017,18.16992,21.57428
5621.90400,-1.38105,-2.93131,63.14510,11.39482,12.05939,18.16372,21.52716
5621.91400,-1.38956,-2.93364,63.19903,11.38522,12.08257,18.18614,21.54510
5621.92400,-1.39998,-2.93517,63.29986,11.37959,12.12139,18.22372,21.57516
5621.93400,-1.39191,-2.93116,63.27419,11.38747,12.11513,18.21563,21.55596
5621.94400,-1.37062,-2.92057,63.20664,11.40821,12.09864,18.19436,21.50543
5621.95400,-1.40562,-2.91890,63.23086,11.39409,12.12639,18.16872,21.54166
5621.96400,-1.45120,-2.92253,63.28886,11.36959,12.16239,18.15372,21.60316
5621.97400,-1.40156,-2.91872,63.32967,11.43259,12.12517,18.18236,21.58956
5621.98400,-1.37564,-2.90892,63.32636,11.45759,12.12614,18.19372,21.54891
5621.99400,-1.39220,-2.91239,63.26862,11.42120,12.13139,18.17887,21.53716
5622.00400,-1.41260,-2.94228,63.21682,11.37973,12.07071,18.16632,21.60006
5622.01400,-1.41750,-2.95203,63.20486,11.36959,12.04939,18.16372,21.62216
5622.02400,-1.40815,-2.93843,63.26618,11.39463,12.08480,18.18099,21.60575
5622.03400,-1.40840,-2.90856,63.25986,11.41859,12.14139,18.15372,21.54616
5622.04400,-1.41292,-2.90925,63.25453,11.41469,12.14139,18.14852,21.54993
5622.05400,-1.44322,-2.91387,63.21886,11.38859,12.14139,18.11372,21.57516
5622.06400,-1.44555,-2.91269,63.21808,11.38482,12.14815,18.11372,21.57139
5622.07400,-1.46262,-2.90379,63.23665,11.37116,12.19339,18.11112,21.56098
5622.08400,-1.47231,-2.89728,63.39586,11.44859,12.19339,18.09372,21.66016
5622.09400,-1.47231,-2.89728,63.39586,11.44859,12.19339,18.09372,21.66016
5622.10400,-1.46941,-2.91193,63.23293,11.36966,12.17095,18.10096,21.59137
5622.11400,-1.41855,-2.89786,63.33722,11.45612,12.16239,18.13750,21.58120
5622.12400,-1.40941,-2.89424,63.36786,11.47759,12.16239,18.14372,21.58416
5622.13400,-1.43938,-2.91758,63.25186,11.35959,12.17239,18.16372,21.55616
5622.14400,-1.43938,-2.91758,63.25186,11.35959,12.17239,18.16372,21.55616
5622.15400,-1.51787,-2.91279,63.21886,11.33959,12.19339,18.05372,21.63216
5622.16400,-1.47597,-2.89951,63.27029,11.40187,12.18711,18.07658,21.60473
5622.17400,-1.44458,-2.88956,63.30886,11.44859,12.18239,18.09372,21.58416
5622.18400,-1.45049,-2.88740,63.28012,11.42933,12.19690,18.09093,21.56295
5622.19400,-1.46594,-2.89766,63.27160,11.37199,12.22261,18.12172,21.55528
5622.20400,-1.46622,-2.92342,63.37886,11.35959,12.20339,18.18372,21.63216
5622.21400,-1.43954,-2.90469,63.35786,11.41134,12.19589,18.16122,21.58941
5622.22400,-1.39767,-2.89459,63.35836,11.45784,12.17764,18.17622,21.54666
5622.23400,-1.38668,-2.89330,63.36086,11.46759,12.17239,18.18372,21.53716
5622.24400,-1.38290,-2.86284,63.38111,11.49759,12.23464,18.16872,21.48016
5622.25400,-1.38165,-2.85269,63.38786,11.50759,12.25539,18.16372,21.46116
5622.26400,-1.38767,-2.85661,63.26886,11.47809,12.22939,18.12872,21.43266
5622.27400,-1.39162,-2.86608,63.16921,11.44455,12.19936,18.10985,21.41545
5622.28400,-1.38854,-2.87425,63.19786,11.43859,12.19339,18.13372,21.43216
5622.29400,-1.38964,-2.85485,63.18670,11.46897,12.21261,18.09652,21.40860
5622.30400,-1.37019,-2.85685,63.19660,11.49379,12.18595,18.10472,21.41214
5622.31400,-1.35786,-2.86536,63.20686,11.49759,12.16239,18.12372,21.42316
5622.32400,-1.35786,-2.86536,63.20686,11.49759,12.16239,18.12372,21.42316
5622.33400,-1.37910,-2.88801,63.31213,11.42016,12.21633,18.21942,21.45622
5622.34400,-1.38227,-2.89139,63.32786,11.40859,12.22439,18.23372,21.46116
5622.35400,-1.38528,-2.85493,63.37786,11.48759,12.26539,18.17372,21.45116
5622.36400,-1.37914,-2.85233,63.25186,11.45759,12.25539,18.15372,21.38516
5622.37400,-1.38333,-2.84908,63.24549,11.46019,12.25942,18.14202,21.38386
5622.38400,-1.40245,-2.82623,63.22206,11.48778,12.28639,18.07554,21.37235
5622.39400,-1.35105,-2.82006,63.33286,11.54659,12.28639,18.14372,21.35616
5622.40400,-1.34995,-2.82382,63.38468,11.53795,12.30410,18.17827,21.36436
5622.41400,-1.34850,-2.82874,63.45286,11.52659,12.32739,18.22372,21.37516
5622.42400,-1.34888,-2.82200,63.44327,11.54174,12.32739,18.20352,21.37062
5622.43400,-1.33952,-2.81288,63.36086,11.54159,12.32189,18.17872,21.31866
5622.44400,-1.32978,-2.81036,63.28786,11.52659,12.31639,18.17372,21.27116
5622.45400,-1.35033,-2.79665,63.31590,11.53334,12.35829,18.15007,21.27420
5622.46400,-1.39056,-2.76980,63.37086,11.54659,12.44039,18.10372,21.28016
5622.47400,-1.37870,-2.79074,63.34264,11.52439,12.39374,18.13006,21.29446
5622.48400,-1.34138,-2.81331,63.37472,11.53169,12.33583,18.19241,21.31480
5622.49400,-1.31190,-2.79295,63.50686,11.60559,12.36839,18.22372,21.30916
5622.50400,-1.31729,-2.81149,63.41843,11.54844,12.34059,18.23144,21.29796
5622.51400,-1.32115,-2.83599,63.35115,11.49317,12.30243,18.24945,21.30610
5622.52400,-1.31025,-2.82428,63.52086,11.57559,12.31639,18.26272,21.36616
5622.53400,-1.30727,-2.82748,63.49136,11.57084,12.30114,18.25797,21.36141
5622.54400,-1.29513,-2.83762,63.39286,11.55659,12.25014,18.24372,21.34241
5622.55400,-1.29347,-2.84241,63.34083,11.53951,12.23439,18.23877,21.32816
5622.56400,-1.31738,-2.85483,63.28782,11.48759,12.23194,18.23082,21.33747
5622.57400,-1.31623,-2.86335,63.33086,11.48759,12.22439,18.25272,21.36616
5622.58400,-1.31783,-2.86025,63.31218,11.48598,12.22761,18.24322,21.35537
5622.59400,-1.32451,-2.84732,63.23432,11.47926,12.24104,18.20362,21.31040
5622.60400,-1.30407,-2.85379,63.39934,11.51983,12.24439,18.27044,21.36468
5622.61400,-1.30054,-2.85534,63.42886,11.52659,12.24439,18.28272,21.37516
5622.62400,-1.31255,-2.88369,63.42586,11.48759,12.20339,18.30272,21.43216
5622.63400,-1.31381,-2.88455,63.40792,11.48252,12.19936,18.29752,21.42852
5622.64400,-1.31616,-2.89201,63.32068,11.45618,12.17239,18.27945,21.41266
5622.65400,-1.27504,-2.90332,63.54286,11.50759,12.17239,18.39272,21.47016
5622.66400,-1.27546,-2.89988,63.52206,11.50585,12.17595,18.38405,21.45621
5622.67400,-1.27868,-2.87338,63.36206,11.49252,12.20328,18.31739,21.34887
5622.68400,-1.29776,-2.85712,63.37374,11.50190,12.24346,18.28556,21.34281
5622.69400,-1.30485,-2.85457,63.40186,11.50759,12.25539,18.28272,21.35616
5622.70400,-1.31479,-2.84761,63.43286,11.50759,12.28639,18.28272,21.35616
5622.71400,-1.35036,-2.84544,63.37404,11.48085,12.29709,18.22978,21.36632
5622.72400,-1.38135,-2.84355,63.32286,11.45759,12.30639,18.18372,21.37516
5622.73400,-1.36474,-2.84356,63.36857,11.48044,12.30068,18.20658,21.38087
5622.74400,-1.35229,-2.84356,63.40286,11.49759,12.29639,18.22372,21.38516
5622.75400,-1.35939,-2.83138,63.31273,11.49759,12.29639,18.17109,21.34766
5622.76400,-1.32767,-2.83839,63.41042,11.50619,12.30500,18.25472,21.34451
5622.77400,-1.32194,-2.84055,63.43386,11.50759,12.30639,18.27272,21.34716
5622.78400,-1.32473,-2.84774,63.38641,11.52428,12.25191,18.22966,21.38055
5622.79400,-1.34236,-2.84739,63.42124,11.50386,12.28635,18.24062,21.39041
5622.80400,-1.35468,-2.84644,63.45086,11.48759,12.31639,18.25272,21.39416
5622.81400,-1.31874,-2.83757,63.51983,11.53816,12.31639,18.28720,21.37807
5622.82400,-1.29219,-2.83102,63.57086,11.57559,12.31639,18.31272,21.36616
5622.83400,-1.31089,-2.84243,63.41868,11.55743,12.24563,18.23193,21.38370
5622.84400,-1.32408,-2.85190,63.38771,11.50942,12.25568,18.24609,21.37652
5622.85400,-1.32524,-2.85345,63.42286,11.48759,12.28639,18.28272,21.36616
5622.86400,-1.34377,-2.84673,63.25596,11.46312,12.26694,18.20178,21.32412
5622.87400,-1.35373,-2.84478,63.20164,11.45203,12.26305,18.17286,21.31370
5622.88400,-1.35197,-2.84810,63.27386,11.45759,12.27539,18.20372,21.33716
5622.89400,-1.35258,-2.82996,63.27575,11.48909,12.29492,18.17222,21.31952
5622.90400,-1.35293,-2.81932,63.27686,11.50759,12.30639,18.15372,21.30916
5622.91400,-1.35542,-2.82294,63.27221,11.50565,12.29652,18.14985,21.32019
5622.92400,-1.36060,-2.83118,63.26801,11.51223,12.26549,18.13372,21.35656
5622.93400,-1.35554,-2.82445,63.28286,11.52659,12.27539,18.13372,21.34716
5622.94400,-1.36251,-2.81248,63.30458,11.53164,12.31176,18.12867,21.33251
5622.95400,-1.34446,-2.80994,63.36676,11.53154,12.34234,18.18431,21.30857
5622.96400,-1.32011,-2.81893,63.40686,11.52659,12.33739,18.24372,21.29916
5622.97400,-1.32415,-2.81338,63.38371,11.53330,12.33739,18.22023,21.29278
5622.98400,-1.33215,-2.80238,63.33786,11.54659,12.33739,18.17372,21.28016
5622.99400,-1.33122,-2.80559,63.27164,11.52063,12.32949,18.16996,21.25157
5623.00400,-1.34457,-2.81056,63.20737,11.49572,12.31639,18.14522,21.25004
5623.01400,-1.36987,-2.80995,63.28486,11.52659,12.31639,18.11372,21.32816
5623.02400,-1.37716,-2.81158,63.26054,11.49695,12.33235,18.12132,21.30992
5623.03400,-1.37924,-2.81480,63.22162,11.47088,12.33483,18.12612,21.28979
5623.04400,-1.35340,-2.81627,63.22362,11.52955,12.27283,18.10612,21.31512
5623.05400,-1.35030,-2.81645,63.22386,11.53659,12.26539,18.10372,21.31816
5623.06400,-1.38386,-2.81131,63.16287,11.52787,12.26539,18.03489,21.33471
5623.07400,-1.38882,-2.81055,63.15386,11.52659,12.26539,18.02472,21.33716
5623.08400,-1.40095,-2.83143,63.26609,11.47526,12.30106,18.11085,21.37892
5623.09400,-1.42289,-2.82425,63.32723,11.46759,12.35163,18.11502,21.39299
5623.10400,-1.42590,-2.82272,63.33386,11.46759,12.35839,18.11372,21.39416
5623.11400,-1.40066,-2.79211,63.42386,11.56659,12.37839,18.09372,21.38516
5623.12400,-1.42286,-2.79655,63.51486,11.52659,12.44039,18.14372,21.40416
5623.13400,-1.42286,-2.79655,63.51486,11.52659,12.44039,18.14372,21.40416
5623.14400,-1.41086,-2.78122,63.47600,11.55459,12.44039,18.11515,21.36587
5623.15400,-1.39767,-2.79697,63.43586,11.53659,12.39939,18.13372,21.36616
5623.16400,-1.39767,-2.79697,63.43586,11.53659,12.39939,18.13372,21.36616
5623.17400,-1.40088,-2.77781,63.61486,11.58559,12.47139,18.16372,21.39416
5623.18400,-1.40088,-2.77781,63.61486,11.58559,12.47139,18.16372,21.39416
5623.19400,-1.40278,-2.77117,63.32938,11.53801,12.42946,18.07501,21.28690
5623.20400,-1.39050,-2.77776,63.38846,11.56971,12.40179,18.08892,21.32804
5623.21400,-1.38877,-2.77888,63.40586,11.57559,12.39939,18.09372,21.33716
5623.22400,-1.41746,-2.76770,63.23778,11.51575,12.42667,18.03300,21.26236
5623.23400,-1.40564,-2.78030,63.21838,11.51551,12.38463,18.04144,21.27680
5623.24400,-1.40349,-2.78223,63.21886,11.51659,12.37839,18.04372,21.28016
5623.25400,-1.38455,-2.77322,63.33596,11.56440,12.39987,18.07837,21.29333
5623.26400,-1.37618,-2.76924,63.38786,11.58559,12.40939,18.09372,21.29916
5623.27400,-1.36627,-2.78576,63.32486,11.58559,12.33964,18.07872,21.32091
5623.28400,-1.38116,-2.79927,63.41036,11.54884,12.37114,18.13372,21.35666
5623.29400,-1.38721,-2.80192,63.44586,11.53659,12.38939,18.15372,21.36616
5623.30400,-1.39403,-2.79833,63.44586,11.53159,12.40439,18.14872,21.36116
5623.31400,-1.42187,-2.81289,63.29986,11.47759,12.36289,18.09372,21.36566
5623.32400,-1.44299,-2.83112,63.15386,11.42859,12.30639,18.04372,21.37516
5623.33400,-1.42432,-2.83929,63.21148,11.44299,12.29100,18.08346,21.39403
5623.34400,-1.40544,-2.84756,63.26986,11.45759,12.27539,18.12372,21.41316
5623.35400,-1.42148,-2.83070,63.26608,11.46389,12.31445,18.09222,21.39552
5623.36400,-1.40138,-2.83004,63.14605,11.44932,12.28573,18.08002,21.33098
5623.37400,-1.38400,-2.83548,63.07686,11.43859,12.25539,18.08372,21.29916
5623.38400,-1.38334,-2.81816,63.04834,11.45657,12.27461,18.05334,21.26382
5623.39400,-1.38441,-2.82900,63.02218,11.43721,12.25415,18.05890,21.27192
5623.40400,-1.38531,-2.84216,63.01686,11.41859,12.23439,18.07372,21.29016
5623.41400,-1.38285,-2.84058,63.03714,11.42567,12.23931,18.07972,21.29244
5623.42400,-1.36482,-2.82897,63.18586,11.47759,12.27539,18.12372,21.30916
5623.43400,-1.36469,-2.83557,63.26681,11.47759,12.28751,18.16183,21.33989
5623.44400,-1.38194,-2.84516,63.53327,11.48622,12.35223,18.25272,21.44209
5623.45400,-1.40497,-2.83718,63.62986,11.49759,12.39939,18.25272,21.48016
5623.46400,-1.40497,-2.83718,63.62986,11.49759,12.39939,18.25272,21.48016
5623.47400,-1.42484,-2.83342,63.60194,11.48327,12.41371,18.22480,21.48016
5623.48400,-1.37821,-2.85203,63.51436,11.47759,12.33464,18.25797,21.44416
5623.49400,-1.36001,-2.85874,63.48886,11.47759,12.30639,18.27272,21.43216
5623.50400,-1.40416,-2.83816,63.50468,11.44892,12.39832,18.24405,21.41338
5623.51400,-1.40467,-2.83792,63.50486,11.44859,12.39939,18.24372,21.41316
5623.52400,-1.36508,-2.86290,63.34953,11.41987,12.30036,18.25773,21.37158
5623.53400,-1.37511,-2.84697,63.32686,11.42859,12.32739,18.22372,21.34716
5623.54400,-1.37114,-2.85494,63.28696,11.42344,12.29547,18.21600,21.35205
5623.55400,-1.36281,-2.88937,63.15611,11.38659,12.18789,18.20372,21.37791
5623.56400,-1.37232,-2.92364,63.10886,11.32059,12.14139,18.23372,21.41316
5623.57400,-1.37232,-2.92364,63.10886,11.32059,12.14139,18.23372,21.41316
5623.58400,-1.38815,-2.91259,63.32486,11.36959,12.20339,18.26272,21.48916
5623.59400,-1.38514,-2.91849,63.32342,11.36131,12.19475,18.27472,21.49264
5623.60400,-1.36159,-2.96159,63.32066,11.30887,12.12647,18.36032,21.52500
5623.61400,-1.35044,-2.96034,63.37786,11.36959,12.09039,18.34272,21.57516
5623.62400,-1.35224,-2.95669,63.38623,11.36959,12.10365,18.34401,21.56898
5623.63400,-1.35683,-2.93372,63.43170,11.37427,12.17971,18.35392,21.52380
5623.64400,-1.30114,-2.94653,63.34986,11.40859,12.07939,18.36272,21.49916
5623.65400,-1.30641,-2.94837,63.34782,11.39482,12.08730,18.36782,21.49789
5623.66400,-1.34249,-2.96096,63.33386,11.30059,12.14139,18.40272,21.48916
5623.67400,-1.34249,-2.96096,63.33386,11.30059,12.14139,18.40272,21.48916
5623.68400,-1.28231,-2.95042,63.16586,11.34959,12.05939,18.36272,21.39416
5623.69400,-1.32920,-2.93662,63.39686,11.33959,12.19339,18.41272,21.45116
5623.70400,-1.32920,-2.93662,63.39686,11.33959,12.19339,18.41272,21.45116
5623.71400,-1.29169,-2.89020,63.52854,11.45642,12.25478,18.41272,21.40463
5623.72400,-1.29566,-2.89294,63.31714,11.42481,12.19987,18.33914,21.35332
5623.73400,-1.29781,-2.89453,63.21186,11.40859,12.17239,18.30272,21.32816
5623.74400,-1.35461,-2.89012,63.23823,11.40146,12.20161,18.23929,21.39586
5623.75400,-1.37749,-2.88833,63.24886,11.39859,12.21339,18.21372,21.42316
5623.76400,-1.34169,-2.92798,63.30598,11.38189,12.14133,18.30951,21.47325
5623.77400,-1.36860,-2.93248,63.32559,11.35025,12.16777,18.31099,21.49659
5623.78400,-1.39103,-2.93180,63.33386,11.32959,12.19339,18.30272,21.50816
5623.79400,-1.37489,-2.92012,63.30772,11.34663,12.19908,18.29704,21.46498
5623.80400,-1.34488,-2.92621,63.39975,11.36671,12.19627,18.36398,21.47278
5623.81400,-1.33775,-2.93224,63.44486,11.36959,12.19339,18.39272,21.48916
5623.82400,-1.38220,-2.92926,63.35878,11.32655,12.21273,18.33034,21.48916
5623.83400,-1.40906,-2.92747,63.30686,11.30059,12.22439,18.29272,21.48916
5623.84400,-1.37997,-2.93672,63.34386,11.31147,12.20154,18.34169,21.48916
5623.85400,-1.35721,-2.94549,63.36968,11.32447,12.17376,18.37408,21.49736
5623.86400,-1.35930,-2.94683,63.36286,11.32959,12.16239,18.36272,21.50816
5623.87400,-1.36179,-2.94392,63.37065,11.32959,12.17338,18.36272,21.50497
5623.88400,-1.36582,-2.93922,63.38323,11.32959,12.19109,18.36272,21.49983
5623.89400,-1.36815,-2.94257,63.41186,11.33959,12.18239,18.36272,21.52716
5623.90400,-1.34509,-2.93226,63.35327,11.33959,12.18932,18.36902,21.45534
5623.91400,-1.33152,-2.92619,63.31886,11.33959,12.19339,18.37272,21.41316
5623.92400,-1.35551,-2.93086,63.35379,11.33335,12.19963,18.36024,21.46057
5623.93400,-1.35723,-2.92432,63.32618,11.35039,12.19049,18.32775,21.45754
5623.94400,-1.33931,-2.91117,63.25786,11.37959,12.17239,18.29272,21.41316
5623.95400,-1.35474,-2.90192,63.33626,11.38890,12.21796,18.29762,21.43178
5623.96400,-1.39709,-2.90535,63.39559,11.37433,12.24510,18.27797,21.49818
5623.97400,-1.42399,-2.91866,63.37286,11.34959,12.22439,18.25272,21.54616
5623.98400,-1.40780,-2.91434,63.40213,11.36958,12.22729,18.27011,21.53515
5623.99400,-1.37609,-2.90589,63.45951,11.40879,12.23297,18.30420,21.51356
5624.00400,-1.36734,-2.90845,63.44715,11.41106,12.21897,18.30896,21.50816
5624.01400,-1.35486,-2.91241,63.45503,11.41709,12.20486,18.32492,21.50816
5624.02400,-1.33601,-2.90596,63.54386,11.44859,12.22439,18.36272,21.50816
5624.03400,-1.36342,-2.91036,63.48836,11.41196,12.22809,18.33312,21.51519
5624.04400,-1.41769,-2.91081,63.40133,11.36416,12.24224,18.26067,21.53426
5624.05400,-1.43024,-2.89898,63.41386,11.38859,12.25539,18.22372,21.54616
5624.06400,-1.43024,-2.89898,63.41386,11.38859,12.25539,18.22372,21.54616
5624.07400,-1.41303,-2.93337,63.40486,11.31059,12.23439,18.32272,21.53716
5624.08400,-1.41356,-2.93399,63.37345,11.31059,12.22101,18.30727,21.53459
5624.09400,-1.40822,-2.93829,63.30086,11.31759,12.17511,18.27415,21.53402
5624.10400,-1.38085,-2.94832,63.37286,11.34559,12.14596,18.31986,21.56145
5624.11400,-1.36719,-2.95332,63.40886,11.35959,12.13139,18.34272,21.57516
5624.12400,-1.38657,-2.93509,63.44522,11.35959,12.19560,18.33136,21.55868
5624.13400,-1.40003,-2.91543,63.23586,11.34959,12.18239,18.22372,21.48016
5624.14400,-1.39637,-2.91328,63.25418,11.35797,12.18680,18.22926,21.48016
5624.15400,-1.38174,-2.90469,63.32748,11.39149,12.20441,18.25142,21.48016
5624.16400,-1.37429,-2.90032,63.36486,11.40859,12.21339,18.26272,21.48016
5624.17400,-1.38020,-2.89630,63.35236,11.38909,12.23939,18.26772,21.45616
5624.18400,-1.38771,-2.88234,63.34486,11.39909,12.26539,18.24322,21.43716
5624.19400,-1.38931,-2.87239,63.34986,11.42859,12.26539,18.21372,21.44216
5624.20400,-1.41154,-2.88314,63.37202,11.39506,12.27733,18.22508,21.47455
5624.21400,-1.40906,-2.88248,63.41665,11.39738,12.29352,18.24726,21.47849
5624.22400,-1.40125,-2.87893,63.42786,11.40859,12.29639,18.25272,21.47016
5624.23400,-1.41467,-2.89386,63.40786,11.36959,12.28639,18.26272,21.48916
5624.24400,-1.41455,-2.89366,63.40873,11.37017,12.28669,18.26272,21.48916
5624.25400,-1.40292,-2.87402,63.49599,11.42801,12.31610,18.26272,21.48916
5624.26400,-1.42560,-2.86370,63.58986,11.41859,12.38939,18.28272,21.49916
5624.27400,-1.42560,-2.86370,63.58986,11.41859,12.38939,18.28272,21.49916
5624.28400,-1.43530,-2.85130,63.47993,11.41196,12.38939,18.22378,21.45479
5624.29400,-1.43168,-2.86170,63.31401,11.36196,12.34830,18.20162,21.40213
5624.30400,-1.42939,-2.86616,63.28486,11.34959,12.33739,18.20372,21.39416
5624.31400,-1.41325,-2.86987,63.30771,11.39265,12.29258,18.19493,21.42755
5624.32400,-1.41103,-2.87038,63.31086,11.39859,12.28639,18.19372,21.43216
5624.33400,-1.44119,-2.87889,63.16214,11.33787,12.26791,18.14092,21.41544
5624.34400,-1.45074,-2.89916,63.23426,11.32959,12.24691,18.16892,21.48884
5624.35400,-1.45148,-2.90176,63.24686,11.32959,12.24439,18.17372,21.49916
5624.36400,-1.48083,-2.88042,63.18966,11.32167,12.29015,18.11212,21.46572
5624.37400,-1.44748,-2.88502,63.23290,11.34611,12.26911,18.15652,21.46116
5624.38400,-1.44239,-2.88604,63.23986,11.34959,12.26539,18.16372,21.46116
5624.39400,-1.43324,-2.89346,63.34165,11.36699,12.26539,18.20722,21.50205
5624.40400,-1.43187,-2.89457,63.35686,11.36959,12.26539,18.21372,21.50816
5624.41400,-1.43533,-2.89364,63.43036,11.38384,12.28114,18.22872,21.53666
5624.42400,-1.46794,-2.90735,63.37836,11.34434,12.26314,18.19622,21.57466
5624.43400,-1.47844,-2.91202,63.35286,11.32959,12.25539,18.18372,21.58416
5624.44400,-1.43996,-2.86752,63.34311,11.41134,12.29364,18.15372,21.48441
5624.45400,-1.42253,-2.87379,63.34686,11.42359,12.26539,18.16872,21.48916
5624.46400,-1.41793,-2.89488,63.35386,11.40859,12.22439,18.19372,21.52716
5624.47400,-1.43376,-2.88625,63.32428,11.40243,12.24349,18.16291,21.51545
5624.48400,-1.44363,-2.88087,63.30586,11.39859,12.25539,18.14372,21.50816
5624.49400,-1.43726,-2.89528,63.26077,11.38685,12.21031,18.14372,21.51990
5624.50400,-1.41583,-2.89783,63.36688,11.40586,12.22380,18.20561,21.53161
5624.51400,-1.39415,-2.88991,63.53386,11.43859,12.27539,18.28272,21.53716
5624.52400,-1.41257,-2.88873,63.50434,11.41955,12.28670,18.26093,21.53716
5624.53400,-1.43564,-2.89210,63.43199,11.39120,12.27866,18.22167,21.54046
5624.54400,-1.39175,-2.90331,63.44086,11.42859,12.21339,18.25272,21.54616
5624.55400,-1.40423,-2.89651,63.43236,11.42109,12.23664,18.23797,21.53666
5624.56400,-1.44167,-2.87610,63.40686,11.39859,12.30639,18.19372,21.50816
5624.57400,-1.43102,-2.88815,63.38016,11.39035,12.27117,18.20508,21.51356
5624.58400,-1.40106,-2.91060,63.32618,11.36589,12.21310,18.24815,21.49904
5624.59400,-1.39583,-2.89709,63.34886,11.35959,12.26539,18.27272,21.45116
5624.60400,-1.41156,-2.89332,63.33455,11.36742,12.26269,18.23518,21.46925
5624.61400,-1.45412,-2.88313,63.29586,11.38859,12.25539,18.13372,21.51816
5624.62400,-1.43848,-2.87476,63.39686,11.40859,12.29639,18.18372,21.50816
5624.63400,-1.43474,-2.87275,63.39542,11.40619,12.30383,18.19092,21.49448
5624.64400,-1.42291,-2.86640,63.39086,11.39859,12.32739,18.21372,21.45116
5624.65400,-1.43047,-2.87462,63.35280,11.38913,12.29976,18.19433,21.46958
5624.66400,-1.44944,-2.89272,63.27211,11.37684,12.23164,18.14122,21.52241
5624.67400,-1.43529,-2.86982,63.38686,11.42859,12.28639,18.16372,21.50816
5624.68400,-1.43794,-2.86096,63.36786,11.43584,12.29664,18.14372,21.49166
5624.69400,-1.44607,-2.83450,63.32593,11.45610,12.33418,18.09200,21.44365
5624.70400,-1.44673,-2.83502,63.38619,11.45014,12.36133,18.12511,21.44961
5624.71400,-1.44690,-2.83515,63.40186,11.44859,12.36839,18.13372,21.45116
5624.72400,-1.48071,-2.86195,63.35786,11.38859,12.33739,18.12372,21.50816
5624.73400,-1.47837,-2.85751,63.36957,11.40004,12.34267,18.12115,21.50571
5624.74400,-1.46297,-2.82890,63.45042,11.47171,12.38091,18.10972,21.48808
5624.75400,-1.46600,-2.83930,63.46186,11.42859,12.39939,18.15372,21.48016
5624.76400,-1.46213,-2.84093,63.43861,11.42600,12.38872,18.15114,21.47276
5624.77400,-1.43227,-2.85349,63.25981,11.40614,12.30660,18.13127,21.41580
5624.78400,-1.43803,-2.85947,63.41686,11.44859,12.30639,18.15372,21.50816
5624.79400,-1.43803,-2.85947,63.41686,11.44859,12.30639,18.15372,21.50816
5624.80400,-1.44979,-2.85907,63.39013,11.39909,12.34698,18.17352,21.47054
5624.81400,-1.44991,-2.85907,63.38986,11.39859,12.34739,18.17372,21.47016
5624.82400,-1.47413,-2.87817,63.31786,11.35959,12.30639,18.14372,21.50816
5624.83400,-1.46908,-2.86498,63.30202,11.35959,12.33709,18.14372,21.46163
5624.84400,-1.46903,-2.86485,63.30186,11.35959,12.33739,18.14372,21.46116
5624.85400,-1.52007,-2.85943,63.39786,11.37959,12.36839,18.09372,21.55616
5624.86400,-1.50864,-2.86714,63.31886,11.34959,12.34739,18.10372,21.51816
5624.87400,-1.50864,-2.86714,63.31886,11.34959,12.34739,18.10372,21.51816
5624.88400,-1.49736,-2.86646,63.32586,11.36684,12.33464,18.10622,21.51816
5624.89400,-1.46354,-2.86443,63.34686,11.41859,12.29639,18.11372,21.51816
5624.90400,-1.46166,-2.85547,63.36533,11.42711,12.31969,18.11656,21.50197
5624.91400,-1.43763,-2.83776,63.37869,11.44433,12.35670,18.14073,21.43692
5624.92400,-1.41154,-2.84432,63.33386,11.43859,12.32739,18.16372,21.40416
5624.93400,-1.45204,-2.82550,63.28961,11.43859,12.36303,18.08383,21.40416
5624.94400,-1.44758,-2.81841,63.36067,11.47367,12.37436,18.08844,21.42421
5624.95400,-1.43393,-2.82113,63.40186,11.48759,12.36839,18.11372,21.43216
5624.96400,-1.45484,-2.80333,63.43738,11.45873,12.46015,18.12852,21.38998
5624.97400,-1.46219,-2.79708,63.44986,11.44859,12.49239,18.13372,21.37516
5624.98400,-1.44050,-2.79024,63.48996,11.52878,12.44635,18.10402,21.41080
5624.99400,-1.46123,-2.79410,63.44984,11.52699,12.42225,18.05672,21.44388
5625.00400,-1.47116,-2.79630,63.43086,11.51659,12.41939,18.04372,21.45116
5625.01400,-1.49396,-2.80739,63.39736,11.46259,12.42989,18.04872,21.45616
5625.02400,-1.51368,-2.81240,63.32934,11.41652,12.43643,18.03428,21.44211
5625.03400,-1.50895,-2.80310,63.27686,11.42859,12.43039,18.00472,21.41316
5625.04400,-1.51632,-2.78394,63.35234,11.46539,12.47530,17.99224,21.41940
5625.05400,-1.52076,-2.77240,63.39786,11.48759,12.50239,17.98472,21.42316
5625.06400,-1.50407,-2.80512,63.25382,11.41995,12.42474,18.00977,21.39936
5625.07400,-1.52200,-2.83008,63.21960,11.37124,12.39133,18.01638,21.44065
5625.08400,-1.56093,-2.83756,63.29186,11.35959,12.40939,18.00472,21.51816
5625.09400,-1.53740,-2.82807,63.31265,11.38879,12.41434,18.01957,21.48994
5625.10400,-1.54374,-2.82603,63.36653,11.39928,12.42979,18.02482,21.51263
5625.11400,-1.57466,-2.83381,63.39986,11.37959,12.44039,18.01472,21.56516
5625.12400,-1.56108,-2.82161,63.38245,11.40384,12.44350,18.00228,21.53282
5625.13400,-1.53441,-2.79767,63.34830,11.45140,12.44960,17.97789,21.46940
5625.14400,-1.52850,-2.80192,63.32896,11.44306,12.43884,17.98590,21.46116
5625.15400,-1.52214,-2.82250,63.33513,11.41131,12.41576,18.02981,21.47825
5625.16400,-1.51822,-2.83677,63.38986,11.39859,12.40939,18.07372,21.50816
5625.17400,-1.53080,-2.83901,63.36016,11.38122,12.40939,18.05887,21.51068
5625.18400,-1.56395,-2.84490,63.28202,11.33553,12.40939,18.01980,21.51730
5625.19400,-1.52168,-2.84562,63.31686,11.41859,12.33739,18.01472,21.54616
5625.20400,-1.51756,-2.85218,63.31422,11.40923,12.32755,18.02888,21.54856
5625.21400,-1.50450,-2.87295,63.30586,11.37959,12.29639,18.07372,21.55616
5625.22400,-1.51196,-2.87140,63.30985,11.37234,12.30944,18.07191,21.55616
5625.23400,-1.54181,-2.86520,63.32579,11.34335,12.36161,18.06466,21.55616
5625.24400,-1.51107,-2.85314,63.34586,11.40859,12.33739,18.05372,21.54616
5625.25400,-1.50899,-2.85365,63.34393,11.40644,12.33739,18.05801,21.54209
5625.26400,-1.49167,-2.85791,63.32786,11.38859,12.33739,18.09372,21.50816
5625.27400,-1.47910,-2.84468,63.30986,11.40859,12.34739,18.08372,21.47016
5625.28400,-1.47910,-2.84468,63.30986,11.40859,12.34739,18.08372,21.47016
5625.29400,-1.49694,-2.83652,63.32659,11.41249,12.37242,18.06152,21.48016
5625.30400,-1.47694,-2.83166,63.43186,11.43859,12.39939,18.11372,21.48016
5625.31400,-1.47694,-2.83166,63.43186,11.43859,12.39939,18.11372,21.48016
5625.32400,-1.47530,-2.84130,63.34086,11.41859,12.35839,18.09372,21.47016
5625.33400,-1.47530,-2.84130,63.34086,11.41859,12.35839,18.09372,21.47016
5625.34400,-1.46153,-2.84620,63.21186,11.39859,12.31639,18.07372,21.42316
5625.35400,-1.46693,-2.85031,63.27127,11.38869,12.33719,18.10342,21.44197
5625.36400,-1.46699,-2.85035,63.27186,11.38859,12.33739,18.10372,21.44216
5625.37400,-1.44819,-2.81899,63.25586,11.43859,12.36839,18.07372,21.37516
5625.38400,-1.42655,-2.85427,63.22640,11.40287,12.29518,18.12729,21.40105
5625.39400,-1.42395,-2.85851,63.22286,11.39859,12.28639,18.13372,21.40416
5625.40400,-1.43603,-2.80359,63.42674,11.48484,12.42928,18.12501,21.38761
5625.41400,-1.43780,-2.79551,63.45686,11.49759,12.45039,18.12372,21.38516
5625.42400,-1.42788,-2.83976,63.40894,11.44618,12.36065,18.16728,21.43482
5625.43400,-1.39799,-2.85662,63.47842,11.44729,12.33869,18.24245,21.44999
5625.44400,-1.39375,-2.85816,63.48986,11.44859,12.33739,18.25272,21.45116
5625.45400,-1.40212,-2.83948,63.43109,11.44859,12.36735,18.21297,21.40219
5625.46400,-1.39864,-2.83249,63.35767,11.44859,12.35920,18.18372,21.36616
5625.47400,-1.40255,-2.84950,63.30596,11.40374,12.33739,18.19867,21.36616
5625.48400,-1.40657,-2.85160,63.36111,11.42609,12.32989,18.19622,21.40891
5625.49400,-1.40669,-2.85093,63.38286,11.43859,12.32739,18.19372,21.42316
5625.50400,-1.41496,-2.84241,63.36013,11.44616,12.33497,18.16342,21.41558
5625.51400,-1.41057,-2.84306,63.36186,11.45309,12.32689,18.16372,21.41816
5625.52400,-1.40354,-2.84644,63.37086,11.45759,12.31639,18.17372,21.42316
5625.53400,-1.39111,-2.83982,63.36703,11.46852,12.32240,18.17919,21.39693
5625.54400,-1.36488,-2.85889,63.37988,11.45972,12.28303,18.23240,21.40474
5625.55400,-1.35496,-2.87418,63.38986,11.44859,12.25539,18.26272,21.42316
5625.56400,-1.34936,-2.86832,63.35936,11.46628,12.24258,18.23893,21.41157
5625.57400,-1.34578,-2.86457,63.33986,11.47759,12.23439,18.22372,21.40416
5625.58400,-1.35371,-2.86655,63.31258,11.44907,12.24721,18.22785,21.38845
5625.59400,-1.36470,-2.86848,63.27715,11.41633,12.26133,18.22791,21.37158
5625.60400,-1.36358,-2.86480,63.29086,11.44859,12.24439,18.20372,21.39416
5625.61400,-1.34719,-2.86190,63.28136,11.46309,12.23439,18.20872,21.37516
5625.62400,-1.35569,-2.85791,63.30786,11.44809,12.27039,18.22372,21.36566
5625.63400,-1.38056,-2.85683,63.34386,11.41859,12.31639,18.23372,21.37516
5625.64400,-1.38056,-2.85683,63.34386,11.41859,12.31639,18.23372,21.37516
5625.65400,-1.36627,-2.83974,63.40386,11.47759,12.32739,18.22372,21.37516
5625.66400,-1.37696,-2.84334,63.36327,11.47264,12.30710,18.19402,21.38952
5625.67400,-1.37273,-2.83906,63.34675,11.48305,12.30238,18.18206,21.37927
5625.68400,-1.34186,-2.82284,63.39756,11.51460,12.33500,18.21950,21.32846
5625.69400,-1.35770,-2.82914,63.36486,11.48368,12.33612,18.21190,21.33316
5625.70400,-1.37937,-2.84805,63.30050,11.43412,12.30899,18.19962,21.35777
5625.71400,-1.33403,-2.84306,63.34586,11.47759,12.29639,18.24372,21.32816
5625.72400,-1.33047,-2.83638,63.40295,11.50268,12.31130,18.25063,21.33834
5625.73400,-1.32425,-2.82472,63.50286,11.54659,12.33739,18.26272,21.35616
5625.74400,-1.32425,-2.82472,63.50286,11.54659,12.33739,18.26272,21.35616
5625.75400,-1.35766,-2.83348,63.22074,11.46239,12.29119,18.16572,21.30144
5625.76400,-1.35464,-2.83662,63.32486,11.47759,12.30639,18.20372,21.33716
5625.77400,-1.34850,-2.83610,63.30036,11.47759,12.29864,18.20122,21.32291
5625.78400,-1.33004,-2.83453,63.22686,11.47759,12.27539,18.19372,21.28016
5625.79400,-1.32492,-2.83643,63.24094,11.47993,12.27305,18.20545,21.28251
5625.80400,-1.30907,-2.83338,63.30468,11.50219,12.28322,18.23629,21.28298
5625.81400,-1.31155,-2.80523,63.35886,11.54659,12.33739,18.21372,21.26116
5625.82400,-1.31203,-2.80992,63.38060,11.54337,12.33578,18.22644,21.27501
5625.83400,-1.31405,-2.82941,63.47121,11.52994,12.32907,18.27946,21.33273
5625.84400,-1.28248,-2.83587,63.39386,11.53659,12.27539,18.28272,21.29916
5625.85400,-1.28139,-2.83294,63.39047,11.53949,12.27936,18.27982,21.29181
5625.86400,-1.27231,-2.80852,63.36225,11.56368,12.31243,18.25562,21.23051
5625.87400,-1.27122,-2.80559,63.35886,11.56659,12.31639,18.25272,21.22316
5625.88400,-1.27149,-2.83583,63.32994,11.52019,12.26791,18.28512,21.25672
5625.89400,-1.27227,-2.83264,63.42586,11.54659,12.28639,18.30272,21.29016
5625.90400,-1.27227,-2.83264,63.42586,11.54659,12.28639,18.30272,21.29016
5625.91400,-1.26231,-2.84320,63.39486,11.53659,12.25539,18.31272,21.29016
5625.92400,-1.26893,-2.86285,63.35386,11.48759,12.23439,18.33272,21.29916
5625.93400,-1.26893,-2.86285,63.35386,11.48759,12.23439,18.33272,21.29916
5625.94400,-1.26512,-2.83287,63.42486,11.55659,12.27539,18.30272,21.29016
5625.95400,-1.26705,-2.84842,63.43086,11.55659,12.23439,18.30272,21.33716
5625.96400,-1.26967,-2.85004,63.42361,11.54934,12.23439,18.30272,21.33716
5625.97400,-1.28362,-2.82096,63.52286,11.58559,12.31639,18.29272,21.32816
5625.98400,-1.28362,-2.82096,63.52286,11.58559,12.31639,18.29272,21.32816
5625.99400,-1.29534,-2.82907,63.47061,11.55609,12.30364,18.28047,21.33041
5626.00400,-1.32859,-2.84844,63.34436,11.47509,12.28339,18.25347,21.33241
5626.01400,-1.32258,-2.83328,63.43586,11.49759,12.33739,18.28272,21.31816
5626.02400,-1.32468,-2.83210,63.41881,11.50043,12.33143,18.26880,21.31816
5626.03400,-1.32998,-2.82912,63.37586,11.50759,12.31639,18.23372,21.31816
5626.04400,-1.32245,-2.81586,63.37793,11.52786,12.33377,18.22544,21.29085
5626.05400,-1.30202,-2.81428,63.35048,11.52278,12.33291,18.24753,21.24726
5626.06400,-1.29186,-2.83221,63.31886,11.48759,12.30639,18.28272,21.24216
5626.07400,-1.31434,-2.80925,63.37687,11.50955,12.37004,18.25512,21.24216
5626.08400,-1.31531,-2.78671,63.49998,11.57557,12.41319,18.24550,21.26572
5626.09400,-1.30526,-2.78379,63.54786,11.60559,12.40939,18.25272,21.28016
5626.10400,-1.31355,-2.77109,63.47051,11.61173,12.40939,18.19809,21.25131
5626.11400,-1.31878,-2.76308,63.42186,11.61559,12.40939,18.16372,21.23316
5626.12400,-1.31683,-2.77255,63.42630,11.59585,12.40446,18.18839,21.23760
5626.13400,-1.32398,-2.78928,63.41073,11.56049,12.38739,18.20598,21.25687
5626.14400,-1.33846,-2.80039,63.37886,11.53659,12.36839,18.19372,21.28016
5626.15400,-1.32820,-2.80186,63.37328,11.53659,12.36219,18.20612,21.26838
5626.16400,-1.32395,-2.80453,63.39383,11.54072,12.35839,18.21785,21.27687
5626.17400,-1.32684,-2.80703,63.42786,11.54659,12.35839,18.22372,21.29916
5626.18400,-1.35128,-2.80151,63.37810,11.52575,12.37583,18.18544,21.29108
5626.19400,-1.37855,-2.79878,63.29986,11.50092,12.37873,18.13372,21.28649
5626.20400,-1.36694,-2.80828,63.27786,11.50759,12.33739,18.13372,21.29916
5626.21400,-1.36141,-2.80403,63.26928,11.51616,12.33739,18.12921,21.28652
5626.22400,-1.35469,-2.79885,63.25886,11.52659,12.33739,18.12372,21.27116
5626.23400,-1.34509,-2.79835,63.21203,11.52659,12.32112,18.11578,21.24854
5626.24400,-1.34176,-2.80045,63.17065,11.51583,12.31046,18.11200,21.23237
5626.25400,-1.37133,-2.80795,63.24886,11.48759,12.34739,18.13372,21.28016
5626.26400,-1.37545,-2.80746,63.28523,11.49126,12.35878,18.14107,21.29412
5626.27400,-1.38261,-2.80361,63.35531,11.50467,12.38249,18.14999,21.31816
5626.28400,-1.38277,-2.79854,63.36786,11.51659,12.38939,18.14372,21.31816
5626.29400,-1.38182,-2.79796,63.38552,11.52348,12.39077,18.14648,21.32478
5626.30400,-1.37589,-2.79433,63.49586,11.56659,12.39939,18.16372,21.36616
5626.31400,-1.36755,-2.80346,63.47511,11.55659,12.37614,18.17622,21.36616
5626.32400,-1.34715,-2.82164,63.43086,11.53325,12.33223,18.20872,21.35666
5626.33400,-1.36562,-2.78469,63.50286,11.55992,12.43556,18.18872,21.31866
5626.34400,-1.36838,-2.77435,63.50297,11.56981,12.45450,18.17483,21.30383
5626.35400,-1.35571,-2.76734,63.35729,11.58994,12.39875,18.10500,21.26360
5626.36400,-1.37372,-2.78329,63.33590,11.54288,12.39340,18.11570,21.28392
5626.37400,-1.38893,-2.79575,63.31934,11.50876,12.38666,18.11982,21.30410
5626.38400,-1.40031,-2.79903,63.31586,11.51659,12.36839,18.09372,21.33716
5626.39400,-1.40031,-2.79903,63.31586,11.51659,12.36839,18.09372,21.33716
5626.40400,-1.39899,-2.80139,63.28802,11.50835,12.35959,18.09088,21.32921
5626.41400,-1.38545,-2.80463,63.23062,11.49992,12.33739,18.09223,21.30108
5626.42400,-1.37170,-2.80096,63.24786,11.51659,12.33739,18.10372,21.29016
5626.43400,-1.35876,-2.79838,63.22886,11.52659,12.32739,18.10372,21.27116
5626.44400,-1.39603,-2.79328,63.32386,11.55659,12.34739,18.06372,21.35616
5626.45400,-1.39603,-2.79328,63.32386,11.55659,12.34739,18.06372,21.35616
5626.46400,-1.43703,-2.79274,63.32519,11.51059,12.39539,18.05039,21.36883
5626.47400,-1.45753,-2.79247,63.32586,11.48759,12.41939,18.04372,21.37516
5626.48400,-1.41091,-2.82560,63.38271,11.49620,12.34015,18.12986,21.41651
5626.49400,-1.41517,-2.82058,63.41010,11.49759,12.36301,18.13503,21.41447
5626.50400,-1.41695,-2.81902,63.41286,11.49759,12.36839,18.13372,21.41316
5626.51400,-1.44186,-2.82134,63.36074,11.47153,12.36839,18.09897,21.42185
5626.52400,-1.45755,-2.79797,63.39027,11.49369,12.42233,18.06762,21.40663
5626.53400,-1.45933,-2.79442,63.39586,11.49759,12.43039,18.06372,21.40416
5626.54400,-1.43306,-2.78811,63.42596,11.52650,12.43039,18.08733,21.38173
5626.55400,-1.41483,-2.78373,63.44686,11.54659,12.43039,18.10372,21.36616
5626.56400,-1.41949,-2.80976,63.31861,11.47984,12.37639,18.10372,21.35866
5626.57400,-1.43149,-2.82534,63.32461,11.47259,12.34264,18.09622,21.41316
5626.58400,-1.43497,-2.82763,63.34086,11.47759,12.33739,18.09372,21.43216
5626.59400,-1.44862,-2.82827,63.34560,11.47759,12.33739,18.07596,21.45466
5626.60400,-1.44024,-2.81718,63.40299,11.49468,12.37272,18.09791,21.43768
5626.61400,-1.42684,-2.80848,63.44386,11.50759,12.39939,18.12372,21.41316
5626.62400,-1.43271,-2.81259,63.49368,11.50759,12.40672,18.13837,21.44100
5626.63400,-1.43485,-2.81409,63.51186,11.50759,12.40939,18.14372,21.45116
5626.64400,-1.43731,-2.81292,63.42540,11.49293,12.39474,18.11441,21.42332
5626.65400,-1.42390,-2.82000,63.37424,11.47581,12.37291,18.12727,21.39825
5626.66400,-1.40430,-2.83029,63.34735,11.45968,12.35033,18.15953,21.37782
5626.67400,-1.42750,-2.79990,63.33860,11.49640,12.39476,18.08477,21.36266
5626.68400,-1.45309,-2.78346,63.37673,11.47511,12.47612,18.08642,21.33908
5626.69400,-1.46088,-2.78351,63.40286,11.44859,12.51239,18.11372,21.32816
5626.70400,-1.43120,-2.79614,63.39903,11.47751,12.44690,18.12648,21.34815
5626.71400,-1.39108,-2.81321,63.39386,11.51659,12.35839,18.14372,21.37516
5626.72400,-1.40534,-2.81244,63.40620,11.50764,12.37412,18.13755,21.38688
5626.73400,-1.42834,-2.81120,63.42610,11.49321,12.39950,18.12760,21.40579
5626.74400,-1.43473,-2.80044,63.27586,11.48759,12.37839,18.05372,21.35616
5626.75400,-1.43728,-2.79699,63.32851,11.49019,12.40524,18.07196,21.36111
5626.76400,-1.44247,-2.78996,63.43596,11.49551,12.46003,18.10920,21.37122
5626.77400,-1.43675,-2.83304,63.41286,11.44859,12.37839,18.15372,21.43216
5626.78400,-1.45714,-2.81980,63.43000,11.46102,12.40925,18.11943,21.44030
5626.79400,-1.48430,-2.80215,63.45286,11.47759,12.45039,18.07372,21.45116
5626.80400,-1.48179,-2.81069,63.39810,11.45576,12.42782,18.07372,21.44080
5626.81400,-1.45569,-2.82796,63.32373,11.42599,12.38162,18.10702,21.40910
5626.82400,-1.41857,-2.83253,63.35586,11.43859,12.36839,18.16372,21.38516
5626.83400,-1.41610,-2.82007,63.37088,11.46386,12.38341,18.14907,21.37454
5626.84400,-1.40754,-2.80348,63.39372,11.50759,12.39441,18.12855,21.36317
5626.85400,-1.39558,-2.81726,63.38499,11.50759,12.35280,18.14198,21.38263
5626.86400,-1.40088,-2.81771,63.37518,11.49820,12.35725,18.13903,21.38070
5626.87400,-1.42321,-2.81332,63.34686,11.46759,12.38939,18.12372,21.36616
5626.88400,-1.42321,-2.81332,63.34686,11.46759,12.38939,18.12372,21.36616
5626.89400,-1.37985,-2.83525,63.43600,11.48275,12.34680,18.21372,21.39273
5626.90400,-1.38180,-2.85488,63.39909,11.46262,12.29847,18.21372,21.42427
5626.91400,-1.38229,-2.85979,63.38986,11.45759,12.28639,18.21372,21.43216
5626.92400,-1.39298,-2.83864,63.42545,11.43881,12.37734,18.23349,21.37582
5626.93400,-1.34924,-2.86825,63.36986,11.45759,12.25539,18.25272,21.40416
5626.94400,-1.35208,-2.86381,63.37641,11.46122,12.26654,18.24799,21.40064
5626.95400,-1.37267,-2.83165,63.42386,11.48759,12.34739,18.21372,21.37516
5626.96400,-1.38063,-2.83572,63.41602,11.48058,12.34015,18.20540,21.38989
5626.97400,-1.43643,-2.86738,63.35867,11.42637,12.28484,18.15110,21.49635
5626.98400,-1.40669,-2.88069,63.36605,11.40624,12.27075,18.21822,21.47085
5626.99400,-1.39538,-2.88574,63.36886,11.39859,12.26539,18.24372,21.46116
5627.00400,-1.40606,-2.90738,63.42133,11.39859,12.22480,18.25263,21.54531
5627.01400,-1.42857,-2.93648,63.34407,11.30587,12.20789,18.27629,21.55402
5627.02400,-1.43469,-2.94437,63.32286,11.28059,12.20339,18.28272,21.55616
5627.03400,-1.37130,-2.95610,63.38057,11.33141,12.14137,18.35163,21.55616
5627.04400,-1.36111,-2.95798,63.38986,11.33959,12.13139,18.36272,21.55616
5627.05400,-1.36869,-2.95713,63.34121,11.29702,12.15832,18.37141,21.51446
5627.06400,-1.32238,-2.96116,63.56963,11.39325,12.13542,18.45015,21.59081
5627.07400,-1.31532,-2.96178,63.60486,11.40859,12.13139,18.46172,21.60316
5627.08400,-1.33813,-2.94684,63.46983,11.37646,12.15514,18.39700,21.54123
5627.09400,-1.36417,-2.92979,63.31639,11.33995,12.18212,18.32346,21.47086
5627.10400,-1.30169,-2.90209,63.45586,11.45759,12.19339,18.36272,21.44216
5627.11400,-1.31593,-2.91191,63.42013,11.42268,12.18767,18.35999,21.44980
5627.12400,-1.35423,-2.93335,63.31802,11.33679,12.17599,18.34192,21.46332
5627.13400,-1.35471,-2.92481,63.30586,11.34959,12.18239,18.32272,21.45116
5627.14400,-1.35420,-2.93085,63.38264,11.34224,12.20150,18.36680,21.47210
5627.15400,-1.35332,-2.94121,63.51486,11.32959,12.23439,18.44272,21.50816
5627.16400,-1.34891,-2.93715,63.49325,11.34058,12.22670,18.42807,21.49790
5627.17400,-1.35157,-2.92158,63.43728,11.38223,12.20759,18.35627,21.49119
5627.18400,-1.35902,-2.91541,63.42386,11.39859,12.20339,18.32272,21.49916
5627.19400,-1.34319,-2.90962,63.39096,11.40246,12.20339,18.32659,21.45851
5627.20400,-1.31811,-2.90043,63.33886,11.40859,12.20339,18.33272,21.39416
5627.21400,-1.32205,-2.91479,63.31282,11.39061,12.17177,18.33272,21.41772
5627.22400,-1.33548,-2.92727,63.35762,11.37339,12.17099,18.35132,21.46192
5627.23400,-1.34222,-2.92952,63.39486,11.36959,12.18239,18.36272,21.48016
5627.24400,-1.33005,-2.92407,63.36758,11.38573,12.17126,18.35158,21.45900
5627.25400,-1.32842,-2.91669,63.35928,11.38700,12.18740,18.34882,21.43606
5627.26400,-1.33357,-2.91475,63.36786,11.37959,12.20339,18.35272,21.43216
5627.27400,-1.33460,-2.91260,63.37737,11.38582,12.20667,18.34944,21.43544
5627.28400,-1.33629,-2.90908,63.39296,11.39603,12.21205,18.34406,21.44082
5627.29400,-1.33671,-2.90820,63.39686,11.39859,12.21339,18.34272,21.44216
5627.30400,-1.32555,-2.91714,63.34333,11.38981,12.17741,18.34272,21.43338
5627.31400,-1.33306,-2.88492,63.30164,11.41792,12.22324,18.28405,21.37643
5627.32400,-1.32350,-2.90511,63.25369,11.39003,12.17722,18.30341,21.38302
5627.33400,-1.31909,-2.92799,63.21626,11.36429,12.12558,18.31802,21.40837
5627.34400,-1.32893,-2.92087,63.24686,11.37959,12.14139,18.30272,21.42316
5627.35400,-1.32893,-2.92087,63.24686,11.37959,12.14139,18.30272,21.42316
5627.36400,-1.32513,-2.95278,63.21586,11.32059,12.10039,18.35272,21.44216
5627.37400,-1.31455,-2.94604,63.21265,11.34166,12.09682,18.34558,21.42859
5627.38400,-1.30427,-2.93184,63.27301,11.38669,12.11357,18.34393,21.42883
5627.39400,-1.31888,-2.92841,63.38386,11.39859,12.15239,18.36272,21.47016
5627.40400,-1.31888,-2.92841,63.38386,11.39859,12.15239,18.36272,21.47016
5627.41400,-1.36702,-2.94296,63.21284,11.31306,12.13402,18.29767,21.46809
5627.42400,-1.37786,-2.93739,63.29486,11.32059,12.17239,18.31272,21.48916
5627.43400,-1.36599,-2.93641,63.29956,11.33519,12.16224,18.31767,21.48446
5627.44400,-1.32992,-2.93344,63.31386,11.37959,12.13139,18.33272,21.47016
5627.45400,-1.33606,-2.94675,63.30282,11.35823,12.11171,18.33992,21.49296
5627.46400,-1.35575,-2.98673,63.27948,11.29442,12.05590,18.36400,21.56516
5627.47400,-1.35672,-2.97765,63.32788,11.31037,12.08303,18.36932,21.56516
5627.48400,-1.36196,-2.96723,63.34306,11.32268,12.10527,18.35646,21.55865
5627.49400,-1.36933,-2.95126,63.29852,11.33712,12.11871,18.31038,21.53231
5627.50400,-1.33627,-2.94824,63.33043,11.36850,12.10754,18.34229,21.51210
5627.51400,-1.31513,-2.94631,63.35086,11.38859,12.10039,18.36272,21.49916
5627.52400,-1.30367,-2.96190,63.35986,11.36959,12.07939,18.40272,21.50816
5627.53400,-1.30651,-2.96152,63.35491,11.36420,12.08401,18.40162,21.50508
5627.54400,-1.32652,-2.95518,63.33774,11.33247,12.12700,18.39602,21.48225
5627.55400,-1.30202,-2.92900,63.52286,11.42859,12.17239,18.42272,21.49916
5627.56400,-1.30177,-2.92879,63.50335,11.42565,12.16865,18.41685,21.49219
5627.57400,-1.29949,-2.92691,63.32602,11.39899,12.13465,18.36352,21.42886
5627.58400,-1.32662,-2.92521,63.40597,11.42732,12.14076,18.33304,21.50486
5627.59400,-1.32754,-2.92518,63.41086,11.42859,12.14139,18.33272,21.50816
5627.60400,-1.30405,-2.89141,63.39812,11.45701,12.20215,18.33272,21.40624
5627.61400,-1.30357,-2.89072,63.39786,11.45759,12.20339,18.33272,21.40416
5627.62400,-1.30506,-2.90741,63.29267,11.41904,12.15635,18.31965,21.39763
5627.63400,-1.31805,-2.90074,63.20775,11.40646,12.15579,18.27338,21.37213
5627.64400,-1.32135,-2.89653,63.19986,11.40859,12.16239,18.26272,21.36616
5627.65400,-1.31991,-2.87836,63.26918,11.46335,12.18388,18.24262,21.37933
5627.66400,-1.35799,-2.88932,63.49395,11.43692,12.26382,18.31874,21.47448
5627.67400,-1.36433,-2.89243,63.52586,11.42859,12.27539,18.33272,21.48916
5627.68400,-1.34351,-2.87438,63.45887,11.46252,12.26669,18.29792,21.43174
5627.69400,-1.34040,-2.87168,63.44886,11.46759,12.26539,18.29272,21.42316
5627.70400,-1.36189,-2.87849,63.33620,11.45125,12.22067,18.22478,21.43950
5627.71400,-1.38404,-2.86609,63.33936,11.41419,12.29337,18.23092,21.40088
5627.72400,-1.38707,-2.86389,63.34286,11.40859,12.30639,18.23372,21.39416
5627.73400,-1.38390,-2.84317,63.25673,11.45122,12.28899,18.15542,21.36110
5627.74400,-1.38342,-2.84007,63.24386,11.45759,12.28639,18.14372,21.35616
5627.75400,-1.38803,-2.86322,63.30420,11.42360,12.27876,18.19920,21.40263
5627.76400,-1.39332,-2.87377,63.37148,11.43709,12.26114,18.20947,21.46378
5627.77400,-1.39462,-2.87391,63.38786,11.44859,12.25539,18.20372,21.48016
5627.78400,-1.39720,-2.90306,63.36386,11.38184,12.23214,18.25547,21.49441
5627.79400,-1.39963,-2.89503,63.42269,11.39597,12.26226,18.26529,21.49916
5627.80400,-1.40017,-2.88889,63.44586,11.40859,12.27539,18.26272,21.49916
5627.81400,-1.41789,-2.87103,63.37630,11.39379,12.31387,18.21906,21.44958
5627.82400,-1.42412,-2.86474,63.35186,11.38859,12.32739,18.20372,21.43216
5627.83400,-1.42412,-2.86474,63.35186,11.38859,12.32739,18.20372,21.43216
5627.84400,-1.41584,-2.86660,63.38948,11.41828,12.30661,18.20372,21.46087
5627.85400,-1.41285,-2.88499,63.33838,11.38889,12.26580,18.21362,21.47007
5627.86400,-1.41282,-2.88518,63.33786,11.38859,12.26539,18.21372,21.47016
5627.87400,-1.43534,-2.87714,63.38934,11.37968,12.31588,18.21372,21.48006
5627.88400,-1.47241,-2.88610,63.37686,11.34959,12.31639,18.18372,21.52716
5627.89400,-1.45560,-2.88447,63.36990,11.36615,12.30175,18.18852,21.51348
5627.90400,-1.39269,-2.87658,63.35344,11.42344,12.26024,18.21560,21.45416
5627.91400,-1.36254,-2.86802,63.37086,11.43859,12.27539,18.25272,21.40416
5627.92400,-1.36181,-2.86683,63.34322,11.42889,12.27806,18.25054,21.38574
5627.93400,-1.35952,-2.86310,63.25686,11.39859,12.28639,18.24372,21.32816
5627.94400,-1.36668,-2.86249,63.26692,11.41008,12.28036,18.22648,21.35000
5627.95400,-1.37438,-2.85423,63.36335,11.46078,12.28872,18.20968,21.40416
5627.96400,-1.35777,-2.84307,63.48186,11.49759,12.32739,18.25272,21.40416
5627.97400,-1.37769,-2.84674,63.43886,11.47125,12.32739,18.22972,21.41049
5627.98400,-1.41761,-2.85408,63.35286,11.41859,12.32739,18.18372,21.42316
5627.99400,-1.41808,-2.86920,63.39393,11.41489,12.30445,18.20592,21.46867
5628.00400,-1.42516,-2.89568,63.45979,11.40859,12.26169,18.23262,21.55689
5628.01400,-1.43585,-2.89701,63.45286,11.40859,12.25539,18.21372,21.57516
5628.02400,-1.43949,-2.90809,63.38663,11.37603,12.23245,18.21002,21.56813
5628.03400,-1.44995,-2.92853,63.25536,11.30949,12.19339,18.20002,21.55246
5628.04400,-1.45714,-2.93113,63.22386,11.29059,12.19339,18.19372,21.54616
5628.05400,-1.46249,-2.92530,63.24923,11.29883,12.21073,18.18949,21.55018
5628.06400,-1.47693,-2.90958,63.31780,11.32112,12.25759,18.17806,21.56103
5628.07400,-1.52100,-2.91188,63.27386,11.28059,12.27539,18.13372,21.58416
5628.08400,-1.52416,-2.91890,63.30572,11.27804,12.27030,18.14647,21.61092
5628.09400,-1.53337,-2.93940,63.39886,11.27059,12.25539,18.18372,21.68916
5628.10400,-1.53825,-2.94353,63.35789,11.25410,12.24521,18.17402,21.68455
5628.11400,-1.54691,-2.95474,63.25686,11.21734,12.21339,18.15122,21.67491
5628.12400,-1.52698,-2.94961,63.33786,11.26159,12.21339,18.17372,21.68916
5628.13400,-1.52698,-2.94961,63.33786,11.26159,12.21339,18.17372,21.68916
5628.14400,-1.50573,-2.93963,63.39786,11.30059,12.22439,18.19372,21.67916
5628.15400,-1.50575,-2.94297,63.39026,11.29702,12.21584,18.19372,21.68367
5628.16400,-1.51098,-2.96860,63.34048,11.26621,12.15700,18.19372,21.72356
5628.17400,-1.55127,-2.97493,63.39286,11.23159,12.19339,18.19372,21.77416
5628.18400,-1.54924,-2.97463,63.38643,11.23085,12.19258,18.19446,21.76855
5628.19400,-1.53355,-2.97235,63.33700,11.22517,12.18633,18.20014,21.72536
5628.20400,-1.52126,-2.96224,63.32198,11.23258,12.20144,18.20372,21.68424
5628.21400,-1.51713,-2.94725,63.34986,11.25159,12.23439,18.20372,21.66016
5628.22400,-1.51648,-2.94802,63.42233,11.26537,12.24535,18.22458,21.68703
5628.23400,-1.51530,-2.94941,63.55486,11.29059,12.26539,18.26272,21.73616
5628.24400,-1.52196,-2.94699,63.55900,11.29472,12.26953,18.25072,21.74402
5628.25400,-1.52016,-2.95379,63.51880,11.30549,12.22492,18.22392,21.76447
5628.26400,-1.50843,-2.96444,63.47086,11.31059,12.17239,18.21372,21.77416
5628.27400,-1.53734,-2.97594,63.51479,11.27172,12.19549,18.23062,21.81696
5628.28400,-1.57087,-2.98168,63.49786,11.25159,12.19339,18.19372,21.85916
5628.29400,-1.57087,-2.98168,63.49786,11.25159,12.19339,18.19372,21.85916
5628.30400,-1.60374,-2.97315,63.40316,11.19927,12.23445,18.15398,21.81545
5628.31400,-1.62055,-2.96879,63.35486,11.17259,12.25539,18.13372,21.79316
5628.32400,-1.62895,-2.96273,63.47459,11.18981,12.29932,18.15956,21.82589
5628.33400,-1.59092,-2.97580,63.49730,11.23473,12.22641,18.18092,21.85524
5628.34400,-1.58451,-2.97809,63.49786,11.24159,12.21339,18.18372,21.85916
5628.35400,-1.61237,-2.96821,63.47464,11.22439,12.24951,18.14932,21.85142
5628.36400,-1.60654,-2.97231,63.51386,11.22159,12.25539,18.17882,21.85806
5628.37400,-1.60509,-2.97311,63.51986,11.22159,12.25539,18.18372,21.85916
5628.38400,-1.60479,-2.97256,63.53161,11.22746,12.25539,18.18372,21.86503
5628.39400,-1.60459,-2.97217,63.53986,11.23159,12.25539,18.18372,21.86916
5628.40400,-1.59126,-2.95902,63.49606,11.26006,12.24736,18.15452,21.83412
5628.41400,-1.59371,-2.96088,63.47329,11.24942,12.24439,18.15102,21.82846
5628.42400,-1.59644,-2.96337,63.47086,11.24159,12.24439,18.15372,21.83116
5628.43400,-1.57939,-2.94845,63.47983,11.27821,12.25262,18.14625,21.80276
5628.44400,-1.57599,-2.94774,63.44881,11.27134,12.24997,18.14372,21.78378
5628.45400,-1.57841,-2.95219,63.41386,11.25159,12.24439,18.14372,21.77416
5628.46400,-1.57309,-2.92971,63.44920,11.26337,12.30825,18.15612,21.72146
5628.47400,-1.56983,-2.91595,63.47086,11.27059,12.34739,18.16372,21.68916
5628.48400,-1.57279,-2.92401,63.44786,11.28559,12.30139,18.13372,21.72716
5628.49400,-1.54178,-2.93440,63.41729,11.30900,12.23773,18.14156,21.72900
5628.50400,-1.49493,-2.93759,63.40686,11.32059,12.21339,18.19372,21.67916
5628.51400,-1.52813,-2.94511,63.43839,11.30118,12.22358,18.17917,21.73447
5628.52400,-1.56241,-2.95099,63.51515,11.28487,12.25196,18.18086,21.79745
5628.53400,-1.56118,-2.94821,63.57286,11.29059,12.27539,18.20372,21.80316
5628.54400,-1.56897,-2.94353,63.51773,11.29059,12.26799,18.16672,21.79243
5628.55400,-1.58962,-2.94157,63.40721,11.28689,12.23615,18.08892,21.79525
5628.56400,-1.60217,-2.95184,63.37886,11.28059,12.20339,18.06372,21.83116
5628.57400,-1.58431,-2.94658,63.37035,11.28429,12.21116,18.08222,21.79268
5628.58400,-1.55389,-2.93762,63.35586,11.29059,12.22439,18.11372,21.72716
5628.59400,-1.55389,-2.93762,63.35586,11.29059,12.22439,18.11372,21.72716
5628.60400,-1.57566,-2.94243,63.33234,11.27633,12.21655,18.08521,21.75424
5628.61400,-1.56596,-2.92911,63.39266,11.29286,12.25943,18.11085,21.72952
5628.62400,-1.55956,-2.92383,63.41686,11.30059,12.27539,18.12372,21.71716
5628.63400,-1.55784,-2.92100,63.39569,11.30789,12.26809,18.10912,21.71059
5628.64400,-1.59354,-2.91294,63.33778,11.27663,12.30020,18.06128,21.69967
5628.65400,-1.60002,-2.91169,63.32886,11.27059,12.30639,18.05372,21.69816
5628.66400,-1.54688,-2.90060,63.46086,11.32959,12.32739,18.13372,21.67016
5628.67400,-1.55137,-2.90360,63.44293,11.32021,12.32174,18.12820,21.67278
5628.68400,-1.57371,-2.91659,63.36169,11.27815,12.29744,18.09985,21.68625
5628.69400,-1.55078,-2.89341,63.48500,11.34441,12.34161,18.12439,21.67459
5628.70400,-1.54654,-2.88443,63.53042,11.36719,12.36079,18.12892,21.67352
5628.71400,-1.58046,-2.88013,63.50847,11.34959,12.38215,18.08657,21.69016
5628.72400,-1.58972,-2.85924,63.42586,11.34959,12.40939,18.03472,21.63216
5628.73400,-1.58804,-2.86023,63.42912,11.34728,12.41019,18.04100,21.63065
5628.74400,-1.57403,-2.86840,63.45627,11.32808,12.41681,18.09332,21.61807
5628.75400,-1.56857,-2.87159,63.46686,11.32059,12.41939,18.11372,21.61316
5628.76400,-1.56264,-2.86326,63.52923,11.40771,12.37880,18.06422,21.67850
5628.77400,-1.51877,-2.89611,63.37245,11.36008,12.27642,18.10332,21.63263
5628.78400,-1.51833,-2.89645,63.37086,11.35959,12.27539,18.10372,21.63216
5628.79400,-1.52217,-2.84716,63.46686,11.40859,12.39939,18.09372,21.56516
5628.80400,-1.54441,-2.85016,63.40308,11.39284,12.38286,18.04726,21.58012
5628.81400,-1.55042,-2.85098,63.38586,11.38859,12.37839,18.03472,21.58416
5628.82400,-1.57090,-2.86651,63.24804,11.33776,12.33446,17.99165,21.58416
5628.83400,-1.57420,-2.86901,63.22586,11.32959,12.32739,17.98472,21.58416
5628.84400,-1.55977,-2.87705,63.21833,11.32205,12.30981,18.00984,21.57663
5628.85400,-1.59015,-2.86416,63.41145,11.37966,12.36025,17.99735,21.67419
5628.86400,-1.59515,-2.86198,63.44086,11.38859,12.36839,17.99472,21.68916
5628.87400,-1.59048,-2.85413,63.33114,11.36437,12.37334,17.97495,21.61848
5628.88400,-1.57425,-2.84878,63.21910,11.34199,12.36855,17.96912,21.53944
5628.89400,-1.53805,-2.85738,63.21986,11.34959,12.33739,18.01472,21.51816
5628.90400,-1.54140,-2.85032,63.30692,11.36410,12.37512,18.03576,21.53194
5628.91400,-1.54266,-2.84765,63.33986,11.36959,12.38939,18.04372,21.53716
5628.92400,-1.56787,-2.85890,63.26570,11.34079,12.35915,18.00124,21.56452
5628.93400,-1.53309,-2.86867,63.44998,11.38647,12.35531,18.09200,21.61620
5628.94400,-1.51582,-2.87076,63.53286,11.40859,12.35839,18.13372,21.63216
5628.95400,-1.54548,-2.85163,63.54876,11.41581,12.41043,18.09035,21.63216
5628.96400,-1.54820,-2.84061,63.52750,11.41859,12.43039,18.07372,21.60480
5628.97400,-1.54484,-2.83917,63.51686,11.41859,12.43039,18.07372,21.59416
5628.98400,-1.54484,-2.83917,63.51686,11.41859,12.43039,18.07372,21.59416
5628.99400,-1.53009,-2.85930,63.36486,11.40859,12.32739,18.03472,21.59416
5629.00400,-1.51990,-2.85615,63.22807,11.36607,12.32739,18.02856,21.50605
5629.01400,-1.53638,-2.85996,63.26747,11.35800,12.33967,18.03086,21.53894
5629.02400,-1.55072,-2.86358,63.34586,11.36959,12.34739,18.03472,21.59416
5629.03400,-1.54638,-2.83981,63.33091,11.39291,12.38447,18.01080,21.54273
5629.04400,-1.54549,-2.84134,63.35036,11.39303,12.38740,18.02100,21.54892
5629.05400,-1.54725,-2.85646,63.37586,11.37959,12.36839,18.04372,21.58416
5629.06400,-1.54222,-2.85011,63.33993,11.38379,12.36839,18.03019,21.55756
5629.07400,-1.53648,-2.84283,63.29886,11.38859,12.36839,18.01472,21.52716
5629.08400,-1.51901,-2.84454,63.33582,11.41259,12.35351,18.03344,21.53628
5629.09400,-1.49995,-2.86322,63.35431,11.41410,12.30703,18.06841,21.56477
5629.10400,-1.49978,-2.88077,63.33186,11.38859,12.27539,18.08372,21.58416
5629.11400,-1.49978,-2.88077,63.33186,11.38859,12.27539,18.08372,21.58416
5629.12400,-1.48868,-2.88078,63.41224,11.38859,12.30540,18.13738,21.58086
5629.13400,-1.47851,-2.88514,63.39386,11.38859,12.28639,18.14372,21.57516
5629.14400,-1.47004,-2.88291,63.41263,11.39652,12.29168,18.15694,21.56749
5629.15400,-1.44649,-2.87671,63.46486,11.41859,12.30639,18.19372,21.54616
5629.16400,-1.45974,-2.88125,63.46018,11.41139,12.29919,18.17932,21.57028
5629.17400,-1.47774,-2.88821,63.44993,11.40100,12.28639,18.15855,21.60398
5629.18400,-1.46229,-2.88508,63.44456,11.40771,12.28639,18.17198,21.57848
5629.19400,-1.45532,-2.88101,63.45269,11.42462,12.28384,18.16907,21.57516
5629.20400,-1.44402,-2.87761,63.45810,11.45192,12.26803,18.16085,21.57730
5629.21400,-1.46034,-2.90548,63.38186,11.36959,12.24439,18.18372,21.58416
5629.22400,-1.45877,-2.90713,63.38186,11.36959,12.23979,18.18602,21.58646
5629.23400,-1.45351,-2.91267,63.38186,11.36959,12.22439,18.19372,21.59416
5629.24400,-1.45483,-2.91176,63.36399,11.36137,12.22850,18.19167,21.58245
5629.25400,-1.46074,-2.90948,63.30434,11.32959,12.24439,18.18699,21.54337
5629.26400,-1.46717,-2.91986,63.38186,11.32959,12.24439,18.21372,21.59416
5629.27400,-1.46376,-2.91716,63.37350,11.33509,12.24329,18.20932,21.58580
5629.28400,-1.43622,-2.89576,63.31565,11.37959,12.23670,18.17812,21.52124
5629.29400,-1.43716,-2.89967,63.39486,11.37959,12.25539,18.21372,21.54616
5629.30400,-1.43716,-2.89967,63.39486,11.37959,12.25539,18.21372,21.54616
5629.31400,-1.43466,-2.89991,63.43842,11.38825,12.26228,18.22905,21.55883
5629.32400,-1.42592,-2.90077,63.59086,11.41859,12.28639,18.28272,21.60316
5629.33400,-1.42810,-2.90052,63.56372,11.41399,12.28156,18.27145,21.59672
5629.34400,-1.44109,-2.90256,63.45120,11.38816,12.25978,18.22570,21.57757
5629.35400,-1.45669,-2.91041,63.39186,11.35959,12.24439,18.20372,21.58416
5629.36400,-1.46485,-2.88836,63.44274,11.40079,12.28350,18.17429,21.58416
5629.37400,-1.47001,-2.87860,63.34786,11.35959,12.31639,18.16372,21.50816
5629.38400,-1.47001,-2.87860,63.34786,11.35959,12.31639,18.16372,21.50816
5629.39400,-1.45160,-2.88230,63.37360,11.37873,12.29659,18.18352,21.51476
5629.40400,-1.44212,-2.88420,63.38686,11.38859,12.28639,18.19372,21.51816
5629.41400,-1.44965,-2.87752,63.42886,11.40573,12.30354,18.18515,21.53445
5629.42400,-1.43568,-2.85717,63.38808,11.41727,12.33332,18.17503,21.46245
5629.43400,-1.43338,-2.85426,63.38086,11.41859,12.33739,18.17372,21.45116
5629.44400,-1.45079,-2.85072,63.38656,11.41859,12.34937,18.15090,21.46770
5629.45400,-1.43832,-2.85231,63.37286,11.43020,12.32820,18.15114,21.46332
5629.46400,-1.41984,-2.85539,63.35986,11.43859,12.30639,18.16372,21.45116
5629.47400,-1.46249,-2.87389,63.39942,11.40928,12.29907,18.14907,21.54201
5629.48400,-1.47804,-2.88064,63.41386,11.39859,12.29639,18.14372,21.57516
5629.49400,-1.47496,-2.87479,63.37430,11.37001,12.32643,18.15837,21.51948
5629.50400,-1.50466,-2.86578,63.40926,11.37433,12.36025,18.12685,21.54783
5629.51400,-1.51563,-2.86333,63.42686,11.37959,12.36839,18.11372,21.56516
5629.52400,-1.49725,-2.85493,63.44215,11.41363,12.36346,18.11372,21.55135
5629.53400,-1.46260,-2.84309,63.43196,11.45582,12.35039,18.11753,21.50821
5629.54400,-1.43693,-2.83785,63.38986,11.46759,12.33739,18.12372,21.46116
5629.55400,-1.44890,-2.85079,63.38925,11.43751,12.33125,18.13600,21.48449
5629.56400,-1.45642,-2.85894,63.38886,11.41859,12.32739,18.14372,21.49916
5629.57400,-1.44964,-2.86373,63.36757,11.41859,12.30610,18.14372,21.49916
5629.58400,-1.44829,-2.86918,63.34334,11.40925,12.29120,18.14372,21.49916
5629.59400,-1.48417,-2.86299,63.37086,11.36959,12.35839,18.14372,21.49916
5629.60400,-1.46887,-2.85413,63.39536,11.40340,12.35839,18.14372,21.48985
5629.61400,-1.47086,-2.84313,63.43507,11.42879,12.37848,18.13392,21.49388
5629.62400,-1.48948,-2.84127,63.44986,11.41859,12.39939,18.12372,21.50816
5629.63400,-1.47040,-2.84569,63.40037,11.42839,12.35872,18.11882,21.49444
5629.64400,-1.45051,-2.85030,63.34886,11.43859,12.31639,18.11372,21.48016
5629.65400,-1.46624,-2.84859,63.33912,11.41381,12.34229,18.11094,21.47209
5629.66400,-1.49837,-2.84508,63.31923,11.36324,12.39513,18.10525,21.45561
5629.67400,-1.49311,-2.82390,63.39120,11.42765,12.41662,18.08204,21.46489
5629.68400,-1.48778,-2.81615,63.42086,11.45759,12.41939,18.07372,21.47016
5629.69400,-1.45482,-2.81324,63.37998,11.47219,12.39749,18.08832,21.42198
5629.70400,-1.47884,-2.80281,63.41596,11.47029,12.44195,18.07182,21.43190
5629.71400,-1.49223,-2.79935,63.43486,11.46759,12.46139,18.06372,21.44216
5629.72400,-1.44319,-2.80846,63.36566,11.47747,12.40010,18.09338,21.39471
5629.73400,-1.44262,-2.80856,63.36486,11.47759,12.39939,18.09372,21.39416
5629.74400,-1.48210,-2.78264,63.28058,11.46779,12.44937,18.00650,21.35692
5629.75400,-1.45287,-2.78745,63.39486,11.51659,12.43039,18.05372,21.39416
5629.76400,-1.44227,-2.78362,63.37229,11.52609,12.42303,18.04921,21.37396
5629.77400,-1.42453,-2.77413,63.32194,11.54532,12.41112,18.03242,21.33308
5629.78400,-1.47914,-2.78363,63.39586,11.50759,12.45039,18.02472,21.41316
5629.79400,-1.47549,-2.77965,63.40675,11.51801,12.45515,18.02472,21.40887
5629.80400,-1.45960,-2.76237,63.45408,11.56335,12.47581,18.02472,21.39020
5629.81400,-1.45279,-2.76119,63.45891,11.56780,12.47647,18.03251,21.38214
5629.82400,-1.44224,-2.77573,63.42580,11.53535,12.45594,18.06496,21.36956
5629.83400,-1.47219,-2.74763,63.37186,11.52659,12.52239,18.00472,21.31816
5629.84400,-1.47219,-2.74763,63.37186,11.52659,12.52239,18.00472,21.31816
5629.85400,-1.45080,-2.77080,63.36521,11.51923,12.46284,18.04027,21.34286
5629.86400,-1.42191,-2.76796,63.40486,11.60559,12.39939,18.01472,21.38516
5629.87400,-1.42191,-2.76796,63.40486,11.60559,12.39939,18.01472,21.38516
5629.88400,-1.44407,-2.77494,63.43842,11.55608,12.44219,18.04744,21.39271
5629.89400,-1.44850,-2.77638,63.42026,11.54191,12.44547,18.04664,21.38624
5629.90400,-1.45038,-2.77894,63.23789,11.50680,12.40450,17.99393,21.33266
5629.91400,-1.45413,-2.79378,63.22144,11.50022,12.36371,17.98735,21.37016
5629.92400,-1.45564,-2.79972,63.21486,11.49759,12.34739,17.98472,21.38516
5629.93400,-1.43892,-2.77577,63.30891,11.50749,12.43946,18.04313,21.31883
5629.94400,-1.43464,-2.80266,63.29699,11.47789,12.38990,18.07342,21.35578
5629.95400,-1.43460,-2.80294,63.29686,11.47759,12.38939,18.07372,21.35616
5629.96400,-1.43643,-2.79444,63.36686,11.49759,12.41939,18.08372,21.36616
5629.97400,-1.43643,-2.79444,63.36686,11.49759,12.41939,18.08372,21.36616
5629.98400,-1.44227,-2.81303,63.32019,11.45170,12.39606,18.09928,21.37316
5629.99400,-1.43068,-2.78140,63.53880,11.56628,12.45194,18.10372,21.41686
5630.00400,-1.42869,-2.77584,63.57386,11.58559,12.46139,18.10372,21.42316
5630.01400,-1.43111,-2.77851,63.45300,11.57702,12.41682,18.05229,21.40687
5630.02400,-1.42677,-2.78240,63.44850,11.55305,12.42825,18.08051,21.38668
5630.03400,-1.42126,-2.78641,63.46668,11.52685,12.45017,18.12329,21.36636
5630.04400,-1.41996,-2.78860,63.46323,11.52171,12.44789,18.12872,21.36491
5630.05400,-1.41127,-2.80371,63.43786,11.48759,12.43039,18.16372,21.35616
5630.06400,-1.43620,-2.79389,63.45317,11.49959,12.45150,18.12234,21.37975
5630.07400,-1.47924,-2.78440,63.46416,11.50025,12.48139,18.06372,21.41879
5630.08400,-1.48525,-2.78783,63.45586,11.48759,12.48139,18.06372,21.42316
5630.09400,-1.48525,-2.78783,63.45586,11.48759,12.48139,18.06372,21.42316
5630.10400,-1.43761,-2.81221,63.33349,11.48663,12.36839,18.07737,21.40110
5630.11400,-1.44609,-2.81898,63.33286,11.46759,12.36839,18.08372,21.41316
5630.12400,-1.42198,-2.79810,63.43771,11.52759,12.40597,18.10796,21.39619
5630.13400,-1.40635,-2.78456,63.50586,11.56659,12.43039,18.12372,21.38516
5630.14400,-1.40859,-2.81106,63.35815,11.50641,12.36110,18.11156,21.37908
5630.15400,-1.40047,-2.82564,63.33641,11.48210,12.33672,18.13759,21.38000
5630.16400,-1.39028,-2.82289,63.41486,11.49759,12.35839,18.17372,21.38516
5630.17400,-1.38721,-2.81195,63.42515,11.51670,12.37359,18.16392,21.37094
5630.18400,-1.40233,-2.82333,63.37089,11.48907,12.34915,18.14402,21.38864
5630.19400,-1.42183,-2.84756,63.30186,11.43859,12.30639,18.13372,21.42316
5630.20400,-1.39972,-2.83777,63.34694,11.47240,12.31668,18.15332,21.40454
5630.21400,-1.37673,-2.82760,63.39386,11.50759,12.32739,18.17372,21.38516
5630.22400,-1.37673,-2.82760,63.39386,11.50759,12.32739,18.17372,21.38516
5630.23400,-1.37609,-2.85814,63.22986,11.39815,12.29047,18.20732,21.33392
5630.24400,-1.36388,-2.87282,63.16586,11.37959,12.24439,18.21372,21.32816
5630.25400,-1.35199,-2.85876,63.22861,11.41747,12.26896,18.22260,21.31958
5630.26400,-1.32608,-2.83057,63.37933,11.50492,12.31633,18.24372,21.31436
5630.27400,-1.34098,-2.86397,63.38886,11.48759,12.24439,18.24372,21.41316
5630.28400,-1.36258,-2.86896,63.34467,11.44233,12.25924,18.23665,21.40644
5630.29400,-1.40215,-2.87810,63.26386,11.35959,12.28639,18.22372,21.39416
5630.30400,-1.39274,-2.88335,63.30098,11.36984,12.27543,18.24458,21.41113
5630.31400,-1.38816,-2.90483,63.34812,11.36761,12.23561,18.27557,21.46934
5630.32400,-1.42318,-2.93789,63.29050,11.30933,12.18064,18.25570,21.54484
5630.33400,-1.43097,-2.93604,63.28978,11.30755,12.18727,18.24576,21.54920
5630.34400,-1.43799,-2.91714,63.31178,11.32688,12.22861,18.22643,21.52987
5630.35400,-1.37855,-2.92694,63.29486,11.33959,12.18239,18.29272,21.48016
5630.36400,-1.37855,-2.92694,63.29486,11.33959,12.18239,18.29272,21.48016
5630.37400,-1.42031,-2.90593,63.27786,11.33959,12.23439,18.22372,21.48016
5630.38400,-1.41575,-2.90726,63.29343,11.34888,12.22719,18.22837,21.48899
5630.39400,-1.39837,-2.91233,63.38326,11.37719,12.21827,18.26748,21.52032
5630.40400,-1.39103,-2.91439,63.50486,11.36959,12.26539,18.34272,21.52716
5630.41400,-1.39103,-2.91439,63.50486,11.36959,12.26539,18.34272,21.52716
5630.42400,-1.39985,-2.90914,63.44918,11.37515,12.25370,18.29817,21.52215
5630.43400,-1.39127,-2.89589,63.41526,11.37959,12.27351,18.29045,21.47172
5630.44400,-1.38436,-2.89187,63.41986,11.37959,12.28639,18.30272,21.45116
5630.45400,-1.36334,-2.86289,63.51871,11.45669,12.32692,18.30272,21.43238
5630.46400,-1.36310,-2.86255,63.51986,11.45759,12.32739,18.30272,21.43216
5630.47400,-1.38819,-2.86381,63.45253,11.40907,12.34720,18.28292,21.41335
5630.48400,-1.38994,-2.86222,63.52295,11.44492,12.34213,18.27745,21.45845
5630.49400,-1.39128,-2.86079,63.58686,11.47759,12.33739,18.27272,21.49916
5630.50400,-1.40055,-2.83513,63.53340,11.47759,12.38887,18.23411,21.43283
5630.51400,-1.43232,-2.87803,63.52640,11.40728,12.33702,18.25452,21.52757
5630.52400,-1.44481,-2.89503,63.52386,11.37959,12.31639,18.26272,21.56516
5630.53400,-1.44851,-2.88870,63.41142,11.34602,12.32562,18.23839,21.50139
5630.54400,-1.44923,-2.88748,63.38986,11.33959,12.32739,18.23372,21.48916
5630.55400,-1.43206,-2.92175,63.31762,11.29745,12.24741,18.26726,21.50550
5630.56400,-1.39774,-2.90934,63.42834,11.35921,12.26132,18.30747,21.50034
5630.57400,-1.39299,-2.90663,63.44686,11.36959,12.26539,18.31272,21.49916
5630.58400,-1.41769,-2.91104,63.35295,11.35230,12.23543,18.24992,21.51529
5630.59400,-1.44180,-2.89921,63.25251,11.33378,12.24939,18.18630,21.48303
5630.60400,-1.44605,-2.88830,63.22986,11.32959,12.27539,18.17372,21.45116
5630.61400,-1.45493,-2.90829,63.32184,11.32302,12.26079,18.21022,21.52781
5630.62400,-1.45821,-2.91566,63.35586,11.32059,12.25539,18.22372,21.55616
5630.63400,-1.44131,-2.93836,63.30129,11.29109,12.20157,18.25248,21.55616
5630.64400,-1.42222,-2.95268,63.28852,11.28799,12.16019,18.27752,21.56282
5630.65400,-1.41763,-2.95486,63.29086,11.29059,12.15239,18.28272,21.56516
5630.66400,-1.45026,-2.94350,63.24289,11.27432,12.18243,18.22891,21.55723
5630.67400,-1.49505,-2.92789,63.17717,11.25203,12.22357,18.15519,21.54638
5630.68400,-1.44513,-2.88792,63.41986,11.34959,12.32739,18.24372,21.49916
5630.69400,-1.45293,-2.88293,63.43138,11.36171,12.33345,18.22554,21.51068
5630.70400,-1.45800,-2.87968,63.43886,11.36959,12.33739,18.21372,21.51816
5630.71400,-1.44394,-2.88970,63.39341,11.38110,12.28103,18.20160,21.52968
5630.72400,-1.45032,-2.90206,63.41388,11.34711,12.28831,18.23581,21.54265
5630.73400,-1.46023,-2.90578,63.44586,11.32059,12.31639,18.26272,21.54616
5630.74400,-1.45816,-2.90311,63.44280,11.32849,12.31478,18.25643,21.54310
5630.75400,-1.46049,-2.88227,63.42734,11.37434,12.32113,18.19996,21.53191
5630.76400,-1.47498,-2.87461,63.42786,11.37959,12.33739,18.17372,21.53716
5630.77400,-1.47831,-2.88239,63.39769,11.35518,12.32889,18.17921,21.53442
5630.78400,-1.48524,-2.89862,63.33483,11.30432,12.31118,18.19063,21.52870
5630.79400,-1.48712,-2.90301,63.31786,11.29059,12.30639,18.19372,21.52716
5630.80400,-1.50462,-2.89363,63.22498,11.28199,12.30639,18.13352,21.50308
5630.81400,-1.50979,-2.91903,63.19800,11.24203,12.26586,18.15338,21.53672
5630.82400,-1.50981,-2.91935,63.19786,11.24159,12.26539,18.15372,21.53716
5630.83400,-1.47841,-2.88119,63.30568,11.35725,12.29578,18.13412,21.51854
5630.84400,-1.49550,-2.89714,63.10786,11.29059,12.24439,18.08372,21.48916
5630.85400,-1.48828,-2.89310,63.20919,11.31919,12.26476,18.11281,21.51243
5630.86400,-1.48065,-2.88883,63.31686,11.34959,12.28639,18.14372,21.53716
5630.87400,-1.48180,-2.89000,63.30308,11.34689,12.28072,18.13832,21.53716
5630.88400,-1.48426,-2.89247,63.27377,11.34114,12.26865,18.12682,21.53716
5630.89400,-1.49775,-2.89089,63.20086,11.28059,12.30639,18.13372,21.48016
5630.90400,-1.49771,-2.88990,63.23004,11.29150,12.30912,18.13645,21.49298
5630.91400,-1.50787,-2.89273,63.27115,11.31346,12.29465,18.11877,21.54427
5630.92400,-1.52643,-2.90261,63.20486,11.30059,12.25539,18.07372,21.57516
5630.93400,-1.51843,-2.88737,63.25562,11.33587,12.28131,18.07372,21.56472
5630.94400,-1.50423,-2.86034,63.34586,11.39859,12.32739,18.07372,21.54616
5630.95400,-1.50423,-2.86034,63.34586,11.39859,12.32739,18.07372,21.54616
5630.96400,-1.50715,-2.88129,63.25854,11.32131,12.31383,18.10612,21.51728
5630.97400,-1.48816,-2.86171,63.39654,11.40664,12.33450,18.11279,21.54261
5630.98400,-1.48823,-2.86175,63.40022,11.40502,12.33739,18.11602,21.54179
5630.99400,-1.49485,-2.86976,63.34949,11.37097,12.33019,18.11675,21.53157
5631.00400,-1.48659,-2.86551,63.35486,11.40859,12.30639,18.09372,21.54616
5631.01400,-1.48625,-2.86918,63.34389,11.39921,12.30147,18.09849,21.54473
5631.02400,-1.48483,-2.88449,63.29820,11.36014,12.28094,18.11836,21.53877
5631.03400,-1.48865,-2.89146,63.30439,11.34495,12.27908,18.13085,21.54952
5631.04400,-1.51778,-2.91221,63.43108,11.31059,12.30298,18.18152,21.63599
5631.05400,-1.50223,-2.91046,63.34386,11.31059,12.27539,18.16372,21.59416
5631.06400,-1.49919,-2.91025,63.34848,11.31169,12.27660,18.16922,21.59097
5631.07400,-1.47593,-2.90936,63.38219,11.31692,12.28639,18.21372,21.56516
5631.08400,-1.48810,-2.91689,63.34886,11.28359,12.28639,18.21372,21.56516
5631.09400,-1.49285,-2.91983,63.33586,11.27059,12.28639,18.21372,21.56516
5631.10400,-1.47598,-2.90995,63.47015,11.34802,12.28639,18.22352,21.61221
5631.11400,-1.47564,-2.90975,63.47286,11.34959,12.28639,18.22372,21.61316
5631.12400,-1.48849,-2.91984,63.43567,11.31344,12.28063,18.22372,21.61787
5631.13400,-1.49651,-2.92747,63.39034,11.28160,12.27438,18.22271,21.61165
5631.14400,-1.46388,-2.91375,63.28786,11.29059,12.26539,18.21372,21.51816
5631.15400,-1.45965,-2.90571,63.30900,11.31126,12.27492,18.20907,21.51375
5631.16400,-1.45823,-2.88134,63.35747,11.36319,12.30877,18.18184,21.50367
5631.17400,-1.49840,-2.88831,63.28886,11.31059,12.31639,18.14372,21.51816
5631.18400,-1.49109,-2.88880,63.30542,11.31289,12.31892,18.15982,21.51379
5631.19400,-1.46663,-2.89043,63.36086,11.32059,12.32739,18.21372,21.49916
5631.20400,-1.46734,-2.88868,63.32688,11.32985,12.31028,18.18758,21.49916
5631.21400,-1.46079,-2.88528,63.18519,11.34678,12.24990,18.11417,21.47433
5631.22400,-1.43580,-2.89150,63.09286,11.31059,12.23439,18.14372,21.40416
5631.23400,-1.43758,-2.88832,63.12950,11.31421,12.25326,18.15460,21.40742
5631.24400,-1.44387,-2.87835,63.20132,11.35960,12.26229,18.13356,21.44586
5631.25400,-1.44623,-2.87510,63.20686,11.38859,12.24439,18.10372,21.47016
5631.26400,-1.42578,-2.87984,63.31194,11.38415,12.27498,18.18709,21.46572
5631.27400,-1.40485,-2.88468,63.41986,11.37959,12.30639,18.27272,21.46116
5631.28400,-1.40153,-2.89984,63.51317,11.39125,12.28736,18.30955,21.52500
5631.29400,-1.38518,-2.91649,63.54014,11.40469,12.23757,18.33272,21.56516
5631.30400,-1.37605,-2.92106,63.51986,11.40859,12.21339,18.33272,21.56516
5631.31400,-1.37326,-2.91246,63.40587,11.39626,12.20723,18.29575,21.50662
5631.32400,-1.38619,-2.92406,63.27838,11.35851,12.16533,18.25492,21.49963
5631.33400,-1.39543,-2.93475,63.24286,11.33959,12.14139,18.24372,21.51816
5631.34400,-1.39884,-2.93556,63.26555,11.33227,12.15489,18.25666,21.52172
5631.35400,-1.41360,-2.93905,63.36386,11.30059,12.21339,18.31272,21.53716
5631.36400,-1.43526,-2.93834,63.26930,11.27227,12.20859,18.26520,21.52324
5631.37400,-1.41785,-2.95477,63.21438,11.24159,12.17333,18.29566,21.50380
5631.38400,-1.37441,-2.97302,63.26486,11.24159,12.14139,18.38272,21.49916
5631.39400,-1.37192,-2.95730,63.31778,11.28471,12.16148,18.36802,21.50357
5631.40400,-1.38193,-2.93604,63.25885,11.31552,12.16784,18.29499,21.48051
5631.41400,-1.39535,-2.93079,63.13786,11.30059,12.15239,18.23372,21.45116
5631.42400,-1.39698,-2.93503,63.19323,11.31480,12.14700,18.24303,21.48840
5631.43400,-1.39867,-2.93943,63.25086,11.32959,12.14139,18.25272,21.52716
5631.44400,-1.39867,-2.93943,63.25086,11.32959,12.14139,18.25272,21.52716
5631.45400,-1.40106,-2.94801,63.39910,11.31103,12.19111,18.33712,21.55984
5631.46400,-1.40339,-2.94294,63.50086,11.32959,12.22439,18.36272,21.58416
5631.47400,-1.41767,-2.93159,63.43748,11.32263,12.23941,18.31913,21.55632
5631.48400,-1.44505,-2.92845,63.30518,11.27495,12.24667,18.26496,21.51860
5631.49400,-1.44969,-2.95788,63.26486,11.21159,12.21339,18.30272,21.53716
5631.50400,-1.44969,-2.95788,63.26486,11.21159,12.21339,18.30272,21.53716
5631.51400,-1.43437,-2.92814,63.31974,11.28411,12.24377,18.27822,21.51364
5631.52400,-1.41844,-2.89725,63.37686,11.35959,12.27539,18.25272,21.48916
5631.53400,-1.41112,-2.92150,63.37052,11.30393,12.26130,18.31613,21.48916
5631.54400,-1.41270,-2.90526,63.32666,11.32179,12.27221,18.27545,21.45721
5631.55400,-1.41358,-2.90026,63.31886,11.32959,12.27539,18.26272,21.45116
5631.56400,-1.37606,-2.92271,63.28714,11.36453,12.16631,18.26779,21.48850
5631.57400,-1.42830,-2.92765,63.30286,11.32959,12.19339,18.23372,21.54616
5631.58400,-1.42830,-2.92765,63.30286,11.32959,12.19339,18.23372,21.54616
5631.59400,-1.40708,-2.94817,63.42686,11.35959,12.15239,18.29272,21.62216
5631.60400,-1.40708,-2.94817,63.42686,11.35959,12.15239,18.29272,21.62216
5631.61400,-1.40576,-2.99720,63.25780,11.26270,12.05056,18.31249,21.63205
5631.62400,-1.37452,-3.01132,63.24386,11.26159,12.00739,18.35272,21.62216
5631.63400,-1.37716,-3.01192,63.24277,11.25832,12.00859,18.35163,21.62423
5631.64400,-1.39936,-3.01864,63.23396,11.22664,12.01839,18.34676,21.64217
5631.65400,-1.40519,-3.03464,63.23486,11.18259,12.01839,18.38272,21.65116
5631.66400,-1.40530,-3.03572,63.24686,11.18567,12.01674,18.38509,21.65937
5631.67400,-1.40623,-3.04466,63.34686,11.21132,12.00292,18.40483,21.72779
5631.68400,-1.40440,-3.04824,63.38678,11.22477,11.99414,18.41272,21.75516
5631.69400,-1.38610,-3.04839,63.38612,11.25126,11.96698,18.41272,21.75516
5631.70400,-1.37077,-3.03920,63.28907,11.26891,11.93931,18.37205,21.70880
5631.71400,-1.36889,-3.03707,63.26686,11.27059,11.93539,18.36272,21.69816
5631.72400,-1.40503,-3.01246,63.36094,11.25197,12.05691,18.37252,21.67954
5631.73400,-1.42990,-2.99546,63.37276,11.27039,12.09008,18.32323,21.68906
5631.74400,-1.43014,-2.99529,63.37286,11.27059,12.09039,18.32272,21.68916
5631.75400,-1.40839,-3.00286,63.43264,11.26177,12.10019,18.39132,21.67936
5631.76400,-1.40795,-3.00302,63.43386,11.26159,12.10039,18.39272,21.67916
5631.77400,-1.40840,-3.00089,63.41668,11.26562,12.09594,18.37999,21.67513
5631.78400,-1.42062,-2.99847,63.33163,11.27061,12.06635,18.31737,21.67730
5631.79400,-1.45129,-3.01440,63.26986,11.24159,12.02839,18.27272,21.72716
5631.80400,-1.42886,-3.02064,63.29494,11.23754,12.02435,18.32126,21.71179
5631.81400,-1.47729,-3.04137,63.40891,11.14067,12.10546,18.40042,21.76236
5631.82400,-1.50151,-3.04481,63.43186,11.11359,12.13139,18.40272,21.78416
5631.83400,-1.44565,-3.04361,63.46554,11.16526,12.09539,18.44859,21.75629
5631.84400,-1.40534,-3.04274,63.48986,11.20259,12.06939,18.48172,21.73616
5631.85400,-1.42897,-3.02649,63.34678,11.20259,12.06209,18.38025,21.70185
5631.86400,-1.39353,-3.00705,63.38898,11.26748,12.06677,18.38696,21.66778
5631.87400,-1.37781,-3.00228,63.42286,11.29059,12.06939,18.40272,21.66016
5631.88400,-1.38461,-2.97909,63.41250,11.29799,12.12267,18.38052,21.61132
5631.89400,-1.39970,-2.98605,63.43156,11.28419,12.12415,18.38113,21.64209
5631.90400,-1.41686,-3.00644,63.46225,11.26203,12.10086,18.39249,21.70686
5631.91400,-1.41862,-3.00463,63.45542,11.26159,12.10384,18.38716,21.70283
5631.92400,-1.42997,-2.98683,63.39586,11.26159,12.13139,18.34272,21.66016
5631.93400,-1.42729,-2.98958,63.39523,11.26396,12.12114,18.34397,21.66616
5631.94400,-1.39257,-2.99449,63.40347,11.30989,12.06460,18.35272,21.67626
5631.95400,-1.36548,-2.97019,63.42486,11.35959,12.09039,18.35272,21.62216
5631.96400,-1.37177,-2.97100,63.38394,11.34221,12.09039,18.34172,21.60962
5631.97400,-1.38661,-2.97720,63.32033,11.28877,12.10308,18.34366,21.58481
5631.98400,-1.37578,-2.98198,63.43786,11.30059,12.12139,18.40272,21.61316
5631.99400,-1.38697,-2.96680,63.40079,11.31437,12.13613,18.35520,21.59510
5632.00400,-1.39934,-2.95003,63.35986,11.32959,12.15239,18.30272,21.57516
5632.01400,-1.40181,-2.95400,63.34522,11.33220,12.13331,18.28965,21.59006
5632.02400,-1.41205,-2.96832,63.29789,11.31214,12.09610,18.27261,21.61705
5632.03400,-1.41699,-2.97297,63.28886,11.27059,12.12139,18.30272,21.59416
5632.04400,-1.41062,-2.96063,63.28918,11.30497,12.12139,18.27780,21.58501
5632.05400,-1.39706,-2.93436,63.28985,11.37812,12.12139,18.22478,21.56555
5632.06400,-1.44125,-2.94748,63.25986,11.31059,12.14139,18.21372,21.59416
5632.07400,-1.44423,-2.94134,63.29154,11.32823,12.15255,18.20652,21.60424
5632.08400,-1.44950,-2.93043,63.34786,11.35959,12.17239,18.19372,21.62216
5632.09400,-1.44257,-2.93337,63.34766,11.36160,12.16213,18.20177,21.62216
5632.10400,-1.42274,-2.94178,63.34708,11.36735,12.13282,18.22475,21.62216
5632.11400,-1.40055,-2.94807,63.25886,11.34959,12.10039,18.23372,21.57516
5632.12400,-1.41078,-2.94439,63.28118,11.35184,12.11663,18.22696,21.58576
5632.13400,-1.45007,-2.92900,63.34350,11.35744,12.17689,18.19301,21.61616
5632.14400,-1.46552,-2.91884,63.29086,11.34959,12.19339,18.15372,21.59416
5632.15400,-1.46490,-2.91708,63.25981,11.34292,12.19339,18.14682,21.57668
5632.16400,-1.46282,-2.91118,63.15586,11.32059,12.19339,18.12372,21.51816
5632.17400,-1.46282,-2.91118,63.15586,11.32059,12.19339,18.12372,21.51816
5632.18400,-1.41441,-2.90014,63.22146,11.41641,12.15261,18.12917,21.52328
5632.19400,-1.44736,-2.89504,63.38186,11.39859,12.24439,18.17372,21.56516
5632.20400,-1.44529,-2.89221,63.38469,11.40076,12.25115,18.17590,21.55688
5632.21400,-1.42622,-2.87140,63.40141,11.41464,12.30139,18.19775,21.48763
5632.22400,-1.40506,-2.89493,63.33689,11.37512,12.25139,18.23807,21.47231
5632.23400,-1.40210,-2.89823,63.32786,11.36959,12.24439,18.24372,21.47016
5632.24400,-1.38768,-2.90575,63.32292,11.41802,12.17323,18.21407,21.51760
5632.25400,-1.38751,-2.90584,63.32286,11.41859,12.17239,18.21372,21.51816
5632.26400,-1.38920,-2.92010,63.24565,11.37008,12.15260,18.22362,21.49935
5632.27400,-1.38958,-2.89905,63.24387,11.41810,12.16229,18.17422,21.48926
5632.28400,-1.38958,-2.89884,63.24386,11.41859,12.16239,18.17372,21.48916
5632.29400,-1.39018,-2.89809,63.23828,11.41626,12.16472,18.17256,21.48474
5632.30400,-1.40233,-2.92558,63.27354,11.36132,12.15650,18.22625,21.52948
5632.31400,-1.40674,-2.94491,63.31886,11.33959,12.14139,18.26272,21.57516
5632.32400,-1.41307,-2.94941,63.28538,11.32327,12.13281,18.25413,21.57516
5632.33400,-1.41411,-2.95015,63.27986,11.32059,12.13139,18.25272,21.57516
5632.34400,-1.41076,-2.97219,63.23783,11.32722,12.04807,18.23134,21.63120
5632.35400,-1.45573,-2.99274,63.24484,11.26511,12.05576,18.23105,21.69292
5632.36400,-1.47256,-2.99737,63.25286,11.24159,12.06939,18.23372,21.70816
5632.37400,-1.44674,-3.00664,63.20176,11.23429,12.03216,18.25489,21.68042
5632.38400,-1.42967,-2.99461,63.25151,11.26494,12.05320,18.27239,21.66097
5632.39400,-1.42165,-2.97812,63.32486,11.30059,12.09039,18.28272,21.65116
5632.40400,-1.42139,-2.96886,63.27179,11.29449,12.10259,18.26442,21.61029
5632.41400,-1.42121,-2.96293,63.23786,11.29059,12.11039,18.25272,21.58416
5632.42400,-1.42121,-2.96293,63.23786,11.29059,12.11039,18.25272,21.58416
5632.43400,-1.39290,-2.96185,63.20412,11.30917,12.08231,18.25971,21.55293
5632.44400,-1.38955,-2.95461,63.30786,11.33959,12.11039,18.28272,21.57516
5632.45400,-1.38488,-2.95184,63.25418,11.33959,12.09819,18.26442,21.55198
5632.46400,-1.37318,-2.94823,63.32295,11.35789,12.11540,18.29542,21.55424
5632.47400,-1.36762,-2.94706,63.38886,11.36959,12.13139,18.32272,21.56516
5632.48400,-1.37819,-2.94476,63.36053,11.36137,12.13550,18.30219,21.56146
5632.49400,-1.39339,-2.94145,63.31986,11.34959,12.14139,18.27272,21.55616
5632.50400,-1.39714,-2.93355,63.39250,11.35433,12.18554,18.29646,21.55616
5632.51400,-1.38042,-2.91311,63.48934,11.38334,12.24942,18.33727,21.51931
5632.52400,-1.35826,-2.90065,63.50686,11.40859,12.26539,18.35272,21.48016
5632.53400,-1.35826,-2.90065,63.50686,11.40859,12.26539,18.35272,21.48016
5632.54400,-1.33005,-2.88666,63.33174,11.43419,12.21339,18.28632,21.39784
5632.55400,-1.33351,-2.89967,63.38686,11.41859,12.21339,18.32272,21.43216
5632.56400,-1.32168,-2.90117,63.37085,11.42512,12.19673,18.32599,21.42301
5632.57400,-1.29752,-2.90422,63.33819,11.43845,12.16273,18.33265,21.40435
5632.58400,-1.29967,-2.91128,63.32499,11.42667,12.15000,18.33510,21.41322
5632.59400,-1.30629,-2.93082,63.28922,11.39355,12.11556,18.34173,21.43839
5632.60400,-1.29499,-2.95074,63.33286,11.37959,12.09039,18.39272,21.47016
5632.61400,-1.29499,-2.95074,63.33286,11.37959,12.09039,18.39272,21.47016
5632.62400,-1.27453,-2.98179,63.23259,11.32959,12.01715,18.42546,21.46040
5632.63400,-1.28462,-2.97844,63.32186,11.32959,12.05939,18.45272,21.48016
5632.64400,-1.28462,-2.97844,63.32186,11.32959,12.05939,18.45272,21.48016
5632.65400,-1.26204,-2.98503,63.39537,11.37860,12.01921,18.47134,21.52623
5632.66400,-1.26158,-2.98517,63.39686,11.37959,12.01839,18.47172,21.52716
5632.67400,-1.26383,-2.95727,63.40176,11.38841,12.08895,18.46192,21.46248
5632.68400,-1.25215,-2.96884,63.30386,11.34959,12.05939,18.47172,21.42316
5632.69400,-1.23479,-2.96398,63.32272,11.37236,12.05709,18.48322,21.41005
5632.70400,-1.18515,-2.94803,63.38679,11.45068,12.04684,18.50778,21.38149
5632.71400,-1.21288,-2.94899,63.38986,11.45759,12.03839,18.46172,21.43216
5632.72400,-1.21064,-2.94235,63.41700,11.45759,12.06691,18.47782,21.41468
5632.73400,-1.20313,-2.92017,63.50786,11.45759,12.16239,18.53172,21.35616
5632.74400,-1.20313,-2.92017,63.50786,11.45759,12.16239,18.53172,21.35616
5632.75400,-1.20018,-2.95405,63.41828,11.40014,12.09229,18.55119,21.37466
5632.76400,-1.21413,-2.95205,63.39920,11.37017,12.12077,18.55172,21.35654
5632.77400,-1.21577,-2.94919,63.40029,11.37184,12.12745,18.54816,21.35283
5632.78400,-1.22555,-2.93042,63.40409,11.38647,12.16642,18.52099,21.33020
5632.79400,-1.22335,-2.94864,63.34250,11.36727,12.11212,18.51437,21.34874
5632.80400,-1.22247,-2.95594,63.31786,11.35959,12.09039,18.51172,21.35616
5632.81400,-1.24291,-2.97492,63.11300,11.28215,12.03942,18.46271,21.32871
5632.82400,-1.24333,-2.97531,63.10886,11.28059,12.03839,18.46172,21.32816
5632.83400,-1.25342,-2.99261,63.11348,11.25485,12.01793,18.47492,21.36578
5632.84400,-1.21897,-2.99798,63.17022,11.27145,12.00739,18.53531,21.35607
5632.85400,-1.20684,-2.99689,63.18686,11.28059,12.00739,18.55172,21.34716
5632.86400,-1.19753,-2.98617,63.20211,11.30831,12.01502,18.54479,21.33399
5632.87400,-1.21955,-3.00590,63.25417,11.27863,12.00916,18.56689,21.39948
5632.88400,-1.22456,-3.01059,63.26286,11.27059,12.00739,18.57172,21.41316
5632.89400,-1.21303,-3.00586,63.22718,11.27059,12.00739,18.57172,21.37748
5632.90400,-1.20322,-3.01789,63.20865,11.27059,11.96721,18.57730,21.39356
5632.91400,-1.21073,-3.03587,63.18369,11.24342,11.93539,18.58172,21.42316
5632.92400,-1.20893,-2.98516,63.21242,11.31860,12.01134,18.52273,21.35975
5632.93400,-1.20676,-2.96615,63.22686,11.34959,12.03839,18.50172,21.33716
5632.94400,-1.21180,-2.98253,63.21294,11.30636,12.03107,18.53103,21.34449
5632.95400,-1.21355,-2.98166,63.23873,11.29059,12.05877,18.55642,21.33295
5632.96400,-1.21345,-2.97454,63.27086,11.29059,12.09039,18.57172,21.31816
5632.97400,-1.18800,-2.97746,63.30589,11.31414,12.07167,18.60192,21.31816
5632.98400,-1.17478,-2.97383,63.27849,11.32959,12.05618,18.59284,21.29987
5632.99400,-1.18055,-2.96456,63.19453,11.32959,12.05084,18.54471,21.26939
5633.00400,-1.20356,-2.97102,63.18212,11.29774,12.06019,18.53712,21.28707
5633.01400,-1.22184,-2.97866,63.19086,11.27059,12.06939,18.54172,21.30916
5633.02400,-1.22341,-2.97454,63.18564,11.28483,12.06465,18.52273,21.31343
5633.03400,-1.23686,-2.96651,63.24639,11.30534,12.08886,18.51122,21.34097
5633.04400,-1.24978,-2.96269,63.31986,11.31059,12.12139,18.52172,21.36616
5633.05400,-1.24113,-2.95625,63.32012,11.32857,12.12139,18.51651,21.35365
5633.06400,-1.22348,-2.94311,63.32065,11.36527,12.12139,18.50587,21.32812
5633.07400,-1.20227,-2.95528,63.27650,11.37959,12.05693,18.50172,21.33826
5633.08400,-1.20910,-2.96864,63.24509,11.34637,12.04143,18.51013,21.34716
5633.09400,-1.22727,-2.97651,63.22886,11.30059,12.05939,18.52172,21.34716
5633.10400,-1.22727,-2.97651,63.22886,11.30059,12.05939,18.52172,21.34716
5633.11400,-1.22764,-2.98181,63.20646,11.30119,12.03582,18.51000,21.35944
5633.12400,-1.20235,-2.97956,63.27886,11.32059,12.04939,18.56172,21.34716
5633.13400,-1.20939,-2.97291,63.24876,11.31359,12.06374,18.54422,21.32721
5633.14400,-1.22249,-2.96053,63.19286,11.30059,12.09039,18.51172,21.29016
5633.15400,-1.22304,-2.95568,63.16429,11.31094,12.08289,18.48708,21.28337
5633.16400,-1.21684,-2.95437,63.16048,11.31530,12.08075,18.48998,21.27446
5633.17400,-1.20441,-2.96720,63.24286,11.29059,12.10039,18.57172,21.28016
5633.18400,-1.21010,-2.96631,63.24566,11.29759,12.09689,18.55772,21.29346
5633.19400,-1.21903,-2.96166,63.27466,11.32774,12.09039,18.52822,21.32831
5633.20400,-1.21595,-2.95608,63.31886,11.35959,12.09039,18.52172,21.34716
5633.21400,-1.21595,-2.95608,63.31886,11.35959,12.09039,18.52172,21.34716
5633.22400,-1.21692,-2.95252,63.32186,11.32959,12.13139,18.55172,21.30916
5633.23400,-1.21692,-2.95252,63.32186,11.32959,12.13139,18.55172,21.30916
5633.24400,-1.20890,-2.96867,63.25184,11.30826,12.08195,18.55172,21.30991
5633.25400,-1.23546,-2.97719,63.31786,11.30059,12.09039,18.55172,21.37516
5633.26400,-1.22979,-2.97358,63.31004,11.30059,12.09752,18.55632,21.35561
5633.27400,-1.20838,-2.95947,63.32457,11.31416,12.12852,18.58092,21.30097
5633.28400,-1.20027,-2.95270,63.46086,11.35959,12.15239,18.61172,21.33716
5633.29400,-1.19640,-2.95273,63.43877,11.35959,12.14413,18.60695,21.32810
5633.30400,-1.18026,-2.95284,63.34671,11.35959,12.10969,18.58708,21.29035
5633.31400,-1.16987,-2.95630,63.30967,11.35502,12.09095,18.58934,21.27437
5633.32400,-1.14365,-2.97119,63.25669,11.33515,12.04989,18.62245,21.24921
5633.33400,-1.17082,-2.96026,63.24486,11.32059,12.09039,18.59172,21.24216
5633.34400,-1.17356,-2.95835,63.24676,11.32349,12.09349,18.58572,21.24406
5633.35400,-1.19508,-2.94016,63.26771,11.35381,12.12139,18.53386,21.25865
5633.36400,-1.16399,-2.93009,63.30621,11.39606,12.12139,18.55525,21.23351
5633.37400,-1.14194,-2.92358,63.32937,11.42396,12.12016,18.57055,21.21469
5633.38400,-1.15884,-2.93484,63.27032,11.38194,12.10899,18.55991,21.21947
5633.39400,-1.16913,-2.93999,63.23112,11.35858,12.10352,18.54970,21.21932
5633.40400,-1.14950,-2.91093,63.29008,11.43092,12.13373,18.53394,21.19149
5633.41400,-1.18763,-2.92975,63.31586,11.36959,12.15239,18.55172,21.24216
5633.42400,-1.18763,-2.92975,63.31586,11.36959,12.15239,18.55172,21.24216
5633.43400,-1.13768,-2.93532,63.32570,11.38828,12.12190,18.61074,21.20478
5633.44400,-1.20512,-2.93331,63.20726,11.35036,12.12139,18.49410,21.24141
5633.45400,-1.20650,-2.93327,63.20486,11.34959,12.12139,18.49172,21.24216
5633.46400,-1.19421,-2.92531,63.33455,11.36939,12.17188,18.55112,21.24216
5633.47400,-1.19409,-2.92523,63.33586,11.36959,12.17239,18.55172,21.24216
5633.48400,-1.21361,-2.94540,63.23319,11.32370,12.12417,18.52061,21.26472
5633.49400,-1.18434,-2.94360,63.23998,11.33553,12.11985,18.55472,21.22988
5633.50400,-1.17867,-2.94237,63.24586,11.33959,12.12139,18.56172,21.22316
5633.51400,-1.19585,-2.93882,63.09904,11.33100,12.08533,18.47586,21.20685
5633.52400,-1.19918,-2.92707,63.20258,11.37216,12.11516,18.47875,21.23652
5633.53400,-1.19927,-2.92513,63.22486,11.37959,12.12139,18.48172,21.24216
5633.54400,-1.17908,-2.92790,63.27946,11.39989,12.11369,18.51672,21.24916
5633.55400,-1.17043,-2.92909,63.30286,11.40859,12.11039,18.53172,21.25216
5633.56400,-1.21627,-2.94021,63.20802,11.33068,12.12225,18.49785,21.25724
5633.57400,-1.20521,-2.92506,63.25358,11.35760,12.15425,18.50859,21.23314
5633.58400,-1.18869,-2.91663,63.29586,11.38859,12.16239,18.52172,21.22316
5633.59400,-1.17509,-2.91365,63.25383,11.38859,12.15502,18.52172,21.18850
5633.60400,-1.19399,-2.90161,63.29674,11.40324,12.18976,18.49974,21.20400
5633.61400,-1.20264,-2.89761,63.31786,11.40859,12.20339,18.49172,21.21416
5633.62400,-1.18846,-2.88930,63.33767,11.43106,12.21139,18.49934,21.19587
5633.63400,-1.16544,-2.87580,63.36986,11.46759,12.22439,18.51172,21.16616
5633.64400,-1.21769,-2.90116,63.26433,11.38341,12.19877,18.46963,21.21252
5633.65400,-1.22803,-2.90412,63.22736,11.38998,12.17019,18.43052,21.23667
5633.66400,-1.21323,-2.89564,63.24686,11.42859,12.16239,18.42272,21.23316
5633.67400,-1.21160,-2.90123,63.25996,11.42160,12.15873,18.43826,21.24137
5633.68400,-1.20539,-2.91095,63.36602,11.42171,12.17115,18.49732,21.27584
5633.69400,-1.20696,-2.89286,63.41386,11.45759,12.20339,18.48172,21.27116
5633.70400,-1.20696,-2.89286,63.41386,11.45759,12.20339,18.48172,21.27116
5633.71400,-1.18257,-2.90591,63.40386,11.44859,12.17239,18.52172,21.26116
5633.72400,-1.18985,-2.90403,63.35310,11.44590,12.16138,18.48976,21.25606
5633.73400,-1.20538,-2.90003,63.24510,11.44019,12.13795,18.42176,21.24520
5633.74400,-1.20645,-2.89706,63.13458,11.41376,12.13139,18.39444,21.19499
5633.75400,-1.20576,-2.89668,63.11786,11.40859,12.13139,18.39272,21.18516
5633.76400,-1.18760,-2.87728,63.24811,11.45662,12.18574,18.43272,21.17303
5633.77400,-1.19107,-2.86937,63.24186,11.44859,12.21339,18.43272,21.14716
5633.78400,-1.20401,-2.87146,63.21546,11.43552,12.21078,18.41442,21.15474
5633.79400,-1.24064,-2.87739,63.14086,11.39859,12.20339,18.36272,21.17616
5633.80400,-1.21850,-2.87379,63.17304,11.42057,12.20339,18.38821,21.16087
5633.81400,-1.17918,-2.86687,63.26647,11.46759,12.21052,18.44272,21.14564
5633.82400,-1.20581,-2.86938,63.34886,11.46759,12.23439,18.44272,21.20416
5633.83400,-1.19612,-2.86759,63.30424,11.46529,12.22496,18.43812,21.17587
5633.84400,-1.16170,-2.86507,63.19235,11.46449,12.19086,18.43629,21.10071
5633.85400,-1.15545,-2.87672,63.31786,11.48759,12.18239,18.48172,21.16616
5633.86400,-1.15438,-2.87284,63.33043,11.49510,12.19037,18.48172,21.16325
5633.87400,-1.14974,-2.85598,63.38510,11.52777,12.22503,18.48172,21.15058
5633.88400,-1.15190,-2.85970,63.37354,11.51913,12.21898,18.48172,21.15371
5633.89400,-1.16615,-2.89425,63.26388,11.44640,12.15478,18.48172,21.18098
5633.90400,-1.13526,-2.90276,63.29986,11.42859,12.16239,18.56172,21.14716
5633.91400,-1.14139,-2.90455,63.27786,11.42325,12.15455,18.54767,21.15239
5633.92400,-1.18890,-2.92185,63.09746,11.37858,12.08413,18.43767,21.19708
5633.93400,-1.16367,-2.94476,63.09386,11.36959,12.02839,18.48172,21.21416
5633.94400,-1.16433,-2.94511,63.09376,11.36858,12.02839,18.48172,21.21507
5633.95400,-1.17021,-2.94824,63.09286,11.35959,12.02839,18.48172,21.22316
5633.96400,-1.17096,-2.94670,63.09286,11.36275,12.02948,18.47747,21.22316
5633.97400,-1.17711,-2.93665,63.10367,11.38566,12.03839,18.45070,21.22892
5633.98400,-1.17748,-2.95894,63.19986,11.35959,12.03839,18.52172,21.28016
5633.99400,-1.17748,-2.95894,63.19986,11.35959,12.03839,18.52172,21.28016
5634.00400,-1.19013,-2.95224,63.20047,11.35959,12.05718,18.50354,21.28016
5634.01400,-1.20378,-2.93734,63.27616,11.38723,12.09894,18.49172,21.29827
5634.02400,-1.20404,-2.93682,63.27986,11.38859,12.10039,18.49172,21.29916
5634.03400,-1.22868,-2.93503,63.37883,11.37015,12.16055,18.52083,21.32730
5634.04400,-1.22943,-2.93497,63.38186,11.36959,12.16239,18.52172,21.32816
5634.05400,-1.22055,-2.96312,63.21722,11.31797,12.07485,18.50865,21.31575
5634.06400,-1.21723,-2.94026,63.26015,11.36525,12.10687,18.48648,21.30154
5634.07400,-1.21767,-2.92846,63.30086,11.38859,12.13139,18.48172,21.29916
5634.08400,-1.21767,-2.92846,63.30086,11.38859,12.13139,18.48172,21.29916
5634.09400,-1.20060,-2.92363,63.20035,11.36857,12.12747,18.47922,21.22509
5634.10400,-1.17339,-2.92647,63.20570,11.37927,12.11089,18.51077,21.20477
5634.11400,-1.17537,-2.91914,63.35636,11.44667,12.11985,18.51172,21.27812
5634.12400,-1.17582,-2.91793,63.38086,11.45759,12.12139,18.51172,21.29016
5634.13400,-1.20190,-2.94073,63.22623,11.35508,12.10315,18.50303,21.26497
5634.14400,-1.22763,-2.93444,63.27024,11.36517,12.12683,18.47613,21.30210
5634.15400,-1.23137,-2.93277,63.28186,11.36959,12.13139,18.47172,21.30916
5634.16400,-1.21427,-2.93189,63.27529,11.37689,12.12409,18.48632,21.28799
5634.17400,-1.23167,-2.93349,63.20862,11.34309,12.12869,18.46325,21.27359
5634.18400,-1.24046,-2.93420,63.18486,11.32959,12.13139,18.45272,21.27116
5634.19400,-1.23434,-2.93250,63.26735,11.34345,12.15288,18.48669,21.28433
5634.20400,-1.23163,-2.93175,63.30386,11.34959,12.16239,18.50172,21.29016
5634.21400,-1.22479,-2.94261,63.29066,11.34582,12.13110,18.50926,21.30449
5634.22400,-1.21449,-2.96624,63.19520,11.32792,12.04809,18.49717,21.32202
5634.23400,-1.21511,-2.96981,63.14886,11.32059,12.02839,18.48172,21.31816
5634.24400,-1.23501,-2.94802,63.13381,11.32601,12.07776,18.44018,21.28986
5634.25400,-1.23508,-2.94674,63.13477,11.32191,12.08575,18.44463,21.28247
5634.26400,-1.21576,-2.96611,63.15086,11.31059,12.04939,18.49172,21.29916
5634.27400,-1.21086,-2.95101,63.16622,11.34371,12.06379,18.47300,21.28572
5634.28400,-1.20555,-2.93465,63.18286,11.37959,12.07939,18.45272,21.27116
5634.29400,-1.20523,-2.94088,63.19094,11.37483,12.06989,18.46175,21.28447
5634.30400,-1.19293,-2.96082,63.28475,11.36479,12.05939,18.53407,21.32650
5634.31400,-1.18000,-2.97496,63.37686,11.35959,12.05939,18.60172,21.35616
5634.32400,-1.18670,-2.97118,63.33435,11.34889,12.06488,18.58252,21.33806
5634.33400,-1.20068,-2.96329,63.24577,11.32660,12.07631,18.54252,21.30034
5634.34400,-1.20393,-2.95459,63.24960,11.34906,12.07939,18.51712,21.30403
5634.35400,-1.20374,-2.95217,63.25986,11.35959,12.07939,18.51172,21.30916
5634.36400,-1.17986,-2.94457,63.31086,11.38859,12.09039,18.54172,21.29016
5634.37400,-1.18924,-2.94608,63.28575,11.36774,12.09774,18.53698,21.28329
5634.38400,-1.21534,-2.95028,63.21602,11.30985,12.11813,18.52383,21.26421
5634.39400,-1.17881,-2.93756,63.20186,11.38859,12.06939,18.49172,21.25216
5634.40400,-1.17881,-2.93756,63.20186,11.38859,12.06939,18.49172,21.25216
5634.41400,-1.16590,-2.94523,63.14942,11.35959,12.05768,18.51475,21.21740
5634.42400,-1.20903,-2.93355,63.23386,11.35959,12.12139,18.49172,21.26116
5634.43400,-1.20259,-2.93091,63.22673,11.36807,12.11758,18.48926,21.25181
5634.44400,-1.17460,-2.91942,63.19571,11.40497,12.10100,18.47856,21.21117
5634.45400,-1.16393,-2.92201,63.15352,11.40744,12.07566,18.47172,21.19870
5634.46400,-1.18191,-2.94778,63.11239,11.35974,12.03674,18.47376,21.24216
5634.47400,-1.16113,-2.92355,63.23186,11.43859,12.06939,18.48172,21.24216
5634.48400,-1.16317,-2.92445,63.22917,11.43059,12.07389,18.48547,21.23922
5634.49400,-1.18172,-2.93265,63.20474,11.35786,12.11480,18.51956,21.21252
5634.50400,-1.19548,-2.93956,63.18986,11.38859,12.05939,18.46172,21.28016
5634.51400,-1.19548,-2.93956,63.18986,11.38859,12.05939,18.46172,21.28016
5634.52400,-1.18270,-2.92438,63.21386,11.38859,12.11039,18.49172,21.22316
5634.53400,-1.17952,-2.92566,63.22018,11.39076,12.10702,18.49717,21.22523
5634.54400,-1.15588,-2.93627,63.27903,11.40657,12.08364,18.54374,21.24509
5634.55400,-1.17653,-2.93768,63.34286,11.38859,12.12139,18.56172,21.27116
5634.56400,-1.17423,-2.93676,63.33575,11.39005,12.11985,18.56025,21.26559
5634.57400,-1.15330,-2.92835,63.27108,11.40339,12.10585,18.54692,21.21492
5634.58400,-1.19289,-2.97358,63.01425,11.27706,12.01175,18.49406,21.23138
5634.59400,-1.19525,-2.97597,63.00286,11.27059,12.00739,18.49172,21.23316
5634.60400,-1.20195,-2.95460,63.00482,11.30979,12.02797,18.44370,21.22336
5634.61400,-1.20208,-2.95416,63.00486,11.31059,12.02839,18.44272,21.22316
5634.62400,-1.18533,-2.99460,62.88848,11.23479,11.94953,18.48789,21.21627
5634.63400,-1.22148,-3.04132,63.01852,11.18643,11.91672,18.54509,21.37028
5634.64400,-1.22778,-3.04655,63.04386,11.18259,11.91539,18.55172,21.39416
5634.65400,-1.23900,-3.06487,63.13315,11.18259,11.89736,18.57748,21.47573
5634.66400,-1.20918,-3.07733,63.12292,11.18259,11.85913,18.61612,21.46508
5634.67400,-1.20403,-3.07887,63.11886,11.18259,11.85339,18.62172,21.46116
5634.68400,-1.19653,-3.04963,63.12991,11.22424,11.89674,18.59622,21.41271
5634.69400,-1.19521,-3.04447,63.13186,11.23159,11.90439,18.59172,21.40416
5634.70400,-1.20398,-3.06611,63.12386,11.19787,11.87525,18.60886,21.44187
5634.71400,-1.19757,-3.06526,63.22772,11.20077,11.91266,18.66436,21.44992
5634.72400,-1.19260,-3.05873,63.26986,11.21159,11.93539,18.68072,21.44216
5634.73400,-1.21681,-3.07466,63.13212,11.14711,11.90535,18.64482,21.43483
5634.74400,-1.20988,-3.08777,63.09500,11.13819,11.86446,18.64632,21.44603
5634.75400,-1.20405,-3.09045,63.09986,11.14359,11.85339,18.65172,21.45116
5634.76400,-1.18296,-3.08160,63.17212,11.18709,11.86077,18.67310,21.45116
5634.77400,-1.17546,-3.07845,63.19786,11.20259,11.86339,18.68072,21.45116
5634.78400,-1.17598,-3.08685,63.16963,11.17387,11.85853,18.69532,21.44191
5634.79400,-1.16329,-3.08824,63.21324,11.16841,11.87603,18.73993,21.42887
5634.80400,-1.14033,-3.07528,63.34086,11.21159,11.91539,18.79072,21.42316
5634.81400,-1.14033,-3.07528,63.34086,11.21159,11.91539,18.79072,21.42316
5634.82400,-1.10562,-3.06557,63.21591,11.22859,11.87969,18.76522,21.34241
5634.83400,-1.08124,-3.06452,63.28179,11.25113,11.88414,18.80957,21.33695
5634.84400,-1.08081,-3.06454,63.28386,11.25159,11.88439,18.81072,21.33716
5634.85400,-1.10470,-3.04340,63.31618,11.26138,11.94511,18.78134,21.32835
5634.86400,-1.10754,-3.04264,63.31447,11.26159,11.94639,18.77617,21.33032
5634.87400,-1.12283,-3.04908,63.29279,11.24649,11.93565,18.75863,21.35202
5634.88400,-1.11433,-3.07498,63.28386,11.20259,11.90439,18.81072,21.36616
5634.89400,-1.11453,-3.05505,63.26365,11.21152,11.94340,18.79192,21.31681
5634.90400,-1.11086,-3.03340,63.25890,11.23583,11.97742,18.77072,21.27493
5634.91400,-1.10655,-3.03433,63.27886,11.25159,11.96639,18.77072,21.29016
5634.92400,-1.12923,-3.01122,63.32776,11.27485,12.02526,18.73749,21.29016
5634.93400,-1.15428,-2.98569,63.38186,11.30059,12.09039,18.70072,21.29016
5634.94400,-1.15406,-2.98773,63.24261,11.26304,12.07091,18.67268,21.23598
5634.95400,-1.15339,-2.99320,63.14041,11.22917,12.05192,18.65916,21.20017
5634.96400,-1.15249,-3.00003,63.25009,11.24530,12.05730,18.69625,21.25124
5634.97400,-1.15214,-3.00268,63.29286,11.25159,12.05939,18.71072,21.27116
5634.98400,-1.10789,-2.97259,63.34114,11.34607,12.06629,18.70382,21.22495
5634.99400,-1.11830,-3.00326,63.20080,11.28858,11.98690,18.67955,21.24577
5635.00400,-1.12954,-3.01966,63.14086,11.25159,11.95639,18.67172,21.26116
5635.01400,-1.15291,-3.00215,63.23186,11.25159,12.03839,18.68072,21.26116
5635.02400,-1.15291,-3.00215,63.23186,11.25159,12.03839,18.68072,21.26116
5635.03400,-1.13699,-3.00436,63.25087,11.27456,12.01631,18.69001,21.26999
5635.04400,-1.14153,-3.03347,63.21786,11.22159,11.97639,18.72072,21.29916
5635.05400,-1.13208,-3.02089,63.21740,11.24206,11.99065,18.71382,21.27087
5635.06400,-1.08976,-2.98382,63.21278,11.31654,12.01724,18.69893,21.18006
5635.07400,-1.04831,-3.00344,63.20086,11.33959,11.93539,18.73072,21.19516
5635.08400,-1.05621,-3.00283,63.20006,11.33269,11.94369,18.72572,21.19796
5635.09400,-1.12725,-2.99733,63.19286,11.27059,12.01839,18.68072,21.22316
5635.10400,-1.12716,-2.99956,63.19133,11.26799,12.01426,18.68272,21.22636
5635.11400,-1.12629,-3.02182,63.17599,11.24199,11.97293,18.70272,21.25836
5635.12400,-1.12335,-3.00692,63.18086,11.27059,11.98739,18.68072,21.24216
5635.13400,-1.12335,-3.00692,63.18086,11.27059,11.98739,18.68072,21.24216
5635.14400,-1.12394,-2.99574,63.20276,11.27059,12.02644,18.69024,21.21549
5635.15400,-1.11254,-3.00951,63.23005,11.27059,11.99832,18.71982,21.24132
5635.16400,-1.11219,-3.00995,63.23086,11.27059,11.99739,18.72072,21.24216
5635.17400,-1.11846,-3.00374,63.10613,11.24188,11.99739,18.68112,21.18574
5635.18400,-1.11852,-3.00368,63.10486,11.24159,11.99739,18.68072,21.18516
5635.19400,-1.14178,-3.00734,63.17821,11.25002,12.00582,18.67313,21.24924
5635.20400,-1.12786,-3.00383,63.18238,11.28275,11.98436,18.66269,21.25258
5635.21400,-1.10614,-2.99883,63.17109,11.31984,11.95694,18.65194,21.24236
5635.22400,-1.11950,-2.99297,63.10702,11.28699,11.98243,18.63492,21.20268
5635.23400,-1.14176,-2.99833,63.26200,11.28916,12.02254,18.67372,21.27659
5635.24400,-1.14502,-2.99940,63.28986,11.29059,12.02839,18.68072,21.29016
5635.25400,-1.13231,-2.97881,63.26515,11.32421,12.04281,18.65396,21.24418
5635.26400,-1.15633,-2.99418,63.23721,11.28056,12.03350,18.64929,21.27386
5635.27400,-1.16592,-3.00215,63.23186,11.26159,12.02839,18.65172,21.29016
5635.28400,-1.16585,-2.98431,63.27659,11.29377,12.06221,18.64081,21.27980
5635.29400,-1.16578,-2.96946,63.31386,11.32059,12.09039,18.63172,21.27116
5635.30400,-1.17584,-2.98141,63.28320,11.29139,12.07506,18.63172,21.28503
5635.31400,-1.16419,-3.00447,63.26553,11.26161,12.03435,18.67017,21.29941
5635.32400,-1.14797,-3.02412,63.25886,11.24159,11.99739,18.71072,21.30916
5635.33400,-1.13622,-3.00886,63.22262,11.28930,11.97867,18.66301,21.29165
5635.34400,-1.14843,-3.00607,63.22226,11.29059,11.98499,18.64372,21.30296
5635.35400,-1.16171,-3.01088,63.23786,11.27059,11.99739,18.65172,21.31816
5635.36400,-1.14553,-3.00911,63.24626,11.28259,11.99339,18.66732,21.30296
5635.37400,-1.12128,-3.00646,63.25886,11.30059,11.98739,18.69072,21.28016
5635.38400,-1.14538,-2.98651,63.25404,11.32684,12.01471,18.62697,21.28552
5635.39400,-1.16626,-2.95291,63.25082,11.33087,12.10271,18.59092,21.22632
5635.40400,-1.16624,-2.93524,63.25186,11.31059,12.17239,18.61172,21.15716
5635.41400,-1.15542,-2.95728,63.16830,11.29160,12.09928,18.60697,21.17045
5635.42400,-1.15121,-2.98622,63.09986,11.27059,12.01487,18.60172,21.21268
5635.43400,-1.16744,-2.99553,63.14986,11.27059,12.00754,18.60172,21.27001
5635.44400,-1.16843,-2.99801,63.16814,11.27419,12.00379,18.60532,21.28484
5635.45400,-1.16962,-3.00210,63.19886,11.28059,11.99739,18.61172,21.30916
5635.46400,-1.16430,-3.00767,63.15278,11.26295,11.98263,18.61532,21.29188
5635.47400,-1.16480,-3.00767,63.08634,11.23519,11.98591,18.61092,21.25432
5635.48400,-1.18251,-2.99006,63.11386,11.24159,12.03839,18.59172,21.24216
5635.49400,-1.18251,-2.99006,63.11386,11.24159,12.03839,18.59172,21.24216
5635.50400,-1.15053,-2.97446,63.19635,11.30495,12.04870,18.61402,21.22868
5635.51400,-1.14687,-3.01111,63.13086,11.26159,11.96639,18.63172,21.27116
5635.52400,-1.14606,-3.01254,63.12787,11.26366,11.95926,18.62942,21.27553
5635.53400,-1.14333,-3.01733,63.11786,11.27059,11.93539,18.62172,21.29016
5635.54400,-1.14333,-3.01733,63.11786,11.27059,11.93539,18.62172,21.29016
5635.55400,-1.14141,-3.04937,63.09468,11.24795,11.86085,18.63617,21.34971
5635.56400,-1.17091,-3.04989,63.20286,11.21159,11.93539,18.68072,21.37516
5635.57400,-1.16988,-3.04756,63.19795,11.21431,11.93730,18.67717,21.36916
5635.58400,-1.15985,-3.02354,63.15391,11.24159,11.96045,18.64370,21.30817
5635.59400,-1.16240,-3.01630,63.19986,11.24159,11.99739,18.66172,21.29916
5635.60400,-1.16277,-3.01119,63.21228,11.24910,12.00861,18.65954,21.29502
5635.61400,-1.16578,-2.96946,63.31386,11.31059,12.10039,18.64172,21.26116
5635.62400,-1.16462,-2.96841,63.31292,11.31121,12.10233,18.64235,21.25703
5635.63400,-1.15409,-2.95888,63.30440,11.31689,12.11994,18.64803,21.21953
5635.64400,-1.14331,-2.95800,63.34436,11.34439,12.10969,18.65522,21.23506
5635.65400,-1.13602,-2.96785,63.42886,11.38859,12.06939,18.66172,21.30916
5635.66400,-1.13507,-2.95443,63.19586,11.33959,12.06939,18.60172,21.18516
5635.67400,-1.13653,-2.95542,63.18990,11.33666,12.06737,18.59970,21.18617
5635.68400,-1.15114,-2.96154,63.15548,11.31375,12.06061,18.58499,21.19614
5635.69400,-1.16453,-2.93948,63.30786,11.33959,12.15239,18.61172,21.20416
5635.70400,-1.16453,-2.93948,63.30786,11.33959,12.15239,18.61172,21.20416
5635.71400,-1.13984,-2.94371,63.23167,11.34911,12.10287,18.60220,21.17749
5635.72400,-1.14857,-2.94008,63.19651,11.36918,12.07982,18.55273,21.19478
5635.73400,-1.14877,-2.94000,63.19586,11.36959,12.07939,18.55172,21.19516
5635.74400,-1.14535,-2.94670,63.16481,11.37929,12.03961,18.53231,21.21360
5635.75400,-1.14811,-2.94809,63.17268,11.37959,12.03839,18.53172,21.22298
5635.76400,-1.18951,-2.97303,63.07874,11.26509,12.04907,18.54142,21.22316
5635.77400,-1.16638,-2.98449,63.15073,11.28698,12.02205,18.58729,21.25441
5635.78400,-1.15332,-2.99021,63.19086,11.30059,12.00739,18.61172,21.27116
5635.79400,-1.18508,-2.97806,63.19281,11.28112,12.06126,18.58576,21.26467
5635.80400,-1.19928,-2.95433,63.10441,11.29333,12.08205,18.51107,21.21795
5635.81400,-1.19833,-2.94885,63.07586,11.30059,12.07939,18.49172,21.20416
5635.82400,-1.18262,-2.96295,63.13536,11.28359,12.07939,18.55972,21.21266
5635.83400,-1.17986,-2.96544,63.14586,11.28059,12.07939,18.57172,21.21416
5635.84400,-1.17746,-2.98344,63.21111,11.28059,12.05364,18.60606,21.27083
5635.85400,-1.21252,-3.00242,63.13671,11.21417,12.04003,18.58618,21.29634
5635.86400,-1.21872,-3.00522,63.12186,11.20259,12.03839,18.58172,21.29916
5635.87400,-1.18608,-3.00837,63.31296,11.26419,12.03839,18.65802,21.35236
5635.88400,-1.17137,-3.00502,63.43700,11.31166,12.04589,18.69072,21.38873
5635.89400,-1.17045,-2.99951,63.48658,11.33645,12.05472,18.69072,21.40470
5635.90400,-1.15167,-3.00315,63.46943,11.32730,12.04739,18.71929,21.37545
5635.91400,-1.13793,-3.00808,63.43686,11.31059,12.03839,18.74072,21.34716
5635.92400,-1.14247,-2.99953,63.44109,11.32708,12.04727,18.71958,21.34716
5635.93400,-1.14860,-2.98796,63.44680,11.34936,12.05927,18.69101,21.34716
5635.94400,-1.18603,-2.97591,63.14586,11.26159,12.06939,18.58172,21.23316
5635.95400,-1.18053,-2.97416,63.15386,11.26939,12.06939,18.58572,21.22936
5635.96400,-1.13344,-2.95764,63.20450,11.33743,12.06587,18.61036,21.19084
5635.97400,-1.15165,-2.95135,63.03786,11.32059,12.03839,18.52172,21.15716
5635.98400,-1.16442,-2.94985,63.05047,11.31218,12.05563,18.51752,21.16515
5635.99400,-1.18714,-2.94626,63.04383,11.30530,12.06997,18.48816,21.18040
5636.00400,-1.19292,-2.94456,63.01686,11.31059,12.05939,18.46172,21.18516
5636.01400,-1.19783,-2.94537,63.10240,11.31059,12.08886,18.49499,21.20797
5636.02400,-1.20323,-2.94627,63.19686,11.31059,12.12139,18.53172,21.23316
5636.03400,-1.21693,-2.93844,63.22244,11.31545,12.14774,18.51893,21.24032
5636.04400,-1.24050,-2.91241,63.32894,11.35062,12.22439,18.49954,21.25439
5636.05400,-1.21123,-2.90651,63.38686,11.38859,12.22439,18.53172,21.24216
5636.06400,-1.22964,-2.90418,63.30307,11.36773,12.22050,18.48611,21.22873
5636.07400,-1.25941,-2.90475,63.16768,11.32281,12.21339,18.42375,21.20772
5636.08400,-1.25216,-2.91348,63.19986,11.31059,12.21339,18.46172,21.21416
5636.09400,-1.25121,-2.91386,63.20202,11.31515,12.20859,18.45956,21.21872
5636.10400,-1.24858,-2.91490,63.20802,11.32781,12.19526,18.45356,21.23139
5636.11400,-1.23443,-2.91290,63.21150,11.33919,12.19075,18.46448,21.21708
5636.12400,-1.19616,-2.90691,63.21883,11.36585,12.18342,18.49715,21.17241
5636.13400,-1.23331,-2.90042,63.28786,11.37959,12.21339,18.46172,21.23316
5636.14400,-1.23971,-2.89918,63.27921,11.37275,12.22045,18.45512,21.23088
5636.15400,-1.26500,-2.90671,63.24253,11.32559,12.23306,18.44805,21.23583
5636.16400,-1.27750,-2.94786,63.21686,11.24159,12.19339,18.50172,21.28016
5636.17400,-1.26936,-2.94715,63.21842,11.24854,12.18899,18.50740,21.27349
5636.18400,-1.23057,-2.94376,63.22585,11.28165,12.16805,18.53442,21.24173
5636.19400,-1.22526,-2.94695,63.19283,11.27566,12.15295,18.53258,21.23164
5636.20400,-1.24778,-2.96485,63.04051,11.21076,12.11189,18.49285,21.22501
5636.21400,-1.26549,-2.94626,63.11586,11.27059,12.13139,18.44272,21.27116
5636.22400,-1.26118,-2.94176,63.10656,11.27749,12.13349,18.43772,21.25786
5636.23400,-1.22059,-2.90086,63.02860,11.34272,12.15239,18.39485,21.13864
5636.24400,-1.20305,-2.89726,63.08605,11.37411,12.15239,18.41612,21.14343
5636.25400,-1.19250,-2.89561,63.13196,11.39169,12.15649,18.43562,21.14816
5636.26400,-1.22039,-2.90605,63.14186,11.32959,12.19339,18.46172,21.15716
5636.27400,-1.22039,-2.90605,63.14186,11.32959,12.19339,18.46172,21.15716
5636.28400,-1.21065,-2.90834,63.09778,11.33693,12.16327,18.44776,21.14981
5636.29400,-1.19139,-2.88926,63.16978,11.39014,12.18976,18.45664,21.13324
5636.30400,-1.18566,-2.88200,63.20186,11.40859,12.20339,18.46172,21.12816
5636.31400,-1.19868,-2.90913,63.22614,11.35082,12.19502,18.51195,21.16835
5636.32400,-1.20121,-2.91440,63.23086,11.33959,12.19339,18.52172,21.17616
5636.33400,-1.21940,-2.90490,63.10601,11.34919,12.16362,18.42664,21.16656
5636.34400,-1.15621,-2.88849,63.26502,11.42543,12.19215,18.51776,21.12968
5636.35400,-1.15355,-2.88783,63.27186,11.42859,12.19339,18.52172,21.12816
5636.36400,-1.18795,-2.91753,63.15449,11.33256,12.16332,18.51202,21.14659
5636.37400,-1.17704,-2.89678,63.27599,11.40622,12.19246,18.51172,21.16559
5636.38400,-1.17667,-2.89611,63.27986,11.40859,12.19339,18.51172,21.16616
5636.39400,-1.18504,-2.90164,63.30712,11.37679,12.22000,18.54417,21.16616
5636.40400,-1.18957,-2.90463,63.32186,11.35959,12.23439,18.56172,21.16616
5636.41400,-1.15307,-2.91665,63.37165,11.37834,12.20077,18.61992,21.17263
5636.42400,-1.11841,-2.92832,63.35338,11.38859,12.15131,18.65172,21.16176
5636.43400,-1.11371,-2.92995,63.33886,11.38859,12.14139,18.65172,21.15716
5636.44400,-1.11369,-2.92285,63.35671,11.39709,12.15924,18.65172,21.14866
5636.45400,-1.12951,-2.92727,63.36534,11.39173,12.15554,18.63801,21.18006
5636.46400,-1.13677,-2.92986,63.36786,11.38859,12.15239,18.63172,21.19516
5636.47400,-1.13438,-2.93182,63.22386,11.36022,12.12185,18.59536,21.14643
5636.48400,-1.13348,-2.93255,63.16986,11.34959,12.11039,18.58172,21.12816
5636.49400,-1.13525,-2.91966,63.24961,11.37761,12.14775,18.58890,21.13534
5636.50400,-1.11732,-2.91414,63.24029,11.37482,12.16239,18.61345,21.08962
5636.51400,-1.11024,-2.91395,63.22486,11.36959,12.16239,18.62172,21.07116
5636.52400,-1.09884,-2.92675,63.21888,11.36499,12.12927,18.64012,21.08450
5636.53400,-1.11046,-2.94333,63.27853,11.34985,12.12057,18.66659,21.14153
5636.54400,-1.13677,-2.94496,63.34886,11.33959,12.15239,18.67172,21.18516
5636.55400,-1.11431,-2.95769,63.26851,11.34484,12.08202,18.66122,21.18043
5636.56400,-1.09396,-2.96923,63.19586,11.34959,12.01839,18.65172,21.17616
5636.57400,-1.11657,-2.95759,63.28824,11.34959,12.08484,18.66252,21.19129
5636.58400,-1.09875,-2.94119,63.31466,11.37899,12.11079,18.67172,21.15316
5636.59400,-1.07403,-2.93682,63.27986,11.39859,12.09039,18.67172,21.11916
5636.60400,-1.09042,-2.93063,63.20436,11.36295,12.11516,18.64756,21.07869
5636.61400,-1.08876,-2.94380,63.18326,11.34359,12.09019,18.65932,21.09016
5636.62400,-1.07016,-2.96962,63.22586,11.34959,12.02839,18.70072,21.14716
5636.63400,-1.09249,-2.96570,63.26522,11.33567,12.06775,18.70072,21.16108
5636.64400,-1.11665,-2.96145,63.30786,11.32059,12.11039,18.70072,21.17616
5636.65400,-1.11301,-2.95393,63.27684,11.32482,12.11556,18.68709,21.14937
5636.66400,-1.08162,-2.94921,63.30437,11.37142,12.09225,18.69945,21.14125
5636.67400,-1.05090,-2.95347,63.37486,11.41859,12.05939,18.73072,21.16616
5636.68400,-1.05643,-2.94597,63.38136,11.41609,12.08514,18.72822,21.15191
5636.69400,-1.06819,-2.93002,63.39519,11.41077,12.13993,18.72290,21.12159
5636.70400,-1.04637,-2.92194,63.29786,11.46759,12.06939,18.65172,21.10916
5636.71400,-1.05951,-2.92533,63.32828,11.43004,12.10884,18.68451,21.10488
5636.72400,-1.07401,-2.92906,63.36186,11.38859,12.15239,18.72072,21.10016
5636.73400,-1.06517,-2.92152,63.32186,11.39819,12.14887,18.70504,21.06976
5636.74400,-1.04672,-2.90578,63.23853,11.41819,12.14154,18.67237,21.00643
5636.75400,-1.03887,-2.93413,63.33786,11.43859,12.07939,18.71072,21.10916
5636.76400,-1.03819,-2.92949,63.32106,11.44524,12.07939,18.69707,21.09936
5636.77400,-1.03965,-2.91125,63.30561,11.46109,12.10844,18.67172,21.06436
5636.78400,-1.04473,-2.89341,63.33486,11.46759,12.16239,18.67172,21.03316
5636.79400,-1.05474,-2.89238,63.36566,11.47109,12.17324,18.66822,21.05311
5636.80400,-1.07332,-2.89048,63.42286,11.47759,12.19339,18.66172,21.09016
5636.81400,-1.07332,-2.89048,63.42286,11.47759,12.19339,18.66172,21.09016
5636.82400,-1.09316,-2.89840,63.27667,11.43975,12.15467,18.60110,21.08116
5636.83400,-1.04637,-2.90149,63.42186,11.47759,12.16239,18.70072,21.08116
5636.84400,-1.05212,-2.90040,63.40139,11.47299,12.16239,18.68715,21.07886
5636.85400,-1.07300,-2.89387,63.29984,11.45326,12.16239,18.62806,21.05613
5636.86400,-1.07834,-2.88409,63.18786,11.43859,12.16239,18.58172,21.00516
5636.87400,-1.07849,-2.88201,63.20045,11.44670,12.16475,18.57937,21.00963
5636.88400,-1.07916,-2.87256,63.25767,11.48360,12.17544,18.56867,21.02995
5636.89400,-1.07959,-2.86642,63.29486,11.50759,12.18239,18.56172,21.04316
5636.90400,-1.07587,-2.88125,63.27191,11.48026,12.15999,18.58358,21.04808
5636.91400,-1.06450,-2.88152,63.27823,11.48778,12.15408,18.59568,21.04068
5636.92400,-1.05907,-2.87363,63.29486,11.50759,12.16239,18.59172,21.03316
5636.93400,-1.06815,-2.86289,63.34097,11.53544,12.18160,18.57251,21.05141
5636.94400,-1.05146,-2.87684,63.37196,11.52689,12.16299,18.62022,21.06186
5636.95400,-1.05093,-2.87729,63.37286,11.52659,12.16239,18.62172,21.06216
5636.96400,-1.12063,-2.84967,63.38547,11.50816,12.26230,18.54412,21.07089
5636.97400,-1.12279,-2.84882,63.38586,11.50759,12.26539,18.54172,21.07116
5636.98400,-1.11841,-2.84882,63.24275,11.46170,12.25762,18.52616,20.99727
5636.99400,-1.13929,-2.86053,63.20020,11.41548,12.25539,18.52172,21.00761
5637.00400,-1.14391,-2.86298,63.19986,11.40859,12.25539,18.52172,21.01416
5637.01400,-1.12984,-2.86431,63.19395,11.43086,12.22721,18.51717,21.01871
5637.02400,-1.11329,-2.86588,63.18700,11.45706,12.19406,18.51183,21.02405
5637.03400,-1.11799,-2.84832,63.32886,11.47759,12.27539,18.55172,21.02416
5637.04400,-1.11784,-2.83982,63.33700,11.50878,12.27087,18.52459,21.03275
5637.05400,-1.11767,-2.82982,63.34657,11.54549,12.26555,18.49268,21.04286
5637.06400,-1.11962,-2.86582,63.31881,11.47944,12.22119,18.54272,21.07546
5637.07400,-1.08072,-2.85905,63.36653,11.52391,12.21339,18.57779,21.05144
5637.08400,-1.04478,-2.84698,63.41486,11.57559,12.21339,18.60172,21.02416
5637.09400,-1.07531,-2.83267,63.47861,11.56117,12.29156,18.60172,21.02416
5637.10400,-1.08622,-2.81994,63.45549,11.57032,12.30917,18.56558,21.01043
5637.11400,-1.08670,-2.81679,63.43886,11.57559,12.30639,18.55172,21.00516
5637.12400,-1.07587,-2.81335,63.37486,11.57559,12.29185,18.53717,20.97025
5637.13400,-1.07180,-2.81206,63.35086,11.57559,12.28639,18.53172,20.95716
5637.14400,-1.09089,-2.81600,63.26418,11.54127,12.27715,18.49696,20.94880
5637.15400,-1.08640,-2.82617,63.21482,11.51631,12.25531,18.50504,20.93816
5637.16400,-1.05520,-2.83175,63.28086,11.53659,12.24439,18.56172,20.93816
5637.17400,-1.05553,-2.82086,63.29108,11.56043,12.25461,18.54225,20.93378
5637.18400,-1.07292,-2.80814,63.25438,11.56741,12.26910,18.49241,20.92545
5637.19400,-1.10188,-2.80605,63.17386,11.53659,12.27539,18.44272,20.91916
5637.20400,-1.10317,-2.78348,63.30379,11.57258,12.35103,18.46651,20.91367
5637.21400,-1.10398,-2.76910,63.38686,11.59559,12.39939,18.48172,20.91016
5637.22400,-1.09761,-2.78614,63.32956,11.57772,12.34825,18.48172,20.92187
5637.23400,-1.10080,-2.79290,63.32885,11.59053,12.31639,18.46392,20.95801
5637.24400,-1.10530,-2.79047,63.35086,11.60559,12.31639,18.45272,20.97616
5637.25400,-1.10234,-2.79307,63.35610,11.60035,12.31639,18.46477,20.97459
5637.26400,-1.12990,-2.79255,63.36934,11.55207,12.37111,18.47900,20.96716
5637.27400,-1.17490,-2.77869,63.35686,11.52659,12.43039,18.43272,20.96716
5637.28400,-1.15766,-2.77825,63.33886,11.54759,12.40382,18.42843,20.95902
5637.29400,-1.13465,-2.77765,63.31486,11.57559,12.36839,18.42272,20.94816
5637.30400,-1.12680,-2.78946,63.25611,11.55502,12.33398,18.42692,20.94019
5637.31400,-1.13276,-2.80064,63.21196,11.54059,12.30074,18.41172,20.95891
5637.32400,-1.16400,-2.79103,63.28086,11.56659,12.32739,18.37272,21.01416
5637.33400,-1.16400,-2.79103,63.28086,11.56659,12.32739,18.37272,21.01416
5637.34400,-1.09691,-2.76852,63.42370,11.62115,12.38939,18.48400,20.92916
5637.35400,-1.11049,-2.77976,63.38586,11.57559,12.38939,18.49172,20.92916
5637.36400,-1.11004,-2.77588,63.33386,11.57136,12.38473,18.47194,20.90583
5637.37400,-1.10922,-2.76613,63.16691,11.55414,12.36582,18.41116,20.83578
5637.38400,-1.11263,-2.78292,63.23233,11.54350,12.35465,18.44786,20.88631
5637.39400,-1.10593,-2.79169,63.28662,11.54929,12.34504,18.47760,20.91469
5637.40400,-1.06552,-2.78202,63.34010,11.60705,12.33435,18.50434,20.89437
5637.41400,-1.03929,-2.77574,63.37486,11.64459,12.32739,18.52172,20.88116
5637.42400,-1.05748,-2.77427,63.35555,11.62890,12.33986,18.50161,20.88518
5637.43400,-1.08138,-2.77765,63.31822,11.58207,12.36319,18.49572,20.87724
5637.44400,-1.07799,-2.78368,63.30886,11.55659,12.36839,18.52172,20.86216
5637.45400,-1.08056,-2.74985,63.19046,11.60559,12.36839,18.41272,20.80376
5637.46400,-1.10395,-2.75957,63.25833,11.60299,12.36979,18.41339,20.87216
5637.47400,-1.11545,-2.76316,63.25299,11.57699,12.38379,18.42005,20.87216
5637.48400,-1.06373,-2.76483,63.22086,11.58559,12.35839,18.47172,20.80516
5637.49400,-1.06373,-2.76483,63.22086,11.58559,12.35839,18.47172,20.80516
5637.50400,-1.06371,-2.75957,63.26151,11.58559,12.38839,18.49107,20.79645
5637.51400,-1.06334,-2.77364,63.36478,11.61499,12.35901,18.51132,20.87946
5637.52400,-1.06333,-2.77393,63.36686,11.61559,12.35839,18.51172,20.88116
5637.53400,-1.06242,-2.76738,63.35902,11.62190,12.36732,18.50301,20.86678
5637.54400,-1.05915,-2.74383,63.33086,11.64459,12.39939,18.47172,20.81516
5637.55400,-1.07464,-2.75066,63.29971,11.61729,12.39589,18.46157,20.82496
5637.56400,-1.08750,-2.77652,63.26186,11.56103,12.36606,18.48105,20.85372
5637.57400,-1.07475,-2.78702,63.27786,11.55659,12.34739,18.51172,20.86216
5637.58400,-1.07114,-2.79650,63.30251,11.55659,12.33039,18.52872,20.88681
5637.59400,-1.08519,-2.80684,63.28051,11.52259,12.32739,18.53172,20.89881
5637.60400,-1.08779,-2.80837,63.27586,11.51659,12.32739,18.53172,20.90016
5637.61400,-1.11317,-2.77860,63.35406,11.55909,12.39709,18.48922,20.90866
5637.62400,-1.11764,-2.77335,63.36786,11.56659,12.40939,18.48172,20.91016
5637.63400,-1.13160,-2.81872,63.26926,11.49944,12.31334,18.48172,20.97476
5637.64400,-1.13490,-2.81614,63.43263,11.51535,12.36609,18.53839,21.01279
5637.65400,-1.13553,-2.80807,63.57086,11.53659,12.41939,18.58172,21.03316
5637.66400,-1.13487,-2.79550,63.40166,11.52939,12.39779,18.50972,20.96476
5637.67400,-1.15698,-2.80598,63.25441,11.49822,12.34430,18.43881,20.97307
5637.68400,-1.16539,-2.81176,63.22386,11.48759,12.32739,18.42272,20.98616
5637.69400,-1.14993,-2.80357,63.27488,11.52955,12.32739,18.42749,20.99045
5637.70400,-1.13299,-2.79459,63.33086,11.57559,12.32739,18.43272,20.99516
5637.71400,-1.15802,-2.80258,63.25477,11.51602,12.33609,18.41968,20.98299
5637.72400,-1.18357,-2.80988,63.20838,11.46307,12.35130,18.41337,20.98064
5637.73400,-1.17075,-2.80425,63.30386,11.50759,12.35839,18.43272,21.00516
5637.74400,-1.16804,-2.80671,63.26649,11.49387,12.35119,18.43272,20.98870
5637.75400,-1.16352,-2.81081,63.20420,11.47102,12.33919,18.43272,20.96127
5637.76400,-1.20966,-2.82139,63.37986,11.45759,12.38939,18.46172,21.07116
5637.77400,-1.19359,-2.81697,63.37986,11.48346,12.37580,18.45937,21.06123
5637.78400,-1.16079,-2.82098,63.38266,11.51179,12.33739,18.48037,21.05311
5637.79400,-1.18423,-2.85161,63.38786,11.42859,12.33739,18.53172,21.09016
5637.80400,-1.17355,-2.83881,63.40604,11.46352,12.34488,18.52103,21.07662
5637.81400,-1.15427,-2.81571,63.43886,11.52659,12.35839,18.50172,21.05216
5637.82400,-1.16642,-2.81275,63.38005,11.50556,12.36552,18.47713,21.03184
5637.83400,-1.18589,-2.80959,63.28086,11.46759,12.37489,18.43972,20.99866
5637.84400,-1.18120,-2.81370,63.29386,11.46759,12.36839,18.45272,21.00516
5637.85400,-1.18554,-2.81042,63.30729,11.47819,12.37193,18.44211,21.01506
5637.86400,-1.19949,-2.80815,63.31998,11.49399,12.36723,18.41192,21.04684
5637.87400,-1.21018,-2.81473,63.29886,11.48759,12.34739,18.39272,21.07116
5637.88400,-1.21018,-2.81473,63.29886,11.48759,12.34739,18.39272,21.07116
5637.89400,-1.17661,-2.82118,63.31986,11.47759,12.34739,18.46172,21.03316
5637.90400,-1.17661,-2.82118,63.31986,11.47759,12.34739,18.46172,21.03316
5637.91400,-1.17945,-2.81461,63.34708,11.49759,12.35589,18.45044,21.04316
5637.92400,-1.17949,-2.81547,63.33086,11.49759,12.34739,18.44272,21.04316
5637.93400,-1.18445,-2.80949,63.32294,11.49979,12.35883,18.42952,21.03480
5637.94400,-1.19095,-2.78811,63.29266,11.51397,12.39257,18.39152,20.99460
5637.95400,-1.15161,-2.78762,63.28486,11.53659,12.36839,18.42272,20.95716
5637.96400,-1.15391,-2.79224,63.27739,11.52827,12.36106,18.42413,20.96393
5637.97400,-1.16490,-2.81425,63.24182,11.48867,12.32617,18.43084,20.99614
5637.98400,-1.17140,-2.82140,63.22722,11.47404,12.31548,18.42908,21.00861
5637.99400,-1.19987,-2.83250,63.17356,11.44249,12.29609,18.39372,21.04126
5638.00400,-1.14832,-2.84439,63.10786,11.47759,12.20339,18.40272,21.02416
5638.01400,-1.15308,-2.84234,63.11196,11.47759,12.21059,18.39772,21.02606
5638.02400,-1.19587,-2.82560,63.15104,11.47175,12.27747,18.35965,21.04217
5638.03400,-1.19550,-2.84065,63.17086,11.41859,12.29639,18.42272,21.03316
5638.04400,-1.19550,-2.84065,63.17086,11.41859,12.29639,18.42272,21.03316
5638.05400,-1.17750,-2.81214,63.31288,11.51199,12.33547,18.42272,21.04269
5638.06400,-1.17661,-2.81074,63.31986,11.51659,12.33739,18.42272,21.04316
5638.07400,-1.14756,-2.81283,63.31210,11.50785,12.33739,18.47026,20.99659
5638.08400,-1.15264,-2.81889,63.33029,11.50759,12.32769,18.47172,21.02329
5638.09400,-1.15282,-2.81907,63.33086,11.50759,12.32739,18.47172,21.02416
5638.10400,-1.10678,-2.78196,63.28914,11.55513,12.36718,18.47172,20.89511
5638.11400,-1.13158,-2.78969,63.24671,11.53699,12.34782,18.43351,20.92839
5638.12400,-1.13212,-2.78988,63.24586,11.53659,12.34739,18.43272,20.92916
5638.13400,-1.11787,-2.77604,63.25343,11.59466,12.33056,18.39906,20.92916
5638.14400,-1.11519,-2.77344,63.25486,11.60559,12.32739,18.39272,20.92916
5638.15400,-1.11852,-2.81256,63.23102,11.47957,12.33591,18.50256,20.91298
5638.16400,-1.09607,-2.78671,63.27956,11.53324,12.37224,18.50472,20.86936
5638.17400,-1.09201,-2.78095,63.28886,11.54659,12.37839,18.50172,20.86216
5638.18400,-1.09343,-2.78730,63.28306,11.54176,12.36342,18.50172,20.87617
5638.19400,-1.09373,-2.79428,63.27309,11.53751,12.34455,18.50080,20.89024
5638.20400,-1.08163,-2.79609,63.23586,11.54659,12.31639,18.49172,20.88116
5638.21400,-1.08137,-2.79853,63.20828,11.54022,12.30558,18.48536,20.87713
5638.22400,-1.08043,-2.80763,63.10586,11.51659,12.26539,18.46172,20.86216
5638.23400,-1.08490,-2.81233,63.16382,11.51659,12.27421,18.48272,20.89030
5638.24400,-1.07762,-2.83252,63.24386,11.49186,12.27308,18.55610,20.92282
5638.25400,-1.06985,-2.84043,63.24386,11.47759,12.26539,18.58172,20.91916
5638.26400,-1.08211,-2.84371,63.21883,11.47163,12.25288,18.55788,20.93644
5638.27400,-1.06562,-2.84018,63.23691,11.50858,12.23251,18.55360,20.94222
5638.28400,-1.04869,-2.83625,63.26086,11.53659,12.22439,18.56172,20.93816
5638.29400,-1.04855,-2.84591,63.23631,11.52510,12.19984,18.56172,20.94964
5638.30400,-1.04835,-2.86068,63.19886,11.50759,12.16239,18.56172,20.96716
5638.31400,-1.06388,-2.85424,63.19606,11.49159,12.19519,18.55372,20.95556
5638.32400,-1.07787,-2.84631,63.16996,11.46917,12.22979,18.54331,20.92768
5638.33400,-1.02844,-2.85550,63.05386,11.47759,12.15239,18.55172,20.87216
5638.34400,-1.02813,-2.85671,63.06279,11.47759,12.15239,18.55642,20.87639
5638.35400,-1.02319,-2.86515,63.13772,11.47759,12.15709,18.59932,20.90372
5638.36400,-1.01801,-2.87312,63.21086,11.47759,12.16239,18.64172,20.92916
5638.37400,-1.02584,-2.86600,63.23486,11.48229,12.18639,18.63701,20.92916
5638.38400,-1.03464,-2.85801,63.26186,11.48759,12.21339,18.63172,20.92916
5638.39400,-1.03464,-2.85801,63.26186,11.48759,12.21339,18.63172,20.92916
5638.40400,-0.97591,-2.85656,63.23479,11.53894,12.15591,18.65324,20.88670
5638.41400,-0.96638,-2.83870,63.13680,11.56578,12.14182,18.59351,20.83569
5638.42400,-0.97592,-2.83037,63.16386,11.56027,12.18055,18.59804,20.82500
5638.43400,-0.99636,-2.81417,63.22636,11.54711,12.26213,18.61119,20.80592
5638.44400,-0.98903,-2.83061,63.24586,11.54659,12.22439,18.63172,20.84316
5638.45400,-0.98903,-2.83061,63.24586,11.54659,12.22439,18.63172,20.84316
5638.46400,-0.95249,-2.83199,63.19486,11.57559,12.17239,18.63172,20.81516
5638.47400,-0.96077,-2.83259,63.22055,11.57391,12.18207,18.63358,20.83098
5638.48400,-0.98440,-2.83429,63.29396,11.56912,12.20973,18.63890,20.87620
5638.49400,-0.99393,-2.84073,63.30135,11.54522,12.21852,18.65240,20.88521
5638.50400,-0.99133,-2.84557,63.27386,11.52659,12.21339,18.66172,20.87216
5638.51400,-1.03499,-2.85983,63.23011,11.47065,12.21339,18.63303,20.91304
5638.52400,-1.06429,-2.87345,63.30838,11.46213,12.21339,18.63598,20.99688
5638.53400,-1.06914,-2.87667,63.34686,11.46759,12.21339,18.64172,21.02416
5638.54400,-1.05036,-2.87034,63.32480,11.46759,12.22273,18.65869,20.97580
5638.55400,-1.04548,-2.87005,63.29714,11.46578,12.21498,18.65448,20.96191
5638.56400,-1.03883,-2.87374,63.19399,11.45790,12.17403,18.62298,20.93907
5638.57400,-1.03402,-2.85706,63.27886,11.51659,12.19339,18.61172,20.95716
5638.58400,-1.03629,-2.85684,63.27461,11.51561,12.19339,18.60736,20.95825
5638.59400,-1.05355,-2.85876,63.22976,11.49969,12.18719,18.57672,20.96616
5638.60400,-1.04180,-2.89228,63.13886,11.42859,12.13139,18.62172,20.95716
5638.61400,-1.04627,-2.89064,63.15935,11.43074,12.14142,18.62280,20.96439
5638.62400,-1.08312,-2.87713,63.32886,11.44859,12.22439,18.63172,21.02416
5638.63400,-1.08312,-2.87713,63.32886,11.44859,12.22439,18.63172,21.02416
5638.64400,-1.04222,-2.86542,63.16315,11.43906,12.20439,18.62220,20.89749
5638.65400,-1.02216,-2.85922,63.24022,11.48612,12.20339,18.64112,20.90959
5638.66400,-1.02160,-2.85905,63.24286,11.48759,12.20339,18.64172,20.91016
5638.67400,-1.06708,-2.84066,63.32141,11.48759,12.28388,18.61263,20.93731
5638.68400,-1.06850,-2.84009,63.32386,11.48759,12.28639,18.61172,20.93816
5638.69400,-1.06414,-2.83880,63.20843,11.47789,12.25632,18.57292,20.90130
5638.70400,-1.04282,-2.81716,63.30089,11.56392,12.26509,18.56202,20.90986
5638.71400,-1.04216,-2.81649,63.30386,11.56659,12.26539,18.56172,20.91016
5638.72400,-1.07810,-2.81941,63.20376,11.52080,12.26539,18.50740,20.91016
5638.73400,-1.08350,-2.80993,63.36686,11.51503,12.35891,18.58275,20.91016
5638.74400,-1.08247,-2.80778,63.40686,11.51659,12.37839,18.60172,20.91016
5638.75400,-1.04885,-2.80537,63.33728,11.56665,12.30882,18.56778,20.89404
5638.76400,-1.09185,-2.82771,63.24666,11.50079,12.27854,18.52772,20.93961
5638.77400,-1.10051,-2.83173,63.23286,11.48759,12.27539,18.52172,20.94816
5638.78400,-1.13792,-2.82593,63.28824,11.48759,12.31231,18.49332,20.99502
5638.79400,-1.15319,-2.82356,63.31086,11.48759,12.32739,18.48172,21.01416
5638.80400,-1.12945,-2.83156,63.17838,11.44511,12.29787,18.49612,20.93928
5638.81400,-1.12146,-2.83107,63.12994,11.43975,12.28639,18.49017,20.91363
5638.82400,-1.12322,-2.82605,63.13422,11.45526,12.28639,18.47413,20.91844
5638.83400,-1.12764,-2.81018,63.16264,11.48343,12.31288,18.45299,20.91335
5638.84400,-1.09998,-2.82337,63.18446,11.50899,12.25899,18.47812,20.93836
5638.85400,-1.08003,-2.83768,63.18886,11.51659,12.21339,18.50172,20.95716
5638.86400,-1.08003,-2.83768,63.18886,11.51659,12.21339,18.50172,20.95716
5638.87400,-1.13825,-2.81261,63.28586,11.46759,12.36839,18.51172,20.93816
5638.88400,-1.12733,-2.81900,63.23063,11.46759,12.32987,18.50149,20.93168
5638.89400,-1.10911,-2.82968,63.13859,11.46759,12.26567,18.48445,20.92089
5638.90400,-1.11423,-2.83437,63.16872,11.48668,12.24489,18.47217,20.96498
5638.91400,-1.11483,-2.83309,63.18195,11.48957,12.25053,18.47469,20.96716
5638.92400,-1.12028,-2.81842,63.26748,11.50549,12.30744,18.49136,20.96318
5638.93400,-1.15055,-2.80376,63.13586,11.48759,12.31639,18.40272,20.92916
5638.94400,-1.15881,-2.80355,63.16129,11.48123,12.33292,18.40908,20.93806
5638.95400,-1.17598,-2.80311,63.21427,11.46798,12.36736,18.42232,20.95660
5638.96400,-1.16736,-2.80202,63.21586,11.48092,12.35806,18.42272,20.95416
5638.97400,-1.15451,-2.80693,63.23184,11.49059,12.34079,18.43938,20.96108
5638.98400,-1.16501,-2.82066,63.26286,11.45759,12.34739,18.47172,20.98616
5638.99400,-1.17571,-2.82168,63.22474,11.45450,12.33331,18.44115,20.99578
5639.00400,-1.18424,-2.82493,63.15396,11.45769,12.29449,18.39205,21.00973
5639.01400,-1.15008,-2.82863,63.15996,11.48369,12.26049,18.41872,20.99706
5639.02400,-1.15205,-2.83528,63.16442,11.47670,12.25073,18.42494,21.01205
5639.03400,-1.17688,-2.85662,63.17686,11.43859,12.23439,18.43272,21.07116
5639.04400,-1.18131,-2.85617,63.18588,11.43419,12.24341,18.43492,21.07336
5639.05400,-1.19267,-2.85558,63.24117,11.41859,12.28137,18.46006,21.08116
5639.06400,-1.17302,-2.86010,63.34713,11.41859,12.30852,18.53887,21.08116
5639.07400,-1.16680,-2.86263,63.35545,11.41508,12.30811,18.55542,21.07684
5639.08400,-1.16116,-2.87401,63.13842,11.38352,12.22688,18.49252,21.03549
5639.09400,-1.15952,-2.86259,63.24467,11.42727,12.25456,18.50145,21.06138
5639.10400,-1.15947,-2.86224,63.24786,11.42859,12.25539,18.50172,21.06216
5639.11400,-1.19401,-2.82392,63.22978,11.44859,12.33492,18.42272,21.02356
5639.12400,-1.18293,-2.82920,63.19555,11.44859,12.30740,18.42272,21.01684
5639.13400,-1.13869,-2.84987,63.29199,11.44051,12.29434,18.54106,21.01608
5639.14400,-1.13373,-2.85187,63.30324,11.45971,12.27381,18.53444,21.03529
5639.15400,-1.13170,-2.85269,63.30786,11.46759,12.26539,18.53172,21.04316
5639.16400,-1.14587,-2.82021,63.33114,11.48699,12.34493,18.50262,20.99660
5639.17400,-1.14399,-2.85966,63.18195,11.42978,12.23668,18.49192,21.02357
5639.18400,-1.14394,-2.86050,63.17886,11.42859,12.23439,18.49172,21.02416
5639.19400,-1.16416,-2.83154,63.20020,11.46642,12.28483,18.43449,21.01446
5639.20400,-1.16478,-2.83064,63.20086,11.46759,12.28639,18.43272,21.01416
5639.21400,-1.14575,-2.85638,63.15314,11.42661,12.23815,18.47889,21.00949
5639.22400,-1.13180,-2.88173,63.11111,11.38196,12.19688,18.52397,21.00831
5639.23400,-1.16131,-2.89310,63.12886,11.32959,12.22439,18.54172,21.03316
5639.24400,-1.15387,-2.88818,63.18270,11.36069,12.22701,18.54695,21.04806
5639.25400,-1.11726,-2.88375,63.29503,11.42847,12.21347,18.58586,21.06723
5639.26400,-1.09395,-2.89776,63.23586,11.39859,12.18239,18.62172,21.03316
5639.27400,-1.12879,-2.89510,63.22037,11.37776,12.20483,18.58433,21.05346
5639.28400,-1.12122,-2.89472,63.26646,11.38909,12.21175,18.60590,21.05972
5639.29400,-1.09616,-2.89600,63.30586,11.40859,12.20339,18.64172,21.05216
5639.30400,-1.10117,-2.88583,63.32026,11.43211,12.21347,18.61772,21.05696
5639.31400,-1.10658,-2.87483,63.33586,11.45759,12.22439,18.59172,21.06216
5639.32400,-1.09201,-2.87885,63.25830,11.43412,12.20769,18.59967,21.01682
5639.33400,-1.07090,-2.87294,63.21029,11.43010,12.21017,18.61172,20.95831
5639.34400,-1.07179,-2.86247,63.27086,11.45759,12.23439,18.61172,20.96716
5639.35400,-1.06891,-2.84974,63.22438,11.47547,12.23439,18.57596,20.93855
5639.36400,-1.07556,-2.83239,63.19406,11.48759,12.25899,18.53972,20.90776
5639.37400,-1.08130,-2.82658,63.19486,11.48759,12.27539,18.53172,20.90016
5639.38400,-1.08003,-2.82607,63.21593,11.49279,12.27953,18.53839,20.90523
5639.39400,-1.07177,-2.82277,63.35286,11.52659,12.30639,18.58172,20.93816
5639.40400,-1.06114,-2.80814,63.27017,11.54084,12.30164,18.54370,20.88398
5639.41400,-1.04644,-2.80269,63.21928,11.55189,12.28652,18.52992,20.85095
5639.42400,-1.04315,-2.81481,63.26486,11.54659,12.27539,18.56172,20.88116
5639.43400,-1.04530,-2.77685,63.24741,11.59459,12.32612,18.50227,20.82443
5639.44400,-1.04710,-2.74520,63.23286,11.63459,12.36839,18.45272,20.77716
5639.45400,-1.04710,-2.74520,63.23286,11.63459,12.36839,18.45272,20.77716
5639.46400,-1.08403,-2.79831,63.19317,11.51330,12.32739,18.50122,20.85125
5639.47400,-1.09923,-2.80959,63.20786,11.48759,12.32739,18.51172,20.88116
5639.48400,-1.07234,-2.80734,63.17474,11.50631,12.30243,18.51652,20.84948
5639.49400,-1.05667,-2.81665,63.15157,11.50353,12.27069,18.53113,20.84622
5639.50400,-1.07186,-2.82987,63.16586,11.47759,12.26539,18.54172,20.88116
5639.51400,-1.05668,-2.82078,63.14894,11.49169,12.27009,18.54172,20.84544
5639.52400,-1.03955,-2.81053,63.12986,11.50759,12.27539,18.54172,20.80516
5639.53400,-1.04247,-2.82539,63.09931,11.49349,12.23685,18.53702,20.83195
5639.54400,-1.02949,-2.84358,63.13285,11.49921,12.19339,18.56619,20.87407
5639.55400,-0.99498,-2.84657,63.27752,11.54521,12.19339,18.63952,20.89940
5639.56400,-1.01846,-2.83987,63.26156,11.53609,12.21509,18.60672,20.90366
5639.57400,-1.04684,-2.83505,63.22386,11.50987,12.24054,18.57354,20.89991
5639.58400,-1.01540,-2.84927,63.22386,11.49759,12.21339,18.63172,20.88116
5639.59400,-1.01804,-2.84343,63.28138,11.52462,12.22414,18.62825,20.90438
5639.60400,-1.02299,-2.83245,63.38986,11.57559,12.24439,18.62172,20.94816
5639.61400,-1.02895,-2.83536,63.36526,11.56900,12.23365,18.60786,20.95474
5639.62400,-1.03753,-2.84367,63.31886,11.55072,12.21144,18.59149,20.96521
5639.63400,-1.02967,-2.85194,63.31886,11.53348,12.20569,18.62023,20.95946
5639.64400,-1.02653,-2.85525,63.31886,11.52659,12.20339,18.63172,20.95716
5639.65400,-1.02653,-2.85525,63.31886,11.52659,12.20339,18.63172,20.95716
5639.66400,-1.00521,-2.85754,63.20274,11.50697,12.17314,18.62714,20.89549
5639.67400,-1.01248,-2.85725,63.17086,11.51659,12.15239,18.59172,20.91016
5639.68400,-0.98394,-2.81927,63.37486,11.59559,12.25539,18.65172,20.87216
5639.69400,-0.99351,-2.82306,63.35257,11.58121,12.25085,18.64145,20.87905
5639.70400,-1.03709,-2.84032,63.25123,11.51588,12.23018,18.59479,20.91039
5639.71400,-1.06761,-2.84214,63.17386,11.46759,12.24439,18.56172,20.90016
5639.72400,-1.06096,-2.83866,63.17166,11.47477,12.24601,18.56319,20.88769
5639.73400,-1.03074,-2.82287,63.16166,11.50744,12.25334,18.56985,20.83103
5639.74400,-1.01344,-2.83804,63.19686,11.50759,12.22439,18.61172,20.85316
5639.75400,-1.01297,-2.83783,63.20469,11.51020,12.22529,18.61352,20.85568
5639.76400,-1.00828,-2.83576,63.28386,11.53659,12.23439,18.63172,20.88116
5639.77400,-1.00617,-2.83583,63.27612,11.53719,12.23067,18.63052,20.87774
5639.78400,-0.98264,-2.83669,63.19012,11.54385,12.18934,18.61719,20.83974
5639.79400,-1.04477,-2.84669,63.12486,11.46759,12.21339,18.57172,20.87216
5639.80400,-1.04477,-2.84669,63.12486,11.46759,12.21339,18.57172,20.87216
5639.81400,-0.99998,-2.81892,63.31388,11.55304,12.27596,18.64172,20.84316
5639.82400,-1.01614,-2.82637,63.28073,11.51361,12.28224,18.64172,20.84316
5639.83400,-1.02682,-2.83129,63.25886,11.48759,12.28639,18.64172,20.84316
5639.84400,-1.01249,-2.82985,63.29511,11.52580,12.26582,18.64172,20.86178
5639.85400,-1.01219,-2.82982,63.29586,11.52659,12.26539,18.64172,20.86216
5639.86400,-1.03044,-2.85402,63.21020,11.48186,12.21081,18.61898,20.89855
5639.87400,-1.04846,-2.86178,63.27381,11.48459,12.21039,18.62022,20.95861
5639.88400,-1.05060,-2.86179,63.28986,11.48759,12.21339,18.62172,20.96716
5639.89400,-1.04758,-2.84447,63.20925,11.48759,12.23121,18.58778,20.90268
5639.90400,-1.03823,-2.86225,63.16961,11.44635,12.20830,18.62380,20.89116
5639.91400,-1.03657,-2.86619,63.16486,11.43859,12.20339,18.63172,20.89116
5639.92400,-1.06760,-2.86885,63.24816,11.42725,12.23853,18.63739,20.94499
5639.93400,-1.09127,-2.87088,63.31186,11.41859,12.26539,18.64172,20.98616
5639.94400,-1.06644,-2.86546,63.26877,11.43986,12.24303,18.63627,20.94961
5639.95400,-1.08549,-2.85894,63.15623,11.42254,12.23627,18.57231,20.92510
5639.96400,-1.11271,-2.85758,63.10386,11.39859,12.24439,18.53172,20.92916
5639.97400,-1.09524,-2.84521,63.18613,11.45126,12.25682,18.54356,20.93449
5639.98400,-1.07159,-2.83627,63.25712,11.46976,12.28975,18.59330,20.90430
5639.99400,-1.06365,-2.83598,63.26686,11.45759,12.30639,18.62172,20.88116
5640.00400,-1.06450,-2.83396,63.29358,11.46522,12.31441,18.62554,20.88841
5640.01400,-1.06571,-2.83111,63.33121,11.47597,12.32570,18.63091,20.89863
5640.02400,-1.05885,-2.83457,63.28482,11.49204,12.28258,18.60281,20.90739
5640.03400,-1.03103,-2.83654,63.39100,11.51429,12.29477,18.67178,20.91016
5640.04400,-1.01261,-2.83688,63.48386,11.52659,12.31639,18.73072,20.91016
5640.05400,-1.02957,-2.82935,63.45746,11.51747,12.33655,18.70240,20.90104
5640.06400,-1.04796,-2.82119,63.42886,11.50759,12.35839,18.67172,20.89116
5640.07400,-1.02361,-2.82232,63.39357,11.53128,12.31827,18.66689,20.87714
5640.08400,-1.00333,-2.82761,63.32742,11.53681,12.27317,18.65950,20.85794
5640.09400,-1.02355,-2.84187,63.22786,11.46759,12.26539,18.65172,20.84316
5640.10400,-1.00331,-2.83903,63.24084,11.49446,12.25127,18.66060,20.83451
5640.11400,-0.94520,-2.82746,63.28997,11.57914,12.21717,18.68428,20.80938
5640.12400,-0.98191,-2.82064,63.30786,11.55659,12.26539,18.66172,20.82416
5640.13400,-0.93546,-2.83208,63.25248,11.55659,12.21281,18.70314,20.77995
5640.14400,-0.88200,-2.84525,63.18886,11.55659,12.15239,18.75072,20.72916
5640.15400,-0.89902,-2.83575,63.22347,11.57193,12.17639,18.72712,20.74804
5640.16400,-0.91998,-2.82190,63.26684,11.59704,12.20599,18.69217,20.77164
5640.17400,-0.88893,-2.82654,63.20786,11.60559,12.16239,18.70072,20.73916
5640.18400,-0.89700,-2.82961,63.19425,11.58728,12.16709,18.70072,20.73916
5640.19400,-0.90191,-2.83221,63.23446,11.58512,12.17715,18.71498,20.75722
5640.20400,-0.89727,-2.83126,63.29586,11.60559,12.18239,18.73072,20.77716
5640.21400,-0.91941,-2.82820,63.25654,11.58370,12.19797,18.70141,20.77345
5640.22400,-0.95702,-2.82302,63.18986,11.54659,12.22439,18.65172,20.76716
5640.23400,-0.95598,-2.82735,63.16513,11.53972,12.20997,18.64829,20.76716
5640.24400,-0.94512,-2.83698,63.15459,11.54357,12.17546,18.65523,20.78033
5640.25400,-0.92842,-2.83953,63.22386,11.57559,12.16239,18.68072,20.80516
5640.26400,-0.92986,-2.83748,63.21913,11.57386,12.16803,18.67808,20.79916
5640.27400,-0.94293,-2.81474,63.18868,11.56329,12.23019,18.65502,20.74018
5640.28400,-0.93249,-2.79742,63.31986,11.61559,12.27539,18.68072,20.74816
5640.29400,-0.93249,-2.79742,63.31986,11.61559,12.27539,18.68072,20.74816
5640.30400,-0.95505,-2.79592,63.26546,11.62559,12.24901,18.61172,20.77914
5640.31400,-0.96559,-2.79586,63.28079,11.61517,12.26539,18.61406,20.78616
5640.32400,-0.97871,-2.80793,63.24408,11.56783,12.26539,18.62470,20.78616
5640.33400,-0.92191,-2.83124,63.24786,11.56659,12.20339,18.71072,20.76716
5640.34400,-0.92528,-2.83155,63.24476,11.56125,12.20670,18.70965,20.76716
5640.35400,-0.95046,-2.83505,63.23139,11.52135,12.23189,18.70638,20.77177
5640.36400,-0.91598,-2.84504,63.37386,11.57559,12.20339,18.77072,20.82416
5640.37400,-0.91776,-2.84552,63.37237,11.57371,12.20339,18.76928,20.82599
5640.38400,-0.93755,-2.85078,63.35579,11.55285,12.20339,18.75323,20.84631
5640.39400,-0.95348,-2.85506,63.32945,11.53569,12.19880,18.73451,20.86045
5640.40400,-0.95303,-2.85668,63.20013,11.53104,12.15048,18.67799,20.84061
5640.41400,-0.90013,-2.85598,63.26286,11.57559,12.13139,18.74072,20.81516
5640.42400,-0.90132,-2.85536,63.26648,11.57559,12.13447,18.74072,20.81570
5640.43400,-0.91452,-2.84847,63.30675,11.57559,12.16870,18.74072,20.82174
5640.44400,-0.93669,-2.84782,63.12786,11.52659,12.15239,18.67172,20.77716
5640.45400,-0.93669,-2.84782,63.12786,11.52659,12.15239,18.67172,20.77716
5640.46400,-0.96200,-2.84053,63.30111,11.56405,12.20016,18.68015,20.85676
5640.47400,-0.96371,-2.84004,63.31286,11.56659,12.20339,18.68072,20.86216
5640.48400,-0.99174,-2.84007,63.23817,11.51809,12.22376,18.65259,20.84373
5640.49400,-0.98044,-2.83046,63.39979,11.55539,12.27386,18.70895,20.86159
5640.50400,-0.98006,-2.83017,63.40486,11.55659,12.27539,18.71072,20.86216
5640.51400,-0.97618,-2.81879,63.28666,11.55659,12.26255,18.65997,20.80756
5640.52400,-0.97311,-2.83562,63.21810,11.51979,12.22687,18.66852,20.80292
5640.53400,-0.97303,-2.83764,63.21786,11.51659,12.22439,18.67172,20.80516
5640.54400,-0.94355,-2.81589,63.37281,11.59740,12.26220,18.70805,20.80516
5640.55400,-0.93330,-2.80833,63.42686,11.62559,12.27539,18.72072,20.80516
5640.56400,-0.93911,-2.82978,63.33234,11.56507,12.24071,18.72752,20.79904
5640.57400,-0.92987,-2.83348,63.34988,11.55007,12.25203,18.76443,20.78335
5640.58400,-0.92409,-2.83038,63.37986,11.55659,12.26539,18.78072,20.77716
5640.59400,-0.92362,-2.83322,63.37685,11.57840,12.23455,18.75815,20.80574
5640.60400,-0.96229,-2.82748,63.34562,11.58559,12.23159,18.67944,20.84900
5640.61400,-0.97740,-2.82488,63.33386,11.58559,12.23439,18.65172,20.86216
5640.62400,-0.94214,-2.81899,63.33095,11.57831,12.25694,18.70917,20.78652
5640.63400,-0.92892,-2.81678,63.32986,11.57559,12.26539,18.73072,20.75816
5640.64400,-0.97822,-2.83454,63.21394,11.50503,12.24307,18.67384,20.79200
5640.65400,-0.97574,-2.82412,63.23126,11.53903,12.24447,18.65172,20.79604
5640.66400,-0.95229,-2.80537,63.29886,11.60559,12.25539,18.65172,20.78616
5640.67400,-0.95594,-2.80470,63.25323,11.58631,12.25933,18.64385,20.76374
5640.68400,-0.96356,-2.80180,63.19084,11.56262,12.26754,18.62661,20.73407
5640.69400,-0.98093,-2.78543,63.26086,11.61559,12.28639,18.58172,20.77716
5640.70400,-0.98890,-2.78583,63.27604,11.60679,12.29981,18.58612,20.78332
5640.71400,-1.01712,-2.78725,63.32986,11.57559,12.34739,18.60172,20.80516
5640.72400,-1.01625,-2.79108,63.32304,11.57141,12.33837,18.60392,20.80934
5640.73400,-1.00277,-2.80444,63.32754,11.57191,12.30246,18.62527,20.82789
5640.74400,-0.96034,-2.80359,63.44486,11.63459,12.28639,18.68072,20.84316
5640.75400,-0.96034,-2.80359,63.44486,11.63459,12.28639,18.68072,20.84316
5640.76400,-0.98398,-2.78680,63.34191,11.62110,12.30769,18.61043,20.80269
5640.77400,-0.97037,-2.78225,63.38242,11.63127,12.32547,18.63951,20.78616
5640.78400,-0.96546,-2.78274,63.39986,11.63459,12.32739,18.65172,20.78616
5640.79400,-0.97631,-2.76445,63.30998,11.64299,12.33579,18.58452,20.74668
5640.80400,-0.95508,-2.77443,63.08381,11.61690,12.24862,18.53354,20.68475
5640.81400,-0.95605,-2.77618,63.09534,11.61317,12.25188,18.54138,20.68892
5640.82400,-0.96257,-2.77964,63.16286,11.60559,12.27539,18.57172,20.71016
5640.83400,-0.97147,-2.78341,63.14200,11.58959,12.27308,18.56477,20.71456
5640.84400,-0.99693,-2.79418,63.08240,11.54390,12.26645,18.54490,20.72715
5640.85400,-0.93702,-2.77666,63.08286,11.63459,12.22439,18.54172,20.68216
5640.86400,-0.93317,-2.78087,63.10470,11.63459,12.22102,18.55778,20.69131
5640.87400,-0.91570,-2.79993,63.20397,11.63459,12.20569,18.63077,20.73292
5640.88400,-0.90682,-2.79947,63.24518,11.64767,12.20942,18.65040,20.73769
5640.89400,-0.88893,-2.79002,63.32039,11.68507,12.22665,18.67519,20.73349
5640.90400,-0.87109,-2.78059,63.39560,11.72246,12.24388,18.69998,20.72929
5640.91400,-0.88803,-2.76857,63.35066,11.69097,12.29177,18.68512,20.68280
5640.92400,-0.86421,-2.76331,63.31690,11.71139,12.27319,18.68334,20.64898
5640.93400,-0.88150,-2.75636,63.22486,11.70359,12.26539,18.62172,20.63416
5640.94400,-0.89073,-2.75311,63.21379,11.69936,12.27443,18.60715,20.63285
5640.95400,-0.93275,-2.73834,63.16346,11.68016,12.31549,18.54093,20.62689
5640.96400,-0.93853,-2.73514,63.14420,11.67881,12.31836,18.52463,20.62239
5640.97400,-0.90932,-2.74013,63.12301,11.69802,12.27730,18.53788,20.60981
5640.98400,-0.93959,-2.72140,63.23286,11.75259,12.31639,18.49172,20.67216
5640.99400,-0.94009,-2.72465,63.23268,11.74722,12.31267,18.49627,20.67652
5641.00400,-0.94440,-2.75871,63.24756,11.69459,12.27649,18.54972,20.72676
5641.01400,-0.93817,-2.77240,63.39786,11.70359,12.28639,18.62172,20.78616
5641.02400,-0.94130,-2.77026,63.40116,11.70359,12.29359,18.61872,20.78526
5641.03400,-0.96942,-2.75101,63.43086,11.70359,12.35839,18.59172,20.77716
5641.04400,-0.96942,-2.75101,63.43086,11.70359,12.35839,18.59172,20.77716
5641.05400,-0.98969,-2.79182,63.27753,11.60073,12.28982,18.59172,20.79526
5641.06400,-0.95090,-2.79954,63.48908,11.64312,12.30579,18.70715,20.83302
5641.07400,-0.94968,-2.79972,63.49586,11.64459,12.30639,18.71072,20.83416
5641.08400,-0.94817,-2.78753,63.50208,11.66999,12.31728,18.69050,20.82431
5641.09400,-0.98015,-2.79453,63.42478,11.61882,12.31978,18.65787,20.82831
5641.10400,-0.99501,-2.80269,63.38786,11.58559,12.31639,18.65172,20.83416
5641.11400,-0.98184,-2.78109,63.34629,11.61275,12.33358,18.62401,20.77596
5641.12400,-0.97123,-2.76370,63.31286,11.63459,12.34739,18.60172,20.72916
5641.13400,-0.99201,-2.81063,63.24219,11.57049,12.25453,18.60172,20.81545
5641.14400,-0.97127,-2.78866,63.31963,11.62948,12.28575,18.61000,20.79440
5641.15400,-0.96605,-2.78200,63.33886,11.64459,12.29639,18.61172,20.78616
5641.16400,-0.99352,-2.78427,63.28248,11.62260,12.29076,18.56662,20.80251
5641.17400,-1.01732,-2.79091,63.21716,11.59159,12.27869,18.53172,20.81516
5641.18400,-1.01840,-2.79300,63.20786,11.58559,12.27539,18.53172,20.81516
5641.19400,-1.00848,-2.78510,63.23710,11.60576,12.28816,18.53996,20.80322
5641.20400,-0.99433,-2.77383,63.27886,11.63459,12.30639,18.55172,20.78616
5641.21400,-1.03557,-2.76952,63.33286,11.58563,12.38775,18.56612,20.79336
5641.22400,-1.04763,-2.78437,63.35530,11.58747,12.35315,18.55732,20.85736
5641.23400,-1.04609,-2.79079,63.35586,11.59559,12.32739,18.55172,20.88116
5641.24400,-1.06579,-2.78372,63.26706,11.57207,12.33699,18.50420,20.85380
5641.25400,-1.06580,-2.77580,63.21442,11.56375,12.34739,18.48748,20.81580
5641.26400,-1.03862,-2.77548,63.26986,11.58559,12.34739,18.53172,20.80516
5641.27400,-1.04259,-2.78041,63.29675,11.58559,12.34390,18.53870,20.82856
5641.28400,-1.05000,-2.78957,63.34686,11.58559,12.33739,18.55172,20.87216
5641.29400,-1.06028,-2.77523,63.35342,11.60347,12.36183,18.52192,20.86620
5641.30400,-1.04910,-2.78016,63.30206,11.61559,12.31659,18.50172,20.86816
5641.31400,-1.03699,-2.78994,63.26486,11.61559,12.27539,18.50172,20.87216
5641.32400,-1.05230,-2.78149,63.34949,11.61559,12.33082,18.51960,20.88348
5641.33400,-1.08297,-2.78791,63.36991,11.58022,12.35608,18.51980,20.91381
5641.34400,-1.11381,-2.80632,63.31386,11.52659,12.33739,18.50172,20.94816
5641.35400,-1.09128,-2.79295,63.35240,11.56842,12.34726,18.51112,20.92560
5641.36400,-1.06592,-2.77788,63.39586,11.61559,12.35839,18.52172,20.90016
5641.37400,-1.06592,-2.77788,63.39586,11.61559,12.35839,18.52172,20.90016
5641.38400,-1.09139,-2.78861,63.32486,11.55893,12.35839,18.50738,20.90016
5641.39400,-1.10357,-2.79712,63.28822,11.53659,12.34327,18.49452,20.91384
5641.40400,-1.10440,-2.79878,63.28486,11.53659,12.33739,18.49172,20.91916
5641.41400,-1.12625,-2.78524,63.39656,11.55659,12.39719,18.49272,20.95006
5641.42400,-1.13369,-2.80233,63.50186,11.55659,12.38939,18.53172,21.02416
5641.43400,-1.13355,-2.80178,63.48634,11.55762,12.38401,18.52355,21.02116
5641.44400,-1.13850,-2.79483,63.34764,11.56659,12.34206,18.44161,20.99738
5641.45400,-1.16031,-2.78694,63.33286,11.56659,12.35839,18.40272,21.00516
5641.46400,-1.16031,-2.78694,63.33286,11.56659,12.35839,18.40272,21.00516
5641.47400,-1.16075,-2.79149,63.31339,11.54661,12.35839,18.41283,20.99555
5641.48400,-1.16206,-2.80493,63.25586,11.48759,12.35839,18.44272,20.96716
5641.49400,-1.09591,-2.79849,63.36196,11.57849,12.32539,18.49882,20.95926
5641.50400,-1.13586,-2.76771,63.48535,11.61075,12.42539,18.46656,20.98265
5641.51400,-1.14184,-2.76310,63.50386,11.61559,12.44039,18.46172,20.98616
5641.52400,-1.16832,-2.74848,63.32878,11.61588,12.41439,18.33978,20.95873
5641.53400,-1.17028,-2.76447,63.08886,11.52659,12.36839,18.31272,20.88116
5641.54400,-1.17028,-2.76447,63.08886,11.52659,12.36839,18.31272,20.88116
5641.55400,-1.17001,-2.77447,63.21486,11.55659,12.35839,18.34272,20.95716
5641.56400,-1.17001,-2.77447,63.21486,11.55659,12.35839,18.34272,20.95716
5641.57400,-1.17652,-2.78133,63.21486,11.53757,12.35839,18.35223,20.96667
5641.58400,-1.15568,-2.77780,63.36729,11.59635,12.36705,18.39602,21.00787
5641.59400,-1.15241,-2.77720,63.39086,11.60559,12.36839,18.40272,21.01416
5641.60400,-1.15252,-2.75356,63.33630,11.59693,12.42209,18.38540,20.93188
5641.61400,-1.16066,-2.77106,63.35297,11.57627,12.40045,18.40204,20.97422
5641.62400,-1.16095,-2.77180,63.35386,11.57559,12.39939,18.40272,20.97616
5641.63400,-1.11882,-2.76345,63.36345,11.63218,12.36966,18.41231,20.94930
5641.64400,-1.11703,-2.76309,63.36386,11.63459,12.36839,18.41272,20.94816
5641.65400,-1.12023,-2.78133,63.28234,11.59126,12.33021,18.41272,20.94816
5641.66400,-1.16153,-2.76353,63.41048,11.62505,12.39436,18.37918,21.01188
5641.67400,-1.16925,-2.75884,63.44086,11.63459,12.40939,18.37272,21.02416
5641.68400,-1.13209,-2.73707,63.39759,11.63459,12.45351,18.40666,20.90283
5641.69400,-1.12121,-2.74767,63.27204,11.60176,12.40922,18.39589,20.86517
5641.70400,-1.12041,-2.75041,63.24986,11.59559,12.39939,18.39272,20.86216
5641.71400,-1.10643,-2.75633,63.27708,11.60114,12.38773,18.42050,20.86772
5641.72400,-1.09526,-2.76106,63.29886,11.60559,12.37839,18.44272,20.87216
5641.73400,-1.12756,-2.74535,63.18582,11.59119,12.39351,18.35632,20.84480
5641.74400,-1.11500,-2.74000,63.32368,11.60740,12.44448,18.42381,20.84798
5641.75400,-1.10561,-2.74029,63.39186,11.61559,12.46139,18.46172,20.85316
5641.76400,-1.11005,-2.73244,63.35170,11.62982,12.45373,18.42193,20.84622
5641.77400,-1.12845,-2.73575,63.32866,11.61919,12.44639,18.39472,20.86836
5641.78400,-1.13555,-2.74707,63.35986,11.59559,12.45039,18.42272,20.89116
5641.79400,-1.12789,-2.73879,63.35986,11.61860,12.45039,18.41092,20.87995
5641.80400,-1.12257,-2.73304,63.35986,11.63459,12.45039,18.40272,20.87216
5641.81400,-1.12257,-2.73304,63.35986,11.63459,12.45039,18.40272,20.87216
5641.82400,-1.09094,-2.74056,63.26413,11.62722,12.40048,18.41090,20.82552
5641.83400,-1.06972,-2.73216,63.31914,11.65359,12.41836,18.44169,20.80550
5641.84400,-1.06881,-2.73192,63.32231,11.65990,12.41390,18.43822,20.81029
5641.85400,-1.07055,-2.73231,63.30703,11.69840,12.36852,18.38991,20.85021
5641.86400,-1.10647,-2.72685,63.18586,11.60559,12.43039,18.37272,20.77716
5641.87400,-1.10647,-2.72685,63.18586,11.60559,12.43039,18.37272,20.77716
5641.88400,-1.06400,-2.72607,63.40886,11.71359,12.40939,18.43272,20.85316
5641.89400,-1.06400,-2.72607,63.40886,11.71359,12.40939,18.43272,20.85316
5641.90400,-1.04092,-2.72292,63.25718,11.71359,12.36043,18.39432,20.78884
5641.91400,-1.05002,-2.77165,63.15986,11.59559,12.30639,18.45272,20.80516
5641.92400,-1.04079,-2.76810,63.21109,11.62007,12.31115,18.46609,20.81377
5641.93400,-1.01371,-2.75768,63.36175,11.69207,12.32515,18.50543,20.83911
5641.94400,-1.06793,-2.75791,63.29686,11.65459,12.33739,18.43272,20.87216
5641.95400,-1.06793,-2.75791,63.29686,11.65459,12.33739,18.43272,20.87216
5641.96400,-1.04351,-2.75375,63.42986,11.64459,12.40939,18.54172,20.83416
5641.97400,-1.04061,-2.75298,63.42986,11.65095,12.40515,18.53960,20.83416
5641.98400,-1.03396,-2.75485,63.38697,11.66370,12.37095,18.51616,20.83616
5641.99400,-1.04840,-2.77134,63.23686,11.62559,12.30639,18.46172,20.84316
5642.00400,-1.05084,-2.76667,63.20320,11.61899,12.31321,18.44874,20.82226
5642.01400,-1.05957,-2.75135,63.11068,11.59880,12.34077,18.41219,20.75892
5642.02400,-1.05978,-2.75723,63.23258,11.61340,12.35609,18.45526,20.80782
5642.03400,-1.05981,-2.75811,63.25086,11.61559,12.35839,18.46172,20.81516
5642.04400,-1.05570,-2.75846,63.27886,11.62524,12.35839,18.47138,20.82385
5642.05400,-1.01365,-2.76583,63.25009,11.63423,12.31806,18.51014,20.78766
5642.06400,-1.01192,-2.76613,63.24886,11.63459,12.31639,18.51172,20.78616
5642.07400,-1.02942,-2.78900,63.26423,11.61634,12.27702,18.51172,20.85915
5642.08400,-1.03014,-2.78994,63.26486,11.61559,12.27539,18.51172,20.86216
5642.09400,-1.06328,-2.75923,63.32630,11.62519,12.37427,18.48292,20.84392
5642.10400,-1.07736,-2.76304,63.31542,11.61919,12.36559,18.46316,20.86748
5642.11400,-1.08450,-2.76589,63.30786,11.61559,12.35839,18.45272,20.88116
5642.12400,-1.07393,-2.75391,63.27330,11.60599,12.38815,18.46136,20.81780
5642.13400,-1.06391,-2.77315,63.24242,11.60559,12.32347,18.46172,20.85164
5642.14400,-1.05581,-2.79073,63.23340,11.59050,12.28639,18.48434,20.87216
5642.15400,-1.04268,-2.77116,63.16503,11.61059,12.29473,18.45089,20.80883
5642.16400,-1.04023,-2.76681,63.15086,11.61559,12.29639,18.44272,20.79616
5642.17400,-1.04491,-2.76297,63.14639,11.61559,12.30534,18.43377,20.79169
5642.18400,-1.05041,-2.75845,63.14112,11.61559,12.31587,18.42325,20.78642
5642.19400,-1.06598,-2.76282,63.22986,11.60559,12.34739,18.45272,20.82416
5642.20400,-1.08138,-2.75617,63.22986,11.61008,12.36134,18.42574,20.83270
5642.21400,-1.09950,-2.74834,63.22986,11.61538,12.37774,18.39399,20.84276
5642.22400,-1.09878,-2.78893,63.29667,11.59940,12.30639,18.44272,20.94816
5642.23400,-1.10543,-2.78113,63.24270,11.57841,12.32863,18.42838,20.90728
5642.24400,-1.10609,-2.77683,63.22686,11.57559,12.33739,18.42272,20.89116
5642.25400,-1.08077,-2.76337,63.22333,11.58970,12.35928,18.44390,20.83045
5642.26400,-1.07717,-2.78596,63.18368,11.54680,12.32455,18.47323,20.83910
5642.27400,-1.08005,-2.79765,63.16786,11.52659,12.30639,18.48172,20.85316
5642.28400,-1.08490,-2.78295,63.21886,11.56902,12.32396,18.45643,20.86945
5642.29400,-1.09136,-2.76339,63.28686,11.62559,12.34739,18.42272,20.89116
5642.30400,-1.09422,-2.76397,63.27359,11.61162,12.35473,18.42621,20.88103
5642.31400,-1.09566,-2.77576,63.31022,11.59739,12.35010,18.45573,20.90700
5642.32400,-1.09296,-2.78318,63.35286,11.60559,12.33739,18.47172,20.93816
5642.33400,-1.09593,-2.79244,63.28348,11.56358,12.32748,18.47644,20.91598
5642.34400,-1.09282,-2.78893,63.29223,11.55918,12.34492,18.48954,20.89859
5642.35400,-1.08281,-2.76736,63.42686,11.62559,12.38939,18.50172,20.91016
5642.36400,-1.07438,-2.76817,63.34310,11.62559,12.35542,18.47426,20.88782
5642.37400,-1.08983,-2.76623,63.26710,11.59385,12.36377,18.44732,20.86216
5642.38400,-1.11934,-2.76285,63.29086,11.55659,12.41939,18.45272,20.86216
5642.39400,-1.09316,-2.77515,63.31595,11.57471,12.37665,18.48478,20.87982
5642.40400,-1.06302,-2.78929,63.34486,11.59559,12.32739,18.52172,20.90016
5642.41400,-1.06302,-2.78929,63.34486,11.59559,12.32739,18.52172,20.90016
5642.42400,-1.09241,-2.77636,63.27480,11.59255,12.33986,18.44850,20.89390
5642.43400,-1.10120,-2.77425,63.31466,11.58579,12.36756,18.46133,20.89998
5642.44400,-1.10855,-2.77116,63.30260,11.58559,12.37179,18.44506,20.90016
5642.45400,-1.12233,-2.76527,63.27686,11.58559,12.37839,18.41272,20.90016
5642.46400,-1.10416,-2.76986,63.23627,11.57899,12.35688,18.42660,20.87379
5642.47400,-1.08104,-2.76309,63.24457,11.59412,12.36369,18.44919,20.83757
5642.48400,-1.10137,-2.73491,63.39986,11.64459,12.45039,18.44272,20.86216
5642.49400,-1.09263,-2.74132,63.34372,11.64112,12.41470,18.43232,20.85558
5642.50400,-1.07093,-2.75340,63.27390,11.64365,12.35215,18.42836,20.84973
5642.51400,-1.05570,-2.75323,63.37990,11.67032,12.36615,18.47436,20.86907
5642.52400,-1.06234,-2.75332,63.35228,11.65909,12.36665,18.46274,20.86380
5642.53400,-1.08833,-2.75366,63.22492,11.61481,12.36168,18.40851,20.83992
5642.54400,-1.10143,-2.75399,63.16398,11.59195,12.36051,18.38333,20.82819
5642.55400,-1.08163,-2.75356,63.26750,11.61776,12.37515,18.43557,20.83902
5642.56400,-1.06531,-2.75067,63.33086,11.62559,12.39939,18.48172,20.82416
5642.57400,-1.06473,-2.75055,63.31720,11.62773,12.39239,18.47393,20.82314
5642.58400,-1.06196,-2.74999,63.25214,11.63795,12.35906,18.43683,20.81831
5642.59400,-1.09727,-2.74931,63.24186,11.60559,12.38939,18.41272,20.83416
5642.60400,-1.09506,-2.74659,63.25638,11.61424,12.39379,18.41419,20.83416
5642.61400,-1.08503,-2.73425,63.32238,11.65357,12.41379,18.42085,20.83416
5642.62400,-1.08395,-2.73555,63.32192,11.65162,12.41196,18.42418,20.83416
5642.63400,-1.09177,-2.75718,63.23583,11.59268,12.37819,18.43080,20.83416
5642.64400,-1.12307,-2.75662,63.23912,11.57559,12.39810,18.40374,20.86169
5642.65400,-1.13410,-2.75401,63.24986,11.57559,12.40939,18.39272,20.87216
5642.66400,-1.11731,-2.76296,63.09362,11.53443,12.36655,18.38432,20.80832
5642.67400,-1.05067,-2.75374,63.31007,11.65017,12.35839,18.46865,20.83285
5642.68400,-1.05515,-2.75044,63.31896,11.65558,12.36552,18.46093,20.83693
5642.69400,-1.11644,-2.72396,63.31986,11.66459,12.43039,18.36272,20.86216
5642.70400,-1.11611,-2.72531,63.31392,11.66105,12.42793,18.36392,20.86102
5642.71400,-1.11248,-2.74029,63.24792,11.62171,12.40060,18.37725,20.84835
5642.72400,-1.07604,-2.71631,63.34286,11.68459,12.44039,18.41272,20.80516
5642.73400,-1.07604,-2.71631,63.34286,11.68459,12.44039,18.41272,20.80516
5642.74400,-1.08379,-2.71272,63.34667,11.64649,12.48992,18.44129,20.76897
5642.75400,-1.07233,-2.69819,63.29020,11.68300,12.47223,18.39470,20.74027
5642.76400,-1.07185,-2.69760,63.28786,11.68459,12.47139,18.39272,20.73916
5642.77400,-1.04831,-2.72518,63.43155,11.71218,12.42191,18.46790,20.82956
5642.78400,-1.04711,-2.72658,63.43886,11.71359,12.41939,18.47172,20.83416
5642.79400,-1.07079,-2.71884,63.35188,11.68846,12.43292,18.42082,20.80968
5642.80400,-1.07779,-2.71207,63.36205,11.69622,12.44785,18.40764,20.81033
5642.81400,-1.07572,-2.71122,63.38186,11.70359,12.45039,18.41272,20.81516
5642.82400,-1.10728,-2.69565,63.25082,11.68763,12.45963,18.32032,20.78324
5642.83400,-1.11610,-2.71139,63.18134,11.65099,12.42611,18.31112,20.79312
5642.84400,-1.11664,-2.71496,63.17286,11.64459,12.41939,18.31272,20.79616
5642.85400,-1.10732,-2.70606,63.21378,11.66439,12.43985,18.32592,20.78362
5642.86400,-1.10253,-2.70148,63.23486,11.67459,12.45039,18.33272,20.77716
5642.87400,-1.12859,-2.70867,63.19911,11.65809,12.43334,18.29422,20.81346
5642.88400,-1.14991,-2.71725,63.30719,11.64459,12.46421,18.32777,20.87063
5642.89400,-1.14990,-2.71828,63.35986,11.64459,12.48139,18.35272,20.88116
5642.90400,-1.14500,-2.70174,63.31965,11.67101,12.48561,18.31442,20.84861
5642.91400,-1.13818,-2.67872,63.26380,11.70771,12.49146,18.26123,20.80339
5642.92400,-1.16240,-2.70118,63.10686,11.61559,12.46139,18.24372,20.78616
5642.93400,-1.18744,-2.69071,63.17170,11.61559,12.51514,18.23788,20.80310
5642.94400,-1.20522,-2.68327,63.21786,11.61559,12.55339,18.23372,20.81516
5642.95400,-1.20522,-2.68327,63.21786,11.61559,12.55339,18.23372,20.81516
5642.96400,-1.16826,-2.70757,63.32458,11.61002,12.53227,18.34373,20.83855
5642.97400,-1.18108,-2.71552,63.37386,11.58559,12.55339,18.37272,20.86216
5642.98400,-1.18163,-2.70542,63.28641,11.59085,12.54286,18.32531,20.82739
5642.99400,-1.16646,-2.70686,63.21914,11.60969,12.49438,18.29682,20.81825
5643.00400,-1.14881,-2.71874,63.23186,11.62559,12.45039,18.31272,20.84316
5643.01400,-1.14696,-2.72569,63.24582,11.61163,12.45039,18.33599,20.84781
5643.02400,-1.14484,-2.73367,63.26186,11.59559,12.45039,18.36272,20.85316
5643.03400,-1.15476,-2.73763,63.26673,11.59254,12.44430,18.35358,20.87631
5643.04400,-1.17632,-2.74624,63.27733,11.58592,12.43106,18.33371,20.92664
5643.05400,-1.10315,-2.75647,63.23886,11.60559,12.36839,18.40272,20.86216
5643.06400,-1.10239,-2.75827,63.21482,11.59872,12.36118,18.39929,20.85563
5643.07400,-1.09582,-2.76040,63.19693,11.59598,12.35121,18.40312,20.84663
5643.08400,-1.08618,-2.75798,63.24986,11.61559,12.35839,18.42272,20.85316
5643.09400,-1.09393,-2.75563,63.23432,11.60110,12.37351,18.41852,20.84119
5643.10400,-1.10221,-2.74411,63.16493,11.56973,12.41046,18.40486,20.77987
5643.11400,-1.02557,-2.73436,63.12486,11.65459,12.33739,18.41272,20.72016
5643.12400,-1.02743,-2.73246,63.18062,11.66449,12.35396,18.42666,20.73551
5643.13400,-1.03476,-2.72498,63.40086,11.70359,12.41939,18.48172,20.79616
5643.14400,-1.03476,-2.72498,63.40086,11.70359,12.41939,18.48172,20.79616
5643.15400,-1.07637,-2.73893,63.37028,11.65318,12.41939,18.45667,20.84104
5643.16400,-1.03621,-2.74162,63.37230,11.64647,12.41939,18.52312,20.78332
5643.17400,-1.01642,-2.73942,63.36946,11.65249,12.41839,18.54472,20.75386
5643.18400,-0.94213,-2.71152,63.33736,11.72359,12.41262,18.56700,20.63416
5643.19400,-0.96954,-2.69784,63.32240,11.72359,12.44491,18.51975,20.63416
5643.20400,-0.97420,-2.69552,63.31986,11.72359,12.45039,18.51172,20.63416
5643.21400,-0.94268,-2.69995,63.34686,11.77259,12.39939,18.52172,20.65316
5643.22400,-0.94345,-2.70118,63.34807,11.76902,12.40000,18.52474,20.65431
5643.23400,-0.95196,-2.71485,63.36149,11.72943,12.40671,18.55830,20.66706
5643.24400,-0.99303,-2.69408,63.23086,11.70359,12.44039,18.46172,20.62516
5643.25400,-0.99303,-2.69408,63.23086,11.70359,12.44039,18.46172,20.62516
5643.26400,-0.97254,-2.71068,63.35476,11.68648,12.45868,18.56792,20.64168
5643.27400,-0.95835,-2.72218,63.44086,11.67459,12.47139,18.64172,20.65316
5643.28400,-0.95677,-2.71735,63.38540,11.70940,12.42891,18.58272,20.66437
5643.29400,-0.95148,-2.71661,63.34822,11.71324,12.41296,18.56885,20.65317
5643.30400,-0.94949,-2.71786,63.34886,11.70359,12.41939,18.58172,20.64416
5643.31400,-0.95416,-2.74804,63.31407,11.65586,12.37005,18.60599,20.68218
5643.32400,-0.93348,-2.72527,63.39215,11.69307,12.42578,18.63637,20.63692
5643.33400,-0.92876,-2.71879,63.41086,11.70359,12.44039,18.64172,20.62516
5643.34400,-0.92876,-2.71879,63.41086,11.70359,12.44039,18.64172,20.62516
5643.35400,-0.87785,-2.72263,63.22215,11.68782,12.37366,18.64152,20.51915
5643.36400,-0.87100,-2.72484,63.21586,11.68459,12.36839,18.65172,20.51116
5643.37400,-0.85258,-2.74362,63.26123,11.68957,12.32855,18.69543,20.54768
5643.38400,-0.83772,-2.75877,63.29786,11.69359,12.29639,18.73072,20.57716
5643.39400,-0.89212,-2.73475,63.29598,11.67537,12.38059,18.66852,20.57151
5643.40400,-0.88359,-2.72591,63.41819,11.71725,12.40973,18.69772,20.59349
5643.41400,-0.86329,-2.72859,63.47986,11.74359,12.39939,18.73072,20.60616
5643.42400,-0.87191,-2.71893,63.38663,11.75721,12.37716,18.65972,20.59253
5643.43400,-0.85898,-2.71571,63.31493,11.76259,12.35342,18.63885,20.56007
5643.44400,-0.86711,-2.72519,63.25948,11.72121,12.34739,18.64172,20.54916
5643.45400,-0.87000,-2.72710,63.27155,11.70672,12.36116,18.65779,20.54588
5643.46400,-0.84195,-2.70972,63.39186,11.77259,12.38939,18.69072,20.53916
5643.47400,-0.84324,-2.69658,63.31021,11.78451,12.38284,18.63768,20.50519
5643.48400,-0.85660,-2.70427,63.29286,11.76099,12.37839,18.63332,20.52016
5643.49400,-0.87531,-2.72915,63.34986,11.71359,12.37839,18.68072,20.57716
5643.50400,-0.86131,-2.70993,63.30717,11.73168,12.39742,18.66262,20.51545
5643.51400,-0.83123,-2.69594,63.28593,11.76776,12.39208,18.66031,20.46578
5643.52400,-0.80856,-2.70941,63.33186,11.79259,12.34739,18.69072,20.50116
5643.53400,-0.80831,-2.69360,63.30242,11.80593,12.36671,18.66358,20.46620
5643.54400,-0.80801,-2.67503,63.26786,11.82159,12.38939,18.63172,20.42516
5643.55400,-0.81672,-2.68968,63.21214,11.77583,12.37321,18.63795,20.42516
5643.56400,-0.83529,-2.72094,63.09360,11.67848,12.33877,18.65119,20.42516
5643.57400,-0.81325,-2.68832,63.28586,11.81259,12.36839,18.64172,20.46316
5643.58400,-0.81325,-2.68832,63.28586,11.81259,12.36839,18.64172,20.46316
5643.59400,-0.82838,-2.69430,63.38609,11.78905,12.41359,18.69135,20.49211
5643.60400,-0.81274,-2.69382,63.32586,11.80259,12.37839,18.67172,20.47316
5643.61400,-0.81800,-2.69286,63.29385,11.78609,12.38532,18.66512,20.45732
5643.62400,-0.82871,-2.69092,63.22886,11.75259,12.39939,18.65172,20.42516
5643.63400,-0.82871,-2.69092,63.22886,11.75259,12.39939,18.65172,20.42516
5643.64400,-0.86059,-2.68851,63.08712,11.71936,12.38515,18.57034,20.41227
5643.65400,-0.82971,-2.70153,63.09914,11.73595,12.33713,18.60453,20.42153
5643.66400,-0.81885,-2.70486,63.11786,11.74359,12.32739,18.62172,20.42516
5643.67400,-0.86345,-2.69797,63.27800,11.76855,12.38263,18.60862,20.51819
5643.68400,-0.89196,-2.69152,63.23586,11.73359,12.41939,18.58172,20.50116
5643.69400,-0.89196,-2.69152,63.23586,11.73359,12.41939,18.58172,20.50116
5643.70400,-0.88956,-2.70642,63.18686,11.69359,12.39939,18.60172,20.49216
5643.71400,-0.88956,-2.70642,63.18686,11.69359,12.39939,18.60172,20.49216
5643.72400,-0.89117,-2.72263,63.23304,11.67568,12.38997,18.63942,20.52798
5643.73400,-0.90932,-2.68946,63.43286,11.76259,12.47139,18.62172,20.57716
5643.74400,-0.90844,-2.68980,63.42132,11.75942,12.46919,18.62065,20.57206
5643.75400,-0.89743,-2.69412,63.27702,11.71982,12.44168,18.60722,20.50830
5643.76400,-0.92230,-2.69961,63.24486,11.70359,12.43039,18.57172,20.53916
5643.77400,-0.92230,-2.69961,63.24486,11.70359,12.43039,18.57172,20.53916
5643.78400,-0.95331,-2.71534,63.26199,11.66647,12.43039,18.57172,20.59340
5643.79400,-0.95489,-2.71614,63.26286,11.66459,12.43039,18.57172,20.59616
5643.80400,-0.93928,-2.70793,63.07462,11.65498,12.39102,18.51410,20.51453
5643.81400,-0.93797,-2.75476,63.09538,11.60659,12.31774,18.57433,20.59673
5643.82400,-0.93768,-2.77538,63.10786,11.58559,12.28639,18.60172,20.63416
5643.83400,-0.95649,-2.74286,63.21407,11.63306,12.36927,18.57758,20.63416
5643.84400,-0.95184,-2.75407,63.24816,11.60392,12.38026,18.62982,20.63416
5643.85400,-0.94995,-2.75798,63.24986,11.59559,12.37839,18.64172,20.63416
5643.86400,-0.94922,-2.74883,63.31777,11.62074,12.40438,18.65010,20.64254
5643.87400,-0.94908,-2.74707,63.33086,11.62559,12.40939,18.65172,20.64416
5643.88400,-0.92058,-2.76485,63.27680,11.64139,12.32373,18.65172,20.65996
5643.89400,-0.87722,-2.77102,63.37459,11.66119,12.32382,18.74219,20.64739
5643.90400,-0.86954,-2.77154,63.39686,11.66459,12.32739,18.76072,20.64416
5643.91400,-0.85859,-2.77704,63.31704,11.65121,12.29529,18.75180,20.61874
5643.92400,-0.82405,-2.77405,63.41079,11.69890,12.29138,18.79972,20.62079
5643.93400,-0.80960,-2.76724,63.54486,11.74359,12.31639,18.84072,20.64416
5643.94400,-0.80318,-2.76387,63.41262,11.70968,12.30961,18.82038,20.57295
5643.95400,-0.80013,-2.76226,63.34986,11.69359,12.30639,18.81072,20.53916
5643.96400,-0.81794,-2.78680,63.36122,11.65880,12.27728,18.82492,20.60022
5643.97400,-0.83664,-2.80518,63.37231,11.63096,12.25822,18.83072,20.65241
5643.98400,-0.84115,-2.80848,63.37486,11.62559,12.25539,18.83072,20.66316
5643.99400,-0.85502,-2.80415,63.39922,11.63168,12.27051,18.81602,20.68101
5644.00400,-0.90252,-2.79252,63.51162,11.65459,12.32238,18.77742,20.75723
5644.01400,-0.88784,-2.80722,63.57786,11.65459,12.30639,18.83072,20.78616
5644.02400,-0.89946,-2.82329,63.48733,11.60582,12.27631,18.81904,20.78616
5644.03400,-0.92778,-2.86242,63.26786,11.48759,12.20339,18.79072,20.78616
5644.04400,-0.92757,-2.85487,63.29146,11.51119,12.20959,18.77872,20.79196
5644.05400,-0.93835,-2.81846,63.36477,11.60377,12.24567,18.70545,20.80989
5644.06400,-0.99071,-2.79026,63.26986,11.59559,12.29639,18.59172,20.78616
5644.07400,-0.99071,-2.79026,63.26986,11.59559,12.29639,18.59172,20.78616
5644.08400,-0.98108,-2.82518,63.25242,11.54279,12.24573,18.65026,20.81364
5644.09400,-0.96112,-2.84504,63.32586,11.52659,12.23439,18.73072,20.83416
5644.10400,-0.98846,-2.83914,63.32617,11.52067,12.25680,18.69679,20.85190
5644.11400,-1.04664,-2.82659,63.32683,11.50809,12.30449,18.62461,20.88965
5644.12400,-1.01830,-2.83761,63.34096,11.50759,12.27968,18.67328,20.88040
5644.13400,-0.97199,-2.85460,63.37146,11.51468,12.23684,18.74850,20.87145
5644.14400,-0.98949,-2.84675,63.39186,11.53659,12.24439,18.71072,20.90016
5644.15400,-0.97944,-2.83710,63.43641,11.55276,12.27178,18.73052,20.88135
5644.16400,-0.96539,-2.82010,63.51910,11.58882,12.31413,18.75454,20.86160
5644.17400,-0.97855,-2.82544,63.50286,11.59559,12.28639,18.72072,20.90016
5644.18400,-0.98084,-2.82078,63.50990,11.59999,12.29761,18.71632,20.89598
5644.19400,-0.98778,-2.80668,63.53123,11.61332,12.33161,18.70299,20.88331
5644.20400,-0.98834,-2.80455,63.53744,11.61129,12.34190,18.70716,20.87708
5644.21400,-0.98638,-2.80540,63.54549,11.59787,12.35600,18.72730,20.86433
5644.22400,-1.02170,-2.79006,63.49086,11.55659,12.41939,18.69072,20.82416
5644.23400,-1.02909,-2.79314,63.43886,11.54679,12.40099,18.66492,20.82616
5644.24400,-1.04410,-2.79889,63.26096,11.53324,12.33143,18.57182,20.82446
5644.25400,-0.98626,-2.77282,63.37986,11.63459,12.34739,18.61172,20.78616
5644.26400,-0.98844,-2.77085,63.37046,11.63651,12.34739,18.60212,20.78443
5644.27400,-0.99762,-2.76255,63.33086,11.64459,12.34739,18.56172,20.77716
5644.28400,-0.99762,-2.76255,63.33086,11.64459,12.34739,18.56172,20.77716
5644.29400,-1.05274,-2.78321,63.28061,11.55274,12.36287,18.54905,20.81596
5644.30400,-1.02428,-2.77918,63.26786,11.61559,12.30639,18.52172,20.82416
5644.31400,-1.02524,-2.77590,63.27235,11.61877,12.31399,18.51927,20.82032
5644.32400,-1.04110,-2.74133,63.31573,11.64676,12.39840,18.48875,20.78181
5644.33400,-1.08719,-2.76136,63.25086,11.57559,12.38939,18.46172,20.82416
5644.34400,-1.08777,-2.75967,63.26968,11.58186,12.39494,18.46354,20.82934
5644.35400,-1.09354,-2.74283,63.45786,11.64459,12.45039,18.48172,20.88116
5644.36400,-1.09354,-2.74283,63.45786,11.64459,12.45039,18.48172,20.88116
5644.37400,-1.10505,-2.74222,63.40441,11.62597,12.45039,18.45809,20.86994
5644.38400,-1.12860,-2.73659,63.24039,11.58586,12.44386,18.38599,20.82468
5644.39400,-1.10117,-2.72897,63.25386,11.62559,12.43039,18.39272,20.80516
5644.40400,-1.11031,-2.73401,63.24686,11.60892,12.43039,18.39272,20.81483
5644.41400,-1.12415,-2.74038,63.23965,11.58528,12.43363,18.39272,20.82802
5644.42400,-1.11486,-2.73257,63.25386,11.60559,12.44039,18.39272,20.81516
5644.43400,-1.13555,-2.73995,63.25069,11.60030,12.42400,18.36628,20.86010
5644.44400,-1.15399,-2.74653,63.24786,11.59559,12.40939,18.34272,20.90016
5644.45400,-1.12127,-2.74172,63.23458,11.59559,12.41769,18.38422,20.83708
5644.46400,-1.11030,-2.74565,63.44268,11.64456,12.43682,18.44999,20.91131
5644.47400,-1.10942,-2.74665,63.48586,11.65459,12.44039,18.46172,20.92916
5644.48400,-1.14855,-2.72492,63.40363,11.63349,12.49070,18.38652,20.89291
5644.49400,-1.15454,-2.70201,63.41370,11.62913,12.56262,18.38688,20.83507
5644.50400,-1.14357,-2.70022,63.44586,11.63459,12.57439,18.41272,20.82416
5644.51400,-1.16384,-2.69970,63.25146,11.62091,12.51535,18.30472,20.81048
5644.52400,-1.17176,-2.69949,63.17586,11.61559,12.49239,18.26272,20.80516
5644.53400,-1.16584,-2.70799,63.08334,11.59407,12.45510,18.24909,20.78508
5644.54400,-1.17562,-2.71188,63.27712,11.62765,12.48459,18.29291,20.87197
5644.55400,-1.18047,-2.71210,63.36986,11.64459,12.50239,18.31272,20.91016
5644.56400,-1.18858,-2.71798,63.32098,11.61319,12.49883,18.30915,20.89981
5644.57400,-1.20002,-2.72628,63.25214,11.56897,12.49380,18.30413,20.88524
5644.58400,-1.22416,-2.73669,63.21286,11.51659,12.50239,18.30272,20.89116
5644.59400,-1.21453,-2.71622,63.29310,11.59801,12.50829,18.27322,20.91358
5644.60400,-1.20786,-2.70202,63.34886,11.65459,12.51239,18.25272,20.92916
5644.61400,-1.23698,-2.71671,63.35580,11.58633,12.54247,18.28164,20.94536
5644.62400,-1.21944,-2.72818,63.42247,11.58207,12.54021,18.34302,20.95716
5644.63400,-1.19093,-2.72875,63.46786,11.61559,12.52239,18.37272,20.95716
5644.64400,-1.19288,-2.72005,63.47698,11.62503,12.54063,18.36472,20.94660
5644.65400,-1.22068,-2.68621,63.50363,11.63368,12.63639,18.32790,20.90566
5644.66400,-1.23701,-2.69717,63.48386,11.59559,12.63639,18.33272,20.91916
5644.67400,-1.22302,-2.68724,63.41992,11.62273,12.61247,18.29592,20.88880
5644.68400,-1.20657,-2.67556,63.34486,11.65459,12.58439,18.25272,20.85316
5644.69400,-1.20564,-2.68072,63.31665,11.64845,12.56538,18.24689,20.85592
5644.70400,-1.20361,-2.69197,63.25531,11.63512,12.52405,18.23423,20.86192
5644.71400,-1.20262,-2.69784,63.48086,11.65459,12.57439,18.32272,20.92916
5644.72400,-1.20262,-2.69784,63.48086,11.65459,12.57439,18.32272,20.92916
5644.73400,-1.23020,-2.69520,63.37493,11.62610,12.56979,18.26081,20.91823
5644.74400,-1.23195,-2.69531,63.46257,11.64801,12.58102,18.27766,20.95587
5644.75400,-1.23248,-2.69534,63.48886,11.65459,12.58439,18.28272,20.96716
5644.76400,-1.24939,-2.70871,63.44045,11.61505,12.56826,18.27465,20.98249
5644.77400,-1.25344,-2.71191,63.42886,11.60559,12.56439,18.27272,20.98616
5644.78400,-1.21376,-2.69749,63.34637,11.62477,12.55384,18.27272,20.89504
5644.79400,-1.24166,-2.69000,63.55986,11.65459,12.62639,18.30272,20.97616
5644.80400,-1.24119,-2.68931,63.51030,11.64850,12.61547,18.28613,20.96020
5644.81400,-1.24008,-2.69025,63.32131,11.62134,12.56782,18.22584,20.90631
5644.82400,-1.24242,-2.70342,63.31186,11.60559,12.54339,18.23372,20.92916
5644.83400,-1.24347,-2.69789,63.29712,11.60962,12.54910,18.22120,20.91720
5644.84400,-1.24848,-2.67151,63.22692,11.62883,12.57625,18.16160,20.86025
5644.85400,-1.24507,-2.66696,63.22630,11.63739,12.58005,18.15772,20.85114
5644.86400,-1.22173,-2.68303,63.32363,11.65072,12.55939,18.22439,20.88914
5644.87400,-1.24815,-2.66481,63.45486,11.66459,12.64639,18.23372,20.91016
5644.88400,-1.24680,-2.66392,63.45067,11.66546,12.64639,18.23285,20.90597
5644.89400,-1.23227,-2.65513,63.40637,11.67459,12.64473,18.22413,20.86293
5644.90400,-1.22504,-2.66398,63.39827,11.67459,12.61703,18.23088,20.87577
5644.91400,-1.21990,-2.66878,63.39846,11.67512,12.60319,18.23796,20.88218
5644.92400,-1.19362,-2.68245,63.44342,11.68183,12.57568,18.29098,20.89493
5644.93400,-1.18498,-2.68798,63.45824,11.68217,12.56560,18.31030,20.90016
5644.94400,-1.20864,-2.68728,63.41797,11.65532,12.57902,18.28346,20.90016
5644.95400,-1.22808,-2.70341,63.37424,11.59792,12.57487,18.29177,20.90968
5644.96400,-1.22858,-2.70423,63.37286,11.59559,12.57439,18.29272,20.91016
5644.97400,-1.19961,-2.68024,63.34406,11.68103,12.54463,18.23608,20.88232
5644.98400,-1.20695,-2.68719,63.42830,11.66539,12.57315,18.28076,20.90900
5644.99400,-1.20730,-2.68752,63.43186,11.66459,12.57439,18.28272,20.91016
5645.00400,-1.20477,-2.67164,63.44434,11.67419,12.61375,18.28272,20.87368
5645.01400,-1.20467,-2.67098,63.44486,11.67459,12.61539,18.28272,20.87216
5645.02400,-1.16770,-2.71426,63.31249,11.60981,12.50931,18.33905,20.85432
5645.03400,-1.17524,-2.73284,63.40214,11.59921,12.50239,18.38101,20.91953
5645.04400,-1.18088,-2.74175,63.45786,11.59559,12.50239,18.40272,20.95716
5645.05400,-1.17669,-2.71882,63.38938,11.62695,12.50879,18.34512,20.90852
5645.06400,-1.18349,-2.68490,63.33361,11.64459,12.56414,18.29116,20.83372
5645.07400,-1.19575,-2.68202,63.30284,11.62057,12.58439,18.28272,20.81516
5645.08400,-1.16474,-2.69425,63.35264,11.64796,12.54206,18.32422,20.83840
5645.09400,-1.15803,-2.69652,63.36386,11.65459,12.53339,18.33272,20.84316
5645.10400,-1.14311,-2.69012,63.37268,11.68060,12.52854,18.33272,20.83082
5645.11400,-1.12492,-2.68231,63.38343,11.71232,12.52263,18.33272,20.81576
5645.12400,-1.11942,-2.67486,63.30586,11.70359,12.52239,18.31272,20.76716
5645.13400,-1.13064,-2.66005,63.34949,11.72683,12.55702,18.29375,20.77190
5645.14400,-1.14307,-2.64365,63.39786,11.75259,12.59539,18.27272,20.77716
5645.15400,-1.13970,-2.64571,63.39786,11.75024,12.59200,18.27999,20.77562
5645.16400,-1.09944,-2.66861,63.39679,11.72596,12.55221,18.36272,20.75591
5645.17400,-1.08482,-2.66435,63.38886,11.74359,12.54339,18.36272,20.73916
5645.18400,-1.09477,-2.66750,63.37466,11.72229,12.55049,18.36272,20.73916
5645.19400,-1.07900,-2.66516,63.39683,11.74156,12.54622,18.37706,20.73199
5645.20400,-1.07118,-2.66373,63.40786,11.75259,12.54339,18.38272,20.72916
5645.21400,-1.07118,-2.66373,63.40786,11.75259,12.54339,18.38272,20.72916
5645.22400,-1.09864,-2.64765,63.24186,11.72359,12.55339,18.29272,20.67216
5645.23400,-1.13345,-2.65814,63.21206,11.67055,12.56591,18.28080,20.69481
5645.24400,-1.12431,-2.66095,63.20255,11.68746,12.53756,18.27272,20.70481
5645.25400,-1.10194,-2.65800,63.20986,11.72359,12.51239,18.27272,20.70116
5645.26400,-1.11115,-2.66512,63.14093,11.68328,12.50655,18.26688,20.68422
5645.27400,-1.13238,-2.66959,63.14449,11.65817,12.52065,18.26272,20.70295
5645.28400,-1.15760,-2.66854,63.23523,11.66434,12.55213,18.26272,20.75604
5645.29400,-1.17213,-2.66052,63.28163,11.67399,12.58253,18.25379,20.77132
5645.30400,-1.18071,-2.66066,63.26006,11.66597,12.58189,18.23907,20.77313
5645.31400,-1.17305,-2.67117,63.17986,11.64459,12.54339,18.23372,20.75816
5645.32400,-1.15780,-2.67310,63.24989,11.66606,12.54339,18.26765,20.77279
5645.33400,-1.12545,-2.67718,63.39890,11.71176,12.54339,18.33983,20.80391
5645.34400,-1.13118,-2.68895,63.37542,11.70163,12.51181,18.33045,20.83153
5645.35400,-1.14645,-2.71424,63.31142,11.67563,12.44314,18.30379,20.88887
5645.36400,-1.12027,-2.69403,63.39286,11.69359,12.51239,18.36272,20.82416
5645.37400,-1.12233,-2.68586,63.37834,11.69359,12.52955,18.35282,20.80238
5645.38400,-1.12508,-2.67671,63.31103,11.67776,12.54508,18.33272,20.75548
5645.39400,-1.12115,-2.69705,63.20786,11.63459,12.49239,18.33272,20.74816
5645.40400,-1.11127,-2.68912,63.24064,11.65810,12.50339,18.33919,20.73996
5645.41400,-1.07541,-2.66035,63.35986,11.74359,12.54339,18.36272,20.71016
5645.42400,-1.07718,-2.66115,63.34261,11.73927,12.53886,18.35625,20.70822
5645.43400,-1.08263,-2.66663,63.30228,11.72359,12.52387,18.34480,20.71002
5645.44400,-1.07774,-2.67941,63.41436,11.72359,12.53125,18.40520,20.75431
5645.45400,-1.07186,-2.68371,63.44470,11.72199,12.53251,18.42984,20.76036
5645.46400,-1.02205,-2.69048,63.41588,11.70401,12.52064,18.50706,20.68417
5645.47400,-1.04204,-2.68961,63.36615,11.70936,12.49871,18.44877,20.70930
5645.48400,-1.05608,-2.68798,63.32704,11.71626,12.48139,18.40272,20.72666
5645.49400,-1.03799,-2.67839,63.32886,11.74359,12.48139,18.40272,20.70116
5645.50400,-1.03473,-2.67893,63.32815,11.74359,12.47962,18.40714,20.69780
5645.51400,-1.00217,-2.68433,63.32107,11.74359,12.46192,18.45139,20.66417
5645.52400,-1.00978,-2.69692,63.38585,11.71449,12.48079,18.50025,20.69032
5645.53400,-1.01004,-2.69730,63.38786,11.71359,12.48139,18.50172,20.69116
5645.54400,-1.02687,-2.68109,63.21979,11.69438,12.48139,18.41624,20.62777
5645.55400,-1.03258,-2.71023,63.22822,11.64655,12.45163,18.45976,20.67028
5645.56400,-1.03278,-2.71147,63.22886,11.64459,12.45039,18.46172,20.67216
5645.57400,-1.02208,-2.68331,63.35690,11.70182,12.52023,18.48112,20.65373
5645.58400,-1.02175,-2.68244,63.36086,11.70359,12.52239,18.48172,20.65316
5645.59400,-1.02455,-2.68927,63.29588,11.68971,12.49246,18.46055,20.65316
5645.60400,-1.03942,-2.66610,63.34573,11.74103,12.52455,18.41122,20.66893
5645.61400,-1.04225,-2.66085,63.36086,11.75259,12.53339,18.40272,20.67216
5645.62400,-1.06039,-2.68354,63.40113,11.69671,12.54161,18.45121,20.71161
5645.63400,-1.05947,-2.69168,63.34443,11.67630,12.51772,18.44598,20.70442
5645.64400,-1.05847,-2.69235,63.33086,11.67459,12.51239,18.44272,20.70116
5645.65400,-1.05345,-2.68017,63.35963,11.68510,12.54670,18.45323,20.67460
5645.66400,-1.04940,-2.67035,63.38286,11.69359,12.57439,18.46172,20.65316
5645.67400,-1.04957,-2.65895,63.37283,11.71587,12.57996,18.43442,20.64258
5645.68400,-1.06805,-2.65355,63.32077,11.72827,12.56261,18.37022,20.65966
5645.69400,-1.08426,-2.65678,63.28186,11.72359,12.54339,18.33272,20.68216
5645.70400,-1.10224,-2.64295,63.27762,11.70945,12.59430,18.31858,20.65529
5645.71400,-1.08750,-2.67240,63.21060,11.64765,12.54870,18.37009,20.64416
5645.72400,-1.07873,-2.68630,63.18486,11.62559,12.52239,18.39272,20.64416
5645.73400,-1.09093,-2.66966,63.32402,11.68097,12.56641,18.38562,20.69102
5645.74400,-1.09589,-2.66288,63.38086,11.70359,12.58439,18.38272,20.71016
5645.75400,-1.09743,-2.65452,63.33340,11.69561,12.59741,18.36592,20.67446
5645.76400,-1.09555,-2.65491,63.26549,11.68459,12.58131,18.34745,20.65214
5645.77400,-1.09109,-2.66821,63.26286,11.68459,12.54339,18.35272,20.68216
5645.78400,-1.08119,-2.65549,63.29265,11.71905,12.55566,18.34688,20.67106
5645.79400,-1.08295,-2.64377,63.27929,11.73187,12.57025,18.32514,20.65203
5645.80400,-1.08918,-2.64188,63.25486,11.72359,12.57439,18.31272,20.64416
5645.81400,-1.09296,-2.64335,63.26650,11.71582,12.58254,18.32048,20.64765
5645.82400,-1.09892,-2.64567,63.28486,11.70359,12.59539,18.33272,20.65316
5645.83400,-1.08545,-2.64348,63.28553,11.71359,12.59173,18.34272,20.63749
5645.84400,-1.06224,-2.63970,63.28668,11.73083,12.58540,18.35996,20.61048
5645.85400,-1.06910,-2.59754,63.31763,11.76602,12.67921,18.32945,20.54295
5645.86400,-1.07124,-2.58913,63.32386,11.77259,12.69839,18.32272,20.53016
5645.87400,-1.06247,-2.61522,63.35746,11.76299,12.64847,18.36112,20.58488
5645.88400,-1.15204,-2.60426,63.27986,11.70359,12.70839,18.25272,20.61516
5645.89400,-1.14874,-2.60796,63.27645,11.70162,12.69877,18.25789,20.61816
5645.90400,-1.12012,-2.64005,63.24686,11.68459,12.61539,18.30272,20.64416
5645.91400,-1.11306,-2.63561,63.26469,11.69388,12.62526,18.31220,20.63335
5645.92400,-1.09167,-2.62219,63.31871,11.72204,12.65514,18.34094,20.60059
5645.93400,-1.08071,-2.61304,63.23571,11.73943,12.63118,18.30015,20.56496
5645.94400,-1.07914,-2.61043,63.16086,11.74359,12.60539,18.26272,20.54916
5645.95400,-1.11269,-2.59059,63.20417,11.75708,12.66361,18.22083,20.56265
5645.96400,-1.10741,-2.61426,63.26886,11.72359,12.65639,18.29272,20.59616
5645.97400,-1.10636,-2.61060,63.29198,11.73610,12.66297,18.29272,20.60019
5645.98400,-1.10243,-2.59700,63.37786,11.78259,12.68739,18.29272,20.61516
5645.99400,-1.10243,-2.59700,63.37786,11.78259,12.68739,18.29272,20.61516
5646.00400,-1.10311,-2.63386,63.30778,11.74359,12.59696,18.29748,20.66975
5646.01400,-1.15459,-2.62835,63.41651,11.74359,12.65411,18.27367,20.74514
5646.02400,-1.15174,-2.62629,63.41690,11.74620,12.65738,18.27542,20.73790
5646.03400,-1.10236,-2.60813,63.38018,11.77500,12.66492,18.30151,20.63875
5646.04400,-1.10516,-2.61349,63.41709,11.80185,12.63740,18.28809,20.68976
5646.05400,-1.10593,-2.61465,63.42322,11.81079,12.62759,18.28092,20.70392
5646.06400,-1.10214,-2.60373,63.32722,11.79079,12.64093,18.26092,20.63459
5646.07400,-1.10058,-2.59925,63.28786,11.78259,12.64639,18.25272,20.60616
5646.08400,-1.08536,-2.62018,63.24302,11.71676,12.63685,18.31950,20.56991
5646.09400,-1.11033,-2.60931,63.46166,11.72319,12.74487,18.38032,20.61328
5646.10400,-1.11139,-2.60882,63.47086,11.72359,12.74939,18.38272,20.61516
5646.11400,-1.06689,-2.63674,63.31342,11.73319,12.60155,18.36352,20.61516
5646.12400,-1.03781,-2.63858,63.38100,11.77066,12.58494,18.40074,20.62466
5646.13400,-1.03639,-2.63862,63.38486,11.77259,12.58439,18.40272,20.62516
5646.14400,-1.07599,-2.61311,63.38676,11.78527,12.64335,18.33298,20.62516
5646.15400,-1.09884,-2.59838,63.38786,11.79259,12.67739,18.29272,20.62516
5646.16400,-1.08013,-2.62770,63.31819,11.73622,12.62546,18.34339,20.61313
5646.17400,-1.07337,-2.62813,63.42572,11.73114,12.67070,18.40945,20.61443
5646.18400,-1.07373,-2.62667,63.43886,11.73359,12.67739,18.41272,20.61516
5646.19400,-1.04475,-2.61972,63.51706,11.80588,12.65452,18.42010,20.63655
5646.20400,-1.05642,-2.62943,63.47334,11.77975,12.63679,18.40832,20.64848
5646.21400,-1.08026,-2.64265,63.39586,11.72359,12.62639,18.39272,20.65316
5646.22400,-1.07856,-2.64252,63.39657,11.72500,12.62562,18.39413,20.65182
5646.23400,-1.05619,-2.64080,63.40586,11.74359,12.61539,18.41272,20.63416
5646.24400,-1.05600,-2.64466,63.37596,11.72965,12.60711,18.41272,20.62648
5646.25400,-1.04895,-2.66638,63.27862,11.67459,12.56450,18.43179,20.60775
5646.26400,-1.02920,-2.68658,63.34386,11.67459,12.53339,18.49172,20.64416
5646.27400,-1.04727,-2.68556,63.33645,11.66785,12.54013,18.46849,20.65998
5646.28400,-1.06608,-2.67730,63.35859,11.69131,12.54807,18.42804,20.69116
5646.29400,-1.05132,-2.67182,63.39086,11.72359,12.54339,18.43272,20.69116
5646.30400,-1.05859,-2.67695,63.41177,11.70268,12.55803,18.45293,20.69813
5646.31400,-1.06175,-2.67918,63.42086,11.69359,12.56439,18.46172,20.70116
5646.32400,-1.07165,-2.67570,63.38394,11.69764,12.55587,18.42561,20.70481
5646.33400,-1.08562,-2.67080,63.33194,11.70336,12.54387,18.37475,20.70995
5646.34400,-1.05691,-2.67333,63.23986,11.72359,12.48139,18.35272,20.68216
5646.35400,-1.06683,-2.67077,63.27032,11.70601,12.51772,18.37030,20.67630
5646.36400,-1.06221,-2.68774,63.24630,11.65386,12.51360,18.41777,20.66106
5646.37400,-1.05392,-2.70112,63.21386,11.62559,12.49239,18.44272,20.65316
5646.38400,-1.06047,-2.68924,63.32097,11.65575,12.53609,18.45393,20.67520
5646.39400,-1.07081,-2.67048,63.49086,11.70359,12.60539,18.47172,20.71016
5646.40400,-1.06456,-2.67827,63.37678,11.68565,12.55801,18.44458,20.68854
5646.41400,-1.06064,-2.68184,63.31048,11.69173,12.51665,18.41272,20.68938
5646.42400,-1.06466,-2.67527,63.38986,11.72359,12.53339,18.41272,20.72016
5646.43400,-1.06265,-2.65878,63.36832,11.71994,12.57465,18.40907,20.66467
5646.44400,-1.05780,-2.63761,63.33638,11.70899,12.63214,18.41192,20.58333
5646.45400,-1.05328,-2.66290,63.35486,11.69359,12.58439,18.44272,20.63416
5646.46400,-1.05017,-2.65083,63.31838,11.70639,12.59111,18.41712,20.60376
5646.47400,-1.04354,-2.62516,63.24086,11.73359,12.60539,18.36272,20.53916
5646.48400,-1.04016,-2.62951,63.24237,11.72982,12.59766,18.37215,20.54274
5646.49400,-1.02991,-2.64271,63.24694,11.71839,12.57423,18.40072,20.55360
5646.50400,-1.07742,-2.62504,63.35137,11.72033,12.66151,18.37900,20.59053
5646.51400,-1.10238,-2.61386,63.40086,11.72359,12.70839,18.36272,20.60616
5646.52400,-1.04110,-2.63767,63.21068,11.71563,12.57703,18.36988,20.54814
5646.53400,-0.98810,-2.65550,63.21786,11.73359,12.51239,18.43272,20.53916
5646.54400,-0.99165,-2.65467,63.21180,11.73359,12.51239,18.42464,20.54118
5646.55400,-1.00570,-2.65135,63.18786,11.73359,12.51239,18.39272,20.54916
5646.56400,-1.00630,-2.65679,63.15048,11.71280,12.50378,18.39482,20.53908
5646.57400,-0.99783,-2.67832,63.05477,11.65101,12.46931,18.42330,20.51114
5646.58400,-0.95716,-2.68221,63.22586,11.71359,12.46139,18.50172,20.54916
5646.59400,-0.96763,-2.67746,63.19737,11.70943,12.46784,18.47698,20.54313
5646.60400,-1.00632,-2.66505,63.10646,11.68799,12.48885,18.39861,20.53102
5646.61400,-0.99983,-2.69371,63.19446,11.65999,12.47114,18.47803,20.58530
5646.62400,-0.99627,-2.70943,63.24286,11.64459,12.46139,18.52172,20.61516
5646.63400,-0.98323,-2.70501,63.41042,11.69673,12.48541,18.56859,20.65969
5646.64400,-0.97403,-2.70017,63.52038,11.73439,12.50319,18.59692,20.68588
5646.65400,-0.97030,-2.68207,63.42571,11.74430,12.50748,18.54726,20.62666
5646.66400,-0.93147,-2.70416,63.45886,11.75259,12.45039,18.61172,20.64416
5646.67400,-0.93087,-2.70449,63.44718,11.74907,12.44855,18.61053,20.63903
5646.68400,-0.92417,-2.70813,63.31738,11.71000,12.42802,18.59728,20.58208
5646.69400,-0.97371,-2.71113,63.17386,11.64459,12.43039,18.52172,20.57716
5646.70400,-0.97371,-2.71113,63.17386,11.64459,12.43039,18.52172,20.57716
5646.71400,-0.93367,-2.73173,63.23986,11.68459,12.35839,18.57172,20.62516
5646.72400,-0.93367,-2.73173,63.23986,11.68459,12.35839,18.57172,20.62516
5646.73400,-0.99005,-2.74869,63.21834,11.62939,12.35839,18.53430,20.69626
5646.74400,-0.94975,-2.76762,63.26244,11.63431,12.31767,18.60930,20.70116
5646.75400,-0.94837,-2.76818,63.26386,11.63459,12.31639,18.61172,20.70116
5646.76400,-0.95865,-2.75616,63.27922,11.65763,12.33252,18.58100,20.70807
5646.77400,-0.98572,-2.75993,63.34017,11.64010,12.36269,18.58804,20.74933
5646.78400,-0.99112,-2.76159,63.35286,11.63459,12.36839,18.59172,20.75816
5646.79400,-0.96294,-2.75972,63.33690,11.65139,12.35075,18.60852,20.72624
5646.80400,-0.95758,-2.75936,63.33386,11.65459,12.34739,18.61172,20.72016
5646.81400,-1.00351,-2.78111,63.23406,11.57308,12.33076,18.57845,20.75176
5646.82400,-1.01396,-2.78959,63.28596,11.57252,12.32739,18.58849,20.79756
5646.83400,-1.01418,-2.79038,63.29986,11.57559,12.32739,18.59172,20.80516
5646.84400,-1.01044,-2.76557,63.31550,11.61571,12.36207,18.56452,20.77320
5646.85400,-1.03461,-2.74645,63.36318,11.61587,12.43311,18.55172,20.76248
5646.86400,-1.06266,-2.73838,63.40686,11.59559,12.49239,18.55172,20.76716
5646.87400,-1.04506,-2.75492,63.36981,11.57410,12.45386,18.58136,20.76049
5646.88400,-1.03890,-2.76070,63.35686,11.56659,12.44039,18.59172,20.75816
5646.89400,-1.04121,-2.77574,63.33414,11.53109,12.42548,18.61302,20.76455
5646.90400,-1.05445,-2.76809,63.35326,11.54052,12.44455,18.59332,20.77487
5646.91400,-1.07174,-2.74867,63.39326,11.57424,12.47998,18.55332,20.78573
5646.92400,-1.06436,-2.73014,63.35784,11.59294,12.49932,18.52858,20.73699
5646.93400,-1.06438,-2.73064,63.32377,11.57817,12.49976,18.52713,20.71872
5646.94400,-1.07476,-2.75424,63.31134,11.53006,12.47760,18.55415,20.74953
5646.95400,-1.07653,-2.75668,63.35150,11.55047,12.46565,18.55023,20.78515
5646.96400,-1.07569,-2.75359,63.38386,11.57559,12.46139,18.54172,20.80516
5646.97400,-1.07569,-2.75359,63.38386,11.57559,12.46139,18.54172,20.80516
5646.98400,-1.05091,-2.75992,63.34798,11.58559,12.42017,18.55092,20.79129
5646.99400,-1.06628,-2.75432,63.33386,11.58559,12.43039,18.52172,20.79616
5647.00400,-1.09552,-2.75953,63.25069,11.54934,12.42064,18.47572,20.80499
5647.01400,-1.11424,-2.77338,63.18511,11.51643,12.39031,18.45018,20.82819
5647.02400,-1.09697,-2.78237,63.21986,11.52659,12.36839,18.48172,20.84316
5647.03400,-1.09304,-2.78688,63.25298,11.52965,12.36533,18.50012,20.85788
5647.04400,-1.08450,-2.79667,63.32498,11.53632,12.35866,18.54012,20.88988
5647.05400,-1.08918,-2.80687,63.37977,11.53411,12.35320,18.56150,20.93096
5647.06400,-1.11232,-2.83233,63.47879,11.52329,12.33046,18.58542,21.03962
5647.07400,-1.12839,-2.82358,63.35886,11.51659,12.31639,18.51172,21.01416
5647.08400,-1.13099,-2.82141,63.41562,11.51989,12.34048,18.53152,21.02373
5647.09400,-1.13566,-2.81963,63.48796,11.51702,12.37553,18.56182,21.03359
5647.10400,-1.13447,-2.82495,63.40086,11.49759,12.34739,18.54172,21.01416
5647.11400,-1.12817,-2.82812,63.38138,11.49759,12.33124,18.54172,21.01082
5647.12400,-1.10903,-2.83775,63.32233,11.49759,12.28231,18.54172,21.00072
5647.13400,-1.09849,-2.84305,63.28986,11.49759,12.25539,18.54172,20.99516
5647.14400,-1.12216,-2.83408,63.34885,11.50421,12.29582,18.52846,21.02035
5647.15400,-1.17555,-2.81322,63.28850,11.45998,12.37529,18.46605,20.98717
5647.16400,-1.17464,-2.80728,63.25597,11.45926,12.38024,18.45272,20.96374
5647.17400,-1.13905,-2.80105,63.20949,11.49759,12.34169,18.44438,20.92584
5647.18400,-1.15488,-2.80607,63.17439,11.49759,12.31454,18.40464,20.95762
5647.19400,-1.15544,-2.80597,63.18747,11.50037,12.31695,18.40724,20.96291
5647.20400,-1.13638,-2.79869,63.29481,11.51304,12.36495,18.47324,20.94357
5647.21400,-1.13367,-2.79439,63.33484,11.51926,12.38579,18.48994,20.93985
5647.22400,-1.16007,-2.77153,63.43078,11.54267,12.46219,18.47332,20.95260
5647.23400,-1.15569,-2.77492,63.36086,11.49759,12.47139,18.49172,20.90016
5647.24400,-1.15449,-2.77409,63.36578,11.49960,12.47354,18.49380,20.89884
5647.25400,-1.13685,-2.76235,63.42472,11.52821,12.49988,18.51892,20.87771
5647.26400,-1.11172,-2.75148,63.30581,11.55524,12.45799,18.47230,20.82028
5647.27400,-1.10220,-2.74716,63.24802,11.56344,12.43986,18.45059,20.79413
5647.28400,-1.11557,-2.75034,63.15002,11.52411,12.43319,18.42392,20.76880
5647.29400,-1.12120,-2.75167,63.10886,11.50759,12.43039,18.41272,20.75816
5647.30400,-1.14104,-2.74676,63.18341,11.53528,12.44459,18.39142,20.81212
5647.31400,-1.12619,-2.74282,63.26201,11.57025,12.45039,18.41536,20.82600
5647.32400,-1.12103,-2.74238,63.27286,11.57559,12.45039,18.42272,20.82416
5647.33400,-1.13749,-2.73721,63.26523,11.56700,12.47043,18.40364,20.82416
5647.34400,-1.14389,-2.72573,63.21304,11.56113,12.48830,18.37545,20.78816
5647.35400,-1.14856,-2.71635,63.16986,11.55659,12.50239,18.35272,20.75816
5647.36400,-1.14373,-2.71862,63.20431,11.56579,12.50003,18.36688,20.77161
5647.37400,-1.12813,-2.72593,63.31586,11.59559,12.49239,18.41272,20.81516
5647.38400,-1.15325,-2.72032,63.22586,11.54959,12.51973,18.37939,20.77716
5647.39400,-1.11623,-2.72349,63.28171,11.59839,12.48337,18.41113,20.78882
5647.40400,-1.10437,-2.72492,63.30586,11.61559,12.47139,18.42272,20.79616
5647.41400,-1.12109,-2.71714,63.28631,11.61559,12.48555,18.38901,20.79616
5647.42400,-1.12777,-2.73582,63.28751,11.58719,12.46257,18.40822,20.82953
5647.43400,-1.12719,-2.74498,63.29186,11.57559,12.45039,18.42272,20.84316
5647.44400,-1.13271,-2.73447,63.29541,11.56920,12.48731,18.42272,20.81618
5647.45400,-1.13497,-2.73017,63.29686,11.56659,12.50239,18.42272,20.80516
5647.46400,-1.12840,-2.73540,63.29545,11.57082,12.48312,18.42742,20.81409
5647.47400,-1.11322,-2.74069,63.29709,11.58526,12.45462,18.43595,20.82126
5647.48400,-1.09688,-2.73942,63.30386,11.60559,12.44039,18.44272,20.81516
5647.49400,-1.11034,-2.74590,63.28050,11.57873,12.44039,18.43883,20.82256
5647.50400,-1.12850,-2.75800,63.24959,11.53761,12.43620,18.43875,20.83702
5647.51400,-1.10242,-2.77489,63.29986,11.54659,12.39939,18.49172,20.86216
5647.52400,-1.12172,-2.76867,63.29986,11.55234,12.41091,18.45775,20.87886
5647.53400,-1.13594,-2.76408,63.29986,11.55659,12.41939,18.43272,20.89116
5647.54400,-1.10697,-2.75317,63.23365,11.57328,12.40788,18.42696,20.82552
5647.55400,-1.10029,-2.74782,63.23822,11.57437,12.42337,18.43780,20.80268
5647.56400,-1.12356,-2.75210,63.32286,11.55659,12.46139,18.46172,20.84316
5647.57400,-1.10255,-2.73739,63.31336,11.59003,12.46519,18.45450,20.80364
5647.58400,-1.06798,-2.71503,63.30572,11.64602,12.46839,18.44543,20.74587
5647.59400,-1.06630,-2.72488,63.35286,11.65459,12.45039,18.46172,20.78616
5647.60400,-1.06851,-2.72914,63.38100,11.65044,12.45339,18.47601,20.80116
5647.61400,-1.08173,-2.75464,63.54986,11.62559,12.47139,18.56172,20.89116
5647.62400,-1.09101,-2.75968,63.45626,11.59004,12.45744,18.53922,20.86956
5647.63400,-1.06832,-2.74663,63.37905,11.61409,12.44039,18.51172,20.81285
5647.64400,-1.02826,-2.72403,63.42286,11.69359,12.44039,18.51172,20.77716
5647.65400,-1.05559,-2.71210,63.37513,11.68040,12.46858,18.46217,20.76398
5647.66400,-1.08965,-2.70212,63.29447,11.64908,12.49687,18.40535,20.74317
5647.67400,-1.09228,-2.71161,63.24361,11.61536,12.48487,18.41106,20.73231
5647.68400,-1.09305,-2.71436,63.22886,11.60559,12.48139,18.41272,20.72916
5647.69400,-1.08149,-2.72664,63.20827,11.57790,12.46719,18.44751,20.71567
5647.70400,-1.07676,-2.73166,63.19986,11.56659,12.46139,18.46172,20.71016
5647.71400,-1.07126,-2.72992,63.18296,11.58187,12.44450,18.44643,20.71016
5647.72400,-1.06677,-2.72762,63.36585,11.63233,12.46997,18.48947,20.77408
5647.73400,-1.06562,-2.72735,63.38190,11.63779,12.47139,18.49332,20.77940
5647.74400,-1.05505,-2.72646,63.47214,11.67459,12.47139,18.51492,20.81124
5647.75400,-1.06507,-2.73899,63.54121,11.66594,12.47139,18.54172,20.86216
5647.76400,-1.07444,-2.74482,63.51501,11.63974,12.47139,18.54172,20.86216
5647.77400,-1.07734,-2.74914,63.43918,11.60990,12.46042,18.53127,20.83759
5647.78400,-1.07536,-2.75021,63.38286,11.59559,12.45039,18.52172,20.81516
5647.79400,-1.10640,-2.72829,63.37715,11.61191,12.49283,18.45725,20.81516
5647.80400,-1.07414,-2.76338,63.21286,11.56659,12.37839,18.47172,20.79616
5647.81400,-1.07401,-2.76095,63.22518,11.57265,12.38373,18.47172,20.79708
5647.82400,-1.07327,-2.74819,63.29005,11.60454,12.41184,18.47172,20.80195
5647.83400,-1.07929,-2.76946,63.31286,11.54659,12.41939,18.53172,20.81516
5647.84400,-1.08186,-2.76630,63.32798,11.55451,12.42596,18.52722,20.82029
5647.85400,-1.10781,-2.73447,63.48086,11.63459,12.49239,18.48172,20.87216
5647.86400,-1.10580,-2.73844,63.46318,11.62675,12.48247,18.48412,20.86984
5647.87400,-1.08260,-2.78154,63.27426,11.54341,12.37442,18.51172,20.84471
5647.88400,-1.08271,-2.74826,63.45426,11.62875,12.44975,18.51172,20.86404
5647.89400,-1.08276,-2.73434,63.52986,11.66459,12.48139,18.51172,20.87216
5647.90400,-1.11630,-2.74653,63.29572,11.56095,12.46220,18.45510,20.81746
5647.91400,-1.11772,-2.74704,63.28586,11.55659,12.46139,18.45272,20.81516
5647.92400,-1.09462,-2.76332,63.27338,11.54699,12.42107,18.49016,20.81516
5647.93400,-1.10290,-2.77412,63.42070,11.57443,12.41939,18.52052,20.90636
5647.94400,-1.10329,-2.77454,63.42686,11.57559,12.41939,18.52172,20.91016
5647.95400,-1.08900,-2.77749,63.32414,11.55735,12.39059,18.51212,20.86408
5647.96400,-1.05615,-2.77130,63.50410,11.59440,12.43885,18.60869,20.86216
5647.97400,-1.05514,-2.77110,63.50986,11.59559,12.44039,18.61172,20.86216
5647.98400,-1.08406,-2.74772,63.49002,11.63975,12.45383,18.51572,20.88072
5647.99400,-1.10034,-2.73456,63.47886,11.66459,12.46139,18.46172,20.89116
5648.00400,-1.08978,-2.75779,63.44762,11.60784,12.44163,18.51910,20.87905
5648.01400,-1.11549,-2.74967,63.39468,11.59363,12.45835,18.47054,20.87216
5648.02400,-1.11894,-2.74735,63.39086,11.59559,12.46139,18.46172,20.87216
