time_s,cop_x_cm,cop_y_cm,mass_kg,tr_kg,tl_kg,br_kg,bl_kg
5741.70740,-0.94858,-1.45708,65.53186,14.25159,14.32639,17.07872,19.87516
5741.71740,-0.92651,-1.44587,65.50386,14.27159,14.32639,17.07872,19.82716
5741.72740,-0.92651,-1.44587,65.50386,14.27159,14.32639,17.07872,19.82716
5741.73740,-0.92171,-1.47873,65.30486,14.17359,14.24339,17.08872,19.79916
5741.74740,-0.92357,-1.46676,65.63753,14.26072,14.33547,17.15803,19.88332
5741.75740,-0.92359,-1.46665,65.64086,14.26159,14.33639,17.15872,19.88416
5741.76740,-0.90760,-1.45141,65.49033,14.26159,14.31458,17.11085,19.80331
5741.77740,-0.88582,-1.44201,65.35630,14.26159,14.28303,17.07952,19.73216
5741.78740,-0.82970,-1.47189,65.34486,14.26159,14.19239,17.15872,19.73216
5741.79740,-0.82718,-1.47599,65.34229,14.25155,14.18956,17.17133,19.72984
5741.80740,-0.81989,-1.48782,65.33486,14.22259,14.18139,17.20772,19.72316
5741.81740,-0.82847,-1.45482,65.28997,14.24676,14.23221,17.14901,19.66199
5741.82740,-0.81097,-1.43705,65.25027,14.26446,14.24805,17.13861,19.59916
5741.83740,-0.80035,-1.44357,65.25286,14.26159,14.23339,17.15872,19.59916
5741.84740,-0.78737,-1.43530,65.25680,14.29617,14.22420,17.14559,19.59084
5741.85740,-0.77263,-1.42590,65.26128,14.33548,14.21375,17.13066,19.58139
5741.86740,-0.74434,-1.42594,65.36386,14.34059,14.25339,17.21772,19.55216
5741.87740,-0.75173,-1.42763,65.38699,14.36635,14.23291,17.19195,19.59577
5741.88740,-0.75553,-1.42849,65.39886,14.37959,14.22239,17.17872,19.61816
5741.89740,-0.77251,-1.44101,65.45361,14.32109,14.26889,17.23797,19.62566
5741.90740,-0.78715,-1.41885,65.59036,14.37509,14.33839,17.22772,19.64916
5741.91740,-0.79014,-1.41009,65.62986,14.39959,14.35639,17.21772,19.65616
5741.92740,-0.77891,-1.41806,65.56526,14.37063,14.33412,17.23257,19.62794
5741.93740,-0.77864,-1.43702,65.44271,14.32161,14.27509,17.22292,19.62309
5741.94740,-0.78239,-1.45369,65.33986,14.28159,14.22239,17.20772,19.62816
5741.95740,-0.77628,-1.44882,65.42602,14.30873,14.24679,17.23133,19.63918
5741.96740,-0.76689,-1.44135,65.55886,14.35059,14.28439,17.26772,19.65616
5741.97740,-0.79092,-1.43385,65.46834,14.32579,14.29121,17.21254,19.63880
5741.98740,-0.84536,-1.43541,65.48602,14.27401,14.34623,17.19050,19.67528
5741.99740,-0.86964,-1.43919,65.53086,14.25159,14.37739,17.19772,19.70416
5742.00740,-0.84464,-1.41671,65.46493,14.30643,14.35829,17.14904,19.65117
5742.01740,-0.80672,-1.41304,65.40483,14.34059,14.30833,17.14327,19.61264
5742.02740,-0.79268,-1.41956,65.39286,14.34059,14.28439,17.15872,19.60916
5742.03740,-0.80045,-1.41967,65.39398,14.33899,14.28615,17.14912,19.61972
5742.04740,-0.84126,-1.42028,65.39986,14.33059,14.29539,17.09872,19.67516
5742.05740,-0.82258,-1.41000,65.41953,14.34314,14.32093,17.12384,19.63163
5742.06740,-0.81622,-1.39180,65.45636,14.36059,14.37189,17.13372,19.59016
5742.07740,-0.83578,-1.38785,65.46586,14.36059,14.38739,17.10872,19.60916
5742.08740,-0.82554,-1.40006,65.46486,14.34559,14.36689,17.13872,19.61366
5742.09740,-0.80817,-1.41950,65.45186,14.34559,14.30539,17.15872,19.64216
5742.10740,-0.80104,-1.42673,65.43986,14.36059,14.26439,17.14872,19.66616
5742.11740,-0.81889,-1.42465,65.44040,14.34197,14.28922,17.14062,19.66859
5742.12740,-0.85388,-1.42057,65.44146,14.30546,14.33790,17.12475,19.67335
5742.13740,-0.86718,-1.41902,65.44186,14.29159,14.35639,17.11872,19.67516
5742.14740,-0.86077,-1.42011,65.44620,14.31577,14.33097,17.10632,19.69314
5742.15740,-0.85400,-1.42922,65.49288,14.31261,14.32841,17.14212,19.70974
5742.16740,-0.85227,-1.43438,65.51986,14.30159,14.33639,17.16872,19.71316
5742.17740,-0.85986,-1.43524,65.48498,14.30657,14.31370,17.13551,19.72921
5742.18740,-0.92344,-1.41162,65.34973,14.29246,14.33639,16.98872,19.73216
5742.19740,-0.93352,-1.41220,65.38590,14.27258,14.37046,17.01070,19.73216
5742.20740,-0.93249,-1.40275,65.50186,14.29159,14.42939,17.04872,19.73216
5742.21740,-0.93427,-1.39098,65.47065,14.30140,14.43971,17.02129,19.70825
5742.22740,-0.93895,-1.35993,65.38854,14.32723,14.46686,16.94910,19.64534
5742.23740,-0.96257,-1.36118,65.36686,14.31059,14.47039,16.91972,19.66616
5742.24740,-0.95481,-1.35663,65.34236,14.32059,14.46264,16.90972,19.64941
5742.25740,-0.93151,-1.34296,65.26886,14.35059,14.43939,16.87972,19.59916
5742.26740,-0.93419,-1.35463,65.28566,14.33279,14.43119,16.90152,19.62016
5742.27740,-0.94489,-1.40124,65.35286,14.26159,14.39839,16.98872,19.70416
5742.28740,-0.99568,-1.40279,65.41086,14.24159,14.43939,16.95972,19.77016
5742.29740,-0.98760,-1.39794,65.41746,14.25347,14.44431,16.96320,19.75648
5742.30740,-0.92641,-1.36592,65.45204,14.33695,14.46791,16.98872,19.65846
5742.31740,-0.91211,-1.39132,65.35186,14.31059,14.37739,16.98872,19.67516
5742.32740,-0.91211,-1.39132,65.35186,14.31059,14.37739,16.98872,19.67516
5742.33740,-0.93749,-1.35652,65.51428,14.34012,14.51914,16.99856,19.65646
5742.34740,-0.95038,-1.37487,65.45386,14.32059,14.45939,16.96972,19.70416
5742.35740,-0.95038,-1.37487,65.45386,14.32059,14.45939,16.96972,19.70416
5742.36740,-0.93398,-1.35359,65.45563,14.37274,14.46912,16.94320,19.67057
5742.37740,-0.93182,-1.35079,65.45586,14.37959,14.47039,16.93972,19.66616
5742.38740,-0.93993,-1.38653,65.39235,14.29433,14.42515,16.98235,19.69052
5742.39740,-0.95629,-1.37917,65.53705,14.32379,14.48041,16.99733,19.73551
5742.40740,-0.95872,-1.37712,65.56186,14.33059,14.49039,16.99872,19.74216
5742.41740,-0.95747,-1.37553,65.45050,14.31319,14.46342,16.96479,19.70910
5742.42740,-0.95959,-1.35341,65.51471,14.35453,14.51388,16.95093,19.69537
5742.43740,-0.95990,-1.35039,65.52586,14.36059,14.52139,16.94972,19.69416
5742.44740,-0.95954,-1.35647,65.52470,14.36059,14.50341,16.94972,19.71098
5742.45740,-0.95927,-1.36087,65.52386,14.36059,14.49039,16.94972,19.72316
5742.46740,-0.95280,-1.37711,65.44061,14.32309,14.44464,16.95722,19.71566
5742.47740,-0.96444,-1.40972,65.50361,14.30384,14.39789,16.98897,19.81291
5742.48740,-0.96904,-1.41877,65.53386,14.30159,14.38739,16.99872,19.84616
5742.49740,-0.96452,-1.41497,65.44482,14.27752,14.38338,16.98709,19.79683
5742.50740,-0.95847,-1.40989,65.32611,14.24544,14.37804,16.97158,19.73105
5742.51740,-0.94903,-1.39984,65.40986,14.30159,14.38739,16.96972,19.75116
5742.52740,-0.94903,-1.39984,65.40986,14.30159,14.38739,16.96972,19.75116
5742.53740,-0.94412,-1.40195,65.44765,14.26644,14.43309,17.03036,19.71777
5742.54740,-0.94377,-1.40230,65.45164,14.26139,14.43888,17.03784,19.71354
5742.55740,-0.97670,-1.40854,65.32986,14.24159,14.38739,16.94972,19.75116
5742.56740,-0.98652,-1.39835,65.38186,14.25159,14.42939,16.94972,19.75116
5742.57740,-0.98572,-1.39970,65.37931,14.25037,14.42564,16.95093,19.75237
5742.58740,-0.98380,-1.40608,65.38673,14.24674,14.41423,16.96101,19.76476
5742.59740,-1.01023,-1.38338,65.56186,14.28159,14.52139,16.96972,19.78916
5742.60740,-0.99479,-1.38565,65.49877,14.27823,14.49052,16.96636,19.76366
5742.61740,-0.96412,-1.39015,65.37386,14.27159,14.42939,16.95972,19.71316
5742.62740,-0.95989,-1.39283,65.39907,14.27911,14.42525,16.97063,19.72407
5742.63740,-0.95456,-1.38982,65.48489,14.31712,14.43356,16.98169,19.75252
5742.64740,-0.95743,-1.37717,65.55986,14.36059,14.45939,16.96972,19.77016
5742.65740,-0.93824,-1.38045,65.53766,14.36059,14.44021,16.98816,19.74871
5742.66740,-0.91808,-1.38718,65.48086,14.34809,14.40839,17.00397,19.72041
5742.67740,-0.94969,-1.39069,65.42681,14.31430,14.40839,16.96411,19.74000
5742.68740,-0.94327,-1.38921,65.37911,14.31059,14.39539,16.95472,19.71841
5742.69740,-0.91509,-1.37781,65.27960,14.31801,14.37694,16.94220,19.64246
5742.70740,-0.91997,-1.36014,65.35786,14.34059,14.43939,16.94972,19.62816
5742.71740,-0.91551,-1.36144,65.37354,14.34379,14.43939,16.96076,19.62960
5742.72740,-0.89695,-1.36681,65.43887,14.35712,14.43939,17.00676,19.63560
5742.73740,-0.88751,-1.37073,65.46606,14.36527,14.43195,17.02592,19.64292
5742.74740,-0.85562,-1.39209,65.53234,14.39131,14.37367,17.07992,19.68744
5742.75740,-0.87012,-1.41319,65.46986,14.33059,14.34639,17.08872,19.70416
5742.76740,-0.87098,-1.41076,65.47258,14.33299,14.35215,17.08632,19.70112
5742.77740,-0.87817,-1.39055,65.49525,14.35299,14.40015,17.06632,19.67579
5742.78740,-0.81932,-1.38350,65.43286,14.40959,14.33639,17.06872,19.61816
5742.79740,-0.81932,-1.38350,65.43286,14.40959,14.33639,17.06872,19.61816
5742.80740,-0.85147,-1.39680,65.22586,14.30159,14.31539,17.02872,19.58016
5742.81740,-0.85147,-1.39680,65.22586,14.30159,14.31539,17.02872,19.58016
5742.82740,-0.86615,-1.39093,65.39486,14.33059,14.37739,17.05872,19.62816
5742.83740,-0.80479,-1.40950,65.51186,14.37959,14.32639,17.15872,19.64716
5742.84740,-0.80479,-1.40950,65.51186,14.37959,14.32639,17.15872,19.64716
5742.85740,-0.79025,-1.39550,65.45521,14.40076,14.32057,17.13225,19.60163
5742.86740,-0.77596,-1.38735,65.40810,14.41479,14.30927,17.11712,19.56692
5742.87740,-0.76607,-1.41889,65.43186,14.37959,14.26439,17.17872,19.60916
5742.88740,-0.77076,-1.41877,65.43438,14.37491,14.27051,17.17752,19.61144
5742.89740,-0.80518,-1.41791,65.45286,14.34059,14.31539,17.16872,19.62816
5742.90740,-0.80102,-1.41619,65.44950,14.34527,14.31419,17.16872,19.62132
5742.91740,-0.77254,-1.40362,65.43614,14.38547,14.30419,17.16512,19.58136
5742.92740,-0.78785,-1.40430,65.51886,14.42859,14.29539,17.13872,19.65616
5742.93740,-0.79081,-1.39403,65.48847,14.40947,14.33069,17.13872,19.60959
5742.94740,-0.76556,-1.40722,65.49050,14.38959,14.31358,17.19777,19.58956
5742.95740,-0.75599,-1.41528,65.50186,14.38959,14.29539,17.21772,19.59916
5742.96740,-0.76179,-1.40659,65.44488,14.38219,14.30279,17.18886,19.57104
5742.97740,-0.76383,-1.40353,65.42486,14.37959,14.30539,17.17872,19.56116
5742.98740,-0.74273,-1.38751,65.40386,14.42384,14.29789,17.15622,19.52591
5742.99740,-0.73597,-1.40272,65.37200,14.41759,14.24654,17.15729,19.55059
5743.00740,-0.73634,-1.43015,65.33886,14.38959,14.18139,17.16872,19.59916
5743.01740,-0.73641,-1.42158,65.36629,14.40654,14.20101,17.16491,19.59383
5743.02740,-0.75361,-1.39064,65.45414,14.45043,14.28439,17.13746,19.58186
5743.03740,-0.76673,-1.39484,65.43186,14.42859,14.28439,17.12872,19.59016
5743.04740,-0.77744,-1.39363,65.42814,14.39821,14.31663,17.14112,19.57218
5743.05740,-0.78400,-1.39288,65.42586,14.37959,14.33639,17.14872,19.56116
5743.06740,-0.77506,-1.39305,65.39783,14.37547,14.32774,17.15284,19.54179
5743.07740,-0.75697,-1.39378,65.36566,14.37559,14.31139,17.16452,19.51416
5743.08740,-0.73569,-1.39577,65.39686,14.39959,14.29539,17.18772,19.51416
5743.09740,-0.72296,-1.38798,65.37756,14.42384,14.28500,17.17337,19.49535
5743.10740,-0.71958,-1.38697,65.34796,14.42433,14.27439,17.16367,19.48557
5743.11740,-0.72939,-1.39406,65.33786,14.39959,14.27439,17.16872,19.49516
5743.12740,-0.72903,-1.39615,65.36299,14.40726,14.27175,17.17375,19.51024
5743.13740,-0.72829,-1.40034,65.41326,14.42260,14.26646,17.18380,19.54040
5743.14740,-0.72800,-1.40197,65.43286,14.42859,14.26439,17.18772,19.55216
5743.15740,-0.73441,-1.40126,65.51397,14.42859,14.30200,17.21721,19.56617
5743.16740,-0.74765,-1.41642,65.39286,14.36959,14.26439,17.19772,19.56116
5743.17740,-0.74997,-1.41830,65.41141,14.36959,14.26712,17.20317,19.57152
5743.18740,-0.75374,-1.42006,65.49104,14.37322,14.29330,17.23227,19.59225
5743.19740,-0.74956,-1.41438,65.54386,14.37959,14.32639,17.25772,19.58016
5743.20740,-0.74982,-1.41370,65.52166,14.37589,14.32232,17.25032,19.57313
5743.21740,-0.75025,-1.41254,65.48386,14.36959,14.31539,17.23772,19.56116
5743.22740,-0.75025,-1.41254,65.48386,14.36959,14.31539,17.23772,19.56116
5743.23740,-0.74799,-1.42727,65.43397,14.34179,14.27905,17.24485,19.56829
5743.24740,-0.79295,-1.42969,65.47986,14.32309,14.31089,17.21772,19.62816
5743.25740,-0.80822,-1.42851,65.50186,14.32059,14.32639,17.20772,19.64716
5743.26740,-0.77366,-1.41116,65.44646,14.34615,14.32639,17.20772,19.56619
5743.27740,-0.76869,-1.40262,65.37786,14.34059,14.32639,17.18772,19.52316
5743.28740,-0.77113,-1.40676,65.38578,14.33471,14.32387,17.19372,19.53348
5743.29740,-0.78908,-1.43709,65.44386,14.29159,14.30539,17.23772,19.60916
5743.30740,-0.78707,-1.43861,65.44254,14.29039,14.30167,17.24132,19.60916
5743.31740,-0.77521,-1.44994,65.44764,14.28533,14.27641,17.26676,19.61914
5743.32740,-0.79912,-1.45195,65.57084,14.31653,14.29321,17.25876,19.70234
5743.33740,-0.80222,-1.45221,65.58686,14.32059,14.29539,17.25772,19.71316
5743.34740,-0.77410,-1.42817,65.38375,14.32736,14.26895,17.19561,19.59183
5743.35740,-0.78164,-1.41454,65.31886,14.30159,14.30539,17.17872,19.53316
5743.36740,-0.78277,-1.41145,65.33458,14.30747,14.31523,17.17872,19.53316
5743.37740,-0.79099,-1.38889,65.44986,14.35059,14.38739,17.17872,19.53316
5743.38740,-0.79099,-1.38889,65.44986,14.35059,14.38739,17.17872,19.53316
5743.39740,-0.79818,-1.37399,65.35259,14.35883,14.37915,17.11277,19.50184
5743.40740,-0.81836,-1.38131,65.30813,14.35070,14.34675,17.06906,19.54163
5743.41740,-0.81857,-1.38143,65.30786,14.35059,14.34639,17.06872,19.54216
5743.42740,-0.82557,-1.35946,65.28474,14.33613,14.41360,17.06149,19.47351
5743.43740,-0.85103,-1.37184,65.21529,14.29567,14.38808,17.03021,19.50132
5743.44740,-0.86023,-1.38024,65.19086,14.28159,14.36739,17.01872,19.52316
5743.45740,-0.87188,-1.35771,65.44104,14.35803,14.46555,17.04478,19.57268
5743.46740,-0.87364,-1.35432,65.47886,14.36959,14.48039,17.04872,19.58016
5743.47740,-0.84914,-1.36531,65.34862,14.34407,14.41703,17.04872,19.53880
5743.48740,-0.86312,-1.37744,65.43977,14.35801,14.40839,17.05743,19.61593
5743.49740,-0.86567,-1.37901,65.45586,14.36059,14.40839,17.05872,19.62816
5743.50740,-0.86312,-1.36709,65.51850,14.36842,14.46233,17.08482,19.60293
5743.51740,-0.89028,-1.38428,65.37962,14.29117,14.42918,17.05438,19.60488
5743.52740,-0.91094,-1.39850,65.26886,14.23259,14.39839,17.02872,19.60916
5743.53740,-0.92006,-1.40290,65.29757,14.22269,14.40829,17.03862,19.62797
5743.54740,-0.92936,-1.40738,65.32686,14.21259,14.41839,17.04872,19.64716
5743.55740,-0.89560,-1.42217,65.33672,14.24711,14.34583,17.06986,19.67393
5743.56740,-0.89627,-1.42873,65.36134,14.24243,14.34248,17.08533,19.69111
5743.57740,-0.90388,-1.42891,65.37186,14.23259,14.35639,17.08872,19.69416
5743.58740,-0.92167,-1.42411,65.37285,14.22269,14.38047,17.07223,19.69746
5743.59740,-0.95036,-1.41638,65.37445,14.20674,14.41930,17.04563,19.70278
5743.60740,-0.92078,-1.40058,65.46486,14.27159,14.43939,17.06872,19.68516
5743.61740,-0.92078,-1.40058,65.46486,14.27159,14.43939,17.06872,19.68516
5743.62740,-0.94161,-1.39844,65.54236,14.26601,14.48511,17.07987,19.71136
5743.63740,-0.95810,-1.39675,65.60386,14.26159,14.52139,17.08872,19.73216
5743.64740,-0.96110,-1.38972,65.57463,14.27269,14.51769,17.05912,19.72513
5743.65740,-0.96620,-1.37773,65.52486,14.29159,14.51139,17.00872,19.71316
5743.66740,-0.94410,-1.36933,65.42387,14.29159,14.49110,16.99387,19.64732
5743.67740,-0.93529,-1.36133,65.31727,14.28179,14.47693,16.96598,19.59257
5743.68740,-0.96346,-1.36253,65.30993,14.26179,14.49026,16.93998,19.61791
5743.69740,-0.96952,-1.35189,65.38473,14.28863,14.52685,16.93972,19.62953
5743.70740,-0.97845,-1.33542,65.50086,14.33059,14.58339,16.93972,19.64716
5743.71740,-0.97744,-1.35154,65.43722,14.29433,14.54528,16.94712,19.65049
5743.72740,-0.96746,-1.38242,65.36349,14.24117,14.47743,16.98014,19.66474
5743.73740,-0.94785,-1.39037,65.44586,14.26159,14.47039,17.02872,19.68516
5743.74740,-0.96502,-1.38509,65.44368,14.25613,14.49003,17.00717,19.69034
5743.75740,-1.00302,-1.37387,65.47278,14.25239,14.53879,16.96736,19.71424
5743.76740,-0.98917,-1.37891,65.53486,14.27159,14.53239,16.99872,19.73216
5743.77740,-0.98100,-1.38269,65.51747,14.25716,14.52832,17.01722,19.71477
5743.78740,-0.96707,-1.38913,65.48786,14.23259,14.52139,17.04872,19.68516
5743.79740,-0.96707,-1.38913,65.48786,14.23259,14.52139,17.04872,19.68516
5743.80740,-0.99337,-1.39741,65.46465,14.23719,14.48282,16.99327,19.75137
5743.81740,-0.98416,-1.40445,65.56086,14.25159,14.49039,17.03872,19.78016
5743.82740,-0.99739,-1.40274,65.52256,14.23971,14.49039,17.01230,19.78016
5743.83740,-1.03941,-1.39975,65.40466,14.19859,14.48839,16.93372,19.78396
5743.84740,-1.04167,-1.40921,65.41186,14.18259,14.48039,16.94972,19.79916
5743.85740,-1.03959,-1.40607,65.41393,14.18535,14.48757,16.95110,19.78992
5743.86740,-1.02655,-1.38641,65.42686,14.20259,14.53239,16.95972,19.73216
5743.87740,-1.02655,-1.38641,65.42686,14.20259,14.53239,16.95972,19.73216
5743.88740,-0.99351,-1.40136,65.48170,14.20727,14.50887,17.03112,19.73444
5743.89740,-0.97501,-1.40350,65.53186,14.24159,14.49039,17.04872,19.75116
5743.90740,-0.97501,-1.40350,65.53186,14.24159,14.49039,17.04872,19.75116
5743.91740,-0.93365,-1.39320,65.44782,14.27159,14.45311,17.04112,19.68200
5743.92740,-0.95206,-1.39822,65.54286,14.27159,14.48039,17.05872,19.73216
5743.93740,-0.95471,-1.39730,65.55378,14.27159,14.48783,17.05992,19.73444
5743.94740,-0.97416,-1.39055,65.63386,14.27159,14.54239,17.06872,19.75116
5743.95740,-0.97457,-1.39073,65.62186,14.26780,14.54040,17.06615,19.74750
5743.96740,-0.97800,-1.39220,65.52186,14.23625,14.52383,17.04476,19.71702
5743.97740,-0.96870,-1.39581,65.45586,14.22734,14.49339,17.03622,19.69891
5743.98740,-0.93309,-1.40333,65.48286,14.27159,14.43939,17.05872,19.71316
5743.99740,-0.93741,-1.39399,65.46713,14.27720,14.45372,17.03906,19.69715
5744.00740,-0.92997,-1.37595,65.36852,14.29159,14.44777,16.98872,19.64044
5744.01740,-0.91712,-1.39193,65.24715,14.25288,14.38739,16.98872,19.61816
5744.02740,-0.91418,-1.40251,65.22432,14.21822,14.38176,17.01688,19.60746
5744.03740,-0.90109,-1.40458,65.23786,14.22259,14.37739,17.03872,19.59916
5744.04740,-0.91334,-1.42188,65.31201,14.19702,14.38592,17.08133,19.64774
5744.05740,-0.96674,-1.40004,65.46586,14.22259,14.49039,17.04872,19.70416
5744.06740,-0.96658,-1.40006,65.46574,14.22277,14.49009,17.04872,19.70416
5744.07740,-0.95038,-1.40239,65.45386,14.24159,14.45939,17.04872,19.70416
5744.08740,-0.95038,-1.40239,65.45386,14.24159,14.45939,17.04872,19.70416
5744.09740,-0.93113,-1.39987,65.42075,14.26145,14.43224,17.04210,19.68495
5744.10740,-0.90301,-1.39064,65.45997,14.30241,14.43499,17.06243,19.66014
5744.11740,-0.89816,-1.38853,65.47486,14.31059,14.43939,17.06872,19.65616
5744.12740,-0.88031,-1.41025,65.45662,14.28539,14.39422,17.11215,19.66485
5744.13740,-0.86842,-1.42899,65.49562,14.25549,14.38739,17.17875,19.67399
5744.14740,-0.86705,-1.43129,65.50186,14.25159,14.38739,17.18772,19.67516
5744.15740,-0.88557,-1.41268,65.57842,14.32032,14.40566,17.12769,19.72475
5744.16740,-0.88833,-1.40991,65.58986,14.33059,14.40839,17.11872,19.73216
5744.17740,-0.88370,-1.41206,65.50386,14.30514,14.38996,17.10994,19.69881
5744.18740,-0.87803,-1.41622,65.46389,14.27828,14.38739,17.12620,19.67201
5744.19740,-0.87443,-1.41898,65.44386,14.26159,14.38739,17.13872,19.65616
5744.20740,-0.86598,-1.39602,65.27661,14.26159,14.37989,17.07122,19.56391
5744.21740,-0.84838,-1.41061,65.31368,14.26901,14.34695,17.10813,19.58960
5744.22740,-0.84328,-1.41831,65.34586,14.27159,14.33639,17.12872,19.60916
5744.23740,-0.83785,-1.40915,65.40580,14.29379,14.36673,17.14352,19.60176
5744.24740,-0.83594,-1.40593,65.42686,14.30159,14.37739,17.14872,19.59916
5744.25740,-0.79906,-1.42697,65.38822,14.27886,14.32285,17.20857,19.57795
5744.26740,-0.78320,-1.43396,65.43626,14.28165,14.32100,17.25289,19.58072
5744.27740,-0.77920,-1.43421,65.49586,14.29159,14.33639,17.27772,19.59016
5744.28740,-0.77963,-1.42913,65.45986,14.30843,14.31839,17.24288,19.59016
5744.29740,-0.79569,-1.41982,65.48327,14.31449,14.34931,17.22382,19.59565
5744.30740,-0.80574,-1.41622,65.51486,14.31059,14.37739,17.22772,19.59916
5744.31740,-0.77040,-1.42520,65.55826,14.32919,14.35197,17.28352,19.59358
5744.32740,-0.74876,-1.43070,65.58486,14.34059,14.33639,17.31772,19.59016
5744.33740,-0.74876,-1.43070,65.58486,14.34059,14.33639,17.31772,19.59016
5744.34740,-0.73599,-1.43011,65.54439,14.34019,14.32078,17.31792,19.56550
5744.35740,-0.74503,-1.42859,65.59386,14.36059,14.32639,17.30772,19.59916
5744.36740,-0.73683,-1.41883,65.51742,14.36059,14.32100,17.28322,19.55261
5744.37740,-0.75794,-1.40900,65.40993,14.32188,14.34087,17.23812,19.50906
5744.38740,-0.78885,-1.40936,65.38086,14.28159,14.36739,17.21772,19.51416
5744.39740,-0.78803,-1.40602,65.44848,14.30560,14.38258,17.22752,19.53278
5744.40740,-0.78719,-1.40256,65.51886,14.33059,14.39839,17.23772,19.55216
5744.41740,-0.78719,-1.40256,65.51886,14.33059,14.39839,17.23772,19.55216
5744.42740,-0.76893,-1.41302,65.39356,14.29779,14.34626,17.23772,19.51180
5744.43740,-0.77663,-1.41156,65.50529,14.33014,14.36704,17.24761,19.56050
5744.44740,-0.77588,-1.41142,65.49079,14.32737,14.36386,17.24451,19.55505
5744.45740,-0.77875,-1.41691,65.43259,14.29904,14.35094,17.24045,19.54216
5744.46740,-0.79132,-1.43214,65.36786,14.24159,14.33639,17.24772,19.54216
5744.47740,-0.79132,-1.43214,65.36786,14.24159,14.33639,17.24772,19.54216
5744.48740,-0.78608,-1.42076,65.47386,14.33059,14.32639,17.21772,19.59916
5744.49740,-0.78634,-1.41687,65.46474,14.33299,14.33119,17.21052,19.59004
5744.50740,-0.79597,-1.40445,65.41954,14.33123,14.34879,17.17596,19.56356
5744.51740,-0.82378,-1.40423,65.36786,14.30159,14.35639,17.13872,19.57116
5744.52740,-0.81633,-1.40272,65.37999,14.31372,14.35392,17.14367,19.56868
5744.53740,-0.79156,-1.40008,65.39350,14.33795,14.34319,17.16336,19.54900
5744.54740,-0.78257,-1.40822,65.29617,14.28528,14.32986,17.18269,19.49833
5744.55740,-0.78270,-1.40955,65.28040,14.27318,14.33124,17.18700,19.48897
5744.56740,-0.80324,-1.40298,65.35987,14.28642,14.37164,17.18104,19.52076
5744.57740,-0.81124,-1.40043,65.39086,14.29159,14.38739,17.17872,19.53316
5744.58740,-0.78382,-1.41234,65.46886,14.30159,14.37739,17.24772,19.54216
5744.59740,-0.82221,-1.40668,65.54586,14.31059,14.41839,17.21772,19.59916
5744.60740,-0.82221,-1.40668,65.54586,14.31059,14.41839,17.21772,19.59916
5744.61740,-0.83603,-1.40221,65.44586,14.31059,14.38739,17.14872,19.59916
5744.62740,-0.83927,-1.40973,65.47686,14.28159,14.40839,17.18772,19.59916
5744.63740,-0.83927,-1.40973,65.47686,14.28159,14.40839,17.18772,19.59916
5744.64740,-0.85215,-1.39510,65.51739,14.30750,14.44228,17.16181,19.60580
5744.65740,-0.85864,-1.38772,65.53786,14.32059,14.45939,17.14872,19.60916
5744.66740,-0.88001,-1.40003,65.46354,14.26988,14.44211,17.13144,19.62011
5744.67740,-0.89178,-1.39974,65.37947,14.24655,14.42939,17.09668,19.60685
5744.68740,-0.89034,-1.39636,65.36886,14.25159,14.42939,17.08872,19.59916
5744.69740,-0.85034,-1.39852,65.42218,14.26879,14.42939,17.15752,19.56648
5744.70740,-0.86455,-1.40110,65.43531,14.25231,14.44422,17.15883,19.57994
5744.71740,-0.88574,-1.40338,65.43986,14.23259,14.45939,17.14872,19.59916
5744.72740,-0.89235,-1.40463,65.42066,14.22299,14.45699,17.13912,19.60156
5744.73740,-0.91332,-1.40859,65.35986,14.19259,14.44939,17.10872,19.60916
5744.74740,-0.91495,-1.40450,65.37065,14.20337,14.45506,17.10063,19.61159
5744.75740,-0.91842,-1.39188,65.36678,14.22779,14.46512,17.06913,19.60474
5744.76740,-0.91737,-1.39020,65.33086,14.22259,14.45939,17.05872,19.59016
5744.77740,-0.91078,-1.39585,65.41670,14.24405,14.45939,17.08832,19.62494
5744.78740,-0.91446,-1.40180,65.38930,14.21496,14.45939,17.09872,19.61623
5744.79740,-0.91649,-1.40314,65.36986,14.20259,14.45939,17.09872,19.60916
5744.80740,-0.93166,-1.38786,65.35432,14.23145,14.46753,17.03952,19.61582
5744.81740,-0.93699,-1.38249,65.34886,14.24159,14.47039,17.01872,19.61816
5744.82740,-0.90658,-1.39540,65.39721,14.25145,14.44474,17.07792,19.62309
5744.83740,-0.87895,-1.41470,65.46542,14.25231,14.41839,17.15152,19.64320
5744.84740,-0.88651,-1.42757,65.50486,14.23259,14.41839,17.17872,19.67516
5744.85740,-0.90428,-1.40952,65.45680,14.23813,14.44366,17.12327,19.65175
5744.86740,-0.89261,-1.41310,65.39524,14.23601,14.40855,17.11352,19.63716
5744.87740,-0.87865,-1.42220,65.37586,14.23259,14.37739,17.12872,19.63716
5744.88740,-0.88229,-1.40936,65.33432,14.23817,14.39041,17.09772,19.60802
5744.89740,-0.88453,-1.40149,65.30886,14.24159,14.39839,17.07872,19.59016
5744.90740,-0.90269,-1.39745,65.19912,14.20501,14.39839,17.03532,19.56040
5744.91740,-0.88572,-1.40015,65.23560,14.21328,14.39839,17.07011,19.55382
5744.92740,-0.86806,-1.40340,65.30086,14.23259,14.39839,17.10872,19.56116
5744.93740,-0.87150,-1.40144,65.32715,14.24002,14.40811,17.10872,19.57030
5744.94740,-0.89719,-1.38298,65.36144,14.27159,14.44449,17.05482,19.59054
5744.95740,-0.90879,-1.37240,65.28086,14.27159,14.43939,16.99872,19.57116
5744.96740,-0.87076,-1.38895,65.34348,14.27159,14.41949,17.08610,19.56631
5744.97740,-0.83054,-1.40647,65.40986,14.27159,14.39839,17.17872,19.56116
5744.98740,-0.83251,-1.39641,65.38209,14.27485,14.41179,17.15912,19.53633
5744.99740,-0.83655,-1.37587,65.32543,14.28152,14.43912,17.11912,19.48567
5745.00740,-0.83671,-1.39105,65.47086,14.30159,14.43939,17.16872,19.56116
5745.01740,-0.82879,-1.38557,65.47518,14.31203,14.44659,17.17232,19.54424
5745.02740,-0.80150,-1.37357,65.42634,14.33419,14.43743,17.16792,19.48680
5745.03740,-0.77791,-1.36954,65.32586,14.34059,14.39839,17.14872,19.43816
5745.04740,-0.77286,-1.36304,65.33918,14.36903,14.39443,17.13432,19.44140
5745.05740,-0.76389,-1.35149,65.36286,14.41959,14.38739,17.10872,19.44716
5745.06740,-0.76765,-1.35248,65.36033,14.41129,14.39175,17.11013,19.44716
5745.07740,-0.77781,-1.35514,65.35348,14.38885,14.40354,17.11393,19.44716
5745.08740,-0.78797,-1.35780,65.34664,14.36642,14.41533,17.11773,19.44716
5745.09740,-0.80943,-1.36023,65.40386,14.36059,14.43939,17.11872,19.48516
5745.10740,-0.79924,-1.36706,65.37191,14.32695,14.43939,17.15236,19.45321
5745.11740,-0.76335,-1.36634,65.34694,14.37133,14.38607,17.15012,19.43942
5745.12740,-0.75782,-1.36602,65.34386,14.37959,14.37739,17.14872,19.43816
5745.13740,-0.73794,-1.35459,65.38858,14.41399,14.39545,17.16592,19.41322
5745.14740,-0.73471,-1.35273,65.39586,14.41959,14.39839,17.16872,19.40916
5745.15740,-0.77384,-1.36995,65.23088,14.31604,14.37996,17.13362,19.40126
5745.16740,-0.78712,-1.35181,65.41486,14.37959,14.44939,17.13872,19.44716
5745.17740,-0.78712,-1.35181,65.41486,14.37959,14.44939,17.13872,19.44716
5745.18740,-0.77924,-1.39728,65.16835,14.25287,14.33752,17.15852,19.41944
5745.19740,-0.80187,-1.38887,65.37871,14.31990,14.38688,17.15872,19.51321
5745.20740,-0.80209,-1.38878,65.38086,14.32059,14.38739,17.15872,19.51416
5745.21740,-0.77056,-1.37500,65.35103,14.32059,14.41381,17.19196,19.42467
5745.22740,-0.76509,-1.37261,65.34586,14.32059,14.41839,17.19772,19.40916
5745.23740,-0.77557,-1.38201,65.32694,14.31199,14.39173,17.18138,19.44184
5745.24740,-0.77487,-1.38434,65.52682,14.36133,14.42351,17.22946,19.51252
5745.25740,-0.77448,-1.38447,65.55986,14.36959,14.42939,17.23772,19.52316
5745.26740,-0.79476,-1.38904,65.31321,14.28762,14.38993,17.17018,19.46548
5745.27740,-0.80535,-1.38686,65.27837,14.28371,14.38477,17.14135,19.46854
5745.28740,-0.80681,-1.38557,65.29386,14.29159,14.38739,17.13872,19.47616
5745.29740,-0.82256,-1.38648,65.25094,14.25459,14.40293,17.13132,19.46210
5745.30740,-0.80619,-1.39233,65.22876,14.25935,14.37169,17.14056,19.45716
5745.31740,-0.79108,-1.39615,65.22386,14.27159,14.34639,17.14872,19.45716
5745.32740,-0.81317,-1.38650,65.33715,14.29827,14.39705,17.14327,19.49855
5745.33740,-0.83158,-1.37847,65.43186,14.32059,14.43939,17.13872,19.53316
5745.34740,-0.85449,-1.38819,65.32628,14.27823,14.40747,17.09575,19.54482
5745.35740,-0.86306,-1.39316,65.39542,14.27623,14.42560,17.11801,19.57557
5745.36740,-0.85940,-1.39243,65.47986,14.29159,14.44939,17.14872,19.59016
5745.37740,-0.89721,-1.37354,65.44390,14.28539,14.49403,17.08052,19.58396
5745.38740,-0.90163,-1.38076,65.41497,14.25654,14.48945,17.08882,19.58016
5745.39740,-0.89043,-1.39198,65.41086,14.24159,14.47039,17.11872,19.58016
5745.40740,-0.89722,-1.39155,65.41238,14.24159,14.47230,17.10920,19.58930
5745.41740,-0.92606,-1.38972,65.41886,14.24159,14.48039,17.06872,19.62816
5745.42740,-0.91754,-1.39769,65.41286,14.24159,14.45489,17.07872,19.63766
5745.43740,-0.91625,-1.40613,65.42429,14.23044,14.44682,17.09729,19.64973
5745.44740,-0.93069,-1.40708,65.45915,14.20816,14.48168,17.11443,19.65487
5745.45740,-0.93430,-1.40731,65.46786,14.20259,14.49039,17.11872,19.65616
5745.46740,-0.95223,-1.37696,65.48678,14.25333,14.53511,17.04992,19.64842
5745.47740,-0.94464,-1.36990,65.45665,14.26159,14.53388,17.03872,19.62247
5745.48740,-0.93982,-1.36784,65.45953,14.27026,14.53239,17.03872,19.61816
5745.49740,-0.91019,-1.36038,65.53046,14.32292,14.53239,17.06482,19.61033
5745.50740,-0.91256,-1.36654,65.49816,14.30559,14.51779,17.06310,19.61169
5745.51740,-0.93426,-1.38894,65.41579,14.22725,14.49561,17.06921,19.62372
5745.52740,-0.94502,-1.39815,65.48086,14.19259,14.53239,17.11872,19.63716
5745.53740,-0.93761,-1.39427,65.48586,14.21453,14.52378,17.11039,19.63716
5745.54740,-0.91832,-1.38419,65.49886,14.27159,14.50139,17.08872,19.63716
5745.55740,-0.91080,-1.38934,65.42156,14.26060,14.46366,17.07407,19.62324
5745.56740,-0.91440,-1.39782,65.29713,14.21022,14.43511,17.05941,19.59239
5745.57740,-0.94446,-1.39702,65.31386,14.15359,14.50139,17.07872,19.58016
5745.58740,-0.94562,-1.39398,65.30910,14.17154,14.49004,17.05674,19.59078
5745.59740,-0.95251,-1.39478,65.32358,14.19909,14.46655,17.02571,19.63223
5745.60740,-0.96159,-1.40602,65.36586,14.19259,14.45939,17.03872,19.67516
5745.61740,-0.96159,-1.40602,65.36586,14.19259,14.45939,17.03872,19.67516
5745.62740,-0.95932,-1.40832,65.33986,14.16359,14.47039,17.05872,19.64716
5745.63740,-0.94765,-1.41224,65.35828,14.17304,14.45779,17.07569,19.65177
5745.64740,-0.92745,-1.42156,65.42056,14.19764,14.43374,17.11139,19.67779
5745.65740,-0.97679,-1.41272,65.43486,14.18259,14.48039,17.05872,19.71316
5745.66740,-0.97627,-1.40564,65.43774,14.19675,14.48783,17.04672,19.70644
5745.67740,-0.96878,-1.38521,65.43933,14.23916,14.50476,17.01638,19.67903
5745.68740,-0.94442,-1.39357,65.40795,14.22905,14.47710,17.04829,19.65350
5745.69740,-0.92882,-1.39892,65.38786,14.22259,14.45939,17.06872,19.63716
5745.70740,-0.92468,-1.40062,65.40938,14.21431,14.47222,17.09355,19.62930
5745.71740,-0.91882,-1.40304,65.43986,14.20259,14.49039,17.12872,19.61816
5745.72740,-0.93130,-1.37591,65.42804,14.25686,14.50879,17.04993,19.61246
5745.73740,-0.94399,-1.36715,65.41486,14.22259,14.56239,17.05872,19.57116
5745.74740,-0.94027,-1.36500,65.40287,14.22908,14.55678,17.05212,19.56489
5745.75740,-0.91147,-1.34667,65.31224,14.28478,14.51370,16.99652,19.51724
5745.76740,-0.92254,-1.33909,65.36386,14.31059,14.53239,16.97872,19.54216
5745.77740,-0.92802,-1.33755,65.37915,14.30751,14.54662,16.98084,19.54418
5745.78740,-0.97359,-1.32479,65.50659,14.28184,14.66521,16.99854,19.56099
5745.79740,-0.97405,-1.32466,65.50786,14.28159,14.66639,16.99872,19.56116
5745.80740,-0.94046,-1.34160,65.42078,14.31734,14.54356,16.97214,19.58774
5745.81740,-0.98666,-1.34149,65.38415,14.26218,14.58288,16.94002,19.59907
5745.82740,-0.98715,-1.34147,65.38386,14.26159,14.58339,16.93972,19.59916
5745.83740,-0.91880,-1.34022,65.39386,14.32059,14.53239,16.98872,19.55216
5745.84740,-0.90968,-1.33334,65.40068,14.33195,14.54376,16.99440,19.53057
5745.85740,-0.90275,-1.32812,65.40586,14.34059,14.55239,16.99872,19.51416
5745.86740,-0.94701,-1.34149,65.44073,14.25638,14.61363,17.03274,19.53798
5745.87740,-0.95478,-1.34384,65.44686,14.24159,14.62439,17.03872,19.54216
5745.88740,-0.95196,-1.32745,65.37030,14.26139,14.61779,16.98658,19.50454
5745.89740,-0.92451,-1.32488,65.32853,14.30192,14.56617,16.96750,19.49294
5745.90740,-0.91708,-1.32657,65.32786,14.31059,14.55239,16.96972,19.49516
5745.91740,-0.91869,-1.29095,65.31496,14.35359,14.60571,16.91812,19.43754
5745.92740,-0.88102,-1.31923,65.33522,14.34339,14.54387,16.99486,19.45310
5745.93740,-0.87484,-1.32477,65.33886,14.34059,14.53239,17.00872,19.45716
5745.94740,-0.93125,-1.30364,65.34056,14.33207,14.60222,16.93294,19.47334
5745.95740,-0.94109,-1.29996,65.34086,14.33059,14.61439,16.91972,19.47616
5745.96740,-0.91095,-1.29627,65.33694,14.34969,14.60410,16.94422,19.43893
5745.97740,-0.89242,-1.30480,65.39334,14.35087,14.60347,16.99804,19.44096
5745.98740,-0.90631,-1.31816,65.45886,14.33059,14.61439,17.02872,19.48516
5745.99740,-0.88207,-1.32111,65.45960,14.33799,14.59885,17.05832,19.46444
5746.00740,-0.88590,-1.32735,65.44675,14.32410,14.58916,17.06026,19.47323
5746.01740,-0.90259,-1.33438,65.42904,14.30181,14.58345,17.04883,19.49494
5746.02740,-0.89576,-1.35330,65.42738,14.27199,14.55823,17.08819,19.50897
5746.03740,-0.88857,-1.37267,65.42586,14.24159,14.53239,17.12872,19.52316
5746.04740,-0.88025,-1.38263,65.37378,14.24159,14.48093,17.11632,19.53494
5746.05740,-0.87808,-1.40766,65.35240,14.22361,14.41777,17.12732,19.58370
5746.06740,-0.87988,-1.41925,65.35886,14.21259,14.39839,17.13872,19.60916
5746.07740,-0.87819,-1.40283,65.37796,14.24278,14.42366,17.12024,19.59129
5746.08740,-0.83712,-1.39861,65.34150,14.26159,14.40095,17.14592,19.53304
5746.09740,-0.81256,-1.40229,65.31186,14.26159,14.37739,17.16872,19.50416
5746.10740,-0.84863,-1.41156,65.47514,14.24926,14.43470,17.20507,19.58611
5746.11740,-0.87101,-1.41731,65.57686,14.24159,14.47039,17.22772,19.63716
5746.12740,-0.85841,-1.42038,65.52562,14.23987,14.44087,17.22391,19.62097
5746.13740,-0.82023,-1.42456,65.38626,14.24680,14.36096,17.20772,19.57078
5746.14740,-0.83641,-1.41532,65.46786,14.26159,14.40839,17.20772,19.59016
5746.15740,-0.82379,-1.41167,65.46310,14.27279,14.40559,17.21332,19.57140
5746.16740,-0.79802,-1.40422,65.45339,14.29564,14.39988,17.22475,19.53311
5746.17740,-0.81314,-1.41882,65.32995,14.25600,14.34355,17.18213,19.54827
5746.18740,-0.82438,-1.42734,65.26786,14.23259,14.31539,17.15872,19.56116
5746.19740,-0.84341,-1.41926,65.37220,14.23259,14.38421,17.18018,19.57522
5746.20740,-0.85008,-1.41642,65.40886,14.23259,14.40839,17.18772,19.58016
5746.21740,-0.85654,-1.41953,65.42919,14.23259,14.40839,17.18772,19.60049
5746.22740,-0.86424,-1.44028,65.53129,14.22511,14.40092,17.23257,19.67270
5746.23740,-0.86591,-1.44683,65.56286,14.22259,14.39839,17.24772,19.69416
5746.24740,-0.85310,-1.44418,65.49750,14.21019,14.38987,17.24812,19.64932
5746.25740,-0.88088,-1.43434,65.50586,14.20259,14.42939,17.21772,19.65616
5746.26740,-0.86194,-1.43978,65.48786,14.21009,14.39839,17.23022,19.64916
5746.27740,-0.80508,-1.45613,65.43386,14.23259,14.30539,17.26772,19.62816
5746.28740,-0.80508,-1.45613,65.43386,14.23259,14.30539,17.26772,19.62816
5746.29740,-0.84887,-1.47822,65.45342,14.15470,14.32839,17.28883,19.68149
5746.30740,-0.83853,-1.49809,65.45786,14.16359,14.26439,17.29772,19.73216
5746.31740,-0.84010,-1.49723,65.45218,14.16359,14.26439,17.29261,19.73159
5746.32740,-0.85321,-1.49006,65.40484,14.16359,14.26439,17.25006,19.72680
5746.33740,-0.82895,-1.49757,65.22186,14.11459,14.21239,17.24772,19.64716
5746.34740,-0.82357,-1.49599,65.23141,14.12406,14.21159,17.25093,19.64483
5746.35740,-0.77482,-1.48164,65.31828,14.21019,14.20429,17.28013,19.62366
5746.36740,-0.76216,-1.47792,65.34086,14.23259,14.20239,17.28772,19.61816
5746.37740,-0.82654,-1.45995,65.48121,14.21282,14.33484,17.27784,19.65572
5746.38740,-0.78872,-1.46023,65.48384,14.23219,14.31581,17.31693,19.61891
5746.39740,-0.78794,-1.46024,65.48386,14.23259,14.31539,17.31772,19.61816
5746.40740,-0.81660,-1.45464,65.28584,14.20288,14.27480,17.20881,19.59935
5746.41740,-0.78358,-1.45205,65.40563,14.22239,14.31498,17.29682,19.57144
5746.42740,-0.78324,-1.45202,65.40686,14.22259,14.31539,17.29772,19.57116
5746.43740,-0.76665,-1.43134,65.49312,14.30884,14.32618,17.27812,19.57998
5746.44740,-0.76632,-1.43093,65.49486,14.31059,14.32639,17.27772,19.58016
5746.45740,-0.78081,-1.41631,65.43216,14.29805,14.35345,17.23812,19.54254
5746.46740,-0.79397,-1.41199,65.38484,14.26788,14.37530,17.22562,19.51605
5746.47740,-0.79547,-1.41285,65.38086,14.26159,14.37739,17.22772,19.51416
5746.48740,-0.81823,-1.38526,65.39821,14.31276,14.41295,17.15053,19.52197
5746.49740,-0.80834,-1.38124,65.34083,14.32059,14.39142,17.13002,19.49880
5746.50740,-0.80634,-1.38127,65.33186,14.32059,14.38739,17.12872,19.49516
5746.51740,-0.77758,-1.38408,65.35013,14.33799,14.36999,17.16352,19.47863
5746.52740,-0.77329,-1.38449,65.35286,14.34059,14.36739,17.16872,19.47616
5746.53740,-0.77329,-1.38449,65.35286,14.34059,14.36739,17.16872,19.47616
5746.54740,-0.76010,-1.38798,65.14786,14.26159,14.34639,17.16872,19.37116
5746.55740,-0.75777,-1.37937,65.37330,14.33088,14.40078,17.21170,19.42993
5746.56740,-0.75744,-1.37816,65.40486,14.34059,14.40839,17.21772,19.43816
5746.57740,-0.74792,-1.36507,65.45586,14.36959,14.43939,17.22772,19.41916
5746.58740,-0.74395,-1.36546,65.35027,14.37610,14.38530,17.17623,19.41264
5746.59740,-0.73933,-1.36007,65.33126,14.37959,14.38890,17.17054,19.39224
5746.60740,-0.73623,-1.35310,65.37786,14.37959,14.42939,17.19772,19.37116
5746.61740,-0.73080,-1.36768,65.40790,14.35101,14.42939,17.24901,19.37849
5746.62740,-0.75157,-1.36914,65.30825,14.32584,14.40653,17.19472,19.38116
5746.63740,-0.75969,-1.36776,65.26886,14.32059,14.39839,17.16872,19.38116
5746.64740,-0.75040,-1.34515,65.29875,14.37351,14.42339,17.14422,19.35764
5746.65740,-0.74075,-1.32164,65.32986,14.42859,14.44939,17.11872,19.33316
5746.66740,-0.73290,-1.35315,65.38110,14.39870,14.41157,17.18521,19.38562
5746.67740,-0.73393,-1.37109,65.46667,14.39187,14.40459,17.23181,19.43840
5746.68740,-0.74264,-1.36796,65.54286,14.40959,14.42939,17.23772,19.46616
5746.69740,-0.74347,-1.37618,65.46970,14.37301,14.41017,17.23772,19.44880
5746.70740,-0.73193,-1.37181,65.43767,14.37497,14.40666,17.23772,19.41832
5746.71740,-0.71485,-1.35846,65.45586,14.40959,14.41839,17.23772,19.39016
5746.72740,-0.73154,-1.35556,65.42695,14.39489,14.42868,17.21322,19.39016
5746.73740,-0.74893,-1.35253,65.39686,14.37959,14.43939,17.18772,19.39016
5746.74740,-0.74372,-1.33138,65.37040,14.40360,14.46438,17.15881,19.34361
5746.75740,-0.75139,-1.33459,65.37471,14.38547,14.47520,17.16743,19.34661
5746.76740,-0.76502,-1.36085,65.40786,14.34059,14.45939,17.20772,19.40016
5746.77740,-0.73878,-1.34348,65.40492,14.38371,14.46478,17.20282,19.35361
5746.78740,-0.72634,-1.33318,65.40629,14.40826,14.47039,17.19772,19.32992
5746.79740,-0.75670,-1.34903,65.41533,14.36677,14.47039,17.19772,19.38045
5746.80740,-0.75580,-1.35438,65.38646,14.36103,14.44807,17.19088,19.38648
5746.81740,-0.73314,-1.35289,65.32886,14.37959,14.40839,17.17872,19.36216
5746.82740,-0.73306,-1.35331,65.34302,14.37959,14.41343,17.18568,19.36432
5746.83740,-0.74233,-1.35566,65.40068,14.37686,14.43485,17.20227,19.38671
5746.84740,-0.76768,-1.35837,65.43486,14.36959,14.44939,17.18772,19.42816
5746.85740,-0.76768,-1.35837,65.43486,14.36959,14.44939,17.18772,19.42816
5746.86740,-0.74841,-1.38090,65.39506,14.31751,14.41931,17.24972,19.40852
5746.87740,-0.72483,-1.39017,65.56986,14.39959,14.38739,17.28772,19.49516
5746.88740,-0.72075,-1.38154,65.55162,14.41135,14.39243,17.27332,19.47452
5746.89740,-0.71232,-1.35550,65.50792,14.44859,14.41082,17.22772,19.42080
5746.90740,-0.73379,-1.36728,65.53008,14.41690,14.41839,17.23762,19.45716
5746.91740,-0.75554,-1.39446,65.45339,14.31433,14.40920,17.27027,19.45959
5746.92740,-0.75182,-1.41022,65.40977,14.28827,14.37090,17.28091,19.46969
5746.93740,-0.74943,-1.42032,65.38186,14.27159,14.34639,17.28772,19.47616
5746.94740,-0.74859,-1.40990,65.37095,14.29304,14.35003,17.26227,19.46561
5746.95740,-0.74219,-1.39790,65.35919,14.32326,14.34907,17.23604,19.45082
5746.96740,-0.73365,-1.40868,65.37186,14.31059,14.33639,17.26772,19.45716
5746.97740,-0.73973,-1.41076,65.43558,14.31779,14.35115,17.28212,19.48452
5746.98740,-0.75050,-1.41444,65.54886,14.33059,14.37739,17.30772,19.53316
5746.99740,-0.75071,-1.41825,65.53024,14.31148,14.37739,17.31752,19.52385
5747.00740,-0.75964,-1.42423,65.45794,14.26268,14.37739,17.31792,19.49995
5747.01740,-0.76872,-1.42631,65.40286,14.23259,14.37739,17.30772,19.48516
5747.02740,-0.78304,-1.42159,65.38954,14.22558,14.39212,17.28669,19.48516
5747.03740,-0.74911,-1.41896,65.25688,14.25538,14.31178,17.24408,19.44564
5747.04740,-0.74152,-1.41885,65.23286,14.26159,14.29539,17.23772,19.43816
5747.05740,-0.74263,-1.45017,65.27939,14.22298,14.26470,17.29712,19.49459
5747.06740,-0.74264,-1.45048,65.27986,14.22259,14.26439,17.29772,19.49516
5747.07740,-0.74841,-1.44468,65.37786,14.24139,14.30498,17.31752,19.51397
5747.08740,-0.74597,-1.45821,65.51315,14.25139,14.31520,17.37653,19.57003
5747.09740,-0.74592,-1.45848,65.51586,14.25159,14.31539,17.37772,19.57116
5747.10740,-0.76184,-1.43215,65.51126,14.28447,14.35617,17.31853,19.55209
5747.11740,-0.76925,-1.42721,65.42645,14.26317,14.35456,17.28772,19.52100
5747.12740,-0.76855,-1.43421,65.36086,14.23259,14.33639,17.28772,19.50416
5747.13740,-0.73462,-1.42981,65.44677,14.26576,14.35340,17.34726,19.48034
5747.14740,-0.72867,-1.42903,65.46186,14.27159,14.35639,17.35772,19.47616
5747.15740,-0.74397,-1.41760,65.36726,14.28019,14.33919,17.28032,19.46756
5747.16740,-0.77045,-1.41892,65.51612,14.26439,14.41637,17.32792,19.50744
5747.17740,-0.77435,-1.41944,65.54286,14.26159,14.42939,17.33772,19.51416
5747.18740,-0.73726,-1.39604,65.42485,14.30379,14.40269,17.29465,19.42371
5747.19740,-0.74318,-1.38189,65.33620,14.33639,14.37173,17.21032,19.41776
5747.20740,-0.74512,-1.38020,65.32486,14.34059,14.36739,17.19772,19.41916
5747.21740,-0.73858,-1.38055,65.38021,14.34516,14.38615,17.22974,19.41916
5747.22740,-0.73099,-1.38095,65.44457,14.35048,14.40796,17.26698,19.41916
5747.23740,-0.73187,-1.39207,65.46288,14.36465,14.36991,17.26032,19.46800
5747.24740,-0.73740,-1.40100,65.47110,14.33296,14.37957,17.28762,19.47096
5747.25740,-0.73914,-1.40270,65.47186,14.32059,14.38739,17.29772,19.46616
5747.26740,-0.72426,-1.39095,65.45722,14.34789,14.38739,17.28585,19.43609
5747.27740,-0.70413,-1.37507,65.43743,14.38479,14.38739,17.26981,19.39544
5747.28740,-0.71691,-1.38413,65.46254,14.36981,14.38739,17.27761,19.42773
5747.29740,-0.71709,-1.38426,65.46286,14.36959,14.38739,17.27772,19.42816
5747.30740,-0.73950,-1.40069,65.41086,14.33059,14.35639,17.25772,19.46616
5747.31740,-0.73905,-1.38751,65.40944,14.35303,14.37117,17.23528,19.44997
5747.32740,-0.73322,-1.36305,65.40622,14.38456,14.40839,17.21100,19.40227
5747.33740,-0.72498,-1.37847,65.40686,14.34059,14.40839,17.26772,19.39016
5747.34740,-0.73879,-1.35668,65.38854,14.36979,14.43364,17.20881,19.37630
5747.35740,-0.74412,-1.34612,65.41249,14.38979,14.45449,17.19233,19.37588
5747.36740,-0.73501,-1.35826,65.45686,14.37959,14.44939,17.23772,19.39016
5747.37740,-0.75180,-1.35480,65.37815,14.37018,14.43405,17.18376,19.39016
5747.38740,-0.76896,-1.35127,65.29786,14.36059,14.41839,17.12872,19.39016
5747.39740,-0.75295,-1.35388,65.31485,14.36059,14.41839,17.16106,19.37481
5747.40740,-0.72031,-1.35921,65.34951,14.36059,14.41839,17.22706,19.34347
5747.41740,-0.72112,-1.35354,65.51686,14.41959,14.44939,17.24772,19.40016
5747.42740,-0.72632,-1.35716,65.46610,14.40159,14.43463,17.23332,19.39656
5747.43740,-0.73537,-1.36770,65.36981,14.36411,14.39947,17.21060,19.39563
5747.44740,-0.73484,-1.37782,65.35486,14.35059,14.37739,17.21772,19.40916
5747.45740,-0.73567,-1.38062,65.35795,14.33894,14.38238,17.22960,19.40702
5747.46740,-0.73833,-1.38958,65.36786,14.30159,14.39839,17.26772,19.40016
5747.47740,-0.73939,-1.38172,65.36570,14.31575,14.40583,17.25092,19.39320
5747.48740,-0.74897,-1.36202,65.39822,14.36059,14.43179,17.20732,19.39852
5747.49740,-0.76864,-1.37847,65.52286,14.36059,14.43939,17.23772,19.48516
5747.50740,-0.76558,-1.38257,65.49786,14.35069,14.42652,17.24020,19.48046
5747.51740,-0.75820,-1.39487,65.42794,14.32379,14.38739,17.24452,19.47224
5747.52740,-0.76628,-1.39410,65.45327,14.33712,14.38739,17.23119,19.49757
5747.53740,-0.76374,-1.39298,65.46119,14.34381,14.38739,17.23216,19.49783
5747.54740,-0.72658,-1.38563,65.47186,14.36959,14.38739,17.26772,19.44716
5747.55740,-0.72721,-1.38748,65.47408,14.36525,14.38739,17.27216,19.44927
5747.56740,-0.73548,-1.40280,65.48466,14.32711,14.38619,17.30292,19.46844
5747.57740,-0.75879,-1.40669,65.43186,14.30159,14.37739,17.26772,19.48516
5747.58740,-0.75598,-1.40529,65.42944,14.30907,14.37288,17.26332,19.48417
5747.59740,-0.73427,-1.39555,65.42237,14.36651,14.34029,17.23526,19.48031
5747.60740,-0.74376,-1.41032,65.53608,14.33851,14.37572,17.30383,19.51802
5747.61740,-0.74981,-1.41975,65.60886,14.32059,14.39839,17.34772,19.54216
5747.62740,-0.75236,-1.40935,65.62458,14.35328,14.40253,17.31875,19.55002
5747.63740,-0.75597,-1.39462,65.64686,14.39959,14.40839,17.27772,19.56116
5747.64740,-0.75095,-1.40011,65.62069,14.37787,14.40283,17.29442,19.54557
5747.65740,-0.75536,-1.40989,65.55045,14.33009,14.39168,17.30162,19.52706
5747.66740,-0.76075,-1.41335,65.51886,14.31059,14.38739,17.29772,19.52316
5747.67740,-0.75442,-1.41920,65.42816,14.30431,14.33716,17.26981,19.51688
5747.68740,-0.78001,-1.42568,65.51079,14.31756,14.34146,17.25772,19.59405
5747.69740,-0.78536,-1.42642,65.53386,14.32059,14.34639,17.25772,19.60916
5747.70740,-0.78039,-1.43322,65.45338,14.28012,14.33214,17.26692,19.57421
5747.71740,-0.77460,-1.44115,65.35980,14.23306,14.31556,17.27761,19.53357
5747.72740,-0.77666,-1.45957,65.27630,14.22399,14.23541,17.24332,19.57358
5747.73740,-0.78314,-1.47500,65.42444,14.23909,14.24064,17.28984,19.65487
5747.74740,-0.78406,-1.47687,65.44886,14.24159,14.24339,17.29772,19.66616
5747.75740,-0.81057,-1.46725,65.39024,14.20779,14.27926,17.26324,19.63995
5747.76740,-0.80637,-1.47189,65.41788,14.22836,14.25743,17.26232,19.66977
5747.77740,-0.80040,-1.47520,65.43786,14.24159,14.24339,17.26772,19.68516
5747.78740,-0.83041,-1.44932,65.44226,14.23499,14.32619,17.23109,19.64999
5747.79740,-0.84135,-1.43988,65.44386,14.23259,14.35639,17.21772,19.63716
5747.80740,-0.79653,-1.45055,65.45736,14.26184,14.30239,17.26272,19.63041
5747.81740,-0.78265,-1.45956,65.49602,14.29386,14.26137,17.27029,19.67049
5747.82740,-0.78302,-1.46144,65.50786,14.30159,14.25339,17.26772,19.68516
5747.83740,-0.79882,-1.45398,65.49602,14.27199,14.29927,17.26772,19.65704
5747.84740,-0.81130,-1.43963,65.48206,14.28560,14.32078,17.22851,19.64716
5747.85740,-0.81851,-1.42742,65.47186,14.31059,14.32639,17.18772,19.64716
5747.86740,-0.83293,-1.42280,65.44290,14.29272,14.34488,17.16985,19.63545
5747.87740,-0.84193,-1.41991,65.42486,14.28159,14.35639,17.15872,19.62816
5747.88740,-0.82366,-1.41411,65.45555,14.31167,14.35639,17.17100,19.61650
5747.89740,-0.82610,-1.39956,65.51861,14.34907,14.38843,17.16024,19.62087
5747.90740,-0.83476,-1.39277,65.54586,14.36059,14.40839,17.14872,19.62816
5747.91740,-0.84654,-1.37539,65.50556,14.35439,14.44683,17.11772,19.58662
5747.92740,-0.84117,-1.38009,65.46674,14.33831,14.43233,17.12327,19.57282
5747.93740,-0.83323,-1.38976,65.45786,14.33059,14.40839,17.13872,19.58016
5747.94740,-0.85826,-1.38483,65.41815,14.30643,14.42927,17.10597,19.57648
5747.95740,-0.89442,-1.37770,65.36086,14.27159,14.45939,17.05872,19.57116
5747.96740,-0.89465,-1.37265,65.46278,14.30050,14.48977,17.07832,19.59419
5747.97740,-0.87571,-1.37341,65.53897,14.34039,14.48121,17.10362,19.61375
5747.98740,-0.85573,-1.37965,65.50786,14.35059,14.43939,17.10872,19.60916
5747.99740,-0.86750,-1.37049,65.49066,14.34798,14.46077,17.08526,19.59665
5748.00740,-0.89154,-1.35177,65.45555,14.34266,14.50438,17.03739,19.57112
5748.01740,-0.85936,-1.35615,65.33186,14.34059,14.43939,17.02872,19.52316
5748.02740,-0.86776,-1.34834,65.35246,14.34615,14.46529,17.02037,19.52065
5748.03740,-0.88489,-1.33242,65.39451,14.35752,14.51813,17.00332,19.51554
5748.04740,-0.88951,-1.32812,65.40586,14.36059,14.53239,16.99872,19.51416
5748.05740,-0.88381,-1.32908,65.36731,14.34082,14.53239,17.00861,19.48549
5748.06740,-0.91669,-1.34256,65.44986,14.36959,14.50139,16.96972,19.60916
5748.07740,-0.91703,-1.33889,65.44090,14.36959,14.50795,16.96492,19.59844
5748.08740,-0.91844,-1.32362,65.40357,14.36959,14.53529,16.94492,19.55377
5748.09740,-0.92197,-1.31770,65.40386,14.36959,14.55239,16.93972,19.54216
5748.10740,-0.93145,-1.31723,65.41922,14.35543,14.57471,16.94692,19.54216
5748.11740,-0.96142,-1.31572,65.46786,14.31059,14.64539,16.96972,19.54216
5748.12740,-0.95568,-1.31649,65.45477,14.32271,14.62527,16.96002,19.54677
5748.13740,-0.92307,-1.32477,65.42401,14.35564,14.55497,16.96165,19.55175
5748.14740,-0.87859,-1.34263,65.45486,14.34059,14.53239,17.05872,19.52316
5748.15740,-0.87859,-1.34263,65.45486,14.34059,14.53239,17.05872,19.52316
5748.16740,-0.90552,-1.30161,65.35465,14.38086,14.56549,16.92972,19.47858
5748.17740,-0.89060,-1.31299,65.32586,14.38959,14.51139,16.92972,19.49516
5748.18740,-0.88960,-1.31437,65.33750,14.38959,14.51259,16.93680,19.49852
5748.19740,-0.88233,-1.32446,65.42286,14.38959,14.52139,16.98872,19.52316
5748.20740,-0.88370,-1.32179,65.42271,14.39032,14.52826,16.98584,19.51829
5748.21740,-0.89615,-1.29749,65.42137,14.39704,14.59068,16.95967,19.47399
5748.22740,-0.90697,-1.30323,65.35788,14.37990,14.56322,16.93004,19.48472
5748.23740,-0.90707,-1.30348,65.35686,14.37959,14.56239,16.92972,19.48516
5748.24740,-0.89004,-1.28031,65.36080,14.41282,14.59731,16.92409,19.42659
5748.25740,-0.87780,-1.27477,65.36242,14.42443,14.60231,16.93172,19.40396
5748.26740,-0.88088,-1.31410,65.35786,14.37959,14.53239,16.96972,19.47616
5748.27740,-0.88349,-1.30919,65.37058,14.37959,14.55207,16.97188,19.46704
5748.28740,-0.89175,-1.29369,65.41086,14.37959,14.61439,16.97872,19.43816
5748.29740,-0.88626,-1.27691,65.41377,14.38927,14.65411,16.97872,19.39166
5748.30740,-0.93383,-1.29132,65.62669,14.38959,14.70687,17.00842,19.52182
5748.31740,-0.93432,-1.29147,65.62886,14.38959,14.70739,17.00872,19.52316
5748.32740,-0.89055,-1.28593,65.45086,14.41959,14.61439,16.95972,19.45716
5748.33740,-0.89055,-1.28593,65.45086,14.41959,14.61439,16.95972,19.45716
5748.34740,-0.92239,-1.30910,65.46786,14.35059,14.62439,16.98872,19.50416
5748.35740,-0.92682,-1.33202,65.50251,14.35059,14.57390,16.99862,19.57941
5748.36740,-0.92686,-1.33225,65.50286,14.35059,14.57339,16.99872,19.58016
5748.37740,-0.92981,-1.32741,65.48604,14.35059,14.57984,16.98620,19.56941
5748.38740,-0.95690,-1.30227,65.36878,14.33468,14.61603,16.90511,19.51296
5748.39740,-0.97484,-1.32475,65.36586,14.29159,14.59339,16.91972,19.56116
5748.40740,-0.96844,-1.32127,65.36296,14.29572,14.59795,16.92386,19.54544
5748.41740,-0.95938,-1.31634,65.35886,14.30159,14.60439,16.92972,19.52316
5748.42740,-0.96229,-1.34579,65.42610,14.24683,14.60439,17.01221,19.56267
5748.43740,-0.95542,-1.32507,65.46824,14.32492,14.60439,16.96464,19.57429
5748.44740,-0.95106,-1.30705,65.47486,14.37959,14.60439,16.91972,19.57116
5748.45740,-0.96424,-1.31855,65.51809,14.35101,14.61905,16.94903,19.59900
5748.46740,-0.94621,-1.33473,65.46160,14.30446,14.59416,16.99585,19.56713
5748.47740,-0.93807,-1.33901,65.43586,14.29159,14.58339,17.00872,19.55216
5748.48740,-0.93662,-1.32897,65.53650,14.34931,14.59893,17.00132,19.58694
5748.49740,-0.93612,-1.32545,65.57186,14.36959,14.60439,16.99872,19.59916
5748.50740,-0.93575,-1.35229,65.51192,14.31927,14.55111,17.02092,19.62062
5748.51740,-0.90693,-1.37395,65.58410,14.32305,14.51685,17.09532,19.64888
5748.52740,-0.89687,-1.37823,65.61686,14.33059,14.51139,17.11872,19.65616
5748.53740,-0.90079,-1.35897,65.59743,14.34202,14.54682,17.09205,19.61654
5748.54740,-0.89199,-1.31770,65.55488,14.37828,14.61049,17.04872,19.51739
5748.55740,-0.88229,-1.31133,65.54786,14.38959,14.61439,17.04872,19.49516
5748.56740,-0.89220,-1.31506,65.51553,14.38349,14.59548,17.02432,19.51224
5748.57740,-0.89854,-1.31744,65.49486,14.37959,14.58339,17.00872,19.52316
5748.58740,-0.88614,-1.33177,65.37066,14.33279,14.53419,17.01472,19.48896
5748.59740,-0.89338,-1.33500,65.35813,14.30645,14.54572,17.02413,19.48184
5748.60740,-0.90655,-1.32962,65.41786,14.31059,14.58339,17.02872,19.49516
5748.61740,-0.89520,-1.31747,65.48122,14.34851,14.60835,17.03832,19.48604
5748.62740,-0.90414,-1.30805,65.48634,14.36098,14.62521,17.01478,19.48537
5748.63740,-0.92673,-1.31200,65.41886,14.33059,14.61439,16.97872,19.49516
5748.64740,-0.91201,-1.30509,65.47271,14.35921,14.62943,16.99813,19.48594
5748.65740,-0.89641,-1.29777,65.52986,14.38959,14.64539,17.01872,19.47616
5748.66740,-0.89252,-1.30238,65.47697,14.38310,14.61521,17.00574,19.47291
5748.67740,-0.88457,-1.31181,65.36902,14.36985,14.55363,16.97925,19.46629
5748.68740,-0.89284,-1.29412,65.47686,14.42859,14.59339,16.95972,19.49516
5748.69740,-0.89456,-1.29293,65.44585,14.41825,14.59339,16.95259,19.48162
5748.70740,-0.90459,-1.29053,65.39693,14.39252,14.60435,16.93972,19.46034
5748.71740,-0.91725,-1.29004,65.40986,14.37959,14.62439,16.93972,19.46616
5748.72740,-0.90848,-1.28005,65.42648,14.39019,14.64985,16.95033,19.43611
5748.73740,-0.89245,-1.26178,65.45686,14.40959,14.69639,16.96972,19.38116
5748.74740,-0.89023,-1.26540,65.45743,14.41514,14.68069,16.96781,19.39380
5748.75740,-0.88405,-1.27547,65.45903,14.43057,14.63707,16.96249,19.42890
5748.76740,-0.89173,-1.28580,65.48410,14.41968,14.62942,16.97378,19.46122
5748.77740,-0.90330,-1.29121,65.50986,14.39959,14.64539,16.98872,19.47616
5748.78740,-0.91223,-1.27584,65.39479,14.39959,14.63846,16.92009,19.43665
5748.79740,-0.87251,-1.28639,65.42757,14.42781,14.59451,16.96759,19.43765
5748.80740,-0.86967,-1.28412,65.43970,14.43579,14.59843,16.96972,19.43576
5748.81740,-0.86448,-1.27544,65.47086,14.45859,14.61439,16.96972,19.42816
5748.82740,-0.86834,-1.27633,65.48250,14.45383,14.62176,16.97423,19.43267
5748.83740,-0.87047,-1.28358,65.52637,14.44091,14.63331,17.00498,19.44716
5748.84740,-0.83671,-1.29811,65.54786,14.44859,14.59339,17.05872,19.44716
5748.85740,-0.83861,-1.29551,65.51998,14.45091,14.58619,17.04013,19.44275
5748.86740,-0.84882,-1.28570,65.42596,14.45859,14.56501,16.97183,19.43054
5748.87740,-0.86152,-1.28183,65.41986,14.45859,14.57339,16.94972,19.43816
5748.88740,-0.86152,-1.28183,65.41986,14.45859,14.57339,16.94972,19.43816
5748.89740,-0.85518,-1.28819,65.44459,14.45131,14.57339,16.97845,19.44143
5748.90740,-0.84409,-1.29930,65.48786,14.43859,14.57339,17.02872,19.44716
5748.91740,-0.83635,-1.29515,65.50827,14.47114,14.56181,17.01769,19.45764
5748.92740,-0.85628,-1.32725,65.46586,14.38959,14.53239,17.04872,19.49516
5748.93740,-0.85268,-1.32540,65.46575,14.39828,14.52898,17.04542,19.49307
5748.94740,-0.82871,-1.31183,65.46002,14.45700,14.50667,17.02019,19.47616
5748.95740,-0.87560,-1.32503,65.41602,14.35167,14.55467,17.03352,19.47616
5748.96740,-0.89390,-1.33018,65.39886,14.31059,14.57339,17.03872,19.47616
5748.97740,-0.83034,-1.33877,65.42140,14.40763,14.46165,17.04852,19.50361
5748.98740,-0.82906,-1.33895,65.42186,14.40959,14.45939,17.04872,19.50416
5748.99740,-0.81595,-1.35275,65.42186,14.39969,14.42969,17.07842,19.51406
5749.00740,-0.81988,-1.33060,65.43460,14.40939,14.48919,17.06892,19.46711
5749.01740,-0.81996,-1.33015,65.43486,14.40959,14.49039,17.06872,19.46616
5749.02740,-0.81241,-1.33003,65.51886,14.44703,14.49039,17.08312,19.49832
5749.03740,-0.81954,-1.34922,65.45177,14.40518,14.44751,17.08190,19.51718
5749.04740,-0.82244,-1.35289,65.42186,14.38959,14.43939,17.07872,19.51416
5749.05740,-0.80413,-1.33482,65.38051,14.42318,14.43939,17.05288,19.46506
5749.06740,-0.80119,-1.33191,65.37386,14.42859,14.43939,17.04872,19.45716
5749.07740,-0.82177,-1.32957,65.34486,14.39882,14.46305,17.03346,19.44953
5749.08740,-0.79639,-1.34941,65.41054,14.38120,14.45277,17.12102,19.45555
5749.09740,-0.79030,-1.35335,65.42486,14.37959,14.44939,17.13872,19.45716
5749.10740,-0.78004,-1.34194,65.40976,14.42899,14.42606,17.09755,19.45716
5749.11740,-0.76810,-1.32867,65.39221,14.48644,14.39894,17.04968,19.45716
5749.12740,-0.76786,-1.32840,65.39186,14.48759,14.39839,17.04872,19.45716
5749.13740,-0.81495,-1.36729,65.36246,14.36313,14.39839,17.08792,19.51302
5749.14740,-0.79279,-1.37802,65.32886,14.36959,14.34639,17.09872,19.51416
5749.15740,-0.79611,-1.37687,65.33116,14.36669,14.35359,17.09772,19.51316
5749.16740,-0.82228,-1.36476,65.36317,14.34756,14.42152,17.09276,19.50133
5749.17740,-0.78950,-1.34889,65.46386,14.40959,14.44939,17.12872,19.47616
5749.18740,-0.78908,-1.34603,65.49924,14.42728,14.45549,17.12872,19.48775
5749.19740,-0.80010,-1.35915,65.49589,14.40899,14.43463,17.12872,19.52355
5749.20740,-0.80751,-1.36895,65.47886,14.38959,14.41839,17.12872,19.54216
5749.21740,-0.82043,-1.35366,65.49411,14.38959,14.46902,17.11652,19.51898
5749.22740,-0.82868,-1.34389,65.50386,14.38959,14.50139,17.10872,19.50416
5749.23740,-0.82635,-1.35279,65.42855,14.37345,14.45877,17.09217,19.50416
5749.24740,-0.82167,-1.37164,65.41743,14.35980,14.41343,17.10753,19.53666
5749.25740,-0.82023,-1.37820,65.51886,14.36959,14.42939,17.14872,19.57116
5749.26740,-0.81899,-1.36589,65.47460,14.36959,14.44531,17.12931,19.53040
5749.27740,-0.81144,-1.35217,65.40726,14.38879,14.43583,17.08912,19.49352
5749.28740,-0.80538,-1.35836,65.40986,14.40959,14.39839,17.07872,19.52316
5749.29740,-0.80611,-1.35670,65.45702,14.41319,14.42035,17.09672,19.52676
5749.30740,-0.80740,-1.35374,65.54086,14.41959,14.45939,17.12872,19.53316
5749.31740,-0.80489,-1.35581,65.48206,14.40209,14.44504,17.12172,19.51321
5749.32740,-0.80067,-1.36035,65.40363,14.37241,14.42714,17.12001,19.48406
5749.33740,-0.80185,-1.36209,65.48186,14.37959,14.44939,17.14872,19.50416
5749.34740,-0.80734,-1.36133,65.46049,14.37959,14.44219,17.13013,19.50857
5749.35740,-0.82162,-1.35390,65.40714,14.39135,14.42823,17.07112,19.51644
5749.36740,-0.80937,-1.33848,65.46186,14.42859,14.45939,17.07872,19.49516
5749.37740,-0.81627,-1.33457,65.46906,14.43323,14.46915,17.06710,19.49957
5749.38740,-0.83907,-1.32166,65.49286,14.44859,14.50139,17.02872,19.51416
5749.39740,-0.83402,-1.33116,65.44895,14.42117,14.48211,17.04266,19.50301
5749.40740,-0.81938,-1.36609,65.33382,14.33220,14.42017,17.09838,19.48307
5749.41740,-0.82802,-1.38031,65.45865,14.33891,14.42755,17.13865,19.55354
5749.42740,-0.82689,-1.37887,65.48641,14.35223,14.43058,17.14040,19.56320
5749.43740,-0.80414,-1.34384,65.46185,14.43430,14.43829,17.08092,19.50834
5749.44740,-0.81787,-1.36025,65.46986,14.39959,14.42939,17.09872,19.54216
5749.45740,-0.81375,-1.35857,65.46299,14.40454,14.42626,17.09670,19.53549
5749.46740,-0.77701,-1.34354,65.40186,14.44859,14.39839,17.07872,19.47616
5749.47740,-0.77924,-1.34428,65.40449,14.44541,14.40060,17.07980,19.47869
5749.48740,-0.80152,-1.35170,65.43084,14.41369,14.42264,17.09055,19.50396
5749.49740,-0.81808,-1.36064,65.47241,14.38686,14.44212,17.11236,19.53107
5749.50740,-0.81712,-1.36945,65.52986,14.37959,14.44939,17.14872,19.55216
5749.51740,-0.81344,-1.36149,65.47795,14.37959,14.44939,17.12931,19.51966
5749.52740,-0.83854,-1.36366,65.48079,14.36910,14.45491,17.10320,19.55357
5749.53740,-0.86208,-1.37227,65.52786,14.36059,14.45939,17.09872,19.60916
5749.54740,-0.86824,-1.36013,65.65366,14.39685,14.51341,17.11352,19.62988
5749.55740,-0.87039,-1.35588,65.69786,14.40959,14.53239,17.11872,19.63716
5749.56740,-0.84667,-1.36534,65.61086,14.39799,14.47845,17.12452,19.60990
5749.57740,-0.85631,-1.35183,65.41836,14.36813,14.46233,17.04732,19.54058
5749.58740,-0.86578,-1.34466,65.37286,14.36059,14.47039,17.01872,19.52316
5749.59740,-0.83425,-1.34822,65.43306,14.37693,14.47039,17.07892,19.50682
5749.60740,-0.84604,-1.36045,65.40242,14.34029,14.45843,17.08302,19.52068
5749.61740,-0.85884,-1.36927,65.37186,14.31059,14.44939,17.07872,19.53316
5749.62740,-0.89700,-1.33672,65.43032,14.37645,14.50267,16.98326,19.56794
5749.63740,-0.91040,-1.32529,65.45086,14.39959,14.52139,16.94972,19.58016
5749.64740,-0.87691,-1.33669,65.42171,14.37716,14.49822,17.00877,19.53755
5749.65740,-0.86830,-1.33596,65.38469,14.36427,14.49689,17.01691,19.50662
5749.66740,-0.87018,-1.33277,65.36586,14.36059,14.50139,17.00872,19.49516
5749.67740,-0.85795,-1.32656,65.36463,14.39078,14.48845,16.99640,19.48900
5749.68740,-0.86289,-1.33272,65.42893,14.40345,14.48653,17.00714,19.53181
5749.69740,-0.87078,-1.33901,65.46986,14.39959,14.49039,17.01872,19.56116
5749.70740,-0.85677,-1.32738,65.48270,14.42135,14.50770,17.02430,19.52935
5749.71740,-0.85689,-1.32361,65.52817,14.43859,14.52139,17.02872,19.53947
5749.72740,-0.87299,-1.33285,65.56821,14.43522,14.51589,17.02695,19.59016
5749.73740,-0.88253,-1.34597,65.42581,14.37554,14.47505,17.00387,19.57135
5749.74740,-0.89218,-1.35250,65.33086,14.33059,14.45939,16.98872,19.55216
5749.75740,-0.90683,-1.34836,65.31825,14.31652,14.47977,16.97465,19.54731
5749.76740,-0.90526,-1.33853,65.30006,14.32511,14.49131,16.95972,19.52392
5749.77740,-0.88671,-1.33265,65.29486,14.35059,14.48039,16.95972,19.50416
5749.78740,-0.88663,-1.32692,65.32426,14.36970,14.49068,16.95482,19.50906
5749.79740,-0.89838,-1.32670,65.39210,14.38959,14.50139,16.94972,19.55140
5749.80740,-0.92247,-1.33839,65.46810,14.38959,14.50139,16.94972,19.62740
5749.81740,-0.90217,-1.35042,65.45761,14.36626,14.48556,16.99872,19.60707
5749.82740,-0.90093,-1.34098,65.44186,14.36059,14.51139,16.99872,19.57116
5749.83740,-0.91159,-1.34871,65.40742,14.34227,14.49234,16.98443,19.58838
5749.84740,-0.92412,-1.36124,65.43477,14.32877,14.48194,16.99208,19.63198
5749.85740,-0.91379,-1.35974,65.58686,14.36059,14.52139,17.04872,19.65616
5749.86740,-0.92032,-1.35340,65.55436,14.36235,14.52355,17.02151,19.64696
5749.87740,-0.93800,-1.33624,65.46653,14.36711,14.52937,16.94796,19.62209
5749.88740,-0.94661,-1.33211,65.42910,14.36959,14.52221,16.91457,19.62274
5749.89740,-0.94298,-1.33554,65.44653,14.37826,14.51139,16.91972,19.63716
5749.90740,-0.91863,-1.36411,65.47686,14.34059,14.48039,17.00872,19.64716
5749.91740,-0.92317,-1.35755,65.48151,14.35662,14.48527,16.98804,19.65157
5749.92740,-0.94105,-1.34261,65.49086,14.39999,14.48891,16.92212,19.67984
5749.93740,-0.95011,-1.36404,65.47186,14.36959,14.44939,16.92972,19.72316
5749.94740,-0.95011,-1.36404,65.47186,14.36959,14.44939,16.92972,19.72316
5749.95740,-0.95347,-1.36962,65.44325,14.35084,14.43953,16.92972,19.72316
5749.96740,-0.95127,-1.37225,65.44726,14.34520,14.43939,16.94061,19.72206
5749.97740,-0.93807,-1.39355,65.48493,14.29723,14.44277,17.02654,19.71839
5749.98740,-0.97877,-1.39892,65.50186,14.26159,14.47039,17.00872,19.76116
5749.99740,-0.97754,-1.39776,65.48899,14.26159,14.46808,17.00443,19.75489
5750.00740,-0.96509,-1.38948,65.38335,14.26284,14.44424,16.97154,19.70473
5750.01740,-0.94220,-1.39973,65.36964,14.27427,14.39738,16.98811,19.70987
5750.02740,-0.92755,-1.40630,65.36086,14.28159,14.36739,16.99872,19.71316
5750.03740,-0.93487,-1.40509,65.47186,14.27318,14.42794,17.04917,19.72157
5750.04740,-0.93626,-1.40486,65.49286,14.27159,14.43939,17.05872,19.72316
5750.05740,-0.94374,-1.40097,65.37445,14.28129,14.38892,16.98107,19.72316
5750.06740,-0.95511,-1.40444,65.48726,14.27189,14.43783,17.02722,19.75032
5750.07740,-0.95546,-1.40455,65.49086,14.27159,14.43939,17.02872,19.75116
5750.08740,-0.94544,-1.40084,65.37718,14.24219,14.42959,17.01892,19.68648
5750.09740,-0.96648,-1.40688,65.32096,14.26119,14.36863,16.94130,19.74984
5750.10740,-0.96691,-1.40701,65.31986,14.26159,14.36739,16.93972,19.75116
5750.11740,-0.96890,-1.41615,65.42668,14.24199,14.40757,17.00734,19.76978
5750.12740,-0.96894,-1.41634,65.42886,14.24159,14.40839,17.00872,19.77016
5750.13740,-0.97731,-1.43791,65.37463,14.20304,14.36135,17.00872,19.80152
5750.14740,-0.98954,-1.44838,65.32341,14.16788,14.34414,17.00098,19.81042
5750.15740,-0.99181,-1.44809,65.31686,14.16359,14.34639,16.99872,19.80816
5750.16740,-0.99266,-1.46303,65.37362,14.17219,14.31973,17.01592,19.86578
5750.17740,-1.01374,-1.45616,65.43888,14.16376,14.37633,17.02363,19.87516
5750.18740,-1.03536,-1.44655,65.49686,14.15359,14.43939,17.02872,19.87516
5750.19740,-1.03346,-1.45759,65.52009,14.15126,14.42011,17.04498,19.90374
5750.20740,-1.02719,-1.49404,65.59686,14.14359,14.35639,17.09872,19.99816
5750.21740,-1.02434,-1.49086,65.54791,14.14121,14.34665,17.08209,19.97796
5750.22740,-1.03802,-1.48272,65.40627,14.12002,14.32965,17.01515,19.94145
5750.23740,-1.11437,-1.48973,65.45786,14.07459,14.37739,16.96972,20.03616
5750.24740,-1.11625,-1.48413,65.45901,14.07689,14.39165,16.96512,20.02535
5750.25740,-1.12785,-1.46589,65.45550,14.08229,14.43709,16.94052,19.99560
5750.26740,-1.14560,-1.46752,65.43086,14.07459,14.42939,16.90972,20.01716
5750.27740,-1.16769,-1.46634,65.44130,14.06775,14.44415,16.88812,20.04128
5750.28740,-1.20694,-1.46426,65.45986,14.05559,14.47039,16.84972,20.08416
5750.29740,-1.22156,-1.46886,65.51964,14.04339,14.49540,16.86802,20.11283
5750.30740,-1.23005,-1.46117,65.51596,14.04791,14.51139,16.84891,20.10775
5750.31740,-1.22953,-1.45453,65.48986,14.05559,14.51139,16.82972,20.09316
5750.32740,-1.24998,-1.46579,65.45033,14.01160,14.50583,16.82415,20.10875
5750.33740,-1.24780,-1.47210,65.42734,13.99234,14.49695,16.83588,20.10217
5750.34740,-1.22054,-1.46819,65.43986,14.01559,14.49039,16.85972,20.07416
5750.35740,-1.22015,-1.46913,65.46945,14.01559,14.50058,16.87427,20.07901
5750.36740,-1.21974,-1.47013,65.50086,14.01559,14.51139,16.88972,20.08416
5750.37740,-1.22335,-1.47607,65.46207,13.99183,14.50121,16.88972,20.07931
5750.38740,-1.21141,-1.47991,65.49266,14.00491,14.49039,16.90913,20.08823
5750.39740,-1.19470,-1.47730,65.56886,14.04559,14.49039,16.92972,20.10316
5750.40740,-1.20101,-1.47704,65.57535,14.03910,14.50045,16.92972,20.10608
5750.41740,-1.21414,-1.47650,65.58886,14.02559,14.52139,16.92972,20.11216
5750.42740,-1.20118,-1.45838,65.62986,14.07459,14.54239,16.91972,20.09316
5750.43740,-1.17780,-1.45856,65.56254,14.07459,14.51251,16.92332,20.05212
5750.44740,-1.13613,-1.45889,65.44286,14.07459,14.45939,16.92972,19.97916
5750.45740,-1.14838,-1.45275,65.43680,14.07102,14.47793,16.91190,19.97595
5750.46740,-1.15756,-1.44457,65.43682,14.06459,14.50786,16.90447,19.95991
5750.47740,-1.13390,-1.44987,65.45686,14.06459,14.50139,16.94972,19.94116
5750.48740,-1.13390,-1.44987,65.45686,14.06459,14.50139,16.94972,19.94116
5750.49740,-1.11117,-1.44484,65.39786,14.08114,14.47352,16.93954,19.90366
5750.50740,-1.08891,-1.44508,65.39786,14.09459,14.45939,16.95972,19.88416
5750.51740,-1.09049,-1.44152,65.40746,14.10155,14.46683,16.95492,19.88416
5750.52740,-1.09552,-1.43026,65.43786,14.12359,14.49039,16.93972,19.88416
5750.53740,-1.08132,-1.43242,65.43579,14.12819,14.47866,16.95559,19.87335
5750.54740,-1.03594,-1.43643,65.44505,14.15274,14.44667,17.00403,19.84162
5750.55740,-1.04295,-1.42581,65.49786,14.18259,14.47039,16.98872,19.85616
5750.56740,-1.03805,-1.42539,65.50046,14.18630,14.46903,16.99367,19.85146
5750.57740,-1.01672,-1.42355,65.51175,14.20243,14.46312,17.01517,19.83103
5750.58740,-1.00010,-1.42306,65.55331,14.21259,14.47258,17.04998,19.81816
5750.59740,-0.99579,-1.42394,65.59986,14.21259,14.49039,17.07872,19.81816
5750.60740,-0.94962,-1.42792,65.51222,14.19856,14.45463,17.12079,19.73823
5750.61740,-0.92990,-1.42962,65.47486,14.19259,14.43939,17.13872,19.70416
5750.62740,-0.92607,-1.44060,65.44481,14.20976,14.37758,17.11296,19.74451
5750.63740,-0.90620,-1.40224,65.39734,14.25993,14.41667,17.07007,19.65067
5750.64740,-0.90553,-1.40084,65.39586,14.26159,14.41839,17.06872,19.64716
5750.65740,-0.86956,-1.39421,65.46642,14.30079,14.42917,17.11772,19.61874
5750.66740,-0.85910,-1.38144,65.51686,14.33981,14.44899,17.11872,19.60934
5750.67740,-0.85891,-1.38118,65.51786,14.34059,14.44939,17.11872,19.60916
5750.68740,-0.83642,-1.37601,65.52864,14.36019,14.44939,17.13832,19.58074
5750.69740,-0.83597,-1.37590,65.52886,14.36059,14.44939,17.13872,19.58016
5750.70740,-0.81608,-1.38052,65.62885,14.36059,14.48008,17.21693,19.57125
5750.71740,-0.82982,-1.36718,65.61204,14.35069,14.52098,17.19792,19.54245
5750.72740,-0.82996,-1.36704,65.61186,14.35059,14.52139,17.19772,19.54216
5750.73740,-0.77814,-1.34622,65.55488,14.42311,14.48365,17.17626,19.47186
5750.74740,-0.77161,-1.34246,65.49174,14.38776,14.50196,17.19105,19.41097
5750.75740,-0.77510,-1.34353,65.47886,14.36959,14.51139,17.19772,19.40016
5750.76740,-0.75297,-1.35831,65.55184,14.40393,14.46675,17.23206,19.44910
5750.77740,-0.74933,-1.36074,65.56386,14.40959,14.45939,17.23772,19.45716
5750.78740,-0.73771,-1.38300,65.50959,14.38375,14.39737,17.25495,19.47353
5750.79740,-0.73437,-1.38166,65.49624,14.37959,14.39951,17.25772,19.45942
5750.80740,-0.73329,-1.37805,65.49286,14.37959,14.40839,17.25772,19.44716
5750.81740,-0.74077,-1.37531,65.57759,14.39439,14.43873,17.27252,19.47195
5750.82740,-0.74318,-1.37991,65.63788,14.40711,14.43926,17.28525,19.50626
5750.83740,-0.72869,-1.39297,65.51986,14.38959,14.36739,17.26772,19.49516
5750.84740,-0.71388,-1.40918,65.56053,14.37556,14.35267,17.32381,19.50848
5750.85740,-0.70758,-1.41608,65.57786,14.36959,14.34639,17.34772,19.51416
5750.86740,-0.72585,-1.44523,65.51570,14.31927,14.28571,17.34032,19.57040
5750.87740,-0.71159,-1.46535,65.57913,14.32560,14.24920,17.38624,19.61809
5750.88740,-0.69012,-1.47559,65.66786,14.35059,14.23339,17.43672,19.64716
5750.89740,-0.67582,-1.46988,65.57270,14.33229,14.22668,17.43062,19.58311
5750.90740,-0.68055,-1.48310,65.46750,14.27807,14.19713,17.42672,19.56557
5750.91740,-0.68922,-1.49362,65.43986,14.25159,14.18139,17.42672,19.58016
5750.92740,-0.68150,-1.47531,65.50269,14.29368,14.21921,17.42672,19.56308
5750.93740,-0.67657,-1.46362,65.54286,14.32059,14.24339,17.42672,19.55216
5750.94740,-0.67657,-1.46362,65.54286,14.32059,14.24339,17.42672,19.55216
5750.95740,-0.66589,-1.49511,65.33980,14.26269,14.12257,17.40239,19.55216
5750.96740,-0.66599,-1.50999,65.40641,14.24181,14.12969,17.45538,19.57952
5750.97740,-0.66578,-1.50562,65.41689,14.25028,14.13831,17.45232,19.57598
5750.98740,-0.67006,-1.47242,65.48388,14.31186,14.20113,17.41672,19.55417
5750.99740,-0.71439,-1.49857,65.49786,14.25159,14.19239,17.41672,19.63716
5751.00740,-0.68916,-1.50499,65.45368,14.24381,14.16253,17.44127,19.60607
5751.01740,-0.65266,-1.51429,65.38986,14.23259,14.11939,17.47672,19.56116
5751.02740,-0.65527,-1.51014,65.42324,14.24734,14.13102,17.47422,19.57066
5751.03740,-0.67856,-1.47559,65.65870,14.34139,14.23861,17.45902,19.61968
5751.04740,-0.69576,-1.45673,65.66486,14.31059,14.32639,17.46672,19.56116
5751.05740,-0.69640,-1.44988,65.59322,14.32139,14.30407,17.42028,19.54748
5751.06740,-0.69992,-1.44315,65.44426,14.32295,14.25683,17.34132,19.52316
5751.07740,-0.70414,-1.45292,65.40586,14.29159,14.24339,17.34772,19.52316
5751.08740,-0.71340,-1.44591,65.51296,14.32589,14.27594,17.35122,19.55991
5751.09740,-0.73051,-1.43297,65.71186,14.38959,14.33639,17.35772,19.62816
5751.10740,-0.73066,-1.43580,65.64874,14.35887,14.33135,17.35772,19.60080
5751.11740,-0.73108,-1.44371,65.47341,14.27353,14.31735,17.35772,19.52480
5751.12740,-0.72321,-1.43492,65.56686,14.33059,14.32639,17.35772,19.55216
5751.13740,-0.72127,-1.43185,65.53774,14.32873,14.32435,17.34845,19.53621
5751.14740,-0.71279,-1.41845,65.41113,14.32067,14.31548,17.30812,19.46685
5751.15740,-0.71698,-1.40323,65.38186,14.34059,14.32639,17.26772,19.44716
5751.16740,-0.72188,-1.40216,65.35909,14.33369,14.32639,17.25622,19.44279
5751.17740,-0.73830,-1.39855,65.28286,14.31059,14.32639,17.21772,19.42816
5751.18740,-0.73830,-1.39855,65.28286,14.31059,14.32639,17.21772,19.42816
5751.19740,-0.72472,-1.38534,65.24072,14.33525,14.32106,17.19317,19.39125
5751.20740,-0.74212,-1.39301,65.29686,14.29159,14.36739,17.23772,19.40016
5751.21740,-0.74473,-1.39180,65.30272,14.29452,14.37052,17.23368,19.40400
5751.22740,-0.76661,-1.38199,65.35467,14.32059,14.39538,17.19967,19.43904
5751.23740,-0.75432,-1.39129,65.35290,14.32059,14.36794,17.21737,19.44700
5751.24740,-0.75715,-1.38905,65.36834,14.32633,14.37538,17.21480,19.45183
5751.25740,-0.78506,-1.36713,65.50905,14.37854,14.44794,17.18825,19.49431
5751.26740,-0.78562,-1.36669,65.51186,14.37959,14.44939,17.18772,19.49516
5751.27740,-0.74870,-1.40172,65.54028,14.34137,14.39941,17.29552,19.50398
5751.28740,-0.76598,-1.37479,65.49382,14.36901,14.42877,17.21932,19.47672
5751.29740,-0.76634,-1.37422,65.49286,14.36959,14.42939,17.21772,19.47616
5751.30740,-0.75437,-1.35509,65.50963,14.42147,14.43987,17.19204,19.45625
5751.31740,-0.74286,-1.33752,65.51500,14.46606,14.44813,17.16746,19.43336
5751.32740,-0.73843,-1.33617,65.44686,14.44859,14.43939,17.15872,19.40016
5751.33740,-0.72972,-1.33877,65.36907,14.43659,14.40960,17.14631,19.37657
5751.34740,-0.71734,-1.34247,65.25886,14.41959,14.36739,17.12872,19.34316
5751.35740,-0.74892,-1.34839,65.31341,14.37650,14.41758,17.15054,19.36880
5751.36740,-0.73412,-1.34279,65.41537,14.39570,14.45939,17.20291,19.35737
5751.37740,-0.71635,-1.33823,65.43986,14.41959,14.45939,17.21772,19.34316
5751.38740,-0.69728,-1.33425,65.44903,14.46431,14.43015,17.20625,19.34832
5751.39740,-0.69839,-1.32729,65.37666,14.46927,14.41319,17.16460,19.32960
5751.40740,-0.71500,-1.32295,65.29086,14.43859,14.41839,17.12872,19.30516
5751.41740,-0.69278,-1.31681,65.39963,14.48166,14.44102,17.17179,19.30516
5751.42740,-0.68459,-1.31454,65.43986,14.49759,14.44939,17.18772,19.30516
5751.43740,-0.69047,-1.34166,65.41405,14.46146,14.39630,17.20247,19.35383
5751.44740,-0.69245,-1.35079,65.42732,14.45227,14.38512,17.21508,19.37484
5751.45740,-0.69229,-1.35008,65.45767,14.45724,14.39557,17.22503,19.37982
5751.46740,-0.68514,-1.35105,65.41996,14.42899,14.40443,17.24584,19.34069
5751.47740,-0.69305,-1.35325,65.45289,14.43928,14.40233,17.23954,19.37174
5751.48740,-0.70121,-1.35419,65.49386,14.45859,14.39839,17.22772,19.40916
5751.49740,-0.71027,-1.34613,65.47092,14.45239,14.41761,17.20912,19.39180
5751.50740,-0.71583,-1.34119,65.45686,14.44859,14.42939,17.19772,19.38116
5751.51740,-0.71318,-1.34623,65.45225,14.44681,14.41467,17.20127,19.38950
5751.52740,-0.71917,-1.38174,65.47888,14.40968,14.36158,17.24222,19.46540
5751.53740,-0.73817,-1.39435,65.52886,14.37959,14.37739,17.26772,19.50416
5751.54740,-0.72761,-1.39844,65.46598,14.37959,14.33803,17.25332,19.49504
5751.55740,-0.70216,-1.40957,65.47226,14.40791,14.28051,17.26652,19.51732
5751.56740,-0.68704,-1.41679,65.55286,14.43859,14.26439,17.29772,19.55216
5751.57740,-0.69502,-1.42146,65.52431,14.41268,14.26439,17.29772,19.54952
5751.58740,-0.71728,-1.43446,65.44486,14.34059,14.26439,17.29772,19.54216
5751.59740,-0.72019,-1.42781,65.40121,14.34059,14.26439,17.27223,19.52400
5751.60740,-0.71515,-1.42452,65.32028,14.33829,14.24070,17.24302,19.49827
5751.61740,-0.67745,-1.46122,65.36186,14.33059,14.16139,17.32772,19.54216
5751.62740,-0.68740,-1.45492,65.32153,14.31923,14.17321,17.30454,19.52454
5751.63740,-0.71588,-1.43688,65.20630,14.28678,14.20699,17.23832,19.47421
5751.64740,-0.70663,-1.41676,65.32886,14.34059,14.26439,17.25772,19.46616
5751.65740,-0.72756,-1.41790,65.32179,14.31973,14.27889,17.24358,19.47959
5751.66740,-0.76585,-1.41999,65.30886,14.28159,14.30539,17.21772,19.50416
5751.67740,-0.76585,-1.41999,65.30886,14.28159,14.30539,17.21772,19.50416
5751.68740,-0.74171,-1.42885,65.33286,14.28639,14.28571,17.26092,19.49984
5751.69740,-0.73594,-1.42137,65.40062,14.32903,14.29415,17.25972,19.51772
5751.70740,-0.75796,-1.40291,65.44586,14.36959,14.32639,17.20772,19.54216
5751.71740,-0.76570,-1.39667,65.42657,14.35716,14.34825,17.19915,19.52202
5751.72740,-0.80780,-1.37567,65.48186,14.36059,14.42939,17.15872,19.53316
5751.73740,-0.80207,-1.38063,65.48115,14.35776,14.41768,17.16987,19.53584
5751.74740,-0.77716,-1.40216,65.47809,14.34549,14.36676,17.21833,19.54750
5751.75740,-0.77221,-1.40637,65.48311,14.34653,14.35584,17.22721,19.55353
5751.76740,-0.79399,-1.38723,65.51026,14.37235,14.39690,17.18151,19.55949
5751.77740,-0.77537,-1.40020,65.46045,14.34164,14.36850,17.21640,19.53392
5751.78740,-0.77986,-1.39772,65.45479,14.34059,14.37421,17.20793,19.53206
5751.79740,-0.82026,-1.37305,65.42373,14.34598,14.42598,17.12652,19.52525
5751.80740,-0.80800,-1.36978,65.43886,14.38959,14.39839,17.10872,19.54216
5751.81740,-0.80865,-1.36860,65.45690,14.38959,14.40972,17.11642,19.54117
5751.82740,-0.81390,-1.35906,65.60286,14.38959,14.50139,17.17872,19.53316
5751.83740,-0.81727,-1.35914,65.59696,14.38675,14.50139,17.17362,19.53520
5751.84740,-0.84791,-1.35991,65.54332,14.36092,14.50139,17.12726,19.55374
5751.85740,-0.85909,-1.38514,65.45799,14.34091,14.41139,17.08937,19.61632
5751.86740,-0.85906,-1.38597,65.45586,14.34059,14.40839,17.08872,19.61816
5751.87740,-0.90456,-1.35194,65.37648,14.29257,14.51913,17.02992,19.53486
5751.88740,-0.87551,-1.34814,65.23805,14.31002,14.45153,16.98991,19.48659
5751.89740,-0.87459,-1.34805,65.23386,14.31059,14.44939,16.98872,19.48516
5751.90740,-0.90316,-1.34118,65.28482,14.30177,14.50035,16.97892,19.50378
5751.91740,-0.90374,-1.34104,65.28586,14.30159,14.50139,16.97872,19.50416
5751.92740,-0.87329,-1.34086,65.31134,14.33360,14.48114,17.00485,19.49175
5751.93740,-0.86736,-1.33167,65.37286,14.35059,14.51763,17.02634,19.47830
5751.94740,-0.87055,-1.32883,65.38786,14.35059,14.53239,17.02872,19.47616
5751.95740,-0.89899,-1.32711,65.32150,14.30943,14.54919,16.99512,19.46776
5751.96740,-0.89958,-1.31963,65.43315,14.37702,14.55239,16.98015,19.52359
5751.97740,-0.89878,-1.31844,65.45386,14.38959,14.55239,16.97872,19.53316
5751.98740,-0.86819,-1.31716,65.46504,14.38959,14.56099,17.03032,19.48414
5751.99740,-0.86321,-1.31696,65.46686,14.38959,14.56239,17.03872,19.47616
5752.00740,-0.87836,-1.31107,65.45553,14.39525,14.56863,17.00472,19.48693
5752.01740,-0.86679,-1.31032,65.41669,14.38390,14.56495,17.01493,19.45292
5752.02740,-0.83234,-1.31591,65.37186,14.36059,14.55239,17.06872,19.39016
5752.03740,-0.86232,-1.29469,65.29886,14.38176,14.55969,16.96725,19.39016
5752.04740,-0.87241,-1.28645,65.26060,14.38959,14.55851,16.92584,19.38667
5752.05740,-0.87103,-1.28591,65.24517,14.38959,14.55319,16.92052,19.38188
5752.06740,-0.87082,-1.28583,65.24286,14.38959,14.55239,16.91972,19.38116
5752.07740,-0.83958,-1.26568,65.45286,14.47859,14.61439,16.97872,19.38116
5752.08740,-0.83680,-1.26540,65.43464,14.48064,14.60506,16.97212,19.37683
5752.09740,-0.82505,-1.26282,65.39286,14.49425,14.58028,16.95616,19.36216
5752.10740,-0.81696,-1.25713,65.46286,14.51759,14.60439,16.97872,19.36216
5752.11740,-0.82382,-1.26357,65.44774,14.49995,14.59683,16.97872,19.37224
5752.12740,-0.80644,-1.27362,65.43763,14.49681,14.56662,17.00327,19.37093
5752.13740,-0.76373,-1.27161,65.46186,14.53759,14.54239,17.03872,19.34316
5752.14740,-0.76373,-1.27161,65.46186,14.53759,14.54239,17.03872,19.34316
5752.15740,-0.80136,-1.26906,65.33286,14.48759,14.54239,16.96972,19.33316
5752.16740,-0.81744,-1.27499,65.30885,14.45991,14.54239,16.96158,19.34496
5752.17740,-0.82436,-1.28264,65.32092,14.44821,14.53754,16.96864,19.36653
5752.18740,-0.80685,-1.28157,65.37086,14.47859,14.53239,16.98872,19.37116
5752.19740,-0.80217,-1.26791,65.42565,14.50234,14.57215,16.99842,19.35274
5752.20740,-0.78723,-1.26386,65.47270,14.52759,14.57946,17.01842,19.34723
5752.21740,-0.78322,-1.27865,65.44166,14.50839,14.54239,17.02872,19.36216
5752.22740,-0.78928,-1.29016,65.45734,14.49239,14.53231,17.04312,19.38952
5752.23740,-0.78811,-1.29825,65.49686,14.49759,14.52139,17.05872,19.41916
5752.24740,-0.79545,-1.29434,65.44118,14.47887,14.52667,17.03952,19.39612
5752.25740,-0.80615,-1.30185,65.38038,14.43483,14.52221,17.03811,19.38522
5752.26740,-0.80906,-1.31435,65.37986,14.40959,14.51139,17.05872,19.40016
5752.27740,-0.80906,-1.31435,65.37986,14.40959,14.51139,17.05872,19.40016
5752.28740,-0.76781,-1.29746,65.53686,14.51759,14.52139,17.08872,19.40916
5752.29740,-0.75980,-1.30333,65.48268,14.50119,14.49692,17.09110,19.39348
5752.30740,-0.74992,-1.32366,65.33662,14.44594,14.42923,17.09079,19.37065
5752.31740,-0.79408,-1.32761,65.41386,14.43859,14.45939,17.06872,19.44716
5752.32740,-0.79337,-1.31920,65.43366,14.44212,14.48874,17.07579,19.42701
5752.33740,-0.79474,-1.31280,65.48570,14.44859,14.52367,17.09232,19.42112
5752.34740,-0.79947,-1.32872,65.51386,14.44859,14.49039,17.09872,19.47616
5752.35740,-0.80171,-1.33081,65.50310,14.43783,14.49039,17.10092,19.47396
5752.36740,-0.80792,-1.33661,65.47323,14.40795,14.49039,17.10701,19.46787
5752.37740,-0.80482,-1.33914,65.47431,14.40743,14.48416,17.11274,19.46998
5752.38740,-0.79101,-1.34168,65.50133,14.42985,14.46634,17.12424,19.48090
5752.39740,-0.76874,-1.35772,65.54186,14.42859,14.43939,17.17872,19.49516
5752.40740,-0.76629,-1.35572,65.52850,14.43131,14.43653,17.17327,19.48739
5752.41740,-0.75604,-1.34737,65.47281,14.44268,14.42460,17.15054,19.45500
5752.42740,-0.74347,-1.35541,65.47986,14.44379,14.40351,17.17184,19.46072
5752.43740,-0.73564,-1.36881,65.51886,14.43859,14.38739,17.20772,19.48516
5752.44740,-0.75670,-1.37275,65.49786,14.41330,14.39211,17.19101,19.50145
5752.45740,-0.78480,-1.37802,65.46986,14.37959,14.39839,17.16872,19.52316
5752.46740,-0.76114,-1.37704,65.48426,14.39879,14.38831,17.19224,19.50492
5752.47740,-0.73198,-1.37397,65.51022,14.43540,14.37194,17.21227,19.49061
5752.48740,-0.72903,-1.37229,65.51886,14.44859,14.36739,17.20772,19.49516
5752.49740,-0.74676,-1.37111,65.35520,14.39077,14.35661,17.15970,19.44812
5752.50740,-0.72031,-1.38280,65.42830,14.40919,14.33679,17.21654,19.46578
5752.51740,-0.71976,-1.38304,65.42986,14.40959,14.33639,17.21772,19.46616
5752.52740,-0.71487,-1.36300,65.43280,14.42821,14.37658,17.20792,19.42009
5752.53740,-0.71477,-1.36259,65.43286,14.42859,14.37739,17.20772,19.41916
5752.54740,-0.69932,-1.37339,65.34575,14.38008,14.35661,17.23742,19.37164
5752.55740,-0.72120,-1.38494,65.55560,14.41879,14.37698,17.26713,19.49270
5752.56740,-0.72164,-1.38517,65.55986,14.41959,14.37739,17.26772,19.49516
5752.57740,-0.70486,-1.36414,65.46480,14.43821,14.37739,17.22852,19.42068
5752.58740,-0.71253,-1.35706,65.47549,14.44460,14.39603,17.21570,19.41916
5752.59740,-0.71785,-1.35265,65.48386,14.44859,14.40839,17.20772,19.41916
5752.60740,-0.74259,-1.35738,65.45806,14.42365,14.40839,17.18278,19.44324
5752.61740,-0.74662,-1.35815,65.45386,14.41959,14.40839,17.17872,19.44716
5752.62740,-0.73250,-1.35107,65.26724,14.40239,14.36367,17.12712,19.37406
5752.63740,-0.71478,-1.34639,65.32797,14.44982,14.35639,17.13575,19.38600
5752.64740,-0.71210,-1.34578,65.34386,14.45859,14.35639,17.13872,19.39016
5752.65740,-0.72248,-1.32724,65.30522,14.45859,14.39245,17.10438,19.34981
5752.66740,-0.73680,-1.32213,65.44506,14.46719,14.46031,17.14172,19.37584
5752.67740,-0.73885,-1.32179,65.46886,14.46859,14.47039,17.14872,19.38116
5752.68740,-0.72772,-1.32949,65.39857,14.46002,14.42582,17.14015,19.37259
5752.69740,-0.72587,-1.33077,65.38686,14.45859,14.41839,17.13872,19.37116
5752.70740,-0.73846,-1.29754,65.40664,14.50933,14.47171,17.07852,19.34708
5752.71740,-0.71021,-1.29505,65.36858,14.50899,14.46233,17.10312,19.29414
5752.72740,-0.70528,-1.29553,65.36186,14.50759,14.45939,17.10872,19.28616
5752.73740,-0.69933,-1.28186,65.40847,14.54369,14.48316,17.10415,19.27748
5752.74740,-0.69234,-1.26581,65.46331,14.58616,14.51111,17.09877,19.26726
5752.75740,-0.73248,-1.27971,65.40221,14.51885,14.51139,17.07589,19.29608
5752.76740,-0.73271,-1.29049,65.38943,14.49759,14.49606,17.09062,19.30516
5752.77740,-0.72813,-1.29284,65.39186,14.49759,14.49039,17.09872,19.30516
5752.78740,-0.72813,-1.29284,65.39186,14.49759,14.49039,17.09872,19.30516
5752.79740,-0.71585,-1.27306,65.30374,14.51224,14.49333,17.06001,19.23816
5752.80740,-0.70667,-1.27549,65.32486,14.51759,14.49039,17.07872,19.23816
5752.81740,-0.67905,-1.25271,65.35522,14.58842,14.49834,17.06426,19.20419
5752.82740,-0.66846,-1.24398,65.36686,14.61559,14.50139,17.05872,19.19116
5752.83740,-0.66846,-1.24398,65.36686,14.61559,14.50139,17.05872,19.19116
5752.84740,-0.65221,-1.24858,65.47292,14.61806,14.53296,17.13220,19.18970
5752.85740,-0.65112,-1.23996,65.47786,14.63559,14.54239,17.11872,19.18116
5752.86740,-0.65407,-1.24494,65.37768,14.59327,14.52579,17.10801,19.15062
5752.87740,-0.65816,-1.26834,65.37527,14.55659,14.49429,17.13734,19.18706
5752.88740,-0.65940,-1.28380,65.44386,14.55659,14.48039,17.16872,19.23816
5752.89740,-0.66212,-1.27077,65.41458,14.57489,14.48649,17.13212,19.22108
5752.90740,-0.66386,-1.26243,65.39586,14.58659,14.49039,17.10872,19.21016
5752.91740,-0.66410,-1.27134,65.37243,14.55467,14.48635,17.12892,19.20248
5752.92740,-0.66718,-1.28633,65.35302,14.51243,14.47701,17.15711,19.20648
5752.93740,-0.68136,-1.29588,65.43186,14.53759,14.45939,17.14872,19.28616
5752.94740,-0.70413,-1.28784,65.40277,14.53274,14.47442,17.10508,19.29052
5752.95740,-0.71265,-1.29572,65.32383,14.49411,14.45546,17.09268,19.28158
5752.96740,-0.69596,-1.31319,65.27286,14.45859,14.41839,17.12872,19.26716
5752.97740,-0.69315,-1.31405,65.34246,14.48691,14.41839,17.13832,19.29884
5752.98740,-0.69011,-1.31498,65.41786,14.51759,14.41839,17.14872,19.33316
5752.99740,-0.69556,-1.31577,65.40313,14.50537,14.42184,17.14559,19.33034
5753.00740,-0.70715,-1.31745,65.37180,14.47937,14.42917,17.13892,19.32434
5753.01740,-0.74358,-1.35316,65.42279,14.42960,14.39902,17.15832,19.43586
5753.02740,-0.74608,-1.35211,65.43529,14.43144,14.40568,17.15872,19.43945
5753.03740,-0.75236,-1.34525,65.49047,14.43863,14.44252,17.16868,19.44063
5753.04740,-0.74418,-1.35252,65.46486,14.41959,14.42939,17.18772,19.42816
5753.05740,-0.74039,-1.35042,65.47225,14.42173,14.43655,17.19487,19.41910
5753.06740,-0.72987,-1.34458,65.49278,14.42769,14.45641,17.21474,19.39393
5753.07740,-0.74149,-1.34651,65.49346,14.41683,14.46203,17.20836,19.40624
5753.08740,-0.77815,-1.35430,65.48679,14.38416,14.46937,17.18236,19.45091
5753.09740,-0.78385,-1.35088,65.38386,14.39959,14.41839,17.10872,19.45716
5753.10740,-0.77733,-1.34361,65.36295,14.41598,14.41364,17.09209,19.44124
5753.11740,-0.76778,-1.32956,65.32843,14.44503,14.40962,17.06080,19.41298
5753.12740,-0.81718,-1.37001,65.47003,14.34263,14.45842,17.15680,19.51218
5753.13740,-0.82153,-1.37046,65.47068,14.33990,14.46014,17.15327,19.51736
5753.14740,-0.84957,-1.36747,65.45250,14.33422,14.46639,17.10781,19.54407
5753.15740,-0.86753,-1.36556,65.44086,14.33059,14.47039,17.07872,19.56116
5753.16740,-0.84259,-1.37143,65.41295,14.33059,14.44127,17.10299,19.53810
5753.17740,-0.81975,-1.37625,65.35743,14.33524,14.39839,17.10615,19.51766
5753.18740,-0.83572,-1.37184,65.34086,14.34059,14.39839,17.06872,19.53316
5753.19740,-0.83008,-1.36797,65.39056,14.34599,14.42595,17.09573,19.52290
5753.20740,-0.81316,-1.35459,65.50803,14.39817,14.46388,17.12562,19.52037
5753.21740,-0.80821,-1.35111,65.53646,14.41692,14.46766,17.12805,19.52383
5753.22740,-0.81306,-1.36163,65.48246,14.39025,14.44033,17.12139,19.53049
5753.23740,-0.81872,-1.36592,65.46019,14.37565,14.43279,17.11672,19.53503
5753.24740,-0.85585,-1.36676,65.45353,14.33632,14.46679,17.09672,19.55369
5753.25740,-0.81216,-1.39126,65.44796,14.34962,14.38072,17.14678,19.57084
5753.26740,-0.81021,-1.39206,65.44786,14.35059,14.37739,17.14872,19.57116
5753.27740,-0.82541,-1.37349,65.37338,14.33099,14.41757,17.10952,19.51530
5753.28740,-0.82603,-1.35924,65.37284,14.35999,14.42917,17.07932,19.50436
5753.29740,-0.82604,-1.35896,65.37286,14.36059,14.42939,17.07872,19.50416
5753.30740,-0.82955,-1.34852,65.43689,14.39913,14.44899,17.06565,19.52311
5753.31740,-0.83141,-1.34300,65.47086,14.41959,14.45939,17.05872,19.53316
5753.32740,-0.87077,-1.34077,65.44595,14.38090,14.49349,17.02594,19.54562
5753.33740,-0.85756,-1.35561,65.49915,14.36744,14.48777,17.08491,19.55902
5753.34740,-0.84698,-1.36061,65.51986,14.36959,14.48039,17.10872,19.56116
5753.35740,-0.81931,-1.33302,65.57404,14.43753,14.51565,17.10872,19.51214
5753.36740,-0.83965,-1.33551,65.39452,14.38925,14.47753,17.03992,19.48782
5753.37740,-0.84371,-1.33665,65.36386,14.37959,14.47039,17.02872,19.48516
5753.38740,-0.84371,-1.33665,65.36386,14.37959,14.47039,17.02872,19.48516
5753.39740,-0.85296,-1.31054,65.51786,14.41959,14.57339,17.04872,19.47616
5753.40740,-0.78748,-1.31991,65.47269,14.45347,14.49261,17.09215,19.43446
5753.41740,-0.79823,-1.32136,65.39080,14.41679,14.48892,17.07313,19.41195
5753.42740,-0.80180,-1.32137,65.37786,14.40959,14.49039,17.06872,19.40916
5753.43740,-0.79194,-1.31598,65.49921,14.44072,14.52838,17.11093,19.41918
5753.44740,-0.78315,-1.31117,65.60786,14.46859,14.56239,17.14872,19.42816
5753.45740,-0.78283,-1.32180,65.57141,14.46289,14.52139,17.13733,19.44980
5753.46740,-0.81213,-1.32701,65.56757,14.43657,14.53104,17.11743,19.48253
5753.47740,-0.83491,-1.32482,65.58586,14.41959,14.56239,17.10872,19.49516
5753.48740,-0.80518,-1.33370,65.55826,14.41499,14.52927,17.14506,19.46894
5753.49740,-0.80087,-1.32376,65.55085,14.43849,14.53106,17.12452,19.45678
5753.50740,-0.83271,-1.30258,65.57686,14.46859,14.57339,17.05872,19.47616
5753.51740,-0.82307,-1.29966,65.57146,14.47459,14.57339,17.06472,19.45876
5753.52740,-0.79680,-1.28809,65.50546,14.47859,14.57339,17.06872,19.38476
5753.53740,-0.78389,-1.28943,65.40204,14.46040,14.54188,17.05660,19.34316
5753.54740,-0.76876,-1.29207,65.42528,14.50234,14.50267,17.04872,19.37155
5753.55740,-0.75871,-1.29049,65.46686,14.53759,14.49039,17.04872,19.39016
5753.56740,-0.76713,-1.29131,65.42546,14.51989,14.48739,17.03372,19.38446
5753.57740,-0.78119,-1.29267,65.35646,14.49039,14.48239,17.00872,19.37496
5753.58740,-0.77893,-1.30359,65.49086,14.45859,14.54239,17.10872,19.38116
5753.59740,-0.77830,-1.28178,65.47804,14.49609,14.56186,17.06599,19.35410
5753.60740,-0.76180,-1.26646,65.44390,14.53759,14.54918,17.03298,19.32416
5753.61740,-0.74125,-1.27447,65.43088,14.54661,14.51139,17.04872,19.32416
5753.62740,-0.74966,-1.26955,65.37942,14.53787,14.51139,17.01992,19.31024
5753.63740,-0.76249,-1.26630,65.31286,14.51759,14.51139,16.98872,19.29516
5753.64740,-0.79065,-1.26604,65.31334,14.49407,14.53587,16.97000,19.31340
5753.65740,-0.79366,-1.26400,65.35866,14.49675,14.55919,16.98460,19.31812
5753.66740,-0.73652,-1.26034,65.45199,14.55541,14.55253,17.05727,19.28679
5753.67740,-0.73558,-1.25357,65.45450,14.56619,14.56231,17.04912,19.27688
5753.68740,-0.73601,-1.23961,65.45583,14.58619,14.58298,17.02912,19.25755
5753.69740,-0.71476,-1.24647,65.43786,14.59644,14.54502,17.04230,19.25410
5753.70740,-0.66791,-1.26130,65.43791,14.61559,14.48334,17.09398,19.24500
5753.71740,-0.65605,-1.26329,65.51386,14.61559,14.51139,17.14872,19.23816
5753.72740,-0.66264,-1.25781,65.54158,14.62945,14.52560,17.13832,19.24821
5753.73740,-0.66974,-1.24957,65.59135,14.65787,14.54304,17.12328,19.26716
5753.74740,-0.65408,-1.25566,65.58397,14.66458,14.51552,17.13671,19.26716
5753.75740,-0.65483,-1.24808,65.54941,14.66559,14.52092,17.11781,19.24509
5753.76740,-0.66508,-1.21996,65.43886,14.66559,14.55239,17.04872,19.17216
5753.77740,-0.65998,-1.21474,65.43720,14.67248,14.55976,17.04872,19.15624
5753.78740,-0.64308,-1.19515,65.43485,14.69459,14.59282,17.05102,19.09642
5753.79740,-0.64120,-1.18571,65.44486,14.69459,14.62439,17.05872,19.06716
5753.80740,-0.64077,-1.18179,65.41040,14.69729,14.61750,17.03994,19.05567
5753.81740,-0.63865,-1.16212,65.23810,14.71080,14.58304,16.94602,18.99824
5753.82740,-0.66823,-1.12402,65.32486,14.72459,14.71739,16.92972,18.95316
5753.83740,-0.65732,-1.12007,65.31393,14.73802,14.71033,16.92744,18.93813
5753.84740,-0.62029,-1.10668,65.27686,14.78359,14.68639,16.91972,18.88716
5753.85740,-0.62029,-1.10668,65.27686,14.78359,14.68639,16.91972,18.88716
5753.86740,-0.65400,-1.09918,65.27625,14.76753,14.72366,16.88467,18.90040
5753.87740,-0.65883,-1.06661,65.27086,14.80259,14.77939,16.83972,18.84916
5753.88740,-0.65866,-1.06626,65.27476,14.80205,14.78271,16.84239,18.84761
5753.89740,-0.65703,-1.06273,65.31380,14.79670,14.81586,16.86913,18.83210
5753.90740,-0.68750,-1.03190,65.25686,14.79259,14.88239,16.79972,18.78216
5753.91740,-0.68620,-1.03059,65.26376,14.79842,14.88346,16.79919,18.78269
5753.92740,-0.67325,-1.01746,65.33274,14.85670,14.89416,16.79384,18.78804
5753.93740,-0.66282,-1.00881,65.36887,14.89298,14.89913,16.79081,18.78595
5753.94740,-0.65655,-1.02453,65.24754,14.82158,14.87027,16.81285,18.74284
5753.95740,-0.63563,-1.05920,65.40486,14.81259,14.85139,16.92972,18.81116
5753.96740,-0.63563,-1.05920,65.40486,14.81259,14.85139,16.92972,18.81116
5753.97740,-0.58757,-1.03725,65.38831,14.89369,14.82574,16.91317,18.75571
5753.98740,-0.59187,-1.05388,65.41124,14.89202,14.79011,16.91949,18.80962
5753.99740,-0.59220,-1.05438,65.41186,14.89159,14.78939,16.91972,18.81116
5754.00740,-0.57584,-1.05937,65.35035,14.87595,14.76281,16.93015,18.78145
5754.01740,-0.56078,-1.06397,65.29386,14.86159,14.73839,16.93972,18.75416
5754.02740,-0.58197,-1.07093,65.35952,14.86159,14.74819,16.93972,18.81002
5754.03740,-0.54851,-1.09560,65.49282,14.87129,14.72802,17.04548,18.84803
5754.04740,-0.54747,-1.09635,65.49686,14.87159,14.72739,17.04872,18.84916
5754.05740,-0.57154,-1.09088,65.29446,14.82686,14.69631,16.95851,18.81277
5754.06740,-0.56459,-1.10692,65.28086,14.81939,14.65171,16.96984,18.83992
5754.07740,-0.55770,-1.11528,65.30486,14.82259,14.63539,16.98872,18.85816
5754.08740,-0.56869,-1.13592,65.28892,14.75630,14.63539,17.03067,18.86655
5754.09740,-0.57080,-1.13988,65.28586,14.74359,14.63539,17.03872,18.86816
5754.10740,-0.55823,-1.13399,65.43716,14.80224,14.66174,17.07272,18.90046
5754.11740,-0.58556,-1.12929,65.55566,14.81259,14.71824,17.07872,18.94611
5754.12740,-0.59076,-1.12865,65.57186,14.81259,14.72739,17.07872,18.95316
5754.13740,-0.56391,-1.12104,65.52333,14.82962,14.71036,17.07872,18.90463
5754.14740,-0.55922,-1.11971,65.51486,14.83259,14.70739,17.07872,18.89616
5754.15740,-0.57850,-1.15739,65.44800,14.75944,14.64225,17.09015,18.95616
5754.16740,-0.57767,-1.16425,65.40881,14.73306,14.63135,17.09872,18.94568
5754.17740,-0.57201,-1.15631,65.41286,14.74359,14.64539,17.09872,18.92516
5754.18740,-0.57335,-1.17930,65.34281,14.71483,14.57682,17.09135,18.95982
5754.19740,-0.58287,-1.21151,65.25705,14.66136,14.49964,17.08872,19.00733
5754.20740,-0.58618,-1.22028,65.23486,14.64559,14.48039,17.08872,19.02016
5754.21740,-0.62636,-1.22206,65.24956,14.60688,14.52057,17.07402,19.04809
5754.22740,-0.66818,-1.22392,65.26486,14.56659,14.56239,17.05872,19.07716
5754.23740,-0.65146,-1.24114,65.22850,14.53815,14.52531,17.09472,19.07032
5754.24740,-0.63343,-1.26975,65.27366,14.51603,14.48567,17.16592,19.10604
5754.25740,-0.65419,-1.26607,65.46886,14.56659,14.53239,17.17872,19.19116
5754.26740,-0.65304,-1.27457,65.44341,14.54573,14.51754,17.18897,19.19116
5754.27740,-0.65447,-1.28565,65.40118,14.51479,14.49795,17.19728,19.19116
5754.28740,-0.66075,-1.27769,65.40886,14.52759,14.51139,17.17872,19.19116
5754.29740,-0.66980,-1.29109,65.34422,14.51122,14.46067,17.15008,19.22225
5754.30740,-0.68292,-1.31048,65.25086,14.48759,14.38739,17.10872,19.26716
5754.31740,-0.70300,-1.29830,65.25426,14.46867,14.44270,17.09902,19.24387
5754.32740,-0.73453,-1.29717,65.23441,14.42731,14.47848,17.08327,19.24534
5754.33740,-0.74305,-1.30701,65.21486,14.40959,14.45939,17.07872,19.26716
5754.34740,-0.75116,-1.29713,65.27646,14.42106,14.50348,17.08476,19.26716
5754.35740,-0.73236,-1.29323,65.30366,14.45259,14.49519,17.09472,19.26116
5754.36740,-0.71628,-1.29494,65.29486,14.46859,14.47039,17.09872,19.25716
5754.37740,-0.74211,-1.30352,65.38563,14.45395,14.50065,17.11824,19.31279
5754.38740,-0.76913,-1.31250,65.48086,14.43859,14.53239,17.13872,19.37116
5754.39740,-0.76888,-1.30586,65.38263,14.44329,14.50325,17.08702,19.34907
5754.40740,-0.77263,-1.30501,65.30414,14.43909,14.47514,17.04771,19.34220
5754.41740,-0.77708,-1.31236,65.33986,14.42859,14.48039,17.06872,19.36216
5754.42740,-0.77708,-1.31236,65.33986,14.42859,14.48039,17.06872,19.36216
5754.43740,-0.82101,-1.29640,65.33626,14.44056,14.51256,16.98872,19.39442
5754.44740,-0.87688,-1.32210,65.38486,14.37959,14.52139,16.98872,19.49516
5754.45740,-0.88243,-1.31134,65.36668,14.37281,14.55098,16.97838,19.46451
5754.46740,-0.89247,-1.29189,65.33386,14.36059,14.60439,16.95972,19.40916
5754.47740,-0.89711,-1.30389,65.28346,14.33994,14.56834,16.94922,19.42596
5754.48740,-0.90734,-1.31972,65.26057,14.31891,14.53392,16.94386,19.46388
5754.49740,-0.91025,-1.30787,65.38986,14.35059,14.59339,16.96972,19.47616
5754.50740,-0.92451,-1.30075,65.37586,14.35502,14.60319,16.93705,19.48059
5754.51740,-0.96528,-1.28037,65.33586,14.36769,14.63119,16.84372,19.49326
5754.52740,-0.96870,-1.30673,65.17686,14.31059,14.54239,16.81972,19.50416
5754.53740,-0.97216,-1.30672,65.19242,14.31059,14.54928,16.82194,19.51060
5754.54740,-0.98425,-1.30672,65.24686,14.31059,14.57339,16.82972,19.53316
5754.55740,-0.97629,-1.31214,65.27648,14.31712,14.56446,16.84932,19.54558
5754.56740,-0.95064,-1.33862,65.40986,14.33009,14.53454,16.93879,19.60645
5754.57740,-0.96115,-1.36449,65.50886,14.29159,14.54239,17.00872,19.66616
5754.58740,-0.96115,-1.36449,65.50886,14.29159,14.54239,17.00872,19.66616
5754.59740,-0.99087,-1.35311,65.55107,14.28331,14.60198,16.99217,19.67361
5754.60740,-0.94464,-1.34966,65.63704,14.33923,14.59388,17.04734,19.65660
5754.61740,-0.94618,-1.34984,65.63663,14.33952,14.59286,17.04452,19.65972
5754.62740,-0.97388,-1.35197,65.61429,14.32888,14.58754,17.00250,19.69536
5754.63740,-0.99565,-1.35493,65.58496,14.31569,14.57929,16.96872,19.72126
5754.64740,-0.99551,-1.36714,65.47666,14.27159,14.54062,16.96138,19.70307
5754.65740,-0.98076,-1.37147,65.46466,14.27159,14.52291,16.97795,19.69222
5754.66740,-0.97117,-1.37428,65.45686,14.27159,14.51139,16.98872,19.68516
5754.67740,-0.97647,-1.36345,65.37408,14.26090,14.51673,16.95187,19.64457
5754.68740,-0.98519,-1.36811,65.30186,14.21797,14.51453,16.94716,19.62219
5754.69740,-0.98707,-1.37458,65.30186,14.20259,14.51139,16.95972,19.62816
5754.70740,-0.97748,-1.39583,65.13429,14.16194,14.41765,16.93483,19.61986
5754.71740,-0.97550,-1.40021,65.09986,14.15359,14.39839,16.92972,19.61816
5754.72740,-0.94946,-1.38225,65.19283,14.22865,14.41545,16.93825,19.61048
5754.73740,-0.98032,-1.39228,65.37376,14.25009,14.44474,16.95672,19.72221
5754.74740,-0.98654,-1.39459,65.40286,14.25159,14.44939,16.95972,19.74216
5754.75740,-1.02575,-1.38641,65.29468,14.19234,14.48460,16.90820,19.70953
5754.76740,-1.03112,-1.40485,65.31092,14.14086,14.49039,16.95932,19.72034
5754.77740,-1.03093,-1.40830,65.31686,14.13359,14.49039,16.96972,19.72316
5754.78740,-1.02364,-1.41144,65.38656,14.17269,14.47283,16.97482,19.76623
5754.79740,-1.01807,-1.41384,65.43986,14.20259,14.45939,16.97872,19.79916
5754.80740,-1.04020,-1.43403,65.37465,14.13078,14.44474,16.98605,19.81308
5754.81740,-1.05747,-1.44284,65.39539,14.08269,14.47662,17.01792,19.81816
5754.82740,-1.06087,-1.44337,65.41186,14.07459,14.49039,17.02872,19.81816
5754.83740,-1.05204,-1.42541,65.31370,14.09794,14.47562,16.97202,19.76813
5754.84740,-1.04149,-1.40930,65.23724,14.13329,14.45292,16.91619,19.73484
5754.85740,-1.03977,-1.41698,65.30286,14.15359,14.43939,16.92972,19.78016
5754.86740,-1.04070,-1.41177,65.39136,14.17070,14.47597,16.95332,19.79137
5754.87740,-1.04135,-1.40816,65.45286,14.18259,14.50139,16.96972,19.79916
5754.88740,-1.03020,-1.41414,65.38029,14.18849,14.44652,16.94612,19.79916
5754.89740,-1.02618,-1.42198,65.34297,14.16934,14.42687,16.95356,19.79320
5754.90740,-1.02872,-1.42446,65.35186,14.15359,14.43939,16.96972,19.78916
5754.91740,-1.02447,-1.41484,65.27794,14.14399,14.44419,16.95052,19.73924
5754.92740,-1.04935,-1.40512,65.23286,14.12594,14.47031,16.90961,19.72700
5754.93740,-1.09311,-1.40619,65.28486,14.11459,14.50139,16.87972,19.78916
5754.94740,-1.11439,-1.41190,65.31242,14.09082,14.52088,16.88447,19.81625
5754.95740,-1.13787,-1.41820,65.34286,14.06459,14.54239,16.88972,19.84616
5754.96740,-1.10832,-1.43262,65.36897,14.08358,14.49349,16.92770,19.86420
5754.97740,-1.07996,-1.45054,65.40556,14.09432,14.44735,16.97716,19.88673
5754.98740,-1.08889,-1.45466,65.42160,14.07293,14.46393,16.99267,19.89207
5754.99740,-1.08621,-1.44406,65.35868,14.06939,14.47039,16.97038,19.84852
5755.00740,-1.07701,-1.44057,65.27087,14.06065,14.45079,16.95129,19.80813
5755.01740,-1.07163,-1.46128,65.24323,14.03100,14.40908,16.97592,19.82723
5755.02740,-1.08277,-1.46537,65.24383,14.01559,14.41306,16.97482,19.84037
5755.03740,-1.10794,-1.45330,65.27086,14.01559,14.45939,16.94972,19.84616
5755.04740,-1.10003,-1.45647,65.26732,14.01559,14.44879,16.95997,19.84298
5755.05740,-1.07028,-1.46853,65.27886,14.02506,14.40981,17.00083,19.84316
5755.06740,-1.03721,-1.48210,65.31786,14.04559,14.36739,17.04872,19.85616
5755.07740,-1.04142,-1.47979,65.29739,14.04099,14.36969,17.03722,19.84949
5755.08740,-1.04058,-1.47510,65.25830,14.03916,14.36796,17.02172,19.82946
5755.09740,-0.99054,-1.48523,65.35686,14.08459,14.33639,17.09872,19.83716
5755.10740,-0.99199,-1.48339,65.36620,14.08459,14.34573,17.10100,19.83488
5755.11740,-0.99687,-1.47715,65.39786,14.08459,14.37739,17.10872,19.82716
5755.12740,-0.99891,-1.47723,65.39372,14.08358,14.37638,17.10468,19.82908
5755.13740,-1.01124,-1.47959,65.35218,14.07894,14.35618,17.07090,19.84616
5755.14740,-0.96368,-1.49336,65.31386,14.11459,14.26439,17.08872,19.84616
5755.15740,-0.96164,-1.49163,65.32705,14.11922,14.27045,17.09347,19.84390
5755.16740,-0.94188,-1.47773,65.41027,14.15250,14.31322,17.12981,19.81474
5755.17740,-0.90400,-1.46892,65.29086,14.14359,14.29539,17.13872,19.71316
5755.18740,-0.90400,-1.46892,65.29086,14.14359,14.29539,17.13872,19.71316
5755.19740,-0.86989,-1.44957,65.36044,14.19982,14.32494,17.16731,19.66836
5755.20740,-0.86822,-1.44862,65.36386,14.20259,14.32639,17.16872,19.66616
5755.21740,-0.87335,-1.46481,65.19824,14.12517,14.28523,17.15892,19.62892
5755.22740,-0.83757,-1.47684,65.40458,14.20101,14.26479,17.23614,19.70264
5755.23740,-0.83684,-1.47708,65.40886,14.20259,14.26439,17.23772,19.70416
5755.24740,-0.86512,-1.46391,65.25696,14.15457,14.28399,17.17010,19.64830
5755.25740,-0.83723,-1.50591,65.34790,14.12389,14.23391,17.28652,19.70358
5755.26740,-0.83694,-1.50634,65.34886,14.12359,14.23339,17.28772,19.70416
5755.27740,-0.80306,-1.47747,65.49673,14.22268,14.28139,17.31095,19.68171
5755.28740,-0.79321,-1.46908,65.53986,14.25159,14.29539,17.31772,19.67516
5755.29740,-0.79389,-1.48207,65.45938,14.20728,14.26736,17.32224,19.66250
5755.30740,-0.79469,-1.49739,65.36470,14.15515,14.23438,17.32756,19.64761
5755.31740,-0.82164,-1.49907,65.30086,14.12359,14.23339,17.28772,19.65616
5755.32740,-0.77423,-1.47042,65.24986,14.19771,14.21911,17.26052,19.57252
5755.33740,-0.79400,-1.49256,65.30172,14.18500,14.19101,17.26841,19.65730
5755.34740,-0.81292,-1.50856,65.33586,14.16359,14.18139,17.27772,19.71316
5755.35740,-0.81708,-1.50518,65.29591,14.14659,14.19074,17.26922,19.68936
5755.36740,-0.81782,-1.50459,65.28886,14.14359,14.19239,17.26772,19.68516
5755.37740,-0.81782,-1.50459,65.28886,14.14359,14.19239,17.26772,19.68516
5755.38740,-0.79508,-1.53044,65.29186,14.08459,14.17867,17.36245,19.66616
5755.39740,-0.77731,-1.53809,65.34886,14.08459,14.18139,17.41672,19.66616
5755.40740,-0.78334,-1.52631,65.32754,14.12916,14.16137,17.35276,19.68425
5755.41740,-0.79243,-1.54857,65.34827,14.09910,14.13660,17.37910,19.73347
5755.42740,-0.79503,-1.56148,65.36286,14.07459,14.13039,17.40672,19.75116
5755.43740,-0.76406,-1.55176,65.37122,14.10609,14.13039,17.42601,19.70873
5755.44740,-0.74685,-1.54635,65.37586,14.12359,14.13039,17.43672,19.68516
5755.45740,-0.78755,-1.55338,65.36801,14.10003,14.13039,17.39505,19.74254
5755.46740,-0.79852,-1.59088,65.41326,14.05519,14.08719,17.44512,19.82576
5755.47740,-0.78805,-1.61278,65.44686,14.03559,14.05839,17.49672,19.85616
5755.48740,-0.81137,-1.59945,65.35926,14.01759,14.07699,17.43732,19.82736
5755.49740,-0.78972,-1.61312,65.32006,14.02959,14.00899,17.43912,19.84236
5755.50740,-0.76491,-1.62816,65.33286,14.04559,13.95539,17.46672,19.86516
5755.51740,-0.77220,-1.62890,65.31541,14.03402,13.95735,17.45888,19.86516
5755.52740,-0.80212,-1.63195,65.24386,13.98659,13.96539,17.42672,19.86516
5755.53740,-0.80109,-1.63441,65.26709,13.99288,13.96201,17.43317,19.87903
5755.54740,-0.79810,-1.66355,65.38643,14.00230,13.92016,17.48573,19.97825
5755.55740,-0.80072,-1.68161,65.38486,13.97659,13.89339,17.50672,20.00816
5755.56740,-0.81233,-1.66811,65.36205,13.98609,13.91288,17.46870,19.99438
5755.57740,-0.84293,-1.63800,65.32417,14.01022,13.95883,17.38019,19.97493
5755.58740,-0.86297,-1.62088,65.30986,14.02559,13.98639,17.32772,19.97016
5755.59740,-0.85310,-1.62668,65.26631,14.00365,13.97304,17.34361,19.94600
5755.60740,-0.83251,-1.63879,65.17558,13.95796,13.94523,17.37673,19.89567
5755.61740,-0.84111,-1.63056,65.17217,13.97703,13.94821,17.34307,19.90386
5755.62740,-0.87191,-1.61133,65.19147,14.01215,13.97634,17.27085,19.93212
5755.63740,-0.89753,-1.60554,65.23086,14.00559,14.01639,17.25772,19.95116
5755.64740,-0.88404,-1.60301,65.17488,13.99906,14.00609,17.25772,19.91201
5755.65740,-0.86884,-1.59940,65.10776,13.99674,13.98989,17.25072,19.87041
5755.66740,-0.88858,-1.60167,65.18186,14.01559,13.99639,17.23772,19.93216
5755.67740,-0.89346,-1.60175,65.24101,14.01909,14.01809,17.25522,19.94861
5755.68740,-0.90251,-1.60189,65.35086,14.02559,14.05839,17.28772,19.97916
5755.69740,-0.90251,-1.60189,65.35086,14.02559,14.05839,17.28772,19.97916
5755.70740,-0.94255,-1.60352,65.25121,13.96671,14.06978,17.23851,19.97622
5755.71740,-0.91330,-1.57491,65.38486,14.04559,14.13039,17.26772,19.94116
5755.72740,-0.91330,-1.57491,65.38486,14.04559,14.13039,17.26772,19.94116
5755.73740,-0.94253,-1.53294,65.46010,14.10207,14.22682,17.20308,19.92813
5755.74740,-0.96492,-1.53651,65.31986,14.05559,14.20239,17.14872,19.91316
5755.75740,-0.96464,-1.53544,65.31897,14.05432,14.20633,17.14999,19.90833
5755.76740,-0.96347,-1.53100,65.31527,14.04903,14.22273,17.15528,19.88823
5755.77740,-0.95564,-1.52108,65.30248,14.06757,14.22708,17.14244,19.86539
5755.78740,-0.92999,-1.49254,65.26106,14.15014,14.20826,17.07872,19.82394
5755.79740,-0.94564,-1.48510,65.25486,14.12359,14.25339,17.07872,19.79916
5755.80740,-0.94564,-1.48510,65.25486,14.12359,14.25339,17.07872,19.79916
5755.81740,-0.90947,-1.46462,65.32686,14.19259,14.27439,17.09872,19.76116
5755.82740,-0.91252,-1.46445,65.31975,14.18908,14.27529,17.09422,19.76116
5755.83740,-0.93695,-1.46480,65.25052,14.15451,14.27870,17.05882,19.75850
5755.84740,-0.87302,-1.48530,65.27686,14.16359,14.22239,17.15872,19.73216
5755.85740,-0.87302,-1.48530,65.27686,14.16359,14.22239,17.15872,19.73216
5755.86740,-0.92465,-1.45688,65.31839,14.17325,14.31222,17.09111,19.74182
5755.87740,-0.90958,-1.44171,65.42462,14.23955,14.33576,17.09842,19.75089
5755.88740,-0.90906,-1.44128,65.42786,14.24159,14.33639,17.09872,19.75116
5755.89740,-0.95672,-1.41061,65.39421,14.22278,14.42844,17.02943,19.71355
5755.90740,-1.00715,-1.42247,65.22723,14.14515,14.39901,16.95128,19.73178
5755.91740,-1.00816,-1.42271,65.22386,14.14359,14.39839,16.94972,19.73216
5755.92740,-0.99051,-1.42166,65.24595,14.17602,14.37865,16.95442,19.73686
5755.93740,-0.97062,-1.42047,65.27086,14.21259,14.35639,16.95972,19.74216
5755.94740,-0.96643,-1.41051,65.31414,14.22608,14.39036,16.97322,19.72448
5755.95740,-0.95758,-1.40784,65.30346,14.21882,14.40059,16.98872,19.69533
5755.96740,-0.95292,-1.41795,65.23386,14.19259,14.36739,16.98872,19.68516
5755.97740,-0.97728,-1.41877,65.24299,14.16023,14.40140,16.98872,19.69263
5755.98740,-0.98229,-1.41894,65.24486,14.15359,14.40839,16.98872,19.69416
5755.99740,-1.01616,-1.42610,65.35196,14.15359,14.43474,16.98872,19.77491
5756.00740,-0.96667,-1.44343,65.40950,14.20424,14.35954,17.04024,19.80547
5756.01740,-0.95755,-1.44607,65.41586,14.21259,14.34639,17.04872,19.80816
5756.02740,-0.95925,-1.43069,65.37131,14.21259,14.37105,17.02486,19.76282
5756.03740,-0.97601,-1.42014,65.27147,14.18782,14.38235,16.97665,19.72465
5756.04740,-0.98416,-1.42750,65.25286,14.17359,14.36739,16.96972,19.74216
5756.05740,-0.96995,-1.40895,65.29666,14.22323,14.39002,16.96242,19.72099
5756.06740,-0.97019,-1.43275,65.33021,14.19894,14.36081,17.00236,19.76809
5756.07740,-0.97229,-1.44451,65.33686,14.18259,14.34639,17.01872,19.78916
5756.08740,-0.97229,-1.44451,65.33686,14.18259,14.34639,17.01872,19.78916
5756.09740,-0.97974,-1.44293,65.46199,14.21169,14.37646,17.03812,19.83572
5756.10740,-0.97781,-1.44094,65.44856,14.20959,14.37839,17.03672,19.82386
5756.11740,-0.96121,-1.42733,65.30206,14.18069,14.38229,17.02072,19.71836
5756.12740,-0.98681,-1.46193,65.38486,14.16359,14.33639,17.03872,19.84616
5756.13740,-0.97753,-1.45750,65.40114,14.17217,14.34761,17.05192,19.82944
5756.14740,-0.94637,-1.44699,65.43246,14.18961,14.37397,17.09652,19.77236
5756.15740,-0.95238,-1.46540,65.33886,14.14359,14.32639,17.08872,19.78016
5756.16740,-0.95139,-1.46684,65.33572,14.14620,14.31829,17.08611,19.78513
5756.17740,-0.94858,-1.47090,65.32686,14.15359,14.29539,17.07872,19.79916
5756.18740,-0.96717,-1.46473,65.28045,14.14119,14.30525,17.04089,19.79312
5756.19740,-1.00600,-1.45185,65.18376,14.11536,14.32578,16.96208,19.78054
5756.20740,-0.98055,-1.45701,65.44886,14.14359,14.39839,17.09872,19.80816
5756.21740,-0.98655,-1.45044,65.44609,14.15052,14.40914,17.08139,19.80504
5756.22740,-0.98360,-1.44603,65.46044,14.16702,14.41153,17.07619,19.80569
5756.23740,-0.95635,-1.46132,65.49786,14.17359,14.37739,17.12872,19.81816
5756.24740,-0.96057,-1.46429,65.45749,14.16659,14.35826,17.11005,19.82259
5756.25740,-0.97264,-1.47281,65.34216,14.14659,14.30359,17.05672,19.83526
5756.26740,-0.97857,-1.47088,65.30998,14.13705,14.30464,17.04196,19.82634
5756.27740,-0.98179,-1.46221,65.27286,14.12710,14.32324,17.02933,19.79319
5756.28740,-0.94132,-1.47095,65.32486,14.17359,14.27439,17.06872,19.80816
5756.29740,-0.94655,-1.46919,65.29710,14.16653,14.27439,17.05460,19.80157
5756.30740,-0.96029,-1.46280,65.23326,14.15019,14.28121,17.01972,19.78214
5756.31740,-0.94858,-1.46043,65.32686,14.17359,14.30539,17.05872,19.78916
5756.32740,-0.94858,-1.46043,65.32686,14.17359,14.30539,17.05872,19.78916
5756.33740,-0.94607,-1.44530,65.31686,14.20259,14.31539,17.02872,19.77016
5756.34740,-0.94607,-1.44530,65.31686,14.20259,14.31539,17.02872,19.77016
5756.35740,-0.90392,-1.44106,65.30159,14.22522,14.29821,17.06236,19.71580
5756.36740,-0.89959,-1.43991,65.41886,14.25159,14.32639,17.09872,19.74216
5756.37740,-0.90075,-1.43703,65.41185,14.25378,14.32939,17.09142,19.73727
5756.38740,-0.91236,-1.40827,65.34178,14.27567,14.35931,17.01843,19.68836
5756.39740,-0.92202,-1.41881,65.28286,14.22259,14.35639,17.02872,19.67516
5756.40740,-0.92441,-1.42167,65.29246,14.21859,14.35639,17.03372,19.68376
5756.41740,-0.94584,-1.44741,65.37886,14.18259,14.35639,17.07872,19.76116
5756.42740,-0.94584,-1.44741,65.37886,14.18259,14.35639,17.07872,19.76116
5756.43740,-0.92929,-1.41228,65.34457,14.23878,14.38592,17.03110,19.68878
5756.44740,-0.92463,-1.40285,65.45358,14.24159,14.45794,17.08751,19.66654
5756.45740,-0.92455,-1.40269,65.45586,14.24159,14.45939,17.08872,19.66616
5756.46740,-0.89381,-1.39989,65.43397,14.28277,14.41665,17.08351,19.65104
5756.47740,-0.87876,-1.40101,65.43803,14.31225,14.38573,17.07872,19.66133
5756.48740,-0.88139,-1.40175,65.44286,14.31059,14.38739,17.07872,19.66616
5756.49740,-0.89502,-1.40303,65.43631,14.28686,14.40458,17.07872,19.66616
5756.50740,-0.89804,-1.40332,65.43486,14.28159,14.40839,17.07872,19.66616
5756.51740,-0.86405,-1.40270,65.40867,14.28159,14.39869,17.11752,19.61087
5756.52740,-0.88957,-1.41598,65.26677,14.25219,14.32785,17.04034,19.64639
5756.53740,-0.89011,-1.41625,65.26386,14.25159,14.32639,17.03872,19.64716
5756.54740,-0.85930,-1.40557,65.29106,14.29409,14.32639,17.05572,19.61486
5756.55740,-0.85387,-1.40369,65.29586,14.30159,14.32639,17.05872,19.60916
5756.56740,-0.85270,-1.40713,65.26186,14.28702,14.31619,17.05872,19.59993
5756.57740,-0.85379,-1.40906,65.23106,14.27159,14.31259,17.05772,19.58916
5756.58740,-0.87467,-1.39359,65.27786,14.27159,14.37739,17.04872,19.58016
5756.59740,-0.87119,-1.39395,65.28019,14.27371,14.37527,17.05296,19.57825
5756.60740,-0.86221,-1.40744,65.29383,14.26739,14.34894,17.07937,19.59813
5756.61740,-0.86936,-1.42955,65.30286,14.24159,14.31539,17.09872,19.64716
5756.62740,-0.85013,-1.42612,65.34885,14.24889,14.33802,17.14252,19.61942
5756.63740,-0.84302,-1.42485,65.36586,14.25159,14.34639,17.15872,19.60916
5756.64740,-0.82792,-1.43218,65.37895,14.26613,14.31658,17.17327,19.62298
5756.65740,-0.80265,-1.43858,65.44096,14.28604,14.30539,17.22136,19.62816
5756.66740,-0.79514,-1.43998,65.46286,14.29159,14.30539,17.23772,19.62816
5756.67740,-0.80276,-1.42751,65.44455,14.29159,14.33320,17.21738,19.60239
5756.68740,-0.81224,-1.42440,65.37859,14.27522,14.32962,17.18767,19.58607
5756.69740,-0.82039,-1.42832,65.29904,14.25250,14.30633,17.15983,19.58039
5756.70740,-0.80925,-1.43957,65.29006,14.24241,14.28027,17.18240,19.58499
5756.71740,-0.79699,-1.45144,65.28386,14.23259,14.25339,17.20772,19.59016
5756.72740,-0.79794,-1.44215,65.23810,14.23259,14.26002,17.18424,19.56126
5756.73740,-0.79827,-1.45498,65.33230,14.23259,14.26439,17.22911,19.60621
5756.74740,-0.79807,-1.46707,65.41186,14.23259,14.26439,17.26772,19.64716
5756.75740,-0.81031,-1.45110,65.30435,14.24825,14.24765,17.18182,19.62663
5756.76740,-0.80269,-1.44054,65.28756,14.27748,14.24134,17.15600,19.61274
5756.77740,-0.77537,-1.44518,65.40086,14.30159,14.25339,17.22772,19.61816
5756.78740,-0.79131,-1.44147,65.42841,14.29618,14.28149,17.22232,19.62842
5756.79740,-0.80486,-1.43831,65.45186,14.29159,14.30539,17.21772,19.63716
5756.80740,-0.80486,-1.43831,65.45186,14.29159,14.30539,17.21772,19.63716
5756.81740,-0.81713,-1.44181,65.31878,14.27541,14.25339,17.15133,19.63865
5756.82740,-0.81495,-1.45274,65.35886,14.26159,14.25339,17.18772,19.65616
5756.83740,-0.81495,-1.45274,65.35886,14.26159,14.25339,17.18772,19.65616
5756.84740,-0.82969,-1.42052,65.30670,14.29056,14.29396,17.11141,19.61076
5756.85740,-0.84226,-1.42577,65.11586,14.23259,14.25339,17.05872,19.57116
5756.86740,-0.83637,-1.42961,65.16630,14.23903,14.25806,17.08539,19.58383
5756.87740,-0.81581,-1.44298,65.34286,14.26159,14.27439,17.17872,19.62816
5756.88740,-0.82085,-1.43690,65.34425,14.25466,14.29934,17.17872,19.61153
5756.89740,-0.83123,-1.43009,65.39208,14.26199,14.33245,17.17872,19.61892
5756.90740,-0.83295,-1.43909,65.47986,14.30159,14.30539,17.17872,19.69416
5756.91740,-0.82589,-1.43289,65.46714,14.30159,14.31763,17.18328,19.66464
5756.92740,-0.80627,-1.41566,65.43181,14.30159,14.35163,17.19595,19.58264
5756.93740,-0.85557,-1.42518,65.34286,14.27159,14.31539,17.10872,19.64716
5756.94740,-0.85557,-1.42518,65.34286,14.27159,14.31539,17.10872,19.64716
5756.95740,-0.83837,-1.42932,65.39286,14.28159,14.31539,17.14872,19.64716
5756.96740,-0.83428,-1.43256,65.35976,14.27380,14.29943,17.14677,19.63976
5756.97740,-0.81635,-1.44351,65.24023,14.24699,14.24266,17.14313,19.60745
5756.98740,-0.80663,-1.41854,65.41586,14.30159,14.33639,17.18772,19.59016
5756.99740,-0.80917,-1.42053,65.38275,14.28825,14.32950,17.18128,19.58372
5757.00740,-0.82015,-1.42611,65.27330,14.25079,14.30309,17.14952,19.56990
5757.01740,-0.82702,-1.42134,65.29486,14.28159,14.29539,17.11872,19.59916
5757.02740,-0.82702,-1.42134,65.29486,14.28159,14.29539,17.11872,19.59916
5757.03740,-0.83432,-1.41383,65.29298,14.25088,14.34678,17.13752,19.55780
5757.04740,-0.83806,-1.40861,65.30191,14.23761,14.37892,17.14945,19.53593
5757.05740,-0.83250,-1.40179,65.39330,14.28331,14.39283,17.15607,19.56109
5757.06740,-0.78074,-1.40361,65.47786,14.34059,14.36739,17.21772,19.55216
5757.07740,-0.78590,-1.40292,65.45506,14.33369,14.36629,17.20582,19.54926
5757.08740,-0.83062,-1.39776,65.25538,14.27239,14.35479,17.10352,19.52468
5757.09740,-0.81109,-1.40901,65.31058,14.28039,14.33879,17.15152,19.53988
5757.10740,-0.80816,-1.41070,65.31886,14.28159,14.33639,17.15872,19.54216
5757.11740,-0.84958,-1.36198,65.44690,14.35822,14.45570,17.08112,19.55186
5757.12740,-0.85085,-1.36048,65.45086,14.36059,14.45939,17.07872,19.55216
5757.13740,-0.84193,-1.38195,65.32185,14.33149,14.37015,17.05932,19.56089
5757.14740,-0.84349,-1.38848,65.42456,14.33059,14.39746,17.10722,19.58929
5757.15740,-0.84354,-1.38866,65.42786,14.33059,14.39839,17.10872,19.59016
5757.16740,-0.86896,-1.37101,65.44726,14.34999,14.43816,17.06022,19.59889
5757.17740,-0.83518,-1.38355,65.34051,14.31243,14.39283,17.09752,19.53773
5757.18740,-0.81624,-1.39071,65.28186,14.29159,14.36739,17.11872,19.50416
5757.19740,-0.82954,-1.38966,65.32245,14.30173,14.37808,17.10804,19.53460
5757.20740,-0.84113,-1.38875,65.35786,14.31059,14.38739,17.09872,19.56116
5757.21740,-0.83810,-1.38837,65.28776,14.29930,14.36898,17.08090,19.53859
5757.22740,-0.86553,-1.37390,65.25874,14.29749,14.39946,17.02742,19.53437
5757.23740,-0.88602,-1.36403,65.27186,14.30159,14.42939,16.99872,19.54216
5757.24740,-0.84570,-1.36798,65.29427,14.30809,14.42144,17.06377,19.50096
5757.25740,-0.82384,-1.39685,65.29926,14.29691,14.35215,17.11032,19.53988
5757.26740,-0.82135,-1.40748,65.29786,14.29159,14.32639,17.11872,19.56116
5757.27740,-0.82676,-1.38645,65.34339,14.31255,14.38566,17.11149,19.53369
5757.28740,-0.82884,-1.37839,65.36086,14.32059,14.40839,17.10872,19.52316
5757.29740,-0.82884,-1.37839,65.36086,14.32059,14.40839,17.10872,19.52316
5757.30740,-0.84811,-1.37994,65.23366,14.28119,14.38747,17.05792,19.50708
5757.31740,-0.85806,-1.38725,65.32986,14.29159,14.39839,17.07872,19.56116
5757.32740,-0.83686,-1.38968,65.31240,14.28687,14.38848,17.10704,19.53001
5757.33740,-0.81656,-1.39882,65.35969,14.30074,14.36919,17.14654,19.54323
5757.34740,-0.82191,-1.40879,65.46386,14.33059,14.35639,17.15872,19.61816
5757.35740,-0.83599,-1.39675,65.51791,14.33059,14.41467,17.16342,19.60923
5757.36740,-0.85183,-1.38320,65.57886,14.33059,14.48039,17.16872,19.59916
5757.37740,-0.84939,-1.38986,65.50366,14.31226,14.44655,17.15462,19.59023
5757.38740,-0.84595,-1.40512,65.43625,14.28689,14.39852,17.15282,19.59802
5757.39740,-0.84517,-1.41384,65.45586,14.28159,14.38739,17.16872,19.61816
5757.40740,-0.84517,-1.41384,65.45586,14.28159,14.38739,17.16872,19.61816
5757.41740,-0.86396,-1.38140,65.46621,14.30441,14.46224,17.12245,19.57711
5757.42740,-0.87918,-1.37480,65.49888,14.31041,14.48957,17.10912,19.58978
5757.43740,-0.87536,-1.37175,65.46451,14.32459,14.46904,17.08422,19.58666
5757.44740,-0.86742,-1.36644,65.39886,14.35059,14.42939,17.03872,19.58016
5757.45740,-0.87039,-1.38645,65.38100,14.30319,14.41153,17.07306,19.59321
5757.46740,-0.87183,-1.40975,65.36856,14.24689,14.39559,17.12122,19.60486
5757.47740,-0.86398,-1.38191,65.40886,14.31059,14.42939,17.08872,19.58016
5757.48740,-0.86787,-1.37965,65.37736,14.31059,14.42204,17.06772,19.57701
5757.49740,-0.88444,-1.38970,65.34242,14.28009,14.40839,17.05644,19.59750
5757.50740,-0.90202,-1.41655,65.38686,14.22259,14.40839,17.10872,19.64716
5757.51740,-0.90202,-1.41655,65.38686,14.22259,14.40839,17.10872,19.64716
5757.52740,-0.89375,-1.39197,65.33786,14.26159,14.41839,17.05872,19.59916
5757.53740,-0.89722,-1.39516,65.34468,14.25081,14.42301,17.06752,19.60334
5757.54740,-0.90806,-1.40586,65.38604,14.22188,14.43939,17.09990,19.62487
5757.55740,-0.90132,-1.40307,65.46411,14.26413,14.43939,17.10524,19.65535
5757.56740,-0.90850,-1.39949,65.47372,14.27421,14.44379,17.08892,19.66680
5757.57740,-0.94999,-1.39535,65.32129,14.20879,14.45421,17.01872,19.63956
5757.58740,-0.95195,-1.40502,65.29140,14.19155,14.43065,17.01872,19.65048
5757.59740,-0.95297,-1.41005,65.27586,14.18259,14.41839,17.01872,19.65616
5757.60740,-0.92715,-1.40021,65.35952,14.24745,14.41839,17.03282,19.66086
5757.61740,-0.89811,-1.38915,65.45386,14.32059,14.41839,17.04872,19.66616
5757.62740,-0.90199,-1.39969,65.40330,14.27374,14.41281,17.06548,19.65126
5757.63740,-0.92740,-1.39014,65.46486,14.29159,14.44939,17.03872,19.68516
5757.64740,-0.92777,-1.38956,65.44536,14.28569,14.44839,17.03472,19.67656
5757.65740,-0.93263,-1.38443,65.27046,14.23259,14.43939,16.99680,19.60168
5757.66740,-0.94726,-1.38534,65.27642,14.23259,14.43939,16.97759,19.62684
5757.67740,-0.95326,-1.38571,65.27886,14.23259,14.43939,16.96972,19.63716
5757.68740,-0.94538,-1.38679,65.17206,14.21299,14.40902,16.95012,19.59993
5757.69740,-0.94522,-1.38681,65.16986,14.21259,14.40839,16.94972,19.59916
5757.70740,-0.93011,-1.40380,65.30275,14.21259,14.41809,17.03605,19.63602
5757.71740,-0.95252,-1.40040,65.45818,14.26012,14.44846,17.02902,19.72058
5757.72740,-0.95322,-1.40028,65.46286,14.26159,14.44939,17.02872,19.72316
5757.73740,-0.93921,-1.41616,65.29893,14.21406,14.37955,17.01902,19.68630
5757.74740,-0.90744,-1.40553,65.33678,14.26323,14.37739,17.03589,19.66027
5757.75740,-0.90228,-1.40370,65.34386,14.27159,14.37739,17.03872,19.65616
5757.76740,-0.92971,-1.37854,65.41106,14.31275,14.43787,16.98832,19.67212
5757.77740,-0.93493,-1.37376,65.42386,14.32059,14.44939,16.97872,19.67516
5757.78740,-0.92990,-1.37906,65.26930,14.25423,14.43259,16.97872,19.60376
5757.79740,-0.91711,-1.39295,65.37986,14.27553,14.42006,17.02963,19.65464
5757.80740,-0.91501,-1.39525,65.40486,14.28159,14.41839,17.03872,19.66616
5757.81740,-0.92633,-1.36804,65.47477,14.32049,14.48830,17.01617,19.64981
5757.82740,-0.93451,-1.36078,65.40164,14.30670,14.49073,16.98261,19.62160
5757.83740,-0.93405,-1.37183,65.29986,14.27159,14.44939,16.96972,19.60916
5757.84740,-0.92248,-1.35095,65.39524,14.31390,14.50892,16.99052,19.58191
5757.85740,-0.91792,-1.34273,65.43286,14.33059,14.53239,16.99872,19.57116
5757.86740,-0.93969,-1.35954,65.29390,14.28091,14.47263,16.94904,19.59132
5757.87740,-0.90985,-1.37865,65.40186,14.31127,14.43499,17.01540,19.64020
5757.88740,-0.89499,-1.38352,65.46486,14.33059,14.42939,17.04872,19.65616
5757.89740,-0.92755,-1.36316,65.41878,14.30251,14.49563,17.00552,19.61512
5757.90740,-0.94494,-1.37276,65.32742,14.25847,14.47195,16.97960,19.61740
5757.91740,-0.95006,-1.39179,65.24786,14.22259,14.41839,16.96972,19.63716
5757.92740,-0.93032,-1.37012,65.33703,14.27555,14.46667,16.98916,19.60565
5757.93740,-0.92064,-1.35949,65.38086,14.30159,14.49039,16.99872,19.59016
5757.94740,-0.92064,-1.35949,65.38086,14.30159,14.49039,16.99872,19.59016
5757.95740,-0.90088,-1.36126,65.19739,14.28475,14.42138,16.95748,19.53377
5757.96740,-0.92741,-1.36936,65.31070,14.28999,14.44283,16.96652,19.61136
5757.97740,-0.93316,-1.37083,65.33886,14.29159,14.44939,16.96972,19.62816
5757.98740,-0.92334,-1.36323,65.44507,14.30993,14.49960,17.01703,19.61850
5757.99740,-0.94054,-1.37067,65.36377,14.27740,14.47502,16.98468,19.62667
5758.00740,-0.91977,-1.36817,65.34846,14.30337,14.44947,16.98274,19.61287
5758.01740,-0.88433,-1.36244,65.34786,14.35059,14.41839,16.98872,19.59016
5758.02740,-0.89285,-1.37431,65.35614,14.32329,14.41533,17.00712,19.61040
5758.03740,-0.91138,-1.40009,65.37414,14.26396,14.40866,17.04712,19.65440
5758.04740,-0.91021,-1.37195,65.36886,14.30159,14.44939,17.00872,19.60916
5758.05740,-0.91021,-1.37195,65.36886,14.30159,14.44939,17.00872,19.60916
5758.06740,-0.90021,-1.39234,65.36275,14.26477,14.42507,17.05771,19.61520
5758.07740,-0.93584,-1.37716,65.31043,14.27139,14.43898,16.97228,19.62778
5758.08740,-0.92420,-1.37967,65.30065,14.27159,14.42728,16.98496,19.61683
5758.09740,-0.90438,-1.38430,65.28786,14.27159,14.40839,17.00872,19.59916
5758.10740,-0.90438,-1.38430,65.28786,14.27159,14.40839,17.00872,19.59916
5758.11740,-0.91453,-1.38059,65.34071,14.28809,14.42574,17.00222,19.62466
5758.12740,-0.91680,-1.37919,65.34786,14.28159,14.43939,17.00872,19.61816
5758.13740,-0.91676,-1.36392,65.38356,14.31939,14.46109,16.98807,19.61501
5758.14740,-0.90596,-1.35782,65.43819,14.35253,14.46948,16.99742,19.61877
5758.15740,-0.88540,-1.40041,65.41586,14.28159,14.40839,17.08872,19.63716
5758.16740,-0.88586,-1.40133,65.42654,14.28602,14.40601,17.08872,19.64580
5758.17740,-0.88942,-1.40850,65.50986,14.32059,14.38739,17.08872,19.71316
5758.18740,-0.89592,-1.40620,65.47576,14.30981,14.38981,17.07332,19.70282
5758.19740,-0.90865,-1.39857,65.37224,14.28017,14.39597,17.03412,19.66198
5758.20740,-0.87192,-1.40038,65.43386,14.31059,14.38739,17.08872,19.64716
5758.21740,-0.87802,-1.39860,65.40768,14.30861,14.38299,17.06892,19.64716
5758.22740,-0.89969,-1.39228,65.31486,14.30159,14.36739,16.99872,19.64716
5758.23740,-0.89691,-1.39318,65.31068,14.29719,14.36739,17.00532,19.64078
5758.24740,-0.88315,-1.39627,65.30202,14.28159,14.37033,17.03752,19.61259
5758.25740,-0.86554,-1.39591,65.33002,14.28159,14.38366,17.07752,19.58725
5758.26740,-0.86242,-1.39650,65.33417,14.27979,14.38559,17.08602,19.58277
5758.27740,-0.88171,-1.40382,65.28894,14.25718,14.36739,17.05782,19.60655
5758.28740,-0.89186,-1.40713,65.20886,14.21259,14.36739,17.04872,19.58016
5758.29740,-0.89057,-1.40694,65.21761,14.21815,14.36620,17.04929,19.58397
5758.30740,-0.87770,-1.40506,65.30511,14.27384,14.35427,17.05497,19.62204
5758.31740,-0.86922,-1.40382,65.36286,14.31059,14.34639,17.05872,19.64716
5758.32740,-0.85921,-1.40167,65.31084,14.29733,14.34299,17.06212,19.60840
5758.33740,-0.83937,-1.40371,65.27237,14.28841,14.32918,17.08246,19.57231
5758.34740,-0.83871,-1.41557,65.39186,14.32059,14.31539,17.10872,19.64716
5758.35740,-0.84975,-1.39473,65.41852,14.33218,14.37528,17.09327,19.61780
5758.36740,-0.84529,-1.37789,65.37881,14.32572,14.41258,17.08737,19.55313
5758.37740,-0.83190,-1.38779,65.32886,14.31059,14.37739,17.09872,19.54216
5758.38740,-0.83208,-1.38203,65.28909,14.32999,14.35702,17.05992,19.54216
5758.39740,-0.83209,-1.38186,65.28786,14.33059,14.35639,17.05872,19.54216
5758.40740,-0.85111,-1.40477,65.30920,14.24426,14.38646,17.12662,19.55186
5758.41740,-0.84878,-1.39203,65.35319,14.30561,14.38093,17.08992,19.57673
5758.42740,-0.84718,-1.38468,65.37686,14.34059,14.37739,17.06872,19.59016
5758.43740,-0.88549,-1.39805,65.35851,14.26428,14.40734,17.07838,19.60851
5758.44740,-0.87358,-1.41529,65.31750,14.24271,14.36152,17.09825,19.61502
5758.45740,-0.86647,-1.42429,65.29586,14.23259,14.33639,17.10872,19.61816
5758.46740,-0.80921,-1.41256,65.39342,14.28958,14.35571,17.18503,19.56310
5758.47740,-0.80720,-1.41215,65.39686,14.29159,14.35639,17.18772,19.56116
5758.48740,-0.84511,-1.41160,65.36959,14.26431,14.37330,17.14463,19.58734
5758.49740,-0.88528,-1.40813,65.28746,14.23619,14.37539,17.07272,19.60316
5758.50740,-0.89100,-1.40612,65.24786,14.23259,14.36739,17.04872,19.59916
5758.51740,-0.88112,-1.41637,65.39546,14.26067,14.37459,17.10632,19.65388
5758.52740,-0.88264,-1.40775,65.50252,14.30386,14.40305,17.11217,19.68344
5758.53740,-0.88376,-1.40513,65.51286,14.31059,14.40839,17.10872,19.68516
5758.54740,-0.90254,-1.39732,65.50158,14.31059,14.42587,17.07489,19.69023
5758.55740,-0.91708,-1.39128,65.49286,14.31059,14.43939,17.04872,19.69416
5758.56740,-0.90108,-1.39775,65.43182,14.30555,14.39907,17.04872,19.67848
5758.57740,-0.90962,-1.40392,65.40470,14.29062,14.38439,17.03775,19.69193
5758.58740,-0.92701,-1.40482,65.42186,14.28159,14.39839,17.02872,19.71316
5758.59740,-0.91945,-1.38403,65.36642,14.30247,14.41279,16.99272,19.65844
5758.60740,-0.86604,-1.40427,65.44377,14.32513,14.36603,17.08781,19.66480
5758.61740,-0.84716,-1.41487,65.48086,14.33059,14.34639,17.12872,19.67516
5758.62740,-0.86260,-1.42076,65.46289,14.30220,14.34999,17.12513,19.68558
5758.63740,-0.89016,-1.43128,65.43086,14.25159,14.35639,17.11872,19.70416
5758.64740,-0.88364,-1.42454,65.37305,14.25159,14.35043,17.10084,19.67019
5758.65740,-0.89348,-1.42154,65.42832,14.25159,14.38323,17.11248,19.68102
5758.66740,-0.90320,-1.42261,65.49286,14.25159,14.40839,17.12872,19.70416
5758.67740,-0.90143,-1.39805,65.44159,14.28310,14.42495,17.07531,19.65823
5758.68740,-0.89847,-1.38747,65.39301,14.29606,14.42101,17.04354,19.63239
5758.69740,-0.89607,-1.40592,65.38647,14.27144,14.38986,17.06867,19.65651
5758.70740,-0.90353,-1.41767,65.40049,14.26634,14.36741,17.06922,19.69753
5758.71740,-0.91283,-1.42248,65.41886,14.27159,14.35639,17.05872,19.73216
5758.72740,-0.91456,-1.42168,65.38479,14.26528,14.35008,17.04610,19.72333
5758.73740,-0.91824,-1.41998,65.31231,14.25186,14.33666,17.01926,19.70454
5758.74740,-0.89054,-1.46124,65.32986,14.18259,14.29539,17.13872,19.71316
5758.75740,-0.89373,-1.44594,65.35849,14.21497,14.31933,17.11525,19.70894
5758.76740,-0.90304,-1.43222,65.42222,14.24839,14.35311,17.09832,19.72240
5758.77740,-0.91492,-1.43961,65.48755,14.24172,14.36711,17.11832,19.76040
5758.78740,-0.92497,-1.43500,65.51177,14.25323,14.37943,17.10319,19.77591
5758.79740,-0.94043,-1.42751,65.54786,14.27159,14.39839,17.07872,19.79916
5758.80740,-0.93709,-1.43838,65.48806,14.23595,14.37665,17.09080,19.78466
5758.81740,-0.92966,-1.46261,65.35518,14.15675,14.32833,17.11765,19.75245
5758.82740,-0.89301,-1.45136,65.58586,14.27159,14.34639,17.16872,19.79916
5758.83740,-0.90794,-1.45926,65.52024,14.24133,14.32531,17.14492,19.80868
5758.84740,-0.93369,-1.47791,65.38232,14.18259,14.27045,17.09872,19.83056
5758.85740,-0.92485,-1.48290,65.36866,14.18939,14.24339,17.09872,19.83716
5758.86740,-0.92778,-1.48122,65.37279,14.19375,14.24566,17.09192,19.84147
5758.87740,-0.94980,-1.48392,65.34613,14.16775,14.25233,17.07192,19.85413
5758.88740,-0.94781,-1.47799,65.31062,14.16139,14.26021,17.06432,19.82470
5758.89740,-0.93490,-1.45465,65.22516,14.16437,14.28681,17.03992,19.73406
5758.90740,-0.95870,-1.45197,65.31486,14.20259,14.29539,17.00872,19.80816
5758.91740,-0.96245,-1.45061,65.32256,14.19401,14.31123,17.01532,19.80200
5758.92740,-0.97234,-1.45346,65.34832,14.16139,14.34693,17.04532,19.79468
5758.93740,-0.96027,-1.48066,65.34286,14.15359,14.27439,17.06872,19.84616
5758.94740,-0.96319,-1.47898,65.34748,14.15359,14.28121,17.06652,19.84616
5758.95740,-0.97355,-1.47304,65.36386,14.15359,14.30539,17.05872,19.84616
5758.96740,-0.97080,-1.46960,65.39143,14.16796,14.31287,17.06165,19.84895
5758.97740,-0.95837,-1.45403,65.51677,14.23329,14.34687,17.07499,19.86161
5758.98740,-0.96042,-1.45064,65.44586,14.20259,14.35639,17.06872,19.81816
5758.99740,-0.96119,-1.44979,65.44377,14.20331,14.35719,17.06584,19.81744
5759.00740,-0.96973,-1.44041,65.42057,14.21131,14.36599,17.03384,19.80944
5759.01740,-0.91592,-1.45585,65.49991,14.24981,14.31776,17.11463,19.81771
5759.02740,-0.91329,-1.45666,65.50386,14.25159,14.31539,17.11872,19.81816
5759.03740,-0.91761,-1.45161,65.47614,14.24939,14.32001,17.10112,19.80562
5759.04740,-0.93294,-1.43366,65.37786,14.24159,14.33639,17.03872,19.76116
5759.05740,-0.93750,-1.43356,65.39271,14.23968,14.34509,17.04084,19.76710
5759.06740,-0.95167,-1.44239,65.44436,14.22009,14.36189,17.06372,19.79866
5759.07740,-0.94339,-1.47007,65.43386,14.18259,14.31539,17.10872,19.82716
5759.08740,-0.94609,-1.46166,65.43523,14.18946,14.33325,17.09842,19.81411
5759.09740,-0.95127,-1.44559,65.43786,14.20259,14.36739,17.07872,19.78916
5759.10740,-0.94994,-1.44637,65.35363,14.19138,14.33958,17.05167,19.77100
5759.11740,-0.94004,-1.44634,65.32106,14.21529,14.30153,17.02712,19.77712
5759.12740,-0.93515,-1.44554,65.38486,14.24159,14.30539,17.03872,19.79916
5759.13740,-0.94224,-1.46067,65.31928,14.20666,14.26832,17.03159,19.81270
5759.14740,-0.96675,-1.46825,65.32877,14.14444,14.31297,17.06136,19.81000
5759.15740,-0.97163,-1.46858,65.33686,14.13359,14.32639,17.06872,19.80816
5759.16740,-0.97164,-1.45368,65.35450,14.16719,14.34319,17.04352,19.80060
5759.17740,-0.97165,-1.45084,65.35786,14.17359,14.34639,17.03872,19.79916
5759.18740,-0.97832,-1.47404,65.41414,14.13999,14.33799,17.08912,19.84704
5759.19740,-0.97279,-1.47685,65.48954,14.17475,14.32799,17.09872,19.88808
5759.20740,-0.97149,-1.47655,65.50186,14.18259,14.32639,17.09872,19.89416
5759.21740,-0.98116,-1.47305,65.44944,14.16982,14.32639,17.07184,19.88139
5759.22740,-0.98526,-1.48274,65.43593,14.14347,14.31902,17.08554,19.88790
5759.23740,-0.98496,-1.48835,65.44186,14.13359,14.31539,17.09872,19.89416
5759.24740,-0.97434,-1.44929,65.46706,14.20487,14.36723,17.05552,19.83944
5759.25740,-0.97021,-1.43410,65.47686,14.23259,14.38739,17.03872,19.81816
5759.26740,-0.95436,-1.47669,65.32278,14.15411,14.27651,17.06752,19.82464
5759.27740,-0.95441,-1.47208,65.37050,14.17277,14.29185,17.07159,19.83429
5759.28740,-0.95691,-1.46354,65.41386,14.19259,14.31539,17.06872,19.83716
5759.29740,-0.97026,-1.46432,65.42131,14.17599,14.33301,17.06872,19.84360
5759.30740,-1.01284,-1.46058,65.51333,14.14359,14.41626,17.08064,19.87285
5759.31740,-1.02404,-1.45702,65.56586,14.14359,14.44939,17.08872,19.88416
5759.32740,-0.99669,-1.45970,65.52684,14.16252,14.40573,17.09258,19.86600
5759.33740,-0.95319,-1.46397,65.46486,14.19259,14.33639,17.09872,19.83716
5759.34740,-0.96984,-1.46302,65.46072,14.17925,14.35065,17.08492,19.84590
5759.35740,-0.99432,-1.47071,65.48116,14.16359,14.35313,17.07332,19.89112
5759.36740,-1.00011,-1.48104,65.51086,14.16359,14.33639,17.07872,19.93216
5759.37740,-1.02183,-1.47146,65.50258,14.15439,14.36951,17.05112,19.92756
5759.38740,-1.03052,-1.46642,65.47564,14.14113,14.38552,17.03840,19.91060
5759.39740,-0.99396,-1.47993,65.43821,14.13578,14.33578,17.08118,19.88546
5759.40740,-0.97896,-1.48547,65.42286,14.13359,14.31539,17.09872,19.87516
5759.41740,-0.99795,-1.47234,65.44469,14.16840,14.32778,17.04562,19.90289
5759.42740,-1.01114,-1.46321,65.45986,14.19259,14.33639,17.00872,19.92216
5759.43740,-1.01292,-1.48245,65.34540,14.10586,14.31810,17.03822,19.88322
5759.44740,-1.01513,-1.48534,65.31601,14.09751,14.30539,17.02922,19.88389
5759.45740,-1.01581,-1.47804,65.35086,14.13359,14.30539,17.00872,19.90316
5759.46740,-1.03069,-1.46684,65.38685,14.15129,14.33548,16.98571,19.91437
5759.47740,-1.06079,-1.48589,65.35848,14.05308,14.36669,17.02497,19.91373
5759.48740,-1.05875,-1.48930,65.35836,14.05469,14.35526,17.02639,19.92203
5759.49740,-1.04909,-1.49384,65.36836,14.08069,14.32059,17.01972,19.94736
5759.50740,-1.04393,-1.49307,65.38075,14.09241,14.31648,17.02169,19.95017
5759.51740,-1.00935,-1.47712,65.46591,14.16530,14.32639,17.04161,19.93261
5759.52740,-1.00097,-1.44966,65.32486,14.18259,14.32639,16.96972,19.84616
5759.53740,-1.00559,-1.44949,65.32910,14.17764,14.33367,16.96972,19.84808
5759.54740,-1.04313,-1.44987,65.37819,14.14008,14.39157,16.97401,19.87253
5759.55740,-1.01430,-1.46473,65.46986,14.19259,14.33639,17.00872,19.93216
5759.56740,-1.01594,-1.46187,65.47926,14.19559,14.34569,17.00772,19.93026
5759.57740,-1.03319,-1.43713,65.54733,14.21377,14.42830,16.99585,19.90940
5759.58740,-1.05615,-1.44562,65.39686,14.13359,14.41839,16.96972,19.87516
5759.59740,-1.05615,-1.44562,65.39686,14.13359,14.41839,16.96972,19.87516
5759.60740,-1.04262,-1.43737,65.24886,14.13359,14.37739,16.91972,19.81816
5759.61740,-1.04262,-1.43737,65.24886,14.13359,14.37739,16.91972,19.81816
5759.62740,-1.06620,-1.41598,65.32169,14.17876,14.42533,16.87363,19.84397
5759.63740,-1.05904,-1.41344,65.50059,14.20178,14.48793,16.94649,19.86439
5759.64740,-1.05866,-1.41341,65.50786,14.20259,14.49039,16.94972,19.86516
5759.65740,-1.05244,-1.37504,65.40621,14.26814,14.49039,16.84522,19.80246
5759.66740,-1.05211,-1.37302,65.40086,14.27159,14.49039,16.83972,19.79916
5759.67740,-1.04670,-1.40396,65.34951,14.19542,14.45530,16.89963,19.79916
5759.68740,-1.02753,-1.40727,65.42234,14.23215,14.44099,16.92652,19.82268
5759.69740,-1.02406,-1.40691,65.43786,14.24159,14.43939,16.92972,19.82716
5759.70740,-1.06063,-1.39315,65.27322,14.20043,14.44779,16.83732,19.78768
5759.71740,-1.07738,-1.40059,65.29226,14.16823,14.46703,16.85332,19.80368
5759.72740,-1.07924,-1.40251,65.30186,14.16359,14.47039,16.85972,19.80816
5759.73740,-1.05973,-1.39274,65.28146,14.20371,14.44931,16.83932,19.78912
5759.74740,-1.05054,-1.38813,65.27186,14.22259,14.43939,16.82972,19.78016
5759.75740,-1.04437,-1.38922,65.34003,14.23752,14.45127,16.85653,19.79471
5759.76740,-1.03582,-1.39074,65.43471,14.25827,14.46776,16.89376,19.81493
5759.77740,-1.05872,-1.36892,65.42186,14.26159,14.52139,16.84972,19.78916
5759.78740,-1.07371,-1.39571,65.33618,14.17663,14.49187,16.87132,19.79636
5759.79740,-1.07824,-1.40175,65.28984,14.17001,14.46086,16.84908,19.80988
5759.80740,-1.07642,-1.39564,65.27175,14.20671,14.43373,16.80653,19.82478
5759.81740,-1.06680,-1.39206,65.28470,14.21259,14.44379,16.82132,19.80700
5759.82740,-1.05899,-1.39444,65.33007,14.21259,14.45688,16.85467,19.80593
5759.83740,-1.05319,-1.39915,65.38452,14.21259,14.46727,16.88932,19.81534
5759.84740,-1.08742,-1.40845,65.31649,14.15949,14.46390,16.85842,19.83468
5759.85740,-1.09818,-1.40589,65.29886,14.16359,14.45939,16.82972,19.84616
5759.86740,-1.07822,-1.40060,65.35845,14.19250,14.47178,16.85922,19.83495
5759.87740,-1.07981,-1.40314,65.38806,14.18958,14.48039,16.87382,19.84427
5759.88740,-1.09053,-1.40746,65.37986,14.17359,14.48039,16.86972,19.85616
5759.89740,-1.06038,-1.39216,65.48016,14.24321,14.49868,16.89332,19.84495
5759.90740,-1.03948,-1.38155,65.54986,14.29159,14.51139,16.90972,19.83716
5759.91740,-1.03712,-1.38871,65.53491,14.26838,14.50746,16.92939,19.82969
5759.92740,-1.03860,-1.40061,65.50415,14.22973,14.49839,16.95115,19.82487
5759.93740,-1.06939,-1.40578,65.45786,14.21259,14.48039,16.89972,19.86516
5759.94740,-1.03412,-1.41338,65.45341,14.22705,14.44218,16.93645,19.84772
5759.95740,-0.99053,-1.42179,65.42411,14.23920,14.39307,16.97621,19.81563
5759.96740,-1.03853,-1.40859,65.35986,14.20259,14.43939,16.90972,19.80816
5759.97740,-1.04215,-1.40676,65.40034,14.21639,14.44859,16.90972,19.82564
5759.98740,-1.04639,-1.40461,65.44786,14.23259,14.45939,16.90972,19.84616
5759.99740,-1.03553,-1.40950,65.38438,14.21879,14.43133,16.90972,19.82454
5760.00740,-1.02266,-1.41782,65.35463,14.21179,14.40146,16.92199,19.81940
5760.01740,-1.02246,-1.42337,65.45197,14.23179,14.40813,16.94865,19.86340
5760.02740,-1.02695,-1.41654,65.44581,14.22872,14.42810,16.94199,19.84700
5760.03740,-1.02568,-1.41289,65.38478,14.20005,14.44053,16.94352,19.80068
5760.04740,-1.01578,-1.42176,65.33186,14.17359,14.41839,16.95972,19.78016
5760.05740,-1.01578,-1.42176,65.33186,14.17359,14.41839,16.95972,19.78016
5760.06740,-1.01140,-1.41533,65.37886,14.23259,14.39839,16.92972,19.81816
5760.07740,-1.01043,-1.41388,65.36777,14.23571,14.39458,16.92279,19.81469
5760.08740,-1.02305,-1.41661,65.32986,14.21847,14.38739,16.90292,19.82108
5760.09740,-1.05114,-1.42723,65.29686,14.17359,14.38739,16.88972,19.84616
5760.10740,-1.05964,-1.41638,65.28020,14.18685,14.39793,16.85572,19.83970
5760.11740,-1.04903,-1.40044,65.24786,14.22255,14.39367,16.82063,19.81102
5760.12740,-0.99718,-1.41031,65.24786,14.24159,14.34639,16.87972,19.78016
5760.13740,-0.99902,-1.40909,65.23644,14.23839,14.34807,16.87468,19.77529
5760.14740,-1.00783,-1.40327,65.18204,14.22319,14.35607,16.85068,19.75209
5760.15740,-1.00818,-1.40304,65.17986,14.22259,14.35639,16.84972,19.75116
5760.16740,-1.05862,-1.40259,65.39065,14.22141,14.45128,16.87522,19.84274
5760.17740,-1.03858,-1.36916,65.41886,14.31059,14.47039,16.82972,19.80816
5760.18740,-1.03723,-1.37251,65.41262,14.30455,14.46405,16.83483,19.80918
5760.19740,-1.02648,-1.40220,65.35707,14.24721,14.41187,16.88197,19.81603
5760.20740,-1.03203,-1.40312,65.35333,14.22635,14.42845,16.89266,19.80587
5760.21740,-1.03569,-1.40373,65.35086,14.21259,14.43939,16.89972,19.79916
5760.22740,-1.05491,-1.40169,65.49213,14.23168,14.48808,16.91881,19.85357
5760.23740,-1.05047,-1.39944,65.49337,14.23970,14.48708,16.91810,19.84848
5760.24740,-0.99242,-1.37619,65.42373,14.31355,14.44939,16.89883,19.76196
5760.25740,-1.02310,-1.39012,65.35086,14.24159,14.44939,16.88972,19.77016
5760.26740,-1.02080,-1.38826,65.35273,14.24774,14.44939,16.88794,19.76766
5760.27740,-0.99718,-1.37026,65.36498,14.30744,14.44667,16.86972,19.74115
5760.28740,-0.99606,-1.38266,65.27898,14.26811,14.41267,16.86972,19.72848
5760.29740,-0.99559,-1.38788,65.24286,14.25159,14.39839,16.86972,19.72316
5760.30740,-1.01782,-1.36922,65.25332,14.27060,14.43736,16.82220,19.72316
5760.31740,-1.01898,-1.36825,65.25386,14.27159,14.43939,16.81972,19.72316
5760.32740,-1.01809,-1.35976,65.33159,14.29078,14.47874,16.83891,19.72316
5760.33740,-1.05347,-1.36986,65.42702,14.28199,14.50055,16.83972,19.80476
5760.34740,-1.05494,-1.37030,65.43086,14.28159,14.50139,16.83972,19.80816
5760.35740,-1.03639,-1.35529,65.33166,14.28799,14.49435,16.81412,19.73520
5760.36740,-1.01744,-1.34604,65.37005,14.32006,14.50573,16.82893,19.71533
5760.37740,-1.01431,-1.34574,65.40486,14.33059,14.51139,16.83972,19.72316
5760.38740,-0.99078,-1.34375,65.36896,14.33979,14.49206,16.84893,19.68818
5760.39740,-0.98875,-1.34358,65.36586,14.34059,14.49039,16.84972,19.68516
5760.40740,-1.02070,-1.33531,65.31568,14.32020,14.51235,16.79797,19.68516
5760.41740,-1.02290,-1.32913,65.32314,14.32114,14.53239,16.79725,19.67235
5760.42740,-1.00988,-1.32980,65.34886,14.33059,14.53239,16.81972,19.66616
5760.43740,-1.02136,-1.32546,65.28920,14.32396,14.52510,16.78061,19.65953
5760.44740,-1.02720,-1.32325,65.25886,14.32059,14.52139,16.76072,19.65616
5760.45740,-1.04948,-1.36367,65.31178,14.26263,14.48695,16.81028,19.75192
5760.46740,-1.02037,-1.36229,65.53186,14.32635,14.52407,16.89532,19.78612
5760.47740,-1.01404,-1.36057,65.57186,14.34059,14.53239,16.90972,19.78916
5760.48740,-0.99587,-1.35234,65.48542,14.33373,14.52485,16.90286,19.72399
5760.49740,-1.00202,-1.34150,65.46596,14.34289,14.53821,16.87511,19.70974
5760.50740,-1.02184,-1.33185,65.49348,14.35974,14.56124,16.84141,19.73109
5760.51740,-1.02284,-1.33136,65.49486,14.36059,14.56239,16.83972,19.73216
5760.52740,-0.96416,-1.34544,65.42766,14.36923,14.48367,16.88772,19.68704
5760.53740,-0.96172,-1.34603,65.42486,14.36959,14.48039,16.88972,19.68516
5760.54740,-1.02276,-1.35883,65.34038,14.26591,14.51015,16.86092,19.70340
5760.55740,-0.99090,-1.33547,65.26786,14.33059,14.48039,16.80972,19.64716
5760.56740,-0.99715,-1.33655,65.31007,14.32450,14.50202,16.82652,19.65703
5760.57740,-1.01229,-1.33571,65.43397,14.32462,14.55901,16.86262,19.68772
5760.58740,-0.99604,-1.32614,65.36586,14.36959,14.51139,16.80972,19.67516
5760.59740,-0.97943,-1.32596,65.33931,14.35248,14.51729,16.83922,19.63032
5760.60740,-0.96789,-1.32583,65.32086,14.34059,14.52139,16.85972,19.59916
5760.61740,-0.99694,-1.34548,65.30664,14.30135,14.49808,16.84835,19.65887
5760.62740,-0.99906,-1.35488,65.31932,14.29391,14.48418,16.85864,19.68259
5760.63740,-0.96635,-1.34584,65.35786,14.33059,14.49039,16.88972,19.64716
5760.64740,-0.99041,-1.32996,65.39963,14.35649,14.52846,16.84742,19.66725
5760.65740,-1.00610,-1.32040,65.38651,14.36031,14.54627,16.81365,19.66628
5760.66740,-0.99724,-1.32747,65.30886,14.33059,14.52139,16.81972,19.63716
5760.67740,-0.98333,-1.32771,65.34029,14.34835,14.51684,16.83794,19.63716
5760.68740,-0.96671,-1.32799,65.37786,14.36959,14.51139,16.85972,19.63716
5760.69740,-0.97437,-1.32468,65.38096,14.36726,14.52457,16.85197,19.63716
5760.70740,-0.97986,-1.31614,65.47370,14.39072,14.56664,16.86449,19.65184
5760.71740,-0.95377,-1.31762,65.60686,14.43859,14.57339,16.91972,19.67516
5760.72740,-0.95906,-1.31320,65.55626,14.43859,14.56373,16.88752,19.66642
5760.73740,-0.99117,-1.32013,65.47478,14.37971,14.56665,16.85892,19.66950
5760.74740,-1.02157,-1.33439,65.44886,14.31059,14.58339,16.86972,19.68516
5760.75740,-1.02157,-1.33439,65.44886,14.31059,14.58339,16.86972,19.68516
5760.76740,-0.98414,-1.32838,65.49586,14.38959,14.54239,16.86972,19.69416
5760.77740,-0.98044,-1.32685,65.46255,14.38272,14.53896,16.86629,19.67458
5760.78740,-0.99178,-1.32911,65.37148,14.33563,14.53932,16.85279,19.64374
5760.79740,-1.02657,-1.33894,65.31986,14.27159,14.55239,16.83972,19.65616
5760.80740,-1.01104,-1.33710,65.30635,14.28510,14.53819,16.84319,19.63987
5760.81740,-0.98488,-1.32753,65.31214,14.32079,14.53247,16.84972,19.60916
5760.82740,-0.99096,-1.31571,65.37286,14.34059,14.57339,16.84972,19.60916
5760.83740,-0.98825,-1.32005,65.37331,14.34716,14.55458,16.84745,19.62412
5760.84740,-0.98029,-1.33281,65.37465,14.36649,14.49925,16.84079,19.66812
5760.85740,-0.97920,-1.33119,65.37545,14.37427,14.49648,16.83504,19.66966
5760.86740,-0.98004,-1.31453,65.37810,14.39554,14.52414,16.81376,19.64466
5760.87740,-0.96391,-1.31181,65.41086,14.38959,14.55239,16.85972,19.60916
5760.88740,-0.96705,-1.30622,65.39813,14.39786,14.55451,16.84063,19.60513
5760.89740,-0.97605,-1.28742,65.35644,14.42541,14.56239,16.77957,19.58907
5760.90740,-0.96398,-1.29638,65.38182,14.41098,14.56239,16.82435,19.58409
5760.91740,-0.95637,-1.30473,65.40604,14.39959,14.56058,16.85881,19.58707
5760.92740,-0.97560,-1.31751,65.44786,14.39959,14.54239,16.84972,19.65616
5760.93740,-0.97404,-1.31476,65.44669,14.40139,14.54797,16.84972,19.64761
5760.94740,-0.95915,-1.28786,65.43516,14.41959,14.60189,16.84853,19.56515
5760.95740,-0.96896,-1.29806,65.43847,14.41959,14.57408,16.83528,19.60952
5760.96740,-0.97308,-1.30234,65.43986,14.41959,14.56239,16.82972,19.62816
5760.97740,-0.99318,-1.25593,65.34095,14.42831,14.64288,16.74342,19.52634
5760.98740,-0.98417,-1.25880,65.36571,14.42859,14.64539,16.76857,19.52316
5760.99740,-0.98377,-1.25898,65.36686,14.42859,14.64539,16.76972,19.52316
5761.00740,-0.94401,-1.25588,65.30158,14.44779,14.60603,16.77932,19.46844
5761.01740,-0.94235,-1.25575,65.29886,14.44859,14.60439,16.77972,19.46616
5761.02740,-0.94247,-1.27222,65.38477,14.45677,14.58721,16.81245,19.52834
5761.03740,-0.93188,-1.27340,65.38790,14.46699,14.57499,16.81972,19.52620
5761.04740,-0.92986,-1.27293,65.38486,14.46859,14.57339,16.81972,19.52316
5761.05740,-0.93045,-1.27230,65.38486,14.46949,14.57429,16.81792,19.52316
5761.06740,-0.93687,-1.26684,65.38045,14.47409,14.58339,16.80152,19.52145
5761.07740,-0.94083,-1.27580,65.33586,14.42859,14.58339,16.81972,19.50416
5761.08740,-0.94145,-1.27381,65.39194,14.44153,14.60108,16.83266,19.51667
5761.09740,-0.94227,-1.27118,65.46586,14.45859,14.62439,16.84972,19.53316
5761.10740,-0.91216,-1.27349,65.43072,14.46576,14.59499,16.87124,19.49874
5761.11740,-0.92512,-1.26909,65.47888,14.48926,14.60549,16.85121,19.53292
5761.12740,-0.93511,-1.26696,65.50386,14.49759,14.61439,16.83972,19.55216
5761.13740,-0.95960,-1.26581,65.44546,14.46243,14.62691,16.80992,19.54620
5761.14740,-0.95184,-1.26113,65.36606,14.44453,14.62292,16.80160,19.49701
5761.15740,-0.93515,-1.25847,65.33886,14.44859,14.61439,16.80972,19.46616
5761.16740,-0.93969,-1.26437,65.39019,14.45449,14.61439,16.82152,19.49979
5761.17740,-0.94284,-1.26847,65.42586,14.45859,14.61439,16.82972,19.52316
5761.18740,-0.94478,-1.28073,65.41652,14.44341,14.59026,16.83751,19.54535
5761.19740,-0.94422,-1.29910,65.39915,14.42373,14.54954,16.84972,19.57616
5761.20740,-0.92260,-1.29389,65.38286,14.44859,14.53239,16.84972,19.55216
5761.21740,-0.94353,-1.29789,65.37312,14.41568,14.54952,16.84636,19.56156
5761.22740,-0.98071,-1.30604,65.35908,14.35590,14.57970,16.84332,19.58016
5761.23740,-0.93775,-1.30848,65.41186,14.40959,14.54239,16.87972,19.58016
5761.24740,-0.93860,-1.30956,65.41661,14.40860,14.54239,16.88170,19.58392
5761.25740,-0.94308,-1.32060,65.45527,14.39959,14.53681,16.90242,19.61645
5761.26740,-0.91032,-1.33311,65.40886,14.39959,14.48039,16.92972,19.59916
5761.27740,-0.91476,-1.33313,65.38686,14.38984,14.48039,16.92222,19.59441
5761.28740,-0.92812,-1.33316,65.32086,14.36059,14.48039,16.89972,19.58016
5761.29740,-0.92418,-1.34219,65.32294,14.35712,14.45891,16.91012,19.59679
5761.30740,-0.92242,-1.36373,65.33049,14.34379,14.41386,16.92972,19.64312
5761.31740,-0.93906,-1.37700,65.34115,14.32379,14.40053,16.92972,19.68712
5761.32740,-0.93632,-1.37914,65.36181,14.33126,14.39600,16.93625,19.69830
5761.33740,-0.92119,-1.38154,65.42167,14.35930,14.38739,16.95972,19.71526
5761.34740,-0.93706,-1.39031,65.39086,14.32059,14.38739,16.95972,19.72316
5761.35740,-0.93193,-1.39096,65.40892,14.33088,14.38319,16.96581,19.72904
5761.36740,-0.91268,-1.39336,65.47686,14.36959,14.36739,16.98872,19.75116
5761.37740,-0.91768,-1.39299,65.47538,14.35919,14.37821,16.99084,19.74713
5761.38740,-0.93727,-1.39316,65.46811,14.32309,14.41064,16.99384,19.74054
5761.39740,-0.94190,-1.40025,65.46016,14.33445,14.37542,16.97169,19.77860
5761.40740,-0.94683,-1.40272,65.45772,14.34245,14.35928,16.95507,19.80093
5761.41740,-0.97056,-1.38938,65.47586,14.36059,14.38739,16.90972,19.81816
5761.42740,-0.97056,-1.38938,65.47586,14.36059,14.38739,16.90972,19.81816
5761.43740,-0.95659,-1.37972,65.43395,14.32348,14.43381,16.94792,19.72874
5761.44740,-0.95894,-1.39675,65.25286,14.25159,14.37739,16.92972,19.69416
5761.45740,-0.96242,-1.39559,65.26006,14.25339,14.38207,16.92612,19.69848
5761.46740,-0.99839,-1.38431,65.33386,14.26804,14.43212,16.89245,19.74125
5761.47740,-1.00698,-1.38870,65.34386,14.23259,14.45939,16.91972,19.73216
5761.48740,-1.00698,-1.38870,65.34386,14.23259,14.45939,16.91972,19.73216
5761.49740,-0.98213,-1.34009,65.36586,14.36059,14.48039,16.83972,19.68516
5761.50740,-0.98213,-1.34009,65.36586,14.36059,14.48039,16.83972,19.68516
5761.51740,-0.99447,-1.35745,65.30873,14.30533,14.46073,16.84909,19.69359
5761.52740,-0.99749,-1.36108,65.41238,14.28239,14.51891,16.91692,19.69416
5761.53740,-0.99758,-1.36118,65.41686,14.28159,14.52139,16.91972,19.69416
5761.54740,-1.01106,-1.34090,65.41686,14.32910,14.53206,16.85184,19.70386
5761.55740,-1.02631,-1.34833,65.42358,14.32098,14.52183,16.84012,19.74066
5761.56740,-1.02692,-1.34866,65.42386,14.32059,14.52139,16.83972,19.74216
5761.57740,-1.01965,-1.31828,65.58192,14.37780,14.62127,16.86881,19.71404
5761.58740,-1.01942,-1.31733,65.58686,14.37959,14.62439,16.86972,19.71316
5761.59740,-1.00725,-1.33099,65.46314,14.35443,14.55560,16.85432,19.69879
5761.60740,-0.99719,-1.34278,65.35063,14.32969,14.49687,16.84062,19.68345
5761.61740,-1.01242,-1.33053,65.39886,14.32059,14.56239,16.84972,19.66616
5761.62740,-1.00738,-1.32892,65.39710,14.32637,14.56043,16.85070,19.65959
5761.63740,-0.96258,-1.31631,65.38270,14.37175,14.54487,16.86612,19.59996
5761.64740,-0.98023,-1.34106,65.40386,14.28159,14.57339,16.93972,19.60916
5761.65740,-0.97730,-1.34019,65.42389,14.30283,14.56350,16.93248,19.62509
5761.66740,-0.96808,-1.33744,65.48686,14.36959,14.53239,16.90972,19.67516
5761.67740,-0.99714,-1.33845,65.43164,14.32082,14.55391,16.88820,19.66871
5761.68740,-1.01718,-1.33994,65.46546,14.30800,14.57736,16.88685,19.69325
5761.69740,-1.02063,-1.34038,65.48786,14.31059,14.58339,16.88972,19.70416
5761.70740,-1.02063,-1.34038,65.48786,14.31059,14.58339,16.88972,19.70416
5761.71740,-1.01841,-1.34671,65.37861,14.27319,14.55445,16.87842,19.67255
5761.72740,-1.01584,-1.35449,65.32786,14.26159,14.52139,16.86972,19.67516
5761.73740,-1.01864,-1.35066,65.36444,14.27818,14.53189,16.86633,19.68803
5761.74740,-1.02409,-1.34319,65.43586,14.31059,14.55239,16.85972,19.71316
5761.75740,-1.01077,-1.35103,65.40715,14.29946,14.52837,16.87730,19.70203
5761.76740,-1.02267,-1.38352,65.41925,14.23432,14.50561,16.93021,19.74911
5761.77740,-1.03820,-1.40315,65.44286,14.19259,14.50139,16.95972,19.78916
5761.78740,-1.03437,-1.38626,65.35760,14.20999,14.49501,16.90752,19.74508
5761.79740,-1.02165,-1.36818,65.32077,14.23388,14.50674,16.88529,19.69486
5761.80740,-1.00607,-1.35906,65.35986,14.25159,14.53239,16.90972,19.66616
5761.81740,-1.01768,-1.36071,65.34895,14.25159,14.52285,16.88699,19.68752
5761.82740,-1.03162,-1.36270,65.33586,14.25159,14.51139,16.85972,19.71316
5761.83740,-1.04555,-1.36725,65.30443,14.22472,14.51139,16.85061,19.71771
5761.84740,-1.05370,-1.37377,65.32401,14.21464,14.51139,16.85772,19.74026
5761.85740,-1.04329,-1.37508,65.39386,14.24159,14.51139,16.87972,19.76116
5761.86740,-1.05347,-1.37321,65.38270,14.23019,14.52325,16.87042,19.75883
5761.87740,-1.07681,-1.37165,65.37034,14.19939,14.55310,16.86012,19.75773
5761.88740,-1.04651,-1.38524,65.44234,14.21939,14.52577,16.92012,19.77707
5761.89740,-1.03582,-1.38899,65.45386,14.22032,14.51913,16.94083,19.77359
5761.90740,-1.01862,-1.39363,65.45386,14.21365,14.51246,16.97349,19.75425
5761.91740,-1.00791,-1.40347,65.44275,14.20585,14.48716,16.99219,19.75756
5761.92740,-0.99244,-1.41432,65.43032,14.20337,14.45303,17.01212,19.76180
5761.93740,-0.99311,-1.39292,65.45899,14.23603,14.49437,16.99212,19.73647
5761.94740,-1.00398,-1.38806,65.43719,14.22920,14.50559,16.97213,19.73027
5761.95740,-1.04321,-1.38549,65.34000,14.18158,14.51791,16.91421,19.72630
5761.96740,-1.03695,-1.39524,65.35498,14.17676,14.50133,16.93560,19.74128
5761.97740,-1.02944,-1.40339,65.32446,14.16955,14.47181,16.93962,19.74348
5761.98740,-1.01605,-1.41018,65.16486,14.15359,14.39839,16.89972,19.71316
5761.99740,-1.01605,-1.41018,65.16486,14.15359,14.39839,16.89972,19.71316
5762.00740,-1.02659,-1.42341,65.22697,14.14672,14.39462,16.92031,19.76532
5762.01740,-1.05817,-1.45283,65.31286,14.11059,14.38406,16.94972,19.86849
5762.02740,-1.08114,-1.46117,65.24686,14.06459,14.37739,16.92972,19.87516
5762.03740,-1.09692,-1.45731,65.31876,14.07493,14.40946,16.92972,19.90464
5762.04740,-1.07630,-1.47341,65.43986,14.12359,14.36739,16.96972,19.97916
5762.05740,-1.07889,-1.47478,65.43780,14.11780,14.36837,16.97060,19.98102
5762.06740,-1.10279,-1.48731,65.41886,14.06459,14.37739,16.97872,19.99816
5762.07740,-1.10279,-1.48731,65.41886,14.06459,14.37739,16.97872,19.99816
5762.08740,-1.08941,-1.49232,65.47310,14.08297,14.36820,17.00630,20.01563
5762.09740,-1.14509,-1.49374,65.42028,14.03757,14.38659,16.94251,20.05362
5762.10740,-1.14748,-1.49378,65.41786,14.03559,14.38739,16.93972,20.05516
5762.11740,-1.16852,-1.48544,65.34298,14.01639,14.39795,16.89172,20.03692
5762.12740,-1.15840,-1.48572,65.38594,14.04439,14.38783,16.89932,20.05440
5762.13740,-1.15794,-1.48574,65.38786,14.04559,14.38739,16.89972,20.05516
5762.14740,-1.15163,-1.48481,65.38341,14.02333,14.41039,16.92940,20.02029
5762.15740,-1.15365,-1.49853,65.39530,14.01559,14.38395,16.93972,20.05604
5762.16740,-1.16882,-1.51519,65.35670,13.95763,14.37739,16.95652,20.06516
5762.17740,-1.13787,-1.49996,65.38162,14.02975,14.35975,16.94292,20.04920
5762.18740,-1.13145,-1.49655,65.38786,14.04559,14.35639,16.93972,20.04616
5762.19740,-1.13509,-1.51779,65.45086,14.02879,14.33959,16.98088,20.10160
5762.20740,-1.14482,-1.53396,65.50347,14.03115,14.31359,16.98872,20.17001
5762.21740,-1.15202,-1.54362,65.53586,14.03559,14.29539,16.98872,20.21616
5762.22740,-1.15315,-1.52125,65.40410,14.03559,14.30259,16.92464,20.14128
5762.23740,-1.14332,-1.52638,65.39462,14.01399,14.30539,16.95660,20.11864
5762.24740,-1.13933,-1.53176,65.41086,14.00559,14.30539,16.97872,20.12116
5762.25740,-1.13209,-1.50248,65.46269,14.08298,14.33450,16.93683,20.10838
5762.26740,-1.12913,-1.49053,65.48386,14.11459,14.34639,16.91972,20.10316
5762.27740,-1.14231,-1.48974,65.44599,14.10039,14.34639,16.89605,20.10316
5762.28740,-1.16054,-1.49450,65.38726,14.06460,14.34301,16.87649,20.10316
5762.29740,-1.16747,-1.50551,65.35486,14.02559,14.33639,16.88972,20.10316
5762.30740,-1.16964,-1.47935,65.38524,14.07758,14.37261,16.84883,20.08622
5762.31740,-1.19696,-1.46887,65.35413,14.06830,14.39839,16.80214,20.08529
5762.32740,-1.21522,-1.47462,65.31686,14.03559,14.39839,16.78972,20.09316
5762.33740,-1.20913,-1.47023,65.32349,14.04789,14.40155,16.78972,20.08433
5762.34740,-1.19883,-1.46279,65.33472,14.06875,14.40690,16.78972,20.06935
5762.35740,-1.19594,-1.46071,65.33786,14.07459,14.40839,16.78972,20.06516
5762.36740,-1.20049,-1.43400,65.29444,14.11234,14.42821,16.72460,20.02929
5762.37740,-1.22448,-1.45098,65.34712,14.07581,14.43909,16.74980,20.08242
5762.38740,-1.22628,-1.45075,65.35606,14.07639,14.44308,16.75072,20.08587
5762.39740,-1.23474,-1.44398,65.41955,14.09254,14.47405,16.75174,20.10122
5762.40740,-1.21516,-1.45722,65.33786,14.07459,14.41839,16.76072,20.08416
5762.41740,-1.21808,-1.45254,65.35693,14.08641,14.42829,16.75348,20.08875
5762.42740,-1.22726,-1.43786,65.41686,14.12359,14.45939,16.73072,20.10316
5762.43740,-1.23663,-1.44259,65.40474,14.09059,14.47354,16.74385,20.09676
5762.44740,-1.24012,-1.44653,65.39115,14.05613,14.49076,16.76663,20.07764
5762.45740,-1.21149,-1.43625,65.41086,14.11459,14.47039,16.76072,20.06516
5762.46740,-1.23561,-1.42373,65.40882,14.10779,14.51221,16.73012,20.05870
5762.47740,-1.27655,-1.40638,65.38113,14.09002,14.56761,16.67300,20.05050
5762.48740,-1.25923,-1.42686,65.31133,14.07660,14.49177,16.67971,20.06325
5762.49740,-1.25998,-1.42268,65.31161,14.08209,14.49839,16.67322,20.05791
5762.50740,-1.27005,-1.40091,65.34386,14.10459,14.55239,16.65072,20.03616
5762.51740,-1.27005,-1.40091,65.34386,14.10459,14.55239,16.65072,20.03616
5762.52740,-1.28202,-1.40159,65.41646,14.10698,14.57990,16.66442,20.06516
5762.53740,-1.28161,-1.38406,65.46386,14.15359,14.60439,16.64072,20.06516
5762.54740,-1.27112,-1.37847,65.46275,14.16225,14.61128,16.64739,20.04183
5762.55740,-1.23441,-1.35892,65.45886,14.19259,14.63539,16.67072,19.96016
5762.56740,-1.23535,-1.36466,65.42668,14.17430,14.62303,16.67241,19.95694
5762.57740,-1.23986,-1.39209,65.27346,14.08720,14.56416,16.68048,19.94162
5762.58740,-1.28565,-1.37391,65.30886,14.11459,14.60439,16.60072,19.98916
5762.59740,-1.28407,-1.37262,65.32235,14.12170,14.60690,16.60234,19.99142
5762.60740,-1.26777,-1.35852,65.48103,14.20170,14.63718,16.62161,20.02055
5762.61740,-1.28420,-1.36345,65.53386,14.19259,14.65539,16.63072,20.05516
5762.62740,-1.28449,-1.36024,65.52966,14.19439,14.66097,16.62652,20.04778
5762.63740,-1.28760,-1.32453,65.48299,14.21439,14.72297,16.57985,19.96578
5762.64740,-1.27548,-1.32426,65.34118,14.18513,14.69033,16.56072,19.90500
5762.65740,-1.27457,-1.32524,65.33286,14.18259,14.68639,16.56072,19.90316
5762.66740,-1.32346,-1.30417,65.28968,14.16435,14.74589,16.48491,19.89452
5762.67740,-1.32552,-1.30328,65.28786,14.16359,14.74839,16.48172,19.89416
5762.68740,-1.30097,-1.27753,65.24638,14.19032,14.77697,16.47250,19.80658
5762.69740,-1.32589,-1.26518,65.30907,14.20218,14.82833,16.45253,19.82603
5762.70740,-1.32702,-1.26475,65.31186,14.20259,14.83039,16.45172,19.82716
5762.71740,-1.32368,-1.26488,65.34134,14.21086,14.83485,16.46233,19.83331
5762.72740,-1.31130,-1.26537,65.45086,14.24159,14.85139,16.50172,19.85616
5762.73740,-1.31876,-1.27094,65.43952,14.22920,14.84278,16.49752,19.87002
5762.74740,-1.34918,-1.29576,65.38970,14.17089,14.80777,16.48649,19.92455
5762.75740,-1.35671,-1.30816,65.36686,14.13359,14.79939,16.50172,19.93216
5762.76740,-1.34765,-1.31848,65.40222,14.14039,14.77865,16.52518,19.95800
5762.77740,-1.33746,-1.35222,65.44729,14.11777,14.72434,16.58432,20.02085
5762.78740,-1.34636,-1.36881,65.41886,14.07459,14.70739,16.60072,20.03616
5762.79740,-1.36876,-1.36425,65.37059,14.06640,14.70739,16.55245,20.04434
5762.80740,-1.37375,-1.36324,65.35986,14.06459,14.70739,16.54172,20.04616
5762.81740,-1.36990,-1.36239,65.39180,14.06459,14.72389,16.56248,20.04084
5762.82740,-1.35743,-1.35971,65.40566,14.07169,14.73058,16.58072,20.02267
5762.83740,-1.35371,-1.35892,65.39986,14.07459,14.72739,16.58072,20.01716
5762.84740,-1.35985,-1.34823,65.33028,14.08879,14.71319,16.52463,20.00367
5762.85740,-1.35545,-1.37478,65.34020,14.06690,14.66337,16.55781,20.05212
5762.86740,-1.35263,-1.38740,65.35586,14.05559,14.64539,16.58072,20.07416
5762.87740,-1.37034,-1.36431,65.35231,14.06198,14.70361,16.54593,20.04079
5762.88740,-1.37758,-1.35488,65.35086,14.06459,14.72739,16.53172,20.02716
5762.89740,-1.36864,-1.37616,65.33447,14.02863,14.69514,16.57349,20.03721
5762.90740,-1.35354,-1.39086,65.37119,14.03140,14.66639,16.61072,20.06268
5762.91740,-1.34860,-1.38788,65.40686,14.05559,14.66639,16.61072,20.07416
5762.92740,-1.32950,-1.39687,65.38284,14.05559,14.63007,16.62830,20.06889
5762.93740,-1.33069,-1.39792,65.41188,14.06090,14.63448,16.63482,20.08168
5762.94740,-1.34089,-1.39424,65.44386,14.06459,14.65539,16.63072,20.09316
5762.95740,-1.32570,-1.38938,65.45379,14.08289,14.65539,16.64002,20.07548
5762.96740,-1.29954,-1.38101,65.47090,14.11444,14.65539,16.65607,20.04500
5762.97740,-1.29196,-1.37859,65.47586,14.12359,14.65539,16.66072,20.03616
5762.98740,-1.31232,-1.40401,65.45627,14.08360,14.61377,16.66072,20.09818
5762.99740,-1.30146,-1.41743,65.38449,14.06627,14.56115,16.66072,20.09636
5763.00740,-1.29834,-1.41899,65.37086,14.06459,14.55239,16.66072,20.09316
5763.01740,-1.29785,-1.42684,65.38718,14.06765,14.53397,16.66605,20.11951
5763.02740,-1.28445,-1.42139,65.42918,14.07432,14.56130,16.69939,20.09417
5763.03740,-1.28513,-1.41849,65.42535,14.08097,14.56131,16.68991,20.09316
5763.04740,-1.29518,-1.39630,65.37986,14.13359,14.55239,16.60072,20.09316
5763.05740,-1.30984,-1.40310,65.35606,14.10367,14.55239,16.59732,20.10268
5763.06740,-1.34615,-1.41184,65.32063,14.04559,14.56990,16.58399,20.12116
5763.07740,-1.36153,-1.40305,65.34186,14.04559,14.60439,16.57072,20.12116
5763.08740,-1.36153,-1.40305,65.34186,14.04559,14.60439,16.57072,20.12116
5763.09740,-1.34127,-1.41539,65.37672,14.02547,14.60439,16.63777,20.10909
5763.10740,-1.33120,-1.38560,65.30654,14.08006,14.60439,16.56544,20.05664
5763.11740,-1.33118,-1.37751,65.28686,14.09459,14.60439,16.54172,20.04616
5763.12740,-1.34396,-1.34946,65.34638,14.13203,14.67351,16.51292,20.02792
5763.13740,-1.36089,-1.36678,65.40166,14.12399,14.65623,16.52132,20.10012
5763.14740,-1.35847,-1.36659,65.39963,14.12629,14.65359,16.52172,20.09803
5763.15740,-1.32710,-1.35685,65.35686,14.15359,14.63539,16.52172,20.04616
5763.16740,-1.33153,-1.36053,65.35038,14.14207,14.63350,16.52352,20.05129
5763.17740,-1.37665,-1.39314,65.29315,14.03432,14.62268,16.53637,20.09977
5763.18740,-1.37999,-1.34543,65.37786,14.12359,14.70739,16.48172,20.06516
5763.19740,-1.37999,-1.34543,65.37786,14.12359,14.70739,16.48172,20.06516
5763.20740,-1.38043,-1.34994,65.52200,14.11500,14.76658,16.55713,20.08330
5763.21740,-1.36571,-1.37609,65.39586,14.07459,14.67639,16.56072,20.08416
5763.22740,-1.36571,-1.37609,65.39586,14.07459,14.67639,16.56072,20.08416
5763.23740,-1.35049,-1.34409,65.48252,14.12898,14.75199,16.56994,20.03161
5763.24740,-1.34920,-1.34139,65.48986,14.13359,14.75839,16.57072,20.02716
5763.25740,-1.31573,-1.33565,65.40250,14.18063,14.68927,16.53328,19.99932
5763.26740,-1.33614,-1.33360,65.38926,14.17395,14.69599,16.50292,20.01640
5763.27740,-1.33705,-1.33352,65.38886,14.17359,14.69639,16.50172,20.01716
5763.28740,-1.35942,-1.32458,65.42462,14.16224,14.74918,16.49604,20.01716
5763.29740,-1.33492,-1.33337,65.44453,14.15359,14.74139,16.55105,19.99849
5763.30740,-1.31415,-1.34117,65.44086,14.15359,14.71739,16.58072,19.98916
5763.31740,-1.31973,-1.35620,65.44427,14.14676,14.68259,16.58072,20.03420
5763.32740,-1.32232,-1.36319,65.44586,14.14359,14.66639,16.58072,20.05516
5763.33740,-1.32149,-1.37104,65.46350,14.14359,14.65161,16.59026,20.07805
5763.34740,-1.32114,-1.37403,65.47572,14.13939,14.65261,16.60072,20.08300
5763.35740,-1.32192,-1.36626,65.46586,14.13359,14.67639,16.60072,20.05516
5763.36740,-1.30987,-1.37193,65.33754,14.12004,14.61723,16.57221,20.02807
5763.37740,-1.33625,-1.36962,65.16232,14.05850,14.60830,16.51173,19.98379
5763.38740,-1.34905,-1.36773,65.11186,14.03559,14.61439,16.49172,19.97016
5763.39740,-1.31098,-1.36524,65.16972,14.09044,14.59211,16.52129,19.96587
5763.40740,-1.26032,-1.36193,65.24686,14.16359,14.56239,16.56072,19.96016
5763.41740,-1.25887,-1.37281,65.23324,14.14057,14.54830,16.57951,19.96486
5763.42740,-1.28466,-1.38365,65.24089,14.10104,14.56017,16.58378,19.99590
5763.43740,-1.33816,-1.38085,65.28586,14.07459,14.61439,16.55072,20.04616
5763.44740,-1.30200,-1.35781,65.29412,14.13831,14.62029,16.54541,19.99011
5763.45740,-1.28130,-1.34472,65.32733,14.17978,14.63095,16.55077,19.96583
5763.46740,-1.28880,-1.34967,65.37389,14.17502,14.64206,16.56612,19.99070
5763.47740,-1.28741,-1.35420,65.47486,14.17359,14.67497,16.61712,20.00918
5763.48740,-1.28479,-1.35641,65.53786,14.17359,14.69639,16.65072,20.01716
5763.49740,-1.25934,-1.36517,65.44228,14.17890,14.62382,16.63892,20.00064
5763.50740,-1.25579,-1.36267,65.46567,14.18781,14.63239,16.64638,19.99908
5763.51740,-1.26874,-1.35481,65.54786,14.19259,14.68639,16.66072,20.00816
5763.52740,-1.27145,-1.34731,65.48736,14.20655,14.66731,16.61419,19.99932
5763.53740,-1.26783,-1.33375,65.39624,14.22259,14.64999,16.56072,19.96294
5763.54740,-1.25976,-1.33589,65.37132,14.20005,14.65539,16.58372,19.93216
5763.55740,-1.23617,-1.34055,65.41321,14.20983,14.65075,16.62931,19.92333
5763.56740,-1.20924,-1.33519,65.46086,14.25159,14.64539,16.65072,19.91316
5763.57740,-1.21806,-1.33136,65.43736,14.23953,14.65807,16.63835,19.90141
5763.58740,-1.23685,-1.32320,65.38736,14.21387,14.68504,16.61204,19.87641
5763.59740,-1.24681,-1.33928,65.32886,14.22259,14.60439,16.56072,19.94116
5763.60740,-1.24544,-1.32927,65.35758,14.23367,14.63469,16.56524,19.92397
5763.61740,-1.24239,-1.30704,65.42140,14.25829,14.70203,16.57529,19.88578
5763.62740,-1.25223,-1.30842,65.44386,14.24859,14.71773,16.58072,19.89683
5763.63740,-1.27735,-1.32630,65.44774,14.21925,14.69747,16.57392,19.95710
5763.64740,-1.28153,-1.30912,65.50186,14.25159,14.73839,16.56072,19.95116
5763.65740,-1.28241,-1.30975,65.40053,14.22559,14.71773,16.53772,19.91949
5763.66740,-1.29698,-1.31144,65.22438,14.16679,14.69373,16.49172,19.87214
5763.67740,-1.32178,-1.31225,65.27586,14.15359,14.72739,16.49172,19.90316
5763.68740,-1.32178,-1.31225,65.27586,14.15359,14.72739,16.49172,19.90316
5763.69740,-1.30504,-1.29673,65.28386,14.23259,14.69639,16.44172,19.91316
5763.70740,-1.30504,-1.29673,65.28386,14.23259,14.69639,16.44172,19.91316
5763.71740,-1.32687,-1.35655,65.26021,14.11653,14.63073,16.51377,19.99918
5763.72740,-1.33466,-1.34650,65.35986,14.13359,14.68639,16.53172,20.00816
5763.73740,-1.34053,-1.34547,65.33844,14.13359,14.67988,16.51282,20.01215
5763.74740,-1.36660,-1.34915,65.29328,14.11895,14.66409,16.46696,20.04328
5763.75740,-1.38132,-1.37705,65.42486,14.06459,14.69639,16.56072,20.10316
5763.76740,-1.37544,-1.37278,65.41037,14.07908,14.68778,16.54833,20.09518
5763.77740,-1.35329,-1.35670,65.35586,14.13359,14.65539,16.50172,20.06516
5763.78740,-1.35329,-1.35670,65.35586,14.13359,14.65539,16.50172,20.06516
5763.79740,-1.32468,-1.39417,65.37098,14.12359,14.56462,16.56200,20.12077
5763.80740,-1.32619,-1.39045,65.41002,14.12359,14.59243,16.57805,20.11596
5763.81740,-1.32679,-1.38472,65.43510,14.12539,14.61808,16.58712,20.10451
5763.82740,-1.31996,-1.35579,65.37263,14.14359,14.65539,16.54991,20.02374
5763.83740,-1.31208,-1.34921,65.32986,14.14359,14.65539,16.54172,19.98916
5763.84740,-1.31208,-1.34921,65.32986,14.14359,14.65539,16.54172,19.98916
5763.85740,-1.32614,-1.36181,65.43686,14.12359,14.68639,16.59072,20.03616
5763.86740,-1.32614,-1.36181,65.43686,14.12359,14.68639,16.59072,20.03616
5763.87740,-1.31170,-1.37770,65.26982,14.14279,14.54815,16.51488,20.06400
5763.88740,-1.29220,-1.37553,65.44526,14.17239,14.60191,16.59716,20.07380
5763.89740,-1.29142,-1.37541,65.45286,14.17359,14.60439,16.60072,20.07416
5763.90740,-1.27984,-1.38700,65.39526,14.14479,14.57463,16.61992,20.05592
5763.91740,-1.26653,-1.39869,65.39222,14.13723,14.54733,16.64615,20.06152
5763.92740,-1.25918,-1.40511,65.39186,14.13359,14.53239,16.66072,20.06516
5763.93740,-1.19231,-1.40732,65.45743,14.19086,14.49753,16.73542,20.03362
5763.94740,-1.17863,-1.40777,65.47086,14.20259,14.49039,16.75072,20.02716
5763.95740,-1.20510,-1.43111,65.43434,14.15362,14.45636,16.74242,20.08194
5763.96740,-1.20938,-1.44367,65.45872,14.14359,14.44101,16.75749,20.11663
5763.97740,-1.20916,-1.44516,65.46486,14.14359,14.43939,16.76072,20.12116
5763.98740,-1.19585,-1.42269,65.50938,14.18475,14.48223,16.76072,20.08168
5763.99740,-1.20347,-1.43514,65.42146,14.14861,14.44417,16.74381,20.08487
5764.00740,-1.21135,-1.44812,65.34686,14.11459,14.40839,16.73072,20.09316
5764.01740,-1.14515,-1.43242,65.23471,14.18559,14.33336,16.70652,20.00925
5764.02740,-1.12927,-1.42866,65.20786,14.20259,14.31539,16.70072,19.98916
5764.03740,-1.18254,-1.43578,65.30960,14.13699,14.40509,16.73419,20.03334
5764.04740,-1.15743,-1.45944,65.36321,14.12403,14.37363,16.81039,20.05516
5764.05740,-1.13218,-1.46935,65.36486,14.13359,14.33639,16.83972,20.05516
5764.06740,-1.15089,-1.46396,65.37971,14.12652,14.36538,16.82558,20.06223
5764.07740,-1.13412,-1.46460,65.47092,14.13765,14.39216,16.88299,20.05813
5764.08740,-1.12378,-1.46582,65.50686,14.14359,14.39839,16.90972,20.05516
5764.09740,-1.14255,-1.46177,65.46231,14.15773,14.37647,16.84608,20.08203
5764.10740,-1.15034,-1.46009,65.44386,14.16359,14.36739,16.81972,20.09316
5764.11740,-1.15158,-1.45735,65.44091,14.16359,14.37395,16.81644,20.08693
5764.12740,-1.16655,-1.46920,65.37820,14.09466,14.38155,16.83309,20.06890
5764.13740,-1.17540,-1.48165,65.33786,14.04559,14.37739,16.84972,20.06516
5764.14740,-1.13467,-1.47467,65.35363,14.10868,14.34118,16.85556,20.04822
5764.15740,-1.17822,-1.48034,65.30570,14.07935,14.33337,16.79650,20.09648
5764.16740,-1.23082,-1.48807,65.26286,14.02559,14.34639,16.75072,20.14016
5764.17740,-1.23082,-1.48807,65.26286,14.02559,14.34639,16.75072,20.14016
5764.18740,-1.18005,-1.50372,65.34503,14.04219,14.32066,16.84949,20.13269
5764.19740,-1.16967,-1.50692,65.36186,14.04559,14.31539,16.86972,20.13116
5764.20740,-1.16698,-1.48632,65.26274,14.07835,14.29859,16.79412,20.09168
5764.21740,-1.20915,-1.49200,65.29376,14.01888,14.35527,16.80467,20.11493
5764.22740,-1.21778,-1.49394,65.30386,14.00559,14.36739,16.80972,20.12116
5764.23740,-1.22482,-1.48244,65.24778,14.02460,14.35694,16.75364,20.11261
5764.24740,-1.21133,-1.46497,65.36586,14.07459,14.40839,16.77972,20.10316
5764.25740,-1.21133,-1.46497,65.36586,14.07459,14.40839,16.77972,20.10316
5764.26740,-1.18852,-1.44498,65.41786,14.12359,14.43939,16.78972,20.06516
5764.27740,-1.18639,-1.44489,65.39371,14.11330,14.43939,16.79182,20.04920
5764.28740,-1.19816,-1.44360,65.33086,14.07459,14.45436,16.78306,20.01885
5764.29740,-1.26032,-1.44060,65.41886,14.07459,14.50139,16.73072,20.11216
5764.30740,-1.24311,-1.42440,65.43932,14.12343,14.50799,16.71752,20.09038
5764.31740,-1.21287,-1.40571,65.46119,14.17659,14.51806,16.72039,20.04616
5764.32740,-1.22220,-1.43409,65.42186,14.08459,14.51139,16.77972,20.04616
5764.33740,-1.20453,-1.43998,65.41547,14.09497,14.48132,16.79303,20.04616
5764.34740,-1.15578,-1.45623,65.39786,14.12359,14.39839,16.82972,20.04616
5764.35740,-1.17081,-1.44783,65.41065,14.12600,14.42567,16.81065,20.04833
5764.36740,-1.22262,-1.43177,65.45176,14.11602,14.49968,16.76175,20.07430
5764.37740,-1.23616,-1.46216,65.45441,14.06437,14.46525,16.79420,20.13059
5764.38740,-1.22843,-1.45659,65.42734,14.07683,14.45698,16.78065,20.11288
5764.39740,-1.19688,-1.42278,65.34086,14.14359,14.44939,16.72072,20.02716
5764.40740,-1.19688,-1.42278,65.34086,14.14359,14.44939,16.72072,20.02716
5764.41740,-1.19978,-1.43399,65.30207,14.11249,14.43141,16.72912,20.02905
5764.42740,-1.20904,-1.43183,65.38186,14.10459,14.48039,16.76072,20.03616
5764.43740,-1.20132,-1.43374,65.36529,14.10843,14.46383,16.76072,20.03232
5764.44740,-1.18689,-1.44193,65.32506,14.11120,14.42002,16.76072,20.03312
5764.45740,-1.24739,-1.44424,65.41986,14.06459,14.50139,16.76072,20.09316
5764.46740,-1.23808,-1.44497,65.43813,14.07698,14.49488,16.77101,20.09526
5764.47740,-1.20310,-1.44772,65.50686,14.12359,14.47039,16.80972,20.10316
5764.48740,-1.20272,-1.45022,65.48887,14.12104,14.45791,16.80435,20.10558
5764.49740,-1.20082,-1.46274,65.39894,14.10828,14.39549,16.77751,20.11766
5764.50740,-1.20542,-1.46772,65.45286,14.11459,14.39839,16.78972,20.15016
5764.51740,-1.20944,-1.46807,65.42648,14.10487,14.39563,16.78090,20.14508
5764.52740,-1.25128,-1.47048,65.17221,14.00963,14.37321,16.69314,20.09623
5764.53740,-1.25707,-1.45789,65.34686,14.05559,14.43939,16.72072,20.13116
5764.54740,-1.25699,-1.45927,65.33624,14.05141,14.43500,16.72001,20.12981
5764.55740,-1.25602,-1.47647,65.20350,13.99920,14.38014,16.71116,20.11300
5764.56740,-1.25566,-1.47848,65.20095,13.99659,14.37590,16.71313,20.11534
5764.57740,-1.25212,-1.49118,65.24641,13.99659,14.35932,16.73986,20.15063
5764.58740,-1.25264,-1.50122,65.32311,14.00634,14.35414,16.76547,20.19716
5764.59740,-1.26242,-1.50165,65.44686,14.03559,14.37739,16.77972,20.25416
5764.60740,-1.29014,-1.48695,65.45972,14.01721,14.44356,16.76226,20.23670
5764.61740,-1.30116,-1.51863,65.56737,14.01559,14.40089,16.79781,20.35308
5764.62740,-1.30160,-1.52032,65.57286,14.01559,14.39839,16.79972,20.35916
5764.63740,-1.28646,-1.50282,65.74662,14.07223,14.46751,16.84772,20.35916
5764.64740,-1.28583,-1.50209,65.75386,14.07459,14.47039,16.84972,20.35916
5764.65740,-1.33905,-1.49648,65.56186,14.04675,14.43103,16.70668,20.37740
5764.66740,-1.34305,-1.47844,65.53430,14.03966,14.47799,16.69479,20.32186
5764.67740,-1.34427,-1.46620,65.52086,14.03559,14.51139,16.69072,20.28316
5764.68740,-1.36154,-1.48395,65.32971,13.94504,14.46780,16.66557,20.25130
5764.69740,-1.37563,-1.49065,65.27186,13.94355,14.42495,16.61872,20.28464
5764.70740,-1.37767,-1.49127,65.26786,13.94659,14.41839,16.61072,20.29216
5764.71740,-1.34224,-1.47197,65.29726,13.98859,14.44443,16.63592,20.22832
5764.72740,-1.33549,-1.46830,65.30286,13.99659,14.44939,16.64072,20.21616
5764.73740,-1.36102,-1.47642,65.19105,13.95801,14.41605,16.58841,20.22858
5764.74740,-1.36029,-1.47737,65.23752,13.94804,14.44352,16.62126,20.22470
5764.75740,-1.34865,-1.47464,65.32386,13.95659,14.48039,16.67072,20.21616
5764.76740,-1.33328,-1.48236,65.45196,14.01189,14.45869,16.69872,20.28266
5764.77740,-1.34625,-1.46199,65.61363,14.07730,14.52222,16.68951,20.32459
5764.78740,-1.35432,-1.45220,65.65786,14.09459,14.55239,16.68072,20.33016
5764.79740,-1.37253,-1.46527,65.56735,14.03166,14.53825,16.67365,20.32380
5764.80740,-1.38009,-1.47070,65.52986,14.00559,14.53239,16.67072,20.32116
5764.81740,-1.36580,-1.45524,65.50288,14.03825,14.53239,16.64705,20.28519
5764.82740,-1.36661,-1.43509,65.40019,14.05492,14.52873,16.58105,20.23549
5764.83740,-1.40018,-1.42920,65.25486,14.01559,14.52139,16.50172,20.21616
5764.84740,-1.38696,-1.42294,65.18874,14.00457,14.52139,16.50172,20.16106
5764.85740,-1.40030,-1.41265,65.07822,13.97919,14.52777,16.45532,20.11594
5764.86740,-1.41694,-1.40849,65.03286,13.96659,14.53239,16.42172,20.11216
5764.87740,-1.40580,-1.41105,65.18192,13.98921,14.56777,16.48552,20.13942
5764.88740,-1.39777,-1.41289,65.28986,14.00559,14.59339,16.53172,20.15916
5764.89740,-1.39777,-1.41289,65.28986,14.00559,14.59339,16.53172,20.15916
5764.90740,-1.35531,-1.42181,65.34630,14.03879,14.55936,16.58899,20.15916
5764.91740,-1.34658,-1.43472,65.42675,14.08626,14.51006,16.59242,20.23801
5764.92740,-1.34657,-1.43698,65.44086,14.09459,14.50139,16.59072,20.25416
5764.93740,-1.36891,-1.44431,65.58285,14.05825,14.57870,16.65980,20.28609
5764.94740,-1.32995,-1.43774,65.49386,14.08459,14.53239,16.65072,20.22616
5764.95740,-1.33088,-1.43665,65.48670,14.08459,14.53239,16.64595,20.22377
5764.96740,-1.33386,-1.43317,65.46386,14.08459,14.53239,16.63072,20.21616
5764.97740,-1.33386,-1.43317,65.46386,14.08459,14.53239,16.63072,20.21616
5764.98740,-1.28999,-1.41604,65.46217,14.14685,14.51856,16.63399,20.16276
5764.99740,-1.30589,-1.40807,65.45686,14.13359,14.55239,16.62072,20.15016
5765.00740,-1.29796,-1.40335,65.40385,14.13035,14.54593,16.61102,20.11654
5765.01740,-1.27887,-1.39759,65.29484,14.11721,14.52777,16.60172,20.04814
5765.02740,-1.27146,-1.41015,65.30084,14.09787,14.51377,16.63505,20.05414
5765.03740,-1.27020,-1.41229,65.30186,14.09459,14.51139,16.64072,20.05516
5765.04740,-1.20826,-1.40226,65.45986,14.20259,14.50139,16.70072,20.05516
5765.05740,-1.20826,-1.40226,65.45986,14.20259,14.50139,16.70072,20.05516
5765.06740,-1.25092,-1.41439,65.39867,14.11980,14.52256,16.69019,20.06612
5765.07740,-1.22857,-1.41609,65.48271,14.14586,14.52841,16.73753,20.07090
5765.08740,-1.20955,-1.41316,65.53633,14.17170,14.53447,16.76577,20.06439
5765.09740,-1.19163,-1.40200,65.49963,14.20259,14.51957,16.74466,20.03282
5765.10740,-1.18263,-1.42158,65.39680,14.19153,14.42939,16.72072,20.05516
5765.11740,-1.20104,-1.43191,65.34413,14.13886,14.42939,16.72072,20.05516
5765.12740,-1.17505,-1.45432,65.52286,14.16359,14.41839,16.81972,20.12116
5765.13740,-1.16808,-1.45129,65.47857,14.15943,14.41195,16.81348,20.09371
5765.14740,-1.14958,-1.44184,65.31423,14.13451,14.39222,16.78857,19.99893
5765.15740,-1.19033,-1.45259,65.33607,14.08910,14.41636,16.78282,20.04778
5765.16740,-1.20559,-1.46168,65.35598,14.06599,14.42211,16.79232,20.07556
5765.17740,-1.17353,-1.47732,65.39465,14.07265,14.38745,16.85232,20.08223
5765.18740,-1.16536,-1.48169,65.41618,14.07539,14.38155,16.87212,20.08712
5765.19740,-1.17402,-1.47791,65.53518,14.09016,14.42939,16.90053,20.11510
5765.20740,-1.12720,-1.45640,65.53886,14.15359,14.42939,16.90972,20.04616
5765.21740,-1.12719,-1.45700,65.53244,14.15195,14.42653,16.90833,20.04563
5765.22740,-1.12689,-1.47680,65.31855,14.09732,14.33116,16.86203,20.02804
5765.23740,-1.08954,-1.47432,65.39986,14.11459,14.35639,16.93972,19.98916
5765.24740,-1.09295,-1.47294,65.39434,14.11317,14.35936,16.93336,19.98845
5765.25740,-1.13790,-1.45478,65.32186,14.09459,14.39839,16.84972,19.97916
5765.26740,-1.13790,-1.45478,65.32186,14.09459,14.39839,16.84972,19.97916
5765.27740,-1.11591,-1.46308,65.41919,14.12059,14.39106,16.90305,20.00449
5765.28740,-1.06626,-1.45946,65.44940,14.16199,14.37319,16.95102,19.96320
5765.29740,-1.05046,-1.45630,65.44186,14.17359,14.36739,16.95972,19.94116
5765.30740,-1.08441,-1.45396,65.46519,14.15749,14.40038,16.93558,19.97173
5765.31740,-1.05182,-1.46262,65.45941,14.18125,14.34924,16.95834,19.97057
5765.32740,-1.04986,-1.46306,65.45886,14.18259,14.34639,16.95972,19.97016
5765.33740,-1.06012,-1.44758,65.56019,14.20259,14.41506,16.97239,19.97016
5765.34740,-1.06524,-1.43986,65.61086,14.21259,14.44939,16.97872,19.97016
5765.35740,-1.04594,-1.45622,65.43031,14.15592,14.38024,16.97872,19.91542
5765.36740,-1.01938,-1.43536,65.49966,14.22911,14.39723,16.97872,19.89460
5765.37740,-1.00491,-1.42327,65.54286,14.27159,14.40839,16.97872,19.88416
5765.38740,-1.04357,-1.44213,65.46136,14.18176,14.40839,16.97123,19.89996
5765.39740,-1.02813,-1.44653,65.38651,14.17920,14.36566,16.96150,19.88015
5765.40740,-1.02307,-1.44665,65.37386,14.18259,14.35639,16.95972,19.87516
5765.41740,-1.01837,-1.42311,65.39374,14.22400,14.39118,16.93487,19.84369
5765.42740,-1.01740,-1.41823,65.39786,14.23259,14.39839,16.92972,19.83716
5765.43740,-1.01240,-1.42818,65.34713,14.20764,14.37261,16.93804,19.82884
5765.44740,-0.98693,-1.42636,65.49954,14.26816,14.38399,16.98869,19.85870
5765.45740,-0.98194,-1.42557,65.53286,14.28159,14.38739,16.99872,19.86516
5765.46740,-0.98318,-1.44761,65.46818,14.19843,14.37899,17.04912,19.84164
5765.47740,-0.98342,-1.45181,65.45586,14.18259,14.37739,17.05872,19.83716
5765.48740,-0.99118,-1.45196,65.43853,14.21592,14.33606,17.00539,19.88116
5765.49740,-0.96519,-1.44988,65.44436,14.24511,14.31539,17.01827,19.86559
5765.50740,-0.94974,-1.44876,65.45186,14.25159,14.31539,17.03872,19.84616
5765.51740,-0.94482,-1.44639,65.43628,14.25159,14.31539,17.03872,19.83058
5765.52740,-0.93123,-1.43822,65.42716,14.27766,14.30879,17.02882,19.81189
5765.53740,-0.91162,-1.42546,65.43386,14.33059,14.29539,17.00872,19.79916
5765.54740,-0.91112,-1.42593,65.39162,14.31772,14.28846,17.00212,19.78332
5765.55740,-0.91010,-1.42686,65.30586,14.29159,14.27439,16.98872,19.75116
5765.56740,-0.91686,-1.43436,65.39126,14.29670,14.28513,17.01429,19.79514
5765.57740,-0.92528,-1.43180,65.41062,14.28193,14.31570,17.02562,19.78737
5765.58740,-0.92631,-1.42669,65.37786,14.27159,14.32639,17.01872,19.76116
5765.59740,-0.87321,-1.42666,65.35665,14.30623,14.28255,17.05407,19.71379
5765.60740,-0.85015,-1.42105,65.34457,14.32059,14.27897,17.06872,19.67629
5765.61740,-0.84897,-1.41476,65.34086,14.32059,14.29539,17.06872,19.65616
5765.62740,-0.83608,-1.40859,65.31244,14.34379,14.27741,17.05132,19.63992
5765.63740,-0.82673,-1.40412,65.29186,14.36059,14.26439,17.03872,19.62816
5765.64740,-0.82673,-1.40412,65.29186,14.36059,14.26439,17.03872,19.62816
5765.65740,-0.83427,-1.40599,65.41164,14.37851,14.29363,17.06702,19.67249
5765.66740,-0.86867,-1.38235,65.37986,14.39959,14.32639,16.97872,19.67516
5765.67740,-0.86785,-1.38097,65.37922,14.40051,14.32915,16.97872,19.67084
5765.68740,-0.86403,-1.36229,65.37368,14.41165,14.36916,16.97069,19.62219
5765.69740,-0.88030,-1.34283,65.37686,14.41959,14.41839,16.93972,19.59916
5765.70740,-0.88855,-1.33965,65.42579,14.42679,14.44191,16.94351,19.61357
5765.71740,-0.90203,-1.33445,65.50586,14.43859,14.48039,16.94972,19.63716
5765.72740,-0.90203,-1.33445,65.50586,14.43859,14.48039,16.94972,19.63716
5765.73740,-0.96389,-1.34242,65.50032,14.40246,14.49116,16.88962,19.71708
5765.74740,-0.92527,-1.33665,65.47486,14.42859,14.47039,16.90972,19.66616
5765.75740,-0.93099,-1.33552,65.44486,14.42225,14.46673,16.89305,19.66283
5765.76740,-0.95456,-1.33214,65.40203,14.39949,14.48026,16.85972,19.66256
5765.77740,-0.97843,-1.32995,65.43586,14.37959,14.52139,16.85972,19.67516
5765.78740,-0.98514,-1.32996,65.42986,14.37325,14.52506,16.85305,19.67849
5765.79740,-0.99856,-1.32997,65.41786,14.36059,14.53239,16.83972,19.68516
5765.80740,-0.99835,-1.33242,65.42307,14.35873,14.52951,16.84437,19.69046
5765.81740,-0.99873,-1.34420,65.49455,14.35779,14.52819,16.87883,19.72974
5765.82740,-1.00715,-1.30065,65.56886,14.41959,14.62439,16.83972,19.68516
5765.83740,-1.01078,-1.30447,65.54838,14.41305,14.61089,16.83101,19.69344
5765.84740,-1.02453,-1.32071,65.47318,14.37930,14.56470,16.80812,19.72106
5765.85740,-1.02724,-1.33019,65.46686,14.34059,14.57339,16.83972,19.71316
5765.86740,-1.02724,-1.33019,65.46686,14.34059,14.57339,16.83972,19.71316
5765.87740,-1.05941,-1.31845,65.29786,14.33059,14.54239,16.72072,19.70416
5765.88740,-1.05941,-1.31845,65.29786,14.33059,14.54239,16.72072,19.70416
5765.89740,-1.08574,-1.34303,65.51347,14.32708,14.57060,16.78692,19.82887
5765.90740,-1.06937,-1.36924,65.53986,14.29159,14.54239,16.85972,19.84616
5765.91740,-1.07223,-1.37181,65.53416,14.28633,14.53776,16.85794,19.85213
5765.92740,-1.10135,-1.39513,65.47858,14.23651,14.49615,16.83732,19.90860
5765.93740,-1.09960,-1.36116,65.50986,14.28159,14.56239,16.80972,19.85616
5765.94740,-1.10034,-1.36001,65.50656,14.28070,14.56516,16.80794,19.85277
5765.95740,-1.10783,-1.34818,65.47286,14.27159,14.59339,16.78972,19.81816
5765.96740,-1.10746,-1.35095,65.47627,14.26897,14.58955,16.79452,19.82323
5765.97740,-1.10277,-1.38556,65.51894,14.23631,14.54155,16.85452,19.88656
5765.98740,-1.13919,-1.38584,65.44572,14.20417,14.54073,16.79686,19.90395
5765.99740,-1.14248,-1.38415,65.43402,14.20080,14.54381,16.78972,19.89969
5766.00740,-1.14218,-1.37839,65.38602,14.17852,14.56152,16.78972,19.85626
5766.01740,-1.13526,-1.38158,65.36448,14.15979,14.56163,16.80869,19.83437
5766.02740,-1.12427,-1.39312,65.38186,14.15359,14.54239,16.83972,19.84616
5766.03740,-1.13096,-1.38948,65.37975,14.17421,14.53129,16.80800,19.86625
5766.04740,-1.13693,-1.38623,65.37786,14.19259,14.52139,16.77972,19.88416
5766.05740,-1.09580,-1.41910,65.53600,14.20065,14.48831,16.90881,19.93822
5766.06740,-1.10917,-1.37952,65.61075,14.26044,14.57513,16.86427,19.91092
5766.07740,-1.11363,-1.37039,65.61786,14.27159,14.59339,16.84972,19.90316
5766.08740,-1.15411,-1.37156,65.43910,14.21501,14.56797,16.76034,19.89578
5766.09740,-1.18532,-1.37847,65.45835,14.19053,14.58108,16.74675,19.93998
5766.10740,-1.19998,-1.38284,65.49686,14.18259,14.59339,16.75072,19.97016
5766.11740,-1.20484,-1.39168,65.51242,14.18259,14.57484,16.75072,20.00428
5766.12740,-1.20809,-1.39760,65.52286,14.18259,14.56239,16.75072,20.02716
5766.13740,-1.18319,-1.40506,65.68720,14.21579,14.57982,16.83289,20.05870
5766.14740,-1.20625,-1.37927,65.60217,14.20599,14.62655,16.76755,20.00208
5766.15740,-1.21203,-1.37366,65.57786,14.20259,14.63539,16.75072,19.98916
5766.16740,-1.21383,-1.37425,65.52770,14.19929,14.61493,16.72762,19.98586
5766.17740,-1.20446,-1.36675,65.48757,14.23813,14.57999,16.68402,19.98543
5766.18740,-1.17806,-1.34912,65.61286,14.33059,14.59339,16.69072,19.99816
5766.19740,-1.18695,-1.35935,65.53281,14.27602,14.58326,16.69399,19.97954
5766.20740,-1.20533,-1.38051,65.36786,14.16359,14.56239,16.70072,19.94116
5766.21740,-1.19595,-1.36405,65.49861,14.26060,14.57013,16.67963,19.98826
5766.22740,-1.22905,-1.37183,65.52586,14.22529,14.59509,16.67772,20.02776
5766.23740,-1.24494,-1.37813,65.51386,14.19259,14.60439,16.68072,20.03616
5766.24740,-1.21958,-1.34427,65.57853,14.28257,14.64024,16.65963,19.99609
5766.25740,-1.21099,-1.36635,65.54146,14.24499,14.59799,16.69272,20.00576
5766.26740,-1.21189,-1.38196,65.51386,14.21259,14.57339,16.71072,20.01716
5766.27740,-1.20740,-1.37017,65.50653,14.21925,14.59739,16.70739,19.98249
5766.28740,-1.19842,-1.34657,65.49186,14.23259,14.64539,16.70072,19.91316
5766.29740,-1.20345,-1.33167,65.44580,14.25504,14.64539,16.64890,19.89646
5766.30740,-1.21647,-1.32073,65.48958,14.30581,14.64539,16.59912,19.93926
5766.31740,-1.22319,-1.32076,65.54586,14.33059,14.64539,16.59072,19.97916
5766.32740,-1.21141,-1.31098,65.56657,14.34440,14.66887,16.60453,19.94878
5766.33740,-1.20024,-1.30313,65.51346,14.33491,14.67742,16.60584,19.89530
5766.34740,-1.20472,-1.30923,65.38286,14.29159,14.64539,16.58072,19.86516
5766.35740,-1.20495,-1.30728,65.44009,14.30667,14.66125,16.59232,19.87985
5766.36740,-1.20530,-1.30419,65.53086,14.33059,14.68639,16.61072,19.90316
5766.37740,-1.21638,-1.29239,65.53801,14.32165,14.73239,16.60625,19.87770
5766.38740,-1.24048,-1.28517,65.53401,14.29131,14.78173,16.59825,19.86272
5766.39740,-1.26460,-1.30236,65.50412,14.24648,14.76392,16.59250,19.90122
5766.40740,-1.27208,-1.30769,65.49486,14.23259,14.75839,16.59072,19.91316
5766.41740,-1.24589,-1.30248,65.49327,14.28731,14.71795,16.57486,19.91316
5766.42740,-1.23906,-1.30112,65.49286,14.30159,14.70739,16.57072,19.91316
5766.43740,-1.24157,-1.29154,65.55936,14.31014,14.75584,16.58972,19.90366
5766.44740,-1.24481,-1.28562,65.57286,14.33059,14.75839,16.57072,19.91316
5766.45740,-1.24833,-1.28770,65.54923,14.31889,14.75362,16.56595,19.91077
5766.46740,-1.26329,-1.29146,65.48574,14.28159,14.75197,16.55072,19.90146
5766.47740,-1.27449,-1.28270,65.52174,14.28159,14.79311,16.55072,19.89632
5766.48740,-1.28103,-1.27653,65.51028,14.28602,14.80131,16.53101,19.89195
5766.49740,-1.28660,-1.26898,65.42975,14.29944,14.77380,16.47128,19.88523
5766.50740,-1.31029,-1.29087,65.38586,14.23259,14.75839,16.48172,19.91316
5766.51740,-1.31110,-1.29315,65.40566,14.23259,14.76062,16.48980,19.92265
5766.52740,-1.31428,-1.30217,65.48386,14.23259,14.76939,16.52172,19.96016
5766.53740,-1.30810,-1.30456,65.50736,14.24485,14.76066,16.52983,19.97201
5766.54740,-1.29103,-1.31233,65.57966,14.28159,14.73359,16.55292,20.01156
5766.55740,-1.31671,-1.30702,65.51086,14.24159,14.75839,16.52172,19.98916
5766.56740,-1.30770,-1.30726,65.51716,14.24789,14.75419,16.53201,19.98307
5766.57740,-1.27383,-1.30817,65.54086,14.27159,14.73839,16.57072,19.96016
5766.58740,-1.27383,-1.30817,65.54086,14.27159,14.73839,16.57072,19.96016
5766.59740,-1.27653,-1.32180,65.49810,14.24738,14.70451,16.57072,19.97549
5766.60740,-1.25992,-1.33021,65.41241,14.24159,14.64829,16.56129,19.96124
5766.61740,-1.25887,-1.33052,65.40786,14.24159,14.64539,16.56072,19.96016
5766.62740,-1.22689,-1.30405,65.51226,14.32195,14.68719,16.57792,19.92520
5766.63740,-1.24643,-1.33967,65.53986,14.22259,14.69639,16.66072,19.96016
5766.64740,-1.24643,-1.33967,65.53986,14.22259,14.69639,16.66072,19.96016
5766.65740,-1.20867,-1.33200,65.43786,14.29159,14.60439,16.60072,19.94116
5766.66740,-1.20867,-1.33200,65.43786,14.29159,14.60439,16.60072,19.94116
5766.67740,-1.17287,-1.32399,65.38371,14.30109,14.59394,16.61972,19.86896
5766.68740,-1.19516,-1.33408,65.55679,14.31966,14.62287,16.64925,19.96501
5766.69740,-1.19640,-1.33462,65.56586,14.32059,14.62439,16.65072,19.97016
5766.70740,-1.20013,-1.34424,65.49933,14.29302,14.59493,16.64122,19.97016
5766.71740,-1.23707,-1.35335,65.53232,14.26280,14.61354,16.63112,20.02486
5766.72740,-1.23861,-1.35371,65.53386,14.26159,14.61439,16.63072,20.02716
5766.73740,-1.22174,-1.35779,65.52588,14.26884,14.59189,16.64524,20.01990
5766.74740,-1.21536,-1.35933,65.52286,14.27159,14.58339,16.65072,20.01716
5766.75740,-1.11872,-1.37575,65.54527,14.33716,14.48047,16.74202,19.98562
5766.76740,-1.13784,-1.37562,65.58049,14.33283,14.50067,16.73409,20.01289
5766.77740,-1.18466,-1.37141,65.61738,14.31144,14.55040,16.70200,20.05353
5766.78740,-1.17989,-1.36669,65.46026,14.26210,14.54418,16.68428,19.96969
5766.79740,-1.16443,-1.37036,65.45524,14.26913,14.52441,16.69826,19.96344
5766.80740,-1.14735,-1.37603,65.49107,14.29052,14.50249,16.71965,19.97841
5766.81740,-1.14650,-1.37631,65.49286,14.29159,14.50139,16.72072,19.97916
5766.82740,-1.16166,-1.36596,65.49434,14.29159,14.53178,16.69849,19.97249
5766.83740,-1.16673,-1.35771,65.51864,14.29739,14.56037,16.69652,19.96436
5766.84740,-1.16029,-1.33669,65.57013,14.34047,14.60042,16.68754,19.94171
5766.85740,-1.15705,-1.32756,65.58786,14.36059,14.61439,16.68072,19.93216
5766.86740,-1.16810,-1.33527,65.46046,14.32559,14.57099,16.63872,19.92516
5766.87740,-1.20330,-1.32404,65.42990,14.30422,14.61108,16.59244,19.92216
5766.88740,-1.21591,-1.31802,65.43986,14.30159,14.63539,16.58072,19.92216
5766.89740,-1.20771,-1.29676,65.45169,14.33377,14.66947,16.56652,19.88193
5766.90740,-1.19858,-1.27311,65.46486,14.36959,14.70739,16.55072,19.83716
5766.91740,-1.15514,-1.32365,65.44019,14.33025,14.59073,16.64405,19.87516
5766.92740,-1.17828,-1.33919,65.43212,14.30159,14.57121,16.63392,19.92540
5766.93740,-1.22821,-1.32836,65.43686,14.29159,14.61439,16.57072,19.96016
5766.94740,-1.19918,-1.31548,65.42631,14.31729,14.62098,16.58390,19.90414
5766.95740,-1.19286,-1.30467,65.47238,14.32499,14.66471,16.60752,19.87516
5766.96740,-1.19969,-1.30142,65.51286,14.32059,14.69639,16.62072,19.87516
5766.97740,-1.20990,-1.29358,65.58246,14.33799,14.73235,16.62072,19.89140
5766.98740,-1.21728,-1.28792,65.63286,14.35059,14.75839,16.62072,19.90316
5766.99740,-1.20904,-1.29598,65.51891,14.32497,14.71030,16.60504,19.87859
5767.00740,-1.20754,-1.30586,65.48214,14.31261,14.67799,16.60232,19.88922
5767.01740,-1.21191,-1.30767,65.53086,14.32059,14.68639,16.61072,19.91316
5767.02740,-1.20103,-1.28996,65.50408,14.33206,14.71394,16.60307,19.85501
5767.03740,-1.18419,-1.26271,65.46325,14.35059,14.75554,16.59072,19.76640
5767.04740,-1.18961,-1.27703,65.49246,14.35059,14.72739,16.59632,19.81816
5767.05740,-1.17591,-1.26580,65.49299,14.37906,14.73141,16.58882,19.79370
5767.06740,-1.16081,-1.24239,65.46886,14.42859,14.73839,16.55072,19.75116
5767.07740,-1.18118,-1.24443,65.42410,14.40279,14.73839,16.52455,19.75837
5767.08740,-1.19632,-1.26388,65.48339,14.38746,14.72427,16.54503,19.82664
5767.09740,-1.17457,-1.28305,65.64186,14.41959,14.70739,16.62072,19.89416
5767.10740,-1.18393,-1.26325,65.58074,14.41477,14.74205,16.58246,19.84146
5767.11740,-1.20478,-1.21911,65.44491,14.40408,14.81905,16.49743,19.72435
5767.12740,-1.20329,-1.21746,65.40274,14.40410,14.80494,16.47976,19.71394
5767.13740,-1.18829,-1.24226,65.43292,14.39800,14.75336,16.52277,19.75879
5767.14740,-1.18264,-1.25175,65.46034,14.37165,14.76465,16.57062,19.75342
5767.15740,-1.18027,-1.25574,65.47186,14.36059,14.76939,16.59072,19.75116
5767.16740,-1.17923,-1.24354,65.44402,14.38321,14.76939,16.55650,19.73492
5767.17740,-1.15507,-1.24103,65.44551,14.40732,14.75315,16.56961,19.71543
5767.18740,-1.15582,-1.23925,65.40574,14.40285,14.74503,16.55413,19.70373
5767.19740,-1.17084,-1.23205,65.31486,14.38959,14.73839,16.50172,19.68516
5767.20740,-1.15877,-1.23257,65.32400,14.40232,14.72827,16.51152,19.68189
5767.21740,-1.12943,-1.23010,65.42668,14.44845,14.73500,16.55831,19.68492
5767.22740,-1.12067,-1.22320,65.59186,14.48759,14.78939,16.61072,19.70416
5767.23740,-1.12067,-1.22320,65.59186,14.48759,14.78939,16.61072,19.70416
5767.24740,-1.12046,-1.22723,65.48615,14.45015,14.76807,16.59836,19.66958
5767.25740,-1.14263,-1.22407,65.61986,14.48759,14.79939,16.59072,19.74216
5767.26740,-1.14263,-1.22407,65.61986,14.48759,14.79939,16.59072,19.74216
5767.27740,-1.09464,-1.25715,65.55494,14.43910,14.72379,16.68112,19.71093
5767.28740,-1.08479,-1.26386,65.54692,14.42859,14.71143,16.70274,19.70416
5767.29740,-1.08437,-1.26415,65.58892,14.43699,14.72088,16.71492,19.71613
5767.30740,-1.07439,-1.27217,65.65686,14.46859,14.69639,16.73072,19.76116
5767.31740,-1.07123,-1.27049,65.65119,14.46859,14.69870,16.73282,19.75108
5767.32740,-1.06501,-1.26832,65.60424,14.45620,14.69647,16.73232,19.71925
5767.33740,-1.08642,-1.28394,65.50786,14.40959,14.65539,16.70072,19.74216
5767.34740,-1.08642,-1.28394,65.50786,14.40959,14.65539,16.70072,19.74216
5767.35740,-1.07166,-1.30558,65.39986,14.33059,14.62439,16.75072,19.69416
5767.36740,-1.06963,-1.30509,65.40436,14.33578,14.62258,16.75072,19.69527
5767.37740,-1.04433,-1.29902,65.46056,14.40075,14.59996,16.75072,19.70914
5767.38740,-1.01620,-1.29835,65.36886,14.40959,14.55239,16.74072,19.66616
5767.39740,-1.01620,-1.29835,65.36886,14.40959,14.55239,16.74072,19.66616
5767.40740,-0.98411,-1.31288,65.44183,14.41894,14.53368,16.81462,19.67458
5767.41740,-1.00765,-1.33287,65.54862,14.40039,14.54199,16.84852,19.75772
5767.42740,-1.00872,-1.33366,65.55286,14.39959,14.54239,16.84972,19.76116
5767.43740,-1.00570,-1.33553,65.54326,14.38999,14.54239,16.85932,19.75156
5767.44740,-1.00557,-1.33561,65.54286,14.38959,14.54239,16.85972,19.75116
5767.45740,-1.00638,-1.33897,65.53248,14.38103,14.53669,16.86210,19.75266
5767.46740,-1.01353,-1.37795,65.42309,14.28720,14.47039,16.89298,19.77252
5767.47740,-0.98730,-1.37529,65.54986,14.35059,14.47039,16.92972,19.79916
5767.48740,-0.98956,-1.37476,65.56981,14.36088,14.47039,16.92552,19.81302
5767.49740,-0.99621,-1.37584,65.62575,14.39329,14.45947,16.90972,19.86327
5767.50740,-0.98922,-1.38738,65.55386,14.36959,14.41839,16.90972,19.85616
5767.51740,-0.98488,-1.39110,65.50910,14.35100,14.40663,16.91351,19.83795
5767.52740,-0.97777,-1.39720,65.43586,14.32059,14.38739,16.91972,19.80816
5767.53740,-1.00203,-1.41072,65.51396,14.30393,14.39945,16.93695,19.87363
5767.54740,-1.01947,-1.41856,65.60455,14.30793,14.41258,16.94972,19.93431
5767.55740,-1.01877,-1.41557,65.64986,14.33059,14.41839,16.94972,19.95116
5767.56740,-1.02322,-1.41932,65.65507,14.31686,14.42360,16.95919,19.95542
5767.57740,-1.02858,-1.42042,65.57819,14.29159,14.41206,16.93972,19.93483
5767.58740,-1.02941,-1.41425,65.41286,14.27159,14.37739,16.87972,19.88416
5767.59740,-1.03412,-1.41332,65.48809,14.27733,14.40725,16.90269,19.90081
5767.60740,-1.03760,-1.41264,65.54386,14.28159,14.42939,16.91972,19.91316
5767.61740,-1.04156,-1.41289,65.41276,14.25879,14.39405,16.87412,19.88580
5767.62740,-1.06487,-1.41749,65.45171,14.24740,14.40927,16.86880,19.92623
5767.63740,-1.07943,-1.42066,65.55086,14.25159,14.43939,16.88972,19.97016
5767.64740,-1.08101,-1.41860,65.54386,14.25159,14.44225,16.88401,19.96602
5767.65740,-1.08436,-1.39652,65.56929,14.29288,14.47560,16.84972,19.95109
5767.66740,-1.07877,-1.38766,65.63086,14.33059,14.49039,16.84972,19.96016
5767.67740,-1.08831,-1.38834,65.61563,14.31794,14.49439,16.84069,19.96261
5767.68740,-1.15276,-1.39295,65.51286,14.23259,14.52139,16.77972,19.97916
5767.69740,-1.13615,-1.39478,65.54436,14.24564,14.51689,16.80672,19.97511
5767.70740,-1.14402,-1.39593,65.57881,14.23504,14.53929,16.82172,19.98276
5767.71740,-1.17843,-1.39461,65.57386,14.20259,14.57339,16.79972,19.99816
5767.72740,-1.14852,-1.37516,65.52522,14.26077,14.54976,16.76381,19.95089
5767.73740,-1.11278,-1.35543,65.40772,14.30220,14.51324,16.72072,19.87155
5767.74740,-1.11327,-1.36339,65.27915,14.24048,14.49553,16.72072,19.82241
5767.75740,-1.12700,-1.36103,65.23363,14.21345,14.50928,16.70549,19.80542
5767.76740,-1.15655,-1.35087,65.21575,14.19358,14.55034,16.67238,19.79946
5767.77740,-1.13832,-1.35319,65.26877,14.22493,14.53573,16.69359,19.81452
5767.78740,-1.11274,-1.36241,65.44030,14.27866,14.53113,16.75979,19.87073
5767.79740,-1.14388,-1.36954,65.56686,14.25159,14.59339,16.79972,19.92216
5767.80740,-1.14731,-1.35911,65.52219,14.25825,14.59706,16.76672,19.90016
5767.81740,-1.15274,-1.34157,65.46316,14.26149,14.61820,16.72731,19.85616
5767.82740,-1.14994,-1.34819,65.52286,14.24159,14.64539,16.77972,19.85616
5767.83740,-1.15395,-1.33976,65.53199,14.25721,14.65803,16.76234,19.85440
5767.84740,-1.16612,-1.31422,65.55965,14.30455,14.69633,16.70968,19.84909
5767.85740,-1.17280,-1.30019,65.57486,14.33059,14.71739,16.68072,19.84616
5767.86740,-1.15509,-1.30414,65.54708,14.34425,14.68005,16.68072,19.84206
5767.87740,-1.14562,-1.30780,65.51852,14.35541,14.64574,16.67038,19.84699
5767.88740,-1.15655,-1.30678,65.52286,14.35059,14.65539,16.66072,19.85616
5767.89740,-1.17060,-1.30231,65.34665,14.31840,14.62240,16.58831,19.81754
5767.90740,-1.21477,-1.30770,65.41610,14.29267,14.66344,16.58015,19.87984
5767.91740,-1.21069,-1.31537,65.41086,14.27779,14.65399,16.59872,19.88036
5767.92740,-1.18455,-1.34452,65.36286,14.22259,14.60439,16.67072,19.86516
5767.93740,-1.18752,-1.34327,65.35475,14.21843,14.60855,16.66656,19.86121
5767.94740,-1.19755,-1.34044,65.33936,14.20656,14.62174,16.65602,19.85503
5767.95740,-1.19109,-1.35004,65.41684,14.22643,14.60850,16.68251,19.89941
5767.96740,-1.18854,-1.35213,65.44398,14.23491,14.60599,16.69072,19.91236
5767.97740,-1.18401,-1.34446,65.47106,14.25455,14.62031,16.69072,19.90548
5767.98740,-1.20595,-1.37350,65.36986,14.17359,14.57339,16.69072,19.93216
5767.99740,-1.20381,-1.37615,65.37944,14.17509,14.56848,16.69698,19.93889
5768.00740,-1.17893,-1.40699,65.49086,14.19259,14.51139,16.76972,20.01716
5768.01740,-1.17893,-1.40699,65.49086,14.19259,14.51139,16.76972,20.01716
5768.02740,-1.19708,-1.41643,65.47466,14.13949,14.53029,16.78772,20.01716
5768.03740,-1.18291,-1.42283,65.56840,14.16004,14.53239,16.83290,20.04307
5768.04740,-1.16915,-1.42737,65.64986,14.18259,14.53239,16.86972,20.06516
5768.05740,-1.20160,-1.39886,65.50256,14.21941,14.51306,16.71413,20.05595
5768.06740,-1.21456,-1.39817,65.48416,14.16654,14.55984,16.73872,20.01906
5768.07740,-1.21509,-1.39826,65.48386,14.16359,14.56239,16.74072,20.01716
5768.08740,-1.19763,-1.40093,65.46147,14.17942,14.52909,16.74072,20.01225
5768.09740,-1.18310,-1.40315,65.44286,14.19259,14.50139,16.74072,20.00816
5768.10740,-1.18583,-1.40328,65.43506,14.18879,14.50139,16.73672,20.00816
5768.11740,-1.20542,-1.40888,65.41535,14.15794,14.50753,16.72864,20.02123
5768.12740,-1.24064,-1.42938,65.46186,14.09459,14.53239,16.76072,20.07416
5768.13740,-1.19832,-1.42417,65.48972,14.14387,14.51025,16.78858,20.04702
5768.14740,-1.18890,-1.42575,65.52488,14.16359,14.50139,16.79972,20.06018
5768.15740,-1.21569,-1.44640,65.45754,14.07483,14.50139,16.81616,20.06516
5768.16740,-1.19601,-1.42218,65.51392,14.16078,14.50968,16.78659,20.05688
5768.17740,-1.19080,-1.41627,65.52886,14.18259,14.51139,16.77972,20.05516
5768.18740,-1.18884,-1.42247,65.54700,14.16115,14.52294,16.81270,20.05021
5768.19740,-1.19713,-1.42009,65.57063,14.16372,14.53755,16.80875,20.06061
5768.20740,-1.20640,-1.41310,65.57886,14.18259,14.54239,16.77972,20.07416
5768.21740,-1.19451,-1.42420,65.57186,14.17629,14.51369,16.80072,20.08116
5768.22740,-1.19095,-1.43039,65.61317,14.17359,14.51666,16.82834,20.09459
5768.23740,-1.19313,-1.43243,65.67647,14.17359,14.53847,16.85493,20.10948
5768.24740,-1.19352,-1.43280,65.68786,14.17359,14.54239,16.85972,20.11216
5768.25740,-1.20790,-1.46816,65.71286,14.12359,14.50139,16.89972,20.18816
5768.26740,-1.19661,-1.46762,65.61479,14.09813,14.48567,16.89598,20.13500
5768.27740,-1.18043,-1.46685,65.47468,14.06177,14.46321,16.89063,20.05907
5768.28740,-1.18004,-1.43351,65.39286,14.11459,14.47039,16.79972,20.00816
5768.29740,-1.17728,-1.43940,65.40462,14.13964,14.43358,16.78438,20.04702
5768.30740,-1.17628,-1.44582,65.42104,14.16359,14.39839,16.76972,20.08934
5768.31740,-1.21407,-1.45159,65.39844,14.09582,14.43974,16.76972,20.09316
5768.32740,-1.19443,-1.45350,65.36216,14.07956,14.43470,16.79851,20.04940
5768.33740,-1.15994,-1.45207,65.34986,14.10459,14.40839,16.81972,20.01716
5768.34740,-1.15287,-1.44651,65.39495,14.13334,14.41525,16.82299,20.02337
5768.35740,-1.14028,-1.43851,65.50274,14.18552,14.43311,16.84088,20.04323
5768.36740,-1.14357,-1.44430,65.52786,14.17359,14.43939,16.85972,20.05516
5768.37740,-1.16429,-1.44549,65.53569,14.16437,14.44861,16.84129,20.08142
5768.38740,-1.18853,-1.44688,65.54486,14.15359,14.45939,16.81972,20.11216
5768.39740,-1.16742,-1.44568,65.63165,14.18527,14.46904,16.86105,20.11629
5768.40740,-1.14285,-1.43686,65.68594,14.21337,14.49007,16.89590,20.08660
5768.41740,-1.14312,-1.42816,65.62986,14.20259,14.50139,16.87972,20.04616
5768.42740,-1.13879,-1.41463,65.63446,14.23893,14.50599,16.85212,20.03742
5768.43740,-1.13147,-1.39449,65.62317,14.27708,14.52086,16.81972,20.00551
5768.44740,-1.12874,-1.38930,65.60286,14.27159,14.53239,16.81972,19.97916
5768.45740,-1.13913,-1.38198,65.58086,14.27159,14.54377,16.79355,19.97195
5768.46740,-1.15616,-1.37000,65.54486,14.27159,14.56239,16.75072,19.96016
5768.47740,-1.15616,-1.37000,65.54486,14.27159,14.56239,16.75072,19.96016
5768.48740,-1.14251,-1.37445,65.36229,14.22929,14.51162,16.72722,19.89416
5768.49740,-1.13968,-1.37684,65.40986,14.22259,14.53239,16.76072,19.89416
5768.50740,-1.13235,-1.37578,65.45474,14.24206,14.53569,16.77359,19.90340
5768.51740,-1.12071,-1.37070,65.54916,14.28819,14.54569,16.78982,19.92546
5768.52740,-1.12723,-1.36473,65.55586,14.30159,14.55239,16.76972,19.93216
5768.53740,-1.12723,-1.36473,65.55586,14.30159,14.55239,16.76972,19.93216
5768.54740,-1.14958,-1.37486,65.66716,14.28272,14.59106,16.80745,19.98592
5768.55740,-1.14874,-1.37570,65.66496,14.28159,14.58881,16.80882,19.98574
5768.56740,-1.12538,-1.37546,65.57505,14.28539,14.54619,16.79782,19.94565
5768.57740,-1.12029,-1.36431,65.57586,14.30159,14.56239,16.78972,19.92216
5768.58740,-1.12029,-1.36431,65.57586,14.30159,14.56239,16.78972,19.92216
5768.59740,-1.12141,-1.34472,65.47034,14.31141,14.56239,16.72817,19.86837
5768.60740,-1.10969,-1.33008,65.34344,14.31479,14.54499,16.68232,19.80134
5768.61740,-1.10043,-1.33277,65.32286,14.31059,14.53239,16.69072,19.78916
5768.62740,-1.12402,-1.32131,65.29013,14.30542,14.55594,16.64478,19.78399
5768.63740,-1.12320,-1.30958,65.37641,14.31828,14.61485,16.67405,19.76922
5768.64740,-1.10974,-1.30721,65.45786,14.33059,14.64539,16.72072,19.76116
5768.65740,-1.10828,-1.31084,65.42974,14.31360,14.63953,16.72658,19.75003
5768.66740,-1.10724,-1.31340,65.40986,14.30159,14.63539,16.73072,19.74216
5768.67740,-1.09789,-1.32690,65.53621,14.33864,14.61544,16.76777,19.81436
5768.68740,-1.05620,-1.32076,65.43171,14.35009,14.57544,16.76972,19.73646
5768.69740,-1.05403,-1.32040,65.42586,14.35059,14.57339,16.76972,19.73216
5768.70740,-1.06306,-1.26937,65.57364,14.44463,14.69142,16.73230,19.70529
5768.71740,-1.06344,-1.26723,65.57986,14.44859,14.69639,16.73072,19.70416
5768.72740,-1.07858,-1.27813,65.50288,14.40545,14.67401,16.71434,19.70907
5768.73740,-1.09465,-1.28719,65.46735,14.37790,14.65976,16.70072,19.72896
5768.74740,-1.10774,-1.28713,65.57586,14.40959,14.67639,16.70072,19.78916
5768.75740,-1.10146,-1.28258,65.55127,14.40959,14.67855,16.69856,19.76457
5768.76740,-1.07582,-1.27229,65.45306,14.40425,14.66986,16.69605,19.68289
5768.77740,-1.06821,-1.28950,65.42886,14.38959,14.62439,16.71072,19.70416
5768.78740,-1.08121,-1.28070,65.48767,14.40615,14.65918,16.70244,19.71990
5768.79740,-1.08391,-1.27887,65.49986,14.40959,14.66639,16.70072,19.72316
5768.80740,-1.09133,-1.28144,65.38366,14.37639,14.64066,16.66752,19.69909
5768.81740,-1.12198,-1.29525,65.52334,14.37797,14.66138,16.68587,19.79812
5768.82740,-1.12758,-1.29780,65.55486,14.37959,14.66639,16.69072,19.81816
5768.83740,-1.11492,-1.28901,65.55271,14.39774,14.67255,16.69072,19.79170
5768.84740,-1.08901,-1.27521,65.48867,14.41198,14.66956,16.68529,19.72184
5768.85740,-1.09120,-1.28024,65.43886,14.38959,14.65539,16.68072,19.71316
5768.86740,-1.08622,-1.29448,65.46130,14.37746,14.63660,16.71104,19.73620
5768.87740,-1.08298,-1.30372,65.47586,14.36959,14.62439,16.73072,19.75116
5768.88740,-1.10087,-1.31572,65.46131,14.33563,14.61746,16.73072,19.77750
5768.89740,-1.08402,-1.31255,65.47625,14.35440,14.61439,16.74452,19.76294
5768.90740,-1.07290,-1.30874,65.48586,14.36959,14.61439,16.75072,19.75116
5768.91740,-1.09846,-1.31161,65.55279,14.36959,14.63578,16.74382,19.80360
5768.92740,-1.10410,-1.32101,65.49225,14.34937,14.60218,16.72678,19.81392
5768.93740,-1.10155,-1.32455,65.45286,14.34059,14.58339,16.72072,19.80816
5768.94740,-1.11598,-1.33441,65.49886,14.32859,14.58739,16.73272,19.85016
5768.95740,-1.13657,-1.34848,65.56457,14.31144,14.59311,16.74986,19.91016
5768.96740,-1.13759,-1.34918,65.56786,14.31059,14.59339,16.75072,19.91316
5768.97740,-1.11663,-1.33749,65.42324,14.31217,14.56160,16.71230,19.83716
5768.98740,-1.10093,-1.33853,65.45086,14.33059,14.55239,16.73072,19.83716
5768.99740,-1.10093,-1.33853,65.45086,14.33059,14.55239,16.73072,19.83716
5769.00740,-1.10093,-1.33853,65.45086,14.33059,14.55239,16.73072,19.83716
5769.01740,-1.10290,-1.33820,65.45864,14.33059,14.55678,16.73143,19.83985
5769.02740,-1.12792,-1.33650,65.54150,14.32435,14.60447,16.73912,19.87356
5769.03740,-1.12328,-1.35043,65.43986,14.29159,14.55239,16.73072,19.86516
5769.04740,-1.12328,-1.35043,65.43986,14.29159,14.55239,16.73072,19.86516
5769.05740,-1.11320,-1.36384,65.55131,14.27977,14.57476,16.81063,19.88616
5769.06740,-1.11368,-1.36779,65.57586,14.30159,14.55239,16.79972,19.92216
5769.07740,-1.10750,-1.35523,65.55516,14.31464,14.56634,16.78622,19.88796
5769.08740,-1.11050,-1.34388,65.53027,14.31072,14.59191,16.77377,19.85386
5769.09740,-1.12601,-1.34977,65.53086,14.28159,14.60439,16.77972,19.86516
5769.10740,-1.12606,-1.35138,65.55789,14.29432,14.59894,16.77972,19.88491
5769.11740,-1.12617,-1.35488,65.61665,14.32200,14.58707,16.77972,19.92785
5769.12740,-1.13140,-1.35214,65.57627,14.31579,14.58339,16.75888,19.91821
5769.13740,-1.14298,-1.34360,65.44607,14.28290,14.58339,16.71257,19.86720
5769.14740,-1.15303,-1.30773,65.55386,14.34059,14.67639,16.69072,19.84616
5769.15740,-1.14946,-1.30982,65.51525,14.32442,14.66946,16.69402,19.82735
5769.16740,-1.13344,-1.31677,65.44240,14.29159,14.65011,16.71656,19.78414
5769.17740,-1.10783,-1.32358,65.46145,14.29517,14.63539,16.76072,19.77016
5769.18740,-1.09866,-1.31192,65.49143,14.34687,14.63044,16.73712,19.77700
5769.19740,-1.10881,-1.29645,65.47386,14.39959,14.61439,16.66072,19.79916
5769.20740,-1.10321,-1.30622,65.46352,14.38375,14.59759,16.68011,19.80207
5769.21740,-1.09989,-1.32140,65.46793,14.36346,14.57625,16.70752,19.82070
5769.22740,-1.11693,-1.31065,65.52086,14.38959,14.60439,16.68072,19.84616
5769.23740,-1.11919,-1.30699,65.53707,14.38532,14.62637,16.68925,19.83613
5769.24740,-1.12625,-1.29555,65.58774,14.37199,14.69503,16.71592,19.80480
5769.25740,-1.12604,-1.30199,65.57229,14.36402,14.67765,16.71688,19.81375
5769.26740,-1.12317,-1.33951,65.47151,14.33410,14.55517,16.70337,19.87887
5769.27740,-1.14002,-1.34800,65.48475,14.30165,14.56908,16.71661,19.89741
5769.28740,-1.14315,-1.34766,65.49033,14.29945,14.57473,16.71672,19.89943
5769.29740,-1.13266,-1.33277,65.49766,14.33879,14.58139,16.69672,19.88076
5769.30740,-1.15166,-1.31550,65.44386,14.31059,14.63539,16.67072,19.82716
5769.31740,-1.15166,-1.31550,65.44386,14.31059,14.63539,16.67072,19.82716
5769.32740,-1.14437,-1.32076,65.45712,14.31635,14.62040,16.68225,19.83811
5769.33740,-1.12661,-1.33430,65.47579,14.32783,14.57830,16.70648,19.86318
5769.34740,-1.12931,-1.34124,65.30277,14.29410,14.51578,16.65412,19.83878
5769.35740,-1.12709,-1.33411,65.45171,14.32548,14.57056,16.69668,19.85899
5769.36740,-1.12533,-1.32843,65.57086,14.35059,14.61439,16.73072,19.87516
5769.37740,-1.12688,-1.32740,65.55818,14.34599,14.61637,16.72696,19.86887
5769.38740,-1.13464,-1.32223,65.49480,14.32298,14.62622,16.70818,19.83741
5769.39740,-1.13924,-1.31753,65.43777,14.30505,14.63242,16.69213,19.80816
5769.40740,-1.12173,-1.29716,65.48994,14.36228,14.65678,16.68610,19.78478
5769.41740,-1.13237,-1.28344,65.50686,14.36959,14.69639,16.67072,19.77016
5769.42740,-1.10490,-1.32774,65.36161,14.32337,14.55114,16.68958,19.79751
5769.43740,-1.14097,-1.30352,65.57136,14.36714,14.66969,16.69072,19.84381
5769.44740,-1.14295,-1.30211,65.58286,14.36959,14.67639,16.69072,19.84616
5769.45740,-1.15088,-1.29772,65.48786,14.36959,14.64694,16.63372,19.83761
5769.46740,-1.12433,-1.31308,65.53852,14.36959,14.62524,16.69789,19.84580
5769.47740,-1.12320,-1.31373,65.54086,14.36959,14.62439,16.70072,19.84616
5769.48740,-1.13016,-1.33137,65.48616,14.30433,14.61480,16.72951,19.83752
5769.49740,-1.13046,-1.33211,65.48386,14.30159,14.61439,16.73072,19.83716
5769.50740,-1.13234,-1.31091,65.44315,14.32230,14.63654,16.68786,19.79645
5769.51740,-1.11953,-1.31737,65.52198,14.34699,14.62817,16.71992,19.82690
5769.52740,-1.11656,-1.32065,65.54286,14.35059,14.62439,16.73072,19.83716
5769.53740,-1.11643,-1.30461,65.43872,14.35879,14.61619,16.67332,19.79042
5769.54740,-1.14168,-1.32014,65.44402,14.33574,14.59700,16.66072,19.85056
5769.55740,-1.14692,-1.32409,65.44986,14.33059,14.59339,16.66072,19.86516
5769.56740,-1.17418,-1.30691,65.62370,14.35519,14.69507,16.67712,19.89632
5769.57740,-1.18015,-1.30315,65.66186,14.36059,14.71739,16.68072,19.90316
5769.58740,-1.17949,-1.28008,65.62324,14.38442,14.74287,16.63963,19.85632
5769.59740,-1.15898,-1.28322,65.51464,14.38959,14.68047,16.61415,19.83042
5769.60740,-1.15475,-1.28491,65.49386,14.38959,14.66639,16.61072,19.82716
5769.61740,-1.17364,-1.26320,65.69265,14.44674,14.75999,16.61900,19.86692
5769.62740,-1.17754,-1.25871,65.73386,14.45859,14.77939,16.62072,19.87516
5769.63740,-1.13479,-1.27402,65.52802,14.40085,14.70158,16.64582,19.77977
5769.64740,-1.14072,-1.27509,65.52269,14.39471,14.70227,16.64048,19.78523
5769.65740,-1.15431,-1.27326,65.55586,14.39959,14.71739,16.63072,19.80816
5769.66740,-1.13890,-1.25358,65.47720,14.40655,14.73201,16.60984,19.72881
5769.67740,-1.16884,-1.24257,65.42892,14.38868,14.76000,16.55960,19.72064
5769.68740,-1.18479,-1.24152,65.42286,14.37959,14.76939,16.54172,19.73216
5769.69740,-1.18479,-1.24152,65.42286,14.37959,14.76939,16.54172,19.73216
5769.70740,-1.11209,-1.22835,65.66986,14.51759,14.77939,16.63072,19.74216
5769.71740,-1.13693,-1.25358,65.48897,14.42194,14.72187,16.60300,19.74216
5769.72740,-1.13746,-1.26796,65.43764,14.39435,14.68532,16.60548,19.75249
5769.73740,-1.12223,-1.27256,65.47935,14.41574,14.66928,16.62687,19.76746
5769.74740,-1.11950,-1.27338,65.48686,14.41959,14.66639,16.63072,19.77016
5769.75740,-1.10812,-1.22976,65.54671,14.50319,14.73479,16.59272,19.71601
5769.76740,-1.12343,-1.24142,65.37286,14.41959,14.70739,16.57072,19.67516
5769.77740,-1.11541,-1.22616,65.46302,14.45767,14.75331,16.58752,19.66452
5769.78740,-1.10911,-1.21419,65.53386,14.48759,14.78939,16.60072,19.65616
5769.79740,-1.09542,-1.22591,65.43354,14.46524,14.73331,16.59616,19.63883
5769.80740,-1.10615,-1.22387,65.36903,14.46029,14.71531,16.55431,19.63913
5769.81740,-1.15263,-1.19634,65.46386,14.49759,14.79939,16.49172,19.67516
5769.82740,-1.14080,-1.19277,65.45042,14.49759,14.80362,16.50324,19.64597
5769.83740,-1.12157,-1.18717,65.43007,14.49395,14.81422,16.52629,19.59561
5769.84740,-1.11927,-1.18838,65.44186,14.45859,14.85139,16.57072,19.56116
5769.85740,-1.11948,-1.19756,65.45804,14.45859,14.83227,16.57808,19.58911
5769.86740,-1.11984,-1.21334,65.48586,14.45859,14.79939,16.59072,19.63716
5769.87740,-1.11270,-1.20853,65.46309,14.48090,14.78072,16.56840,19.63306
5769.88740,-1.10851,-1.19674,65.49308,14.51653,14.79237,16.55334,19.63084
5769.89740,-1.11816,-1.18338,65.62023,14.53639,14.86786,16.57917,19.63680
5769.90740,-1.12825,-1.18359,65.57794,14.50911,14.87559,16.57112,19.62212
5769.91740,-1.13494,-1.18560,65.46162,14.46427,14.86255,16.55072,19.58408
5769.92740,-1.10607,-1.18528,65.43986,14.49759,14.82039,16.55072,19.57116
5769.93740,-1.09844,-1.18344,65.44999,14.50739,14.82039,16.55725,19.56495
5769.94740,-1.08273,-1.17967,65.47086,14.52759,14.82039,16.57072,19.55216
5769.95740,-1.08273,-1.17967,65.47086,14.52759,14.82039,16.57072,19.55216
5769.96740,-1.10587,-1.19069,65.41545,14.50759,14.78394,16.52945,19.59448
5769.97740,-1.11802,-1.18880,65.43786,14.50759,14.79939,16.52172,19.60916
5769.98740,-1.11802,-1.18880,65.43786,14.50759,14.79939,16.52172,19.60916
5769.99740,-1.10520,-1.18028,65.55626,14.55016,14.83434,16.55469,19.61706
5770.00740,-1.12401,-1.20591,65.43586,14.48759,14.76939,16.53172,19.64716
5770.01740,-1.12401,-1.20591,65.43586,14.48759,14.76939,16.53172,19.64716
5770.02740,-1.06295,-1.20912,65.53935,14.53506,14.75895,16.62572,19.61962
5770.03740,-1.06084,-1.20997,65.54641,14.53597,14.75875,16.63137,19.62032
5770.04740,-1.07959,-1.22127,65.57221,14.50909,14.76466,16.64212,19.65634
5770.05740,-1.06409,-1.23224,65.60086,14.52759,14.72739,16.66072,19.68516
5770.06740,-1.06789,-1.23323,65.59126,14.52047,14.72739,16.65752,19.68588
5770.07740,-1.11074,-1.24503,65.48281,14.43772,14.72789,16.62390,19.69330
5770.08740,-1.09925,-1.25040,65.50725,14.42693,14.73414,16.66367,19.68250
5770.09740,-1.09144,-1.25405,65.52386,14.41959,14.73839,16.69072,19.67516
5770.10740,-1.08391,-1.25114,65.54556,14.43761,14.73839,16.69440,19.67516
5770.11740,-1.07098,-1.24614,65.58286,14.46859,14.73839,16.70072,19.67516
5770.12740,-1.08550,-1.24806,65.58115,14.46859,14.73212,16.67792,19.70252
5770.13740,-1.06567,-1.25821,65.49778,14.45339,14.68103,16.68352,19.67984
5770.14740,-1.05593,-1.26096,65.47186,14.44859,14.66639,16.69072,19.66616
5770.15740,-1.05833,-1.26269,65.45951,14.46759,14.63694,16.66222,19.69276
5770.16740,-1.07696,-1.28520,65.47976,14.38404,14.66484,16.72722,19.70366
5770.17740,-1.07794,-1.28638,65.48086,14.37959,14.66639,16.73072,19.70416
5770.18740,-1.12976,-1.27374,65.50721,14.37959,14.71439,16.66484,19.74840
5770.19740,-1.13300,-1.27296,65.50886,14.37959,14.71739,16.66072,19.75116
5770.20740,-1.11510,-1.28429,65.45376,14.35204,14.68794,16.68922,19.72456
5770.21740,-1.08777,-1.30022,65.50353,14.37786,14.63842,16.72834,19.75890
5770.22740,-1.08610,-1.30119,65.50686,14.37959,14.63539,16.73072,19.76116
5770.23740,-1.09016,-1.29485,65.56565,14.38684,14.67241,16.74524,19.76116
5770.24740,-1.08629,-1.29366,65.53391,14.42196,14.62663,16.70092,19.78440
5770.25740,-1.08518,-1.29391,65.52286,14.42859,14.61439,16.69072,19.78916
5770.26740,-1.07000,-1.29749,65.67828,14.43672,14.66484,16.77942,19.79730
5770.27740,-1.06654,-1.29830,65.71386,14.43859,14.67639,16.79972,19.79916
5770.28740,-1.06361,-1.30136,65.66043,14.43335,14.64916,16.78401,19.79392
5770.29740,-1.07196,-1.28635,65.54536,14.42859,14.64609,16.72142,19.74926
5770.30740,-1.07669,-1.27872,65.51686,14.42859,14.65539,16.70072,19.73216
5770.31740,-1.06886,-1.27611,65.58120,14.44980,14.67024,16.72193,19.73923
5770.32740,-1.08154,-1.29383,65.57131,14.41008,14.65460,16.73775,19.76887
5770.33740,-1.08826,-1.30178,65.55586,14.38959,14.64539,16.74072,19.78016
5770.34740,-1.05333,-1.28917,65.65674,14.47057,14.64539,16.76062,19.78016
5770.35740,-1.03739,-1.28342,65.70286,14.50759,14.64539,16.76972,19.78016
5770.36740,-1.04963,-1.27683,65.67651,14.48886,14.67143,16.75734,19.75889
5770.37740,-1.08266,-1.27637,65.61813,14.43189,14.70379,16.73648,19.74598
5770.38740,-1.08758,-1.28650,65.61686,14.41959,14.68639,16.74072,19.77016
5770.39740,-1.09664,-1.26224,65.51369,14.40819,14.72173,16.68942,19.69435
5770.40740,-1.08733,-1.24114,65.48019,14.44507,14.73054,16.65072,19.65386
5770.41740,-1.07543,-1.23912,65.51286,14.47859,14.71739,16.65072,19.66616
5770.42740,-1.07818,-1.24973,65.51547,14.45611,14.71055,16.67026,19.67854
5770.43740,-1.08302,-1.26833,65.52004,14.41668,14.69855,16.70455,19.70025
5770.44740,-1.08389,-1.27168,65.52086,14.40959,14.69639,16.71072,19.70416
5770.45740,-1.06813,-1.27139,65.39078,14.38110,14.66791,16.70123,19.64054
5770.46740,-1.07404,-1.27712,65.48450,14.39840,14.67580,16.71953,19.69077
5770.47740,-1.07447,-1.27748,65.49086,14.39959,14.67639,16.72072,19.69416
5770.48740,-1.06880,-1.27469,65.47282,14.39959,14.67639,16.72072,19.67612
5770.49740,-1.14228,-1.26229,65.60186,14.36959,14.79939,16.70072,19.73216
5770.50740,-1.12694,-1.25707,65.56592,14.39213,14.77587,16.68438,19.71354
5770.51740,-1.09528,-1.24631,65.49186,14.43859,14.72739,16.65072,19.67516
5770.52740,-1.09606,-1.24749,65.51458,14.43539,14.73731,16.66352,19.67836
5770.53740,-1.07852,-1.24226,65.54814,14.45067,14.75199,16.69072,19.65476
5770.54740,-1.03769,-1.22582,65.51686,14.49759,14.73839,16.69072,19.59016
5770.55740,-1.04892,-1.22287,65.52030,14.49164,14.75436,16.68133,19.59298
5770.56740,-1.06253,-1.21995,65.50631,14.47859,14.76955,16.66712,19.59105
5770.57740,-1.02812,-1.23108,65.43898,14.47859,14.70755,16.68712,19.56572
5770.58740,-1.02191,-1.23308,65.42686,14.47859,14.69639,16.69072,19.56116
5770.59740,-1.02317,-1.22255,65.43086,14.46859,14.73839,16.70072,19.52316
5770.60740,-1.02886,-1.22371,65.42069,14.46475,14.73436,16.69112,19.53045
5770.61740,-1.05678,-1.22543,65.39466,14.44659,14.73599,16.65472,19.55736
5770.62740,-1.07263,-1.21274,65.46186,14.43859,14.81039,16.67072,19.54216
5770.63740,-1.06725,-1.21128,65.45700,14.44677,14.80422,16.66835,19.53765
5770.64740,-1.04165,-1.20433,65.43383,14.48576,14.77485,16.65705,19.51618
5770.65740,-1.03290,-1.19652,65.45730,14.50759,14.78595,16.65961,19.50416
5770.66740,-1.03631,-1.18963,65.51320,14.51793,14.82039,16.67072,19.50416
5770.67740,-1.03736,-1.19928,65.45152,14.51019,14.77283,16.64752,19.52098
5770.68740,-1.04054,-1.20762,65.39986,14.49759,14.73839,16.63072,19.53316
5770.69740,-1.01558,-1.19355,65.45928,14.53531,14.76763,16.65902,19.49732
5770.70740,-1.03455,-1.19343,65.42286,14.50759,14.77939,16.64072,19.49516
5770.71740,-1.03102,-1.19064,65.42662,14.51151,14.78515,16.64392,19.48604
5770.72740,-0.99049,-1.15862,65.46986,14.55659,14.85139,16.68072,19.38116
5770.73740,-0.99279,-1.15852,65.46783,14.55595,14.85139,16.67691,19.38357
5770.74740,-1.02153,-1.15731,65.44243,14.54802,14.85139,16.62929,19.41373
5770.75740,-1.01785,-1.17664,65.35306,14.51025,14.79362,16.63004,19.41916
5770.76740,-1.01650,-1.17766,65.35136,14.51079,14.78939,16.63072,19.42046
5770.77740,-1.00652,-1.17177,65.41560,14.55648,14.78939,16.63072,19.43900
5770.78740,-0.99642,-1.17629,65.43764,14.57093,14.77186,16.64203,19.45282
5770.79740,-0.99204,-1.18175,65.43286,14.56659,14.75839,16.65072,19.45716
5770.80740,-0.97787,-1.18453,65.52524,14.57314,14.78526,16.70969,19.45716
5770.81740,-0.97136,-1.19035,65.49352,14.56068,14.76678,16.71686,19.44921
5770.82740,-0.97159,-1.19147,65.47286,14.55659,14.75839,16.71072,19.44716
5770.83740,-0.97527,-1.19280,65.48451,14.52444,14.79194,16.74287,19.42526
5770.84740,-0.97949,-1.19432,65.49786,14.48759,14.83039,16.77972,19.40016
5770.85740,-0.96258,-1.18204,65.48839,14.52917,14.81987,16.75919,19.38016
5770.86740,-0.94500,-1.16761,65.43845,14.58282,14.78523,16.70824,19.36216
5770.87740,-0.94445,-1.16683,65.42886,14.58659,14.77939,16.70072,19.36216
5770.88740,-0.94170,-1.16736,65.40955,14.57134,14.78448,16.71088,19.34285
5770.89740,-0.94323,-1.17252,65.38946,14.55659,14.77539,16.71372,19.34376
5770.90740,-0.94503,-1.17452,65.38886,14.55659,14.76939,16.71072,19.35216
5770.91740,-0.96249,-1.17089,65.44406,14.54969,14.81148,16.71762,19.36527
5770.92740,-0.97033,-1.16926,65.46886,14.54659,14.83039,16.72072,19.37116
5770.93740,-0.95969,-1.16844,65.47395,14.56048,14.82113,16.72535,19.36699
5770.94740,-0.94801,-1.16373,65.45580,14.57034,14.81664,16.72447,19.34435
5770.95740,-0.94946,-1.15545,65.40286,14.55659,14.83039,16.71072,19.30516
5770.96740,-0.92710,-1.14738,65.42543,14.59553,14.82475,16.71636,19.28879
5770.97740,-0.93044,-1.13472,65.41430,14.62559,14.82599,16.67592,19.28680
5770.98740,-0.94664,-1.12966,65.39186,14.62559,14.83039,16.64072,19.29516
5770.99740,-0.93854,-1.13055,65.44886,14.63687,14.84224,16.66894,19.30080
5771.00740,-0.93229,-1.13123,65.49286,14.64559,14.85139,16.69072,19.30516
5771.01740,-0.93537,-1.12101,65.48609,14.65649,14.86680,16.67193,19.29088
5771.02740,-0.94112,-1.10474,65.47712,14.67357,14.89239,16.64185,19.26931
5771.03740,-0.94615,-1.11031,65.49486,14.66559,14.89239,16.65072,19.28616
5771.04740,-0.94615,-1.11031,65.49486,14.66559,14.89239,16.65072,19.28616
5771.05740,-0.94550,-1.11255,65.33086,14.60064,14.87689,16.63822,19.21511
5771.06740,-0.95348,-1.10544,65.30886,14.60559,14.88239,16.61072,19.21016
5771.07740,-0.95239,-1.10292,65.36697,14.62766,14.89380,16.61808,19.22745
5771.08740,-0.95052,-1.09859,65.46686,14.66559,14.91339,16.63072,19.25716
5771.09740,-0.95052,-1.09859,65.46686,14.66559,14.91339,16.63072,19.25716
5771.10740,-0.98755,-1.09384,65.46171,14.67161,14.91869,16.56625,19.30516
5771.11740,-0.97523,-1.09227,65.60586,14.68459,14.97539,16.64072,19.30516
5771.12740,-0.97396,-1.07635,65.59459,14.70932,14.99136,16.61254,19.28136
5771.13740,-0.97392,-1.04428,65.53242,14.74151,15.02319,16.55072,19.21700
5771.14740,-0.97983,-1.05041,65.45286,14.69459,15.01639,16.55072,19.19116
5771.15740,-0.97983,-1.05041,65.45286,14.69459,15.01639,16.55072,19.19116
5771.16740,-0.97950,-1.04575,65.48789,14.70607,15.03420,16.55646,19.19116
5771.17740,-0.97925,-1.04230,65.51386,14.71459,15.04739,16.56072,19.19116
5771.18740,-1.00444,-1.04142,65.49295,14.69368,15.06133,16.53354,19.20440
5771.19740,-1.02312,-1.04479,65.52306,14.70559,15.05339,16.50772,19.25636
5771.20740,-1.02643,-1.04641,65.53986,14.71459,15.04739,16.50172,19.27616
5771.21740,-0.99538,-1.04280,65.49856,14.73489,15.01869,16.50872,19.23626
5771.22740,-0.95988,-1.03119,65.60406,14.77159,15.06333,16.57612,19.19303
5771.23740,-0.96077,-1.03169,65.60529,14.76937,15.06467,16.57757,19.19367
5771.24740,-0.99168,-1.04687,65.51062,14.71671,15.03067,16.53824,19.22500
5771.25740,-0.99978,-1.05110,65.48268,14.70067,15.02186,16.52869,19.23145
5771.26740,-0.94922,-1.02967,65.60059,14.76149,15.07622,16.60072,19.16216
5771.27740,-0.94973,-1.04043,65.54386,14.73359,15.04739,16.60072,19.16216
5771.28740,-0.94973,-1.04043,65.54386,14.73359,15.04739,16.60072,19.16216
5771.29740,-0.94963,-1.04161,65.54354,14.73359,15.04384,16.60072,19.16539
5771.30740,-0.93509,-1.04665,65.58299,14.75571,15.02514,16.61947,19.18266
5771.31740,-0.91126,-1.05090,65.64986,14.79259,15.00639,16.65072,19.20016
5771.32740,-0.93537,-1.05414,65.59486,14.74402,15.02068,16.63643,19.19373
5771.33740,-0.94502,-1.05544,65.57286,14.72459,15.02639,16.63072,19.19116
5771.34740,-0.92725,-1.04950,65.55593,14.72459,15.03580,16.64953,19.14601
5771.35740,-0.93574,-1.07284,65.66390,14.71519,15.02699,16.69772,19.22400
5771.36740,-0.93636,-1.07435,65.67086,14.71459,15.02639,16.70072,19.22916
5771.37740,-0.93252,-1.07782,65.49986,14.68609,14.96749,16.65322,19.19306
5771.38740,-0.89194,-1.11188,65.36546,14.64754,14.84754,16.68872,19.18166
5771.39740,-0.88981,-1.11366,65.35886,14.64559,14.84139,16.69072,19.18116
5771.40740,-0.89277,-1.15513,65.62129,14.66440,14.82164,16.79324,19.34200
5771.41740,-0.89296,-1.15774,65.63786,14.66559,14.82039,16.79972,19.35216
5771.42740,-0.87590,-1.16021,65.58397,14.64052,14.81413,16.82479,19.30453
5771.43740,-0.86454,-1.18890,65.53483,14.59081,14.75930,16.86811,19.31661
5771.44740,-0.86406,-1.20004,65.52786,14.57659,14.73839,16.87972,19.33316
5771.45740,-0.87690,-1.18859,65.60084,14.60037,14.78021,16.87152,19.34874
5771.46740,-0.89204,-1.19214,65.65583,14.60559,14.78939,16.86972,19.39113
5771.47740,-0.85067,-1.21249,65.73637,14.61288,14.75947,16.96386,19.40016
5771.48740,-0.84902,-1.24797,65.71056,14.57616,14.68242,16.99067,19.46131
5771.49740,-0.85260,-1.25489,65.69786,14.56659,14.66639,16.98872,19.47616
5771.50740,-0.84845,-1.24605,65.65262,14.56126,14.67704,16.97861,19.43571
5771.51740,-0.84195,-1.25256,65.58719,14.53693,14.65350,16.98135,19.41540
5771.52740,-0.83793,-1.27271,65.55103,14.50925,14.60717,16.99774,19.43687
5771.53740,-0.83769,-1.27392,65.54886,14.50759,14.60439,16.99872,19.43816
5771.54740,-0.79730,-1.26793,65.61916,14.52659,14.63384,17.07472,19.38401
5771.55740,-0.79518,-1.26762,65.62286,14.52759,14.63539,17.07872,19.38116
5771.56740,-0.76824,-1.31561,65.69077,14.50001,14.55488,17.17987,19.45601
5771.57740,-0.75591,-1.30090,65.76686,14.53759,14.59339,17.19772,19.43816
5771.58740,-0.75696,-1.30095,65.75452,14.53412,14.59124,17.19363,19.43553
5771.59740,-0.76617,-1.30780,65.57686,14.48451,14.54245,17.14358,19.40632
5771.60740,-0.74031,-1.33966,65.51486,14.46859,14.43939,17.16872,19.43816
5771.61740,-0.73349,-1.33163,65.53779,14.48147,14.45970,17.17724,19.41938
5771.62740,-0.70910,-1.30294,65.61986,14.52759,14.53239,17.20772,19.35216
5771.63740,-0.71244,-1.30455,65.63031,14.52759,14.53239,17.20772,19.36261
5771.64740,-0.70601,-1.30947,65.68312,14.54242,14.52677,17.22817,19.38576
5771.65740,-0.69423,-1.31145,65.71586,14.55659,14.52139,17.24772,19.39016
5771.66740,-0.68869,-1.31832,65.69007,14.53442,14.51235,17.26582,19.37749
5771.67740,-0.68253,-1.32764,65.69752,14.52181,14.50139,17.29137,19.38295
5771.68740,-0.68351,-1.32936,65.76486,14.54659,14.50139,17.29772,19.41916
5771.69740,-0.66586,-1.32746,65.75600,14.56000,14.48958,17.30681,19.39961
5771.70740,-0.60585,-1.32096,65.72586,14.60559,14.44939,17.33772,19.33316
