time_s,cop_x_cm,cop_y_cm,mass_kg,tr_kg,tl_kg,br_kg,bl_kg
6635.79900,-0.35669,-3.41286,62.95786,11.00559,11.04939,19.95472,20.94816
6635.80900,-0.37088,-3.39248,62.99986,11.02459,11.10139,19.93572,20.93816
6635.81900,-0.40761,-3.39337,63.00686,11.02459,11.10139,19.88572,20.99516
6635.82900,-0.40741,-3.39315,63.00768,11.02498,11.10190,19.88602,20.99478
6635.83900,-0.38751,-3.37102,63.08986,11.06459,11.15239,19.91572,20.95716
6635.84900,-0.38781,-3.37102,63.08984,11.06459,11.15239,19.91529,20.95758
6635.85900,-0.41706,-3.37080,63.08810,11.06459,11.15239,19.87181,20.99932
6635.86900,-0.44667,-3.37330,63.09305,11.04150,11.17029,19.85418,21.02709
6635.87900,-0.46536,-3.37516,63.09686,11.02459,11.18339,19.84572,21.04316
6635.88900,-0.40562,-3.34463,63.14871,11.15465,11.15615,19.82814,21.00977
6635.89900,-0.39176,-3.36813,63.05218,11.10375,11.10796,19.85186,20.98861
6635.90900,-0.39093,-3.37223,63.03686,11.09359,11.10139,19.85572,20.98616
6635.91900,-0.42339,-3.36165,63.21486,11.11359,11.17339,19.87572,21.05216
6635.92900,-0.42339,-3.36165,63.21486,11.11359,11.17339,19.87572,21.05216
6635.93900,-0.42433,-3.36374,63.19406,11.10852,11.16533,19.86922,21.05099
6635.94900,-0.42598,-3.37502,63.05135,11.07966,11.11269,19.82572,21.03328
6635.95900,-0.39476,-3.35661,63.02786,11.11359,11.12139,19.82572,20.96716
6635.96900,-0.39476,-3.35661,63.02786,11.11359,11.12139,19.82572,20.96716
6635.97900,-0.41310,-3.33737,63.05986,11.18259,11.11689,19.74572,21.01466
6635.98900,-0.38946,-3.34400,62.98016,11.18259,11.07039,19.74102,20.98616
6635.99900,-0.41177,-3.34191,62.95834,11.17313,11.07791,19.70733,20.99998
6636.00900,-0.46587,-3.34110,62.93486,11.14359,11.10139,19.64672,21.04316
6636.01900,-0.43837,-3.34398,62.98824,11.16724,11.08866,19.68918,21.04316
6636.02900,-0.42367,-3.31818,63.05973,11.24880,11.10372,19.66405,21.04316
6636.03900,-0.42470,-3.30908,63.07186,11.27059,11.11139,19.64672,21.04316
6636.04900,-0.42116,-3.30731,63.10398,11.26600,11.13230,19.67221,21.03347
6636.05900,-0.39539,-3.30400,63.00771,11.26159,11.11166,19.66692,20.96754
6636.06900,-0.37001,-3.30063,62.88634,11.26906,11.07039,19.63672,20.91016
6636.07900,-0.36369,-3.29108,62.87686,11.31177,11.05067,19.59854,20.91589
6636.08900,-0.36238,-3.28716,62.86486,11.32959,11.03939,19.57672,20.91916
6636.09900,-0.33811,-3.28394,62.88712,11.34639,11.03939,19.60612,20.89522
6636.10900,-0.30715,-3.27151,62.90816,11.37970,11.04785,19.62815,20.85246
6636.11900,-0.31689,-3.24079,62.87086,11.41859,11.08039,19.55672,20.81516
6636.12900,-0.27225,-3.21832,62.85588,11.49224,11.06333,19.54049,20.75982
6636.13900,-0.21529,-3.18610,62.83102,11.58687,11.04855,19.51624,20.67935
6636.14900,-0.24827,-3.18227,62.80886,11.53659,11.10139,19.50772,20.66316
6636.15900,-0.20228,-3.16371,62.76050,11.57502,11.09664,19.51204,20.57680
6636.16900,-0.14166,-3.13923,62.69686,11.62559,11.09039,19.51772,20.46316
6636.17900,-0.15259,-3.12262,62.76775,11.66027,11.12711,19.50242,20.47795
6636.18900,-0.14760,-3.09519,62.87753,11.72535,11.17755,19.49909,20.47555
6636.19900,-0.11734,-3.07265,62.95925,11.78764,11.20726,19.52137,20.44298
6636.20900,-0.11124,-3.05714,62.91490,11.78754,11.23396,19.50828,20.38512
6636.21900,-0.08902,-3.03379,62.82625,11.80625,11.24715,19.47772,20.29513
6636.22900,-0.04796,-3.02265,62.85586,11.88059,11.21439,19.47772,20.28316
6636.23900,-0.04796,-3.02265,62.85586,11.88059,11.21439,19.47772,20.28316
6636.24900,-0.08652,-3.00529,62.86986,11.85159,11.29639,19.45772,20.26416
6636.25900,-0.07210,-3.00659,62.84730,11.84565,11.29046,19.47335,20.23784
6636.26900,-0.03308,-3.01009,62.78634,11.82961,11.27441,19.51560,20.16672
6636.27900,-0.02731,-3.00134,62.81586,11.83159,11.30739,19.53672,20.14016
6636.28900,-0.02731,-3.00134,62.81586,11.83159,11.30739,19.53672,20.14016
6636.29900,-0.01152,-2.98050,62.76940,11.89059,11.28867,19.47742,20.11272
6636.30900,-0.03691,-2.99142,62.76411,11.88084,11.26639,19.44772,20.16916
6636.31900,-0.04763,-3.00724,62.72224,11.82956,11.25872,19.46257,20.17139
6636.32900,-0.04948,-3.03494,62.68386,11.76259,11.23539,19.50772,20.17816
6636.33900,-0.04948,-3.03494,62.68386,11.76259,11.23539,19.50772,20.17816
6636.34900,0.00821,-2.98912,62.77658,11.88059,11.27759,19.51960,20.09880
6636.35900,0.02091,-3.00428,62.91386,11.88059,11.28639,19.60672,20.14016
6636.36900,0.02654,-3.00170,62.89750,11.88544,11.28264,19.60187,20.12755
6636.37900,0.07150,-2.98550,62.78055,11.91422,11.25539,19.57972,20.03122
6636.38900,0.09818,-3.00249,62.79186,11.87159,11.25539,19.66672,19.99816
6636.39900,0.09818,-3.00249,62.79186,11.87159,11.25539,19.66672,19.99816
6636.40900,0.13804,-2.99989,62.85386,11.89059,11.26639,19.73672,19.96016
6636.41900,0.13899,-2.99975,62.85265,11.89175,11.26517,19.73632,19.95941
6636.42900,0.23425,-2.98574,62.73186,12.00859,11.14239,19.69672,19.88416
6636.43900,0.27428,-2.93328,62.88986,12.07759,11.27639,19.76572,19.77016
6636.44900,0.27428,-2.93328,62.88986,12.07759,11.27639,19.76572,19.77016
6636.45900,0.34102,-2.93760,62.76276,12.09378,11.20111,19.78191,19.68597
6636.46900,0.37767,-2.92611,62.70585,12.14028,11.16510,19.75958,19.64089
6636.47900,0.38076,-2.92426,62.70186,12.14659,11.16239,19.75572,19.63716
6636.48900,0.41350,-2.88214,62.76386,12.26459,11.18339,19.71672,19.59916
6636.49900,0.41350,-2.88214,62.76386,12.26459,11.18339,19.71672,19.59916
6636.50900,0.45147,-2.89079,62.65605,12.25677,11.12714,19.72453,19.54760
6636.51900,0.37234,-2.89924,62.84186,12.20559,11.22439,19.75572,19.65616
6636.52900,0.37234,-2.89924,62.84186,12.20559,11.22439,19.75572,19.65616
6636.53900,0.36693,-2.87748,62.94714,12.27048,11.25883,19.73652,19.68132
6636.54900,0.36418,-2.86641,63.00086,12.30359,11.27639,19.72672,19.69416
6636.55900,0.31973,-2.89941,62.94483,12.23635,11.23157,19.70086,19.77606
6636.56900,0.28383,-2.87727,63.20422,12.29355,11.33243,19.72286,19.85538
6636.57900,0.27960,-2.87324,63.24386,12.30359,11.34839,19.72672,19.86516
6636.58900,0.27960,-2.87324,63.24386,12.30359,11.34839,19.72672,19.86516
6636.59900,0.27960,-2.87324,63.24386,12.30359,11.34839,19.72672,19.86516
6636.60900,0.21938,-2.88670,63.13496,12.22054,11.35344,19.66682,19.89416
6636.61900,0.16803,-2.89220,63.10136,12.14884,11.39739,19.64672,19.90841
6636.62900,0.15091,-2.89358,63.08686,12.12659,11.41039,19.63672,19.91316
6636.63900,0.15091,-2.89358,63.08686,12.12659,11.41039,19.63672,19.91316
6636.64900,0.09737,-2.96203,62.95010,11.98201,11.31497,19.63460,20.01852
6636.65900,0.09031,-2.96735,62.98986,11.97959,11.31739,19.64672,20.04616
6636.66900,0.06710,-2.96266,62.99736,11.97209,11.34064,19.62422,20.06041
6636.67900,0.06912,-2.97065,63.03886,11.97709,11.32889,19.64297,20.08991
6636.68900,0.08210,-2.98338,63.09086,11.98709,11.30289,19.67797,20.12291
6636.69900,0.04035,-2.99684,63.13441,11.94568,11.32312,19.68036,20.18525
6636.70900,-0.00597,-3.01070,63.21206,11.92059,11.33839,19.67672,20.27636
6636.71900,-0.00346,-3.04499,63.15608,11.87148,11.27192,19.70152,20.31116
6636.72900,0.00406,-3.07696,63.04377,11.80526,11.20858,19.72253,20.30739
6636.73900,-0.00593,-3.07938,63.01586,11.78259,11.21439,19.71672,20.30216
6636.74900,-0.01270,-3.08157,63.04400,11.78259,11.21859,19.72092,20.32190
6636.75900,-0.04090,-3.09108,63.06016,11.75205,11.22873,19.71847,20.36092
6636.76900,-0.11354,-3.11606,62.97286,11.63459,11.24539,19.68672,20.40616
6636.77900,-0.09207,-3.11863,62.94388,11.63879,11.22355,19.69932,20.38222
6636.78900,-0.06238,-3.12219,62.90386,11.64459,11.19339,19.71672,20.34916
6636.79900,-0.06045,-3.12362,62.92860,11.65469,11.18834,19.72177,20.36380
6636.80900,-0.05032,-3.13983,62.98716,11.64191,11.17758,19.77846,20.38921
6636.81900,-0.04441,-3.15049,63.01186,11.62559,11.17339,19.81572,20.39716
6636.82900,-0.05088,-3.13969,63.03430,11.64292,11.19406,19.80016,20.39716
6636.83900,-0.07349,-3.10192,63.11286,11.70359,11.26639,19.74572,20.39716
6636.84900,-0.07559,-3.11826,63.06115,11.67053,11.23545,19.74996,20.40521
6636.85900,-0.07899,-3.14300,63.02147,11.62747,11.19570,19.76830,20.43000
6636.86900,-0.08101,-3.15238,63.13686,11.63459,11.20439,19.81572,20.48216
6636.87900,-0.06301,-3.14767,63.09784,11.65571,11.18220,19.80140,20.45853
6636.88900,-0.03438,-3.14018,63.03591,11.68923,11.14697,19.77867,20.42103
6636.89900,-0.02071,-3.15078,62.98086,11.63459,11.15239,19.82572,20.36816
6636.90900,-0.04239,-3.14833,63.00176,11.62897,11.17233,19.81024,20.39022
6636.91900,-0.13255,-3.13816,63.08886,11.60559,11.25539,19.74572,20.48216
6636.92900,-0.11300,-3.16146,63.03272,11.56685,11.20936,19.78502,20.47149
6636.93900,-0.12344,-3.17748,63.00572,11.52496,11.19723,19.79828,20.48525
6636.94900,-0.14197,-3.17588,63.01786,11.51659,11.21439,19.78572,20.50116
6636.95900,-0.12865,-3.16085,63.09951,11.56144,11.24060,19.80084,20.49662
6636.96900,-0.11003,-3.14397,63.16364,11.60559,11.26639,19.81572,20.47594
6636.97900,-0.10742,-3.15625,63.10721,11.56154,11.25600,19.83552,20.45416
6636.98900,-0.09037,-3.16058,63.06686,11.55609,11.23489,19.84572,20.43016
6636.99900,-0.06840,-3.14944,63.06186,11.59559,11.22439,19.83572,20.40616
6637.00900,-0.09920,-3.15645,63.02337,11.55321,11.23347,19.81410,20.42259
6637.01900,-0.14151,-3.17135,62.96635,11.48575,11.23918,19.79164,20.44978
6637.02900,-0.14591,-3.18488,62.95086,11.45759,11.22439,19.80572,20.46316
6637.03900,-0.15153,-3.18240,62.92443,11.45759,11.22170,19.78442,20.46073
6637.04900,-0.16811,-3.17770,62.88102,11.45175,11.22485,19.74462,20.45979
6637.05900,-0.17185,-3.18342,62.96148,11.43509,11.25474,19.79577,20.47588
6637.06900,-0.17330,-3.18565,62.99286,11.42859,11.26639,19.81572,20.48216
6637.07900,-0.18069,-3.18252,63.05486,11.40859,11.31739,19.85572,20.47316
6637.08900,-0.18069,-3.18252,63.05486,11.40859,11.31739,19.85572,20.47316
6637.09900,-0.19746,-3.16725,62.96286,11.44859,11.28639,19.74572,20.48216
6637.10900,-0.19157,-3.17980,62.86486,11.39859,11.26639,19.75572,20.44416
6637.11900,-0.19157,-3.17980,62.86486,11.39859,11.26639,19.75572,20.44416
6637.12900,-0.20882,-3.16956,62.96143,11.43859,11.28950,19.73848,20.49486
6637.13900,-0.26034,-3.17353,62.99361,11.42134,11.30739,19.69672,20.56816
6637.14900,-0.27836,-3.18370,62.94186,11.37209,11.30989,19.69422,20.56566
6637.15900,-0.27836,-3.17827,62.94186,11.37959,11.31739,19.68672,20.55816
6637.16900,-0.28798,-3.17546,62.95345,11.37959,11.32931,19.67844,20.56611
6637.17900,-0.32646,-3.16426,62.99981,11.37959,11.37700,19.64533,20.59790
6637.18900,-0.30365,-3.14950,62.97386,11.40859,11.37939,19.63672,20.54916
6637.19900,-0.30365,-3.14950,62.97386,11.40859,11.37939,19.63672,20.54916
6637.20900,-0.29976,-3.15226,63.06458,11.42539,11.38779,19.67032,20.58108
6637.21900,-0.29397,-3.17630,63.20686,11.42859,11.36939,19.74572,20.66316
6637.22900,-0.30917,-3.18640,63.16311,11.38484,11.36939,19.74572,20.66316
6637.23900,-0.31506,-3.17492,63.02986,11.37959,11.35839,19.67672,20.61516
6637.24900,-0.31506,-3.17492,63.02986,11.37959,11.35839,19.67672,20.61516
6637.25900,-0.32159,-3.21440,62.89236,11.26207,11.31739,19.71701,20.59588
6637.26900,-0.28523,-3.20326,62.94186,11.31059,11.31739,19.74572,20.56816
6637.27900,-0.28523,-3.20326,62.94186,11.31059,11.31739,19.74572,20.56816
6637.28900,-0.31646,-3.21795,62.69975,11.21355,11.28701,19.67809,20.52111
6637.29900,-0.31709,-3.21825,62.69486,11.21159,11.28639,19.67672,20.52016
6637.30900,-0.28651,-3.22552,62.66520,11.22147,11.24586,19.69649,20.50138
6637.31900,-0.24562,-3.24429,62.71862,11.19602,11.23884,19.80752,20.47625
6637.32900,-0.22436,-3.25410,62.74686,11.18259,11.23539,19.86572,20.46316
6637.33900,-0.18692,-3.22921,62.84420,11.25064,11.27071,19.90018,20.42267
6637.34900,-0.22798,-3.27376,62.94586,11.18505,11.24973,19.95646,20.55462
6637.35900,-0.23564,-3.28165,62.95986,11.17259,11.24539,19.96472,20.57716
6637.36900,-0.23177,-3.26480,62.98456,11.19500,11.27833,19.96015,20.55109
6637.37900,-0.22728,-3.24522,63.01329,11.22107,11.31663,19.95483,20.52077
6637.38900,-0.22050,-3.26731,63.00385,11.19157,11.28172,19.98952,20.54104
6637.39900,-0.21280,-3.29315,62.99235,11.15707,11.24072,20.02952,20.56504
6637.40900,-0.18219,-3.27514,63.09895,11.19653,11.28900,20.08745,20.52598
6637.41900,-0.19905,-3.28226,63.02507,11.14314,11.29639,20.07967,20.50586
6637.42900,-0.21228,-3.30104,63.02961,11.13109,11.25814,20.07472,20.56566
6637.43900,-0.21438,-3.30619,63.04086,11.13359,11.24539,20.07472,20.58716
6637.44900,-0.21823,-3.30032,62.97615,11.10349,11.26872,20.06720,20.53674
6637.45900,-0.21949,-3.29839,62.95486,11.09359,11.27639,20.06472,20.52016
6637.46900,-0.21624,-3.30657,62.93027,11.10104,11.23765,20.04982,20.54177
6637.47900,-0.21004,-3.31634,63.00139,11.10784,11.22907,20.08725,20.57723
6637.48900,-0.20317,-3.32575,63.10886,11.11359,11.23539,20.14472,20.61516
6637.49900,-0.23283,-3.33521,63.09563,11.07642,11.24169,20.13212,20.64540
6637.50900,-0.22004,-3.34538,63.01163,11.06719,11.19310,20.11842,20.63292
6637.51900,-0.20226,-3.34810,62.96686,11.07459,11.16239,20.11472,20.61516
6637.52900,-0.19781,-3.31595,62.99104,11.10577,11.22858,20.10199,20.55471
6637.53900,-0.19526,-3.29758,63.00486,11.12359,11.26639,20.09472,20.52016
6637.54900,-0.19068,-3.29716,62.98334,11.13102,11.25249,20.08329,20.51654
6637.55900,-0.19473,-3.31127,62.82306,11.10418,11.18349,20.02482,20.51056
6637.56900,-0.21882,-3.32754,62.75286,11.04459,11.17339,20.01472,20.52016
6637.57900,-0.24060,-3.32101,62.81671,11.04954,11.20903,20.00977,20.54837
6637.58900,-0.26304,-3.31709,62.87649,11.03814,11.25244,20.01814,20.56776
6637.59900,-0.26354,-3.32247,62.86586,11.00559,11.26639,20.04472,20.54916
6637.60900,-0.27981,-3.31245,62.86062,11.02699,11.27076,19.99711,20.56576
6637.61900,-0.30079,-3.29952,62.85386,11.05459,11.27639,19.93572,20.58716
6637.62900,-0.30079,-3.29952,62.85386,11.05459,11.27639,19.93572,20.58716
6637.63900,-0.26992,-3.34079,62.82472,10.99089,11.21602,20.02984,20.58797
6637.64900,-0.29778,-3.36809,62.90786,10.95659,11.20439,20.06472,20.68216
6637.65900,-0.30452,-3.35146,62.92668,10.98220,11.23131,20.03858,20.67458
6637.66900,-0.32130,-3.30656,62.96665,11.04066,11.31096,19.97543,20.63959
6637.67900,-0.31722,-3.31025,62.94286,11.01559,11.31739,19.99472,20.61516
6637.68900,-0.31104,-3.32066,62.88813,10.99391,11.29094,19.99839,20.60487
6637.69900,-0.30039,-3.33862,62.79386,10.95659,11.24539,20.00472,20.58716
6637.70900,-0.29887,-3.33690,62.77912,10.96118,11.24032,19.99506,20.58257
6637.71900,-0.29467,-3.33213,62.73818,10.97393,11.22623,19.96821,20.56982
6637.72900,-0.36131,-3.32320,62.93086,10.96559,11.32739,19.97472,20.66316
6637.73900,-0.35679,-3.32095,62.93556,10.96559,11.33527,19.98361,20.65110
6637.74900,-0.33794,-3.31158,62.95514,10.96559,11.36807,20.02065,20.60083
6637.75900,-0.32195,-3.30009,62.98554,10.98326,11.39293,20.04118,20.56816
6637.76900,-0.31295,-3.28889,63.00119,11.01054,11.40217,20.03472,20.55377
6637.77900,-0.30651,-3.28497,62.95186,10.99559,11.41039,20.03472,20.51116
6637.78900,-0.30045,-3.28523,62.92354,10.99816,11.39701,20.02700,20.50138
6637.79900,-0.28173,-3.28978,62.87886,11.00559,11.36114,20.02472,20.48741
6637.80900,-0.27814,-3.30108,62.98986,11.00559,11.36939,20.08472,20.53016
6637.81900,-0.28301,-3.29868,62.98122,11.00559,11.37297,20.07338,20.52929
6637.82900,-0.32049,-3.28015,62.91478,11.00559,11.40049,19.98613,20.52258
6637.83900,-0.31090,-3.29298,62.87402,10.98032,11.37587,20.00525,20.51258
6637.84900,-0.30625,-3.29639,62.87085,10.97637,11.36927,20.01438,20.51083
6637.85900,-0.27936,-3.27547,62.86986,11.04459,11.35839,19.98472,20.48216
6637.86900,-0.27936,-3.27547,62.86986,11.04459,11.35839,19.98472,20.48216
6637.87900,-0.29579,-3.27298,62.86076,11.02405,11.38257,19.97692,20.47722
6637.88900,-0.33431,-3.27096,62.83666,10.96816,11.43543,19.96502,20.46805
6637.89900,-0.31049,-3.28564,62.84186,10.97559,11.38939,19.99472,20.48216
6637.90900,-0.33724,-3.26224,62.95543,10.98413,11.48589,20.00326,20.48216
6637.91900,-0.31291,-3.29441,62.90986,10.97559,11.38939,20.02472,20.52016
6637.92900,-0.31291,-3.29441,62.90986,10.97559,11.38939,20.02472,20.52016
6637.93900,-0.28358,-3.26995,63.00386,11.02459,11.44139,20.06472,20.47316
6637.94900,-0.28358,-3.26995,63.00386,11.02459,11.44139,20.06472,20.47316
6637.95900,-0.21962,-3.25367,63.01786,11.07459,11.44139,20.11472,20.38716
6637.96900,-0.22159,-3.26509,63.04186,11.09359,11.39939,20.10472,20.44416
6637.97900,-0.22159,-3.26509,63.04186,11.09359,11.39939,20.10472,20.44416
6637.98900,-0.22159,-3.26197,63.04186,11.11083,11.39077,20.08748,20.45278
6637.99900,-0.22150,-3.26142,63.04061,11.11320,11.38949,20.08462,20.45330
6638.00900,-0.21278,-3.25590,62.91618,11.07419,11.39929,20.07472,20.36797
6638.01900,-0.21676,-3.26501,62.84786,11.03459,11.38939,20.07472,20.34916
6638.02900,-0.21656,-3.26489,62.84820,11.03498,11.38946,20.07479,20.34897
6638.03900,-0.19648,-3.25261,62.88220,11.07431,11.39613,20.08145,20.33031
6638.04900,-0.17036,-3.26136,62.73857,11.05392,11.34111,20.06853,20.27502
6638.05900,-0.16641,-3.26484,62.70081,11.04452,11.32747,20.06492,20.26391
6638.06900,-0.15560,-3.26399,62.69615,11.03785,11.33480,20.08492,20.23857
6638.07900,-0.15030,-3.26357,62.69386,11.03459,11.33839,20.09472,20.22616
6638.08900,-0.16668,-3.26920,62.75921,11.05201,11.32881,20.08601,20.29238
6638.09900,-0.14677,-3.27908,62.75960,11.05459,11.29916,20.11249,20.29337
6638.10900,-0.12110,-3.28950,62.74897,11.05459,11.26672,20.14440,20.28326
6638.11900,-0.09025,-3.29408,62.72972,11.08069,11.22115,20.15342,20.27446
6638.12900,-0.10350,-3.31583,62.84866,11.02456,11.25963,20.24955,20.31492
6638.13900,-0.10615,-3.31897,62.86686,11.01559,11.26639,20.26372,20.32116
6638.14900,-0.07428,-3.28795,62.96083,11.11731,11.28363,20.25510,20.30478
6638.15900,-0.06919,-3.28299,62.97586,11.13359,11.28639,20.25372,20.30216
6638.16900,-0.06947,-3.28875,62.96115,11.12059,11.27825,20.25897,20.30334
6638.17900,-0.06845,-3.32539,62.87764,11.03903,11.22906,20.30039,20.30916
6638.18900,-0.05823,-3.32002,62.92586,11.05459,11.24539,20.32372,20.30216
6638.19900,-0.01061,-3.28922,62.88549,11.12524,11.24539,20.30209,20.21276
6638.20900,-0.00421,-3.29763,62.77106,11.10091,11.20587,20.27852,20.18576
6638.21900,-0.00802,-3.30406,62.73986,11.08459,11.19339,20.27372,20.18816
6638.22900,0.00403,-3.28487,62.86906,11.13627,11.24051,20.30412,20.18816
6638.23900,0.00783,-3.27883,62.90986,11.15259,11.25539,20.31372,20.18816
6638.24900,-0.03743,-3.27721,62.90610,11.10374,11.30737,20.29493,20.20006
6638.25900,-0.03360,-3.29414,62.94895,11.09867,11.28095,20.32696,20.24237
6638.26900,-0.01452,-3.30521,62.97686,11.11359,11.24539,20.35372,20.26416
6638.27900,0.00477,-3.29163,62.91958,11.13662,11.23949,20.33010,20.21338
6638.28900,0.01043,-3.29772,62.95081,11.12894,11.24146,20.36162,20.21879
6638.29900,0.00541,-3.30778,62.99686,11.11359,11.24539,20.39272,20.24516
6638.30900,0.01183,-3.30849,62.97820,11.11359,11.23680,20.39272,20.23510
6638.31900,0.03605,-3.31119,62.90786,11.11359,11.20439,20.39272,20.19716
6638.32900,0.03288,-3.30059,62.88350,11.12997,11.20859,20.35954,20.18540
6638.33900,0.02884,-3.29012,62.89381,11.15671,11.21439,20.33209,20.19062
6638.34900,0.03013,-3.30612,63.06286,11.17259,11.21439,20.40272,20.27316
6638.35900,0.03013,-3.30612,63.06286,11.17259,11.21439,20.40272,20.27316
6638.36900,0.02852,-3.31815,62.86290,11.10449,11.17834,20.36837,20.21171
6638.37900,0.04706,-3.31258,62.91586,11.14359,11.17339,20.38272,20.21616
6638.38900,0.03776,-3.32185,62.91868,11.12343,11.16896,20.39078,20.23551
6638.39900,0.02400,-3.33558,62.92286,11.09359,11.16239,20.40272,20.26416
6638.40900,0.03683,-3.33725,62.89398,11.09017,11.15099,20.41032,20.24250
6638.41900,0.04250,-3.34398,62.84611,11.06577,11.13992,20.41896,20.22146
6638.42900,0.01714,-3.35060,62.84486,11.03459,11.15239,20.41272,20.24516
6638.43900,0.01714,-3.35060,62.84486,11.03459,11.15239,20.41272,20.24516
6638.44900,0.02918,-3.33773,62.85948,11.05979,11.16785,20.41232,20.21952
6638.45900,-0.00318,-3.33498,62.92386,11.07459,11.18339,20.38272,20.28316
6638.46900,-0.00318,-3.33498,62.92386,11.07459,11.18339,20.38272,20.28316
6638.47900,0.01366,-3.32275,62.98395,11.11902,11.19400,20.39282,20.27811
6638.48900,0.03014,-3.31079,63.04286,11.16259,11.20439,20.40272,20.27316
6638.49900,0.02365,-3.33066,62.94386,11.10359,11.17339,20.40272,20.26416
6638.50900,-0.03441,-3.32790,63.07486,11.06459,11.26639,20.42272,20.32116
6638.51900,-0.03045,-3.33148,63.03264,11.05442,11.25172,20.41757,20.30893
6638.52900,-0.00480,-3.35617,62.75693,10.98623,11.15438,20.38529,20.23104
6638.53900,-0.01529,-3.35896,62.84089,10.99158,11.17096,20.40668,20.27168
6638.54900,-0.03066,-3.35788,62.91296,10.99819,11.19275,20.41375,20.30827
6638.55900,-0.08088,-3.33668,62.97386,11.01559,11.25539,20.35372,20.34916
6638.56900,-0.07676,-3.33819,62.97593,11.01790,11.24965,20.35843,20.34996
6638.57900,-0.04511,-3.34978,62.99188,11.03569,11.20548,20.39462,20.35609
6638.58900,-0.11405,-3.36643,63.07086,10.94659,11.27639,20.42272,20.42516
6638.59900,-0.11405,-3.36643,63.07086,10.94659,11.27639,20.42272,20.42516
6638.60900,-0.09476,-3.33565,63.11286,11.01559,11.30739,20.40272,20.38716
6638.61900,-0.13264,-3.33021,63.19990,11.01047,11.35839,20.39587,20.43516
6638.62900,-0.16440,-3.33265,63.10790,10.97114,11.35839,20.34321,20.43516
6638.63900,-0.14834,-3.32615,62.79286,10.89759,11.33839,20.28372,20.27316
6638.64900,-0.15206,-3.32328,62.78424,10.89831,11.34250,20.27333,20.27010
6638.65900,-0.18305,-3.29939,62.71243,10.90435,11.37673,20.18675,20.24460
6638.66900,-0.23746,-3.32401,62.75086,10.84759,11.37939,20.18372,20.34016
6638.67900,-0.24266,-3.32327,62.75753,10.84845,11.38295,20.17861,20.34753
6638.68900,-0.28268,-3.31752,62.80887,10.85512,11.41028,20.13927,20.40419
6638.69900,-0.29747,-3.31540,62.82786,10.85759,11.42039,20.12472,20.42516
6638.70900,-0.29109,-3.33294,62.82544,10.84952,11.37926,20.14085,20.45581
6638.71900,-0.34652,-3.31812,62.99286,10.86759,11.46139,20.12472,20.53916
6638.72900,-0.34652,-3.31812,62.99286,10.86759,11.46139,20.12472,20.53916
6638.73900,-0.33009,-3.30285,63.04586,10.89759,11.49239,20.14472,20.51116
6638.74900,-0.33863,-3.30197,63.05704,10.89325,11.50314,20.14212,20.51853
6638.75900,-0.40423,-3.29519,63.14304,10.85992,11.58581,20.12212,20.57519
6638.76900,-0.40593,-3.35019,63.10786,10.78859,11.49239,20.17372,20.65316
6638.77900,-0.41349,-3.34950,63.08845,10.78009,11.49595,20.16167,20.65073
6638.78900,-0.47180,-3.34416,62.93911,10.71476,11.52328,20.06901,20.63207
6638.79900,-0.51967,-3.33018,62.95986,10.73959,11.54439,19.98472,20.69116
6638.80900,-0.52572,-3.33267,62.95317,10.73035,11.54439,19.98189,20.69653
6638.81900,-0.57229,-3.35181,62.90172,10.65934,11.54439,19.96015,20.73783
6638.82900,-0.58395,-3.35660,62.88886,10.64159,11.54439,19.95472,20.74816
6638.83900,-0.61314,-3.36374,62.81494,10.64159,11.49863,19.87640,20.79832
6638.84900,-0.66307,-3.33053,62.79586,10.68059,11.54439,19.75572,20.81516
6638.85900,-0.66307,-3.33053,62.79586,10.68059,11.54439,19.75572,20.81516
6638.86900,-0.66307,-3.33053,62.79586,10.68059,11.54439,19.75572,20.81516
6638.87900,-0.67302,-3.32857,62.79385,10.67612,11.55355,19.74478,20.81940
6638.88900,-0.70121,-3.32903,62.78662,10.66030,11.56552,19.71622,20.84458
6638.89900,-0.81364,-3.32115,62.96286,10.63159,11.67839,19.66672,20.98616
6638.90900,-0.81364,-3.32115,62.96286,10.63159,11.67839,19.66672,20.98616
6638.91900,-0.80539,-3.33056,62.95033,10.61965,11.65989,19.68462,20.98616
6638.92900,-0.79990,-3.34546,63.02557,10.62498,11.64003,19.72351,21.03705
6638.93900,-0.79994,-3.34966,63.06686,10.63159,11.63639,19.73672,21.06216
6638.94900,-0.82460,-3.33336,63.04985,10.63159,11.67545,19.69262,21.05019
6638.95900,-0.89396,-3.32506,63.07208,10.61727,11.72059,19.61661,21.11761
6638.96900,-0.91571,-3.32557,63.08486,10.61159,11.72939,19.59672,21.14716
6638.97900,-0.89660,-3.31176,63.02678,10.62919,11.72939,19.57912,21.08908
6638.98900,-0.89400,-3.30988,63.01886,10.63159,11.72939,19.57672,21.08116
6638.99900,-0.90893,-3.32051,62.91971,10.59697,11.69947,19.54211,21.08116
6639.00900,-0.95258,-3.34980,62.76361,10.51348,11.64703,19.48756,21.11554
6639.01900,-0.97440,-3.36416,62.70686,10.47459,11.62639,19.46772,21.13816
6639.02900,-0.98708,-3.34385,62.83911,10.49923,11.70434,19.48783,21.14771
6639.03900,-0.99956,-3.32386,62.96986,10.52359,11.78139,19.50772,21.15716
6639.04900,-0.97892,-3.35205,62.91799,10.51776,11.69106,19.51879,21.19038
6639.05900,-0.98810,-3.36887,63.02886,10.51359,11.68786,19.56253,21.26489
6639.06900,-1.00424,-3.36659,63.12886,10.51359,11.72939,19.58672,21.29916
6639.07900,-0.98021,-3.37471,63.10317,10.53636,11.67509,19.58672,21.30500
6639.08900,-0.97098,-3.38656,62.99476,10.51643,11.62414,19.56833,21.28587
6639.09900,-0.97598,-3.39039,62.93786,10.49359,11.61639,19.55672,21.27116
6639.10900,-0.94349,-3.36585,63.03287,10.56290,11.64832,19.58008,21.24157
6639.11900,-0.93427,-3.35889,63.05986,10.58259,11.65739,19.58672,21.23316
6639.12900,-0.93434,-3.35377,63.10496,10.57543,11.69462,19.61536,21.21956
6639.13900,-0.91519,-3.35782,63.03182,10.55694,11.67610,19.62672,21.17205
6639.14900,-0.88954,-3.36594,62.91043,10.53609,11.63172,19.62672,21.11590
6639.15900,-0.88093,-3.35182,62.90718,10.56472,11.64090,19.60903,21.09253
6639.16900,-0.87358,-3.33171,62.92228,10.60623,11.66024,19.58545,21.07036
6639.17900,-0.81272,-3.33285,62.98993,10.66124,11.62601,19.65143,21.05124
6639.18900,-0.78571,-3.33617,62.99386,10.66886,11.61060,19.68500,21.02940
6639.19900,-0.79179,-3.33502,62.97786,10.66059,11.61639,19.67672,21.02416
6639.20900,-0.79179,-3.33502,62.97786,10.66059,11.61639,19.67672,21.02416
6639.21900,-0.76829,-3.34943,62.89073,10.64403,11.56237,19.68543,20.99889
6639.22900,-0.69347,-3.33657,62.88727,10.71056,11.53010,19.72591,20.92070
6639.23900,-0.67379,-3.33244,62.88986,10.72959,11.52339,19.73672,20.90016
6639.24900,-0.62865,-3.34957,62.91225,10.72959,11.48402,19.81314,20.88549
6639.25900,-0.61532,-3.35464,62.91886,10.72959,11.47239,19.83572,20.88116
6639.26900,-0.58626,-3.34866,62.92147,10.74699,11.47239,19.86182,20.84027
6639.27900,-0.54645,-3.35118,62.86966,10.75829,11.43585,19.88312,20.79240
6639.28900,-0.53203,-3.34347,62.86358,10.77079,11.44246,19.88859,20.76173
6639.29900,-0.48302,-3.31987,62.87693,10.81975,11.46333,19.91731,20.67655
6639.30900,-0.44831,-3.31563,62.88886,10.84759,11.45139,19.94572,20.64416
6639.31900,-0.41889,-3.31913,62.91186,10.87709,11.42039,19.97022,20.64416
6639.32900,-0.38950,-3.32263,62.93486,10.90659,11.38939,19.99472,20.64416
6639.33900,-0.38950,-3.32263,62.93486,10.90659,11.38939,19.99472,20.64416
6639.34900,-0.38636,-3.34761,62.87463,10.82455,11.38119,20.05174,20.61715
6639.35900,-0.35587,-3.34834,62.79886,10.83859,11.33839,20.04472,20.57716
6639.36900,-0.35051,-3.34217,62.78248,10.84405,11.34414,20.03897,20.55532
6639.37900,-0.32632,-3.32540,62.79392,10.88761,11.35079,20.03612,20.51940
6639.38900,-0.30859,-3.32305,62.87886,10.93659,11.33839,20.05472,20.54916
6639.39900,-0.30078,-3.31919,62.87384,10.94250,11.34135,20.05767,20.53232
6639.40900,-0.28215,-3.30998,62.86186,10.95659,11.34839,20.06472,20.49216
6639.41900,-0.28215,-3.30998,62.86186,10.95659,11.34839,20.06472,20.49216
6639.42900,-0.22450,-3.30468,62.92460,11.00846,11.33343,20.12759,20.45511
6639.43900,-0.21784,-3.29786,62.93386,11.01559,11.34839,20.13472,20.43516
6639.44900,-0.21784,-3.29786,62.93386,11.01559,11.34839,20.13472,20.43516
6639.45900,-0.21686,-3.30412,62.84682,10.99613,11.31967,20.11252,20.41850
6639.46900,-0.17292,-3.30663,62.88086,11.05459,11.26639,20.13472,20.42516
6639.47900,-0.18039,-3.30522,62.87211,11.03682,11.28493,20.13729,20.41306
6639.48900,-0.20196,-3.30116,62.84686,10.98559,11.33839,20.14472,20.37816
6639.49900,-0.18526,-3.30363,62.83923,10.99581,11.31863,20.15495,20.36984
6639.50900,-0.12100,-3.31316,62.80990,11.03515,11.24263,20.19428,20.33784
6639.51900,-0.11481,-3.33312,63.03086,11.03459,11.26639,20.31372,20.41616
6639.52900,-0.11680,-3.32783,63.00899,11.03975,11.26812,20.29478,20.40635
6639.53900,-0.12448,-3.30744,62.92489,11.05962,11.27474,20.22193,20.36860
6639.54900,-0.05441,-3.30831,62.97286,11.11359,11.23539,20.29372,20.33016
6639.55900,-0.04692,-3.30782,62.97611,11.11359,11.23789,20.30622,20.31841
6639.56900,-0.02449,-3.30636,62.98586,11.11359,11.24539,20.34372,20.28316
6639.57900,-0.02449,-3.30636,62.98586,11.11359,11.24539,20.34372,20.28316
6639.58900,-0.01348,-3.31399,63.01286,11.13309,11.21439,20.35372,20.31166
6639.59900,0.00902,-3.32204,63.01636,11.13809,11.18839,20.38322,20.30666
6639.60900,0.02054,-3.32246,62.99286,11.12359,11.19339,20.40272,20.27316
6639.61900,0.02243,-3.32150,63.02670,11.14833,11.18329,20.39767,20.29740
6639.62900,0.03785,-3.32272,62.99119,11.15289,11.16279,20.39777,20.27773
6639.63900,0.05118,-3.32484,62.92386,11.13359,11.15239,20.40272,20.23516
6639.64900,0.04296,-3.34739,62.83750,11.09890,11.09435,20.38219,20.26206
6639.65900,0.03956,-3.35671,62.80186,11.08459,11.07039,20.37372,20.27316
6639.66900,-0.02419,-3.35612,62.76923,11.05493,11.09017,20.29463,20.32951
6639.67900,-0.03502,-3.36454,62.83747,11.02518,11.12078,20.34273,20.34878
6639.68900,-0.03523,-3.36471,62.83886,11.02459,11.12139,20.34372,20.34916
6639.69900,-0.00902,-3.35771,62.71143,11.01662,11.10369,20.32602,20.26509
6639.70900,-0.01341,-3.39478,62.93312,11.00570,11.09052,20.44137,20.39554
6639.71900,-0.01350,-3.39521,62.93586,11.00559,11.09039,20.44272,20.39716
6639.72900,-0.01990,-3.41200,62.99586,10.96625,11.10439,20.50272,20.42249
6639.73900,-0.02310,-3.42039,63.02586,10.94659,11.11139,20.53272,20.43516
6639.74900,-0.03690,-3.43296,62.92786,10.88759,11.10139,20.52272,20.41616
6639.75900,-0.02614,-3.46284,62.86986,10.86759,11.01873,20.52939,20.45416
6639.76900,-0.02076,-3.47781,62.84086,10.85759,10.97739,20.53272,20.47316
6639.77900,-0.02073,-3.47040,62.92400,10.89211,10.99219,20.53977,20.49993
6639.78900,-0.02072,-3.46730,62.95886,10.90659,10.99839,20.54272,20.51116
6639.79900,-0.06606,-3.46653,62.91446,10.87033,11.02133,20.49092,20.53188
6639.80900,-0.10551,-3.46898,62.84953,10.80740,11.05491,20.46421,20.52300
6639.81900,-0.10964,-3.46946,62.84086,10.79859,11.05939,20.46272,20.52016
6639.82900,-0.12939,-3.48998,62.86727,10.79082,11.01978,20.45495,20.60172
6639.83900,-0.14002,-3.50995,62.89105,10.76387,10.99987,20.47829,20.64902
6639.84900,-0.14088,-3.51239,62.89386,10.75959,10.99839,20.48272,20.65316
6639.85900,-0.12334,-3.50798,63.01276,10.81965,10.99165,20.50724,20.69422
6639.86900,-0.11230,-3.50521,63.08786,10.85759,10.98739,20.52272,20.72016
6639.87900,-0.14391,-3.50861,62.99916,10.80267,11.00218,20.48752,20.70678
6639.88900,-0.14398,-3.51400,63.05135,10.81467,10.99336,20.50136,20.74197
6639.89900,-0.13873,-3.51556,63.08686,10.82859,10.98739,20.51272,20.75816
6639.90900,-0.15551,-3.49439,62.98302,10.84288,10.99567,20.42242,20.72204
6639.91900,-0.16525,-3.47448,62.91736,10.81834,11.05239,20.40022,20.64641
6639.92900,-0.16666,-3.47017,62.90686,10.80859,11.07039,20.40272,20.62516
6639.93900,-0.14627,-3.45052,63.02304,10.88851,11.08519,20.41012,20.63922
6639.94900,-0.13912,-3.44363,63.06386,10.91659,11.09039,20.41272,20.64416
6639.95900,-0.13912,-3.44363,63.06386,10.91659,11.09039,20.41272,20.64416
6639.96900,-0.17613,-3.44202,63.04913,10.88832,11.11798,20.37979,20.66304
6639.97900,-0.18972,-3.44415,63.13386,10.87759,11.15239,20.41272,20.69116
6639.98900,-0.18972,-3.44415,63.13386,10.87759,11.15239,20.41272,20.69116
6639.99900,-0.19328,-3.43242,63.04091,10.88627,11.14371,20.35278,20.65815
6640.00900,-0.20174,-3.45548,63.04839,10.85313,11.11569,20.37731,20.70226
6640.01900,-0.21062,-3.46082,63.04020,10.83075,11.12046,20.38272,20.70627
6640.02900,-0.22062,-3.46259,63.02486,10.80859,11.13239,20.38272,20.70116
6640.03900,-0.19619,-3.47410,62.95408,10.81849,11.06607,20.37332,20.69621
6640.04900,-0.18506,-3.49111,62.85286,10.79409,11.00839,20.36372,20.68666
6640.05900,-0.19893,-3.49635,62.82386,10.75959,11.01839,20.36372,20.68216
6640.06900,-0.19893,-3.49635,62.82386,10.75959,11.01839,20.36372,20.68216
6640.07900,-0.21972,-3.44363,62.94827,10.85525,11.11139,20.29947,20.68216
6640.08900,-0.22751,-3.44684,62.92586,10.83859,11.11139,20.29372,20.68216
6640.09900,-0.22751,-3.44684,62.92586,10.83859,11.11139,20.29372,20.68216
6640.10900,-0.22533,-3.45240,62.86086,10.77959,11.13239,20.32372,20.62516
6640.11900,-0.22258,-3.43984,62.91858,10.82325,11.14349,20.31262,20.63922
6640.12900,-0.22440,-3.42577,62.92343,10.87180,11.13548,20.26382,20.65232
6640.13900,-0.23533,-3.43795,62.76686,10.82859,11.09039,20.21372,20.63416
6640.14900,-0.23743,-3.41848,62.83298,10.85823,11.13751,20.21372,20.62352
6640.15900,-0.23851,-3.40161,62.91958,10.88683,11.18577,20.22639,20.62060
6640.16900,-0.23229,-3.44067,62.86358,10.83483,11.11043,20.25972,20.65860
6640.17900,-0.22950,-3.44132,62.87353,10.84267,11.10427,20.26085,20.66575
6640.18900,-0.22445,-3.43131,62.91486,10.87759,11.11139,20.25372,20.67216
6640.19900,-0.22851,-3.42875,62.90727,10.87345,11.11995,20.24820,20.66568
6640.20900,-0.25021,-3.41673,62.90588,10.86435,11.16175,20.22508,20.65471
6640.21900,-0.24090,-3.42675,63.02186,10.90659,11.13239,20.25372,20.72916
6640.22900,-0.24090,-3.42675,63.02186,10.90659,11.13239,20.25372,20.72916
6640.23900,-0.23180,-3.39908,62.97486,10.94659,11.15239,20.20372,20.67216
6640.24900,-0.24035,-3.39743,62.96442,10.92898,11.17089,20.20372,20.66082
6640.25900,-0.26755,-3.39260,62.93705,10.88463,11.21897,20.19500,20.63844
6640.26900,-0.30838,-3.38714,62.92086,10.86759,11.24539,20.14472,20.66316
6640.27900,-0.29841,-3.38802,62.91208,10.87275,11.23472,20.14971,20.65490
6640.28900,-0.26004,-3.39140,62.87830,10.89262,11.19366,20.16892,20.62311
6640.29900,-0.26429,-3.39695,62.84986,10.86759,11.19339,20.17372,20.61516
6640.30900,-0.26429,-3.39695,62.84986,10.86759,11.19339,20.17372,20.61516
6640.31900,-0.28429,-3.37632,62.88679,10.88463,11.24623,20.14588,20.61005
6640.32900,-0.29947,-3.36065,62.91486,10.89759,11.28639,20.12472,20.60616
6640.33900,-0.28494,-3.37591,62.82250,10.87312,11.23624,20.12472,20.58842
6640.34900,-0.24287,-3.39338,62.87892,10.91335,11.16769,20.17343,20.62445
6640.35900,-0.22922,-3.39660,62.92686,10.93659,11.15239,20.19372,20.64416
6640.36900,-0.24642,-3.37752,62.91440,10.92880,11.20846,20.17036,20.60678
6640.37900,-0.28680,-3.38930,62.88161,10.86059,11.23264,20.16372,20.62466
6640.38900,-0.28771,-3.39697,62.87877,10.84574,11.22533,20.17584,20.63186
6640.39900,-0.20857,-3.41099,62.92886,10.89759,11.15239,20.26372,20.61516
6640.40900,-0.20857,-3.41099,62.92886,10.89759,11.15239,20.26372,20.61516
6640.41900,-0.23181,-3.39204,62.81626,10.88872,11.17399,20.18312,20.57043
6640.42900,-0.23839,-3.39042,62.84462,10.89817,11.17897,20.17815,20.58933
6640.43900,-0.24424,-3.38898,62.86986,10.90659,11.18339,20.17372,20.60616
6640.44900,-0.24424,-3.38898,62.86986,10.90659,11.18339,20.17372,20.60616
6640.45900,-0.22859,-3.37744,62.87225,10.92252,11.20013,20.18169,20.56792
6640.46900,-0.22002,-3.38356,63.00086,10.92659,11.22439,20.25372,20.59616
6640.47900,-0.19929,-3.39409,62.81886,10.93659,11.12139,20.18372,20.57716
6640.48900,-0.19929,-3.39409,62.81886,10.93659,11.12139,20.18372,20.57716
6640.49900,-0.19560,-3.37801,62.67094,10.91079,11.13945,20.14158,20.47912
6640.50900,-0.25473,-3.40466,62.74373,10.80971,11.19281,20.19304,20.54817
6640.51900,-0.25542,-3.40500,62.74486,10.80859,11.19339,20.19372,20.54916
6640.52900,-0.21792,-3.37605,62.76149,10.90204,11.18547,20.16283,20.51114
6640.53900,-0.16157,-3.37948,62.89474,10.97564,11.14930,20.23703,20.53276
6640.54900,-0.15217,-3.38171,62.92086,10.98559,11.14239,20.25372,20.53916
6640.55900,-0.17514,-3.38658,62.90014,10.94193,11.16533,20.25372,20.53916
6640.56900,-0.18322,-3.38829,62.89286,10.92659,11.17339,20.25372,20.53916
6640.57900,-0.16815,-3.39051,62.88340,10.94379,11.14673,20.25372,20.53916
6640.58900,-0.15670,-3.38353,63.04440,10.98013,11.18625,20.31392,20.56410
6640.59900,-0.15524,-3.38234,63.07086,10.98559,11.19339,20.32372,20.56816
6640.60900,-0.18108,-3.36144,63.01296,10.98559,11.23079,20.25737,20.53921
6640.61900,-0.19811,-3.34767,62.97486,10.98559,11.25539,20.21372,20.52016
6640.62900,-0.20937,-3.36085,62.93822,10.96515,11.22651,20.19963,20.54693
6640.63900,-0.22618,-3.36717,62.85574,10.93938,11.20579,20.16016,20.55042
6640.64900,-0.22814,-3.36729,62.84486,10.93659,11.20439,20.15472,20.54916
6640.65900,-0.19785,-3.36043,62.80309,10.97180,11.17336,20.14278,20.51514
6640.66900,-0.19374,-3.35537,62.99134,11.02883,11.19671,20.18500,20.58080
6640.67900,-0.19656,-3.35529,63.02886,11.03459,11.20439,20.19372,20.59616
6640.68900,-0.19656,-3.35529,63.02886,11.03459,11.20439,20.19372,20.59616
6640.69900,-0.16777,-3.40075,62.98629,10.98607,11.11231,20.26303,20.62487
6640.70900,-0.16748,-3.40120,62.98586,10.98559,11.11139,20.26372,20.62516
6640.71900,-0.14935,-3.39544,63.09828,10.99449,11.15788,20.33702,20.60889
6640.72900,-0.11344,-3.40304,63.02886,10.98559,11.12139,20.36372,20.55816
6640.73900,-0.11944,-3.40073,63.03830,10.98828,11.12840,20.35698,20.56463
6640.74900,-0.15377,-3.38305,63.09233,11.01460,11.16997,20.30750,20.60025
6640.75900,-0.14458,-3.37672,63.07786,11.03459,11.16239,20.29372,20.58716
6640.76900,-0.15426,-3.38600,63.08277,11.02292,11.15012,20.29372,20.61601
6640.77900,-0.16035,-3.39184,63.08586,11.01559,11.14239,20.29372,20.63416
6640.78900,-0.14769,-3.41497,62.95166,10.97350,11.07346,20.28762,20.61708
6640.79900,-0.14980,-3.42276,62.93109,10.95806,11.06020,20.28976,20.62307
6640.80900,-0.15651,-3.41814,62.97386,10.96559,11.08039,20.29372,20.63416
6640.81900,-0.14299,-3.40595,62.98292,10.97767,11.10516,20.30580,20.59430
6640.82900,-0.14771,-3.40570,62.95479,10.96373,11.10991,20.29891,20.58223
6640.83900,-0.17036,-3.41863,62.89800,10.92732,11.09078,20.27421,20.60569
6640.84900,-0.15832,-3.41745,62.93986,10.96109,11.07489,20.27872,20.62516
6640.85900,-0.14583,-3.41603,62.98286,10.99559,11.05939,20.28372,20.64416
6640.86900,-0.13638,-3.40498,62.99364,11.01470,11.07458,20.28372,20.62064
6640.87900,-0.13674,-3.38452,63.03475,11.04929,11.11097,20.26902,20.60547
6640.88900,-0.14736,-3.37520,63.06586,11.06459,11.13239,20.25372,20.61516
6640.89900,-0.15975,-3.35668,63.07625,11.07664,11.17521,20.22878,20.59562
6640.90900,-0.19611,-3.35058,63.04092,11.04607,11.21018,20.18887,20.59580
6640.91900,-0.21628,-3.37177,62.98786,10.99559,11.18339,20.18372,20.62516
6640.92900,-0.21628,-3.37177,62.98786,10.99559,11.18339,20.18372,20.62516
6640.93900,-0.16552,-3.34768,63.07686,11.09359,11.18339,20.20372,20.59616
6640.94900,-0.16284,-3.35495,63.06246,11.08315,11.16863,20.21092,20.59976
6640.95900,-0.17144,-3.36603,63.03254,11.06099,11.14959,20.20572,20.61624
6640.96900,-0.19520,-3.36274,63.02486,11.05459,11.16239,20.17372,20.63416
6640.97900,-0.19085,-3.35933,63.01920,11.05459,11.16982,20.17726,20.61754
6640.98900,-0.17675,-3.35614,62.99086,11.05099,11.17223,20.18732,20.58032
6640.99900,-0.16583,-3.36156,62.95886,11.04459,11.15239,20.19372,20.56816
6641.00900,-0.16583,-3.36156,62.95886,11.04459,11.15239,20.19372,20.56816
6641.01900,-0.17206,-3.38743,62.81786,10.98559,11.09039,20.17372,20.56816
6641.02900,-0.17018,-3.38616,62.83172,10.98970,11.09465,20.17921,20.56816
6641.03900,-0.16524,-3.38282,62.86818,11.00053,11.10584,20.19365,20.56816
6641.04900,-0.16029,-3.37949,62.90464,11.01136,11.11703,20.20809,20.56816
6641.05900,-0.19864,-3.38506,62.91586,10.99559,11.12139,20.17372,20.62516
6641.06900,-0.19485,-3.38056,62.95995,11.01177,11.13311,20.18488,20.63018
6641.07900,-0.19186,-3.37701,62.99486,11.02459,11.14239,20.19372,20.63416
6641.08900,-0.18053,-3.36277,62.90401,11.02459,11.14972,20.16515,20.56456
6641.09900,-0.16958,-3.36895,62.93379,11.04137,11.12638,20.17905,20.58699
6641.10900,-0.16827,-3.37113,62.94586,11.04459,11.12139,20.18372,20.59616
6641.11900,-0.17169,-3.37593,62.88821,11.01103,11.12139,20.18372,20.57207
6641.12900,-0.16572,-3.35427,62.89962,11.06392,11.13227,20.14516,20.55827
6641.13900,-0.16779,-3.35464,62.88462,11.05751,11.13239,20.14112,20.55360
6641.14900,-0.18357,-3.35917,62.77286,11.00559,11.13239,20.11472,20.52016
6641.15900,-0.18357,-3.35917,62.77286,11.00559,11.13239,20.11472,20.52016
6641.16900,-0.14964,-3.35923,62.91760,11.06611,11.12274,20.17525,20.55349
6641.17900,-0.19210,-3.35556,62.88712,11.04879,11.13945,20.11578,20.58310
6641.18900,-0.19979,-3.35496,62.87886,11.04459,11.14239,20.10472,20.58716
6641.19900,-0.15686,-3.36112,62.87094,11.03469,11.13249,20.17303,20.53073
6641.20900,-0.19902,-3.33303,62.95614,11.10222,11.17258,20.08648,20.59485
6641.21900,-0.19988,-3.33246,62.95786,11.10359,11.17339,20.08472,20.59616
6641.22900,-0.16618,-3.35730,62.95786,11.06537,11.14301,20.17194,20.57754
6641.23900,-0.16549,-3.35781,62.95786,11.06459,11.14239,20.17372,20.57716
6641.24900,-0.17424,-3.33997,62.90473,11.08724,11.15021,20.11200,20.55528
6641.25900,-0.20378,-3.32808,62.91794,11.07691,11.19803,20.08594,20.55706
6641.26900,-0.20756,-3.32712,62.92186,11.07459,11.20439,20.08472,20.55816
6641.27900,-0.22387,-3.35451,62.86822,11.01583,11.16863,20.09323,20.59052
6641.28900,-0.17008,-3.39215,62.91639,10.99700,11.10058,20.21406,20.60475
6641.29900,-0.16076,-3.39756,62.92586,10.99559,11.09039,20.23372,20.60616
6641.30900,-0.20703,-3.35692,62.78057,11.02952,11.11736,20.06059,20.57310
6641.31900,-0.21397,-3.35084,62.75886,11.03459,11.12139,20.03472,20.56816
6641.32900,-0.19308,-3.37032,62.72305,11.00534,11.08439,20.07649,20.55682
6641.33900,-0.16971,-3.39568,62.67189,10.97716,11.02484,20.11315,20.55674
6641.34900,-0.16799,-3.39796,62.66686,10.97559,11.01839,20.11472,20.55816
6641.35900,-0.17064,-3.38480,62.69449,10.97559,11.06427,20.12459,20.53004
6641.36900,-0.19109,-3.37338,62.86189,11.01254,11.11766,20.14098,20.59072
6641.37900,-0.20164,-3.37462,62.94486,11.03459,11.12139,20.14472,20.64416
6641.38900,-0.16603,-3.37780,63.03292,11.06419,11.11399,20.21058,20.64416
6641.39900,-0.15354,-3.37892,63.06386,11.07459,11.11139,20.23372,20.64416
6641.40900,-0.16061,-3.39292,62.98024,11.04499,11.07291,20.21152,20.65082
6641.41900,-0.18313,-3.39456,62.97651,11.02660,11.08546,20.19531,20.66914
6641.42900,-0.21016,-3.39012,63.01117,11.01580,11.12069,20.18395,20.69073
6641.43900,-0.21070,-3.39003,63.01186,11.01559,11.12139,20.18372,20.69116
6641.44900,-0.17832,-3.37111,62.91682,11.05420,11.10159,20.14511,20.61592
6641.45900,-0.19780,-3.39215,62.85486,10.99559,11.08039,20.14472,20.63416
6641.46900,-0.19780,-3.39215,62.85486,10.99559,11.08039,20.14472,20.63416
6641.47900,-0.21028,-3.34855,62.82886,11.04459,11.14239,20.06472,20.57716
6641.48900,-0.21135,-3.35236,62.84763,11.04265,11.14046,20.07440,20.59013
6641.49900,-0.22431,-3.35988,62.93081,11.04449,11.14724,20.09492,20.64416
6641.50900,-0.23297,-3.35137,62.93586,11.05459,11.16239,20.07472,20.64416
6641.51900,-0.20251,-3.36176,62.97408,11.06439,11.13740,20.12813,20.64416
6641.52900,-0.17403,-3.37649,63.03640,11.06479,11.11825,20.20005,20.65331
6641.53900,-0.18054,-3.38451,63.08240,11.04479,11.13225,20.23339,20.67197
6641.54900,-0.17223,-3.37161,63.07442,11.08216,11.12775,20.20416,20.66034
6641.55900,-0.16075,-3.35385,63.06286,11.13359,11.12139,20.16372,20.64416
6641.56900,-0.16075,-3.35385,63.06286,11.13359,11.12139,20.16372,20.64416
6641.57900,-0.16403,-3.37226,63.00041,11.07736,11.10470,20.18418,20.63416
6641.58900,-0.19108,-3.37334,62.93551,11.04491,11.11133,20.14511,20.63416
6641.59900,-0.18461,-3.37511,62.86506,11.03239,11.09415,20.13211,20.60641
6641.60900,-0.17840,-3.38386,62.79042,11.00579,11.07039,20.13073,20.58351
6641.61900,-0.18470,-3.39673,62.83442,10.98579,11.07039,20.16339,20.61485
6641.62900,-0.18979,-3.40095,62.84198,10.98977,11.05742,20.15577,20.63902
6641.63900,-0.19677,-3.40664,62.85186,10.99559,11.03939,20.14472,20.67216
6641.64900,-0.19677,-3.40664,62.85186,10.99559,11.03939,20.14472,20.67216
6641.65900,-0.19306,-3.41092,62.88942,10.97814,11.05818,20.18616,20.66693
6641.66900,-0.17299,-3.41192,62.98186,10.99559,11.07039,20.24372,20.67216
6641.67900,-0.18224,-3.39801,62.93351,11.00400,11.08343,20.19789,20.64819
6641.68900,-0.19500,-3.37881,62.86686,11.01559,11.10139,20.13472,20.61516
6641.69900,-0.19500,-3.37881,62.86686,11.01559,11.10139,20.13472,20.61516
6641.70900,-0.19739,-3.39820,62.87386,10.99559,11.07039,20.15472,20.65316
6641.71900,-0.17581,-3.37332,62.78871,11.02430,11.08029,20.11512,20.56900
6641.72900,-0.17499,-3.37347,62.80245,11.02729,11.08174,20.12013,20.57330
6641.73900,-0.16506,-3.37978,62.88531,11.03404,11.08676,20.16890,20.59561
6641.74900,-0.15437,-3.38642,62.86686,11.01559,11.08039,20.19372,20.57716
6641.75900,-0.15605,-3.38465,62.85294,11.01559,11.08039,20.18436,20.57260
6641.76900,-0.16075,-3.37972,62.81427,11.01559,11.08039,20.15836,20.55993
6641.77900,-0.16140,-3.37902,62.80886,11.01559,11.08039,20.15472,20.55816
6641.78900,-0.14609,-3.39523,62.88208,11.02334,11.05369,20.20554,20.59951
6641.79900,-0.12882,-3.37568,62.89693,11.06298,11.07320,20.19836,20.56239
6641.80900,-0.12434,-3.36899,62.89786,11.07459,11.08039,20.19372,20.54916
6641.81900,-0.13230,-3.35790,62.81608,11.03109,11.12563,20.18502,20.47434
6641.82900,-0.12444,-3.38926,62.82996,11.04199,11.03321,20.19242,20.56234
6641.83900,-0.12309,-3.39419,62.83386,11.04459,11.01839,20.19372,20.57716
6641.84900,-0.16565,-3.38126,62.88747,11.03580,11.08167,20.16736,20.60264
6641.85900,-0.16511,-3.38001,62.88201,11.03605,11.08294,20.16518,20.59783
6641.86900,-0.12659,-3.38388,62.81279,11.04162,11.04236,20.18113,20.54768
6641.87900,-0.12229,-3.38703,62.83748,11.02928,11.05470,20.21199,20.54151
6641.88900,-0.11923,-3.38728,62.82220,11.02606,11.05186,20.21206,20.53222
6641.89900,-0.11272,-3.38296,62.71012,11.03277,11.01763,20.15904,20.50068
6641.90900,-0.11087,-3.38372,62.68122,11.03226,11.00590,20.14785,20.49521
6641.91900,-0.11010,-3.40124,62.69363,11.01109,10.98328,20.17632,20.52295
6641.92900,-0.16107,-3.40442,62.80586,10.96559,11.05939,20.20372,20.57716
6641.93900,-0.15225,-3.40415,62.80722,10.97603,11.05016,20.20675,20.57428
6641.94900,-0.11391,-3.40299,62.81314,11.02142,11.01003,20.21990,20.56178
6641.95900,-0.10083,-3.36144,62.75086,11.08459,11.03939,20.14472,20.48216
6641.96900,-0.11321,-3.36420,62.75531,11.07203,11.04591,20.14154,20.49583
6641.97900,-0.16480,-3.37572,62.77385,11.01971,11.07306,20.12830,20.55278
6641.98900,-0.17872,-3.37882,62.77886,11.00559,11.08039,20.12472,20.56816
6641.99900,-0.11701,-3.37682,62.98884,11.10359,11.06181,20.22062,20.60283
6642.00900,-0.09625,-3.37595,63.03486,11.10359,11.08039,20.27372,20.57716
6642.01900,-0.09625,-3.37595,63.03486,11.10359,11.08039,20.27372,20.57716
6642.02900,-0.15496,-3.36977,62.90686,11.05459,11.10139,20.17372,20.57716
6642.03900,-0.14911,-3.37115,62.90840,11.05613,11.09661,20.18144,20.57423
6642.04900,-0.12369,-3.37711,62.91512,11.06284,11.07580,20.21500,20.56148
6642.05900,-0.11575,-3.38720,62.89286,11.08459,11.01839,20.19372,20.59616
6642.06900,-0.12439,-3.38827,62.89270,11.07511,11.02487,20.19056,20.60216
6642.07900,-0.16040,-3.39271,62.89204,11.03564,11.05184,20.17740,20.62716
6642.08900,-0.13414,-3.38555,62.82586,11.03459,11.04939,20.18372,20.55816
6642.09900,-0.13414,-3.38555,62.82586,11.03459,11.04939,20.18372,20.55816
6642.10900,-0.15125,-3.38068,62.87586,11.04459,11.07039,20.17372,20.58716
6642.11900,-0.15566,-3.38124,62.86862,11.04163,11.06927,20.16668,20.59104
6642.12900,-0.19081,-3.39167,62.77991,11.00501,11.04597,20.10828,20.62065
6642.13900,-0.16334,-3.43283,62.59486,10.92659,10.94639,20.13472,20.58716
6642.14900,-0.16334,-3.43283,62.59486,10.92659,10.94639,20.13472,20.58716
6642.15900,-0.17323,-3.42348,62.63992,10.93463,10.97978,20.13472,20.59078
6642.16900,-0.19011,-3.40815,62.67951,10.94101,11.02939,20.12356,20.58556
6642.17900,-0.19185,-3.40700,62.65786,10.93659,11.02939,20.11472,20.57716
6642.18900,-0.16814,-3.41502,62.82436,10.96545,11.03679,20.20278,20.61934
6642.19900,-0.15984,-3.41783,62.88286,10.97559,11.03939,20.23372,20.63416
6642.20900,-0.16494,-3.46110,62.89930,10.93149,10.96988,20.27857,20.71937
6642.21900,-0.14970,-3.46175,62.94347,10.95297,10.96199,20.30115,20.72737
6642.22900,-0.14383,-3.45691,62.95686,10.96559,10.96739,20.30372,20.72016
6642.23900,-0.14987,-3.45653,62.90690,10.94922,10.96739,20.28649,20.70379
6642.24900,-0.15371,-3.44642,62.94014,10.97153,10.98459,20.27512,20.70890
6642.25900,-0.15417,-3.44478,62.94686,10.97559,10.98739,20.27372,20.71016
6642.26900,-0.15813,-3.43396,62.78492,10.97559,10.96069,20.18758,20.66106
6642.27900,-0.15877,-3.43221,62.75886,10.97559,10.95639,20.17372,20.65316
6642.28900,-0.15444,-3.44188,62.73573,10.96460,10.93269,20.17950,20.65894
6642.29900,-0.14882,-3.43517,62.79843,10.99236,10.94532,20.19102,20.66973
6642.30900,-0.14792,-3.43008,62.82786,11.00559,10.95639,20.19372,20.67216
6642.31900,-0.17547,-3.43129,62.77895,10.96982,10.97172,20.16525,20.67216
6642.32900,-0.15984,-3.44992,62.81764,10.95659,10.94716,20.22035,20.69354
6642.33900,-0.15065,-3.45638,62.83786,10.95659,10.93639,20.24372,20.70116
6642.34900,-0.15065,-3.45638,62.83786,10.95659,10.93639,20.24372,20.70116
6642.35900,-0.17121,-3.42377,62.97310,11.02323,11.00695,20.21432,20.72860
6642.36900,-0.16516,-3.42659,62.97444,11.02459,10.99826,20.22243,20.72916
6642.37900,-0.11250,-3.44830,62.97028,11.03265,10.92878,20.28888,20.71997
6642.38900,-0.11416,-3.41281,63.00886,11.07459,10.99839,20.26372,20.67216
6642.39900,-0.13003,-3.42895,62.91166,11.03319,10.96119,20.23372,20.68356
6642.40900,-0.13095,-3.45418,62.94176,11.01171,10.92354,20.26882,20.73769
6642.41900,-0.12483,-3.46331,63.00186,11.01559,10.91539,20.30372,20.76716
6642.42900,-0.13020,-3.44793,63.04090,11.02108,10.96602,20.30982,20.74398
6642.43900,-0.13363,-3.43810,63.06586,11.02459,10.99839,20.31372,20.72916
6642.44900,-0.13113,-3.44360,62.94666,11.00099,10.96519,20.28172,20.69876
6642.45900,-0.12728,-3.45400,62.78092,10.96252,10.91717,20.24340,20.65784
6642.46900,-0.12685,-3.46503,62.84886,10.94659,10.92639,20.29372,20.68216
6642.47900,-0.11510,-3.46923,62.85318,10.95139,10.91151,20.30812,20.68216
6642.48900,-0.11232,-3.50521,62.80986,10.91344,10.83527,20.32857,20.73258
6642.49900,-0.12289,-3.53866,62.75886,10.86759,10.77139,20.33372,20.78616
6642.50900,-0.14128,-3.52421,62.79771,10.88124,10.81094,20.31272,20.79281
6642.51900,-0.17537,-3.49742,62.86986,10.90659,10.88439,20.27372,20.80516
6642.52900,-0.17537,-3.49742,62.86986,10.90659,10.88439,20.27372,20.80516
6642.53900,-0.16125,-3.49222,62.82858,10.91275,10.87823,20.26756,20.77004
6642.54900,-0.16740,-3.48722,62.81030,10.90481,10.89361,20.25752,20.75436
6642.55900,-0.17655,-3.48614,62.81486,10.89759,10.90539,20.25372,20.75816
6642.56900,-0.17757,-3.46215,62.81634,10.92645,10.94313,20.22412,20.72264
6642.57900,-0.14870,-3.45328,62.85122,10.94980,10.95639,20.25997,20.68505
6642.58900,-0.13608,-3.45734,62.86555,10.95404,10.94594,20.28117,20.68440
6642.59900,-0.14303,-3.46990,62.85586,10.94659,10.91539,20.27372,20.72016
6642.60900,-0.14303,-3.46990,62.85586,10.94659,10.91539,20.27372,20.72016
6642.61900,-0.14508,-3.47498,62.94215,10.94902,10.92895,20.31116,20.75302
6642.62900,-0.16265,-3.46893,62.99186,10.96559,10.94639,20.29372,20.78616
6642.63900,-0.16510,-3.47085,62.97998,10.96098,10.94154,20.28887,20.78858
6642.64900,-0.17649,-3.48480,62.93453,10.93213,10.91610,20.27862,20.80768
6642.65900,-0.18799,-3.50920,62.90886,10.88759,10.88439,20.29372,20.84316
6642.66900,-0.18640,-3.51136,62.92183,10.88613,10.88439,20.30392,20.84739
6642.67900,-0.17917,-3.52114,62.98077,10.87951,10.88439,20.35028,20.86659
6642.68900,-0.17824,-3.52513,62.98112,10.87208,10.88091,20.35923,20.86890
6642.69900,-0.19356,-3.52910,62.85772,10.83416,10.86525,20.31372,20.84459
6642.70900,-0.22246,-3.50430,62.89989,10.86069,10.92171,20.26610,20.85139
6642.71900,-0.22997,-3.49785,62.91086,10.86759,10.93639,20.25372,20.85316
6642.72900,-0.20136,-3.51170,62.92586,10.90659,10.86439,20.26372,20.89116
6642.73900,-0.20136,-3.51170,62.92586,10.90659,10.86439,20.26372,20.89116
6642.74900,-0.27573,-3.52953,62.88133,10.79652,10.90986,20.24372,20.93123
6642.75900,-0.29980,-3.52700,62.91786,10.77959,10.94639,20.24372,20.94816
6642.76900,-0.29772,-3.52739,62.91153,10.78153,10.94119,20.24168,20.94714
6642.77900,-0.28223,-3.53039,62.86654,10.79979,10.89911,20.22372,20.94392
6642.78900,-0.30276,-3.52712,62.94486,10.80859,10.92639,20.22372,20.98616
6642.79900,-0.30276,-3.52712,62.94486,10.80859,10.92639,20.22372,20.98616
6642.80900,-0.34087,-3.47977,62.93800,10.85659,11.00672,20.11694,20.95775
6642.81900,-0.36772,-3.48540,62.87865,10.83915,10.98801,20.06619,20.98531
6642.82900,-0.36851,-3.48560,62.87686,10.83859,10.98739,20.06472,20.98616
6642.83900,-0.36270,-3.49075,62.94405,10.82200,11.01311,20.12279,20.98616
6642.84900,-0.36150,-3.49180,62.95786,10.81859,11.01839,20.13472,20.98616
6642.85900,-0.41111,-3.50337,62.87874,10.76785,11.00979,20.07452,21.02658
6642.86900,-0.45486,-3.51150,63.09462,10.75099,11.07891,20.13352,21.13120
6642.87900,-0.46064,-3.51252,63.13186,10.74959,11.09039,20.14472,21.14716
6642.88900,-0.45624,-3.51030,63.12986,10.75614,11.08928,20.14361,21.14083
6642.89900,-0.42070,-3.49252,63.09381,10.80463,11.07753,20.12927,21.08239
6642.90900,-0.41887,-3.49221,62.96686,10.77959,11.05939,20.09472,21.03316
6642.91900,-0.42945,-3.49301,62.94259,10.76595,11.06239,20.08108,21.03316
6642.92900,-0.45768,-3.49516,62.87786,10.72959,11.07039,20.04472,21.03316
6642.93900,-0.43878,-3.49054,62.78182,10.73449,11.04491,20.02022,20.98220
6642.94900,-0.42798,-3.48082,62.68823,10.72979,11.04387,19.99472,20.91985
6642.95900,-0.43726,-3.47572,62.69486,10.71959,11.07039,19.99472,20.91016
6642.96900,-0.43596,-3.47775,62.78286,10.73959,11.07539,20.01972,20.94816
6642.97900,-0.44268,-3.48562,62.80401,10.73206,11.06860,20.02787,20.97549
6642.98900,-0.44894,-3.49019,62.75186,10.71059,11.05939,20.01472,20.96716
6642.99900,-0.44846,-3.49072,62.80309,10.72005,11.06625,20.03104,20.98576
6643.00900,-0.44769,-3.49157,62.88572,10.73531,11.07730,20.05735,21.01576
6643.01900,-0.44748,-3.49180,62.90886,10.73959,11.08039,20.06472,21.02416
6643.02900,-0.43707,-3.45929,62.92505,10.78947,11.12585,20.03788,20.97184
6643.03900,-0.43148,-3.46068,62.98386,10.77959,11.15239,20.08472,20.96716
6643.04900,-0.43148,-3.46068,62.98386,10.77959,11.15239,20.08472,20.96716
6643.05900,-0.42335,-3.44036,62.80650,10.82447,11.10171,19.96472,20.91560
6643.06900,-0.42049,-3.45080,62.72486,10.78859,11.08039,19.96472,20.89116
6643.07900,-0.43676,-3.45052,62.69654,10.77467,11.08519,19.94120,20.89548
6643.08900,-0.45440,-3.45022,62.66586,10.75959,11.09039,19.91572,20.90016
6643.09900,-0.44931,-3.44574,62.68129,10.77198,11.09570,19.91825,20.89536
6643.10900,-0.44166,-3.42077,62.77656,10.82224,11.14744,19.92572,20.88116
6643.11900,-0.45534,-3.39901,62.86886,10.84759,11.21439,19.92572,20.88116
6643.12900,-0.45534,-3.39901,62.86886,10.84759,11.21439,19.92572,20.88116
6643.13900,-0.41664,-3.38977,62.85672,10.89980,11.18339,19.92374,20.84979
6643.14900,-0.40638,-3.39999,62.98486,10.91659,11.18339,19.98472,20.90016
6643.15900,-0.40225,-3.39450,62.97261,10.91659,11.19424,19.98472,20.87706
6643.16900,-0.39457,-3.38431,62.94986,10.91659,11.21439,19.98472,20.83416
6643.17900,-0.39931,-3.38465,62.94251,10.91309,11.21439,19.97772,20.83731
6643.18900,-0.38718,-3.38114,62.93474,10.93151,11.20291,19.97312,20.82720
6643.19900,-0.33335,-3.37055,62.94986,10.99559,11.17339,19.99472,20.78616
6643.20900,-0.34339,-3.37033,62.92253,10.97919,11.18076,19.98308,20.77951
6643.21900,-0.36549,-3.37464,62.82803,10.91998,11.19483,19.96371,20.74951
6643.22900,-0.33101,-3.39158,62.80486,10.89759,11.16239,20.02472,20.72016
6643.23900,-0.33381,-3.38929,62.81836,10.90290,11.16812,20.02199,20.72534
6643.24900,-0.34545,-3.37977,62.87461,10.92506,11.19198,20.01063,20.74693
6643.25900,-0.35149,-3.37483,62.90386,10.93659,11.20439,20.00472,20.75816
6643.26900,-0.35229,-3.36944,62.81945,10.92699,11.19912,19.97163,20.72171
6643.27900,-0.32401,-3.36025,62.83811,10.96951,11.18849,19.97933,20.70078
6643.28900,-0.29378,-3.35681,62.95286,11.02459,11.18339,20.02472,20.72016
6643.29900,-0.31897,-3.35856,62.91589,11.00056,11.18955,19.99391,20.73187
6643.30900,-0.29782,-3.35444,62.83458,10.98559,11.18719,19.99952,20.66228
6643.31900,-0.26243,-3.34266,62.83544,11.02217,11.18339,20.01472,20.61516
6643.32900,-0.25684,-3.35103,62.90486,11.04459,11.16239,20.03472,20.66316
6643.33900,-0.25684,-3.35103,62.90486,11.04459,11.16239,20.03472,20.66316
6643.34900,-0.24960,-3.34617,62.89278,11.01733,11.19881,20.06652,20.61012
6643.35900,-0.23474,-3.35981,62.90878,11.03183,11.15231,20.08152,20.64312
6643.36900,-0.22167,-3.37182,62.92286,11.04459,11.11139,20.09472,20.67216
6643.37900,-0.27399,-3.35156,62.79812,11.00598,11.16188,19.99572,20.63454
6643.38900,-0.27452,-3.35135,62.79686,11.00559,11.16239,19.99472,20.63416
6643.39900,-0.20728,-3.33782,62.79785,11.08379,11.12181,20.01452,20.57774
6643.40900,-0.18875,-3.34236,63.00076,11.13262,11.13218,20.09314,20.64283
6643.41900,-0.18839,-3.34246,63.00486,11.13359,11.13239,20.09472,20.64416
6643.42900,-0.16893,-3.34916,62.86980,11.09490,11.10486,20.09472,20.57532
6643.43900,-0.16521,-3.34686,62.88033,11.09290,11.11692,20.10735,20.56316
6643.44900,-0.16901,-3.34347,62.92786,11.10359,11.13239,20.11472,20.57716
6643.45900,-0.18275,-3.35312,62.92854,11.06363,11.14594,20.13503,20.58393
6643.46900,-0.19522,-3.37025,62.94621,11.04459,11.12393,20.14472,20.63297
6643.47900,-0.19783,-3.37312,62.95386,11.05191,11.11139,20.13739,20.65316
6643.48900,-0.17595,-3.37007,62.99262,11.07397,11.11139,20.16637,20.64089
6643.49900,-0.16397,-3.36894,63.01386,11.08459,11.11139,20.18372,20.63416
6643.50900,-0.16180,-3.35932,62.97796,11.10583,11.10407,20.14782,20.62024
6643.51900,-0.16422,-3.36224,62.87379,11.06372,11.10139,20.13472,20.57396
6643.52900,-0.16546,-3.36471,62.83886,11.04459,11.10139,20.13472,20.55816
6643.53900,-0.16237,-3.34607,62.91829,11.08849,11.13691,20.13472,20.55816
6643.54900,-0.16192,-3.33328,63.00786,11.13359,11.15881,20.13472,20.58075
6643.55900,-0.18027,-3.34183,62.97277,11.11399,11.14239,20.11022,20.60616
6643.56900,-0.18570,-3.35200,62.94149,11.08271,11.13452,20.11810,20.60616
6643.57900,-0.16822,-3.36643,62.96586,11.06459,11.12139,20.17372,20.60616
6643.58900,-0.14916,-3.36665,62.94146,11.08019,11.09659,20.17372,20.59096
6643.59900,-0.11108,-3.37234,62.93466,11.10971,11.04899,20.19617,20.57979
6643.60900,-0.07425,-3.39318,63.05086,11.13359,11.00839,20.28372,20.62516
6643.61900,-0.08654,-3.41201,63.02107,11.08408,10.99539,20.30050,20.64110
6643.62900,-0.10339,-3.43783,62.98027,11.01626,10.97757,20.32349,20.66294
6643.63900,-0.10356,-3.43809,62.97986,11.01559,10.97739,20.32372,20.66316
6643.64900,-0.11610,-3.42669,63.05365,11.07287,10.97739,20.28489,20.71850
6643.65900,-0.11257,-3.46061,63.07924,11.00617,10.95921,20.36946,20.74441
6643.66900,-0.11197,-3.46591,63.08286,10.99559,10.95639,20.38272,20.74816
6643.67900,-0.11197,-3.46591,63.08286,10.99559,10.95639,20.38272,20.74816
6643.68900,-0.08256,-3.46274,62.96752,11.01676,10.90383,20.34695,20.69998
6643.69900,-0.07165,-3.46157,62.92486,11.02459,10.88439,20.33372,20.68216
6643.70900,-0.07165,-3.46157,62.92486,11.02459,10.88439,20.33372,20.68216
6643.71900,-0.08172,-3.47788,62.85586,10.96559,10.87439,20.34372,20.67216
6643.72900,-0.05855,-3.49079,62.71036,10.95181,10.80210,20.31857,20.63788
6643.73900,-0.08428,-3.50057,62.74486,10.92659,10.81239,20.32372,20.68216
6643.74900,-0.07890,-3.49768,62.77446,10.93775,10.81945,20.33511,20.68216
6643.75900,-0.05890,-3.48937,62.87683,10.97040,10.84518,20.38248,20.67876
6643.76900,-0.05077,-3.49610,62.88577,10.94682,10.85331,20.42232,20.66331
6643.77900,-0.03440,-3.49341,62.90667,10.97749,10.83731,20.42587,20.66600
6643.78900,0.00095,-3.48743,62.95186,11.04459,10.80239,20.43272,20.67216
6643.79900,-0.01093,-3.49262,62.94035,11.02157,10.80709,20.43272,20.67897
6643.80900,-0.04489,-3.50746,62.90746,10.95579,10.82051,20.43272,20.69844
6643.81900,-0.03677,-3.51562,62.91532,10.94659,10.80993,20.45765,20.70116
6643.82900,-0.02754,-3.51128,62.93171,10.96942,10.80472,20.45641,20.70116
6643.83900,-0.03045,-3.49516,62.94622,11.01340,10.81027,20.41545,20.70710
6643.84900,-0.05895,-3.53317,62.89186,10.89759,10.80239,20.46272,20.72916
6643.85900,-0.05025,-3.52804,62.87448,10.91255,10.79557,20.45172,20.71464
6643.86900,-0.01939,-3.50985,62.81286,10.96559,10.77139,20.41272,20.66316
6643.87900,-0.02329,-3.52209,62.83397,10.94825,10.76228,20.43494,20.68849
6643.88900,-0.05248,-3.56281,62.93937,10.88759,10.74695,20.50582,20.79901
6643.89900,-0.10448,-3.55588,63.04486,10.88759,10.80239,20.48272,20.87216
6643.90900,-0.10253,-3.55521,63.04604,10.88983,10.80239,20.48390,20.86991
6643.91900,-0.09366,-3.55219,63.05142,10.90005,10.80239,20.48928,20.85970
6643.92900,-0.10787,-3.54165,63.07286,10.92659,10.81239,20.45272,20.88116
6643.93900,-0.10787,-3.54165,63.07286,10.92659,10.81239,20.45272,20.88116
6643.94900,-0.06708,-3.54551,63.01386,10.94659,10.76139,20.46272,20.84316
6643.95900,-0.06836,-3.54641,62.99326,10.93969,10.75869,20.45748,20.83740
6643.96900,-0.08006,-3.55468,62.80596,10.87699,10.73408,20.40986,20.78502
6643.97900,-0.11745,-3.56509,62.82280,10.84805,10.74016,20.39295,20.84164
6643.98900,-0.11829,-3.56530,62.82386,10.84759,10.74039,20.39272,20.84316
6643.99900,-0.13132,-3.55777,62.82042,10.83992,10.76762,20.37977,20.83311
6644.00900,-0.17063,-3.54177,62.84831,10.83277,10.82848,20.34372,20.84334
6644.01900,-0.17593,-3.55042,62.91386,10.85759,10.80239,20.34372,20.91016
6644.02900,-0.18972,-3.54506,62.94695,10.85395,10.83221,20.34372,20.91707
6644.03900,-0.21382,-3.53570,63.00486,10.84759,10.88439,20.34372,20.92916
6644.04900,-0.22598,-3.53528,62.90517,10.81999,10.87876,20.30429,20.90213
6644.05900,-0.26491,-3.54973,62.79727,10.79859,10.82314,20.21585,20.95969
6644.06900,-0.27109,-3.55283,62.79086,10.79859,10.81239,20.20372,20.97616
6644.07900,-0.30430,-3.52723,62.92377,10.81596,10.91142,20.20372,20.99267
6644.08900,-0.33979,-3.52599,62.89427,10.75856,10.96206,20.19502,20.97863
6644.09900,-0.34435,-3.52638,62.88686,10.74959,10.96739,20.19372,20.97616
6644.10900,-0.34281,-3.52467,62.90515,10.76273,10.96530,20.19182,20.98530
6644.11900,-0.33627,-3.51739,62.98286,10.81859,10.95639,20.18372,21.02416
6644.12900,-0.33192,-3.50410,63.03901,10.84562,10.98551,20.19065,21.01723
6644.13900,-0.35140,-3.47855,63.03879,10.85021,11.05148,20.15759,20.97950
6644.14900,-0.35903,-3.47154,63.02986,10.84759,11.07039,20.14472,20.96716
6644.15900,-0.35886,-3.48797,62.97146,10.81182,11.04046,20.15202,20.96716
6644.16900,-0.35098,-3.50304,62.91190,10.79129,10.99873,20.15472,20.96716
6644.17900,-0.34808,-3.50637,62.89786,10.78859,10.98739,20.15472,20.96716
6644.18900,-0.37189,-3.48654,62.85131,10.77477,11.03976,20.11108,20.92571
6644.19900,-0.38082,-3.47910,62.83386,10.76959,11.05939,20.09472,20.91016
6644.20900,-0.35477,-3.48052,62.90394,10.81996,11.02946,20.11662,20.93790
6644.21900,-0.35734,-3.49674,62.94957,10.80209,11.01839,20.15319,20.97590
6644.22900,-0.36185,-3.50254,62.95686,10.78859,11.01839,20.16372,20.98616
6644.23900,-0.36365,-3.48601,62.95463,10.81418,11.03768,20.13441,20.96835
6644.24900,-0.37067,-3.46597,62.88863,10.84588,11.03835,20.06007,20.94432
6644.25900,-0.37315,-3.47096,62.84986,10.83859,11.01839,20.04472,20.94816
6644.26900,-0.37315,-3.47096,62.84986,10.83859,11.01839,20.04472,20.94816
6644.27900,-0.33761,-3.42231,62.92386,10.93659,11.08039,20.03472,20.87216
6644.28900,-0.36126,-3.42550,62.87498,10.90739,11.08367,20.00552,20.87839
6644.29900,-0.39947,-3.43067,62.79615,10.86030,11.08896,19.95843,20.88845
6644.30900,-0.42325,-3.45924,62.67386,10.78859,11.03939,19.93572,20.91016
6644.31900,-0.41420,-3.45080,62.71536,10.82204,11.04363,19.93572,20.91397
6644.32900,-0.41784,-3.44400,62.77683,10.83490,11.07091,19.94772,20.92330
6644.33900,-0.44044,-3.45064,62.78386,10.78859,11.10139,19.96472,20.92916
6644.34900,-0.43234,-3.44617,62.82257,10.80639,11.10939,19.97762,20.92916
6644.35900,-0.41550,-3.43688,62.90321,10.84349,11.12606,20.00450,20.92916
6644.36900,-0.40912,-3.43336,62.93386,10.85759,11.13239,20.01472,20.92916
6644.37900,-0.41774,-3.42936,62.88675,10.84611,11.13843,19.99056,20.91165
6644.38900,-0.42938,-3.43329,62.83647,10.83253,11.12361,19.96260,20.91774
6644.39900,-0.43327,-3.43755,62.82386,10.82859,11.11139,19.95472,20.92916
6644.40900,-0.44996,-3.42755,62.84467,10.82859,11.14623,19.94069,20.92916
6644.41900,-0.42760,-3.41857,62.84586,10.84759,11.15239,19.95472,20.89116
6644.42900,-0.42434,-3.42349,62.85162,10.85839,11.13007,19.95148,20.91168
6644.43900,-0.41854,-3.43221,62.86186,10.87759,11.09039,19.94572,20.94816
6644.44900,-0.40497,-3.43365,62.87322,10.87759,11.09039,19.97100,20.93424
6644.45900,-0.38840,-3.43416,62.87933,10.86816,11.10054,20.00747,20.90315
6644.46900,-0.40759,-3.42867,62.84175,10.84199,11.12873,19.98734,20.88369
6644.47900,-0.41009,-3.42795,62.83686,10.83859,11.13239,19.98472,20.88116
6644.48900,-0.35285,-3.43125,62.76658,10.87719,11.06013,19.99462,20.83463
6644.49900,-0.36325,-3.43054,62.76104,10.87153,11.06582,19.98248,20.84120
6644.50900,-0.42604,-3.42756,62.73108,10.83281,11.10228,19.91550,20.88049
6644.51900,-0.37308,-3.43565,62.74586,10.84759,11.07039,19.98472,20.84316
6644.52900,-0.36966,-3.43826,62.71965,10.84081,11.06085,19.98357,20.83442
6644.53900,-0.33885,-3.45912,62.56984,10.80216,10.98992,19.99312,20.78464
6644.54900,-0.32409,-3.46156,62.74386,10.84759,10.99839,20.05472,20.84316
6644.55900,-0.32409,-3.46156,62.74386,10.84759,10.99839,20.05472,20.84316
6644.56900,-0.36941,-3.45571,62.95886,10.87759,11.05939,20.06472,20.95716
6644.57900,-0.36941,-3.45571,62.95886,10.87759,11.05939,20.06472,20.95716
6644.58900,-0.30366,-3.50098,62.90126,10.82095,10.97107,20.18856,20.92068
6644.59900,-0.29200,-3.50846,63.11386,10.86759,10.97739,20.26372,21.00516
6644.60900,-0.28972,-3.50941,63.09790,10.86421,10.97262,20.26255,20.99852
6644.61900,-0.27144,-3.51559,62.96808,10.84071,10.93413,20.24860,20.94465
6644.62900,-0.26122,-3.50394,62.87052,10.86429,10.90892,20.19169,20.90562
6644.63900,-0.25979,-3.50231,62.85686,10.86759,10.90539,20.18372,20.90016
6644.64900,-0.33100,-3.49656,62.79414,10.78135,10.98575,20.13570,20.89134
6644.65900,-0.33246,-3.49644,62.79286,10.77959,10.98739,20.13472,20.89116
6644.66900,-0.32445,-3.49670,62.76768,10.79454,10.96300,20.11898,20.89116
6644.67900,-0.32765,-3.49529,62.73776,10.78433,10.96672,20.10980,20.87691
6644.68900,-0.33322,-3.49375,62.71386,10.76959,10.97739,20.10472,20.86216
6644.69900,-0.33050,-3.48294,62.87567,10.79978,11.03314,20.15814,20.88461
6644.70900,-0.34022,-3.46866,63.05702,10.86793,11.06745,20.16512,20.95652
6644.71900,-0.34193,-3.46685,63.07886,10.87759,11.07039,20.16372,20.96716
6644.72900,-0.34193,-3.46685,63.07886,10.87759,11.07039,20.16372,20.96716
6644.73900,-0.35101,-3.46854,62.80486,10.80859,11.03939,20.08472,20.87216
6644.74900,-0.34141,-3.47691,62.85169,10.82091,11.02029,20.10937,20.90112
6644.75900,-0.33348,-3.47839,62.96279,10.83910,11.03663,20.15738,20.92968
6644.76900,-0.33190,-3.47539,63.02886,10.84759,11.05939,20.18372,20.93816
6644.77900,-0.33582,-3.47636,63.01126,10.84627,11.05191,20.17067,20.94241
6644.78900,-0.34471,-3.48389,62.88222,10.81699,11.01559,20.12352,20.92612
6644.79900,-0.33927,-3.48461,62.87186,10.80859,11.01839,20.13472,20.91016
6644.80900,-0.35327,-3.48635,62.85570,10.78608,11.03051,20.12895,20.91016
6644.81900,-0.36354,-3.48762,62.84386,10.76959,11.03939,20.12472,20.91016
6644.82900,-0.34463,-3.49208,62.87648,10.78392,11.02407,20.15388,20.91461
6644.83900,-0.32933,-3.49219,62.92818,10.81406,11.01155,20.17140,20.93116
6644.84900,-0.33807,-3.48256,62.96786,10.84759,11.01839,20.14472,20.95716
6644.85900,-0.30123,-3.48268,62.90274,10.85499,10.98805,20.15878,20.90092
6644.86900,-0.33351,-3.49457,62.85248,10.78507,11.00773,20.15706,20.90262
6644.87900,-0.34942,-3.49874,62.84286,10.75959,11.01839,20.15472,20.91016
6644.88900,-0.32485,-3.48529,62.89962,10.81216,11.02258,20.16577,20.89911
6644.89900,-0.28501,-3.46350,62.99186,10.89759,11.02939,20.18372,20.88116
6644.90900,-0.29776,-3.46116,62.92242,10.87987,11.02939,20.14865,20.86451
6644.91900,-0.31838,-3.45737,62.81042,10.85130,11.02939,20.09207,20.83765
6644.92900,-0.31766,-3.45994,62.82256,10.83983,11.03801,20.11056,20.83416
6644.93900,-0.31712,-3.46043,62.82686,10.83859,11.03939,20.11472,20.83416
6644.94900,-0.26395,-3.48951,62.89047,10.85562,10.96430,20.20625,20.86430
6644.95900,-0.27330,-3.50574,62.91886,10.83859,10.94639,20.22372,20.91016
6644.96900,-0.26538,-3.50431,62.91835,10.83972,10.94905,20.23383,20.89575
6644.97900,-0.21068,-3.49437,62.91486,10.84759,10.96739,20.30372,20.79616
6644.98900,-0.20918,-3.49293,62.90218,10.85577,10.95880,20.29145,20.79616
6644.99900,-0.20541,-3.49140,62.88616,10.88256,10.93065,20.26220,20.81075
6645.00900,-0.20285,-3.49232,62.88986,10.90659,10.90539,20.24372,20.83416
6645.01900,-0.20687,-3.49316,62.91072,10.89881,10.91808,20.25599,20.83784
6645.02900,-0.22702,-3.48314,62.89574,10.87319,10.96615,20.24492,20.81148
6645.03900,-0.24260,-3.47094,62.84686,10.85759,10.99839,20.21372,20.77716
6645.04900,-0.24327,-3.47965,62.88721,10.85759,10.98842,20.23271,20.80849
6645.05900,-0.24400,-3.48926,62.93186,10.85759,10.97739,20.25372,20.84316
6645.06900,-0.24416,-3.48421,62.91938,10.86719,10.97739,20.23772,20.83708
6645.07900,-0.24449,-3.47369,62.89338,10.88719,10.97739,20.20439,20.82441
6645.08900,-0.28611,-3.43897,62.99780,10.93875,11.05805,20.14388,20.85712
6645.09900,-0.29247,-3.43370,63.01386,10.94659,11.07039,20.13472,20.86216
6645.10900,-0.28563,-3.42331,62.95882,10.92079,11.10565,20.14332,20.78906
6645.11900,-0.27980,-3.41943,62.94861,10.93528,11.09831,20.13226,20.78277
6645.12900,-0.27695,-3.41811,62.94786,10.94659,11.09039,20.12472,20.78616
6645.13900,-0.27695,-3.41811,62.94786,10.94659,11.09039,20.12472,20.78616
6645.14900,-0.27831,-3.43808,62.90266,10.90311,11.06295,20.14392,20.79268
6645.15900,-0.28328,-3.44501,62.74322,10.88154,11.00976,20.07958,20.77234
6645.16900,-0.25581,-3.45312,62.90386,10.90659,11.01839,20.17372,20.80516
6645.17900,-0.26594,-3.44603,62.89042,10.90899,11.03087,20.14996,20.80060
6645.18900,-0.29054,-3.42485,62.86426,10.92134,11.06778,20.08898,20.78616
6645.19900,-0.26642,-3.42903,62.91686,10.93659,11.05939,20.13472,20.78616
6645.20900,-0.26642,-3.42903,62.91686,10.93659,11.05939,20.13472,20.78616
6645.21900,-0.26935,-3.44591,62.90847,10.89547,11.05100,20.16744,20.79455
6645.22900,-0.26991,-3.44915,62.90686,10.88759,11.04939,20.17372,20.79616
6645.23900,-0.26735,-3.46214,62.96397,10.90153,11.01950,20.19170,20.85124
6645.24900,-0.25896,-3.44711,62.97386,10.93659,11.02939,20.17372,20.83416
6645.25900,-0.26023,-3.44157,62.97760,10.94418,11.03841,20.16613,20.82888
6645.26900,-0.27274,-3.40054,62.99686,10.99470,11.10798,20.10692,20.78726
6645.27900,-0.29090,-3.43115,62.90786,10.90659,11.08039,20.12472,20.79616
6645.28900,-0.29090,-3.43115,62.90786,10.90659,11.08039,20.12472,20.79616
6645.29900,-0.28119,-3.40805,62.91657,10.97340,11.08039,20.07631,20.78648
6645.30900,-0.28087,-3.40729,62.91686,10.97559,11.08039,20.07472,20.78616
6645.31900,-0.27118,-3.41908,62.76321,10.91381,11.05584,20.07472,20.71884
6645.32900,-0.26133,-3.44840,62.77415,10.91151,10.98125,20.09670,20.78468
6645.33900,-0.25867,-3.45795,62.79286,10.91659,10.95639,20.10472,20.81516
6645.34900,-0.27213,-3.45092,62.66253,10.86672,10.98019,20.07072,20.74489
6645.35900,-0.28653,-3.44070,62.64572,10.86359,11.00554,20.04472,20.73187
6645.36900,-0.28816,-3.43878,62.67886,10.87759,11.00839,20.04472,20.74816
6645.37900,-0.26187,-3.44708,62.80843,10.89421,11.01413,20.13015,20.76995
6645.38900,-0.24238,-3.45324,62.90486,10.90659,11.01839,20.19372,20.78616
6645.39900,-0.29118,-3.46590,62.94647,10.87082,11.03372,20.17912,20.86281
6645.40900,-0.30445,-3.44367,63.06479,10.91526,11.09195,20.17372,20.88386
6645.41900,-0.30269,-3.43374,63.10286,10.93659,11.11139,20.17372,20.88116
6645.42900,-0.27708,-3.42757,62.97576,10.94310,11.07750,20.14178,20.81337
6645.43900,-0.27969,-3.43437,62.95592,10.91639,11.07849,20.15491,20.80612
6645.44900,-0.28985,-3.44066,62.98586,10.89759,11.09039,20.17372,20.82416
6645.45900,-0.28985,-3.44066,62.98586,10.89759,11.09039,20.17372,20.82416
6645.46900,-0.26912,-3.42883,62.88997,10.91006,11.07706,20.14405,20.75880
6645.47900,-0.24494,-3.41504,62.77847,10.92456,11.06156,20.10955,20.68280
6645.48900,-0.24658,-3.43640,62.67610,10.89341,10.99815,20.08771,20.69683
6645.49900,-0.29901,-3.43641,62.58678,10.81954,11.04080,20.04165,20.68479
6645.50900,-0.30732,-3.43575,62.57486,10.80859,11.04939,20.03472,20.68216
6645.51900,-0.25640,-3.41937,62.74916,10.90687,11.05707,20.09615,20.68907
6645.52900,-0.28490,-3.41641,62.78886,10.92659,11.05939,20.05472,20.74816
6645.53900,-0.28857,-3.41884,62.89795,10.92659,11.09091,20.10320,20.77725
6645.54900,-0.29096,-3.42041,62.96886,10.92659,11.11139,20.13472,20.79616
6645.55900,-0.28965,-3.42294,62.93639,10.92659,11.09304,20.12060,20.79616
6645.56900,-0.28704,-3.42332,62.88803,10.93241,11.06925,20.09472,20.79165
6645.57900,-0.28545,-3.39169,62.97086,10.97559,11.14239,20.09472,20.75816
6645.58900,-0.29799,-3.39421,62.94002,10.95520,11.14501,20.08165,20.75816
6645.59900,-0.32794,-3.40678,62.88545,10.88552,11.16084,20.08093,20.75816
6645.60900,-0.31967,-3.41488,62.93386,10.86759,11.17339,20.13472,20.75816
6645.61900,-0.33181,-3.41100,62.91442,10.86370,11.18117,20.11139,20.75816
6645.62900,-0.35091,-3.40491,62.88386,10.85759,11.19339,20.07472,20.75816
6645.63900,-0.33654,-3.40694,62.86040,10.87334,11.16382,20.06829,20.75495
6645.64900,-0.30865,-3.41270,62.87850,10.90659,11.12103,20.08445,20.76643
6645.65900,-0.31526,-3.41661,63.05886,10.90659,11.17339,20.16372,20.81516
6645.66900,-0.32515,-3.40355,63.05958,10.92459,11.19175,20.13168,20.81156
6645.67900,-0.33274,-3.39508,63.03134,10.93859,11.19127,20.09272,20.80876
6645.68900,-0.31497,-3.42131,62.97886,10.90659,11.13239,20.12472,20.81516
6645.69900,-0.31734,-3.42479,62.97827,10.90285,11.12630,20.12472,20.82440
6645.70900,-0.32431,-3.43504,62.97654,10.89187,11.10838,20.12472,20.85156
6645.71900,-0.32010,-3.43347,62.93844,10.88132,11.10996,20.12263,20.82453
6645.72900,-0.30134,-3.41839,62.83731,10.86437,11.13313,20.11698,20.72284
6645.73900,-0.25637,-3.40866,62.90041,10.92436,11.12207,20.15343,20.70055
6645.74900,-0.24978,-3.40801,62.89943,10.93000,11.11787,20.15688,20.69468
6645.75900,-0.20514,-3.40445,62.85619,10.95659,11.08595,20.17372,20.63994
6645.76900,-0.19087,-3.40199,62.83713,10.97223,11.07039,20.16935,20.62516
6645.77900,-0.18535,-3.38754,62.90583,11.02459,11.08201,20.15905,20.64019
6645.78900,-0.21105,-3.38665,63.01086,11.02459,11.12139,20.17372,20.69116
6645.79900,-0.20554,-3.39128,62.97002,11.00817,11.11066,20.17793,20.67327
6645.80900,-0.18471,-3.40744,62.83925,10.95329,11.07505,20.19827,20.61264
6645.81900,-0.18390,-3.39752,63.01386,11.00559,11.11139,20.23372,20.66316
6645.82900,-0.18390,-3.39752,63.01386,11.00559,11.11139,20.23372,20.66316
6645.83900,-0.18048,-3.39204,63.01030,11.01592,11.11496,20.22659,20.65282
6645.84900,-0.17431,-3.38214,63.00386,11.03459,11.12139,20.21372,20.63416
6645.85900,-0.18289,-3.39362,62.98657,11.01892,11.09924,20.20832,20.66009
6645.86900,-0.22378,-3.39291,62.93255,10.98490,11.11626,20.15613,20.67526
6645.87900,-0.23890,-3.38819,62.91486,10.97559,11.13239,20.13472,20.67216
6645.88900,-0.19432,-3.38617,62.86486,11.01559,11.08039,20.13472,20.63416
6645.89900,-0.22438,-3.38237,62.95147,10.99196,11.14496,20.15755,20.65699
6645.90900,-0.23249,-3.38134,62.97486,10.98559,11.16239,20.16372,20.66316
6645.91900,-0.23632,-3.37519,62.92935,10.97590,11.17304,20.14532,20.63508
6645.92900,-0.23585,-3.38142,62.92611,10.97559,11.15502,20.14472,20.65079
6645.93900,-0.22889,-3.37412,62.94563,11.00524,11.15239,20.13483,20.65316
6645.94900,-0.25213,-3.36821,63.07456,11.01549,11.20387,20.15452,20.70068
6645.95900,-0.25236,-3.36815,63.07586,11.01559,11.20439,20.15472,20.70116
6645.96900,-0.22446,-3.37223,63.02986,11.02773,11.16478,20.16047,20.67688
6645.97900,-0.24465,-3.39050,62.99311,10.97691,11.15217,20.16372,20.70031
6645.98900,-0.24548,-3.39087,62.99286,10.97559,11.15239,20.16372,20.70116
6645.99900,-0.23495,-3.38433,62.96344,10.99107,11.14465,20.14901,20.67871
6646.00900,-0.23187,-3.38241,62.95486,10.99559,11.14239,20.14472,20.67216
6646.01900,-0.23622,-3.37726,63.00634,11.01473,11.15559,20.14472,20.69130
6646.02900,-0.20672,-3.37844,63.01653,11.04014,11.13050,20.16728,20.67860
6646.03900,-0.19765,-3.37954,63.01186,11.04459,11.12139,20.17372,20.67216
6646.04900,-0.21507,-3.36218,62.96943,11.02887,11.17011,20.14308,20.62737
6646.05900,-0.23560,-3.38775,62.95446,10.98299,11.14010,20.15170,20.67967
6646.06900,-0.23841,-3.39315,62.95386,10.97559,11.13239,20.15472,20.69116
6646.07900,-0.23867,-3.37935,62.95463,10.99862,11.14775,20.13168,20.67657
6646.08900,-0.23875,-3.37517,62.95486,11.00559,11.15239,20.12472,20.67216
6646.09900,-0.23603,-3.37605,62.91305,11.00559,11.13525,20.10800,20.66422
6646.10900,-0.23235,-3.37724,62.85655,11.00559,11.11209,20.08540,20.65348
6646.11900,-0.22077,-3.37519,62.83855,11.01417,11.10281,20.08472,20.63685
6646.12900,-0.22549,-3.37340,62.81025,10.98775,11.12422,20.09029,20.60799
6646.13900,-0.25255,-3.39997,62.70545,10.92923,11.07277,20.05775,20.64570
6646.14900,-0.26616,-3.41728,62.65286,10.90659,11.02939,20.03472,20.68216
6646.15900,-0.25671,-3.41234,62.73881,10.90035,11.07930,20.09711,20.66206
6646.16900,-0.25253,-3.41017,62.77686,10.89759,11.10139,20.12472,20.65316
6646.17900,-0.24300,-3.41068,62.78483,10.91307,11.08727,20.12700,20.65749
6646.18900,-0.22541,-3.40717,62.86021,10.97070,11.06574,20.13216,20.69160
6646.19900,-0.26813,-3.39189,63.00086,10.98559,11.14239,20.12472,20.74816
6646.20900,-0.25625,-3.39068,63.00158,10.98919,11.14239,20.13876,20.73124
6646.21900,-0.23513,-3.38852,63.00286,10.99559,11.14239,20.16372,20.70116
6646.22900,-0.26372,-3.39396,62.99289,10.96758,11.15189,20.14520,20.72822
6646.23900,-0.28982,-3.39924,62.90848,10.95810,11.11715,20.07506,20.75816
6646.24900,-0.28531,-3.39864,62.84886,10.97559,11.08039,20.03472,20.75816
6646.25900,-0.28531,-3.39864,62.84886,10.97559,11.08039,20.03472,20.75816
6646.26900,-0.28531,-3.39864,62.84886,10.97559,11.08039,20.03472,20.75816
6646.27900,-0.34134,-3.39854,62.81781,10.90492,11.14042,20.00878,20.76368
6646.28900,-0.32645,-3.38276,62.81068,10.93394,11.15239,19.99785,20.72649
6646.29900,-0.30054,-3.37763,62.83486,10.95659,11.15239,20.02472,20.70116
6646.30900,-0.31530,-3.38546,62.82928,10.92001,11.16541,20.03712,20.70674
6646.31900,-0.33134,-3.40651,62.90522,10.88932,11.16471,20.08192,20.76927
6646.32900,-0.34123,-3.42950,63.01786,10.87759,11.15239,20.13472,20.85316
6646.33900,-0.34074,-3.39941,63.03791,10.91601,11.20418,20.10688,20.81084
6646.34900,-0.32784,-3.38283,63.01685,10.93845,11.22018,20.09285,20.76537
6646.35900,-0.30955,-3.39357,62.96286,10.92659,11.18339,20.10472,20.74816
6646.36900,-0.29458,-3.39834,63.01804,10.92659,11.18959,20.15370,20.74816
6646.37900,-0.28542,-3.40126,63.05186,10.92659,11.19339,20.18372,20.74816
6646.38900,-0.27478,-3.38922,63.01227,10.95850,11.18087,20.14777,20.72513
6646.39900,-0.26367,-3.37126,62.93515,10.99607,11.16578,20.08827,20.68503
6646.40900,-0.28777,-3.37039,62.83786,10.94659,11.18339,20.05472,20.65316
6646.41900,-0.27943,-3.36253,62.87134,10.98006,11.18339,20.04987,20.65801
6646.42900,-0.27679,-3.35652,62.92510,11.01559,11.18339,20.04472,20.68140
6646.43900,-0.27030,-3.36275,62.94390,11.02471,11.16371,20.05432,20.70116
6646.44900,-0.27669,-3.37240,63.00478,11.01107,11.17215,20.08872,20.73284
6646.45900,-0.29906,-3.37849,63.07186,10.98559,11.20439,20.11472,20.76716
6646.46900,-0.29579,-3.38204,63.06220,10.97914,11.19763,20.12116,20.76426
6646.47900,-0.28897,-3.38943,63.04206,10.96572,11.18353,20.13459,20.75822
6646.48900,-0.29365,-3.36525,63.05586,10.98559,11.23539,20.11472,20.72016
6646.49900,-0.29518,-3.36081,63.04051,10.98232,11.24552,20.10819,20.70448
6646.50900,-0.29830,-3.35174,63.00917,10.97565,11.26619,20.09485,20.67248
6646.51900,-0.30551,-3.36087,62.97803,10.96293,11.24270,20.08174,20.69066
6646.52900,-0.32017,-3.37971,62.91512,10.93710,11.19436,20.05525,20.72841
6646.53900,-0.31795,-3.38485,62.86586,10.90659,11.19339,20.06472,20.70116
6646.54900,-0.31808,-3.38404,62.85372,10.90659,11.19134,20.05855,20.69725
6646.55900,-0.31845,-3.38182,62.82001,10.90659,11.18562,20.04141,20.68639
6646.56900,-0.35333,-3.37692,62.84914,10.88907,11.22688,20.02264,20.71055
6646.57900,-0.37609,-3.37428,62.87686,10.87759,11.25539,20.01472,20.72916
6646.58900,-0.36920,-3.36784,62.89288,10.92626,11.23013,19.98391,20.75257
6646.59900,-0.36492,-3.36383,62.90286,10.95659,11.21439,19.96472,20.76716
6646.60900,-0.37586,-3.36577,62.88710,10.92083,11.23924,19.97684,20.75019
6646.61900,-0.38864,-3.37939,62.86901,10.87947,11.23667,19.99076,20.76211
6646.62900,-0.39235,-3.38749,62.86386,10.86759,11.22439,19.99472,20.77716
6646.63900,-0.37524,-3.37930,62.84691,10.88294,11.22567,19.99588,20.74242
6646.64900,-0.42186,-3.39928,62.93086,10.84759,11.23539,20.00472,20.84316
6646.65900,-0.41054,-3.39526,62.92517,10.85670,11.23539,20.00927,20.82380
6646.66900,-0.37213,-3.38161,62.90586,10.88759,11.23539,20.02472,20.75816
6646.67900,-0.37213,-3.38161,62.90586,10.88759,11.23539,20.02472,20.75816
6646.68900,-0.36432,-3.38548,62.85836,10.88102,11.21457,20.01927,20.74349
6646.69900,-0.37222,-3.36176,63.00586,10.92659,11.28639,20.03472,20.75816
6646.70900,-0.38167,-3.35882,62.97142,10.91792,11.29106,20.01272,20.74972
6646.71900,-0.41072,-3.35480,62.86015,10.88759,11.29323,19.94623,20.73311
6646.72900,-0.39291,-3.38229,62.90055,10.88759,11.23164,19.99193,20.78940
6646.73900,-0.40217,-3.39411,62.87023,10.85384,11.22214,19.99734,20.79691
6646.74900,-0.40375,-3.35711,62.85886,10.89759,11.27639,19.94572,20.73916
6646.75900,-0.40375,-3.35711,62.85886,10.89759,11.27639,19.94572,20.73916
6646.76900,-0.42868,-3.35106,63.04136,10.91671,11.33839,19.97984,20.80641
6646.77900,-0.46784,-3.36401,62.94686,10.84759,11.33839,19.94572,20.81516
6646.78900,-0.46374,-3.35968,62.96516,10.86153,11.34286,19.94670,20.81407
6646.79900,-0.43024,-3.32435,63.11486,10.97559,11.37939,19.95472,20.80516
6646.80900,-0.43436,-3.32632,63.09361,10.96835,11.37364,19.94553,20.80609
6646.81900,-0.47483,-3.34700,62.89278,10.89291,11.32092,19.86379,20.81516
6646.82900,-0.47479,-3.35785,62.95040,10.85393,11.35030,19.93102,20.81516
6646.83900,-0.47476,-3.36490,62.98786,10.82859,11.36939,19.97472,20.81516
6646.84900,-0.44598,-3.34515,62.93438,10.88693,11.34670,19.93204,20.76870
6646.85900,-0.41485,-3.34918,62.82983,10.90755,11.27804,19.90540,20.73884
6646.86900,-0.41463,-3.34988,62.82786,10.90659,11.27639,19.90572,20.73916
6646.87900,-0.40195,-3.32774,62.91018,10.93599,11.33715,19.93512,20.70192
6646.88900,-0.40169,-3.32728,62.91186,10.93659,11.33839,19.93572,20.70116
6646.89900,-0.41582,-3.35618,62.73797,10.86359,11.27031,19.90291,20.70116
6646.90900,-0.45283,-3.35639,62.80015,10.86473,11.29054,19.87858,20.76630
6646.91900,-0.45847,-3.35536,62.81686,10.86759,11.29639,19.87572,20.77716
6646.92900,-0.45847,-3.35536,62.81686,10.86759,11.29639,19.87572,20.77716
6646.93900,-0.44812,-3.34640,62.72766,10.84444,11.31274,19.87022,20.70026
6646.94900,-0.45668,-3.34737,62.73186,10.83859,11.31739,19.86572,20.71016
6646.95900,-0.45668,-3.34737,62.73186,10.83859,11.31739,19.86572,20.71016
6646.96900,-0.43300,-3.34069,62.76186,10.86759,11.31739,19.88572,20.69116
6646.97900,-0.40666,-3.34604,62.77440,10.88505,11.28963,19.91259,20.68713
6646.98900,-0.36399,-3.35931,62.79723,10.90422,11.24197,19.96651,20.68453
6646.99900,-0.33543,-3.37800,62.81786,10.89759,11.20439,20.02472,20.69116
6647.00900,-0.34328,-3.37086,62.87457,10.89208,11.24954,20.04674,20.68620
6647.01900,-0.33191,-3.37790,63.00126,10.90499,11.26179,20.11272,20.72176
6647.02900,-0.32009,-3.38645,63.05486,10.91659,11.24539,20.14472,20.74816
6647.03900,-0.30054,-3.36758,63.00819,10.95840,11.23933,20.10836,20.70210
6647.04900,-0.30725,-3.36413,62.92133,10.94573,11.23092,20.06845,20.67623
6647.05900,-0.33566,-3.37705,62.83886,10.88759,11.22439,20.04472,20.68216
6647.06900,-0.33160,-3.36951,62.90261,10.91946,11.23574,20.05012,20.69729
6647.07900,-0.32815,-3.36311,62.95686,10.94659,11.24539,20.05472,20.71016
6647.08900,-0.31904,-3.37167,62.87437,10.92614,11.21316,20.04779,20.68728
6647.09900,-0.30404,-3.38575,62.73914,10.89262,11.16032,20.03642,20.64978
6647.10900,-0.31138,-3.36942,62.82438,10.93546,11.19245,20.02495,20.67152
6647.11900,-0.31067,-3.37193,62.85064,10.92875,11.20150,20.04563,20.67477
6647.12900,-0.28536,-3.37676,62.92836,10.93074,11.21354,20.11872,20.66536
6647.13900,-0.24325,-3.37030,62.94786,10.97559,11.19339,20.14472,20.63416
6647.14900,-0.24151,-3.36431,62.94786,10.99211,11.19339,20.13072,20.63164
6647.15900,-0.23706,-3.34892,62.94786,11.03459,11.19339,20.09472,20.62516
6647.16900,-0.24042,-3.35514,62.93269,11.01714,11.18834,20.09978,20.62744
6647.17900,-0.25034,-3.36978,62.89411,10.97496,11.17652,20.10847,20.63416
6647.18900,-0.25028,-3.36156,62.90786,10.99559,11.18339,20.09472,20.63416
6647.19900,-0.24716,-3.35864,62.93056,11.00189,11.19317,20.10418,20.63132
6647.20900,-0.24386,-3.35378,62.92283,11.00371,11.20204,20.10333,20.61375
6647.21900,-0.25510,-3.35857,62.73986,10.96559,11.16239,20.03472,20.57716
6647.22900,-0.25052,-3.36182,62.75386,10.95914,11.16484,20.05472,20.57516
6647.23900,-0.23450,-3.37318,62.80286,10.93659,11.17339,20.12472,20.56816
6647.24900,-0.23647,-3.37724,62.79497,10.93433,11.16167,20.12021,20.57876
6647.25900,-0.25401,-3.39296,62.79550,10.91823,11.13468,20.11115,20.63145
6647.26900,-0.29336,-3.39931,62.89686,10.88759,11.18339,20.13472,20.69116
6647.27900,-0.27098,-3.39429,62.90619,10.90936,11.17873,20.15005,20.66805
6647.28900,-0.19272,-3.37675,62.93886,10.98559,11.16239,20.20372,20.58716
6647.29900,-0.19995,-3.38216,62.92500,10.97481,11.15337,20.19712,20.59970
6647.30900,-0.22475,-3.40123,62.87095,10.94115,11.11543,20.16799,20.64638
6647.31900,-0.22080,-3.40071,62.84860,10.96190,11.08830,20.14192,20.65649
6647.32900,-0.22087,-3.40135,62.83708,10.95972,11.08465,20.13829,20.65442
6647.33900,-0.23237,-3.39690,62.83199,10.92246,11.13239,20.15635,20.62079
6647.34900,-0.24080,-3.37083,62.77886,10.97559,11.13239,20.06472,20.60616
6647.35900,-0.23471,-3.36655,62.81225,10.99110,11.14045,20.07454,20.60616
6647.36900,-0.20988,-3.34905,62.94886,11.05459,11.17339,20.11472,20.60616
6647.37900,-0.21224,-3.35218,62.93396,11.04379,11.17029,20.11472,20.60516
6647.38900,-0.23293,-3.38041,62.81686,10.94985,11.14513,20.12065,20.60123
6647.39900,-0.22749,-3.38033,62.98686,10.98252,11.17246,20.17999,20.65189
6647.40900,-0.22581,-3.38295,63.03470,10.98611,11.17847,20.20252,20.66760
6647.41900,-0.22555,-3.40414,62.88992,10.92129,11.13392,20.19607,20.63863
6647.42900,-0.19693,-3.41729,62.91286,10.95659,11.07039,20.21372,20.67216
6647.43900,-0.20462,-3.41491,62.91421,10.95273,11.08130,20.20706,20.67312
6647.44900,-0.27460,-3.39326,62.92649,10.91764,11.18042,20.14654,20.68190
6647.45900,-0.27670,-3.39262,62.92686,10.91659,11.18339,20.14472,20.68216
6647.46900,-0.27496,-3.40359,62.90199,10.88782,11.17315,20.16373,20.67728
6647.47900,-0.27319,-3.41479,62.87662,10.85847,11.16271,20.18314,20.67231
6647.48900,-0.29624,-3.39763,62.96395,10.90609,11.19308,20.14512,20.71967
6647.49900,-0.28750,-3.37323,62.91833,10.94619,11.20428,20.09522,20.67264
6647.50900,-0.28838,-3.39077,62.93304,10.92837,11.17888,20.11901,20.70678
6647.51900,-0.28901,-3.40226,62.94286,10.91659,11.16239,20.13472,20.72916
6647.52900,-0.31398,-3.39778,62.91139,10.90413,11.17616,20.09538,20.73572
6647.53900,-0.32710,-3.39543,62.89486,10.89759,11.18339,20.07472,20.73916
6647.54900,-0.31578,-3.39527,62.99512,10.92718,11.18943,20.11096,20.76755
6647.55900,-0.33848,-3.38034,62.96776,10.92590,11.22236,20.06575,20.75375
6647.56900,-0.35205,-3.37365,62.92586,10.91659,11.23539,20.03472,20.73916
6647.57900,-0.31392,-3.40550,62.83236,10.86644,11.16484,20.09422,20.70686
6647.58900,-0.30718,-3.41113,62.81586,10.85759,11.15239,20.10472,20.70116
6647.59900,-0.31268,-3.41380,62.85636,10.84675,11.17008,20.12754,20.71200
6647.60900,-0.33367,-3.39855,62.97902,10.88107,11.22083,20.12312,20.75400
6647.61900,-0.34022,-3.39186,63.01486,10.89759,11.23539,20.11472,20.76716
6647.62900,-0.35221,-3.41808,62.77234,10.83825,11.13735,20.03732,20.75942
6647.63900,-0.36148,-3.40554,62.94318,10.88734,11.18270,20.05878,20.81436
6647.64900,-0.36275,-3.40261,62.97986,10.89759,11.19339,20.06472,20.82416
6647.65900,-0.38188,-3.39587,62.97453,10.87475,11.23297,20.05711,20.80970
6647.66900,-0.38789,-3.39376,62.97286,10.86759,11.24539,20.05472,20.80516
6647.67900,-0.38947,-3.39616,62.97790,10.86272,11.24539,20.05976,20.81003
6647.68900,-0.39636,-3.40660,62.99979,10.84155,11.24539,20.08165,20.83120
6647.69900,-0.35506,-3.41070,62.87581,10.85715,11.17503,20.06517,20.77846
6647.70900,-0.35407,-3.41076,62.87286,10.85759,11.17339,20.06472,20.77716
6647.71900,-0.41889,-3.38727,62.86698,10.82917,11.26451,19.99613,20.77716
6647.72900,-0.41092,-3.39028,62.77876,10.80879,11.24561,19.98482,20.73954
6647.73900,-0.41916,-3.39216,62.76876,10.80445,11.24126,19.97231,20.75075
6647.74900,-0.43097,-3.39478,62.75586,10.79859,11.23539,19.95472,20.76716
6647.75900,-0.38703,-3.40187,62.70192,10.79859,11.19695,19.99192,20.71446
6647.76900,-0.34532,-3.42236,62.73892,10.82339,11.12875,20.04572,20.74106
6647.77900,-0.33631,-3.43223,62.78186,10.83859,11.10139,20.06472,20.77716
6647.78900,-0.37275,-3.42937,62.72764,10.79607,11.13282,20.02775,20.77100
6647.79900,-0.37480,-3.42438,62.88109,10.80983,11.18647,20.08643,20.79837
6647.80900,-0.34532,-3.41981,63.14986,10.86759,11.23539,20.20372,20.84316
6647.81900,-0.36445,-3.40672,63.05808,10.86351,11.24355,20.13479,20.81624
6647.82900,-0.39231,-3.38765,62.92486,10.85759,11.25539,20.03472,20.77716
6647.83900,-0.39231,-3.38765,62.92486,10.85759,11.25539,20.03472,20.77716
6647.84900,-0.43886,-3.38039,63.07405,10.86214,11.32335,20.03561,20.85294
6647.85900,-0.43561,-3.37534,63.03286,10.87759,11.30739,20.00472,20.84316
6647.86900,-0.43561,-3.37534,63.03286,10.87759,11.30739,20.00472,20.84316
6647.87900,-0.39609,-3.38387,62.89370,10.90601,11.20645,19.96552,20.81572
6647.88900,-0.40540,-3.36964,62.92286,10.92659,11.23539,19.94572,20.81516
6647.89900,-0.39739,-3.36895,62.91664,10.93251,11.22917,19.94839,20.80657
6647.90900,-0.38069,-3.36752,62.90367,10.94486,11.21621,19.95394,20.78867
6647.91900,-0.38427,-3.37150,62.88408,10.93570,11.20750,19.94828,20.79260
6647.92900,-0.40073,-3.38311,62.83470,10.90545,11.18837,19.93037,20.81051
6647.93900,-0.39736,-3.39953,62.95802,10.88772,11.20411,20.01353,20.85265
6647.94900,-0.39288,-3.39948,62.95695,10.89378,11.19782,20.01346,20.85190
6647.95900,-0.35628,-3.40666,62.93286,10.91565,11.14769,20.03296,20.83657
6647.96900,-0.33557,-3.43521,62.91986,10.84759,11.13239,20.12472,20.81516
6647.97900,-0.33868,-3.43162,62.91784,10.85495,11.13423,20.11184,20.81682
6647.98900,-0.35222,-3.41601,62.90904,10.88695,11.14223,20.05584,20.82402
6647.99900,-0.35331,-3.41594,62.90426,10.88644,11.14124,20.05242,20.82416
6648.00900,-0.35875,-3.41769,62.89439,10.87529,11.14412,20.05082,20.82416
6648.01900,-0.35588,-3.41709,62.97986,10.86759,11.18339,20.10472,20.82416
6648.02900,-0.33972,-3.41663,62.93162,10.88175,11.15363,20.09032,20.80592
6648.03900,-0.28681,-3.41686,62.77934,10.92071,11.06071,20.05312,20.74480
6648.04900,-0.28025,-3.42401,62.78134,10.89621,11.06621,20.08812,20.73080
6648.05900,-0.27527,-3.42945,62.78286,10.87759,11.07039,20.11472,20.72016
6648.06900,-0.29256,-3.42238,62.79035,10.87402,11.09606,20.09690,20.72337
6648.07900,-0.32378,-3.40961,62.80386,10.86759,11.14239,20.06472,20.72916
6648.08900,-0.31612,-3.41707,62.83846,10.87563,11.12590,20.08483,20.75209
6648.09900,-0.30776,-3.42784,62.95677,10.89680,11.11642,20.13411,20.80943
6648.10900,-0.31095,-3.42751,63.02786,10.90659,11.13239,20.15472,20.83416
6648.11900,-0.29465,-3.40831,63.08955,10.96073,11.15296,20.15472,20.82114
6648.12900,-0.28257,-3.40117,63.08950,10.97831,11.15512,20.15472,20.80134
6648.13900,-0.28084,-3.40179,63.07886,10.97559,11.15239,20.15472,20.79616
6648.14900,-0.25930,-3.41796,62.91377,10.92540,11.10003,20.15472,20.73361
6648.15900,-0.25120,-3.42405,62.85186,10.90659,11.08039,20.15472,20.71016
6648.16900,-0.27786,-3.41537,62.87392,10.88836,11.13027,20.14513,20.71016
6648.17900,-0.26543,-3.43189,62.84630,10.85455,11.10887,20.18336,20.69952
6648.18900,-0.25475,-3.44518,62.82386,10.82859,11.09039,20.21372,20.69116
6648.19900,-0.24645,-3.41757,62.90123,10.90467,11.11747,20.18793,20.69116
6648.20900,-0.22233,-3.40838,62.90537,10.95597,11.09296,20.17372,20.68271
6648.21900,-0.22105,-3.40877,62.90286,10.95659,11.09039,20.17372,20.68216
6648.22900,-0.23134,-3.40524,63.00772,10.94182,11.15169,20.22541,20.68881
6648.23900,-0.23497,-3.40399,63.04486,10.93659,11.17339,20.24372,20.69116
6648.24900,-0.21506,-3.40745,62.89619,10.93659,11.11169,20.19912,20.64879
6648.25900,-0.18781,-3.42109,62.94284,10.95079,11.07619,20.24762,20.66824
6648.26900,-0.17952,-3.42616,62.98286,10.95659,11.07039,20.27372,20.68216
6648.27900,-0.22097,-3.40863,62.82591,10.92009,11.10032,20.17225,20.63325
6648.28900,-0.22190,-3.40446,62.85644,10.92299,11.11960,20.18311,20.63074
6648.29900,-0.21873,-3.40498,62.87586,10.92659,11.12139,20.19372,20.63416
6648.30900,-0.21714,-3.40267,62.90062,10.93630,11.12673,20.19858,20.63902
6648.31900,-0.21546,-3.40022,62.92686,10.94659,11.13239,20.20372,20.64416
6648.32900,-0.21768,-3.38092,62.91372,10.97530,11.15235,20.16527,20.62080
6648.33900,-0.24103,-3.37205,62.91730,10.97257,11.18081,20.13585,20.62806
6648.34900,-0.27661,-3.39154,62.94686,10.91659,11.19339,20.15472,20.68216
6648.35900,-0.27978,-3.38480,62.89267,10.93450,11.17503,20.10546,20.67768
6648.36900,-0.28022,-3.37966,62.83199,10.95497,11.14739,20.05440,20.67522
6648.37900,-0.26217,-3.39620,62.86386,10.94659,11.12139,20.10472,20.69116
6648.38900,-0.25679,-3.38743,62.85632,10.95929,11.13022,20.09611,20.67070
6648.39900,-0.24766,-3.37256,62.84355,10.98082,11.14519,20.08151,20.63603
6648.40900,-0.23853,-3.35768,62.83078,11.00236,11.16015,20.06691,20.60136
6648.41900,-0.24952,-3.35457,62.86513,11.00559,11.17763,20.06472,20.61720
6648.42900,-0.23476,-3.33439,62.95086,11.07759,11.19158,20.05654,20.62516
6648.43900,-0.23045,-3.32999,62.96686,11.09359,11.19339,20.05472,20.62516
6648.44900,-0.25841,-3.31845,63.00259,11.05925,11.27226,20.06605,20.60503
6648.45900,-0.23592,-3.32550,62.88386,11.02459,11.24539,20.07472,20.53916
6648.46900,-0.24218,-3.32099,62.93138,11.04379,11.25547,20.06992,20.56220
6648.47900,-0.24896,-3.31611,62.98286,11.06459,11.26639,20.06472,20.58716
6648.48900,-0.24896,-3.31611,62.98286,11.06459,11.26639,20.06472,20.58716
6648.49900,-0.24973,-3.34154,62.89827,11.02900,11.20183,20.05737,20.61006
6648.50900,-0.29294,-3.33200,62.91186,10.99559,11.26639,20.03472,20.61516
6648.51900,-0.28855,-3.32149,62.89821,11.01974,11.26639,20.01022,20.60186
6648.52900,-0.27296,-3.29526,62.85103,11.05766,11.28407,19.97165,20.53766
6648.53900,-0.25895,-3.28259,62.80986,11.04459,11.31739,19.98472,20.46316
6648.54900,-0.26168,-3.28398,62.80102,11.04459,11.31042,19.97639,20.46962
6648.55900,-0.26972,-3.28807,62.77502,11.04459,11.28992,19.95189,20.48862
6648.56900,-0.27503,-3.29076,62.75786,11.04459,11.27639,19.93572,20.50116
6648.57900,-0.25068,-3.34282,62.60235,10.94151,11.18122,19.99725,20.48238
6648.58900,-0.28107,-3.32072,62.79586,10.98559,11.26639,20.00472,20.53916
6648.59900,-0.27450,-3.31627,62.81552,10.99833,11.27287,20.01120,20.53311
6648.60900,-0.25577,-3.30357,62.87169,11.03475,11.29139,20.02972,20.51583
6648.61900,-0.22886,-3.33329,62.74386,11.01559,11.18339,20.02472,20.52016
6648.62900,-0.23697,-3.33680,62.75743,11.00533,11.18878,20.02994,20.53338
6648.63900,-0.27072,-3.35142,62.81395,10.96257,11.21125,20.05168,20.58845
6648.64900,-0.27541,-3.35376,62.82891,10.96011,11.21254,20.05472,20.60154
6648.65900,-0.27528,-3.35505,62.85955,10.97543,11.20447,20.05472,20.62493
6648.66900,-0.29310,-3.30838,62.95086,11.05459,11.28639,19.99472,20.61516
6648.67900,-0.29310,-3.30838,62.95086,11.05459,11.28639,19.99472,20.61516
6648.68900,-0.29043,-3.30293,62.85767,11.03655,11.28639,19.97067,20.56406
6648.69900,-0.29225,-3.30213,62.80031,11.01998,11.28480,19.95631,20.53922
6648.70900,-0.30723,-3.31389,62.81885,11.00077,11.27818,19.96293,20.57697
6648.71900,-0.29025,-3.32819,62.82286,10.99559,11.24539,19.99472,20.58716
6648.72900,-0.28869,-3.32802,62.81827,10.99559,11.24422,19.99472,20.58375
6648.73900,-0.28160,-3.32729,62.79742,10.99559,11.23887,19.99472,20.56824
6648.74900,-0.27492,-3.32720,62.79646,10.99897,11.23539,20.00055,20.56154
6648.75900,-0.26902,-3.32831,62.83246,11.00864,11.23539,20.01722,20.57121
6648.76900,-0.26313,-3.32943,62.86846,11.01830,11.23539,20.03389,20.58088
6648.77900,-0.25930,-3.33016,62.89186,11.02459,11.23539,20.04472,20.58716
6648.78900,-0.27874,-3.33941,62.99649,11.01067,11.26078,20.08205,20.64300
6648.79900,-0.26428,-3.33026,62.97075,11.03150,11.25611,20.06953,20.61360
6648.80900,-0.27106,-3.31678,63.00019,11.05019,11.28508,20.05551,20.60940
6648.81900,-0.27209,-3.30787,63.01491,11.06676,11.29835,20.04472,20.60507
6648.82900,-0.23774,-3.31984,62.94986,11.08459,11.22439,20.04472,20.59616
6648.83900,-0.23774,-3.31984,62.94986,11.08459,11.22439,20.04472,20.59616
6648.84900,-0.23774,-3.31984,62.94986,11.08459,11.22439,20.04472,20.59616
6648.85900,-0.26243,-3.33952,62.88286,10.99559,11.23539,20.06472,20.58716
6648.86900,-0.25923,-3.33797,62.85391,11.00891,11.21610,20.04175,20.58716
6648.87900,-0.28143,-3.35087,62.83786,10.97179,11.21199,20.03872,20.61536
6648.88900,-0.29874,-3.36068,62.84986,10.93659,11.22439,20.05472,20.63416
6648.89900,-0.26277,-3.34273,62.89935,11.00354,11.22439,20.06442,20.60699
6648.90900,-0.28880,-3.33597,62.94103,10.99579,11.26554,20.05492,20.62478
6648.91900,-0.28936,-3.33584,62.94186,10.99559,11.26639,20.05472,20.62516
6648.92900,-0.27144,-3.33778,63.00272,11.05169,11.22645,20.05472,20.66986
6648.93900,-0.27051,-3.33788,63.00586,11.05459,11.22439,20.05472,20.67216
6648.94900,-0.27638,-3.33458,62.95745,11.02686,11.24413,20.05002,20.63644
6648.95900,-0.25102,-3.33941,62.94986,11.01666,11.23830,20.09334,20.60156
6648.96900,-0.22384,-3.34669,62.98986,11.03459,11.21439,20.13472,20.60616
6648.97900,-0.26394,-3.33879,62.89161,10.99227,11.24380,20.07017,20.58536
6648.98900,-0.26220,-3.32088,63.01486,11.05659,11.27258,20.06927,20.61643
6648.99900,-0.25830,-3.31760,63.05086,11.07459,11.27639,20.07472,20.62516
6649.00900,-0.26807,-3.32972,62.95672,11.02501,11.25912,20.06358,20.60901
6649.01900,-0.27587,-3.33939,62.88186,10.98559,11.24539,20.05472,20.59616
6649.02900,-0.24703,-3.33364,62.94341,11.04323,11.22536,20.06938,20.60544
6649.03900,-0.22579,-3.32806,62.97023,11.09519,11.19831,20.06156,20.61516
6649.04900,-0.24765,-3.32908,62.87786,11.07459,11.18339,20.00472,20.61516
6649.05900,-0.24563,-3.33232,62.88493,11.06173,11.18982,20.02401,20.60937
6649.06900,-0.24115,-3.32248,62.90326,11.06659,11.21859,20.03472,20.58336
6649.07900,-0.23891,-3.31473,62.91286,11.07459,11.23539,20.03472,20.56816
6649.08900,-0.25329,-3.32657,62.95515,11.06316,11.22911,20.04615,20.61673
6649.09900,-0.26406,-3.33545,62.98686,11.05459,11.22439,20.05472,20.65316
6649.10900,-0.26596,-3.32864,62.99246,11.05459,11.24519,20.05472,20.63796
6649.11900,-0.26533,-3.32157,62.97821,11.05051,11.26374,20.05268,20.61128
6649.12900,-0.25173,-3.33389,62.88986,11.03459,11.21439,20.04472,20.59616
6649.13900,-0.25173,-3.33389,62.88986,11.03459,11.21439,20.04472,20.59616
6649.14900,-0.25173,-3.33389,62.88986,11.03459,11.21439,20.04472,20.59616
6649.15900,-0.25109,-3.33433,62.88263,11.02363,11.22158,20.05304,20.58439
6649.16900,-0.25189,-3.33953,62.85186,11.01559,11.20439,20.04472,20.58716
6649.17900,-0.22070,-3.34101,63.05482,11.08324,11.20439,20.12278,20.64440
6649.18900,-0.21595,-3.34124,63.08586,11.09359,11.20439,20.13472,20.65316
6649.19900,-0.24082,-3.36521,62.90454,10.99559,11.17216,20.10683,20.62998
6649.20900,-0.22922,-3.37160,62.92686,10.99559,11.16239,20.13472,20.63416
6649.21900,-0.24237,-3.35630,62.95506,11.02802,11.18213,20.09712,20.64779
6649.22900,-0.25719,-3.33907,62.98686,11.06459,11.20439,20.05472,20.66316
6649.23900,-0.24547,-3.36021,62.90478,11.02187,11.15975,20.07392,20.64924
6649.24900,-0.24157,-3.37907,62.85915,10.97559,11.13796,20.10329,20.64230
6649.25900,-0.25335,-3.37359,62.91686,10.97559,11.17339,20.11472,20.65316
6649.26900,-0.26168,-3.36866,62.92246,10.98804,11.17651,20.09293,20.66499
6649.27900,-0.27940,-3.35819,62.93438,11.01453,11.18313,20.04657,20.69015
6649.28900,-0.22180,-3.35389,62.98386,11.08459,11.14239,20.08472,20.67216
6649.29900,-0.22844,-3.35257,62.99583,11.07337,11.16147,20.09220,20.66879
6649.30900,-0.23955,-3.35038,63.01586,11.05459,11.19339,20.10472,20.66316
6649.31900,-0.23955,-3.35038,63.01586,11.05459,11.19339,20.10472,20.66316
6649.32900,-0.26220,-3.38121,62.98096,10.97724,11.17324,20.13187,20.69861
6649.33900,-0.25501,-3.37544,63.10186,11.01559,11.19339,20.16372,20.72916
6649.34900,-0.26535,-3.36638,63.02191,11.00872,11.19717,20.11602,20.69999
6649.35900,-0.29202,-3.35529,62.81659,10.96716,11.19693,20.01749,20.63501
6649.36900,-0.31268,-3.37453,62.65820,10.88103,11.17430,19.99560,20.60727
6649.37900,-0.30699,-3.37466,62.65609,10.88641,11.16781,19.99742,20.60445
6649.38900,-0.24111,-3.36822,62.69886,10.97559,11.11139,20.02472,20.58716
6649.39900,-0.24281,-3.36897,62.70176,10.97455,11.11139,20.02472,20.59109
6649.40900,-0.26273,-3.37282,62.73974,10.96446,11.12427,20.02472,20.62629
6649.41900,-0.28619,-3.36091,62.79826,10.95935,11.18279,20.02472,20.63140
6649.42900,-0.29949,-3.35485,62.80699,10.95659,11.20531,20.01250,20.63259
6649.43900,-0.30245,-3.35652,62.70302,10.95659,11.16404,19.95694,20.62545
6649.44900,-0.27382,-3.36843,62.98206,11.01323,11.17295,20.07952,20.71636
6649.45900,-0.27263,-3.36892,62.99386,11.01559,11.17339,20.08472,20.72016
6649.46900,-0.29798,-3.35257,62.86586,11.00559,11.18339,19.99472,20.68216
6649.47900,-0.29798,-3.35257,62.86586,11.00559,11.18339,19.99472,20.68216
6649.48900,-0.28704,-3.36768,63.03902,11.00559,11.20274,20.09604,20.73466
6649.49900,-0.29046,-3.36888,63.02153,10.98329,11.21554,20.10472,20.71798
6649.50900,-0.29393,-3.36881,62.99586,10.96559,11.22439,20.10472,20.70116
6649.51900,-0.30379,-3.36439,63.00306,10.96919,11.23555,20.09032,20.70800
6649.52900,-0.32692,-3.36956,62.99768,10.94778,11.24078,20.07541,20.73370
6649.53900,-0.33705,-3.39310,62.96486,10.89759,11.21439,20.09472,20.75816
6649.54900,-0.33963,-3.36802,62.97056,10.94416,11.23911,20.04720,20.74010
6649.55900,-0.34249,-3.34032,62.97686,10.99559,11.26639,19.99472,20.72016
6649.56900,-0.35564,-3.34276,62.90185,10.97232,11.25642,19.96196,20.71114
6649.57900,-0.36283,-3.33720,62.86250,10.96786,11.26230,19.93663,20.69571
6649.58900,-0.35668,-3.33033,62.89886,10.98559,11.27639,19.94572,20.69116
6649.59900,-0.35864,-3.32389,62.90466,10.99042,11.29138,19.94089,20.68197
6649.60900,-0.34366,-3.32114,62.95853,11.00781,11.30067,19.97178,20.67827
6649.61900,-0.33280,-3.32376,62.98886,11.01559,11.29639,19.99472,20.68216
6649.62900,-0.32379,-3.32040,62.96109,11.02069,11.29073,19.98905,20.66063
6649.63900,-0.31689,-3.31783,62.93986,11.02459,11.28639,19.98472,20.64416
6649.64900,-0.31442,-3.31865,62.97738,11.03562,11.28639,19.99575,20.65961
6649.65900,-0.30091,-3.31853,63.00169,11.05829,11.27269,20.00472,20.66599
6649.66900,-0.29563,-3.31817,62.99886,11.06459,11.26639,20.00472,20.66316
6649.67900,-0.30087,-3.31886,62.94104,11.05013,11.25844,19.98304,20.64943
6649.68900,-0.33202,-3.33014,62.94722,11.00168,11.27794,19.98927,20.67834
6649.69900,-0.34293,-3.33427,62.95786,10.98559,11.28639,19.99472,20.69116
6649.70900,-0.36671,-3.32706,62.93455,10.99141,11.29222,19.94286,20.70806
6649.71900,-0.38376,-3.32189,62.91786,10.99559,11.29639,19.90572,20.72016
6649.72900,-0.34233,-3.33659,62.89249,11.00163,11.24083,19.94739,20.70265
6649.73900,-0.31223,-3.35130,63.00131,11.01710,11.22318,20.02927,20.73177
6649.74900,-0.31034,-3.35459,63.08286,11.02459,11.23539,20.06472,20.75816
6649.75900,-0.30698,-3.34693,62.99868,11.02865,11.22279,20.02405,20.72319
6649.76900,-0.30123,-3.33633,62.87342,11.03336,11.20305,19.96594,20.67106
6649.77900,-0.29527,-3.34077,62.85586,11.02459,11.19339,19.97472,20.66316
6649.78900,-0.31440,-3.33708,62.84163,11.00917,11.21395,19.95535,20.66316
6649.79900,-0.34369,-3.33143,62.81986,10.98559,11.24539,19.92572,20.66316
6649.80900,-0.34075,-3.32086,62.85848,10.99955,11.27424,19.93503,20.64966
6649.81900,-0.32125,-3.31451,62.86205,11.01188,11.28068,19.95277,20.61672
6649.82900,-0.29384,-3.32433,62.79286,11.00559,11.23539,19.96472,20.58716
6649.83900,-0.29932,-3.32297,62.82358,11.00799,11.24763,19.96952,20.59844
6649.84900,-0.31452,-3.31918,62.90891,11.01465,11.28163,19.98285,20.62977
6649.85900,-0.29209,-3.33371,62.94786,11.02459,11.24539,20.02472,20.65316
6649.86900,-0.29209,-3.33371,62.94786,11.02459,11.24539,20.02472,20.65316
6649.87900,-0.32137,-3.32235,62.94967,11.01915,11.28284,19.98848,20.65920
6649.88900,-0.34056,-3.31490,62.95086,11.01559,11.30739,19.96472,20.66316
6649.89900,-0.33980,-3.33714,62.90073,10.97995,11.26391,19.97680,20.68007
6649.90900,-0.33786,-3.34237,62.82706,10.96799,11.23539,19.95532,20.66836
6649.91900,-0.33690,-3.33612,62.79986,10.97559,11.23539,19.93572,20.65316
6649.92900,-0.33948,-3.31910,62.85588,10.99347,11.28426,19.94168,20.63647
6649.93900,-0.33941,-3.33691,62.92824,10.99210,11.26211,19.97875,20.69527
6649.94900,-0.34280,-3.34965,62.93146,10.97969,11.24049,19.98782,20.72346
6649.95900,-0.38065,-3.33772,62.80713,10.92374,11.28541,19.92768,20.67030
6649.96900,-0.37464,-3.34609,62.77286,10.89759,11.27639,19.94572,20.65316
6649.97900,-0.37464,-3.34609,62.77286,10.89759,11.27639,19.94572,20.65316
6649.98900,-0.39309,-3.34295,62.82543,10.92481,11.27639,19.91756,20.70667
6649.99900,-0.39429,-3.34275,62.82886,10.92659,11.27639,19.91572,20.71016
6650.00900,-0.37456,-3.33715,62.80966,10.95539,11.25623,19.90612,20.69192
6650.01900,-0.41110,-3.33067,62.82050,10.91780,11.31551,19.89602,20.69116
6650.02900,-0.41226,-3.33047,62.82086,10.91659,11.31739,19.89572,20.69116
6650.03900,-0.39940,-3.33003,62.84718,10.93238,11.31213,19.91151,20.69116
6650.04900,-0.40156,-3.33026,62.85676,10.93987,11.30739,19.90557,20.70392
6650.05900,-0.42875,-3.33150,62.82886,10.92659,11.30739,19.86572,20.72916
6650.06900,-0.41604,-3.34053,62.94821,10.92659,11.32469,19.94269,20.75424
6650.07900,-0.41406,-3.34194,62.96686,10.92659,11.32739,19.95472,20.75816
6650.08900,-0.37623,-3.35314,62.85661,10.94342,11.24071,19.93873,20.73375
6650.09900,-0.35943,-3.36297,62.94192,10.97119,11.21591,19.97730,20.77752
6650.10900,-0.35770,-3.36435,62.96086,10.97559,11.21439,19.98472,20.78616
6650.11900,-0.35013,-3.35859,62.93846,10.97959,11.21839,19.98072,20.75976
6650.12900,-0.35867,-3.34943,62.93153,10.96142,11.25939,19.98305,20.72766
6650.13900,-0.36266,-3.34933,62.93686,10.95659,11.26639,19.98472,20.72916
6650.14900,-0.36266,-3.34933,62.93686,10.95659,11.26639,19.98472,20.72916
6650.15900,-0.34476,-3.34434,63.06486,10.99559,11.28639,20.03472,20.74816
6650.16900,-0.35220,-3.34502,62.98894,10.97174,11.28153,20.01039,20.72529
6650.17900,-0.36618,-3.35278,62.88920,10.93175,11.26489,19.98101,20.71155
6650.18900,-0.37656,-3.36471,62.85586,10.90659,11.24539,19.97472,20.72916
6650.19900,-0.35676,-3.36521,62.73886,10.90119,11.20819,19.95132,20.67816
6650.20900,-0.33522,-3.36980,62.62426,10.89759,11.15879,19.92972,20.63816
6650.21900,-0.32968,-3.37264,62.59986,10.89759,11.14239,19.92572,20.63416
6650.22900,-0.32403,-3.36983,62.59673,10.90420,11.14239,19.92572,20.62441
6650.23900,-0.31493,-3.36529,62.59167,10.91488,11.14239,19.92572,20.60868
6650.24900,-0.31347,-3.36457,62.59086,10.91659,11.14239,19.92572,20.60616
6650.25900,-0.32395,-3.39457,62.67992,10.89145,11.11644,19.97957,20.69246
6650.26900,-0.31183,-3.40461,62.98986,10.92659,11.16239,20.11472,20.78616
6650.27900,-0.31159,-3.40188,62.96350,10.92037,11.16689,20.10829,20.76795
6650.28900,-0.30614,-3.39628,62.92712,10.90656,11.18339,20.11209,20.72508
6650.29900,-0.29091,-3.41101,63.12886,10.93659,11.18339,20.20372,20.80516
6650.30900,-0.28183,-3.41156,63.09281,10.93659,11.16925,20.19916,20.78782
6650.31900,-0.25509,-3.41318,62.98677,10.93659,11.12763,20.18573,20.73681
6650.32900,-0.25349,-3.40313,62.93138,10.93659,11.13596,20.16069,20.69814
6650.33900,-0.26718,-3.38581,62.90966,10.94589,11.16682,20.12076,20.67619
6650.34900,-0.27976,-3.37927,62.93586,10.95659,11.18339,20.10472,20.69116
6650.35900,-0.27192,-3.37233,62.95836,10.98368,11.18339,20.10013,20.69116
6650.36900,-0.23859,-3.37391,62.95196,11.01559,11.14485,20.11352,20.67800
6650.37900,-0.24003,-3.40431,62.83249,10.93322,11.10139,20.13472,20.66316
6650.38900,-0.27390,-3.43408,62.79388,10.84269,11.09638,20.15704,20.69777
6650.39900,-0.27493,-3.44297,62.86086,10.84759,11.09039,20.18372,20.73916
6650.40900,-0.27811,-3.43467,62.89555,10.86321,11.10977,20.18059,20.74197
6650.41900,-0.27790,-3.41909,62.99202,10.90250,11.14722,20.18923,20.75307
6650.42900,-0.25728,-3.42668,63.04986,10.91659,11.13239,20.23372,20.76716
6650.43900,-0.25728,-3.42668,63.04986,10.91659,11.13239,20.23372,20.76716
6650.44900,-0.23218,-3.40617,63.03827,10.97924,11.12240,20.20188,20.73475
6650.45900,-0.24885,-3.41071,62.92386,10.91659,11.13239,20.18372,20.69116
6650.46900,-0.25584,-3.41794,62.88992,10.89580,11.12136,20.17757,20.69519
6650.47900,-0.28190,-3.44484,62.76386,10.81859,11.08039,20.15472,20.71016
6650.48900,-0.28210,-3.44242,62.73794,10.82294,11.07364,20.13729,20.70406
6650.49900,-0.27509,-3.43318,62.65628,10.84408,11.04939,20.08600,20.67680
6650.50900,-0.23847,-3.43057,62.71064,10.87026,11.04939,20.13969,20.65130
6650.51900,-0.22823,-3.42984,62.72586,10.87759,11.04939,20.15472,20.64416
6650.52900,-0.27381,-3.42012,62.82048,10.88724,11.09960,20.12575,20.70788
6650.53900,-0.25251,-3.45195,62.95486,10.90659,11.03939,20.20372,20.80516
6650.54900,-0.25251,-3.45195,62.95486,10.90659,11.03939,20.20372,20.80516
6650.55900,-0.25180,-3.40110,62.87386,10.94659,11.11139,20.12472,20.69116
6650.56900,-0.25322,-3.40369,62.88169,10.94128,11.11229,20.13183,20.69629
6650.57900,-0.26924,-3.42629,62.96362,10.89475,11.12516,20.19555,20.74816
6650.58900,-0.28536,-3.39062,62.99086,10.96559,11.16239,20.11472,20.74816
6650.59900,-0.28536,-3.39062,62.99086,10.96559,11.16239,20.11472,20.74816
6650.60900,-0.29720,-3.38315,63.03276,10.96902,11.19433,20.11472,20.75469
6650.61900,-0.30404,-3.36756,63.05222,10.97559,11.23772,20.10779,20.73112
6650.62900,-0.27424,-3.36503,62.93786,10.97559,11.20439,20.09472,20.66316
6650.63900,-0.27670,-3.37264,62.86855,10.95514,11.17944,20.07739,20.65658
6650.64900,-0.28133,-3.38703,62.73786,10.91659,11.13239,20.04472,20.64416
6650.65900,-0.31371,-3.38400,62.86939,10.91659,11.18697,20.06261,20.70321
6650.66900,-0.24592,-3.38903,62.86490,10.97267,11.11545,20.10274,20.67404
6650.67900,-0.24219,-3.38931,62.86386,10.97559,11.11139,20.10472,20.67216
6650.68900,-0.25526,-3.38038,63.02003,10.98529,11.18123,20.15322,20.70029
6650.69900,-0.25566,-3.38011,63.02486,10.98559,11.18339,20.15472,20.70116
6650.70900,-0.28021,-3.39077,62.90634,10.93877,11.15910,20.10731,20.70116
6650.71900,-0.29435,-3.39742,62.85886,10.91353,11.14933,20.08860,20.70740
6650.72900,-0.29312,-3.39711,62.87386,10.91659,11.15239,20.09472,20.71016
6650.73900,-0.28863,-3.38381,62.84362,10.92499,11.17003,20.07792,20.67068
6650.74900,-0.29190,-3.39910,62.90215,10.92659,11.14682,20.10043,20.72830
6650.75900,-0.29259,-3.40207,62.91286,10.92659,11.14239,20.10472,20.73916
6650.76900,-0.28193,-3.39551,62.89257,10.92659,11.15336,20.11020,20.70242
6650.77900,-0.28648,-3.40328,62.91513,10.93386,11.13258,20.10745,20.74125
6650.78900,-0.29148,-3.40821,62.92986,10.93659,11.12139,20.10472,20.76716
6650.79900,-0.28693,-3.40143,62.95980,10.95084,11.13636,20.11185,20.76074
6650.80900,-0.28510,-3.39870,62.97186,10.95659,11.14239,20.11472,20.75816
6650.81900,-0.29554,-3.40007,62.90086,10.92790,11.14239,20.09320,20.73736
6650.82900,-0.28167,-3.40197,62.86854,10.92619,11.12751,20.09912,20.71572
6650.83900,-0.26217,-3.40345,62.86386,10.93659,11.11139,20.11472,20.70116
6650.84900,-0.28033,-3.39305,62.90658,10.95051,11.14115,20.09552,20.71940
6650.85900,-0.28666,-3.38901,62.92873,10.95175,11.15884,20.09601,20.72213
6650.86900,-0.26243,-3.40213,62.88486,10.92659,11.13239,20.13472,20.69116
6650.87900,-0.28062,-3.37858,62.96413,10.96556,11.18626,20.10844,20.70386
6650.88900,-0.30390,-3.34844,63.06586,11.01559,11.25539,20.07472,20.72016
6650.89900,-0.29865,-3.35365,63.05035,11.00365,11.24744,20.08665,20.71260
6650.90900,-0.28154,-3.35584,63.04432,11.00752,11.23539,20.10472,20.69668
6650.91900,-0.27026,-3.34880,63.06586,11.03459,11.23539,20.10472,20.69116
6650.92900,-0.27303,-3.34828,63.04887,11.03459,11.23083,20.09229,20.69116
6650.93900,-0.27837,-3.34712,63.04514,11.03061,11.23672,20.08665,20.69116
6650.94900,-0.28051,-3.34647,63.07586,11.02459,11.25539,20.10472,20.69116
6650.95900,-0.28051,-3.34647,63.07586,11.02459,11.25539,20.10472,20.69116
6650.96900,-0.30835,-3.32713,62.98651,10.99702,11.30482,20.04769,20.63698
6650.97900,-0.30980,-3.32612,62.98186,10.99559,11.30739,20.04472,20.63416
6650.98900,-0.26775,-3.33429,63.01386,11.02932,11.26242,20.08796,20.63416
6650.99900,-0.28894,-3.34209,62.75961,10.95979,11.22054,20.00122,20.57806
6651.00900,-0.29387,-3.34324,62.71386,10.94659,11.21439,19.98472,20.56816
6651.01900,-0.26224,-3.32997,62.71480,10.99286,11.20495,19.98472,20.53227
6651.02900,-0.28545,-3.34735,62.73861,10.95402,11.20439,20.00168,20.57851
6651.03900,-0.28993,-3.35060,62.74286,10.94659,11.20439,20.00472,20.58716
6651.04900,-0.25535,-3.36806,62.76286,10.91659,11.19339,20.09472,20.55816
6651.05900,-0.24893,-3.36962,62.79256,10.92957,11.18657,20.10572,20.57070
6651.06900,-0.23058,-3.38067,62.89610,10.96268,11.15946,20.15044,20.62352
6651.07900,-0.25035,-3.40575,62.88810,10.90401,11.14613,20.17644,20.66152
6651.08900,-0.25588,-3.41277,62.88586,10.88759,11.14239,20.18372,20.67216
6651.09900,-0.26648,-3.38510,62.97376,10.93492,11.20228,20.16440,20.67216
6651.10900,-0.25822,-3.39576,63.15386,10.95659,11.21439,20.24372,20.73916
6651.11900,-0.25818,-3.39277,63.14086,10.95659,11.21812,20.23736,20.72880
6651.12900,-0.25778,-3.36276,63.01086,10.95659,11.25539,20.17372,20.62516
6651.13900,-0.25778,-3.36276,63.01086,10.95659,11.25539,20.17372,20.62516
6651.14900,-0.25200,-3.37938,62.72370,10.90857,11.15647,20.08824,20.57042
6651.15900,-0.25522,-3.33623,62.87986,11.03459,11.20439,20.03472,20.60616
6651.16900,-0.25522,-3.33623,62.87986,11.03459,11.20439,20.03472,20.60616
6651.17900,-0.25841,-3.31340,63.00625,11.09239,11.25436,20.03472,20.62478
6651.18900,-0.28989,-3.36290,62.98632,10.97795,11.22501,20.09352,20.68984
6651.19900,-0.29053,-3.36392,62.98586,10.97559,11.22439,20.09472,20.69116
6651.20900,-0.24535,-3.35836,63.02758,10.99499,11.23507,20.16167,20.63585
6651.21900,-0.24397,-3.35819,63.02886,10.99559,11.23539,20.16372,20.63416
6651.22900,-0.21450,-3.36535,62.88483,10.97599,11.18444,20.15490,20.56949
6651.23900,-0.22783,-3.41232,63.00121,10.91834,11.15331,20.25078,20.67877
6651.24900,-0.22825,-3.41375,63.00486,10.91659,11.15239,20.25372,20.68216
6651.25900,-0.22599,-3.39912,62.95925,10.96734,11.12606,20.18370,20.68216
6651.26900,-0.19279,-3.42884,62.85566,10.93502,11.04009,20.21295,20.66759
6651.27900,-0.18305,-3.44038,62.83186,10.91659,11.01839,20.23372,20.66316
6651.28900,-0.20593,-3.45296,62.76441,10.87527,11.00153,20.20843,20.67918
6651.29900,-0.21020,-3.45531,62.75186,10.86759,10.99839,20.20372,20.68216
6651.30900,-0.21152,-3.45319,62.76354,10.87244,11.00344,20.20273,20.68493
6651.31900,-0.21805,-3.43521,62.86794,10.91760,11.04424,20.19979,20.70632
6651.32900,-0.16887,-3.44642,62.85086,10.92659,10.99839,20.25372,20.67216
6651.33900,-0.17751,-3.44424,62.84086,10.92409,11.00339,20.23872,20.67466
6651.34900,-0.20816,-3.43312,62.80474,10.91999,11.02553,20.18046,20.67876
6651.35900,-0.21730,-3.42418,62.79286,10.92659,11.03939,20.15472,20.67216
6651.36900,-0.19357,-3.42832,62.79751,10.93123,11.02499,20.18678,20.65450
6651.37900,-0.16624,-3.43308,62.80286,10.93659,11.00839,20.22372,20.63416
6651.38900,-0.17125,-3.43621,62.79030,10.91378,11.01817,20.23303,20.62532
6651.39900,-0.17481,-3.45015,62.78009,10.87701,11.01300,20.25958,20.63049
6651.40900,-0.17285,-3.45935,62.78386,10.86759,10.99839,20.27372,20.64416
6651.41900,-0.17285,-3.45935,62.78386,10.86759,10.99839,20.27372,20.64416
6651.42900,-0.14738,-3.46877,62.87449,10.87953,10.99207,20.34372,20.65918
6651.43900,-0.14444,-3.47793,62.84186,10.86759,10.96739,20.34372,20.66316
6651.44900,-0.19833,-3.46066,62.90186,10.86759,11.03588,20.29524,20.70316
6651.45900,-0.23330,-3.44946,62.94086,10.86759,11.08039,20.26372,20.72916
6651.46900,-0.22681,-3.45382,62.92504,10.86193,11.06849,20.27098,20.72364
6651.47900,-0.17515,-3.49031,62.83618,10.82318,10.97570,20.34073,20.69656
6651.48900,-0.16374,-3.49945,62.83986,10.81859,10.95639,20.36372,20.70116
6651.49900,-0.16751,-3.49479,62.84399,10.82031,10.96894,20.35856,20.69618
6651.50900,-0.18571,-3.47236,62.86386,10.82859,11.02939,20.33372,20.67216
6651.51900,-0.18792,-3.47464,62.84799,10.83228,11.01389,20.31896,20.68286
6651.52900,-0.19342,-3.48065,62.93508,10.83312,11.02674,20.35329,20.72193
6651.53900,-0.19484,-3.48239,63.02986,10.82859,11.05939,20.40272,20.73916
6651.54900,-0.21170,-3.49209,62.99303,10.80918,11.03920,20.37936,20.76529
6651.55900,-0.24009,-3.50996,62.92861,10.77165,11.00506,20.34372,20.80818
6651.56900,-0.25416,-3.52613,62.88486,10.72959,10.98739,20.34372,20.82416
6651.57900,-0.27266,-3.52063,62.87358,10.70186,11.02640,20.33902,20.80630
6651.58900,-0.29352,-3.51442,62.86086,10.67059,11.07039,20.33372,20.78616
6651.59900,-0.27638,-3.52503,62.85710,10.69362,11.01681,20.33372,20.81295
6651.60900,-0.26814,-3.53564,62.81675,10.70434,10.96293,20.31504,20.83444
6651.61900,-0.29178,-3.53275,62.73993,10.67188,10.97684,20.27531,20.81590
6651.62900,-0.30137,-3.52105,62.79922,10.68571,11.01568,20.27681,20.82103
6651.63900,-0.32012,-3.49596,62.93479,10.71860,11.09890,20.28352,20.83378
6651.64900,-0.30566,-3.51467,62.91486,10.71959,11.03939,20.29372,20.86216
6651.65900,-0.30939,-3.50970,62.92585,10.71959,11.05691,20.29372,20.85563
6651.66900,-0.31651,-3.50020,62.94686,10.71959,11.09039,20.29372,20.84316
6651.67900,-0.31434,-3.50321,62.93416,10.71959,11.07769,20.29062,20.84626
6651.68900,-0.31359,-3.49744,62.94876,10.73477,11.08349,20.28372,20.84678
6651.69900,-0.32809,-3.45336,63.10086,10.78859,11.20439,20.28372,20.82416
6651.70900,-0.33041,-3.44792,63.08168,10.79212,11.20922,20.26737,20.81298
6651.71900,-0.34098,-3.42318,62.99452,10.80816,11.23114,20.19304,20.76218
6651.72900,-0.35742,-3.39908,62.98956,10.83012,11.27403,20.14472,20.74069
6651.73900,-0.37186,-3.38702,63.06786,10.84759,11.31739,20.14472,20.75816
6651.74900,-0.38381,-3.39597,63.01959,10.82434,11.29892,20.12684,20.76948
6651.75900,-0.39193,-3.40205,62.98686,10.80859,11.28639,20.11472,20.77716
6651.76900,-0.37318,-3.37319,62.96006,10.86369,11.30159,20.07372,20.72106
6651.77900,-0.40716,-3.37033,62.97086,10.82859,11.34839,20.06472,20.72916
6651.78900,-0.40822,-3.36742,62.96293,10.83295,11.34928,20.05492,20.72577
6651.79900,-0.41955,-3.33770,62.87174,10.87195,11.36011,19.95472,20.68496
6651.80900,-0.42475,-3.33908,62.75786,10.80859,11.37939,19.95472,20.61516
6651.81900,-0.42769,-3.33611,62.76408,10.81215,11.38622,19.94995,20.61576
6651.82900,-0.46029,-3.30309,62.83321,10.85175,11.46206,19.89693,20.62248
6651.83900,-0.47331,-3.28991,62.86086,10.86759,11.49239,19.87572,20.62516
6651.84900,-0.43787,-3.33777,62.81722,10.83947,11.37312,19.93390,20.67074
6651.85900,-0.44306,-3.34648,62.87212,10.82889,11.37909,19.96385,20.70029
6651.86900,-0.44325,-3.34670,62.87386,10.82859,11.37939,19.96472,20.70116
6651.87900,-0.43272,-3.33449,62.82954,10.86006,11.36590,19.92682,20.67675
6651.88900,-0.41245,-3.32890,63.02641,10.91420,11.39688,19.99866,20.71667
6651.89900,-0.41151,-3.32898,63.04086,10.91659,11.39939,20.00472,20.72016
6651.90900,-0.44244,-3.33085,62.95112,10.88718,11.39185,19.94515,20.72695
6651.91900,-0.45255,-3.33147,62.92186,10.87759,11.38939,19.92572,20.72916
6651.92900,-0.43299,-3.32051,62.87936,10.89277,11.38939,19.91813,20.67907
6651.93900,-0.44120,-3.31255,62.93992,10.89230,11.43330,19.93635,20.67797
6651.94900,-0.45401,-3.30857,63.00586,10.88759,11.47239,19.95472,20.69116
6651.95900,-0.47197,-3.30211,62.95560,10.88293,11.47705,19.90865,20.68697
6651.96900,-0.49729,-3.28216,62.84598,10.88294,11.49309,19.81828,20.65167
6651.97900,-0.50134,-3.27127,62.80086,10.88759,11.50239,19.78572,20.62516
6651.98900,-0.49002,-3.26135,62.76728,10.88759,11.51772,19.78572,20.57625
6651.99900,-0.48584,-3.25768,62.75486,10.88759,11.52339,19.78572,20.55816
6652.00900,-0.50510,-3.26026,62.77598,10.87439,11.53703,19.78132,20.58324
6652.01900,-0.51093,-3.26357,62.85388,10.89049,11.53961,19.79479,20.62899
6652.02900,-0.49049,-3.26360,62.90986,10.92659,11.52339,19.81572,20.64416
6652.03900,-0.46596,-3.26535,62.92170,10.93842,11.51096,19.84531,20.62700
6652.04900,-0.44405,-3.25156,62.91382,10.96381,11.52081,19.84790,20.58130
6652.05900,-0.44064,-3.24131,62.90286,10.97559,11.53339,19.83572,20.55816
6652.06900,-0.44868,-3.24648,62.85175,10.95747,11.51899,19.81713,20.55816
6652.07900,-0.45668,-3.25195,62.78908,10.93659,11.50239,19.79572,20.55438
6652.08900,-0.44898,-3.25421,62.78729,10.93659,11.49553,19.80601,20.54916
6652.09900,-0.45626,-3.24416,62.84912,10.94426,11.53765,19.81805,20.54916
6652.10900,-0.48614,-3.21904,62.93786,10.95659,11.62639,19.80572,20.54916
6652.11900,-0.48614,-3.21904,62.93786,10.95659,11.62639,19.80572,20.54916
6652.12900,-0.47500,-3.26192,62.83182,10.91473,11.51205,19.81192,20.59312
6652.13900,-0.48712,-3.25506,62.89986,10.94659,11.52339,19.79572,20.63416
6652.14900,-0.45510,-3.26388,62.89893,10.96008,11.48523,19.82829,20.62532
6652.15900,-0.41830,-3.27401,62.89786,10.97559,11.44139,19.86572,20.61516
6652.16900,-0.43063,-3.27828,62.91043,10.95572,11.45396,19.87383,20.62692
6652.17900,-0.45610,-3.27641,62.91088,10.91877,11.49623,19.87400,20.62188
6652.18900,-0.46763,-3.26374,62.88286,10.90659,11.53339,19.85572,20.58716
6652.19900,-0.46763,-3.26374,62.88286,10.90659,11.53339,19.85572,20.58716
6652.20900,-0.42113,-3.26982,62.81284,10.93639,11.46185,19.85912,20.55548
6652.21900,-0.42956,-3.28418,62.81086,10.91659,11.44139,19.86572,20.58716
6652.22900,-0.43031,-3.27096,62.79386,10.93146,11.45688,19.84143,20.56409
6652.23900,-0.43202,-3.24060,62.75486,10.96559,11.49239,19.78572,20.51116
6652.24900,-0.42061,-3.25574,62.78454,10.95187,11.47503,19.83052,20.52712
6652.25900,-0.39487,-3.29665,62.85786,10.91265,11.42766,19.94305,20.57449
6652.26900,-0.43021,-3.31698,62.82786,10.87332,11.40033,19.91639,20.63783
6652.27900,-0.43153,-3.31757,62.79338,10.87301,11.38678,19.89788,20.63572
6652.28900,-0.40622,-3.29646,62.79076,10.93059,11.38639,19.87572,20.59806
6652.29900,-0.42652,-3.29690,62.90386,10.95659,11.39939,19.87572,20.67216
6652.30900,-0.42652,-3.29690,62.90386,10.95659,11.39939,19.87572,20.67216
6652.31900,-0.39355,-3.28432,62.94686,10.97559,11.43039,19.92572,20.61516
6652.32900,-0.39577,-3.29031,62.93146,10.96041,11.42357,19.93012,20.61736
6652.33900,-0.39897,-3.31221,62.90744,10.90879,11.40621,19.96530,20.62714
6652.34900,-0.38247,-3.31456,63.01586,10.91659,11.43039,20.03472,20.63416
6652.35900,-0.37423,-3.31440,63.00923,10.92182,11.42323,20.03821,20.62595
6652.36900,-0.33676,-3.31369,62.97907,10.94563,11.39069,20.05409,20.58865
6652.37900,-0.35148,-3.34790,62.90586,10.87759,11.33839,20.06472,20.62516
6652.38900,-0.34850,-3.34439,62.91135,10.88641,11.34118,20.06292,20.62084
6652.39900,-0.31847,-3.30899,62.96686,10.97559,11.36939,20.04472,20.57716
6652.40900,-0.32198,-3.31064,62.96653,10.97232,11.36799,20.04272,20.58349
6652.41900,-0.35707,-3.32711,62.96319,10.93965,11.35399,20.02272,20.64683
6652.42900,-0.34004,-3.33792,62.83329,10.89897,11.31887,20.02424,20.59121
6652.43900,-0.33848,-3.33814,62.82686,10.89759,11.31739,20.02472,20.58716
6652.44900,-0.32597,-3.33539,62.86264,10.91262,11.32258,20.04546,20.58197
6652.45900,-0.31480,-3.33136,62.88971,10.92751,11.32840,20.06013,20.57367
6652.46900,-0.31917,-3.31662,62.82886,10.93659,11.33839,20.01472,20.53916
6652.47900,-0.29908,-3.33448,63.01170,10.97006,11.32037,20.10056,20.62071
6652.48900,-0.29577,-3.33742,63.04186,10.97559,11.31739,20.11472,20.63416
6652.49900,-0.31130,-3.33403,62.91321,10.96185,11.29499,20.04244,20.61392
6652.50900,-0.30660,-3.31627,62.94827,10.98059,11.33770,20.04782,20.58216
6652.51900,-0.30438,-3.31284,62.96586,10.98559,11.34839,20.05472,20.57716
6652.52900,-0.29072,-3.31470,63.01642,11.00479,11.34199,20.08032,20.58932
6652.53900,-0.31037,-3.33983,63.01997,10.95601,11.32256,20.10226,20.63914
6652.54900,-0.31928,-3.34769,63.01186,10.93659,11.31739,20.10472,20.65316
6652.55900,-0.24284,-3.34566,63.03879,10.97782,11.29130,20.18804,20.58163
6652.56900,-0.22845,-3.34527,63.04386,10.98559,11.28639,20.20372,20.56816
6652.57900,-0.23608,-3.34359,63.05726,10.98559,11.29578,20.19925,20.57665
6652.58900,-0.24514,-3.34159,63.07322,10.98559,11.30695,20.19393,20.58676
6652.59900,-0.24966,-3.33290,63.06586,10.97559,11.33839,20.19372,20.55816
6652.60900,-0.24135,-3.32999,63.04140,10.99393,11.31944,20.17537,20.55266
6652.61900,-0.23608,-3.32814,63.02586,11.00559,11.30739,20.16372,20.54916
6652.62900,-0.25160,-3.34011,62.85965,10.96081,11.26034,20.10376,20.53474
6652.63900,-0.26898,-3.33551,62.74370,10.92198,11.27082,20.06011,20.49079
6652.64900,-0.27170,-3.33367,62.72986,10.91659,11.27639,20.05472,20.48216
6652.65900,-0.24855,-3.33599,62.73042,10.92786,11.25892,20.07727,20.46637
6652.66900,-0.22524,-3.35253,62.75186,10.92259,11.22626,20.12692,20.47609
6652.67900,-0.21908,-3.36936,62.77586,10.90659,11.20439,20.16372,20.50116
6652.68900,-0.22086,-3.36126,62.89585,10.94209,11.23350,20.18502,20.53524
6652.69900,-0.22159,-3.35796,62.94486,10.95659,11.24539,20.19372,20.54916
6652.70900,-0.19621,-3.37245,63.01371,10.96304,11.22316,20.25827,20.56924
6652.71900,-0.19583,-3.37761,63.07878,10.97039,11.22447,20.28372,20.60020
6652.72900,-0.20623,-3.37700,63.11986,10.97559,11.23539,20.28372,20.62516
6652.73900,-0.20485,-3.36617,63.10382,10.98153,11.25381,20.27184,20.59665
6652.74900,-0.18350,-3.35773,63.07975,11.01479,11.23540,20.25776,20.57180
6652.75900,-0.16966,-3.35703,63.07086,11.03459,11.21439,20.25372,20.56816
6652.76900,-0.18464,-3.35141,63.02946,11.02079,11.22914,20.22517,20.55436
6652.77900,-0.20117,-3.34520,62.98386,11.00559,11.24539,20.19372,20.53916
6652.78900,-0.19503,-3.35440,62.88140,10.97786,11.21155,20.17962,20.51237
6652.79900,-0.18921,-3.35799,62.87255,10.97902,11.19736,20.18252,20.51365
6652.80900,-0.19049,-3.35033,62.99286,11.01559,11.22439,20.20372,20.54916
6652.81900,-0.19322,-3.36648,62.94498,10.98320,11.19529,20.20841,20.55808
6652.82900,-0.20141,-3.38064,62.96172,10.95649,11.18881,20.23150,20.58492
6652.83900,-0.21201,-3.37206,63.10934,10.97713,11.24383,20.26853,20.61984
6652.84900,-0.21635,-3.36856,63.16986,10.98559,11.26639,20.28372,20.63416
6652.85900,-0.21635,-3.36856,63.16986,10.98559,11.26639,20.28372,20.63416
6652.86900,-0.17168,-3.36885,62.92412,11.00222,11.16239,20.21035,20.54916
6652.87900,-0.19095,-3.36854,62.91750,10.98291,11.18022,20.19837,20.55600
6652.88900,-0.19337,-3.35878,63.06186,11.00559,11.23539,20.24372,20.57716
6652.89900,-0.19507,-3.35907,63.02403,10.99145,11.23539,20.23665,20.56054
6652.90900,-0.18568,-3.36200,62.93758,10.97519,11.21307,20.22372,20.52560
6652.91900,-0.15093,-3.36867,62.88958,11.00185,11.15107,20.22372,20.51293
6652.92900,-0.15180,-3.37141,62.89310,10.99551,11.15110,20.23055,20.51594
6652.93900,-0.17909,-3.37999,62.94188,10.94755,11.19256,20.26307,20.53870
6652.94900,-0.17963,-3.38016,62.94286,10.94659,11.19339,20.26372,20.53916
6652.95900,-0.13854,-3.38184,62.98546,11.02026,11.13007,20.27095,20.56419
6652.96900,-0.20934,-3.36709,63.00786,11.00559,11.19339,20.19372,20.61516
6652.97900,-0.19149,-3.37058,62.98594,11.00559,11.17601,20.20884,20.59551
6652.98900,-0.11696,-3.38518,62.89460,11.00559,11.10357,20.27183,20.51362
6652.99900,-0.14431,-3.40125,62.89786,10.97559,11.09039,20.26372,20.56816
6653.00900,-0.14784,-3.39832,62.90416,10.97659,11.09969,20.26072,20.56716
6653.01900,-0.17958,-3.37195,62.96086,10.98559,11.18339,20.23372,20.55816
6653.02900,-0.17683,-3.37308,62.96086,10.98459,11.18129,20.23872,20.55626
6653.03900,-0.15346,-3.38345,62.94918,10.97272,11.16041,20.27877,20.53728
6653.04900,-0.16614,-3.38590,62.84286,10.94659,11.14239,20.23372,20.52016
6653.05900,-0.16649,-3.38534,62.83845,10.94659,11.14239,20.23102,20.51845
6653.06900,-0.17087,-3.37872,62.80254,10.94972,11.14488,20.20372,20.50421
6653.07900,-0.17983,-3.36836,62.89897,10.98454,11.17256,20.20372,20.53814
6653.08900,-0.17994,-3.36498,62.90773,10.99033,11.17918,20.20211,20.53611
6653.09900,-0.17822,-3.33095,62.97290,11.04301,11.24346,20.18426,20.50218
6653.10900,-0.17817,-3.32993,62.97486,11.04459,11.24539,20.18372,20.50116
6653.11900,-0.15864,-3.35988,62.94786,11.03709,11.16064,20.20622,20.54391
6653.12900,-0.17714,-3.35106,62.92280,11.03459,11.17864,20.16940,20.54017
6653.13900,-0.19107,-3.34059,62.91386,11.03459,11.20439,20.14472,20.53016
6653.14900,-0.13954,-3.33861,62.89572,11.06322,11.17480,20.18195,20.47575
6653.15900,-0.17413,-3.33357,62.95335,11.03343,11.23888,20.19008,20.49096
6653.16900,-0.19532,-3.33074,62.98686,11.01559,11.27639,20.19372,20.50116
6653.17900,-0.19544,-3.32360,62.94641,11.03514,11.26224,20.15394,20.49509
6653.18900,-0.19551,-3.32015,62.92686,11.04459,11.25539,20.13472,20.49216
6653.19900,-0.19417,-3.34318,62.89081,11.02027,11.20341,20.14310,20.52402
6653.20900,-0.19439,-3.33681,62.91713,11.03139,11.21918,20.14472,20.52184
6653.21900,-0.19448,-3.33462,62.92386,11.03459,11.22439,20.14472,20.52016
6653.22900,-0.19448,-3.33462,62.92386,11.03459,11.22439,20.14472,20.52016
6653.23900,-0.20006,-3.33553,62.87511,11.01984,11.21939,20.12722,20.50866
6653.24900,-0.19836,-3.33453,62.89486,11.02459,11.22439,20.13472,20.51116
6653.25900,-0.24015,-3.32392,63.00459,11.00379,11.31332,20.14906,20.53841
6653.26900,-0.25660,-3.31975,63.04786,10.99559,11.34839,20.15472,20.54916
6653.27900,-0.20482,-3.33814,62.91033,10.97941,11.26507,20.17818,20.48768
6653.28900,-0.20835,-3.33897,62.99020,11.02505,11.24539,20.16695,20.55281
6653.29900,-0.21139,-3.33829,63.01186,11.03459,11.24539,20.16372,20.56816
6653.30900,-0.20986,-3.31686,62.99539,11.05435,11.27899,20.13803,20.52402
6653.31900,-0.21622,-3.31371,63.00787,11.05010,11.29639,20.13921,20.52217
6653.32900,-0.21894,-3.31673,63.01586,11.04459,11.29639,20.14472,20.53016
6653.33900,-0.22828,-3.32507,63.00665,11.03169,11.28297,20.13946,20.55253
6653.34900,-0.25446,-3.34844,62.98086,10.99559,11.24539,20.12472,20.61516
6653.35900,-0.25446,-3.34844,62.98086,10.99559,11.24539,20.12472,20.61516
6653.36900,-0.20006,-3.35124,62.98866,11.01119,11.22479,20.19212,20.56056
6653.37900,-0.19015,-3.36468,62.99186,10.99559,11.20439,20.22372,20.56816
6653.38900,-0.22345,-3.34057,62.95849,11.00155,11.25326,20.15280,20.55088
6653.39900,-0.24537,-3.34357,62.89866,10.97619,11.24919,20.11672,20.55656
6653.40900,-0.24491,-3.35649,62.87386,10.95659,11.22439,20.12472,20.56816
6653.41900,-0.25824,-3.34880,62.82826,10.95193,11.23417,20.08749,20.55466
6653.42900,-0.27357,-3.33994,62.77586,10.94659,11.24539,20.04472,20.53916
6653.43900,-0.24785,-3.33740,62.72681,10.96414,11.21749,20.04022,20.50496
6653.44900,-0.23149,-3.34237,62.69368,10.96331,11.19294,20.04836,20.48907
6653.45900,-0.24963,-3.35205,62.72586,10.93659,11.20439,20.06472,20.52016
6653.46900,-0.23999,-3.34942,62.76569,10.95171,11.21057,20.08324,20.52016
6653.47900,-0.21909,-3.34371,62.85226,10.98460,11.22399,20.12351,20.52016
6653.48900,-0.25540,-3.32568,63.00386,11.01559,11.29639,20.11472,20.57716
6653.49900,-0.26731,-3.33181,63.00421,10.99144,11.30374,20.12172,20.58731
6653.50900,-0.28942,-3.34318,63.00486,10.94659,11.31739,20.13472,20.60616
6653.51900,-0.27621,-3.35786,62.95216,10.93639,11.26843,20.13812,20.60922
6653.52900,-0.24464,-3.37791,62.88639,10.93612,11.19021,20.15177,20.60829
6653.53900,-0.22741,-3.35290,62.99384,10.99357,11.23968,20.17252,20.58807
6653.54900,-0.23427,-3.32990,63.00731,11.02162,11.27992,20.14115,20.56462
6653.55900,-0.25121,-3.31784,62.87686,11.00892,11.27973,20.06472,20.52349
6653.56900,-0.21935,-3.33247,62.79686,10.99559,11.22439,20.08472,20.49216
6653.57900,-0.21935,-3.33247,62.79686,10.99559,11.22439,20.08472,20.49216
6653.58900,-0.22842,-3.34832,62.86386,10.98559,11.21439,20.11472,20.54916
6653.59900,-0.23490,-3.34331,62.86454,10.98332,11.23071,20.10792,20.54259
6653.60900,-0.25394,-3.32858,62.86654,10.97665,11.27871,20.08792,20.52325
6653.61900,-0.27647,-3.34270,62.82286,10.96559,11.23539,20.04472,20.57716
6653.62900,-0.27483,-3.34058,62.84768,10.97810,11.23751,20.04684,20.58522
6653.63900,-0.26047,-3.33858,62.94228,11.01381,11.24077,20.07870,20.60900
6653.64900,-0.23120,-3.35945,62.95086,10.97559,11.22439,20.16372,20.58716
6653.65900,-0.23803,-3.35548,62.97388,10.98418,11.23488,20.15658,20.59823
6653.66900,-0.26900,-3.33747,63.07852,11.02326,11.28257,20.12413,20.64856
6653.67900,-0.27290,-3.33276,63.10975,11.03756,11.29233,20.11957,20.66029
6653.68900,-0.23624,-3.33904,63.10616,11.05487,11.25638,20.15391,20.64100
6653.69900,-0.33177,-3.35585,62.98786,10.95659,11.26639,20.05472,20.71016
6653.70900,-0.32401,-3.35075,62.99562,10.96927,11.27051,20.05714,20.69869
6653.71900,-0.23358,-3.29519,63.08080,11.11359,11.31001,20.08652,20.57068
6653.72900,-0.21430,-3.32070,63.03913,11.10286,11.23539,20.10472,20.59616
6653.73900,-0.25118,-3.34536,62.94275,10.99757,11.23846,20.10868,20.59804
6653.74900,-0.24769,-3.34140,63.04186,11.01559,11.26639,20.14472,20.61516
6653.75900,-0.24769,-3.34140,63.04186,11.01559,11.26639,20.14472,20.61516
6653.76900,-0.22716,-3.36744,62.93315,10.99090,11.18077,20.14551,20.61595
6653.77900,-0.26847,-3.36314,62.97600,10.94408,11.25458,20.15345,20.62389
6653.78900,-0.27508,-3.36245,62.98286,10.93659,11.26639,20.15472,20.62516
6653.79900,-0.24190,-3.34776,62.94213,11.01319,11.21597,20.10624,20.60674
6653.80900,-0.24087,-3.34731,62.94086,11.01559,11.21439,20.10472,20.60616
6653.81900,-0.23330,-3.32574,63.05683,11.06858,11.26201,20.12008,20.60616
6653.82900,-0.23853,-3.32980,63.03147,11.07643,11.23396,20.09208,20.62901
6653.83900,-0.24023,-3.33218,63.01786,11.07459,11.22439,20.08472,20.63416
6653.84900,-0.24658,-3.34968,62.97289,11.03026,11.20448,20.09757,20.64058
6653.85900,-0.27700,-3.35255,62.96243,10.98737,11.23575,20.09106,20.64826
6653.86900,-0.30913,-3.34433,62.97986,10.96559,11.28639,20.07472,20.65316
6653.87900,-0.30358,-3.34284,62.95154,10.96559,11.28049,20.06882,20.63664
6653.88900,-0.29973,-3.34181,62.93186,10.96559,11.27639,20.06472,20.62516
6653.89900,-0.26652,-3.32984,62.99542,11.02915,11.26835,20.08081,20.61711
6653.90900,-0.25171,-3.32505,63.00793,11.03620,11.27897,20.10149,20.59127
6653.91900,-0.24357,-3.32277,63.00439,11.02610,11.29412,20.12169,20.56248
6653.92900,-0.25998,-3.32523,62.92610,10.99651,11.28919,20.08872,20.55168
6653.93900,-0.24213,-3.32298,63.00739,11.02723,11.29345,20.12413,20.56257
6653.94900,-0.23185,-3.32160,63.05386,11.04459,11.29639,20.14472,20.56816
6653.95900,-0.22615,-3.30533,62.99715,11.07581,11.29002,20.09375,20.53758
6653.96900,-0.22289,-3.29606,62.96486,11.09359,11.28639,20.06472,20.52016
6653.97900,-0.23011,-3.31655,62.89966,11.04360,11.25669,20.07196,20.52740
6653.98900,-0.22591,-3.31223,63.00007,11.06761,11.28020,20.10373,20.54853
6653.99900,-0.21853,-3.29933,63.13386,11.11359,11.31739,20.13472,20.56816
6654.00900,-0.24492,-3.30626,63.02003,11.07843,11.29296,20.07512,20.57352
6654.01900,-0.23591,-3.31772,62.92426,11.06659,11.23919,20.05272,20.56576
6654.02900,-0.21792,-3.32221,62.91186,11.07459,11.21439,20.06472,20.55816
6654.03900,-0.22178,-3.31731,62.96188,11.09374,11.22651,20.06472,20.57692
6654.04900,-0.22778,-3.30968,63.03986,11.12359,11.24539,20.06472,20.60616
6654.05900,-0.23325,-3.32890,62.95013,11.06056,11.22350,20.07540,20.59067
6654.06900,-0.25675,-3.33465,62.96563,11.01692,11.25675,20.09253,20.59943
6654.07900,-0.28584,-3.31746,63.11186,11.03459,11.33839,20.10472,20.63416
6654.08900,-0.28088,-3.33040,63.07050,11.01231,11.31021,20.11381,20.63416
6654.09900,-0.26590,-3.35635,62.98498,10.95385,11.26673,20.15186,20.61254
6654.10900,-0.25531,-3.36857,62.94286,10.91659,11.25539,20.18372,20.58716
6654.11900,-0.24838,-3.35299,62.97172,10.96524,11.25993,20.15940,20.58716
6654.12900,-0.24830,-3.33534,63.00776,11.01784,11.26882,20.12472,20.59638
6654.13900,-0.27793,-3.34907,62.99232,10.96711,11.27617,20.12472,20.62432
6654.14900,-0.28465,-3.34138,62.99553,10.97892,11.28673,20.10472,20.62516
6654.15900,-0.29630,-3.32519,63.00286,11.00559,11.30739,20.06472,20.62516
6654.16900,-0.28814,-3.32615,62.99878,11.01545,11.29345,20.06472,20.62516
6654.17900,-0.27478,-3.32785,62.97127,11.02355,11.27090,20.06247,20.61435
6654.18900,-0.28210,-3.32742,62.91365,10.99110,11.28414,20.05585,20.58256
6654.19900,-0.27985,-3.32577,62.88498,10.99195,11.27770,20.04411,20.57122
6654.20900,-0.27594,-3.31993,62.79787,11.00274,11.25215,19.99601,20.54698
6654.21900,-0.30860,-3.32003,62.73686,10.95659,11.27639,19.96472,20.53916
6654.22900,-0.31150,-3.32308,62.73686,10.94609,11.27849,19.97102,20.54126
6654.23900,-0.32240,-3.33457,62.73686,10.90659,11.28639,19.99472,20.54916
6654.24900,-0.32315,-3.33722,62.73362,10.90532,11.27921,19.99331,20.55578
6654.25900,-0.32670,-3.34988,62.71818,10.89928,11.24498,19.98660,20.58733
6654.26900,-0.29685,-3.33905,62.88486,10.94659,11.28639,20.06472,20.58716
6654.27900,-0.29685,-3.33905,62.88486,10.94659,11.28639,20.06472,20.58716
6654.28900,-0.29938,-3.33862,62.89150,10.95401,11.28249,20.05690,20.59810
6654.29900,-0.29337,-3.34099,62.93862,10.97489,11.27174,20.06799,20.62400
6654.30900,-0.28196,-3.34446,62.98086,10.98559,11.26639,20.09472,20.63416
6654.31900,-0.27869,-3.35055,62.96274,10.97211,11.25664,20.10401,20.62998
6654.32900,-0.27492,-3.35758,62.94186,10.95659,11.24539,20.11472,20.62516
6654.33900,-0.29965,-3.35244,62.96868,10.95204,11.27358,20.09654,20.64652
6654.34900,-0.33852,-3.33996,62.91445,10.94037,11.30056,20.02499,20.64854
6654.35900,-0.34415,-3.33610,62.86186,10.93659,11.29639,19.99472,20.63416
6654.36900,-0.29842,-3.34039,62.84746,10.94506,11.27099,20.04554,20.58588
6654.37900,-0.31151,-3.31746,62.80531,10.95500,11.30931,19.99581,20.54518
6654.38900,-0.31554,-3.31299,62.79786,10.95659,11.31739,19.98472,20.53916
6654.39900,-0.34976,-3.30502,62.88002,10.96413,11.36099,19.96795,20.58695
6654.40900,-0.35635,-3.30348,62.89586,10.96559,11.36939,19.96472,20.59616
6654.41900,-0.30532,-3.32656,62.89417,10.97122,11.29949,20.03237,20.59109
6654.42900,-0.27273,-3.33942,62.97953,11.00281,11.26262,20.09028,20.62383
6654.43900,-0.27823,-3.33542,63.04886,11.02459,11.27639,20.09472,20.65316
6654.44900,-0.29982,-3.30189,62.99537,11.03904,11.33566,20.02244,20.59823
6654.45900,-0.29979,-3.30927,63.00870,11.03019,11.32887,20.03792,20.61172
6654.46900,-0.29655,-3.31714,63.02186,11.02459,11.31739,20.05472,20.62516
6654.47900,-0.30480,-3.31094,62.99301,11.02459,11.32428,20.02849,20.61565
6654.48900,-0.32174,-3.29823,62.93386,11.02459,11.33839,19.97472,20.59616
6654.49900,-0.31804,-3.30786,62.90369,11.00154,11.32416,19.98828,20.58972
6654.50900,-0.31187,-3.32393,62.85341,10.96312,11.30043,20.01088,20.57898
6654.51900,-0.29026,-3.33035,62.91864,10.98090,11.28801,20.05664,20.59309
6654.52900,-0.28631,-3.33107,62.93286,10.98559,11.28639,20.06472,20.59616
6654.53900,-0.28748,-3.30457,62.86650,11.03515,11.28639,19.98072,20.56424
6654.54900,-0.33040,-3.33315,62.92086,10.96559,11.29639,20.01472,20.64416
6654.55900,-0.32129,-3.32146,62.95064,10.98885,11.31594,20.01937,20.62648
6654.56900,-0.31082,-3.30804,62.98486,11.01559,11.33839,20.02472,20.60616
6654.57900,-0.31483,-3.32059,62.91288,10.98609,11.30771,20.01292,20.60616
6654.58900,-0.30368,-3.32331,62.91660,10.98311,11.30450,20.03393,20.59506
6654.59900,-0.29377,-3.31904,62.95486,10.99559,11.31739,20.05472,20.58716
6654.60900,-0.29399,-3.31570,62.94100,10.99844,11.31882,20.04472,20.57902
6654.61900,-0.29506,-3.29848,62.86660,11.01559,11.32279,19.98932,20.53890
6654.62900,-0.29483,-3.30176,62.87686,11.01559,11.31739,19.99472,20.54916
6654.63900,-0.29957,-3.28824,62.95492,11.05183,11.34620,19.99007,20.56682
6654.64900,-0.30503,-3.27271,63.04486,11.09359,11.37939,19.98472,20.58716
6654.65900,-0.30678,-3.27925,62.94122,11.07131,11.34667,19.95336,20.56989
6654.66900,-0.31261,-3.30259,62.84463,11.01185,11.30739,19.95675,20.56864
6654.67900,-0.31786,-3.32442,62.88386,10.96559,11.30739,20.01472,20.59616
6654.68900,-0.31672,-3.30185,62.92526,11.01464,11.33529,19.98772,20.58761
6654.69900,-0.31533,-3.27430,62.97586,11.07459,11.36939,19.95472,20.57716
6654.70900,-0.31533,-3.27430,62.97586,11.07459,11.36939,19.95472,20.57716
6654.71900,-0.31426,-3.29396,63.07700,11.04839,11.37725,20.03232,20.61904
6654.72900,-0.30994,-3.29114,63.16286,11.06459,11.39939,20.06472,20.63416
6654.73900,-0.30994,-3.29114,63.16286,11.06459,11.39939,20.06472,20.63416
6654.74900,-0.29917,-3.28318,63.05337,11.07632,11.37073,20.01472,20.59160
6654.75900,-0.31073,-3.27449,63.14286,11.10359,11.39939,20.01472,20.62516
6654.76900,-0.31552,-3.27301,63.12367,11.10084,11.39939,20.00101,20.62242
6654.77900,-0.32824,-3.26909,63.07286,11.09359,11.39939,19.96472,20.61516
6654.78900,-0.32219,-3.27017,63.06106,11.09459,11.39119,19.96672,20.60856
6654.79900,-0.27256,-3.27649,62.97736,11.10753,11.33095,19.98472,20.55416
6654.80900,-0.30498,-3.25388,63.12586,11.13359,11.42039,19.98472,20.58716
6654.81900,-0.30498,-3.25388,63.12586,11.13359,11.42039,19.98472,20.58716
6654.82900,-0.30740,-3.24897,63.02043,11.09471,11.43518,19.96812,20.52244
6654.83900,-0.33381,-3.25031,62.99186,11.06459,11.45139,19.94572,20.53016
6654.84900,-0.31715,-3.24794,63.00897,11.08636,11.44228,19.95661,20.52372
6654.85900,-0.25891,-3.23965,63.06886,11.16259,11.41039,19.99472,20.50116
6654.86900,-0.25810,-3.24357,63.05846,11.15656,11.40187,19.99680,20.50324
6654.87900,-0.26276,-3.26368,63.00983,11.11429,11.37116,20.00826,20.51612
6654.88900,-0.29887,-3.28775,62.96786,11.02459,11.37939,20.02472,20.53916
6654.89900,-0.29813,-3.28306,62.97206,11.03493,11.38351,20.01753,20.53609
6654.90900,-0.28747,-3.23248,63.01878,11.14998,11.42490,19.94103,20.50287
6654.91900,-0.26501,-3.26070,63.00786,11.12359,11.36939,19.99472,20.52016
6654.92900,-0.26519,-3.26082,63.00732,11.12305,11.36939,19.99472,20.52016
6654.93900,-0.26754,-3.26240,63.00056,11.11629,11.36939,19.99472,20.52016
6654.94900,-0.26849,-3.26303,62.99786,11.11359,11.36939,19.99472,20.52016
6654.95900,-0.29721,-3.27101,63.06509,11.07613,11.40877,20.02353,20.55666
6654.96900,-0.28821,-3.26969,63.13314,11.10243,11.41039,20.04392,20.57640
6654.97900,-0.28779,-3.26962,63.13586,11.10359,11.41039,20.04472,20.57716
6654.98900,-0.28815,-3.27459,62.98322,11.08535,11.36047,19.98712,20.55028
6654.99900,-0.32744,-3.26414,62.97782,11.07499,11.39775,19.93768,20.56740
6655.00900,-0.32907,-3.26370,62.97786,11.07459,11.39939,19.93572,20.56816
6655.01900,-0.30284,-3.23800,62.86190,11.07459,11.42886,19.91671,20.44174
6655.02900,-0.30147,-3.23666,62.85586,11.07459,11.43039,19.91572,20.43516
6655.03900,-0.29814,-3.23840,62.83796,11.07059,11.42319,19.91572,20.42846
6655.04900,-0.27113,-3.25620,62.67450,11.03020,11.35615,19.91460,20.37355
6655.05900,-0.29483,-3.27283,62.65586,10.99559,11.33839,19.90572,20.41616
6655.06900,-0.29348,-3.26730,62.71958,11.01038,11.36153,19.92431,20.42337
6655.07900,-0.29680,-3.28188,62.90028,11.03459,11.36155,19.98440,20.51974
6655.08900,-0.29872,-3.29008,62.92686,11.03459,11.34839,19.99472,20.54916
6655.09900,-0.29273,-3.30083,62.98984,11.04785,11.32784,20.02124,20.59291
6655.10900,-0.28968,-3.30628,63.02186,11.05459,11.31739,20.03472,20.61516
6655.11900,-0.30634,-3.31381,63.08372,11.03245,11.34066,20.06310,20.64751
6655.12900,-0.29317,-3.32501,63.11083,11.00446,11.34727,20.12366,20.63544
6655.13900,-0.27253,-3.32938,63.09486,10.99559,11.33839,20.15472,20.60616
6655.14900,-0.29451,-3.31668,63.04093,10.99949,11.35051,20.09219,20.59873
6655.15900,-0.32723,-3.29587,62.98990,11.00093,11.38847,20.01799,20.58251
6655.16900,-0.32538,-3.29475,63.02786,10.99559,11.41039,20.04472,20.57716
6655.17900,-0.32178,-3.29666,62.90650,10.97513,11.38244,20.01063,20.53830
6655.18900,-0.32010,-3.29755,62.84986,10.96559,11.36939,19.99472,20.52016
6655.19900,-0.31545,-3.30032,62.86837,10.99202,11.34190,19.98415,20.55030
6655.20900,-0.33537,-3.30140,62.94386,10.99789,11.35987,19.98652,20.59958
6655.21900,-0.35207,-3.30044,62.98486,10.98559,11.38939,19.99472,20.61516
6655.22900,-0.37735,-3.30725,62.95390,10.97390,11.37128,19.95441,20.65430
6655.23900,-0.38325,-3.31296,62.98928,10.97719,11.36477,19.95994,20.68738
6655.24900,-0.37448,-3.31359,63.03086,10.98559,11.36939,19.98472,20.69116
6655.25900,-0.35961,-3.31282,63.14331,11.00334,11.39366,20.04390,20.70240
6655.26900,-0.34938,-3.31228,63.22086,11.01559,11.41039,20.08472,20.71016
6655.27900,-0.35083,-3.30407,63.10522,11.00379,11.40390,20.03752,20.66001
6655.28900,-0.34622,-3.29831,63.01508,10.99896,11.39265,20.00472,20.61875
6655.29900,-0.33669,-3.29825,62.99851,11.00467,11.38122,20.00472,20.60790
6655.30900,-0.33996,-3.31531,62.91549,10.96376,11.34555,20.00002,20.60616
6655.31900,-0.33423,-3.32640,62.81090,10.94870,11.29297,19.97192,20.59732
6655.32900,-0.32141,-3.31696,62.79486,10.98559,11.27639,19.94572,20.58716
6655.33900,-0.32220,-3.31359,62.86402,10.99465,11.30116,19.96958,20.59864
6655.34900,-0.32395,-3.30611,63.01771,11.01478,11.35619,20.02260,20.62414
6655.35900,-0.31362,-3.31029,63.02019,11.01559,11.34473,20.03805,20.62183
6655.36900,-0.29126,-3.32468,63.01618,11.00972,11.30938,20.07449,20.62259
6655.37900,-0.28667,-3.34070,63.02595,10.99248,11.28582,20.10323,20.64442
6655.38900,-0.28484,-3.34710,63.02986,10.98559,11.27639,20.11472,20.65316
6655.39900,-0.27253,-3.31313,62.96806,11.03299,11.30099,20.05472,20.57936
6655.40900,-0.30481,-3.32093,62.89686,10.99095,11.29626,20.01472,20.59493
6655.41900,-0.32372,-3.33516,62.88286,10.95659,11.28639,20.01472,20.62516
6655.42900,-0.30495,-3.31976,62.90178,10.99947,11.29270,20.00841,20.60120
6655.43900,-0.29397,-3.31074,62.91286,11.02459,11.29639,20.00472,20.58716
6655.44900,-0.29378,-3.31710,62.79269,10.99662,11.26422,19.97369,20.55816
6655.45900,-0.28738,-3.31825,62.77386,11.00559,11.24539,19.96472,20.55816
6655.46900,-0.29321,-3.31249,62.78301,11.00767,11.26244,19.95869,20.55421
6655.47900,-0.30429,-3.29268,62.83342,11.02347,11.31911,19.95168,20.53916
6655.48900,-0.26032,-3.30118,62.89486,11.05459,11.28639,20.01472,20.53916
6655.49900,-0.26239,-3.30119,62.90406,11.05459,11.28961,20.01625,20.54361
6655.50900,-0.27225,-3.30128,62.94785,11.05459,11.30494,20.02355,20.56477
6655.51900,-0.27383,-3.30129,62.95486,11.05459,11.30739,20.02472,20.56816
6655.52900,-0.29585,-3.29648,62.95657,11.01747,11.35839,20.03066,20.55005
6655.53900,-0.27382,-3.30048,63.03586,11.03459,11.35839,20.08472,20.55816
6655.54900,-0.27211,-3.29900,63.01624,11.03819,11.35191,20.07392,20.55222
6655.55900,-0.25747,-3.28528,62.82029,11.07189,11.28639,19.96472,20.49729
6655.56900,-0.28464,-3.29836,62.84486,11.04459,11.28639,19.96472,20.54916
6655.57900,-0.28464,-3.29836,62.84486,11.04459,11.28639,19.96472,20.54916
6655.58900,-0.28088,-3.30339,62.91486,11.03459,11.30739,20.01472,20.55816
6655.59900,-0.28088,-3.30339,62.91486,11.03459,11.30739,20.01472,20.55816
6655.60900,-0.27438,-3.31547,62.87892,11.00786,11.28804,20.03315,20.54987
6655.61900,-0.23893,-3.28139,62.92482,11.09967,11.30655,20.01552,20.50308
6655.62900,-0.23748,-3.27993,62.92686,11.10359,11.30739,20.01472,20.50116
6655.63900,-0.29109,-3.27473,62.94916,11.03668,11.39661,20.01472,20.50116
6655.64900,-0.21866,-3.32881,62.79236,11.01634,11.21212,20.06274,20.50116
6655.65900,-0.21560,-3.33106,62.78586,11.01559,11.20439,20.06472,20.50116
6655.66900,-0.24578,-3.32056,62.87291,11.02960,11.25013,20.04997,20.54321
6655.67900,-0.25650,-3.31683,62.90386,11.03459,11.26639,20.04472,20.55816
6655.68900,-0.22000,-3.31804,62.86394,11.04290,11.24061,20.06967,20.51075
6655.69900,-0.23140,-3.32450,62.92796,11.05297,11.23539,20.07472,20.56488
6655.70900,-0.23502,-3.32570,62.94186,11.05459,11.23539,20.07472,20.57716
6655.71900,-0.25020,-3.28064,62.94746,11.08510,11.33128,20.02491,20.50618
6655.72900,-0.20912,-3.28322,62.98836,11.12025,11.30356,20.06972,20.49483
6655.73900,-0.19907,-3.28919,62.99586,11.12359,11.28639,20.08472,20.50116
6655.74900,-0.19907,-3.28919,62.99586,11.12359,11.28639,20.08472,20.50116
6655.75900,-0.17987,-3.31839,63.07487,11.12359,11.23372,20.15184,20.56573
6655.76900,-0.17647,-3.32355,63.08886,11.12359,11.22439,20.16372,20.57716
6655.77900,-0.18561,-3.31821,62.96007,11.04643,11.27069,20.16372,20.47923
6655.78900,-0.18055,-3.33481,62.98186,11.06459,11.21439,20.16372,20.53916
6655.79900,-0.17861,-3.33023,63.00615,11.07643,11.22380,20.16676,20.53916
6655.80900,-0.17484,-3.31567,63.05007,11.10887,11.24715,20.16158,20.53247
6655.81900,-0.17802,-3.29721,62.99647,11.13287,11.25515,20.10638,20.50207
6655.82900,-0.17811,-3.29666,62.99486,11.13359,11.25539,20.10472,20.50116
6655.83900,-0.20552,-3.30787,62.91586,11.08459,11.24539,20.07472,20.51116
6655.84900,-0.19146,-3.30551,62.91621,11.09471,11.24190,20.08520,20.49440
6655.85900,-0.20182,-3.30655,62.84783,11.05577,11.25368,20.07522,20.46316
6655.86900,-0.22727,-3.31035,62.79986,11.01559,11.26639,20.05472,20.46316
6655.87900,-0.21942,-3.30889,62.80001,11.02415,11.26189,20.05762,20.45634
6655.88900,-0.16882,-3.30372,62.75469,11.06627,11.21792,20.06640,20.40410
6655.89900,-0.16275,-3.30852,62.68986,11.05459,11.19339,20.05472,20.38716
6655.90900,-0.18780,-3.33127,62.67012,10.99443,11.18399,20.06882,20.42288
6655.91900,-0.21607,-3.35696,62.64786,10.92659,11.17339,20.08472,20.46316
6655.92900,-0.18475,-3.34430,62.70306,10.98087,11.17339,20.10312,20.44568
6655.93900,-0.16511,-3.33131,62.86358,11.04459,11.20220,20.14749,20.46930
6655.94900,-0.18470,-3.33342,62.97386,11.04459,11.23539,20.17372,20.52016
6655.95900,-0.18470,-3.33342,62.97386,11.04459,11.23539,20.17372,20.52016
6655.96900,-0.16721,-3.32923,63.04286,11.07759,11.23839,20.20039,20.52649
6655.97900,-0.14752,-3.31555,63.14486,11.10359,11.28639,20.25372,20.50116
6655.98900,-0.15760,-3.31964,63.08090,11.09046,11.26552,20.22039,20.50453
6655.99900,-0.17754,-3.32773,62.95486,11.06459,11.22439,20.15472,20.51116
6656.00900,-0.18847,-3.33114,62.92471,11.03721,11.23167,20.15125,20.50458
6656.01900,-0.19203,-3.33249,62.84430,11.00881,11.22789,20.13462,20.47297
6656.02900,-0.15833,-3.32243,62.79786,11.05459,11.19339,20.11472,20.43516
6656.03900,-0.15833,-3.32243,62.79786,11.05459,11.19339,20.11472,20.43516
6656.04900,-0.19496,-3.30364,62.90508,11.06425,11.27356,20.10506,20.46221
6656.05900,-0.19301,-3.30599,62.91386,11.06459,11.26985,20.11190,20.46752
6656.06900,-0.16354,-3.33013,62.98043,11.07449,11.21692,20.17786,20.51116
6656.07900,-0.17488,-3.30647,63.04586,11.11359,11.26639,20.15472,20.51116
6656.08900,-0.16970,-3.31285,63.04777,11.10319,11.25982,20.17360,20.51116
6656.09900,-0.15556,-3.33680,63.04976,11.05961,11.23788,20.23875,20.51352
6656.10900,-0.17872,-3.33792,63.02660,11.03702,11.24918,20.21615,20.52426
6656.11900,-0.19146,-3.33854,63.01386,11.02459,11.25539,20.20372,20.53016
6656.12900,-0.19488,-3.33218,63.02391,11.04574,11.25539,20.18257,20.54021
6656.13900,-0.19792,-3.32650,63.03286,11.06459,11.25539,20.16372,20.54916
6656.14900,-0.16835,-3.33423,62.90398,11.06459,11.18843,20.14284,20.50812
6656.15900,-0.18194,-3.32346,62.99858,11.06459,11.25167,20.17000,20.51232
6656.16900,-0.19168,-3.31811,63.05486,11.06459,11.28639,20.18372,20.52016
6656.17900,-0.18703,-3.35246,62.96413,11.03593,11.18802,20.17417,20.56600
6656.18900,-0.23399,-3.36179,62.94086,10.97559,11.21439,20.15472,20.59616
6656.19900,-0.23181,-3.36137,62.93923,10.97619,11.21439,20.15647,20.59217
6656.20900,-0.20763,-3.35662,62.92111,10.98290,11.21439,20.17593,20.54788
6656.21900,-0.19795,-3.35472,62.91386,10.98559,11.21439,20.18372,20.53016
6656.22900,-0.23646,-3.35102,62.97012,10.99529,11.23476,20.14589,20.59418
6656.23900,-0.23976,-3.37178,62.93921,10.98598,11.17585,20.13512,20.64226
6656.24900,-0.23985,-3.37264,62.93786,10.98559,11.17339,20.13472,20.64416
6656.25900,-0.20219,-3.33564,62.92331,11.04282,11.21316,20.12502,20.54231
6656.26900,-0.20474,-3.33830,63.01016,11.02519,11.25416,20.18195,20.54886
6656.27900,-0.20486,-3.33841,63.01286,11.02459,11.25539,20.18372,20.54916
6656.28900,-0.20703,-3.33109,62.97243,11.03053,11.25539,20.15458,20.53192
6656.29900,-0.18567,-3.32519,62.96186,11.05159,11.24689,20.15937,20.50401
6656.30900,-0.18163,-3.32503,62.96486,11.05459,11.24539,20.16372,20.50116
6656.31900,-0.22057,-3.33147,63.11361,11.06309,11.27174,20.17222,20.60656
6656.32900,-0.22742,-3.33260,63.13986,11.06459,11.27639,20.17372,20.62516
6656.33900,-0.22256,-3.33736,63.00430,11.02625,11.25362,20.15205,20.57238
6656.34900,-0.21973,-3.34194,63.08335,11.03765,11.25749,20.18391,20.60430
6656.35900,-0.22015,-3.34225,63.15886,11.05459,11.26639,20.20372,20.63416
6656.36900,-0.23465,-3.33481,63.05372,11.03230,11.27211,20.15286,20.59645
6656.37900,-0.24555,-3.32921,62.97486,11.01559,11.27639,20.11472,20.56816
6656.38900,-0.24919,-3.34781,62.98559,10.99547,11.24890,20.13483,20.60638
6656.39900,-0.24908,-3.34439,63.03484,11.01637,11.25487,20.13844,20.62516
6656.40900,-0.24796,-3.33696,63.06086,11.03459,11.26639,20.13472,20.62516
6656.41900,-0.23680,-3.33702,63.03618,11.04268,11.24940,20.13067,20.61343
6656.42900,-0.22084,-3.33711,63.00092,11.05424,11.22512,20.12489,20.59666
6656.43900,-0.24517,-3.33845,62.87861,10.98766,11.24476,20.09562,20.55057
6656.44900,-0.24556,-3.33828,62.88654,10.98951,11.24619,20.09712,20.55372
6656.45900,-0.24125,-3.33582,63.02086,11.03459,11.25539,20.12472,20.60616
6656.46900,-0.23979,-3.34122,62.97492,11.00871,11.25011,20.13000,20.58609
6656.47900,-0.25174,-3.34953,62.96112,10.98559,11.24539,20.12892,20.60122
6656.48900,-0.26134,-3.35206,62.98086,10.98559,11.24539,20.12472,20.62516
6656.49900,-0.26134,-3.35206,62.98086,10.98559,11.24539,20.12472,20.62516
6656.50900,-0.28094,-3.34453,62.90322,10.99153,11.23281,20.05195,20.62693
6656.51900,-0.26142,-3.34588,62.96086,10.99559,11.24539,20.10472,20.61516
6656.52900,-0.26483,-3.32116,62.96971,11.01860,11.29377,20.08112,20.57622
6656.53900,-0.26720,-3.30399,62.97586,11.03459,11.32739,20.06472,20.54916
6656.54900,-0.26152,-3.31382,62.91679,11.02936,11.28453,20.04904,20.55386
6656.55900,-0.23677,-3.32813,63.01970,11.06542,11.24539,20.09982,20.60906
6656.56900,-0.22335,-3.33179,63.12786,11.09359,11.24539,20.14472,20.64416
6656.57900,-0.22335,-3.33179,63.12786,11.09359,11.24539,20.14472,20.64416
6656.58900,-0.25489,-3.32893,62.99901,11.03859,11.26270,20.09007,20.60765
6656.59900,-0.28137,-3.35287,62.95886,10.98559,11.23539,20.08472,20.65316
6656.60900,-0.27498,-3.34641,63.01620,10.99969,11.25936,20.10822,20.64893
6656.61900,-0.26779,-3.33915,63.08086,11.01559,11.28639,20.13472,20.64416
6656.62900,-0.26193,-3.33031,63.06234,11.03967,11.28022,20.11002,20.63243
6656.63900,-0.24919,-3.31107,63.02207,11.09202,11.26680,20.05633,20.60693
6656.64900,-0.27255,-3.30536,63.01186,11.07459,11.29639,20.03472,20.60616
6656.65900,-0.27255,-3.30536,63.01186,11.07459,11.29639,20.03472,20.60616
6656.66900,-0.29329,-3.29834,62.88404,11.04473,11.30023,19.97135,20.56773
6656.67900,-0.29146,-3.31217,62.78586,11.00559,11.26639,19.96472,20.54916
6656.68900,-0.29326,-3.30875,62.79745,11.01066,11.27488,19.96275,20.54916
6656.69900,-0.30884,-3.27909,62.89786,11.05459,11.34839,19.94572,20.54916
6656.70900,-0.29901,-3.27897,62.84822,11.04439,11.34125,19.94572,20.51686
6656.71900,-0.27149,-3.28092,62.76784,11.03479,11.31685,19.95558,20.46062
6656.72900,-0.25520,-3.28517,62.79886,11.05459,11.29639,19.97472,20.47316
6656.73900,-0.27464,-3.28389,62.82912,11.05119,11.31407,19.96486,20.49900
6656.74900,-0.31233,-3.28142,62.88786,11.04459,11.34839,19.94572,20.54916
6656.75900,-0.31233,-3.28142,62.88786,11.04459,11.34839,19.94572,20.54916
6656.76900,-0.30648,-3.32317,62.81405,10.98155,11.27013,19.98088,20.58149
6656.77900,-0.29924,-3.34766,62.88986,10.96559,11.24539,20.04472,20.63416
6656.78900,-0.29277,-3.34219,62.89756,10.97439,11.25441,20.04912,20.61964
6656.79900,-0.27179,-3.32293,62.95666,11.01190,11.29097,20.07125,20.58254
6656.80900,-0.27882,-3.32342,63.07086,11.03459,11.30739,20.09472,20.63416
6656.81900,-0.27686,-3.32173,63.03862,11.03676,11.29846,20.07947,20.62392
6656.82900,-0.26984,-3.31565,62.92286,11.04459,11.26639,20.02472,20.58716
6656.83900,-0.26984,-3.31565,62.92286,11.04459,11.26639,20.02472,20.58716
6656.84900,-0.27561,-3.32688,62.82550,11.00450,11.24103,20.00836,20.57161
6656.85900,-0.29502,-3.30034,62.79909,10.99559,11.31367,19.97608,20.51375
6656.86900,-0.29588,-3.29896,62.79886,10.99559,11.31739,19.97472,20.51116
6656.87900,-0.27992,-3.30609,62.91072,11.04252,11.29054,20.00615,20.57152
6656.88900,-0.27179,-3.33821,62.86986,11.01559,11.21439,20.02472,20.61516
6656.89900,-0.27179,-3.33821,62.86986,11.01559,11.21439,20.02472,20.61516
6656.90900,-0.29171,-3.32189,63.00964,11.03821,11.28631,20.04212,20.64300
6656.91900,-0.30608,-3.31011,63.11086,11.05459,11.33839,20.05472,20.66316
6656.92900,-0.25946,-3.35513,62.93617,10.98799,11.21872,20.10298,20.62649
6656.93900,-0.28170,-3.33414,63.03886,11.02459,11.27639,20.08472,20.65316
6656.94900,-0.28170,-3.33414,63.03886,11.02459,11.27639,20.08472,20.65316
6656.95900,-0.30817,-3.31705,63.04074,11.02459,11.32433,20.04712,20.64470
6656.96900,-0.30563,-3.32860,63.02837,11.02459,11.28802,20.04472,20.67105
6656.97900,-0.30546,-3.32912,63.02786,11.02459,11.28639,20.04472,20.67216
6656.98900,-0.31865,-3.35793,62.93566,10.93144,11.26738,20.07323,20.66361
6656.99900,-0.31934,-3.35943,62.93086,10.92659,11.26639,20.07472,20.66316
6657.00900,-0.29811,-3.34673,62.85007,10.95841,11.24109,20.03392,20.61664
6657.01900,-0.26539,-3.34620,62.97981,11.03145,11.21535,20.07245,20.66057
6657.02900,-0.26406,-3.34631,62.98686,11.03459,11.21439,20.07472,20.66316
6657.03900,-0.28617,-3.34206,63.01402,11.02230,11.24802,20.06825,20.67545
6657.04900,-0.29170,-3.34630,62.89010,10.96411,11.25073,20.05726,20.61800
6657.05900,-0.28947,-3.34853,62.84286,10.94659,11.24539,20.05472,20.59616
6657.06900,-0.28771,-3.34956,62.84751,10.94847,11.24232,20.05769,20.59903
6657.07900,-0.27170,-3.35890,62.88986,10.96559,11.21439,20.08472,20.62516
6657.08900,-0.27900,-3.35695,62.85594,10.95555,11.21785,20.06741,20.61512
6657.09900,-0.28325,-3.35697,62.96972,10.95353,11.25996,20.11941,20.63681
6657.10900,-0.28153,-3.35764,63.00186,10.95659,11.26639,20.13472,20.64416
6657.11900,-0.28153,-3.35764,63.00186,10.95659,11.26639,20.13472,20.64416
6657.12900,-0.26900,-3.33687,62.83518,10.99559,11.22582,20.03164,20.58213
6657.13900,-0.27854,-3.36359,62.73399,10.91871,11.19339,20.04472,20.57716
6657.14900,-0.28502,-3.34187,62.81778,10.95624,11.24523,20.03915,20.57716
6657.15900,-0.27323,-3.31331,62.93286,11.03459,11.28639,20.03472,20.57716
6657.16900,-0.30351,-3.32594,62.79047,10.96375,11.27194,19.99135,20.56343
6657.17900,-0.31483,-3.31677,62.85034,10.97187,11.31031,19.99632,20.57184
6657.18900,-0.31471,-3.31133,62.89486,10.98559,11.32739,20.00472,20.57716
6657.19900,-0.31125,-3.30807,62.89865,10.99591,11.32739,20.00128,20.57406
6657.20900,-0.28234,-3.30503,62.91186,11.02099,11.31539,20.02472,20.55076
6657.21900,-0.26746,-3.30714,62.91586,11.02459,11.30739,20.04472,20.53916
6657.22900,-0.26746,-3.30714,62.91586,11.02459,11.30739,20.04472,20.53916
6657.23900,-0.28087,-3.30691,62.91686,11.01559,11.31739,20.03472,20.54916
6657.24900,-0.27813,-3.29874,62.88862,11.02489,11.32060,20.01547,20.52766
6657.25900,-0.27355,-3.28510,62.84157,11.04040,11.32595,19.98338,20.49183
6657.26900,-0.27170,-3.32276,62.72986,10.95659,11.26639,20.01472,20.49216
6657.27900,-0.27355,-3.29436,62.81386,11.01539,11.31559,19.99472,20.48816
6657.28900,-0.27767,-3.26037,62.92526,11.08644,11.37796,19.97266,20.48819
6657.29900,-0.28497,-3.30528,62.84786,10.99559,11.31739,20.01472,20.52016
6657.30900,-0.27994,-3.29306,62.93475,11.04112,11.33644,20.01937,20.53782
6657.31900,-0.27417,-3.27902,63.03486,11.09359,11.35839,20.02472,20.55816
6657.32900,-0.28465,-3.28226,62.99602,11.07312,11.35607,20.01077,20.55607
6657.33900,-0.31231,-3.29076,62.88792,11.01885,11.34839,19.97152,20.54916
6657.34900,-0.29872,-3.28645,62.92686,11.04459,11.34839,19.98472,20.54916
6657.35900,-0.29761,-3.28207,62.93553,11.05976,11.34839,19.97543,20.55195
6657.36900,-0.29104,-3.27458,62.92275,11.08372,11.34055,19.95472,20.54375
6657.37900,-0.27886,-3.28129,62.82786,11.05459,11.31739,19.95472,20.50116
6657.38900,-0.27886,-3.28129,62.82786,11.05459,11.31739,19.95472,20.50116
6657.39900,-0.33231,-3.28479,62.88586,11.03459,11.34839,19.92572,20.57716
6657.40900,-0.32935,-3.28905,62.86465,11.02631,11.33736,19.92784,20.57313
6657.41900,-0.30976,-3.30633,62.83923,11.01062,11.29639,19.95946,20.57275
6657.42900,-0.27899,-3.31142,63.03086,11.06459,11.29639,20.04472,20.62516
6657.43900,-0.28542,-3.30103,63.01156,11.06671,11.31612,20.02372,20.60501
6657.44900,-0.29955,-3.26843,62.91060,11.07019,11.36673,19.94990,20.52378
6657.45900,-0.26482,-3.28983,62.80686,11.05459,11.28639,19.96472,20.50116
6657.46900,-0.27831,-3.28983,62.85117,11.04430,11.31243,19.97732,20.51712
6657.47900,-0.32887,-3.28985,63.01786,11.00559,11.41039,20.02472,20.57716
6657.48900,-0.32887,-3.28985,63.01786,11.00559,11.41039,20.02472,20.57716
6657.49900,-0.30917,-3.30334,62.99450,11.02033,11.35008,20.02713,20.59696
6657.50900,-0.29088,-3.29128,63.10165,11.07301,11.36883,20.05392,20.60589
6657.51900,-0.29103,-3.29003,63.08808,11.06962,11.37083,20.05040,20.59723
6657.52900,-0.29877,-3.28021,62.90168,11.01442,11.38683,20.00240,20.49803
6657.53900,-0.28105,-3.33257,62.87476,10.96697,11.28029,20.06231,20.56519
6657.54900,-0.28037,-3.33450,62.87486,10.96559,11.27639,20.06472,20.56816
6657.55900,-0.25247,-3.31539,62.75361,10.98499,11.26669,20.02592,20.47601
6657.56900,-0.25161,-3.31480,62.74986,10.98559,11.26639,20.02472,20.47316
6657.57900,-0.26448,-3.32166,62.67703,10.96407,11.24322,19.99162,20.47813
6657.58900,-0.27380,-3.32872,62.66461,10.95134,11.23214,19.98472,20.49641
6657.59900,-0.27034,-3.33313,62.80486,10.96559,11.25539,20.04472,20.53916
6657.60900,-0.28245,-3.34282,62.84142,10.95657,11.25065,20.05421,20.57999
6657.61900,-0.29160,-3.34442,62.87806,10.95562,11.26013,20.05997,20.60235
6657.62900,-0.28692,-3.33437,62.87386,10.96559,11.27639,20.05472,20.57716
6657.63900,-0.28785,-3.32655,62.99575,11.00819,11.29851,20.07090,20.61815
6657.64900,-0.28864,-3.31990,63.09986,11.04459,11.31739,20.08472,20.65316
6657.65900,-0.24549,-3.33039,63.05826,11.03024,11.28799,20.14138,20.59865
6657.66900,-0.25966,-3.34036,63.09154,11.00371,11.29871,20.16372,20.62540
6657.67900,-0.27178,-3.34262,63.11086,10.99559,11.30739,20.16372,20.64416
6657.68900,-0.26014,-3.34267,63.03738,11.00961,11.26727,20.13036,20.63014
6657.69900,-0.25301,-3.34299,62.94453,11.01352,11.22967,20.09095,20.61038
6657.70900,-0.27727,-3.34417,62.87939,10.96324,11.25367,20.07381,20.58867
6657.71900,-0.28518,-3.34411,62.84322,10.94135,11.26294,20.06636,20.57256
6657.72900,-0.27097,-3.34215,62.83852,10.95497,11.25308,20.07106,20.55941
6657.73900,-0.26397,-3.34218,62.83100,10.96343,11.24187,20.06904,20.55666
6657.74900,-0.30094,-3.35531,62.81578,10.94406,11.21970,20.02725,20.62477
6657.75900,-0.31592,-3.35797,62.85986,10.93659,11.23539,20.03472,20.65316
6657.76900,-0.31436,-3.35097,62.94104,10.95035,11.26958,20.06320,20.65791
6657.77900,-0.30773,-3.34042,63.03561,10.97509,11.30739,20.09472,20.65841
6657.78900,-0.30230,-3.33729,63.04086,10.98559,11.30739,20.09472,20.65316
6657.79900,-0.31563,-3.32634,63.02300,10.99499,11.32196,20.05712,20.64893
6657.80900,-0.31856,-3.31876,63.01101,11.01467,11.31897,20.02725,20.65011
6657.81900,-0.29283,-3.32894,63.02834,11.03401,11.27763,20.05392,20.66278
6657.82900,-0.28810,-3.32958,63.00488,11.03155,11.27002,20.05168,20.65162
6657.83900,-0.27901,-3.33035,62.94986,11.02459,11.25539,20.04472,20.62516
6657.84900,-0.28226,-3.32804,62.93314,11.02041,11.26001,20.03592,20.61680
6657.85900,-0.29418,-3.32240,62.89234,11.00977,11.27177,20.00912,20.60168
6657.86900,-0.29548,-3.33137,62.95786,11.02459,11.25539,20.02472,20.65316
6657.87900,-0.28699,-3.33254,62.94682,11.02459,11.24826,20.03162,20.64235
6657.88900,-0.25822,-3.34217,62.90940,11.01571,11.21733,20.06383,20.61254
6657.89900,-0.25717,-3.36156,62.90786,10.98559,11.19339,20.09472,20.63416
6657.90900,-0.25922,-3.36031,62.91094,10.98705,11.19647,20.09179,20.63563
6657.91900,-0.26857,-3.35461,62.92494,10.99372,11.21047,20.07845,20.64229
6657.92900,-0.26833,-3.35395,62.93846,10.99949,11.21129,20.07972,20.64796
6657.93900,-0.24667,-3.36476,63.02645,11.02768,11.18428,20.12649,20.68800
6657.94900,-0.28734,-3.38855,63.04238,10.95866,11.19313,20.14419,20.74641
6657.95900,-0.28542,-3.38696,63.02126,10.95949,11.18929,20.13572,20.73676
6657.96900,-0.25658,-3.36574,62.83326,10.98359,11.15759,20.06072,20.63136
6657.97900,-0.25139,-3.36265,62.89086,10.96559,11.20439,20.11472,20.60616
6657.98900,-0.25367,-3.36217,62.89556,10.96859,11.20439,20.11072,20.61186
6657.99900,-0.27424,-3.35779,62.93786,10.99559,11.20439,20.07472,20.66316
6658.00900,-0.27424,-3.35779,62.93786,10.99559,11.20439,20.07472,20.66316
6658.01900,-0.24931,-3.36382,62.86453,10.97892,11.17856,20.09139,20.61566
6658.02900,-0.22995,-3.38734,62.88541,10.96598,11.13400,20.14276,20.64267
6658.03900,-0.22937,-3.38825,62.88686,10.96559,11.13239,20.14472,20.64416
6658.04900,-0.25676,-3.37910,62.92468,10.95177,11.18476,20.13745,20.65071
6658.05900,-0.25033,-3.39515,62.87060,10.93711,11.13613,20.13472,20.66264
6658.06900,-0.24942,-3.39622,62.86686,10.93659,11.13239,20.13472,20.66316
6658.07900,-0.27176,-3.36689,62.96397,10.99290,11.19115,20.09392,20.68601
6658.08900,-0.27679,-3.36030,62.98586,11.00559,11.20439,20.08472,20.69116
6658.09900,-0.27575,-3.36611,62.86623,10.95450,11.19728,20.07825,20.63619
6658.10900,-0.28340,-3.37917,62.87973,10.92118,11.19934,20.10713,20.65208
6658.11900,-0.29037,-3.38755,62.94686,10.91659,11.20439,20.13472,20.69116
6658.12900,-0.27407,-3.37274,62.89886,10.94969,11.19529,20.10162,20.65226
6658.13900,-0.27611,-3.37169,62.90485,10.95659,11.19339,20.09472,20.66015
6658.14900,-0.24184,-3.40066,62.83814,10.93979,11.10687,20.12832,20.66316
6658.15900,-0.23276,-3.37848,63.06930,10.99455,11.19455,20.20108,20.67912
6658.16900,-0.23231,-3.37325,63.11586,11.00559,11.21439,20.21372,20.68216
6658.17900,-0.26081,-3.37751,62.98230,10.96443,11.19675,20.14736,20.67376
6658.18900,-0.22470,-3.38649,62.90031,10.94827,11.15929,20.17547,20.61727
6658.19900,-0.21628,-3.38814,62.88886,10.94659,11.15239,20.18372,20.60616
6658.20900,-0.24866,-3.39166,62.85586,10.92530,11.15239,20.14167,20.63650
6658.21900,-0.27714,-3.39475,62.82686,10.90659,11.15239,20.10472,20.66316
6658.22900,-0.23551,-3.37945,62.90283,10.99747,11.13038,20.11182,20.66316
6658.23900,-0.26197,-3.37966,62.99052,10.99227,11.16586,20.12189,20.71049
6658.24900,-0.27907,-3.38220,63.01286,10.97559,11.18339,20.12472,20.72916
6658.25900,-0.25510,-3.38888,62.94371,10.96204,11.15417,20.13898,20.68853
6658.26900,-0.26975,-3.38708,62.94383,10.95659,11.16463,20.12320,20.69941
6658.27900,-0.27933,-3.38531,62.95486,10.95659,11.17339,20.11472,20.71016
6658.28900,-0.26220,-3.40619,62.84614,10.92059,11.11363,20.12192,20.69000
6658.29900,-0.25553,-3.41433,62.80386,10.90659,11.09039,20.12472,20.68216
6658.30900,-0.24313,-3.41398,62.83144,10.91719,11.09039,20.14572,20.67813
6658.31900,-0.21482,-3.41363,62.95477,10.95005,11.10172,20.21501,20.68799
6658.32900,-0.27797,-3.41691,63.02986,10.92659,11.14239,20.18372,20.77716
6658.33900,-0.27205,-3.41220,63.02761,10.94134,11.13989,20.17647,20.76991
6658.34900,-0.25900,-3.39841,63.01406,10.97879,11.13579,20.15132,20.74816
6658.35900,-0.26813,-3.39913,63.00086,10.96559,11.14239,20.14472,20.74816
6658.36900,-0.26318,-3.40464,62.94916,10.96136,11.11325,20.13062,20.74393
6658.37900,-0.25758,-3.41087,62.89086,10.95659,11.08039,20.11472,20.73916
6658.38900,-0.25556,-3.40820,62.79075,10.92886,11.08039,20.09592,20.68558
6658.39900,-0.25967,-3.41629,62.65958,10.85693,11.08412,20.09710,20.62143
6658.40900,-0.27041,-3.43497,62.62886,10.78859,11.09039,20.13472,20.61516
6658.41900,-0.26809,-3.43160,62.62603,10.80579,11.08146,20.11947,20.61930
6658.42900,-0.25666,-3.42344,62.65362,10.86547,11.05385,20.08996,20.64434
6658.43900,-0.24522,-3.43811,62.79386,10.85759,11.07039,20.18372,20.68216
6658.44900,-0.24975,-3.43724,62.78699,10.85759,11.07039,20.17376,20.68525
6658.45900,-0.25841,-3.43557,62.77386,10.85759,11.07039,20.15472,20.69116
6658.46900,-0.25748,-3.43757,62.80956,10.86107,11.07388,20.17022,20.70439
6658.47900,-0.25484,-3.44327,62.91155,10.87102,11.08383,20.21450,20.74220
6658.48900,-0.25264,-3.43922,63.17786,10.90659,11.15239,20.31372,20.80516
6658.49900,-0.24104,-3.43383,63.16430,10.91889,11.15031,20.31163,20.78347
6658.50900,-0.20690,-3.41794,63.12442,10.95509,11.14417,20.30550,20.71966
6658.51900,-0.19364,-3.42218,62.86286,10.94659,11.04939,20.20372,20.66316
6658.52900,-0.19897,-3.42028,62.86180,10.93619,11.06467,20.20584,20.65510
6658.53900,-0.21880,-3.41321,62.85786,10.89759,11.12139,20.21372,20.62516
6658.54900,-0.22803,-3.41421,62.82632,10.89175,11.11341,20.19055,20.63061
6658.55900,-0.26356,-3.41793,62.69811,10.86963,11.08039,20.09779,20.65030
6658.56900,-0.23931,-3.41392,62.71786,10.88759,11.08039,20.12472,20.62516
6658.57900,-0.23746,-3.41248,62.73317,10.89472,11.08257,20.12782,20.62806
6658.58900,-0.22672,-3.40269,62.85442,10.94999,11.09677,20.14812,20.65954
6658.59900,-0.24514,-3.41197,62.81386,10.92659,11.08039,20.12472,20.68216
6658.60900,-0.25470,-3.41040,62.84632,10.92441,11.09825,20.12908,20.69458
6658.61900,-0.28892,-3.40480,62.96286,10.91659,11.16239,20.14472,20.73916
6658.62900,-0.28892,-3.40480,62.96286,10.91659,11.16239,20.14472,20.73916
6658.63900,-0.26205,-3.42175,63.02022,10.91659,11.13566,20.21213,20.75585
6658.64900,-0.27181,-3.40772,63.01314,10.91659,11.17194,20.19443,20.73019
6658.65900,-0.27161,-3.40658,63.00801,10.91982,11.17008,20.18895,20.72916
6658.66900,-0.26224,-3.40076,62.93594,10.95389,11.12681,20.13292,20.72232
6658.67900,-0.23533,-3.40936,62.76486,10.92659,11.07039,20.11472,20.65316
6658.68900,-0.23663,-3.40926,62.76524,10.92616,11.07124,20.11345,20.65439
6658.69900,-0.25110,-3.40809,62.76949,10.92145,11.08068,20.09930,20.66807
6658.70900,-0.26556,-3.40691,62.77373,10.91673,11.09011,20.08514,20.68175
6658.71900,-0.26599,-3.40688,62.77386,10.91659,11.09039,20.08472,20.68216
6658.72900,-0.25432,-3.41498,62.80623,10.91110,11.08491,20.12312,20.68710
6658.73900,-0.24473,-3.42164,62.83286,10.90659,11.08039,20.15472,20.69116
6658.74900,-0.24335,-3.40542,62.88508,10.94007,11.10991,20.14904,20.68605
6658.75900,-0.22573,-3.40235,62.91520,10.94724,11.12177,20.18238,20.66382
6658.76900,-0.22514,-3.40269,62.91486,10.94659,11.12139,20.18372,20.66316
6658.77900,-0.25377,-3.39244,62.94396,10.94659,11.15988,20.15650,20.68100
6658.78900,-0.25564,-3.39177,62.94586,10.94659,11.16239,20.15472,20.68216
6658.79900,-0.24258,-3.41250,62.88600,10.91762,11.11315,20.17306,20.68216
6658.80900,-0.23267,-3.40498,62.81887,10.92629,11.10169,20.14559,20.64530
6658.81900,-0.23238,-3.40473,62.81686,10.92659,11.10139,20.14472,20.64416
6658.82900,-0.21062,-3.36949,62.90144,10.99262,11.16223,20.15214,20.59445
6658.83900,-0.20306,-3.35726,62.93086,11.01559,11.18339,20.15472,20.57716
6658.84900,-0.21640,-3.38619,62.91910,10.96603,11.14895,20.17908,20.62504
6658.85900,-0.24164,-3.37697,62.96676,10.98071,11.17649,20.15128,20.65828
6658.86900,-0.24623,-3.37399,62.97686,10.98559,11.18339,20.14472,20.66316
6658.87900,-0.23594,-3.36652,62.84365,10.97710,11.16558,20.10230,20.59868
6658.88900,-0.23824,-3.36788,62.90078,10.97559,11.18347,20.12872,20.61300
6658.89900,-0.24019,-3.36915,62.93886,10.97559,11.19339,20.14472,20.62516
6658.90900,-0.22662,-3.36607,62.86586,10.98379,11.16797,20.12011,20.59399
6658.91900,-0.22365,-3.36539,62.84986,10.98559,11.16239,20.11472,20.58716
6658.92900,-0.22318,-3.36303,62.92607,11.00728,11.17408,20.13141,20.61331
6658.93900,-0.23026,-3.36999,62.93330,10.99267,11.17203,20.13931,20.62929
6658.94900,-0.23659,-3.37750,62.88786,10.96559,11.16239,20.13472,20.62516
6658.95900,-0.23700,-3.36946,62.84538,10.97279,11.16239,20.10592,20.60428
6658.96900,-0.20059,-3.34387,62.93686,11.06775,11.17031,20.10912,20.58968
6658.97900,-0.18641,-3.33515,62.97886,11.10359,11.17339,20.11472,20.58716
6658.98900,-0.18641,-3.33515,62.97886,11.10359,11.17339,20.11472,20.58716
6658.99900,-0.22371,-3.34649,62.92886,11.04459,11.18339,20.09472,20.60616
6659.00900,-0.20456,-3.35832,62.85971,11.00966,11.16129,20.12323,20.56553
6659.01900,-0.21461,-3.36200,62.80714,10.97657,11.16571,20.11570,20.54916
6659.02900,-0.22488,-3.36137,62.79286,10.96559,11.17339,20.10472,20.54916
6659.03900,-0.20934,-3.33241,62.86296,11.04036,11.20319,20.08720,20.53222
6659.04900,-0.19361,-3.33130,62.93150,11.07857,11.19229,20.10579,20.55486
6659.05900,-0.18925,-3.34942,62.94886,11.06459,11.16239,20.13472,20.58716
6659.06900,-0.20676,-3.33943,63.01809,11.07806,11.20096,20.13007,20.60900
6659.07900,-0.22689,-3.32796,63.09786,11.09359,11.24539,20.12472,20.63416
6659.08900,-0.22452,-3.33192,63.05352,11.06965,11.24267,20.13016,20.61104
6659.09900,-0.21808,-3.34333,62.93816,11.00648,11.23352,20.14561,20.55255
6659.10900,-0.21703,-3.35127,62.97186,11.01559,11.21439,20.15472,20.58716
6659.11900,-0.22197,-3.34550,62.96661,11.02967,11.21439,20.13086,20.59169
6659.12900,-0.23187,-3.33532,62.98586,11.06125,11.21773,20.09439,20.61249
6659.13900,-0.22016,-3.35176,63.05786,11.03459,11.22439,20.17372,20.62516
6659.14900,-0.22275,-3.33944,63.04130,11.04992,11.23727,20.14643,20.60768
6659.15900,-0.22837,-3.31264,63.00530,11.08325,11.26527,20.08709,20.56968
6659.16900,-0.23617,-3.32939,62.97870,11.04753,11.24531,20.09832,20.58754
6659.17900,-0.23704,-3.35891,62.91572,11.00555,11.18352,20.10789,20.61876
6659.18900,-0.20974,-3.34886,62.88786,11.06459,11.14239,20.07472,20.60616
6659.19900,-0.20340,-3.34489,62.89846,11.06700,11.15468,20.08676,20.59002
6659.20900,-0.18422,-3.33287,62.93058,11.07429,11.19190,20.12326,20.54112
6659.21900,-0.17343,-3.34040,62.82186,11.06459,11.14239,20.09472,20.52016
6659.22900,-0.17008,-3.34109,62.79068,11.05610,11.13794,20.09260,20.50404
6659.23900,-0.15760,-3.34369,62.67486,11.02459,11.12139,20.08472,20.44416
6659.24900,-0.16856,-3.34895,62.69840,11.01381,11.12601,20.09132,20.46726
6659.25900,-0.20644,-3.36689,62.80144,10.97999,11.14679,20.12132,20.55334
6659.26900,-0.20326,-3.36445,62.87086,10.99559,11.16239,20.14472,20.56816
6659.27900,-0.20704,-3.36185,62.89484,11.00197,11.17163,20.14472,20.57652
6659.28900,-0.19540,-3.36113,62.98140,11.02899,11.17711,20.17750,20.59780
6659.29900,-0.10664,-3.39119,62.98686,11.04459,11.08039,20.29372,20.56816
6659.30900,-0.11717,-3.38850,63.01766,11.04239,11.10085,20.29592,20.57850
6659.31900,-0.15442,-3.37898,63.12686,11.03459,11.17339,20.30372,20.61516
6659.32900,-0.15442,-3.37898,63.12686,11.03459,11.17339,20.30372,20.61516
6659.33900,-0.17633,-3.38149,63.01086,11.01951,11.14071,20.22932,20.62132
6659.34900,-0.11682,-3.37803,63.05686,11.06459,11.12139,20.29372,20.57716
6659.35900,-0.12104,-3.37780,63.03254,11.05747,11.12059,20.28260,20.57188
6659.36900,-0.16698,-3.37633,62.75254,10.97720,11.10638,20.15706,20.51189
6659.37900,-0.13465,-3.38989,62.74886,10.99559,11.04939,20.18372,20.52016
6659.38900,-0.13852,-3.38939,62.76179,10.99478,11.05610,20.18534,20.52557
6659.39900,-0.18248,-3.38380,62.90886,10.98559,11.13239,20.20372,20.58716
6659.40900,-0.18248,-3.38380,62.90886,10.98559,11.13239,20.20372,20.58716
6659.41900,-0.18101,-3.38726,62.86383,10.96023,11.13239,20.20890,20.56232
6659.42900,-0.18139,-3.38959,62.87934,10.95597,11.13568,20.22029,20.56741
6659.43900,-0.18498,-3.38776,62.99686,10.99559,11.14239,20.23372,20.62516
6659.44900,-0.15723,-3.35126,63.01030,11.06183,11.18175,20.21452,20.55220
6659.45900,-0.15525,-3.34995,63.04031,11.09677,11.16103,20.19736,20.58516
6659.46900,-0.15457,-3.35012,63.06486,11.12359,11.14239,20.18372,20.61516
6659.47900,-0.15005,-3.35454,63.05228,11.10693,11.14239,20.20072,20.60224
6659.48900,-0.14126,-3.36312,63.02786,11.07459,11.14239,20.23372,20.57716
6659.49900,-0.14194,-3.36599,62.97972,11.04139,11.15069,20.24202,20.54562
6659.50900,-0.14727,-3.37191,62.96262,11.03459,11.13512,20.23258,20.56033
6659.51900,-0.15139,-3.37615,62.95686,11.03459,11.12139,20.22372,20.57716
6659.52900,-0.14736,-3.36988,62.88729,11.02741,11.12139,20.20220,20.53628
6659.53900,-0.18831,-3.37215,62.94315,11.00412,11.15810,20.19372,20.58722
6659.54900,-0.20600,-3.37412,62.97786,10.99559,11.17339,20.19372,20.61516
6659.55900,-0.18750,-3.34342,62.98145,11.05941,11.19563,20.15858,20.56783
6659.56900,-0.18021,-3.33132,62.98286,11.08459,11.20439,20.14472,20.54916
6659.57900,-0.18230,-3.34274,62.95429,11.06083,11.18649,20.15126,20.55570
6659.58900,-0.19433,-3.36184,62.94620,11.02093,11.17081,20.16966,20.58479
6659.59900,-0.19982,-3.36000,62.97786,11.02459,11.18339,20.17372,20.59616
6659.60900,-0.17251,-3.33788,62.92303,11.06034,11.18935,20.15048,20.52286
6659.61900,-0.16741,-3.32656,62.92518,11.08120,11.20051,20.13811,20.50536
6659.62900,-0.18976,-3.33271,62.99072,11.07555,11.21238,20.14376,20.55904
6659.63900,-0.19355,-3.33375,63.00186,11.07459,11.21439,20.14472,20.56816
6659.64900,-0.18465,-3.35163,62.92550,11.04969,11.16293,20.14472,20.56816
6659.65900,-0.18282,-3.35530,62.90986,11.04459,11.15239,20.14472,20.56816
6659.66900,-0.15815,-3.32787,62.90317,11.08473,11.18556,20.13711,20.49576
6659.67900,-0.20443,-3.33940,62.93286,11.02459,11.22439,20.14472,20.53916
6659.68900,-0.19715,-3.33172,62.91150,11.03822,11.22439,20.13108,20.51780
6659.69900,-0.16778,-3.32988,62.91637,11.06825,11.20117,20.14615,20.50081
6659.70900,-0.14315,-3.33870,62.95286,11.08459,11.17339,20.18372,20.51116
6659.71900,-0.18343,-3.33126,62.99021,11.05354,11.23819,20.17472,20.52376
6659.72900,-0.23260,-3.32219,63.03586,11.01559,11.31739,20.16372,20.53916
6659.73900,-0.23260,-3.32219,63.03586,11.01559,11.31739,20.16372,20.53916
6659.74900,-0.16822,-3.33910,62.88053,11.04825,11.18306,20.14772,20.50149
6659.75900,-0.16985,-3.35732,62.87186,11.01559,11.16239,20.17372,20.52016
6659.76900,-0.16913,-3.35176,62.86349,11.02458,11.16580,20.16163,20.51148
6659.77900,-0.17297,-3.34295,62.85441,11.03805,11.17339,20.13807,20.50490
6659.78900,-0.19056,-3.35454,62.88522,11.01697,11.17339,20.14888,20.54598
6659.79900,-0.20006,-3.36080,62.90186,11.00559,11.17339,20.15472,20.56816
6659.80900,-0.19886,-3.33896,62.89717,11.04015,11.19741,20.11957,20.54004
6659.81900,-0.19802,-3.32352,62.89386,11.06459,11.21439,20.09472,20.52016
6659.82900,-0.21495,-3.32665,62.90231,11.03009,11.24326,20.10880,20.52016
6659.83900,-0.22868,-3.36761,62.84535,10.95992,11.18036,20.13086,20.57422
6659.84900,-0.23026,-3.37712,62.83086,10.94659,11.16239,20.13472,20.58716
6659.85900,-0.20591,-3.36205,62.75782,10.97896,11.14579,20.10152,20.53155
6659.86900,-0.21797,-3.35202,62.79281,11.00762,11.15708,20.07268,20.55542
6659.87900,-0.22413,-3.34951,62.81086,11.01559,11.16239,20.06472,20.56816
6659.88900,-0.22331,-3.39030,62.84886,10.92659,11.15239,20.17372,20.59616
6659.89900,-0.22258,-3.38979,62.84688,10.92800,11.15169,20.17238,20.59482
6659.90900,-0.21162,-3.38518,62.83262,10.94499,11.14239,20.16424,20.58100
6659.91900,-0.19503,-3.40905,62.96786,10.92659,11.14239,20.27372,20.62516
6659.92900,-0.19503,-3.40905,62.96786,10.92659,11.14239,20.27372,20.62516
6659.93900,-0.22812,-3.38790,62.85570,10.93609,11.15190,20.16061,20.60710
6659.94900,-0.21332,-3.40972,62.89736,10.88054,11.16189,20.25827,20.59666
6659.95900,-0.21246,-3.41093,62.89986,10.87759,11.16239,20.26372,20.59616
6659.96900,-0.19082,-3.37091,62.98457,10.98865,11.19157,20.22607,20.57828
6659.97900,-0.18947,-3.36841,62.98986,10.99559,11.19339,20.22372,20.57716
6659.98900,-0.19662,-3.39284,62.99809,10.97659,11.14779,20.23639,20.63733
6659.99900,-0.22660,-3.40416,62.98598,10.94777,11.14108,20.21559,20.68154
6660.00900,-0.22832,-3.40397,62.98486,10.94659,11.14239,20.21372,20.68216
6660.01900,-0.23696,-3.39341,62.91959,10.93524,11.15999,20.18023,20.64413
6660.02900,-0.21767,-3.38491,62.90934,10.95935,11.15575,20.17908,20.61516
6660.03900,-0.21274,-3.38482,62.91686,10.96559,11.15239,20.18372,20.61516
6660.04900,-0.23584,-3.37956,62.85306,10.94403,11.16603,20.14016,20.60284
6660.05900,-0.26531,-3.37284,62.77186,10.91659,11.18339,20.08472,20.58716
6660.06900,-0.24697,-3.36896,62.75853,10.93659,11.16939,20.08472,20.56783
6660.07900,-0.23027,-3.38736,62.68719,10.91847,11.11178,20.09175,20.56519
6660.08900,-0.22709,-3.39597,62.65986,10.90659,11.09039,20.09472,20.56816
6660.09900,-0.22914,-3.38906,62.67538,10.91129,11.11014,20.09472,20.55923
6660.10900,-0.23321,-3.38730,62.71801,10.90490,11.13635,20.11630,20.56045
6660.11900,-0.24030,-3.41164,62.81986,10.85759,11.15239,20.20372,20.60616
6660.12900,-0.24171,-3.40214,62.83476,10.89964,11.14175,20.16699,20.62639
6660.13900,-0.24295,-3.39380,62.84786,10.93659,11.13239,20.13472,20.64416
6660.14900,-0.23962,-3.39807,62.84715,10.93187,11.12508,20.14392,20.64628
6660.15900,-0.23214,-3.40622,62.87398,10.92619,11.11771,20.17372,20.65636
6660.16900,-0.23917,-3.39412,62.93586,10.94659,11.15239,20.17372,20.66316
6660.17900,-0.22292,-3.38787,62.91803,10.96138,11.14860,20.17372,20.63433
6660.18900,-0.22038,-3.37967,62.93306,10.97251,11.16539,20.17372,20.62143
6660.19900,-0.24963,-3.38214,62.98686,10.95659,11.19339,20.17372,20.66316
6660.20900,-0.24963,-3.38214,62.98686,10.95659,11.19339,20.17372,20.66316
6660.21900,-0.21968,-3.35562,62.74949,10.97108,11.16843,20.08531,20.52467
6660.22900,-0.20420,-3.36536,62.79286,10.96559,11.16239,20.13472,20.53016
6660.23900,-0.22243,-3.37071,62.80961,10.96140,11.15774,20.12076,20.56971
6660.24900,-0.24336,-3.37686,62.82886,10.95659,11.15239,20.10472,20.61516
6660.25900,-0.24815,-3.37494,62.86152,10.95429,11.17148,20.11622,20.61953
6660.26900,-0.25853,-3.37077,62.93252,10.94929,11.21298,20.14122,20.62903
6660.27900,-0.20975,-3.36828,62.98886,10.99559,11.19339,20.19372,20.60616
6660.28900,-0.22985,-3.36250,62.98193,10.99889,11.20362,20.15775,20.62167
6660.29900,-0.26637,-3.34914,62.95519,11.00559,11.22439,20.08472,20.64049
6660.30900,-0.25777,-3.34590,62.92986,11.00559,11.22439,20.08472,20.61516
6660.31900,-0.25777,-3.34590,62.92986,11.00559,11.22439,20.08472,20.61516
6660.32900,-0.21043,-3.32872,62.99086,11.08459,11.21439,20.10472,20.58716
6660.33900,-0.22394,-3.33549,62.96776,11.05561,11.21649,20.10262,20.59304
6660.34900,-0.26552,-3.36332,62.86196,10.94869,11.20927,20.09682,20.60718
6660.35900,-0.23041,-3.37200,62.79086,10.95659,11.15239,20.10472,20.57716
6660.36900,-0.24156,-3.36113,62.82740,10.96478,11.18704,20.09842,20.57716
6660.37900,-0.27856,-3.32926,62.96759,10.99349,11.29576,20.08522,20.59312
6660.38900,-0.26032,-3.36290,62.97786,10.98559,11.21439,20.12472,20.65316
6660.39900,-0.25942,-3.36359,62.96635,10.98267,11.21133,20.12326,20.64908
6660.40900,-0.25530,-3.36675,62.91403,10.96943,11.19743,20.11664,20.63054
6660.41900,-0.25924,-3.36717,62.90332,10.96389,11.19803,20.11116,20.63024
6660.42900,-0.31216,-3.36297,62.94862,10.94578,11.24370,20.07472,20.68442
6660.43900,-0.31755,-3.37294,62.94586,10.93659,11.22439,20.07472,20.71016
6660.44900,-0.31408,-3.37072,62.94087,10.94095,11.22439,20.07294,20.70259
6660.45900,-0.27859,-3.34803,62.88986,10.98559,11.22439,20.05472,20.62516
6660.46900,-0.27820,-3.34972,62.88527,10.98298,11.22070,20.05562,20.62597
6660.47900,-0.27159,-3.36728,62.84144,10.95828,11.18152,20.06828,20.63336
6660.48900,-0.24356,-3.37132,62.86786,10.97559,11.16239,20.10472,20.62516
6660.49900,-0.24912,-3.37004,62.87164,10.97298,11.16986,20.10112,20.62768
6660.50900,-0.30397,-3.35826,62.90280,10.94357,11.24273,20.06625,20.65025
6660.51900,-0.28868,-3.37112,62.82439,10.91005,11.21319,20.08330,20.61786
6660.52900,-0.27842,-3.37974,62.77186,10.88759,11.19339,20.09472,20.59616
6660.53900,-0.28287,-3.37770,62.83027,10.91376,11.19339,20.09093,20.63219
6660.54900,-0.29012,-3.37437,62.92586,10.95659,11.19339,20.08472,20.69116
6660.55900,-0.27336,-3.36907,62.92218,10.96993,11.19339,20.09392,20.66494
6660.56900,-0.27318,-3.37963,62.86922,10.94382,11.17172,20.09415,20.65954
6660.57900,-0.29059,-3.39462,62.82586,10.90659,11.15239,20.08472,20.68216
6660.58900,-0.28630,-3.38824,62.85402,10.91329,11.17318,20.09813,20.66942
6660.59900,-0.29002,-3.37515,62.88500,10.92475,11.20869,20.09656,20.65500
6660.60900,-0.29133,-3.37291,62.88886,10.92659,11.21439,20.09472,20.65316
6660.61900,-0.25703,-3.39410,62.78974,10.89383,11.15391,20.12832,20.61368
6660.62900,-0.25049,-3.39814,62.77086,10.88759,11.14239,20.13472,20.60616
6660.63900,-0.29819,-3.40387,62.79186,10.87079,11.15079,20.09272,20.67756
6660.64900,-0.29519,-3.40943,62.86138,10.88943,11.14119,20.11272,20.71804
6660.65900,-0.28571,-3.41294,62.91286,10.90659,11.13239,20.13472,20.73916
6660.66900,-0.29165,-3.38281,62.90145,10.94223,11.17588,20.08482,20.69853
6660.67900,-0.28250,-3.38536,62.93997,10.94391,11.18071,20.11543,20.69991
6660.68900,-0.27585,-3.39383,62.96486,10.93659,11.17339,20.14472,20.71016
6660.69900,-0.30623,-3.38290,62.91229,10.93659,11.18508,20.07462,20.71600
6660.70900,-0.32800,-3.38258,62.81628,10.92499,11.16381,20.00732,20.72016
6660.71900,-0.32807,-3.38799,62.77386,10.91659,11.14239,19.99472,20.72016
6660.72900,-0.32138,-3.37570,62.82765,10.92693,11.18481,20.02058,20.69533
6660.73900,-0.31514,-3.36426,62.87786,10.93659,11.22439,20.04472,20.67216
6660.74900,-0.32001,-3.36763,62.86305,10.92802,11.21844,20.03891,20.67768
6660.75900,-0.33090,-3.38302,62.84520,10.90970,11.18805,20.03264,20.71481
6660.76900,-0.31043,-3.37787,62.92486,10.94659,11.19339,20.06472,20.72016
6660.77900,-0.33414,-3.37769,62.96622,10.93719,11.21783,20.06002,20.75118
6660.78900,-0.35035,-3.38120,62.93591,10.91322,11.22143,20.04550,20.75575
6660.79900,-0.33803,-3.38556,62.84586,10.89759,11.19339,20.03472,20.72016
6660.80900,-0.31536,-3.38372,62.91166,10.92062,11.19856,20.07702,20.71546
6660.81900,-0.28985,-3.38166,62.98586,10.94659,11.20439,20.12472,20.71016
6660.82900,-0.31538,-3.38288,62.95845,10.91917,11.21880,20.10149,20.71899
6660.83900,-0.33051,-3.38769,62.95985,10.90284,11.22232,20.09651,20.73819
6660.84900,-0.30012,-3.39494,63.03005,10.93529,11.19451,20.14287,20.75739
6660.85900,-0.29557,-3.38703,63.03400,10.94770,11.20536,20.13902,20.74192
6660.86900,-0.28848,-3.36958,63.03642,10.97133,11.23081,20.12690,20.70738
6660.87900,-0.28960,-3.37628,63.02083,10.95472,11.22342,20.13419,20.70850
6660.88900,-0.29666,-3.40524,62.97367,10.89336,11.18819,20.16203,20.73009
6660.89900,-0.28938,-3.41469,62.94742,10.88516,11.16109,20.16786,20.73330
6660.90900,-0.28213,-3.41276,62.94286,10.89759,11.15239,20.16372,20.72916
6660.91900,-0.24731,-3.39411,62.85482,10.93238,11.13819,20.13603,20.64822
6660.92900,-0.26078,-3.40507,62.64055,10.88285,11.08237,20.06017,20.61516
6660.93900,-0.26743,-3.40954,62.59786,10.86759,11.07039,20.04472,20.61516
6660.94900,-0.26551,-3.40114,62.59224,10.87462,11.08445,20.03769,20.59548
6660.95900,-0.26470,-3.39759,62.58986,10.87759,11.09039,20.03472,20.58716
6660.96900,-0.25576,-3.39804,62.66005,10.90098,11.09039,20.05892,20.60975
6660.97900,-0.28061,-3.43923,62.75986,10.84171,11.07131,20.13150,20.71533
6660.98900,-0.28190,-3.44120,62.76386,10.83859,11.07039,20.13472,20.72016
6660.99900,-0.24952,-3.40540,62.94366,10.90899,11.16159,20.20012,20.67296
6661.00900,-0.21437,-3.41158,63.04486,10.93659,11.15239,20.27372,20.68216
6661.01900,-0.21589,-3.40936,63.05814,10.94184,11.15792,20.27283,20.68555
6661.02900,-0.22781,-3.38781,63.18346,10.99559,11.20783,20.26372,20.71632
6661.03900,-0.18965,-3.40040,63.05674,10.99167,11.13239,20.26052,20.67216
6661.04900,-0.21899,-3.40630,62.97014,10.94500,11.13239,20.22160,20.67115
6661.05900,-0.23082,-3.40601,62.91120,10.92513,11.13239,20.19511,20.65857
6661.06900,-0.23511,-3.40579,62.88627,10.91795,11.13144,20.18372,20.65316
6661.07900,-0.22512,-3.40459,62.89138,10.93500,11.11951,20.18372,20.65316
6661.08900,-0.23452,-3.40558,62.91060,10.93085,11.12766,20.18372,20.66837
6661.09900,-0.24919,-3.40722,62.92486,10.91659,11.14239,20.18372,20.68216
6661.10900,-0.24704,-3.41318,62.91983,10.89208,11.14868,20.20885,20.67022
6661.11900,-0.24578,-3.41671,62.91686,10.87759,11.15239,20.22372,20.66316
6661.12900,-0.22626,-3.44161,62.95970,10.90195,11.07427,20.24892,20.73456
6661.13900,-0.23797,-3.43836,62.96146,10.91939,11.06643,20.21532,20.76032
6661.14900,-0.24665,-3.43386,62.95786,10.92659,11.07039,20.19372,20.76716
6661.15900,-0.23975,-3.41390,62.97114,10.93489,11.12185,20.20202,20.71238
6661.16900,-0.20206,-3.40518,62.98465,10.95319,11.13239,20.24522,20.65385
6661.17900,-0.19463,-3.40423,62.98686,10.95659,11.13239,20.25372,20.64416
6661.18900,-0.19463,-3.40423,62.98686,10.95659,11.13239,20.25372,20.64416
6661.19900,-0.16912,-3.44346,62.75053,10.86759,11.03053,20.26260,20.58982
6661.20900,-0.15751,-3.43832,62.75455,10.89528,11.01839,20.25372,20.58716
6661.21900,-0.17430,-3.44993,62.79923,10.87890,11.01839,20.26792,20.63402
6661.22900,-0.18276,-3.45576,62.81286,10.86759,11.01839,20.27372,20.65316
6661.23900,-0.19552,-3.45163,62.80986,10.86425,11.03206,20.25705,20.65649
6661.24900,-0.20084,-3.44057,62.80665,10.88519,11.04047,20.22682,20.65417
6661.25900,-0.16598,-3.43574,62.81146,10.93278,11.00785,20.23217,20.63866
6661.26900,-0.16997,-3.42680,62.92422,10.94659,11.05813,20.26852,20.65098
6661.27900,-0.18057,-3.42570,62.85522,10.91817,11.06543,20.24732,20.62430
6661.28900,-0.18088,-3.42887,62.74686,10.89759,11.03939,20.21372,20.59616
6661.29900,-0.18306,-3.42857,62.77198,10.89138,11.05521,20.22923,20.59616
6661.30900,-0.18680,-3.42805,62.81530,10.88069,11.08248,20.25597,20.59616
6661.31900,-0.19542,-3.42393,62.80758,10.87409,11.09774,20.24624,20.58952
6661.32900,-0.20865,-3.41696,62.77199,10.86795,11.11062,20.21556,20.57786
6661.33900,-0.18567,-3.39425,62.87986,10.94659,11.13239,20.22372,20.57716
6661.34900,-0.19115,-3.39705,62.85961,10.95964,11.10449,20.19267,20.60281
6661.35900,-0.19706,-3.39283,62.84077,10.97559,11.09358,20.15881,20.61280
6661.36900,-0.19610,-3.38364,62.84786,10.97559,11.12139,20.16372,20.58716
6661.37900,-0.19610,-3.38364,62.84786,10.97559,11.12139,20.16372,20.58716
6661.38900,-0.19494,-3.38136,62.88686,11.01559,11.10139,20.14472,20.62516
6661.39900,-0.18488,-3.38789,62.90996,11.00239,11.10469,20.18399,20.61889
6661.40900,-0.18447,-3.39587,62.96333,10.97235,11.13145,20.24107,20.61845
6661.41900,-0.22629,-3.38485,62.97686,10.96559,11.17339,20.19372,20.64416
6661.42900,-0.22629,-3.38485,62.97686,10.96559,11.17339,20.19372,20.64416
6661.43900,-0.22468,-3.37224,62.88345,10.97071,11.17022,20.14472,20.59780
6661.44900,-0.20285,-3.36325,62.88986,11.00559,11.16239,20.14472,20.57716
6661.45900,-0.20874,-3.36611,62.90669,11.00122,11.16480,20.14887,20.59180
6661.46900,-0.22656,-3.37478,62.95768,10.98797,11.17208,20.16146,20.63617
6661.47900,-0.22976,-3.37634,62.96686,10.98559,11.17339,20.16372,20.64416
6661.48900,-0.22605,-3.39421,62.91980,10.93947,11.15363,20.19196,20.63475
6661.49900,-0.20633,-3.36208,62.87786,11.02459,11.14239,20.11472,20.59616
6661.50900,-0.21804,-3.36563,62.85686,10.99919,11.15059,20.11272,20.59436
6661.51900,-0.26332,-3.37760,62.78396,10.90776,11.18339,20.10241,20.59040
6661.52900,-0.25512,-3.36622,62.83945,10.95863,11.18339,20.09085,20.60658
6661.53900,-0.25268,-3.36030,62.87200,10.98478,11.18504,20.08432,20.61786
6661.54900,-0.27979,-3.36165,62.91683,10.97329,11.20861,20.07857,20.65636
6661.55900,-0.29794,-3.36256,62.94686,10.96559,11.22439,20.07472,20.68216
6661.56900,-0.27344,-3.36864,62.87577,10.95043,11.19773,20.09040,20.63721
6661.57900,-0.28932,-3.36868,62.96204,10.93659,11.24185,20.12374,20.65986
6661.58900,-0.29130,-3.36839,62.96986,10.93659,11.24539,20.12472,20.66316
6661.59900,-0.27963,-3.35400,62.80067,10.95560,11.20642,20.03918,20.59948
6661.60900,-0.25282,-3.35378,62.79059,10.98129,11.17779,20.04739,20.58413
6661.61900,-0.23765,-3.35408,62.78986,10.99559,11.16239,20.05472,20.57716
6661.62900,-0.25104,-3.34952,62.90916,11.00218,11.21051,20.08767,20.60880
6661.63900,-0.26738,-3.35071,62.99866,11.00559,11.23539,20.10472,20.65296
6661.64900,-0.28086,-3.35578,63.03838,11.00559,11.23539,20.10472,20.69268
6661.65900,-0.29052,-3.37286,63.01015,10.96616,11.21768,20.11615,20.71016
6661.66900,-0.27069,-3.36895,62.95498,10.96501,11.21019,20.11892,20.66086
6661.67900,-0.27642,-3.35467,62.95224,10.98559,11.22808,20.08865,20.64992
6661.68900,-0.29002,-3.36219,62.99231,10.97165,11.23539,20.10260,20.68268
6661.69900,-0.29078,-3.36623,63.00686,10.96559,11.23539,20.11472,20.69116
6661.70900,-0.27599,-3.36433,62.97455,10.97116,11.22370,20.11472,20.66498
6661.71900,-0.26422,-3.36282,62.94886,10.97559,11.21439,20.11472,20.64416
6661.72900,-0.28241,-3.34112,62.86809,10.96956,11.25176,20.05445,20.59232
6661.73900,-0.29028,-3.32614,62.98470,11.02058,11.28335,20.04952,20.63125
6661.74900,-0.28848,-3.32586,63.05886,11.04459,11.28639,20.06472,20.66316
6661.75900,-0.27923,-3.35058,62.89059,10.97501,11.22817,20.06472,20.62269
6661.76900,-0.30135,-3.35353,62.79251,10.94659,11.21386,20.01265,20.61941
6661.77900,-0.33022,-3.34552,62.75986,10.94659,11.22439,19.95472,20.63416
6661.78900,-0.31124,-3.33692,62.72800,10.95249,11.23088,19.96062,20.58401
6661.79900,-0.29805,-3.33094,62.70586,10.95659,11.23539,19.96472,20.54916
6661.80900,-0.28343,-3.34580,62.68628,10.95083,11.19336,19.98199,20.56010
6661.81900,-0.29407,-3.36173,62.71166,10.93521,11.17414,19.99472,20.60758
6661.82900,-0.32909,-3.36985,62.77686,10.91659,11.19339,19.99472,20.67216
6661.83900,-0.33094,-3.36559,62.83806,10.90354,11.23974,20.03522,20.65956
6661.84900,-0.31647,-3.38270,62.91687,10.89605,11.22778,20.10254,20.69050
6661.85900,-0.29565,-3.41046,62.92186,10.90659,11.14239,20.12472,20.74816
6661.86900,-0.29207,-3.39874,62.94093,10.92417,11.16385,20.12174,20.73117
6661.87900,-0.28414,-3.37272,62.98332,10.96324,11.21153,20.11512,20.69342
6661.88900,-0.27201,-3.36705,62.94625,10.95298,11.22439,20.12472,20.64416
6661.89900,-0.28196,-3.37334,62.92803,10.94260,11.21100,20.11165,20.66278
6661.90900,-0.28350,-3.37353,62.94486,10.97559,11.18339,20.08472,20.70116
6661.91900,-0.30469,-3.37358,62.92853,10.95632,11.19678,20.06513,20.71030
6661.92900,-0.33207,-3.37311,62.87419,10.92203,11.21324,20.03288,20.70604
6661.93900,-0.28821,-3.37159,62.81886,10.93659,11.18339,20.05472,20.64416
6661.94900,-0.28915,-3.37321,62.81234,10.92476,11.18846,20.06196,20.63716
6661.95900,-0.29212,-3.37831,62.79186,10.88759,11.20439,20.08472,20.61516
6661.96900,-0.29212,-3.37831,62.79186,10.88759,11.20439,20.08472,20.61516
6661.97900,-0.32807,-3.37409,62.93503,10.92936,11.22462,20.06132,20.71973
6661.98900,-0.32088,-3.36257,63.03486,10.97559,11.24539,20.07472,20.73916
6661.99900,-0.32088,-3.36257,63.03486,10.97559,11.24539,20.07472,20.73916
6662.00900,-0.30815,-3.37172,62.94385,10.94925,11.21439,20.07472,20.70548
6662.01900,-0.31343,-3.37098,63.01286,10.97559,11.21439,20.07472,20.74816
6662.02900,-0.30684,-3.36881,63.01205,10.98245,11.21323,20.07705,20.73931
6662.03900,-0.27686,-3.35896,63.00834,11.01367,11.20794,20.08763,20.69910
6662.04900,-0.26521,-3.35700,62.98864,11.02220,11.19788,20.08632,20.68224
6662.05900,-0.29757,-3.37524,62.94297,10.97160,11.18200,20.06732,20.72205
6662.06900,-0.29968,-3.37811,63.01486,10.95659,11.21439,20.11472,20.72916
6662.07900,-0.29968,-3.37811,63.01486,10.95659,11.21439,20.11472,20.72916
6662.08900,-0.30327,-3.34940,62.91120,11.01868,11.19506,19.99630,20.70116
6662.09900,-0.29088,-3.33881,62.98486,11.05459,11.21439,20.01472,20.70116
6662.10900,-0.29043,-3.33924,62.97726,11.04991,11.21519,20.01630,20.69585
6662.11900,-0.28513,-3.34427,62.88886,10.99559,11.22439,20.03472,20.63416
6662.12900,-0.28481,-3.34491,62.89141,10.99515,11.22396,20.03688,20.63541
6662.13900,-0.28018,-3.35405,62.92783,10.98898,11.21779,20.06774,20.65331
6662.14900,-0.27756,-3.33510,63.03521,11.04647,11.25057,20.06707,20.67110
6662.15900,-0.27755,-3.33191,63.04686,11.05459,11.25539,20.06472,20.67216
6662.16900,-0.30409,-3.33609,62.93907,11.01332,11.24697,20.01419,20.66458
6662.17900,-0.30579,-3.33748,63.06212,10.97731,11.32268,20.10840,20.65373
6662.18900,-0.30559,-3.33751,63.07086,10.97559,11.32739,20.11472,20.65316
6662.19900,-0.30612,-3.33615,63.07229,10.97909,11.32818,20.11115,20.65387
6662.20900,-0.31278,-3.31907,63.09015,11.02284,11.33800,20.06651,20.66280
6662.21900,-0.31405,-3.32157,63.04254,11.01851,11.31855,20.04552,20.65996
6662.22900,-0.28691,-3.31107,62.91789,11.04546,11.27639,19.99658,20.59945
6662.23900,-0.28020,-3.30712,62.91286,11.05459,11.27639,19.99472,20.58716
6662.24900,-0.26021,-3.31814,62.90384,11.04639,11.25097,20.02752,20.57896
6662.25900,-0.25934,-3.31051,63.01138,11.07706,11.27951,20.05123,20.60358
6662.26900,-0.26221,-3.30232,63.10086,11.10359,11.30739,20.06472,20.62516
6662.27900,-0.27045,-3.30693,63.07531,11.09144,11.29774,20.05226,20.63388
6662.28900,-0.28062,-3.31262,63.04378,11.07644,11.28581,20.03687,20.64465
6662.29900,-0.27652,-3.31867,63.00012,11.06880,11.26124,20.02893,20.64116
6662.30900,-0.24481,-3.29743,63.02700,11.09102,11.30725,20.06615,20.56259
6662.31900,-0.25034,-3.28662,63.06586,11.09359,11.34839,20.07472,20.54916
6662.32900,-0.25337,-3.29738,62.99073,11.07072,11.31479,20.05605,20.54916
6662.33900,-0.26791,-3.30081,62.93744,11.05426,11.30284,20.02504,20.55529
6662.34900,-0.29113,-3.28215,63.00586,11.07459,11.35839,20.00472,20.56816
6662.35900,-0.29113,-3.28215,63.00586,11.07459,11.35839,20.00472,20.56816
6662.36900,-0.24729,-3.27823,62.90695,11.10359,11.30500,19.99062,20.50774
6662.37900,-0.24353,-3.28271,62.86992,11.08665,11.29639,19.99472,20.49216
6662.38900,-0.24727,-3.28710,62.92921,11.07972,11.31230,20.02552,20.51166
6662.39900,-0.24684,-3.28859,62.99686,11.08459,11.32739,20.05472,20.53016
6662.40900,-0.24290,-3.26825,62.99272,11.12507,11.34165,20.01792,20.50808
6662.41900,-0.25196,-3.25721,62.97374,11.13661,11.35384,19.98383,20.49947
6662.42900,-0.26832,-3.27258,62.95686,11.09359,11.34839,19.99472,20.52016
6662.43900,-0.27757,-3.27795,62.92094,11.07819,11.33616,19.97893,20.52766
6662.44900,-0.28565,-3.28387,62.84783,11.05459,11.31739,19.95472,20.52113
6662.45900,-0.26415,-3.28011,62.80340,11.06385,11.30267,19.95472,20.48216
6662.46900,-0.23917,-3.28398,62.78685,11.09190,11.25807,19.95472,20.48216
6662.47900,-0.21024,-3.27224,62.94586,11.15259,11.28639,20.01472,20.49216
6662.48900,-0.21024,-3.27224,62.94586,11.15259,11.28639,20.01472,20.49216
6662.49900,-0.22070,-3.27400,62.89699,11.13359,11.28313,19.99432,20.48595
6662.50900,-0.20001,-3.27913,62.91786,11.13359,11.27639,20.03472,20.47316
6662.51900,-0.20787,-3.27562,62.92788,11.13035,11.29288,20.03149,20.47316
6662.52900,-0.22068,-3.26567,62.94665,11.13001,11.32739,20.02251,20.46674
6662.53900,-0.20962,-3.25775,62.93993,11.14947,11.32739,20.01579,20.44727
6662.54900,-0.20917,-3.26195,62.93466,11.14020,11.32319,20.02312,20.44815
6662.55900,-0.21411,-3.28252,62.91886,11.09359,11.30739,20.05472,20.46316
6662.56900,-0.21473,-3.28131,62.92302,11.09720,11.30862,20.05227,20.46494
6662.57900,-0.22355,-3.26378,62.98823,11.15259,11.32489,20.01634,20.49442
6662.58900,-0.21623,-3.27610,63.00386,11.15259,11.29639,20.03472,20.52016
6662.59900,-0.21730,-3.27463,63.00273,11.15259,11.30007,20.03260,20.51747
6662.60900,-0.23137,-3.25747,62.98311,11.14791,11.34515,20.00710,20.48295
6662.61900,-0.23094,-3.28368,62.92786,11.09359,11.30739,20.03472,20.49216
6662.62900,-0.23094,-3.28368,62.92786,11.09359,11.30739,20.03472,20.49216
6662.63900,-0.21649,-3.27256,62.86714,11.09359,11.31646,20.02566,20.43144
6662.64900,-0.21500,-3.27141,62.86086,11.09359,11.31739,20.02472,20.42516
6662.65900,-0.22175,-3.29347,62.52189,11.01953,11.21010,19.92123,20.37104
6662.66900,-0.22728,-3.28360,62.65197,11.04476,11.25825,19.95237,20.39659
6662.67900,-0.22901,-3.27988,62.70186,11.05459,11.27639,19.96472,20.40616
6662.68900,-0.22333,-3.29288,62.74159,11.04762,11.26176,19.99957,20.43264
6662.69900,-0.20040,-3.29767,62.90852,11.10010,11.25539,20.06300,20.49002
6662.70900,-0.19545,-3.29747,62.94486,11.11359,11.25539,20.07472,20.50116
6662.71900,-0.19955,-3.29616,63.00742,11.11776,11.27708,20.09557,20.51701
6662.72900,-0.20449,-3.29458,63.08280,11.12278,11.30321,20.12070,20.53610
6662.73900,-0.16154,-3.30998,63.05084,11.12359,11.24846,20.16661,20.51218
6662.74900,-0.15623,-3.31540,63.02724,11.10250,11.24619,20.18372,20.49483
6662.75900,-0.16154,-3.31499,63.02486,11.09359,11.25539,20.18372,20.49216
6662.76900,-0.14138,-3.31408,62.97900,11.11324,11.22198,20.17062,20.47316
6662.77900,-0.14293,-3.30520,62.95001,11.11666,11.23281,20.15055,20.44999
6662.78900,-0.14832,-3.30148,62.94786,11.11359,11.24539,20.14472,20.44416
6662.79900,-0.15885,-3.28807,62.82200,11.12066,11.23054,20.05987,20.41093
6662.80900,-0.16323,-3.28251,62.76986,11.12359,11.22439,20.02472,20.39716
6662.81900,-0.17143,-3.29165,62.77977,11.10927,11.21705,20.03206,20.42138
6662.82900,-0.18331,-3.30490,62.79413,11.08853,11.20641,20.04270,20.45649
6662.83900,-0.19892,-3.30705,62.93486,11.09359,11.24539,20.08472,20.51116
6662.84900,-0.19892,-3.30705,62.93486,11.09359,11.24539,20.08472,20.51116
6662.85900,-0.21633,-3.29190,62.99876,11.10624,11.29727,20.07839,20.51685
6662.86900,-0.19971,-3.31980,63.11886,11.13359,11.23539,20.13472,20.61516
6662.87900,-0.19971,-3.31980,63.11886,11.13359,11.23539,20.13472,20.61516
6662.88900,-0.24261,-3.30305,63.02486,11.07459,11.30739,20.08472,20.55816
6662.89900,-0.24261,-3.30305,63.02486,11.07459,11.30739,20.08472,20.55816
6662.90900,-0.21579,-3.30097,63.02295,11.10065,11.28639,20.09674,20.53916
6662.91900,-0.21860,-3.30936,63.01486,11.07459,11.28639,20.11472,20.53916
6662.92900,-0.22427,-3.30811,62.94061,11.06334,11.27477,20.08097,20.52153
6662.93900,-0.23648,-3.31105,62.84322,11.04004,11.25539,20.03836,20.50943
6662.94900,-0.23974,-3.31709,62.87486,11.03459,11.25539,20.05472,20.53016
6662.95900,-0.24714,-3.31604,62.90560,11.03904,11.26475,20.05472,20.54709
6662.96900,-0.25633,-3.31473,62.94386,11.04459,11.27639,20.05472,20.56816
6662.97900,-0.25633,-3.31473,62.94386,11.04459,11.27639,20.05472,20.56816
6662.98900,-0.24306,-3.34715,62.96310,11.03739,11.20087,20.09072,20.63412
6662.99900,-0.22573,-3.34931,63.03586,11.06459,11.19339,20.12472,20.65316
6663.00900,-0.22075,-3.35051,62.99379,11.05102,11.18880,20.12472,20.62925
6663.01900,-0.21797,-3.34857,62.90662,11.01630,11.19809,20.12035,20.57189
6663.02900,-0.26014,-3.33059,63.06954,11.04875,11.27292,20.10710,20.64076
6663.03900,-0.26120,-3.32887,63.04734,11.04469,11.27387,20.09866,20.63013
6663.04900,-0.23538,-3.33488,62.84386,11.00559,11.22439,20.07472,20.53916
6663.05900,-0.23538,-3.33488,62.84386,11.00559,11.22439,20.07472,20.53916
6663.06900,-0.27064,-3.34231,62.94320,10.98771,11.25688,20.09048,20.60814
6663.07900,-0.29581,-3.32741,62.96086,11.01559,11.27639,20.03472,20.63416
6663.08900,-0.29173,-3.32963,62.93608,11.00719,11.26988,20.03682,20.62219
6663.09900,-0.27505,-3.33677,62.85364,10.98469,11.24353,20.04286,20.58255
6663.10900,-0.26924,-3.33131,62.90086,11.02459,11.23539,20.03472,20.60616
6663.11900,-0.26812,-3.32991,62.90433,11.02751,11.23755,20.03514,20.60413
6663.12900,-0.25411,-3.31248,62.94772,11.06402,11.26454,20.04043,20.57873
6663.13900,-0.24288,-3.30203,62.97782,11.08673,11.28135,20.04892,20.56082
6663.14900,-0.24427,-3.35043,62.91718,10.99743,11.21556,20.10623,20.59797
6663.15900,-0.24207,-3.34641,63.00751,11.02377,11.23223,20.12773,20.62377
6663.16900,-0.24344,-3.34132,63.06435,11.04231,11.24782,20.13531,20.63891
6663.17900,-0.28030,-3.32003,62.89986,11.01314,11.27762,20.02962,20.57949
6663.18900,-0.28570,-3.33862,62.99186,10.97559,11.29639,20.10472,20.61516
6663.19900,-0.28570,-3.33862,62.99186,10.97559,11.29639,20.10472,20.61516
6663.20900,-0.25470,-3.33718,62.99930,11.01609,11.26251,20.11299,20.60772
6663.21900,-0.24820,-3.33688,63.00086,11.02459,11.25539,20.11472,20.60616
6663.22900,-0.30563,-3.32705,63.03853,11.00669,11.31379,20.06763,20.65043
6663.23900,-0.27333,-3.33359,63.06549,11.02016,11.29176,20.11448,20.63909
6663.24900,-0.23790,-3.34066,63.08986,11.03459,11.26639,20.16372,20.62516
6663.25900,-0.25908,-3.32004,62.90178,11.02499,11.26639,20.04953,20.56087
6663.26900,-0.26491,-3.33304,62.88911,11.04360,11.20746,20.01621,20.62184
6663.27900,-0.26516,-3.33376,62.88886,11.04459,11.20439,20.01472,20.62516
6663.28900,-0.31073,-3.31429,62.93876,11.03073,11.28964,19.98700,20.63140
6663.29900,-0.33088,-3.30568,62.96086,11.02459,11.32739,19.97472,20.63416
6663.30900,-0.29756,-3.31461,62.91248,11.03279,11.27737,19.99112,20.61120
6663.31900,-0.29145,-3.32390,63.00518,11.05099,11.26639,20.02752,20.66028
6663.32900,-0.29172,-3.32550,63.02786,11.05459,11.26639,20.03472,20.67216
6663.33900,-0.29261,-3.32015,62.97414,11.03621,11.28053,20.02529,20.63210
6663.34900,-0.29764,-3.31681,62.92570,11.01559,11.29319,20.01472,20.60220
6663.35900,-0.30617,-3.32251,62.95086,11.01559,11.28639,20.01472,20.63416
6663.36900,-0.30170,-3.33460,62.98199,11.01013,11.26947,20.04202,20.66037
6663.37900,-0.29799,-3.34465,63.00786,11.00559,11.25539,20.06472,20.68216
6663.38900,-0.30819,-3.33184,62.96993,11.01603,11.26694,20.02075,20.66622
6663.39900,-0.31138,-3.32412,62.96166,11.01760,11.28375,20.01047,20.64985
6663.40900,-0.30249,-3.32892,63.00086,11.00559,11.29639,20.05472,20.64416
6663.41900,-0.30433,-3.33502,62.99300,11.00559,11.27674,20.04817,20.66250
6663.42900,-0.30612,-3.31667,63.01826,11.03289,11.30909,20.03072,20.64556
6663.43900,-0.30647,-3.30744,63.03086,11.04459,11.32739,20.02472,20.63416
6663.44900,-0.31056,-3.32634,62.99019,11.01192,11.29339,20.03139,20.65349
6663.45900,-0.31261,-3.33581,62.96986,10.99559,11.27639,20.03472,20.66316
6663.46900,-0.31261,-3.33581,62.96986,10.99559,11.27639,20.03472,20.66316
6663.47900,-0.32979,-3.35088,62.80269,10.95483,11.21651,19.96819,20.66316
6663.48900,-0.26308,-3.33390,62.71543,10.99333,11.19390,19.98334,20.54486
6663.49900,-0.25969,-3.33293,62.71286,10.99559,11.19339,19.98472,20.53916
6663.50900,-0.29012,-3.33311,62.77104,10.97022,11.23885,19.99472,20.56725
6663.51900,-0.28349,-3.35995,62.64286,10.91659,11.17339,19.99472,20.55816
6663.52900,-0.28442,-3.35696,62.68534,10.92312,11.19006,20.00779,20.56437
6663.53900,-0.28635,-3.35082,62.77286,10.93659,11.22439,20.03472,20.57716
6663.54900,-0.28697,-3.35532,62.78819,10.93992,11.21406,20.03805,20.59616
6663.55900,-0.27983,-3.36437,62.89486,10.96292,11.20373,20.07805,20.65016
6663.56900,-0.26313,-3.36446,63.04686,10.99559,11.22439,20.14472,20.68216
6663.57900,-0.26088,-3.36446,63.04686,10.99885,11.22113,20.14472,20.68216
6663.58900,-0.27404,-3.36454,63.04104,10.98652,11.23120,20.13502,20.68830
6663.59900,-0.31129,-3.36470,63.02886,10.94659,11.26639,20.11472,20.70116
6663.60900,-0.30660,-3.36059,63.06120,10.96606,11.26969,20.11802,20.70743
6663.61900,-0.29709,-3.35225,63.12686,11.00559,11.27639,20.12472,20.72016
6663.62900,-0.29885,-3.35129,63.07838,10.99948,11.26804,20.10435,20.70651
6663.63900,-0.30422,-3.34838,62.93146,10.98096,11.24273,20.04262,20.66515
6663.64900,-0.27926,-3.33342,62.89186,11.00559,11.24539,20.03472,20.60616
6663.65900,-0.28278,-3.33857,62.85593,10.99337,11.23070,20.02410,20.60775
6663.66900,-0.30053,-3.36307,62.69288,10.93417,11.16489,19.97713,20.61669
6663.67900,-0.31618,-3.36862,62.73886,10.90659,11.19339,20.00472,20.63416
6663.68900,-0.31220,-3.36117,62.77054,10.92995,11.20171,20.00274,20.63614
6663.69900,-0.29610,-3.33105,62.89886,11.02459,11.23539,19.99472,20.64416
6663.70900,-0.29758,-3.33764,62.89775,11.00443,11.23698,20.01218,20.64416
6663.71900,-0.30498,-3.37059,62.89219,10.90363,11.24492,20.09948,20.64416
6663.72900,-0.27985,-3.34744,62.99286,11.05459,11.19339,20.03472,20.71016
6663.73900,-0.28024,-3.34718,62.99126,11.05275,11.19537,20.03519,20.70795
6663.74900,-0.28588,-3.34354,62.96844,11.02658,11.22355,20.04190,20.67641
6663.75900,-0.24414,-3.37709,62.92261,10.96212,11.17921,20.14441,20.63688
6663.76900,-0.23957,-3.38073,62.91886,10.95659,11.17339,20.15472,20.63416
6663.77900,-0.28127,-3.36488,62.92544,10.98385,11.19219,20.07012,20.67928
6663.78900,-0.28393,-3.36386,62.92586,10.98559,11.19339,20.06472,20.68216
6663.79900,-0.28490,-3.37392,62.87511,10.95643,11.17693,20.06742,20.67433
6663.80900,-0.28712,-3.39684,62.75977,10.89018,11.13950,20.07355,20.65654
6663.81900,-0.26966,-3.40414,62.72386,10.91659,11.08039,20.05472,20.67216
6663.82900,-0.29679,-3.38451,62.66919,10.90830,11.12346,19.99674,20.64069
6663.83900,-0.28827,-3.38242,62.74982,10.92958,11.13629,20.02758,20.65637
6663.84900,-0.27126,-3.38480,62.86062,10.95728,11.14098,20.07923,20.68313
6663.85900,-0.26618,-3.38551,62.89386,10.96559,11.14239,20.09472,20.69116
6663.86900,-0.25355,-3.36931,62.91885,10.98751,11.17397,20.10349,20.65389
6663.87900,-0.23816,-3.34957,62.94934,11.01425,11.21247,20.11419,20.60843
6663.88900,-0.23739,-3.34858,62.95086,11.01559,11.21439,20.11472,20.60616
6663.89900,-0.27178,-3.35624,62.87186,10.95659,11.22439,20.08472,20.60616
6663.90900,-0.24056,-3.35812,62.84550,10.96911,11.19737,20.10449,20.57452
6663.91900,-0.24319,-3.35071,62.87436,11.00059,11.19652,20.08347,20.59379
6663.92900,-0.25445,-3.34568,62.89986,11.01559,11.20439,20.06472,20.61516
6663.93900,-0.25719,-3.33362,62.88430,11.02614,11.22162,20.04250,20.59405
6663.94900,-0.24610,-3.34074,62.88400,11.03459,11.19342,20.05001,20.60599
6663.95900,-0.24695,-3.36646,62.85613,10.99486,11.15239,20.07472,20.63416
6663.96900,-0.26949,-3.35249,62.93358,10.99459,11.21851,20.08052,20.63996
6663.97900,-0.27839,-3.33744,63.01086,11.01559,11.26639,20.08472,20.64416
6663.98900,-0.26148,-3.33796,62.94056,11.01559,11.24009,20.07461,20.61027
6663.99900,-0.24123,-3.33918,62.91725,11.02227,11.22178,20.08583,20.58736
6664.00900,-0.23477,-3.34044,62.99688,11.03400,11.23475,20.12287,20.60526
6664.01900,-0.24967,-3.33532,62.97534,11.02623,11.24903,20.09832,20.60176
6664.02900,-0.26906,-3.32872,62.94286,11.01559,11.26639,20.06472,20.59616
6664.03900,-0.25627,-3.32965,62.90523,11.01559,11.25052,20.06472,20.57440
6664.04900,-0.22200,-3.33197,62.80896,11.01773,11.20789,20.06472,20.51861
6664.05900,-0.24545,-3.32910,62.91186,11.03459,11.23539,20.06472,20.57716
6664.06900,-0.24630,-3.33676,62.93346,11.02604,11.23044,20.08272,20.59426
6664.07900,-0.24782,-3.34019,62.95139,11.02405,11.22929,20.09135,20.60669
6664.08900,-0.24843,-3.33282,62.94086,11.03459,11.23539,20.07472,20.59616
6664.09900,-0.24843,-3.33282,62.94086,11.03459,11.23539,20.07472,20.59616
6664.10900,-0.24272,-3.32739,62.98171,11.02509,11.27434,20.11272,20.56956
6664.11900,-0.24134,-3.32761,62.98068,11.02579,11.27267,20.11352,20.56870
6664.12900,-0.22562,-3.33479,62.93201,11.04640,11.21500,20.09169,20.57892
6664.13900,-0.24462,-3.32347,62.94986,11.07459,11.22439,20.04472,20.60616
6664.14900,-0.24925,-3.32762,62.93211,11.05908,11.22215,20.04472,20.60616
6664.15900,-0.26065,-3.33886,62.92717,11.02109,11.22736,20.06370,20.61502
6664.16900,-0.25076,-3.33217,63.04886,11.05459,11.25539,20.10472,20.63416
6664.17900,-0.25315,-3.32641,63.04949,11.06409,11.26205,20.09205,20.63131
6664.18900,-0.25830,-3.31398,63.05086,11.08459,11.27639,20.06472,20.62516
6664.19900,-0.25830,-3.31398,63.05086,11.08459,11.27639,20.06472,20.62516
6664.20900,-0.26443,-3.32192,62.95757,11.03244,11.27354,20.06186,20.58973
6664.21900,-0.23464,-3.32006,63.04186,11.07459,11.26639,20.10472,20.59616
6664.22900,-0.22994,-3.31960,63.03206,11.07659,11.26219,20.10472,20.58856
6664.23900,-0.21216,-3.31778,62.99573,11.08661,11.24433,20.10259,20.56220
6664.24900,-0.21741,-3.31789,63.01009,11.09671,11.23901,20.09195,20.58242
6664.25900,-0.22047,-3.31582,63.02653,11.10359,11.24368,20.08876,20.59050
6664.26900,-0.21846,-3.30737,63.05286,11.10359,11.27639,20.10472,20.56816
6664.27900,-0.21846,-3.30737,63.05286,11.10359,11.27639,20.10472,20.56816
6664.28900,-0.24735,-3.32237,62.86154,11.04300,11.22772,20.02868,20.56214
6664.29900,-0.22706,-3.31455,62.85786,11.02459,11.26639,20.07472,20.49216
6664.30900,-0.22646,-3.31499,62.85891,11.02739,11.26275,20.07332,20.49545
6664.31900,-0.22091,-3.32018,62.86607,11.06179,11.21656,20.05052,20.53720
6664.32900,-0.25426,-3.31161,62.77586,11.02459,11.24539,19.99472,20.51116
6664.33900,-0.25147,-3.31002,62.77334,11.02809,11.24539,19.99402,20.50584
6664.34900,-0.21438,-3.28880,62.73986,11.07459,11.24539,19.98472,20.43516
6664.35900,-0.21562,-3.29144,62.74454,11.07139,11.24298,19.98843,20.44174
6664.36900,-0.23343,-3.32917,62.81143,11.02569,11.20855,20.04141,20.53578
6664.37900,-0.22503,-3.35834,62.93931,11.00559,11.19339,20.13698,20.60335
6664.38900,-0.22329,-3.35968,62.94986,11.00559,11.19339,20.14472,20.60616
6664.39900,-0.21722,-3.33268,63.00496,11.08919,11.20384,20.09722,20.61471
6664.40900,-0.22821,-3.33339,63.07680,11.06921,11.24727,20.13676,20.62357
6664.41900,-0.23035,-3.33380,63.08986,11.06459,11.25539,20.14472,20.62516
6664.42900,-0.23410,-3.31579,63.13753,11.09224,11.29449,20.13519,20.61563
6664.43900,-0.23428,-3.31491,63.13986,11.09359,11.29639,20.13472,20.61516
6664.44900,-0.22250,-3.32116,63.07586,11.08409,11.26589,20.12972,20.59616
6664.45900,-0.21640,-3.32442,62.92301,11.05965,11.22718,20.08739,20.54879
6664.46900,-0.21833,-3.32340,62.89286,11.05459,11.22439,20.07472,20.53916
6664.47900,-0.23994,-3.30476,62.82260,11.04632,11.25911,20.01686,20.50031
6664.48900,-0.20920,-3.31536,62.80509,11.06672,11.20331,20.03239,20.50267
6664.49900,-0.18072,-3.32707,62.80286,11.08459,11.15239,20.05472,20.51116
6664.50900,-0.20958,-3.33175,62.76016,11.04959,11.15939,20.02672,20.52446
6664.51900,-0.22196,-3.33376,62.74186,11.03459,11.16239,20.01472,20.53016
6664.52900,-0.22807,-3.34470,62.78946,11.02129,11.16239,20.04272,20.56306
6664.53900,-0.23523,-3.33492,62.96191,11.06102,11.21061,20.07790,20.61239
6664.54900,-0.24046,-3.31826,63.13786,11.11359,11.26639,20.10472,20.65316
6664.55900,-0.23867,-3.31838,63.15303,11.11359,11.27145,20.11483,20.65316
6664.56900,-0.22927,-3.31904,63.12226,11.11929,11.25302,20.10762,20.64233
6664.57900,-0.22349,-3.31945,63.08786,11.12359,11.23539,20.09472,20.63416
6664.58900,-0.22349,-3.31945,63.08786,11.12359,11.23539,20.09472,20.63416
6664.59900,-0.24981,-3.31121,63.02683,11.09537,11.26476,20.05442,20.61228
6664.60900,-0.25526,-3.30498,63.01402,11.09453,11.27825,20.04100,20.60023
6664.61900,-0.23844,-3.29709,62.98098,11.10521,11.27764,20.03847,20.55966
6664.62900,-0.24432,-3.28424,62.84786,11.07459,11.29639,19.99472,20.48216
6664.63900,-0.24942,-3.29481,62.91603,11.08305,11.28303,20.01254,20.53741
6664.64900,-0.26103,-3.29906,62.94442,11.09359,11.27084,19.99916,20.58083
6664.65900,-0.26764,-3.28796,62.87386,11.09359,11.27639,19.95472,20.54916
6664.66900,-0.25591,-3.27784,62.91786,11.12365,11.28990,19.96343,20.54088
6664.67900,-0.24074,-3.26476,62.97486,11.16259,11.30739,19.97472,20.53016
6664.68900,-0.24074,-3.26476,62.97486,11.16259,11.30739,19.97472,20.53016
6664.69900,-0.24772,-3.29325,62.94342,11.10019,11.27992,20.01142,20.55189
6664.70900,-0.25040,-3.28121,62.96486,11.11359,11.30739,20.00472,20.53916
6664.71900,-0.27255,-3.28018,62.95866,11.10085,11.32078,19.98219,20.55483
6664.72900,-0.31692,-3.28298,62.93799,11.06743,11.33909,19.94091,20.59056
6664.73900,-0.31305,-3.29754,62.91483,11.04638,11.31172,19.95617,20.60056
6664.74900,-0.31089,-3.30570,62.90186,11.03459,11.29639,19.96472,20.60616
6664.75900,-0.29505,-3.29127,63.01586,11.08532,11.32603,19.99322,20.61129
6664.76900,-0.29439,-3.29020,63.02895,11.09111,11.32785,19.99484,20.61516
6664.77900,-0.30013,-3.29519,62.99186,11.07459,11.31739,19.98472,20.61516
6664.78900,-0.27392,-3.28831,62.93286,11.09359,11.29639,19.97472,20.56816
6664.79900,-0.27485,-3.28895,62.93432,11.09088,11.29785,19.97680,20.56878
6664.80900,-0.28820,-3.29847,62.95053,11.05459,11.31364,20.00169,20.58061
6664.81900,-0.30298,-3.31293,62.89886,11.05459,11.25539,19.95472,20.63416
6664.82900,-0.30248,-3.31085,62.90424,11.05797,11.25967,19.95472,20.63188
6664.83900,-0.29415,-3.27618,62.99389,11.11429,11.33093,19.95472,20.59395
6664.84900,-0.30045,-3.26772,62.96568,11.11691,11.34162,19.92902,20.57813
6664.85900,-0.31131,-3.28140,62.88486,11.08459,11.30739,19.90572,20.58716
6664.86900,-0.30781,-3.29767,62.93063,11.04645,11.31693,19.97151,20.59574
6664.87900,-0.30764,-3.29846,62.93286,11.04459,11.31739,19.97472,20.59616
6664.88900,-0.33148,-3.28290,62.81221,11.04459,11.31739,19.88067,20.56956
6664.89900,-0.34013,-3.28352,62.98183,11.06371,11.35692,19.93246,20.62873
6664.90900,-0.34432,-3.28434,63.08186,11.07459,11.37939,19.96472,20.66316
6664.91900,-0.31706,-3.29209,62.95072,11.04969,11.33623,19.96472,20.60008
6664.92900,-0.31758,-3.28929,62.91591,11.04900,11.33225,19.94750,20.58716
6664.93900,-0.32495,-3.28401,62.90634,11.05432,11.33810,19.92676,20.58716
6664.94900,-0.33216,-3.28487,62.95597,11.06196,11.34576,19.93309,20.61516
6664.95900,-0.33460,-3.28527,62.97386,11.06459,11.34839,19.93572,20.62516
6664.96900,-0.34937,-3.29898,62.94193,11.03491,11.32886,19.92821,20.64995
6664.97900,-0.37020,-3.31831,62.89696,10.99311,11.30135,19.91762,20.68487
6664.98900,-0.33402,-3.29366,62.95186,11.05459,11.32739,19.93572,20.63416
6664.99900,-0.34784,-3.28310,63.04873,11.09630,11.34931,19.92158,20.68153
6665.00900,-0.32781,-3.28374,63.02700,11.10656,11.32957,19.92978,20.66109
6665.01900,-0.31693,-3.28585,63.00086,11.10359,11.31739,19.93572,20.64416
6665.02900,-0.34195,-3.28100,62.99166,11.09485,11.33625,19.90352,20.65704
6665.03900,-0.37134,-3.27531,62.98086,11.08459,11.35839,19.86572,20.67216
6665.04900,-0.34807,-3.29844,62.96795,11.06214,11.31237,19.91567,20.67777
6665.05900,-0.33731,-3.32664,62.95786,11.01666,11.27639,19.97182,20.69299
6665.06900,-0.34293,-3.33427,62.95786,10.99559,11.27639,19.98472,20.70116
6665.07900,-0.35255,-3.30324,62.94525,11.04048,11.31271,19.91965,20.67241
6665.08900,-0.36956,-3.29288,62.97686,11.04969,11.34334,19.90124,20.68260
6665.09900,-0.37695,-3.31254,63.01986,11.01559,11.33839,19.94572,20.72016
6665.10900,-0.37666,-3.31077,63.01768,11.01729,11.34081,19.94337,20.71622
6665.11900,-0.37202,-3.28245,62.98286,11.04459,11.37939,19.90572,20.65316
6665.12900,-0.38079,-3.28955,62.87880,11.01686,11.35046,19.86956,20.64191
6665.13900,-0.39452,-3.29960,62.79517,10.98697,11.32295,19.83848,20.64678
6665.14900,-0.39549,-3.29865,62.91186,11.00559,11.34839,19.87572,20.68216
6665.15900,-0.37769,-3.29898,62.82214,11.00103,11.32016,19.86206,20.63889
6665.16900,-0.36723,-3.30724,62.73542,10.97204,11.29563,19.86360,20.60415
6665.17900,-0.39140,-3.32467,62.78112,10.91973,11.31616,19.90334,20.64190
6665.18900,-0.37925,-3.32245,62.80228,10.94535,11.30414,19.90572,20.64707
6665.19900,-0.35081,-3.31562,62.84086,11.00559,11.27639,19.90572,20.65316
6665.20900,-0.34851,-3.32324,62.84618,10.99306,11.26982,19.92419,20.65911
6665.21900,-0.34685,-3.33670,62.88117,10.97618,11.26196,19.96069,20.68233
6665.22900,-0.35739,-3.32660,62.95402,11.00930,11.28249,19.94811,20.71412
6665.23900,-0.35218,-3.32437,62.98124,11.02121,11.28639,19.95716,20.71648
6665.24900,-0.31734,-3.32403,63.02657,11.04665,11.27795,20.00472,20.69725
6665.25900,-0.29844,-3.32785,62.98686,11.05459,11.24539,20.00472,20.68216
6665.26900,-0.31048,-3.32337,62.97939,11.05059,11.25913,19.98752,20.68216
6665.27900,-0.37074,-3.30095,62.94206,11.03059,11.32779,19.90152,20.68216
6665.28900,-0.38488,-3.29526,62.91929,11.02327,11.34271,19.87711,20.67620
6665.29900,-0.33374,-3.30841,62.77340,11.00714,11.27079,19.89572,20.59975
6665.30900,-0.36976,-3.29294,62.93232,11.03303,11.34400,19.89572,20.65957
6665.31900,-0.37191,-3.29201,62.94186,11.03459,11.34839,19.89572,20.66316
6665.32900,-0.37665,-3.33742,62.86111,10.96904,11.26004,19.91472,20.71731
6665.33900,-0.34780,-3.34239,62.96221,10.95712,11.29396,20.01824,20.69288
6665.34900,-0.34597,-3.34256,62.96886,10.95659,11.29639,20.02472,20.69116
6665.35900,-0.35231,-3.31346,63.06101,11.05919,11.30684,19.95822,20.73676
6665.36900,-0.35265,-3.31193,63.06586,11.06459,11.30739,19.95472,20.73916
6665.37900,-0.34480,-3.32285,63.00988,11.00606,11.31588,19.99713,20.69081
6665.38900,-0.35809,-3.33514,63.04334,10.98241,11.31739,20.01789,20.72564
6665.39900,-0.36569,-3.34049,63.06586,10.97559,11.31739,20.02472,20.74816
6665.40900,-0.33182,-3.32294,62.96423,11.01666,11.28885,19.98296,20.67577
6665.41900,-0.34078,-3.32823,62.91114,10.98779,11.28432,19.97265,20.66637
6665.42900,-0.34699,-3.33161,62.90886,10.97559,11.28639,19.97472,20.67216
6665.43900,-0.31337,-3.30973,62.94709,11.04953,11.28639,19.96845,20.64271
6665.44900,-0.29336,-3.29670,62.96986,11.09359,11.28639,19.96472,20.62516
6665.45900,-0.31465,-3.33033,62.83755,11.02127,11.21901,19.94089,20.65639
6665.46900,-0.33367,-3.34129,62.92351,10.99107,11.24938,19.98579,20.69727
6665.47900,-0.33910,-3.34266,62.96686,10.98559,11.26639,20.00472,20.71016
6665.48900,-0.33956,-3.32683,62.93456,11.01789,11.26639,19.95585,20.69442
6665.49900,-0.31948,-3.31002,62.91577,11.02459,11.29943,19.96909,20.62266
6665.50900,-0.31462,-3.30676,62.91286,11.02459,11.30739,19.97472,20.60616
6665.51900,-0.32680,-3.31026,62.97112,11.03008,11.31289,19.98022,20.64793
6665.52900,-0.33676,-3.31313,63.01886,11.03459,11.31739,19.98472,20.68216
6665.53900,-0.32756,-3.31634,62.98055,11.03459,11.29495,19.97925,20.67176
6665.54900,-0.32851,-3.32461,62.96457,11.01416,11.28687,19.99043,20.67311
6665.55900,-0.33629,-3.32972,62.97886,10.99559,11.29639,20.00472,20.68216
6665.56900,-0.31970,-3.32120,62.92845,11.03038,11.26728,19.96922,20.66157
6665.57900,-0.28829,-3.33569,62.95074,11.02420,11.24133,20.03205,20.65316
6665.58900,-0.27789,-3.34328,62.96886,11.01559,11.23539,20.06472,20.65316
6665.59900,-0.28983,-3.33349,62.95140,11.02794,11.24391,20.02639,20.65316
6665.60900,-0.30594,-3.32028,62.92786,11.04459,11.25539,19.97472,20.65316
6665.61900,-0.31498,-3.32158,62.91634,11.03690,11.25539,19.96358,20.66046
6665.62900,-0.32149,-3.32896,62.91486,11.02044,11.25096,19.96986,20.67359
6665.63900,-0.27356,-3.36063,63.01686,10.99559,11.22439,20.11472,20.68216
6665.64900,-0.27293,-3.35604,63.00962,11.00308,11.22706,20.10456,20.67492
6665.65900,-0.26942,-3.32236,62.97189,11.05940,11.25045,20.03472,20.62733
6665.66900,-0.27115,-3.31785,62.99863,11.07009,11.26168,20.03472,20.63214
6665.67900,-0.26871,-3.33251,62.92610,11.03317,11.23242,20.03937,20.62113
6665.68900,-0.26507,-3.35159,62.82986,10.98559,11.19339,20.04472,20.60616
6665.69900,-0.26658,-3.34463,62.87023,11.01104,11.20136,20.03701,20.62082
6665.70900,-0.26993,-3.32921,62.95995,11.06762,11.21908,20.01986,20.65339
6665.71900,-0.24734,-3.33283,62.86913,11.06072,11.18383,20.01472,20.60986
6665.72900,-0.24126,-3.33496,62.83886,11.05459,11.17339,20.01472,20.59616
6665.73900,-0.27618,-3.29998,62.98469,11.10120,11.27500,19.98942,20.61907
6665.74900,-0.27637,-3.30746,63.00286,11.05459,11.30739,20.04472,20.59616
6665.75900,-0.27497,-3.30711,62.98115,11.05676,11.29849,20.03386,20.59203
6665.76900,-0.27073,-3.30604,62.91536,11.06334,11.27152,20.00097,20.57953
6665.77900,-0.29386,-3.32631,62.96053,11.05952,11.23539,19.99345,20.67216
6665.78900,-0.30549,-3.33169,62.92719,11.03285,11.23539,19.98679,20.67216
6665.79900,-0.27153,-3.32260,63.08986,11.05459,11.29639,20.09472,20.64416
