time_s,cop_x_cm,cop_y_cm,mass_kg,tr_kg,tl_kg,br_kg,bl_kg
294.71460,-0.67077,-0.85344,58.62044,12.96194,14.15403,15.44018,16.06429
294.72460,-0.62884,-0.85797,58.59874,13.00817,14.08611,15.44018,16.06429
294.73460,-0.62633,-0.85825,58.59744,13.01094,14.08203,15.44018,16.06429
294.74460,-0.64807,-0.83532,58.64068,13.00248,14.16945,15.44018,16.02857
294.75460,-0.64946,-0.83386,58.64344,13.00194,14.17503,15.44018,16.02629
294.76460,-0.66544,-0.79913,58.55038,13.04800,14.17503,15.32738,15.99997
294.77460,-0.68334,-0.80438,58.63274,13.00441,14.24340,15.38664,15.99829
294.78460,-0.68423,-0.80478,58.63744,13.00194,14.24703,15.39018,15.99829
294.79460,-0.66698,-0.79359,58.58776,13.02252,14.23213,15.36889,15.96422
294.80460,-0.66304,-0.76689,58.64281,13.07981,14.26910,15.34361,15.95029
294.81460,-0.66369,-0.76232,58.65844,13.08994,14.27803,15.34018,15.95029
294.82460,-0.65333,-0.76865,58.76078,13.12137,14.27803,15.37241,15.98897
294.83460,-0.65084,-0.77017,58.78544,13.12894,14.27803,15.38018,15.99829
294.84460,-0.63558,-0.77517,58.74389,13.10215,14.27257,15.40751,15.96166
294.85460,-0.62935,-0.77139,58.64234,13.07994,14.25719,15.38889,15.91632
294.86460,-0.63539,-0.76393,58.57944,13.07994,14.24703,15.35018,15.90229
294.87460,-0.63539,-0.76393,58.57944,13.07994,14.24703,15.35018,15.90229
294.88460,-0.64613,-0.78115,58.64404,13.08434,14.22847,15.36258,15.96865
294.89460,-0.66655,-0.77193,58.66644,13.08994,14.25703,15.34018,15.97929
294.90460,-0.62570,-0.78679,58.61916,13.10289,14.18384,15.35961,15.97281
294.91460,-0.60346,-0.79488,58.59344,13.10994,14.14403,15.37018,15.96929
294.92460,-0.62660,-0.79515,58.60529,13.08438,14.17440,15.37018,15.97632
294.93460,-0.65964,-0.79554,58.62222,13.04788,14.21779,15.37018,15.98638
294.94460,-0.65670,-0.81686,58.58453,13.00903,14.18431,15.39473,15.99647
294.95460,-0.63213,-0.81318,58.63562,13.04139,14.18515,15.42041,15.98868
294.96460,-0.62345,-0.78092,58.67164,13.11927,14.20700,15.37178,15.97359
294.97460,-0.63347,-0.76276,58.65444,13.14894,14.21603,15.32018,15.96929
294.98460,-0.65236,-0.77482,58.63905,13.09878,14.22800,15.33728,15.97499
294.99460,-0.66663,-0.78392,58.62744,13.06094,14.23703,15.35018,15.97929
295.00460,-0.66663,-0.78392,58.62744,13.06094,14.23703,15.35018,15.97929
295.01460,-0.63602,-0.78525,58.63128,13.09328,14.20305,15.36114,15.97381
295.02460,-0.64587,-0.77382,58.56744,13.06994,14.22603,15.34018,15.93129
295.03460,-0.64766,-0.75858,58.59907,13.10068,14.24920,15.32236,15.92683
295.04460,-0.64700,-0.75044,58.61679,13.12059,14.25850,15.31194,15.92576
295.05460,-0.64042,-0.77501,58.56760,13.07888,14.21412,15.33868,15.93592
295.06460,-0.65052,-0.79131,58.51023,13.04926,14.17517,15.32682,15.95898
295.07460,-0.67083,-0.80029,58.45344,13.03094,14.14403,15.29018,15.98829
295.08460,-0.66513,-0.79700,58.47567,13.04315,14.15061,15.29644,15.98547
295.09460,-0.65924,-0.79067,58.53692,13.06706,14.17143,15.31018,15.98825
295.10460,-0.67327,-0.79256,58.56344,13.06094,14.18503,15.31018,16.00729
295.11460,-0.66299,-0.79542,58.57418,13.06287,14.18074,15.32736,16.00321
295.12460,-0.63087,-0.80437,58.60774,13.06891,14.16732,15.38105,15.99045
295.13460,-0.65810,-0.77955,58.66344,13.11994,14.20603,15.32018,16.01729
295.14460,-0.66032,-0.78339,58.66058,13.11334,14.20141,15.32238,16.02345
295.15460,-0.66706,-0.79504,58.65191,13.09334,14.18741,15.32905,16.04211
295.16460,-0.66144,-0.79570,58.64721,13.09184,14.18503,15.33588,16.03446
295.17460,-0.64204,-0.79301,58.60523,13.07729,14.18695,15.35634,15.98464
295.18460,-0.68193,-0.80549,58.48644,12.98194,14.19503,15.34018,15.96929
295.19460,-0.68036,-0.80536,58.49354,12.99134,14.18928,15.33634,15.97658
295.20460,-0.67425,-0.80826,58.51868,13.02157,14.16329,15.32653,16.00729
295.21460,-0.67688,-0.82560,58.49487,12.97475,14.15456,15.35828,16.00729
295.22460,-0.67545,-0.82566,58.50683,12.97741,14.15728,15.36335,16.00879
295.23460,-0.65700,-0.81435,58.66244,13.04094,14.19503,15.40018,16.02629
295.24460,-0.65799,-0.81567,58.67337,13.04015,14.19749,15.40493,16.03080
295.25460,-0.67018,-0.83310,58.79691,13.02754,14.22250,15.46087,16.08599
295.26460,-0.67998,-0.86068,58.74944,12.98194,14.17503,15.47018,16.12229
295.27460,-0.67838,-0.86006,58.74496,12.98194,14.17457,15.47018,16.11827
295.28460,-0.65551,-0.85115,58.68096,12.98194,14.16790,15.47018,16.06094
295.29460,-0.64112,-0.86685,58.64077,12.96384,14.12703,15.48828,16.06162
295.30460,-0.64065,-0.86891,58.63944,12.96194,14.12303,15.49018,16.06429
295.31460,-0.61906,-0.86984,58.74680,13.01596,14.11620,15.51753,16.09711
295.32460,-0.60911,-0.87027,58.79644,13.04094,14.11303,15.53018,16.11229
295.33460,-0.61879,-0.88292,58.67863,12.98638,14.08061,15.51437,16.09726
295.34460,-0.59568,-0.87311,58.87477,13.04420,14.13861,15.58325,16.10871
295.35460,-0.58975,-0.87008,58.92744,13.06094,14.15403,15.60018,16.11229
295.36460,-0.63632,-0.87059,58.77597,12.98075,14.16294,15.54348,16.08880
295.37460,-0.63198,-0.87233,58.74773,12.97814,14.14802,15.53828,16.08329
295.38460,-0.62839,-0.87271,58.74944,12.98194,14.14403,15.54018,16.08329
295.39460,-0.62839,-0.87271,58.74944,12.98194,14.14403,15.54018,16.08329
295.40460,-0.63054,-0.85919,58.65244,12.97194,14.14403,15.50018,16.03629
295.41460,-0.62881,-0.85926,58.64764,12.97631,14.13726,15.49581,16.03825
295.42460,-0.62438,-0.86089,58.68747,12.99511,14.13268,15.50236,16.05733
295.43460,-0.62811,-0.86386,58.81044,13.00194,14.17503,15.55018,16.08329
295.44460,-0.62446,-0.87338,58.70745,12.96332,14.14156,15.54374,16.05883
295.45460,-0.59487,-0.88803,58.63986,12.96034,14.07565,15.55398,16.04989
295.46460,-0.56249,-0.89903,58.62744,12.98194,14.02003,15.57018,16.05529
295.47460,-0.55071,-0.88329,58.65189,13.00980,14.04392,15.57018,16.02799
295.48460,-0.54178,-0.87136,58.67044,13.03094,14.06203,15.57018,16.00729
295.49460,-0.55114,-0.87316,58.68868,13.03094,14.06583,15.56638,16.02553
295.50460,-0.56420,-0.87505,58.70566,13.02772,14.07203,15.56018,16.04573
295.51460,-0.54646,-0.86672,58.60344,13.00194,14.07203,15.56018,15.96929
295.52460,-0.53767,-0.85715,58.57811,13.00594,14.08092,15.55574,15.93551
295.53460,-0.53083,-0.84153,58.59456,13.03322,14.10139,15.54572,15.91423
295.54460,-0.53602,-0.83700,58.65444,13.06094,14.11303,15.54018,15.94029
295.55460,-0.54234,-0.83527,58.67149,13.06316,14.12317,15.53771,15.94745
295.56460,-0.55702,-0.83125,58.71115,13.06834,14.14673,15.53196,15.96412
295.57460,-0.56157,-0.83000,58.72344,13.06994,14.15403,15.53018,15.96929
295.58460,-0.55791,-0.86616,58.60230,12.99726,14.07762,15.54882,15.97860
295.59460,-0.49351,-0.88653,58.61844,13.04094,13.98903,15.60018,15.98829
295.60460,-0.50632,-0.87925,58.54041,13.02657,13.98610,15.55911,15.96863
295.61460,-0.53555,-0.86265,58.36308,12.99390,13.97943,15.46578,15.92397
295.62460,-0.51276,-0.88984,58.52844,13.01094,13.96903,15.56018,15.98829
295.63460,-0.52042,-0.89866,58.53185,12.98366,13.97523,15.57878,15.99418
295.64460,-0.53745,-0.91830,58.53944,12.92294,13.98903,15.62018,16.00729
295.65460,-0.53175,-0.91908,58.53572,12.93193,13.97632,15.61708,16.01039
295.66460,-0.52913,-0.91833,58.55534,12.95504,13.96415,15.60708,16.02907
295.67460,-0.55150,-0.91280,58.61744,12.96194,14.00003,15.60018,16.05529
295.68460,-0.55150,-0.91280,58.61744,12.96194,14.00003,15.60018,16.05529
295.69460,-0.52966,-0.87883,58.64064,13.01688,14.04311,15.58612,15.99452
295.70460,-0.52360,-0.86516,58.72244,13.04094,14.09203,15.61018,15.97929
295.71460,-0.52552,-0.86739,58.71356,13.03955,14.08357,15.60463,15.98580
295.72460,-0.53564,-0.87914,58.66685,13.03225,14.03905,15.57544,16.02011
295.73460,-0.53746,-0.88126,58.65844,13.03094,14.03103,15.57018,16.02629
295.74460,-0.54472,-0.86972,58.69789,13.03094,14.07894,15.57957,16.00844
295.75460,-0.48737,-0.86753,58.60144,13.06094,14.01003,15.58018,15.95029
295.76460,-0.48737,-0.86753,58.60144,13.06094,14.01003,15.58018,15.95029
295.77460,-0.48737,-0.86753,58.60144,13.06094,14.01003,15.58018,15.95029
295.78460,-0.54285,-0.85074,58.51676,13.03094,14.04399,15.49382,15.94801
295.79460,-0.51385,-0.86272,58.53144,13.03094,14.02003,15.54018,15.94029
295.80460,-0.50296,-0.87160,58.53516,13.02267,14.00722,15.56498,15.94029
295.81460,-0.48751,-0.88420,58.54044,13.01094,13.98903,15.60018,15.94029
295.82460,-0.48729,-0.91045,58.48458,12.96532,13.94155,15.61880,15.95891
295.83460,-0.56486,-0.91194,58.54466,12.92564,14.00504,15.58295,16.03102
295.84460,-0.57063,-0.91191,58.54944,12.92294,14.01003,15.58018,16.03629
295.85460,-0.51877,-0.89493,58.51873,12.97809,13.98434,15.58018,15.97613
295.86460,-0.51527,-0.88465,58.56369,12.99788,14.01166,15.58705,15.96710
295.87460,-0.52772,-0.88459,58.59244,12.99194,14.03103,15.59018,15.97929
295.88460,-0.52536,-0.90441,58.45442,12.93592,13.97258,15.58206,15.96386
295.89460,-0.52481,-0.90901,58.42244,12.92294,13.95903,15.58018,15.96029
295.90460,-0.54425,-0.90768,58.55933,12.93104,14.01735,15.61258,15.99836
295.91460,-0.55401,-0.90717,58.60427,12.95620,14.01419,15.59612,16.03776
295.92460,-0.55529,-0.90712,58.60744,12.96194,14.01003,15.59018,16.04529
295.93460,-0.54259,-0.91644,58.58344,12.94244,13.99453,15.61518,16.03129
295.94460,-0.55501,-0.92306,58.54426,12.91604,13.98593,15.60568,16.03661
295.95460,-0.56631,-0.92183,58.53744,12.91294,13.98903,15.59018,16.04529
295.96460,-0.56069,-0.92527,58.52184,12.90494,13.98103,15.59818,16.03769
295.97460,-0.55226,-0.93044,58.49844,12.89294,13.96903,15.61018,16.02629
295.98460,-0.57706,-0.93870,58.46946,12.87293,13.95454,15.58258,16.05941
295.99460,-0.59942,-0.93346,58.57873,12.90265,13.98842,15.57579,16.11187
296.00460,-0.60816,-0.92648,58.67444,12.93294,14.02003,15.58018,16.14129
296.01460,-0.59776,-0.94624,58.61180,12.89400,13.97940,15.60275,16.13564
296.02460,-0.57092,-0.96209,58.60208,12.88578,13.94243,15.64258,16.13129
296.03460,-0.55616,-0.96253,58.63244,12.90294,13.93803,15.66018,16.13129
296.04460,-0.58336,-0.98215,58.63865,12.84843,13.94493,15.68088,16.16441
296.05460,-0.59558,-0.99096,58.64144,12.82394,13.94803,15.69018,16.17929
296.06460,-0.58255,-0.98215,58.68248,12.86536,13.94803,15.68638,16.18271
296.07460,-0.57831,-0.97708,58.71938,12.90373,13.93957,15.67171,16.20437
296.08460,-0.60148,-0.98975,58.67844,12.86394,13.92803,15.66018,16.22629
296.09460,-0.56138,-0.97320,58.67956,12.91322,13.92187,15.66578,16.17869
296.10460,-0.53904,-0.96297,58.64570,12.92559,13.92033,15.66719,16.13260
296.11460,-0.55542,-0.96795,58.58367,12.87853,13.92621,15.66184,16.11709
296.12460,-0.55367,-0.97227,58.60234,12.88034,13.92181,15.67149,16.12869
296.13460,-0.54842,-0.97441,58.63144,12.89294,13.91703,15.68018,16.14129
296.14460,-0.56633,-0.98201,58.58226,12.86102,13.90694,15.66389,16.15041
296.15460,-0.59783,-0.99537,58.49597,12.80502,13.88922,15.63532,16.16641
296.16460,-0.55956,-0.98789,58.45690,12.83472,13.86087,15.63830,16.12301
296.17460,-0.55580,-0.97992,58.46926,12.85731,13.86439,15.62681,16.12075
296.18460,-0.58477,-0.96995,58.49540,12.86954,13.88967,15.58818,16.14801
296.19460,-0.61145,-0.96626,58.50044,12.86394,13.90703,15.56018,16.16929
296.20460,-0.61145,-0.96626,58.50044,12.86394,13.90703,15.56018,16.16929
296.21460,-0.61391,-0.98658,58.49089,12.83212,13.88237,15.58404,16.19235
296.22460,-0.61454,-0.99180,58.48844,12.82394,13.87603,15.59018,16.19829
296.23460,-0.60707,-0.99387,58.55382,12.81494,13.90956,15.64104,16.18829
296.24460,-0.57470,-1.01080,58.55912,12.81494,13.86850,15.68740,16.18829
296.25460,-0.58540,-1.01888,58.53663,12.79308,13.85938,15.68384,16.20033
296.26460,-0.61303,-1.03172,58.48838,12.74281,13.85474,15.67331,16.21752
296.27460,-0.61378,-1.02646,58.49044,12.73594,13.87603,15.68018,16.19829
296.28460,-0.61218,-1.03296,58.49889,12.73594,13.86319,15.68644,16.21332
296.29460,-0.60868,-1.04722,58.51744,12.73594,13.83503,15.70018,16.24629
296.30460,-0.60868,-1.04722,58.51744,12.73594,13.83503,15.70018,16.24629
296.31460,-0.56969,-1.02163,58.67918,12.87737,13.83290,15.69018,16.27872
296.32460,-0.58205,-1.01543,58.66544,12.85394,13.86603,15.69018,16.25529
296.33460,-0.58787,-1.01303,58.63910,12.85206,13.86208,15.67137,16.25359
296.34460,-0.60344,-0.99763,58.51744,12.84939,13.84885,15.59382,16.22538
296.35460,-0.56019,-0.97496,58.48144,12.87394,13.86603,15.61018,16.13129
296.36460,-0.56019,-0.97496,58.48144,12.87394,13.86603,15.61018,16.13129
296.37460,-0.59417,-0.94285,58.63544,12.89294,14.00003,15.62018,16.12229
296.38460,-0.59417,-0.94285,58.63544,12.89294,14.00003,15.62018,16.12229
296.39460,-0.57882,-0.98744,58.53787,12.84784,13.88590,15.63859,16.16555
296.40460,-0.58536,-0.97058,58.59244,12.87394,13.92803,15.63018,16.16029
296.41460,-0.58471,-0.97087,58.58434,12.87508,13.92245,15.62598,16.16083
296.42460,-0.57502,-0.97870,58.45792,12.88706,13.83257,15.56558,16.17271
296.43460,-0.58330,-1.03099,58.46544,12.79494,13.79403,15.65018,16.22629
296.44460,-0.58280,-1.03246,58.46034,12.79174,13.79116,15.65157,16.22587
296.45460,-0.57567,-1.05340,58.38749,12.74605,13.75010,15.67144,16.21991
296.46460,-0.57253,-1.06263,58.35544,12.72594,13.73203,15.68018,16.21729
296.47460,-0.57212,-1.06294,58.33819,12.73378,13.71557,15.66450,16.22434
296.48460,-0.58553,-1.04917,58.46658,12.74525,13.79762,15.69742,16.22629
296.49460,-0.58653,-1.04815,58.47644,12.74594,13.80403,15.70018,16.22629
296.50460,-0.62361,-1.02772,58.52892,12.73774,13.88849,15.68378,16.21891
296.51460,-0.63174,-1.02325,58.54044,12.73594,13.90703,15.68018,16.21729
296.52460,-0.60780,-1.02674,58.53882,12.75943,13.87382,15.68828,16.21729
296.53460,-0.59989,-1.01737,58.49875,12.77304,13.86603,15.66588,16.19380
296.54460,-0.59935,-1.01498,58.48944,12.77494,13.86603,15.66018,16.18829
296.55460,-0.59102,-1.03983,58.50417,12.77494,13.80897,15.67859,16.24167
296.56460,-0.59114,-1.04559,58.44530,12.73836,13.80403,15.68638,16.21653
296.57460,-0.59166,-1.04781,58.40844,12.71594,13.80403,15.69018,16.19829
296.58460,-0.52394,-1.05008,58.48617,12.81249,13.73694,15.72291,16.21383
296.59460,-0.50891,-1.05059,58.50344,12.83394,13.72203,15.73018,16.21729
296.60460,-0.52299,-1.05520,58.64227,12.81851,13.78861,15.79432,16.24083
296.61460,-0.54098,-1.06009,58.56752,12.80684,13.75381,15.74519,16.26168
296.62460,-0.54444,-1.06099,58.54244,12.80494,13.74203,15.73018,16.26529
296.63460,-0.54432,-1.04666,58.52730,12.80494,13.77195,15.72297,16.22744
296.64460,-0.54473,-1.02352,58.53229,12.83477,13.80380,15.69501,16.19871
296.65460,-0.54536,-1.02576,58.56344,12.86394,13.78303,15.68018,16.23629
296.66460,-0.54352,-1.02477,58.54440,12.85034,13.79051,15.68698,16.21657
296.67460,-0.54266,-1.02431,58.53544,12.84394,13.79403,15.69018,16.20729
296.68460,-0.52996,-1.03347,58.55683,12.83014,13.79403,15.73158,16.20108
296.69460,-0.54441,-1.02642,58.57518,12.84234,13.80829,15.70878,16.21577
296.70460,-0.56807,-1.01331,58.58544,12.86394,13.82503,15.66018,16.23629
296.71460,-0.55878,-0.99952,58.58264,12.86394,13.85919,15.67138,16.18813
296.72460,-0.55443,-0.98428,58.53116,12.85834,13.88043,15.65778,16.13461
296.73460,-0.55675,-0.98082,58.49244,12.85394,13.87603,15.64018,16.12229
296.74460,-0.53318,-0.99632,58.52966,12.85950,13.84770,15.68462,16.13784
296.75460,-0.51178,-1.00744,58.55235,12.86394,13.82503,15.72018,16.14319
296.76460,-0.51268,-1.00438,58.52864,12.86001,13.82602,15.71133,16.13129
296.77460,-0.54211,-0.99437,58.45207,12.84622,13.83058,15.64800,16.12728
296.78460,-0.51938,-0.99272,58.49144,12.87394,13.82503,15.67018,16.12229
296.79460,-0.50143,-0.99375,58.45551,12.88063,13.79932,15.67018,16.10538
296.80460,-0.49178,-1.00606,58.39331,12.86327,13.75676,15.67018,16.10310
296.81460,-0.52280,-1.01988,58.39844,12.82394,13.76303,15.67018,16.14129
296.82460,-0.50528,-1.02262,58.39053,12.83383,13.74252,15.68007,16.13412
296.83460,-0.46451,-1.02900,58.37214,12.85681,13.69482,15.70305,16.11745
296.84460,-0.45187,-1.03098,58.36644,12.86394,13.68003,15.71018,16.11229
296.85460,-0.45455,-1.02674,58.39862,12.86394,13.70553,15.72232,16.10682
296.86460,-0.50567,-1.04417,58.53544,12.82394,13.76303,15.76018,16.18829
296.87460,-0.49860,-1.04425,58.51950,12.82748,13.75205,15.75841,16.18156
296.88460,-0.47577,-1.04450,58.46807,12.83891,13.71662,15.75269,16.15984
296.89460,-0.46117,-1.05452,58.44608,12.81240,13.70747,15.78816,16.13806
296.90460,-0.45866,-1.06000,58.44644,12.79494,13.71103,15.80918,16.13129
296.91460,-0.48501,-1.05025,58.41012,12.77949,13.73499,15.77132,16.12433
296.92460,-0.49276,-1.04738,58.39944,12.77494,13.74203,15.76018,16.12229
296.93460,-0.53852,-1.08493,58.45156,12.70235,13.74203,15.79648,16.21070
296.94460,-0.58222,-1.05121,58.35680,12.69694,13.79088,15.69679,16.17220
296.95460,-0.57778,-1.05001,58.34384,12.70084,13.78417,15.69257,16.16626
296.96460,-0.50648,-1.06184,58.28435,12.74784,13.67991,15.71258,16.14402
296.97460,-0.55063,-1.05499,58.35644,12.75594,13.72203,15.68018,16.19829
296.98460,-0.55063,-1.05499,58.35644,12.75594,13.72203,15.68018,16.19829
296.99460,-0.47835,-1.07554,58.43944,12.83394,13.62903,15.74018,16.23629
297.00460,-0.48270,-1.07524,58.44450,12.82985,13.63617,15.74087,16.23760
297.01460,-0.54128,-1.07147,58.50836,12.77320,13.73143,15.74958,16.25415
297.02460,-0.54536,-1.07447,58.44444,12.74594,13.72203,15.74018,16.23629
297.03460,-0.54472,-1.07234,58.43779,12.74515,13.72528,15.73860,16.22876
297.04460,-0.53760,-1.04913,58.36431,12.73594,13.76061,15.72158,16.14619
297.05460,-0.54278,-1.07247,58.41965,12.73594,13.72594,15.74158,16.21619
297.06460,-0.54500,-1.08249,58.44344,12.73594,13.71103,15.75018,16.24629
297.07460,-0.53955,-1.05656,58.46695,12.74535,13.77876,15.75959,16.18327
297.08460,-0.56745,-1.06876,58.54677,12.74594,13.78303,15.76018,16.25762
297.09460,-0.55692,-1.09992,58.53358,12.70764,13.73536,15.80629,16.28429
297.10460,-0.52473,-1.08835,58.59792,12.72363,13.77818,15.86520,16.23090
297.11460,-0.52244,-1.08671,58.60444,12.72594,13.78303,15.86918,16.22629
297.12460,-0.54407,-1.10999,58.56491,12.71207,13.71923,15.83450,16.29911
297.13460,-0.53055,-1.12433,58.47346,12.69568,13.65755,15.82458,16.29565
297.14460,-0.51083,-1.12779,58.41044,12.68694,13.62903,15.82918,16.26529
297.15460,-0.51903,-1.14207,58.39991,12.66264,13.61202,15.83728,16.28797
297.16460,-0.50064,-1.12721,58.45576,12.70473,13.63314,15.84728,16.27061
297.17460,-0.49588,-1.12295,58.46944,12.71594,13.63903,15.84918,16.26529
297.18460,-0.46806,-1.14089,58.48420,12.70167,13.61394,15.90823,16.26037
297.19460,-0.43937,-1.15940,58.49944,12.68694,13.58803,15.96918,16.25529
297.20460,-0.43937,-1.15940,58.49944,12.68694,13.58803,15.96918,16.25529
297.21460,-0.49627,-1.16225,58.41643,12.64497,13.58541,15.89373,16.29233
297.22460,-0.45348,-1.19266,58.39744,12.60794,13.53603,15.97918,16.27429
297.23460,-0.45253,-1.19273,58.40447,12.61091,13.53603,15.98094,16.27659
297.24460,-0.43778,-1.19380,58.51344,12.65694,13.53603,16.00818,16.31229
297.25460,-0.43778,-1.19380,58.51344,12.65694,13.53603,16.00818,16.31229
297.26460,-0.45731,-1.16869,58.47476,12.68142,13.55863,15.93838,16.29633
297.27460,-0.50414,-1.18289,58.45544,12.61794,13.57703,15.92918,16.33129
297.28460,-0.48655,-1.16008,58.54638,12.67132,13.62300,15.94401,16.30806
297.29460,-0.45303,-1.12622,58.57806,12.73490,13.66063,15.94126,16.24128
297.30460,-0.43380,-1.11316,58.50244,12.74594,13.64903,15.91918,16.18829
297.31460,-0.43762,-1.12188,58.44499,12.71746,13.62924,15.91435,16.18394
297.32460,-0.44173,-1.13124,58.38344,12.68694,13.60803,15.90918,16.17929
297.33460,-0.44726,-1.12635,58.40556,12.69781,13.61966,15.90168,16.18641
297.34460,-0.45070,-1.11915,58.45107,12.72150,13.63492,15.89563,16.19901
297.35460,-0.38501,-1.12998,58.54944,12.78494,13.58803,15.96918,16.20729
297.36460,-0.40434,-1.10927,58.51370,12.77215,13.63789,15.93830,16.16537
297.37460,-0.40916,-1.09888,58.43963,12.75981,13.64341,15.90778,16.12863
297.38460,-0.38302,-1.11996,58.40144,12.76494,13.56703,15.91918,16.15029
297.39460,-0.38302,-1.11996,58.40144,12.76494,13.56703,15.91918,16.15029
297.40460,-0.36369,-1.09609,58.52944,12.87394,13.57703,15.89918,16.17929
297.41460,-0.37245,-1.09767,58.50163,12.85416,13.58019,15.89345,16.17384
297.42460,-0.39287,-1.10136,58.43697,12.80816,13.58752,15.88011,16.16117
297.43460,-0.40803,-1.10148,58.42944,12.81494,13.57703,15.84918,16.18829
297.44460,-0.40850,-1.09378,58.43586,12.82304,13.59156,15.84359,16.17767
297.45460,-0.40675,-1.06880,58.45333,12.84616,13.64037,15.83140,16.13540
297.46460,-0.39636,-1.05085,58.45644,12.85394,13.68003,15.83918,16.08329
297.47460,-0.39636,-1.05085,58.45644,12.85394,13.68003,15.83918,16.08329
297.48460,-0.38915,-1.05548,58.42644,12.84394,13.66453,15.84418,16.07379
297.49460,-0.41056,-1.06166,58.42364,12.81516,13.67624,15.84270,16.08955
297.50460,-0.42612,-1.06249,58.43844,12.80494,13.69103,15.83918,16.10329
297.51460,-0.42512,-1.05403,58.47444,12.85394,13.68003,15.80918,16.13129
297.52460,-0.42425,-1.05312,58.47180,12.85759,13.67752,15.80541,16.13129
297.53460,-0.41969,-1.04834,58.45789,12.87679,13.66427,15.78554,16.13129
297.54460,-0.41495,-1.04518,58.44644,12.86394,13.68003,15.79918,16.10329
297.55460,-0.41409,-1.04499,58.44406,12.86453,13.67885,15.79859,16.10210
297.56460,-0.40154,-1.04201,58.40543,12.87242,13.66104,15.78867,16.08329
297.57460,-0.42279,-1.04235,58.38644,12.84394,13.68003,15.77918,16.08329
297.58460,-0.42246,-1.04099,58.39001,12.84707,13.68201,15.77825,16.08268
297.59460,-0.41691,-1.01835,58.44959,12.89920,13.71499,15.76283,16.07257
297.60460,-0.41236,-0.99982,58.49844,12.94194,13.74203,15.75018,16.06429
297.61460,-0.40049,-1.00040,58.44723,12.94194,13.71718,15.74109,16.04701
297.62460,-0.38389,-0.99738,58.33825,12.92820,13.68892,15.72370,15.99742
297.63460,-0.40373,-0.98939,58.35444,12.90294,13.74203,15.73018,15.97929
297.64460,-0.39120,-1.02365,58.33879,12.89374,13.65643,15.74859,16.04004
297.65460,-0.39080,-1.02658,58.33930,12.88364,13.65926,15.75948,16.03692
297.66460,-0.39085,-1.02658,58.33944,12.88294,13.66003,15.76018,16.03629
297.67460,-0.38837,-1.02385,58.40186,12.88988,13.68847,15.78723,16.03629
297.68460,-0.38728,-1.02265,58.42944,12.89294,13.70103,15.79918,16.03629
297.69460,-0.37274,-1.00814,58.30875,12.91724,13.65891,15.73519,15.99741
297.70460,-0.39639,-1.01455,58.32299,12.88285,13.68340,15.74473,16.01201
297.71460,-0.40240,-1.01673,58.33244,12.87394,13.69103,15.75018,16.01729
297.72460,-0.44808,-0.98896,58.35911,12.87394,13.77427,15.70170,16.00921
297.73460,-0.44215,-0.99502,58.37295,12.88950,13.74951,15.70091,16.03304
297.74460,-0.42766,-1.00595,58.37944,12.90294,13.71103,15.71018,16.05529
297.75460,-0.43403,-1.01117,58.43860,12.92334,13.70423,15.71018,16.10085
297.76460,-0.43703,-1.01362,58.46644,12.93294,13.70103,15.71018,16.12229
297.77460,-0.45762,-1.06031,58.56535,12.86494,13.69416,15.79879,16.20746
297.78460,-0.42453,-1.07528,58.61864,12.86127,13.68352,15.87334,16.20051
297.79460,-0.40484,-1.07237,58.62244,12.87394,13.68003,15.88918,16.17929
297.80460,-0.41594,-1.06602,58.59921,12.87655,13.68323,15.86015,16.17929
297.81460,-0.43732,-1.05681,58.40300,12.85550,13.63895,15.75614,16.15241
297.82460,-0.43275,-1.06180,58.29344,12.83394,13.59803,15.73018,16.13129
297.83460,-0.44789,-1.03703,58.38080,12.85074,13.68427,15.73578,16.11001
297.84460,-0.45975,-1.01762,58.44944,12.86394,13.75203,15.74018,16.09329
297.85460,-0.45766,-1.02061,58.43202,12.85726,13.74313,15.74115,16.09048
297.86460,-0.46015,-1.04560,58.40012,12.80770,13.71415,15.77174,16.10653
297.87460,-0.48803,-1.04187,58.56644,12.82394,13.78303,15.79918,16.16029
297.88460,-0.48593,-1.04025,58.57406,12.83051,13.78408,15.79918,16.16029
297.89460,-0.46323,-1.03751,58.62768,12.88168,13.76431,15.80495,16.17674
297.90460,-0.45688,-1.06689,58.58406,12.85551,13.69518,15.81837,16.21499
297.91460,-0.45453,-1.05650,58.58250,12.86416,13.71252,15.81213,16.19368
297.92460,-0.45093,-1.03415,58.58444,12.88294,13.75203,15.79918,16.15029
297.93460,-0.45671,-1.03825,58.57271,12.87397,13.74513,15.79458,16.15902
297.94460,-0.47017,-1.04780,58.54544,12.85312,13.72909,15.78389,16.17935
297.95460,-0.47144,-1.04819,58.52056,12.87138,13.69851,15.75174,16.19893
297.96460,-0.46778,-1.04520,58.51044,12.89294,13.68003,15.73018,16.20729
297.97460,-0.55980,-1.03305,58.38302,12.78519,13.76104,15.65153,16.18526
297.98460,-0.49414,-1.05139,58.41162,12.80373,13.70851,15.73548,16.16390
297.99460,-0.47290,-1.05646,58.42644,12.81494,13.69103,15.76018,16.16029
298.00460,-0.54014,-0.99792,58.38410,12.83243,13.80425,15.63132,16.11610
298.01460,-0.54592,-0.99341,58.37894,12.83462,13.81124,15.61882,16.11426
298.02460,-0.54363,-0.99417,58.37158,12.85456,13.78599,15.59838,16.13265
298.03460,-0.53548,-0.96292,58.43144,12.90294,13.84503,15.59018,16.09329
298.04460,-0.53053,-0.96746,58.43252,12.90654,13.83027,15.59378,16.10193
298.05460,-0.51174,-0.99049,58.44776,12.91934,13.76543,15.61378,16.14921
298.06460,-0.53245,-1.00328,58.50509,12.89934,13.77877,15.63378,16.19321
298.07460,-0.53886,-1.00824,58.52400,12.89097,13.78303,15.64271,16.20729
298.08460,-0.53490,-1.02452,58.53444,12.85394,13.78303,15.69018,16.20729
298.09460,-0.53510,-1.02532,58.53498,12.85274,13.78243,15.69138,16.20843
298.10460,-0.53815,-1.03767,58.54344,12.83426,13.77303,15.70986,16.22629
298.11460,-0.53815,-1.03558,58.54344,12.83964,13.77303,15.70448,16.22629
298.12460,-0.53732,-1.03372,58.54370,12.84582,13.77172,15.69954,16.22661
298.13460,-0.52351,-1.03075,58.54795,12.87721,13.74992,15.68890,16.23192
298.14460,-0.52209,-1.03105,58.52576,12.87942,13.73683,15.67778,16.23173
298.15460,-0.55351,-1.03975,58.44444,12.80494,13.75203,15.67018,16.21729
298.16460,-0.53349,-1.00896,58.53938,12.88766,13.79151,15.66078,16.19943
298.17460,-0.53221,-1.00700,58.54544,12.89294,13.79403,15.66018,16.19829
298.18460,-0.57071,-1.04446,58.61798,12.82040,13.80333,15.71598,16.27827
298.19460,-0.57805,-1.02621,58.71020,12.86362,13.84897,15.70770,16.28990
298.20460,-0.58072,-1.01356,58.76244,12.89294,13.87603,15.70018,16.29329
298.21460,-0.60021,-1.01409,58.56608,12.86103,13.81712,15.61018,16.27774
298.22460,-0.59932,-1.01036,58.56016,12.82196,13.86307,15.64758,16.22755
298.23460,-0.59817,-1.00952,58.56844,12.81494,13.87603,15.66018,16.21729
298.24460,-0.58333,-0.99279,58.54062,12.88694,13.83431,15.59473,16.22465
298.25460,-0.58003,-0.98907,58.53444,12.90294,13.82503,15.58018,16.22629
298.26460,-0.61038,-0.98854,58.49693,12.87087,13.84134,15.55300,16.23172
298.27460,-0.63135,-1.00925,58.48525,12.81397,13.83980,15.57589,16.25559
298.28460,-0.62695,-1.02972,58.50444,12.78494,13.82503,15.62018,16.27429
298.29460,-0.64125,-1.03862,58.59671,12.79767,13.83140,15.63291,16.33474
298.30460,-0.63114,-1.04878,58.62087,12.79771,13.81622,15.65827,16.34867
298.31460,-0.60427,-1.05626,58.57884,12.78707,13.78857,15.68486,16.31835
298.32460,-0.61180,-1.03651,58.63436,12.80534,13.84627,15.68338,16.29937
298.33460,-0.61786,-1.02652,58.66444,12.81494,13.87603,15.68018,16.29329
298.34460,-0.61786,-1.02652,58.66444,12.81494,13.87603,15.68018,16.29329
298.35460,-0.61391,-1.04358,58.67011,12.81494,13.83472,15.68828,16.33217
298.36460,-0.63167,-1.03587,58.62768,12.78701,13.86321,15.67156,16.30591
298.37460,-0.62457,-1.01191,58.55388,12.81216,13.86603,15.62018,16.25551
298.38460,-0.61908,-1.00519,58.49079,12.82341,13.84330,15.58572,16.23836
298.39460,-0.62012,-1.01466,58.48544,12.81494,13.82503,15.59018,16.25529
298.40460,-0.61648,-1.01010,58.45977,12.81494,13.82503,15.58263,16.23717
298.41460,-0.61047,-1.00257,58.41744,12.81494,13.82503,15.57018,16.20729
298.42460,-0.62144,-0.99069,58.46474,12.83601,13.85599,15.55728,16.21546
298.43460,-0.64196,-0.98819,58.53613,12.83397,13.89703,15.56624,16.23888
298.44460,-0.64979,-1.00540,58.54744,12.79494,13.89703,15.60018,16.25529
298.45460,-0.64721,-1.00706,58.56585,12.79701,13.89910,15.61052,16.25922
298.46460,-0.63207,-1.02140,58.65332,12.80801,13.89107,15.66246,16.29178
298.47460,-0.62016,-1.03945,58.69144,12.81494,13.85503,15.69018,16.33129
298.48460,-0.62339,-1.04870,58.68111,12.79928,13.84219,15.69644,16.34319
298.49460,-0.63047,-1.06900,58.65844,12.76494,13.81403,15.71018,16.36929
298.50460,-0.62801,-1.07421,58.64564,12.75566,13.80411,15.71658,16.36929
298.51460,-0.62487,-1.09040,58.62868,12.73167,13.77877,15.73658,16.38166
298.52460,-0.63142,-1.10639,58.66068,12.71834,13.76543,15.75658,16.42033
298.53460,-0.63226,-1.11173,58.68468,12.71784,13.76303,15.76759,16.43622
298.54460,-0.63682,-1.11619,58.74192,12.72746,13.76775,15.77957,16.46714
298.55460,-0.66842,-1.08449,58.63392,12.73546,13.79255,15.67637,16.42954
298.56460,-0.66698,-1.08175,58.61953,12.73526,13.79328,15.67154,16.41945
298.57460,-0.62133,-1.07032,58.51144,12.72594,13.78303,15.69018,16.31229
298.58460,-0.62832,-1.07063,58.51374,12.72244,13.78678,15.68535,16.31917
298.59460,-0.66716,-1.07236,58.52649,12.70297,13.80758,15.65850,16.35743
298.60460,-0.62721,-1.05436,58.44544,12.70594,13.81403,15.67018,16.25529
298.61460,-0.62432,-1.05550,58.44229,12.70772,13.80791,15.67077,16.25588
298.62460,-0.57809,-1.07337,58.39415,12.73628,13.71174,15.68119,16.26495
298.63460,-0.57054,-1.07130,58.42838,12.74299,13.72583,15.70132,16.25824
298.64460,-0.56722,-1.07039,58.44344,12.74594,13.73203,15.71018,16.25529
298.65460,-0.59360,-1.09062,58.42484,12.71618,13.70153,15.69530,16.31183
298.66460,-0.59248,-1.11093,58.56695,12.69891,13.73090,15.78319,16.35395
298.67460,-0.58964,-1.11465,58.60844,12.69694,13.74203,15.80918,16.36029
298.68460,-0.58599,-1.10698,58.61490,12.74462,13.71698,15.76958,16.38372
298.69460,-0.58512,-1.10516,58.61644,12.75594,13.71103,15.76018,16.38929
298.70460,-0.54751,-1.09304,58.54553,12.76412,13.70194,15.76836,16.31110
298.71460,-0.52286,-1.06346,58.54141,12.81391,13.72626,15.74989,16.25135
298.72460,-0.50153,-1.03447,58.54444,12.86394,13.75203,15.73018,16.19829
298.73460,-0.50167,-1.03347,58.53656,12.86293,13.75203,15.72715,16.19445
298.74460,-0.51661,-1.00795,58.39669,12.84394,13.77278,15.65768,16.12229
298.75460,-0.54983,-0.98609,58.43071,12.85321,13.83503,15.62018,16.12229
298.76460,-0.54526,-0.98390,58.43289,12.86294,13.83193,15.61768,16.12034
298.77460,-0.53584,-0.98534,58.27044,12.84394,13.77303,15.57018,16.08329
298.78460,-0.54028,-0.97751,58.31848,12.85355,13.80539,15.57802,16.08152
298.79460,-0.55141,-0.95105,58.52589,12.90165,13.92003,15.61599,16.08822
298.80460,-0.53438,-0.96445,58.55144,12.92294,13.87603,15.63018,16.12229
298.81460,-0.55556,-0.96579,58.47002,12.88223,13.87603,15.60258,16.10918
298.82460,-0.55647,-0.97081,58.55262,12.87091,13.91228,15.65291,16.11653
298.83460,-0.55274,-0.97272,58.60444,12.87394,13.92803,15.68018,16.12229
298.84460,-0.55465,-0.96663,58.59938,12.88728,13.92803,15.66178,16.12229
298.85460,-0.55690,-0.95948,58.59344,12.90294,13.92803,15.64018,16.12229
298.86460,-0.55230,-0.97406,58.52333,12.88071,13.88072,15.63448,16.12742
298.87460,-0.50668,-0.98203,58.52014,12.90863,13.83090,15.66666,16.11396
298.88460,-0.45651,-0.97839,58.57944,12.96194,13.81403,15.71018,16.09329
298.89460,-0.47313,-0.98331,58.58078,12.92674,13.83720,15.72355,16.09329
298.90460,-0.51347,-0.98440,58.56572,12.87458,13.87967,15.71378,16.09769
298.91460,-0.53851,-0.97800,58.54444,12.86394,13.89703,15.68018,16.10329
298.92460,-0.53930,-0.96169,58.52810,12.88501,13.91036,15.65008,16.08265
298.93460,-0.54034,-0.94005,58.50644,12.91294,13.92803,15.61018,16.05529
298.94460,-0.52877,-0.94035,58.50170,12.91949,13.91855,15.61695,16.04671
298.95460,-0.50121,-0.94106,58.49041,12.93508,13.89597,15.63308,16.02628
298.96460,-0.50280,-0.95553,58.52544,12.91294,13.89703,15.67018,16.04529
298.97460,-0.51339,-0.95219,58.53548,12.90667,13.91648,15.66704,16.04529
298.98460,-0.52462,-0.96421,58.53744,12.87809,13.91509,15.68139,16.06286
298.99460,-0.49717,-1.00871,58.49144,12.84394,13.81403,15.73018,16.10329
299.00460,-0.49717,-1.00871,58.49144,12.84394,13.81403,15.73018,16.10329
299.01460,-0.50681,-1.00788,58.61844,12.88294,13.83503,15.74018,16.16029
299.02460,-0.50343,-1.01642,58.60556,12.87281,13.81735,15.74859,16.16681
299.03460,-0.48694,-1.05663,58.57395,12.82994,13.74251,15.79833,16.20317
299.04460,-0.48595,-1.05095,58.74344,12.86327,13.80070,15.84918,16.23029
299.05460,-0.48537,-1.04762,58.84344,12.88294,13.83503,15.87918,16.24629
299.06460,-0.47190,-1.04926,58.72777,12.87477,13.78644,15.84908,16.21748
299.07460,-0.47808,-1.03946,58.55121,12.85405,13.75218,15.77508,16.16990
299.08460,-0.50278,-1.02717,58.52744,12.84394,13.78303,15.74018,16.16029
299.09460,-0.51977,-1.02079,58.52362,12.82549,13.81612,15.73382,16.14820
299.10460,-0.52947,-1.01715,58.52144,12.81494,13.83503,15.73018,16.14129
299.11460,-0.48722,-1.01611,58.51168,12.84954,13.79866,15.74792,16.11556
299.12460,-0.46846,-1.00845,58.54764,12.88091,13.80333,15.75948,16.10392
299.13460,-0.46746,-1.00788,58.55044,12.88294,13.80403,15.76018,16.10329
299.14460,-0.47077,-1.01817,58.48468,12.85570,13.77491,15.75079,16.10329
299.15460,-0.49430,-1.03602,58.41157,12.82602,13.72557,15.71295,16.14703
299.16460,-0.49604,-1.03730,58.40644,12.82394,13.72203,15.71018,16.15029
299.17460,-0.49152,-1.03002,58.44067,12.84676,13.73344,15.71018,16.15029
299.18460,-0.51307,-1.03677,58.53544,12.86394,13.74203,15.71018,16.21929
299.19460,-0.53578,-1.07676,58.53376,12.77667,13.72587,15.76594,16.26529
299.20460,-0.55297,-1.09759,58.61547,12.74792,13.73807,15.81126,16.31822
299.21460,-0.55685,-1.10086,58.63844,12.74594,13.74203,15.81918,16.33129
299.22460,-0.50858,-1.12740,58.60434,12.73782,13.66653,15.87601,16.32398
299.23460,-0.52667,-1.14923,58.57916,12.69328,13.64363,15.88378,16.35847
299.24460,-0.55163,-1.16259,58.56444,12.65694,13.63903,15.87918,16.38929
299.25460,-0.55670,-1.14134,58.56307,12.71091,13.63903,15.81769,16.39544
299.26460,-0.53924,-1.13656,58.52980,12.73594,13.61129,15.80006,16.38251
299.27460,-0.52261,-1.14083,58.50244,12.73594,13.58803,15.80918,16.36929
299.28460,-0.51226,-1.13867,58.44771,12.71685,13.58803,15.81554,16.32729
299.29460,-0.50633,-1.13743,58.41644,12.70594,13.58803,15.81918,16.30329
299.30460,-0.50746,-1.14820,58.36469,12.69278,13.55036,15.80556,16.31600
299.31460,-0.50292,-1.15519,58.33617,12.69038,13.52203,15.80015,16.32361
299.32460,-0.48736,-1.13940,58.42544,12.72594,13.56703,15.82918,16.30329
299.33460,-0.52034,-1.13940,58.40304,12.70410,13.57879,15.79558,16.32457
299.34460,-0.54769,-1.15068,58.41232,12.67014,13.58803,15.79718,16.35697
299.35460,-0.54880,-1.15954,58.43344,12.65694,13.58803,15.81918,16.36929
299.36460,-0.54264,-1.17117,58.45165,12.66725,13.55608,15.82605,16.40227
299.37460,-0.53167,-1.19193,58.48416,12.68565,13.49903,15.83832,16.46116
299.38460,-0.52987,-1.20191,58.44146,12.66639,13.47359,15.83918,16.46231
299.39460,-0.52804,-1.21717,58.36114,12.62968,13.43529,15.83918,16.45699
299.40460,-0.53201,-1.21830,58.38848,12.63766,13.43663,15.83918,16.47501
299.41460,-0.53416,-1.21653,58.41344,12.64694,13.44303,15.83918,16.48429
299.42460,-0.55656,-1.22529,58.42559,12.65504,13.41792,15.80678,16.54585
299.43460,-0.56181,-1.22734,58.42844,12.65694,13.41203,15.79918,16.56029
299.44460,-0.58607,-1.22248,58.53674,12.63889,13.49088,15.83718,16.56979
299.45460,-0.59117,-1.25751,58.67644,12.63794,13.46403,15.89918,16.67529
299.46460,-0.58610,-1.25623,58.67353,12.63612,13.46785,15.90645,16.66310
299.47460,-0.57053,-1.24989,58.62206,12.62224,13.47515,15.91638,16.60829
299.48460,-0.60152,-1.24738,58.45844,12.59794,13.43303,15.81918,16.60829
299.49460,-0.60205,-1.24553,58.46668,12.60289,13.43650,15.81753,16.60977
299.50460,-0.60374,-1.23958,58.49328,12.61884,13.44767,15.81221,16.61456
299.51460,-0.58246,-1.22673,58.36444,12.58794,13.45403,15.80918,16.51329
299.52460,-0.58246,-1.22673,58.36444,12.58794,13.45403,15.80918,16.51329
299.53460,-0.63782,-1.22907,58.55944,12.60794,13.51503,15.80918,16.62729
299.54460,-0.64044,-1.22007,58.55146,12.61174,13.53080,15.79797,16.61095
299.55460,-0.63849,-1.17946,58.50794,12.63915,13.58815,15.75208,16.52856
299.56460,-0.58254,-1.17017,58.46744,12.68694,13.54603,15.76018,16.47429
299.57460,-0.58618,-1.16808,58.45583,12.68242,13.55071,15.75415,16.46856
299.58460,-0.60533,-1.15706,58.39472,12.65861,13.57531,15.72240,16.43840
299.59460,-0.62618,-1.13827,58.40344,12.65694,13.62903,15.70018,16.41729
299.60460,-0.62334,-1.14063,58.41134,12.65872,13.62476,15.70606,16.42180
299.61460,-0.57853,-1.17795,58.53644,12.68694,13.55703,15.79918,16.49329
299.62460,-0.57980,-1.17824,58.53400,12.68635,13.55579,15.79686,16.49501
299.63460,-0.59900,-1.18263,58.49659,12.67777,13.53632,15.76130,16.52119
299.64460,-0.57835,-1.17791,58.51958,12.69444,13.54207,15.78371,16.49936
299.65460,-0.56411,-1.17466,58.53544,12.70594,13.54603,15.79918,16.48429
299.66460,-0.62495,-1.19575,58.53262,12.65052,13.54603,15.77100,16.56507
299.67460,-0.58421,-1.21036,58.52313,12.65625,13.49857,15.81571,16.55260
299.68460,-0.58089,-1.21134,58.52244,12.65694,13.49503,15.81918,16.55129
299.69460,-0.61204,-1.20038,58.43874,12.65694,13.48573,15.73641,16.55966
299.70460,-0.61439,-1.19955,58.43244,12.65694,13.48503,15.73018,16.56029
299.71460,-0.61962,-1.20584,58.39217,12.63032,13.47753,15.73018,16.55414
299.72460,-0.65976,-1.21593,58.37829,12.60986,13.46595,15.68978,16.61270
299.73460,-0.66872,-1.21763,58.37944,12.60794,13.46403,15.68018,16.62729
299.74460,-0.63261,-1.22765,58.49279,12.60794,13.48895,15.78389,16.61201
299.75460,-0.63311,-1.23618,58.46307,12.58370,13.47806,15.79302,16.60829
299.76460,-0.63532,-1.23763,58.44944,12.57794,13.47403,15.78918,16.60829
299.77460,-0.63593,-1.23647,58.45360,12.58032,13.47647,15.78799,16.60882
299.78460,-0.64566,-1.21822,58.51944,12.61794,13.51503,15.76918,16.61729
299.79460,-0.64706,-1.22051,58.52111,12.61283,13.51503,15.77320,16.62005
299.80460,-0.66768,-1.25686,58.53422,12.53074,13.50963,15.83378,16.66007
299.81460,-0.65658,-1.25202,58.46944,12.53894,13.48503,15.80918,16.63629
299.82460,-0.65533,-1.24881,58.46224,12.54776,13.48125,15.79856,16.63467
299.83460,-0.64671,-1.22775,58.42134,12.59334,13.47141,15.74478,16.61181
299.84460,-0.63343,-1.19859,58.38444,12.61794,13.50503,15.72018,16.54129
299.85460,-0.60886,-1.20994,58.43734,12.62783,13.48971,15.76912,16.55068
299.86460,-0.58378,-1.22154,58.49144,12.63794,13.47403,15.81918,16.56029
299.87460,-0.58189,-1.21037,58.46499,12.65477,13.47403,15.79204,16.54414
299.88460,-0.57849,-1.19039,58.41775,12.68484,13.47403,15.74357,16.51531
299.89460,-0.57861,-1.21571,58.41544,12.60794,13.48503,15.81918,16.50329
299.90460,-0.57923,-1.21788,58.44694,12.64244,13.45903,15.79918,16.54629
299.91460,-0.56354,-1.21724,58.51372,12.68254,13.45039,15.81278,16.56801
299.92460,-0.55074,-1.21504,58.54144,12.68694,13.46403,15.83918,16.55129
299.93460,-0.56135,-1.20958,58.53640,12.68134,13.48139,15.82798,16.54569
299.94460,-0.56969,-1.20529,58.53244,12.67694,13.49503,15.81918,16.54129
299.95460,-0.57109,-1.20240,58.52325,12.67613,13.49915,15.81362,16.53435
299.96460,-0.58480,-1.15997,58.39436,12.67124,13.55506,15.73728,16.43078
299.97460,-0.58174,-1.14747,58.36244,12.67694,13.56703,15.72018,16.39829
299.98460,-0.55201,-1.14627,58.24408,12.68574,13.50807,15.69378,16.35649
299.99460,-0.52872,-1.14864,58.09910,12.66688,13.45569,15.67325,16.30329
300.00460,-0.54778,-1.15370,58.10644,12.62794,13.48503,15.69018,16.30329
300.01460,-0.55237,-1.14670,58.15393,12.64493,13.50725,15.69018,16.31156
300.02460,-0.55829,-1.13764,58.21544,12.66694,13.53603,15.69018,16.32229
300.03460,-0.55829,-1.13764,58.21544,12.66694,13.53603,15.69018,16.32229
300.04460,-0.52234,-1.15146,58.30589,12.69977,13.50856,15.74981,16.34775
300.05460,-0.53309,-1.17244,58.40120,12.70917,13.48827,15.77241,16.43135
300.06460,-0.54665,-1.17921,58.42544,12.70594,13.48503,15.76918,16.46529
300.07460,-0.54782,-1.18566,58.35071,12.67694,13.46403,15.76018,16.44956
300.08460,-0.54313,-1.18180,58.34944,12.67094,13.47933,15.77188,16.42729
300.09460,-0.54160,-1.17980,58.36634,12.65694,13.50603,15.79618,16.40719
300.10460,-0.51968,-1.17488,58.29144,12.65694,13.48503,15.78918,16.36029
300.11460,-0.51558,-1.16832,58.27340,12.66214,13.48850,15.78068,16.34207
300.12460,-0.49683,-1.13819,58.18575,12.68130,13.50691,15.74394,16.25359
300.13460,-0.50022,-1.14326,58.17844,12.65694,13.51503,15.76018,16.24629
300.14460,-0.50179,-1.14167,58.16513,12.65694,13.51312,15.75156,16.24351
300.15460,-0.51056,-1.13279,58.09120,12.65694,13.50248,15.70369,16.22808
300.16460,-0.51701,-1.13137,58.05906,12.65172,13.49683,15.68458,16.22593
300.17460,-0.51016,-1.15053,58.17746,12.64227,13.51073,15.76102,16.26345
300.18460,-0.47387,-1.13841,58.30644,12.70594,13.53603,15.80918,16.25529
300.19460,-0.47387,-1.13841,58.30644,12.70594,13.53603,15.80918,16.25529
300.20460,-0.49330,-1.14355,58.42346,12.74543,13.53603,15.80071,16.34129
300.21460,-0.48610,-1.15058,58.44244,12.73594,13.53603,15.82918,16.34129
300.22460,-0.48710,-1.14903,58.43814,12.73694,13.53708,15.82473,16.33939
300.23460,-0.50611,-1.11946,58.35644,12.75594,13.55703,15.74018,16.30329
300.24460,-0.50572,-1.11963,58.35290,12.75475,13.55620,15.74018,16.30178
300.25460,-0.49909,-1.12244,58.29396,12.73488,13.54229,15.74018,16.27661
300.26460,-0.50810,-1.13402,58.24767,12.71735,13.50939,15.72299,16.29794
300.27460,-0.51006,-1.13570,58.24444,12.71594,13.50503,15.72018,16.30329
300.28460,-0.50569,-1.15121,58.27048,12.70664,13.48643,15.74808,16.32933
300.29460,-0.50549,-1.17877,58.21757,12.62410,13.47480,15.80505,16.31362
300.30460,-0.50550,-1.18076,58.21344,12.61794,13.47403,15.80918,16.31229
300.31460,-0.48236,-1.14920,58.27790,12.70818,13.49337,15.78156,16.29479
300.32460,-0.47034,-1.16155,58.25584,12.71594,13.44413,15.77918,16.31659
300.33460,-0.47148,-1.17530,58.21879,12.69629,13.41203,15.77918,16.33129
300.34460,-0.47875,-1.18326,58.15584,12.64774,13.41203,15.78718,16.30889
300.35460,-0.47968,-1.18475,58.14244,12.63794,13.41203,15.78918,16.30329
300.36460,-0.44381,-1.18086,58.06063,12.67763,13.34561,15.75759,16.27980
300.37460,-0.40609,-1.17828,58.12324,12.69496,13.36291,15.82156,16.24381
300.38460,-0.39887,-1.17787,58.14344,12.69694,13.37103,15.83918,16.23629
300.39460,-0.42053,-1.18794,58.21249,12.69694,13.37627,15.84394,16.29533
300.40460,-0.43341,-1.20722,58.28502,12.71677,13.33965,15.84234,16.38627
300.41460,-0.42837,-1.21103,58.28344,12.72594,13.32003,15.83918,16.39829
300.42460,-0.49079,-1.20943,58.26526,12.65996,13.38197,15.81225,16.41108
300.43460,-0.52110,-1.20866,58.25644,12.62794,13.41203,15.79918,16.41729
300.44460,-0.52121,-1.20763,58.25616,12.63324,13.40925,15.79361,16.42007
300.45460,-0.52240,-1.22383,58.24942,12.61963,13.37843,15.80232,16.44904
300.46460,-0.52346,-1.24574,58.24244,12.58794,13.35103,15.82918,16.47429
300.47460,-0.54621,-1.22344,58.30522,12.61572,13.40826,15.80140,16.47984
300.48460,-0.56810,-1.22608,58.30997,12.59414,13.42520,15.79581,16.49482
300.49460,-0.57111,-1.24254,58.27344,12.55894,13.40203,15.80918,16.50329
300.50460,-0.57087,-1.24164,58.28203,12.56192,13.40516,15.81070,16.50425
300.51460,-0.56648,-1.22488,58.44344,12.61794,13.46403,15.83918,16.52229
300.52460,-0.56868,-1.22474,58.43901,12.61512,13.46524,15.83688,16.52177
300.53460,-0.59471,-1.22041,58.34973,12.57794,13.47365,15.79551,16.50263
300.54460,-0.55028,-1.21159,58.27544,12.61794,13.42303,15.77918,16.45529
300.55460,-0.54937,-1.19470,58.24544,12.63106,13.43964,15.75266,16.42207
300.56460,-0.55086,-1.15131,58.16002,12.65452,13.48863,15.68558,16.33129
300.57460,-0.56902,-1.16432,58.14444,12.59794,13.50503,15.71018,16.33129
300.58460,-0.56770,-1.17234,58.12002,12.58434,13.48724,15.71367,16.33478
300.59460,-0.56524,-1.18732,58.07444,12.55894,13.45403,15.72018,16.34129
300.60460,-0.56524,-1.18732,58.07444,12.55894,13.45403,15.72018,16.34129
300.61460,-0.54765,-1.20000,58.29484,12.64224,13.43703,15.76788,16.44769
300.62460,-0.54954,-1.22231,58.31444,12.60794,13.42303,15.80918,16.47429
300.63460,-0.57257,-1.21820,58.27853,12.59290,13.43255,15.77572,16.47736
300.64460,-0.60419,-1.22148,58.21424,12.55594,13.43243,15.73888,16.48699
300.65460,-0.55644,-1.25079,58.25344,12.54894,13.38203,15.82918,16.49329
300.66460,-0.57037,-1.24430,58.28537,12.55841,13.40337,15.81651,16.50708
300.67460,-0.61672,-1.22272,58.39178,12.58996,13.47449,15.77426,16.55307
300.68460,-0.64307,-1.21045,58.45244,12.60794,13.51503,15.75018,16.57929
300.69460,-0.63525,-1.19427,58.41767,12.61426,13.53463,15.73754,16.53124
300.70460,-0.61428,-1.17439,58.46003,12.64035,13.57849,15.76032,16.48088
300.71460,-0.60806,-1.16918,58.47057,12.65001,13.58691,15.76417,16.46948
300.72460,-0.60031,-1.15731,58.42682,12.66705,13.58066,15.73633,16.44278
300.73460,-0.59665,-1.17252,58.28244,12.60794,13.53603,15.73018,16.40829
300.74460,-0.59636,-1.17247,58.28874,12.61089,13.53603,15.73068,16.41114
300.75460,-0.59092,-1.17155,58.40844,12.66694,13.53603,15.74018,16.46529
300.76460,-0.59290,-1.17243,58.40311,12.66301,13.53533,15.73885,16.46592
300.77460,-0.63260,-1.18995,58.29644,12.58434,13.52133,15.71218,16.47859
300.78460,-0.65087,-1.22674,58.39392,12.55781,13.49729,15.76139,16.57743
300.79460,-0.65092,-1.23041,58.41244,12.55894,13.49503,15.76918,16.58929
300.80460,-0.62848,-1.22718,58.33077,12.54016,13.48565,15.77857,16.52639
300.81460,-0.60917,-1.25674,58.44643,12.58454,13.41709,15.81641,16.62839
300.82460,-0.60785,-1.25895,58.45544,12.58794,13.41203,15.81918,16.63629
300.83460,-0.61228,-1.27290,58.47032,12.53958,13.43125,15.86878,16.63071
300.84460,-0.61500,-1.28144,58.47944,12.50994,13.44303,15.89918,16.62729
300.85460,-0.63283,-1.28200,58.44664,12.50194,13.43503,15.86718,16.64249
300.86460,-0.62278,-1.29136,58.38164,12.49194,13.39223,15.85918,16.63829
300.87460,-0.61915,-1.29366,58.36744,12.48994,13.38203,15.85918,16.63629
300.88460,-0.61871,-1.29338,58.37083,12.49218,13.38203,15.85918,16.63744
300.89460,-0.61073,-1.29484,58.46224,12.52894,13.38203,15.87759,16.67367
300.90460,-0.60781,-1.31885,58.60144,12.52894,13.38203,15.94918,16.74129
300.91460,-0.61994,-1.32224,58.54715,12.51132,13.36693,15.92401,16.74488
300.92460,-0.64161,-1.32830,58.45044,12.47994,13.34003,15.87918,16.75129
300.93460,-0.66388,-1.31596,58.47169,12.47994,13.38106,15.85941,16.75129
300.94460,-0.70227,-1.32038,58.43429,12.45540,13.37773,15.81401,16.78715
300.95460,-0.71149,-1.33043,58.39944,12.44094,13.35103,15.79918,16.80829
300.96460,-0.69637,-1.33168,58.43800,12.46022,13.34560,15.81896,16.81323
300.97460,-0.67771,-1.33243,58.41547,12.47261,13.32133,15.82085,16.80069
300.98460,-0.67213,-1.33153,58.30844,12.45994,13.28903,15.78918,16.77029
300.99460,-0.70176,-1.32361,58.39204,12.45499,13.35118,15.79468,16.79119
301.00460,-0.72593,-1.31715,58.46044,12.45094,13.40203,15.79918,16.80829
301.01460,-0.74305,-1.32291,58.39554,12.41299,13.39653,15.78268,16.80334
301.02460,-0.70524,-1.32665,58.47775,12.43451,13.40177,15.85192,16.78955
301.03460,-0.65082,-1.32561,58.62044,12.48994,13.41203,15.93918,16.77929
301.04460,-0.66155,-1.32909,58.64165,12.47721,13.42518,15.94766,16.79159
301.05460,-0.67596,-1.32891,58.66915,12.48531,13.42970,15.93338,16.82076
301.06460,-0.67577,-1.32241,58.66744,12.51894,13.41203,15.89918,16.83729
301.07460,-0.68057,-1.30555,58.59992,12.51894,13.42554,15.85997,16.79546
301.08460,-0.68681,-1.28364,58.51244,12.51894,13.44303,15.80918,16.74129
301.09460,-0.68241,-1.27723,58.48311,12.51638,13.44901,15.80348,16.71423
301.10460,-0.67216,-1.26231,58.41490,12.51042,13.46292,15.79024,16.65132
301.11460,-0.67033,-1.30642,58.30344,12.45994,13.35103,15.78918,16.70329
301.12460,-0.68428,-1.29941,58.29166,12.45994,13.36374,15.76469,16.70329
301.13460,-0.70874,-1.29151,58.31690,12.46614,13.38893,15.73777,16.72406
301.14460,-0.69406,-1.30863,58.43144,12.47994,13.38203,15.79918,16.77029
301.15460,-0.70183,-1.31901,58.49158,12.47684,13.38513,15.82088,16.80873
301.16460,-0.71909,-1.34203,58.62544,12.46994,13.39203,15.86918,16.89429
301.17460,-0.71909,-1.34203,58.62544,12.46994,13.39203,15.86918,16.89429
301.18460,-0.74981,-1.36702,58.49698,12.35554,13.38563,15.87998,16.87583
301.19460,-0.71680,-1.36170,58.54044,12.37194,13.40203,15.92918,16.83729
301.20460,-0.71786,-1.36273,58.55440,12.37727,13.40020,15.92918,16.84776
301.21460,-0.72607,-1.36597,58.62232,12.40094,13.39811,15.92722,16.89605
301.22460,-0.74061,-1.36040,58.64644,12.40094,13.42303,15.91918,16.90329
301.23460,-0.74061,-1.36040,58.64644,12.40094,13.42303,15.91918,16.90329
301.24460,-0.74933,-1.33669,58.68708,12.44002,13.46290,15.88792,16.89625
301.25460,-0.75176,-1.33007,58.69844,12.45094,13.47403,15.87918,16.89429
301.26460,-0.76836,-1.33020,58.68797,12.42889,13.49112,15.87367,16.89429
301.27460,-0.76988,-1.33063,58.63545,12.41094,13.48477,15.86424,16.87551
301.28460,-0.75758,-1.33096,58.59044,12.41094,13.46403,15.85918,16.85629
301.29460,-0.74760,-1.31748,58.52988,12.41881,13.46403,15.83558,16.81146
301.30460,-0.72042,-1.31254,58.57743,12.45253,13.46403,15.86158,16.79929
301.31460,-0.71469,-1.31224,58.59244,12.45994,13.46403,15.86918,16.79929
301.32460,-0.68967,-1.31210,58.56640,12.47057,13.44224,15.87981,16.77378
301.33460,-0.66758,-1.31197,58.54344,12.47994,13.42303,15.88918,16.75129
301.34460,-0.67768,-1.32203,58.50827,12.45270,13.40890,15.88573,16.76094
301.35460,-0.67483,-1.33233,58.47670,12.42631,13.39493,15.90068,16.75478
301.36460,-0.64561,-1.32060,58.52344,12.45994,13.41203,15.92918,16.72229
301.37460,-0.64080,-1.31464,58.57268,12.47818,13.43088,15.94134,16.72229
301.38460,-0.66742,-1.31105,58.64950,12.48074,13.47154,15.93998,16.75723
301.39460,-0.67002,-1.31107,58.65344,12.47994,13.47403,15.93918,16.76029
301.40460,-0.66595,-1.29200,58.63096,12.50388,13.48918,15.90986,16.72804
301.41460,-0.66168,-1.27203,58.60744,12.52894,13.50503,15.87918,16.69429
301.42460,-0.61243,-1.27757,58.51265,12.52894,13.44871,15.89979,16.63522
301.43460,-0.55391,-1.27176,58.57488,12.61345,13.40675,15.92469,16.62999
301.44460,-0.54349,-1.26935,58.60544,12.63794,13.40203,15.92918,16.63629
301.45460,-0.58058,-1.27839,58.60011,12.59581,13.41857,15.91851,16.66722
301.46460,-0.59530,-1.27882,58.63682,12.58928,13.44027,15.92297,16.68429
301.47460,-0.56165,-1.26464,58.71544,12.64694,13.45403,15.94918,16.66529
301.48460,-0.57809,-1.25753,58.74958,12.63493,13.49955,15.95550,16.65960
301.49460,-0.58765,-1.25339,58.76944,12.62794,13.52603,15.95918,16.65629
301.50460,-0.58272,-1.26456,58.74184,12.60774,13.50516,15.97265,16.65629
301.51460,-0.58608,-1.27806,58.69008,12.58227,13.47288,15.96837,16.66655
301.52460,-0.59099,-1.28494,58.65744,12.56894,13.45403,15.95918,16.67529
301.53460,-0.58374,-1.29232,58.53480,12.53590,13.41371,15.94238,16.64281
301.54460,-0.57458,-1.29649,58.42892,12.49314,13.39883,15.94598,16.59097
301.55460,-0.57188,-1.29520,58.42144,12.47994,13.41203,15.95918,16.57029
301.56460,-0.56437,-1.28000,58.43364,12.50711,13.42922,15.94809,16.54922
301.57460,-0.55833,-1.26779,58.44344,12.52894,13.44303,15.93918,16.53229
301.58460,-0.54731,-1.27774,58.47653,12.53591,13.42527,15.96321,16.55214
301.59460,-0.50257,-1.29034,58.61987,12.58708,13.40532,16.04247,16.58500
301.60460,-0.47047,-1.28241,58.72844,12.63794,13.42303,16.08818,16.57929
301.61460,-0.47047,-1.28241,58.72844,12.63794,13.42303,16.08818,16.57929
301.62460,-0.47388,-1.28273,58.65889,12.62249,13.40681,16.06500,16.56460
301.63460,-0.49406,-1.27770,58.59238,12.58562,13.42708,16.04202,16.53766
301.64460,-0.49863,-1.27648,58.58144,12.57794,13.43303,16.03818,16.53229
301.65460,-0.54757,-1.24573,58.65017,12.58612,13.53449,15.99727,16.53229
301.66460,-0.55417,-1.21530,58.60476,12.58794,13.59065,15.96440,16.46177
301.67460,-0.54093,-1.20313,58.62392,12.62042,13.59803,15.95918,16.44629
301.68460,-0.51298,-1.17995,58.56016,12.65953,13.58993,15.92678,16.38392
301.69460,-0.50640,-1.17089,58.55859,12.67526,13.59678,15.91918,16.36737
301.70460,-0.50427,-1.15840,58.60592,12.70126,13.62411,15.91918,16.36137
301.71460,-0.50663,-1.14001,58.72444,12.75594,13.67003,15.91918,16.37929
301.72460,-0.50898,-1.14325,58.68755,12.73651,13.66451,15.91740,16.36913
301.73460,-0.51152,-1.15917,58.52526,12.65867,13.62849,15.91258,16.32552
301.74460,-0.47068,-1.16358,58.56344,12.71594,13.57703,15.92918,16.34129
301.75460,-0.47078,-1.15951,58.57674,12.72340,13.58601,15.92810,16.33923
301.76460,-0.47136,-1.13410,58.65985,12.77002,13.64209,15.92134,16.32639
301.77460,-0.47168,-1.12814,58.68083,12.78050,13.65640,15.92070,16.32325
301.78460,-0.47533,-1.16690,58.58255,12.69794,13.59509,15.95023,16.33929
301.79460,-0.49282,-1.13542,58.70097,12.71461,13.71263,15.96778,16.30595
301.80460,-0.49421,-1.13290,58.71044,12.71594,13.72203,15.96918,16.30329
301.81460,-0.43618,-1.10732,58.74062,12.79543,13.72203,15.98316,16.23999
301.82460,-0.44877,-1.09931,58.68983,12.80161,13.71356,15.93504,16.23962
301.83460,-0.45875,-1.09965,58.67144,12.79494,13.71103,15.91918,16.24629
301.84460,-0.43510,-1.07771,58.64285,12.83162,13.71787,15.90053,16.19283
301.85460,-0.42070,-1.06435,58.62544,12.85394,13.72203,15.88918,16.16029
301.86460,-0.41387,-1.05561,58.64481,12.86644,13.74078,15.89543,16.14216
301.87460,-0.40822,-1.02860,58.63488,12.89627,13.77591,15.86838,16.09432
301.88460,-0.40775,-1.02210,58.62844,12.90294,13.78303,15.85918,16.08329
301.89460,-0.36854,-1.00561,58.55305,12.91096,13.78303,15.86720,15.99186
301.90460,-0.32798,-1.00106,58.49844,12.88894,13.79183,15.91718,15.90049
301.91460,-0.32026,-1.00094,58.48944,12.88294,13.79403,15.92918,15.88329
301.92460,-0.30350,-0.97626,58.48364,12.93680,13.80085,15.89509,15.85090
301.93460,-0.27110,-0.92851,58.47244,13.04094,13.81403,15.82918,15.78829
301.94460,-0.23675,-0.92580,58.44224,13.05352,13.79453,15.84806,15.74613
301.95460,-0.20941,-0.92498,58.45794,13.06697,13.79040,15.87928,15.72129
301.96460,-0.20593,-0.92536,58.47444,13.06994,13.79403,15.88918,15.72129
301.97460,-0.21533,-0.92774,58.53933,13.07771,13.80996,15.90084,15.75082
301.98460,-0.22912,-0.93123,58.63476,13.08914,13.83339,15.91798,15.79425
301.99460,-0.18976,-0.88438,58.91584,13.27134,13.90133,15.92839,15.81478
302.00460,-0.19055,-0.88110,58.93095,13.27898,13.90912,15.92716,15.81568
302.01460,-0.24929,-0.89153,58.81344,13.16894,13.93803,15.89918,15.80729
302.02460,-0.25969,-0.88961,58.84204,13.15847,13.96664,15.90965,15.80729
302.03460,-0.27209,-0.88712,58.83611,13.13400,13.99482,15.91435,15.79295
302.04460,-0.26492,-0.88823,58.77544,13.12894,13.96903,15.89918,15.77829
302.05460,-0.28132,-0.88273,58.72629,13.12046,13.96903,15.86115,15.77565
302.06460,-0.31121,-0.87270,58.63693,13.10503,13.96903,15.79200,15.77087
302.07460,-0.36044,-0.89197,58.51644,13.02094,13.94803,15.75018,15.79729
302.08460,-0.38103,-0.89226,58.53020,13.00417,13.97039,15.74588,15.80976
302.09460,-0.40831,-0.89265,58.54844,12.98194,14.00003,15.74018,15.82629
302.10460,-0.41830,-0.89375,58.61896,13.00731,14.00433,15.73588,15.87144
302.11460,-0.47897,-0.89343,58.68664,13.01127,14.03239,15.68288,15.96010
302.12460,-0.54195,-0.89107,58.65244,12.97194,14.06203,15.62018,15.99829
302.13460,-0.54195,-0.89107,58.65244,12.97194,14.06203,15.62018,15.99829
302.14460,-0.61457,-0.91721,58.71084,12.92094,14.07263,15.60118,16.11609
302.15460,-0.64366,-0.93073,58.83544,12.89294,14.12303,15.65018,16.16929
302.16460,-0.64534,-0.91432,58.83954,12.91608,14.14412,15.62675,16.15259
302.17460,-0.64940,-0.87472,58.84944,12.97194,14.19503,15.57018,16.11229
302.18460,-0.64737,-0.87116,58.87368,12.98094,14.20642,15.57569,16.11063
302.19460,-0.63989,-0.85799,58.96348,13.01427,14.24860,15.59610,16.10451
302.20460,-0.58224,-0.83033,58.90644,13.06094,14.24703,15.60018,15.99829
302.21460,-0.58315,-0.83407,58.86864,13.04672,14.23407,15.59478,15.99307
302.22460,-0.58793,-0.84565,58.71622,12.99424,14.18608,15.56662,15.96929
302.23460,-0.59096,-0.82029,58.80744,13.05094,14.23703,15.55018,15.96929
302.24460,-0.59623,-0.81495,58.79378,13.05534,14.24007,15.53197,15.96640
302.25460,-0.62578,-0.78504,58.71744,13.07994,14.25703,15.43018,15.95029
302.26460,-0.62352,-0.78719,58.71739,13.07799,14.25343,15.43518,15.95079
302.27460,-0.58096,-0.82953,58.70874,13.03849,14.17988,15.52818,15.96219
302.28460,-0.59084,-0.85934,58.56244,12.99194,14.08203,15.49018,15.99829
302.29460,-0.59412,-0.85849,58.56410,12.99073,14.08619,15.48776,15.99942
302.30460,-0.67088,-0.83780,58.60424,12.96294,14.18573,15.43118,16.02439
302.31460,-0.64706,-0.82746,58.62024,12.98294,14.19973,15.45118,15.98639
302.32460,-0.63635,-0.82281,58.62744,12.99194,14.20603,15.46018,15.96929
302.33460,-0.67076,-0.83399,58.59117,12.92777,14.22463,15.46018,15.97859
302.34460,-0.61641,-0.84143,58.63148,12.97142,14.18052,15.50965,15.96989
302.35460,-0.55834,-0.84817,58.67544,13.02094,14.13403,15.56018,15.96029
302.36460,-0.65067,-0.83836,58.66708,12.95682,14.21953,15.49513,15.99560
302.37460,-0.65770,-0.83761,58.66644,12.95194,14.22603,15.49018,15.99829
302.38460,-0.67073,-0.82270,58.68236,12.96686,14.25687,15.46531,15.99331
302.39460,-0.68281,-0.80796,58.69218,12.98340,14.28283,15.43715,15.98879
302.40460,-0.66242,-0.81401,58.57444,13.01094,14.18503,15.38018,15.99829
302.41460,-0.66242,-0.81401,58.57444,13.01094,14.18503,15.38018,15.99829
302.42460,-0.70172,-0.80004,58.49795,12.95520,14.24113,15.34576,15.95587
302.43460,-0.71237,-0.80108,58.50944,12.94194,14.25703,15.35018,15.96029
302.44460,-0.71449,-0.82117,58.55021,12.93705,14.22931,15.37192,16.01193
302.45460,-0.71627,-0.83800,58.58444,12.93294,14.20603,15.39018,16.05529
302.46460,-0.70118,-0.84654,58.55616,12.93294,14.17102,15.39691,16.05529
302.47460,-0.69535,-0.87828,58.52033,12.89341,14.11249,15.42698,16.08745
302.48460,-0.69609,-0.89188,58.50944,12.87394,14.09203,15.44018,16.10329
302.49460,-0.70151,-0.88026,58.53848,12.89129,14.11789,15.42956,16.09975
302.50460,-0.69536,-0.87382,58.61232,12.92294,14.13689,15.44196,16.11054
302.51460,-0.67611,-0.89149,58.63744,12.92294,14.10303,15.48018,16.13129
302.52460,-0.66283,-0.87139,58.64459,12.95539,14.12558,15.46918,16.09444
302.53460,-0.65197,-0.85494,58.65044,12.98194,14.14403,15.46018,16.06429
302.54460,-0.66966,-0.86412,58.66584,12.95994,14.14953,15.46568,16.09069
302.55460,-0.67431,-0.85528,58.68574,12.97561,14.16582,15.45334,16.09096
302.56460,-0.66664,-0.84250,58.69144,13.00194,14.17503,15.44018,16.07429
302.57460,-0.67235,-0.84124,58.68120,12.99718,14.17829,15.43224,16.07349
302.58460,-0.73118,-0.83633,58.52553,12.91309,14.20288,15.36139,16.04817
302.59460,-0.72093,-0.84951,58.47544,12.87394,14.18503,15.39018,16.02629
302.60460,-0.72093,-0.84951,58.47544,12.87394,14.18503,15.39018,16.02629
302.61460,-0.69961,-0.85134,58.50459,12.92784,14.13993,15.37918,16.05764
302.62460,-0.69575,-0.86254,58.44373,12.92120,14.08970,15.36158,16.07125
302.63460,-0.72192,-0.87029,58.32391,12.85880,14.07689,15.33074,16.05747
302.64460,-0.74081,-0.85829,58.30639,12.87010,14.08819,15.28555,16.06256
302.65460,-0.74579,-0.85367,58.27282,12.86255,14.09203,15.27018,16.04805
302.66460,-0.74243,-0.85241,58.20858,12.83606,14.09203,15.27018,16.01031
302.67460,-0.76519,-0.88721,58.29044,12.78494,14.09203,15.33018,16.08329
302.68460,-0.77012,-0.88296,58.26731,12.78296,14.09421,15.31437,16.07578
302.69460,-0.79018,-0.86568,58.17344,12.77494,14.10303,15.25018,16.04529
302.70460,-0.78173,-0.86507,58.21166,12.79238,14.10479,15.26251,16.05198
302.71460,-0.75456,-0.86313,58.33496,12.84863,14.11048,15.30228,16.07357
302.72460,-0.77034,-0.87060,58.51919,12.87956,14.14553,15.33893,16.15516
302.73460,-0.78706,-0.87558,58.59644,12.88294,14.16503,15.35018,16.19829
302.74460,-0.75674,-0.87258,58.60924,12.94614,14.11543,15.33418,16.21349
302.75460,-0.75020,-0.86208,58.55819,12.96194,14.10303,15.30259,16.19062
302.76460,-0.75101,-0.86116,58.55691,12.96064,14.10610,15.30218,16.18799
302.77460,-0.76539,-0.85989,58.62624,12.93464,14.16743,15.34218,16.18199
302.78460,-0.77155,-0.85988,58.64729,12.92244,14.18938,15.35618,16.17929
302.79460,-0.76665,-0.87115,58.46039,12.91244,14.08408,15.28268,16.18119
302.80460,-0.77887,-0.88001,58.57344,12.90294,14.12303,15.33018,16.21729
302.81460,-0.77887,-0.88001,58.57344,12.90294,14.12303,15.33018,16.21729
302.82460,-0.76249,-0.90720,58.48814,12.86220,14.05464,15.35192,16.21937
302.83460,-0.79634,-0.91208,58.58306,12.83322,14.11479,15.38090,16.25416
302.84460,-0.80489,-0.91376,58.61534,12.82624,14.13230,15.39185,16.26495
302.85460,-0.75983,-0.91614,58.65334,12.87224,14.09763,15.42518,16.25829
302.86460,-0.73957,-0.91722,58.67044,12.89294,14.08203,15.44018,16.25529
302.87460,-0.75303,-0.90407,58.59928,12.87223,14.10381,15.40832,16.21493
302.88460,-0.78026,-0.89015,58.72344,12.91627,14.15278,15.38726,16.26712
302.89460,-0.78654,-0.88921,58.80044,12.94194,14.16503,15.39018,16.30329
302.90460,-0.79371,-0.88773,58.71034,12.90420,14.16503,15.37478,16.26632
302.91460,-0.77597,-0.89145,58.66526,12.90203,14.13685,15.37927,16.24710
302.92460,-0.77398,-0.89187,58.66344,12.90294,14.13403,15.38018,16.24629
302.93460,-0.72967,-0.87442,58.64430,12.93164,14.14139,15.40226,16.16901
302.94460,-0.71377,-0.86816,58.63744,12.94194,14.14403,15.41018,16.14129
302.95460,-0.71387,-0.87574,58.55664,12.92674,14.10243,15.38618,16.14129
302.96460,-0.67634,-0.90305,58.44998,12.85910,14.05082,15.45291,16.08715
302.97460,-0.66740,-0.90910,58.42944,12.84394,14.04103,15.47018,16.07429
302.98460,-0.64973,-0.91288,58.39672,12.85192,14.00832,15.47018,16.06631
302.99460,-0.62966,-0.92363,58.53160,12.90236,13.99231,15.51229,16.12464
303.00460,-0.62305,-0.92778,58.59244,12.92294,13.98903,15.53018,16.15029
303.01460,-0.60421,-0.91010,58.62465,12.95217,14.02005,15.54211,16.11032
303.02460,-0.59147,-0.89816,58.64644,12.97194,14.04103,15.55018,16.08329
303.03460,-0.56074,-0.91643,58.67216,12.97194,14.00584,15.60432,16.09005
303.04460,-0.54029,-0.92375,58.55787,12.95174,13.95470,15.59652,16.05491
303.05460,-0.53747,-0.92307,58.49644,12.94194,13.93803,15.58018,16.03629
303.06460,-0.53956,-0.88708,58.46057,12.96224,13.99353,15.53957,15.96523
303.07460,-0.52428,-0.87357,58.43609,12.99032,13.98879,15.52018,15.93680
303.08460,-0.51398,-0.87590,58.43144,13.00194,13.96903,15.52018,15.94029
303.09460,-0.48778,-0.86564,58.37160,13.02166,13.94795,15.50658,15.89541
303.10460,-0.47543,-0.86081,58.34344,13.03094,13.93803,15.50018,15.87429
303.11460,-0.47543,-0.86081,58.34344,13.03094,13.93803,15.50018,15.87429
303.12460,-0.47906,-0.86997,58.51544,13.07014,13.95483,15.54018,15.95029
303.13460,-0.36250,-0.90063,58.53117,13.09812,13.85540,15.67745,15.90020
303.14460,-0.35515,-0.90320,58.53518,13.09820,13.85057,15.68929,15.89713
303.15460,-0.44296,-0.89783,58.67000,13.06338,13.96128,15.67143,15.97391
303.16460,-0.45513,-0.91771,58.61444,13.05094,13.89703,15.64018,16.02629
303.17460,-0.44038,-0.92622,58.68484,13.06139,13.89703,15.68418,16.04224
303.18460,-0.42834,-0.93317,58.74244,13.06994,13.89703,15.72018,16.05529
303.19460,-0.43106,-0.93546,58.73825,13.06613,13.89303,15.71824,16.06084
303.20460,-0.47359,-0.96704,58.66870,13.01376,13.83221,15.67890,16.14382
303.21460,-0.48095,-0.96334,58.64790,13.02047,13.82550,15.65206,16.14986
303.22460,-0.49246,-0.95130,58.62892,13.00044,13.86781,15.64721,16.11345
303.23460,-0.52437,-0.92628,58.60363,12.95194,13.96903,15.64018,16.04247
303.24460,-0.52392,-0.93160,58.61600,12.97001,13.94296,15.62874,16.07429
303.25460,-0.49621,-0.93077,58.57079,13.01203,13.88232,15.60215,16.07429
303.26460,-0.47954,-0.92102,58.66669,13.03094,13.93253,15.65268,16.05054
303.27460,-0.49788,-0.91770,58.69054,13.01324,13.96973,15.65718,16.05039
303.28460,-0.52302,-0.92058,58.54804,12.98664,13.92343,15.58018,16.05779
303.29460,-0.46777,-0.91478,58.46544,13.02094,13.86603,15.58018,15.99829
303.30460,-0.46553,-0.91591,58.46784,13.01514,13.87003,15.59018,15.99249
303.31460,-0.45806,-0.91969,58.47584,12.99581,13.88337,15.62351,15.97315
303.32460,-0.46403,-0.91574,58.51644,13.01094,13.89703,15.62018,15.98829
303.33460,-0.45653,-0.91696,58.52698,13.01264,13.89703,15.63378,15.98353
303.34460,-0.41993,-0.92294,58.57844,13.02094,13.89703,15.70018,15.96029
303.35460,-0.41940,-0.92056,58.58468,13.02861,13.89833,15.69628,15.96146
303.36460,-0.41612,-0.90572,58.62371,13.07658,13.90646,15.67189,15.96877
303.37460,-0.43412,-0.91741,58.65844,13.03094,13.93803,15.71018,15.97929
303.38460,-0.43040,-0.91776,58.65277,13.03094,13.93452,15.71245,15.97487
303.39460,-0.40848,-0.91984,58.61944,13.03094,13.91385,15.72578,15.94887
303.40460,0.49374,-1.34021,60.92199,13.03489,13.84503,18.12078,15.92129
303.41460,-0.34906,-0.90859,58.57849,13.11139,13.84348,15.70563,15.91799
303.42460,-0.26637,-0.91630,58.61744,13.13894,13.81403,15.80918,15.85529
303.43460,-0.27030,-0.91675,58.60613,13.13202,13.81459,15.80519,15.85433
303.44460,-0.34227,-0.92621,58.39360,13.00505,13.81961,15.73018,15.83876
303.45460,-0.30485,-0.94175,58.39623,13.05680,13.72926,15.73018,15.87999
303.46460,-0.30186,-0.94300,58.39644,13.06094,13.72203,15.73018,15.88329
303.47460,-0.30667,-0.95922,58.44037,13.05571,13.70582,15.75058,15.92826
303.48460,-0.31105,-0.97400,58.48044,13.05094,13.69103,15.76918,15.96929
303.49460,-0.30915,-0.97508,58.48629,13.05189,13.68998,15.77368,15.97074
303.50460,-0.27176,-0.99722,58.59889,13.06849,13.66798,15.86318,15.99924
303.51460,-0.24602,-1.02797,58.62644,13.04094,13.62903,15.93918,16.01729
303.52460,-0.25649,-1.02014,58.56204,13.04094,13.61983,15.89318,16.00809
303.53460,-0.25298,-1.02703,58.63556,13.06762,13.60891,15.90758,16.05145
303.54460,-0.25260,-1.02769,58.64244,13.06994,13.60803,15.90918,16.05529
303.55460,-0.26518,-1.03711,58.48031,13.00575,13.57429,15.87626,16.02401
303.56460,-0.25352,-1.07376,58.58605,12.99194,13.54198,15.95807,16.09405
303.57460,-0.26525,-1.09059,58.57894,12.95144,13.53603,15.97918,16.11229
303.58460,-0.25137,-1.08286,58.58564,12.96624,13.54413,15.98647,16.08880
303.59460,-0.24728,-1.08057,58.58944,12.97194,13.54603,15.98818,16.08329
303.60460,-0.27737,-1.08878,58.70087,12.97908,13.56818,15.99532,16.15829
303.61460,-0.24809,-1.13736,58.72980,12.94182,13.49339,16.08658,16.20801
303.62460,-0.22866,-1.15869,58.72244,12.92294,13.45403,16.12818,16.21729
303.63460,-0.25209,-1.14971,58.75032,12.92965,13.48297,16.10347,16.23423
303.64460,-0.29264,-1.13352,58.72841,12.93591,13.50856,16.03138,16.25256
303.65460,-0.29148,-1.13364,58.69244,12.93294,13.49503,16.01818,16.24629
303.66460,-0.29349,-1.13830,58.66991,12.92503,13.48080,16.01225,16.25182
303.67460,-0.30166,-1.15725,58.57844,12.89294,13.42303,15.98818,16.27429
303.68460,-0.31589,-1.15992,58.54744,12.86863,13.42656,15.97796,16.27429
303.69460,-0.34523,-1.16878,58.47920,12.83371,13.40811,15.93963,16.29774
303.70460,-0.34852,-1.17290,58.46744,12.84394,13.38203,15.91918,16.32229
303.71460,-0.35401,-1.17577,58.46924,12.83607,13.38337,15.92051,16.32929
303.72460,-0.42978,-1.21652,58.48594,12.72859,13.39380,15.93387,16.42968
303.73460,-0.42669,-1.21844,58.46244,12.73594,13.37103,15.91918,16.43629
303.74460,-0.42714,-1.21990,58.54037,12.75973,13.37827,15.93297,16.46939
303.75460,-0.42799,-1.22268,58.68844,12.80494,13.39203,15.95918,16.53229
303.76460,-0.42799,-1.22268,58.68844,12.80494,13.39203,15.95918,16.53229
303.77460,-0.43839,-1.25740,58.65241,12.75387,13.33770,15.97851,16.58233
303.78460,-0.46313,-1.26321,58.58344,12.72594,13.32003,15.93918,16.59829
303.79460,-0.49142,-1.26622,58.58344,12.69627,13.34196,15.93058,16.61463
303.80460,-0.52891,-1.27021,58.58344,12.65694,13.37103,15.91918,16.63629
303.81460,-0.54301,-1.27712,58.56674,12.63887,13.36394,15.91003,16.65390
303.82460,-0.57584,-1.29320,58.52791,12.59685,13.34745,15.88875,16.69486
303.83460,-0.57716,-1.29398,58.47304,12.58894,13.32903,15.86818,16.68689
303.84460,-0.58286,-1.29385,58.40363,12.57929,13.30824,15.83635,16.67975
303.85460,-0.60943,-1.30312,58.39954,12.56064,13.30133,15.81718,16.72039
303.86460,-0.60774,-1.30510,58.53744,12.58794,13.33003,15.85918,16.76029
303.87460,-0.61582,-1.30519,58.51307,12.57207,13.33486,15.85228,16.75385
303.88460,-0.63463,-1.30542,58.45638,12.53518,13.34609,15.83624,16.73887
303.89460,-0.64293,-1.30551,58.43144,12.51894,13.35103,15.82918,16.73229
303.90460,-0.62125,-1.29850,58.51953,12.55469,13.37228,15.86545,16.72710
303.91460,-0.60599,-1.29098,58.55444,12.58207,13.37970,15.87568,16.71700
303.92460,-0.60938,-1.29026,58.52144,12.57794,13.37103,15.85918,16.71329
303.93460,-0.62568,-1.27499,58.51723,12.58396,13.40233,15.82909,16.70185
303.94460,-0.63055,-1.25304,58.37644,12.58794,13.39203,15.75018,16.64629
303.95460,-0.62482,-1.24758,58.38454,12.60158,13.39599,15.74820,16.63878
303.96460,-0.60157,-1.22543,58.41744,12.65694,13.41203,15.74018,16.60829
303.97460,-0.60157,-1.22543,58.41744,12.65694,13.41203,15.74018,16.60829
303.98460,-0.64646,-1.22509,58.38154,12.64009,13.41371,15.67905,16.64869
303.99460,-0.65280,-1.19857,58.41154,12.65276,13.48237,15.67238,16.60403
304.00460,-0.65489,-1.18983,58.42144,12.65694,13.50503,15.67018,16.58929
304.01460,-0.65578,-1.15506,58.45814,12.68864,13.57890,15.65508,16.53552
304.02460,-0.67105,-1.14972,58.46644,12.69694,13.58803,15.63018,16.55129
304.03460,-0.67095,-1.14756,58.44880,12.69454,13.58803,15.62418,16.54205
304.04460,-0.67034,-1.13555,58.35080,12.68121,13.58803,15.59085,16.49071
304.05460,-0.67014,-1.13068,58.32536,12.67809,13.59217,15.58190,16.47319
304.06460,-0.66488,-1.11121,58.42232,12.70630,13.65751,15.60778,16.45073
304.07460,-0.63598,-1.09626,58.42165,12.75830,13.64351,15.59445,16.42539
304.08460,-0.62565,-1.09145,58.42359,12.77444,13.64058,15.59318,16.41539
304.09460,-0.60601,-1.08713,58.46555,12.77090,13.67417,15.64361,16.37686
304.10460,-0.62196,-1.01678,58.48644,12.88294,13.75203,15.52018,16.33129
304.11460,-0.62196,-1.01678,58.48644,12.88294,13.75203,15.52018,16.33129
304.12460,-0.55983,-1.03043,58.51944,12.88294,13.73203,15.62018,16.28429
304.13460,-0.55983,-1.03043,58.51944,12.88294,13.73203,15.62018,16.28429
304.14460,-0.56348,-1.00907,58.47579,12.92659,13.72330,15.55034,16.27556
304.15460,-0.53194,-1.00430,58.39952,12.90534,13.72203,15.57698,16.19517
304.16460,-0.52915,-1.00415,58.39344,12.90294,13.72203,15.58018,16.18829
304.17460,-0.50743,-0.99012,58.38798,12.93638,13.72203,15.57335,16.15621
304.18460,-0.51227,-0.98125,58.36354,12.93898,13.73097,15.55230,16.14129
304.19460,-0.53078,-0.97836,58.33644,12.92294,13.74203,15.53018,16.14129
304.20460,-0.52491,-0.97961,58.33685,12.92696,13.73501,15.53427,16.14060
304.21460,-0.44463,-0.99663,58.34244,12.98194,13.63903,15.59018,16.13129
304.22460,-0.45350,-1.00481,58.35468,12.96343,13.64217,15.60273,16.14635
304.23460,-0.46429,-1.04331,58.41349,12.90930,13.62449,15.67109,16.20860
304.24460,-0.44770,-1.08306,58.47544,12.88294,13.57703,15.75018,16.26529
304.25460,-0.42875,-1.08819,58.47501,12.88294,13.56370,15.77555,16.25282
304.26460,-0.38201,-1.11568,58.49833,12.89659,13.49007,15.83648,16.27519
304.27460,-0.37195,-1.12530,58.50944,12.90294,13.46403,15.84918,16.29329
304.28460,-0.38092,-1.14007,58.53521,12.88200,13.45866,15.87066,16.32389
304.29460,-0.38865,-1.15280,58.55744,12.86394,13.45403,15.88918,16.35029
304.30460,-0.37890,-1.15548,58.44837,12.86394,13.39815,15.84878,16.33749
304.31460,-0.34398,-1.16473,58.40762,12.88357,13.33652,15.85625,16.33129
304.32460,-0.32957,-1.16852,58.41344,12.89294,13.32003,15.86918,16.33129
304.33460,-0.38831,-1.17080,58.39795,12.86668,13.33350,15.80859,16.38919
304.34460,-0.36894,-1.19995,58.38173,12.84724,13.27102,15.84618,16.41729
304.35460,-0.34535,-1.21377,58.37744,12.84394,13.23703,15.87918,16.41729
304.36460,-0.36297,-1.22060,58.43749,12.83050,13.25979,15.89837,16.44882
304.37460,-0.40945,-1.23861,58.59644,12.79494,13.32003,15.94918,16.53229
304.38460,-0.38934,-1.25473,58.53405,12.77142,13.27435,15.96929,16.51899
304.39460,-0.34327,-1.29311,58.46308,12.73442,13.18137,16.03363,16.51365
304.40460,-0.33372,-1.30272,58.53044,12.74594,13.17503,16.06818,16.54129
304.41460,-0.34229,-1.30749,58.51699,12.73301,13.16976,16.06290,16.55131
304.42460,-0.36223,-1.31859,58.48570,12.70295,13.15749,16.05063,16.57462
304.43460,-0.34244,-1.35393,58.55644,12.67694,13.12403,16.13818,16.61729
304.44460,-0.34244,-1.35393,58.55644,12.67694,13.12403,16.13818,16.61729
304.45460,-0.31610,-1.37696,58.50444,12.66694,13.05203,16.15818,16.62729
304.46460,-0.31221,-1.36859,58.52289,12.67836,13.07019,16.16111,16.61323
304.47460,-0.29269,-1.35300,58.55170,12.71188,13.08938,16.16818,16.58226
304.48460,-0.26869,-1.36386,58.51444,12.72594,13.03103,16.16818,16.58929
304.49460,-0.27582,-1.35766,58.49815,12.71819,13.04752,16.15825,16.57419
304.50460,-0.29963,-1.33696,58.44384,12.69236,13.10249,16.12513,16.52386
304.51460,-0.33138,-1.31760,58.45662,12.69500,13.15515,16.08594,16.52054
304.52460,-0.33781,-1.31399,58.46244,12.69694,13.16503,16.07818,16.52229
304.53460,-0.24486,-1.27710,58.28544,12.77494,13.10303,16.03818,16.36929
304.54460,-0.24273,-1.27782,58.28429,12.77551,13.10010,16.03990,16.36877
304.55460,-0.21300,-1.28875,58.27250,12.78318,13.05927,16.06642,16.36364
304.56460,-0.23735,-1.28448,58.30544,12.77494,13.09303,16.05818,16.37929
304.57460,-0.23735,-1.28448,58.30544,12.77494,13.09303,16.05818,16.37929
304.58460,-0.23381,-1.27786,58.29582,12.78029,13.10034,16.05283,16.36236
304.59460,-0.19955,-1.24076,58.28344,12.81494,13.15503,16.05818,16.25529
304.60460,-0.20270,-1.24169,58.28599,12.81494,13.15379,16.05521,16.26206
304.61460,-0.25248,-1.25646,58.32644,12.81494,13.13403,16.00818,16.36929
304.62460,-0.25248,-1.25646,58.32644,12.81494,13.13403,16.00818,16.36929
304.63460,-0.21069,-1.30300,58.39769,12.80652,13.05494,16.10818,16.42805
304.64460,-0.22870,-1.28303,58.52244,12.84394,13.12403,16.10818,16.44629
304.65460,-0.22676,-1.28316,58.52126,12.84476,13.12236,16.10940,16.44474
304.66460,-0.18507,-1.28427,58.48668,12.86106,13.08786,16.13230,16.40546
304.67460,-0.24929,-1.25339,58.37844,12.81494,13.16503,16.03818,16.36029
304.68460,-0.24861,-1.25214,58.38250,12.81737,13.16761,16.03868,16.35885
304.69460,-0.23561,-1.22823,58.46044,12.86394,13.21703,16.04818,16.33129
304.70460,-0.23561,-1.22823,58.46044,12.86394,13.21703,16.04818,16.33129
304.71460,-0.24277,-1.23595,58.28799,12.80384,13.18045,16.01334,16.29035
304.72460,-0.23765,-1.19936,58.35536,12.89430,13.21367,15.96310,16.28429
304.73460,-0.23711,-1.19609,58.36344,12.90294,13.21703,15.95918,16.28429
304.74460,-0.24375,-1.20024,58.32756,12.87626,13.21703,15.95918,16.27509
304.75460,-0.29147,-1.17224,58.20828,12.82748,13.28394,15.88484,16.21202
304.76460,-0.29507,-1.17008,58.19944,12.82394,13.28903,15.87918,16.20729
304.77460,-0.29343,-1.19524,58.34296,12.82394,13.28903,15.95217,16.27782
304.78460,-0.29240,-1.21104,58.43344,12.82394,13.28903,15.99818,16.32229
304.79460,-0.27408,-1.21285,58.36880,12.83990,13.23956,15.97504,16.31431
304.80460,-0.28941,-1.22134,58.45404,12.83594,13.25983,16.00038,16.35789
304.81460,-0.29440,-1.22335,58.47944,12.83394,13.26803,16.00818,16.36929
304.82460,-0.30504,-1.19988,58.36453,12.83394,13.27681,15.93716,16.31662
304.83460,-0.32906,-1.19072,58.30280,12.82754,13.27903,15.88078,16.31545
304.84460,-0.34107,-1.18891,58.28444,12.82394,13.27903,15.85918,16.32229
304.85460,-0.34641,-1.17421,58.35379,12.83741,13.33424,15.87265,16.30949
304.86460,-0.34900,-1.16709,58.38744,12.84394,13.36103,15.87918,16.30329
304.87460,-0.38949,-1.17941,58.34962,12.79133,13.36514,15.85863,16.33453
304.88460,-0.44522,-1.19596,58.29090,12.72232,13.36552,15.82377,16.37929
304.89460,-0.42562,-1.18661,58.25344,12.77494,13.32003,15.77918,16.37929
304.90460,-0.42561,-1.18835,58.25434,12.76188,13.32904,15.79269,16.37073
304.91460,-0.41749,-1.19970,58.26471,12.74422,13.32235,15.82635,16.37179
304.92460,-0.37842,-1.24412,58.30944,12.73594,13.23703,15.90918,16.42729
304.93460,-0.37864,-1.24555,58.34464,12.74607,13.23892,15.91605,16.44360
304.94460,-0.37969,-1.25242,58.51444,12.79494,13.24803,15.94918,16.52229
304.95460,-0.38411,-1.25095,58.52662,12.79197,13.26021,15.95215,16.52229
304.96460,-0.39228,-1.24506,58.54911,12.78494,13.29237,15.95918,16.51262
304.97460,-0.38768,-1.24027,58.53644,12.78494,13.29903,15.95918,16.49329
304.98460,-0.39935,-1.23836,58.51040,12.74798,13.32927,15.96758,16.46557
304.99460,-0.40975,-1.24850,58.51686,12.71332,13.34079,15.99136,16.47139
305.00460,-0.40184,-1.26610,58.57544,12.73594,13.29903,16.00818,16.53229
305.01460,-0.41927,-1.25943,58.54730,12.72334,13.31625,15.98340,16.52431
305.02460,-0.44337,-1.25021,58.50844,12.70594,13.34003,15.94918,16.51329
305.03460,-0.44500,-1.24648,58.53411,12.71890,13.34807,15.94659,16.52055
305.04460,-0.44887,-1.23762,58.59522,12.74977,13.36721,15.94041,16.53783
305.05460,-0.47663,-1.21129,58.74144,12.76494,13.48503,15.95918,16.53229
305.06460,-0.46491,-1.21275,58.70896,12.76784,13.46386,15.95628,16.52098
305.07460,-0.42630,-1.21452,58.60743,12.77235,13.40944,15.95436,16.47128
305.08460,-0.39798,-1.20933,58.54444,12.76494,13.40203,15.96918,16.40829
305.09460,-0.40583,-1.20123,58.52164,12.76314,13.41443,15.94918,16.39489
305.10460,-0.43204,-1.17419,58.44564,12.75714,13.45577,15.88251,16.35022
305.11460,-0.43554,-1.16353,58.43260,12.76476,13.46961,15.86378,16.33445
305.12460,-0.43323,-1.12897,58.45402,12.81545,13.51713,15.82670,16.29473
305.13460,-0.45929,-1.07974,58.50744,12.86394,13.61903,15.76918,16.25529
305.14460,-0.45805,-1.07622,58.50610,12.86394,13.62747,15.77021,16.24449
305.15460,-0.45113,-1.05665,58.49867,12.86394,13.67432,15.77592,16.18449
305.16460,-0.43991,-1.04126,58.52327,12.88300,13.70592,15.78407,16.15029
305.17460,-0.43231,-1.03684,58.55344,12.90294,13.71103,15.78918,16.15029
305.18460,-0.44899,-1.01931,58.53810,12.90908,13.74294,15.75298,16.13310
305.19460,-0.45950,-1.00826,58.52844,12.91294,13.76303,15.73018,16.12229
305.20460,-0.43087,-1.00134,58.54947,12.94194,13.76140,15.75018,16.09595
305.21460,-0.43711,-1.01496,58.56669,12.94194,13.73425,15.75018,16.14032
305.22460,-0.43992,-1.02109,58.57444,12.94194,13.72203,15.75018,16.16029
305.23460,-0.37383,-0.99361,58.54191,12.98840,13.73133,15.77713,16.04505
305.24460,-0.34316,-0.99248,58.43583,12.96747,13.70674,15.78734,15.97429
305.25460,-0.33736,-0.99270,58.41244,12.96194,13.70103,15.78918,15.96029
305.26460,-0.34140,-0.97883,58.47960,12.96194,13.76727,15.81678,15.93361
305.27460,-0.34175,-0.97762,58.48544,12.96194,13.77303,15.81918,15.93129
305.28460,-0.32150,-0.99049,58.45935,12.96194,13.72810,15.83367,15.93563
305.29460,-0.29390,-0.98876,58.52471,13.00503,13.71931,15.86009,15.94029
305.30460,-0.28897,-0.97586,58.60244,13.04094,13.75203,15.86918,15.94029
305.31460,-0.28732,-0.94192,58.52328,13.03480,13.80910,15.83850,15.84088
305.32460,-0.25919,-0.90888,58.62744,13.09027,13.88637,15.87251,15.77829
305.33460,-0.24569,-0.90309,58.70444,13.11994,13.90703,15.89918,15.77829
305.34460,-0.24469,-0.90025,58.62940,13.11101,13.88872,15.87238,15.75729
305.35460,-0.23571,-0.90056,58.54970,13.09994,13.86229,15.85618,15.73129
305.36460,-0.23801,-0.91772,58.52921,13.05371,13.85503,15.88918,15.73129
305.37460,-0.23020,-0.93245,58.66167,13.07671,13.85503,15.94225,15.78767
305.38460,-0.22195,-0.93747,58.74044,13.09994,13.85503,15.96918,15.81629
305.39460,-0.22561,-0.94123,58.76155,13.10268,13.85229,15.97192,15.83466
305.40460,-0.25887,-0.96489,58.74011,13.06692,13.81726,15.95195,15.90398
305.41460,-0.27865,-0.97640,58.67544,13.03094,13.79403,15.92918,15.92129
305.42460,-0.26508,-0.98158,58.70385,13.03822,13.78638,15.95431,15.92493
305.43460,-0.24281,-0.99135,58.75331,13.04965,13.77239,15.99753,15.93374
305.44460,-0.26282,-1.00191,58.75144,13.03094,13.76303,15.98818,15.96929
305.45460,-0.24870,-1.00453,58.83166,13.04354,13.78025,16.03438,15.97349
305.46460,-0.22927,-1.00814,58.94244,13.06094,13.80403,16.09818,15.97929
305.47460,-0.23578,-1.00309,58.91293,13.06465,13.79993,16.07102,15.97733
305.48460,-0.26445,-0.97211,58.75879,13.07729,13.79684,15.94325,15.94141
305.49460,-0.26946,-0.94407,58.66844,13.06994,13.83503,15.89918,15.86429
305.50460,-0.27301,-0.93651,58.65954,13.07915,13.84117,15.88076,15.85845
305.51460,-0.29265,-0.91080,58.59954,13.08824,13.87063,15.81548,15.82519
305.52460,-0.31979,-0.89056,58.50644,13.06094,13.90703,15.76018,15.77829
305.53460,-0.32185,-0.89450,58.51975,13.05697,13.90703,15.76793,15.78782
305.54460,-0.32871,-0.90762,58.56412,13.04372,13.90703,15.79376,15.81961
305.55460,-0.32247,-0.91181,58.57292,13.04592,13.89810,15.80433,15.82457
305.56460,-0.28813,-0.91779,58.58505,13.06994,13.86430,15.83274,15.81807
305.57460,-0.30054,-0.91322,58.65244,13.06994,13.90703,15.84918,15.82629
305.58460,-0.30563,-0.91321,58.64935,13.06324,13.91236,15.84746,15.82629
305.59460,-0.32589,-0.91478,58.65850,13.04324,13.93251,15.84453,15.83823
305.60460,-0.30620,-0.92246,58.76944,13.09994,13.90703,15.86918,15.89329
305.61460,-0.30620,-0.92246,58.76944,13.09994,13.90703,15.86918,15.89329
305.62460,-0.31259,-0.93039,58.74644,13.09994,13.87603,15.84918,15.92129
305.63460,-0.31286,-0.92847,58.74104,13.10241,13.87603,15.84367,15.91891
305.64460,-0.31883,-0.89219,58.63771,13.14826,13.87603,15.73882,15.87459
305.65460,-0.33339,-0.89142,58.60890,13.13696,13.87603,15.71623,15.87968
305.66460,-0.34373,-0.89087,58.58844,13.12894,13.87603,15.70018,15.88329
305.67460,-0.35119,-0.87688,58.57814,13.13500,13.90118,15.67897,15.86298
305.68460,-0.37593,-0.84730,58.55479,13.13884,13.96252,15.63018,15.82325
305.69460,-0.39014,-0.85224,58.55544,13.11994,13.96903,15.63018,15.83629
305.70460,-0.41604,-0.84252,58.58316,13.13632,13.99045,15.59238,15.86401
305.71460,-0.45175,-0.82911,58.62144,13.15894,14.02003,15.54018,15.90229
305.72460,-0.45379,-0.83394,58.48924,13.07769,14.02761,15.55395,15.82999
305.73460,-0.45261,-0.81728,58.35646,13.08024,14.00617,15.48800,15.78205
305.74460,-0.45209,-0.81262,58.33844,13.08994,14.00003,15.47018,15.77829
305.75460,-0.44473,-0.78665,58.33285,13.12904,14.02477,15.43826,15.74078
305.76460,-0.47048,-0.75771,58.55164,13.20944,14.12054,15.43018,15.79148
305.77460,-0.47770,-0.75187,58.60944,13.22794,14.14403,15.43018,15.80729
305.78460,-0.47592,-0.75850,58.59497,13.21394,14.13423,15.43951,15.80729
305.79460,-0.47389,-0.76608,58.57844,13.19794,14.12303,15.45018,15.80729
305.80460,-0.48362,-0.76686,58.59921,13.19158,14.13710,15.45353,15.81700
305.81460,-0.49814,-0.76801,58.63021,13.18208,14.15810,15.45853,15.83150
305.82460,-0.53940,-0.76315,58.66277,13.16354,14.20431,15.43708,15.85785
305.83460,-0.56229,-0.76871,58.60100,13.12189,14.20285,15.41762,15.85864
305.84460,-0.55206,-0.78220,58.55371,13.09321,14.17484,15.43711,15.84855
305.85460,-0.54363,-0.78670,58.55044,13.08994,14.16503,15.45018,15.84529
305.86460,-0.56071,-0.77778,58.54620,13.08174,14.19415,15.43322,15.83709
305.87460,-0.58621,-0.76447,58.53987,13.06951,14.23761,15.40790,15.82485
305.88460,-0.58754,-0.76097,58.53679,13.06461,14.25007,15.40950,15.81262
305.89460,-0.52350,-0.77215,58.56221,13.10597,14.19184,15.46711,15.79729
305.90460,-0.53354,-0.74554,58.60244,13.15894,14.22603,15.42018,15.79729
305.91460,-0.50431,-0.75220,58.73042,13.20160,14.22603,15.47958,15.82321
305.92460,-0.48443,-0.75011,58.79786,13.22714,14.23737,15.51398,15.81937
305.93460,-0.48862,-0.74351,58.76244,13.21794,14.24703,15.50018,15.79729
305.94460,-0.47399,-0.75526,58.78989,13.22626,14.22125,15.52513,15.81725
305.95460,-0.45347,-0.77174,58.82844,13.23794,14.18503,15.56018,15.84529
305.96460,-0.46288,-0.77074,58.83949,13.23426,14.19645,15.55650,15.85229
305.97460,-0.47896,-0.77106,58.85586,13.22349,14.21403,15.55341,15.86493
305.98460,-0.47858,-0.80056,58.81844,13.15894,14.18503,15.60018,15.87429
305.99460,-0.46541,-0.79229,58.82086,13.17639,14.19004,15.60180,15.85263
306.00460,-0.41053,-0.75077,58.80794,13.25554,14.21198,15.59086,15.74956
306.01460,-0.46663,-0.75652,58.70144,13.20794,14.19503,15.51018,15.78829
306.02460,-0.46172,-0.75757,58.71511,13.20794,14.19870,15.52351,15.78495
306.03460,-0.45193,-0.75968,58.74244,13.20794,14.20603,15.55018,15.77829
306.04460,-0.44372,-0.75914,58.71373,13.20501,14.19695,15.55018,15.76159
306.05460,-0.42836,-0.74936,58.66844,13.21564,14.19033,15.53818,15.72429
306.06460,-0.43879,-0.72963,58.72444,13.25694,14.22603,15.51018,15.73129
306.07460,-0.45995,-0.73463,58.69801,13.23636,14.22136,15.48913,15.75117
306.08460,-0.52954,-0.75147,58.61021,13.16815,14.20520,15.42018,15.81668
306.09460,-0.53240,-0.75967,58.58561,13.15227,14.18853,15.42018,15.82462
306.10460,-0.54067,-0.76184,58.59085,13.14541,14.19227,15.41842,15.83476
306.11460,-0.57640,-0.76393,58.63944,13.12894,14.22603,15.41018,15.87429
306.12460,-0.57749,-0.76531,58.62951,13.12264,14.22415,15.41018,15.87254
306.13460,-0.59575,-0.79700,58.44865,13.00198,14.17921,15.41817,15.84929
306.14460,-0.57069,-0.81417,58.59698,13.06104,14.14499,15.46515,15.92580
306.15460,-0.56271,-0.81889,58.64449,13.08093,14.13502,15.47919,15.94935
306.16460,-0.56175,-0.80519,58.65652,13.10150,14.15527,15.46578,15.93397
306.17460,-0.53065,-0.82701,58.92244,13.13894,14.18503,15.60018,15.99829
306.18460,-0.53275,-0.82681,58.91444,13.13698,14.18379,15.59538,15.99829
306.19460,-0.58275,-0.82252,58.72256,13.08836,14.15448,15.48260,15.99711
306.20460,-0.56892,-0.83347,58.72544,13.05094,14.16503,15.54018,15.96929
306.21460,-0.56892,-0.83347,58.72544,13.05094,14.16503,15.54018,15.96929
306.22460,-0.62784,-0.81344,58.83192,13.08643,14.23056,15.47647,16.03846
306.23460,-0.63365,-0.81147,58.84244,13.08994,14.23703,15.47018,16.04529
306.24460,-0.61410,-0.85076,58.64004,12.99978,14.13215,15.48858,16.01953
306.25460,-0.63543,-0.82897,58.72272,13.04622,14.18007,15.45338,16.04305
306.26460,-0.63743,-0.82678,58.73144,13.05094,14.18503,15.45018,16.04529
306.27460,-0.62373,-0.84867,58.71212,13.02334,14.14731,15.48698,16.05449
306.28460,-0.62254,-0.85057,58.71044,13.02094,14.14403,15.49018,16.05529
306.29460,-0.62268,-0.84288,58.69689,13.04126,14.13726,15.46308,16.05529
306.30460,-0.63650,-0.83820,58.56564,12.99574,14.13403,15.42618,16.00969
306.31460,-0.63995,-0.83794,58.53444,12.98194,14.13403,15.42018,15.99829
306.32460,-0.63857,-0.87826,58.49959,12.91937,14.07700,15.46770,16.03551
306.33460,-0.64099,-0.88927,58.60193,12.94690,14.06840,15.48655,16.10008
306.34460,-0.64258,-0.88951,58.66544,12.97194,14.07203,15.49018,16.13129
306.35460,-0.65608,-0.91433,58.71837,12.91901,14.08543,15.55048,16.16345
306.36460,-0.65609,-0.93568,58.80742,12.92577,14.06456,15.58688,16.23021
306.37460,-0.65283,-0.94017,58.83844,12.94194,14.05103,15.59018,16.25529
306.38460,-0.65003,-0.94396,58.85349,12.93513,14.05497,15.60809,16.25529
306.39460,-0.64585,-0.94961,58.87595,12.92497,14.06086,15.63483,16.25529
306.40460,-0.64501,-0.95073,58.88044,12.92294,14.06203,15.64018,16.25529
306.41460,-0.64501,-0.95073,58.88044,12.92294,14.06203,15.64018,16.25529
306.42460,-0.62386,-0.93748,58.72114,12.91754,14.02855,15.59698,16.17807
306.43460,-0.61079,-0.92870,58.60581,12.91911,13.99664,15.55709,16.13296
306.44460,-0.62010,-0.93343,58.64352,12.93054,13.99035,15.55138,16.17125
306.45460,-0.59872,-0.93665,58.71608,12.94012,14.00579,15.60604,16.16413
306.46460,-0.59282,-0.93721,58.73244,12.94194,14.01003,15.62018,16.16029
306.47460,-0.65024,-0.95521,58.70084,12.85662,14.03452,15.61228,16.19742
306.48460,-0.66552,-0.95999,58.69244,12.83394,14.04103,15.61018,16.20729
306.49460,-0.65078,-0.95508,58.71724,12.84994,14.04903,15.62618,16.19209
306.50460,-0.57412,-0.93176,58.72144,12.97194,13.98903,15.61018,16.15029
306.51460,-0.58477,-0.94515,58.73092,12.94518,13.98565,15.62712,16.17298
306.52460,-0.61686,-0.96590,58.75578,12.89703,13.99172,15.64382,16.22322
306.53460,-0.66084,-0.94498,58.78044,12.91294,14.04103,15.58018,16.24629
306.54460,-0.64960,-0.96045,58.72294,12.88724,14.00052,15.59325,16.24193
306.55460,-0.63501,-0.98054,58.64844,12.85394,13.94803,15.61018,16.23629
306.56460,-0.62864,-0.97504,58.67450,12.87088,13.95715,15.61452,16.23194
306.57460,-0.62505,-0.97072,58.67537,12.86476,13.97478,15.62593,16.20989
306.58460,-0.63575,-0.97718,58.60020,12.80070,13.98786,15.63900,16.17264
306.59460,-0.63397,-0.96572,58.59134,12.81564,13.99833,15.62218,16.15519
306.60460,-0.61771,-0.95085,58.61406,12.86691,13.99568,15.60394,16.14753
306.61460,-0.59446,-0.98216,58.67944,12.87394,13.93803,15.66018,16.20729
306.62460,-0.59552,-0.98207,58.68344,12.87394,13.94008,15.66068,16.20874
306.63460,-0.61576,-0.98044,58.75944,12.87394,13.97903,15.67018,16.23629
306.64460,-0.61507,-0.98135,58.76459,12.87222,13.98075,15.67533,16.23629
306.65460,-0.60938,-0.98941,58.74285,12.86041,13.96186,15.68430,16.23629
306.66460,-0.59824,-1.00656,58.52544,12.84394,13.83503,15.61018,16.23629
306.67460,-0.59949,-1.00758,58.53231,12.84156,13.83794,15.61422,16.23859
306.68460,-0.62805,-1.03175,58.69391,12.78593,13.90500,15.70968,16.29329
306.69460,-0.61048,-1.03430,58.66444,12.80494,13.86603,15.70018,16.29329
306.70460,-0.60957,-1.03643,58.66105,12.80131,13.86265,15.70340,16.29369
306.71460,-0.58806,-1.08655,58.58144,12.71594,13.78303,15.77918,16.30329
306.72460,-0.58737,-1.08659,58.57792,12.71701,13.78029,15.77734,16.30329
306.73460,-0.56999,-1.08744,58.48992,12.74367,13.71162,15.73134,16.30329
306.74460,-0.55101,-1.05431,58.79954,12.87024,13.81053,15.78128,16.33749
306.75460,-0.54980,-1.05061,58.83844,12.88294,13.82503,15.78918,16.34129
306.76460,-0.54053,-1.05581,58.77911,12.86327,13.80437,15.79251,16.31895
306.77460,-0.50356,-1.08847,58.70552,12.81566,13.73451,15.85438,16.30097
306.78460,-0.50196,-1.09040,58.70944,12.81494,13.73203,15.85918,16.30329
306.79460,-0.53717,-1.04728,58.74948,12.84133,13.83486,15.80458,16.26871
306.80460,-0.54065,-1.04301,58.75344,12.84394,13.84503,15.79918,16.26529
306.81460,-0.54211,-1.06880,58.77828,12.81726,13.81651,15.83598,16.30853
306.82460,-0.54620,-1.05328,58.76000,12.83611,13.82937,15.80267,16.29184
306.83460,-0.54766,-1.04672,58.75244,12.84394,13.83503,15.78918,16.28429
306.84460,-0.55345,-1.03301,58.81722,12.85974,13.88401,15.79708,16.27639
306.85460,-0.55233,-1.04643,58.68434,12.82523,13.82356,15.76837,16.26718
306.86460,-0.55162,-1.05098,58.64444,12.81494,13.80403,15.76018,16.26529
306.87460,-0.53853,-1.03973,58.68080,12.84176,13.82267,15.76882,16.24756
306.88460,-0.52285,-1.02625,58.72444,12.87394,13.84503,15.77918,16.22629
306.89460,-0.54743,-1.04890,58.60517,12.82512,13.78138,15.73654,16.26213
306.90460,-0.60632,-1.05771,58.62677,12.76894,13.82470,15.72351,16.30962
306.91460,-0.62809,-1.05510,58.67444,12.75594,13.86603,15.73018,16.32229
306.92460,-0.58175,-1.03515,58.73541,12.82830,13.87273,15.75028,16.28410
306.93460,-0.56359,-1.01859,58.69100,12.86394,13.85955,15.71764,16.24987
306.94460,-0.56768,-1.01262,58.62544,12.86394,13.84503,15.68018,16.23629
306.95460,-0.60094,-1.01173,58.64896,12.85974,13.86225,15.65078,16.27619
306.96460,-0.64683,-1.01049,58.68144,12.85394,13.88603,15.61018,16.33129
306.97460,-0.64177,-1.02429,58.73534,12.84294,13.88603,15.65418,16.35219
306.98460,-0.63519,-1.04077,58.78380,12.83939,13.86915,15.69018,16.38508
306.99460,-0.63314,-1.04513,58.78744,12.84394,13.85503,15.69018,16.39829
307.00460,-0.63783,-1.04388,58.74435,12.83303,13.84958,15.67382,16.38792
307.01460,-0.63369,-1.04917,58.70953,12.80815,13.84503,15.68741,16.36894
307.02460,-0.62696,-1.05446,58.71044,12.79494,13.84503,15.71018,16.36029
307.03460,-0.64806,-1.04442,58.71444,12.79494,13.87270,15.68351,16.36329
307.04460,-0.69025,-1.02434,58.72244,12.79494,13.92803,15.63018,16.36929
307.05460,-0.66416,-1.02298,58.69232,12.81573,13.89706,15.63018,16.34935
307.06460,-0.67076,-1.02616,58.65655,12.79370,13.89463,15.62592,16.34230
307.07460,-0.72748,-1.03295,58.66344,12.72594,13.94803,15.62018,16.36929
307.08460,-0.72024,-1.03484,58.67414,12.73022,13.94375,15.63088,16.36929
307.09460,-0.70342,-1.03924,58.69901,12.74017,13.93380,15.65575,16.36929
307.10460,-0.69798,-0.99050,58.59944,12.76494,13.98903,15.59018,16.25529
307.11460,-0.69748,-0.99451,58.57442,12.75682,13.97544,15.58687,16.25529
307.12460,-0.69576,-1.00834,58.48813,12.72882,13.92859,15.57544,16.25529
307.13460,-0.69497,-1.01471,58.44844,12.71594,13.90703,15.57018,16.25529
307.14460,-0.71005,-1.00685,58.52818,12.74671,13.93278,15.55762,16.29108
307.15460,-0.69858,-0.99308,58.67477,12.81766,13.96408,15.57310,16.31993
307.16460,-0.69229,-0.99027,58.70544,12.83394,13.96903,15.58018,16.32229
307.17460,-0.70600,-1.03588,58.78119,12.77399,13.94598,15.65818,16.40304
307.18460,-0.67781,-1.02361,58.58644,12.75594,13.90703,15.62018,16.30329
307.19460,-0.67976,-1.02239,58.58817,12.75732,13.90957,15.61700,16.30427
307.20460,-0.73300,-0.98912,58.63544,12.79494,13.97903,15.53018,16.33129
307.21460,-0.72871,-0.98844,58.64719,12.79841,13.98268,15.53819,16.32790
307.22460,-0.69578,-0.98319,58.73760,12.82512,14.01077,15.59984,16.30188
307.23460,-0.65872,-0.99703,58.67344,12.85394,13.91703,15.59018,16.31229
307.24460,-0.66053,-0.99753,58.67552,12.85151,13.91911,15.59117,16.31372
307.25460,-0.69523,-1.00745,58.71407,12.80534,13.95734,15.60897,16.34242
307.26460,-0.69774,-1.01360,58.68144,12.81494,13.91703,15.58018,16.36929
307.27460,-0.69911,-1.01293,58.67948,12.81494,13.91787,15.57738,16.36929
307.28460,-0.73193,-0.99675,58.63244,12.81494,13.93803,15.51018,16.36929
307.29460,-0.73193,-0.99675,58.63244,12.81494,13.93803,15.51018,16.36929
307.30460,-0.70639,-1.02107,58.61676,12.76355,13.91974,15.58857,16.34490
307.31460,-0.72698,-1.00223,58.56660,12.79182,13.91703,15.50818,16.34957
307.32460,-0.72910,-1.00028,58.56244,12.79494,13.91703,15.50018,16.35029
307.33460,-0.71783,-0.99094,58.51188,12.77656,13.93634,15.50937,16.28962
307.34460,-0.73013,-1.00883,58.45132,12.72986,13.90951,15.51018,16.30177
307.35460,-0.73129,-1.01046,58.44644,12.72594,13.90703,15.51018,16.30329
307.36460,-0.72172,-0.98855,58.59609,12.77439,13.98309,15.54698,16.29163
307.37460,-0.71571,-0.97479,58.69044,12.80494,14.03103,15.57018,16.28429
307.38460,-0.70245,-1.00512,58.70229,12.78124,13.98205,15.61758,16.32142
307.39460,-0.67933,-0.97423,58.74614,12.86910,13.99377,15.58230,16.30096
307.40460,-0.67437,-0.96438,58.75644,12.89294,14.00003,15.57018,16.29329
307.41460,-0.69691,-0.96220,58.70130,12.84628,14.02707,15.55958,16.26837
307.42460,-0.71076,-0.95295,58.66199,12.83153,14.04762,15.53654,16.24629
307.43460,-0.69886,-0.93882,58.68044,12.88294,14.04103,15.51018,16.24629
307.44460,-0.69588,-0.96536,58.63533,12.83339,14.00165,15.54194,16.25836
307.45460,-0.69417,-0.98061,58.60944,12.80494,13.97903,15.56018,16.26529
307.46460,-0.72265,-0.98193,58.64763,12.80494,13.99310,15.54008,16.30951
307.47460,-0.71644,-0.97345,58.74833,12.83810,14.02778,15.56402,16.31843
307.48460,-0.70680,-0.96911,58.78744,12.85394,14.04103,15.58018,16.31229
307.49460,-0.70680,-0.96911,58.78744,12.85394,14.04103,15.58018,16.31229
307.50460,-0.69543,-0.98762,58.54372,12.81102,13.92491,15.52058,16.28721
307.51460,-0.70096,-0.98892,58.56644,12.80494,13.93803,15.53018,16.29329
307.52460,-0.70096,-0.98892,58.56644,12.80494,13.93803,15.53018,16.29329
307.53460,-0.68047,-0.95496,58.54844,12.87394,13.94803,15.48018,16.24629
307.54460,-0.68010,-0.95790,58.61499,12.86303,13.98185,15.52382,16.24629
307.55460,-0.68180,-0.94203,58.69332,12.87990,14.04171,15.54258,16.22913
307.56460,-0.68435,-0.91874,58.72244,12.91294,14.08203,15.52018,16.20729
307.57460,-0.67952,-0.91820,58.70892,12.90328,14.08686,15.52984,16.18894
307.58460,-0.66844,-0.91889,58.66388,12.89294,14.07472,15.53339,16.16284
307.59460,-0.65767,-0.92120,58.60833,12.89294,14.04324,15.52104,16.15111
307.60460,-0.65036,-0.91391,58.66324,12.92192,14.05825,15.52858,16.15449
307.61460,-0.64134,-0.90364,58.74444,12.96194,14.08203,15.54018,16.16029
307.62460,-0.64419,-0.91424,58.73527,12.93929,14.07315,15.55451,16.16831
307.63460,-0.65082,-0.93891,58.71393,12.88663,14.05248,15.58785,16.18698
307.64460,-0.63831,-0.96372,58.82044,12.89294,14.03103,15.65018,16.24629
307.65460,-0.62590,-0.96011,58.80680,12.90658,14.02047,15.64677,16.23299
307.66460,-0.56955,-0.95791,58.76700,12.95352,13.96097,15.65698,16.19553
307.67460,-0.52485,-0.96451,58.74844,12.98194,13.90703,15.68018,16.17929
307.68460,-0.52485,-0.96451,58.74844,12.98194,13.90703,15.68018,16.17929
307.69460,-0.59317,-0.96682,58.87944,12.93294,14.01003,15.70018,16.23629
307.70460,-0.58066,-0.97094,58.79514,12.92394,13.96983,15.68518,16.21619
307.71460,-0.54972,-0.97372,58.68574,12.92664,13.90993,15.67118,16.17799
307.72460,-0.54602,-0.95775,58.88944,12.98194,13.98903,15.72018,16.19829
307.73460,-0.54522,-0.95873,58.86874,12.97594,13.98303,15.71718,16.19259
307.74460,-0.54000,-0.96386,58.82344,12.95594,13.96903,15.72218,16.17629
307.75460,-0.53221,-0.97053,58.83044,12.94194,13.96903,15.75018,16.16929
307.76460,-0.53221,-0.97053,58.83044,12.94194,13.96903,15.75018,16.16929
307.77460,-0.56209,-0.97269,58.78499,12.92467,13.95994,15.70473,16.19565
307.78460,-0.56508,-0.97291,58.78044,12.92294,13.95903,15.70018,16.19829
307.79460,-0.58988,-0.94427,58.91635,12.98537,14.03275,15.67018,16.22804
307.80460,-0.57237,-0.93201,58.90144,13.00194,14.04103,15.67018,16.18829
307.81460,-0.57673,-0.92943,58.86472,12.99174,14.04103,15.65658,16.17537
307.82460,-0.59934,-0.91481,58.68544,12.94704,14.04103,15.58338,16.11399
307.83460,-0.60547,-0.90513,58.68544,12.97194,14.04103,15.55018,16.12229
307.84460,-0.60417,-0.90762,58.70380,12.97000,14.04502,15.56281,16.12598
307.85460,-0.59653,-0.92224,58.81180,12.95857,14.06844,15.63709,16.14769
307.86460,-0.59212,-0.93069,58.87444,12.95194,14.08203,15.68018,16.16029
307.87460,-0.58435,-0.90991,58.86155,12.98964,14.09206,15.64677,16.13308
307.88460,-0.57163,-0.87592,58.81020,13.04956,14.09621,15.57915,16.08529
307.89460,-0.56906,-0.86905,58.78744,13.06094,14.09203,15.56018,16.07429
307.90460,-0.59780,-0.82856,58.73609,13.07595,14.15760,15.48118,16.02136
307.91460,-0.57043,-0.82444,58.72324,13.07994,14.15828,15.50806,15.97696
307.92460,-0.56157,-0.82612,58.72344,13.07994,14.15403,15.52018,15.96929
307.93460,-0.56987,-0.80205,58.67108,13.09831,14.17332,15.46506,15.93438
307.94460,-0.57060,-0.79991,58.66644,13.09994,14.17503,15.46018,15.93129
307.95460,-0.60891,-0.76779,58.56725,13.11814,14.19323,15.34188,15.91400
307.96460,-0.57006,-0.73612,58.60080,13.14987,14.25855,15.37904,15.81335
307.97460,-0.54291,-0.71799,58.62844,13.16894,14.29903,15.41018,15.75029
307.98460,-0.57112,-0.71620,58.56502,13.14382,14.29903,15.36623,15.75594
307.99460,-0.62073,-0.70150,58.56979,13.13490,14.34795,15.31036,15.77658
308.00460,-0.64294,-0.69229,58.59844,13.13894,14.38103,15.29018,15.78829
308.01460,-0.63687,-0.68244,58.65928,13.17668,14.39721,15.29018,15.79522
308.02460,-0.63506,-0.67950,58.67744,13.18794,14.40203,15.29018,15.79729
308.03460,-0.63121,-0.69690,58.65184,13.17274,14.36043,15.29818,15.82049
308.04460,-0.65177,-0.71780,58.75504,13.15294,14.37483,15.34018,15.88709
308.05460,-0.65713,-0.72192,58.78244,13.14894,14.38103,15.35018,15.90229
308.06460,-0.65182,-0.73604,58.74923,13.12134,14.35671,15.36889,15.90229
308.07460,-0.60886,-0.78442,58.81529,13.10334,14.28079,15.47728,15.95388
308.08460,-0.59073,-0.80029,58.86644,13.10994,14.25703,15.52018,15.97929
308.09460,-0.60416,-0.78080,58.86105,13.12274,14.29205,15.48651,15.95976
308.10460,-0.61067,-0.77135,58.85844,13.12894,14.30903,15.47018,15.95029
308.11460,-0.61067,-0.77135,58.85844,13.12894,14.30903,15.47018,15.95029
308.12460,-0.62227,-0.76875,58.73177,13.09463,14.29099,15.42721,15.91894
308.13460,-0.62561,-0.76155,58.77406,13.14492,14.27899,15.39292,15.95722
308.14460,-0.62071,-0.76286,58.73014,13.11649,14.28353,15.40668,15.92344
308.15460,-0.62183,-0.77178,58.68374,13.08994,14.26548,15.40918,15.91914
308.16460,-0.62621,-0.77781,58.67744,13.08994,14.24703,15.40018,15.94029
308.17460,-0.62984,-0.76964,58.69400,13.09931,14.26641,15.39393,15.93435
308.18460,-0.63643,-0.75479,58.72412,13.11636,14.30164,15.38257,15.92355
308.19460,-0.61527,-0.76947,58.75396,13.11994,14.27417,15.42218,15.93767
308.20460,-0.59678,-0.79078,58.77846,13.11154,14.23905,15.46758,15.96029
308.21460,-0.61420,-0.78632,58.76744,13.09994,14.25703,15.45018,15.96029
308.22460,-0.61158,-0.78766,58.76474,13.10219,14.25007,15.45018,15.96231
308.23460,-0.60534,-0.79086,58.75833,13.10753,14.23349,15.45018,15.96712
308.24460,-0.59788,-0.81141,58.75489,13.08299,14.20348,15.48318,15.98524
308.25460,-0.59407,-0.82704,58.75444,13.06094,14.18503,15.51018,15.99829
308.26460,-0.58808,-0.83054,58.73662,13.07120,14.15749,15.49938,16.00855
308.27460,-0.58297,-0.83353,58.72144,13.07994,14.13403,15.49018,16.01729
308.28460,-0.59764,-0.81695,58.73068,13.08764,14.17331,15.46708,16.00265
308.29460,-0.59635,-0.82379,58.82044,13.10994,14.17503,15.49018,16.04529
308.30460,-0.59842,-0.82303,58.84224,13.10799,14.18905,15.49991,16.04529
308.31460,-0.60554,-0.82042,58.91741,13.10128,14.23737,15.53347,16.04529
308.32460,-0.61238,-0.82177,59.04844,13.14894,14.24703,15.54018,16.11229
308.33460,-0.60700,-0.81583,59.01937,13.14724,14.25060,15.53508,16.08645
308.34460,-0.58069,-0.78678,58.87744,13.13894,14.26803,15.51018,15.96029
308.35460,-0.58069,-0.78678,58.87744,13.13894,14.26803,15.51018,15.96029
308.36460,-0.59041,-0.78160,58.79585,13.12705,14.25532,15.46918,15.94430
308.37460,-0.60819,-0.77211,58.68893,13.10517,14.25181,15.41495,15.91700
308.38460,-0.61232,-0.76993,58.70044,13.09994,14.26803,15.42018,15.91229
308.39460,-0.64674,-0.77501,58.62094,13.05768,14.26015,15.37721,15.92589
308.40460,-0.63625,-0.78151,58.65119,13.07635,14.23887,15.38742,15.94854
308.41460,-0.63381,-0.78196,58.65744,13.07994,14.23703,15.39018,15.95029
308.42460,-0.67930,-0.79376,58.76776,13.02615,14.31180,15.43577,15.99405
308.43460,-0.66451,-0.79004,58.64883,13.04852,14.24366,15.37584,15.98082
308.44460,-0.66282,-0.78962,58.63744,13.05094,14.23703,15.37018,15.97929
308.45460,-0.69672,-0.79016,58.58375,13.00635,14.25523,15.34288,15.97929
308.46460,-0.70008,-0.79022,58.57844,13.00194,14.25703,15.34018,15.97929
308.47460,-0.70229,-0.77961,58.67896,13.02112,14.31192,15.36663,15.97929
308.48460,-0.70044,-0.75968,58.78574,13.06965,14.36452,15.37228,15.97929
308.49460,-0.69964,-0.75582,58.80044,13.07994,14.37103,15.37018,15.97929
308.50460,-0.69488,-0.75614,58.88339,13.12655,14.36234,15.37018,16.02432
308.51460,-0.73282,-0.77319,58.95205,13.09233,14.38452,15.38598,16.08922
308.52460,-0.74323,-0.77770,58.96444,13.07994,14.39103,15.39018,16.10329
308.53460,-0.74848,-0.78282,58.94655,13.08520,14.36419,15.36913,16.12802
308.54460,-0.75321,-0.78743,58.93044,13.08994,14.34003,15.35018,16.15029
308.55460,-0.72353,-0.78303,58.83444,13.07061,14.32603,15.36351,16.07429
308.56460,-0.71323,-0.79444,58.73072,13.04104,14.27790,15.35691,16.05486
308.57460,-0.71556,-0.80136,58.70244,13.03094,14.25703,15.35018,16.06429
308.58460,-0.66888,-0.79520,58.72332,13.07741,14.23616,15.37712,16.03263
308.59460,-0.65008,-0.80599,58.68584,13.07167,14.19669,15.39018,16.02731
308.60460,-0.65572,-0.82630,58.61584,13.03009,14.15353,15.39018,16.04204
308.61460,-0.65696,-0.83077,58.60044,13.02094,14.14403,15.39018,16.04529
308.62460,-0.64595,-0.84868,58.68416,12.98545,14.17224,15.48118,16.04529
308.63460,-0.64486,-0.85045,58.69244,12.98194,14.17503,15.49018,16.04529
308.64460,-0.66863,-0.82638,58.75705,13.01743,14.23145,15.45378,16.05439
308.65460,-0.62973,-0.81889,58.88993,13.07463,14.25523,15.51388,16.04619
308.66460,-0.62566,-0.81838,58.90244,13.07994,14.25703,15.52018,16.04529
308.67460,-0.62301,-0.81684,58.92011,13.09822,14.25094,15.51409,16.05686
308.68460,-0.61961,-0.82506,58.74344,13.05094,14.19503,15.48018,16.01729
308.69460,-0.63238,-0.81372,58.73092,13.05720,14.21217,15.45052,16.01103
308.70460,-0.65836,-0.79064,58.70544,13.06994,14.24703,15.39018,15.99829
308.71460,-0.66470,-0.80384,58.70708,13.06215,14.22161,15.39018,16.03314
308.72460,-0.67586,-0.82550,58.69039,13.02651,14.19373,15.40260,16.06755
308.73460,-0.67876,-0.82930,58.66344,12.99194,14.20603,15.42018,16.04529
308.74460,-0.67281,-0.82505,58.66894,13.00542,14.20603,15.41743,16.04006
308.75460,-0.65830,-0.81469,58.68237,13.03831,14.20603,15.41072,16.02731
308.76460,-0.66849,-0.84041,58.59344,12.97194,14.16503,15.42018,16.03629
308.77460,-0.65988,-0.83324,58.61780,12.98946,14.17721,15.42612,16.02500
308.78460,-0.63951,-0.81630,58.67544,13.03094,14.20603,15.44018,15.99829
308.79460,-0.64257,-0.81279,58.66849,13.02906,14.21374,15.43454,15.99115
308.80460,-0.65350,-0.80021,58.64365,13.02235,14.24125,15.41441,15.96564
308.81460,-0.68455,-0.80129,58.70200,13.00369,14.28426,15.41926,15.99479
308.82460,-0.68699,-0.80130,58.70704,13.00295,14.28734,15.41913,15.99762
308.83460,-0.66722,-0.79395,58.68833,13.03604,14.26446,15.40378,15.98405
308.84460,-0.63463,-0.80857,58.78544,13.06094,14.24703,15.47018,16.00729
308.85460,-0.63202,-0.80675,58.77120,13.06238,14.24367,15.46538,15.99977
308.86460,-0.61826,-0.79717,58.69644,13.06994,14.22603,15.44018,15.96029
308.87460,-0.61826,-0.79717,58.69644,13.06994,14.22603,15.44018,15.96029
308.88460,-0.63421,-0.80739,58.68660,13.04802,14.21709,15.43571,15.98579
308.89460,-0.68602,-0.82979,58.64244,12.99194,14.19503,15.40018,16.05529
308.90460,-0.68442,-0.82997,58.65509,12.99194,14.20042,15.40847,16.05425
308.91460,-0.67501,-0.83105,58.72948,12.99194,14.23213,15.45725,16.04815
308.92460,-0.64772,-0.87169,58.70044,12.95194,14.15403,15.52018,16.07429
308.93460,-0.64791,-0.87147,58.70012,12.95154,14.15487,15.52018,16.07353
308.94460,-0.65224,-0.86599,58.69244,12.94194,14.17503,15.52018,16.05529
308.95460,-0.65224,-0.86599,58.69244,12.94194,14.17503,15.52018,16.05529
308.96460,-0.65019,-0.86795,58.70305,12.94511,14.17171,15.52493,16.06131
308.97460,-0.63824,-0.87843,58.75638,12.96347,14.15097,15.54865,16.09329
308.98460,-0.63218,-0.87868,58.73944,12.97194,14.13403,15.54018,16.09329
308.99460,-0.61817,-0.87551,58.77134,12.99195,14.13693,15.55468,16.08778
309.00460,-0.58605,-0.87204,58.86204,13.02073,14.15897,15.61361,16.06872
309.01460,-0.59121,-0.88240,58.89244,12.97194,14.19503,15.67018,16.05529
309.02460,-0.59551,-0.87624,58.79486,12.96374,14.17412,15.62508,16.03192
309.03460,-0.60172,-0.86732,58.65444,12.95194,14.14403,15.56018,15.99829
309.04460,-0.59122,-0.88095,58.64850,12.93628,14.12189,15.58718,16.00315
309.05460,-0.60677,-0.89111,58.76671,12.94421,14.14231,15.61563,16.06456
309.06460,-0.62711,-0.88991,58.86944,12.96194,14.17503,15.62018,16.11229
309.07460,-0.61190,-0.88503,58.80464,12.97814,14.14155,15.59318,16.09177
309.08460,-0.59891,-0.88086,58.74944,12.99194,14.11303,15.57018,16.07429
309.09460,-0.57174,-0.89371,58.82126,12.99194,14.11303,15.64200,16.07429
309.10460,-0.57095,-0.89225,58.79870,12.99797,14.10038,15.62607,16.07429
309.11460,-0.57246,-0.89032,58.77844,13.00194,14.09203,15.61018,16.07429
309.12460,-0.59607,-0.88089,58.78000,12.99412,14.12488,15.58671,16.07429
309.13460,-0.63628,-0.88192,58.64886,12.91394,14.14191,15.54866,16.04435
309.14460,-0.64536,-0.88291,58.61344,12.89294,14.14403,15.54018,16.03629
309.15460,-0.62381,-0.86695,58.74695,12.96325,14.17642,15.56388,16.04340
309.16460,-0.61809,-0.86272,58.78244,12.98194,14.18503,15.57018,16.04529
309.17460,-0.57533,-0.88520,58.66315,12.95824,14.09576,15.59388,16.01527
309.18460,-0.60424,-0.89384,58.62565,12.92087,14.09363,15.57385,16.03731
309.19460,-0.64048,-0.89622,58.62044,12.89294,14.11303,15.55018,16.06429
309.20460,-0.59570,-0.87240,58.61777,12.93227,14.13370,15.57018,15.98162
309.21460,-0.56094,-0.87681,58.50035,12.95194,14.04851,15.54038,15.95952
309.22460,-0.55465,-0.88512,58.44144,12.95194,14.00003,15.52018,15.96929
309.23460,-0.59679,-0.86639,58.51687,12.95867,14.07614,15.49324,15.98882
309.24460,-0.61718,-0.85733,58.55344,12.96194,14.11303,15.48018,15.99829
309.25460,-0.60645,-0.86116,58.53950,12.96968,14.08903,15.48018,16.00061
309.26460,-0.57144,-0.86715,58.55344,13.01300,14.03677,15.49098,16.01269
309.27460,-0.56793,-0.86289,58.59944,13.03094,14.05103,15.50018,16.01729
309.28460,-0.56710,-0.85543,58.58977,13.03810,14.05855,15.48944,16.00368
309.29460,-0.56918,-0.84513,58.57611,13.04321,14.07360,15.47487,15.98444
309.30460,-0.61132,-0.88126,58.61944,12.95194,14.09203,15.53018,16.04529
309.31460,-0.60049,-0.88406,58.59771,12.96834,14.05841,15.51788,16.05308
309.32460,-0.58488,-0.88809,58.56644,12.99194,14.01003,15.50018,16.06429
309.33460,-0.59362,-0.90138,58.54754,12.97514,13.98399,15.49598,16.09243
309.34460,-0.61204,-0.92708,58.59047,12.96026,13.95261,15.50681,16.17079
309.35460,-0.62094,-0.93735,58.68744,12.97194,13.95903,15.53018,16.22629
309.36460,-0.63893,-0.93608,58.66361,12.95215,13.97115,15.51403,16.22629
309.37460,-0.68291,-0.95047,58.64557,12.89522,13.98280,15.50264,16.26491
309.38460,-0.72133,-0.98637,58.68344,12.83394,13.96903,15.53018,16.35029
309.39460,-0.73265,-0.98310,58.67721,12.82738,13.98115,15.51840,16.35029
309.40460,-0.78860,-0.96697,58.64644,12.79494,14.04103,15.46018,16.35029
309.41460,-0.79302,-0.97819,58.59929,12.78264,14.00290,15.44378,16.36997
309.42460,-0.81009,-0.98950,58.58419,12.76767,13.98193,15.42838,16.40621
309.43460,-0.83610,-0.97762,58.71286,12.77434,14.06459,15.44838,16.42555
309.44460,-0.85557,-0.97945,58.76148,12.76374,14.09271,15.45592,16.44911
309.45460,-0.88878,-0.99086,58.83902,12.73311,14.12933,15.47866,16.49791
309.46460,-0.86530,-1.00163,58.80244,12.72594,14.09203,15.50018,16.48429
309.47460,-0.84366,-1.01289,58.80766,12.72304,14.06825,15.53498,16.48139
309.48460,-0.79069,-1.04047,58.82044,12.71594,14.01003,15.62018,16.47429
309.49460,-0.79069,-1.04047,58.82044,12.71594,14.01003,15.62018,16.47429
309.50460,-0.78017,-1.02638,58.70092,12.70942,13.99851,15.58338,16.40961
309.51460,-0.71286,-1.02116,58.68244,12.77494,13.93803,15.60018,16.36929
309.52460,-0.70652,-1.01363,58.68950,12.79576,13.93980,15.59136,16.36258
309.53460,-0.67085,-0.97587,58.72180,12.89294,13.95459,15.55818,16.31609
309.54460,-0.63868,-0.96190,58.71844,12.89294,13.98903,15.60018,16.23629
309.55460,-0.63868,-0.96190,58.71844,12.89294,13.98903,15.60018,16.23629
309.56460,-0.57615,-0.89806,58.66544,13.00194,14.02003,15.55018,16.09329
309.57460,-0.57366,-0.89746,58.65768,13.00194,14.01799,15.54978,16.08797
309.58460,-0.50975,-0.88245,58.47536,13.00707,13.96738,15.54220,15.95871
309.59460,-0.41778,-0.86704,58.56844,13.12894,13.92803,15.59018,15.92129
309.60460,-0.41678,-0.86669,58.56508,13.12865,13.92768,15.59018,15.91857
309.61460,-0.39161,-0.85779,58.48108,13.12145,13.91888,15.59018,15.85057
309.62460,-0.32936,-0.87882,58.49820,13.15865,13.83566,15.64548,15.85841
309.63460,-0.31424,-0.88490,58.50744,13.16894,13.81403,15.66018,15.86429
309.64460,-0.28135,-0.88543,58.50654,13.19497,13.78620,15.67813,15.84723
309.65460,-0.27761,-0.88550,58.50644,13.19794,13.78303,15.68018,15.84529
309.66460,-0.27886,-0.86203,58.50987,13.21511,13.82767,15.66301,15.80408
309.67460,-0.25344,-0.83774,58.49399,13.26272,13.83503,15.64190,15.75433
309.68460,-0.25102,-0.83581,58.49244,13.26694,13.83503,15.64018,15.75029
309.69460,-0.26922,-0.81591,58.53175,13.27211,13.89917,15.62984,15.73063
309.70460,-0.28899,-0.79888,58.56957,13.27532,13.95726,15.61856,15.71843
309.71460,-0.30352,-0.80680,58.57544,13.26694,13.94803,15.61018,15.75029
309.72460,-0.30697,-0.80641,58.59464,13.26694,13.95795,15.61498,15.75477
309.73460,-0.32503,-0.80437,58.69544,13.26694,14.01003,15.64018,15.77829
309.74460,-0.32446,-0.80943,58.64268,13.25150,13.98795,15.63041,15.77282
309.75460,-0.32997,-0.83975,58.47178,13.17933,13.90297,15.61097,15.77850
309.76460,-0.34858,-0.86198,58.58144,13.15894,13.91703,15.66018,15.84529
309.77460,-0.32647,-0.86593,58.55436,13.15341,13.89990,15.68229,15.81876
309.78460,-0.34641,-0.83728,58.63511,13.17494,13.98937,15.67351,15.79729
309.79460,-0.36529,-0.82140,58.68644,13.18794,14.04103,15.66018,15.79729
309.80460,-0.42134,-0.80070,58.60280,13.16899,14.07436,15.56216,15.79729
309.81460,-0.45113,-0.78971,58.55844,13.15894,14.09203,15.51018,15.79729
309.82460,-0.45247,-0.78953,58.54009,13.15084,14.09203,15.50748,15.78973
309.83460,-0.47198,-0.76967,58.62353,13.15621,14.17658,15.51654,15.77420
309.84460,-0.48516,-0.75357,58.73444,13.17894,14.24703,15.53018,15.77829
309.85460,-0.47790,-0.75930,58.64804,13.15734,14.21355,15.51938,15.75777
309.86460,-0.46203,-0.77112,58.56537,13.13462,14.16732,15.52314,15.74029
309.87460,-0.44932,-0.78023,58.55344,13.12894,14.14403,15.54018,15.74029
309.88460,-0.45395,-0.77414,58.60711,13.14561,14.16803,15.54351,15.74995
309.89460,-0.46320,-0.76198,58.71444,13.17894,14.21603,15.55018,15.76929
309.90460,-0.45495,-0.76426,58.70534,13.16546,14.21940,15.57040,15.75007
309.91460,-0.43535,-0.76199,58.71081,13.17133,14.22193,15.59378,15.72377
309.92460,-0.43053,-0.75228,58.74444,13.21794,14.21603,15.57018,15.74029
309.93460,-0.44531,-0.72364,58.77604,13.24663,14.27591,15.53691,15.71658
309.94460,-0.46630,-0.68833,58.77639,13.26783,14.34590,15.48741,15.67525
309.95460,-0.46690,-0.70023,58.66896,13.22120,14.31145,15.48065,15.65566
309.96460,-0.47487,-0.68441,58.66243,13.23745,14.33284,15.45042,15.64172
309.97460,-0.49091,-0.65070,58.66444,13.27694,14.38103,15.39018,15.61629
309.98460,-0.49109,-0.66048,58.62934,13.24454,14.37173,15.40518,15.60789
309.99460,-0.48984,-0.68838,58.56077,13.17773,14.33458,15.44018,15.60829
310.00460,-0.48598,-0.69996,58.59144,13.19794,14.29903,15.44018,15.65429
310.01460,-0.49138,-0.68618,58.58184,13.19794,14.32993,15.42818,15.62579
310.02460,-0.50961,-0.65692,58.56724,13.19014,14.40603,15.40418,15.56689
310.03460,-0.52836,-0.66661,58.59324,13.16414,14.41937,15.41751,15.59222
310.04460,-0.53780,-0.66409,58.60694,13.16557,14.43087,15.40998,15.60052
310.05460,-0.56561,-0.64232,58.64844,13.19794,14.47403,15.36018,15.61629
310.06460,-0.56561,-0.64232,58.64844,13.19794,14.47403,15.36018,15.61629
310.07460,-0.57425,-0.62835,58.56271,13.20208,14.46534,15.30261,15.59268
310.08460,-0.57021,-0.60952,58.43811,13.20378,14.45303,15.24571,15.53558
310.09460,-0.54731,-0.61093,58.43344,13.19794,14.45303,15.28018,15.50229
310.10460,-0.53832,-0.63222,58.46036,13.18593,14.42322,15.31745,15.53376
310.11460,-0.53124,-0.67185,58.50551,13.15646,14.37230,15.37850,15.59825
310.12460,-0.53915,-0.68528,58.51544,13.13894,14.36003,15.39018,15.62629
310.13460,-0.51728,-0.70192,58.59220,13.16331,14.32896,15.43282,15.66710
310.14460,-0.50413,-0.71336,58.64434,13.17679,14.31053,15.46260,15.69442
310.15460,-0.53243,-0.73942,58.74112,13.10501,14.36053,15.54324,15.73233
310.16460,-0.49515,-0.73721,58.74797,13.17792,14.29652,15.52427,15.74926
310.17460,-0.49022,-0.73634,58.74644,13.18794,14.28803,15.52018,15.75029
310.18460,-0.54542,-0.73761,58.60213,13.10705,14.29814,15.45584,15.74109
310.19460,-0.50225,-0.74027,58.69693,13.16279,14.27990,15.50483,15.74940
310.20460,-0.49755,-0.74052,58.70744,13.16894,14.27803,15.51018,15.75029
310.21460,-0.54256,-0.74810,58.53279,13.09632,14.24954,15.43664,15.75029
310.22460,-0.54653,-0.74877,58.51744,13.08994,14.24703,15.43018,15.75029
310.23460,-0.51074,-0.75561,58.55505,13.09601,14.24097,15.49085,15.72723
310.24460,-0.50752,-0.76755,58.63476,13.10645,14.23703,15.52367,15.76760
310.25460,-0.51822,-0.77157,58.66444,13.10994,14.23703,15.52018,15.79729
310.26460,-0.51384,-0.77682,58.72580,13.11982,14.24223,15.54618,15.81757
310.27460,-0.51700,-0.79844,58.79784,13.10430,14.23555,15.59258,15.86541
310.28460,-0.53546,-0.84157,58.83744,13.04094,14.20603,15.65018,15.94029
310.29460,-0.56253,-0.85072,58.81718,13.01785,14.19614,15.62662,15.97657
310.30460,-0.59293,-0.86099,58.79444,12.99194,14.18503,15.60018,16.01729
310.31460,-0.60946,-0.88064,58.74692,12.94640,14.15797,15.60018,16.04237
310.32460,-0.60728,-0.88886,58.84058,12.94868,14.17769,15.64638,16.06783
310.33460,-0.60177,-0.88788,58.90144,12.96194,14.19503,15.67018,16.07429
310.34460,-0.59700,-0.89945,58.82158,12.94280,14.14751,15.65698,16.07429
310.35460,-0.58771,-0.91153,58.81564,12.92854,14.12787,15.68098,16.07825
310.36460,-0.57902,-0.91929,58.86044,12.92294,14.13403,15.72018,16.08329
310.37460,-0.58959,-0.91237,58.84600,12.90690,14.16130,15.71483,16.06297
310.38460,-0.59879,-0.90635,58.83344,12.89294,14.18503,15.71018,16.04529
310.39460,-0.60199,-0.90651,58.85611,12.90627,14.18170,15.70351,16.06462
310.40460,-0.60015,-0.91431,58.84894,12.90908,14.15547,15.69973,16.08467
310.41460,-0.59112,-0.92251,58.79144,12.88294,14.13403,15.71018,16.06429
310.42460,-0.59232,-0.92213,58.78584,12.88258,14.13279,15.70618,16.06429
310.43460,-0.61976,-0.91392,58.65617,12.87430,14.10259,15.61422,16.06505
310.44460,-0.58287,-0.93470,58.76844,12.88294,14.09203,15.71018,16.08329
310.45460,-0.58284,-0.93654,58.76467,12.88023,14.08826,15.71110,16.08508
310.46460,-0.58353,-0.97551,58.69011,12.82394,14.01003,15.73018,16.12596
310.47460,-0.58499,-0.97572,58.72842,12.83458,14.01636,15.73620,16.14129
310.48460,-0.57108,-0.96709,58.80768,12.87129,14.03817,15.75694,16.14129
310.49460,-0.61985,-0.99207,58.87665,12.83400,14.04249,15.76149,16.23866
310.50460,-0.62649,-0.99839,58.84774,12.81824,14.02873,15.75418,16.24659
310.51460,-0.61710,-0.99515,58.79461,12.82811,14.00300,15.73127,16.23223
310.52460,-0.61187,-0.98087,58.84944,12.88294,14.01003,15.71018,16.24629
310.53460,-0.62130,-0.98220,58.83696,12.86886,14.01499,15.70538,16.24773
310.54460,-0.67089,-0.98916,58.77144,12.79494,14.04103,15.68018,16.25529
310.55460,-0.67490,-0.98317,58.75075,12.79687,14.04509,15.66278,16.24601
310.56460,-0.68876,-0.96247,58.67942,12.80354,14.05909,15.60278,16.21401
310.57460,-0.73732,-0.97759,58.73244,12.75594,14.09203,15.61018,16.27429
310.58460,-0.72554,-0.97949,58.72717,12.76257,14.07809,15.61698,16.26953
310.59460,-0.66839,-0.99140,58.71657,12.79154,14.01360,15.66038,16.25105
310.60460,-0.67030,-1.00416,58.79044,12.77494,14.03103,15.71018,16.27429
310.61460,-0.67473,-1.00101,58.78698,12.77366,14.03884,15.70378,16.27070
310.62460,-0.70238,-0.98136,58.76538,12.76566,14.08764,15.66378,16.24830
310.63460,-0.69344,-1.02870,58.79544,12.75594,13.98903,15.70018,16.35029
310.64460,-0.69341,-1.02629,58.79684,12.75906,13.99275,15.69778,16.34725
310.65460,-0.69266,-0.96859,58.83044,12.83394,14.08203,15.64018,16.27429
310.66460,-0.69168,-0.96711,58.82024,12.83514,14.07999,15.63538,16.26973
310.67460,-0.66911,-0.93164,58.57548,12.86200,14.03226,15.52058,16.16064
310.68460,-0.69714,-0.93854,58.57644,12.81494,14.06203,15.53018,16.16929
310.69460,-0.69714,-0.93854,58.57644,12.81494,14.06203,15.53018,16.16929
310.70460,-0.68741,-0.90082,58.65044,12.87394,14.13403,15.52018,16.12229
310.71460,-0.68741,-0.90082,58.65044,12.87394,14.13403,15.52018,16.12229
310.72460,-0.71907,-0.89739,58.63133,12.86525,14.14272,15.47674,16.14661
310.73460,-0.71443,-0.88069,58.65668,12.89946,14.16316,15.46107,16.13298
310.74460,-0.71350,-0.87911,58.65944,12.90294,14.16503,15.46018,16.13129
310.75460,-0.71190,-0.86463,58.59853,12.89385,14.18322,15.44200,16.07947
310.76460,-0.65008,-0.89413,58.66433,12.89294,14.13862,15.55848,16.07429
310.77460,-0.64399,-0.89719,58.67144,12.89294,14.13403,15.57018,16.07429
310.78460,-0.66369,-0.90995,58.71309,12.89294,14.12037,15.56367,16.13611
310.79460,-0.67425,-0.91679,58.73544,12.89294,14.11303,15.56018,16.16929
310.80460,-0.67425,-0.91679,58.73544,12.89294,14.11303,15.56018,16.16929
310.81460,-0.63359,-0.93222,58.69769,12.90215,14.04674,15.58780,16.16100
310.82460,-0.55809,-0.96148,58.77944,12.95194,13.95903,15.68018,16.18829
310.83460,-0.56785,-0.96157,58.75328,12.94165,13.95711,15.66448,16.19003
310.84460,-0.60375,-0.97367,58.64321,12.88737,13.92987,15.61654,16.20942
310.85460,-0.57862,-1.00183,58.67644,12.87394,13.88603,15.68018,16.23629
310.86460,-0.60138,-1.00250,58.72532,12.87697,13.90356,15.67007,16.27471
310.87460,-0.64602,-1.00382,58.82144,12.88294,13.93803,15.65018,16.35029
310.88460,-0.64586,-0.99474,58.83661,12.90570,13.94562,15.63501,16.35029
310.89460,-0.66300,-0.97828,58.90448,12.94406,13.98075,15.60624,16.37343
310.90460,-0.66735,-0.97485,58.92044,12.95194,13.98903,15.60018,16.37929
310.91460,-0.69881,-0.95590,58.78256,12.92121,14.00558,15.52139,16.33438
310.92460,-0.71003,-0.97074,58.71075,12.87574,13.97994,15.51690,16.33817
310.93460,-0.71349,-0.99604,58.66683,12.82865,13.94184,15.53806,16.35828
310.94460,-0.71384,-0.99857,58.66244,12.82394,13.93803,15.54018,16.36029
310.95460,-0.74927,-0.97998,58.78074,12.85124,14.01265,15.52198,16.39487
310.96460,-0.76027,-0.97918,58.73542,12.84451,14.00071,15.49190,16.39829
310.97460,-0.81474,-0.97068,58.65058,12.78608,14.04224,15.43563,16.38663
310.98460,-0.84374,-0.96459,58.63744,12.75594,14.08203,15.42018,16.37929
310.99460,-0.83957,-0.96353,58.66432,12.78090,14.07211,15.41378,16.39753
311.00460,-0.84356,-0.95818,58.67524,12.83394,14.03783,15.36058,16.44289
311.01460,-0.88264,-0.97441,58.56696,12.74946,14.03103,15.34018,16.44629
311.02460,-0.91876,-0.97803,58.53186,12.70594,14.04919,15.31803,16.45869
311.03460,-0.94311,-0.97102,58.54244,12.70594,14.07203,15.29018,16.47429
311.04460,-0.92670,-0.99130,58.56364,12.67997,14.05560,15.34848,16.47959
311.05460,-0.94534,-1.03712,58.61028,12.62000,14.01908,15.40553,16.56566
311.06460,-0.97412,-1.06127,58.63444,12.58794,14.00003,15.41018,16.63629
311.07460,-0.97194,-1.06174,58.64838,12.59304,14.00003,15.41470,16.64061
311.08460,-0.93082,-1.09689,58.80678,12.62993,13.94431,15.50929,16.72325
311.09460,-0.91737,-1.13669,58.74544,12.57794,13.86603,15.55018,16.75129
311.10460,-0.92996,-1.13472,58.78972,12.59024,13.87874,15.54198,16.77876
311.11460,-0.94806,-1.13189,58.85344,12.60794,13.89703,15.53018,16.81829
311.12460,-0.95279,-1.14423,58.81866,12.58879,13.86870,15.52627,16.83490
311.13460,-0.96985,-1.19693,58.69950,12.50697,13.76124,15.52800,16.90329
311.14460,-0.96399,-1.20109,58.75644,12.49994,13.78303,15.57018,16.90329
311.15460,-0.95940,-1.21715,58.67118,12.47413,13.72938,15.56148,16.90619
311.16460,-0.95786,-1.26236,58.49661,12.39974,13.60981,15.55454,16.93252
311.17460,-0.98202,-1.27648,58.58144,12.37194,13.63903,15.59018,16.98029
311.18460,-0.98202,-1.27648,58.58144,12.37194,13.63903,15.59018,16.98029
311.19460,-0.99470,-1.31350,58.64044,12.29294,13.64903,15.68018,17.01829
311.20460,-0.98882,-1.31491,58.65397,12.30735,13.63697,15.68018,17.02946
311.21460,-0.96787,-1.31734,58.70426,12.35377,13.60654,15.68617,17.05778
311.22460,-0.94337,-1.31394,58.76789,12.39601,13.60119,15.70756,17.06313
311.23460,-0.92895,-1.31194,58.80544,12.42094,13.59803,15.72018,17.06629
311.24460,-0.90429,-1.27685,58.76024,12.44038,13.64903,15.71258,16.95825
311.25460,-0.91510,-1.24746,58.70144,12.48994,13.64903,15.62018,16.94229
311.26460,-0.91172,-1.24154,58.71824,12.49778,13.66391,15.62498,16.93157
311.27460,-0.89396,-1.21053,58.80644,12.53894,13.74203,15.65018,16.87529
311.28460,-0.89396,-1.21053,58.80644,12.53894,13.74203,15.65018,16.87529
311.29460,-0.91390,-1.19487,58.73586,12.54776,13.74203,15.58048,16.86559
311.30460,-0.92813,-1.20635,58.71744,12.50994,13.74203,15.59018,16.87529
311.31460,-0.92841,-1.20665,58.71740,12.50915,13.74203,15.59058,16.87564
311.32460,-0.93418,-1.21369,58.71551,12.49141,13.74080,15.59958,16.88372
311.33460,-0.90281,-1.20545,58.68544,12.53894,13.70103,15.58018,16.86529
311.34460,-0.90331,-1.20472,58.68392,12.53934,13.70185,15.57838,16.86435
311.35460,-0.91984,-1.18009,58.63325,12.55267,13.72919,15.51838,16.83301
311.36460,-0.92762,-1.16851,58.60944,12.55894,13.74203,15.49018,16.81829
311.37460,-0.91464,-1.17977,58.59196,12.52214,13.74203,15.53618,16.79161
311.38460,-0.87814,-1.16264,58.54763,12.56448,13.72382,15.52196,16.73737
311.39460,-0.87468,-1.16086,58.54344,12.56894,13.72203,15.52018,16.73229
311.40460,-0.90699,-1.12797,58.50154,12.56894,13.78762,15.45642,16.68856
311.41460,-0.86572,-1.13701,58.56323,12.59907,13.76206,15.51167,16.69044
311.42460,-0.83793,-1.14468,58.60444,12.61794,13.74203,15.55018,16.69429
311.43460,-0.85058,-1.15825,58.62724,12.59329,13.74203,15.56867,16.72325
311.44460,-0.85845,-1.16670,58.64144,12.57794,13.74203,15.58018,16.74129
311.45460,-0.84579,-1.19836,58.59102,12.56297,13.65300,15.58806,16.78698
311.46460,-0.79174,-1.22408,58.70963,12.57380,13.62903,15.70751,16.79929
311.47460,-0.77768,-1.22885,58.74644,12.57794,13.62903,15.74018,16.79929
311.48460,-0.79309,-1.21705,58.65899,12.59370,13.60461,15.66139,16.79929
311.49460,-0.80977,-1.23694,58.54393,12.50564,13.59021,15.67147,16.77660
311.50460,-0.81327,-1.24338,58.51844,12.47994,13.58803,15.68018,16.77029
311.51460,-0.80093,-1.24289,58.51154,12.51170,13.55443,15.66177,16.78364
311.52460,-0.78646,-1.24233,58.50344,12.54894,13.51503,15.64018,16.79929
311.53460,-0.80149,-1.23970,58.55776,12.53142,13.56351,15.66354,16.79929
311.54460,-0.80507,-1.23263,58.68654,12.54544,13.62506,15.70668,16.80936
311.55460,-0.79878,-1.22804,58.76644,12.56894,13.64903,15.73018,16.81829
311.56460,-0.75652,-1.22207,58.64631,12.58047,13.59928,15.71805,16.74851
311.57460,-0.72903,-1.21818,58.56844,12.58794,13.56703,15.71018,16.70329
311.58460,-0.72903,-1.21818,58.56844,12.58794,13.56703,15.71018,16.70329
311.59460,-0.74711,-1.20180,58.77254,12.63894,13.64941,15.73325,16.75094
311.60460,-0.70412,-1.20674,58.88744,12.66694,13.66003,15.81918,16.74129
311.61460,-0.69754,-1.21357,58.81108,12.64742,13.62779,15.81070,16.72517
311.62460,-0.66235,-1.23098,58.65369,12.61738,13.54274,15.81225,16.68132
311.63460,-0.62494,-1.23099,58.72744,12.65694,13.53603,15.85918,16.67529
311.64460,-0.60967,-1.22725,58.71782,12.66229,13.53603,15.86987,16.64962
311.65460,-0.59257,-1.22421,58.69884,12.66694,13.53073,15.87918,16.62199
311.66460,-0.58798,-1.21957,58.69264,12.68081,13.52603,15.86851,16.61729
311.67460,-0.58467,-1.21035,58.69270,12.70659,13.52403,15.84724,16.61484
311.68460,-0.56857,-1.20352,58.60944,12.71594,13.49503,15.81918,16.57929
311.69460,-0.54531,-1.20867,58.53728,12.69995,13.46551,15.83148,16.54034
311.70460,-0.50398,-1.21318,58.46202,12.68895,13.43132,15.86160,16.48015
311.71460,-0.49301,-1.20903,58.50244,12.70594,13.44303,15.87918,16.47429
311.72460,-0.49221,-1.20563,58.48905,12.71141,13.44030,15.86825,16.46909
311.73460,-0.49026,-1.19733,58.45638,12.72474,13.43363,15.84158,16.45643
311.74460,-0.44587,-1.24147,58.61744,12.74594,13.37103,15.95918,16.54129
311.75460,-0.45452,-1.24617,58.59616,12.71290,13.38251,15.97010,16.53065
311.76460,-0.47678,-1.25827,58.54144,12.62794,13.41203,15.99818,16.50329
311.77460,-0.46151,-1.26310,58.52960,12.63339,13.38892,16.00758,16.49972
311.78460,-0.40694,-1.28037,58.48732,12.65285,13.30637,16.04113,16.48696
311.79460,-0.35493,-1.33609,58.57044,12.66694,13.18603,16.13818,16.57929
311.80460,-0.35493,-1.33609,58.57044,12.66694,13.18603,16.13818,16.57929
311.81460,-0.35161,-1.34092,58.62524,12.65534,13.20939,16.18122,16.57929
311.82460,-0.35518,-1.34165,58.65044,12.64694,13.22703,16.19718,16.57929
311.83460,-0.35590,-1.34054,58.65588,12.64694,13.23230,16.19888,16.57776
311.84460,-0.35942,-1.33509,58.68244,12.64694,13.25803,16.20718,16.57029
311.85460,-0.35676,-1.33505,58.67803,12.64653,13.25661,16.20902,16.56587
311.86460,-0.29876,-1.33218,58.58566,12.64562,13.22412,16.24298,16.47294
311.87460,-0.28193,-1.32047,58.58106,12.69081,13.20696,16.21830,16.46499
311.88460,-0.26509,-1.30877,58.57645,12.73600,13.18981,16.19361,16.45704
311.89460,-0.29702,-1.28725,58.47244,12.68694,13.24803,16.14818,16.38929
311.90460,-0.29560,-1.28712,58.47304,12.68820,13.24736,16.14913,16.38835
311.91460,-0.24834,-1.28302,58.49293,12.73013,13.22478,16.18085,16.35717
311.92460,-0.24563,-1.27578,58.63144,12.75594,13.27903,16.22718,16.36929
311.93460,-0.24549,-1.27636,58.63110,12.75499,13.27836,16.22814,16.36961
311.94460,-0.24100,-1.29542,58.61987,12.72344,13.25590,16.26023,16.38030
311.95460,-0.19553,-1.33338,58.59544,12.72594,13.14503,16.30718,16.41729
311.96460,-0.19553,-1.33338,58.59544,12.72594,13.14503,16.30718,16.41729
311.97460,-0.25686,-1.29823,58.58378,12.69097,13.26517,16.25339,16.37425
311.98460,-0.26394,-1.29417,58.58244,12.68694,13.27903,16.24718,16.36929
311.99460,-0.22270,-1.28021,58.67556,12.78882,13.25436,16.24718,16.38521
312.00460,-0.27560,-1.25952,58.60236,12.77898,13.28489,16.14920,16.38929
312.01460,-0.28275,-1.25759,58.59144,12.77494,13.28903,16.13818,16.38929
312.02460,-0.28962,-1.23892,58.62875,12.80224,13.32634,16.11998,16.38019
312.03460,-0.29022,-1.21903,58.55843,12.78674,13.36158,16.09998,16.31013
312.04460,-0.29017,-1.20731,58.51044,12.77494,13.38203,16.08818,16.26529
312.05460,-0.26693,-1.18537,58.55535,12.86003,13.37337,16.05666,16.26529
312.06460,-0.27193,-1.18146,58.59825,12.88294,13.37972,16.04818,16.28741
312.07460,-0.31831,-1.19469,58.49068,12.79846,13.38203,16.01689,16.29329
312.08460,-0.32731,-1.20090,58.54589,12.77494,13.41434,16.05545,16.30117
312.09460,-0.32647,-1.20161,58.56944,12.77494,13.42303,16.06818,16.30329
312.10460,-0.33517,-1.17373,58.56164,12.80562,13.46047,16.02190,16.27365
312.11460,-0.36356,-1.14524,58.58289,12.81181,13.53703,15.98776,16.24629
312.12460,-0.38825,-1.14190,58.61744,12.78494,13.58803,15.99818,16.24629
312.13460,-0.36753,-1.11413,58.57366,12.83656,13.58803,15.95309,16.19597
312.14460,-0.37179,-1.11101,58.64534,12.86394,13.60103,15.95518,16.22519
312.15460,-0.39683,-1.12682,58.65159,12.81909,13.60803,15.96918,16.25529
312.16460,-0.41302,-1.13432,58.63926,12.80502,13.59726,15.95528,16.28170
312.17460,-0.42394,-1.13792,58.65744,12.82053,13.58068,15.93389,16.32235
312.18460,-0.47757,-1.15887,58.73891,12.77929,13.60461,15.94231,16.41270
312.19460,-0.48141,-1.16634,58.87514,12.81402,13.61177,15.96898,16.48037
312.20460,-0.46964,-1.16477,58.92444,12.84394,13.60803,15.97918,16.49329
312.21460,-0.46964,-1.16477,58.92444,12.84394,13.60803,15.97918,16.49329
312.22460,-0.47870,-1.18989,58.66744,12.73594,13.53603,15.94918,16.44629
312.23460,-0.52058,-1.19961,58.66532,12.70467,13.54133,15.92268,16.49664
312.24460,-0.53768,-1.19771,58.71503,12.69425,13.57889,15.93416,16.50772
312.25460,-0.50111,-1.17849,58.80944,12.72594,13.63903,15.99818,16.44629
312.26460,-0.51716,-1.15857,58.77732,12.75753,13.64439,15.92912,16.44629
312.27460,-0.51664,-1.13184,58.65613,12.78494,13.63132,15.84326,16.39661
312.28460,-0.49755,-1.11938,58.53344,12.78494,13.60803,15.80918,16.33129
312.29460,-0.51432,-1.11832,58.55350,12.77643,13.62832,15.80482,16.34394
312.30460,-0.55516,-1.11573,58.60244,12.75569,13.67778,15.79418,16.37479
312.31460,-0.55351,-1.11948,58.67055,12.76238,13.69218,15.82291,16.39308
312.32460,-0.54407,-1.12239,58.73314,12.77346,13.70182,15.85512,16.40274
312.33460,-0.59060,-1.11293,58.73486,12.74546,13.75496,15.82084,16.41360
312.34460,-0.60667,-1.10404,58.71201,12.74402,13.76899,15.78938,16.40961
312.35460,-0.61541,-1.10777,58.69165,12.73970,13.75451,15.77195,16.42548
312.36460,-0.62768,-1.12549,58.71244,12.71594,13.74203,15.78918,16.46529
312.37460,-0.62768,-1.12549,58.71244,12.71594,13.74203,15.78918,16.46529
312.38460,-0.59208,-1.14570,58.51244,12.67694,13.63903,15.77918,16.41729
312.39460,-0.60031,-1.14801,58.50678,12.66846,13.63903,15.77381,16.42549
312.40460,-0.61462,-1.15933,58.49732,12.64694,13.62726,15.77138,16.45174
312.41460,-0.59841,-1.17284,58.50944,12.64694,13.59803,15.79918,16.46529
312.42460,-0.59217,-1.16694,58.53184,12.66626,13.60391,15.79918,16.46249
312.43460,-0.58040,-1.14771,58.57861,12.71781,13.62277,15.78630,16.45174
312.44460,-0.59558,-1.13315,58.53995,12.72447,13.63610,15.74030,16.43907
312.45460,-0.60044,-1.12235,58.53864,12.73378,13.65391,15.72378,16.42717
312.46460,-0.60844,-1.08256,58.57644,12.77494,13.73203,15.69018,16.37929
312.47460,-0.60014,-1.08660,58.56652,12.77334,13.71875,15.69818,16.37625
312.48460,-0.56298,-1.10391,58.51515,12.76367,13.66079,15.73310,16.35760
312.49460,-0.60200,-1.07991,58.51944,12.75594,13.73203,15.69018,16.34129
312.50460,-0.60188,-1.07918,58.51835,12.75891,13.73046,15.68685,16.34214
312.51460,-0.59803,-1.05700,58.48704,12.85160,13.68047,15.58414,16.37083
312.52460,-0.60033,-1.09038,58.57444,12.79494,13.69103,15.68018,16.40829
312.53460,-0.60083,-1.09105,58.57380,12.79335,13.69061,15.68078,16.40905
312.54460,-0.61743,-1.11340,58.55232,12.74033,13.67652,15.70092,16.43456
312.55460,-0.62506,-1.12369,58.54244,12.71594,13.67003,15.71018,16.44629
312.56460,-0.60363,-1.13916,58.63071,12.72504,13.66093,15.77297,16.47177
312.57460,-0.55482,-1.15981,58.60304,12.70774,13.61271,15.84288,16.43971
312.58460,-0.55020,-1.16170,58.59944,12.70594,13.60803,15.84918,16.43629
312.59460,-0.59578,-1.19398,58.54308,12.63503,13.57076,15.83100,16.50629
312.60460,-0.58211,-1.19358,58.59851,12.65176,13.57986,15.85972,16.50718
312.61460,-0.57052,-1.19128,58.63744,12.66694,13.58803,15.87918,16.50329
312.62460,-0.54583,-1.20027,58.61863,12.66694,13.55649,15.90345,16.49176
312.63460,-0.52981,-1.20611,58.60644,12.66694,13.53603,15.91918,16.48429
312.64460,-0.54978,-1.18495,58.62817,12.69291,13.57419,15.87678,16.48429
312.65460,-0.56908,-1.17124,58.64214,12.70587,13.60273,15.84448,16.48906
312.66460,-0.57052,-1.17572,58.63744,12.69694,13.59803,15.84918,16.49329
312.67460,-0.53845,-1.16301,58.63426,12.72821,13.59803,15.85978,16.44824
312.68460,-0.55401,-1.16753,58.68823,12.72403,13.61480,15.86918,16.48022
312.69460,-0.59130,-1.18092,58.73644,12.69694,13.62903,15.86918,16.54129
312.70460,-0.57375,-1.16800,58.65933,12.70936,13.61531,15.84304,16.49162
312.71460,-0.57103,-1.16434,58.63682,12.71594,13.60803,15.82918,16.48367
312.72460,-0.57440,-1.18774,58.58110,12.66446,13.57437,15.84898,16.49329
312.73460,-0.55423,-1.21438,58.55932,12.63134,13.52931,15.89878,16.49989
312.74460,-0.54386,-1.22233,58.56544,12.62794,13.51503,15.91918,16.50329
312.75460,-0.55243,-1.21855,58.54493,12.61445,13.52907,15.91108,16.49033
312.76460,-0.53821,-1.21699,58.58394,12.62600,13.53895,15.93778,16.48121
312.77460,-0.50641,-1.22435,58.66444,12.66694,13.51503,15.97918,16.50329
312.78460,-0.53723,-1.20992,58.60985,12.63567,13.55902,15.94208,16.47308
312.79460,-0.54404,-1.19585,58.62292,12.65511,13.58160,15.91978,16.46643
312.80460,-0.52585,-1.19474,58.67744,12.69694,13.56703,15.92918,16.48429
312.81460,-0.51434,-1.18575,58.68776,12.72468,13.56703,15.92207,16.47397
312.82460,-0.49351,-1.16949,58.70644,12.77494,13.56703,15.90918,16.45529
312.83460,-0.50521,-1.18467,58.72291,12.73459,13.57568,15.94171,16.47093
312.84460,-0.51727,-1.19903,58.76664,12.70482,13.58803,15.97646,16.49733
312.85460,-0.51043,-1.18825,58.79644,12.74594,13.58803,15.95918,16.50329
312.86460,-0.51043,-1.18825,58.79644,12.74594,13.58803,15.95918,16.50329
312.87460,-0.48977,-1.19708,58.56441,12.70234,13.50503,15.91744,16.43960
312.88460,-0.52294,-1.21224,58.50744,12.63794,13.50503,15.90918,16.45529
312.89460,-0.52646,-1.21576,58.49052,12.63143,13.49495,15.90267,16.46147
312.90460,-0.53377,-1.22307,58.45544,12.61794,13.47403,15.88918,16.47429
312.91460,-0.52796,-1.23174,58.47952,12.62074,13.45975,15.90598,16.49305
312.92460,-0.51226,-1.25590,58.53360,12.61674,13.42583,15.95758,16.53345
312.93460,-0.51030,-1.26082,58.51344,12.58794,13.43303,15.97918,16.51329
312.94460,-0.51102,-1.26068,58.53780,12.59634,13.43583,15.98170,16.52393
312.95460,-0.51287,-1.26031,58.60044,12.61794,13.44303,15.98818,16.55129
312.96460,-0.52228,-1.26719,58.58146,12.59764,13.43721,15.98649,16.56012
312.97460,-0.55591,-1.29180,58.51367,12.52516,13.41640,15.98045,16.59166
312.98460,-0.57667,-1.31133,58.53744,12.50994,13.39203,15.97918,16.65629
312.99460,-0.57231,-1.30914,58.53139,12.51444,13.39048,15.97763,16.64884
313.00460,-0.55615,-1.30102,58.50897,12.53111,13.38473,15.97188,16.62125
313.01460,-0.54735,-1.29451,58.60384,12.58050,13.39408,15.98062,16.64864
313.02460,-0.54655,-1.29275,58.67344,12.60794,13.40203,15.98818,16.67529
313.03460,-0.54535,-1.30149,58.72426,12.61454,13.39543,16.00798,16.70631
313.04460,-0.54473,-1.30599,58.75044,12.61794,13.39203,16.01818,16.72229
313.05460,-0.50755,-1.31351,58.67374,12.60494,13.35173,16.04418,16.67289
313.06460,-0.53359,-1.30971,58.57654,12.55959,13.36383,16.00683,16.64629
313.07460,-0.55606,-1.30475,58.54458,12.54218,13.37984,15.97828,16.64428
313.08460,-0.47908,-1.28146,58.48714,12.64637,13.30996,15.95008,16.58073
313.09460,-0.50275,-1.29201,58.57444,12.62794,13.34003,15.97918,16.62729
313.10460,-0.50302,-1.29237,58.57440,12.62701,13.34003,15.97972,16.62764
313.11460,-0.51216,-1.30417,58.57317,12.59615,13.34003,15.99762,16.63937
313.12460,-0.49005,-1.32586,58.56342,12.58614,13.29001,16.03278,16.65449
313.13460,-0.48401,-1.32909,58.56144,12.58794,13.27903,16.03818,16.65629
313.14460,-0.42821,-1.30932,58.46316,12.63344,13.24081,16.01998,16.56893
313.15460,-0.42268,-1.30736,58.45344,12.63794,13.23703,16.01818,16.56029
313.16460,-0.41463,-1.32440,58.47953,12.65553,13.18729,16.02425,16.61246
313.17460,-0.39638,-1.31407,58.54141,12.67355,13.22315,16.06124,16.58346
313.18460,-0.38971,-1.30313,58.56444,12.67694,13.25803,16.07818,16.55129
313.19460,-0.37231,-1.31734,58.50045,12.65324,13.21695,16.09398,16.53628
313.20460,-0.35100,-1.33226,58.58219,12.68644,13.18154,16.12978,16.58443
313.21460,-0.34657,-1.33522,58.60844,12.69694,13.17503,16.13818,16.59829
313.22460,-0.35443,-1.32438,58.60470,12.69070,13.20748,16.13194,16.57457
313.23460,-0.35917,-1.31785,58.60244,12.68694,13.22703,16.12818,16.56029
313.24460,-0.33246,-1.32012,58.58131,12.70609,13.19270,16.13478,16.54774
313.25460,-0.35704,-1.33688,58.53170,12.65160,13.18226,16.13161,16.56624
313.26460,-0.37712,-1.34503,58.51144,12.61794,13.18603,16.12818,16.57929
313.27460,-0.33208,-1.32500,58.57282,12.67602,13.20649,16.16118,16.52913
313.28460,-0.33960,-1.32818,58.60972,12.66700,13.22363,16.17818,16.54091
313.29460,-0.35541,-1.33513,58.61244,12.64694,13.22703,16.17818,16.56029
313.30460,-0.34436,-1.33142,58.56236,12.65178,13.20961,16.16366,16.53730
313.31460,-0.30960,-1.31976,58.40544,12.66694,13.15503,16.11818,16.46529
313.32460,-0.30213,-1.30755,58.40544,12.69291,13.16033,16.10228,16.44992
313.33460,-0.30915,-1.29816,58.37867,12.70577,13.15968,16.06677,16.44646
313.34460,-0.32099,-1.29940,58.35544,12.69694,13.15503,16.04818,16.45529
313.35460,-0.33240,-1.30501,58.37578,12.69694,13.14968,16.04283,16.48634
313.36460,-0.33850,-1.30340,58.38887,12.69694,13.15960,16.04104,16.49129
313.37460,-0.33148,-1.29139,58.38040,12.69694,13.18659,16.04633,16.45055
313.38460,-0.32903,-1.28719,58.37744,12.69694,13.19603,16.04818,16.43629
313.39460,-0.36355,-1.25796,58.45466,12.75778,13.24439,15.97876,16.47373
313.40460,-0.37327,-1.24973,58.47644,12.77494,13.25803,15.95918,16.48429
313.41460,-0.36544,-1.29180,58.45492,12.71308,13.20245,16.02104,16.51836
313.42460,-0.38480,-1.26456,58.59895,12.77783,13.27156,16.00088,16.54868
313.43460,-0.38680,-1.26139,58.61344,12.78494,13.27903,15.99818,16.55129
313.44460,-0.35494,-1.27548,58.51944,12.75594,13.23008,16.02409,16.50933
313.45460,-0.35510,-1.27647,58.59951,12.76101,13.25803,16.05818,16.52229
313.46460,-0.35034,-1.27373,58.61217,12.77367,13.25803,16.05818,16.52229
313.47460,-0.37078,-1.28648,58.69344,12.75594,13.27903,16.08818,16.57029
313.48460,-0.36727,-1.28257,58.64435,12.75839,13.26485,16.06636,16.55474
313.49460,-0.36601,-1.27723,58.50193,12.74312,13.23064,16.01333,16.51483
313.50460,-0.39512,-1.29547,58.46083,12.66521,13.24352,16.03174,16.52035
313.51460,-0.40532,-1.30186,58.44644,12.63794,13.24803,16.03818,16.52229
313.52460,-0.41623,-1.30140,58.41743,12.64728,13.22703,15.99988,16.54323
313.53460,-0.41435,-1.31713,58.53044,12.65694,13.22703,16.04818,16.59829
313.54460,-0.41202,-1.31460,58.53380,12.66334,13.22863,16.04658,16.59525
313.55460,-0.39978,-1.30128,58.55144,12.69694,13.23703,16.03818,16.57929
313.56460,-0.39966,-1.29914,58.54675,12.69587,13.24151,16.03711,16.57225
313.57460,-0.39887,-1.28577,58.51741,12.68921,13.26951,16.03045,16.52825
313.58460,-0.39131,-1.26108,58.54644,12.72594,13.30903,16.01818,16.49329
313.59460,-0.39053,-1.26180,58.54374,12.72507,13.30687,16.01878,16.49302
313.60460,-0.36403,-1.28478,58.45840,12.69896,13.23611,16.03877,16.48455
313.61460,-0.32414,-1.28186,58.52244,12.76494,13.20603,16.05818,16.49329
313.62460,-0.32415,-1.28201,58.52250,12.76436,13.20625,16.05878,16.49311
313.63460,-0.32439,-1.28703,58.52450,12.74503,13.21359,16.07878,16.48711
313.64460,-0.32450,-1.28939,58.52544,12.73594,13.21703,16.08818,16.48429
313.65460,-0.32290,-1.31129,58.63191,12.72684,13.21703,16.15188,16.53616
313.66460,-0.26086,-1.30012,58.58147,12.76143,13.18882,16.17638,16.45484
313.67460,-0.25473,-1.29880,58.57544,12.76494,13.18603,16.17818,16.44629
313.68460,-0.30621,-1.31429,58.62635,12.73858,13.19512,16.16000,16.53265
313.69460,-0.31759,-1.31130,58.67182,12.76547,13.19603,16.14010,16.57021
313.70460,-0.32170,-1.30831,58.69844,12.78494,13.19603,16.12818,16.58929
313.71460,-0.32769,-1.31537,58.65333,12.73905,13.20381,16.14374,16.56673
313.72460,-0.32940,-1.31738,58.64044,12.72594,13.20603,16.14818,16.56029
313.73460,-0.33823,-1.31914,58.63085,12.73011,13.19310,16.12732,16.58031
313.74460,-0.34956,-1.32139,58.61855,12.73546,13.17653,16.10059,16.60598
313.75460,-0.29705,-1.30868,58.61244,12.75594,13.18603,16.14818,16.52229
313.76460,-0.31206,-1.31080,58.58630,12.74764,13.17732,16.12329,16.53805
313.77460,-0.33131,-1.31351,58.55279,12.73700,13.16615,16.09137,16.55827
313.78460,-0.35541,-1.34220,58.49044,12.64694,13.15503,16.11818,16.57029
313.79460,-0.35574,-1.34703,58.47317,12.64103,13.14094,16.11515,16.57604
313.80460,-0.35759,-1.37412,58.37644,12.60794,13.06203,16.09818,16.60829
313.81460,-0.36374,-1.37132,58.41120,12.62114,13.07127,16.09378,16.62501
313.82460,-0.37067,-1.36814,58.46269,12.64019,13.08303,16.09068,16.64879
313.83460,-0.36804,-1.36924,58.48444,12.64694,13.08303,16.09818,16.65629
313.84460,-0.40309,-1.37712,58.56112,12.60482,13.13865,16.13058,16.68707
313.85460,-0.40794,-1.36932,58.59944,12.61106,13.16929,16.13658,16.68251
313.86460,-0.38668,-1.35697,58.57644,12.64694,13.15503,16.11818,16.65629
313.87460,-0.39084,-1.35374,58.60642,12.65603,13.16745,16.11818,16.66477
313.88460,-0.39869,-1.34766,58.66299,12.67317,13.19088,16.11818,16.68077
313.89460,-0.40766,-1.34876,58.62395,12.66439,13.17962,16.09565,16.68429
313.90460,-0.43121,-1.35684,58.57958,12.63794,13.16574,16.06848,16.70743
313.91460,-0.44323,-1.36114,58.67344,12.63794,13.19603,16.09818,16.74129
313.92460,-0.46116,-1.36437,58.66442,12.62154,13.20013,16.08588,16.75687
313.93460,-0.46942,-1.37856,58.59542,12.57805,13.17681,16.08442,16.75615
313.94460,-0.44370,-1.39252,58.51344,12.54894,13.13403,16.10818,16.72229
313.95460,-0.44408,-1.38149,58.52184,12.57254,13.14243,16.08818,16.71869
313.96460,-0.44465,-1.36495,58.53444,12.60794,13.15503,16.05818,16.71329
313.97460,-0.44465,-1.36495,58.53444,12.60794,13.15503,16.05818,16.71329
313.98460,-0.46780,-1.35421,58.55205,12.60943,13.18890,16.03402,16.71970
313.99460,-0.43311,-1.35634,58.64544,12.63794,13.19603,16.09818,16.71329
314.00460,-0.44334,-1.35401,58.64516,12.63794,13.20191,16.08418,16.72113
314.01460,-0.46256,-1.34954,58.65340,12.63514,13.21983,16.06498,16.73345
314.02460,-0.44432,-1.35349,58.67644,12.62794,13.22703,16.10818,16.71329
314.03460,-0.44350,-1.35464,58.67418,12.62982,13.22121,16.10630,16.71686
314.04460,-0.44059,-1.35874,58.66613,12.63653,13.20040,16.09959,16.72961
314.05460,-0.44121,-1.35645,58.65215,12.63666,13.20000,16.09178,16.72371
314.06460,-0.44888,-1.33674,58.57535,12.62866,13.22480,16.05178,16.67011
314.07460,-0.47183,-1.32494,58.65044,12.61794,13.29903,16.06818,16.66529
314.08460,-0.46435,-1.32449,58.65608,12.62881,13.29179,16.07019,16.66529
314.09460,-0.41454,-1.32156,58.69366,12.70130,13.24346,16.08362,16.66529
314.10460,-0.39650,-1.32232,58.71071,12.71642,13.23393,16.10131,16.65905
314.11460,-0.39481,-1.32497,58.71718,12.70199,13.24438,16.12121,16.64960
314.12460,-0.41506,-1.33537,58.70142,12.67574,13.23690,16.11228,16.67650
314.13460,-0.43355,-1.34376,58.68544,12.65694,13.22703,16.09818,16.70329
314.14460,-0.44087,-1.33266,58.55469,12.62780,13.22703,16.05335,16.64651
314.15460,-0.46228,-1.33180,58.56270,12.63354,13.22703,16.02258,16.67955
314.16460,-0.46761,-1.33262,58.57744,12.63794,13.22703,16.01818,16.69429
314.17460,-0.40918,-1.32946,58.59517,12.67251,13.20842,16.07136,16.64288
314.18460,-0.42377,-1.35310,58.55844,12.60794,13.19603,16.09818,16.65629
314.19460,-0.42377,-1.35310,58.55844,12.60794,13.19603,16.09818,16.65629
314.20460,-0.43067,-1.32301,58.67544,12.70594,13.22703,16.04818,16.69429
314.21460,-0.43029,-1.32272,58.67203,12.70479,13.22743,16.04818,16.69163
314.22460,-0.42051,-1.31520,58.59244,12.67841,13.23796,16.04878,16.62729
314.23460,-0.40622,-1.30172,58.68944,12.72594,13.26803,16.06818,16.62729
314.24460,-0.40667,-1.30112,58.69144,12.72692,13.26947,16.06758,16.62747
314.25460,-0.42143,-1.28128,58.75811,12.75959,13.31747,16.04758,16.63347
314.26460,-0.42836,-1.27197,58.78944,12.77494,13.34003,16.03818,16.63629
314.27460,-0.44099,-1.28243,58.71849,12.72961,13.32689,16.03161,16.63037
314.28460,-0.43153,-1.22340,58.63699,12.79912,13.37303,15.93500,16.52984
314.29460,-0.42879,-1.21244,58.62944,12.81494,13.38203,15.91918,16.51329
314.30460,-0.42949,-1.21844,58.47447,12.77381,13.33852,15.88342,16.47872
314.31460,-0.42679,-1.23461,58.44029,12.73944,13.31618,15.90468,16.47999
314.32460,-0.42509,-1.24111,58.47844,12.73594,13.32003,15.92918,16.49329
314.33460,-0.38937,-1.20979,58.50322,12.81184,13.33552,15.91369,16.44217
314.34460,-0.38723,-1.22294,58.53421,12.80862,13.31885,15.93502,16.47173
314.35460,-0.39494,-1.24374,58.55644,12.78494,13.29903,15.95918,16.51329
314.36460,-0.39491,-1.23387,58.60219,12.80744,13.32228,15.95918,16.51329
314.37460,-0.39490,-1.23058,58.61744,12.81494,13.33003,15.95918,16.51329
314.38460,-0.39221,-1.22713,58.60905,12.80096,13.34914,15.97269,16.48626
314.39460,-0.38052,-1.21525,58.55246,12.80301,13.35236,15.95867,16.43842
314.40460,-0.37483,-1.21000,58.52144,12.81494,13.34003,15.93918,16.42729
314.41460,-0.37691,-1.19842,58.38307,12.78276,13.34003,15.90057,16.35971
314.42460,-0.39137,-1.19629,58.43509,12.76494,13.38658,15.92443,16.35914
314.43460,-0.39862,-1.19864,58.50544,12.76494,13.41203,15.94918,16.37929
314.44460,-0.39508,-1.21012,58.49569,12.77794,13.36523,15.93618,16.41634
314.45460,-0.39317,-1.21629,58.49044,12.78494,13.34003,15.92918,16.43629
314.46460,-0.38728,-1.22137,58.51367,12.79220,13.33011,15.94128,16.45008
314.47460,-0.37664,-1.24019,58.63187,12.80585,13.32084,16.00008,16.50510
314.48460,-0.39126,-1.24570,58.71758,12.78871,13.36198,16.03951,16.52738
314.49460,-0.39447,-1.24691,58.73644,12.78494,13.37103,16.04818,16.53229
314.50460,-0.37141,-1.26501,58.63210,12.79494,13.26803,16.01818,16.55094
314.51460,-0.37324,-1.26362,58.62116,12.78710,13.27459,16.01818,16.54129
314.52460,-0.39751,-1.26602,58.62676,12.75378,13.30423,16.02138,16.54737
314.53460,-0.37817,-1.27098,58.69144,12.79494,13.27903,16.03818,16.57929
314.54460,-0.37699,-1.27022,58.65860,12.78673,13.27461,16.03186,16.56539
314.55460,-0.36945,-1.26499,58.56768,12.76778,13.26660,16.01634,16.51696
314.56460,-0.36500,-1.26157,58.61444,12.78494,13.27903,16.02818,16.52229
314.57460,-0.36680,-1.25286,58.56324,12.78894,13.27463,15.99658,16.50309
314.58460,-0.38410,-1.23676,58.51923,12.79494,13.29038,15.94558,16.48834
314.59460,-0.40996,-1.23142,58.57744,12.79494,13.33003,15.93918,16.51329
314.60460,-0.40234,-1.23174,58.56731,12.79227,13.32737,15.94718,16.50049
314.61460,-0.38328,-1.23253,58.54197,12.78561,13.32070,15.96718,16.46849
314.62460,-0.38088,-1.24245,58.54930,12.77914,13.30495,15.98049,16.48472
314.63460,-0.38196,-1.26659,58.56851,12.75653,13.27412,16.01108,16.52678
314.64460,-0.38755,-1.26671,58.55644,12.73594,13.28903,16.01818,16.51329
314.65460,-0.38423,-1.26981,58.54160,12.73594,13.27447,16.01538,16.51581
314.66460,-0.36869,-1.28077,58.50307,12.73965,13.22554,16.01374,16.52414
314.67460,-0.34370,-1.29138,58.50174,12.75289,13.18448,16.03361,16.53076
314.68460,-0.34437,-1.29363,58.54244,12.76244,13.18720,16.04318,16.54962
314.69460,-0.37634,-1.29267,58.74744,12.79494,13.24803,16.06818,16.63629
314.70460,-0.37496,-1.29348,58.70488,12.78230,13.23971,16.06178,16.62109
314.71460,-0.37104,-1.30135,58.48448,12.70970,13.19443,16.03138,16.54897
314.72460,-0.38866,-1.32015,58.50044,12.67694,13.18603,16.04818,16.58929
314.73460,-0.38866,-1.32015,58.50044,12.67694,13.18603,16.04818,16.58929
314.74460,-0.43933,-1.33041,58.50923,12.64448,13.19603,16.01649,16.65222
314.75460,-0.43991,-1.32756,58.45791,12.62914,13.19603,16.00590,16.62683
314.76460,-0.44033,-1.32547,58.42044,12.61794,13.19603,15.99818,16.60829
314.77460,-0.43852,-1.33207,58.47389,12.61794,13.20272,16.02682,16.62642
314.78460,-0.43464,-1.34618,58.58844,12.61794,13.21703,16.08818,16.66529
314.79460,-0.43470,-1.34658,58.56944,12.58914,13.23643,16.10758,16.63629
314.80460,-0.42036,-1.33903,58.56944,12.62794,13.21703,16.08818,16.63629
314.81460,-0.41977,-1.33847,58.57344,12.62990,13.21827,16.08898,16.63629
314.82460,-0.40562,-1.32509,58.66944,12.67694,13.24803,16.10818,16.63629
314.83460,-0.40528,-1.32498,58.66910,12.67741,13.24770,16.10802,16.63598
314.84460,-0.39371,-1.32139,58.65787,12.69291,13.23647,16.10267,16.62582
314.85460,-0.37871,-1.31401,58.68892,12.72018,13.24191,16.11098,16.61585
314.86460,-0.35110,-1.29123,58.90144,12.79494,13.32003,16.17818,16.60829
314.87460,-0.35995,-1.29296,58.85367,12.77981,13.30949,16.15778,16.60659
314.88460,-0.39219,-1.29846,58.62855,12.71927,13.25610,16.06398,16.58921
314.89460,-0.34551,-1.28580,58.66244,12.77494,13.24803,16.08818,16.55129
314.90460,-0.34077,-1.28245,58.62097,12.77494,13.23825,16.07420,16.53358
314.91460,-0.33532,-1.27860,58.57344,12.77494,13.22703,16.05818,16.51329
314.92460,-0.34763,-1.30241,58.54785,12.72742,13.20206,16.07646,16.54192
314.93460,-0.36677,-1.30688,58.62117,12.70361,13.24684,16.11043,16.56029
314.94460,-0.37067,-1.30312,58.65244,12.70594,13.26803,16.11818,16.56029
314.95460,-0.40459,-1.30070,58.60500,12.69894,13.26026,16.05596,16.58984
314.96460,-0.38075,-1.29416,58.60860,12.71176,13.26583,16.07718,16.55383
314.97460,-0.37129,-1.29251,58.61344,12.71594,13.26803,16.08818,16.54129
314.98460,-0.39634,-1.27951,58.59826,12.73164,13.27903,16.03112,16.55647
314.99460,-0.41915,-1.26766,58.58444,12.74594,13.28903,15.97918,16.57029
315.00460,-0.37381,-1.28320,58.54578,12.75208,13.22583,16.01538,16.55249
315.01460,-0.35539,-1.26736,58.64102,12.79449,13.26641,16.04471,16.53541
315.02460,-0.36076,-1.25381,58.70444,12.81494,13.30903,16.04818,16.53229
315.03460,-0.36029,-1.22561,58.66154,12.83408,13.34335,16.00858,16.47553
315.04460,-0.36890,-1.22313,58.65186,12.82499,13.35450,16.00125,16.47112
315.05460,-0.37359,-1.22953,58.65844,12.81494,13.35103,16.00818,16.48429
315.06460,-0.36839,-1.23348,58.67926,12.82336,13.34173,16.01704,16.49713
315.07460,-0.36186,-1.23844,58.70544,12.83394,13.33003,16.02818,16.51329
315.08460,-0.34155,-1.24799,58.73565,12.84984,13.30300,16.05468,16.52813
315.09460,-0.31515,-1.24421,58.72852,12.85334,13.30606,16.08348,16.48564
315.10460,-0.30768,-1.23335,58.69844,12.84394,13.33003,16.08818,16.43629
315.11460,-0.31918,-1.24132,58.70816,12.83314,13.32463,16.08818,16.46221
315.12460,-0.33968,-1.23855,58.63838,12.80844,13.32538,16.05075,16.45381
315.13460,-0.34901,-1.23020,58.57044,12.79494,13.33003,16.01818,16.42729
315.14460,-0.33838,-1.22781,58.59876,12.81371,13.33003,16.02773,16.42729
315.15460,-0.31564,-1.22270,58.65944,12.85394,13.33003,16.04818,16.42729
315.16460,-0.34296,-1.22331,58.61885,12.82155,13.34274,16.02358,16.43098
315.17460,-0.36703,-1.21946,58.63424,12.80733,13.37374,16.01278,16.44039
315.18460,-0.34506,-1.21267,58.74044,12.85394,13.39203,16.04818,16.44629
315.19460,-0.34506,-1.21267,58.74044,12.85394,13.39203,16.04818,16.44629
315.20460,-0.34985,-1.20308,58.72718,12.85111,13.41363,16.03798,16.42446
315.21460,-0.34180,-1.20578,58.79244,12.84394,13.44303,16.08818,16.41729
315.22460,-0.34074,-1.20684,58.77371,12.83934,13.43653,16.08501,16.41284
315.23460,-0.33720,-1.21039,58.71128,12.82399,13.41483,16.07442,16.39803
315.24460,-0.33810,-1.21319,58.71112,12.81214,13.41939,16.08498,16.39461
315.25460,-0.32725,-1.21902,58.78220,12.81586,13.43239,16.13098,16.40297
315.26460,-0.27954,-1.22935,58.72244,12.84394,13.35103,16.13818,16.38929
315.27460,-0.28550,-1.23438,58.71356,12.82935,13.34871,16.14029,16.39521
315.28460,-0.30898,-1.25295,58.68791,12.77596,13.34286,16.14920,16.41988
315.29460,-0.34302,-1.24714,58.89944,12.80494,13.42303,16.17818,16.49329
315.30460,-0.33681,-1.25089,58.88227,12.80326,13.40738,16.17986,16.49177
315.31460,-0.30606,-1.26947,58.79744,12.79494,13.33003,16.18818,16.48429
315.32460,-0.30982,-1.26721,58.78832,12.79014,13.33659,16.18338,16.47821
315.33460,-0.32266,-1.25322,58.75356,12.77134,13.37599,16.16762,16.43861
315.34460,-0.28642,-1.24199,58.82244,12.80494,13.40203,16.21718,16.39829
315.35460,-0.28520,-1.23976,58.82319,12.81433,13.39873,16.20982,16.40031
315.36460,-0.27757,-1.22584,58.82785,12.87299,13.37806,16.16382,16.41298
315.37460,-0.30129,-1.22918,58.72144,12.82394,13.37103,16.12818,16.39829
315.38460,-0.30131,-1.22930,58.71891,12.82299,13.37054,16.12786,16.39752
315.39460,-0.30174,-1.23336,58.63441,12.79144,13.35396,16.11716,16.37185
315.40460,-0.30151,-1.23681,58.56974,12.76673,13.34097,16.11030,16.35174
315.41460,-0.28221,-1.23724,58.77031,12.82468,13.37130,16.17744,16.39689
315.42460,-0.27194,-1.22260,58.74209,12.84308,13.37805,16.15904,16.36192
315.43460,-0.26596,-1.21446,58.72720,12.85341,13.38203,16.14947,16.34229
315.44460,-0.26794,-1.22721,58.77128,12.84026,13.38203,16.18171,16.36729
315.45460,-0.28805,-1.21237,58.72786,12.83394,13.40719,16.13931,16.34742
315.46460,-0.29174,-1.20833,58.71544,12.83394,13.41203,16.12818,16.34129
315.47460,-0.26789,-1.22248,58.63174,12.84294,13.32923,16.11018,16.34939
315.48460,-0.26524,-1.22406,58.62244,12.84394,13.32003,16.10818,16.35029
315.49460,-0.32829,-1.22321,58.70525,12.79935,13.40375,16.10818,16.39397
315.50460,-0.30557,-1.23345,58.73225,12.79494,13.39383,16.15671,16.38676
315.51460,-0.28680,-1.24015,58.74444,12.79494,13.38203,16.18818,16.37929
315.52460,-0.28696,-1.22900,58.75524,12.81711,13.39340,16.17113,16.37360
315.53460,-0.27418,-1.21033,58.67570,12.83394,13.38913,16.13237,16.32025
315.54460,-0.26706,-1.20470,58.62744,12.83394,13.38203,16.11818,16.29329
315.55460,-0.26782,-1.19174,58.58765,12.83911,13.39237,16.09234,16.26383
315.56460,-0.26293,-1.18039,58.58109,12.84394,13.41376,16.09088,16.23250
315.57460,-0.24387,-1.17600,58.65790,12.87040,13.43303,16.12818,16.22629
315.58460,-0.25382,-1.15467,58.68044,12.92267,13.44577,16.07357,16.23842
315.59460,-0.26572,-1.14397,58.68044,12.94194,13.45403,16.03818,16.24629
315.60460,-0.26572,-1.14397,58.68044,12.94194,13.45403,16.03818,16.24629
315.61460,-0.22659,-1.16349,58.58439,12.93926,13.36335,16.04636,16.23542
315.62460,-0.27310,-1.15528,58.52044,12.88294,13.41203,16.00818,16.21729
315.63460,-0.26844,-1.15000,58.52769,12.89612,13.41566,16.00488,16.21103
315.64460,-0.27031,-1.14193,58.61978,12.93645,13.43748,16.00750,16.23835
315.65460,-0.28329,-1.14498,58.70844,12.95194,13.45403,16.01818,16.28429
315.66460,-0.28329,-1.14498,58.70844,12.95194,13.45403,16.01818,16.28429
315.67460,-0.30884,-1.10714,58.75844,13.02094,13.50503,15.93918,16.29329
315.68460,-0.31840,-1.10722,58.68004,12.98934,13.50103,15.91918,16.27049
315.69460,-0.35008,-1.11845,58.54507,12.91810,13.48251,15.88110,16.26336
315.70460,-0.37559,-1.13485,58.51944,12.88294,13.46403,15.86918,16.30329
315.71460,-0.37527,-1.11239,58.53125,12.90885,13.50110,15.84950,16.27180
315.72460,-0.37760,-1.07292,58.55670,12.95313,13.56966,15.81457,16.21933
315.73460,-0.39121,-1.10267,58.56244,12.91294,13.53603,15.83918,16.27429
315.74460,-0.38534,-1.09283,58.61984,12.92946,13.57075,15.85878,16.26085
315.75460,-0.37032,-1.06759,58.76744,12.97194,13.66003,15.90918,16.22629
315.76460,-0.38393,-1.07073,58.76062,12.97194,13.64885,15.88736,16.25247
315.77460,-0.42643,-1.08190,58.72594,12.95729,13.61903,15.82733,16.32229
315.78460,-0.44861,-1.09186,58.66700,12.90497,13.61903,15.82070,16.32229
315.79460,-0.45595,-1.09282,58.68344,12.89794,13.63103,15.82585,16.32862
315.80460,-0.47159,-1.08852,58.80299,12.91249,13.68164,15.84857,16.36029
315.81460,-0.49708,-1.10175,58.63244,12.85394,13.62903,15.78918,16.36029
315.82460,-0.49286,-1.10539,58.64244,12.85697,13.62115,15.79676,16.36756
315.83460,-0.46923,-1.12575,58.69844,12.87394,13.57703,15.83918,16.40829
315.84460,-0.46969,-1.12554,58.69744,12.87283,13.57826,15.83918,16.40718
315.85460,-0.47239,-1.12425,58.69156,12.86629,13.58545,15.83918,16.40064
315.86460,-0.46672,-1.11252,58.68944,12.88294,13.59803,15.82918,16.37929
315.87460,-0.46602,-1.11232,58.68522,12.88294,13.59664,15.82806,16.37758
315.88460,-0.44859,-1.10733,58.57960,12.88294,13.56181,15.79997,16.33488
315.89460,-0.41306,-1.10609,58.55131,12.91235,13.52282,15.80475,16.31139
315.90460,-0.38235,-1.10976,58.61830,12.95076,13.50523,15.84078,16.32153
315.91460,-0.36465,-1.12723,58.61144,12.89294,13.51503,15.91918,16.28429
315.92460,-0.36481,-1.12757,58.61191,12.89262,13.51469,15.91952,16.28508
315.93460,-0.37014,-1.13891,58.62773,12.88188,13.50339,15.93082,16.31164
315.94460,-0.35590,-1.14479,58.69459,12.89180,13.50843,15.97306,16.32131
315.95460,-0.30505,-1.13778,58.84944,12.94194,13.54603,16.06818,16.29329
315.96460,-0.30553,-1.15037,58.84510,12.92984,13.52369,16.07749,16.31408
315.97460,-0.31370,-1.18419,58.81403,12.89486,13.45747,16.08606,16.37564
315.98460,-0.32418,-1.19280,58.78244,12.88294,13.43303,16.06818,16.39829
315.99460,-0.31556,-1.19841,58.74324,12.86734,13.41663,16.07618,16.38309
316.00460,-0.30259,-1.20683,58.68444,12.84394,13.39203,16.08818,16.36029
316.01460,-0.30540,-1.21291,58.69215,12.83582,13.38797,16.09630,16.37206
316.02460,-0.28402,-1.21362,58.60264,12.81674,13.36523,16.10018,16.32049
316.03460,-0.27764,-1.21157,58.57744,12.81494,13.36103,16.09818,16.30329
316.04460,-0.28190,-1.21637,58.56814,12.80309,13.35638,16.09968,16.30899
316.05460,-0.30605,-1.24363,58.51544,12.73594,13.33003,16.10818,16.34129
316.06460,-0.30945,-1.24763,58.55241,12.73897,13.33322,16.11879,16.36144
316.07460,-0.31648,-1.26343,58.77594,12.78769,13.34328,16.17068,16.47429
316.08460,-0.28089,-1.24406,58.82544,12.88294,13.32003,16.14818,16.47429
316.09460,-0.30931,-1.23501,58.85686,12.87167,13.36865,16.13632,16.48022
316.10460,-0.31024,-1.21333,58.80260,12.87001,13.40203,16.10998,16.42058
316.11460,-0.29818,-1.20328,58.75344,12.87394,13.40203,16.09818,16.37929
316.12460,-0.29055,-1.20683,58.66920,12.84274,13.38643,16.09818,16.34185
316.13460,-0.28839,-1.20783,58.64544,12.83394,13.38203,16.09818,16.33129
316.14460,-0.23497,-1.21055,58.49914,12.84934,13.29425,16.08278,16.27277
316.15460,-0.21975,-1.18544,58.54938,12.90707,13.32347,16.07048,16.24836
316.16460,-0.21998,-1.17771,58.57744,12.92294,13.34003,16.06818,16.24629
316.17460,-0.20983,-1.15590,58.50196,12.95267,13.33241,16.01481,16.20207
316.18460,-0.19108,-1.15646,58.50802,12.97724,13.30912,16.01858,16.20308
316.19460,-0.17612,-1.16354,58.53644,12.99194,13.28903,16.03818,16.21729
316.20460,-0.18162,-1.15842,58.50723,12.99194,13.28903,16.01627,16.20998
316.21460,-0.18365,-1.15654,58.49644,12.99194,13.28903,16.00818,16.20729
316.22460,-0.18538,-1.16378,58.52000,12.96572,13.30726,16.04374,16.20329
316.23460,-0.20155,-1.18153,58.60079,12.91994,13.34368,16.10768,16.22949
316.24460,-0.20908,-1.18621,58.62844,12.91294,13.35103,16.11818,16.24629
316.25460,-0.19225,-1.17919,58.54992,12.92802,13.31879,16.08698,16.21613
316.26460,-0.19071,-1.18548,58.46425,12.90765,13.28464,16.06697,16.20499
316.27460,-0.20862,-1.20178,58.44744,12.86394,13.27903,16.07818,16.22629
316.28460,-0.20548,-1.18778,58.43780,12.87947,13.29509,16.06212,16.20113
316.29460,-0.20276,-1.17562,58.42944,12.89294,13.30903,16.04818,16.17929
316.30460,-0.20173,-1.17706,58.48357,12.89294,13.32961,16.07637,16.18464
316.31460,-0.19981,-1.17977,58.58570,12.89294,13.36844,16.12956,16.19475
316.32460,-0.15781,-1.16481,58.74644,13.01094,13.36103,16.14818,16.22629
316.33460,-0.16718,-1.17401,58.78274,12.99531,13.36925,16.16911,16.24908
316.34460,-0.18482,-1.19134,58.85124,12.96581,13.38475,16.20861,16.29208
316.35460,-0.23594,-1.21763,58.74444,12.87394,13.36103,16.17818,16.33129
316.36460,-0.21668,-1.21650,58.75128,12.88442,13.35654,16.19722,16.31310
316.37460,-0.16855,-1.21365,58.76840,12.91062,13.34531,16.24481,16.26765
316.38460,-0.16595,-1.22351,58.75058,12.89910,13.32347,16.25102,16.27699
316.39460,-0.17203,-1.23274,58.70392,12.89966,13.27833,16.21906,16.30686
316.40460,-0.13767,-1.22204,58.69144,12.95194,13.24803,16.20718,16.28429
316.41460,-0.14567,-1.22123,58.69516,12.94294,13.26076,16.20718,16.28429
316.42460,-0.15866,-1.22298,58.65859,12.91890,13.26398,16.19546,16.28025
316.43460,-0.15157,-1.22819,58.59244,12.91294,13.22703,16.17818,16.27429
316.44460,-0.15157,-1.22819,58.59244,12.91294,13.22703,16.17818,16.27429
316.45460,-0.17850,-1.23317,58.60544,12.85394,13.27903,16.20718,16.26529
316.46460,-0.16960,-1.23702,58.59704,12.85657,13.26275,16.21243,16.26529
316.47460,-0.12263,-1.23966,58.61680,12.90158,13.21976,16.24082,16.25465
316.48460,-0.06421,-1.21788,58.73244,13.00194,13.22703,16.27718,16.22629
316.49460,-0.07747,-1.21651,58.72029,12.98061,13.24647,16.27448,16.21873
316.50460,-0.11578,-1.21487,58.65828,12.91934,13.28427,16.25296,16.20171
316.51460,-0.12486,-1.22256,58.55028,12.90601,13.22961,16.20029,16.21437
316.52460,-0.13062,-1.22423,58.52864,12.90294,13.21872,16.18481,16.22217
316.53460,-0.14874,-1.22374,58.54444,12.90294,13.22703,16.16818,16.24629
316.54460,-0.14874,-1.22374,58.54444,12.90294,13.22703,16.16818,16.24629
316.55460,-0.18659,-1.22105,58.64351,12.89207,13.28903,16.17698,16.28543
316.56460,-0.22502,-1.22677,58.61344,12.86394,13.28903,16.13818,16.32229
316.57460,-0.22502,-1.22677,58.61344,12.86394,13.28903,16.13818,16.32229
316.58460,-0.22646,-1.20026,58.57981,12.88961,13.31647,16.09393,16.27980
316.59460,-0.26870,-1.24230,58.43144,12.79494,13.23703,16.05818,16.34129
316.60460,-0.26724,-1.24244,58.42990,12.79474,13.23621,16.05959,16.33937
316.61460,-0.19633,-1.24900,58.35544,12.78494,13.19603,16.12818,16.24629
316.62460,-0.19633,-1.24900,58.35544,12.78494,13.19603,16.12818,16.24629
316.63460,-0.20081,-1.27978,58.43665,12.76015,13.17808,16.18716,16.31125
316.64460,-0.20528,-1.26037,58.53333,12.80009,13.23089,16.18907,16.31328
316.65460,-0.20569,-1.25767,58.54244,12.80494,13.23703,16.18818,16.31229
316.66460,-0.20916,-1.26003,58.51514,12.80494,13.21883,16.16998,16.32139
316.67460,-0.23770,-1.26984,58.49259,12.76186,13.22671,16.16334,16.34068
316.68460,-0.26778,-1.28005,58.47144,12.71594,13.23703,16.15818,16.36029
316.69460,-0.26400,-1.28539,58.49287,12.70601,13.24278,16.18379,16.36029
316.70460,-0.26056,-1.29026,58.51244,12.69694,13.24803,16.20718,16.36029
316.71460,-0.25297,-1.28864,58.51944,12.72158,13.23067,16.19626,16.37093
316.72460,-0.24356,-1.28880,58.57071,12.77136,13.20322,16.18454,16.41159
316.73460,-0.26988,-1.30009,58.65744,12.73594,13.24803,16.22718,16.44629
316.74460,-0.30379,-1.29167,58.63031,12.72215,13.27148,16.18166,16.45502
316.75460,-0.34987,-1.28326,58.57834,12.71203,13.28015,16.10381,16.48234
316.76460,-0.35385,-1.28423,58.56544,12.71594,13.26803,16.08818,16.49329
316.77460,-0.37788,-1.28910,58.58698,12.70145,13.27955,16.08075,16.52523
316.78460,-0.41481,-1.29660,58.62013,12.67917,13.29726,16.06932,16.57437
316.79460,-0.42533,-1.29697,58.60458,12.67694,13.29164,16.04969,16.58631
316.80460,-0.40205,-1.29589,58.52384,12.70034,13.23523,16.01818,16.57009
316.81460,-0.37873,-1.29560,58.49144,12.71594,13.20603,16.01818,16.55129
316.82460,-0.37481,-1.30451,58.43067,12.65905,13.21314,16.05050,16.50797
316.83460,-0.37104,-1.29851,58.40004,12.66174,13.21227,16.03785,16.48819
316.84460,-0.36892,-1.28428,58.40344,12.70594,13.20603,15.99818,16.49329
316.85460,-0.36749,-1.27077,58.41138,12.72182,13.22827,15.98812,16.47317
316.86460,-0.36623,-1.25877,58.41844,12.73594,13.24803,15.97918,16.45529
316.87460,-0.36082,-1.26283,58.42111,12.73000,13.24476,15.99374,16.45261
316.88460,-0.35041,-1.27064,58.42626,12.71857,13.23848,16.02174,16.44747
316.89460,-0.33298,-1.24912,58.47612,12.74249,13.29191,16.04588,16.39584
316.90460,-0.32612,-1.23883,58.55759,12.78554,13.31156,16.05222,16.40828
316.91460,-0.32891,-1.23869,58.64733,12.81999,13.31745,16.05818,16.45171
316.92460,-0.34357,-1.25413,58.61644,12.78494,13.29903,16.05818,16.47429
316.93460,-0.33489,-1.26369,58.60964,12.75734,13.29903,16.09418,16.45909
316.94460,-0.32187,-1.27804,58.59944,12.71594,13.29903,16.14818,16.43629
316.95460,-0.30657,-1.28386,58.55744,12.73194,13.24943,16.13218,16.44389
316.96460,-0.28944,-1.29445,58.49974,12.75064,13.17795,16.10818,16.46297
316.97460,-0.30408,-1.29906,58.51298,12.73740,13.18523,16.10818,16.48217
316.98460,-0.30089,-1.29971,58.53415,12.73054,13.19980,16.12978,16.47403
316.99460,-0.28121,-1.31280,58.62426,12.71076,13.22585,16.22063,16.46701
317.00460,-0.26331,-1.34661,58.72244,12.69694,13.19603,16.30718,16.52229
317.01460,-0.25147,-1.34782,58.72217,12.70747,13.18226,16.31258,16.51986
317.02460,-0.21944,-1.35109,58.72144,12.73594,13.14503,16.32718,16.51329
317.03460,-0.22624,-1.35589,58.71334,12.72001,13.14503,16.32988,16.51842
317.04460,-0.23176,-1.36623,58.69927,12.69557,13.13666,16.33988,16.52716
317.05460,-0.19696,-1.35908,58.72044,12.74594,13.11403,16.34718,16.51329
317.06460,-0.19696,-1.35908,58.72044,12.74594,13.11403,16.34718,16.51329
317.07460,-0.14137,-1.34533,58.66481,12.80619,13.06466,16.33468,16.45929
317.08460,-0.10998,-1.34124,58.70244,12.81494,13.08303,16.38718,16.41729
317.09460,-0.11113,-1.34097,58.70009,12.81392,13.08372,16.38548,16.41698
317.10460,-0.14371,-1.33329,58.63344,12.78494,13.10303,16.33718,16.40829
317.11460,-0.13972,-1.32697,58.63434,12.79079,13.11383,16.33718,16.39254
317.12460,-0.12115,-1.28612,58.62058,12.82543,13.17815,16.32084,16.29616
317.13460,-0.14438,-1.25714,58.51244,12.83394,13.19603,16.22718,16.25529
317.14460,-0.14667,-1.25441,58.51284,12.83594,13.20123,16.22228,16.25339
317.15460,-0.16196,-1.23617,58.51551,12.84927,13.23590,16.18961,16.24072
317.16460,-0.16038,-1.23080,58.47744,12.83394,13.24803,16.18818,16.20729
317.17460,-0.16136,-1.23070,58.47610,12.83276,13.24885,16.18738,16.20711
317.18460,-0.20912,-1.22616,58.41044,12.77494,13.28903,16.14818,16.19829
317.19460,-0.20912,-1.22616,58.41044,12.77494,13.28903,16.14818,16.19829
317.20460,-0.24447,-1.20183,58.36855,12.79204,13.31553,16.06270,16.19829
317.21460,-0.22669,-1.18321,58.31321,12.85773,13.27271,15.99358,16.18919
317.22460,-0.22434,-1.18177,58.30844,12.86394,13.26803,15.98818,16.18829
317.23460,-0.16436,-1.19919,58.34358,12.88106,13.22208,16.06927,16.17117
317.24460,-0.20394,-1.19522,58.42034,12.86584,13.28183,16.06918,16.20349
317.25460,-0.20906,-1.19456,58.42844,12.86394,13.28903,16.06818,16.20729
317.26460,-0.23964,-1.19764,58.36480,12.82758,13.28903,16.03182,16.21638
317.27460,-0.24270,-1.19795,58.35844,12.82394,13.28903,16.02818,16.21729
317.28460,-0.24394,-1.20552,58.40034,12.84299,13.26935,16.02818,16.25983
317.29460,-0.23005,-1.23861,58.40157,12.79371,13.23440,16.09679,16.27666
317.30460,-0.22549,-1.24758,58.39444,12.77494,13.22703,16.11818,16.27429
317.31460,-0.22198,-1.25799,58.45639,12.76211,13.24075,16.16642,16.28712
317.32460,-0.21805,-1.27153,58.53224,12.74594,13.25589,16.22543,16.30498
317.33460,-0.23413,-1.28634,58.46044,12.74594,13.18603,16.16818,16.36029
317.34460,-0.23493,-1.28516,58.46631,12.74829,13.18931,16.16765,16.36106
317.35460,-0.26424,-1.24227,58.68044,12.83394,13.30903,16.14818,16.38929
317.36460,-0.23126,-1.24960,58.59139,12.81509,13.26938,16.16768,16.33924
317.37460,-0.23245,-1.24588,58.54149,12.82379,13.24803,16.13268,16.33699
317.38460,-0.24268,-1.24174,58.54044,12.83394,13.24803,16.10818,16.35029
317.39460,-0.26256,-1.23491,58.50404,12.80859,13.27468,16.08868,16.33209
317.40460,-0.26911,-1.23240,58.52233,12.80189,13.29599,16.09556,16.32889
317.41460,-0.26271,-1.23419,58.58062,12.81259,13.30668,16.12230,16.33905
317.42460,-0.26131,-1.23459,58.59344,12.81494,13.30903,16.12818,16.34129
317.43460,-0.31268,-1.25926,58.55209,12.76999,13.27217,16.08323,16.42669
317.44460,-0.31846,-1.26204,58.54744,12.76494,13.26803,16.07818,16.43629
317.45460,-0.31986,-1.24895,58.44843,12.78404,13.23846,16.00841,16.41752
317.46460,-0.35615,-1.24748,58.49044,12.74594,13.29903,16.01818,16.42729
317.47460,-0.35640,-1.25324,58.48083,12.74257,13.28336,16.01649,16.43841
317.48460,-0.34532,-1.27886,58.44258,12.72243,13.22079,16.03277,16.46658
317.49460,-0.32264,-1.27369,58.45944,12.71594,13.24803,16.07818,16.41729
317.50460,-0.33913,-1.27260,58.44596,12.71273,13.24803,16.05250,16.43269
317.51460,-0.37084,-1.27052,58.42003,12.70656,13.24803,16.00312,16.46232
317.52460,-0.36895,-1.27606,58.46864,12.70994,13.25203,16.02618,16.48049
317.53460,-0.35882,-1.27683,58.55455,12.72386,13.27427,16.06818,16.48824
317.54460,-0.35494,-1.26489,58.56844,12.73594,13.29903,16.06818,16.46529
317.55460,-0.35901,-1.26619,58.53997,12.73984,13.27914,16.04478,16.47621
317.56460,-0.37852,-1.27351,58.49229,12.71876,13.26025,16.01606,16.49723
317.57460,-0.39874,-1.28165,58.48744,12.67694,13.27903,16.02818,16.50329
317.58460,-0.39874,-1.28165,58.48744,12.67694,13.27903,16.02818,16.50329
317.59460,-0.43110,-1.29424,58.51744,12.62794,13.30903,16.04818,16.53229
317.60460,-0.42657,-1.30095,58.50496,12.63071,13.28353,16.04541,16.54532
317.61460,-0.41958,-1.31652,58.48086,12.63988,13.22373,16.03386,16.58339
317.62460,-0.43706,-1.30957,58.51144,12.64694,13.24803,16.01818,16.59829
317.63460,-0.44364,-1.31058,58.51459,12.63809,13.25568,16.01968,16.60114
317.64460,-0.47623,-1.31876,58.52869,12.59544,13.28358,16.02518,16.62449
317.65460,-0.44967,-1.33265,58.50744,12.63794,13.19603,16.00818,16.66529
317.66460,-0.46443,-1.33404,58.49777,12.62144,13.20470,16.00001,16.67162
317.67460,-0.53827,-1.34100,58.44944,12.53894,13.24803,15.95918,16.70329
317.68460,-0.53914,-1.34047,58.45378,12.53682,13.25344,15.96225,16.70127
317.69460,-0.54452,-1.33713,58.48094,12.52358,13.28721,15.98146,16.68869
317.70460,-0.55647,-1.32052,58.56144,12.56894,13.32003,15.95918,16.71329
317.71460,-0.55531,-1.32070,58.56102,12.56912,13.31921,15.96036,16.71233
317.72460,-0.49875,-1.32905,58.53943,12.57778,13.27956,16.01765,16.66444
317.73460,-0.50606,-1.31312,58.48899,12.56982,13.30611,15.99110,16.62196
317.74460,-0.50712,-1.31108,58.48388,12.56906,13.30986,15.98793,16.61703
317.75460,-0.52001,-1.29642,58.50588,12.57506,13.35119,15.97526,16.60437
317.76460,-0.52619,-1.28940,58.51644,12.57794,13.37103,15.96918,16.59829
317.77460,-0.48709,-1.28058,58.46346,12.62284,13.32524,15.95122,16.56416
317.78460,-0.59090,-1.28646,58.27380,12.52885,13.32003,15.81282,16.61210
317.79460,-0.60176,-1.28715,58.25544,12.51894,13.32003,15.79918,16.61729
317.80460,-0.57634,-1.28671,58.32294,12.54549,13.32453,15.83968,16.61324
317.81460,-0.54816,-1.28623,58.39794,12.57499,13.32953,15.88468,16.60874
317.82460,-0.58284,-1.28773,58.32644,12.52894,13.34003,15.84918,16.60829
317.83460,-0.56742,-1.28829,58.30832,12.55323,13.30627,15.83683,16.61199
317.84460,-0.54739,-1.28902,58.28479,12.58478,13.26242,15.82078,16.61681
317.85460,-0.57192,-1.29159,58.23085,12.54251,13.27420,15.80378,16.61036
317.86460,-0.58860,-1.29157,58.28210,12.52894,13.31056,15.81985,16.62276
317.87460,-0.59676,-1.29085,58.34444,12.52894,13.34003,15.83918,16.63629
317.88460,-0.59400,-1.29085,58.34444,12.53637,13.33260,15.83547,16.64000
317.89460,-0.58976,-1.29085,58.34444,12.54780,13.32118,15.82975,16.64572
317.90460,-0.56458,-1.31659,58.56344,12.53894,13.36103,15.97918,16.68429
317.91460,-0.56081,-1.30634,58.52636,12.54884,13.36103,15.95632,16.66016
317.92460,-0.56523,-1.29074,58.51602,12.57317,13.37216,15.92098,16.64971
317.93460,-0.57897,-1.30363,58.60344,12.56894,13.38203,15.94918,16.70329
317.94460,-0.55505,-1.29925,58.58873,12.57367,13.38203,15.96966,16.66337
317.95460,-0.53342,-1.29530,58.57544,12.57794,13.38203,15.98818,16.62729
317.96460,-0.53342,-1.29530,58.57544,12.57794,13.38203,15.98818,16.62729
317.97460,-0.56379,-1.31395,58.47427,12.52543,13.34187,15.95034,16.65663
317.98460,-0.54925,-1.31124,58.54993,12.57000,13.33773,15.96228,16.67992
317.99460,-0.55709,-1.31693,58.56338,12.55904,13.34003,15.96918,16.69513
318.00460,-0.60811,-1.34487,58.50144,12.45994,13.34003,15.96918,16.73229
318.01460,-0.60705,-1.34456,58.50613,12.46181,13.34102,15.97101,16.73229
318.02460,-0.58469,-1.33592,58.55102,12.49206,13.35276,15.99282,16.71338
318.03460,-0.58322,-1.33226,58.47344,12.47994,13.34003,15.96918,16.68429
318.04460,-0.57667,-1.32680,58.56152,12.51186,13.36104,15.98898,16.69964
318.05460,-0.55468,-1.32926,58.69396,12.55534,13.36974,16.03976,16.72912
318.06460,-0.53267,-1.34793,58.69844,12.54894,13.33003,16.07818,16.74129
318.07460,-0.54013,-1.34397,58.66984,12.54092,13.33565,16.06214,16.73113
318.08460,-0.54334,-1.33988,58.57096,12.51132,13.33212,16.03919,16.68832
318.09460,-0.49476,-1.35901,58.51344,12.48994,13.27903,16.09818,16.64629
318.10460,-0.48525,-1.35073,58.52421,12.51069,13.28429,16.09555,16.63368
318.11460,-0.45855,-1.32750,58.55444,12.56894,13.29903,16.08818,16.59829
318.12460,-0.45788,-1.32814,58.55405,12.56758,13.29857,16.09025,16.59764
318.13460,-0.42322,-1.35303,58.51992,12.51276,13.27443,16.17521,16.55751
318.14460,-0.38735,-1.33974,58.41944,12.52894,13.24803,16.15818,16.48429
318.15460,-0.38735,-1.33974,58.41944,12.52894,13.24803,16.15818,16.48429
318.16460,-0.37993,-1.33540,58.39906,12.53362,13.24546,16.15350,16.46648
318.17460,-0.30337,-1.34333,58.39044,12.55894,13.19603,16.22718,16.40829
318.18460,-0.30228,-1.34250,58.39584,12.56188,13.19759,16.22838,16.40799
318.19460,-0.26695,-1.31585,58.57044,12.65694,13.24803,16.26718,16.39829
318.20460,-0.26509,-1.31601,58.57040,12.65801,13.24653,16.26861,16.39725
318.21460,-0.21856,-1.32002,58.56951,12.68480,13.20903,16.30432,16.37136
318.22460,-0.21617,-1.33420,58.65116,12.67715,13.21631,16.35563,16.40207
318.23460,-0.21755,-1.34861,58.73644,12.66694,13.22703,16.40618,16.43629
318.24460,-0.15819,-1.33873,58.73920,12.70282,13.21783,16.45218,16.36637
318.25460,-0.15250,-1.34641,58.73798,12.70594,13.19440,16.45618,16.38146
318.26460,-0.15230,-1.34956,58.73744,12.70594,13.18603,16.45618,16.38929
318.27460,-0.07907,-1.35095,58.71424,12.73729,13.14089,16.51261,16.32345
318.28460,-0.03548,-1.35177,58.70044,12.75594,13.11403,16.54618,16.28429
318.29460,-0.00557,-1.36337,58.74369,12.76405,13.09511,16.60024,16.28429
318.30460,0.00480,-1.36785,58.67044,12.75954,13.05583,16.58218,16.27289
318.31460,0.00953,-1.37000,58.61844,12.75594,13.03103,16.56618,16.26529
318.32460,0.00376,-1.35810,58.72608,12.80196,13.06301,16.56618,16.29493
318.33460,0.06739,-1.36899,58.74942,12.81494,13.03225,16.65120,16.25103
318.34460,0.08579,-1.37301,58.74744,12.81494,13.02103,16.67518,16.23629
318.35460,0.07888,-1.36274,58.75659,12.82321,13.04324,16.66212,16.22801
318.36460,0.06992,-1.34943,58.76844,12.83394,13.07203,16.64518,16.21729
318.37460,0.08019,-1.36388,58.79249,12.83394,13.04538,16.67118,16.24199
318.38460,0.07130,-1.36797,58.84444,12.83394,13.05768,16.68518,16.26764
318.39460,0.06355,-1.36599,58.86544,12.83394,13.07203,16.68518,16.27429
318.40460,0.05703,-1.38655,58.80508,12.78817,13.03821,16.69181,16.28689
318.41460,0.04713,-1.39406,58.81881,12.76938,13.04366,16.70405,16.30172
318.42460,0.03891,-1.39038,58.87444,12.77494,13.07203,16.71518,16.31229
318.43460,0.02997,-1.39989,58.77512,12.74946,13.02939,16.67878,16.31749
318.44460,0.02169,-1.40869,58.68344,12.72594,12.99003,16.64518,16.32229
318.45460,0.00429,-1.40346,58.75181,12.74184,13.01759,16.63988,16.35250
318.46460,-0.04080,-1.39413,58.76750,12.72244,13.06790,16.60592,16.37123
318.47460,-0.08121,-1.38775,58.70644,12.67694,13.10303,16.56618,16.36029
318.48460,-0.08481,-1.38123,58.66004,12.66894,13.10743,16.54618,16.33749
318.49460,-0.10712,-1.37171,58.57204,12.66494,13.09723,16.47618,16.33369
318.50460,-0.13246,-1.37212,58.54444,12.67694,13.07203,16.41618,16.37929
318.51460,-0.15046,-1.37242,58.54305,12.65632,13.09126,16.41178,16.38369
318.52460,-0.19434,-1.37316,58.53966,12.60604,13.13815,16.40104,16.39442
318.53460,-0.21014,-1.37343,58.53844,12.58794,13.15503,16.39718,16.39829
318.54460,-0.20298,-1.38911,58.46668,12.55626,13.11495,16.40300,16.39247
318.55460,-0.17129,-1.41331,58.54521,12.58335,13.06021,16.45767,16.44399
318.56460,-0.15596,-1.42192,58.61044,12.60794,13.04203,16.48618,16.47429
318.57460,-0.17049,-1.39981,58.60197,12.64567,13.05743,16.42458,16.47429
318.58460,-0.26485,-1.43182,58.62744,12.54894,13.08303,16.40618,16.58929
318.59460,-0.26106,-1.43033,58.62395,12.55567,13.07860,16.40286,16.58682
318.60460,-0.23576,-1.42040,58.60065,12.60056,13.04906,16.38070,16.57034
318.61460,-0.25603,-1.42212,58.60347,12.60149,13.04493,16.35373,16.60332
318.62460,-0.29995,-1.43170,58.62444,12.56894,13.06203,16.33718,16.65629
318.63460,-0.31162,-1.37287,58.51244,12.58794,13.14503,16.24718,16.53229
318.64460,-0.32256,-1.36686,58.51730,12.59265,13.15790,16.23008,16.53668
318.65460,-0.38103,-1.33350,58.55016,12.61981,13.23086,16.14005,16.55945
318.66460,-0.37875,-1.32592,58.59816,12.63314,13.25819,16.15338,16.55345
318.67460,-0.37848,-1.32263,58.61492,12.63794,13.26927,16.15718,16.55053
318.68460,-0.40606,-1.29391,58.58590,12.63794,13.33023,16.10560,16.51213
318.69460,-0.43640,-1.25991,58.41321,12.63871,13.34003,15.97918,16.45529
318.70460,-0.42272,-1.25156,58.45155,12.67645,13.34075,15.97868,16.45567
318.71460,-0.49927,-1.24457,58.46244,12.62794,13.41203,15.92918,16.49329
318.72460,-0.49927,-1.24457,58.46244,12.62794,13.41203,15.92918,16.49329
318.73460,-0.51578,-1.23724,58.42218,12.61955,13.42126,15.89563,16.48574
318.74460,-0.51960,-1.23324,58.37934,12.60894,13.42303,15.88018,16.46719
318.75460,-0.51967,-1.23295,58.37544,12.60794,13.42303,15.87918,16.46529
318.76460,-0.51625,-1.23451,58.38444,12.60794,13.42303,15.88818,16.46529
318.77460,-0.52839,-1.22853,58.49271,12.64339,13.45122,15.88918,16.50892
318.78460,-0.52964,-1.22791,58.50344,12.64694,13.45403,15.88918,16.51329
318.79460,-0.50704,-1.21908,58.58902,12.67707,13.48477,15.93137,16.49581
318.80460,-0.49217,-1.21327,58.64544,12.69694,13.50503,15.95918,16.48429
318.81460,-0.55425,-1.22423,58.65792,12.65794,13.52141,15.92018,16.55839
318.82460,-0.52321,-1.19738,58.74724,12.75458,13.53383,15.90918,16.54965
318.83460,-0.50954,-1.18895,58.77144,12.78494,13.53603,15.90918,16.54129
318.84460,-0.53746,-1.16675,58.60920,12.77714,13.52823,15.79998,16.50385
318.85460,-0.60820,-1.16287,58.56500,12.72112,13.57439,15.73876,16.53073
318.86460,-0.62593,-1.16354,58.56544,12.70594,13.58803,15.73018,16.54129
318.87460,-0.63794,-1.15875,58.58125,12.68381,13.62958,15.74373,16.52413
318.88460,-0.65252,-1.15293,58.60044,12.65694,13.68003,15.76018,16.50329
318.89460,-0.65252,-1.15293,58.60044,12.65694,13.68003,15.76018,16.50329
318.90460,-0.64480,-1.13288,58.48601,12.67496,13.66201,15.69711,16.45193
318.91460,-0.63712,-1.15529,58.65844,12.69694,13.66003,15.76918,16.53229
318.92460,-0.64998,-1.15777,58.66545,12.68633,13.66740,15.76576,16.54595
318.93460,-0.70862,-1.16908,58.69744,12.63794,13.70103,15.75018,16.60829
318.94460,-0.70595,-1.16596,58.69824,12.63794,13.70943,15.75418,16.59669
318.95460,-0.71000,-1.16153,58.75344,12.64954,13.73403,15.76378,16.60609
318.96460,-0.72205,-1.16190,58.83444,12.66694,13.75203,15.76918,16.64629
318.97460,-0.71714,-1.14902,58.82173,12.67223,13.77427,15.76442,16.61082
318.98460,-0.69118,-1.10820,58.76958,12.73425,13.79403,15.71242,16.52888
318.99460,-0.67206,-1.08219,58.73344,12.78494,13.79403,15.67018,16.48429
319.00460,-0.68557,-1.08618,58.67572,12.76466,13.77791,15.64418,16.48897
319.01460,-0.69807,-1.08988,58.62244,12.74594,13.76303,15.62018,16.49329
319.02460,-0.66164,-1.08846,58.67129,12.76117,13.77354,15.67796,16.45862
319.03460,-0.62551,-1.08691,58.85660,12.79593,13.82659,15.78213,16.45195
319.04460,-0.62258,-1.08667,58.98444,12.81494,13.86603,15.82918,16.47429
319.05460,-0.62185,-1.08626,58.97454,12.81399,13.86356,15.82632,16.47067
319.06460,-0.59659,-1.07401,58.79644,12.82254,13.80603,15.76558,16.40229
319.07460,-0.58083,-1.06788,58.82644,12.86394,13.79403,15.76018,16.40829
319.08460,-0.55659,-1.05426,58.78300,12.89195,13.78145,15.74394,16.36566
319.09460,-0.52105,-1.03430,58.71944,12.93294,13.76303,15.72018,16.30329
319.10460,-0.52340,-1.03451,58.71124,12.92937,13.76234,15.71657,16.30296
319.11460,-0.58109,-1.03277,58.50311,12.84268,13.75887,15.62376,16.27781
319.12460,-0.55238,-1.01354,58.58523,12.88837,13.79993,15.65687,16.24006
319.13460,-0.55831,-1.00856,58.61234,12.89564,13.81780,15.65478,16.24412
319.14460,-0.59150,-0.99594,58.71690,12.91617,13.87744,15.64018,16.28311
319.15460,-0.61690,-0.98416,58.86144,12.95194,13.93803,15.64018,16.33129
319.16460,-0.61238,-0.98059,58.86549,12.94924,13.95180,15.65098,16.31347
319.17460,-0.60019,-0.97094,58.87644,12.94194,13.98903,15.68018,16.26529
319.18460,-0.60019,-0.97094,58.87644,12.94194,13.98903,15.68018,16.26529
319.19460,-0.58604,-0.96208,58.90690,12.97194,13.99584,15.68423,16.25488
319.20460,-0.54280,-0.96050,58.83944,12.97194,13.96903,15.71018,16.18829
319.21460,-0.54195,-0.95655,58.82407,12.97669,13.96745,15.69909,16.18084
319.22460,-0.53531,-0.93294,58.73310,13.00425,13.95903,15.63619,16.13363
319.23460,-0.52116,-0.91584,58.67087,13.01968,13.95903,15.60959,16.08256
319.24460,-0.51200,-0.89914,58.63459,13.03679,13.96818,15.58718,16.04244
319.25460,-0.51876,-0.87540,58.68644,13.06994,14.02003,15.57018,16.02629
319.26460,-0.51876,-0.87540,58.68644,13.06994,14.02003,15.57018,16.02629
319.27460,-0.50316,-0.87468,58.66886,13.06994,14.01375,15.58274,16.00243
319.28460,-0.47656,-0.86939,58.61838,13.06994,14.00405,15.59410,15.95029
319.29460,-0.48775,-0.86384,58.60044,13.06994,14.01003,15.57018,15.95029
319.30460,-0.49831,-0.85373,58.70298,13.10574,14.04765,15.57018,15.97941
319.31460,-0.50248,-0.84874,58.76205,13.12894,14.06465,15.57018,15.99829
319.32460,-0.50154,-0.84928,58.75944,13.12894,14.06203,15.57018,15.99829
319.33460,-0.49875,-0.84552,58.72017,13.13664,14.04586,15.54708,15.99059
319.34460,-0.49792,-0.84439,58.70844,13.13894,14.04103,15.54018,15.98829
319.35460,-0.46534,-0.83143,58.67334,13.17494,14.02213,15.53118,15.94509
319.36460,-0.46040,-0.88213,58.66764,13.09884,13.96513,15.61118,15.99249
319.37460,-0.46025,-0.88792,58.66744,13.08994,13.95903,15.62018,15.99829
319.38460,-0.46815,-0.88797,58.78744,13.09594,14.00823,15.66218,16.02109
319.39460,-0.44783,-0.88046,58.82109,13.15010,13.98897,15.65208,16.02994
319.40460,-0.43311,-0.87612,58.79444,13.17894,13.95903,15.63018,16.02629
319.41460,-0.44938,-0.87469,58.87068,13.17894,13.99791,15.64543,16.04840
319.42460,-0.45444,-0.87424,58.89444,13.17894,14.01003,15.65018,16.05529
319.43460,-0.40976,-0.87569,58.84747,13.20897,13.95459,15.65788,16.02603
319.44460,-0.42340,-0.85149,58.78262,13.21024,13.98577,15.60628,15.98033
319.45460,-0.43147,-0.84412,58.76744,13.20794,14.00003,15.59018,15.96929
319.46460,-0.44398,-0.82670,58.73921,13.20281,14.03699,15.56451,15.93489
319.47460,-0.43750,-0.79389,58.69633,13.23234,14.07203,15.52276,15.86919
319.48460,-0.41370,-0.77278,58.67544,13.27694,14.07203,15.50018,15.82629
319.49460,-0.40909,-0.76466,58.72664,13.30190,14.09187,15.50658,15.82629
319.50460,-0.40650,-0.76009,58.75544,13.31594,14.10303,15.51018,15.82629
319.51460,-0.41181,-0.75093,58.70488,13.31594,14.10303,15.47818,15.80773
319.52460,-0.44335,-0.73734,58.71717,13.30366,14.15604,15.45372,15.80375
319.53460,-0.45895,-0.73274,58.73944,13.29694,14.18503,15.45018,15.80729
319.54460,-0.44579,-0.72994,58.66766,13.28397,14.17163,15.44586,15.76621
319.55460,-0.41642,-0.72361,58.59147,13.27938,14.15683,15.45288,15.70238
319.56460,-0.38106,-0.71585,58.64444,13.31594,14.16503,15.49018,15.67329
319.57460,-0.36245,-0.70652,58.61453,13.33168,14.15926,15.48493,15.63865
319.58460,-0.34559,-0.69806,58.58744,13.34594,14.15403,15.48018,15.60729
319.59460,-0.33330,-0.69446,58.70184,13.38740,14.17555,15.51167,15.62723
319.60460,-0.33916,-0.67818,58.80893,13.44204,14.21318,15.50179,15.65192
319.61460,-0.37075,-0.65387,58.81544,13.47394,14.24703,15.43018,15.66429
319.62460,-0.37140,-0.65767,58.78808,13.46123,14.23706,15.42857,15.66123
319.63460,-0.36642,-0.68030,58.67735,13.40830,14.17958,15.43382,15.65565
319.64460,-0.34419,-0.68764,58.76244,13.44394,14.16503,15.47018,15.68329
319.65460,-0.35425,-0.68631,58.72767,13.42433,14.17172,15.45904,15.67259
319.66460,-0.38011,-0.68291,58.63853,13.37404,14.18886,15.43047,15.64516
319.67460,-0.38944,-0.68169,58.60644,13.35594,14.19503,15.42018,15.63529
319.68460,-0.39877,-0.70956,58.63219,13.34123,14.15016,15.43489,15.70591
319.69460,-0.47872,-0.70417,58.71044,13.31594,14.22603,15.39018,15.77829
319.70460,-0.46844,-0.70075,58.71382,13.32634,14.22603,15.39538,15.76607
319.71460,-0.44207,-0.69197,58.72249,13.35301,14.22603,15.40871,15.73473
319.72460,-0.51846,-0.71298,58.72044,13.27694,14.24703,15.38018,15.81629
319.73460,-0.50780,-0.70615,58.72432,13.29052,14.25286,15.38295,15.79799
319.74460,-0.48000,-0.68835,58.73444,13.32594,14.26803,15.39018,15.75029
319.75460,-0.48200,-0.68293,58.74551,13.33404,14.27910,15.38478,15.74759
319.76460,-0.50182,-0.66546,58.78212,13.36369,14.31171,15.34612,15.76060
319.77460,-0.54132,-0.65772,58.80044,13.38494,14.31903,15.28018,15.81629
319.78460,-0.54132,-0.65772,58.80044,13.38494,14.31903,15.28018,15.81629
319.79460,-0.54223,-0.62002,58.76824,13.41211,14.37386,15.23608,15.74619
319.80460,-0.55535,-0.61088,58.71844,13.39494,14.39103,15.21118,15.72129
319.81460,-0.55288,-0.60906,58.71448,13.39777,14.39103,15.20977,15.71591
319.82460,-0.53791,-0.59796,58.69044,13.41494,14.39103,15.20118,15.68329
319.83460,-0.54242,-0.59458,58.69560,13.41614,14.40099,15.19638,15.68209
319.84460,-0.57248,-0.57203,58.73000,13.42414,14.46739,15.16438,15.67409
319.85460,-0.57782,-0.57677,58.49544,13.36594,14.40203,15.10118,15.62629
319.86460,-0.57801,-0.57617,58.49622,13.36702,14.40284,15.10023,15.62613
319.87460,-0.58421,-0.55644,58.52214,13.40300,14.42983,15.06848,15.62084
319.88460,-0.68122,-0.55982,58.51544,13.31594,14.50503,15.02118,15.67329
319.89460,-0.68031,-0.55971,58.51777,13.31782,14.50454,15.02166,15.67375
319.90460,-0.64993,-0.55607,58.59543,13.38059,14.48805,15.03762,15.68917
319.91460,-0.62509,-0.55291,58.66041,13.43290,14.47476,15.05047,15.70229
319.92460,-0.67140,-0.54961,58.60909,13.38068,14.51104,15.01507,15.70229
319.93460,-0.61701,-0.53912,58.63940,13.43697,14.49615,15.04714,15.65914
319.94460,-0.61033,-0.53799,58.64344,13.44394,14.49403,15.05118,15.65429
319.95460,-0.62894,-0.52736,58.68022,13.46601,14.51684,15.02175,15.67562
319.96460,-0.61419,-0.52271,58.65184,13.45624,14.52503,15.03773,15.63284
319.97460,-0.61141,-0.52260,58.64644,13.45394,14.52503,15.04118,15.62629
319.98460,-0.59736,-0.51215,58.65463,13.48475,14.52503,15.03338,15.61147
319.99460,-0.57539,-0.49580,58.66744,13.53294,14.52503,15.02118,15.58829
320.00460,-0.59264,-0.49392,58.68343,13.51734,14.55311,15.02118,15.59180
320.01460,-0.58689,-0.49505,58.69096,13.50639,14.56476,15.04359,15.57622
320.02460,-0.54659,-0.50005,58.66944,13.52294,14.52503,15.07118,15.55029
320.03460,-0.53695,-0.49436,58.72769,13.53816,14.55232,15.09742,15.53979
320.04460,-0.53769,-0.48871,58.73208,13.55714,14.54999,15.07958,15.54537
320.05460,-0.54642,-0.48824,58.68744,13.56194,14.52503,15.04118,15.55929
320.06460,-0.56238,-0.47061,58.69641,13.57229,14.56438,15.01357,15.54617
320.07460,-0.59264,-0.43716,58.71344,13.59194,14.63903,14.96118,15.52129
320.08460,-0.57885,-0.43053,58.62773,13.59769,14.60912,14.93242,15.48850
320.09460,-0.57170,-0.42892,58.62528,13.61182,14.59795,14.92678,15.48873
320.10460,-0.57452,-0.43196,58.68144,13.62094,14.60803,14.94118,15.51129
320.11460,-0.57344,-0.43374,58.61605,13.59571,14.59722,14.93603,15.48709
320.12460,-0.58966,-0.41766,58.60128,13.59744,14.62971,14.90516,15.46897
320.13460,-0.60552,-0.40132,58.64444,13.62094,14.66903,14.88118,15.47329
320.14460,-0.59720,-0.40790,58.66433,13.62792,14.65472,14.89514,15.48655
320.15460,-0.58209,-0.42180,58.70538,13.63929,14.62736,14.92421,15.51452
320.16460,-0.59342,-0.46874,58.81844,13.59194,14.60803,15.01118,15.60729
320.17460,-0.58701,-0.46690,58.78162,13.59501,14.59208,14.99891,15.59563
320.18460,-0.57250,-0.46271,58.69844,13.60194,14.55603,14.97118,15.56929
320.19460,-0.57725,-0.47159,58.64033,13.56723,14.54004,14.97118,15.56188
320.20460,-0.59183,-0.50924,58.57011,13.48213,14.49475,15.00238,15.59085
320.21460,-0.60300,-0.54634,58.60244,13.43394,14.46303,15.05118,15.65429
320.22460,-0.60300,-0.54634,58.60244,13.43394,14.46303,15.05118,15.65429
320.23460,-0.59266,-0.59402,58.65829,13.41845,14.38244,15.10781,15.74958
320.24460,-0.62039,-0.63431,58.63444,13.32594,14.36003,15.15118,15.79729
320.25460,-0.61513,-0.63790,58.64200,13.33134,14.34896,15.15658,15.80512
320.26460,-0.60090,-0.64761,58.66244,13.34594,14.31903,15.17118,15.82629
320.27460,-0.60135,-0.65129,58.67108,13.34234,14.31723,15.17838,15.83313
320.28460,-0.60299,-0.66492,58.70308,13.32901,14.31057,15.20505,15.85846
320.29460,-0.62747,-0.68510,58.69744,13.30694,14.27803,15.19118,15.92129
320.30460,-0.62987,-0.68374,58.68106,13.30134,14.27943,15.18558,15.91471
320.31460,-0.64684,-0.68085,58.58982,13.26008,14.28523,15.15958,15.88493
320.32460,-0.66049,-0.71445,58.64744,13.21794,14.26803,15.21118,15.95029
320.33460,-0.65755,-0.71432,58.65827,13.22531,14.26607,15.21305,15.95383
320.34460,-0.63653,-0.71338,58.73560,13.27798,14.25207,15.22638,15.97917
320.35460,-0.62898,-0.71304,58.76344,13.29694,14.24703,15.23118,15.98829
320.36460,-0.61823,-0.71479,58.73208,13.27774,14.24703,15.24974,15.95757
320.37460,-0.58191,-0.73364,58.76462,13.25967,14.23176,15.33291,15.94029
320.38460,-0.57057,-0.74033,58.78344,13.25694,14.22603,15.36018,15.94029
320.39460,-0.57980,-0.74326,58.58585,13.21805,14.16503,15.29039,15.91238
320.40460,-0.57547,-0.74496,58.60660,13.22337,14.16503,15.30103,15.91717
320.41460,-0.57175,-0.74643,58.62444,13.22794,14.16503,15.31018,15.92129
320.42460,-0.59793,-0.74852,58.65177,13.23533,14.16503,15.28063,15.97078
320.43460,-0.60719,-0.74926,58.66144,13.23794,14.16503,15.27018,15.98829
320.44460,-0.61022,-0.76652,58.55986,13.21121,14.09998,15.24345,16.00522
320.45460,-0.66396,-0.74355,58.57147,13.18213,14.19349,15.20547,15.99038
320.46460,-0.67056,-0.74045,58.57444,13.17894,14.20603,15.20118,15.98829
320.47460,-0.67297,-0.71407,58.50769,13.17004,14.25142,15.17448,15.91175
320.48460,-0.64436,-0.75084,58.58221,13.17784,14.18405,15.24149,15.97883
320.49460,-0.64079,-0.75578,58.59244,13.17894,14.17503,15.25018,15.98829
320.50460,-0.61319,-0.76389,58.68724,13.20234,14.17503,15.31018,15.99969
320.51460,-0.59485,-0.76927,58.75044,13.21794,14.17503,15.35018,16.00729
320.52460,-0.60216,-0.75449,58.73230,13.23547,14.18713,15.31390,15.99580
320.53460,-0.58529,-0.75101,58.74200,13.24106,14.19503,15.33592,15.96999
320.54460,-0.57381,-0.75429,58.75344,13.23794,14.19503,15.36018,15.96029
320.55460,-0.59225,-0.74621,58.75140,13.26293,14.18993,15.30917,15.98936
320.56460,-0.60918,-0.73835,58.70315,13.26980,14.18075,15.25589,15.99672
320.57460,-0.60813,-0.73824,58.64144,13.24694,14.17503,15.25018,15.96929
320.58460,-0.58364,-0.72573,58.58640,13.25974,14.16863,15.24378,15.91425
320.59460,-0.56984,-0.71869,58.55544,13.26694,14.16503,15.24018,15.88329
320.60460,-0.60226,-0.71359,58.55480,13.26054,14.18423,15.20242,15.90761
320.61460,-0.57392,-0.70476,58.47868,13.27000,14.16173,15.19424,15.85272
320.62460,-0.54912,-0.70159,58.43844,13.27694,14.14403,15.20118,15.81629
320.63460,-0.55875,-0.70149,58.43972,13.26030,14.16153,15.20545,15.81245
320.64460,-0.56861,-0.70569,58.47373,13.24900,14.17803,15.21999,15.82671
320.65460,-0.55810,-0.72047,58.58444,13.28694,14.15403,15.25018,15.89329
320.66460,-0.58649,-0.72122,58.58964,13.26614,14.17535,15.23510,15.91305
320.67460,-0.61269,-0.72191,58.59444,13.24694,14.19503,15.22118,15.93129
320.68460,-0.58479,-0.72142,58.56870,13.26239,14.16878,15.23096,15.90657
320.69460,-0.55072,-0.72667,58.63506,13.28605,14.16270,15.28572,15.90059
320.70460,-0.54148,-0.73346,58.74344,13.29694,14.18503,15.34018,15.92129
320.71460,-0.54603,-0.72891,58.71838,13.29924,14.18273,15.31949,15.91692
320.72460,-0.55743,-0.71752,58.65574,13.30499,14.17699,15.26777,15.90600
320.73460,-0.55730,-0.73346,58.72956,13.30694,14.16856,15.30194,15.95211
320.74460,-0.55512,-0.74424,58.78144,13.30694,14.16503,15.33018,15.97929
320.75460,-0.59569,-0.72043,58.76839,13.29159,14.23566,15.28412,15.95702
320.76460,-0.60797,-0.71322,58.76444,13.28694,14.25703,15.27018,15.95029
320.77460,-0.58300,-0.73731,58.64780,13.25644,14.17088,15.27780,15.94266
320.78460,-0.56970,-0.76498,58.74135,13.25578,14.14403,15.34204,15.99950
320.79460,-0.56897,-0.76762,58.75844,13.25694,14.14403,15.35018,16.00729
320.80460,-0.61527,-0.78178,58.55907,13.16827,14.10337,15.27917,16.00826
320.81460,-0.64719,-0.78361,58.54844,13.14894,14.11303,15.25018,16.03629
320.82460,-0.64067,-0.78497,58.55215,13.14894,14.11126,15.26079,16.03116
320.83460,-0.61562,-0.79021,58.56644,13.14894,14.10446,15.30161,16.01143
320.84460,-0.60718,-0.79185,58.57182,13.15440,14.09729,15.31018,16.00995
320.85460,-0.58853,-0.79601,58.60072,13.18528,14.06917,15.31858,16.02769
320.86460,-0.59400,-0.80117,58.68844,13.16894,14.11303,15.37018,16.03629
320.87460,-0.59045,-0.80045,58.68690,13.17300,14.11009,15.37018,16.03363
320.88460,-0.56548,-0.79813,58.67436,13.19887,14.08438,15.37205,16.01906
320.89460,-0.54280,-0.81281,58.65236,13.20554,14.02971,15.38538,16.03173
320.90460,-0.53464,-0.81810,58.64444,13.20794,14.01003,15.39018,16.03629
320.91460,-0.54669,-0.77197,58.73744,13.27694,14.10303,15.35018,16.00729
320.92460,-0.54830,-0.77225,58.73748,13.27498,14.10427,15.34998,16.00825
320.93460,-0.62628,-0.78571,58.73691,13.17991,14.16442,15.33899,16.05358
320.94460,-0.58924,-0.75612,58.61144,13.22794,14.13403,15.28018,15.96929
320.95460,-0.58899,-0.75671,58.61116,13.22754,14.13279,15.28078,15.97005
320.96460,-0.57725,-0.78550,58.59660,13.20794,14.07161,15.30918,16.00787
320.97460,-0.59868,-0.78605,58.55544,13.20794,14.05103,15.26018,16.03629
320.98460,-0.59868,-0.78605,58.55544,13.20794,14.05103,15.26018,16.03629
320.99460,-0.61893,-0.78148,58.71513,13.21630,14.12879,15.30198,16.06806
321.00460,-0.62289,-0.78058,58.74644,13.21794,14.14403,15.31018,16.07429
321.01460,-0.60012,-0.78958,58.63844,13.19634,14.09219,15.31018,16.03973
321.02460,-0.58617,-0.76654,58.67093,13.24564,14.11731,15.29557,16.01241
321.03460,-0.58431,-0.75675,58.69844,13.26694,14.13403,15.29018,16.00729
321.04460,-0.54611,-0.77782,58.53058,13.20611,14.06242,15.32098,15.94107
321.05460,-0.58569,-0.79294,58.45118,13.12788,14.06490,15.30708,15.95132
321.06460,-0.60094,-0.79557,58.44244,13.10994,14.07203,15.30018,15.96029
321.07460,-0.59989,-0.78840,58.51713,13.15537,14.07973,15.29248,15.98955
321.08460,-0.59958,-0.78626,58.53944,13.16894,14.08203,15.29018,15.99829
321.09460,-0.59958,-0.78626,58.53944,13.16894,14.08203,15.29018,15.99829
321.10460,-0.58844,-0.81539,58.83869,13.23163,14.08348,15.38811,16.13547
321.11460,-0.59001,-0.81666,58.90144,13.23794,14.10303,15.41018,16.15029
321.12460,-0.57025,-0.81234,58.82512,13.22425,14.09242,15.41360,16.09484
321.13460,-0.53926,-0.80558,58.70587,13.20286,14.07585,15.41895,16.00821
321.14460,-0.58520,-0.82456,58.68244,13.18794,14.03103,15.36018,16.10329
321.15460,-0.55446,-0.82894,58.66260,13.19434,14.00415,15.38578,16.07833
321.16460,-0.53716,-0.83141,58.65144,13.19794,13.98903,15.40018,16.06429
321.17460,-0.53716,-0.83141,58.65144,13.19794,13.98903,15.40018,16.06429
321.18460,-0.57548,-0.82229,58.56290,13.14780,14.02155,15.35532,16.03823
321.19460,-0.59314,-0.81608,58.52975,13.13065,14.03926,15.33247,16.02737
321.20460,-0.57387,-0.81496,58.51121,13.14470,14.01950,15.33543,16.01158
321.21460,-0.56573,-0.81112,58.57005,13.17431,14.02706,15.34548,16.02320
321.22460,-0.57534,-0.80813,58.63444,13.18794,14.05103,15.35018,16.04529
321.23460,-0.58241,-0.81992,58.64441,13.17272,14.04054,15.36068,16.07047
321.24460,-0.58882,-0.83060,58.65344,13.15894,14.03103,15.37018,16.09329
321.25460,-0.58911,-0.83099,58.65625,13.15926,14.03103,15.37083,16.09513
321.26460,-0.58793,-0.86037,58.77844,13.15694,14.01423,15.43418,16.17309
321.27460,-0.57301,-0.88733,58.83544,13.13894,13.98903,15.50018,16.20729
321.28460,-0.57669,-0.88475,58.80544,13.12334,13.99743,15.49618,16.18849
321.29460,-0.58666,-0.89501,58.69964,13.06834,13.97723,15.48618,16.16789
321.30460,-0.59333,-0.91624,58.60844,13.02094,13.92803,15.48018,16.17929
321.31460,-0.59333,-0.91624,58.60844,13.02094,13.92803,15.48018,16.17929
321.32460,-0.56016,-0.89417,58.67844,13.09994,13.93803,15.48018,16.16029
321.33460,-0.56725,-0.89860,58.63153,13.08385,13.92112,15.46382,16.16274
321.34460,-0.57811,-0.91037,58.51753,13.04898,13.87326,15.42850,16.16679
321.35460,-0.55698,-0.91020,58.54644,13.06994,13.86603,15.45018,16.16029
321.36460,-0.55588,-0.90642,58.55957,13.08045,13.87129,15.44755,16.16029
321.37460,-0.55126,-0.89836,58.60681,13.11173,13.88246,15.44554,16.16708
321.38460,-0.54552,-0.90782,58.64522,13.11835,13.86921,15.46541,16.19225
321.39460,-0.55347,-0.90947,58.65192,13.11028,13.87611,15.46598,16.19955
321.40460,-0.61077,-0.90570,58.63644,13.05094,13.93803,15.44018,16.20729
321.41460,-0.60445,-0.90540,58.62768,13.05376,13.93194,15.44167,16.20031
321.42460,-0.57378,-0.90343,58.60073,13.07118,13.90719,15.45266,16.16970
321.43460,-0.61348,-0.90157,58.76544,13.07994,13.97903,15.47018,16.23629
321.44460,-0.61273,-0.90153,58.75954,13.07962,13.97676,15.46865,16.23451
321.45460,-0.58764,-0.89993,58.56293,13.06888,13.90106,15.41781,16.17518
321.46460,-0.56334,-0.90853,58.46060,13.06094,13.83983,15.40878,16.15105
321.47460,-0.54739,-0.93629,58.58344,13.06094,13.82503,15.49018,16.20729
321.48460,-0.56439,-0.92655,58.58213,13.05306,13.85734,15.47442,16.19731
321.49460,-0.61211,-0.89920,58.57844,13.03094,13.94803,15.43018,16.16929
321.50460,-0.60683,-0.90275,58.58926,13.04653,13.92831,15.42700,16.18742
321.51460,-0.59630,-0.88511,58.65017,13.12903,13.91922,15.38836,16.21356
321.52460,-0.59725,-0.85487,58.69544,13.18794,13.95903,15.35018,16.19829
321.53460,-0.57626,-0.87546,58.55988,13.13041,13.90097,15.37018,16.15832
321.54460,-0.58124,-0.82644,58.67344,13.17894,14.03103,15.37018,16.09329
321.55460,-0.58124,-0.82644,58.67344,13.17894,14.03103,15.37018,16.09329
321.56460,-0.57812,-0.85870,58.51899,13.10800,13.94752,15.37018,16.09329
321.57460,-0.57776,-0.86238,58.50144,13.09994,13.93803,15.37018,16.09329
321.58460,-0.56121,-0.84632,58.54505,13.17025,13.92913,15.34348,16.10219
321.59460,-0.61041,-0.81080,58.54505,13.16995,14.02063,15.27725,16.07722
321.60460,-0.61617,-0.80703,58.54444,13.16894,14.03103,15.27018,16.07429
321.61460,-0.60370,-0.81646,58.42187,13.12623,13.99265,15.27018,16.03281
321.62460,-0.60963,-0.81314,58.43165,13.11529,14.01663,15.27786,16.02187
321.63460,-0.61375,-0.81038,58.45744,13.11994,14.03103,15.28018,16.02629
321.64460,-0.59612,-0.81942,58.46964,13.14205,13.99139,15.28780,16.04840
321.65460,-0.59063,-0.82224,58.47344,13.14894,13.97903,15.29018,16.05529
321.66460,-0.58985,-0.84875,58.45982,13.10623,13.94746,15.32732,16.07881
321.67460,-0.57803,-0.86950,58.59830,13.11537,13.94909,15.40153,16.13231
321.68460,-0.56733,-0.87367,58.73744,13.14894,13.96903,15.45018,16.16929
321.69460,-0.57715,-0.86678,58.69904,13.15534,13.96263,15.41178,16.16929
321.70460,-0.59394,-0.88370,58.68384,13.10198,13.96543,15.43498,16.18145
321.71460,-0.60028,-0.89539,58.68744,13.06994,13.96903,15.46018,16.18829
321.72460,-0.59846,-0.88724,58.65591,13.08281,13.96260,15.43444,16.17606
321.73460,-0.59746,-0.88273,58.63844,13.08994,13.95903,15.42018,16.16929
321.74460,-0.59746,-0.88273,58.63844,13.08994,13.95903,15.42018,16.16929
321.75460,-0.60079,-0.90106,58.61286,13.07300,13.91703,15.42018,16.20265
321.76460,-0.62280,-0.91332,58.54644,13.01094,13.91703,15.42018,16.19829
321.77460,-0.62614,-0.90061,58.57608,13.06242,13.91183,15.37858,16.22325
321.78460,-0.62663,-0.89033,58.52232,13.07406,13.90183,15.34018,16.20625
321.79460,-0.62423,-0.89166,58.44744,13.04094,13.89703,15.34018,16.16929
321.80460,-0.62423,-0.89166,58.44744,13.04094,13.89703,15.34018,16.16929
321.81460,-0.62791,-0.87249,58.48659,13.06236,13.94283,15.33279,16.14860
321.82460,-0.62921,-0.86571,58.50044,13.06994,13.95903,15.33018,16.14129
321.83460,-0.61015,-0.89748,58.55747,13.06994,13.90379,15.38365,16.20010
321.84460,-0.55709,-0.91264,58.64098,13.12245,13.85075,15.44358,16.22420
321.85460,-0.55139,-0.91447,58.65038,13.12826,13.84456,15.45007,16.22749
321.86460,-0.60710,-0.95258,58.64305,13.05753,13.81390,15.44177,16.32985
321.87460,-0.64481,-0.95557,58.63044,12.99194,13.86603,15.45018,16.32229
321.88460,-0.63305,-0.95548,58.62904,12.99879,13.85876,15.45857,16.31292
321.89460,-0.58784,-0.95515,58.62367,13.02513,13.83081,15.49083,16.27690
321.90460,-0.55791,-0.95410,58.58393,13.04890,13.79152,15.48822,16.25529
321.91460,-0.56482,-0.95194,58.50096,13.05720,13.75075,15.43018,16.26283
321.92460,-0.60550,-0.95218,58.53944,13.02094,13.80403,15.43018,16.28429
321.93460,-0.61714,-0.94820,58.52904,13.02094,13.80949,15.40938,16.28923
321.94460,-0.63698,-0.94539,58.52021,13.01588,13.81770,15.38333,16.30329
321.95460,-0.58578,-0.97818,58.60007,12.99642,13.78952,15.51085,16.30329
321.96460,-0.57707,-0.98584,58.59929,12.98858,13.77732,15.53010,16.30329
321.97460,-0.59886,-0.98674,58.46249,12.96458,13.73652,15.45810,16.30329
321.98460,-0.60089,-0.98715,58.44967,12.96239,13.73181,15.45132,16.30415
321.99460,-0.58875,-1.00429,58.53676,12.97088,13.71909,15.50158,16.34521
322.00460,-0.61348,-1.02834,58.48344,12.90294,13.70103,15.51018,16.36929
322.01460,-0.61160,-1.02955,58.48764,12.90658,13.69618,15.51111,16.37377
322.02460,-0.59822,-1.03825,58.51764,12.93258,13.66151,15.51778,16.40577
322.03460,-0.56498,-1.06042,58.36944,12.90294,13.56703,15.52018,16.37929
322.04460,-0.56492,-1.06072,58.37336,12.90314,13.56785,15.52196,16.38042
322.05460,-0.56233,-1.07552,58.56744,12.91294,13.60803,15.61018,16.43629
322.06460,-0.56224,-1.07586,58.56803,12.91274,13.60763,15.61079,16.43687
322.07460,-0.55913,-1.09253,58.59840,12.90294,13.58833,15.63959,16.46754
322.08460,-0.59648,-1.10002,58.66244,12.90294,13.59803,15.62018,16.54129
322.09460,-0.59648,-1.10002,58.66244,12.90294,13.59803,15.62018,16.54129
322.10460,-0.61361,-1.06485,58.59170,12.92762,13.63176,15.53792,16.49440
322.11460,-0.60457,-1.06914,58.50435,12.91514,13.59364,15.52018,16.47539
322.12460,-0.60299,-1.07061,58.49544,12.91294,13.58803,15.52018,16.47429
322.13460,-0.54351,-1.02803,58.54391,12.99930,13.63297,15.53780,16.37383
322.14460,-0.53550,-1.02229,58.55044,13.01094,13.63903,15.54018,16.36029
322.15460,-0.58472,-1.03214,58.54213,12.97593,13.64497,15.50458,16.41665
322.16460,-0.61892,-1.03152,58.53770,12.95823,13.66224,15.47389,16.44334
322.17460,-0.61919,-1.02718,58.53844,12.96194,13.67003,15.47018,16.43629
322.18460,-0.59488,-1.05172,58.44116,12.90190,13.62291,15.51578,16.40057
322.19460,-0.58643,-1.05188,58.48644,12.90574,13.63919,15.54538,16.39613
322.20460,-0.58618,-1.04949,58.51044,12.91294,13.64903,15.55018,16.39829
322.21460,-0.59051,-1.05110,58.54960,12.91734,13.65827,15.55898,16.41501
322.22460,-0.59601,-1.05315,58.59944,12.92294,13.67003,15.57018,16.43629
322.23460,-0.59471,-1.05456,58.60994,12.93120,13.66289,15.56878,16.44707
322.24460,-0.59435,-1.06130,58.64628,12.96762,13.62563,15.55052,16.50251
322.25460,-0.63404,-1.05105,58.49944,12.89294,13.66003,15.50018,16.44629
322.26460,-0.64806,-1.05376,58.47384,12.87438,13.66003,15.48738,16.45205
322.27460,-0.65519,-1.05106,58.54840,12.88890,13.68627,15.49938,16.47385
322.28460,-0.65476,-1.04869,58.59844,12.90294,13.70103,15.51018,16.48429
322.29460,-0.64705,-1.04838,58.57692,12.89397,13.70103,15.51915,16.46277
322.30460,-0.63755,-1.04799,58.55044,12.88294,13.70103,15.53018,16.43629
322.31460,-0.62910,-1.04763,58.54092,12.88294,13.69763,15.53698,16.42337
322.32460,-0.61285,-1.04747,58.52586,12.88356,13.69060,15.55101,16.40068
322.33460,-0.61984,-1.07237,58.68644,12.91294,13.67003,15.59018,16.51329
322.34460,-0.62436,-1.07614,58.59207,12.87529,13.65526,15.57588,16.48564
322.35460,-0.61988,-1.08367,58.50013,12.84317,13.62642,15.56941,16.46113
322.36460,-0.59860,-1.09127,58.52644,12.86394,13.59803,15.59018,16.47429
322.37460,-0.60010,-1.08972,58.55827,12.86394,13.61641,15.60363,16.47429
322.38460,-0.60194,-1.08781,58.59744,12.86394,13.63903,15.62018,16.47429
322.39460,-0.60190,-1.08826,58.59999,12.86362,13.63936,15.62179,16.47522
322.40460,-0.59205,-1.10177,58.67684,12.85394,13.64903,15.68218,16.49169
322.41460,-0.57898,-1.10187,58.67744,12.85394,13.64903,15.70018,16.47429
322.42460,-0.55458,-1.09517,58.68264,12.87754,13.64503,15.71218,16.44789
322.43460,-0.52043,-1.08577,58.67869,12.91294,13.63203,15.72114,16.41258
322.44460,-0.52653,-1.08742,58.64931,12.91294,13.61451,15.69854,16.42331
322.45460,-0.52879,-1.08802,58.63844,12.91294,13.60803,15.69018,16.42729
322.46460,-0.52326,-1.07585,58.56932,12.93044,13.59053,15.64643,16.40191
322.47460,-0.52698,-1.06972,58.59831,12.94581,13.60405,15.64018,16.40827
322.48460,-0.53377,-1.05862,58.70231,12.98194,13.64363,15.64558,16.43116
322.49460,-0.51801,-1.06184,58.68844,12.98194,13.62903,15.66018,16.41729
322.50460,-0.51522,-1.05771,58.67332,12.98014,13.63461,15.65838,16.40019
322.51460,-0.50487,-1.04239,58.61732,12.97347,13.65528,15.65171,16.33685
322.52460,-0.52754,-1.05194,58.61244,12.94194,13.66003,15.65018,16.36029
322.53460,-0.53218,-1.04874,58.61958,12.94474,13.66871,15.64458,16.36155
322.54460,-0.56067,-1.02907,58.66344,12.96194,13.72203,15.61018,16.36929
322.55460,-0.55351,-1.03246,58.66106,12.95648,13.71769,15.62418,16.36271
322.56460,-0.50900,-1.05347,58.63769,12.92427,13.68522,15.70528,16.32292
322.57460,-0.50529,-1.05489,58.57519,12.93377,13.64372,15.67028,16.32742
322.58460,-0.50279,-1.05580,58.52089,12.94155,13.60897,15.63937,16.33100
322.59460,-0.57074,-1.02532,58.46756,12.90304,13.70144,15.56008,16.30300
322.60460,-0.57290,-1.01644,58.47356,12.90804,13.72194,15.55508,16.28850
322.61460,-0.57502,-1.00774,58.47944,12.91294,13.74203,15.55018,16.27429
322.62460,-0.58219,-0.99871,58.54044,12.93294,13.77303,15.55018,16.28429
322.63460,-0.58203,-0.99863,58.54035,12.93320,13.77294,15.55009,16.28412
322.64460,-0.56626,-0.99043,58.53142,12.95909,13.76402,15.54116,16.26715
322.65460,-0.49264,-0.97216,58.58473,13.04115,13.75324,15.58468,16.20566
322.66460,-0.48376,-0.97002,58.59144,13.05094,13.75203,15.59018,16.19829
322.67460,-0.52627,-0.96446,58.58165,13.03314,13.77962,15.54568,16.22321
322.68460,-0.48017,-0.94788,58.54573,13.09235,13.74654,15.53128,16.17556
322.69460,-0.47382,-0.94592,58.54144,13.09994,13.74203,15.53018,16.16929
322.70460,-0.49637,-0.94982,58.67672,13.09282,13.80113,15.57290,16.20987
322.71460,-0.53377,-0.94746,58.63066,13.03918,13.83975,15.55340,16.19833
322.72460,-0.54396,-0.94604,58.59444,13.02094,13.84503,15.54018,16.18829
322.73460,-0.47405,-0.95266,58.52376,13.07338,13.74319,15.54778,16.15941
322.74460,-0.45194,-0.95475,58.50144,13.08994,13.71103,15.55018,16.15029
322.75460,-0.45999,-0.95542,58.50615,13.08137,13.72003,15.55018,16.15457
322.76460,-0.47942,-0.95048,58.54956,13.08914,13.74483,15.53738,16.17821
322.77460,-0.48430,-0.94720,58.57044,13.09994,13.75203,15.53018,16.18829
322.78460,-0.51385,-0.95393,58.46018,13.01249,13.77168,15.52384,16.15217
322.79460,-0.50360,-0.95839,58.56465,13.02431,13.79626,15.57688,16.16720
322.80460,-0.48759,-0.95872,58.66344,13.06094,13.80403,15.61018,16.18829
322.81460,-0.46633,-0.95792,58.58449,13.06514,13.76573,15.59617,16.15745
322.82460,-0.44200,-0.95701,58.49444,13.06994,13.72203,15.58018,16.12229
322.83460,-0.46147,-0.94999,58.45796,13.04498,13.74827,15.56098,16.10373
322.84460,-0.48994,-0.94006,58.44213,13.02667,13.78479,15.53311,16.09755
322.85460,-0.51347,-0.93202,58.44844,13.02094,13.81403,15.51018,16.10329
322.86460,-0.48534,-0.92786,58.41292,13.04153,13.78778,15.51018,16.07343
322.87460,-0.51474,-0.91814,58.45033,13.04564,13.82576,15.48468,16.09425
322.88460,-0.56835,-0.91259,58.51844,13.03094,13.88603,15.46018,16.14129
322.89460,-0.54048,-0.89955,58.53612,13.05642,13.90215,15.48098,16.09657
322.90460,-0.51477,-0.88753,58.55244,13.07994,13.91703,15.50018,16.05529
322.91460,-0.51833,-0.89070,58.55005,13.07994,13.90777,15.49420,16.06814
322.92460,-0.54500,-0.91610,58.53930,13.05966,13.85789,15.47318,16.14857
322.93460,-0.56326,-0.93686,58.54744,13.00194,13.86603,15.51018,16.16929
322.94460,-0.55398,-0.93428,58.53184,13.01208,13.85537,15.50498,16.15941
322.95460,-0.53187,-0.92181,58.51165,13.04692,13.84326,15.49018,16.13129
322.96460,-0.54199,-0.90986,58.56844,13.06094,13.88603,15.49018,16.13129
322.97460,-0.54199,-0.90986,58.56844,13.06094,13.88603,15.49018,16.13129
322.98460,-0.51920,-0.90451,58.57476,13.08910,13.87454,15.49593,16.11519
322.99460,-0.50234,-0.90055,58.57944,13.10994,13.86603,15.50018,16.10329
323.00460,-0.48305,-0.90523,58.48742,13.08731,13.83427,15.50392,16.06192
323.01460,-0.50044,-0.89871,58.36944,13.07994,13.80403,15.43018,16.05529
323.02460,-0.50994,-0.90355,58.37469,13.06182,13.81217,15.43806,16.06264
323.03460,-0.53990,-0.91312,58.39856,13.01988,13.84058,15.45124,16.08686
323.04460,-0.55210,-0.89826,58.43233,13.05299,13.86111,15.41813,16.10011
323.05460,-0.54373,-0.89517,58.45153,13.06773,13.86312,15.42404,16.09663
323.06460,-0.47362,-0.89814,58.52044,13.10994,13.84503,15.51018,16.05529
323.07460,-0.47362,-0.89814,58.52044,13.10994,13.84503,15.51018,16.05529
323.08460,-0.55966,-0.92509,58.46148,13.01794,13.84077,15.45718,16.14559
323.09460,-0.50716,-0.90013,58.49244,13.06094,13.87603,15.50018,16.05529
323.10460,-0.50716,-0.90013,58.49244,13.06094,13.87603,15.50018,16.05529
323.11460,-0.51681,-0.90641,58.41299,13.04367,13.84062,15.46563,16.06306
323.12460,-0.53390,-0.91340,58.27944,13.01094,13.79403,15.41018,16.06429
323.13460,-0.53347,-0.91359,58.28072,13.01124,13.79382,15.41108,16.06458
323.14460,-0.49121,-0.93286,58.40744,13.04094,13.77303,15.50018,16.09329
323.15460,-0.49138,-0.93298,58.40811,13.04094,13.77303,15.50028,16.09386
323.16460,-0.50855,-0.94505,58.47420,13.04055,13.77282,15.50978,16.15105
323.17460,-0.55790,-0.96397,58.45044,13.00194,13.75203,15.47018,16.22629
323.18460,-0.55742,-0.96390,58.45020,13.00213,13.75190,15.47052,16.22565
323.19460,-0.50940,-0.95723,58.42604,13.02160,13.73848,15.50407,16.16189
323.20460,-0.47783,-0.94655,58.39096,13.03933,13.73203,15.51179,16.10780
323.21460,-0.47619,-0.94511,58.38644,13.04094,13.73203,15.51018,16.10329
323.22460,-0.48466,-0.93382,58.51711,13.09338,13.76848,15.51018,16.14506
323.23460,-0.48572,-0.93241,58.53344,13.09994,13.77303,15.51018,16.15029
323.24460,-0.49369,-0.95617,58.36073,12.99596,13.73690,15.51899,16.10887
323.25460,-0.50042,-0.97237,58.37122,12.96416,13.73203,15.54685,16.12818
323.26460,-0.50113,-0.97400,58.37544,12.96194,13.73203,15.55018,16.13129
323.27460,-0.50929,-0.95249,58.30796,12.99227,13.72584,15.47589,16.11395
323.28460,-0.51888,-0.94689,58.32572,13.01094,13.72963,15.45298,16.13217
323.29460,-0.52032,-0.94931,58.34444,13.01094,13.73203,15.46018,16.14129
323.30460,-0.51992,-0.94964,58.34561,13.01094,13.73172,15.46128,16.14167
323.31460,-0.48113,-0.98231,58.46144,13.01094,13.70103,15.57018,16.17929
323.32460,-0.48154,-0.98229,58.46213,13.01084,13.70150,15.57007,16.17972
323.33460,-0.51275,-0.98113,58.52116,13.00460,13.73769,15.56298,16.21589
323.34460,-0.48731,-0.98485,58.51944,13.02094,13.71103,15.58018,16.20729
323.35460,-0.48518,-0.98404,58.53358,13.02654,13.71397,15.58438,16.20869
323.36460,-0.47498,-0.98615,58.61166,13.04721,13.72352,15.61567,16.22525
323.37460,-0.48268,-1.00489,58.58844,13.01094,13.70103,15.63018,16.24629
323.38460,-0.46460,-0.99247,58.55594,13.03232,13.69676,15.61735,16.20951
323.39460,-0.44038,-0.97581,58.51244,13.06094,13.69103,15.60018,16.16029
323.40460,-0.44997,-0.97937,58.52502,13.05414,13.69443,15.60018,16.17627
323.41460,-0.46775,-0.98606,58.54594,13.04034,13.70061,15.60018,16.20481
323.42460,-0.42733,-0.97499,58.37444,13.01094,13.68003,15.60018,16.08329
323.43460,-0.43178,-0.99105,58.41823,13.01094,13.65891,15.61563,16.13274
323.44460,-0.44019,-0.98960,58.48158,13.03153,13.67095,15.61473,16.16436
323.45460,-0.44416,-0.97402,58.50244,13.05094,13.70103,15.60018,16.15029
323.46460,-0.45459,-0.97417,58.48969,13.03405,13.71172,15.59673,16.14719
323.47460,-0.47443,-0.97445,58.46544,13.00194,13.73203,15.59018,16.14129
323.48460,-0.45333,-0.99242,58.48611,13.00545,13.69186,15.62528,16.16352
323.49460,-0.44137,-1.01689,58.45738,12.97627,13.64518,15.65654,16.17938
323.50460,-0.47378,-1.01131,58.36344,12.92294,13.67003,15.62018,16.15029
323.51460,-0.45397,-1.01157,58.39841,12.95469,13.65355,15.63224,16.15792
323.52460,-0.43195,-1.01412,58.45812,12.99987,13.62903,15.64603,16.18319
323.53460,-0.45090,-1.01969,58.47780,12.99455,13.62903,15.63539,16.21882
323.54460,-0.44767,-1.02620,58.48508,12.98931,13.62089,15.64856,16.22631
323.55460,-0.41250,-1.03681,58.47844,12.98194,13.59803,15.70018,16.19829
323.56460,-0.40839,-1.03768,58.48935,12.98467,13.59803,15.70836,16.19829
323.57460,-0.40231,-1.03071,58.49157,12.98911,13.61246,15.71321,16.17679
323.58460,-0.41474,-1.00715,58.42344,12.98194,13.64903,15.67018,16.12229
323.59460,-0.41474,-1.00715,58.42344,12.98194,13.64903,15.67018,16.12229
323.60460,-0.39970,-1.02852,58.41094,12.99917,13.57135,15.66711,16.17331
323.61460,-0.38619,-1.05178,58.42644,12.98194,13.53603,15.71018,16.19829
323.62460,-0.38359,-1.05179,58.43905,12.98471,13.53894,15.71711,16.19829
323.63460,-0.36746,-1.05190,58.51744,13.00194,13.55703,15.76018,16.19829
323.64460,-0.36746,-1.05190,58.51744,13.00194,13.55703,15.76018,16.19829
323.65460,-0.38593,-1.05671,58.56504,13.01055,13.55765,15.74998,16.24686
323.66460,-0.45062,-1.05834,58.62444,12.97194,13.61903,15.73018,16.30329
323.67460,-0.45072,-1.05838,58.62407,12.97173,13.61897,15.73007,16.30329
323.68460,-0.46049,-1.06217,58.58663,12.95088,13.61309,15.71938,16.30329
323.69460,-0.46984,-1.06676,58.54256,12.93294,13.59927,15.70311,16.30725
323.70460,-0.47550,-1.07477,58.47044,12.93294,13.54603,15.66018,16.33129
323.71460,-0.45335,-1.06567,58.52441,12.96087,13.56592,15.68858,16.30904
323.72460,-0.42875,-1.05556,58.58444,12.99194,13.58803,15.72018,16.28429
323.73460,-0.41719,-1.06000,58.38734,12.94694,13.53223,15.68418,16.22399
323.74460,-0.43112,-1.06399,58.40830,12.92813,13.55032,15.69447,16.23538
323.75460,-0.44785,-1.06783,58.45544,12.91294,13.57703,15.71018,16.25529
323.76460,-0.45528,-1.03990,58.47413,12.96545,13.60462,15.65678,16.24728
323.77460,-0.49045,-1.06779,58.51827,12.91053,13.60803,15.68578,16.31393
323.78460,-0.49468,-1.07166,58.52344,12.90294,13.60803,15.69018,16.32229
323.79460,-0.52644,-1.07284,58.61144,12.91192,13.63587,15.68120,16.38245
323.80460,-0.53005,-1.07298,58.62144,12.91294,13.63903,15.68018,16.38929
323.81460,-0.55796,-1.08247,58.53049,12.88400,13.60242,15.62703,16.41705
323.82460,-0.58934,-1.09794,58.43834,12.82123,13.58384,15.60256,16.43072
323.83460,-0.59672,-1.10340,58.42044,12.79494,13.58803,15.61018,16.42729
323.84460,-0.59189,-1.10588,58.31328,12.78734,13.54091,15.57218,16.41285
323.85460,-0.57735,-1.12876,58.35544,12.76268,13.52603,15.63695,16.42978
323.86460,-0.57342,-1.13544,58.37844,12.75594,13.52603,15.66018,16.43629
323.87460,-0.59038,-1.13860,58.36232,12.74059,13.52603,15.64483,16.45087
323.88460,-0.59551,-1.13956,58.35744,12.73594,13.52603,15.64018,16.45529
323.89460,-0.57024,-1.12900,58.40038,12.78231,13.52603,15.64877,16.44326
323.90460,-0.53705,-1.11513,58.45688,12.84333,13.52603,15.66007,16.42744
323.91460,-0.46405,-1.11667,58.42044,12.85394,13.49503,15.73018,16.34129
323.92460,-0.46147,-1.10423,58.47740,12.89170,13.51487,15.72378,16.34705
323.93460,-0.45942,-1.09833,58.58572,12.93169,13.53896,15.73957,16.37550
323.94460,-0.45909,-1.09892,58.62744,12.94194,13.54603,15.75018,16.38929
323.95460,-0.45947,-1.09881,58.62679,12.94194,13.54603,15.74935,16.38947
323.96460,-0.47744,-1.09347,58.59644,12.94194,13.54603,15.71018,16.39829
323.97460,-0.49037,-1.09703,58.56023,12.93225,13.53022,15.68468,16.41308
323.98460,-0.51407,-1.11159,58.55771,12.88703,13.53689,15.69661,16.43717
323.99460,-0.52444,-1.12186,58.58744,12.85394,13.55703,15.73018,16.44629
324.00460,-0.52562,-1.12155,58.58432,12.85332,13.55703,15.72768,16.44629
324.01460,-0.55437,-1.12618,58.49713,12.83006,13.52911,15.66957,16.46839
324.02460,-0.54176,-1.14843,58.51244,12.82394,13.48503,15.70018,16.50329
324.03460,-0.54176,-1.14843,58.51244,12.82394,13.48503,15.70018,16.50329
324.04460,-0.58528,-1.14252,58.42298,12.79241,13.49147,15.62939,16.50972
324.05460,-0.60944,-1.13925,58.37344,12.77494,13.49503,15.59018,16.51329
324.06460,-0.59531,-1.14548,58.41053,12.76112,13.50958,15.64109,16.49874
324.07460,-0.61341,-1.12241,58.41570,12.79874,13.53338,15.58156,16.50202
324.08460,-0.61680,-1.11874,58.41444,12.80494,13.53603,15.57018,16.50329
324.09460,-0.64689,-1.13937,58.31832,12.70882,13.53603,15.57908,16.49439
324.10460,-0.63838,-1.12890,58.47444,12.77494,13.56703,15.60018,16.53229
324.11460,-0.63307,-1.12847,58.44948,12.76740,13.56443,15.60278,16.51487
324.12460,-0.61792,-1.12724,58.37844,12.74594,13.55703,15.61018,16.46529
324.13460,-0.61480,-1.13105,58.36977,12.74594,13.54338,15.61018,16.47028
324.14460,-0.62746,-1.13773,58.37191,12.74594,13.52722,15.59414,16.50460
324.15460,-0.68612,-1.12675,58.44444,12.74594,13.58803,15.55018,16.56029
324.16460,-0.67145,-1.12787,58.47278,12.75868,13.58517,15.57098,16.55795
324.17460,-0.62842,-1.13661,58.54651,12.78298,13.57166,15.64058,16.55129
324.18460,-0.62328,-1.15790,58.51984,12.73698,13.55099,15.68058,16.55129
324.19460,-0.62763,-1.16511,58.50014,12.72314,13.53749,15.67898,16.56053
324.20460,-0.66197,-1.17798,58.41844,12.70594,13.48503,15.61018,16.61729
324.21460,-0.65721,-1.17921,58.41324,12.70594,13.47957,15.61408,16.61365
324.22460,-0.62293,-1.18443,58.38501,12.71500,13.44448,15.63755,16.58797
324.23460,-0.60702,-1.16491,58.42844,12.77494,13.45403,15.62018,16.57929
324.24460,-0.60702,-1.16491,58.42844,12.77494,13.45403,15.62018,16.57929
324.25460,-0.53769,-1.16889,58.36167,12.80543,13.38336,15.65068,16.52220
324.26460,-0.54481,-1.13732,58.58244,12.85394,13.51503,15.70018,16.51329
324.27460,-0.54418,-1.13764,58.58150,12.85404,13.51369,15.70048,16.51329
324.28460,-0.48164,-1.16895,58.48944,12.86394,13.38203,15.73018,16.51329
324.29460,-0.48182,-1.16876,58.48939,12.86401,13.38244,15.72985,16.51309
324.30460,-0.49951,-1.14950,58.48409,12.87063,13.42283,15.69674,16.49389
324.31460,-0.47598,-1.15545,58.42499,12.85781,13.39384,15.71244,16.46090
324.32460,-0.46820,-1.15919,58.41144,12.85394,13.38203,15.72018,16.45529
324.33460,-0.48064,-1.15491,58.44576,12.86274,13.39963,15.71138,16.47201
324.34460,-0.43031,-1.17548,58.45044,12.84616,13.36559,15.79818,16.44051
324.35460,-0.42381,-1.17812,58.45044,12.84394,13.36103,15.80918,16.43629
324.36460,-0.42761,-1.18187,58.44082,12.83717,13.35388,15.80610,16.44367
324.37460,-0.47335,-1.22697,58.32544,12.75594,13.26803,15.76918,16.53229
324.38460,-0.43230,-1.21385,58.40331,12.81477,13.27755,15.80379,16.50720
324.39460,-0.41159,-1.23336,58.44905,12.81112,13.25162,15.85782,16.52849
324.40460,-0.39532,-1.25783,58.48724,12.79654,13.22046,15.91310,16.55714
324.41460,-0.41708,-1.22705,58.52356,12.84006,13.27209,15.85800,16.55340
324.42460,-0.42768,-1.21324,58.49620,12.84634,13.28903,15.82398,16.53685
324.43460,-0.42875,-1.21213,58.48444,12.84394,13.28903,15.81918,16.53229
324.44460,-0.40016,-1.22155,58.46342,12.84394,13.25548,15.84748,16.51652
324.45460,-0.36251,-1.23396,58.43576,12.84394,13.21133,15.88471,16.49578
324.46460,-0.29812,-1.23682,58.28396,12.83636,13.14391,15.90433,16.39935
324.47460,-0.22155,-1.28507,58.23416,12.79670,13.03815,16.02242,16.37689
324.48460,-0.20344,-1.30016,58.23344,12.78494,13.01103,16.05818,16.37929
324.49460,-0.18388,-1.31382,58.32253,12.79501,13.00550,16.11858,16.40345
324.50460,-0.18213,-1.32728,58.45802,12.80494,13.02100,16.17818,16.45390
324.51460,-0.17789,-1.32671,58.60908,12.84211,13.05203,16.22165,16.49329
324.52460,-0.12691,-1.34985,58.70495,12.86394,13.01297,16.31648,16.51156
324.53460,-0.10734,-1.36363,58.73344,12.86394,12.99003,16.35718,16.52229
324.54460,-0.14296,-1.34609,58.60240,12.84504,12.99633,16.26268,16.49835
324.55460,-0.14814,-1.31119,58.57374,12.87930,13.03909,16.20718,16.44817
324.56460,-0.12634,-1.27734,58.64044,12.94194,13.09303,16.20718,16.39829
324.57460,-0.17437,-1.24377,58.50733,12.92715,13.13485,16.09090,16.35443
324.58460,-0.23021,-1.19361,58.33805,12.91294,13.20201,15.94592,16.27718
324.59460,-0.24642,-1.16323,58.26744,12.91294,13.24803,15.88918,16.21729
324.60460,-0.28542,-1.16861,58.31283,12.88285,13.28475,15.88918,16.25605
324.61460,-0.32284,-1.17377,58.35644,12.85394,13.32003,15.88918,16.29329
324.62460,-0.30883,-1.17060,58.35882,12.88080,13.30235,15.88238,16.29329
324.63460,-0.28215,-1.16439,58.36713,12.93325,13.26953,15.86999,16.29437
324.64460,-0.31415,-1.16087,58.59244,12.95194,13.36103,15.91918,16.36029
324.65460,-0.33503,-1.15840,58.52788,12.93722,13.35310,15.87387,16.36368
324.66460,-0.35964,-1.15293,58.45693,12.92425,13.34822,15.81868,16.36578
324.67460,-0.34418,-1.15076,58.51244,12.94194,13.36103,15.84918,16.36029
324.68460,-0.35150,-1.15107,58.49438,12.92075,13.37331,15.85159,16.34873
324.69460,-0.37030,-1.15186,58.44809,12.86643,13.40479,15.85776,16.31910
324.70460,-0.38420,-1.14704,58.43166,12.86681,13.40941,15.83055,16.32489
324.71460,-0.41315,-1.13028,58.39357,12.90834,13.39366,15.73128,16.36029
