time_s,cop_x_cm,cop_y_cm,mass_kg,tr_kg,tl_kg,br_kg,bl_kg
623.55370,-1.39629,8.64543,64.35044,26.39594,30.18003,3.70418,4.07029
623.56370,-1.39629,8.64543,64.35044,26.39594,30.18003,3.70418,4.07029
623.57370,-1.29875,8.67380,64.37734,26.52134,30.15839,3.73638,3.96123
623.58370,-1.29052,8.67262,64.37344,26.52394,30.14903,3.74418,3.95629
623.59370,-1.35124,8.69793,64.45447,26.55008,30.26579,3.66576,3.97284
623.60370,-1.36019,8.70167,64.46644,26.55394,30.28303,3.65418,3.97529
623.61370,-1.35918,8.70480,64.46423,26.55599,30.28788,3.65260,3.96776
623.62370,-1.36838,8.77688,64.55826,26.63658,30.49431,3.60236,3.82501
623.63370,-1.37865,8.78277,64.60844,26.65294,30.53903,3.59418,3.82229
623.64370,-1.34571,8.80474,64.62965,26.75749,30.51555,3.54873,3.80789
623.65370,-1.29823,8.81098,64.54980,26.81298,30.40695,3.52658,3.80329
623.66370,-1.28654,8.81073,64.52244,26.81994,30.37503,3.52418,3.80329
623.67370,-1.26436,8.82302,64.49844,26.87169,30.33678,3.49418,3.79579
623.68370,-1.25696,8.82712,64.49044,26.88894,30.32403,3.48418,3.79329
623.69370,-1.24629,8.83440,64.44044,26.86918,30.32000,3.49628,3.75498
623.70370,-1.20812,8.82193,64.44557,26.86010,30.29841,3.56458,3.72248
623.71370,-1.18619,8.79911,64.52344,26.87994,30.28303,3.61418,3.74629
623.72370,-1.19851,8.77782,64.42548,26.79511,30.22092,3.63438,3.77507
623.73370,-1.17995,8.75230,64.22244,26.69194,30.07253,3.66918,3.78879
623.74370,-1.14917,8.74771,64.11544,26.67194,29.98503,3.68418,3.77429
623.75370,-1.15433,8.70616,64.07396,26.57649,29.92708,3.75236,3.81804
623.76370,-1.15825,8.67455,64.04244,26.50394,29.88303,3.80418,3.85129
623.77370,-1.14416,8.65945,64.04463,26.50613,29.84038,3.82387,3.87426
623.78370,-1.05806,8.55046,64.11103,26.52404,29.57440,3.96489,4.04770
623.79370,-1.02304,8.49656,64.16844,26.53394,29.46303,4.03418,4.13729
623.80370,-0.99816,8.43294,64.47393,26.59463,29.48904,4.15607,4.23419
623.81370,-0.94846,8.33873,64.80350,26.66273,29.43985,4.31954,4.38138
623.82370,-0.92400,8.30709,64.83744,26.67194,29.37003,4.36318,4.43229
623.83370,-0.91079,8.28737,64.93740,26.70560,29.36663,4.39718,4.46799
623.84370,-0.88526,8.24928,65.13144,26.77094,29.36003,4.46318,4.53729
623.85370,-0.87416,8.24032,65.15984,26.79359,29.33624,4.47086,4.55917
623.86370,-0.84542,8.20046,65.18087,26.78782,29.24616,4.52998,4.61691
623.87370,-0.82828,8.16057,65.14244,26.72194,29.16503,4.60318,4.65229
623.88370,-0.82828,8.16057,65.14244,26.72194,29.16503,4.60318,4.65229
623.89370,-0.82151,8.16085,64.92417,26.65258,29.04794,4.57773,4.64592
623.90370,-0.84009,8.14332,64.58489,26.49803,28.86176,4.54136,4.68374
623.91370,-0.84855,8.13666,64.50444,26.45494,28.81703,4.53318,4.69929
623.92370,-0.83770,8.10670,64.34720,26.32565,28.72706,4.60307,4.69142
623.93370,-0.83585,8.10206,64.32443,26.30764,28.71248,4.61288,4.69144
623.94370,-0.80929,8.07195,64.32844,26.37692,28.56167,4.58498,4.80487
623.95370,-0.79702,8.04340,64.57344,26.42494,28.64203,4.67318,4.83329
623.96370,-0.79766,8.04280,64.57450,26.42416,28.64203,4.67352,4.83478
623.97370,-0.84927,7.98873,64.67970,26.35913,28.64337,4.71212,4.96507
623.98370,-0.81451,7.97146,64.78182,26.38573,28.65454,4.78658,4.95497
623.99370,-0.79501,7.95335,64.86352,26.39886,28.65931,4.84198,4.96337
624.00370,-0.84514,7.91660,64.89344,26.34694,28.63203,4.83318,5.08129
624.01370,-0.85047,7.91904,64.89999,26.34573,28.64573,4.82954,5.07898
624.02370,-0.88893,7.93620,64.96276,26.34196,28.75160,4.80575,5.06345
624.03370,-0.88781,7.93287,65.06644,26.37594,28.79603,4.82318,5.07129
624.04370,-0.88781,7.93287,65.06644,26.37594,28.79603,4.82318,5.07129
624.05370,-0.87205,8.01276,65.11881,26.45445,28.99011,4.79348,4.88077
624.06370,-0.86465,7.98245,65.05644,26.40594,28.89903,4.82318,4.92829
624.07370,-0.86465,7.98245,65.05644,26.40594,28.89903,4.82318,4.92829
624.08370,-0.84334,8.05128,64.80044,26.42494,28.85803,4.71318,4.80429
624.09370,-0.84334,8.05128,64.80044,26.42494,28.85803,4.71318,4.80429
624.10370,-0.80984,8.07194,64.46869,26.34716,28.71121,4.68143,4.72889
624.11370,-0.83199,8.05915,64.27660,26.19420,28.66406,4.70906,4.70929
624.12370,-0.83555,8.05706,64.26444,26.17894,28.66303,4.71318,4.70929
624.13370,-0.84687,8.08881,64.22673,26.18592,28.71332,4.67128,4.65621
624.14370,-0.87390,8.12114,64.17338,26.20248,28.74216,4.58904,4.63970
624.15370,-0.88283,8.12865,64.15844,26.20794,28.74503,4.56318,4.64229
624.16370,-0.84121,8.13296,64.31534,26.30191,28.79762,4.60628,4.60953
624.17370,-0.83457,8.13365,64.34044,26.31694,28.80603,4.61318,4.60429
624.18370,-0.85425,8.12139,64.34044,26.27576,28.81260,4.62512,4.62696
624.19370,-0.84377,8.09102,64.42414,26.28544,28.78877,4.67122,4.67870
624.20370,-0.82385,8.07252,64.49444,26.31694,28.76503,4.70318,4.70929
624.21370,-0.83859,8.05342,64.47848,26.26450,28.74983,4.72598,4.73817
624.22370,-0.83381,8.03176,64.57719,26.26764,28.76956,4.77741,4.76257
624.23370,-0.82143,8.01127,64.71369,26.29357,28.80184,4.83561,4.78267
624.24370,-0.77853,8.01752,64.74524,26.35278,28.78721,4.85573,4.74952
624.25370,-0.75402,8.02280,64.75344,26.38594,28.77603,4.86318,4.72829
624.26370,-0.79208,8.02503,64.70220,26.34229,28.78236,4.82522,4.75233
624.27370,-0.78692,8.04828,64.56155,26.30427,28.76639,4.80318,4.68771
624.28370,-0.77111,8.06100,64.49744,26.29694,28.75503,4.80318,4.64229
624.29370,-0.79985,8.05981,64.40340,26.23359,28.73474,4.77843,4.65664
624.30370,-0.84381,8.05307,64.28994,26.16394,28.68853,4.72818,4.70929
624.31370,-0.85835,8.04754,64.27244,26.15894,28.66303,4.70318,4.74729
624.32370,-0.85835,8.04754,64.27244,26.15894,28.66303,4.70318,4.74729
624.33370,-0.87338,8.03637,64.13344,26.03994,28.63203,4.73318,4.72829
624.34370,-0.88061,8.01950,64.17788,26.02529,28.63708,4.75843,4.75707
624.35370,-0.91767,7.99295,64.38706,26.04073,28.72485,4.78823,4.83326
624.36370,-0.94691,7.98316,64.54944,26.06994,28.80603,4.79318,4.88029
624.37370,-0.95581,7.98773,64.59065,26.08649,28.83744,4.78305,4.88366
624.38370,-0.97324,7.99666,64.67144,26.11894,28.89903,4.76318,4.89029
624.39370,-0.99785,7.97898,64.79044,26.11894,28.95003,4.78318,4.93829
624.40370,-0.99194,7.98011,64.76491,26.10821,28.94226,4.79058,4.92386
624.41370,-0.98186,7.98203,64.72144,26.08994,28.92903,4.80318,4.89929
624.42370,-0.96736,7.98132,64.66028,26.08239,28.88259,4.80318,4.89211
624.43370,-0.95780,7.98212,64.52922,26.04179,28.81404,4.79543,4.87796
624.44370,-0.99477,7.98714,64.45174,25.96960,28.83457,4.77556,4.87200
624.45370,-1.00069,7.98629,64.44759,25.95862,28.83961,4.77575,4.87360
624.46370,-1.01118,7.99156,64.47608,25.96684,28.87052,4.76550,4.87322
624.47370,-1.02961,8.01958,64.51644,26.01094,28.94003,4.71318,4.85229
624.48370,-1.03706,8.03057,64.57908,26.05366,28.98179,4.68918,4.85445
624.49370,-1.06055,8.06523,64.77744,26.18894,29.11403,4.61318,4.86129
624.50370,-1.06126,8.07528,64.77967,26.18646,29.14695,4.61566,4.83059
624.51370,-1.06668,8.10845,64.77784,26.17509,29.25101,4.61805,4.73369
624.52370,-1.08033,8.11943,64.74201,26.15905,29.26759,4.59666,4.71872
624.53370,-1.08893,8.12636,64.71944,26.14894,29.27803,4.58318,4.70929
624.54370,-1.10854,8.13997,64.62970,26.13235,29.25634,4.52789,4.71311
624.55370,-1.13264,8.20780,64.27941,26.06155,29.21816,4.39673,4.60296
624.56370,-1.12964,8.22364,64.22829,26.05863,29.22175,4.37988,4.56803
624.57370,-1.11020,8.25549,64.25944,26.12894,29.26803,4.35318,4.50929
624.58370,-1.11679,8.25332,64.27166,26.12359,29.27778,4.35455,4.51574
624.59370,-1.15554,8.24504,64.34184,26.09622,29.34229,4.35762,4.54572
624.60370,-1.13401,8.29002,64.28688,26.14854,29.36944,4.31126,4.45764
624.61370,-1.12560,8.30758,64.26544,26.16894,29.38003,4.29318,4.42329
624.62370,-1.19098,8.35737,64.42681,26.28576,29.54338,4.15557,4.44210
624.63370,-1.17329,8.43892,64.32844,26.33694,29.63703,4.08418,4.27029
624.64370,-1.17329,8.43892,64.32844,26.33694,29.63703,4.08418,4.27029
624.65370,-1.17194,8.45948,64.46637,26.45016,29.70198,4.03820,4.27603
624.66370,-1.17095,8.47464,64.56844,26.53394,29.75003,4.00418,4.28029
624.67370,-1.15940,8.50484,64.62431,26.59240,29.82588,3.98938,4.21665
624.68370,-1.14861,8.57508,64.73794,26.73560,29.98130,3.91608,4.10496
624.69370,-1.16363,8.60728,64.76944,26.80994,30.02603,3.83418,4.09929
624.70370,-1.16050,8.64193,64.72753,26.84024,30.05734,3.78873,4.04122
624.71370,-1.13904,8.69846,64.53344,26.84494,30.04203,3.72418,3.92229
624.72370,-1.12056,8.72108,64.38044,26.81994,29.99603,3.70418,3.86029
624.73370,-1.13979,8.72790,64.24640,26.76283,29.95407,3.66921,3.86029
624.74370,-1.15360,8.73280,64.15044,26.72194,29.92403,3.64418,3.86029
624.75370,-1.07572,8.74571,63.79869,26.64769,29.72378,3.66668,3.76054
624.76370,-1.11230,8.72343,63.57869,26.51944,29.59553,3.63668,3.82704
624.77370,-1.13326,8.71454,63.54444,26.48494,29.57503,3.62418,3.86029
624.78370,-1.10028,8.69090,63.67794,26.53669,29.57503,3.68418,3.88204
624.79370,-1.04489,8.61221,64.02319,26.63494,29.56003,3.83168,3.99654
624.80370,-1.03018,8.58874,64.12344,26.66194,29.55503,3.87418,4.03229
624.81370,-1.00414,8.56779,64.30760,26.73933,29.58001,3.92316,4.06510
624.82370,-0.97718,8.54610,64.49944,26.81994,29.60603,3.97418,4.09929
624.83370,-0.96037,8.51225,64.69381,26.87865,29.62133,4.03338,4.16046
624.84370,-0.94408,8.47715,65.05641,27.00397,29.71252,4.10579,4.23413
624.85370,-0.94543,8.47629,65.31444,27.10694,29.83203,4.12418,4.25129
624.86370,-0.90811,8.46003,65.33800,27.11314,29.79979,4.18556,4.23951
624.87370,-0.91335,8.44303,65.32578,27.09214,29.76143,4.19280,4.27941
624.88370,-0.93058,8.43871,65.30944,27.07694,29.75003,4.17418,4.30829
624.89370,-0.91683,8.44712,65.23504,27.07694,29.70936,4.15930,4.28944
624.90370,-0.90282,8.45569,65.15944,27.07694,29.66803,4.14418,4.27029
624.91370,-0.86332,8.46149,64.98953,27.06367,29.54989,4.13533,4.24064
624.92370,-0.82412,8.49824,64.64518,27.03222,29.38555,4.06000,4.16742
624.93370,-0.84214,8.54693,64.43044,27.00794,29.36003,3.95418,4.10829
624.94370,-0.79950,8.55213,64.35994,27.02744,29.29353,3.96418,4.07479
624.95370,-0.75749,8.54281,64.31344,27.04244,29.21153,3.98918,4.07029
624.96370,-0.75822,8.52828,64.33744,27.03794,29.19603,4.00418,4.09929
624.97370,-0.75872,8.52861,64.33511,27.03700,29.19588,4.00324,4.09899
624.98370,-0.79067,8.54968,64.18844,26.97794,29.18603,3.94418,4.08029
624.99370,-0.79067,8.54968,64.18844,26.97794,29.18603,3.94418,4.08029
625.00370,-0.75017,8.56816,64.35356,27.12020,29.24042,3.94165,4.05129
625.01370,-0.74513,8.56926,64.47944,27.17594,29.29803,3.95418,4.05129
625.02370,-0.74637,8.56932,64.47925,27.17981,29.29416,3.94837,4.05690
625.03370,-0.74980,8.56948,64.47871,27.19056,29.28341,3.93224,4.07249
625.04370,-0.74972,8.56508,64.55783,27.21438,29.31641,3.94675,4.08029
625.05370,-0.73643,8.55668,64.75641,27.28157,29.39927,3.99528,4.08029
625.06370,-0.71895,8.55504,64.87044,27.34394,29.43203,4.01418,4.08029
625.07370,-0.72844,8.56432,64.83651,27.34642,29.42624,3.98108,4.08277
625.08370,-0.76282,8.59275,64.70879,27.32684,29.41467,3.88757,4.07971
625.09370,-0.78191,8.60092,64.63044,27.27394,29.42203,3.87418,4.06029
625.10370,-0.77943,8.59807,64.62324,27.26698,29.41459,3.88138,4.06029
625.11370,-0.77155,8.58903,64.60044,27.24494,29.39103,3.90418,4.06029
625.12370,-0.77356,8.60206,64.53014,27.22786,29.38336,3.88438,4.03454
625.13370,-0.78572,8.63486,64.31870,27.16483,29.35343,3.82740,3.97304
625.14370,-0.81090,8.60577,64.32809,27.11852,29.32591,3.84082,4.04284
625.15370,-0.81668,8.59777,64.33193,27.10620,29.31903,3.84641,4.06029
625.16370,-0.81269,8.59220,64.34335,27.10048,29.31903,3.86355,4.06029
625.17370,-0.83435,8.58402,64.36260,27.06312,29.35019,3.87798,4.07131
625.18370,-0.87370,8.57633,64.38244,27.00794,29.40103,3.88418,4.08929
625.19370,-0.88328,8.58098,64.39556,26.99999,29.43364,3.88418,4.07776
625.20370,-0.89779,8.58804,64.41544,26.98794,29.48303,3.88418,4.06029
625.21370,-0.93530,8.56598,64.54643,26.96985,29.55352,3.90913,4.11393
625.22370,-0.98622,8.57862,64.58844,26.93894,29.65703,3.88418,4.10829
625.23370,-0.98622,8.57862,64.58844,26.93894,29.65703,3.88418,4.10829
625.24370,-0.97853,8.54010,64.58744,26.86994,29.61603,3.96418,4.13729
625.25370,-0.97910,8.54742,64.50544,26.86994,29.56503,3.92418,4.14629
625.26370,-0.97910,8.54742,64.50544,26.86994,29.56503,3.92418,4.14629
625.27370,-1.01523,8.53939,64.55544,26.83994,29.61603,3.92418,4.17529
625.28370,-1.01523,8.53939,64.55544,26.83994,29.61603,3.92418,4.17529
625.29370,-1.03826,8.52689,64.42167,26.74855,29.55511,3.91756,4.20045
625.30370,-1.04824,8.50615,64.46409,26.72565,29.55644,3.94579,4.23621
625.31370,-1.04777,8.50235,64.49344,26.73194,29.56503,3.95418,4.24229
625.32370,-1.06263,8.52794,64.59362,26.77500,29.68191,3.93660,4.20010
625.33370,-1.09977,8.52945,64.62504,26.75454,29.73411,3.91658,4.21981
625.34370,-1.10455,8.52917,64.62744,26.75094,29.73903,3.91418,4.22329
625.35370,-1.12274,8.54696,64.62226,26.74354,29.79231,3.89198,4.19443
625.36370,-1.12913,8.55321,64.62044,26.74094,29.81103,3.88418,4.18429
625.37370,-1.13677,8.52208,64.50377,26.65912,29.70270,3.89933,4.24262
625.38370,-1.14907,8.50349,64.43449,26.60314,29.64558,3.90418,4.28158
625.39370,-1.16204,8.49214,64.39244,26.56394,29.61603,3.90418,4.30829
625.40370,-1.16205,8.49174,64.39205,26.56266,29.61584,3.90527,4.30829
625.41370,-1.16241,8.45140,64.35344,26.43494,29.59603,4.01418,4.30829
625.42370,-1.21101,8.45938,64.44354,26.44484,29.68712,3.97458,4.33700
625.43370,-1.21015,8.45024,64.48403,26.44632,29.69507,3.99349,4.34915
625.44370,-1.20178,8.39289,64.73144,26.45494,29.73903,4.11418,4.42329
625.45370,-1.20304,8.40203,64.65004,26.44051,29.70869,4.08828,4.41256
625.46370,-1.19659,8.40869,64.50544,26.41594,29.62653,4.05418,4.40879
625.47370,-1.18797,8.39975,64.49944,26.41594,29.59603,4.06418,4.42329
625.48370,-1.18708,8.38499,64.42752,26.36675,29.54106,4.08071,4.43899
625.49370,-1.18055,8.36024,64.31712,26.29307,29.44910,4.11192,4.46303
625.50370,-1.15864,8.34458,64.28244,26.27694,29.39103,4.14418,4.47029
625.51370,-1.15273,8.34489,64.28409,26.30629,29.36399,4.12439,4.48941
625.52370,-1.14318,8.34540,64.28675,26.35363,29.32037,4.09248,4.52027
625.53370,-1.14369,8.33236,64.41294,26.38094,29.36553,4.12418,4.54229
625.54370,-1.14971,8.31684,64.51743,26.36732,29.42566,4.17831,4.54614
625.55370,-1.15508,8.31259,64.48044,26.31694,29.43203,4.20318,4.52829
625.56370,-1.16067,8.32223,64.49104,26.33317,29.45223,4.18364,4.52200
625.57370,-1.17185,8.34150,64.51223,26.36562,29.49263,4.14457,4.50941
625.58370,-1.13035,8.32618,64.55044,26.40594,29.44203,4.18418,4.51829
625.59370,-1.11880,8.32533,64.52959,26.42100,29.40651,4.17646,4.52562
625.60370,-1.10042,8.32396,64.49644,26.44494,29.35003,4.16418,4.53729
625.61370,-1.09461,8.31106,64.51642,26.44494,29.33079,4.18231,4.55838
625.62370,-1.06024,8.28346,64.56789,26.46870,29.27337,4.23424,4.59158
625.63370,-1.00334,8.27036,64.60844,26.52394,29.21603,4.28318,4.58529
625.64370,-1.01180,8.27504,64.61394,26.52644,29.23153,4.27068,4.58529
625.65370,-1.02418,8.28730,64.64694,26.55869,29.26253,4.23568,4.59004
625.66370,-0.98525,8.28202,64.69644,26.63294,29.21603,4.24318,4.60429
625.67370,-0.98525,8.28202,64.69644,26.63294,29.21603,4.24318,4.60429
625.68370,-0.92617,8.29513,64.56899,26.64567,29.13040,4.25773,4.53520
625.69370,-0.91536,8.24394,64.64544,26.59294,29.10403,4.36318,4.58529
625.70370,-0.90494,8.24424,64.60786,26.58921,29.07623,4.36447,4.57795
625.71370,-0.83406,8.24627,64.35344,26.56394,28.88803,4.37318,4.52829
625.72370,-0.83118,8.24483,64.33654,26.56202,28.87133,4.37126,4.53193
625.73370,-0.80710,8.23279,64.19574,26.54602,28.73213,4.35526,4.56233
625.74370,-0.76795,8.17546,64.25544,26.49494,28.67303,4.49318,4.59429
625.75370,-0.76795,8.17546,64.25544,26.49494,28.67303,4.49318,4.59429
625.76370,-0.79361,8.16378,64.36533,26.48504,28.74431,4.51793,4.61805
625.77370,-0.81944,8.15203,64.47633,26.47504,28.81631,4.54293,4.64205
625.78370,-0.84724,8.15953,64.50244,26.41594,28.91903,4.57318,4.59429
625.79370,-0.82371,8.14447,64.82044,26.57394,28.99103,4.60318,4.65229
625.80370,-0.82371,8.14447,64.82044,26.57394,28.99103,4.60318,4.65229
625.81370,-0.82486,8.14503,64.79239,26.56292,28.97959,4.59899,4.65089
625.82370,-0.82563,8.15211,64.58906,26.48722,28.90105,4.57575,4.62504
625.83370,-0.80731,8.16266,64.50144,26.46494,28.87803,4.58318,4.57529
625.84370,-0.81529,8.17374,64.45444,26.43544,28.89853,4.57818,4.54229
625.85370,-0.82570,8.18456,64.41735,26.41096,28.92174,4.56932,4.51534
625.86370,-0.84210,8.18267,64.48444,26.44494,28.94003,4.54318,4.55629
625.87370,-0.85704,8.20633,64.39081,26.39284,28.97854,4.52808,4.49135
625.88370,-0.86189,8.21402,64.36044,26.37594,28.99103,4.52318,4.47029
625.89370,-0.88506,8.21677,64.30869,26.33919,28.99103,4.50068,4.47779
625.90370,-0.88866,8.18871,64.40508,26.31179,29.02209,4.56894,4.50226
625.91370,-0.88735,8.17946,64.44144,26.30694,29.03203,4.59318,4.50929
625.92370,-0.88338,8.18696,64.42001,26.33432,29.00743,4.56143,4.51683
625.93370,-0.88261,8.19871,64.42114,26.38426,28.99167,4.51318,4.53203
625.94370,-0.89000,8.19920,64.46844,26.39594,29.02203,4.51318,4.53729
625.95370,-0.87938,8.21836,64.60193,26.47578,29.11123,4.51318,4.50173
625.96370,-0.87300,8.22988,64.68244,26.52394,29.16503,4.51318,4.48029
625.97370,-0.88541,8.22202,64.67113,26.49729,29.15965,4.51587,4.49833
625.98370,-0.91939,8.21250,64.64995,26.44147,29.17025,4.51078,4.52745
625.99370,-0.91979,8.22930,64.66344,26.46494,29.20603,4.49318,4.49929
626.00370,-0.94261,8.23703,64.59714,26.43995,29.19583,4.45238,4.50898
626.01370,-0.96060,8.24746,64.59464,26.45623,29.20694,4.40808,4.52339
626.02370,-0.95677,8.25032,64.65344,26.49494,29.22703,4.40318,4.52829
626.03370,-0.95373,8.25023,64.59387,26.47898,29.19140,4.39520,4.52829
626.04370,-0.94763,8.25006,64.47472,26.44707,29.12012,4.37924,4.52829
626.05370,-0.95025,8.24765,64.43476,26.42759,29.09835,4.37571,4.53310
626.06370,-0.96326,8.24149,64.44876,26.40826,29.11235,4.38238,4.54577
626.07370,-0.94008,8.26071,64.37344,26.40594,29.10403,4.38318,4.48029
626.08370,-0.95614,8.26972,64.33506,26.39826,29.10403,4.34863,4.48413
626.09370,-0.97635,8.28974,64.22363,26.37436,29.08820,4.28932,4.47175
626.10370,-0.96740,8.29855,64.14444,26.35594,29.06303,4.28318,4.44229
626.11370,-0.96740,8.29855,64.14444,26.35594,29.06303,4.28318,4.44229
626.12370,-0.96740,8.29855,64.14444,26.35594,29.06303,4.28318,4.44229
626.13370,-0.95418,8.28094,64.35244,26.43494,29.11403,4.32318,4.48029
626.14370,-0.94247,8.27478,64.35244,26.42624,29.10533,4.34928,4.47159
626.15370,-0.91017,8.28464,64.44344,26.50394,29.13403,4.36318,4.44229
626.16370,-0.91525,8.28607,64.43670,26.49809,29.13810,4.35823,4.44229
626.17370,-0.96157,8.29906,64.37544,26.44494,29.17503,4.31318,4.44229
626.18370,-0.95013,8.28150,64.44444,26.45494,29.17503,4.35318,4.46129
626.19370,-0.94971,8.28160,64.44504,26.45550,29.17527,4.35352,4.46073
626.20370,-0.91378,8.29038,64.49644,26.50394,29.19603,4.38318,4.41329
626.21370,-0.91535,8.29119,64.48172,26.49886,29.19070,4.37888,4.41329
626.22370,-0.92743,8.29745,64.36847,26.45979,29.14964,4.34576,4.41329
626.23370,-0.85181,8.27030,64.51244,26.56394,29.09303,4.42318,4.43229
626.24370,-0.85181,8.27030,64.51244,26.56394,29.09303,4.42318,4.43229
626.25370,-0.89062,8.29366,64.46486,26.55588,29.12610,4.35060,4.43229
626.26370,-0.87819,8.30245,64.41544,26.57555,29.08858,4.32573,4.42558
626.27370,-0.87074,8.30354,64.40244,26.58294,29.07303,4.32318,4.42329
626.28370,-0.92807,8.32295,64.54425,26.60904,29.22441,4.27968,4.43112
626.29370,-0.87633,8.34605,64.55761,26.70777,29.20266,4.26448,4.38270
626.30370,-0.86732,8.34907,64.55644,26.72194,29.19603,4.26318,4.37529
626.31370,-0.85593,8.33344,64.55731,26.67844,29.19603,4.32408,4.35876
626.32370,-0.85423,8.33111,64.55744,26.67194,29.19603,4.33318,4.35629
626.33370,-0.85979,8.36172,64.47760,26.68942,29.19603,4.26907,4.32307
626.34370,-0.84994,8.36166,64.52667,26.71984,29.20797,4.27689,4.32196
626.35370,-0.84062,8.34682,64.59844,26.73194,29.21603,4.31318,4.33729
626.36370,-0.84592,8.38181,64.51942,26.75692,29.22164,4.24232,4.29854
626.37370,-0.82533,8.40264,64.50269,26.79594,29.22703,4.22593,4.25379
626.38370,-0.81678,8.39835,64.52244,26.80094,29.22703,4.24318,4.25129
626.39370,-0.82011,8.41458,64.51599,26.81667,29.25163,4.21939,4.22830
626.40370,-0.82503,8.43861,64.50644,26.83994,29.28803,4.18418,4.19429
626.41370,-0.84952,8.46086,64.41320,26.81537,29.29433,4.12748,4.17602
626.42370,-0.87728,8.48492,64.35907,26.80661,29.32386,4.06898,4.15962
626.43370,-0.88511,8.49136,64.35944,26.80994,29.33903,4.05418,4.15629
626.44370,-0.90558,8.50882,64.26892,26.76716,29.35205,4.02318,4.12653
626.45370,-0.90493,8.51881,64.26831,26.78682,29.36003,4.00418,4.11728
626.46370,-0.88367,8.51764,64.35681,26.86082,29.36003,4.00418,4.13178
626.47370,-0.86174,8.53607,64.35777,26.90874,29.36498,3.98933,4.09472
626.48370,-0.84756,8.55535,64.32444,26.92894,29.37003,3.97418,4.05129
626.49370,-0.85085,8.57252,64.21321,26.90003,29.34994,3.94478,4.01846
626.50370,-0.86489,8.60114,64.06978,26.85940,29.34537,3.89574,3.96927
626.51370,-0.88656,8.62299,64.01333,26.83790,29.37870,3.85810,3.93863
626.52370,-0.90240,8.59795,64.11044,26.81994,29.41153,3.89918,3.97979
626.53370,-0.90330,8.56716,64.23844,26.82994,29.42703,3.94918,4.03229
626.54370,-0.89642,8.56937,64.24844,26.84994,29.42203,3.94418,4.03229
626.55370,-0.90492,8.57439,64.30239,26.88014,29.45325,3.92722,4.04179
626.56370,-0.92143,8.58415,64.40744,26.93894,29.51403,3.89418,4.06029
626.57370,-0.92028,8.58679,64.44314,26.95007,29.54167,3.90186,4.04954
626.58370,-0.90454,8.59253,64.49502,26.98602,29.56744,3.91418,4.02738
626.59370,-0.86894,8.59638,64.48111,27.03238,29.51976,3.91418,4.01480
626.60370,-0.87622,8.60195,64.41781,27.00848,29.50388,3.89685,4.00858
626.61370,-0.90810,8.60671,64.26500,26.92854,29.46319,3.85618,4.01709
626.62370,-0.89735,8.57243,64.37444,26.95894,29.43203,3.89418,4.08929
626.63370,-0.89536,8.56868,64.35359,26.93009,29.43203,3.91600,4.07547
626.64370,-0.88912,8.55695,64.28844,26.83994,29.43203,3.98418,4.03229
626.65370,-0.88912,8.55695,64.28844,26.83994,29.43203,3.98418,4.03229
626.66370,-0.90894,8.53194,64.25172,26.80608,29.36328,3.97103,4.11133
626.67370,-0.91917,8.53507,64.31543,26.84559,29.38828,3.94684,4.13471
626.68370,-0.92029,8.53541,64.32244,26.84994,29.39103,3.94418,4.13729
626.69370,-0.93614,8.51508,64.48059,26.84994,29.47182,3.99630,4.16253
626.70370,-0.94035,8.45137,64.67744,26.84994,29.46303,4.08418,4.28029
626.71370,-0.93686,8.45048,64.66908,26.84509,29.45806,4.09024,4.27568
626.72370,-0.91153,8.44399,64.60844,26.80994,29.42203,4.13418,4.24229
626.73370,-0.91153,8.44399,64.60844,26.80994,29.42203,4.13418,4.24229
626.74370,-0.95281,8.39795,64.53732,26.71074,29.32903,4.13778,4.35977
626.75370,-0.95483,8.38163,64.58044,26.70194,29.32903,4.16418,4.38529
626.76370,-0.95483,8.38163,64.58044,26.70194,29.32903,4.16418,4.38529
626.77370,-0.96820,8.39258,64.68986,26.75085,29.40613,4.14760,4.38529
626.78370,-0.95855,8.39085,64.63434,26.71250,29.39139,4.17384,4.35662
626.79370,-0.95840,8.39080,64.63344,26.71194,29.39103,4.17418,4.35629
626.80370,-1.00503,8.41941,64.65402,26.74036,29.46159,4.08598,4.36609
626.81370,-1.00598,8.41999,64.65444,26.74094,29.46303,4.08418,4.36629
626.82370,-0.96238,8.40980,64.50152,26.71531,29.32691,4.10186,4.35745
626.83370,-1.00554,8.41486,64.32524,26.58441,29.31892,4.08441,4.33750
626.84370,-1.00611,8.41494,64.32344,26.58294,29.31903,4.08418,4.33729
626.85370,-0.97125,8.42346,64.33313,26.65644,29.27801,4.06709,4.33159
626.86370,-0.94493,8.42990,64.34044,26.71194,29.24703,4.05418,4.32729
626.87370,-0.96388,8.42353,64.21146,26.60512,29.22374,4.07123,4.31138
626.88370,-0.98244,8.40050,64.30593,26.59531,29.25073,4.09860,4.36129
626.89370,-0.98403,8.39350,64.38044,26.62294,29.26803,4.10418,4.38529
626.90370,-0.96082,8.38843,64.41844,26.66227,29.24737,4.11751,4.39129
626.91370,-0.99938,8.37963,64.46035,26.61107,29.31006,4.13134,4.40789
626.92370,-1.01927,8.37714,64.46944,26.58294,29.33903,4.13418,4.41329
626.93370,-1.03132,8.38067,64.53485,26.62258,29.36612,4.10775,4.43839
626.94370,-1.03749,8.38248,64.56844,26.64294,29.38003,4.09418,4.45129
626.95370,-1.04766,8.37086,64.53810,26.60594,29.35783,4.10158,4.47275
626.96370,-1.06167,8.37224,64.48536,26.55739,29.36454,4.10418,4.45925
626.97370,-1.06562,8.37431,64.46944,26.54394,29.37003,4.10418,4.45129
626.98370,-1.06703,8.37649,64.56694,26.59569,29.40903,4.09668,4.46554
626.99370,-1.09047,8.39061,64.60844,26.60544,29.47528,4.07168,4.45604
627.00370,-1.09812,8.39507,64.61144,26.60294,29.49303,4.06418,4.45129
627.01370,-1.08616,8.40893,64.67990,26.66117,29.53356,4.05631,4.42886
627.02370,-1.06777,8.43024,64.78544,26.75094,29.59603,4.04418,4.39429
627.03370,-1.06777,8.43024,64.78544,26.75094,29.59603,4.04418,4.39429
627.04370,-1.10022,8.46949,64.64716,26.72616,29.61183,3.95478,4.35439
627.05370,-1.10721,8.49715,64.51144,26.69194,29.60603,3.91418,4.29929
627.06370,-1.11730,8.50442,64.40851,26.63800,29.59069,3.90428,4.27553
627.07370,-1.11544,8.51013,64.30534,26.60193,29.55279,3.89418,4.25644
627.08370,-1.09156,8.50671,64.30906,26.63916,29.50917,3.89418,4.26655
627.09370,-1.08314,8.52707,64.20541,26.64789,29.46728,3.84873,4.24150
627.10370,-1.08823,8.55637,64.05494,26.60844,29.45753,3.80918,4.17979
627.11370,-1.09293,8.56441,64.00744,26.57394,29.47303,3.81418,4.14629
627.12370,-1.09063,8.57521,64.00668,26.60738,29.46923,3.78378,4.14629
627.13370,-1.08687,8.59282,64.00544,26.66194,29.46303,3.73418,4.14629
627.14370,-1.08153,8.57086,64.05400,26.65468,29.45118,3.77242,4.17573
627.15370,-1.10174,8.53733,64.13580,26.62425,29.45894,3.81176,4.24085
627.16370,-1.15005,8.54048,64.14144,26.59294,29.50403,3.77418,4.27029
627.17370,-1.15005,8.54048,64.14144,26.59294,29.50403,3.77418,4.27029
627.18370,-1.19461,8.51443,64.28096,26.58542,29.56013,3.78161,4.35381
627.19370,-1.19613,8.51216,64.34944,26.59294,29.60603,3.80418,4.34629
627.20370,-1.19036,8.49925,64.38314,26.58833,29.60361,3.83327,4.35792
627.21370,-1.17240,8.45899,64.48844,26.57394,29.59603,3.92418,4.39429
627.22370,-1.17240,8.45899,64.48844,26.57394,29.59603,3.92418,4.39429
627.23370,-1.18044,8.46303,64.54026,26.59942,29.62712,3.91123,4.40249
627.24370,-1.19103,8.46980,64.59651,26.63862,29.65610,3.88282,4.41897
627.25370,-1.19105,8.47091,64.58744,26.64294,29.64703,3.87418,4.42329
627.26370,-1.19615,8.45326,64.54184,26.58389,29.61639,3.90408,4.43749
627.27370,-1.23066,8.44800,64.39689,26.50513,29.55404,3.86304,4.47467
627.28370,-1.23636,8.44812,64.37444,26.49494,29.54503,3.85418,4.48029
627.29370,-1.19591,8.42007,64.37247,26.48507,29.47399,3.92325,4.49015
627.30370,-1.19536,8.41969,64.37244,26.48494,29.47303,3.92418,4.49029
627.31370,-1.23128,8.40606,64.28412,26.38990,29.45287,3.92418,4.51717
627.32370,-1.23415,8.38500,64.13844,26.30694,29.35003,3.93418,4.54729
627.33370,-1.23415,8.38500,64.13844,26.30694,29.35003,3.93418,4.54729
627.34370,-1.25325,8.38792,64.04476,26.26109,29.32279,3.90760,4.55327
627.35370,-1.21954,8.36298,64.02713,26.23794,29.26060,3.97230,4.55629
627.36370,-1.20740,8.35558,64.03544,26.23794,29.24703,3.99418,4.55629
627.37370,-1.20769,8.31586,64.34730,26.28051,29.36257,4.09842,4.60580
627.38370,-1.20773,8.30988,64.39444,26.28694,29.38003,4.11418,4.61329
627.39370,-1.24933,8.29926,64.47098,26.27834,29.42475,4.09698,4.67091
627.40370,-1.26599,8.27395,64.52816,26.24311,29.43777,4.13431,4.71297
627.41370,-1.27335,8.25643,64.56144,26.21794,29.44203,4.16418,4.73729
627.42370,-1.29130,8.24850,64.52079,26.17207,29.43042,4.16418,4.75413
627.43370,-1.35173,8.24683,64.35839,26.03579,29.42203,4.13428,4.76629
627.44370,-1.36781,8.24821,64.31344,26.00094,29.42203,4.12418,4.76629
627.45370,-1.38092,8.22411,64.34082,25.96468,29.41389,4.15378,4.80847
627.46370,-1.38552,8.21565,64.35044,25.95194,29.41103,4.16418,4.82329
627.47370,-1.39248,8.20954,64.33008,25.92711,29.40110,4.16915,4.83272
627.48370,-1.40110,8.19394,64.36325,25.90194,29.41078,4.19702,4.85351
627.49370,-1.40357,8.17910,64.44844,25.90194,29.44203,4.23318,4.87129
627.50370,-1.37899,8.16840,64.41000,25.89574,29.38499,4.25798,4.87129
627.51370,-1.40688,8.16734,64.38841,25.84864,29.41056,4.25350,4.87572
627.52370,-1.45124,8.17301,64.39044,25.80394,29.47303,4.23318,4.88029
627.53370,-1.43549,8.17274,64.38491,25.82903,29.44241,4.22893,4.88454
627.54370,-1.41420,8.17236,64.37744,25.86294,29.40103,4.22318,4.89029
627.55370,-1.42201,8.16441,64.32844,25.80344,29.39603,4.24818,4.88079
627.56370,-1.43024,8.16685,64.23835,25.76374,29.36529,4.23358,4.87574
627.57370,-1.43067,8.17747,64.19644,25.78394,29.33903,4.19318,4.88029
627.58370,-1.43576,8.17654,64.19644,25.78394,29.33643,4.18562,4.89045
627.59370,-1.44617,8.17465,64.19644,25.78394,29.33111,4.17020,4.91120
627.60370,-1.45229,8.18354,64.21636,25.79639,29.36078,4.15796,4.90124
627.61370,-1.45355,8.18937,64.22844,25.80394,29.38003,4.15418,4.89029
627.62370,-1.44214,8.18778,64.46644,25.93194,29.45203,4.15418,4.92829
627.63370,-1.42499,8.17860,64.45771,25.93558,29.41494,4.17200,4.93520
627.64370,-1.42690,8.15729,64.46575,25.89791,29.39924,4.21058,4.95802
627.65370,-1.48120,8.14837,64.50544,25.82294,29.48303,4.22318,4.97629
627.66370,-1.48120,8.14837,64.50544,25.82294,29.48303,4.22318,4.97629
627.67370,-1.41401,8.18849,64.51976,25.95028,29.48149,4.20264,4.88535
627.68370,-1.41814,8.21711,64.58044,26.03094,29.53403,4.14418,4.87129
627.69370,-1.41243,8.21952,64.55777,26.03094,29.52135,4.14210,4.86338
627.70370,-1.39035,8.22862,64.47049,26.03094,29.47198,4.13418,4.83339
627.71370,-1.36380,8.22143,64.38861,26.03211,29.38003,4.13418,4.84229
627.72370,-1.35748,8.22165,64.37815,26.03545,29.36830,4.13533,4.83907
627.73370,-1.33033,8.22034,64.23744,26.00094,29.27803,4.14418,4.81429
627.74370,-1.33033,8.22034,64.23744,26.00094,29.27803,4.14418,4.81429
627.75370,-1.28762,8.22371,64.00021,25.95749,29.12679,4.13943,4.77650
627.76370,-1.31644,8.20734,63.96144,25.93194,29.07303,4.10418,4.85229
627.77370,-1.31432,8.20922,63.96188,25.93305,29.07759,4.10640,4.84484
627.78370,-1.29740,8.22429,63.96544,25.94194,29.11403,4.12418,4.78529
627.79370,-1.29476,8.22108,63.98353,25.94777,29.11477,4.13075,4.79023
627.80370,-1.27083,8.19202,64.14796,26.00079,29.12148,4.19048,4.83520
627.81370,-1.18801,8.18451,64.28720,26.14691,29.07384,4.23286,4.83359
627.82370,-1.18682,8.18456,64.28844,26.14894,29.07303,4.23318,4.83329
627.83370,-1.16087,8.18574,64.24884,26.15884,29.03244,4.24308,4.81448
627.84370,-1.13629,8.17315,64.36592,26.21108,29.04523,4.28278,4.82683
627.85370,-1.12379,8.16668,64.42644,26.23794,29.05203,4.30318,4.83329
627.86370,-1.10730,8.14888,64.48307,26.27192,29.01631,4.32061,4.87424
627.87370,-1.09815,8.12899,64.50884,26.26911,28.98493,4.34928,4.90552
627.88370,-1.09714,8.12641,64.51144,26.26794,28.98103,4.35318,4.90929
627.89370,-1.07648,8.13524,64.57174,26.32738,28.99826,4.35318,4.89292
627.90370,-1.07316,8.13666,64.58144,26.33694,29.00103,4.35318,4.89029
627.91370,-1.08572,8.12857,64.47617,26.26821,28.95666,4.35318,4.89812
627.92370,-1.07065,8.13351,64.45532,26.29004,28.93096,4.34388,4.89045
627.93370,-1.05117,8.14059,64.44944,26.32694,28.90903,4.33318,4.88029
627.94370,-1.00121,8.14296,64.30909,26.30466,28.81770,4.36288,4.82385
627.95370,-0.97707,8.13554,64.30453,26.33591,28.76163,4.36531,4.84168
627.96370,-0.96794,8.12443,64.36410,26.38857,28.72865,4.35467,4.89221
627.97370,-0.92335,8.10079,64.36413,26.38839,28.66211,4.42114,4.89249
627.98370,-0.90931,8.09363,64.36144,26.38594,28.64203,4.44318,4.89029
627.99370,-0.90931,8.09363,64.36144,26.38594,28.64203,4.44318,4.89029
628.00370,-0.92085,8.08691,64.34338,26.36874,28.62483,4.43458,4.91523
628.01370,-0.92638,8.07172,64.27124,26.29773,28.59139,4.46284,4.91929
628.02370,-0.92310,8.07830,64.24822,26.29694,28.59103,4.45748,4.90276
628.03370,-0.92882,8.08062,64.20515,26.28702,28.57069,4.43830,4.90914
628.04370,-0.93720,8.07780,64.17844,26.27694,28.55003,4.42318,4.92829
628.05370,-0.90847,8.06786,64.35613,26.36009,28.59062,4.46773,4.93769
628.06370,-0.87932,8.05778,64.53744,26.44494,28.63203,4.51318,4.94729
628.07370,-0.88574,8.05619,64.53695,26.44494,28.62713,4.50338,4.96150
628.08370,-0.90354,8.07309,64.46980,26.43073,28.63183,4.45888,4.94836
628.09370,-0.91514,8.09244,64.40044,26.41594,28.64203,4.42318,4.91929
628.10370,-0.91514,8.09244,64.40044,26.41594,28.64203,4.42318,4.91929
628.11370,-0.90107,8.13021,64.16361,26.34654,28.61526,4.40003,4.80179
628.12370,-0.90512,8.14241,64.03744,26.30694,28.58103,4.37318,4.77629
628.13370,-0.90877,8.14638,64.07256,26.32714,28.60211,4.36440,4.77892
628.14370,-0.91760,8.15596,64.15744,26.37594,28.65303,4.34318,4.78529
628.15370,-0.90895,8.15397,64.17620,26.38946,28.65000,4.35146,4.78529
628.16370,-0.85323,8.15939,64.29724,26.48648,28.67207,4.39516,4.74352
628.17370,-0.79621,8.17775,64.42144,26.59294,28.72403,4.43318,4.67129
628.18370,-0.80431,8.18534,64.43642,26.60744,28.74385,4.41385,4.67129
628.19370,-0.82677,8.20640,64.47803,26.64771,28.79888,4.36016,4.67129
628.20370,-0.83429,8.22743,64.43599,26.65294,28.81691,4.32352,4.64262
628.21370,-0.81009,8.24061,64.46980,26.71921,28.81703,4.30954,4.62401
628.22370,-0.80954,8.26622,64.37744,26.71194,28.81703,4.27318,4.57529
628.23370,-0.80954,8.26622,64.37744,26.71194,28.81703,4.27318,4.57529
628.24370,-0.84450,8.31945,64.19917,26.65235,28.87276,4.19513,4.47892
628.25370,-0.80727,8.33600,64.10244,26.71194,28.77603,4.14418,4.47029
628.26370,-0.79915,8.33841,64.10318,26.71689,28.77851,4.15161,4.45618
628.27370,-0.77447,8.34575,64.10544,26.73194,28.78603,4.17418,4.41329
628.28370,-0.77885,8.35529,64.10247,26.75372,28.78851,4.14448,4.41576
628.29370,-0.79107,8.38481,64.09776,26.81646,28.80467,4.06138,4.41525
628.30370,-0.78646,8.38690,64.11576,26.80196,28.84067,4.09138,4.38175
628.31370,-0.78222,8.39048,64.12437,26.79280,28.86739,4.11097,4.35321
628.32370,-0.77605,8.40715,64.08212,26.80831,28.86204,4.08423,4.32754
628.33370,-0.79551,8.39419,63.87944,26.67194,28.78603,4.09418,4.32729
628.34370,-0.79532,8.39309,63.88799,26.67762,28.78469,4.09290,4.33278
628.35370,-0.79371,8.38393,63.95927,26.72496,28.77352,4.08227,4.37852
628.36370,-0.79434,8.37151,64.03156,26.75266,28.77367,4.08846,4.41677
628.37370,-0.80893,8.33050,64.16906,26.69254,28.83763,4.19318,4.44571
628.38370,-0.81806,8.32223,64.20756,26.69754,28.84263,4.19318,4.47421
628.39370,-0.82608,8.31495,64.24144,26.70194,28.84703,4.19318,4.49929
628.40370,-0.80307,8.32697,64.21372,26.73164,28.82723,4.18427,4.47058
628.41370,-0.81407,8.27433,64.32828,26.68244,28.82703,4.27229,4.54652
628.42370,-0.81418,8.27380,64.32944,26.68194,28.82703,4.27318,4.54729
628.43370,-0.84839,8.27971,64.31244,26.62294,28.88803,4.27318,4.52829
628.44370,-0.84839,8.27971,64.31244,26.62294,28.88803,4.27318,4.52829
628.45370,-0.84814,8.26736,64.22414,26.59771,28.80226,4.25636,4.56781
628.46370,-0.82558,8.23718,64.31863,26.61900,28.77735,4.31399,4.60830
628.47370,-0.82218,8.23298,64.33544,26.62294,28.77603,4.32318,4.61329
628.48370,-0.85081,8.22328,64.31821,26.58073,28.77603,4.31457,4.64688
628.49370,-0.88179,8.23970,64.37736,26.59028,28.86375,4.28738,4.63595
628.50370,-0.88607,8.24262,64.38744,26.59294,28.87803,4.28318,4.63329
628.51370,-0.90261,8.23691,64.37883,26.58720,28.86023,4.26021,4.67119
628.52370,-0.91487,8.23268,64.37244,26.58294,28.84703,4.24318,4.69929
628.53370,-0.93280,8.22758,64.34259,26.50788,28.88200,4.27730,4.67540
628.54370,-0.92860,8.21758,64.39591,26.50919,28.89835,4.30775,4.68062
628.55370,-0.92107,8.20815,64.45644,26.52394,28.90903,4.33318,4.69029
628.56370,-0.90621,8.24785,64.31666,26.53889,28.88586,4.27338,4.61853
628.57370,-0.91522,8.28631,64.14394,26.53651,28.84759,4.17967,4.58018
628.58370,-0.92010,8.29500,64.10044,26.53394,28.83703,4.15418,4.57529
628.59370,-0.91858,8.29152,64.06544,26.51444,28.81653,4.15918,4.57529
628.60370,-0.91705,8.28805,64.03044,26.49494,28.79603,4.16418,4.57529
628.61370,-0.93124,8.29531,64.00163,26.48004,28.80646,4.14431,4.57082
628.62370,-0.95168,8.31495,63.94175,26.46101,28.82884,4.10451,4.54740
628.63370,-0.96102,8.33388,63.89444,26.45494,28.84703,4.07418,4.51829
628.64370,-0.93684,8.35956,63.99695,26.53351,28.92929,4.08032,4.45383
628.65370,-0.94254,8.39011,64.10048,26.58904,29.04935,4.06588,4.39621
628.66370,-0.95587,8.39932,64.12544,26.59294,29.09303,4.05418,4.38529
628.67370,-0.94273,8.43136,64.12234,26.64192,29.13147,4.02318,4.32577
628.68370,-0.93467,8.45100,64.12044,26.67194,29.15503,4.00418,4.28929
628.69370,-0.93467,8.45100,64.12044,26.67194,29.15503,4.00418,4.28929
628.70370,-0.96522,8.46972,64.15306,26.67194,29.23610,3.97452,4.27050
628.71370,-0.96160,8.46569,64.30689,26.68184,29.34890,4.04348,4.23267
628.72370,-0.96054,8.47089,64.31504,26.69142,29.36107,4.03938,4.22317
628.73370,-0.95399,8.51414,64.37762,26.77171,29.45744,3.99873,4.14974
628.74370,-0.96020,8.54504,64.46744,26.83994,29.55503,3.96418,4.10829
628.75370,-0.95465,8.56174,64.39907,26.84808,29.53428,3.93162,4.08509
628.76370,-0.94655,8.58616,64.29944,26.85994,29.50403,3.88418,4.05129
628.77370,-0.95993,8.59949,64.33989,26.89446,29.54260,3.84912,4.05371
628.78370,-0.99746,8.64671,64.44551,27.02330,29.63989,3.71489,4.06743
628.79370,-0.99994,8.66688,64.43844,27.08694,29.62703,3.64418,4.08029
628.80370,-1.00702,8.67773,64.39145,27.06881,29.63443,3.62938,4.05883
628.81370,-1.02002,8.70715,64.26821,27.03794,29.63971,3.58220,4.00837
628.82370,-1.02163,8.72607,64.19344,27.03794,29.62703,3.54418,3.98429
628.83370,-1.02133,8.73373,64.17688,27.04490,29.62703,3.52978,3.97517
628.84370,-1.02049,8.75505,64.13088,27.06423,29.62703,3.48978,3.94983
628.85370,-1.02220,8.75229,64.12123,27.05394,29.62104,3.49294,3.95330
628.86370,-1.04376,8.72155,64.06620,26.96138,29.57859,3.52738,3.99885
628.87370,-1.07831,8.73056,63.95144,26.90894,29.55503,3.47418,4.01329
628.88370,-1.09517,8.72624,63.94424,26.88062,29.56487,3.47418,4.02457
628.89370,-1.15932,8.70810,63.92144,26.77030,29.60419,3.47898,4.06797
628.90370,-1.20403,8.68955,63.92144,26.68430,29.63819,3.49898,4.09997
628.91370,-1.21565,8.68473,63.92144,26.66194,29.64703,3.50418,4.10829
628.92370,-1.30645,8.66614,63.87044,26.53394,29.67803,3.47418,4.18429
628.93370,-1.30964,8.65667,63.90344,26.53034,29.68415,3.48858,4.20037
628.94370,-1.33751,8.58190,64.16528,26.49931,29.73509,3.60131,4.32957
628.95370,-1.37153,8.53993,64.31244,26.46494,29.78003,3.65418,4.41329
628.96370,-1.37153,8.53993,64.31244,26.46494,29.78003,3.65418,4.41329
628.97370,-1.39936,8.50501,64.37944,26.42494,29.78003,3.68418,4.49029
628.98370,-1.40929,8.47699,64.51904,26.40613,29.84142,3.75349,4.51801
628.99370,-1.40939,8.47671,64.52044,26.40594,29.84203,3.75418,4.51829
629.00370,-1.45147,8.42180,64.67844,26.32694,29.90303,3.84418,4.60429
629.01370,-1.45147,8.42180,64.67844,26.32694,29.90303,3.84418,4.60429
629.02370,-1.45760,8.42071,64.68780,26.32934,29.90567,3.83698,4.61581
629.03370,-1.49848,8.41768,64.72087,26.31789,29.93727,3.80275,4.66295
629.04370,-1.53334,8.41838,64.72644,26.28694,29.97503,3.78418,4.68029
629.05370,-1.53709,8.40009,64.76244,26.27688,29.96445,3.80536,4.71576
629.06370,-1.53588,8.38458,64.78494,26.26794,29.94886,3.82656,4.74158
629.07370,-1.50218,8.38999,64.71444,26.26794,29.90303,3.84418,4.69929
629.08370,-1.50100,8.39314,64.69977,26.26541,29.90177,3.84165,4.69094
629.09370,-1.49281,8.41494,64.59844,26.24794,29.89303,3.82418,4.63329
629.10370,-1.49951,8.41435,64.58380,26.23594,29.89063,3.81938,4.63785
629.11370,-1.52560,8.41487,64.53240,26.19794,29.88543,3.79458,4.65445
629.12370,-1.54102,8.42245,64.51644,26.19794,29.89303,3.76418,4.66129
629.13370,-1.54343,8.43906,64.30928,26.13605,29.82166,3.72629,4.62529
629.14370,-1.58488,8.41886,64.18844,25.99760,29.79809,3.74718,4.64557
629.15370,-1.59139,8.41399,64.18844,25.98094,29.80103,3.75418,4.65229
629.16370,-1.56973,8.42203,64.13516,26.01054,29.74775,3.73198,4.64489
629.17370,-1.56211,8.42486,64.11644,26.02094,29.72903,3.72418,4.64229
629.18370,-1.56947,8.39553,64.20376,25.99874,29.74457,3.77598,4.68447
629.19370,-1.55831,8.37399,64.24550,25.99945,29.71941,3.81119,4.71545
629.20370,-1.53975,8.35879,64.26044,26.01094,29.67803,3.83418,4.73729
629.21370,-1.53517,8.36510,64.30878,26.04615,29.70250,3.82821,4.73192
629.22370,-1.53459,8.35432,64.34944,26.05994,29.69353,3.83418,4.76179
629.23370,-1.53709,8.33928,64.35744,26.04994,29.66803,3.84418,4.79529
629.24370,-1.51262,8.34631,64.38806,26.08354,29.68079,3.86119,4.76254
629.25370,-1.47959,8.35580,64.42944,26.12894,29.69803,3.88418,4.71829
629.26370,-1.48506,8.34162,64.44691,26.12270,29.67932,3.89042,4.75446
629.27370,-1.45709,8.33707,64.44938,26.16792,29.62339,3.88798,4.77009
629.28370,-1.43793,8.33952,64.44444,26.19794,29.59603,3.88418,4.76629
629.29370,-1.44522,8.32714,64.36575,26.11986,29.57102,3.91468,4.76019
629.30370,-1.42012,8.31971,64.32602,26.13156,29.50399,3.92173,4.76874
629.31370,-1.40206,8.32002,64.33244,26.16894,29.47303,3.91418,4.77629
629.32370,-1.40230,8.32303,64.29114,26.15289,29.46185,3.91057,4.76583
629.33370,-1.40336,8.33676,64.10344,26.07994,29.41103,3.89418,4.71829
629.34370,-1.37459,8.32425,64.09601,26.09925,29.35014,3.91398,4.73264
629.35370,-1.35221,8.30627,64.04875,26.09003,29.26794,3.93418,4.75660
629.36370,-1.35946,8.30082,64.00744,26.05994,29.24703,3.93418,4.76629
629.37370,-1.35548,8.30535,63.93982,26.03413,29.22711,3.93418,4.74440
629.38370,-1.34733,8.31461,63.80182,25.98147,29.18644,3.93418,4.69973
629.39370,-1.34242,8.26590,63.72344,25.91194,29.05203,3.97418,4.78529
629.40370,-1.33238,8.26134,63.78417,25.95158,29.05203,3.97782,4.80274
629.41370,-1.31485,8.25339,63.89044,26.02094,29.05203,3.98418,4.83329
629.42370,-1.30471,8.23378,63.97069,26.02766,29.05946,4.03014,4.85344
629.43370,-1.28651,8.18728,64.19412,26.07558,29.07303,4.11418,4.93133
629.44370,-1.28701,8.16823,64.33044,26.13894,29.07303,4.11418,5.00429
629.45370,-1.28701,8.16823,64.33044,26.13894,29.07303,4.11418,5.00429
629.46370,-1.26037,8.16065,64.45250,26.19727,29.09803,4.15291,5.00429
629.47370,-1.21431,8.11720,64.69530,26.30153,29.07879,4.23180,5.08318
629.48370,-1.19936,8.08837,64.78944,26.33694,29.04203,4.26318,5.14729
629.49370,-1.20030,8.10315,64.54044,26.25794,28.95003,4.22318,5.10929
629.50370,-1.19693,8.09672,64.52476,26.25556,28.92081,4.22318,5.12521
629.51370,-1.17498,8.07882,64.45423,26.24562,28.81983,4.23247,5.15631
629.52370,-1.13826,8.08788,64.38744,26.23794,28.79603,4.26318,5.09029
629.53370,-1.13826,8.08788,64.38744,26.23794,28.79603,4.26318,5.09029
629.54370,-1.22378,8.09442,64.16888,26.12666,28.73891,4.14418,5.15913
629.55370,-1.17526,8.12958,63.98144,26.10994,28.69403,4.14418,5.03329
629.56370,-1.18185,8.13149,63.96505,26.10015,28.69513,4.13648,5.03329
629.57370,-1.23532,8.14695,63.83244,26.02094,28.70403,4.07418,5.03329
629.58370,-1.23674,8.14562,63.83687,26.01873,28.70632,4.07639,5.03543
629.59370,-1.24961,8.13354,63.87714,25.99859,28.72713,4.09653,5.05489
629.60370,-1.31638,8.12293,64.04644,25.94194,28.89903,4.13418,5.07129
629.61370,-1.31638,8.12293,64.04644,25.94194,28.89903,4.13418,5.07129
629.62370,-1.32645,8.14613,63.76093,25.81353,28.84785,4.11368,4.98586
629.63370,-1.36697,8.15087,63.90944,25.87294,28.92903,4.06418,5.04329
629.64370,-1.36697,8.15087,63.90944,25.87294,28.92903,4.06418,5.04329
629.65370,-1.37515,8.15253,63.97932,25.88300,28.98356,4.07477,5.03799
629.66370,-1.38240,8.15400,64.04144,25.89194,29.03203,4.08418,5.03329
629.67370,-1.39392,8.14742,64.12874,25.90781,29.07251,4.09212,5.05630
629.68370,-1.42843,8.14302,64.16321,25.84551,29.15199,4.11941,5.04631
629.69370,-1.43439,8.14251,64.16544,25.83294,29.16503,4.12418,5.04329
629.70370,-1.44241,8.13598,64.13685,25.83294,29.12215,4.09895,5.08281
629.71370,-1.44393,8.13474,64.13144,25.83294,29.11403,4.09418,5.09029
629.72370,-1.44818,8.13752,64.06148,25.78080,29.11403,4.10738,5.05927
629.73370,-1.47072,8.14825,63.94144,25.69250,29.12959,4.10640,5.01295
629.74370,-1.47654,8.15092,63.91744,25.67494,29.13403,4.10418,5.00429
629.75370,-1.50267,8.15079,63.90893,25.65793,29.14339,4.07866,5.02895
629.76370,-1.53426,8.13484,63.82653,25.58621,29.09979,4.06548,5.07505
629.77370,-1.53829,8.13245,63.81444,25.57594,29.09303,4.06418,5.08129
629.78370,-1.52848,8.12158,63.79678,25.55942,29.06399,4.08696,5.08641
629.79370,-1.52105,8.11335,63.78344,25.54694,29.04203,4.10418,5.09029
629.80370,-1.53792,8.12156,63.71141,25.50823,29.04203,4.08458,5.07657
629.81370,-1.56969,8.09665,63.70684,25.43471,29.04203,4.10924,5.12086
629.82370,-1.58066,8.07074,63.76144,25.40894,29.04203,4.14418,5.16629
629.83370,-1.58785,8.05110,63.71051,25.36080,28.99180,4.15813,5.19978
629.84370,-1.58599,8.02749,63.83998,25.39032,29.00664,4.19134,5.25168
629.85370,-1.57930,8.00722,64.04477,25.45841,29.05611,4.22804,5.30221
629.86370,-1.61641,8.01557,64.13153,25.49662,29.11524,4.17509,5.34458
629.87370,-1.63008,8.01959,64.15244,25.50694,29.13403,4.15418,5.35729
629.88370,-1.62090,8.01843,64.13369,25.49263,29.12910,4.17342,5.33854
629.89370,-1.60997,8.01401,64.10225,25.48175,29.10080,4.18594,5.33376
629.90370,-1.60754,8.00878,64.08244,25.48794,29.06303,4.17418,5.35729
629.91370,-1.61370,8.00202,64.06442,25.45978,29.05684,4.18488,5.36292
629.92370,-1.60627,7.97831,63.98596,25.40756,28.97577,4.21178,5.39085
629.93370,-1.59877,7.96699,63.94644,25.38894,28.92903,4.22318,5.40529
629.94370,-1.58488,7.96967,63.91533,25.40114,28.89792,4.21708,5.39919
629.95370,-1.57599,7.97138,63.89544,25.40894,28.87803,4.21318,5.39529
629.96370,-1.57854,7.96729,63.85468,25.38818,28.85270,4.21128,5.40252
629.97370,-1.58075,7.95330,63.71623,25.32395,28.76022,4.20808,5.42398
629.98370,-1.57171,7.95690,63.75244,25.34894,28.77603,4.21318,5.41429
629.99370,-1.53992,7.95172,63.66326,25.33963,28.69518,4.22788,5.40057
630.00370,-1.47897,7.94627,63.54668,25.33489,28.58579,4.26793,5.35807
630.01370,-1.45062,7.94622,63.52244,25.33994,28.56003,4.29318,5.32929
630.02370,-1.47002,7.94527,63.49827,25.32008,28.55672,4.27332,5.34816
630.03370,-1.50927,7.94333,63.44944,25.27994,28.55003,4.23318,5.38629
630.04370,-1.50813,7.93558,63.49228,25.28354,28.56119,4.25118,5.39637
630.05370,-1.51729,7.92152,63.60300,25.31118,28.58823,4.26158,5.44201
630.06370,-1.53716,7.92098,63.66444,25.34894,28.60103,4.22318,5.49129
630.07370,-1.54918,7.92254,63.74594,25.36910,28.65431,4.22318,5.49935
630.08370,-1.56742,7.92639,63.94074,25.43007,28.76922,4.22571,5.51575
630.09370,-1.48893,7.92637,63.89444,25.50694,28.65303,4.24318,5.49129
630.10370,-1.49479,7.93622,63.88386,25.50924,28.66936,4.22731,5.47795
630.11370,-1.51442,7.96922,63.84844,25.51694,28.72403,4.17418,5.43329
630.12370,-1.52033,7.96398,63.82682,25.49365,28.71429,4.17869,5.44018
630.13370,-1.53460,7.95058,63.73233,25.41190,28.67834,4.19553,5.44656
630.14370,-1.51913,7.96177,63.65044,25.38894,28.66303,4.20318,5.39529
630.15370,-1.51913,7.96177,63.65044,25.38894,28.66303,4.20318,5.39529
630.16370,-1.53586,7.94429,63.67817,25.38894,28.63777,4.19147,5.45998
630.17370,-1.52658,7.92311,63.73771,25.38894,28.62908,4.23279,5.48690
630.18370,-1.51833,7.91879,63.75544,25.38894,28.63203,4.25318,5.48129
630.19370,-1.55986,7.91969,63.63580,25.34049,28.58161,4.18496,5.52875
630.20370,-1.55901,7.91466,63.63254,25.33281,28.57248,4.19238,5.53487
630.21370,-1.55612,7.87515,63.62174,25.27015,28.51574,4.25428,5.58157
630.22370,-1.61238,7.85813,63.64844,25.19094,28.57003,4.26318,5.62429
630.23370,-1.60775,7.86133,63.62540,25.19094,28.55948,4.25932,5.61566
630.24370,-1.57721,7.87961,63.46212,25.18146,28.48191,4.23798,5.56077
630.25370,-1.58365,7.85480,63.40844,25.11194,28.43703,4.27318,5.58629
630.26370,-1.58365,7.85480,63.40844,25.11194,28.43703,4.27318,5.58629
630.27370,-1.62404,7.84998,63.49655,25.10323,28.50675,4.26350,5.62308
630.28370,-1.62537,7.84982,63.49944,25.10294,28.50903,4.26318,5.62429
630.29370,-1.59935,7.84917,63.50043,25.11185,28.49913,4.29288,5.59657
630.30370,-1.58834,7.83942,63.53925,25.11756,28.49903,4.32130,5.60135
630.31370,-1.57998,7.83185,63.56944,25.12194,28.49903,4.34318,5.60529
630.32370,-1.60602,7.82869,63.56944,25.09352,28.51863,4.33338,5.62391
630.33370,-1.61840,7.77790,63.65128,25.04080,28.49857,4.40578,5.70613
630.34370,-1.62450,7.75182,63.69344,25.01394,28.48803,4.44318,5.74829
630.35370,-1.62735,7.73815,63.73106,25.02054,28.47483,4.44978,5.78591
630.36370,-1.62882,7.73111,63.75044,25.02394,28.46803,4.45318,5.80529
630.37370,-1.64679,7.74690,63.77088,25.02394,28.52934,4.43615,5.78145
630.38370,-1.61769,7.70826,63.83883,25.02394,28.47822,4.51045,5.82623
630.39370,-1.61239,7.70145,63.84944,25.02394,28.46803,4.52318,5.83429
630.40370,-1.60202,7.70982,63.94586,25.07519,28.52102,4.53187,5.81778
630.41370,-1.58077,7.68679,64.01997,25.10526,28.48840,4.56752,5.85879
630.42370,-1.56609,7.66867,64.06444,25.12194,28.45803,4.59318,5.89129
630.43370,-1.55837,7.67814,63.96010,25.12194,28.39735,4.55618,5.88463
630.44370,-1.55565,7.68148,63.92344,25.12194,28.37603,4.54318,5.88229
630.45370,-1.53930,7.68533,63.77837,25.06406,28.32328,4.55783,5.83320
630.46370,-1.49664,7.65671,63.87881,25.08718,28.30403,4.64429,5.84331
630.47370,-1.48362,7.64604,63.93344,25.10294,28.30403,4.67318,5.85329
630.48370,-1.46327,7.67010,63.81502,25.12218,28.25321,4.62877,5.81085
630.49370,-1.44237,7.69922,63.70160,25.15307,28.20882,4.57576,5.76395
630.50370,-1.44249,7.70656,63.71544,25.17194,28.22203,4.56318,5.75829
630.51370,-1.41132,7.70758,63.69511,25.21446,28.16535,4.55702,5.75829
630.52370,-1.39190,7.70822,63.68244,25.24094,28.13003,4.55318,5.75829
630.53370,-1.39190,7.70822,63.68244,25.24094,28.13003,4.55318,5.75829
630.54370,-1.36745,7.71348,63.57820,25.23451,28.06376,4.54675,5.73319
630.55370,-1.33151,7.70255,63.58222,25.25801,28.01315,4.57789,5.73317
630.56370,-1.32168,7.69646,63.60944,25.26994,28.00703,4.59318,5.73929
630.57370,-1.31364,7.68977,63.63172,25.26994,28.00703,4.61546,5.73929
630.58370,-1.31343,7.65516,63.59739,25.17071,27.98097,4.69886,5.74685
630.59370,-1.31392,7.64904,63.58944,25.15194,27.97603,4.71318,5.74829
630.60370,-1.30127,7.62976,63.67544,25.19094,27.95503,4.73318,5.79629
630.61370,-1.28063,7.61968,63.63281,25.15223,27.93004,4.78218,5.76836
630.62370,-1.25689,7.58767,63.58909,25.09267,27.86385,4.85605,5.77653
630.63370,-1.25233,7.54377,63.59043,25.05333,27.78185,4.90271,5.85253
630.64370,-1.25778,7.53469,63.61600,25.03890,27.79219,4.92118,5.86373
630.65370,-1.26709,7.50584,63.64023,24.99176,27.77893,4.96604,5.90350
630.66370,-1.26614,7.47731,63.59544,24.94494,27.70903,4.99318,5.94829
630.67370,-1.27045,7.46776,63.56352,24.91398,27.68695,5.00278,5.95981
630.68370,-1.28246,7.44119,63.47485,24.82798,27.62562,5.02945,5.99181
630.69370,-1.28678,7.42788,63.44564,24.78042,27.61199,5.05694,5.99629
630.70370,-1.30030,7.38225,63.38935,24.63752,27.58154,5.15357,6.01672
630.71370,-1.31691,7.33335,63.37944,24.53994,27.53503,5.22218,6.08229
630.72370,-1.31737,7.33015,63.38298,24.53798,27.53101,5.22513,6.08887
630.73370,-1.32158,7.30108,63.41512,24.52012,27.49440,5.25191,6.14869
630.74370,-1.28967,7.22967,63.50944,24.49094,27.40203,5.37218,6.24429
630.75370,-1.28967,7.22967,63.50944,24.49094,27.40203,5.37218,6.24429
630.76370,-1.28688,7.20529,63.50205,24.44226,27.37677,5.42147,6.26154
630.77370,-1.28680,7.18693,63.49719,24.40429,27.35963,5.45728,6.27598
630.78370,-1.29827,7.16460,63.46354,24.34006,27.33430,5.48888,6.30030
630.79370,-1.29930,7.15983,63.20544,24.24394,27.20703,5.46218,6.29229
630.80370,-1.29930,7.15983,63.20544,24.24394,27.20703,5.46218,6.29229
630.81370,-1.26345,7.13816,63.30247,24.27265,27.19713,5.53149,6.30120
630.82370,-1.21721,7.15688,63.22424,24.32244,27.13565,5.51238,6.25377
630.83370,-1.21674,7.15707,63.22344,24.32294,27.13503,5.51218,6.25329
630.84370,-1.22778,7.14909,63.42342,24.35165,27.24690,5.56168,6.26319
630.85370,-1.22789,7.14901,63.42544,24.35194,27.24803,5.56218,6.26329
630.86370,-1.18370,7.12909,63.33040,24.37174,27.09557,5.56218,6.30091
630.87370,-1.17465,7.15920,63.32356,24.41115,27.13422,5.53277,6.24542
630.88370,-1.17448,7.15981,63.32344,24.41194,27.13503,5.53218,6.24429
630.89370,-1.17638,7.16965,63.32820,24.43787,27.14032,5.50572,6.24429
630.90370,-1.16928,7.17625,63.34223,24.46743,27.14052,5.49318,6.24110
630.91370,-1.09825,7.15881,63.42144,24.51994,27.10403,5.58218,6.21529
630.92370,-1.10168,7.16260,63.42485,24.52753,27.10975,5.57118,6.21639
630.93370,-1.12944,7.19322,63.45244,24.58894,27.15603,5.48218,6.22529
630.94370,-1.10697,7.20209,63.43184,24.61209,27.14074,5.48218,6.19683
630.95370,-1.02757,7.23612,63.34367,24.69538,27.08007,5.47323,6.09500
630.96370,-1.05513,7.24373,63.26344,24.67794,27.05303,5.41218,6.12029
630.97370,-1.04176,7.26206,63.19108,24.69576,27.02685,5.37945,6.08901
630.98370,-1.01223,7.28843,63.03891,24.70881,26.96216,5.33698,6.03096
630.99370,-1.00188,7.27852,62.99544,24.67794,26.93003,5.36218,6.02529
631.00370,-1.00641,7.27751,62.99399,24.68885,26.91512,5.34400,6.04601
631.01370,-1.01432,7.27573,62.99144,24.70794,26.88903,5.31218,6.08229
631.02370,-1.02657,7.28024,62.94153,24.69408,26.87448,5.28445,6.08853
631.03370,-1.03847,7.28944,63.02967,24.73831,26.92789,5.26488,6.09859
631.04370,-1.04085,7.29210,63.07044,24.75694,26.95003,5.26218,6.10129
631.05370,-1.02648,7.30057,63.04187,24.77892,26.92805,5.24753,6.08737
631.06370,-1.04340,7.27955,63.17670,24.78694,26.97239,5.27905,6.13833
631.07370,-1.03719,7.27355,63.26767,24.82617,26.99103,5.29218,6.15829
631.08370,-1.03337,7.27871,63.32306,24.86985,27.00705,5.28046,6.16571
631.09370,-1.04963,7.28271,63.34744,24.87594,27.03203,5.26218,6.17729
631.10370,-1.07426,7.28372,63.36596,24.84326,27.08269,5.26763,6.17238
631.11370,-1.10477,7.28637,63.38241,24.80187,27.14492,5.27218,6.16344
631.12370,-1.11530,7.28829,63.38344,24.78694,27.16603,5.27218,6.15829
631.13370,-1.09223,7.29206,63.36287,24.81584,27.13077,5.26728,6.14898
631.14370,-1.10524,7.28619,63.32213,24.78257,27.11433,5.26218,6.16305
631.15370,-1.14306,7.27618,63.30244,24.71794,27.13503,5.26218,6.18729
631.16370,-1.14920,7.28373,63.29290,24.72090,27.14523,5.24574,6.18104
631.17370,-1.16172,7.29915,63.27344,24.72694,27.16603,5.21218,6.16829
631.18370,-1.15009,7.30144,63.27906,24.74379,27.16013,5.21499,6.16014
631.19370,-1.12165,7.30513,63.29323,24.78488,27.14092,5.22218,6.14525
631.20370,-1.12537,7.29913,63.29266,24.77917,27.12949,5.22218,6.16182
631.21370,-1.12233,7.28953,63.31656,24.78414,27.11747,5.23298,6.18197
631.22370,-1.11786,7.26971,63.37024,24.77894,27.11159,5.27018,6.20953
631.23370,-1.12407,7.25738,63.38944,24.74694,27.12503,5.30218,6.21529
631.24370,-1.10150,7.24582,63.45025,24.77954,27.11001,5.33149,6.22921
631.25370,-1.06255,7.22587,63.55544,24.83594,27.08403,5.38218,6.25329
631.26370,-1.06255,7.22587,63.55544,24.83594,27.08403,5.38218,6.25329
631.27370,-1.02742,7.19863,63.56437,24.83594,27.01538,5.43799,6.27505
631.28370,-0.98269,7.17042,63.57083,24.83901,26.93893,5.50367,6.28922
631.29370,-0.95539,7.15970,63.56984,24.84396,26.90329,5.53832,6.28427
631.30370,-0.91883,7.13853,63.57187,24.85564,26.83421,5.58129,6.30072
631.31370,-0.87877,7.09067,63.60516,24.84674,26.73667,5.66498,6.35677
631.32370,-0.86486,7.05827,63.63844,24.82594,26.69403,5.72218,6.39629
631.33370,-0.81648,7.01741,63.61744,24.78694,26.60203,5.82218,6.40629
631.34370,-0.81373,7.01193,63.61133,24.77927,26.58948,5.83096,6.41162
631.35370,-0.79262,6.96687,63.54593,24.70499,26.48535,5.90474,6.45084
631.36370,-0.79987,6.95799,63.42344,24.60894,26.45803,5.93118,6.42529
631.37370,-0.79164,6.95654,63.37350,24.59573,26.42700,5.93239,6.41838
631.38370,-0.73908,6.94638,62.98595,24.48377,26.19886,5.93412,6.36921
631.39370,-0.79704,6.94962,62.78989,24.35936,26.17445,5.87979,6.37629
631.40370,-0.80519,6.95008,62.76244,24.34194,26.17103,5.87218,6.37729
631.41370,-0.77157,6.94629,62.66344,24.33303,26.08985,5.88208,6.35848
631.42370,-0.77123,6.94625,62.66244,24.33294,26.08903,5.88218,6.35829
631.43370,-0.70593,6.95263,62.56638,24.33294,26.02924,5.93021,6.27399
631.44370,-0.81306,6.91860,62.70699,24.29334,26.08842,5.88267,6.44255
631.45370,-0.81417,6.91825,62.70844,24.29294,26.08903,5.88218,6.44429
631.46370,-0.77299,6.93559,62.79459,24.40200,26.09694,5.87428,6.42137
631.47370,-0.79012,6.92213,62.90186,24.42233,26.12574,5.88079,6.47300
631.48370,-0.79462,6.91923,62.91544,24.42094,26.13003,5.88218,6.48229
631.49370,-0.78086,6.93621,62.85610,24.44674,26.10337,5.84778,6.45821
631.50370,-0.77862,6.93898,62.84644,24.45094,26.09903,5.84218,6.45429
631.51370,-0.76363,6.94937,62.79982,24.49460,26.04649,5.79778,6.46095
631.52370,-0.72061,6.95069,62.83693,24.52459,26.05001,5.84812,6.41420
631.53370,-0.70685,6.94984,62.85644,24.52994,26.05803,5.87218,6.39629
631.54370,-0.74606,6.97382,62.85046,24.53741,26.11185,5.80491,6.39629
631.55370,-0.74838,6.99051,62.84765,24.57923,26.11376,5.75837,6.39629
631.56370,-0.73381,7.00195,62.84659,24.63161,26.09207,5.72662,6.39629
631.57370,-0.73177,7.00355,62.84644,24.63894,26.08903,5.72218,6.39629
631.58370,-0.76096,7.02679,62.76844,24.61894,26.11003,5.66218,6.37729
631.59370,-0.74250,7.03381,62.71175,24.63681,26.06567,5.64370,6.36558
631.60370,-0.73871,7.03224,62.69112,24.65202,26.02947,5.62402,6.38562
631.61370,-0.74990,7.02361,62.71244,24.65794,26.01703,5.61218,6.42529
631.62370,-0.74410,7.01273,62.71091,24.65539,25.98844,5.62239,6.44469
631.63370,-0.73202,6.99008,62.70772,24.65007,25.92886,5.64367,6.48512
631.64370,-0.73514,6.96792,62.75885,24.66863,25.89055,5.64528,6.55439
631.65370,-0.73872,6.96203,62.78244,24.67794,25.88403,5.64218,6.57829
631.66370,-0.71670,6.94596,62.88099,24.73561,25.86140,5.66408,6.61990
631.67370,-0.70857,6.94002,62.91744,24.75694,25.85303,5.67218,6.63529
631.68370,-0.68450,6.90546,62.79550,24.72459,25.69210,5.68048,6.69833
631.69370,-0.74295,6.87470,62.76701,24.64153,25.66762,5.66501,6.79285
631.70370,-0.74822,6.86648,62.77117,24.63323,25.65660,5.66768,6.81366
631.71370,-0.70393,6.83224,62.79917,24.66941,25.54855,5.70925,6.87197
631.72370,-0.68988,6.83688,62.73944,24.67794,25.50503,5.69218,6.86429
631.73370,-0.68988,6.83688,62.73944,24.67794,25.50503,5.69218,6.86429
631.74370,-0.68134,6.82185,62.53108,24.64791,25.32716,5.63368,6.92233
631.75370,-0.67727,6.80384,62.66044,24.67794,25.35103,5.67218,6.95929
631.76370,-0.68016,6.79640,62.67446,24.66630,25.35341,5.68644,6.96832
631.77370,-0.68941,6.77254,62.71944,24.62894,25.36103,5.73218,6.99729
631.78370,-0.68917,6.76672,62.72191,24.62277,25.35316,5.73990,7.00609
631.79370,-0.68812,6.74141,62.73265,24.59592,25.31893,5.77346,7.04434
631.80370,-0.73464,6.71040,62.83644,24.52994,25.38203,5.82218,7.10229
631.81370,-0.73149,6.70741,62.84682,24.52994,25.38203,5.83177,7.10308
631.82370,-0.70287,6.68025,62.94122,24.52994,25.38203,5.91897,7.11028
631.83370,-0.69044,6.67219,63.00771,24.54516,25.39725,5.95401,7.11129
631.84370,-0.68779,6.67085,63.02444,24.54994,25.40203,5.96118,7.11129
631.85370,-0.72965,6.67528,63.08844,24.50994,25.50503,5.97118,7.10229
631.86370,-0.72965,6.67528,63.08844,24.50994,25.50503,5.97118,7.10229
631.87370,-0.69903,6.69250,62.81594,24.45211,25.39427,5.94177,7.02779
631.88370,-0.69593,6.68486,62.66044,24.37194,25.33003,5.95118,7.00729
631.89370,-0.69593,6.68486,62.66044,24.37194,25.33003,5.95118,7.00729
631.90370,-0.72316,6.65874,62.45683,24.23413,25.23481,5.95118,7.03671
631.91370,-0.71857,6.62760,62.34344,24.07594,25.21803,6.06118,6.98829
631.92370,-0.71857,6.62760,62.34344,24.07594,25.21803,6.06118,6.98829
631.93370,-0.72347,6.56599,62.31766,23.97284,25.13235,6.14478,7.06770
631.94370,-0.72560,6.53914,62.30644,23.92794,25.09503,6.18118,7.10229
631.95370,-0.72562,6.52960,62.23590,23.88804,25.05340,6.18696,7.10749
631.96370,-0.73664,6.48659,62.26409,23.80852,25.03765,6.26426,7.15367
631.97370,-0.74070,6.47334,62.29344,23.78994,25.04303,6.29118,7.16929
631.98370,-0.74175,6.42006,62.28054,23.71340,24.96391,6.35998,7.24325
631.99370,-0.74427,6.38294,62.23327,23.64100,24.89804,6.40593,7.28830
632.00370,-0.74462,6.37863,62.22644,23.63194,24.89003,6.41118,7.29329
632.01370,-0.74831,6.35979,62.10020,23.55130,24.82091,6.42558,7.30241
632.02370,-0.75233,6.33929,61.96344,23.46394,24.74603,6.44118,7.31229
632.03370,-0.75032,6.32005,61.95071,23.43521,24.71258,6.46663,7.33629
632.04370,-0.76383,6.26899,61.91877,23.34332,24.64100,6.52379,7.41066
632.05370,-0.78731,6.24505,61.90544,23.28594,24.62303,6.54118,7.45529
632.06370,-0.77509,6.23481,62.00885,23.34838,24.61279,6.54606,7.50163
632.07370,-0.73680,6.20502,62.17938,23.42225,24.58956,6.60938,7.55819
632.08370,-0.70103,6.17827,62.26644,23.43394,24.57203,6.69118,7.56929
632.09370,-0.72657,6.16556,62.36770,23.45224,24.59704,6.68508,7.63334
632.10370,-0.74286,6.15746,62.43244,23.46394,24.61303,6.68118,7.67429
632.11370,-0.73132,6.14333,62.52461,23.50073,24.60849,6.70557,7.70983
632.12370,-0.72036,6.12864,62.62818,23.55083,24.59772,6.72134,7.75829
632.13370,-0.76529,6.17291,62.40098,23.53329,24.56175,6.56432,7.74162
632.14370,-0.77163,6.16823,62.37388,23.49502,24.56631,6.58038,7.73217
632.15370,-0.75656,6.13270,62.42653,23.48739,24.51725,6.63512,7.78677
632.16370,-0.73434,6.10146,62.50844,23.52294,24.45903,6.67118,7.85529
632.17370,-0.74632,6.11348,62.50407,23.53749,24.47407,6.63722,7.85529
632.18370,-0.75904,6.12623,62.49944,23.55294,24.49003,6.60118,7.85529
632.19370,-0.75904,6.12623,62.49944,23.55294,24.49003,6.60118,7.85529
632.20370,-0.76699,6.11934,62.42388,23.48462,24.48139,6.62158,7.83629
632.21370,-0.79443,6.15334,62.52244,23.56294,24.57203,6.55118,7.83629
632.22370,-0.79277,6.15410,62.53159,23.56975,24.57438,6.55118,7.83629
632.23370,-0.78838,6.17003,62.51365,23.59194,24.58203,6.52667,7.81300
632.24370,-0.79155,6.21150,62.36644,23.59194,24.58203,6.45118,7.74129
632.25370,-0.81755,6.22859,62.31571,23.57263,24.60887,6.40863,7.72558
632.26370,-0.87113,6.26381,62.21144,23.53294,24.66403,6.32118,7.69329
632.27370,-0.87420,6.26184,62.20610,23.53062,24.65683,6.31653,7.70211
632.28370,-0.89019,6.27367,62.19557,23.53696,24.67462,6.28217,7.70182
632.29370,-0.90896,6.33255,62.21844,23.58194,24.80803,6.22118,7.60729
632.30370,-0.90564,6.34338,62.25756,23.61506,24.83491,6.21158,7.59601
632.31370,-0.90649,6.38580,62.37562,23.71291,24.94500,6.16906,7.54865
632.32370,-0.94200,6.41148,62.35744,23.69094,25.02303,6.13118,7.51229
632.33370,-0.94200,6.41148,62.35744,23.69094,25.02303,6.13118,7.51229
632.34370,-1.01646,6.44192,62.49644,23.76994,25.13603,6.01118,7.57929
632.35370,-1.01714,6.44972,62.51070,23.77814,25.16039,6.00880,7.56337
632.36370,-1.02190,6.50990,62.61148,23.84274,25.33996,5.98534,7.44344
632.37370,-1.01988,6.53185,62.56634,23.87725,25.33023,5.93224,7.42662
632.38370,-1.01984,6.53229,62.56544,23.87794,25.33003,5.93118,7.42629
632.39370,-1.05182,6.56610,62.60073,23.87794,25.45062,5.90177,7.37040
632.40370,-1.07149,6.58758,62.51912,23.82992,25.49321,5.88256,7.31343
632.41370,-1.07188,6.58800,62.51744,23.82894,25.49403,5.88218,7.31229
632.42370,-1.06407,6.57916,62.79685,23.95443,25.56462,5.90081,7.37699
632.43370,-1.06391,6.57898,62.80244,23.95694,25.56603,5.90118,7.37829
632.44370,-1.07479,6.62370,62.95303,24.05175,25.71343,5.86214,7.32570
632.45370,-1.07061,6.63320,63.12796,24.10122,25.82856,5.90190,7.29628
632.46370,-1.06931,6.63285,63.15344,24.10594,25.84303,5.91118,7.29329
632.47370,-1.10522,6.70189,62.93660,24.05390,25.91416,5.80797,7.16058
632.48370,-1.12521,6.70511,62.93128,24.01201,25.96070,5.81828,7.14029
632.49370,-1.12737,6.70401,62.93544,24.00694,25.96603,5.82218,7.14029
632.50370,-1.13441,6.72769,62.88529,24.02394,25.97453,5.77118,7.11564
632.51370,-1.13566,6.73188,62.87644,24.02694,25.97603,5.76218,7.11129
632.52370,-1.12270,6.75899,62.67348,23.98394,25.93217,5.72778,7.02959
632.53370,-1.11804,6.77715,62.71612,24.02797,25.97205,5.71071,7.00539
632.54370,-1.11615,6.78734,62.77244,24.06594,26.00703,5.70218,6.99729
632.55370,-1.11453,6.78527,62.78471,24.06594,26.01112,5.71036,6.99729
632.56370,-1.11495,6.78289,62.89237,24.08801,26.06834,5.73873,6.99729
632.57370,-1.11720,6.78337,62.96544,24.10594,26.11003,5.75218,6.99729
632.58370,-1.12504,6.78847,62.88484,24.06874,26.09701,5.73978,6.97931
632.59370,-1.12985,6.79160,62.83544,24.04594,26.08903,5.73218,6.96829
632.60370,-1.13208,6.78649,62.81905,24.03494,26.07287,5.73218,6.97906
632.61370,-1.14094,6.75154,62.79162,23.98478,26.00488,5.75649,7.04546
632.62370,-1.14168,6.74040,62.81044,23.97694,25.99703,5.77218,7.06429
632.63370,-1.14057,6.73374,62.86796,23.98596,26.01543,5.79202,7.07457
632.64370,-1.14278,6.70757,63.15669,24.02694,26.13157,5.88456,7.11361
632.65370,-1.15720,6.71543,63.21119,24.02694,26.19665,5.88932,7.09827
632.66370,-1.15090,6.72268,63.21660,24.06110,26.18688,5.86692,7.10169
632.67370,-1.15301,6.72212,63.16183,24.04694,26.15598,5.85208,7.10683
632.68370,-1.16759,6.71720,63.12244,23.99694,26.16103,5.86218,7.10229
632.69370,-1.19019,6.73004,63.04077,23.97440,26.15417,5.81318,7.09902
632.70370,-1.23650,6.75634,62.87411,23.92840,26.14017,5.71318,7.09235
632.71370,-1.23883,6.76366,62.88589,23.92430,26.17385,5.71945,7.06829
632.72370,-1.21844,6.77508,62.95347,23.95457,26.22896,5.75068,7.01926
632.73370,-1.17826,6.77352,63.02844,24.01694,26.22203,5.78218,7.00729
632.74370,-1.17826,6.77352,63.02844,24.01694,26.22203,5.78218,7.00729
632.75370,-1.17983,6.77937,63.04971,24.02880,26.24331,5.77809,6.99951
632.76370,-1.21751,6.81390,63.04144,24.03594,26.32503,5.71218,6.96829
632.77370,-1.21283,6.81408,63.05542,24.04168,26.33097,5.71984,6.96292
632.78370,-1.19986,6.81460,63.09425,24.05764,26.34746,5.74112,6.94803
632.79370,-1.19312,6.81486,63.11444,24.06594,26.35603,5.75218,6.94029
632.80370,-1.20939,6.82989,62.98592,24.00478,26.35603,5.72895,6.89616
632.81370,-1.23699,6.82256,62.97644,23.95694,26.37603,5.73218,6.91129
632.82370,-1.23123,6.82537,62.99317,23.97320,26.38091,5.73218,6.90687
632.83370,-1.21267,6.83426,63.04980,24.02694,26.39703,5.73218,6.89365
632.84370,-1.21451,6.83262,63.05549,24.02694,26.39703,5.73218,6.89933
632.85370,-1.22238,6.83105,63.04864,24.01225,26.40193,5.73218,6.90229
632.86370,-1.21998,6.84370,63.00879,24.00579,26.41146,5.72333,6.86822
632.87370,-1.20786,6.86057,62.97144,24.01694,26.41703,5.71218,6.82529
632.88370,-1.18024,6.87206,62.84502,24.01694,26.34745,5.69258,6.78805
632.89370,-1.14451,6.87856,62.69244,23.99694,26.26303,5.69218,6.74029
632.90370,-1.14451,6.87856,62.69244,23.99694,26.26303,5.69218,6.74029
632.91370,-1.14819,6.87622,62.60142,23.99694,26.18364,5.64377,6.77708
632.92370,-1.13166,6.82847,62.71310,23.97734,26.16143,5.74018,6.83415
632.93370,-1.13132,6.82750,62.71544,23.97694,26.16103,5.74218,6.83529
632.94370,-1.11252,6.85862,62.65801,24.02644,26.15113,5.69268,6.78776
632.95370,-1.11233,6.85893,62.65744,24.02694,26.15103,5.69218,6.78729
632.96370,-1.16126,6.83145,62.69599,23.99190,26.14140,5.67466,6.88804
632.97370,-1.12542,6.83900,62.85861,24.11347,26.17068,5.68207,6.89240
632.98370,-1.12492,6.83914,62.86044,24.11494,26.17103,5.68218,6.89229
632.99370,-1.10596,6.82671,63.02921,24.19159,26.19503,5.71315,6.92945
633.00370,-1.15999,6.81583,62.92347,24.11346,26.15861,5.66258,6.98882
633.01370,-1.17041,6.81456,62.89644,24.09594,26.15103,5.65218,6.99729
633.02370,-1.16883,6.81652,62.86811,24.09594,26.13381,5.64107,6.99729
633.03370,-1.16757,6.81809,62.84544,24.09594,26.12003,5.63218,6.99729
633.04370,-1.15648,6.81729,62.81145,24.07866,26.10793,5.64946,6.97539
633.05370,-1.14226,6.80542,62.80530,24.03223,26.11675,5.71361,6.94272
633.06370,-1.13772,6.79696,62.81944,24.00694,26.13003,5.75218,6.93029
633.07370,-1.19744,6.80981,62.87879,24.01427,26.20550,5.68624,6.97278
633.08370,-1.19578,6.80411,62.98293,24.00964,26.27756,5.74248,6.95325
633.09370,-1.18713,6.80028,63.01344,24.00694,26.29403,5.77218,6.94029
633.10370,-1.18854,6.81437,62.95980,24.00694,26.29012,5.74477,6.91797
633.11370,-1.19046,6.83344,62.88731,24.00694,26.28483,5.70774,6.88781
633.12370,-1.19075,6.83631,62.87644,24.00694,26.28403,5.70218,6.88329
633.13370,-1.19968,6.84549,62.94139,24.00579,26.36247,5.72103,6.85210
633.14370,-1.19172,6.85031,62.87944,23.99694,26.33503,5.71218,6.83529
633.15370,-1.20745,6.84882,62.93642,24.00508,26.36841,5.70811,6.85482
633.16370,-1.23809,6.86025,62.99151,24.01694,26.43222,5.67768,6.86467
633.17370,-1.24620,6.87441,62.96244,24.01694,26.44803,5.65218,6.84529
633.18370,-1.24806,6.87367,63.00212,24.01054,26.48419,5.67458,6.83281
633.19370,-1.25191,6.87213,63.08479,23.99721,26.55953,5.72125,6.80681
633.20370,-1.25132,6.87337,63.08396,24.00437,26.55513,5.71456,6.80991
633.21370,-1.24476,6.88541,63.09285,24.06505,26.53488,5.66763,6.82529
633.22370,-1.24082,6.89246,63.11344,24.09594,26.54003,5.65218,6.82529
633.23370,-1.24082,6.89246,63.11344,24.09594,26.54003,5.65218,6.82529
633.24370,-1.24527,6.89226,63.22525,24.12215,26.60296,5.67218,6.82796
633.25370,-1.24103,6.89952,63.36444,24.19394,26.66303,5.67218,6.83529
633.26370,-1.23333,6.88823,63.36303,24.19040,26.63404,5.68632,6.85226
633.27370,-1.21924,6.86757,63.36044,24.18394,26.58103,5.71218,6.88329
633.28370,-1.21038,6.87384,63.35608,24.19485,26.58403,5.71218,6.86501
633.29370,-1.21218,6.89280,63.30080,24.19158,26.59567,5.68673,6.82683
633.30370,-1.25679,6.89677,63.22444,24.13494,26.60203,5.64218,6.84529
633.31370,-1.25082,6.89881,63.20844,24.13259,26.59721,5.64571,6.83293
633.32370,-1.20702,6.91751,63.08646,24.11494,26.56871,5.66970,6.73311
633.33370,-1.21024,6.92769,63.08044,24.11494,26.59203,5.66218,6.71129
633.34370,-1.21652,6.92602,63.07093,24.10589,26.58881,5.65758,6.71865
633.35370,-1.24389,6.91875,63.02960,24.06656,26.57481,5.63758,6.75065
633.36370,-1.25212,6.91690,63.01373,24.05479,26.56873,5.62988,6.76032
633.37370,-1.25298,6.91737,62.97312,24.04440,26.54779,5.61990,6.76103
633.38370,-1.22843,6.91530,62.95433,24.03768,26.53370,5.65346,6.72949
633.39370,-1.22469,6.91873,62.95527,24.04254,26.53905,5.65448,6.71920
633.40370,-1.23957,6.95087,63.00981,24.10562,26.60862,5.59548,6.70009
633.41370,-1.18676,6.95186,63.06944,24.18394,26.58103,5.62218,6.68229
633.42370,-1.18755,6.94882,63.08277,24.18101,26.58629,5.63026,6.68522
633.43370,-1.19456,6.92183,63.20144,24.15494,26.63303,5.70218,6.71129
633.44370,-1.19456,6.92183,63.20144,24.15494,26.63303,5.70218,6.71129
633.45370,-1.18281,6.93674,63.36806,24.25085,26.71247,5.70218,6.70257
633.46370,-1.16876,6.92750,63.37848,24.24834,26.69767,5.73018,6.70229
633.47370,-1.15802,6.91987,63.38244,24.24394,26.68403,5.75218,6.70229
633.48370,-1.16378,6.92271,63.38438,24.24855,26.68888,5.74006,6.70689
633.49370,-1.18068,6.93634,63.34606,24.25198,26.69252,5.69375,6.70780
633.50370,-1.17788,6.94854,63.23244,24.22394,26.66303,5.67218,6.67329
633.51370,-1.16133,6.95317,63.21547,24.24422,26.64193,5.66804,6.66129
633.52370,-1.13788,6.95972,63.19144,24.27294,26.61203,5.66218,6.64429
633.53370,-1.13599,6.96824,63.23264,24.29521,26.64656,5.66218,6.62870
633.54370,-1.13382,6.97807,63.18534,24.28213,26.64877,5.65602,6.59842
633.55370,-1.13340,6.97998,63.13544,24.26294,26.63303,5.65218,6.58729
633.56370,-1.11049,6.97241,63.06647,24.24294,26.57648,5.67287,6.57418
633.57370,-1.10902,6.97645,63.00259,24.19087,26.58826,5.69678,6.52668
633.58370,-1.11229,6.97922,62.99044,24.17494,26.60203,5.70218,6.51129
633.59370,-1.13446,6.99290,63.02583,24.21107,26.63227,5.65056,6.53193
633.60370,-1.14235,6.99777,63.03844,24.22394,26.64303,5.63218,6.53929
633.61370,-1.11921,6.98459,63.10066,24.24795,26.63274,5.67137,6.54860
633.62370,-1.08819,6.96666,63.18479,24.28068,26.61816,5.72379,6.56216
633.63370,-1.07717,6.95997,63.21544,24.29294,26.61203,5.74218,6.56829
633.64370,-1.06317,6.95737,63.25441,24.32204,26.60710,5.75204,6.57322
633.65370,-1.05364,6.96217,63.31671,24.38280,26.60985,5.73484,6.58922
633.66370,-1.06118,6.97382,63.35144,24.43094,26.62203,5.69218,6.60629
633.67370,-1.05015,6.97549,63.29290,24.38842,26.62203,5.72299,6.55946
633.68370,-1.04327,6.97654,63.25644,24.36194,26.62203,5.74218,6.53029
633.69370,-1.02641,6.97173,63.23546,24.37170,26.58202,5.74706,6.53468
633.70370,-1.01164,6.97159,63.22244,24.39012,26.55272,5.74400,6.53560
633.71370,-1.01588,6.97868,63.23544,24.40194,26.57103,5.73218,6.53029
633.72370,-1.00694,6.98713,63.18792,24.40674,26.55135,5.71778,6.51205
633.73370,-0.99781,6.98807,63.03852,24.37402,26.46619,5.69258,6.50573
633.74370,-0.99841,6.97913,62.93244,24.33294,26.39703,5.68218,6.52029
633.75370,-1.00105,6.98318,62.92696,24.32650,26.41024,5.68218,6.50805
633.76370,-1.00654,6.99162,62.91555,24.31307,26.43776,5.68218,6.48254
633.77370,-1.00288,6.98194,62.89689,24.29920,26.40987,5.69248,6.49534
633.78370,-0.98778,6.95688,62.89644,24.28355,26.35603,5.72986,6.52700
633.79370,-0.97321,6.94524,62.96044,24.30294,26.35603,5.76218,6.53929
633.80370,-0.95721,6.95149,62.97880,24.33498,26.35603,5.76218,6.52561
633.81370,-0.94993,6.94712,63.06148,24.36350,26.38195,5.78378,6.53225
633.82370,-0.98743,6.91965,63.15044,24.31294,26.42803,5.82218,6.58729
633.83370,-0.97663,6.91260,63.15818,24.31996,26.40769,5.83460,6.59593
633.84370,-0.94666,6.89302,63.17968,24.33946,26.35119,5.86910,6.61993
633.85370,-0.93094,6.87692,63.22386,24.35907,26.32240,5.89356,6.64883
633.86370,-0.93940,6.86145,63.31369,24.37468,26.33582,5.90856,6.69462
633.87370,-0.92801,6.84381,63.28000,24.34313,26.29144,5.94065,6.70478
633.88370,-0.92081,6.83565,63.27149,24.33115,26.27398,5.95907,6.70729
633.89370,-0.92877,6.84235,63.33320,24.35388,26.31922,5.95424,6.70586
633.90370,-0.99546,6.79782,63.44544,24.28294,26.35603,5.98118,6.82529
633.91370,-0.99546,6.79782,63.44544,24.28294,26.35603,5.98118,6.82529
633.92370,-0.99340,6.79521,63.31544,24.22394,26.30403,5.98118,6.80629
633.93370,-0.99368,6.79451,63.31797,24.22157,26.30648,5.98434,6.80558
633.94370,-0.99605,6.78870,63.33902,24.20183,26.32688,6.01065,6.79966
633.95370,-1.04908,6.80424,63.23644,24.16494,26.32503,5.92118,6.82529
633.96370,-1.05052,6.80484,63.22706,24.15911,26.32503,5.92044,6.82248
633.97370,-1.06368,6.81027,63.14183,24.10609,26.32503,5.91373,6.79698
633.98370,-1.06185,6.79726,63.04644,24.05594,26.26303,5.92118,6.80629
633.99370,-1.06185,6.79726,63.04644,24.05594,26.26303,5.92118,6.80629
634.00370,-1.05802,6.79998,63.13644,24.07529,26.32303,5.95021,6.78790
634.01370,-1.05789,6.80007,63.13944,24.07594,26.32503,5.95118,6.78729
634.02370,-1.04865,6.80183,63.24158,24.12230,26.36510,5.96689,6.78729
634.03370,-1.07475,6.76905,63.37684,24.10222,26.40204,6.01313,6.85945
634.04370,-1.08022,6.76269,63.39744,24.09594,26.40703,6.02118,6.87329
634.05370,-1.02165,6.79687,63.40239,24.17415,26.42782,6.03108,6.76934
634.06370,-1.03962,6.78748,63.48570,24.18740,26.45491,6.03118,6.81221
634.07370,-1.04935,6.78237,63.52944,24.19394,26.46903,6.03118,6.83529
634.08370,-1.07041,6.80903,63.22836,24.10792,26.38888,5.94320,6.78837
634.09370,-1.07090,6.80964,63.22144,24.10594,26.38703,5.94118,6.78729
634.10370,-1.02458,6.82794,63.09446,24.12896,26.31322,5.92531,6.72697
634.11370,-1.03302,6.81617,63.01454,24.08274,26.26302,5.92118,6.74760
634.12370,-1.03962,6.81084,62.99944,24.06594,26.25303,5.92118,6.75929
634.13370,-1.06041,6.82019,62.98630,24.04404,26.29026,5.90658,6.74542
634.14370,-1.03474,6.83113,62.88128,24.02830,26.25225,5.90967,6.69105
634.15370,-1.02878,6.83246,62.86344,24.02694,26.24303,5.91118,6.68229
634.16370,-0.98971,6.80547,63.08395,24.11997,26.25165,5.98009,6.73225
634.17370,-0.98345,6.80114,63.11944,24.13494,26.25303,5.99118,6.74029
634.18370,-0.99828,6.79642,63.12863,24.14068,26.24155,5.96821,6.77819
634.19370,-1.00375,6.78590,63.22233,24.16531,26.26255,5.98028,6.81419
634.20370,-0.99602,6.77608,63.34444,24.19394,26.30403,6.02118,6.82529
634.21370,-0.97769,6.79029,63.36490,24.23672,26.31705,6.01498,6.79615
634.22370,-0.98028,6.78213,63.30580,24.21541,26.26854,6.00429,6.81755
634.23370,-0.98653,6.77450,63.27344,24.19394,26.24303,6.00118,6.83529
634.24370,-0.95595,6.77149,63.20536,24.19394,26.18043,6.01334,6.81766
634.25370,-0.93618,6.76954,63.16144,24.19394,26.14003,6.02118,6.80629
634.26370,-0.94478,6.75463,63.07543,24.13416,26.09001,6.02728,6.82398
634.27370,-0.93980,6.75606,63.04972,24.14962,26.05803,6.00678,6.83529
634.28370,-0.93310,6.76308,63.06844,24.18394,26.05803,5.99118,6.83529
634.29370,-0.92738,6.75363,63.07679,24.16445,26.05803,6.02300,6.83131
634.30370,-0.90942,6.73527,63.16920,24.18194,26.06326,6.07593,6.84807
634.31370,-0.89917,6.73080,63.25744,24.23394,26.06903,6.08118,6.87329
634.32370,-0.89788,6.72814,63.24455,24.22105,26.06431,6.08978,6.86942
634.33370,-0.89617,6.72461,63.22744,24.20394,26.05803,6.10118,6.86429
634.34370,-0.88523,6.73407,63.26203,24.22429,26.09141,6.11339,6.83295
634.35370,-0.87708,6.74631,63.28875,24.24745,26.12348,6.11495,6.80286
634.36370,-0.89294,6.74323,63.24041,24.23420,26.08971,6.08184,6.83465
634.37370,-0.89601,6.74030,63.21801,24.21608,26.08189,6.08475,6.83529
634.38370,-0.88826,6.74324,63.11886,24.17705,26.05017,6.08755,6.80409
634.39370,-0.86590,6.75751,63.01244,24.16494,26.01703,6.08118,6.74929
634.40370,-0.87763,6.74909,63.03315,24.15065,26.02453,6.08832,6.76964
634.41370,-0.89874,6.73394,63.07044,24.12494,26.03803,6.10118,6.80629
634.42370,-0.89874,6.73394,63.07044,24.12494,26.03803,6.10118,6.80629
634.43370,-0.87830,6.75107,63.05330,24.18522,26.01149,6.06246,6.79414
634.44370,-0.87724,6.78030,63.08644,24.19394,26.11003,6.07118,6.71129
634.45370,-0.88018,6.77907,63.09071,24.19170,26.11228,6.07118,6.71555
634.46370,-0.89162,6.77104,63.10928,24.18634,26.11019,6.06878,6.74397
634.47370,-0.89561,6.75902,63.12144,24.19394,26.07903,6.06118,6.78729
634.48370,-0.88950,6.76329,63.09616,24.19714,26.06751,6.05478,6.77673
634.49370,-0.86394,6.78112,62.99083,24.21047,26.01951,6.02811,6.73273
634.50370,-0.85799,6.78498,62.92021,24.19876,25.98558,6.01458,6.72129
634.51370,-0.87117,6.77701,62.56815,24.06625,25.81541,5.95900,6.72749
634.52370,-0.93219,6.76361,62.54944,23.98694,25.84303,5.94118,6.77829
634.53370,-0.92927,6.76284,62.54429,23.98432,25.83945,5.94555,6.77497
634.54370,-0.90275,6.75589,62.49746,23.96051,25.80691,5.98523,6.74481
634.55370,-0.88584,6.71402,62.55666,23.93816,25.76151,6.06037,6.79662
634.56370,-0.88569,6.71354,62.55744,23.93794,25.76103,6.06118,6.79729
634.57370,-0.89647,6.71778,62.60589,23.97959,25.76953,6.02718,6.82959
634.58370,-0.89837,6.71853,62.61444,23.98694,25.77103,6.02118,6.83529
634.59370,-0.92263,6.67959,62.68772,23.95763,25.75149,6.05049,6.92810
634.60370,-0.92790,6.67292,62.73635,23.96215,25.76719,6.06161,6.94540
634.61370,-0.93222,6.66764,62.77944,23.96694,25.78203,6.07118,6.95929
634.62370,-0.97457,6.67393,62.73911,23.87711,25.85720,6.08035,6.92445
634.63370,-0.95886,6.65073,62.74946,23.86894,25.80971,6.11622,6.95458
634.64370,-0.95610,6.64737,62.75144,23.86894,25.80203,6.12118,6.95929
634.65370,-0.98073,6.67035,62.77036,23.87668,25.87255,6.08678,6.93435
634.66370,-0.98473,6.67409,62.77344,23.87794,25.88403,6.08118,6.93029
634.67370,-0.98653,6.62409,62.96061,23.87021,25.90206,6.17562,7.01271
634.68370,-1.00230,6.61505,62.98456,23.81734,25.94889,6.21698,7.00135
634.69370,-1.00482,6.61492,62.98344,23.80894,25.95603,6.22118,6.99729
634.70370,-0.98785,6.62358,63.09762,23.89386,25.98530,6.21544,7.00302
634.71370,-0.99610,6.64638,63.20203,23.92865,26.09627,6.21843,6.95868
634.72370,-1.00397,6.65259,63.20944,23.91794,26.13003,6.22118,6.94029
634.73370,-1.01495,6.67701,63.22623,23.94641,26.18259,6.18468,6.91255
634.74370,-1.01901,6.68604,63.23244,23.95694,26.20203,6.17118,6.90229
634.75370,-1.02616,6.69408,63.26967,23.97884,26.23196,6.15658,6.90229
634.76370,-1.04145,6.71700,63.27334,24.00247,26.27487,6.11235,6.88365
634.77370,-1.05879,6.74435,63.25951,24.02375,26.31849,6.05916,6.85812
634.78370,-1.06904,6.75122,63.17764,23.99625,26.29987,6.03276,6.84876
634.79370,-1.07946,6.78379,63.10609,24.00134,26.32795,5.97848,6.79832
634.80370,-1.08304,6.80351,63.09244,24.01694,26.35603,5.95118,6.76829
634.81370,-1.11218,6.79857,63.12096,23.99214,26.38993,5.94705,6.79185
634.82370,-1.15350,6.79156,63.16144,23.95694,26.43803,5.94118,6.82529
634.83370,-1.13847,6.79630,63.14961,23.97326,26.42539,5.94118,6.80979
634.84370,-1.11514,6.79847,63.15502,23.99694,26.41203,5.95408,6.79196
634.85370,-1.10733,6.77406,63.27244,23.99694,26.43803,6.02118,6.81629
634.86370,-1.12940,6.78654,63.24746,24.00184,26.44783,5.97220,6.82559
634.87370,-1.15167,6.77619,63.44595,24.05547,26.52372,5.98000,6.88676
634.88370,-1.15091,6.75207,63.67944,24.10594,26.59203,6.04118,6.94029
634.89370,-1.13897,6.76032,63.64168,24.11202,26.57891,6.03478,6.91597
634.90370,-1.11404,6.77753,63.56301,24.12469,26.55158,6.02145,6.86530
634.91370,-1.11323,6.76350,63.62073,24.12851,26.55460,6.04618,6.89143
634.92370,-1.10096,6.73409,63.69942,24.12093,26.54271,6.10914,6.92664
634.93370,-1.08003,6.72767,63.64944,24.09594,26.51003,6.14118,6.90229
634.94370,-1.08153,6.73650,63.54225,24.08344,26.46191,6.10056,6.89635
634.95370,-1.09213,6.74391,63.30827,24.02378,26.35603,6.03357,6.89489
634.96370,-1.12060,6.69654,63.31544,23.89794,26.35603,6.12118,6.94029
634.97370,-1.11844,6.69911,63.30244,23.89994,26.35083,6.11618,6.93549
634.98370,-1.09892,6.72223,63.18544,23.91794,26.30403,6.07118,6.89229
634.99370,-1.09246,6.71694,63.17978,23.91255,26.29028,6.08331,6.89363
635.00370,-1.05478,6.67891,63.18415,23.88944,26.21146,6.16348,6.91977
635.01370,-1.06752,6.66523,63.32044,23.92794,26.24303,6.17118,6.97829
635.02370,-1.07272,6.65747,63.32656,23.91618,26.23809,6.17824,6.99405
635.03370,-1.08489,6.63202,63.36426,23.88674,26.22665,6.20778,7.04309
635.04370,-1.06811,6.63116,63.42744,23.91794,26.24303,6.23118,7.03529
635.05370,-1.06001,6.61810,63.47022,23.92024,26.23820,6.26108,7.05070
635.06370,-1.03299,6.57449,63.61344,23.92794,26.22203,6.36118,7.10229
635.07370,-1.03124,6.56767,63.61793,23.91470,26.21979,6.37914,7.10431
635.08370,-1.02817,6.53891,63.62931,23.86258,26.20059,6.44118,7.12496
635.09370,-1.04062,6.51718,63.61209,23.83609,26.15291,6.44118,7.18191
635.10370,-1.04527,6.51035,63.61356,23.82894,26.14218,6.44220,7.20025
635.11370,-1.05672,6.50564,63.64085,23.82200,26.15739,6.44530,7.21617
635.12370,-1.05763,6.53338,63.44144,23.76994,26.13003,6.40118,7.14029
635.13370,-1.05639,6.53010,63.45444,23.76794,26.13313,6.41118,7.14219
635.14370,-1.04525,6.50065,63.57144,23.74994,26.16103,6.50118,7.15929
635.15370,-1.04525,6.50065,63.57144,23.74994,26.16103,6.50118,7.15929
635.16370,-1.01761,6.53387,63.46364,23.80776,26.11105,6.43258,7.11225
635.17370,-0.99224,6.50807,63.52907,23.80894,26.08945,6.49979,7.13089
635.18370,-0.99174,6.50754,63.53044,23.80894,26.08903,6.50118,7.13129
635.19370,-0.99552,6.55276,63.39680,23.80894,26.10982,6.43189,7.04616
635.20370,-1.00778,6.56851,63.34990,23.80894,26.11663,6.39158,7.03275
635.21370,-1.01408,6.57639,63.32644,23.80894,26.12003,6.37118,7.02629
635.22370,-0.97258,6.60792,63.37943,23.92969,26.12872,6.33643,6.98459
635.23370,-0.96631,6.61268,63.38744,23.94794,26.13003,6.33118,6.97829
635.24370,-0.92877,6.61880,63.33676,23.94026,26.11468,6.36957,6.91225
635.25370,-0.90297,6.63350,63.32218,23.96680,26.11743,6.37378,6.86417
635.26370,-0.89790,6.63801,63.32244,23.97694,26.12003,6.37118,6.85429
635.27370,-0.88848,6.63654,63.42187,24.06601,26.10553,6.34356,6.90676
635.28370,-0.88059,6.64688,63.45522,24.10594,26.12077,6.33118,6.89733
635.29370,-0.87903,6.65157,63.45044,24.10594,26.13003,6.33118,6.88329
635.30370,-0.88521,6.65671,63.55573,24.15161,26.18204,6.32695,6.89513
635.31370,-0.89352,6.66362,63.69802,24.21332,26.25233,6.32124,6.91113
635.32370,-0.89018,6.66456,63.71165,24.22263,26.25644,6.32338,6.90920
635.33370,-0.85792,6.67636,63.82207,24.30912,26.29048,6.33739,6.88508
635.34370,-0.82606,6.70942,63.90244,24.42094,26.33503,6.31118,6.83529
635.35370,-0.83252,6.72069,63.83666,24.40737,26.32790,6.28358,6.81781
635.36370,-0.85057,6.76983,63.57320,24.36194,26.30097,6.17585,6.73445
635.37370,-0.83442,6.81893,63.38520,24.36194,26.28763,6.10918,6.62645
635.38370,-0.85056,6.82470,63.25174,24.30843,26.25052,6.07496,6.61783
635.39370,-0.86899,6.83076,63.12492,24.26294,26.21140,6.03266,6.61792
635.40370,-0.87095,6.85628,63.00958,24.26294,26.18971,5.97446,6.58247
635.41370,-0.88991,6.85731,62.88408,24.19366,26.16135,5.95598,6.57309
635.42370,-0.87545,6.85422,62.89344,24.21394,26.14003,5.96118,6.57829
635.43370,-0.87752,6.85821,62.93901,24.23804,26.16343,5.95594,6.58160
635.44370,-0.91090,6.87838,63.26692,24.37133,26.34870,5.93118,6.61571
635.45370,-0.93593,6.87986,63.38644,24.39194,26.42803,5.93118,6.63529
635.46370,-0.93593,6.87986,63.38644,24.39194,26.42803,5.93118,6.63529
635.47370,-0.88323,6.90959,63.36944,24.46094,26.42803,5.93118,6.54929
635.48370,-0.87856,6.90930,63.39987,24.48723,26.42536,5.92631,6.56097
635.49370,-0.86598,6.90850,63.48210,24.55828,26.41812,5.91315,6.59255
635.50370,-0.88630,6.94506,63.41844,24.56894,26.45803,5.84218,6.54929
635.51370,-0.89376,6.94784,63.37636,24.55613,26.44470,5.82388,6.55164
635.52370,-0.90388,6.95775,63.25274,24.53380,26.39505,5.77218,6.55171
635.53370,-0.87237,6.96358,63.23932,24.57340,26.36083,5.77218,6.53292
635.54370,-0.87693,6.96769,63.23554,24.57443,26.36815,5.76268,6.53029
635.55370,-0.90154,6.98249,63.19747,24.55994,26.39300,5.72298,6.52155
635.56370,-0.88590,6.99701,63.09485,24.56435,26.34603,5.69218,6.49229
635.57370,-0.88399,6.98920,63.12441,24.57656,26.33605,5.69693,6.51486
635.58370,-0.89455,6.96091,63.17244,24.56894,26.30403,5.71218,6.58729
635.59370,-0.89455,6.96091,63.17244,24.56894,26.30403,5.71218,6.58729
635.60370,-0.96027,6.90769,63.33414,24.52092,26.33441,5.74158,6.73723
635.61370,-0.95631,6.91540,63.50744,24.60894,26.40703,5.74218,6.74929
635.62370,-0.95571,6.91701,63.50562,24.61096,26.40804,5.74016,6.74646
635.63370,-0.95044,6.93137,63.48944,24.62894,26.41703,5.72218,6.72129
635.64370,-0.95044,6.93137,63.48944,24.62894,26.41703,5.72218,6.72129
635.65370,-0.99322,6.91748,63.42186,24.53598,26.41703,5.72017,6.74868
635.66370,-1.01260,6.92225,63.35609,24.49638,26.41703,5.70003,6.74264
635.67370,-1.02017,6.92411,63.33044,24.48094,26.41703,5.69218,6.74029
635.68370,-1.02970,6.93122,63.24443,24.45654,26.39202,5.66168,6.73419
635.69370,-1.04793,6.91601,63.03816,24.31467,26.32601,5.67878,6.71870
635.70370,-1.05571,6.90333,62.94144,24.23394,26.29403,5.70218,6.71129
635.71370,-1.07016,6.91086,62.94213,24.24083,26.30850,5.67462,6.71818
635.72370,-1.07668,6.91427,62.94244,24.24394,26.31503,5.66218,6.72129
635.73370,-1.09326,6.90144,63.02065,24.22439,26.36196,5.69477,6.73954
635.74370,-1.12486,6.89813,63.14701,24.22087,26.45774,5.71218,6.75622
635.75370,-1.13492,6.89969,63.18444,24.22394,26.48903,5.71218,6.75929
635.76370,-1.15233,6.87940,63.36379,24.22394,26.57658,5.77168,6.79159
635.77370,-1.16716,6.88059,63.40791,24.21261,26.62660,5.78218,6.78652
635.78370,-1.17615,6.88423,63.41744,24.20394,26.65303,5.78218,6.77829
635.79370,-1.15346,6.88815,63.43486,24.23712,26.64474,5.79048,6.76253
635.80370,-1.16595,6.88073,63.43164,24.20994,26.64870,5.79785,6.77515
635.81370,-1.17906,6.87445,63.42644,24.18394,26.65303,5.80218,6.78729
635.82370,-1.16372,6.87704,63.42570,24.21343,26.63017,5.79481,6.78729
635.83370,-1.15825,6.87797,63.42544,24.22394,26.62203,5.79218,6.78729
635.84370,-1.20089,6.86608,63.35828,24.15897,26.60013,5.76298,6.83620
635.85370,-1.21300,6.85636,63.43214,24.16940,26.62182,5.76970,6.87122
635.86370,-1.21038,6.85257,63.50244,24.19394,26.64303,5.78218,6.88329
635.87370,-1.21764,6.84914,63.68904,24.24134,26.73543,5.81218,6.90009
635.88370,-1.19827,6.83284,63.85344,24.30930,26.75340,5.85036,6.94038
635.89370,-1.18256,6.82373,63.87944,24.33294,26.72503,5.86218,6.95929
635.90370,-1.17540,6.81462,63.95675,24.34442,26.74980,5.89781,6.96472
635.91370,-1.17072,6.80866,64.00744,24.35194,26.76603,5.92118,6.96829
635.92370,-1.18010,6.80510,63.95384,24.34434,26.72083,5.88958,6.99909
635.93370,-1.19258,6.79804,63.89538,24.34568,26.65303,5.84218,7.05448
635.94370,-1.18422,6.78921,64.00944,24.41194,26.65303,5.84218,7.10229
635.95370,-1.18528,6.78831,63.95184,24.38314,26.63335,5.84218,7.09317
635.96370,-1.18654,6.78074,63.84049,24.34291,26.56356,5.82792,7.10610
635.97370,-1.18666,6.77345,63.78644,24.33294,26.51003,5.81218,7.13129
635.98370,-1.18776,6.76965,63.76258,24.32327,26.49005,5.80896,7.14031
635.99370,-1.19001,6.76187,63.71390,24.30353,26.44926,5.80238,7.15873
636.00370,-1.18333,6.75728,63.66181,24.29594,26.40253,5.79518,7.16815
636.01370,-1.16398,6.74479,63.51714,24.27594,26.27253,5.77518,7.19349
636.02370,-1.14784,6.70641,63.62344,24.27294,26.25303,5.85218,7.24529
636.03370,-1.14267,6.70089,63.59948,24.27294,26.21859,5.84844,7.25951
636.04370,-1.12786,6.68508,63.53103,24.27294,26.12020,5.83774,7.30015
636.05370,-1.10033,6.67127,63.47844,24.24394,26.06903,5.88218,7.28329
636.06370,-1.09308,6.66846,63.49347,24.25738,26.05970,5.88651,7.28989
636.07370,-1.06852,6.65896,63.54444,24.30294,26.02803,5.90118,7.31229
636.08370,-1.06511,6.65696,63.56126,24.30807,26.03066,5.90907,7.31347
636.09370,-1.05027,6.64828,63.63441,24.33035,26.04209,5.94335,7.31861
636.10370,-1.05457,6.65032,63.65058,24.31865,26.07227,5.95643,7.30323
636.11370,-1.06783,6.65754,63.62644,24.29294,26.09903,5.95118,7.28329
636.12370,-1.07520,6.69923,63.60375,24.34102,26.14927,5.88149,7.23196
636.13370,-1.09588,6.72628,63.55444,24.33454,26.19203,5.83418,7.19369
636.14370,-1.10549,6.72065,63.53444,24.30294,26.19203,5.84218,7.19729
636.15370,-1.12639,6.77023,63.45144,24.29294,26.27403,5.78218,7.10229
636.16370,-1.12208,6.77337,63.47337,24.30812,26.28507,5.78371,7.09646
636.17370,-1.10337,6.78700,63.56870,24.37412,26.33307,5.79038,7.07113
636.18370,-1.15520,6.84201,63.70544,24.49094,26.47903,5.66218,7.07329
636.19370,-1.15596,6.84351,63.71109,24.49304,26.48565,5.66164,7.07076
636.20370,-1.16351,6.85850,63.76754,24.51400,26.55178,5.65627,7.04549
636.21370,-1.15005,6.87847,63.79124,24.55874,26.58187,5.64258,7.00805
636.22370,-1.14925,6.87882,63.79044,24.55994,26.58103,5.64218,7.00729
636.23370,-1.22873,6.88685,63.60769,24.40553,26.61133,5.59332,6.99751
636.24370,-1.23058,6.88704,63.60344,24.40194,26.61203,5.59218,6.99729
636.25370,-1.21305,6.87415,63.54888,24.39328,26.54102,5.60084,7.01374
636.26370,-1.21428,6.87211,63.49061,24.38217,26.49975,5.58264,7.02606
636.27370,-1.21437,6.87211,63.48944,24.38194,26.49903,5.58218,7.02629
636.28370,-1.20600,6.88065,63.57477,24.42689,26.54627,5.58980,7.01181
636.29370,-1.18794,6.86911,63.60739,24.44944,26.51768,5.60918,7.03109
636.30370,-1.18521,6.86660,63.60844,24.45094,26.51003,5.61218,7.03529
636.31370,-1.19857,6.86513,63.50747,24.37792,26.49805,5.61788,7.01361
636.32370,-1.20866,6.86402,63.43144,24.32294,26.48903,5.62218,6.99729
636.33370,-1.25637,6.88233,63.28690,24.25797,26.48903,5.54918,6.99072
636.34370,-1.24102,6.87324,63.19362,24.24131,26.40571,5.54430,7.00230
636.35370,-1.22924,6.86758,63.17944,24.24394,26.37603,5.55218,7.00729
636.36370,-1.21971,6.85673,63.14995,24.21977,26.34654,5.57635,7.00729
636.37370,-1.22313,6.83615,63.16893,24.18348,26.34100,5.61661,7.02784
636.38370,-1.24722,6.82026,63.25844,24.16494,26.38703,5.64218,7.06429
636.39370,-1.19734,6.82816,63.34924,24.24883,26.39765,5.67404,7.02871
636.40370,-1.15340,6.83512,63.42944,24.32294,26.40703,5.70218,6.99729
636.41370,-1.14840,6.83489,63.47460,24.34520,26.42026,5.70863,7.00051
636.42370,-1.14008,6.83451,63.54987,24.38229,26.44230,5.71938,7.00589
636.43370,-1.13921,6.82299,63.71313,24.43070,26.49228,5.74959,7.04057
636.44370,-1.14095,6.80764,63.90731,24.48308,26.55207,5.78662,7.08554
636.45370,-1.13697,6.84512,63.76389,24.49841,26.52702,5.70923,7.02924
636.46370,-1.13947,6.84602,63.66894,24.45829,26.49368,5.70068,7.01629
636.47370,-1.14007,6.84474,63.65844,24.45094,26.48903,5.70218,7.01629
636.48370,-1.13677,6.86687,63.48144,24.41194,26.44803,5.66218,6.95929
636.49370,-1.13138,6.86157,63.47152,24.39914,26.43811,5.67818,6.95609
636.50370,-1.12015,6.85051,63.45085,24.37247,26.41745,5.71151,6.94942
636.51370,-1.09090,6.83879,63.59044,24.42094,26.44803,5.77218,6.94929
636.52370,-1.09916,6.84946,63.53763,24.41813,26.43835,5.73781,6.94335
636.53370,-1.12114,6.87670,63.39430,24.40044,26.41703,5.65528,6.92155
636.54370,-1.13381,6.88906,63.30344,24.36194,26.41703,5.63218,6.89229
636.55370,-1.13479,6.88571,63.29241,24.34609,26.41474,5.64137,6.89022
636.56370,-1.13769,6.87585,63.25998,24.29947,26.40798,5.66840,6.88414
636.57370,-1.12455,6.87258,63.25242,24.30432,26.38798,5.67915,6.88096
636.58370,-1.07631,6.86180,63.23674,24.34194,26.30792,5.70456,6.88232
636.59370,-1.06513,6.84729,63.21844,24.34194,26.25303,5.71218,6.91129
636.60370,-1.06546,6.85507,63.15641,24.33056,26.23631,5.69359,6.89595
636.61370,-1.05962,6.87847,62.97337,24.30550,26.17944,5.64013,6.84831
636.62370,-1.03081,6.86850,63.06476,24.35781,26.17282,5.67324,6.86089
636.63370,-1.02250,6.86373,63.07201,24.36007,26.16319,5.68654,6.86222
636.64370,-1.01569,6.84630,62.92429,24.26395,26.09287,5.72218,6.84529
636.65370,-0.99445,6.84298,62.87844,24.27294,26.03803,5.72218,6.84529
636.66370,-0.99648,6.84254,62.87497,24.27034,26.03663,5.72018,6.84782
636.67370,-1.01678,6.83809,62.84031,24.24434,26.02263,5.70018,6.87315
636.68370,-1.02491,6.83631,62.82644,24.23394,26.01703,5.69218,6.88329
636.69370,-0.98603,6.79756,63.01371,24.26993,26.02374,5.80198,6.91806
636.70370,-0.94363,6.75940,63.17813,24.32253,25.99663,5.88969,6.96928
636.71370,-0.93207,6.75055,63.20744,24.34194,25.97603,5.90118,6.98829
636.72370,-0.93659,6.75529,63.46209,24.41843,26.11546,5.93991,6.98829
636.73370,-0.94078,6.76797,63.40086,24.42094,26.09945,5.90198,6.97849
636.74370,-0.93039,6.77037,63.42884,24.45034,26.09903,5.90118,6.97829
636.75370,-0.92725,6.79206,63.35496,24.42742,26.12334,5.89334,6.91086
636.76370,-0.92644,6.79803,63.33444,24.42094,26.13003,5.89118,6.89229
636.77370,-0.90214,6.79858,63.32630,24.43450,26.11150,5.90927,6.87104
636.78370,-0.87354,6.79923,63.31673,24.45046,26.08969,5.93054,6.84604
636.79370,-0.84586,6.79855,63.30691,24.46826,26.06219,5.94850,6.82797
636.80370,-0.79133,6.80939,63.34720,24.58670,26.00601,5.92920,6.82529
636.81370,-0.77296,6.81338,63.36244,24.62894,25.98703,5.92118,6.82529
636.82370,-0.85287,6.80277,63.38404,24.55046,26.05327,5.89310,6.88721
636.83370,-0.82429,6.81958,63.32789,24.56049,26.04510,5.89790,6.82439
636.84370,-0.81184,6.82395,63.31444,24.56894,26.03803,5.90118,6.80629
636.85370,-0.81265,6.82030,63.27156,24.52456,26.03803,5.92375,6.78522
636.86370,-0.84340,6.81028,63.25613,24.47787,26.04458,5.91809,6.81560
636.87370,-0.85949,6.80562,63.25544,24.46094,26.04803,5.91118,6.83529
636.88370,-0.86016,6.81484,63.24243,24.46094,26.06321,5.90395,6.81433
636.89370,-0.86042,6.81837,63.23744,24.46094,26.06903,5.90118,6.80629
636.90370,-0.84707,6.82083,63.14089,24.44715,26.01248,5.88808,6.79318
636.91370,-0.84155,6.81391,63.19886,24.46985,26.01692,5.90129,6.81080
636.92370,-0.84207,6.80558,63.30444,24.49994,26.04803,5.92118,6.83529
636.93370,-0.88244,6.82166,63.31374,24.48196,26.11809,5.88460,6.82909
636.94370,-0.88090,6.81987,63.42748,24.53110,26.15489,5.89226,6.84923
636.95370,-0.86443,6.81257,63.49544,24.56894,26.15103,5.91118,6.86429
636.96370,-0.89467,6.80845,63.51213,24.51775,26.20408,5.92602,6.86429
636.97370,-0.97410,6.80676,63.49245,24.39881,26.30257,5.91905,6.87201
636.98370,-1.01528,6.81448,63.42244,24.35194,26.31503,5.87218,6.88329
636.99370,-1.05741,6.80967,63.39172,24.30922,26.31983,5.83858,6.92409
637.00370,-1.10310,6.80445,63.35844,24.26294,26.32503,5.80218,6.96829
637.01370,-1.11055,6.80941,63.29800,24.23673,26.31674,5.78881,6.95572
637.02370,-1.15649,6.80824,63.15686,24.13571,26.30180,5.75588,6.96347
637.03370,-1.19975,6.78308,63.19844,24.08594,26.31503,5.76218,7.03529
637.04370,-1.20088,6.77889,63.22990,24.09123,26.32323,5.77011,7.04533
637.05370,-1.24308,6.77302,63.33940,24.09154,26.39391,5.75978,7.09417
637.06370,-1.31249,6.78324,63.37844,24.06594,26.47903,5.70218,7.13129
637.07370,-1.30054,6.78306,63.41008,24.09830,26.47140,5.70218,7.13820
637.08370,-1.27965,6.78274,63.46544,24.15494,26.45803,5.70218,7.15029
637.09370,-1.27965,6.78274,63.46544,24.15494,26.45803,5.70218,7.15029
637.10370,-1.39164,6.77708,63.48928,24.06634,26.54987,5.63778,7.23529
637.11370,-1.42920,6.79020,63.44444,24.03594,26.58103,5.59218,7.23529
637.12370,-1.43430,6.79556,63.38955,24.01838,26.56970,5.57662,7.22484
637.13370,-1.44785,6.81364,63.20575,23.96724,26.52428,5.52218,7.19204
637.14370,-1.42872,6.81038,63.24186,24.01203,26.49928,5.52218,7.20836
637.15370,-1.40961,6.80712,63.27797,24.05683,26.47428,5.52218,7.22468
637.16370,-1.39793,6.81043,63.36023,24.13124,26.47475,5.50330,7.25093
637.17370,-1.39990,6.82508,63.51944,24.25394,26.52003,5.45218,7.29329
637.18370,-1.39180,6.83192,63.45345,24.23970,26.50057,5.44743,7.26575
637.19370,-1.37040,6.83879,63.42292,24.27304,26.46193,5.43115,7.25680
637.20370,-1.36033,6.83821,63.45744,24.31294,26.44803,5.42218,7.27429
637.21370,-1.32200,6.86298,63.35160,24.33382,26.41131,5.40778,7.19869
637.22370,-1.25853,6.89324,63.40126,24.46385,26.40522,5.39400,7.13820
637.23370,-1.24777,6.89782,63.42144,24.49094,26.40703,5.39218,7.13129
637.24370,-1.24434,6.93194,63.51064,24.58700,26.47761,5.34317,7.10286
637.25370,-1.24427,6.93263,63.51244,24.58894,26.47903,5.34218,7.10229
637.26370,-1.20681,6.99044,63.51729,24.70441,26.52852,5.28396,7.00041
637.27370,-1.22528,7.02171,63.59698,24.76517,26.61927,5.23368,6.97886
637.28370,-1.22589,7.02262,63.59944,24.76694,26.62203,5.23218,6.97829
637.29370,-1.10901,7.04595,63.61050,24.90133,26.56164,5.27471,6.87282
637.30370,-1.08145,7.02472,63.80435,24.99232,26.56809,5.31630,6.92764
637.31370,-1.08024,7.02037,63.83744,25.00394,26.57103,5.32218,6.94029
637.32370,-1.06875,7.04398,63.79197,25.04176,26.56253,5.27968,6.90799
637.33370,-1.05521,7.07181,63.73847,25.08626,26.55253,5.22968,6.86999
637.34370,-1.00162,7.08750,63.63163,25.14382,26.45223,5.20006,6.83553
637.35370,-0.94262,7.12157,63.59278,25.23447,26.42509,5.17753,6.75568
637.36370,-0.92781,7.13250,63.59144,25.26094,26.42803,5.17218,6.73029
637.37370,-0.94273,7.14624,63.56973,25.27100,26.43862,5.12983,6.73029
637.38370,-0.93549,7.14197,63.60633,25.29415,26.43335,5.13481,6.74402
637.39370,-0.91274,7.12370,63.66844,25.30994,26.41703,5.18218,6.75929
637.40370,-0.87157,7.13213,63.70626,25.37033,26.41093,5.20048,6.72452
637.41370,-0.84527,7.13752,63.73044,25.40894,26.40703,5.21218,6.70229
637.42370,-0.86662,7.15585,63.64438,25.40894,26.38825,5.13945,6.70774
637.43370,-0.86062,7.16118,63.75497,25.45713,26.44496,5.15318,6.69970
637.44370,-0.84794,7.15697,63.86144,25.48794,26.48903,5.19218,6.69229
637.45370,-0.84847,7.15771,63.84765,25.49070,26.47713,5.18202,6.69780
637.46370,-0.85881,7.17058,63.72039,25.49317,26.40703,5.10319,6.71699
637.47370,-0.86682,7.17999,63.66944,25.47794,26.40703,5.08218,6.70229
637.48370,-0.84567,7.17983,63.69273,25.50598,26.39753,5.09644,6.69278
637.49370,-0.82042,7.16290,63.73295,25.52148,26.36748,5.13741,6.70658
637.50370,-0.81638,7.12727,63.76382,25.48860,26.32587,5.19111,6.75825
637.51370,-0.81293,7.13017,63.77777,25.49587,26.33802,5.19563,6.74825
637.52370,-0.78703,7.15788,63.88044,25.55694,26.43803,5.22218,6.66329
637.53370,-0.79196,7.15128,63.93790,25.56611,26.45712,5.23341,6.68125
637.54370,-0.80601,7.13249,64.10207,25.59231,26.51167,5.26550,6.73259
637.55370,-0.79616,7.13279,64.20443,25.65649,26.53154,5.26519,6.75122
637.56370,-0.77573,7.14694,64.20434,25.69876,26.52905,5.25318,6.72335
637.57370,-0.79170,7.14664,64.08688,25.58172,26.54970,5.28996,6.66551
637.58370,-0.81377,7.13836,63.96244,25.49694,26.51003,5.28218,6.67329
637.59370,-0.81045,7.13684,63.95267,25.48697,26.50779,5.29236,6.66555
637.60370,-0.79745,7.13088,63.91444,25.44794,26.49903,5.33218,6.63529
637.61370,-0.78946,7.13070,63.90126,25.45012,26.48564,5.33545,6.63006
637.62370,-0.72652,7.12674,63.80334,25.46693,26.37815,5.36420,6.59405
637.63370,-0.74928,7.10472,63.89144,25.45794,26.39703,5.38218,6.65429
637.64370,-0.74543,7.10451,63.91780,25.46763,26.40814,5.39089,6.65113
637.65370,-0.71404,7.10563,64.12791,25.54694,26.50250,5.45951,6.61895
637.66370,-0.71398,7.13395,64.07257,25.54694,26.53717,5.43285,6.55562
637.67370,-0.71395,7.14529,64.05044,25.54694,26.55103,5.42218,6.53029
637.68370,-0.74644,7.17847,64.02970,25.53864,26.63565,5.37241,6.48300
637.69370,-0.75312,7.18529,64.02544,25.53694,26.65303,5.36218,6.47329
637.70370,-0.72301,7.23756,64.05414,25.59534,26.76488,5.36218,6.33175
637.71370,-0.72866,7.27042,63.93409,25.55809,26.79612,5.33306,6.24682
637.72370,-0.72884,7.27140,63.93044,25.55694,26.79703,5.33218,6.24429
637.73370,-0.69971,7.27764,64.03796,25.60398,26.85559,5.38018,6.19821
637.74370,-0.68100,7.29334,64.10908,25.67062,26.89135,5.37565,6.17146
637.75370,-0.67173,7.30152,64.14444,25.70494,26.90903,5.37218,6.15829
637.76370,-0.66170,7.31682,64.11379,25.69643,26.93543,5.38069,6.10124
637.77370,-0.65995,7.31949,64.10844,25.69494,26.94003,5.38218,6.09129
637.78370,-0.69045,7.33494,64.11088,25.67539,27.00502,5.35775,6.07272
637.79370,-0.72676,7.36265,64.10452,25.65764,27.09547,5.31867,6.03275
637.80370,-0.73862,7.39385,64.08044,25.66494,27.15603,5.28218,5.97729
637.81370,-0.74003,7.41326,64.04441,25.66007,27.18573,5.26757,5.93104
637.82370,-0.75883,7.42885,64.05132,25.63778,27.25751,5.26538,5.89065
637.83370,-0.78085,7.42263,64.10844,25.61594,27.30903,5.28218,5.90129
637.84370,-0.77874,7.44309,64.12188,25.63034,27.36327,5.27738,5.85089
637.85370,-0.77646,7.46525,64.13644,25.64594,27.42203,5.27218,5.79629
637.86370,-0.79054,7.47721,64.06135,25.61743,27.42203,5.24367,5.77823
637.87370,-0.82316,7.50702,63.96259,25.59687,27.44444,5.16846,5.75282
637.88370,-0.83730,7.52077,63.94944,25.60594,27.46303,5.13218,5.74829
637.89370,-0.83966,7.52589,63.98327,25.60913,27.50229,5.14175,5.73010
637.90370,-0.84360,7.53441,64.03965,25.61445,27.56771,5.15771,5.69978
637.91370,-0.87540,7.55761,64.11599,25.63230,27.67849,5.12945,5.67574
637.92370,-0.88221,7.56223,64.12944,25.63594,27.69903,5.12218,5.67229
637.93370,-0.89177,7.59112,64.33708,25.73103,27.85816,5.11248,5.63542
637.94370,-0.87356,7.61378,64.27351,25.73394,27.86616,5.10612,5.56729
637.95370,-0.90402,7.63727,64.23335,25.73683,27.89596,5.03877,5.56179
637.96370,-0.92716,7.69090,64.10528,25.76315,27.91351,4.91684,5.51179
637.97370,-0.92786,7.69252,64.10144,25.76394,27.91403,4.91318,5.51029
637.98370,-0.93539,7.68917,63.99726,25.72350,27.85783,4.89262,5.52331
637.99370,-0.93328,7.68582,63.84253,25.63294,27.80949,4.91227,5.48783
638.00370,-0.93119,7.68515,63.80244,25.60594,27.80103,4.92318,5.47229
638.01370,-1.01042,7.70000,63.66628,25.49694,27.83752,4.85053,5.48129
638.02370,-1.01713,7.69693,63.81460,25.52510,27.92503,4.88318,5.48129
638.03370,-1.00187,7.69411,63.87944,25.56451,27.93203,4.89718,5.48572
638.04370,-1.00982,7.67764,63.91944,25.53184,27.95203,4.93718,5.49839
638.05370,-1.01102,7.67518,63.92544,25.52694,27.95503,4.94318,5.50029
638.06370,-1.00232,7.68692,64.22690,25.70473,28.06254,4.92198,5.53765
638.07370,-0.98282,7.65249,64.48144,25.78394,28.09903,4.99318,5.60529
638.08370,-0.97271,7.64307,64.48281,25.77711,28.08036,5.01572,5.60961
638.09370,-0.93842,7.61112,64.48744,25.75394,28.01703,5.09218,5.62429
638.10370,-0.94170,7.60873,64.48149,25.74423,28.01505,5.09416,5.62805
638.11370,-0.95886,7.60135,64.46953,25.71245,28.01596,5.09467,5.64645
638.12370,-0.99055,7.61975,64.56844,25.77394,28.08903,5.03318,5.67229
638.13370,-0.98560,7.62073,64.55297,25.77721,28.07564,5.02991,5.67022
638.14370,-0.94618,7.62817,64.42044,25.79867,27.96463,5.00385,5.65329
638.15370,-0.95783,7.62230,64.36044,25.74601,27.95063,5.01051,5.65329
638.16370,-0.96249,7.61994,64.33644,25.72494,27.94503,5.01318,5.65329
638.17370,-0.98376,7.65392,64.00222,25.61065,27.87588,4.93635,5.57934
638.18370,-0.94944,7.61719,64.10501,25.61574,27.85344,5.03114,5.60469
638.19370,-0.94871,7.61640,64.10744,25.61594,27.85303,5.03318,5.60529
638.20370,-0.93510,7.61946,63.96222,25.58878,27.76767,5.01101,5.59476
638.21370,-0.92412,7.62194,63.84544,25.56694,27.69903,4.99318,5.58629
638.22370,-0.89517,7.59377,63.90834,25.57439,27.66510,5.05856,5.61029
638.23370,-0.93407,7.57980,64.02379,25.57594,27.72048,5.05483,5.67253
638.24370,-0.94092,7.57856,64.03944,25.57594,27.73003,5.05218,5.68129
638.25370,-0.94511,7.57786,64.05661,25.57897,27.73933,5.05117,5.68715
638.26370,-0.97981,7.56839,64.22715,25.60594,27.82764,5.05428,5.73929
638.27370,-0.95997,7.54224,64.37044,25.60594,27.87303,5.15218,5.73929
638.28370,-0.95679,7.54048,64.39133,25.61323,27.87810,5.15960,5.74040
638.29370,-0.93431,7.52797,64.53944,25.66494,27.91403,5.21218,5.74829
638.30370,-0.93454,7.53029,64.53489,25.66494,27.91681,5.20965,5.74348
638.31370,-0.94593,7.53812,64.53793,25.66092,27.94555,5.19816,5.73331
638.32370,-0.96181,7.53959,64.56244,25.65494,27.97603,5.19218,5.73929
638.33370,-0.95504,7.55739,64.51624,25.66094,27.98203,5.17418,5.69909
638.34370,-0.95476,7.59455,64.34924,25.65354,27.95543,5.10218,5.63809
638.35370,-0.95760,7.61145,64.25844,25.64594,27.93503,5.06218,5.61529
638.36370,-0.98914,7.63452,64.07965,25.56170,27.93503,5.01430,5.56862
638.37370,-1.00974,7.64959,63.96344,25.50694,27.93503,4.98318,5.53829
638.38370,-1.03082,7.65385,63.91092,25.47907,27.93099,4.95490,5.54596
638.39370,-1.06670,7.66679,63.79409,25.42359,27.92503,4.90189,5.54358
638.40370,-1.09126,7.70139,63.58944,25.34894,27.92503,4.84318,5.47229
638.41370,-1.08617,7.71432,63.55896,25.35595,27.92854,4.82917,5.44531
638.42370,-1.08193,7.73321,63.51152,25.35165,27.94568,4.81715,5.39703
638.43370,-1.10651,7.70904,63.55444,25.26994,27.99603,4.88318,5.40529
638.44370,-1.10651,7.70904,63.55444,25.26994,27.99603,4.88318,5.40529
638.45370,-1.14763,7.74021,63.59744,25.29994,28.08903,4.81318,5.39529
638.46370,-1.16983,7.73659,63.70368,25.31406,28.15397,4.81671,5.41893
638.47370,-1.22170,7.74178,63.95534,25.36735,28.32646,4.80583,5.45569
638.48370,-1.24305,7.76393,64.06244,25.41894,28.42703,4.77318,5.44329
638.49370,-1.24952,7.78287,64.11097,25.45557,28.48443,4.74985,5.42112
638.50370,-1.26794,7.83680,64.24964,25.56024,28.64843,4.68318,5.35779
638.51370,-1.25292,7.89042,64.21444,25.63594,28.69403,4.61318,5.27129
638.52370,-1.26161,7.90101,64.21378,25.63814,28.72109,4.59778,5.25677
638.53370,-1.27713,7.94573,64.16322,25.64594,28.79637,4.54318,5.17773
638.54370,-1.23154,7.97707,63.97167,25.64366,28.72403,4.52268,5.08129
638.55370,-1.26989,8.00360,63.86298,25.60756,28.74207,4.45098,5.06237
638.56370,-1.30787,8.02444,63.75144,25.50694,28.80603,4.44318,4.99529
638.57370,-1.30787,8.02444,63.75144,25.50694,28.80603,4.44318,4.99529
638.58370,-1.28430,8.07251,63.54394,25.54504,28.72513,4.34218,4.93159
638.59370,-1.31012,8.08870,63.37744,25.43794,28.73503,4.33318,4.87129
638.60370,-1.31012,8.08870,63.37744,25.43794,28.73503,4.33318,4.87129
638.61370,-1.31307,8.11047,63.40066,25.46878,28.78459,4.30892,4.83837
638.62370,-1.31863,8.15149,63.44444,25.52694,28.87803,4.26318,4.77629
638.63370,-1.30580,8.16840,63.48440,25.57404,28.91229,4.25367,4.74441
638.64370,-1.30283,8.18122,63.60185,25.63941,28.98349,4.24783,4.73113
638.65370,-1.31566,8.17457,63.68644,25.65494,29.02203,4.25318,4.75629
638.66370,-1.28818,8.17836,63.69238,25.68735,29.00529,4.26398,4.73576
638.67370,-1.30103,8.18293,63.62158,25.65356,28.99103,4.24559,4.73139
638.68370,-1.31737,8.18354,63.58744,25.62594,28.99103,4.23318,4.73729
638.69370,-1.30708,8.18277,63.50389,25.61628,28.92680,4.21869,4.74212
638.70370,-1.29753,8.18285,63.39499,25.58736,28.86239,4.21044,4.73480
638.71370,-1.30631,8.18811,63.28044,25.47794,28.88803,4.25318,4.66129
638.72370,-1.34175,8.16618,63.29933,25.49425,28.82707,4.19394,4.78406
638.73370,-1.34758,8.16257,63.30244,25.49694,28.81703,4.18418,4.80429
638.74370,-1.32857,8.14806,63.26933,25.49142,28.75388,4.20196,4.82207
638.75370,-1.31556,8.11590,63.42128,25.52509,28.76103,4.25866,4.87650
638.76370,-1.31524,8.10859,63.47644,25.53694,28.77603,4.27318,4.89029
638.77370,-1.32207,8.08752,63.43977,25.49861,28.72437,4.28429,4.93251
638.78370,-1.31283,8.01502,63.60988,25.46794,28.69815,4.40838,5.03541
638.79370,-1.30714,7.99348,63.68744,25.46794,28.70403,4.45318,5.06229
638.80370,-1.34836,7.99552,63.56918,25.40297,28.67410,4.40208,5.09003
638.81370,-1.36364,7.99628,63.52544,25.37894,28.66303,4.38318,5.10029
638.82370,-1.36663,7.95093,63.53635,25.31421,28.61067,4.44863,5.16283
638.83370,-1.40797,7.91191,63.62609,25.26123,28.63094,4.48291,5.25101
638.84370,-1.45028,7.88875,63.71644,25.23094,28.67303,4.49318,5.31929
638.85370,-1.42300,7.87654,63.83344,25.30774,28.66103,4.51118,5.35349
638.86370,-1.37513,7.85859,63.85744,25.33554,28.60323,4.56518,5.35349
638.87370,-1.35528,7.85202,63.82144,25.31994,28.57003,4.59318,5.33829
638.88370,-1.36932,7.81718,63.86689,25.27868,28.55209,4.63504,5.40108
638.89370,-1.37874,7.79379,63.89744,25.25094,28.54003,4.66318,5.44329
638.90370,-1.39220,7.77556,63.84002,25.19234,28.49925,4.67506,5.47338
638.91370,-1.40834,7.74365,63.72181,25.09040,28.41259,4.69794,5.52087
638.92370,-1.38471,7.72224,63.55944,25.02394,28.28303,4.72318,5.52929
638.93370,-1.38067,7.71239,63.50716,24.98640,28.24929,4.74219,5.52929
638.94370,-1.38453,7.66405,63.42735,24.87538,28.15892,4.81018,5.58287
638.95370,-1.39395,7.62179,63.40244,24.79694,28.09903,4.86318,5.64329
638.96370,-1.36155,7.60291,63.45234,24.82973,28.05531,4.90120,5.66610
638.97370,-1.32585,7.58209,63.50744,24.86594,28.00703,4.94318,5.69129
638.98370,-1.32585,7.58209,63.50744,24.86594,28.00703,4.94318,5.69129
638.99370,-1.31654,7.56326,63.59525,24.87280,28.02075,4.99120,5.71050
639.00370,-1.30770,7.54100,63.61954,24.85426,27.99740,5.03414,5.73374
639.01370,-1.30594,7.53576,63.61344,24.84594,27.98603,5.04218,5.73929
639.02370,-1.27405,7.48897,63.75962,24.88885,27.93367,5.11491,5.82220
639.03370,-1.26245,7.46711,63.78597,24.88377,27.89943,5.14948,5.85329
639.04370,-1.26537,7.46456,63.78396,24.88037,27.89403,5.14763,5.86192
639.05370,-1.28719,7.45726,63.85044,24.91494,27.89403,5.11218,5.92929
639.06370,-1.27967,7.45045,63.84216,24.91134,27.87171,5.12298,5.93613
639.07370,-1.25804,7.42354,63.86909,24.90141,27.82850,5.17747,5.96170
639.08370,-1.24296,7.39645,63.94544,24.89494,27.82203,5.24218,5.98629
639.09370,-1.24296,7.39645,63.94544,24.89494,27.82203,5.24218,5.98629
639.10370,-1.22794,7.38624,64.00444,24.92494,27.81203,5.26218,6.00529
639.11370,-1.21707,7.39191,63.98486,24.93177,27.80497,5.26218,5.98593
639.12370,-1.18729,7.41388,63.89844,24.94605,27.78103,5.25107,5.92029
639.13370,-1.21233,7.42340,63.82844,24.91494,27.78103,5.21218,5.92029
639.14370,-1.21021,7.42357,63.80688,24.91212,27.76652,5.20795,5.92029
639.15370,-1.20007,7.42436,63.70419,24.89870,27.69739,5.18782,5.92029
639.16370,-1.20782,7.43344,63.70844,24.88494,27.74003,5.19218,5.89129
639.17370,-1.20778,7.43213,63.71062,24.88108,27.74201,5.19713,5.89040
639.18370,-1.20740,7.42015,63.73044,24.84594,27.76003,5.24218,5.88229
639.19370,-1.20519,7.42011,63.73867,24.85155,27.76111,5.24372,5.88229
639.20370,-1.18059,7.41969,63.83010,24.91383,27.77311,5.26087,5.88229
639.21370,-1.16116,7.43889,63.99811,25.00122,27.87831,5.28162,5.83695
639.22370,-1.16097,7.44003,64.00444,25.00394,27.88403,5.28218,5.83429
639.23370,-1.16369,7.46456,63.90940,24.98434,27.89383,5.25279,5.77844
639.24370,-1.17434,7.51965,63.95693,25.10814,27.96389,5.13574,5.74915
639.25370,-1.17467,7.52132,63.95844,25.11194,27.96603,5.13218,5.74829
639.26370,-1.20969,7.55769,63.68931,24.99021,27.96603,5.07512,5.65794
639.27370,-1.18286,7.56087,63.58632,24.98394,27.89552,5.07218,5.63468
639.28370,-1.14087,7.55049,63.69991,25.05089,27.89403,5.12069,5.63429
639.29370,-1.09834,7.55231,63.85961,25.13927,27.94350,5.17068,5.60616
639.30370,-1.09707,7.55238,63.86444,25.14194,27.94503,5.17218,5.60529
639.31370,-1.10416,7.60953,63.66330,25.14956,27.92980,5.05866,5.52529
639.32370,-1.05822,7.62962,63.53924,25.17744,27.85448,5.03933,5.46799
639.33370,-1.04971,7.63001,63.52844,25.18194,27.84203,5.04218,5.46229
639.34370,-1.06074,7.63021,63.52674,25.19809,27.82503,5.00903,5.49459
639.35370,-1.06269,7.63025,63.52644,25.20094,27.82203,5.00318,5.50029
639.36370,-1.05744,7.63995,63.54599,25.21794,27.84838,5.00318,5.47649
639.37370,-1.04958,7.63849,63.57580,25.23912,27.84803,5.00773,5.48092
639.38370,-1.04142,7.63476,63.60682,25.26051,27.84215,5.01307,5.49108
639.39370,-1.04126,7.63469,63.60744,25.26094,27.84203,5.01318,5.49129
639.40370,-1.06357,7.62662,63.63557,25.24154,27.86240,5.01318,5.51845
639.41370,-1.06421,7.60069,63.84244,25.28994,27.91403,5.06218,5.57629
639.42370,-1.05150,7.61499,63.83063,25.32450,27.90966,5.04074,5.55572
639.43370,-1.04686,7.64381,63.85170,25.36894,27.96350,5.01318,5.50608
639.44370,-1.04794,7.65268,63.92255,25.38945,28.02703,5.02477,5.48129
639.45370,-1.00716,7.65215,64.04699,25.49739,28.02158,5.03636,5.49165
639.46370,-0.99562,7.65613,64.08744,25.54694,28.01703,5.02318,5.50029
639.47370,-0.96309,7.65755,63.97284,25.52894,27.94323,5.03458,5.46609
639.48370,-0.97441,7.67807,63.83941,25.48783,27.93027,4.99525,5.42606
639.49370,-0.99705,7.69146,63.80044,25.46794,27.95503,4.96318,5.41429
639.50370,-0.99433,7.69113,63.80536,25.47111,27.95503,4.96635,5.41286
639.51370,-0.96322,7.69046,63.79933,25.48794,27.93130,4.99249,5.38760
639.52370,-0.93457,7.69330,63.78905,25.51455,27.90403,5.00318,5.36729
639.53370,-0.92115,7.70030,63.88148,25.57856,27.93703,5.00318,5.36270
639.54370,-0.91885,7.70634,63.95244,25.61594,27.97603,5.00318,5.35729
639.55370,-0.90308,7.73020,63.88400,25.63020,27.97128,4.97942,5.30311
639.56370,-0.87579,7.76087,63.85639,25.67870,27.98550,4.95793,5.23427
639.57370,-0.86492,7.76557,63.90944,25.71494,28.00703,4.96318,5.22429
639.58370,-0.86492,7.76557,63.90944,25.71494,28.00703,4.96318,5.22429
639.59370,-0.81047,7.78517,63.63855,25.66494,27.88403,4.96318,5.12640
639.60370,-0.82368,7.77904,63.56939,25.63701,27.83666,4.93843,5.15729
639.61370,-0.82898,7.78961,63.34153,25.56491,27.74647,4.89318,5.13697
639.62370,-0.82828,7.79821,63.26044,25.52694,27.74003,4.89318,5.10029
639.63370,-0.82619,7.79453,63.29094,25.54241,27.74003,4.89542,5.11307
639.64370,-0.82056,7.78461,63.37336,25.58423,27.74003,4.90148,5.14761
639.65370,-0.77395,7.78852,63.58944,25.69494,27.82203,4.96318,5.10929
639.66370,-0.76527,7.78822,63.61449,25.71293,27.82431,4.97001,5.10724
639.67370,-0.73994,7.77963,63.72496,25.76954,27.83665,5.00396,5.11481
639.68370,-0.75424,7.75272,63.81544,25.75394,27.85303,5.04218,5.16629
639.69370,-0.75424,7.75272,63.81544,25.75394,27.85303,5.04218,5.16629
639.70370,-0.72687,7.76406,63.89544,25.83294,27.87303,5.04218,5.14729
639.71370,-0.72616,7.76402,63.88002,25.82392,27.86898,5.04479,5.14232
639.72370,-0.72307,7.76386,63.81297,25.78472,27.85137,5.05616,5.12073
639.73370,-0.69643,7.76078,63.80830,25.82043,27.80310,5.05743,5.12733
639.74370,-0.66880,7.75747,63.84244,25.88294,27.76003,5.05218,5.14729
639.75370,-0.68067,7.74817,63.87856,25.89197,27.75528,5.04315,5.18816
639.76370,-0.69091,7.74338,63.95784,25.92093,27.77947,5.03745,5.21999
639.77370,-0.68778,7.74942,64.00144,25.94194,27.81203,5.04218,5.20529
639.78370,-0.67943,7.74344,64.01522,25.94194,27.80681,5.06119,5.20529
639.79370,-0.67245,7.73944,64.03228,25.94506,27.80679,5.07666,5.20377
639.80370,-0.69470,7.76556,64.05068,25.97626,27.86439,5.02146,5.18857
639.81370,-0.69245,7.76624,63.99645,25.92395,27.87303,5.05085,5.14862
639.82370,-0.69225,7.76612,63.99444,25.92194,27.87303,5.05218,5.14729
639.83370,-0.65780,7.78656,63.83081,25.91214,27.80249,5.03356,5.08262
639.84370,-0.65709,7.78698,63.82744,25.91194,27.80103,5.03318,5.08129
639.85370,-0.66077,7.80510,63.63443,25.92184,27.67929,4.92430,5.10900
639.86370,-0.61120,7.78652,63.62362,25.91214,27.62804,5.00160,5.08184
639.87370,-0.61020,7.78615,63.62344,25.91194,27.62703,5.00318,5.08129
639.88370,-0.63168,7.79365,63.57997,25.89147,27.63186,4.97098,5.08566
639.89370,-0.68146,7.80701,63.49181,25.84647,27.63984,4.90019,5.10531
639.90370,-0.61945,7.77412,63.65144,25.91194,27.61703,5.00318,5.11929
639.91370,-0.63474,7.77981,63.64114,25.90507,27.63111,4.98257,5.12238
639.92370,-0.66398,7.79069,63.62144,25.89194,27.65803,4.94318,5.12829
639.93370,-0.65974,7.77835,63.76088,25.93295,27.69986,4.97599,5.15207
639.94370,-0.64592,7.73843,63.85444,25.92514,27.67459,5.04954,5.20517
639.95370,-0.64347,7.73135,63.86644,25.92194,27.66803,5.06218,5.21429
639.96370,-0.61141,7.73472,63.82704,25.93883,27.62750,5.07344,5.18727
639.97370,-0.58598,7.68692,63.83044,25.91348,27.52190,5.13792,5.25714
639.98370,-0.58558,7.64693,63.85744,25.88294,27.46303,5.18218,5.32929
639.99370,-0.52144,7.63560,63.97048,25.98230,27.42631,5.23258,5.32929
640.00370,-0.49655,7.63120,64.01444,26.02094,27.41203,5.25218,5.32929
640.01370,-0.49655,7.63120,64.01444,26.02094,27.41203,5.25218,5.32929
640.02370,-0.41430,7.58297,63.96185,26.01907,27.23469,5.34986,5.35823
640.03370,-0.36617,7.56933,63.98644,26.04994,27.18603,5.40218,5.34829
640.04370,-0.36928,7.54974,63.80537,25.98348,27.04701,5.37505,5.39983
640.05370,-0.36396,7.52454,63.73816,25.93274,26.97143,5.40058,5.43341
640.06370,-0.35661,7.50736,63.75844,25.91194,26.96103,5.44218,5.44329
640.07370,-0.28910,7.47372,63.89060,25.98215,26.90616,5.53658,5.46571
640.08370,-0.24234,7.45043,63.98244,26.03094,26.86803,5.60218,5.48129
640.09370,-0.25684,7.45640,63.96173,26.03446,26.86413,5.56701,5.49614
640.10370,-0.25669,7.45341,64.05070,26.09587,26.86790,5.54978,5.53715
640.11370,-0.23111,7.43960,64.18744,26.15894,26.87903,5.59218,5.55729
640.12370,-0.21651,7.45087,64.17531,26.18415,26.87552,5.58261,5.53303
640.13370,-0.19217,7.46967,64.15510,26.22617,26.86967,5.56665,5.49261
640.14370,-0.17365,7.43226,64.02799,26.15867,26.72694,5.59854,5.54383
640.15370,-0.16925,7.41622,63.98244,26.12894,26.67403,5.61218,5.56729
640.16370,-0.14078,7.41960,63.78372,26.04350,26.60491,5.64098,5.49433
640.17370,-0.11586,7.39550,63.75335,26.03571,26.52025,5.67038,5.52701
640.18370,-0.09670,7.36990,63.64713,26.00744,26.38949,5.67398,5.57622
640.19370,-0.10533,7.37188,63.55544,25.98094,26.34603,5.64218,5.58629
640.20370,-0.10533,7.37188,63.55544,25.98094,26.34603,5.64218,5.58629
640.21370,-0.06575,7.30144,63.50052,25.93701,26.14856,5.71683,5.69812
640.22370,-0.04856,7.27053,63.39244,25.86294,26.04803,5.76218,5.71929
640.23370,-0.04727,7.26414,63.42202,25.87620,26.04123,5.76558,5.73901
640.24370,-0.04475,7.25176,63.47944,25.90194,26.02803,5.77218,5.77729
640.25370,-0.03220,7.22846,63.52432,25.90534,25.99641,5.80958,5.81299
640.26370,-0.00067,7.17904,63.55827,25.89163,25.90012,5.88652,5.88000
640.27370,0.02064,7.16646,63.40190,25.83190,25.79744,5.89927,5.87329
640.28370,0.00911,7.15408,63.41755,25.81205,25.79559,5.91007,5.89984
640.29370,-0.04128,7.10659,63.58336,25.76939,25.84076,5.96168,6.01154
640.30370,-0.03781,7.06979,63.68144,25.75394,25.83303,6.03118,6.06329
640.31370,-0.03311,7.06677,63.69433,25.76061,25.82837,6.03785,6.06751
640.32370,-0.01671,7.05621,63.73944,25.78394,25.81203,6.06118,6.08229
640.33370,-0.03032,7.05510,63.70632,25.77037,25.79570,6.03818,6.10207
640.34370,-0.07841,7.04512,63.60595,25.71291,25.74408,5.97489,6.17407
640.35370,-0.08894,7.01788,63.65165,25.66059,25.75732,6.03449,6.19924
640.36370,-0.09385,7.00715,63.66030,25.63594,25.75901,6.05623,6.20911
640.37370,-0.11859,6.97772,63.62954,25.54367,25.74430,6.09682,6.24474
640.38370,-0.17788,6.96332,63.67944,25.51694,25.77103,6.06118,6.33029
640.39370,-0.17769,6.96562,63.68071,25.51967,25.77576,6.05936,6.32592
640.40370,-0.17580,6.98863,63.69344,25.54694,25.82303,6.04118,6.28229
640.41370,-0.17580,6.98863,63.69344,25.54694,25.82303,6.04118,6.28229
640.42370,-0.22945,7.00232,63.60049,25.44140,25.89178,6.02181,6.24549
640.43370,-0.25687,6.98817,63.73666,25.44572,25.95781,6.04451,6.28862
640.44370,-0.26417,6.98401,63.77644,25.44794,25.97603,6.05118,6.30129
640.45370,-0.31041,7.05345,63.59248,25.39838,26.07095,5.94198,6.18117
640.46370,-0.36212,7.12741,63.44902,25.35964,26.19941,5.83425,6.05573
640.47370,-0.36314,7.12886,63.44644,25.35894,26.20203,5.83218,6.05329
640.48370,-0.43230,7.19000,63.28744,25.31469,26.28678,5.69718,5.98879
640.49370,-0.45543,7.21045,63.23444,25.29994,26.31503,5.65218,5.96729
640.50370,-0.45648,7.25089,63.21116,25.28054,26.42755,5.65865,5.84442
640.51370,-0.58359,7.32697,63.33422,25.24831,26.77178,5.56520,5.74894
640.52370,-0.62654,7.34529,63.38044,25.24094,26.86803,5.53218,5.73929
640.53370,-0.62654,7.34529,63.38044,25.24094,26.86803,5.53218,5.73929
640.54370,-0.70630,7.42995,63.53957,25.28848,27.18726,5.44485,5.61897
640.55370,-0.81015,7.55941,63.50044,25.28994,27.51403,5.27218,5.42429
640.56370,-0.83553,7.65127,63.44963,25.35023,27.66713,5.15024,5.28203
640.57370,-0.84763,7.69506,63.42544,25.37894,27.74003,5.09218,5.21429
640.58370,-0.91750,7.71558,63.38656,25.31486,27.82859,5.03530,5.20781
640.59370,-0.98506,7.79323,63.17992,25.21866,27.96671,4.93398,5.06057
640.60370,-1.00082,7.82043,63.10544,25.19094,28.00703,4.90318,5.00429
640.61370,-1.06121,7.88779,62.83027,25.07189,28.07975,4.80338,4.87526
640.62370,-1.16794,7.98424,62.50864,24.92952,28.21444,4.63875,4.72594
640.63370,-1.19820,8.00967,62.43144,24.89494,28.25303,4.59318,4.69029
640.64370,-1.26558,8.02701,62.49103,24.87022,28.37602,4.54881,4.69599
640.65370,-1.30443,8.03701,62.52544,24.85594,28.44703,4.52318,4.69929
640.66370,-1.34975,8.06164,62.58900,24.86188,28.56287,4.48160,4.68265
640.67370,-1.41777,8.08898,62.62351,24.82363,28.70569,4.43765,4.65654
640.68370,-1.47627,8.10562,62.60944,24.75694,28.80603,4.41318,4.63329
640.69370,-1.52197,8.12630,62.62247,24.72948,28.90143,4.38061,4.61095
640.70370,-1.61324,8.14838,62.68766,24.69794,29.04952,4.31032,4.62988
640.71370,-1.65700,8.14650,62.74444,24.69794,29.09303,4.27318,4.68029
640.72370,-1.67130,8.14638,62.71906,24.64201,29.12687,4.29668,4.65350
640.73370,-1.68744,8.14624,62.69044,24.57894,29.16503,4.32318,4.62329
640.74370,-1.69646,8.12961,62.71955,24.56889,29.15429,4.33358,4.66279
640.75370,-1.73380,8.10852,62.86430,24.57696,29.21205,4.33800,4.73729
640.76370,-1.78025,8.13187,63.07044,24.63894,29.39103,4.30318,4.73729
640.77370,-1.79206,8.12877,63.17579,24.67359,29.43805,4.29964,4.76451
640.78370,-1.82708,8.13025,63.42718,24.74641,29.58466,4.29081,4.80529
640.79370,-1.86450,8.14996,63.59033,24.77273,29.75309,4.28423,4.78029
640.80370,-1.88627,8.16642,63.58569,24.76444,29.80328,4.25843,4.75954
640.81370,-1.93377,8.20643,63.49344,24.72694,29.87303,4.18418,4.70929
640.82370,-1.95514,8.20803,63.50723,24.71548,29.90082,4.17058,4.72036
640.83370,-2.01794,8.21273,63.54781,24.68176,29.98253,4.13058,4.75293
640.84370,-2.09865,8.25069,63.54851,24.60953,30.16117,4.08468,4.69313
640.85370,-2.13687,8.27574,63.53744,24.56894,30.26203,4.06418,4.64229
640.86370,-2.15875,8.33160,63.44475,24.58534,30.32109,3.97396,4.56437
640.87370,-2.21926,8.39458,63.26416,24.55128,30.37362,3.83832,4.50094
640.88370,-2.22125,8.39640,63.25844,24.54994,30.37503,3.83418,4.49929
640.89370,-2.24841,8.40656,63.16844,24.51994,30.35503,3.78418,4.50929
640.90370,-2.24841,8.40656,63.16844,24.51994,30.35503,3.78418,4.50929
640.91370,-2.27162,8.41837,62.98727,24.41906,30.33116,3.77012,4.46693
640.92370,-2.29329,8.38754,63.14044,24.40194,30.39603,3.82418,4.51829
640.93370,-2.29542,8.38974,63.13823,24.40194,30.40021,3.82009,4.51600
640.94370,-2.31908,8.41418,63.11369,24.40194,30.44657,3.77463,4.49054
640.95370,-2.29964,8.39181,63.27608,24.45615,30.47139,3.82132,4.52722
640.96370,-2.29430,8.38566,63.32044,24.47094,30.47803,3.83418,4.53729
640.97370,-2.26677,8.33625,63.39940,24.46254,30.41755,3.91818,4.60113
640.98370,-2.26153,8.32685,63.41444,24.46094,30.40603,3.93418,4.61329
640.99370,-2.25707,8.30175,63.43678,24.45266,30.36383,3.95901,4.66129
641.00370,-2.13618,8.23473,63.55796,24.53594,30.19840,4.10744,4.71617
641.01370,-2.13055,8.23182,63.56344,24.53994,30.19103,4.11418,4.71829
641.02370,-2.08581,8.16047,63.66805,24.54752,30.07429,4.21955,4.82669
641.03370,-1.98077,8.10440,63.81534,24.65024,29.94098,4.33818,4.88594
641.04370,-1.96478,8.09853,63.83544,24.66794,29.92403,4.35318,4.89029
641.05370,-1.93928,8.05473,64.00344,24.69387,29.91885,4.44133,4.94940
641.06370,-1.87753,8.00339,64.30244,24.80902,29.91403,4.55398,5.02541
641.07370,-1.82918,7.98962,64.48444,24.92494,29.91403,4.59318,5.05229
641.08370,-1.77728,7.97525,64.69317,25.03985,29.93585,4.65136,5.06610
641.09370,-1.75790,7.96988,64.77144,25.08294,29.94403,4.67318,5.07129
641.10370,-1.72774,7.95677,64.72032,25.06854,29.87779,4.70918,5.06481
641.11370,-1.69928,7.95549,64.58476,25.04422,29.78339,4.71358,5.04357
641.12370,-1.68110,7.95964,64.45944,25.02394,29.70903,4.70318,5.02329
641.13370,-1.60952,7.97484,64.21518,25.04105,29.52731,4.67958,4.96724
641.14370,-1.51652,8.00714,63.85580,25.08846,29.26497,4.60298,4.89939
641.15370,-1.48801,8.02154,63.73044,25.11194,29.17503,4.56318,4.88029
641.16370,-1.47322,8.01089,63.69794,25.09964,29.12992,4.58211,4.88628
641.17370,-1.44811,7.99282,63.64286,25.07878,29.05345,4.61420,4.89644
641.18370,-1.44108,7.98776,63.62744,25.07294,29.03203,4.62318,4.89929
641.19370,-1.38374,7.93846,63.46986,25.00704,28.82670,4.69958,4.93653
641.20370,-1.34460,7.86968,63.49541,24.95642,28.70746,4.81954,5.01198
641.21370,-1.33922,7.86300,63.51494,24.96084,28.70093,4.83218,5.02099
641.22370,-1.29704,7.81558,63.71451,25.02176,28.67610,4.92694,5.08970
641.23370,-1.25986,7.76055,64.01544,25.09294,28.70403,5.05218,5.16629
641.24370,-1.26232,7.75684,64.02537,25.09191,28.70300,5.05425,5.17622
641.25370,-1.28364,7.72475,64.11144,25.08294,28.69403,5.07218,5.26229
641.26370,-1.27464,7.71139,64.20835,25.11085,28.70980,5.10319,5.28451
641.27370,-1.24743,7.66833,64.53925,25.19547,28.78065,5.21485,5.34829
641.28370,-1.24287,7.65379,64.69459,25.20881,28.85598,5.28151,5.34829
641.29370,-1.23233,7.64922,64.69322,25.21324,28.83744,5.29218,5.35036
641.30370,-1.18817,7.63318,64.55576,25.20277,28.68765,5.30368,5.36166
641.31370,-1.15033,7.60464,64.38944,25.14194,28.52903,5.34218,5.37629
641.32370,-1.15808,7.61518,64.38592,25.15074,28.54707,5.32018,5.36793
641.33370,-1.18559,7.65257,64.37344,25.18194,28.61103,5.24218,5.33829
641.34370,-1.18559,7.65257,64.37344,25.18194,28.61103,5.24218,5.33829
641.35370,-1.16707,7.72847,64.04273,25.14293,28.58687,5.15228,5.16064
641.36370,-1.13821,7.76400,63.78144,25.15194,28.45803,5.06218,5.10929
641.37370,-1.14360,7.76953,63.73926,25.13758,28.45240,5.04863,5.10065
641.38370,-1.19377,7.82895,63.31091,24.99780,28.39702,4.91219,5.00389
641.39370,-1.15665,7.86294,63.25144,25.03294,28.40603,4.90318,4.90929
641.40370,-1.15534,7.86483,63.24958,25.03604,28.40660,4.90111,4.90582
641.41370,-1.14076,7.88585,63.22889,25.07053,28.41292,4.87812,4.86732
641.42370,-1.13128,7.89952,63.21544,25.09294,28.41703,4.86318,4.84229
641.43370,-1.08656,7.93656,63.21544,25.20622,28.40647,4.81518,4.78757
641.44370,-1.13424,7.96643,63.28623,25.24973,28.50591,4.73560,4.79498
641.45370,-1.13579,7.96732,63.28844,25.25094,28.50903,4.73318,4.79529
641.46370,-1.16433,7.99574,63.34814,25.29523,28.59440,4.67541,4.78309
641.47370,-1.18365,8.03144,63.40646,25.34192,28.69661,4.62802,4.73990
641.48370,-1.18474,8.03778,63.41444,25.34894,28.71403,4.62318,4.72829
641.49370,-1.20518,8.07893,63.53120,25.39934,28.87783,4.59798,4.65605
641.50370,-1.19365,8.10144,63.50556,25.40894,28.90903,4.59318,4.59441
641.51370,-1.25164,8.14302,63.31164,25.36694,28.90063,4.45878,4.58529
641.52370,-1.33465,8.15454,63.28568,25.29258,28.98471,4.39958,4.60881
641.53370,-1.34825,8.15532,63.28744,25.27994,29.00103,4.39318,4.61329
641.54370,-1.36175,8.20113,63.16570,25.27994,29.02352,4.31641,4.54584
641.55370,-1.37563,8.27018,63.05644,25.31635,29.08417,4.20859,4.44733
641.56370,-1.37941,8.31354,63.04394,25.36692,29.14269,4.14666,4.38767
641.57370,-1.37956,8.31527,63.04344,25.36894,29.14503,4.14418,4.38529
641.58370,-1.35361,8.33711,63.08566,25.41692,29.19397,4.15378,4.32099
641.59370,-1.34944,8.34037,63.08185,25.42701,29.18962,4.14797,4.31725
641.60370,-1.33042,8.37683,63.04119,25.50194,29.18028,4.08168,4.27729
641.61370,-1.35336,8.42512,63.06444,25.51694,29.31903,4.04418,4.18429
641.62370,-1.36664,8.43644,63.13846,25.57457,29.35710,4.00188,4.20491
641.63370,-1.39107,8.46836,63.02160,25.53364,29.38461,3.95250,4.15085
641.64370,-1.40011,8.48401,62.89144,25.46794,29.38003,3.94418,4.09929
641.65370,-1.41985,8.50455,62.82654,25.47384,29.37413,3.87928,4.09929
641.66370,-1.43360,8.51885,62.78144,25.47794,29.37003,3.83418,4.09929
641.67370,-1.41725,8.52195,62.78939,25.50138,29.36209,3.83815,4.08776
641.68370,-1.38389,8.52810,62.84415,25.56651,29.36175,3.84704,4.06886
641.69370,-1.33268,8.53666,63.10044,25.74394,29.43203,3.86418,4.06029
641.70370,-1.31010,8.55661,63.07836,25.78948,29.42237,3.84118,4.02533
641.71370,-1.28497,8.56982,63.03741,25.82928,29.38325,3.81873,4.00615
641.72370,-1.28664,8.55758,63.01944,25.81294,29.35003,3.82418,4.03229
641.73370,-1.27691,8.56420,62.84464,25.75866,29.26953,3.81038,4.00607
641.74370,-1.24871,8.56754,62.58816,25.69494,29.11784,3.79418,3.98119
641.75370,-1.21231,8.55780,62.47667,25.69494,28.99352,3.79418,3.99403
641.76370,-1.25876,8.54511,62.26980,25.53505,28.93767,3.78963,4.00745
641.77370,-1.22381,8.49548,62.22144,25.45794,28.83703,3.89418,4.03229
641.78370,-1.22576,8.48519,62.20648,25.44128,28.81255,3.90098,4.05167
641.79370,-1.21946,8.45525,62.18467,25.41599,28.73718,3.92503,4.10647
641.80370,-1.18979,8.42604,62.20595,25.43674,28.65527,3.95695,4.15700
641.81370,-1.17378,8.41027,62.21744,25.44794,28.61103,3.97418,4.18429
641.82370,-1.15397,8.39432,62.27849,25.48426,28.58419,3.99523,4.21481
641.83370,-1.08395,8.34654,62.24044,25.47794,28.42703,4.08418,4.25129
641.84370,-1.08957,8.33681,62.24872,25.45855,28.42703,4.09943,4.26370
641.85370,-1.10971,8.30191,62.27844,25.38894,28.42703,4.15418,4.30829
641.86370,-1.10971,8.30191,62.27844,25.38894,28.42703,4.15418,4.30829
641.87370,-1.13995,8.29478,62.00599,25.25830,28.30285,4.11227,4.33256
641.88370,-1.13343,8.24083,61.91144,25.14194,28.19103,4.19318,4.38529
641.89370,-1.12908,8.23593,61.90973,25.14194,28.17627,4.19858,4.39294
641.90370,-1.08168,8.18419,61.88848,25.14194,28.01752,4.25627,4.47276
641.91370,-1.04304,8.15915,61.84448,25.14194,27.91180,4.29055,4.50018
641.92370,-1.01751,8.14260,61.81544,25.14194,27.84203,4.31318,4.51829
641.93370,-1.00219,8.12455,61.78438,25.13135,27.77709,4.33083,4.54511
641.94370,-0.97406,8.09142,61.72744,25.11194,27.65803,4.36318,4.59429
641.95370,-0.97705,8.07373,61.68771,25.08534,27.60281,4.36655,4.63301
641.96370,-0.98110,8.00006,61.63439,24.98512,27.45834,4.43556,4.75538
641.97370,-0.97760,7.92705,61.68144,24.89494,27.39103,4.55318,4.84229
641.98370,-0.97199,7.90980,61.70857,24.87811,27.38416,4.59096,4.85534
641.99370,-0.97544,7.84296,61.80373,24.80495,27.35676,4.70463,4.93739
642.00370,-0.99201,7.80333,61.85444,24.75694,27.34003,4.75318,5.00429
642.01370,-1.00791,7.76377,62.00780,24.77854,27.34003,4.78198,5.10725
642.02370,-1.01407,7.74845,62.06744,24.78694,27.34003,4.79318,5.14729
642.03370,-0.99454,7.69338,62.09723,24.72984,27.27217,4.89249,5.20273
642.04370,-0.97713,7.67123,62.19069,24.76748,27.25240,4.92444,5.24637
642.05370,-0.96680,7.66297,62.25844,24.80594,27.24803,4.93318,5.27129
642.06370,-0.99680,7.67558,62.11563,24.73213,27.23680,4.89574,5.25096
642.07370,-0.99829,7.68129,61.97956,24.67982,27.19080,4.88100,5.22794
642.08370,-0.98141,7.67767,61.97144,24.68794,27.16603,4.89318,5.22429
642.09370,-1.01429,7.68667,61.89174,24.64034,27.17138,4.85574,5.22429
642.10370,-1.04296,7.69451,61.82244,24.59894,27.17603,4.82318,5.22429
642.11370,-1.03707,7.69028,61.78626,24.58112,27.15209,4.83218,5.22087
642.12370,-1.03108,7.68119,61.45889,24.44094,26.99367,4.82502,5.19927
642.13370,-1.04496,7.68799,61.35144,24.40194,26.96103,4.79318,5.19529
642.14370,-1.05506,7.66640,61.38153,24.37754,26.95249,4.81758,5.23392
642.15370,-1.07773,7.62568,61.42738,24.32080,26.93788,4.86396,5.30474
642.16370,-1.10663,7.59206,61.43444,24.24394,26.93003,4.90318,5.35729
642.17370,-1.11546,7.57797,61.46084,24.23194,26.92603,4.91518,5.38769
642.18370,-1.12868,7.55685,61.50044,24.21394,26.92003,4.93318,5.43329
642.19370,-1.14686,7.53950,61.54603,24.19561,26.92943,4.94728,5.47371
642.20370,-1.16994,7.49282,61.63445,24.13496,26.93733,5.01693,5.54522
642.21370,-1.17550,7.43517,61.71318,24.04991,26.93159,5.13130,5.60039
642.22370,-1.19456,7.41388,61.71438,24.00581,26.91907,5.14881,5.64069
642.23370,-1.23275,7.40139,61.67078,23.95988,26.89523,5.11974,5.69593
642.24370,-1.29754,7.41804,61.57244,23.86894,26.95003,5.07218,5.68129
642.25370,-1.29500,7.41673,61.54049,23.85525,26.93383,5.07446,5.67695
642.26370,-1.28753,7.41288,61.44653,23.81498,26.88618,5.08117,5.66420
642.27370,-1.29348,7.41164,61.39376,23.78333,26.87093,5.07957,5.65993
642.28370,-1.32445,7.39971,61.28829,23.67629,26.85888,5.09318,5.65994
642.29370,-1.34473,7.38107,61.29544,23.61194,26.87903,5.13218,5.67229
642.30370,-1.35118,7.38721,61.26396,23.60824,26.87329,5.11199,5.67043
642.31370,-1.36965,7.40478,61.17401,23.59765,26.85689,5.05432,5.66514
642.32370,-1.38826,7.37273,61.15144,23.53294,26.81703,5.08218,5.71929
642.33370,-1.38826,7.37273,61.15144,23.53294,26.81703,5.08218,5.71929
642.34370,-1.41618,7.36233,61.32144,23.56294,26.89903,5.09218,5.76729
642.35370,-1.41730,7.36080,61.33789,23.56594,26.90545,5.09528,5.77122
642.36370,-1.41675,7.35408,61.51014,23.61592,26.97907,5.12658,5.78857
642.37370,-1.38061,7.37715,61.61544,23.70094,27.04303,5.14218,5.72929
642.38370,-1.38061,7.37715,61.61544,23.70094,27.04303,5.14218,5.72929
642.39370,-1.38455,7.36183,61.64489,23.70912,27.01767,5.14218,5.77592
642.40370,-1.40751,7.38939,61.43285,23.66321,26.96335,5.05627,5.75001
642.41370,-1.40720,7.39114,61.40581,23.65312,26.95588,5.05416,5.74264
642.42370,-1.39476,7.39364,61.25444,23.58194,26.90903,5.07218,5.69129
642.43370,-1.39771,7.38898,61.25495,23.57497,26.90388,5.07521,5.70088
642.44370,-1.42213,7.34682,61.26008,23.51294,26.85687,5.10509,5.78518
642.45370,-1.40536,7.34110,61.26590,23.51294,26.84629,5.13155,5.77513
642.46370,-1.39228,7.33664,61.27044,23.51294,26.83803,5.15218,5.76729
642.47370,-1.41455,7.31321,61.44183,23.53376,26.89493,5.17994,5.83321
642.48370,-1.34788,7.27444,61.83165,23.67474,26.96874,5.31634,5.87184
642.49370,-1.34430,7.27310,61.84644,23.68094,26.97103,5.32218,5.87229
642.50370,-1.32875,7.28594,61.82518,23.73828,26.93109,5.27708,5.87873
642.51370,-1.32015,7.29303,61.81344,23.76994,26.90903,5.25218,5.88229
642.52370,-1.25818,7.25193,61.75044,23.74474,26.77127,5.33618,5.89825
642.53370,-1.21109,7.24996,61.68583,23.78236,26.67546,5.33521,5.89280
642.54370,-1.20479,7.25101,61.67644,23.78994,26.66303,5.33218,5.89129
642.55370,-1.12720,7.24914,61.56556,23.82270,26.53451,5.35738,5.85097
642.56370,-1.11342,7.22641,61.61836,23.82894,26.51003,5.39578,5.88361
642.57370,-1.11362,7.22215,61.63244,23.82894,26.51003,5.40218,5.89129
642.58370,-1.10925,7.22887,61.63620,23.84347,26.51673,5.39565,5.88035
642.59370,-1.07486,7.24928,61.63374,23.89760,26.51577,5.38931,5.83107
642.60370,-1.06916,7.24263,61.62344,23.88794,26.49903,5.40218,5.83429
642.61370,-1.00196,7.24254,61.62983,23.95823,26.43371,5.43058,5.80731
642.62370,-0.97451,7.24250,61.63244,23.98694,26.40703,5.44218,5.79629
642.63370,-0.96523,7.24097,61.68447,24.01802,26.41437,5.44916,5.80292
642.64370,-0.92964,7.24108,61.76374,24.09364,26.40384,5.46218,5.80408
642.65370,-0.91689,7.24312,61.75144,24.10594,26.38703,5.46218,5.79629
642.66370,-0.88773,7.25958,61.76161,24.16596,26.37991,5.44862,5.76713
642.67370,-0.83834,7.28746,61.77885,24.26768,26.36784,5.42563,5.71770
642.68370,-0.81760,7.30672,61.74189,24.28294,26.37445,5.42218,5.66232
642.69370,-0.80120,7.31562,61.77262,24.33067,26.37603,5.41263,5.65329
642.70370,-0.78221,7.33763,61.61644,24.30294,26.33503,5.39218,5.58629
642.71370,-0.79263,7.34209,61.54241,24.27155,26.31764,5.37309,5.58014
642.72370,-0.82272,7.35903,61.23694,24.15276,26.23082,5.30218,5.55119
642.73370,-0.79095,7.35996,61.12744,24.14494,26.15103,5.30218,5.52929
642.74370,-0.78812,7.35464,61.11103,24.13322,26.13501,5.31000,5.53280
642.75370,-0.77528,7.34026,61.13182,24.13362,26.11315,5.33774,5.54731
642.76370,-0.75740,7.32732,61.23049,24.17335,26.11977,5.37086,5.56652
642.77370,-0.74314,7.33182,61.27150,24.21886,26.12003,5.36532,5.56729
642.78370,-0.71724,7.34141,61.34244,24.30294,26.12003,5.35218,5.56729
642.79370,-0.70227,7.33586,61.35597,24.30988,26.10928,5.37300,5.56382
642.80370,-0.67258,7.33617,61.48588,24.38282,26.14392,5.40505,5.55408
642.81370,-0.66985,7.35549,61.67444,24.49094,26.24303,5.39218,5.54829
642.82370,-0.66985,7.35549,61.67444,24.49094,26.24303,5.39218,5.54829
642.83370,-0.70913,7.36136,61.62022,24.48005,26.22517,5.32089,5.59411
642.84370,-0.68749,7.34743,61.54044,24.44094,26.16103,5.35218,5.58629
642.85370,-0.69069,7.34037,61.48105,24.40127,26.13282,5.35854,5.58841
642.86370,-0.70265,7.31402,61.26044,24.25394,26.02803,5.38218,5.59629
642.87370,-0.70565,7.30269,61.24924,24.23448,26.00787,5.39198,5.61491
642.88370,-0.71994,7.24870,61.19591,24.14181,25.91187,5.43865,5.70357
642.89370,-0.66211,7.18939,61.18544,24.13494,25.75103,5.52218,5.77729
642.90370,-0.65761,7.18544,61.20683,24.14177,25.75103,5.53208,5.78194
642.91370,-0.61696,7.14447,61.43519,24.21105,25.75751,5.63118,5.83545
642.92370,-0.61898,7.09275,61.77644,24.28294,25.82303,5.72218,5.94829
642.93370,-0.61980,7.09282,61.77392,24.28234,25.82177,5.72038,5.94943
642.94370,-0.62897,7.09357,61.74592,24.27567,25.80777,5.70038,5.96209
642.95370,-0.63273,7.09388,61.73444,24.27294,25.80203,5.69218,5.96729
642.96370,-0.58020,7.07918,61.48388,24.20670,25.62539,5.71138,5.94041
642.97370,-0.56108,7.05849,61.29008,24.10986,25.50955,5.74098,5.92969
642.98370,-0.56038,7.05766,61.28244,24.10594,25.50503,5.74218,5.92929
642.99370,-0.56512,7.05751,60.98604,24.00239,25.36823,5.69468,5.92074
643.00370,-0.53722,7.05045,60.74792,23.90895,25.25009,5.71131,5.87757
643.01370,-0.52113,7.04641,60.62144,23.85894,25.18703,5.72218,5.85329
643.02370,-0.49278,7.05900,60.36766,23.80835,25.06562,5.68845,5.80523
643.03370,-0.48748,7.06135,60.32044,23.79894,25.04303,5.68218,5.79629
643.04370,-0.48748,7.06135,60.32044,23.79894,25.04303,5.68218,5.79629
643.05370,-0.46377,6.97606,60.07480,23.61138,24.80695,5.78258,5.87389
643.06370,-0.45965,6.97218,60.06344,23.60194,24.79703,5.79218,5.87229
643.07370,-0.50253,6.98517,60.07835,23.60940,24.83581,5.73253,5.90062
643.08370,-0.51390,6.98685,60.10643,23.62767,24.84460,5.71218,5.92199
643.09370,-0.50933,6.98298,60.13882,23.64983,24.83835,5.71218,5.93846
643.10370,-0.50979,6.97580,60.15958,23.64897,24.83700,5.72252,5.95108
643.11370,-0.51579,6.91545,60.32544,23.63194,24.82803,5.81218,6.05329
643.12370,-0.48485,6.91851,60.19381,23.61779,24.74453,5.80510,6.02639
643.13370,-0.43463,6.86635,60.00077,23.54594,24.52403,5.85218,6.07862
643.14370,-0.43795,6.83750,60.02444,23.52294,24.49003,5.88218,6.12929
643.15370,-0.41780,6.80989,59.97575,23.49900,24.40240,5.91017,6.16418
643.16370,-0.38936,6.77093,59.90718,23.46529,24.27897,5.94960,6.21332
643.17370,-0.37252,6.72287,59.64044,23.32594,24.08003,5.98118,6.25329
643.18370,-0.38425,6.69218,59.61448,23.26163,24.04345,6.01658,6.29282
643.19370,-0.39241,6.67083,59.59644,23.21694,24.01803,6.04118,6.32029
643.20370,-0.35246,6.62476,59.60072,23.20742,23.91050,6.10779,6.37500
643.21370,-0.29834,6.54169,59.71280,23.20481,23.78417,6.24017,6.48366
643.22370,-0.28282,6.49206,59.87844,23.21694,23.77203,6.33118,6.55829
643.23370,-0.30013,6.48289,59.84220,23.21229,23.72417,6.29401,6.61172
643.24370,-0.28261,6.42129,59.85675,23.19344,23.59272,6.34425,6.72634
643.25370,-0.23962,6.36279,59.92144,23.17794,23.50503,6.45118,6.78729
643.26370,-0.23962,6.36279,59.92144,23.17794,23.50503,6.45118,6.78729
643.27370,-0.18899,6.33484,59.82044,23.13794,23.39303,6.51118,6.77829
643.28370,-0.19591,6.29579,59.81316,23.08319,23.33967,6.55276,6.83754
643.29370,-0.21103,6.21477,59.74346,22.95624,23.20023,6.62431,6.96268
643.30370,-0.21499,6.20070,59.63644,22.91094,23.12603,6.61118,6.98829
643.31370,-0.22751,6.17529,59.65188,22.86702,23.11540,6.64549,7.02397
643.32370,-0.24368,6.10910,59.69277,22.77294,23.06770,6.73751,7.11462
643.33370,-0.22812,6.07394,59.71544,22.75294,23.01303,6.79018,7.15929
643.34370,-0.22812,6.07394,59.71544,22.75294,23.01303,6.79018,7.15929
643.35370,-0.25105,6.02434,59.77944,22.72294,22.96203,6.82018,7.27429
643.36370,-0.25467,6.01609,59.78392,22.70472,22.96203,6.83562,7.28154
643.37370,-0.27188,5.97680,59.80524,22.61795,22.96203,6.90915,7.31610
643.38370,-0.27759,5.98010,59.73109,22.60494,22.92718,6.87768,7.32129
643.39370,-0.27814,5.98173,59.71744,22.60494,22.92103,6.87018,7.32129
643.40370,-0.32507,5.97693,59.69978,22.54082,22.95913,6.86089,7.33894
643.41370,-0.39218,5.98608,59.65718,22.45457,23.03684,6.83369,7.33208
643.42370,-0.41074,6.00702,59.62544,22.43694,23.08503,6.81018,7.29329
643.43370,-0.41074,6.00702,59.62544,22.43694,23.08503,6.81018,7.29329
643.44370,-0.44217,6.00497,59.38380,22.29258,23.03958,6.79291,7.25874
643.45370,-0.45293,5.99728,59.53180,22.32498,23.10008,6.81820,7.28853
643.46370,-0.47398,6.01610,59.48044,22.28894,23.14603,6.80018,7.24529
643.47370,-0.47773,6.01575,59.48299,22.28583,23.15017,6.79938,7.24760
643.48370,-0.51936,6.01187,59.51131,22.25132,23.19619,6.79053,7.27326
643.49370,-0.53066,6.03972,59.34080,22.19176,23.19803,6.75139,7.19962
643.50370,-0.53097,6.04060,59.33544,22.18994,23.19803,6.75018,7.19729
643.51370,-0.56161,6.07550,59.16936,22.12370,23.22779,6.69354,7.12433
643.52370,-0.56289,6.07696,59.16244,22.12094,23.22903,6.69118,7.12129
643.53370,-0.62100,6.08170,59.18228,22.08318,23.29431,6.65918,7.14561
643.54370,-0.65267,6.09555,59.03763,22.03226,23.27019,6.59666,7.13851
643.55370,-0.65233,6.09946,58.98344,22.02194,23.24903,6.58118,7.13129
643.56370,-0.69955,6.09027,59.08340,22.01438,23.30951,6.57278,7.18673
643.57370,-0.66544,6.08128,59.16814,22.06201,23.30357,6.61276,7.18980
643.58370,-0.65673,6.07982,59.18144,22.07194,23.30003,6.62118,7.18829
643.59370,-0.68861,6.10358,59.29808,22.13230,23.39091,6.57371,7.20117
643.60370,-0.70370,6.11483,59.35344,22.16094,23.43403,6.55118,7.20729
643.61370,-0.71431,6.12319,59.30255,22.14976,23.42788,6.52322,7.20169
643.62370,-0.75067,6.12449,59.17480,22.09279,23.39003,6.46872,7.22325
643.63370,-0.77449,6.11998,59.10044,22.05194,23.36203,6.44118,7.24529
643.64370,-0.75501,6.11952,58.91442,22.01005,23.25979,6.41988,7.22470
643.65370,-0.78362,6.09360,58.79280,21.91397,23.19557,6.41842,7.26483
643.66370,-0.79755,6.08380,58.77544,21.88394,23.18703,6.42118,7.28329
643.67370,-0.80598,6.06565,58.71202,21.83721,23.13840,6.42595,7.31047
643.68370,-0.81524,6.04570,58.64244,21.78594,23.08503,6.43118,7.34029
643.69370,-0.81039,6.02853,58.67220,21.78594,23.06363,6.45206,7.37057
643.70370,-0.80609,5.98464,58.69024,21.76754,22.98285,6.48498,7.45487
643.71370,-0.80624,5.95155,58.67944,21.74594,22.91103,6.50118,7.52129
643.72370,-0.80132,5.92792,58.67334,21.72593,22.86560,6.52492,7.55689
643.73370,-0.79297,5.88787,58.66299,21.69203,22.78859,6.56515,7.61723
643.74370,-0.72631,5.76568,58.73498,21.66784,22.55260,6.71444,7.80011
643.75370,-0.73134,5.75282,58.73736,21.65542,22.53366,6.72118,7.82710
643.76370,-0.80999,5.66634,58.75271,21.53530,22.44249,6.74200,8.03292
643.77370,-0.77670,5.55102,59.01544,21.49894,22.37703,6.95018,8.18929
643.78370,-0.79798,5.52801,59.05594,21.47194,22.37453,6.96768,8.24179
643.79370,-0.86165,5.45916,59.17744,21.39094,22.36703,7.02018,8.39929
643.80370,-0.87017,5.44073,59.22221,21.38110,22.36211,7.03986,8.43914
643.81370,-0.88865,5.40077,59.31954,21.35971,22.35142,7.08264,8.52577
643.82370,-0.90393,5.31810,59.53054,21.31613,22.33464,7.20638,8.67339
643.83370,-0.90927,5.27224,59.64944,21.29194,22.32603,7.28018,8.75129
643.84370,-0.93181,5.22137,59.69344,21.25194,22.26503,7.31018,8.86629
643.85370,-0.94294,5.20312,59.61388,21.19176,22.21947,7.31698,8.88567
643.86370,-0.98380,5.13006,59.38011,21.00041,22.05033,7.34048,8.98888
643.87370,-1.02064,5.05815,59.22844,20.85794,21.89603,7.36018,9.11429
643.88370,-1.01300,5.03957,59.18303,20.82622,21.84674,7.38072,9.12935
643.89370,-0.99043,4.98476,59.04947,20.73293,21.70178,7.44112,9.17364
643.90370,-1.03232,4.84327,58.81044,20.44294,21.45503,7.56018,9.35229
643.91370,-1.05745,4.81780,58.77260,20.38640,21.41895,7.56458,9.40267
643.92370,-1.14315,4.69542,58.64258,20.14739,21.25074,7.62570,9.61875
643.93370,-1.12986,4.58129,58.65744,20.00894,21.10603,7.78918,9.75329
643.94370,-1.12986,4.58129,58.65744,20.00894,21.10603,7.78918,9.75329
643.95370,-1.16585,4.48387,58.88944,19.91994,21.10603,7.93918,9.92429
643.96370,-1.16798,4.47516,58.87882,19.90392,21.09217,7.94728,9.93545
643.97370,-1.18363,4.37387,58.77936,19.73303,20.93268,8.04988,10.06377
643.98370,-1.12378,4.24173,58.85944,19.64294,20.73703,8.25918,10.22029
643.99370,-1.12378,4.24173,58.85944,19.64294,20.73703,8.25918,10.22029
644.00370,-1.17548,4.14597,58.87000,19.49126,20.64871,8.34558,10.38445
644.01370,-1.13962,4.09031,58.76153,19.47252,20.45003,8.36169,10.47729
644.02370,-1.13521,4.03801,58.77222,19.34988,20.44511,8.49538,10.48185
644.03370,-1.09022,4.00100,58.88089,19.38255,20.39045,8.57538,10.53251
644.04370,-1.07182,3.98586,58.92544,19.39594,20.36803,8.60818,10.55329
644.05370,-1.09041,3.94831,58.74016,19.30186,20.24035,8.58898,10.60897
644.06370,-1.05676,3.94480,58.62265,19.27035,20.18372,8.61025,10.55832
644.07370,-1.02869,3.94322,58.53344,19.24794,20.14203,8.62818,10.51529
644.08370,-1.01699,3.91046,58.20584,19.10766,19.97823,8.62818,10.49177
644.09370,-0.98842,3.88184,57.94489,19.03003,19.80788,8.61970,10.48729
644.10370,-0.98370,3.87783,57.90944,19.02094,19.78303,8.61818,10.48729
644.11370,-0.98926,3.85705,57.92628,18.99748,19.76499,8.64224,10.52157
644.12370,-0.99294,3.84329,57.93744,18.98194,19.75303,8.65818,10.54429
644.13370,-0.98871,3.82831,57.98228,18.97807,19.74878,8.68910,10.56632
644.14370,-0.97824,3.80566,58.13872,19.00454,19.76903,8.75135,10.61380
644.15370,-0.97059,3.80783,58.31244,19.07094,19.82403,8.77818,10.63929
644.16370,-0.97587,3.81325,58.40287,19.08610,19.88310,8.79909,10.63458
644.17370,-0.97545,3.82774,58.42158,19.09994,19.91887,8.79475,10.60802
644.18370,-0.97175,3.83451,58.37644,19.09994,19.90603,8.77818,10.59229
644.19370,-0.97175,3.83451,58.37644,19.09994,19.90603,8.77818,10.59229
644.20370,-1.01185,3.86458,58.21948,19.07186,19.90603,8.67738,10.56421
644.21370,-1.02350,3.86592,58.01212,18.99073,19.85175,8.64408,10.52556
644.22370,-1.02928,3.86468,57.79952,18.90123,19.79574,8.62458,10.47797
644.23370,-1.03527,3.86887,57.72244,18.87294,19.78303,8.60818,10.45829
644.24370,-1.02008,3.87353,57.86264,18.94245,19.81925,8.62570,10.47523
644.25370,-0.99667,3.93522,58.10570,19.11780,19.96393,8.59758,10.42639
644.26370,-0.98756,3.97731,58.20944,19.20894,20.05003,8.56818,10.38229
644.27370,-0.99533,4.00147,58.23973,19.24565,20.09546,8.53547,10.36314
644.28370,-1.04178,4.14591,58.42144,19.46594,20.36803,8.33918,10.24829
644.29370,-1.02465,4.24781,58.40732,19.59620,20.48918,8.22532,10.09662
644.30370,-1.02602,4.47568,58.36362,19.85058,20.78812,7.94827,9.77665
644.31370,-1.05230,4.60298,58.33144,19.96894,20.97303,7.77918,9.61029
644.32370,-1.03675,4.72455,58.32224,20.13224,21.11425,7.63244,9.44331
644.33370,-1.04516,4.97241,58.21990,20.38853,21.41850,7.31614,9.09674
644.34370,-1.07597,5.09391,58.11444,20.46294,21.57803,7.15018,8.92329
644.35370,-1.07207,5.13563,58.12826,20.51497,21.64238,7.10997,8.86096
644.36370,-1.06376,5.22433,58.15768,20.62566,21.77927,7.02440,8.72833
644.37370,-1.07371,5.33682,58.22185,20.76852,21.97046,6.89868,8.58420
644.38370,-1.10794,5.50544,58.37489,20.98223,22.30081,6.71155,8.38031
644.39370,-1.13724,5.61922,58.52444,21.12394,22.56203,6.60118,8.23729
644.40370,-1.14382,5.66236,58.65863,21.20882,22.68831,6.57095,8.19054
644.41370,-1.16904,5.88159,59.25091,21.62191,23.28816,6.40385,7.93698
644.42370,-1.17628,6.03461,59.54544,21.88394,23.64903,6.27118,7.74129
644.43370,-1.18685,6.08183,59.62118,21.95171,23.76265,6.22467,7.68215
644.44370,-1.21871,6.22418,59.85072,22.15708,24.10695,6.08373,7.50296
644.45370,-1.22272,6.28138,59.90589,22.23406,24.22291,6.02724,7.42168
644.46370,-1.21426,6.45017,59.98337,22.44303,24.51808,5.86655,7.15571
644.47370,-1.19809,6.59634,60.01544,22.60494,24.76603,5.74218,6.90229
644.48370,-1.19809,6.59634,60.01544,22.60494,24.76603,5.74218,6.90229
644.49370,-1.21971,6.75527,60.16734,22.81964,25.09063,5.56918,6.68789
644.50370,-1.20676,6.86696,60.40944,23.06894,25.33003,5.45218,6.55829
644.51370,-1.21280,6.87944,60.42696,23.08318,25.36291,5.43778,6.54309
644.52370,-1.28204,7.02247,60.62844,23.24694,25.74103,5.27218,6.36829
644.53370,-1.28204,7.02247,60.62844,23.24694,25.74103,5.27218,6.36829
644.54370,-1.28736,7.11703,61.00081,23.50265,26.03919,5.18414,6.27484
644.55370,-1.29214,7.15280,61.24344,23.59194,26.24303,5.20218,6.20629
644.56370,-1.29669,7.16004,61.27608,23.60721,26.27376,5.19582,6.19929
644.57370,-1.34291,7.23596,61.63189,23.77703,26.59883,5.12746,6.12858
644.58370,-1.35304,7.27577,61.92638,23.94789,26.77678,5.08021,6.12149
644.59370,-1.35476,7.28250,61.97644,23.97694,26.80703,5.07218,6.12029
644.60370,-1.42016,7.29087,62.46323,24.11076,27.09503,5.07218,6.18526
644.61370,-1.42219,7.29113,62.47844,24.11494,27.10403,5.07218,6.18729
644.62370,-1.37508,7.34186,62.69837,24.25708,27.28171,5.10099,6.05859
644.63370,-1.43597,7.37739,62.90232,24.33878,27.46567,5.02634,6.07153
644.64370,-1.43857,7.37878,62.91044,24.34194,27.47303,5.02318,6.07229
644.65370,-1.44675,7.38220,62.82655,24.29091,27.46438,5.02318,6.04807
644.66370,-1.44803,7.38273,62.81344,24.28294,27.46303,5.02318,6.04429
644.67370,-1.42324,7.38239,62.73507,24.27009,27.41036,5.03539,6.01923
644.68370,-1.46243,7.36586,62.59791,24.18781,27.33427,4.99695,6.07889
644.69370,-1.47859,7.36087,62.56944,24.16494,27.32003,4.98318,6.10129
644.70370,-1.48929,7.31002,62.77944,24.19770,27.32003,5.03274,6.22897
644.71370,-1.47292,7.27376,62.93723,24.23725,27.30990,5.09046,6.29963
644.72370,-1.45328,7.24537,63.06344,24.27294,27.29903,5.14218,6.34929
644.73370,-1.45613,7.22374,63.33758,24.31583,27.42025,5.22299,6.37850
644.74370,-1.47598,7.20503,63.68516,24.39234,27.57539,5.27938,6.43805
644.75370,-1.48301,7.20285,63.75544,24.41194,27.60703,5.28218,6.45429
644.76370,-1.53471,7.21628,63.63908,24.34721,27.61431,5.21673,6.46083
644.77370,-1.55415,7.22133,63.59544,24.32294,27.61703,5.19218,6.46329
644.78370,-1.53107,7.21038,63.58344,24.33206,27.56759,5.21138,6.47241
644.79370,-1.51755,7.21370,63.50234,24.32483,27.51787,5.20075,6.45889
644.80370,-1.53904,7.24208,63.37544,24.29294,27.52503,5.14218,6.41529
644.81370,-1.53397,7.24347,63.29144,24.26934,27.48383,5.13418,6.40409
644.82370,-1.51764,7.25024,63.17877,24.24965,27.43013,5.12535,6.37364
644.83370,-1.47160,7.27489,63.24944,24.33294,27.47303,5.14218,6.30129
644.84370,-1.47285,7.29466,63.32637,24.39874,27.52517,5.11039,6.29207
644.85370,-1.47546,7.33571,63.48663,24.53583,27.63378,5.04417,6.27286
644.86370,-1.47554,7.33694,63.49144,24.53994,27.63703,5.04218,6.27229
644.87370,-1.46862,7.34033,63.55000,24.56778,27.66679,5.05178,6.26365
644.88370,-1.46077,7.37306,63.46644,24.58894,27.66803,5.00318,6.20629
644.89370,-1.45579,7.38374,63.41478,24.58894,27.65522,4.98638,6.18424
644.90370,-1.43637,7.42041,63.20994,24.57655,27.60052,4.93158,6.10129
644.91370,-1.43402,7.40652,63.17044,24.52994,27.57603,4.96318,6.10129
644.92370,-1.44426,7.39798,63.12677,24.49224,27.55408,4.96557,6.11489
644.93370,-1.47703,7.37067,62.98744,24.37194,27.48403,4.97318,6.15829
644.94370,-1.47765,7.36709,62.96566,24.35783,27.47033,4.97625,6.16125
644.95370,-1.49607,7.31780,62.85547,24.23182,27.36976,5.02418,6.22971
644.96370,-1.54404,7.25221,63.15644,24.22394,27.44303,5.10218,6.38729
644.97370,-1.53833,7.24621,63.22941,24.23221,27.47782,5.13612,6.38326
644.98370,-1.53207,7.22714,63.57986,24.28692,27.65653,5.25338,6.38303
644.99370,-1.58429,7.23802,63.86144,24.37194,27.83203,5.22218,6.43529
645.00370,-1.58429,7.23802,63.86144,24.37194,27.83203,5.22218,6.43529
645.01370,-1.58984,7.21715,63.92444,24.31294,27.88403,5.30218,6.42529
645.02370,-1.59770,7.21491,63.88731,24.29682,27.86357,5.28950,6.43742
645.03370,-1.63197,7.20516,63.72590,24.22674,27.77459,5.23438,6.49018
645.04370,-1.64779,7.17250,63.59444,24.12494,27.67803,5.25218,6.53929
645.05370,-1.64907,7.16830,63.55669,24.10661,27.65392,5.25120,6.54497
645.06370,-1.65850,7.12598,63.20007,23.93309,27.41967,5.24622,6.60108
645.07370,-1.63102,7.08653,63.09344,23.87794,27.27903,5.29218,6.64429
645.08370,-1.63102,7.08653,63.09344,23.87794,27.27903,5.29218,6.64429
645.09370,-1.64213,7.03301,63.39715,23.88749,27.36690,5.40679,6.73597
645.10370,-1.64264,7.03050,63.41144,23.88794,27.37103,5.41218,6.74029
645.11370,-1.61919,6.99703,63.64348,23.98209,27.37103,5.45973,6.83063
645.12370,-1.58229,6.99012,63.73895,24.04746,27.36337,5.49283,6.83529
645.13370,-1.57142,6.98854,63.76444,24.06594,27.36103,5.50218,6.83529
645.14370,-1.60802,6.98245,63.73599,24.02597,27.36103,5.47508,6.87390
645.15370,-1.65043,6.95366,63.68671,23.93346,27.33339,5.48240,6.93746
645.16370,-1.66251,6.94113,63.66944,23.89794,27.32003,5.49218,6.95929
645.17370,-1.62529,6.88002,63.55290,23.81494,27.13894,5.57602,7.02300
645.18370,-1.61810,6.86822,63.53044,23.79894,27.10403,5.59218,7.03529
645.19370,-1.60752,6.84060,63.45092,23.73286,27.02955,5.63698,7.05153
645.20370,-1.59424,6.78505,63.52554,23.71329,26.95403,5.71057,7.14764
645.21370,-1.59018,6.75732,63.63844,23.73994,26.94003,5.74218,7.21629
645.22370,-1.57818,6.73615,63.77358,23.77584,26.95254,5.78655,7.25864
645.23370,-1.56137,6.70648,63.96392,23.82641,26.97015,5.84905,7.31830
645.24370,-1.51131,6.68260,64.05144,23.85894,26.94003,5.93118,7.32129
645.25370,-1.50569,6.67185,64.04346,23.84894,26.91352,5.94579,7.33522
645.26370,-1.46121,6.58685,63.98044,23.76994,26.70403,6.06118,7.44529
645.27370,-1.44966,6.56452,63.93639,23.73169,26.64492,6.09595,7.46383
645.28370,-1.41846,6.50027,63.81728,23.64433,26.45858,6.17373,7.54064
645.29370,-1.40282,6.46524,63.75744,23.61194,26.34603,6.20118,7.59829
645.30370,-1.37305,6.44495,63.81352,23.62946,26.31566,6.25375,7.61464
645.31370,-1.32655,6.39414,63.83687,23.62418,26.19697,6.33853,7.67718
645.32370,-1.30907,6.36904,63.82544,23.61194,26.13003,6.37118,7.71229
645.33370,-1.31659,6.36539,63.80747,23.61585,26.10190,6.34774,7.74198
645.34370,-1.32834,6.35969,63.77944,23.62194,26.05803,6.31118,7.78829
645.35370,-1.33987,6.34595,63.72838,23.56720,26.03457,6.32498,7.80163
645.36370,-1.35782,6.32272,63.68316,23.48500,26.01669,6.35958,7.82189
645.37370,-1.36295,6.31443,63.70044,23.46394,26.02803,6.38118,7.82729
645.38370,-1.36279,6.30034,63.58406,23.40046,25.96179,6.39038,7.83143
645.39370,-1.40116,6.26415,63.44238,23.24866,25.90289,6.41958,7.87125
645.40370,-1.44644,6.24115,63.43644,23.15794,25.92503,6.44118,7.91229
645.41370,-1.44644,6.24115,63.43644,23.15794,25.92503,6.44118,7.91229
645.42370,-1.50934,6.25002,63.37894,23.03894,26.02420,6.44128,7.87452
645.43370,-1.51268,6.25126,63.39711,23.02261,26.05803,6.46118,7.85529
645.44370,-1.51867,6.24551,63.38960,22.98314,26.07571,6.48838,7.84237
645.45370,-1.50714,6.23952,63.43844,22.96994,26.11003,6.54118,7.81729
645.46370,-1.50343,6.23540,63.49444,22.98394,26.12788,6.55868,7.82394
645.47370,-1.50777,6.24066,63.54505,22.99036,26.17527,6.56943,7.80999
645.48370,-1.53996,6.27762,63.39251,22.93443,26.21595,6.50728,7.73485
645.49370,-1.54988,6.30839,63.29843,22.91913,26.24374,6.46439,7.67118
645.50370,-1.53914,6.35316,63.21016,22.94320,26.27522,6.41501,7.57673
645.51370,-1.53958,6.36760,63.17499,22.94005,26.29100,6.40118,7.54276
645.52370,-1.56495,6.38387,63.07337,22.85591,26.34096,6.40118,7.47532
645.53370,-1.55575,6.39037,62.98257,22.82717,26.31683,6.40118,7.43739
645.54370,-1.55983,6.40329,62.91789,22.80373,26.32545,6.38866,7.40004
645.55370,-1.60263,6.44844,62.83908,22.76466,26.42744,6.32906,7.31792
645.56370,-1.63460,6.54138,62.74344,22.80194,26.57103,6.20118,7.16929
645.57370,-1.62939,6.54200,62.75613,22.81175,26.57292,6.20478,7.16668
645.58370,-1.57713,6.54761,62.88327,22.91184,26.58834,6.23938,7.14371
645.59370,-1.57962,6.54075,62.87144,22.92094,26.55103,6.22118,7.17829
645.60370,-1.58188,6.54050,62.86783,22.91740,26.55103,6.21976,7.17963
645.61370,-1.61016,6.53733,62.82270,22.87315,26.55103,6.20206,7.19645
645.62370,-1.61157,6.53717,62.82044,22.87094,26.55103,6.20118,7.19729
645.63370,-1.60308,6.53058,62.78378,22.86113,26.51386,6.20634,7.20245
645.64370,-1.63530,6.49798,62.82052,22.84348,26.47057,6.19426,7.31221
645.65370,-1.64259,6.49318,62.83344,22.84194,26.46903,6.19118,7.33129
645.66370,-1.64699,6.50373,62.53968,22.71906,26.39031,6.17198,7.25833
645.67370,-1.64717,6.50417,62.52744,22.71394,26.38703,6.17118,7.25529
645.68370,-1.65583,6.50138,62.48153,22.67536,26.38191,6.17606,7.24821
645.69370,-1.67419,6.48665,62.35913,22.58274,26.33814,6.18571,7.25254
645.70370,-1.66715,6.48164,62.37544,22.60494,26.31503,6.18118,7.27429
645.71370,-1.67680,6.47096,62.31722,22.54755,26.29757,6.19781,7.27429
645.72370,-1.68970,6.44862,62.15956,22.46132,26.19930,6.19280,7.30615
645.73370,-1.69182,6.44471,62.13144,22.44694,26.18103,6.19118,7.31229
645.74370,-1.68950,6.43848,62.05342,22.41429,26.13566,6.19118,7.31229
645.75370,-1.67419,6.41322,61.91470,22.31815,26.05467,6.24528,7.29660
645.76370,-1.66275,6.39603,61.85044,22.25894,26.01703,6.29118,7.28329
645.77370,-1.67671,6.37739,61.74066,22.20262,25.93719,6.27692,7.32392
645.78370,-1.68234,6.36986,61.69644,22.17994,25.90503,6.27118,7.34029
645.79370,-1.69090,6.36784,61.55658,22.12400,25.84650,6.25046,7.33562
645.80370,-1.68325,6.35336,61.44486,22.07194,25.77246,6.26188,7.33858
645.81370,-1.65813,6.33316,61.47444,22.07194,25.74103,6.31118,7.35029
645.82370,-1.65561,6.30052,61.44520,22.02025,25.68203,6.35295,7.38997
645.83370,-1.64173,6.25322,61.41687,21.95726,25.59562,6.42254,7.44145
645.84370,-1.63117,6.23733,61.41544,21.94294,25.56603,6.45118,7.45529
645.85370,-1.62781,6.23213,61.43358,21.94294,25.56603,6.46432,7.46028
645.86370,-1.62053,6.22082,61.47301,21.94294,25.56603,6.49289,7.47114
645.87370,-1.60229,6.20408,61.46085,21.92399,25.53046,6.53211,7.47429
645.88370,-1.57957,6.17702,61.39944,21.88000,25.45416,6.57989,7.48538
645.89370,-1.59914,6.13855,61.23744,21.78594,25.32003,6.57118,7.56029
645.90370,-1.56960,6.11562,61.26676,21.79944,25.26745,6.61306,7.58681
645.91370,-1.51695,6.06589,61.32252,21.79240,25.18357,6.72052,7.62603
645.92370,-1.49496,6.03844,61.34844,21.76594,25.15603,6.79018,7.63629
645.93370,-1.50163,6.02642,61.25072,21.70172,25.11322,6.79949,7.63629
645.94370,-1.50931,6.01256,61.13844,21.62794,25.06403,6.81018,7.63629
645.95370,-1.50931,6.01256,61.13844,21.62794,25.06403,6.81018,7.63629
645.96370,-1.50385,5.99506,61.02368,21.60451,24.95296,6.78793,7.67828
645.97370,-1.46245,5.95303,61.03944,21.59794,24.85903,6.86018,7.72229
645.98370,-1.45602,5.94900,61.00907,21.58934,24.83376,6.86369,7.72229
645.99370,-1.43648,5.93679,60.91705,21.56328,24.75716,6.87433,7.72229
646.00370,-1.41521,5.94816,60.53744,21.45994,24.60203,6.83018,7.64529
646.01370,-1.41243,5.94614,60.52711,21.45529,24.59348,6.83390,7.64445
646.02370,-1.38521,5.92645,60.42644,21.40994,24.51003,6.87018,7.63629
646.03370,-1.37317,5.92405,60.44761,21.42993,24.49979,6.87690,7.64099
646.04370,-1.31596,5.91268,60.54841,21.52513,24.45099,6.90890,7.66339
646.05370,-1.29043,5.93709,60.50244,21.58794,24.41803,6.86018,7.63629
646.06370,-1.27512,5.93675,60.50160,21.59354,24.41089,6.87558,7.62159
646.07370,-1.20220,5.93513,60.49760,21.62021,24.37689,6.94891,7.55159
646.08370,-1.18060,5.93246,60.46171,21.61892,24.34381,6.96342,7.53557
646.09370,-1.17412,5.91971,60.31934,21.58108,24.23967,6.94298,7.55561
646.10370,-1.15061,5.89505,60.20934,21.54841,24.12367,6.95631,7.58094
646.11370,-1.13948,5.87757,60.08147,21.50156,24.02745,6.95808,7.59438
646.12370,-1.12450,5.82269,59.73354,21.34659,23.77498,6.96889,7.64307
646.13370,-1.12959,5.76270,59.78344,21.29194,23.71003,7.04018,7.74129
646.14370,-1.12959,5.76270,59.78344,21.29194,23.71003,7.04018,7.74129
646.15370,-1.10882,5.73376,59.86844,21.33094,23.65903,7.07018,7.80829
646.16370,-1.10687,5.73074,59.87812,21.32862,23.66071,7.07978,7.80901
646.17370,-1.08219,5.69265,60.00592,21.30506,23.68003,7.19818,7.82265
646.18370,-1.05496,5.65242,60.19544,21.34094,23.68003,7.29018,7.88429
646.19370,-1.05806,5.65085,60.19706,21.33740,23.68063,7.29018,7.88885
646.20370,-1.09250,5.63339,60.21506,21.29807,23.68730,7.29018,7.93951
646.21370,-1.07980,5.59900,60.14534,21.25579,23.58678,7.31700,7.98576
646.22370,-1.06304,5.57962,60.09896,21.23413,23.52278,7.33988,8.00217
646.23370,-1.02263,5.51158,60.00244,21.13394,23.37203,7.45018,8.04629
646.24370,-1.02035,5.50423,60.00422,21.12940,23.35855,7.45873,8.05754
646.25370,-0.99750,5.43075,60.02198,21.08401,23.22368,7.54426,8.17004
646.26370,-0.91799,5.28060,60.07902,21.04623,22.90790,7.71957,8.40532
646.27370,-0.91317,5.27238,60.08244,21.04494,22.89003,7.72918,8.41829
646.28370,-0.91793,5.15333,60.02004,20.91246,22.66347,7.82518,8.61893
646.29370,-0.94689,5.09567,60.02900,20.84107,22.58957,7.86071,8.73765
646.30370,-0.97683,5.04080,60.04105,20.77246,22.52241,7.89356,8.85262
646.31370,-0.99612,4.98859,60.04359,20.71343,22.44576,7.92705,8.95734
646.32370,-0.96403,4.91398,59.98944,20.66994,22.25403,7.98918,9.07629
646.33370,-0.99696,4.86377,60.03444,20.60411,22.21987,8.03085,9.17962
646.34370,-0.99667,4.83532,60.04300,20.56031,22.19484,8.07913,9.20872
646.35370,-0.98839,4.81313,60.04246,20.52342,22.17291,8.12725,9.21888
646.36370,-0.99798,4.77201,60.00343,20.48127,22.07907,8.13748,9.30561
646.37370,-1.02363,4.73914,59.90573,20.43940,21.96530,8.09726,9.40377
646.38370,-1.02819,4.73439,59.88844,20.43294,21.94703,8.08918,9.41929
646.39370,-1.02323,4.70737,59.89936,20.38177,21.93496,8.15243,9.43021
646.40370,-1.01956,4.68741,59.90744,20.34394,21.92603,8.19918,9.43829
646.41370,-1.00762,4.68534,59.82554,20.38187,21.82489,8.13872,9.48006
646.42370,-1.02334,4.64244,59.82244,20.36625,21.72577,8.13115,9.59927
646.43370,-1.04641,4.60518,59.88044,20.32394,21.71103,8.16918,9.67629
646.44370,-0.98027,4.59123,59.92959,20.38104,21.65177,8.22700,9.66978
646.45370,-0.99594,4.55343,59.98162,20.33376,21.63609,8.27742,9.73435
646.46370,-1.01301,4.53992,59.99544,20.30494,21.63903,8.28918,9.76229
646.47370,-0.97240,4.50256,60.10680,20.31886,21.60447,8.38470,9.79877
646.48370,-0.92858,4.46224,60.22744,20.33394,21.56703,8.48818,9.83829
646.49370,-0.91286,4.44561,60.32194,20.37481,21.54791,8.51443,9.88479
646.50370,-0.84206,4.40644,60.49910,20.46828,21.47362,8.60473,9.95246
646.51370,-0.80035,4.39565,60.51744,20.49194,21.43403,8.64818,9.94329
646.52370,-0.74859,4.40609,60.43991,20.53870,21.36124,8.63634,9.90363
646.53370,-0.72173,4.41089,60.38882,20.53589,21.34133,8.65194,9.85965
646.54370,-0.72783,4.40923,60.39044,20.51194,21.36203,8.66818,9.84829
646.55370,-0.68168,4.39436,60.37817,20.51778,21.30829,8.72075,9.83135
646.56370,-0.64882,4.38376,60.36944,20.52194,21.27003,8.75818,9.81929
646.57370,-0.64491,4.38839,60.31401,20.51623,21.24960,8.74247,9.80572
646.58370,-0.61228,4.40541,60.02279,20.48194,21.12703,8.68071,9.73311
646.59370,-0.60196,4.39287,60.07044,20.48194,21.12703,8.71818,9.74329
646.60370,-0.53977,4.39293,60.03502,20.50954,21.07505,8.75958,9.69085
646.61370,-0.45496,4.39482,59.97795,20.56881,20.98124,8.78996,9.63794
646.62370,-0.44095,4.39701,59.95944,20.60094,20.94203,8.76818,9.64829
646.63370,-0.44124,4.39854,59.93761,20.58984,20.94203,8.76818,9.63755
646.64370,-0.44174,4.40115,59.90044,20.57094,20.94203,8.76818,9.61929
646.65370,-0.44936,4.40707,59.80011,20.55127,20.90770,8.72818,9.61295
646.66370,-0.44481,4.42374,59.59170,20.51194,20.84610,8.67174,9.56191
646.67370,-0.40563,4.43312,59.57644,20.51194,20.86003,8.71818,9.48629
646.68370,-0.41571,4.44750,59.53677,20.51861,20.86337,8.67818,9.47662
646.69370,-0.42357,4.47861,59.45414,20.53757,20.86809,8.60789,9.44058
646.70370,-0.38722,4.48537,59.44442,20.55415,20.86238,8.63647,9.39144
646.71370,-0.37232,4.48814,59.44044,20.56094,20.86003,8.64818,9.37129
646.72370,-0.37586,4.49338,59.39661,20.57678,20.82729,8.60593,9.38660
646.73370,-0.37904,4.49807,59.35744,20.59094,20.79803,8.56818,9.40029
646.74370,-0.39330,4.51636,59.17172,20.55052,20.75644,8.49788,9.36689
646.75370,-0.38878,4.54076,58.98903,20.53362,20.70892,8.43124,9.31525
646.76370,-0.37834,4.54889,58.95244,20.54194,20.69603,8.41918,9.29529
646.77370,-0.39452,4.56107,58.80183,20.49648,20.66756,8.36867,9.26911
646.78370,-0.38451,4.56356,58.62544,20.43294,20.61403,8.35918,9.21929
646.79370,-0.39182,4.56141,58.63489,20.42946,20.61858,8.35740,9.22945
646.80370,-0.46639,4.53941,58.73144,20.39394,20.66503,8.33918,9.33329
646.81370,-0.46679,4.53847,58.74098,20.39448,20.66873,8.34276,9.33502
646.82370,-0.47131,4.52799,58.84694,20.40044,20.70979,8.38249,9.35422
646.83370,-0.50074,4.54979,58.92979,20.44036,20.78410,8.34305,9.36229
646.84370,-0.50264,4.55159,58.93244,20.44294,20.78803,8.33918,9.36229
646.85370,-0.46765,4.56091,58.85276,20.48998,20.70931,8.30078,9.35269
646.86370,-0.48782,4.54462,58.72767,20.39658,20.67317,8.30562,9.35229
646.87370,-0.49980,4.53538,58.66044,20.34394,20.65503,8.30918,9.35229
646.88370,-0.53645,4.50812,58.33308,20.17306,20.52735,8.27078,9.36189
646.89370,-0.53799,4.50697,58.31944,20.16594,20.52203,8.26918,9.36229
646.90370,-0.57613,4.47941,58.17489,20.04421,20.47258,8.26918,9.38891
646.91370,-0.60049,4.40604,58.21350,19.91511,20.44125,8.38433,9.47281
646.92370,-0.60143,4.40301,58.21544,19.90994,20.44003,8.38918,9.47629
646.93370,-0.60746,4.40251,58.21362,19.90367,20.44376,8.38645,9.47974
646.94370,-0.67032,4.37848,58.22149,19.82257,20.46894,8.38685,9.54312
646.95370,-0.67845,4.31591,58.30744,19.76194,20.42903,8.47818,9.63829
646.96370,-0.71192,4.27773,58.38683,19.70333,20.44461,8.53012,9.70877
646.97370,-0.72354,4.26448,58.41444,19.68294,20.45003,8.54818,9.73329
646.98370,-0.71638,4.19970,58.47627,19.62779,20.38152,8.64288,9.82409
646.99370,-0.73267,4.12327,58.54155,19.53518,20.32256,8.74502,9.93879
647.00370,-0.75980,4.09240,58.56144,19.47494,20.31703,8.77818,9.99129
647.01370,-0.75557,4.02680,58.46654,19.35051,20.20878,8.86254,10.04471
647.02370,-0.77104,3.91290,58.52215,19.17080,20.13375,9.04818,10.16943
647.03370,-0.77793,3.87852,58.56044,19.11994,20.12203,9.10818,10.21029
647.04370,-0.78303,3.85097,58.59523,19.09690,20.09758,9.14109,10.25966
647.05370,-0.78876,3.81997,58.63444,19.07094,20.07003,9.17818,10.31529
647.06370,-0.73932,3.76215,58.68935,19.03063,19.99818,9.31195,10.34858
647.07370,-0.68558,3.69167,58.65772,18.95883,19.86763,9.44130,10.38997
647.08370,-0.65338,3.64083,58.53580,18.88450,19.73073,9.50012,10.42045
647.09370,-0.64402,3.62605,58.50044,18.86294,19.69103,9.51718,10.42929
647.10370,-0.66148,3.54967,58.25599,18.64085,19.55685,9.59718,10.46110
647.11370,-0.65087,3.49714,58.11744,18.52794,19.44503,9.65718,10.48729
647.12370,-0.63607,3.46411,58.12972,18.47333,19.42344,9.73762,10.49533
647.13370,-0.61592,3.41913,58.14644,18.39894,19.39403,9.84718,10.50629
647.14370,-0.63354,3.38959,58.12167,18.34868,19.35288,9.86175,10.55837
647.15370,-0.66346,3.33945,58.07970,18.26350,19.28313,9.88644,10.64664
647.16370,-0.67886,3.30235,58.01744,18.16194,19.25003,9.93718,10.66829
647.17370,-0.71402,3.27774,58.03043,18.09792,19.25978,9.96038,10.71236
647.18370,-0.72229,3.23533,57.97600,18.00111,19.21371,10.01980,10.74138
647.19370,-0.68514,3.21927,57.89644,17.97494,19.14803,10.05718,10.71629
647.20370,-0.68514,3.21927,57.89644,17.97494,19.14803,10.05718,10.71629
647.21370,-0.76122,3.16820,57.88344,17.83694,19.14803,10.08718,10.81129
647.22370,-0.76971,3.15962,57.84981,17.81191,19.12983,10.08465,10.82342
647.23370,-0.81247,3.12597,57.75639,17.72079,19.07603,10.07368,10.88589
647.24370,-0.84520,3.11062,57.76744,17.68894,19.07603,10.06718,10.93529
647.25370,-0.84663,3.09984,57.73774,17.65627,19.06250,10.08368,10.93529
647.26370,-0.86029,3.07545,57.65241,17.57687,19.02595,10.10389,10.94570
647.27370,-0.89297,3.06794,57.57657,17.53728,18.99844,10.06362,10.97724
647.28370,-0.89695,3.06959,57.55646,17.52878,18.99835,10.05718,10.97215
647.29370,-0.89238,3.08000,57.52744,17.52094,19.01403,10.05718,10.93529
647.30370,-0.89469,3.08043,57.51254,17.52298,19.00363,10.04494,10.94100
647.31370,-0.90475,3.07962,57.50284,17.53732,18.98107,10.01258,10.97187
647.32370,-0.90850,3.07077,57.67444,17.55994,19.04503,10.06718,11.00229
647.33370,-0.90850,3.07077,57.67444,17.55994,19.04503,10.06718,11.00229
647.34370,-0.98164,3.08183,57.50788,17.48462,19.04255,9.96558,11.01513
647.35370,-1.02316,3.06068,57.43244,17.41194,19.01403,9.94718,11.05929
647.36370,-1.02316,3.06068,57.43244,17.41194,19.01403,9.94718,11.05929
647.37370,-0.99274,3.04095,57.52581,17.43080,19.00460,10.01320,11.07721
647.38370,-0.99356,3.03900,57.53880,17.43194,19.00677,10.01718,11.08290
647.39370,-1.02651,3.02950,57.63074,17.43194,19.04100,10.01718,11.14062
647.40370,-1.01860,3.02844,57.68530,17.47783,19.02694,10.00781,11.17272
647.41370,-1.01715,3.02863,57.68644,17.48094,19.02503,10.00718,11.17329
647.42370,-1.05279,3.02790,57.70756,17.43390,19.08359,10.01678,11.17329
647.43370,-1.05778,3.02255,57.72971,17.42649,19.09149,10.02809,11.18365
647.44370,-1.06069,3.01812,57.74744,17.42194,19.09603,10.03718,11.19229
647.45370,-1.06165,3.01759,57.74341,17.42130,19.09277,10.03462,11.19472
647.46370,-1.07369,3.01090,57.69301,17.41330,19.05197,10.00262,11.22512
647.47370,-1.03206,2.99733,57.66628,17.43671,18.97734,10.02195,11.23029
647.48370,-1.04753,2.97867,57.66327,17.38444,18.98053,10.05218,11.24612
647.49370,-1.05247,2.97547,57.66344,17.37294,18.98403,10.05718,11.24929
647.50370,-1.00281,2.98065,57.61178,17.41444,18.92305,10.05718,11.21710
647.51370,-0.99707,2.96972,57.54161,17.40527,18.86037,10.04051,11.23545
647.52370,-0.99772,2.96734,57.52944,17.40194,18.85003,10.03718,11.24029
647.53370,-1.00780,2.95099,57.50283,17.35989,18.83407,10.05315,11.25572
647.54370,-1.01667,2.93660,57.47944,17.32294,18.82003,10.06718,11.26929
647.55370,-1.02222,2.93877,57.43702,17.30951,18.81226,10.05304,11.26222
647.56370,-1.01880,2.92053,57.45931,17.29635,18.79347,10.08135,11.28814
647.57370,-1.01076,2.89362,57.51546,17.28565,18.77154,10.12948,11.32878
647.58370,-1.00999,2.86938,57.48015,17.24879,18.72515,10.15054,11.35567
647.59370,-0.97406,2.85077,57.62144,17.31456,18.70078,10.19993,11.40616
647.60370,-0.95246,2.84470,57.71744,17.36294,18.69703,10.22618,11.43129
647.61370,-0.97619,2.83287,57.83228,17.35134,18.75039,10.26098,11.46957
647.62370,-0.99332,2.82434,57.91544,17.34294,18.78903,10.28618,11.49729
647.63370,-0.97076,2.83392,57.82782,17.36631,18.73529,10.25113,11.47509
647.64370,-0.94497,2.83704,57.71388,17.34779,18.69059,10.24961,11.42589
647.65370,-0.93811,2.83441,57.67744,17.32294,18.68603,10.26618,11.40229
647.66370,-0.94736,2.83210,57.46130,17.26569,18.60250,10.20776,11.38535
647.67370,-0.92217,2.78702,57.41407,17.23021,18.49499,10.25406,11.43480
647.68370,-0.89975,2.75643,57.48944,17.23394,18.46103,10.31618,11.47829
647.69370,-0.88624,2.75244,57.49706,17.23902,18.45062,10.33269,11.47473
647.70370,-0.79348,2.72503,57.54944,17.27394,18.37903,10.44618,11.45029
647.71370,-0.78593,2.71221,57.55664,17.26944,18.35563,10.46418,11.46739
647.72370,-0.75962,2.68659,57.58674,17.25794,18.32103,10.52518,11.48259
647.73370,-0.72168,2.66447,57.63407,17.24461,18.30770,10.61185,11.46992
647.74370,-0.71946,2.66249,57.64867,17.25212,18.30418,10.61434,11.47802
647.75370,-0.69918,2.65579,57.79720,17.34501,18.28593,10.62032,11.54594
647.76370,-0.64564,2.66180,57.88444,17.38294,18.31703,10.69618,11.48829
647.77370,-0.64203,2.67615,57.82009,17.38294,18.31373,10.66978,11.45364
647.78370,-0.63468,2.70538,57.68944,17.38294,18.30703,10.61618,11.38329
647.79370,-0.63014,2.70419,57.65833,17.37932,18.28841,10.61075,11.37985
647.80370,-0.61673,2.70069,57.56684,17.36868,18.23362,10.59480,11.36974
647.81370,-0.57375,2.70354,57.50489,17.38106,18.19009,10.60941,11.32433
647.82370,-0.53257,2.70899,57.49044,17.40194,18.17403,10.63618,11.27829
647.83370,-0.53058,2.71012,57.37583,17.37565,18.13224,10.60921,11.25874
647.84370,-0.55675,2.69679,57.48019,17.39063,18.14824,10.61038,11.33094
647.85370,-0.56780,2.69115,57.54544,17.40194,18.16303,10.61618,11.36429
647.86370,-0.53781,2.67132,57.58165,17.38845,18.14883,10.68718,11.35719
647.87370,-0.53389,2.67135,57.60920,17.40010,18.15425,10.69418,11.36067
647.88370,-0.56066,2.69863,57.67840,17.46530,18.20079,10.62707,11.38525
647.89370,-0.55103,2.69338,57.76444,17.48094,18.22503,10.66618,11.39229
647.90370,-0.55103,2.69338,57.76444,17.48094,18.22503,10.66618,11.39229
647.91370,-0.63227,2.69706,57.84136,17.45990,18.30295,10.61618,11.46233
647.92370,-0.67694,2.66229,57.70244,17.33294,18.25603,10.61618,11.49729
647.93370,-0.67905,2.66177,57.70620,17.33294,18.25702,10.61519,11.50105
647.94370,-0.69824,2.65699,57.74044,17.33294,18.26603,10.60618,11.53529
647.95370,-0.69612,2.65887,57.74227,17.33664,18.26823,10.60618,11.53121
647.96370,-0.66969,2.68246,57.76508,17.38295,18.29575,10.60618,11.48020
647.97370,-0.76556,2.68670,57.79973,17.34669,18.36416,10.53126,11.55762
647.98370,-0.77279,2.68633,57.80144,17.34294,18.36803,10.52618,11.56429
647.99370,-0.81913,2.66834,57.75250,17.27673,18.35844,10.50699,11.61035
648.00370,-0.86934,2.69741,57.72452,17.25474,18.43675,10.44858,11.58445
648.01370,-0.87135,2.69865,57.72344,17.25394,18.44003,10.44618,11.58329
648.02370,-0.90453,2.69257,57.70776,17.21264,18.45624,10.43573,11.60315
648.03370,-0.93485,2.68701,57.69344,17.17494,18.47103,10.42618,11.62129
648.04370,-0.92999,2.68493,57.59658,17.15134,18.42952,10.40990,11.60582
648.05370,-1.03429,2.67079,57.53868,17.05529,18.45413,10.33965,11.68961
648.06370,-1.05564,2.66803,57.53144,17.03694,18.46103,10.32618,11.70729
648.07370,-1.04861,2.66576,57.58041,17.05326,18.46919,10.34250,11.71545
648.08370,-1.07593,2.66159,57.56732,17.00704,18.49682,10.34618,11.71729
648.09370,-1.08178,2.66085,57.56244,16.99694,18.50203,10.34618,11.71729
648.10370,-1.12091,2.65463,57.69498,17.01317,18.55180,10.34077,11.78924
648.11370,-1.15397,2.64937,57.80744,17.02694,18.59403,10.33618,11.85029
648.12370,-1.22647,2.69671,57.84774,17.02694,18.73898,10.25840,11.82342
648.13370,-1.27564,2.72214,57.73750,16.97028,18.79186,10.19749,11.77786
648.14370,-1.28322,2.72444,57.68744,16.94794,18.78903,10.18618,11.76429
648.15370,-1.29911,2.75468,57.57337,16.93421,18.80844,10.12512,11.70559
648.16370,-1.33340,2.78694,57.44740,16.90706,18.83867,10.04758,11.65409
648.17370,-1.41211,2.77969,57.45197,16.85049,18.87982,10.00187,11.71980
648.18370,-1.43886,2.77967,57.48320,16.83345,18.91624,9.99797,11.73553
648.19370,-1.40923,2.78702,57.53744,16.85894,18.94303,10.03718,11.69829
648.20370,-1.43741,2.78218,57.49052,16.82260,18.93797,10.01418,11.71577
648.21370,-1.47608,2.77402,57.49270,16.79927,18.94207,9.98718,11.76418
648.22370,-1.48808,2.76866,57.61716,16.84129,18.96387,9.98718,11.82482
648.23370,-1.50369,2.75261,57.72050,16.83180,18.99695,10.02398,11.86777
648.24370,-1.53155,2.74301,57.83011,16.80483,19.06761,10.06473,11.89294
648.25370,-1.56507,2.75726,57.93809,16.81547,19.16016,10.05941,11.90304
648.26370,-1.57338,2.77905,57.86014,16.79744,19.18508,10.03018,11.84744
648.27370,-1.56635,2.79847,57.70944,16.76994,19.16803,9.99718,11.77429
648.28370,-1.58625,2.79579,57.68819,16.75809,19.15986,9.97266,11.79758
648.29370,-1.61211,2.78665,57.64892,16.73578,19.13461,9.94234,11.83619
648.30370,-1.60360,2.77154,57.62444,16.72094,19.09603,9.95718,11.85029
648.31370,-1.61134,2.77162,57.60372,16.70460,19.09970,9.95363,11.84579
648.32370,-1.64316,2.75955,57.46693,16.60901,19.07984,9.94368,11.83440
648.33370,-1.59044,2.73380,57.50244,16.66194,18.98403,9.97718,11.87929
648.34370,-1.59066,2.73720,57.50524,16.65994,18.99633,9.98018,11.86879
648.35370,-1.58587,2.75504,57.54407,16.64194,19.08343,10.02253,11.79617
648.36370,-1.55806,2.70129,57.59944,16.63994,18.98403,10.08718,11.88829
648.37370,-1.56266,2.70791,57.58244,16.63394,18.99623,10.07918,11.87309
648.38370,-1.56815,2.73924,57.54644,16.64194,19.04503,10.04718,11.81229
648.39370,-1.56008,2.73622,57.55807,16.65194,19.03463,10.05330,11.81821
648.40370,-1.52935,2.73142,57.60962,16.70445,19.00195,10.06560,11.83762
648.41370,-1.53230,2.76053,57.63544,16.76094,19.03503,10.01718,11.82229
648.42370,-1.53146,2.76231,57.63462,16.76412,19.03585,10.01473,11.81992
648.43370,-1.52454,2.78324,57.62838,16.79994,19.04905,9.98522,11.79417
648.44370,-1.54754,2.79121,57.65544,16.79994,19.08603,9.96718,11.80229
648.45370,-1.54388,2.79003,57.66014,16.80182,19.08411,9.97235,11.80186
648.46370,-1.49175,2.77327,57.72725,16.82866,19.05659,10.04617,11.79582
648.47370,-1.46989,2.76624,57.75544,16.83994,19.04503,10.07718,11.79329
648.48370,-1.51501,2.74476,57.78064,16.81086,19.03534,10.05779,11.87665
648.49370,-1.43410,2.72707,57.76813,16.87556,18.91806,10.09522,11.87929
648.50370,-1.42986,2.72620,57.76744,16.87894,18.91203,10.09718,11.87929
648.51370,-1.44608,2.73531,57.86838,16.91287,18.96377,10.08870,11.90304
648.52370,-1.42439,2.73112,57.75478,16.87124,18.92438,10.10626,11.85291
648.53370,-1.42320,2.73084,57.74844,16.86894,18.92203,10.10718,11.85029
648.54370,-1.42048,2.73168,57.75420,16.87214,18.92451,10.11030,11.84725
648.55370,-1.38923,2.74124,57.82044,16.90894,18.95303,10.14618,11.81229
648.56370,-1.38583,2.73933,57.81462,16.90985,18.94367,10.14709,11.81401
648.57370,-1.34574,2.71547,57.72012,16.90078,18.83371,10.16538,11.82025
648.58370,-1.32542,2.69956,57.59844,16.83994,18.77903,10.19618,11.78329
648.59370,-1.33636,2.68988,57.55400,16.81241,18.75465,10.18831,11.79862
648.60370,-1.33275,2.67632,57.55188,16.79915,18.73237,10.20539,11.81499
648.61370,-1.32518,2.67683,57.57644,16.80994,18.73803,10.21618,11.81229
648.62370,-1.31578,2.66780,57.70489,16.85003,18.75440,10.24891,11.85156
648.63370,-1.31370,2.66580,57.73344,16.85894,18.75803,10.25618,11.86029
648.64370,-1.33506,2.66940,57.72715,16.85894,18.76327,10.22475,11.88019
648.65370,-1.31959,2.69276,57.69694,16.88694,18.77573,10.20318,11.83109
648.66370,-1.30463,2.70137,57.68644,16.89894,18.77903,10.20618,11.80229
648.67370,-1.26332,2.70727,57.76486,16.96239,18.77903,10.23469,11.78874
648.68370,-1.27051,2.69318,57.86393,16.98794,18.77903,10.24618,11.85077
648.69370,-1.31066,2.68040,57.78044,16.92307,18.75990,10.21818,11.87929
648.70370,-1.32892,2.67144,57.61309,16.85217,18.70481,10.18618,11.86993
648.71370,-1.29462,2.66669,57.53044,16.85894,18.63503,10.18618,11.85029
648.72370,-1.27621,2.66572,57.46600,16.85308,18.59871,10.18618,11.82802
648.73370,-1.27424,2.64234,57.60334,16.84363,18.63380,10.26288,11.86303
648.74370,-1.28189,2.62664,57.73044,16.83994,18.67603,10.31618,11.89829
648.75370,-1.27997,2.62962,57.72717,16.84547,18.67603,10.31166,11.89400
648.76370,-1.28051,2.64480,57.73609,16.87994,18.68548,10.28068,11.88999
648.77370,-1.29956,2.63472,57.77844,16.86894,18.69703,10.28618,11.92629
648.78370,-1.30819,2.63859,57.79316,16.86434,18.72049,10.28618,11.92215
648.79370,-1.31831,2.64312,57.81044,16.85894,18.74803,10.28618,11.91729
648.80370,-1.30909,2.66038,57.78422,16.88654,18.74803,10.25858,11.89107
648.81370,-1.33287,2.68388,57.74093,16.90280,18.76458,10.19027,11.88329
648.82370,-1.38409,2.68862,57.72244,16.87894,18.78903,10.13718,11.91729
648.83370,-1.37965,2.69287,57.70165,16.88466,18.78121,10.12764,11.90813
648.84370,-1.36617,2.70576,57.63864,16.90200,18.75751,10.09874,11.88038
648.85370,-1.35555,2.69565,57.56057,16.85013,18.73556,10.12817,11.84671
648.86370,-1.35197,2.68520,57.52444,16.80994,18.72703,10.15618,11.83129
648.87370,-1.34875,2.68257,57.65011,16.85893,18.74904,10.17038,11.87176
648.88370,-1.34831,2.68129,57.69735,16.87792,18.75599,10.17413,11.88931
648.89370,-1.36347,2.67990,57.66178,16.86012,18.74831,10.15506,11.89829
648.90370,-1.39958,2.68225,57.66337,16.81809,18.79725,10.14974,11.89829
648.91370,-1.42367,2.69555,57.64635,16.80429,18.83419,10.12352,11.88436
648.92370,-1.42179,2.74639,57.55604,16.86094,18.85003,10.02718,11.81789
648.93370,-1.41577,2.77063,57.47044,16.86894,18.85003,9.98718,11.76429
648.94370,-1.41577,2.77063,57.47044,16.86894,18.85003,9.98718,11.76429
648.95370,-1.42506,2.76626,57.52130,16.87465,18.86489,9.99289,11.78886
648.96370,-1.44959,2.75586,57.64408,16.88268,18.90687,10.00956,11.84498
648.97370,-1.46792,2.76135,57.59051,16.80805,18.96209,10.03482,11.78556
648.98370,-1.49899,2.75559,57.54862,16.78102,18.94857,10.00103,11.81799
648.99370,-1.50900,2.75373,57.53522,16.77084,18.94573,9.99168,11.82697
649.00370,-1.47803,2.75827,57.56792,16.78261,18.96573,10.03629,11.78329
649.01370,-1.44450,2.75340,57.51144,16.80994,18.89103,10.02718,11.78329
649.02370,-1.44687,2.75237,57.52136,16.81193,18.89262,10.02667,11.79014
649.03370,-1.47313,2.74104,57.63159,16.83409,18.91023,10.02099,11.86628
649.04370,-1.48879,2.73359,57.70245,16.84846,18.92097,10.01878,11.91425
649.05370,-1.46522,2.73510,57.66512,16.84246,18.90763,10.03878,11.87625
649.06370,-1.45962,2.75540,57.65973,16.85771,18.94039,10.02847,11.83316
649.07370,-1.45992,2.75676,57.66044,16.85894,18.94303,10.02718,11.83129
649.08370,-1.40641,2.81673,57.44645,16.89732,18.92288,9.96001,11.66624
649.09370,-1.42146,2.79529,57.42496,16.86054,18.89227,9.96678,11.70537
649.10370,-1.42218,2.79429,57.42444,16.85894,18.89103,9.96718,11.70729
649.11370,-1.42243,2.79039,57.31733,16.82132,18.85214,9.95443,11.68943
649.12370,-1.42258,2.78816,57.25644,16.79994,18.83003,9.94718,11.67929
649.13370,-1.41509,2.78195,57.33511,16.82661,18.83670,9.96718,11.70462
649.14370,-1.39582,2.75008,57.44947,16.86334,18.79082,10.00945,11.78587
649.15370,-1.39211,2.74321,57.46744,16.86894,18.77903,10.01718,11.80229
649.16370,-1.40378,2.75226,57.55394,16.86062,18.86387,10.05045,11.77900
649.17370,-1.40614,2.75409,57.57144,16.85894,18.88103,10.05718,11.77429
649.18370,-1.34133,2.72173,57.63369,16.89214,18.80467,10.13935,11.79753
649.19370,-1.37241,2.73505,57.64896,16.89056,18.84940,10.10672,11.80229
649.20370,-1.38096,2.73890,57.64944,16.88894,18.86103,10.09718,11.80229
649.21370,-1.36251,2.73771,57.65245,16.90739,18.84146,10.10471,11.79890
649.22370,-1.36177,2.73707,57.66301,16.93176,18.82202,10.08626,11.82297
649.23370,-1.38017,2.73789,57.66644,16.92794,18.83003,10.06718,11.84129
649.24370,-1.37745,2.72769,57.52655,16.86608,18.77942,10.06718,11.81387
649.25370,-1.37629,2.72337,57.46744,16.83994,18.75803,10.06718,11.80229
649.26370,-1.37975,2.71903,57.31195,16.78385,18.70691,10.04588,11.77531
649.27370,-1.37346,2.71488,57.28261,16.76815,18.69401,10.05616,11.76429
649.28370,-1.36262,2.71154,57.33074,16.77831,18.70524,10.08290,11.76429
649.29370,-1.36088,2.71100,57.33844,16.77994,18.70703,10.08718,11.76429
649.30370,-1.39052,2.73398,57.46295,16.83697,18.78497,10.04916,11.79185
649.31370,-1.32941,2.71344,57.47424,16.88696,18.69019,10.08556,11.81152
649.32370,-1.32677,2.71252,57.47444,16.88894,18.68603,10.08718,11.81229
649.33370,-1.35456,2.75929,57.31844,16.88894,18.70703,9.97718,11.74529
649.34370,-1.35670,2.75964,57.30358,16.88567,18.70197,9.97065,11.74529
649.35370,-1.36112,2.77140,57.22550,16.87282,18.69583,9.94106,11.71579
649.36370,-1.35078,2.78703,57.22244,16.87894,18.72703,9.94718,11.66929
649.37370,-1.36585,2.78360,57.30417,16.89272,18.75550,9.95177,11.70418
649.38370,-1.39847,2.76178,57.47257,16.90429,18.79369,9.97579,11.79880
649.39370,-1.41556,2.74139,57.55544,16.89894,18.79903,9.99718,11.86029
649.40370,-1.41138,2.75568,57.62924,16.92549,18.85438,10.01068,11.83869
649.41370,-1.40629,2.77310,57.71944,16.95794,18.92203,10.02718,11.81229
649.42370,-1.40629,2.77310,57.71944,16.95794,18.92203,10.02718,11.81229
649.43370,-1.40200,2.75308,57.89840,16.99733,18.94303,10.07718,11.88085
649.44370,-1.40292,2.74877,57.96190,17.02580,18.94303,10.07718,11.91589
649.45370,-1.41092,2.76075,57.86744,16.98761,18.95303,10.06051,11.86629
649.46370,-1.42797,2.77800,57.62618,16.87868,18.95569,10.03398,11.75783
649.47370,-1.43000,2.76399,57.53444,16.81994,18.92203,10.04718,11.74529
649.48370,-1.43000,2.76399,57.53444,16.81994,18.92203,10.04718,11.74529
649.49370,-1.44824,2.75389,57.46420,16.78597,18.88691,10.02415,11.76717
649.50370,-1.46170,2.74643,57.41244,16.76094,18.86103,10.00718,11.78329
649.51370,-1.51433,2.71988,57.48587,16.73243,18.86816,10.00005,11.88523
649.52370,-1.49383,2.69446,57.52544,16.73094,18.83003,10.04718,11.91729
649.53370,-1.50548,2.70412,57.54083,16.73718,18.85769,10.03263,11.91334
649.54370,-1.54800,2.74814,57.60123,16.77665,18.96678,9.96468,11.89311
649.55370,-1.53975,2.78156,57.60944,16.84894,18.98403,9.90718,11.86929
649.56370,-1.54258,2.78137,57.60392,16.84422,18.98483,9.90558,11.86929
649.57370,-1.57238,2.78002,57.54476,16.79234,18.99651,9.89038,11.86553
649.58370,-1.54128,2.79001,57.59444,16.81994,19.02503,9.92718,11.82229
649.59370,-1.54329,2.79076,57.59215,16.82101,19.02445,9.92238,11.82431
649.60370,-1.56838,2.80020,57.56348,16.83434,19.01711,9.86238,11.84965
649.61370,-1.57892,2.80417,57.55144,16.83994,19.01403,9.83718,11.86029
649.62370,-1.59300,2.78465,57.69544,16.82074,19.07355,9.90438,11.89677
649.63370,-1.57593,2.81033,57.60928,16.82954,19.07603,9.87838,11.82533
649.64370,-1.57519,2.81144,57.60544,16.82994,19.07603,9.87718,11.82229
649.65370,-1.57688,2.81144,57.61029,16.83095,19.07806,9.87617,11.82512
649.66370,-1.59912,2.81042,57.66124,16.83794,19.10023,9.86318,11.85989
649.67370,-1.62798,2.80621,57.69244,16.82994,19.11703,9.84718,11.89829
649.68370,-1.62048,2.80638,57.69539,16.82767,19.12158,9.86082,11.88533
649.69370,-1.59497,2.80696,57.70544,16.81994,19.13703,9.90718,11.84129
649.70370,-1.57133,2.80101,57.69373,16.83538,19.09924,9.91783,11.84129
649.71370,-1.55742,2.80684,57.65278,16.84168,19.08217,9.91104,11.81789
649.72370,-1.55907,2.80949,57.64544,16.83994,19.08603,9.90718,11.81229
649.73370,-1.58158,2.81563,57.62054,16.83164,19.09433,9.87398,11.82059
649.74370,-1.58197,2.80180,57.68635,16.81895,19.11307,9.91665,11.83768
649.75370,-1.57852,2.78947,57.74444,16.80994,19.12703,9.95718,11.85029
649.76370,-1.54414,2.77999,57.73464,16.84424,19.06263,9.96418,11.86359
649.77370,-1.52940,2.77593,57.73044,16.85894,19.03503,9.96718,11.86929
649.78370,-1.52814,2.77081,57.87744,16.88694,19.08543,10.00918,11.89589
649.79370,-1.50439,2.78964,57.88724,16.91924,19.10703,10.01318,11.84779
649.80370,-1.49443,2.79866,57.86444,16.92794,19.10703,10.00718,11.82229
649.81370,-1.49532,2.81462,57.83691,16.95127,19.10703,9.96985,11.80875
649.82370,-1.47068,2.83972,57.74512,16.98407,19.08058,9.92718,11.75329
649.83370,-1.41664,2.85413,57.61844,16.99694,19.02503,9.92718,11.66929
649.84370,-1.44075,2.84831,57.57767,16.96306,19.01872,9.90995,11.68594
649.85370,-1.45865,2.84399,57.54744,16.93794,19.01403,9.89718,11.69829
649.86370,-1.44435,2.84041,57.48816,16.92928,18.97664,9.89718,11.68506
649.87370,-1.42550,2.83314,57.48254,16.94064,18.94344,9.90821,11.69025
649.88370,-1.42250,2.82801,57.59444,16.97794,18.96303,9.92718,11.72629
649.89370,-1.42476,2.84469,57.59991,17.00026,18.98626,9.90441,11.70898
649.90370,-1.41564,2.86251,57.68834,17.04494,19.04193,9.91318,11.68829
649.91370,-1.40124,2.85994,57.78844,17.06694,19.07603,9.95718,11.68829
649.92370,-1.41228,2.86365,57.79034,17.07210,19.08147,9.93817,11.69861
649.93370,-1.43738,2.87208,57.79466,17.08383,19.09381,9.89496,11.72206
649.94370,-1.42911,2.88754,57.78744,17.10594,19.10637,9.88051,11.69462
649.95370,-1.39936,2.91370,57.79342,17.15208,19.13027,9.87688,11.63420
649.96370,-1.39064,2.91005,57.83944,17.16494,19.13703,9.89718,11.64029
649.97370,-1.37166,2.91689,57.82756,17.18144,19.13043,9.90048,11.61521
649.98370,-1.34024,2.93775,57.82311,17.23461,19.12737,9.88718,11.57395
649.99370,-1.35455,2.95164,57.86244,17.27394,19.14803,9.84718,11.59329
650.00370,-1.34587,2.95214,57.87104,17.28430,19.14435,9.85245,11.58995
650.01370,-1.31961,2.95364,57.89710,17.31568,19.13318,9.86840,11.57985
650.02370,-1.29838,2.95686,57.87348,17.33294,19.10922,9.86842,11.56290
650.03370,-1.28736,2.96258,57.80124,17.33694,19.07423,9.84518,11.54489
650.04370,-1.30924,2.96215,57.88044,17.35294,19.10703,9.83718,11.58329
650.05370,-1.30924,2.96215,57.88044,17.35294,19.10703,9.83718,11.58329
650.06370,-1.30083,2.97841,57.80544,17.34094,19.11303,9.82518,11.52629
650.07370,-1.29395,2.99369,57.75861,17.34444,19.11870,9.80885,11.48662
650.08370,-1.28796,3.01468,57.77369,17.39920,19.12664,9.76916,11.47868
650.09370,-1.31426,2.97216,57.87344,17.33294,19.14803,9.84718,11.54529
650.10370,-1.32007,2.97209,57.84971,17.32874,19.13711,9.83248,11.55138
650.11370,-1.34664,2.97361,57.75744,17.30972,19.10181,9.77274,11.57318
650.12370,-1.36899,2.98197,57.74315,17.29437,19.12932,9.75157,11.56788
650.13370,-1.36961,2.99408,57.74030,17.30244,19.15011,9.74134,11.54641
650.14370,-1.31407,3.01851,57.76644,17.37294,19.15803,9.75718,11.47829
650.15370,-1.31407,3.01851,57.76644,17.37294,19.15803,9.75718,11.47829
650.16370,-1.35806,2.97372,57.61639,17.25116,19.07174,9.74996,11.54353
650.17370,-1.39647,2.95201,57.72566,17.23791,19.09889,9.76321,11.62565
650.18370,-1.40796,2.94551,57.75844,17.23394,19.10703,9.76718,11.65029
650.19370,-1.35325,2.95286,57.86212,17.31783,19.10703,9.80488,11.63238
650.20370,-1.31569,2.87804,58.09044,17.32294,19.05503,9.95718,11.75529
650.21370,-1.31569,2.87804,58.09044,17.32294,19.05503,9.95718,11.75529
650.22370,-1.34345,2.90972,58.10024,17.34253,19.12230,9.90494,11.73047
650.23370,-1.35820,2.92654,58.10544,17.35294,19.15803,9.87718,11.71729
650.24370,-1.33481,2.93303,58.19859,17.42803,19.15803,9.87718,11.73535
650.25370,-1.28340,2.93587,57.93244,17.41194,19.01403,9.83718,11.66929
650.26370,-1.27814,2.93668,57.91748,17.41114,19.00747,9.83798,11.66089
650.27370,-1.21851,2.94523,57.74845,17.40194,18.93203,9.84718,11.56730
650.28370,-1.23063,2.93626,57.78707,17.40194,18.93362,9.84922,11.60229
650.29370,-1.22707,2.93234,57.83889,17.40194,18.95625,9.87842,11.60229
650.30370,-1.22654,2.90646,57.77142,17.35392,18.89629,9.89532,11.62589
650.31370,-1.22667,2.90081,57.75244,17.34294,18.88103,9.89718,11.63129
650.32370,-1.21576,2.84763,57.84360,17.31415,18.83209,9.98354,11.71381
650.33370,-1.20812,2.86295,57.86740,17.35096,18.84904,9.96817,11.69923
650.34370,-1.20775,2.86387,57.86844,17.35294,18.85003,9.96718,11.69829
650.35370,-1.18172,2.87275,57.75425,17.35294,18.80109,9.94799,11.65223
650.36370,-1.19678,2.86186,57.79506,17.35294,18.79903,9.94718,11.69591
650.37370,-1.17650,2.85440,57.79182,17.36316,18.76788,9.96250,11.69829
650.38370,-1.15908,2.84649,57.77779,17.36244,18.73980,9.97983,11.69573
650.39370,-1.18825,2.83289,57.68844,17.25394,18.75803,10.00718,11.66929
650.40370,-1.18420,2.83302,57.66536,17.25302,18.74488,10.00258,11.66487
650.41370,-1.15203,2.83008,57.45231,17.23112,18.62637,9.96647,11.62835
650.42370,-1.18689,2.81138,57.51744,17.17494,18.67603,10.00718,11.65929
650.43370,-1.17759,2.80196,57.47398,17.19134,18.60879,9.98258,11.69127
650.44370,-1.17555,2.79989,57.46444,17.19494,18.59403,9.97718,11.69829
650.45370,-1.16250,2.79733,57.34256,17.15459,18.55203,9.97718,11.65876
650.46370,-1.12585,2.78852,57.41434,17.20367,18.52546,10.01065,11.67455
650.47370,-1.11926,2.78691,57.43344,17.21494,18.52203,10.01718,11.67929
650.48370,-1.11979,2.80345,57.44881,17.23617,18.55205,10.00254,11.65805
650.49370,-1.10605,2.81599,57.41546,17.25189,18.54712,9.98923,11.62722
650.50370,-1.10246,2.81766,57.40544,17.25394,18.54303,9.98718,11.62129
650.51370,-1.12796,2.82593,57.32097,17.22791,18.53719,9.93937,11.61651
650.52370,-1.15053,2.83325,57.24644,17.20494,18.53203,9.89718,11.61229
650.53370,-1.12596,2.83743,57.12261,17.19184,18.47831,9.88408,11.56839
650.54370,-1.11240,2.85861,57.12814,17.23324,18.49343,9.86318,11.53829
650.55370,-1.11215,2.86673,57.15844,17.25394,18.51203,9.85718,11.53529
650.56370,-1.09087,2.82946,57.11556,17.19841,18.44736,9.92045,11.54935
650.57370,-1.10751,2.79701,57.19824,17.18194,18.43403,9.95418,11.62809
650.58370,-1.11848,2.78988,57.24144,17.18494,18.44003,9.95718,11.65929
650.59370,-1.10861,2.77810,57.23229,17.17623,18.41346,9.97460,11.66800
650.60370,-1.09581,2.76282,57.22044,17.16494,18.37903,9.99718,11.67929
650.61370,-1.08650,2.76869,57.24387,17.18252,18.39075,10.00304,11.66757
650.62370,-1.11915,2.76698,57.29643,17.16603,18.43561,10.00128,11.69351
650.63370,-1.14638,2.76292,57.32144,17.14594,18.46103,9.99718,11.71729
650.64370,-1.12786,2.77784,57.28496,17.16076,18.46103,9.98958,11.67359
650.65370,-1.10047,2.80308,57.20749,17.17941,18.45753,9.97041,11.60014
650.66370,-1.12305,2.80983,57.06644,17.13594,18.43003,9.91718,11.58329
650.67370,-1.11827,2.81116,56.95826,17.10458,18.39731,9.90354,11.55283
650.68370,-1.11251,2.81277,56.82844,17.06694,18.35803,9.88718,11.51629
650.69370,-1.11730,2.79523,56.89864,17.06694,18.35803,9.91418,11.55949
650.70370,-1.12812,2.76341,56.95989,17.05330,18.33031,9.94263,11.63365
650.71370,-1.13410,2.75086,56.93044,17.03694,18.29703,9.93718,11.65929
650.72370,-1.13602,2.74759,56.94844,17.03394,18.30303,9.94618,11.66529
650.73370,-1.14029,2.74032,56.98844,17.02727,18.31637,9.96618,11.67862
650.74370,-1.12876,2.68832,57.08444,17.01694,18.25603,10.03718,11.77429
650.75370,-1.13170,2.69030,57.09092,17.01934,18.26259,10.03398,11.77501
650.76370,-1.16541,2.71303,57.16544,17.04694,18.33803,9.99718,11.78329
650.77370,-1.16501,2.71443,57.16989,17.05230,18.33894,9.99445,11.78420
650.78370,-1.17294,2.72712,57.25624,17.10594,18.37063,9.97118,11.80849
650.79370,-1.22050,2.72188,57.42344,17.10594,18.46103,9.98718,11.86929
650.80370,-1.21342,2.73181,57.37271,17.10802,18.45251,9.97055,11.84163
650.81370,-1.19089,2.76453,57.20064,17.11394,18.42203,9.91318,11.75149
650.82370,-1.20908,2.74356,57.28544,17.10594,18.43003,9.93718,11.81229
650.83370,-1.20908,2.74356,57.28544,17.10594,18.43003,9.93718,11.81229
650.84370,-1.21883,2.74787,57.31277,17.11505,18.44871,9.92807,11.82094
650.85370,-1.23047,2.75302,57.34544,17.12594,18.47103,9.91718,11.83129
650.86370,-1.23209,2.74841,57.32880,17.09685,18.47822,9.93627,11.81747
650.87370,-1.24051,2.73499,57.35244,17.10594,18.45003,9.92718,11.86929
650.88370,-1.24430,2.73774,57.33780,17.09962,18.45419,9.92158,11.86241
650.89370,-1.28651,2.76804,57.17270,17.02906,18.49835,9.85860,11.78668
650.90370,-1.26751,2.75020,57.21340,17.05561,18.45233,9.87630,11.82916
650.91370,-1.26553,2.74992,57.22611,17.05928,18.45585,9.88122,11.82975
650.92370,-1.25383,2.75690,57.34744,17.08594,18.52203,9.92718,11.81229
650.93370,-1.25383,2.75690,57.34744,17.08594,18.52203,9.92718,11.81229
650.94370,-1.27006,2.72668,57.33639,17.03162,18.49349,9.95480,11.85648
650.95370,-1.29216,2.72991,57.25291,16.97032,18.51118,9.94758,11.82382
650.96370,-1.29304,2.73015,57.24944,16.96794,18.51203,9.94718,11.82229
650.97370,-1.32804,2.74697,57.30510,16.99577,18.56097,9.89920,11.84916
650.98370,-1.33753,2.73049,57.27132,16.93136,18.56303,9.93520,11.84173
650.99370,-1.33795,2.72960,57.26944,16.92794,18.56303,9.93718,11.84129
651.00370,-1.34839,2.70981,57.38080,16.94714,18.56303,9.95638,11.91425
651.01370,-1.34883,2.70898,57.38544,16.94794,18.56303,9.95718,11.91729
651.02370,-1.35457,2.72049,57.36611,16.95794,18.57003,9.93051,11.90762
651.03370,-1.31415,2.74552,57.30332,17.00206,18.54993,9.91045,11.84088
651.04370,-1.30365,2.74592,57.29844,17.00694,18.54303,9.91718,11.83129
651.05370,-1.36812,2.76855,57.35654,17.01524,18.62769,9.85078,11.86283
651.06370,-1.35500,2.75903,57.29563,16.99583,18.58533,9.85902,11.85545
651.07370,-1.34516,2.75373,57.26844,16.98794,18.56303,9.86718,11.85029
651.08370,-1.35076,2.76427,57.30449,16.97845,18.62137,9.88615,11.81851
651.09370,-1.35697,2.77593,57.34444,16.96794,18.68603,9.90718,11.78329
651.10370,-1.34635,2.76439,57.35338,16.97874,18.65178,9.91463,11.80823
651.11370,-1.33120,2.74792,57.36614,16.99416,18.60284,9.92527,11.84387
651.12370,-1.41030,2.76078,57.38644,16.99694,18.64503,9.82718,11.91729
651.13370,-1.36534,2.76478,57.28914,17.01094,18.58063,9.82718,11.87039
651.14370,-1.36189,2.76208,57.28505,17.00614,18.57612,9.83463,11.86816
651.15370,-1.38451,2.75579,57.33877,16.99072,18.60910,9.84527,11.89369
651.16370,-1.38858,2.75466,57.34844,16.98794,18.61503,9.84718,11.89829
651.17370,-1.35693,2.80283,57.48944,17.12594,18.68603,9.81718,11.86029
651.18370,-1.38477,2.78784,57.42862,17.05541,18.68092,9.82229,11.87000
651.19370,-1.42003,2.78153,57.39353,16.99314,18.70548,9.82141,11.87351
651.20370,-1.42630,2.78743,57.41044,16.99694,18.72703,9.81718,11.86929
651.21370,-1.41788,2.78182,57.36470,16.98322,18.69818,9.82070,11.86260
651.22370,-1.40307,2.77196,57.28445,16.95914,18.64756,9.82687,11.85087
651.23370,-1.37611,2.75832,57.39644,17.02694,18.61503,9.84718,11.90729
651.24370,-1.37759,2.75053,57.39104,17.01344,18.60558,9.85618,11.91584
651.25370,-1.37941,2.74101,57.38444,16.99694,18.59403,9.86718,11.92629
651.26370,-1.37260,2.73561,57.38534,16.98389,18.59403,9.88968,11.91774
651.27370,-1.35946,2.73439,57.36238,16.99423,18.56641,9.88599,11.91575
651.28370,-1.35347,2.74111,57.33244,17.02694,18.53203,9.84718,11.92629
651.29370,-1.35347,2.74111,57.33244,17.02694,18.53203,9.84718,11.92629
651.30370,-1.36629,2.72788,57.34688,16.98114,18.55351,9.88278,11.92945
651.31370,-1.33621,2.70289,57.39244,16.98794,18.51203,9.93718,11.95529
651.32370,-1.33318,2.70255,57.35660,16.98794,18.48899,9.92438,11.95529
651.33370,-1.32673,2.70181,57.28044,16.98794,18.44003,9.89718,11.95529
651.34370,-1.33026,2.69119,57.30744,16.97794,18.44003,9.91518,11.97429
651.35370,-1.34272,2.64960,57.41504,16.94784,18.43191,9.97926,12.05603
651.36370,-1.33610,2.65286,57.41344,16.98794,18.39903,9.94718,12.07929
651.37370,-1.32237,2.64416,57.38350,16.98170,18.36493,9.95758,12.07929
651.38370,-1.26350,2.60784,57.28544,16.95994,18.23503,10.01118,12.07929
651.39370,-1.23793,2.59539,57.34944,16.96794,18.23503,10.06718,12.07929
651.40370,-1.23793,2.59539,57.34944,16.96794,18.23503,10.06718,12.07929
651.41370,-1.21220,2.58503,57.33134,16.98055,18.18526,10.08011,12.08543
651.42370,-1.15828,2.56331,57.29344,17.00694,18.08103,10.10718,12.09829
651.43370,-1.16454,2.58229,57.25058,17.04265,18.06675,10.04289,12.09829
651.44370,-1.16249,2.54064,56.99244,16.91894,17.92803,10.04718,12.09829
651.45370,-1.15550,2.53804,56.98032,16.91974,17.91333,10.04985,12.09740
651.46370,-1.08603,2.50607,56.84963,16.92018,17.75329,10.07876,12.09740
651.47370,-1.11212,2.44374,56.77044,16.82994,17.64003,10.09718,12.20329
651.48370,-1.10824,2.44233,56.76957,16.82994,17.63599,10.10185,12.20178
651.49370,-1.06313,2.42594,56.75944,16.82994,17.58903,10.15618,12.18429
651.50370,-1.06315,2.42502,56.75440,16.82854,17.58508,10.15517,12.18562
651.51370,-1.06335,2.41181,56.68240,16.80854,17.52858,10.14067,12.20462
651.52370,-1.06347,2.39862,56.61909,16.78957,17.47644,10.12938,12.22370
651.53370,-1.06250,2.38614,56.67122,16.78425,17.48229,10.16076,12.24391
651.54370,-1.06875,2.37926,56.78687,16.77994,17.53941,10.21186,12.25567
651.55370,-1.08146,2.37117,57.01007,16.85440,17.57961,10.22675,12.34931
651.56370,-1.08183,2.37049,57.01944,16.85894,17.57903,10.22618,12.35529
651.57370,-1.03260,2.40642,57.50949,17.07245,17.75210,10.31083,12.37410
651.58370,-1.02951,2.40866,57.54044,17.08594,17.76303,10.31618,12.37529
651.59370,-1.02868,2.55970,58.13251,17.47458,18.11808,10.21062,12.32923
651.60370,-0.98529,2.71763,57.95296,17.61382,18.27031,10.04394,12.02489
651.61370,-0.98348,2.72397,57.94444,17.61894,18.27603,10.03718,12.01229
651.62370,-1.01154,2.86198,57.55684,17.67531,18.32797,9.75851,11.79505
651.63370,-1.02501,3.05311,57.01449,17.70794,18.43402,9.44964,11.42289
651.64370,-1.03676,3.08796,56.86932,17.67582,18.46103,9.39718,11.33529
651.65370,-1.10616,3.24189,56.93484,17.82186,18.74102,9.19107,11.18089
651.66370,-1.12970,3.29659,56.96044,17.87594,18.84003,9.11818,11.12629
651.67370,-1.17641,3.43598,56.88625,17.96290,19.05303,8.93470,10.93562
651.68370,-1.26145,3.60338,56.98009,18.09096,19.40439,8.73909,10.74565
651.69370,-1.27659,3.63068,57.00344,18.11294,19.46603,8.70818,10.71629
651.70370,-1.32528,3.73033,56.85766,18.10466,19.62672,8.58394,10.54235
651.71370,-1.33540,3.75106,56.82744,18.10294,19.66003,8.55818,10.50629
651.72370,-1.33655,3.75819,56.89774,18.11868,19.70882,8.57392,10.49632
651.73370,-1.37329,3.78212,57.09208,18.14004,19.87657,8.59528,10.48019
651.74370,-1.38783,3.78923,57.14544,18.14294,19.92703,8.59818,10.47729
651.75370,-1.34277,3.77944,57.35894,18.25354,19.93403,8.64718,10.52419
651.76370,-1.32103,3.76860,57.69265,18.34368,20.03863,8.74252,10.56783
651.77370,-1.31948,3.76453,57.84144,18.36994,20.10103,8.78818,10.58229
651.78370,-1.31962,3.76371,57.85398,18.36424,20.11300,8.79958,10.57716
651.79370,-1.30356,3.74395,57.76844,18.33115,20.03912,8.81394,10.58423
651.80370,-1.29161,3.72980,57.69844,18.30994,19.97803,8.81818,10.59229
651.81370,-1.30833,3.71543,57.68871,18.28308,19.96207,8.81818,10.62537
651.82370,-1.33458,3.69287,57.67344,18.24094,19.93703,8.81818,10.67729
651.83370,-1.32401,3.67900,57.74026,18.25912,19.92794,8.84545,10.70774
651.84370,-1.31263,3.65328,57.87943,18.28614,19.92769,8.89897,10.76664
651.85370,-1.31543,3.63354,58.00768,18.29744,19.95085,8.94417,10.81522
651.86370,-1.31629,3.62744,58.04744,18.30094,19.95803,8.95818,10.83029
651.87370,-1.34466,3.65013,58.14399,18.35646,20.02401,8.90990,10.85362
651.88370,-1.34111,3.69364,58.25791,18.47618,20.09066,8.84838,10.84269
651.89370,-1.33898,3.70141,58.27644,18.49794,20.10103,8.83818,10.83929
651.90370,-1.40316,3.71742,58.24944,18.44894,20.17303,8.78818,10.83929
651.91370,-1.40102,3.71787,58.25819,18.45590,20.17303,8.78818,10.84107
651.92370,-1.38618,3.72193,58.29752,18.49612,20.16926,8.78634,10.84579
651.93370,-1.33647,3.74133,58.28844,18.57694,20.13203,8.76818,10.81129
651.94370,-1.32752,3.72715,58.38277,18.60327,20.13203,8.79818,10.84929
651.95370,-1.32837,3.71601,58.60376,18.66941,20.18387,8.83462,10.91586
651.96370,-1.36511,3.74961,58.66744,18.69594,20.28603,8.78818,10.89729
651.97370,-1.36511,3.74961,58.66744,18.69594,20.28603,8.78818,10.89729
651.98370,-1.28712,3.76763,58.92544,18.87294,20.32703,8.83818,10.88729
651.99370,-1.28404,3.77739,58.87824,18.87694,20.31683,8.81618,10.86829
652.00370,-1.26255,3.82999,58.70064,18.91654,20.29443,8.72218,10.76749
652.01370,-1.22620,3.88358,58.74544,19.01094,20.36803,8.69818,10.66829
652.02370,-1.22620,3.88358,58.74544,19.01094,20.36803,8.69818,10.66829
652.03370,-1.20068,3.97655,58.93141,19.16629,20.57765,8.66528,10.52219
652.04370,-1.18716,4.02560,59.01420,19.27221,20.65453,8.61689,10.47058
652.05370,-1.17069,4.07382,59.07892,19.37198,20.72347,8.57018,10.41329
652.06370,-1.10527,4.17819,59.06144,19.54494,20.80903,8.47818,10.22929
652.07370,-1.10527,4.17819,59.06144,19.54494,20.80903,8.47818,10.22929
652.08370,-1.11141,4.25119,58.84512,19.56098,20.83358,8.35116,10.09941
652.09370,-1.11052,4.30339,58.82144,19.63294,20.88003,8.26918,10.03929
652.10370,-1.10416,4.30482,58.84184,19.64326,20.88747,8.27718,10.03393
652.11370,-1.03133,4.32128,59.07644,19.76194,20.97303,8.36918,9.97229
652.12370,-1.02738,4.32616,59.08246,19.77230,20.97947,8.36708,9.96361
652.13370,-0.97420,4.39252,59.16991,19.91591,21.06839,8.33778,9.84782
652.14370,-0.96369,4.41539,59.27657,20.00125,21.11639,8.31778,9.84115
652.15370,-0.95917,4.42520,59.32244,20.03794,21.13703,8.30918,9.83829
652.16370,-0.87778,4.46971,59.61899,20.26321,21.23398,8.33769,9.78411
652.17370,-0.86426,4.51899,59.70474,20.36899,21.31693,8.29168,9.72714
652.18370,-0.86377,4.52146,59.70844,20.37394,21.32103,8.28918,9.72429
652.19370,-0.82259,4.51794,60.02115,20.50511,21.39897,8.36522,9.75185
652.20370,-0.82046,4.51776,60.03744,20.51194,21.40303,8.36918,9.75329
652.21370,-0.79265,4.54593,60.07954,20.56538,21.45323,8.37458,9.68635
652.22370,-0.76055,4.56416,60.11467,20.61094,21.48030,8.39050,9.63293
652.23370,-0.72508,4.53988,60.11144,20.61094,21.41403,8.43818,9.64829
652.24370,-0.72300,4.55837,60.02724,20.60894,21.40583,8.40238,9.61009
652.25370,-0.71826,4.62908,59.68458,20.58700,21.37303,8.26524,9.45931
652.26370,-0.73273,4.61425,59.66144,20.53194,21.37303,8.28918,9.46729
652.27370,-0.73004,4.61636,59.59664,20.50434,21.36063,8.28918,9.44249
652.28370,-0.71007,4.61452,59.38153,20.40508,21.30399,8.31191,9.36056
652.29370,-0.67905,4.57952,59.53144,20.44294,21.28003,8.38918,9.41929
652.30370,-0.67837,4.56951,59.59112,20.44294,21.29571,8.41902,9.43345
652.31370,-0.67771,4.55976,59.64944,20.44294,21.31103,8.44818,9.44729
652.32370,-0.65635,4.55396,59.61745,20.43367,21.28276,8.47136,9.42967
652.33370,-0.63579,4.55155,59.64847,20.44102,21.29079,8.50737,9.40929
652.34370,-0.64520,4.56124,59.80244,20.48194,21.38303,8.52818,9.40929
652.35370,-0.63108,4.58692,59.82024,20.55028,21.39452,8.48798,9.38746
652.36370,-0.60850,4.61000,59.77644,20.60670,21.36791,8.44148,9.36035
652.37370,-0.59954,4.61300,59.73444,20.61094,21.34203,8.42918,9.35229
652.38370,-0.60071,4.62885,59.71430,20.60714,21.37319,8.42158,9.31239
652.39370,-0.60262,4.65473,59.68144,20.60094,21.42403,8.40918,9.24729
652.40370,-0.60056,4.67882,59.46598,20.55487,21.38122,8.35334,9.17655
652.41370,-0.62312,4.73049,59.11816,20.49274,21.33203,8.21558,9.07781
652.42370,-0.65250,4.75850,59.00044,20.48194,21.33203,8.12918,9.05729
652.43370,-0.62253,4.76436,59.00412,20.51230,21.31946,8.14145,9.03091
652.44370,-0.55739,4.77711,59.01212,20.57830,21.29213,8.16811,8.97358
652.45370,-0.59207,4.78942,58.76944,20.53194,21.19803,8.04918,8.99029
652.46370,-0.58846,4.78376,58.78592,20.52548,21.20159,8.06857,8.99029
652.47370,-0.58089,4.77190,58.82044,20.51194,21.20903,8.10918,8.99029
652.48370,-0.57816,4.77504,58.85820,20.53722,21.21863,8.10598,8.99637
652.49370,-0.57542,4.78753,58.94696,20.59868,21.25245,8.09144,9.00438
652.50370,-0.58417,4.80434,58.97144,20.62094,21.29103,8.06918,8.99029
652.51370,-0.57803,4.79982,58.94561,20.61254,21.26940,8.07338,8.99029
652.52370,-0.56149,4.78336,58.85842,20.58510,21.19240,8.08086,9.00006
652.53370,-0.58675,4.78548,58.89644,20.60094,21.20903,8.04918,9.03729
652.54370,-0.57752,4.78128,58.88771,20.60094,21.19198,8.05750,9.03729
652.55370,-0.54229,4.76527,58.85444,20.60094,21.12703,8.08918,9.03729
652.56370,-0.54312,4.76557,58.85048,20.59789,21.12805,8.08918,9.03536
652.57370,-0.54744,4.76715,58.82962,20.58185,21.13340,8.08918,9.02520
652.58370,-0.58972,4.75376,58.78344,20.53194,21.11603,8.05918,9.07629
652.59370,-0.58827,4.74966,58.76704,20.52194,21.10383,8.06318,9.07809
652.60370,-0.57922,4.72838,58.69509,20.47263,21.04741,8.08976,9.08529
652.61370,-0.56313,4.70421,58.66334,20.42607,21.00932,8.14267,9.08529
652.62370,-0.55202,4.68751,58.64144,20.39394,20.98303,8.17918,9.08529
652.63370,-0.55970,4.68655,58.68959,20.41599,20.99248,8.17018,9.11094
652.64370,-0.56907,4.68538,58.74844,20.44294,21.00403,8.15918,9.14229
652.65370,-0.56072,4.65541,58.81822,20.42482,20.99406,8.22262,9.17672
652.66370,-0.64754,4.64489,58.78444,20.34394,21.02403,8.16918,9.24729
652.67370,-0.64754,4.64489,58.78444,20.34394,21.02403,8.16918,9.24729
652.68370,-0.56639,4.64776,58.63624,20.32494,20.94613,8.22618,9.13899
652.69370,-0.57493,4.64958,58.62234,20.32902,20.93695,8.20378,9.15259
652.70370,-0.58734,4.65120,58.61644,20.33394,20.93203,8.17918,9.17129
652.71370,-0.63764,4.63182,58.34935,20.17426,20.85409,8.14116,9.17984
652.72370,-0.64027,4.63081,58.33544,20.16594,20.85003,8.13918,9.18029
652.73370,-0.56435,4.60909,58.34216,20.23311,20.73200,8.17756,9.19948
652.74370,-0.63195,4.58579,58.38385,20.18888,20.74586,8.15094,9.29817
652.75370,-0.63638,4.58439,58.38644,20.18594,20.74703,8.14918,9.30429
652.76370,-0.58497,4.58924,58.37817,20.23471,20.70488,8.16571,9.27288
652.77370,-0.61106,4.57684,58.58024,20.26959,20.77986,8.19383,9.33696
652.78370,-0.61902,4.57395,58.62444,20.27494,20.79803,8.19918,9.35229
652.79370,-0.65800,4.58182,58.63182,20.28314,20.81525,8.14178,9.39165
652.80370,-0.66656,4.58355,58.63344,20.28494,20.81903,8.12918,9.40029
652.81370,-0.67695,4.58164,58.61878,20.25290,20.83587,8.14004,9.38997
652.82370,-0.69082,4.57863,58.44331,20.17055,20.78753,8.11869,9.36655
652.83370,-0.69580,4.57728,58.28544,20.11694,20.72703,8.08918,9.35229
652.84370,-0.69409,4.56849,58.16594,20.05438,20.68345,8.09621,9.33190
652.85370,-0.69976,4.50974,58.20623,20.01477,20.60127,8.14769,9.44249
652.86370,-0.70258,4.48542,58.24644,20.00894,20.57303,8.16918,9.49529
652.87370,-0.70106,4.43715,58.20024,19.93964,20.48693,8.21818,9.55549
652.88370,-0.70040,4.41644,58.18044,19.90994,20.45003,8.23918,9.58129
652.89370,-0.69903,4.38058,58.27504,19.90359,20.43035,8.29315,9.64795
652.90370,-0.71296,4.26738,58.54912,19.85061,20.38233,8.45991,9.85627
652.91370,-0.72565,4.23990,58.60244,19.82094,20.37803,8.49818,9.90529
652.92370,-0.73861,4.22775,58.55573,19.80292,20.33279,8.47611,9.94391
652.93370,-0.77845,4.15311,58.45243,19.66046,20.21310,8.51488,10.06398
652.94370,-0.79522,4.10177,58.43044,19.55394,20.17303,8.58818,10.11529
652.95370,-0.79212,4.09058,58.33912,19.52957,20.10670,8.57275,10.13010
652.96370,-0.78674,4.07122,58.18167,19.48755,19.99234,8.54616,10.15563
652.97370,-0.78512,4.06539,58.13444,19.47494,19.95803,8.53818,10.16329
652.98370,-0.84073,3.96672,58.09723,19.31562,19.84069,8.60496,10.33596
652.99370,-0.79228,3.92210,58.13061,19.28893,19.77610,8.71273,10.35284
653.00370,-0.78962,3.92002,58.13244,19.28794,19.77303,8.71818,10.35329
653.01370,-0.80722,3.84812,58.16377,19.21293,19.68568,8.78464,10.48052
653.02370,-0.84785,3.82274,58.17444,19.13994,19.70103,8.80818,10.52529
653.03370,-0.84804,3.82326,58.12836,19.14634,19.66519,8.77938,10.53745
653.04370,-0.84846,3.82436,58.03044,19.15994,19.58903,8.71818,10.56329
653.05370,-0.84764,3.80379,57.96150,19.10178,19.54885,8.74432,10.56655
653.06370,-0.82670,3.74847,57.79928,18.96914,19.43307,8.82698,10.57009
653.07370,-0.78576,3.72132,57.75644,18.94194,19.36303,8.88818,10.56329
653.08370,-0.78576,3.72132,57.75644,18.94194,19.36303,8.88818,10.56329
653.09370,-0.81740,3.66466,57.76888,18.85482,19.31486,8.93908,10.66012
653.10370,-0.80423,3.59771,57.66844,18.73494,19.19903,9.02818,10.70629
653.11370,-0.79457,3.58748,57.69517,18.73890,19.18676,9.04996,10.71955
653.12370,-0.75553,3.54612,57.80344,18.75494,19.13703,9.13818,10.77329
653.13370,-0.75553,3.54612,57.80344,18.75494,19.13703,9.13818,10.77329
653.14370,-0.74166,3.52869,57.78460,18.72668,19.10878,9.17585,10.77329
653.15370,-0.77256,3.48635,57.79044,18.63594,19.09603,9.22818,10.83029
653.16370,-0.77249,3.48284,57.78711,18.62968,19.09120,9.23293,10.83330
653.17370,-0.76759,3.44080,57.75035,18.55977,19.03065,9.29164,10.86829
653.18370,-0.71468,3.42629,57.77544,18.59694,18.97303,9.33718,10.86829
653.19370,-0.71604,3.42386,57.78255,18.59452,18.97392,9.34122,10.87289
653.20370,-0.73155,3.39625,57.86344,18.56694,18.98403,9.38718,10.92529
653.21370,-0.73185,3.39406,57.86093,18.56107,18.98271,9.39144,10.92571
653.22370,-0.73564,3.36665,57.82955,18.48766,18.96622,9.44463,10.93103
653.23370,-0.76385,3.31504,57.96982,18.43663,18.97688,9.52564,11.03067
653.24370,-0.77138,3.30617,58.01944,18.43894,18.98403,9.53718,11.05929
653.25370,-0.71043,3.31746,58.23591,18.55000,19.04145,9.61247,11.03199
653.26370,-0.71067,3.27401,58.26260,18.53908,18.95855,9.63598,11.12899
653.27370,-0.71092,3.27119,58.26344,18.53794,18.95303,9.63718,11.13529
653.28370,-0.70798,3.29618,58.37625,18.58798,19.03955,9.64566,11.10305
653.29370,-0.70745,3.30064,58.39644,18.59694,19.05503,9.64718,11.09729
653.30370,-0.69563,3.32697,58.31151,18.60952,19.05503,9.60943,11.03752
653.31370,-0.70206,3.35794,58.26997,18.64792,19.06895,9.54228,11.01082
653.32370,-0.71852,3.37684,58.28044,18.68594,19.08603,9.48718,11.02129
653.33370,-0.69647,3.39374,58.22971,18.71387,19.06836,9.46438,10.98310
653.34370,-0.71605,3.42501,58.24502,18.73494,19.13711,9.42438,10.94859
653.35370,-0.74334,3.43895,58.28544,18.73494,19.19903,9.40718,10.94429
653.36370,-0.78820,3.51969,58.46744,18.85954,19.39993,9.30988,10.89809
653.37370,-0.80734,3.55414,58.54544,18.91294,19.48603,9.26818,10.87829
653.38370,-0.80734,3.55414,58.54544,18.91294,19.48603,9.26818,10.87829
653.39370,-0.84461,3.71160,58.85989,19.19414,19.81758,9.08768,10.76049
653.40370,-0.87003,3.92822,58.98044,19.38694,20.26503,8.91818,10.41029
653.41370,-0.87234,3.94686,58.99803,19.41494,20.29710,8.89548,10.39052
653.42370,-0.89712,4.18242,59.15623,19.73715,20.69256,8.61532,10.11119
653.43370,-0.90485,4.34513,59.12744,19.88994,20.94203,8.43818,9.85729
653.44370,-0.89637,4.42068,59.07021,19.95490,21.03329,8.35737,9.72466
653.45370,-0.88289,4.54081,58.97944,20.05794,21.17803,8.22918,9.51429
653.46370,-0.87837,4.61890,59.07434,20.18982,21.31482,8.14898,9.42072
653.47370,-0.88969,4.77910,59.39396,20.45382,21.69271,8.02278,9.22465
653.48370,-0.91107,4.85916,59.65044,20.58094,21.95703,7.98918,9.12329
653.49370,-0.91379,4.89619,59.72993,20.64753,22.04415,7.95691,9.08134
653.50370,-0.91995,4.97999,59.91060,20.79886,22.24215,7.88358,8.98601
653.51370,-0.83336,5.08943,60.43244,21.16394,22.54203,7.88918,8.83729
653.52370,-0.84087,5.14759,60.52553,21.24992,22.67779,7.83746,8.76036
653.53370,-0.85821,5.30854,60.75839,21.47548,23.05014,7.69948,8.53329
653.54370,-0.86165,5.38908,60.83544,21.56794,23.22903,7.63918,8.39929
653.55370,-0.86719,5.41519,60.83823,21.59135,23.27736,7.60933,8.36020
653.56370,-0.88450,5.49678,60.84696,21.66450,23.42836,7.51604,8.23805
