time_s,cop_x_cm,cop_y_cm,mass_kg,tr_kg,tl_kg,br_kg,bl_kg
728.77060,-1.14385,-0.58786,62.89944,15.11694,14.71103,14.67118,18.40029
728.78060,-1.08773,-0.57427,62.60144,15.12694,14.59703,14.60118,18.27629
728.79060,-1.10286,-0.57279,62.59056,15.11430,14.60855,14.58678,18.28093
728.80060,-1.16597,-0.56664,62.54523,15.06163,14.65655,14.52678,18.30026
728.81060,-1.18145,-0.56759,62.45859,15.01392,14.66053,14.51118,18.27296
728.82060,-1.18129,-0.56803,62.44544,15.00794,14.65903,14.51118,18.26729
728.83060,-1.17291,-0.56850,62.38861,15.01794,14.62076,14.48638,18.26353
728.84060,-1.17987,-0.57827,62.48344,15.01794,14.63903,14.52118,18.30529
728.85060,-1.17987,-0.57827,62.48344,15.01794,14.63903,14.52118,18.30529
728.86060,-1.19894,-0.57771,62.44620,15.00180,14.63903,14.49221,18.31315
728.87060,-1.22599,-0.57691,62.39344,14.97894,14.63903,14.45118,18.32429
728.88060,-1.18686,-0.56941,62.51822,15.02174,14.67603,14.52373,18.29672
728.89060,-1.21181,-0.55804,62.62344,15.05794,14.72103,14.50118,18.34329
728.90060,-1.21181,-0.55804,62.62344,15.05794,14.72103,14.50118,18.34329
728.91060,-1.14066,-0.51304,62.69544,15.19494,14.74203,14.50118,18.25729
728.92060,-1.17567,-0.54122,62.59676,15.09097,14.72150,14.50780,18.27649
728.93060,-1.19357,-0.55563,62.54644,15.03794,14.71103,14.51118,18.28629
728.94060,-1.16859,-0.56839,62.41681,15.00401,14.64839,14.51988,18.24453
728.95060,-1.16485,-0.57030,62.39744,14.99894,14.63903,14.52118,18.23829
728.96060,-1.17235,-0.60329,62.34032,14.93796,14.58268,14.54434,18.27534
728.97060,-1.20554,-0.63780,62.44421,14.89685,14.57847,14.58670,18.38219
728.98060,-1.22683,-0.65480,62.52744,14.88094,14.58703,14.61118,18.44829
728.99060,-1.19066,-0.66441,62.52178,14.86678,14.57217,14.67489,18.40794
729.00060,-1.15992,-0.66487,62.50626,14.88178,14.54860,14.69693,18.37895
729.01060,-1.13855,-0.66014,62.48844,14.90994,14.52503,14.69118,18.36229
729.02060,-1.12999,-0.66726,62.55462,14.92959,14.51701,14.71524,18.39277
729.03060,-1.11860,-0.67673,62.64285,14.95580,14.50632,14.74733,18.43341
729.04060,-1.13688,-0.69647,62.53171,14.89975,14.45594,14.72428,18.45174
729.05060,-1.14830,-0.70321,62.45874,14.87094,14.43203,14.70205,18.45372
729.06060,-1.15048,-0.70042,62.44244,14.87094,14.43203,14.69118,18.44829
729.07060,-1.15048,-0.70042,62.44244,14.87094,14.43203,14.69118,18.44829
729.08060,-1.15550,-0.70269,62.48685,14.86542,14.45217,14.71049,18.45877
729.09060,-1.14528,-0.70033,62.58321,14.88498,14.48431,14.75131,18.46261
729.10060,-1.12631,-0.69410,62.62878,14.93792,14.46985,14.74738,18.47363
729.11060,-1.12939,-0.69552,62.66944,14.94894,14.47403,14.75118,18.49529
729.12060,-1.15200,-0.71484,62.55784,14.87578,14.44179,14.73878,18.50149
729.13060,-1.16317,-0.71593,62.53222,14.86752,14.43505,14.71878,18.51087
729.14060,-1.16150,-0.70933,62.55844,14.88994,14.44303,14.71118,18.51429
729.15060,-1.13077,-0.73497,62.53214,14.87178,14.37853,14.76128,18.52055
729.16060,-1.11241,-0.75029,62.51644,14.86094,14.34003,14.79118,18.52429
729.17060,-1.11460,-0.74657,62.54940,14.87662,14.34995,14.78798,18.53485
729.18060,-1.14712,-0.73023,62.67915,14.91898,14.41313,14.76008,18.58696
729.19060,-1.18311,-0.73556,62.60544,14.85094,14.43203,14.74118,18.58129
729.20060,-1.16144,-0.73897,62.57094,14.85094,14.40653,14.75618,18.55729
729.21060,-1.15572,-0.76903,62.53495,14.79252,14.36569,14.80583,18.57091
729.22060,-1.17201,-0.79620,62.53344,14.73294,14.35003,14.84118,18.60929
729.23060,-1.17226,-0.80047,62.49194,14.73794,14.31403,14.81618,18.62379
729.24060,-1.17252,-0.80475,62.45044,14.74294,14.27803,14.79118,18.63829
729.25060,-1.17751,-0.80821,62.49021,14.74294,14.28703,14.80279,18.65745
729.26060,-1.18567,-0.81902,62.59314,14.74536,14.30273,14.83724,18.70780
729.27060,-1.15664,-0.83624,62.63444,14.76294,14.25703,14.88118,18.73329
729.28060,-1.16126,-0.83525,62.61308,14.75574,14.25703,14.87158,18.72873
729.29060,-1.18262,-0.83077,62.59632,14.73054,14.28679,14.85798,18.72101
729.30060,-1.20370,-0.82642,62.75744,14.72294,14.38103,14.91118,18.74229
729.31060,-1.19733,-0.82555,62.74432,14.73238,14.36791,14.90478,18.73925
729.32060,-1.17074,-0.82191,62.68965,14.77171,14.31325,14.87811,18.72658
729.33060,-1.14670,-0.82281,62.68644,14.78194,14.29903,14.90118,18.70429
729.34060,-1.16089,-0.83042,62.64744,14.74294,14.29903,14.90118,18.70429
729.35060,-1.15807,-0.84085,62.57544,14.72294,14.25703,14.89118,18.70429
729.36060,-1.16931,-0.84898,62.58372,14.70000,14.26149,14.90180,18.72043
729.37060,-1.21205,-0.87758,62.64972,14.62366,14.28979,14.94750,18.78876
729.38060,-1.21969,-0.86705,62.89344,14.68394,14.37103,14.99118,18.84729
729.39060,-1.21969,-0.86705,62.89344,14.68394,14.37103,14.99118,18.84729
729.40060,-1.23195,-0.84695,62.79829,14.68964,14.37673,14.92281,18.80911
729.41060,-1.24123,-0.83174,62.72644,14.69394,14.38103,14.87118,18.78029
729.42060,-1.24275,-0.81821,62.53081,14.70160,14.31979,14.76911,18.74031
729.43060,-1.25841,-0.79122,62.43744,14.73294,14.31903,14.67118,18.71429
729.44060,-1.25841,-0.79122,62.43744,14.73294,14.31903,14.67118,18.71429
729.45060,-1.23606,-0.80479,62.39279,14.66452,14.32954,14.75079,18.64794
729.46060,-1.26733,-0.78804,62.52809,14.72236,14.38052,14.71157,18.71363
729.47060,-1.26832,-0.79297,62.52905,14.71406,14.37576,14.71890,18.72034
729.48060,-1.27290,-0.82747,62.52644,14.65394,14.34003,14.77118,18.76129
729.49060,-1.27642,-0.82851,62.53282,14.65185,14.34223,14.77118,18.76756
729.50060,-1.30186,-0.83499,62.59232,14.63926,14.36461,14.77500,18.81345
729.51060,-1.27401,-0.81763,62.66400,14.67857,14.40623,14.80968,18.76952
729.52060,-1.25677,-0.80689,62.70844,14.70294,14.43203,14.83118,18.74229
729.53060,-1.31064,-0.78767,62.74804,14.71284,14.49342,14.76187,18.77991
729.54060,-1.28879,-0.77616,62.67944,14.75294,14.45303,14.72118,18.75229
729.55060,-1.28879,-0.77616,62.67944,14.75294,14.45303,14.72118,18.75229
729.56060,-1.26701,-0.78685,62.69744,14.76294,14.42203,14.75118,18.76129
729.57060,-1.26701,-0.78685,62.69744,14.76294,14.42203,14.75118,18.76129
729.58060,-1.30936,-0.80866,62.76476,14.70354,14.45272,14.78088,18.82762
729.59060,-1.33837,-0.80647,62.55744,14.64394,14.42203,14.70118,18.79029
729.60060,-1.33837,-0.80647,62.55744,14.64394,14.42203,14.70118,18.79029
729.61060,-1.33149,-0.80486,62.73881,14.68354,14.47114,14.75662,18.82751
729.62060,-1.32969,-0.80444,62.78644,14.69394,14.48403,14.77118,18.83729
729.63060,-1.33855,-0.80688,62.63249,14.66842,14.43130,14.71164,18.82113
729.64060,-1.34218,-0.77565,62.58863,14.70250,14.46257,14.65175,18.77182
729.65060,-1.34220,-0.77529,62.58844,14.70294,14.46303,14.65118,18.77129
729.66060,-1.29318,-0.76447,62.72538,14.77864,14.48090,14.71072,18.75513
729.67060,-1.29672,-0.73669,62.78685,14.81804,14.54667,14.69508,18.72706
729.68060,-1.29854,-0.73283,62.79244,14.82194,14.55603,14.69118,18.72329
729.69060,-1.31627,-0.72308,62.81053,14.82194,14.59135,14.67395,18.72329
729.70060,-1.30847,-0.71592,62.78054,14.82194,14.59703,14.67118,18.69039
729.71060,-1.31087,-0.70467,62.68044,14.83144,14.57153,14.61118,18.66629
729.72060,-1.33882,-0.69936,62.55489,14.82041,14.53825,14.52287,18.67337
729.73060,-1.34613,-0.70012,62.53444,14.81194,14.53503,14.51118,18.67629
729.74060,-1.37059,-0.71273,62.56404,14.76828,14.55797,14.53338,18.70441
729.75060,-1.38254,-0.72338,62.57641,14.75688,14.54596,14.53331,18.74027
729.76060,-1.38708,-0.73178,62.57907,14.76220,14.51883,14.52267,18.77537
729.77060,-1.38772,-0.73295,62.57944,14.76294,14.51503,14.52118,18.78029
729.78060,-1.41994,-0.72995,62.66047,14.71938,14.60478,14.55603,18.78029
729.79060,-1.41753,-0.75229,62.60744,14.70294,14.53503,14.55118,18.81829
729.80060,-1.41753,-0.75229,62.60744,14.70294,14.53503,14.55118,18.81829
729.81060,-1.44431,-0.72893,62.69044,14.72294,14.61803,14.53118,18.81829
729.82060,-1.44431,-0.72893,62.69044,14.72294,14.61803,14.53118,18.81829
729.83060,-1.43063,-0.74510,62.58683,14.71812,14.52997,14.50743,18.83131
729.84060,-1.41573,-0.77360,62.51844,14.64394,14.49403,14.57118,18.80929
729.85060,-1.45207,-0.76378,62.54686,14.65374,14.52441,14.52218,18.84653
729.86060,-1.48031,-0.75756,62.54685,14.66394,14.53129,14.47118,18.88044
729.87060,-1.46301,-0.76961,62.53483,14.65154,14.50503,14.50297,18.87529
729.88060,-1.44808,-0.78588,62.57523,14.62571,14.50503,14.56919,18.87529
729.89060,-1.53883,-0.79431,62.58244,14.57594,14.53503,14.49118,18.98029
729.90060,-1.54473,-0.79522,62.63345,14.56584,14.56635,14.51643,18.98483
729.91060,-1.54978,-0.79843,62.65135,14.56573,14.56596,14.51754,19.00212
729.92060,-1.54836,-0.80297,62.58844,14.58494,14.50503,14.47118,19.02729
729.93060,-1.52544,-0.80034,62.60472,14.59974,14.50503,14.49708,19.00287
729.94060,-1.48644,-0.79586,62.63244,14.62494,14.50503,14.54118,18.96129
729.95060,-1.49362,-0.78347,62.65316,14.65750,14.51613,14.50788,18.97165
729.96060,-1.51354,-0.75689,62.64959,14.70221,14.54280,14.43268,18.97190
729.97060,-1.52669,-0.74748,62.58344,14.68394,14.55603,14.40118,18.94229
729.98060,-1.52669,-0.74748,62.58344,14.68394,14.55603,14.40118,18.94229
729.99060,-1.51030,-0.76260,62.60421,14.65730,14.55085,14.46118,18.93488
730.00060,-1.54254,-0.78465,62.54955,14.58530,14.53685,14.46118,18.96621
730.01060,-1.54861,-0.78661,62.54294,14.57346,14.54023,14.46118,18.96806
730.02060,-1.55365,-0.78999,62.53031,14.55646,14.54210,14.46505,18.96671
730.03060,-1.55092,-0.81561,62.47144,14.51694,14.48403,14.48118,18.98929
730.04060,-1.55092,-0.81561,62.47144,14.51694,14.48403,14.48118,18.98929
730.05060,-1.57524,-0.79885,62.60906,14.56545,14.54542,14.46138,19.03681
730.06060,-1.57548,-0.79869,62.61044,14.56594,14.54603,14.46118,19.03729
730.07060,-1.55417,-0.81740,62.65640,14.60925,14.47267,14.47002,19.10447
730.08060,-1.57612,-0.79945,62.69704,14.59517,14.55498,14.47118,19.07572
730.09060,-1.57222,-0.79968,62.68437,14.59494,14.54867,14.47118,19.06958
730.10060,-1.54113,-0.80317,62.58744,14.59494,14.49403,14.47118,19.02729
730.11060,-1.54295,-0.80356,62.60460,14.59247,14.50339,14.47898,19.02976
730.12060,-1.55570,-0.80654,62.71294,14.57594,14.56208,14.52736,19.04756
730.13060,-1.55952,-0.80886,62.66844,14.57594,14.53503,14.50118,19.05629
730.14060,-1.55661,-0.80600,62.64371,14.57594,14.53140,14.49391,19.04247
730.15060,-1.53689,-0.78596,62.46430,14.57387,14.50503,14.44118,18.94422
730.16060,-1.54761,-0.79160,62.46324,14.55791,14.50503,14.44118,18.95912
730.17060,-1.55565,-0.79583,62.46244,14.54594,14.50503,14.44118,18.97029
730.18060,-1.56292,-0.80511,62.43054,14.52065,14.49009,14.44118,18.97862
730.19060,-1.58099,-0.82815,62.35144,14.45794,14.45303,14.44118,18.99929
730.20060,-1.55969,-0.82103,62.38844,14.49457,14.45303,14.45239,18.98845
730.21060,-1.51722,-0.80234,62.43865,14.56468,14.45740,14.46681,18.94976
730.22060,-1.50841,-0.79359,62.42344,14.57594,14.46303,14.46118,18.92329
730.23060,-1.51354,-0.77826,62.45501,14.62370,14.47194,14.42070,18.93867
730.24060,-1.48650,-0.76278,62.67344,14.68394,14.55603,14.50118,18.93229
730.25060,-1.48650,-0.76278,62.67344,14.68394,14.55603,14.50118,18.93229
730.26060,-1.53314,-0.75842,62.61414,14.64121,14.58307,14.44885,18.94101
730.27060,-1.53999,-0.75778,62.60544,14.63494,14.58703,14.44118,18.94229
730.28060,-1.54002,-0.76060,62.59593,14.63197,14.57782,14.43969,18.94645
730.29060,-1.52184,-0.78039,62.67390,14.64380,14.54797,14.49038,18.99175
730.30060,-1.51542,-0.78165,62.72044,14.65394,14.55603,14.51118,18.99929
730.31060,-1.51412,-0.76207,62.60500,14.65394,14.55603,14.45938,18.93565
730.32060,-1.50404,-0.76104,62.63097,14.66141,14.56351,14.47855,18.92749
730.33060,-1.50080,-0.76302,62.65344,14.66394,14.56603,14.49118,18.93229
730.34060,-1.43861,-0.74400,62.63346,14.73720,14.53569,14.49858,18.86199
730.35060,-1.41675,-0.73732,62.62644,14.76294,14.52503,14.50118,18.83729
730.36060,-1.43350,-0.74162,62.62520,14.75674,14.51883,14.48258,18.86705
730.37060,-1.43569,-0.73095,62.54632,14.75294,14.51503,14.44638,18.83197
730.38060,-1.43074,-0.72278,62.49844,14.75294,14.51503,14.43118,18.79929
730.39060,-1.45456,-0.71936,62.49289,14.73446,14.54030,14.41270,18.80545
730.40060,-1.47535,-0.73006,62.45596,14.71054,14.51759,14.38940,18.83843
730.41060,-1.47899,-0.73793,62.43544,14.70294,14.49403,14.38218,18.85629
730.42060,-1.46956,-0.73482,62.49806,14.71534,14.51945,14.41256,18.85071
730.43060,-1.46380,-0.73291,62.53644,14.72294,14.53503,14.43118,18.84729
730.44060,-1.45033,-0.73898,62.65424,14.73534,14.56107,14.49318,18.86465
730.45060,-1.42378,-0.73689,62.86871,14.80273,14.59973,14.56439,18.90186
730.46060,-1.40906,-0.73223,62.98344,14.85094,14.61803,14.59118,18.92329
730.47060,-1.40526,-0.72699,62.91761,14.87024,14.58240,14.54663,18.91834
730.48060,-1.39579,-0.72975,62.79144,14.86044,14.52553,14.51118,18.89429
730.49060,-1.39020,-0.73789,62.73244,14.83094,14.50503,14.52118,18.87529
730.50060,-1.39020,-0.73789,62.73244,14.83094,14.50503,14.52118,18.87529
730.51060,-1.40451,-0.73087,62.58644,14.78194,14.50503,14.48118,18.81829
730.52060,-1.41820,-0.72497,62.60844,14.77244,14.54103,14.48118,18.81379
730.53060,-1.42343,-0.73251,62.65168,14.74524,14.56774,14.52100,18.81769
730.54060,-1.41281,-0.74944,62.67844,14.72294,14.55603,14.57118,18.82829
730.55060,-1.42574,-0.75100,62.65513,14.71554,14.54826,14.54898,18.84235
730.56060,-1.44763,-0.75902,62.61581,14.68836,14.53503,14.52613,18.86629
730.57060,-1.44740,-0.76802,62.61644,14.66394,14.53503,14.55118,18.86629
730.58060,-1.44046,-0.76530,62.61644,14.67398,14.53246,14.55118,18.85882
730.59060,-1.42043,-0.75746,62.61644,14.70294,14.52503,14.55118,18.83729
730.60060,-1.42501,-0.76451,62.62044,14.69819,14.51228,14.55118,18.85879
730.61060,-1.43893,-0.78304,62.62769,14.68394,14.47903,14.54868,18.91604
730.62060,-1.43952,-0.77516,62.61344,14.68394,14.49403,14.54118,18.89429
730.63060,-1.44170,-0.77456,62.59448,14.68154,14.48923,14.53158,18.89213
730.64060,-1.44371,-0.78164,62.54500,14.67154,14.45675,14.51558,18.90113
730.65060,-1.42822,-0.81002,62.57844,14.66394,14.40203,14.56118,18.95129
730.66060,-1.42822,-0.81002,62.57844,14.66394,14.40203,14.56118,18.95129
730.67060,-1.44542,-0.81495,62.71744,14.66394,14.45303,14.60118,18.99929
730.68060,-1.44574,-0.81373,62.70740,14.66137,14.45432,14.59861,18.99311
730.69060,-1.44535,-0.80712,62.65441,14.64988,14.45935,14.58593,18.95925
730.70060,-1.42638,-0.81978,62.76544,14.69394,14.43203,14.62118,19.01829
730.71060,-1.42359,-0.81744,62.76424,14.70222,14.42963,14.61638,19.01601
730.72060,-1.40711,-0.79673,62.73180,14.76054,14.41323,14.56678,18.99125
730.73060,-1.43629,-0.77056,62.55844,14.74294,14.42203,14.46118,18.93229
730.74060,-1.43368,-0.76787,62.55268,14.74762,14.42203,14.45758,18.92545
730.75060,-1.41453,-0.74817,62.51044,14.78194,14.42203,14.43118,18.87529
730.76060,-1.41453,-0.74817,62.51044,14.78194,14.42203,14.43118,18.87529
730.77060,-1.42240,-0.75050,62.49000,14.76103,14.42702,14.43118,18.87077
730.78060,-1.44733,-0.75855,62.44345,14.69394,14.45031,14.44057,18.85863
730.79060,-1.44616,-0.76045,62.50544,14.69394,14.47403,14.47118,18.86629
730.80060,-1.45197,-0.76523,62.52341,14.68921,14.47403,14.47591,18.88426
730.81060,-1.46634,-0.80048,62.67134,14.70263,14.43271,14.51070,19.02530
730.82060,-1.46647,-0.80097,62.67344,14.70294,14.43203,14.51118,19.02729
730.83060,-1.45078,-0.81001,62.90344,14.73294,14.48403,14.61118,19.07529
730.84060,-1.45078,-0.81001,62.90344,14.73294,14.48403,14.61118,19.07529
730.85060,-1.47647,-0.80393,62.73190,14.69438,14.45964,14.53249,19.04539
730.86060,-1.44275,-0.77700,62.83508,14.76920,14.50697,14.55468,19.00423
730.87060,-1.43669,-0.77324,62.85744,14.78194,14.51503,14.56118,18.99929
730.88060,-1.46927,-0.77924,62.65601,14.71434,14.47226,14.48760,18.98181
730.89060,-1.50743,-0.78627,62.42178,14.63573,14.42253,14.40204,18.96149
730.90060,-1.50716,-0.78964,62.33144,14.59494,14.41203,14.40118,18.92329
730.91060,-1.50775,-0.79003,62.32098,14.59149,14.40954,14.39892,18.92103
730.92060,-1.51208,-0.79295,62.24344,14.56594,14.39103,14.38218,18.90429
730.93060,-1.50163,-0.80794,62.23696,14.55418,14.35887,14.40594,18.91797
730.94060,-1.46734,-0.88072,62.31977,14.50981,14.24278,14.53819,19.02899
730.95060,-1.46686,-0.89090,62.36144,14.50694,14.23703,14.56118,19.05629
730.96060,-1.44784,-0.88871,62.50574,14.56466,14.25183,14.59818,19.09107
730.97060,-1.43260,-0.87179,62.71850,14.66560,14.29551,14.61858,19.13881
730.98060,-1.42960,-0.86614,62.77544,14.69394,14.30903,14.62118,19.15129
730.99060,-1.40588,-0.84561,62.74796,14.73033,14.31646,14.60633,19.09485
731.00060,-1.39766,-0.83848,62.73844,14.74294,14.31903,14.60118,19.07529
731.01060,-1.38479,-0.85416,62.61476,14.69873,14.26291,14.60615,19.04698
731.02060,-1.38171,-0.85787,62.48669,14.66181,14.23043,14.58757,19.00688
731.03060,-1.39715,-0.83900,62.48244,14.67394,14.26803,14.55118,18.98929
731.04060,-1.39640,-0.85785,62.36216,14.64356,14.19115,14.52638,19.00107
731.05060,-1.41255,-0.90507,62.42050,14.59456,14.13783,14.57938,19.10873
731.06060,-1.42270,-0.92684,62.50144,14.57594,14.13403,14.62118,19.17029
731.07060,-1.38154,-0.91193,62.54680,14.62508,14.14663,14.65268,19.12241
731.08060,-1.35740,-0.90319,62.57344,14.65394,14.15403,14.67118,19.09429
731.09060,-1.36211,-0.89279,62.56318,14.65975,14.17203,14.65376,19.07764
731.10060,-1.37182,-0.83090,62.54266,14.71879,14.27330,14.57108,18.97950
731.11060,-1.36210,-0.81276,62.56444,14.75294,14.29903,14.56118,18.95129
731.12060,-1.37934,-0.81312,62.48129,14.71879,14.29359,14.53148,18.93743
731.13060,-1.40626,-0.80553,62.38159,14.69335,14.29348,14.47148,18.92329
731.14060,-1.41571,-0.79742,62.36644,14.70294,14.29903,14.44118,18.92329
731.15060,-1.39691,-0.80018,62.42377,14.73234,14.28874,14.46568,18.93701
731.16060,-1.37737,-0.80305,62.48344,14.76294,14.27803,14.49118,18.95129
731.17060,-1.37737,-0.80305,62.48344,14.76294,14.27803,14.49118,18.95129
731.18060,-1.36112,-0.83217,62.56933,14.72554,14.27543,14.59228,18.97608
731.19060,-1.37656,-0.84248,62.63044,14.71294,14.28803,14.61118,19.01829
731.20060,-1.37206,-0.83645,62.65226,14.73209,14.29555,14.60876,19.01586
731.21060,-1.35729,-0.81635,62.71819,14.79444,14.31903,14.59868,19.00604
731.22060,-1.35510,-0.81249,62.71144,14.80194,14.31903,14.59118,18.99929
731.23060,-1.35510,-0.81249,62.71144,14.80194,14.31903,14.59118,18.99929
731.24060,-1.29800,-0.80914,62.61844,14.88094,14.20603,14.55118,18.98029
731.25060,-1.30197,-0.80979,62.61769,14.87111,14.21374,14.55491,18.97792
731.26060,-1.31786,-0.81236,62.61471,14.83181,14.24459,14.56984,18.96847
731.27060,-1.30687,-0.85867,62.45844,14.74294,14.13403,14.60118,18.98029
731.28060,-1.30990,-0.85546,62.45511,14.74413,14.14009,14.59405,18.97684
731.29060,-1.32999,-0.83154,62.44166,14.75505,14.18848,14.54785,18.95029
731.30060,-1.31053,-0.83050,62.53144,14.77194,14.21603,14.60118,18.94229
731.31060,-1.31223,-0.82707,62.52883,14.78014,14.21603,14.58930,18.94336
731.32060,-1.32485,-0.80162,62.50944,14.84094,14.21603,14.50118,18.95129
731.33060,-1.32377,-0.80231,62.49227,14.83218,14.21491,14.50342,18.94175
731.34060,-1.31495,-0.80446,62.36412,14.77037,14.21127,14.51780,18.86468
731.35060,-1.31257,-0.77892,62.42321,14.82751,14.25153,14.49183,18.85235
731.36060,-1.31160,-0.76846,62.44744,14.85094,14.26803,14.48118,18.84729
731.37060,-1.31697,-0.77902,62.33953,14.79253,14.24724,14.48118,18.81858
731.38060,-1.28236,-0.77971,62.33547,14.84045,14.19555,14.48118,18.81829
731.39060,-1.28201,-0.77971,62.33544,14.84094,14.19503,14.48118,18.81829
731.40060,-1.29510,-0.77785,62.37674,14.83019,14.23011,14.49249,18.82394
731.41060,-1.30514,-0.77643,62.40844,14.82194,14.25703,14.50118,18.82829
731.42060,-1.31137,-0.78181,62.40435,14.81921,14.24312,14.49300,18.84901
731.43060,-1.31554,-0.79489,62.44046,14.83729,14.20603,14.48587,18.91127
731.44060,-1.29412,-0.79271,62.52144,14.88094,14.20603,14.51118,18.92329
731.45060,-1.28078,-0.75367,62.56907,14.93112,14.28514,14.50267,18.85014
731.46060,-1.33770,-0.77841,62.52263,14.83728,14.28946,14.49248,18.90341
731.47060,-1.34656,-0.78313,62.51444,14.82194,14.28803,14.49118,18.91329
731.48060,-1.34618,-0.79963,62.47583,14.82194,14.22485,14.47363,18.95541
731.49060,-1.34612,-0.80193,62.47044,14.82194,14.21603,14.47118,18.96129
731.50060,-1.35340,-0.82044,62.55300,14.78135,14.24424,14.53998,18.98743
731.51060,-1.31068,-0.83495,62.71454,14.81763,14.24301,14.64129,19.01261
731.52060,-1.29112,-0.83755,62.76744,14.84094,14.23703,14.67118,19.01829
731.53060,-1.36405,-0.81002,62.47686,14.76438,14.25443,14.50588,18.95217
731.54060,-1.37501,-0.80588,62.43344,14.75294,14.25703,14.48118,18.94229
731.55060,-1.34360,-0.80294,62.37376,14.77621,14.21407,14.47521,18.90827
731.56060,-1.31786,-0.80394,62.22799,14.71917,14.20063,14.50088,18.80732
731.57060,-1.31631,-0.80498,62.19144,14.69394,14.20603,14.51118,18.78029
731.58060,-1.34504,-0.80776,62.16449,14.68414,14.19574,14.46707,18.81753
731.59060,-1.37462,-0.80947,62.15195,14.68170,14.18771,14.42118,18.86137
731.60060,-1.37368,-0.80623,62.19444,14.70294,14.19503,14.42118,18.87529
731.61060,-1.37723,-0.82619,62.22859,14.66928,14.19008,14.46573,18.90350
731.62060,-1.36163,-0.84946,62.29795,14.65662,14.17132,14.53330,18.93671
731.63060,-1.33745,-0.85315,62.34144,14.68394,14.15403,14.56118,18.94229
731.64060,-1.34237,-0.83802,62.47079,14.72915,14.21013,14.56955,18.96196
731.65060,-1.34917,-0.81710,62.65044,14.79194,14.28803,14.58118,18.98929
731.66060,-1.34760,-0.81628,62.64559,14.79679,14.28318,14.57633,18.98929
731.67060,-1.36308,-0.80486,62.63025,14.81601,14.28822,14.52752,18.99850
731.68060,-1.38130,-0.79365,62.61944,14.83094,14.29903,14.48118,19.00829
731.69060,-1.36090,-0.79208,62.56799,14.82653,14.28384,14.49098,18.96664
731.70060,-1.35322,-0.80121,62.50454,14.78284,14.27298,14.51603,18.93269
731.71060,-1.36709,-0.81221,62.49444,14.74294,14.27803,14.53118,18.94229
731.72060,-1.38348,-0.80999,62.45181,14.71893,14.28832,14.51158,18.93298
731.73060,-1.40056,-0.80768,62.40744,14.69394,14.29903,14.49118,18.92329
731.74060,-1.40056,-0.80768,62.40744,14.69394,14.29903,14.49118,18.92329
731.75060,-1.38886,-0.83306,62.42010,14.70348,14.22589,14.50443,18.98631
731.76060,-1.40931,-0.80082,62.62341,14.74255,14.36960,14.53092,18.98035
731.77060,-1.40503,-0.79435,62.59479,14.76125,14.35534,14.50502,18.97319
731.78060,-1.39931,-0.78180,62.59724,14.78818,14.36402,14.48752,18.95752
731.79060,-1.40227,-0.77808,62.68644,14.78194,14.42203,14.53118,18.95129
731.80060,-1.40227,-0.77808,62.68644,14.78194,14.42203,14.53118,18.95129
731.81060,-1.40718,-0.80332,62.57544,14.72294,14.36003,14.53118,18.96129
731.82060,-1.41481,-0.80380,62.56694,14.72544,14.35228,14.51368,18.97554
731.83060,-1.43240,-0.80781,62.57907,14.73799,14.33434,14.48138,19.02536
731.84060,-1.41669,-0.81549,62.69044,14.75294,14.35003,14.54118,19.04629
731.85060,-1.42321,-0.81634,62.66296,14.74551,14.34236,14.52633,19.04876
731.86060,-1.43938,-0.82050,62.59216,14.72616,14.31742,14.48923,19.05935
731.87060,-1.42401,-0.82701,62.64518,14.73958,14.31071,14.52279,19.07210
731.88060,-1.41961,-0.82829,62.66688,14.74294,14.31390,14.53593,19.07410
731.89060,-1.41546,-0.82570,62.72944,14.74294,14.35003,14.57118,19.06529
731.90060,-1.41189,-0.83297,62.71600,14.73961,14.32714,14.57340,19.07584
731.91060,-1.38278,-0.89983,62.60464,14.70831,14.12324,14.59474,19.17835
731.92060,-1.37913,-0.96381,62.57644,14.67394,13.96903,14.62118,19.31229
731.93060,-1.37913,-0.96381,62.57644,14.67394,13.96903,14.62118,19.31229
731.94060,-1.34299,-0.97565,62.57568,14.70982,13.90031,14.63718,19.32837
731.95060,-1.39009,-0.97827,62.59435,14.68382,13.92765,14.60385,19.37903
731.96060,-1.40798,-0.97927,62.60144,14.67394,13.93803,14.59118,19.39829
731.97060,-1.40276,-0.95544,62.62376,14.69192,13.99569,14.59118,19.34497
731.98060,-1.39957,-0.94085,62.63744,14.70294,14.03103,14.59118,19.31229
731.99060,-1.41238,-0.86980,62.55501,14.75155,14.13953,14.48550,19.17842
732.00060,-1.44075,-0.81360,62.54511,14.80931,14.23138,14.38213,19.12229
732.01060,-1.44851,-0.80470,62.55344,14.82194,14.24703,14.36218,19.12229
732.02060,-1.44623,-0.76028,62.48869,14.88753,14.27310,14.26968,19.05838
732.03060,-1.43824,-0.75068,62.46953,14.90762,14.27035,14.25218,19.03938
732.04060,-1.43595,-0.75033,62.46744,14.90994,14.26803,14.25218,19.03729
732.05060,-1.46232,-0.73549,62.43065,14.91914,14.28229,14.18779,19.04143
732.06060,-1.49301,-0.71821,62.38787,14.92983,14.29887,14.11293,19.04624
732.07060,-1.49641,-0.72603,62.39701,14.89514,14.31643,14.14698,19.03846
732.08060,-1.47869,-0.72336,62.48929,14.93536,14.32673,14.17528,19.05191
732.09060,-1.47327,-0.72220,62.51644,14.94894,14.32903,14.18218,19.05629
732.10060,-1.49970,-0.73293,62.56824,14.91268,14.36011,14.20438,19.09107
732.11060,-1.53012,-0.73105,62.58720,14.89239,14.39444,14.18953,19.11084
732.12060,-1.53697,-0.72922,62.58744,14.88994,14.40203,14.18218,19.11329
732.13060,-1.50496,-0.71438,62.72768,14.96766,14.43076,14.21597,19.11329
732.14060,-1.48024,-0.70292,62.83644,15.02794,14.45303,14.24218,19.11329
732.15060,-1.52232,-0.71715,62.73062,14.97688,14.41529,14.18298,19.15547
732.16060,-1.56010,-0.70156,62.62314,14.93748,14.44717,14.11778,19.12071
732.17060,-1.56818,-0.69431,62.59844,14.92994,14.46303,14.10218,19.10329
732.18060,-1.57241,-0.69226,62.54375,14.92207,14.45084,14.07857,19.09227
732.19060,-1.56932,-0.68396,62.42950,14.90994,14.43203,14.04218,19.04535
732.20060,-1.57606,-0.69197,62.31936,14.86758,14.40073,14.02376,19.02729
732.21060,-1.59195,-0.71008,62.24802,14.82325,14.36212,14.01218,19.05047
732.22060,-1.59705,-0.71718,62.23944,14.81194,14.35003,14.01218,19.06529
732.23060,-1.62024,-0.72466,62.24622,14.76942,14.37530,14.02450,19.07699
732.24060,-1.62116,-0.73322,62.36769,14.75522,14.42295,14.09357,19.09595
732.25060,-1.61269,-0.73567,62.44144,14.76294,14.44303,14.13218,19.10329
732.26060,-1.61899,-0.72950,62.42497,14.76976,14.44539,14.10865,19.10117
732.27060,-1.63949,-0.70944,62.37144,14.79194,14.45303,14.03218,19.09429
732.28060,-1.63869,-0.70855,62.38510,14.79814,14.45569,14.03344,19.09783
732.29060,-1.63656,-0.70299,62.43528,14.82846,14.46411,14.02938,19.11333
732.30060,-1.64375,-0.70430,62.34144,14.80194,14.44303,14.00218,19.09429
732.31060,-1.63634,-0.70226,62.42544,14.82644,14.46353,14.02718,19.10829
732.32060,-1.63363,-0.70363,62.46826,14.83035,14.47595,14.04697,19.11499
732.33060,-1.64321,-0.71060,62.38422,14.78833,14.45946,14.03633,19.10010
732.34060,-1.64696,-0.71333,62.35144,14.77194,14.45303,14.03218,19.09429
732.35060,-1.66408,-0.71672,62.37438,14.75048,14.47597,14.03958,19.10835
732.36060,-1.67743,-0.71345,62.40538,14.74294,14.50697,14.04218,19.11329
732.37060,-1.68924,-0.72600,62.38877,14.69276,14.51503,14.06770,19.11329
732.38060,-1.71036,-0.73543,62.50844,14.72294,14.51503,14.06218,19.20829
732.39060,-1.70686,-0.72902,62.51199,14.73235,14.52485,14.05945,19.19533
732.40060,-1.68857,-0.69136,62.53660,14.78498,14.58703,14.04458,19.12001
732.41060,-1.70075,-0.70057,62.54344,14.76294,14.58703,14.05218,19.14129
732.42060,-1.70077,-0.69970,62.53464,14.76366,14.58455,14.04738,19.13905
732.43060,-1.70092,-0.69249,62.46131,14.76966,14.56389,14.00738,19.12038
732.44060,-1.69514,-0.73066,62.35444,14.67394,14.50503,14.06218,19.11329
732.45060,-1.70262,-0.72876,62.35941,14.67030,14.51618,14.05733,19.11559
732.46060,-1.75683,-0.71502,62.39544,14.64394,14.59703,14.02218,19.13229
732.47060,-1.74970,-0.71744,62.41160,14.65095,14.59097,14.03287,19.13680
732.48060,-1.69996,-0.73655,62.54121,14.70193,14.54828,14.11330,19.17769
732.49060,-1.72395,-0.74615,62.61844,14.69394,14.56603,14.12218,19.23629
732.50060,-1.71902,-0.74310,62.62593,14.70214,14.56972,14.12456,19.22951
732.51060,-1.67930,-0.71963,62.67594,14.76613,14.59362,14.14108,19.17511
732.52060,-1.65342,-0.71269,62.63144,14.79194,14.56603,14.13218,19.14129
732.53060,-1.65449,-0.71097,62.62906,14.79282,14.56876,14.12866,19.13882
732.54060,-1.66419,-0.69534,62.60746,14.80082,14.59356,14.09666,19.11642
732.55060,-1.66555,-0.69315,62.60444,14.80194,14.59703,14.09218,19.11329
732.56060,-1.67103,-0.69252,62.51435,14.80194,14.55644,14.04268,19.11329
732.57060,-1.66529,-0.68520,62.53819,14.77224,14.61741,14.09168,19.05686
732.58060,-1.66523,-0.68513,62.53844,14.77194,14.61803,14.09218,19.05629
732.59060,-1.67604,-0.68683,62.53151,14.73333,14.64872,14.11198,19.03748
732.60060,-1.67615,-0.68685,62.53144,14.73294,14.64903,14.11218,19.03729
732.61060,-1.63836,-0.70382,62.45620,14.74614,14.55399,14.11878,19.03729
732.62060,-1.63150,-0.72516,62.62609,14.76796,14.55324,14.18541,19.11948
732.63060,-1.63483,-0.72849,62.68144,14.77194,14.56603,14.20218,19.14129
732.64060,-1.63305,-0.74142,62.65005,14.74746,14.54030,14.21473,19.14756
732.65060,-1.63662,-0.73570,62.63266,14.75131,14.54402,14.19768,19.13965
732.66060,-1.63954,-0.72723,62.63344,14.76294,14.55603,14.18218,19.13229
732.67060,-1.58373,-0.71065,62.59454,14.81984,14.52642,14.18799,19.06029
732.68060,-1.56005,-0.71042,62.53478,14.81820,14.50068,14.19614,19.01976
732.69060,-1.58260,-0.72632,62.49200,14.76045,14.49480,14.20148,19.03527
732.70060,-1.59562,-0.70902,62.51624,14.78945,14.52458,14.16493,19.03729
732.71060,-1.59907,-0.70240,62.52644,14.80194,14.53503,14.15218,19.03729
732.72060,-1.59907,-0.70240,62.52644,14.80194,14.53503,14.15218,19.03729
732.73060,-1.55853,-0.70775,62.59684,14.83354,14.52177,14.21178,19.02975
732.74060,-1.56232,-0.70875,62.62544,14.83094,14.53503,14.22218,19.03729
732.75060,-1.56436,-0.71308,62.53169,14.81006,14.50009,14.19661,19.02493
732.76060,-1.56710,-0.71886,62.40669,14.78222,14.45350,14.16252,19.00845
732.77060,-1.57923,-0.72536,62.44306,14.78194,14.45303,14.16218,19.04591
732.78060,-1.55985,-0.70787,62.57087,14.84957,14.49322,14.18178,19.04629
732.79060,-1.57067,-0.71674,62.80244,14.86094,14.56603,14.26218,19.11329
732.80060,-1.54550,-0.71039,62.80183,14.89716,14.54700,14.26218,19.09548
732.81060,-1.53032,-0.70221,62.73434,14.90408,14.53097,14.24591,19.05338
732.82060,-1.53128,-0.69607,62.63644,14.88094,14.52503,14.22218,19.00829
732.83060,-1.51520,-0.68593,62.59488,14.88925,14.52503,14.21781,18.96279
732.84060,-1.49661,-0.67247,62.45861,14.87513,14.51200,14.19536,18.87612
732.85060,-1.49956,-0.67190,62.34444,14.84094,14.49403,14.17218,18.83729
732.86060,-1.50167,-0.67312,62.33693,14.85074,14.47737,14.15585,18.85297
732.87060,-1.50597,-0.67560,62.32159,14.87074,14.44337,14.12251,18.88497
732.88060,-1.51268,-0.68526,62.30765,14.84115,14.44000,14.13597,18.89053
732.89060,-1.51727,-0.70910,62.34485,14.78899,14.44447,14.19882,18.91257
732.90060,-1.48670,-0.70558,62.51944,14.85094,14.47403,14.26218,18.93229
732.91060,-1.48813,-0.70727,62.55544,14.85829,14.47893,14.26953,18.94869
732.92060,-1.47965,-0.70951,62.65897,14.89355,14.48605,14.29475,18.98461
732.93060,-1.44242,-0.70097,62.63744,14.92994,14.46303,14.30218,18.94229
732.94060,-1.46008,-0.69420,62.63502,14.92994,14.48049,14.27551,18.94907
732.95060,-1.51525,-0.67305,62.62744,14.92994,14.53503,14.19218,18.97029
732.96060,-1.50298,-0.67449,62.59960,14.92514,14.52279,14.20178,18.94989
732.97060,-1.45731,-0.67909,62.51120,14.91714,14.47659,14.23458,18.88289
732.98060,-1.43600,-0.67923,62.51044,14.93994,14.45303,14.24218,18.87529
732.99060,-1.44703,-0.67157,62.48741,14.93267,14.47049,14.22279,18.86147
733.00060,-1.47459,-0.65001,62.44011,14.91491,14.52503,14.17874,18.82143
733.01060,-1.44682,-0.65973,62.53878,14.93477,14.52503,14.24496,18.83402
733.02060,-1.44136,-0.66322,62.56960,14.94582,14.51891,14.25618,18.84869
733.03060,-1.45418,-0.67035,62.60744,14.98894,14.47403,14.21218,18.93229
733.04060,-1.45418,-0.67035,62.60744,14.98894,14.47403,14.21218,18.93229
733.05060,-1.45663,-0.67139,62.67861,14.96917,14.52445,14.26161,18.92339
733.06060,-1.43669,-0.69013,62.74478,14.99864,14.47454,14.29188,18.97972
733.07060,-1.43649,-0.69032,62.74544,14.99894,14.47403,14.29218,18.98029
733.08060,-1.39271,-0.66741,62.62408,15.02040,14.45849,14.27738,18.86781
733.09060,-1.37152,-0.66441,62.61104,15.02054,14.46043,14.30178,18.82829
733.10060,-1.36950,-0.66620,62.62144,15.01794,14.46303,14.31218,18.82829
733.11060,-1.38762,-0.69213,62.55410,14.95282,14.42529,14.31958,18.85641
733.12060,-1.39400,-0.70126,62.53044,14.92994,14.41203,14.32218,18.86629
733.13060,-1.37714,-0.71135,62.58584,14.96318,14.37709,14.33923,18.90634
733.14060,-1.37468,-0.69719,62.61545,14.97764,14.41540,14.34218,18.88023
733.15060,-1.37475,-0.69481,62.61844,14.97894,14.42203,14.34218,18.87529
733.16060,-1.36841,-0.67292,62.57073,15.00342,14.43522,14.30452,18.82758
733.17060,-1.35778,-0.65916,62.50609,14.99502,14.45094,14.29799,18.76214
733.18060,-1.35596,-0.65896,62.49644,14.98894,14.45303,14.30218,18.75229
733.19060,-1.35897,-0.66722,62.57754,15.02259,14.43492,14.30218,18.81786
733.20060,-1.35945,-0.66853,62.59044,15.02794,14.43203,14.30218,18.82829
733.21060,-1.33921,-0.68772,62.56620,15.01120,14.38470,14.33681,18.83348
733.22060,-1.36250,-0.71387,62.44197,14.93174,14.33418,14.32442,18.85163
733.23060,-1.37489,-0.71780,62.40744,14.90994,14.32903,14.31218,18.85629
733.24060,-1.37722,-0.72525,62.47733,14.90407,14.34724,14.34742,18.87860
733.25060,-1.35518,-0.71774,62.57951,14.95152,14.36826,14.37965,18.88008
733.26060,-1.34720,-0.71344,62.59744,14.96894,14.37103,14.38218,18.87529
733.27060,-1.37927,-0.71684,62.52418,14.92528,14.37103,14.34518,18.88269
733.28060,-1.39055,-0.71803,62.49844,14.90994,14.37103,14.33218,18.88529
733.29060,-1.39055,-0.71803,62.49844,14.90994,14.37103,14.33218,18.88529
733.30060,-1.37668,-0.69353,62.46983,14.93459,14.40011,14.31416,18.82096
733.31060,-1.37799,-0.68917,62.50244,14.93994,14.42203,14.32218,18.81829
733.32060,-1.38328,-0.69362,62.45550,14.92303,14.40470,14.30949,18.81829
733.33060,-1.39044,-0.69965,62.39207,14.90017,14.38127,14.29235,18.81829
733.34060,-1.39051,-0.69971,62.39144,14.89994,14.38103,14.29218,18.81829
733.35060,-1.43163,-0.71049,62.35085,14.85143,14.38103,14.26248,18.85591
733.36060,-1.42015,-0.70761,62.43964,14.88035,14.40162,14.29159,18.86609
733.37060,-1.42967,-0.71807,62.50293,14.87118,14.41179,14.31658,18.90337
733.38060,-1.41142,-0.73561,62.60302,14.88564,14.39608,14.37525,18.94605
733.39060,-1.37193,-0.74465,62.65244,14.91994,14.36003,14.42118,18.95129
733.40060,-1.38128,-0.71140,62.66830,14.96203,14.41676,14.37299,18.91652
733.41060,-1.38725,-0.69015,62.67844,14.98894,14.45303,14.34218,18.89429
733.42060,-1.39143,-0.69433,62.65041,14.96978,14.44753,14.34218,18.89092
733.43060,-1.40026,-0.71010,62.52565,14.89866,14.41682,14.34218,18.86799
733.44060,-1.37866,-0.70261,62.53629,14.93483,14.40618,14.34218,18.85310
733.45060,-1.37023,-0.69969,62.54044,14.94894,14.40203,14.34218,18.84729
733.46060,-1.34916,-0.68589,62.58513,14.99289,14.41693,14.34963,18.82568
733.47060,-1.34745,-0.69488,62.57148,14.96413,14.41461,14.37446,18.81829
733.48060,-1.34936,-0.69964,62.56144,14.94894,14.41203,14.38218,18.81829
733.49060,-1.35288,-0.72036,62.58808,14.92748,14.38909,14.41104,18.86047
733.50060,-1.33679,-0.71852,62.60558,14.94140,14.38843,14.42858,18.84717
733.51060,-1.33071,-0.71532,62.60844,14.94894,14.39103,14.43118,18.83729
733.52060,-1.38025,-0.71628,62.63544,14.95894,14.39103,14.36218,18.92329
733.53060,-1.35738,-0.71446,62.68620,14.98018,14.39859,14.39782,18.90961
733.54060,-1.32878,-0.71333,62.84412,15.01434,14.44155,14.47918,18.90905
733.55060,-1.35000,-0.71707,62.96444,15.00794,14.49403,14.51118,18.95129
733.56060,-1.36507,-0.70687,62.89748,15.00470,14.49403,14.46114,18.93761
733.57060,-1.39194,-0.68868,62.77844,14.99894,14.49403,14.37218,18.91329
733.58060,-1.38536,-0.69604,62.70905,14.97891,14.46123,14.36928,18.89964
733.59060,-1.37838,-0.71550,62.50986,14.91473,14.37854,14.35030,18.86629
733.60060,-1.44664,-0.72592,62.29044,14.80194,14.36003,14.26218,18.86629
733.61060,-1.45359,-0.72463,62.27220,14.79401,14.36294,14.25161,18.86364
733.62060,-1.46896,-0.72799,62.22990,14.77194,14.35605,14.23184,18.87006
733.63060,-1.45791,-0.74725,62.25339,14.77194,14.31444,14.25869,18.90831
733.64060,-1.46462,-0.74944,62.27171,14.76249,14.32649,14.26703,18.91571
733.65060,-1.49008,-0.74845,62.31944,14.73294,14.38103,14.28218,18.92329
733.66060,-1.48320,-0.75166,62.35693,14.75111,14.37160,14.29138,18.94284
733.67060,-1.47805,-0.76752,62.46339,14.78894,14.34003,14.31056,19.02385
733.68060,-1.53707,-0.78457,62.40044,14.71294,14.34003,14.27218,19.07529
733.69060,-1.52196,-0.78135,62.42168,14.73397,14.33770,14.28280,19.06722
733.70060,-1.46838,-0.77350,62.50561,14.80545,14.32683,14.32768,19.04565
733.71060,-1.48742,-0.80623,62.54744,14.75294,14.30903,14.37218,19.11329
733.72060,-1.49365,-0.80751,62.53864,14.74315,14.31123,14.36888,19.11538
733.73060,-1.54409,-0.81785,62.46744,14.66394,14.32903,14.34218,19.13229
733.74060,-1.54740,-0.82196,62.46612,14.65316,14.32793,14.34757,19.13746
733.75060,-1.57324,-0.85271,62.46444,14.57361,14.32248,14.38907,19.17929
733.76060,-1.56558,-0.83244,62.53644,14.63494,14.35003,14.37218,19.17929
733.77060,-1.56706,-0.83086,62.52423,14.63703,14.34662,14.36228,19.17830
733.78060,-1.57975,-0.81765,62.43409,14.65518,14.32286,14.28403,19.17202
733.79060,-1.58555,-0.81416,62.51274,14.66641,14.35770,14.30089,19.18775
733.80060,-1.58942,-0.81183,62.56544,14.67394,14.38103,14.31218,19.19829
733.81060,-1.59870,-0.79843,62.52305,14.67945,14.39260,14.27364,19.17737
733.82060,-1.60628,-0.78747,62.48844,14.68394,14.40203,14.24218,19.16029
733.83060,-1.62006,-0.80588,62.43612,14.62489,14.38634,14.25713,19.16776
733.84060,-1.63956,-0.79782,62.42781,14.61346,14.41598,14.23661,19.16176
733.85060,-1.64213,-0.79534,62.42944,14.61494,14.42203,14.23218,19.16029
733.86060,-1.64213,-0.79534,62.42944,14.61494,14.42203,14.23218,19.16029
733.87060,-1.65087,-0.83246,62.57032,14.57860,14.42203,14.32098,19.24871
733.88060,-1.64980,-0.83598,62.58544,14.57594,14.42203,14.33218,19.25529
733.89060,-1.63646,-0.81961,62.65166,14.66022,14.41343,14.29778,19.28023
733.90060,-1.63429,-0.81694,62.66244,14.67394,14.41203,14.29218,19.28429
733.91060,-1.63892,-0.84210,62.56602,14.60531,14.36686,14.30955,19.28429
733.92060,-1.64530,-0.82997,62.49440,14.61799,14.35427,14.25456,19.26758
733.93060,-1.64950,-0.81823,62.45244,14.63494,14.35003,14.21218,19.25529
733.94060,-1.66686,-0.82962,62.57084,14.60534,14.40331,14.27138,19.29081
733.95060,-1.65347,-0.82651,62.48738,14.60974,14.36875,14.24778,19.26111
733.96060,-1.64661,-0.82401,62.44344,14.61494,14.35003,14.23218,19.24629
733.97060,-1.64661,-0.82401,62.44344,14.61494,14.35003,14.23218,19.24629
733.98060,-1.66841,-0.85304,62.49245,14.53750,14.37062,14.30079,19.28353
733.99060,-1.66885,-0.85363,62.49344,14.53594,14.37103,14.30218,19.28429
734.00060,-1.67489,-0.87919,62.34496,14.45873,14.30966,14.30218,19.27439
734.01060,-1.71629,-0.87824,62.49444,14.43794,14.40203,14.33218,19.32229
734.02060,-1.67751,-0.84713,62.47492,14.53981,14.37641,14.27728,19.28142
734.03060,-1.67956,-0.81377,62.51974,14.60494,14.42350,14.22986,19.26145
734.04060,-1.69627,-0.80540,62.55544,14.60494,14.46303,14.22218,19.26529
734.05060,-1.66974,-0.79385,62.53714,14.64703,14.44412,14.20998,19.23601
734.06060,-1.65276,-0.78646,62.52544,14.67394,14.43203,14.20218,19.21729
734.07060,-1.65081,-0.79214,62.37538,14.62575,14.39482,14.18388,19.17093
734.08060,-1.65129,-0.80564,62.28615,14.57115,14.37103,14.19658,19.14739
734.09060,-1.65240,-0.81194,62.29044,14.55594,14.37103,14.21218,19.15129
734.10060,-1.67985,-0.80615,62.34961,14.56814,14.40214,14.18778,19.19155
734.11060,-1.69737,-0.80245,62.38744,14.57594,14.42203,14.17218,19.21729
734.12060,-1.69062,-0.81511,62.39285,14.56721,14.39864,14.19313,19.23387
734.13060,-1.64237,-0.86809,62.41989,14.54533,14.28803,14.29703,19.28950
734.14060,-1.62500,-0.86082,62.42144,14.56594,14.28803,14.30218,19.26529
734.15060,-1.61346,-0.85615,62.43087,14.57408,14.29703,14.31504,19.24472
734.16060,-1.59934,-0.84914,62.44817,14.57803,14.32031,14.33945,19.21038
734.17060,-1.60155,-0.84775,62.45644,14.56594,14.34003,14.35218,19.19829
734.18060,-1.59874,-0.84286,62.44005,14.57848,14.33328,14.33611,19.19218
734.19060,-1.59280,-0.83255,62.40544,14.60494,14.31903,14.30218,19.17929
734.20060,-1.58668,-0.83623,62.30871,14.57985,14.28922,14.29127,19.14838
734.21060,-1.57794,-0.85182,62.18596,14.52898,14.24070,14.29782,19.11846
734.22060,-1.58141,-0.86754,62.26644,14.51694,14.24703,14.34218,19.16029
734.23060,-1.57070,-0.86466,62.29380,14.54502,14.23947,14.34218,19.16713
734.24060,-1.55484,-0.86794,62.30644,14.57010,14.21127,14.34578,19.17929
734.25060,-1.56045,-0.88290,62.24244,14.52594,14.18503,14.35218,19.17929
734.26060,-1.56045,-0.88290,62.24244,14.52594,14.18503,14.35218,19.17929
734.27060,-1.58923,-0.85516,62.42407,14.59000,14.28069,14.33090,19.22248
734.28060,-1.54906,-0.84928,62.50444,14.62494,14.29903,14.39118,19.18929
734.29060,-1.54906,-0.84928,62.50444,14.62494,14.29903,14.39118,19.18929
734.30060,-1.55420,-0.86694,62.52044,14.61494,14.26803,14.40118,19.23629
734.31060,-1.55420,-0.86694,62.52044,14.61494,14.26803,14.40118,19.23629
734.32060,-1.55082,-0.84814,62.35144,14.60927,14.24703,14.33329,19.16184
734.33060,-1.56181,-0.85710,62.47944,14.64394,14.24703,14.34218,19.24629
734.34060,-1.55885,-0.85934,62.46649,14.64036,14.23849,14.34402,19.24362
734.35060,-1.52957,-0.88154,62.33844,14.60494,14.15403,14.36218,19.21729
734.36060,-1.53185,-0.88484,62.33922,14.59725,14.15306,14.36695,19.22196
734.37060,-1.55257,-0.91483,62.34630,14.52734,14.14421,14.41031,19.26444
734.38060,-1.56359,-0.89361,62.65744,14.58494,14.28803,14.48118,19.30329
734.39060,-1.56359,-0.89361,62.65744,14.58494,14.28803,14.48118,19.30329
734.40060,-1.54873,-0.87173,62.60903,14.64207,14.26867,14.42308,19.27521
734.41060,-1.47074,-0.83072,62.43006,14.69294,14.24745,14.40158,19.08809
734.42060,-1.46915,-0.82989,62.42644,14.69394,14.24703,14.40118,19.08429
734.43060,-1.50214,-0.84086,62.29675,14.64444,14.20644,14.34277,19.10310
734.44060,-1.50579,-0.84306,62.16759,14.59936,14.18571,14.32251,19.06002
734.45060,-1.50754,-0.84416,62.10044,14.57594,14.17503,14.31218,19.03729
734.46060,-1.55769,-0.84815,62.10904,14.52520,14.21889,14.29498,19.06997
734.47060,-1.56586,-0.84880,62.11044,14.51694,14.22603,14.29218,19.07529
734.48060,-1.52199,-0.85478,62.06572,14.54188,14.16411,14.30938,19.05035
734.49060,-1.51402,-0.85712,62.16565,14.56830,14.17754,14.34085,19.07897
734.50060,-1.51342,-0.85813,62.24544,14.58494,14.19503,14.36218,19.10329
734.51060,-1.48927,-0.84721,62.34351,14.62181,14.23338,14.40569,19.08264
734.52060,-1.49317,-0.85280,62.44726,14.65640,14.23149,14.41378,19.14559
734.53060,-1.49755,-0.85612,62.47144,14.66394,14.22603,14.41118,19.17029
734.54060,-1.49755,-0.85612,62.47144,14.66394,14.22603,14.41118,19.17029
734.55060,-1.47972,-0.84363,62.48068,14.69397,14.23450,14.41118,19.14103
734.56060,-1.50965,-0.85066,62.46640,14.66008,14.24253,14.39524,19.16856
734.57060,-1.50992,-0.85338,62.41420,14.63916,14.23184,14.39149,19.15172
734.58060,-1.48009,-0.84703,62.37444,14.65394,14.21603,14.40118,19.10329
734.59060,-1.50519,-0.86283,62.28263,14.58123,14.20309,14.39502,19.10329
734.60060,-1.49191,-0.87354,62.25458,14.58492,14.15721,14.39738,19.11507
734.61060,-1.47417,-0.87405,62.27244,14.61494,14.13403,14.40118,19.12229
734.62060,-1.47417,-0.87405,62.27244,14.61494,14.13403,14.40118,19.12229
734.63060,-1.48181,-0.85827,62.38750,14.61494,14.23034,14.44379,19.09842
734.64060,-1.47492,-0.85308,62.40235,14.62682,14.23952,14.44876,19.08726
734.65060,-1.45837,-0.84305,62.37252,14.66110,14.21887,14.42442,19.06813
734.66060,-1.48132,-0.83711,62.33744,14.65394,14.22603,14.38218,19.07529
734.67060,-1.47757,-0.83317,62.37240,14.67164,14.23533,14.38616,19.07927
734.68060,-1.47463,-0.83848,62.43999,14.68553,14.23820,14.40800,19.10825
734.69060,-1.47708,-0.85264,62.47244,14.67394,14.22603,14.43118,19.14129
734.70060,-1.48947,-0.84827,62.45823,14.66904,14.23632,14.41158,19.14129
734.71060,-1.50238,-0.84372,62.44344,14.66394,14.24703,14.39118,19.14129
734.72060,-1.50238,-0.84372,62.44344,14.66394,14.24703,14.39118,19.14129
734.73060,-1.51120,-0.87525,62.37972,14.58278,14.21243,14.42998,19.15453
734.74060,-1.48750,-0.88372,62.44244,14.59494,14.20603,14.48118,19.16029
734.75060,-1.46822,-0.87220,62.48168,14.64462,14.20603,14.47758,19.15345
734.76060,-1.45611,-0.85546,62.52312,14.69982,14.21587,14.45918,19.14825
734.77060,-1.51758,-0.86578,62.44445,14.60782,14.24321,14.42585,19.16758
734.78060,-1.53165,-0.86691,62.42608,14.59724,14.24220,14.40761,19.17903
734.79060,-1.54988,-0.86585,62.40144,14.60494,14.22603,14.36218,19.20829
734.80060,-1.54818,-0.86575,62.40561,14.60933,14.22384,14.36218,19.21026
734.81060,-1.54114,-0.86524,62.43056,14.62494,14.22116,14.36830,19.21616
734.82060,-1.53424,-0.86410,62.50144,14.62494,14.25703,14.41118,19.20829
734.83060,-1.53424,-0.86410,62.50144,14.62494,14.25703,14.41118,19.20829
734.84060,-1.55538,-0.84351,62.31323,14.61658,14.23468,14.30168,19.16029
734.85060,-1.51734,-0.84913,62.34144,14.65394,14.19503,14.33218,19.16029
734.86060,-1.52060,-0.85575,62.36653,14.64488,14.19759,14.34821,19.17585
734.87060,-1.53136,-0.87760,62.44944,14.61494,14.20603,14.40118,19.22729
734.88060,-1.53853,-0.87474,62.44000,14.60997,14.21448,14.39141,19.22414
734.89060,-1.56727,-0.86329,62.40225,14.59011,14.24825,14.35234,19.21156
734.90060,-1.59270,-0.86635,62.46644,14.58494,14.27469,14.35059,19.25622
734.91060,-1.59609,-0.86749,62.48044,14.58494,14.27803,14.35218,19.26529
734.92060,-1.54263,-0.87839,62.42658,14.61100,14.19725,14.37824,19.24009
734.93060,-1.54896,-0.86470,62.48195,14.62364,14.24767,14.38218,19.22846
734.94060,-1.55111,-0.86241,62.49144,14.62494,14.25703,14.38218,19.22729
734.95060,-1.56580,-0.86276,62.62716,14.65017,14.29357,14.39871,19.28471
734.96060,-1.56799,-0.86281,62.64744,14.65394,14.29903,14.40118,19.29329
734.97060,-1.58491,-0.88783,62.34364,14.53717,14.20700,14.35269,19.24678
734.98060,-1.58482,-0.86601,62.29688,14.55574,14.22649,14.31258,19.20207
734.99060,-1.58468,-0.85462,62.27444,14.56594,14.23703,14.29218,19.17929
735.00060,-1.55166,-0.87377,62.34274,14.56594,14.21625,14.37137,19.18919
735.01060,-1.56428,-0.87400,62.42141,14.57470,14.24319,14.38094,19.22258
735.02060,-1.56610,-0.87400,62.43244,14.57594,14.24703,14.38218,19.22729
735.03060,-1.62248,-0.89328,62.31067,14.50763,14.20644,14.31288,19.28372
735.04060,-1.62305,-0.89347,62.30944,14.50694,14.20603,14.31218,19.28429
735.05060,-1.59129,-0.88343,62.42164,14.55248,14.23969,14.36432,19.26515
735.06060,-1.57492,-0.86624,62.61011,14.62883,14.29748,14.39896,19.28484
735.07060,-1.57490,-0.86281,62.64744,14.64394,14.30903,14.40118,19.29329
735.08060,-1.59290,-0.84100,62.55886,14.61900,14.35289,14.35904,19.22793
735.09060,-1.58968,-0.83252,62.47449,14.63730,14.31875,14.30631,19.21213
735.10060,-1.58508,-0.82885,62.42244,14.65394,14.28803,14.27218,19.20829
735.11060,-1.58345,-0.83713,62.41827,14.63767,14.27969,14.28887,19.21204
735.12060,-1.58122,-0.84848,62.41255,14.61539,14.26826,14.31172,19.21718
735.13060,-1.61931,-0.84967,62.32458,14.55163,14.28806,14.27988,19.20501
735.14060,-1.62425,-0.85435,62.30934,14.53097,14.28887,14.28637,19.20313
735.15060,-1.60721,-0.85878,62.34444,14.54594,14.27803,14.31218,19.20829
735.16060,-1.61583,-0.88014,62.39556,14.54032,14.24882,14.32903,19.27739
735.17060,-1.61368,-0.86447,62.52511,14.58413,14.30777,14.34828,19.28493
735.18060,-1.60802,-0.84385,62.58244,14.61494,14.36003,14.35218,19.25529
735.19060,-1.62209,-0.83763,62.61313,14.62722,14.37906,14.33376,19.27309
735.20060,-1.63093,-0.83372,62.63244,14.63494,14.39103,14.32218,19.28429
735.21060,-1.62118,-0.83059,62.69262,14.66472,14.39772,14.33434,19.29584
735.22060,-1.61973,-0.83374,62.61689,14.64818,14.37052,14.31794,19.28026
735.23060,-1.62289,-0.83710,62.54244,14.62494,14.35003,14.30218,19.26529
735.24060,-1.61965,-0.84249,62.41495,14.59505,14.30611,14.27778,19.23601
735.25060,-1.61756,-0.84594,62.33344,14.57594,14.27803,14.26218,19.21729
735.26060,-1.61756,-0.84594,62.33344,14.57594,14.27803,14.26218,19.21729
735.27060,-1.63442,-0.84250,62.25860,14.55071,14.27803,14.22854,19.20131
735.28060,-1.64436,-0.86146,62.19284,14.48660,14.25997,14.24798,19.19829
735.29060,-1.64546,-0.86465,62.18444,14.47694,14.25703,14.25218,19.19829
735.30060,-1.65394,-0.86912,62.23244,14.49694,14.24703,14.24218,19.24629
735.31060,-1.63730,-0.86328,62.48144,14.54594,14.32903,14.33218,19.27429
735.32060,-1.64091,-0.86026,62.45897,14.53827,14.33459,14.32425,19.26186
735.33060,-1.64549,-0.84679,62.41184,14.53388,14.35408,14.30025,19.22363
735.34060,-1.63028,-0.83274,62.45462,14.58094,14.36531,14.29491,19.21347
735.35060,-1.63327,-0.83391,62.51862,14.59439,14.37831,14.30673,19.23920
735.36060,-1.65203,-0.84845,62.59244,14.57594,14.39103,14.33218,19.29329
735.37060,-1.65167,-0.85468,62.53878,14.55413,14.37094,14.32973,19.28398
735.38060,-1.65068,-0.87155,62.39374,14.49519,14.31664,14.32311,19.25881
735.39060,-1.66214,-0.84680,62.47244,14.55594,14.36003,14.28218,19.27429
735.40060,-1.65124,-0.84366,62.46412,14.56069,14.36003,14.28931,19.25409
735.41060,-1.61359,-0.83727,62.44418,14.57129,14.35771,14.32380,19.19138
735.42060,-1.60476,-0.84944,62.46644,14.55594,14.35003,14.36218,19.19829
735.43060,-1.60867,-0.85158,62.48827,14.56509,14.34510,14.35749,19.22058
735.44060,-1.62141,-0.85856,62.55944,14.59494,14.32903,14.34218,19.29329
735.45060,-1.62028,-0.85704,62.55093,14.59264,14.33156,14.34218,19.28455
735.46060,-1.62200,-0.85012,62.50797,14.57956,14.34374,14.33291,19.25176
735.47060,-1.64600,-0.84215,62.44507,14.55617,14.35987,14.29258,19.23644
735.48060,-1.64255,-0.84159,62.45434,14.56284,14.35903,14.29518,19.23729
735.49060,-1.60936,-0.83727,62.54344,14.62494,14.35003,14.32218,19.24629
735.50060,-1.60963,-0.83504,62.52287,14.62384,14.34772,14.31338,19.23793
735.51060,-1.61018,-0.81851,62.35864,14.61274,14.32793,14.24768,19.17029
735.52060,-1.59736,-0.83129,62.37644,14.59494,14.31903,14.29218,19.17029
735.53060,-1.59970,-0.83168,62.37446,14.59065,14.32134,14.29218,19.17029
735.54060,-1.62009,-0.83562,62.36988,14.56027,14.33881,14.29107,19.17973
735.55060,-1.63158,-0.84202,62.46144,14.59494,14.32903,14.28218,19.25529
735.56060,-1.62694,-0.84209,62.46962,14.59582,14.33176,14.29177,19.25027
735.57060,-1.58486,-0.84269,62.54402,14.60382,14.35656,14.37897,19.20467
735.58060,-1.57897,-0.84277,62.55444,14.60494,14.36003,14.39118,19.19829
735.59060,-1.53561,-0.87114,62.59008,14.63464,14.26895,14.44068,19.24581
735.60060,-1.57410,-0.86266,62.56594,14.56731,14.34841,14.44118,19.20904
735.61060,-1.57489,-0.86249,62.56544,14.56594,14.35003,14.44118,19.20829
735.62060,-1.55084,-0.84381,62.42726,14.63356,14.26967,14.34416,19.17987
735.63060,-1.56622,-0.86977,62.31011,14.53982,14.23825,14.36140,19.17064
735.64060,-1.56686,-0.87084,62.30544,14.53594,14.23703,14.36218,19.17029
735.65060,-1.56686,-0.87084,62.30544,14.53594,14.23703,14.36218,19.17029
735.66060,-1.54508,-0.82568,62.42744,14.64394,14.30903,14.34218,19.13229
735.67060,-1.56436,-0.83932,62.25087,14.54280,14.29103,14.33361,19.08343
735.68060,-1.52526,-0.83849,62.33344,14.60381,14.27053,14.36718,19.09191
735.69060,-1.51923,-0.83805,62.34944,14.61494,14.26803,14.37218,19.09429
735.70060,-1.56728,-0.83788,62.31504,14.57280,14.29469,14.32918,19.11837
735.71060,-1.52321,-0.84189,62.47628,14.65022,14.28097,14.39012,19.15497
735.72060,-1.51479,-0.84255,62.50344,14.66394,14.27803,14.40118,19.16029
735.73060,-1.50842,-0.84545,62.52064,14.67254,14.26943,14.40978,19.16889
735.74060,-1.50738,-0.84593,62.52344,14.67394,14.26803,14.41118,19.17029
735.75060,-1.48836,-0.83368,62.47659,14.66829,14.28553,14.42247,19.10029
735.76060,-1.48375,-0.83783,62.41051,14.63547,14.27640,14.43118,19.06746
735.77060,-1.48748,-0.84286,62.39944,14.62494,14.26803,14.43118,19.07529
735.78060,-1.47026,-0.83107,62.39271,14.64662,14.27551,14.43118,19.03941
735.79060,-1.46815,-0.82003,62.31935,14.66046,14.25782,14.38618,19.01490
735.80060,-1.47014,-0.81627,62.28144,14.66394,14.24703,14.36218,19.00829
735.81060,-1.44897,-0.82967,62.27963,14.66394,14.20959,14.39177,19.01433
735.82060,-1.43510,-0.83845,62.27844,14.66394,14.18503,14.41118,19.01829
735.83060,-1.46442,-0.84665,62.35713,14.64015,14.22285,14.42948,19.06465
735.84060,-1.45100,-0.86382,62.43764,14.61890,14.23435,14.50762,19.07677
735.85060,-1.42994,-0.87164,62.45744,14.61494,14.22603,14.55118,19.06529
735.86060,-1.43154,-0.84353,62.43380,14.67433,14.23270,14.47845,19.04832
735.87060,-1.44405,-0.81795,62.38855,14.70684,14.24923,14.40678,19.02570
735.88060,-1.45140,-0.81329,62.36944,14.70294,14.25703,14.39118,19.01829
735.89060,-1.45140,-0.81329,62.36944,14.70294,14.25703,14.39118,19.01829
735.90060,-1.45140,-0.81329,62.36944,14.70294,14.25703,14.39118,19.01829
735.91060,-1.42369,-0.79464,62.41244,14.75294,14.27803,14.40118,18.98029
735.92060,-1.37993,-0.81626,62.35007,14.73682,14.20603,14.45118,18.95604
735.93060,-1.40658,-0.83031,62.34044,14.69394,14.20603,14.45118,18.98929
735.94060,-1.40680,-0.83755,62.39274,14.68187,14.22253,14.48739,19.00095
735.95060,-1.39700,-0.84661,62.43830,14.69351,14.20718,14.51118,19.02643
735.96060,-1.38348,-0.84437,62.39544,14.73294,14.15403,14.47118,19.03729
735.97060,-1.40400,-0.84196,62.41735,14.72972,14.17401,14.45507,19.05855
735.98060,-1.44671,-0.83693,62.46298,14.72301,14.21562,14.42152,19.10284
735.99060,-1.42155,-0.83936,62.41496,14.71938,14.19037,14.43900,19.06622
736.00060,-1.38305,-0.84296,62.35140,14.71481,14.15564,14.46931,19.01164
736.01060,-1.40528,-0.84047,62.41985,14.72016,14.18879,14.46396,19.04693
736.02060,-1.41682,-0.83918,62.45544,14.72294,14.20603,14.46118,19.06529
736.03060,-1.41060,-0.84392,62.40776,14.70261,14.19131,14.46819,19.04565
736.04060,-1.41951,-0.86075,62.49508,14.67712,14.21110,14.52163,19.08522
736.05060,-1.42169,-0.86354,62.51544,14.67394,14.21603,14.53118,19.09429
736.06060,-1.42994,-0.88943,62.66944,14.68394,14.20603,14.58118,19.19829
736.07060,-1.43157,-0.89035,62.64320,14.66934,14.20603,14.58118,19.18665
736.08060,-1.43673,-0.88618,62.56376,14.63598,14.21419,14.56998,19.14361
736.09060,-1.43762,-0.85725,62.56509,14.68198,14.24819,14.52331,19.11161
736.10060,-1.44064,-0.84949,62.54773,14.68642,14.25703,14.50642,19.09786
736.11060,-1.46387,-0.84744,62.40011,14.62372,14.25703,14.46674,19.05262
736.12060,-1.39789,-0.84783,62.18496,14.64328,14.13683,14.44163,18.96322
736.13060,-1.39856,-0.84593,62.16207,14.64185,14.13282,14.43139,18.95601
736.14060,-1.41714,-0.83046,62.01344,14.62494,14.12303,14.35218,18.91329
736.15060,-1.41334,-0.83239,62.03192,14.62703,14.12424,14.36417,18.91648
736.16060,-1.38646,-0.84833,62.19541,14.64504,14.13854,14.46118,18.95065
736.17060,-1.41703,-0.85086,62.30844,14.65394,14.17503,14.46118,19.01829
736.18060,-1.41748,-0.85139,62.32395,14.65284,14.18185,14.46888,19.02038
736.19060,-1.42316,-0.85759,62.45279,14.64110,14.23623,14.53264,19.04282
736.20060,-1.44174,-0.87481,62.48325,14.61527,14.22895,14.54588,19.09315
736.21060,-1.44917,-0.88169,62.49544,14.60494,14.22603,14.55118,19.11329
736.22060,-1.39997,-0.89022,62.46769,14.64614,14.14867,14.56800,19.10488
736.23060,-1.39066,-0.89183,62.46244,14.65394,14.13403,14.57118,19.10329
736.24060,-1.45661,-0.86868,62.41638,14.62552,14.20459,14.48298,19.10329
736.25060,-1.43105,-0.85039,62.43623,14.67345,14.21593,14.48118,19.06567
736.26060,-1.43077,-0.85021,62.43644,14.67394,14.21603,14.48118,19.06529
736.27060,-1.45989,-0.84718,62.38002,14.63533,14.23682,14.45148,19.05638
736.28060,-1.46019,-0.84715,62.37944,14.63494,14.23703,14.45118,19.05629
736.29060,-1.46896,-0.86565,62.20798,14.55674,14.18538,14.43683,19.02903
736.30060,-1.48170,-0.86230,62.44150,14.60367,14.25555,14.48037,19.10192
736.31060,-1.48185,-0.86212,62.44644,14.60494,14.25703,14.48118,19.10329
736.32060,-1.48504,-0.85339,62.28964,14.62062,14.19275,14.38788,19.08839
736.33060,-1.47264,-0.87076,62.41733,14.63324,14.19162,14.45260,19.13987
736.34060,-1.46992,-0.87482,62.45244,14.63494,14.19503,14.47118,19.15129
736.35060,-1.47100,-0.86018,62.57987,14.68297,14.24600,14.48098,19.16991
736.36060,-1.47102,-0.85988,62.58244,14.68394,14.24703,14.48118,19.17029
736.37060,-1.47789,-0.84965,62.46052,14.66042,14.24223,14.43798,19.11989
736.38060,-1.51823,-0.82558,62.25341,14.61287,14.25965,14.33104,19.04984
736.39060,-1.54500,-0.81505,62.19244,14.59494,14.27803,14.28218,19.03729
736.40060,-1.52368,-0.81917,62.32334,14.64445,14.27803,14.32413,19.07672
736.41060,-1.51818,-0.85312,62.38250,14.58752,14.26952,14.41648,19.10898
736.42060,-1.51793,-0.85890,62.38844,14.57594,14.26803,14.43118,19.11329
736.43060,-1.51793,-0.85890,62.38844,14.57594,14.26803,14.43118,19.11329
736.44060,-1.54923,-0.86435,62.48344,14.58494,14.28803,14.42118,19.18929
736.45060,-1.56895,-0.85626,62.39830,14.58494,14.27083,14.35324,19.18929
736.46060,-1.55725,-0.85292,62.44808,14.59067,14.29727,14.38747,19.17266
736.47060,-1.54617,-0.85141,62.49544,14.59494,14.31903,14.42118,19.16029
736.48060,-1.58851,-0.82754,62.45326,14.60234,14.35751,14.33312,19.16029
736.49060,-1.53477,-0.82090,62.39564,14.64049,14.31082,14.34571,19.09862
736.50060,-1.50878,-0.82156,62.37944,14.65394,14.28803,14.36218,19.07529
736.51060,-1.51759,-0.83427,62.40672,14.64657,14.27329,14.36955,19.11732
736.52060,-1.52072,-0.83879,62.41644,14.64394,14.26803,14.37218,19.13229
736.53060,-1.52072,-0.83879,62.41644,14.64394,14.26803,14.37218,19.13229
736.54060,-1.54694,-0.83676,62.33131,14.59269,14.28541,14.34612,19.10709
736.55060,-1.52212,-0.84614,62.39424,14.61078,14.27081,14.39300,19.11965
736.56060,-1.51749,-0.84769,62.40644,14.61494,14.26803,14.40118,19.12229
736.57060,-1.58821,-0.84525,62.45199,14.57753,14.33321,14.35778,19.18347
736.58060,-1.58825,-0.84841,62.43444,14.58494,14.30903,14.34218,19.19829
736.59060,-1.56922,-0.84287,62.52009,14.62746,14.32136,14.36683,19.20445
736.60060,-1.55739,-0.83942,62.57344,14.65394,14.32903,14.38218,19.20829
736.61060,-1.56612,-0.84252,62.51191,14.62525,14.32072,14.36971,19.19623
736.62060,-1.59538,-0.84863,62.45856,14.58062,14.32391,14.34738,19.20665
736.63060,-1.61374,-0.85051,62.49444,14.57594,14.34003,14.34218,19.23629
736.64060,-1.61541,-0.85245,62.49391,14.57330,14.33713,14.34218,19.24131
736.65060,-1.62003,-0.85784,62.49244,14.56594,14.32903,14.34218,19.25529
736.66060,-1.62936,-0.87009,62.48761,14.54220,14.31696,14.35023,19.27822
736.67060,-1.64265,-0.89342,62.48908,14.50214,14.29375,14.37178,19.32141
736.68060,-1.64205,-0.89898,62.49844,14.49694,14.28803,14.38218,19.33129
736.69060,-1.62862,-0.89389,62.44604,14.50664,14.26814,14.36763,19.30363
736.70060,-1.61280,-0.89030,62.42173,14.49980,14.27360,14.38604,19.26229
736.71060,-1.61073,-0.89273,62.46344,14.47694,14.30903,14.43118,19.24629
736.72060,-1.60100,-0.88677,62.43311,14.50327,14.28503,14.40485,19.23995
736.73060,-1.58150,-0.87484,62.37244,14.55594,14.23703,14.35218,19.22729
736.74060,-1.58150,-0.87484,62.37244,14.55594,14.23703,14.35218,19.22729
736.75060,-1.60707,-0.89509,62.40968,14.49812,14.25663,14.39040,19.26453
736.76060,-1.56501,-0.89897,62.44844,14.54594,14.21603,14.42118,19.26529
736.77060,-1.56501,-0.89897,62.44844,14.54594,14.21603,14.42118,19.26529
736.78060,-1.61778,-0.91495,62.30200,14.46152,14.18933,14.36174,19.28941
736.79060,-1.54430,-0.87704,62.42636,14.60876,14.20309,14.37798,19.23653
736.80060,-1.53099,-0.87046,62.45044,14.63494,14.20603,14.38218,19.22729
736.81060,-1.51786,-0.88247,62.38938,14.60914,14.17077,14.39852,19.21095
736.82060,-1.52328,-0.87915,62.39347,14.61184,14.17906,14.38991,19.21266
736.83060,-1.54799,-0.86801,62.39950,14.61217,14.21200,14.35678,19.21855
736.84060,-1.54604,-0.88994,62.26244,14.53594,14.16503,14.37218,19.18929
736.85060,-1.54604,-0.88994,62.26244,14.53594,14.16503,14.37218,19.18929
736.86060,-1.53795,-0.88342,62.24296,14.56764,14.14216,14.34307,19.19009
736.87060,-1.52484,-0.88663,62.25814,14.58460,14.12341,14.35200,19.19813
736.88060,-1.52702,-0.88457,62.26384,14.58494,14.13133,14.35118,19.19639
736.89060,-1.54897,-0.86544,62.31244,14.58494,14.20603,14.34218,19.17929
736.90060,-1.54623,-0.86886,62.32267,14.58714,14.19921,14.34867,19.18765
736.91060,-1.52838,-0.89710,62.40250,14.59634,14.14959,14.40227,19.25431
736.92060,-1.56330,-0.90217,62.37844,14.52594,14.19503,14.41118,19.24629
736.93060,-1.56330,-0.90217,62.37844,14.52594,14.19503,14.41118,19.24629
736.94060,-1.56445,-0.87957,62.40075,14.58859,14.20450,14.35722,19.25045
736.95060,-1.54064,-0.89089,62.51389,14.62509,14.18917,14.40758,19.29205
736.96060,-1.53138,-0.89174,62.52914,14.63294,14.18603,14.42018,19.28999
736.97060,-1.50571,-0.87183,62.39144,14.61494,14.19503,14.41118,19.17029
736.98060,-1.50840,-0.86846,62.38457,14.61888,14.19715,14.40017,19.16837
736.99060,-1.53604,-0.84241,62.30900,14.63972,14.21259,14.30440,19.15229
737.00060,-1.56551,-0.87461,62.19344,14.52594,14.18503,14.32218,19.16029
737.01060,-1.55972,-0.87041,62.17529,14.53353,14.18052,14.31448,19.14676
737.02060,-1.51278,-0.83632,62.02844,14.59494,14.14403,14.25218,19.03729
737.03060,-1.51278,-0.83632,62.02844,14.59494,14.14403,14.25218,19.03729
737.04060,-1.51640,-0.83823,62.01875,14.58525,14.14403,14.25218,19.03729
737.05060,-1.50348,-0.84217,62.10468,14.61434,14.14403,14.28158,19.06473
737.06060,-1.50321,-0.84224,62.10644,14.61494,14.14403,14.28218,19.06529
737.07060,-1.48808,-0.84092,62.31028,14.67276,14.18421,14.34098,19.11233
737.08060,-1.52875,-0.84778,62.29582,14.60632,14.22521,14.34218,19.12211
737.09060,-1.52958,-0.84792,62.29544,14.60494,14.22603,14.34218,19.12229
737.10060,-1.50129,-0.86487,62.35325,14.60494,14.20644,14.40979,19.13208
737.11060,-1.50071,-0.86522,62.35444,14.60494,14.20603,14.41118,19.13229
737.12060,-1.50571,-0.86375,62.34053,14.60494,14.20362,14.39750,19.13447
737.13060,-1.53629,-0.85766,62.26428,14.60494,14.18503,14.31805,19.15625
737.14060,-1.51362,-0.87239,62.35144,14.60494,14.18503,14.39118,19.17029
737.15060,-1.52408,-0.87279,62.32332,14.58603,14.18988,14.38197,19.16544
737.16060,-1.52651,-0.87946,62.29684,14.57516,14.17029,14.37703,19.17436
737.17060,-1.51730,-0.88610,62.30044,14.58494,14.14403,14.38218,19.18929
737.18060,-1.50690,-0.88404,62.41791,14.62790,14.16089,14.40883,19.22029
737.19060,-1.50026,-0.87140,62.45164,14.65914,14.17983,14.40286,19.20981
737.20060,-1.50249,-0.85955,62.38144,14.65394,14.18503,14.37218,19.17029
737.21060,-1.48791,-0.83340,62.37133,14.71518,14.19065,14.32724,19.13826
737.22060,-1.47653,-0.81300,62.36344,14.76294,14.19503,14.29218,19.11329
737.23060,-1.47367,-0.81850,62.22497,14.72085,14.15782,14.27388,19.07242
737.24060,-1.49132,-0.83207,62.16319,14.66237,14.15062,14.27823,19.07197
737.25060,-1.50824,-0.84079,62.18644,14.63494,14.16503,14.29218,19.09429
737.26060,-1.51497,-0.83990,62.24464,14.64634,14.18303,14.29818,19.11709
737.27060,-1.51748,-0.83966,62.35176,14.67978,14.19985,14.31094,19.16119
737.28060,-1.51496,-0.84013,62.43944,14.71294,14.20603,14.32218,19.19829
737.29060,-1.51915,-0.85831,62.47927,14.67351,14.21408,14.37408,19.21760
737.30060,-1.52537,-0.88528,62.53844,14.61494,14.22603,14.45118,19.24629
737.31060,-1.52916,-0.86997,62.51924,14.65286,14.22123,14.39886,19.24629
737.32060,-1.53466,-0.86619,62.50276,14.66082,14.21603,14.37530,19.25061
737.33060,-1.53617,-0.88007,62.50744,14.62494,14.21603,14.41118,19.25529
737.34060,-1.53215,-0.87829,62.51560,14.65326,14.19635,14.39246,19.27353
737.35060,-1.54119,-0.87772,62.46967,14.66493,14.16505,14.34641,19.29329
737.36060,-1.56917,-0.88055,62.35558,14.62534,14.14424,14.29272,19.29329
737.37060,-1.56960,-0.87634,62.37796,14.61425,14.17718,14.31357,19.27297
737.38060,-1.56987,-0.86869,62.42044,14.59494,14.23703,14.35218,19.23629
737.39060,-1.56927,-0.87512,62.38120,14.58115,14.21511,14.34864,19.23629
737.40060,-1.57081,-0.89243,62.29417,14.54867,14.16012,14.33854,19.24683
737.41060,-1.57547,-0.90213,62.26744,14.53594,14.13403,14.33218,19.26529
737.42060,-1.57797,-0.89924,62.31470,14.54693,14.15272,14.33951,19.27554
737.43060,-1.57784,-0.89092,62.41814,14.57762,14.19242,14.35695,19.29114
737.44060,-1.56553,-0.88172,62.47840,14.61007,14.21295,14.37019,19.28518
737.45060,-1.58072,-0.87739,62.50078,14.61264,14.23259,14.35608,19.29947
737.46060,-1.63770,-0.86750,62.54544,14.60494,14.28803,14.30218,19.35029
737.47060,-1.63328,-0.87088,62.52426,14.59918,14.27474,14.30453,19.34582
737.48060,-1.61317,-0.88629,62.42801,14.57297,14.21431,14.31523,19.32550
737.49060,-1.61749,-0.89518,62.38619,14.55594,14.18773,14.30669,19.33583
737.50060,-1.65527,-0.89538,62.43206,14.55468,14.20959,14.27471,19.39309
737.51060,-1.65474,-0.91657,62.41800,14.53708,14.16268,14.28657,19.43167
737.52060,-1.68131,-0.92564,62.37034,14.50016,14.15287,14.26321,19.45410
737.53060,-1.70526,-0.93382,62.32744,14.46694,14.14403,14.24218,19.47429
737.54060,-1.73077,-0.92821,62.40944,14.45794,14.20603,14.25218,19.49329
737.55060,-1.73656,-0.93166,62.41661,14.45390,14.20391,14.25117,19.50763
737.56060,-1.79144,-0.95807,62.47685,14.41685,14.19625,14.23673,19.62701
737.57060,-1.81916,-0.92290,62.44744,14.40794,14.28803,14.19218,19.55929
737.58060,-1.81782,-0.92323,62.44323,14.40930,14.28382,14.19082,19.55929
737.59060,-1.80566,-0.92628,62.40496,14.42164,14.24555,14.17848,19.55929
737.60060,-1.80319,-0.91871,62.39720,14.42794,14.25641,14.17218,19.54067
737.61060,-1.80327,-0.91852,62.39744,14.42794,14.25703,14.17218,19.54029
737.62060,-1.76366,-0.90854,62.48653,14.49624,14.25703,14.20188,19.53138
737.63060,-1.76325,-0.90844,62.48744,14.49694,14.25703,14.20218,19.53129
737.64060,-1.78769,-0.91799,62.22671,14.39108,14.21685,14.15317,19.46561
737.65060,-1.78887,-0.90706,62.43724,14.45724,14.27741,14.18188,19.52071
737.66060,-1.78888,-0.90695,62.43944,14.45794,14.27803,14.18218,19.52129
737.67060,-1.74096,-0.90377,62.45924,14.50645,14.24735,14.21188,19.49357
737.68060,-1.74222,-0.90466,62.46491,14.50694,14.24703,14.21218,19.49875
737.69060,-1.73150,-0.90716,62.44540,14.52062,14.21751,14.20498,19.50229
737.70060,-1.68192,-0.90273,62.50094,14.54314,14.23269,14.27958,19.44553
737.71060,-1.67461,-0.90189,62.51144,14.54594,14.23703,14.29218,19.43629
737.72060,-1.68694,-0.89169,62.48797,14.56311,14.23703,14.24639,19.44144
737.73060,-1.64624,-0.88669,62.51401,14.60380,14.22203,14.27647,19.41172
737.74060,-1.62629,-0.88775,62.53144,14.61494,14.21603,14.30218,19.39829
737.75060,-1.63004,-0.88002,62.43324,14.57273,14.23412,14.29357,19.33282
737.76060,-1.63065,-0.87878,62.41744,14.56594,14.23703,14.29218,19.32229
737.77060,-1.64925,-0.87848,62.36550,14.54900,14.23082,14.25831,19.32737
737.78060,-1.60597,-0.85031,62.36600,14.61558,14.24152,14.25430,19.25460
737.79060,-1.58546,-0.84037,62.38044,14.64394,14.24703,14.26218,19.22729
737.80060,-1.57330,-0.85187,62.37372,14.64394,14.21247,14.27658,19.24073
737.81060,-1.55410,-0.86755,62.48116,14.65354,14.20959,14.34450,19.27353
737.82060,-1.54760,-0.87104,62.60544,14.66394,14.24703,14.40118,19.29329
737.83060,-1.53987,-0.86114,62.61703,14.69097,14.25255,14.39070,19.28280
737.84060,-1.53360,-0.85309,62.62644,14.71294,14.25703,14.38218,19.27429
737.85060,-1.50561,-0.86054,62.51364,14.69554,14.20183,14.38758,19.22869
737.86060,-1.48222,-0.85503,62.37244,14.70734,14.13983,14.34378,19.18149
737.87060,-1.47910,-0.84802,62.32844,14.72294,14.12303,14.31218,19.17029
737.88060,-1.47339,-0.86076,62.28616,14.69939,14.09223,14.32426,19.17029
737.89060,-1.47852,-0.87137,62.24814,14.64818,14.09688,14.35036,19.15271
737.90060,-1.48430,-0.87284,62.24144,14.62494,14.11303,14.36218,19.14129
737.91060,-1.48878,-0.86655,62.20217,14.63415,14.10285,14.32824,19.13692
737.92060,-1.49355,-0.85985,62.16044,14.64394,14.09203,14.29218,19.13229
737.93060,-1.45885,-0.86809,62.20700,14.67226,14.06275,14.33538,19.13661
737.94060,-1.40478,-0.86788,62.28768,14.72214,14.05071,14.40090,19.11393
737.95060,-1.38688,-0.85801,62.32044,14.74294,14.07203,14.42118,19.08429
737.96060,-1.42242,-0.85894,62.34876,14.72374,14.10179,14.40246,19.12077
737.97060,-1.45357,-0.86492,62.39738,14.70779,14.12385,14.39624,19.16950
737.98060,-1.44580,-0.87021,62.41644,14.71294,14.11303,14.41118,19.17929
737.99060,-1.44238,-0.87735,62.41742,14.69383,14.11303,14.43568,19.17488
738.00060,-1.43881,-0.88479,62.41844,14.67394,14.11303,14.46118,19.17029
738.01060,-1.44142,-0.88712,62.42082,14.66865,14.11303,14.46382,19.17531
738.02060,-1.42583,-0.89604,62.48720,14.68598,14.10187,14.49998,19.19937
738.03060,-1.38533,-0.90035,62.59344,14.74294,14.08203,14.55118,19.21729
738.04060,-1.39711,-0.89246,62.56999,14.73944,14.09638,14.52668,19.20749
738.05060,-1.42793,-0.87871,62.50229,14.71929,14.12303,14.47068,19.18929
738.06060,-1.44450,-0.88040,62.45744,14.69394,14.12303,14.45118,19.18929
738.07060,-1.43856,-0.86932,62.46885,14.71853,14.13408,14.44049,19.17574
738.08060,-1.42782,-0.84931,62.48944,14.76294,14.15403,14.42118,19.15129
738.09060,-1.42782,-0.84931,62.48944,14.76294,14.15403,14.42118,19.15129
738.10060,-1.42831,-0.85321,62.32778,14.71674,14.11476,14.39118,19.10510
738.11060,-1.43567,-0.84255,62.44944,14.76294,14.15403,14.39118,19.14129
738.12060,-1.43266,-0.84284,62.44015,14.76503,14.14683,14.38909,19.13920
738.13060,-1.41459,-0.83555,62.40691,14.78247,14.13398,14.38218,19.10829
738.14060,-1.38413,-0.80452,62.39744,14.82194,14.17503,14.38218,19.01829
738.15060,-1.38335,-0.80551,62.40544,14.82806,14.16991,14.38093,19.02654
738.16060,-1.37786,-0.81245,62.46144,14.87094,14.13403,14.37218,19.08429
738.17060,-1.37397,-0.80969,62.42961,14.87094,14.12683,14.36289,19.06895
738.18060,-1.35645,-0.81216,62.32492,14.86381,14.07856,14.34620,19.03635
738.19060,-1.34159,-0.84951,62.32644,14.84094,14.00003,14.39118,19.09429
738.20060,-1.34518,-0.85089,62.33510,14.83612,14.00510,14.39489,19.09899
738.21060,-1.36080,-0.85686,62.37273,14.81515,14.02715,14.41102,19.11942
738.22060,-1.37817,-0.87669,62.42055,14.76910,14.04103,14.45444,19.15598
738.23060,-1.38876,-0.89925,62.45444,14.72294,14.04103,14.50118,19.18929
738.24060,-1.41092,-0.90281,62.51117,14.73385,14.04649,14.48482,19.24601
738.25060,-1.42936,-0.90577,62.55844,14.74294,14.05103,14.47118,19.29329
738.26060,-1.39319,-0.88695,62.46448,14.75125,14.05103,14.47118,19.19102
738.27060,-1.39639,-0.83823,62.43943,14.82850,14.09568,14.37759,19.13766
738.28060,-1.39813,-0.83083,62.43844,14.84094,14.10303,14.36218,19.13229
738.29060,-1.45028,-0.83206,62.36139,14.78489,14.11999,14.30709,19.14942
738.30060,-1.40938,-0.83693,62.38817,14.81167,14.09231,14.35173,19.13246
738.31060,-1.40897,-0.83698,62.38844,14.81194,14.09203,14.35218,19.13229
738.32060,-1.47047,-0.84040,62.34728,14.77274,14.10281,14.28358,19.18815
738.33060,-1.47173,-0.84047,62.34644,14.77194,14.10303,14.28218,19.18929
738.34060,-1.48336,-0.84704,62.25824,14.74352,14.07265,14.25278,19.18929
738.35060,-1.49268,-0.88731,62.36996,14.67599,14.08174,14.35891,19.25333
738.36060,-1.49296,-0.88854,62.37344,14.67394,14.08203,14.36218,19.25529
738.37060,-1.52683,-0.89076,62.51848,14.66414,14.15259,14.39060,19.31115
738.38060,-1.52752,-0.89081,62.52144,14.66394,14.15403,14.39118,19.31229
738.39060,-1.52740,-0.89031,62.63602,14.69413,14.17803,14.41441,19.34945
738.40060,-1.51382,-0.88616,62.64560,14.70294,14.18503,14.42969,19.32793
738.41060,-1.51146,-0.88546,62.64144,14.70294,14.18503,14.43118,19.32229
738.42060,-1.49868,-0.89566,62.51224,14.70294,14.09748,14.38953,19.32229
738.43060,-1.52211,-0.90185,62.38999,14.64514,14.08203,14.35668,19.30614
738.44060,-1.52665,-0.90262,62.37244,14.63494,14.08203,14.35218,19.30329
738.45060,-1.53177,-0.90150,62.36804,14.63494,14.08308,14.34276,19.30726
738.46060,-1.57047,-0.89072,62.31449,14.63494,14.08789,14.26218,19.32948
738.47060,-1.55224,-0.88995,62.24953,14.62294,14.07203,14.27027,19.28429
738.48060,-1.58112,-0.91201,62.27504,14.53674,14.10975,14.32678,19.30177
738.49060,-1.60399,-0.90976,62.33444,14.52594,14.15403,14.33218,19.32229
738.50060,-1.59310,-0.90634,62.39766,14.57091,14.14752,14.33218,19.34705
738.51060,-1.59231,-0.89678,62.43213,14.60187,14.15859,14.31832,19.35335
738.52060,-1.59454,-0.89336,62.43244,14.60494,14.16503,14.31218,19.35029
738.53060,-1.60214,-0.88940,62.48981,14.62054,14.18671,14.31218,19.37038
738.54060,-1.62323,-0.87843,62.64944,14.66394,14.24703,14.31218,19.42629
738.55060,-1.62966,-0.88068,62.55731,14.64423,14.21807,14.28000,19.41502
738.56060,-1.65817,-0.89400,62.42860,14.59142,14.17503,14.23218,19.42997
738.57060,-1.67867,-0.90479,62.43744,14.56594,14.17503,14.23218,19.46429
738.58060,-1.71265,-0.90941,62.34774,14.50594,14.18109,14.20188,19.45883
738.59060,-1.74139,-0.90750,62.30877,14.52673,14.14759,14.12178,19.51266
738.60060,-1.74572,-0.90428,62.32144,14.56594,14.12303,14.08218,19.55029
738.61060,-1.74572,-0.90428,62.32144,14.56594,14.12303,14.08218,19.55029
738.62060,-1.76007,-0.90499,62.31783,14.54363,14.14174,14.08218,19.55029
738.63060,-1.78997,-0.90647,62.31032,14.49715,14.18070,14.08218,19.55029
738.64060,-1.78771,-0.90418,62.26921,14.47844,14.18676,14.08528,19.51873
738.65060,-1.80130,-0.88857,62.34544,14.51694,14.22603,14.06218,19.54029
738.66060,-1.81013,-0.89751,62.37320,14.49683,14.23448,14.08229,19.55960
738.67060,-1.82033,-0.91512,62.46116,14.47654,14.24703,14.12818,19.60941
738.68060,-1.81426,-0.92415,62.55849,14.49654,14.24703,14.16151,19.65341
738.69060,-1.82048,-0.92497,62.53432,14.48707,14.24316,14.15093,19.65316
738.70060,-1.86502,-0.92944,62.35144,14.41794,14.21603,14.07218,19.64529
738.71060,-1.86005,-0.93282,62.37664,14.42261,14.21370,14.08618,19.65415
738.72060,-1.84589,-0.94245,62.44864,14.43594,14.20703,14.12618,19.67949
738.73060,-1.83320,-0.93830,62.38244,14.41794,14.20603,14.13218,19.62629
738.74060,-1.83320,-0.93830,62.38244,14.41794,14.20603,14.13218,19.62629
738.75060,-1.81666,-0.91857,62.22821,14.40457,14.20247,14.09873,19.52244
738.76060,-1.80440,-0.91244,62.22644,14.44794,14.17503,14.07218,19.53129
738.77060,-1.79499,-0.91439,62.21701,14.45024,14.16307,14.07908,19.52462
738.78060,-1.75888,-0.92447,62.20147,14.45794,14.12071,14.11612,19.50670
738.79060,-1.74987,-0.93942,62.23820,14.44170,14.11303,14.16218,19.52129
738.80060,-1.76938,-0.95232,62.16500,14.38672,14.09926,14.15551,19.52351
738.81060,-1.76817,-0.96084,62.09344,14.37894,14.05103,14.13218,19.53129
738.82060,-1.77161,-0.96516,62.13526,14.37894,14.05840,14.14644,19.55148
738.83060,-1.78084,-0.98166,62.27918,14.37753,14.08062,14.20065,19.62038
738.84060,-1.77302,-0.99322,62.32151,14.37139,14.07449,14.23746,19.63817
738.85060,-1.76990,-0.99784,62.33844,14.36894,14.07203,14.25218,19.64529
738.86060,-1.74352,-0.99797,62.53644,14.41794,14.11303,14.33218,19.67329
738.87060,-1.74352,-0.99797,62.53644,14.41794,14.11303,14.33218,19.67329
738.88060,-1.76032,-0.98926,62.44114,14.39832,14.11303,14.28377,19.64602
738.89060,-1.70414,-0.96448,62.46366,14.47646,14.11303,14.29701,19.57715
738.90060,-1.68224,-0.95483,62.47244,14.50694,14.11303,14.30218,19.55029
738.91060,-1.74061,-0.92763,62.46166,14.52556,14.16399,14.19438,19.57773
738.92060,-1.69986,-0.89461,62.33012,14.56514,14.15425,14.15298,19.45775
738.93060,-1.69900,-0.89395,62.32744,14.56594,14.15403,14.15218,19.45529
738.94060,-1.67975,-0.93463,62.24830,14.48876,14.08369,14.22057,19.45529
738.95060,-1.66357,-0.96255,62.26983,14.48694,14.01911,14.25559,19.50818
738.96060,-1.65466,-0.98592,62.27882,14.47732,13.96903,14.28218,19.55029
738.97060,-1.67923,-0.98434,62.28675,14.44179,14.01249,14.28603,19.54644
738.98060,-1.69492,-0.96931,62.36244,14.44794,14.08203,14.29218,19.54029
738.99060,-1.70417,-0.96731,62.39134,14.41394,14.13473,14.32618,19.51649
739.00060,-1.69499,-0.96429,62.46316,14.44151,14.14828,14.34493,19.52844
739.01060,-1.68230,-0.96117,62.54166,14.48101,14.15328,14.35993,19.54744
739.02060,-1.66844,-0.96831,62.50015,14.49424,14.10147,14.34758,19.55686
739.03060,-1.66400,-0.97113,62.48044,14.49694,14.08203,14.34218,19.55929
739.04060,-1.65478,-0.95830,62.46584,14.53271,14.07473,14.31298,19.54542
739.05060,-1.63800,-0.96883,62.34964,14.50748,14.01794,14.30870,19.51552
739.06060,-1.63085,-0.97702,62.29044,14.48694,13.98903,14.31218,19.50229
739.07060,-1.63755,-0.98452,62.33658,14.47526,14.00130,14.33554,19.52448
739.08060,-1.64536,-0.98981,62.36967,14.46491,14.01229,14.34993,19.54254
739.09060,-1.65171,-0.98972,62.37013,14.46069,14.01698,14.34523,19.54724
739.10060,-1.65583,-0.98966,62.37044,14.45794,14.02003,14.34218,19.55029
739.11060,-1.62631,-0.97205,62.59104,14.51081,14.11623,14.43385,19.53015
739.12060,-1.57525,-0.96772,62.52344,14.53594,14.07203,14.45118,19.46429
739.13060,-1.55990,-0.95839,62.46401,14.57322,14.03314,14.40850,19.44916
739.14060,-1.54681,-0.95043,62.41344,14.60494,14.00003,14.37218,19.43629
739.15060,-1.53292,-0.93363,62.44524,14.62834,14.03723,14.38358,19.39609
739.16060,-1.52509,-0.92974,62.44210,14.62714,14.04763,14.39461,19.37272
739.17060,-1.52747,-0.94193,62.40153,14.59914,14.02363,14.40032,19.37843
739.18060,-1.52938,-0.95921,62.35954,14.58087,13.97540,14.39633,19.40694
739.19060,-1.53103,-0.97562,62.32144,14.56594,13.92803,14.39118,19.43629
739.20060,-1.52304,-0.97824,62.32768,14.54674,13.94291,14.42478,19.41325
739.21060,-1.50689,-0.97489,62.43529,14.56909,13.97891,14.47573,19.41156
739.22060,-1.49896,-0.96834,62.54244,14.61494,14.00003,14.49118,19.43629
739.23060,-1.50752,-0.95864,62.54861,14.61494,14.02947,14.48169,19.42252
739.24060,-1.49868,-0.94000,62.57047,14.64355,14.06203,14.47603,19.38886
739.25060,-1.47923,-0.93160,62.58644,14.67394,14.06203,14.48118,19.36929
739.26060,-1.47072,-0.92489,62.57337,14.69321,14.05517,14.46811,19.35687
739.27060,-1.45335,-0.91119,62.54671,14.73255,14.04117,14.44145,19.33154
739.28060,-1.46257,-0.91342,62.52996,14.71646,14.04342,14.43640,19.33367
739.29060,-1.48216,-0.91837,62.49563,14.68213,14.04840,14.42645,19.33865
739.30060,-1.49716,-0.94226,62.38644,14.61494,14.00003,14.42118,19.35029
739.31060,-1.48776,-0.93616,62.37937,14.63226,13.99614,14.41411,19.33685
739.32060,-1.48761,-0.93794,62.35183,14.62901,13.98190,14.40474,19.33617
739.33060,-1.51842,-0.96129,62.32544,14.56594,13.96903,14.41118,19.37929
739.34060,-1.51842,-0.96129,62.32544,14.56594,13.96903,14.41118,19.37929
739.35060,-1.44311,-0.93980,62.36744,14.65394,13.95903,14.45118,19.30329
739.36060,-1.44311,-0.93980,62.36744,14.65394,13.95903,14.45118,19.30329
739.37060,-1.44411,-0.94252,62.36583,14.65176,13.95306,14.45118,19.30984
739.38060,-1.44491,-0.96055,62.35364,14.64491,13.90500,14.45118,19.35255
739.39060,-1.41368,-0.95135,62.33846,14.67934,13.88876,14.45463,19.31573
739.40060,-1.40191,-0.97774,62.23016,14.61680,13.82963,14.48348,19.30025
739.41060,-1.47575,-1.01362,62.27944,14.52594,13.84503,14.49118,19.41729
739.42060,-1.46482,-1.01049,62.27484,14.54181,13.83560,14.48888,19.40855
739.43060,-1.42823,-1.00003,62.25944,14.59494,13.80403,14.48118,19.37929
739.44060,-1.43511,-1.00354,62.26634,14.58137,13.81116,14.48808,19.38573
739.45060,-1.44345,-0.99985,62.30186,14.57435,13.84446,14.49968,19.38337
739.46060,-1.39436,-0.94821,62.34344,14.70294,13.87603,14.46118,19.30329
739.47060,-1.40925,-0.95442,62.33183,14.67835,13.87831,14.45890,19.31627
739.48060,-1.45452,-0.96609,62.30481,14.61615,13.89625,14.44332,19.34909
739.49060,-1.43298,-0.92755,62.35544,14.70294,13.93803,14.41118,19.30329
739.50060,-1.43412,-0.92768,62.36829,14.70621,13.94032,14.41227,19.30949
739.51060,-1.44344,-0.92872,62.47344,14.73294,13.95903,14.42118,19.36029
739.52060,-1.44393,-0.92899,62.46874,14.72704,13.96203,14.42418,19.35549
739.53060,-1.45117,-0.93290,62.43304,14.67294,13.98903,14.45118,19.31989
739.54060,-1.47660,-0.94613,62.49244,14.66394,13.98903,14.45118,19.38829
739.55060,-1.47175,-0.94510,62.48364,14.66784,13.98393,14.45018,19.38169
739.56060,-1.42804,-0.93577,62.40444,14.70294,13.93803,14.44118,19.32229
739.57060,-1.43492,-0.93690,62.37389,14.68958,13.93431,14.43036,19.31965
739.58060,-1.50188,-0.94753,62.07069,14.55804,13.89776,14.32435,19.29053
739.59060,-1.47935,-0.94093,62.09315,14.57906,13.90500,14.34609,19.26300
739.60060,-1.47305,-0.93908,62.09944,14.58494,13.90703,14.35218,19.25529
739.61060,-1.51087,-0.90801,62.00357,14.58494,13.94756,14.25334,19.21773
739.62060,-1.51839,-0.93343,62.06679,14.58494,13.90744,14.27198,19.30243
739.63060,-1.51846,-0.93369,62.06744,14.58494,13.90703,14.27218,19.30329
739.64060,-1.48813,-0.93503,62.20565,14.60454,13.94722,14.36040,19.29348
739.65060,-1.48752,-0.93506,62.20844,14.60494,13.94803,14.36218,19.29329
739.66060,-1.50419,-0.96877,62.28096,14.57652,13.91765,14.40040,19.38639
739.67060,-1.50694,-0.95680,62.35490,14.61139,13.94935,14.39597,19.39819
739.68060,-1.50915,-0.94520,62.42144,14.64394,13.97903,14.39118,19.40729
739.69060,-1.50627,-0.94480,62.41467,14.64394,13.97701,14.39219,19.40153
739.70060,-1.48877,-0.93722,62.34518,14.64187,13.96796,14.38713,19.34822
739.71060,-1.55595,-0.90393,62.26944,14.62494,14.04103,14.27218,19.33129
739.72060,-1.55644,-0.90664,62.26182,14.61851,14.03657,14.27436,19.33238
739.73060,-1.56048,-0.92878,62.19944,14.56594,14.00003,14.29218,19.34129
739.74060,-1.55386,-0.92776,62.21638,14.58112,13.99541,14.29438,19.34547
739.75060,-1.54315,-0.92793,62.28419,14.61269,13.99453,14.30968,19.36729
739.76060,-1.58141,-0.93924,62.30744,14.54594,14.04103,14.33218,19.38829
739.77060,-1.57049,-0.93219,62.32511,14.56985,14.04450,14.33218,19.37858
739.78060,-1.55819,-0.91625,62.40990,14.62382,14.07309,14.33524,19.37775
739.79060,-1.57691,-0.91025,62.52644,14.64394,14.12303,14.34218,19.41729
739.80060,-1.59201,-0.89997,62.51225,14.65459,14.13403,14.30315,19.42048
739.81060,-1.61949,-0.88127,62.48644,14.67394,14.15403,14.23218,19.42629
739.82060,-1.60714,-0.87894,62.45944,14.67927,14.14265,14.23218,19.40535
739.83060,-1.57720,-0.87276,62.32804,14.66754,14.11063,14.22618,19.32369
739.84060,-1.59393,-0.87557,62.32044,14.64394,14.12303,14.22218,19.33129
739.85060,-1.58989,-0.88753,62.25075,14.61207,14.09008,14.22758,19.32102
739.86060,-1.57839,-0.91158,62.15484,14.56754,14.02483,14.24418,19.31829
739.87060,-1.57302,-0.92082,62.13044,14.55594,14.00003,14.25218,19.32229
739.88060,-1.58494,-0.91528,62.24504,14.56194,14.06183,14.28218,19.33909
739.89060,-1.59286,-0.91159,62.32144,14.56594,14.10303,14.30218,19.35029
739.90060,-1.60060,-0.91581,62.31986,14.56594,14.09078,14.29032,19.37282
739.91060,-1.61476,-0.91476,62.35451,14.59398,14.08154,14.25792,19.42107
739.92060,-1.61735,-0.90649,62.39544,14.62494,14.09203,14.24218,19.43629
739.93060,-1.61361,-0.91506,62.34421,14.60191,14.06806,14.24688,19.42736
739.94060,-1.59984,-0.92786,62.27704,14.57281,14.03132,14.26471,19.40820
739.95060,-1.57949,-0.93450,62.25704,14.56614,14.01065,14.29138,19.38887
739.96060,-1.59824,-0.93839,62.28058,14.54248,14.03451,14.29898,19.40461
739.97060,-1.63523,-0.96324,62.26760,14.47008,14.03307,14.31218,19.45227
739.98060,-1.63415,-0.99773,62.15144,14.41794,13.93803,14.31218,19.48329
739.99060,-1.63415,-0.99773,62.15144,14.41794,13.93803,14.31218,19.48329
740.00060,-1.62477,-0.96673,62.16344,14.47694,13.96903,14.27218,19.44529
740.01060,-1.62984,-0.96674,62.18414,14.47464,13.98076,14.27678,19.45196
740.02060,-1.64177,-0.96155,62.27189,14.48265,14.02709,14.29218,19.46996
740.03060,-1.62483,-0.94377,62.33444,14.53594,14.05103,14.29218,19.45529
740.04060,-1.62004,-0.95248,62.29049,14.52250,14.02052,14.29218,19.45529
740.05060,-1.61286,-0.97848,62.15513,14.47694,13.93320,14.28545,19.45955
740.06060,-1.64429,-0.96594,62.20244,14.47694,13.98903,14.26218,19.47429
740.07060,-1.64429,-0.96594,62.20244,14.47694,13.98903,14.26218,19.47429
740.08060,-1.62836,-0.97617,62.23944,14.50694,13.94803,14.27218,19.51229
740.09060,-1.63073,-0.97846,62.25114,14.50294,13.95113,14.27818,19.51889
740.10060,-1.65147,-0.99980,62.36334,14.46794,13.97903,14.33518,19.58119
740.11060,-1.64639,-1.00686,62.42544,14.47694,13.97903,14.36218,19.60729
740.12060,-1.64839,-1.00386,62.41024,14.47304,13.98423,14.35618,19.59679
740.13060,-1.66641,-0.97673,62.27344,14.43794,14.03103,14.30218,19.50229
740.14060,-1.66927,-0.98043,62.27824,14.43004,14.03103,14.30818,19.50899
740.15060,-1.69332,-1.01248,62.32684,14.36884,14.02683,14.35718,19.57399
740.16060,-1.67826,-1.00182,62.37544,14.45794,13.98903,14.31218,19.61629
740.17060,-1.67687,-1.00100,62.38194,14.45694,13.99523,14.31818,19.61159
740.18060,-1.66546,-0.99314,62.43734,14.44894,14.05003,14.36818,19.57019
740.19060,-1.67526,-0.98849,62.40944,14.45794,14.04103,14.33218,19.57829
740.20060,-1.67465,-0.98890,62.40754,14.45594,14.04103,14.33418,19.57639
740.21060,-1.66918,-0.99263,62.39044,14.43794,14.04103,14.35218,19.55929
740.22060,-1.66918,-0.99263,62.39044,14.43794,14.04103,14.35218,19.55929
740.23060,-1.62077,-0.99924,62.44728,14.47616,14.01065,14.41000,19.55047
740.24060,-1.65516,-0.99346,62.37004,14.46714,14.00023,14.33376,19.56891
740.25060,-1.65588,-0.99334,62.36844,14.46694,14.00003,14.33218,19.56929
740.26060,-1.65414,-0.98483,62.44701,14.47664,14.04950,14.36128,19.55959
740.27060,-1.67282,-0.97644,62.40288,14.46724,14.06170,14.32338,19.55056
740.28060,-1.67340,-0.97619,62.40144,14.46694,14.06203,14.32218,19.55029
740.29060,-1.63625,-0.96362,62.46611,14.53096,14.06203,14.34158,19.53153
740.30060,-1.61599,-0.95676,62.50144,14.56594,14.06203,14.35218,19.52129
740.31060,-1.62554,-0.96362,62.50704,14.53290,14.07883,14.37402,19.52129
740.32060,-1.63031,-0.96771,62.51144,14.51445,14.08808,14.38762,19.52129
740.33060,-1.62612,-0.96572,62.51144,14.52594,14.08203,14.38218,19.52129
740.34060,-1.64668,-0.96106,62.50209,14.53444,14.08203,14.33968,19.54594
740.35060,-1.61866,-0.96440,62.52905,14.51995,14.09971,14.40708,19.50232
740.36060,-1.61271,-0.96518,62.53444,14.51694,14.10303,14.42118,19.49329
740.37060,-1.61367,-0.96725,62.52014,14.51194,14.09583,14.41818,19.49419
740.38060,-1.62231,-0.98585,62.39144,14.46694,14.03103,14.39118,19.50229
740.39060,-1.61851,-0.97409,62.40816,14.48652,14.05127,14.38480,19.48557
740.40060,-1.60383,-0.92810,62.42521,14.55949,14.11203,14.34089,19.41280
740.41060,-1.60155,-0.92016,62.34844,14.56594,14.09203,14.30218,19.38829
740.42060,-1.59749,-0.92197,62.28503,14.54924,14.07465,14.29536,19.36579
740.43060,-1.59071,-0.92499,62.17935,14.52139,14.04567,14.28400,19.32829
740.44060,-1.61437,-0.92296,62.28244,14.51694,14.10303,14.30218,19.36029
740.45060,-1.60065,-0.91741,62.26557,14.54121,14.08616,14.28984,19.34836
740.46060,-1.58157,-0.90970,62.24214,14.57493,14.06274,14.27269,19.33178
740.47060,-1.57930,-0.91073,62.23121,14.57134,14.05847,14.27448,19.32692
740.48060,-1.56074,-0.92295,62.16704,14.53594,14.03103,14.30678,19.29329
740.49060,-1.55126,-0.92723,62.19244,14.53594,14.03103,14.33218,19.29329
740.50060,-1.56706,-0.92208,62.22844,14.54194,14.05563,14.32018,19.31069
740.51060,-1.57916,-0.91693,62.34664,14.56934,14.09663,14.33018,19.35049
740.52060,-1.58021,-0.91579,62.40944,14.58494,14.11303,14.34218,19.36929
740.53060,-1.55555,-0.89463,62.48951,14.65237,14.14043,14.34745,19.34927
740.54060,-1.53346,-0.87566,62.56144,14.71294,14.16503,14.35218,19.33129
740.55060,-1.53962,-0.87329,62.52925,14.71294,14.15669,14.32834,19.33129
740.56060,-1.55000,-0.86759,62.46491,14.71149,14.14403,14.28492,19.32446
740.57060,-1.55613,-0.85527,62.37344,14.70294,14.14403,14.24218,19.28429
740.58060,-1.55176,-0.84735,62.38160,14.69382,14.17859,14.26138,19.24781
740.59060,-1.54703,-0.83878,62.39044,14.68394,14.21603,14.28218,19.20829
740.60060,-1.55790,-0.84469,62.33404,14.65621,14.20146,14.26808,19.20829
740.61060,-1.56804,-0.85541,62.28407,14.62494,14.18033,14.26158,19.21722
740.62060,-1.56563,-0.85995,62.29944,14.62494,14.17503,14.27218,19.22729
740.63060,-1.54421,-0.86794,62.29380,14.62964,14.14589,14.29568,19.22259
740.64060,-1.54147,-0.87597,62.33256,14.63917,14.13230,14.30808,19.25301
740.65060,-1.56560,-0.87487,62.38344,14.64394,14.15403,14.29218,19.29329
740.66060,-1.56560,-0.87487,62.38344,14.64394,14.15403,14.29218,19.29329
740.67060,-1.51770,-0.84925,62.42644,14.72294,14.16503,14.30218,19.23629
740.68060,-1.51770,-0.84925,62.42644,14.72294,14.16503,14.30218,19.23629
740.69060,-1.50638,-0.83976,62.42565,14.73920,14.17439,14.30188,19.21019
740.70060,-1.50075,-0.83712,62.30944,14.71294,14.15403,14.28218,19.16029
740.71060,-1.50295,-0.83055,62.33086,14.72314,14.17171,14.27878,19.15723
740.72060,-1.51692,-0.82183,62.30818,14.71268,14.19549,14.25858,19.14143
740.73060,-1.53582,-0.82965,62.18344,14.65394,14.17503,14.23218,19.12229
740.74060,-1.53501,-0.83352,62.20623,14.65629,14.17268,14.24158,19.13568
740.75060,-1.53271,-0.84457,62.27133,14.66300,14.16597,14.26842,19.17393
740.76060,-1.53345,-0.85360,62.27885,14.65939,14.14841,14.27446,19.19659
740.77060,-1.53672,-0.88040,62.30273,14.64629,14.09933,14.29394,19.26317
740.78060,-1.53511,-0.88682,62.43589,14.65699,14.13248,14.34742,19.29900
740.79060,-1.53407,-0.89098,62.52244,14.66394,14.15403,14.38218,19.32229
740.80060,-1.52751,-0.88058,62.47108,14.67354,14.14923,14.35818,19.29013
740.81060,-1.52997,-0.88056,62.38762,14.65721,14.12712,14.33218,19.27110
740.82060,-1.53796,-0.88994,62.36444,14.63494,14.11303,14.33218,19.28429
740.83060,-1.53908,-0.88641,62.40108,14.65034,14.12418,14.33218,19.29438
740.84060,-1.54007,-0.88330,62.43344,14.66394,14.13403,14.33218,19.30329
740.85060,-1.53895,-0.88681,62.39696,14.64332,14.12822,14.33747,19.28795
740.86060,-1.56425,-0.90033,62.34350,14.59639,14.11352,14.32315,19.31045
740.87060,-1.56610,-0.89950,62.34168,14.59494,14.11641,14.32109,19.30924
740.88060,-1.57020,-0.88838,62.33306,14.59890,14.13888,14.30723,19.28805
740.89060,-1.56949,-0.88869,62.31144,14.63494,14.09203,14.26218,19.32229
740.90060,-1.56868,-0.88897,62.31830,14.63276,14.09661,14.26871,19.32022
740.91060,-1.56201,-0.89126,62.37444,14.61494,14.13403,14.32218,19.30329
740.92060,-1.56201,-0.89126,62.37444,14.61494,14.13403,14.32218,19.30329
740.93060,-1.57878,-0.90440,62.32218,14.59559,14.09339,14.29315,19.34006
740.94060,-1.54969,-0.92893,62.37630,14.59494,14.05185,14.36078,19.36873
740.95060,-1.54909,-0.92942,62.37744,14.59494,14.05103,14.36218,19.36929
740.96060,-1.57741,-0.90492,62.32426,14.58676,14.10176,14.30491,19.33083
740.97060,-1.57496,-0.92820,62.37585,14.55282,14.09574,14.36630,19.36099
740.98060,-1.57308,-0.93435,62.38944,14.54594,14.09203,14.38218,19.36929
740.99060,-1.58104,-0.95472,62.28658,14.48680,14.04832,14.38218,19.36929
741.00060,-1.58237,-0.95812,62.26944,14.47694,14.04103,14.38218,19.36929
741.01060,-1.58237,-0.95812,62.26944,14.47694,14.04103,14.38218,19.36929
741.02060,-1.59797,-0.95343,62.37797,14.50411,14.07642,14.38284,19.41460
741.03060,-1.59326,-0.95558,62.38744,14.50694,14.07203,14.39118,19.41729
741.04060,-1.57285,-0.90854,62.43663,14.59624,14.13409,14.35410,19.35221
741.05060,-1.59358,-0.91048,62.44441,14.57457,14.15403,14.34948,19.36633
741.06060,-1.60367,-0.91678,62.44144,14.55594,14.15403,14.35218,19.37929
741.07060,-1.57185,-0.89745,62.35822,14.57054,14.15403,14.34488,19.28877
741.08060,-1.56006,-0.89029,62.32744,14.57594,14.15403,14.34218,19.25529
741.09060,-1.57906,-0.90210,62.33781,14.56692,14.13554,14.32865,19.30670
741.10060,-1.58206,-0.90292,62.39508,14.59122,14.13535,14.32658,19.34193
741.11060,-1.57424,-0.89766,62.41244,14.60494,14.14403,14.33218,19.33129
741.12060,-1.61880,-0.91575,62.47426,14.57658,14.15131,14.32491,19.42147
741.13060,-1.60928,-0.93166,62.48777,14.55627,14.13421,14.36521,19.43208
741.14060,-1.58126,-0.94143,62.47744,14.54594,14.11303,14.41118,19.40729
741.15060,-1.58582,-0.93950,62.42414,14.53668,14.10314,14.38916,19.39516
741.16060,-1.59344,-0.93626,62.33531,14.52126,14.08665,14.35246,19.37495
741.17060,-1.59558,-0.93536,62.31044,14.51694,14.08203,14.34218,19.36929
741.18060,-1.60165,-0.91391,62.24385,14.54493,14.08203,14.27462,19.34226
741.19060,-1.54469,-0.90233,62.06444,14.57594,14.00003,14.24218,19.24629
741.20060,-1.54268,-0.90152,62.07389,14.57594,14.00658,14.24945,19.24192
741.21060,-1.52419,-0.89351,62.17799,14.58264,14.06965,14.31763,19.20806
741.22060,-1.53655,-0.89374,62.25244,14.63494,14.05103,14.28218,19.28429
741.23060,-1.54092,-0.89756,62.19108,14.60407,14.04322,14.27827,19.26553
741.24060,-1.54776,-0.90353,62.09544,14.55594,14.03103,14.27218,19.23629
741.25060,-1.53958,-0.90968,62.14103,14.56534,14.02586,14.29568,19.25415
741.26060,-1.54005,-0.92381,62.22910,14.56341,14.02975,14.33785,19.29810
741.27060,-1.56059,-0.93912,62.30710,14.53674,14.05041,14.37118,19.34877
741.28060,-1.55937,-0.94048,62.33683,14.53594,14.06114,14.38753,19.35223
741.29060,-1.55399,-0.94313,62.41741,14.53594,14.09085,14.43267,19.35794
741.30060,-1.57759,-0.91040,62.40344,14.56594,14.14403,14.36218,19.33129
741.31060,-1.56804,-0.91006,62.46114,14.58277,14.15468,14.38588,19.33781
741.32060,-1.54982,-0.90941,62.57144,14.61494,14.17503,14.43118,19.35029
741.33060,-1.55502,-0.90362,62.55172,14.62174,14.17503,14.40772,19.34723
741.34060,-1.55368,-0.89576,62.46811,14.63041,14.14942,14.36218,19.32610
741.35060,-1.51996,-0.90572,62.33477,14.61707,14.07409,14.36218,19.28143
741.36060,-1.51917,-0.90335,62.28990,14.60834,14.06863,14.35118,19.26175
741.37060,-1.52850,-0.89849,62.21102,14.57632,14.07760,14.33312,19.22397
741.38060,-1.49626,-0.94040,62.23182,14.53712,14.01200,14.42832,19.25437
741.39060,-1.49696,-0.94176,62.23534,14.53697,14.01003,14.42911,19.25922
741.40060,-1.51132,-0.94270,62.26044,14.54594,14.01003,14.41118,19.29329
741.41060,-1.50662,-0.94006,62.29800,14.56350,14.01692,14.41785,19.29973
741.42060,-1.49080,-0.92966,62.42839,14.62494,14.04378,14.43987,19.31980
741.43060,-1.49327,-0.92454,62.42385,14.62494,14.05571,14.43419,19.30901
741.44060,-1.49450,-0.92067,62.42494,14.62911,14.06264,14.42876,19.30443
741.45060,-1.49357,-0.90784,62.46387,14.67542,14.06935,14.40192,19.31719
741.46060,-1.46260,-0.89503,62.26420,14.67489,14.01299,14.35404,19.22229
741.47060,-1.46106,-0.89464,62.25344,14.67394,14.01003,14.35218,19.21729
741.48060,-1.49319,-0.91113,62.29224,14.62641,14.03040,14.37158,19.26385
741.49060,-1.49418,-0.91164,62.29344,14.62494,14.03103,14.37218,19.26529
741.50060,-1.48668,-0.91457,62.22651,14.58614,14.03103,14.39061,19.21873
741.51060,-1.50002,-0.92961,62.22288,14.55434,14.02014,14.40155,19.24685
741.52060,-1.51261,-0.94347,62.22144,14.52594,14.01003,14.41118,19.27429
741.53060,-1.43039,-0.94966,62.42126,14.64040,13.97026,14.50818,19.30242
741.54060,-1.45852,-0.95991,62.47400,14.59816,14.00861,14.53446,19.33277
741.55060,-1.46737,-0.96281,62.48744,14.58494,14.02003,14.54118,19.34129
741.56060,-1.45734,-0.93521,62.58068,14.65970,14.06371,14.52438,19.33289
741.57060,-1.45543,-0.92996,62.59844,14.67394,14.07203,14.52118,19.33129
741.58060,-1.45543,-0.92996,62.59844,14.67394,14.07203,14.52118,19.33129
741.59060,-1.40748,-0.93187,62.32096,14.66034,13.95299,14.47438,19.23325
741.60060,-1.41041,-0.93409,62.30944,14.65394,13.94803,14.47118,19.23629
741.61060,-1.39279,-0.93398,62.32708,14.67074,13.93963,14.48798,19.22873
741.62060,-1.42152,-0.94082,62.26268,14.62970,13.93243,14.45758,19.24297
741.63060,-1.44678,-0.94622,62.20944,14.59494,13.92803,14.43118,19.25529
741.64060,-1.45656,-0.94201,62.23064,14.59078,13.95339,14.43118,19.25529
741.65060,-1.46976,-0.93633,62.25929,14.58516,13.98766,14.43118,19.25529
741.66060,-1.47028,-0.93611,62.26044,14.58494,13.98903,14.43118,19.25529
741.67060,-1.43654,-0.95705,62.36224,14.62336,13.94005,14.48880,19.31003
741.68060,-1.44139,-0.93545,62.44596,14.65306,14.00785,14.49118,19.29386
741.69060,-1.44583,-0.93263,62.44445,14.65793,14.01003,14.47922,19.29727
741.70060,-1.45661,-0.92925,62.42658,14.65896,14.01003,14.45431,19.30329
741.71060,-1.47778,-0.92844,62.36944,14.63494,14.01003,14.42118,19.30329
741.72060,-1.47460,-0.92290,62.30349,14.62357,14.00624,14.40640,19.26728
741.73060,-1.46938,-0.91381,62.19544,14.60494,14.00003,14.38218,19.20829
741.74060,-1.46938,-0.91381,62.19544,14.60494,14.00003,14.38218,19.20829
741.75060,-1.47289,-0.94137,62.27205,14.57601,13.98890,14.44178,19.26536
741.76060,-1.48091,-0.93769,62.25244,14.56594,14.00003,14.43118,19.25529
741.77060,-1.47907,-0.94588,62.30665,14.57189,13.99659,14.45311,19.28505
741.78060,-1.47518,-0.96324,62.42198,14.58456,13.98925,14.49978,19.34839
741.79060,-1.49761,-0.97555,62.45444,14.56594,13.98903,14.50118,19.39829
741.80060,-1.49473,-0.97286,62.49992,14.58610,13.99704,14.50635,19.41043
741.81060,-1.51140,-0.96708,62.60630,14.62388,14.02377,14.49398,19.46467
741.82060,-1.55981,-0.97081,62.55944,14.58494,14.03103,14.44118,19.50229
741.83060,-1.55981,-0.97081,62.55944,14.58494,14.03103,14.44118,19.50229
741.84060,-1.54327,-0.93637,62.48644,14.59494,14.08203,14.42118,19.38829
741.85060,-1.56260,-0.93658,62.43440,14.57357,14.07894,14.39052,19.39138
741.86060,-1.61826,-0.94136,62.26828,14.49800,14.06521,14.30898,19.39609
741.87060,-1.66260,-0.95666,62.09044,14.39894,14.04103,14.26218,19.38829
741.88060,-1.66400,-0.96022,62.10695,14.39445,14.04339,14.27229,19.39682
741.89060,-1.67064,-0.97714,62.18556,14.37306,14.05462,14.32042,19.43746
741.90060,-1.67718,-0.99092,62.23074,14.35401,14.05672,14.35092,19.46909
741.91060,-1.68700,-1.00289,62.20028,14.33160,14.03259,14.34517,19.49093
741.92060,-1.68360,-1.00283,62.23918,14.34899,14.03309,14.35060,19.50650
741.93060,-1.67191,-0.99420,62.31444,14.38894,14.05103,14.36218,19.51229
741.94060,-1.66840,-0.99668,62.33711,14.40047,14.04308,14.36616,19.52740
741.95060,-1.67798,-1.00587,62.38278,14.38066,14.05859,14.39325,19.55029
741.96060,-1.69064,-1.01050,62.39244,14.34894,14.08203,14.41118,19.55029
741.97060,-1.72546,-0.99387,62.41754,14.40591,14.08203,14.31559,19.61401
741.98060,-1.72367,-0.99324,62.41676,14.40914,14.08017,14.31458,19.61287
741.99060,-1.68995,-0.99280,62.39809,14.42247,14.05951,14.34125,19.57487
742.00060,-1.77435,-1.02281,62.37331,14.26902,14.11955,14.36170,19.62304
742.01060,-1.77935,-1.02435,62.37244,14.26094,14.12303,14.36218,19.62629
742.02060,-1.72327,-1.01287,62.36083,14.34605,14.06403,14.35251,19.59824
742.03060,-1.72553,-0.98308,62.41467,14.40055,14.11561,14.31951,19.57899
742.04060,-1.72774,-0.96750,62.44344,14.42794,14.14403,14.30218,19.56929
742.05060,-1.71991,-0.97455,62.41889,14.42195,14.11948,14.30817,19.56929
742.06060,-1.72424,-0.98462,62.37430,14.39804,14.09548,14.30532,19.57546
742.07060,-1.72863,-0.98706,62.36144,14.38894,14.09203,14.30218,19.57829
742.08060,-1.73625,-0.98507,62.29491,14.38894,14.06708,14.26060,19.57829
742.09060,-1.73780,-0.98466,62.28144,14.38894,14.06203,14.25218,19.57829
742.10060,-1.68681,-0.99246,62.15880,14.35534,14.01835,14.30258,19.48253
742.11060,-1.72280,-0.99266,62.22902,14.34894,14.05626,14.28963,19.53419
742.12060,-1.75809,-0.99167,62.30144,14.34894,14.09203,14.27218,19.58829
742.13060,-1.72795,-0.97820,62.26976,14.35614,14.10715,14.29378,19.51269
742.14060,-1.71890,-0.98748,62.31432,14.33806,14.12023,14.34538,19.51065
742.15060,-1.71994,-0.99312,62.33644,14.32994,14.12303,14.36218,19.52129
742.16060,-1.70271,-0.98908,62.38830,14.37865,14.10905,14.36218,19.53842
742.17060,-1.68176,-0.98417,62.45144,14.43794,14.09203,14.36218,19.55929
742.18060,-1.69444,-0.99354,62.43647,14.41275,14.08473,14.36218,19.57681
742.19060,-1.71937,-1.02678,62.36724,14.32754,14.04743,14.37958,19.61269
742.20060,-1.72128,-1.03808,62.33844,14.29994,14.03103,14.39118,19.61629
742.21060,-1.70163,-1.04237,62.33366,14.31298,14.00408,14.40422,19.61237
742.22060,-1.68444,-1.05109,62.32325,14.31946,13.96903,14.41769,19.61706
742.23060,-1.70002,-1.05694,62.31544,14.29994,13.96903,14.41118,19.63529
742.24060,-1.71419,-1.06521,62.16943,14.23558,13.94460,14.38794,19.60132
742.25060,-1.72383,-1.07084,62.07044,14.19194,13.92803,14.37218,19.57829
742.26060,-1.72383,-1.07084,62.07044,14.19194,13.92803,14.37218,19.57829
742.27060,-1.68900,-1.07537,62.20940,14.23612,13.93444,14.44198,19.59686
742.28060,-1.67794,-1.07757,62.35121,14.27226,13.95651,14.48714,19.63530
742.29060,-1.66835,-1.05750,62.32505,14.31273,13.95905,14.44841,19.60486
742.30060,-1.65142,-1.03555,62.24844,14.34894,13.94803,14.40118,19.55029
742.31060,-1.62523,-1.04804,62.23989,14.33517,13.92382,14.44865,19.53225
742.32060,-1.61060,-1.05875,62.24422,14.31994,13.91177,14.48692,19.52559
742.33060,-1.62644,-1.05532,62.25944,14.31994,13.92803,14.47118,19.54029
742.34060,-1.61597,-1.05538,62.26419,14.32969,13.92028,14.47868,19.53554
742.35060,-1.59371,-1.05550,62.27430,14.35043,13.90379,14.49464,19.52543
742.36060,-1.60236,-1.07600,62.24944,14.28994,13.89703,14.53118,19.53129
742.37060,-1.58945,-1.06836,62.20864,14.31000,13.87935,14.51078,19.50851
742.38060,-1.56433,-1.05349,62.12944,14.34894,13.84503,14.47118,19.46429
742.39060,-1.53808,-1.06080,62.18010,14.36594,13.83109,14.51538,19.46769
742.40060,-1.48431,-1.05802,62.29714,14.42206,13.83565,14.59098,19.44845
742.41060,-1.47863,-1.02517,62.33344,14.46694,13.89703,14.57118,19.39829
742.42060,-1.46098,-1.02497,62.32314,14.47724,13.88261,14.58148,19.38180
742.43060,-1.44607,-1.03073,62.29547,14.47996,13.85157,14.58732,19.37662
742.44060,-1.48163,-1.04234,62.28044,14.44794,13.84503,14.56118,19.42629
742.45060,-1.48012,-1.04010,62.26922,14.43128,13.86271,14.57478,19.40045
742.46060,-1.47720,-1.03575,62.24744,14.39894,13.89703,14.60118,19.35029
742.47060,-1.47720,-1.03575,62.24744,14.39894,13.89703,14.60118,19.35029
742.48060,-1.43898,-1.04399,62.26300,14.45134,13.82919,14.61098,19.37149
742.49060,-1.40593,-1.07287,62.26144,14.42794,13.77303,14.68118,19.37929
742.50060,-1.40963,-1.05743,62.29070,14.45610,13.80031,14.66138,19.37291
742.51060,-1.42676,-0.99781,62.36452,14.55154,13.90143,14.57578,19.33577
742.52060,-1.44112,-0.98008,62.25844,14.53594,13.91703,14.52118,19.28429
742.53060,-1.42184,-0.98830,62.19486,14.52516,13.87633,14.52998,19.26339
742.54060,-1.35316,-1.01758,61.96944,14.48694,13.73203,14.56118,19.18929
742.55060,-1.35749,-1.00978,61.99628,14.49992,13.75249,14.55458,19.18929
742.56060,-1.36410,-0.98366,62.08996,14.54889,13.81736,14.54004,19.18368
742.57060,-1.32446,-0.99042,62.08325,14.56232,13.78246,14.58031,19.15817
742.58060,-1.31916,-0.99256,62.07075,14.55812,13.77511,14.58623,19.15129
742.59060,-1.36402,-0.99744,61.98298,14.48964,13.79025,14.54928,19.15381
742.60060,-1.31938,-1.01762,62.07944,14.51694,13.75203,14.63118,19.17929
742.61060,-1.32318,-1.01675,62.09681,14.51514,13.76409,14.63568,19.18190
742.62060,-1.36153,-1.00805,62.27244,14.49694,13.88603,14.68118,19.20829
742.63060,-1.36153,-1.00805,62.27244,14.49694,13.88603,14.68118,19.20829
742.64060,-1.34889,-1.00386,62.30474,14.53366,13.87549,14.67778,19.21781
742.65060,-1.34246,-0.98765,62.37291,14.59712,13.88747,14.65555,19.23277
742.66060,-1.37060,-0.97504,62.38144,14.58494,13.93803,14.63118,19.22729
742.67060,-1.34030,-0.97130,62.41763,14.63617,13.91359,14.64058,19.22729
742.68060,-1.29949,-0.94842,62.31150,14.68314,13.88063,14.60256,19.14517
742.69060,-1.29378,-0.93245,62.18644,14.67394,13.87603,14.56118,19.07529
742.70060,-1.27355,-0.94378,62.16040,14.67394,13.83319,14.57798,19.07529
742.71060,-1.26970,-0.94594,62.15544,14.67394,13.82503,14.58118,19.07529
742.72060,-1.27832,-0.93810,62.16386,14.68236,13.84187,14.56435,19.07529
742.73060,-1.27588,-0.94662,62.20660,14.67554,13.84503,14.59478,19.09125
742.74060,-1.27510,-0.94853,62.21444,14.67394,13.84503,14.60118,19.09429
742.75060,-1.30077,-0.95526,62.25644,14.64823,13.87160,14.60975,19.12686
742.76060,-1.34014,-0.94022,62.28115,14.64394,13.92831,14.56902,19.13987
742.77060,-1.34667,-0.93721,62.28444,14.64394,13.93803,14.56118,19.14129
742.78060,-1.31883,-0.91561,62.39684,14.71121,13.98146,14.58672,19.11745
742.79060,-1.31399,-0.91185,62.41644,14.72294,13.98903,14.59118,19.11329
742.80060,-1.29686,-0.91860,62.27983,14.71729,13.91339,14.55731,19.09184
742.81060,-1.30600,-0.93803,62.18329,14.65542,13.87789,14.56067,19.08930
742.82060,-1.31398,-0.94309,62.18644,14.63494,13.88603,14.57118,19.09429
742.83060,-1.33824,-0.94916,62.19614,14.62282,13.88603,14.55300,19.13429
742.84060,-1.34824,-0.96062,62.27492,14.61494,13.89872,14.58346,19.17780
742.85060,-1.34446,-0.96554,62.32244,14.61494,13.90703,14.61118,19.18929
742.86060,-1.35062,-0.98685,62.26660,14.57989,13.85832,14.61118,19.21721
742.87060,-1.35484,-1.00144,62.22844,14.55594,13.82503,14.61118,19.23629
742.88060,-1.34586,-0.99622,62.28863,14.57322,13.84947,14.63502,19.23092
742.89060,-1.35132,-0.97698,62.28804,14.60294,13.87203,14.59718,19.21589
742.90060,-1.35901,-0.96650,62.26044,14.61494,13.87603,14.56118,19.20829
742.91060,-1.32495,-0.97747,62.28264,14.63234,13.83883,14.60318,19.20829
742.92060,-1.32057,-0.98924,62.31074,14.62383,13.82801,14.63118,19.22772
742.93060,-1.35108,-0.99669,62.33289,14.59030,13.85131,14.63118,19.26010
742.94060,-1.35596,-0.99788,62.33644,14.58494,13.85503,14.63118,19.26529
742.95060,-1.35529,-1.02225,62.33644,14.53761,13.83572,14.67948,19.28364
742.96060,-1.35527,-1.02311,62.33644,14.53594,13.83503,14.68118,19.28429
742.97060,-1.35402,-1.04443,62.35212,14.52044,13.79938,14.70583,19.32647
742.98060,-1.34616,-1.04409,62.37244,14.53594,13.79403,14.71118,19.33129
742.99060,-1.34616,-1.04409,62.37244,14.53594,13.79403,14.71118,19.33129
743.00060,-1.37398,-1.02785,62.36872,14.54523,13.82749,14.66007,19.33593
743.01060,-1.36200,-1.01616,62.31444,14.56594,13.81403,14.63118,19.30329
743.02060,-1.36290,-1.01187,62.31335,14.56775,13.82344,14.62756,19.29461
743.03060,-1.36556,-0.99927,62.31016,14.57307,13.85110,14.61692,19.26907
743.04060,-1.37317,-0.99399,62.30032,14.57087,13.86324,14.60357,19.26264
743.05060,-1.39081,-0.99834,62.27714,14.55637,13.85527,14.58183,19.28366
743.06060,-1.36649,-0.98837,62.34744,14.58494,13.88603,14.62118,19.25529
743.07060,-1.36745,-0.98698,62.34483,14.58755,13.88603,14.61595,19.25529
743.08060,-1.37098,-0.97996,62.34486,14.59958,13.89322,14.59886,19.25320
743.09060,-1.37328,-0.97116,62.36605,14.61282,13.91375,14.59224,19.24724
743.10060,-1.37658,-0.97230,62.37252,14.60629,13.92011,14.59705,19.24907
743.11060,-1.38992,-0.98390,62.38652,14.56695,13.93411,14.62371,19.26174
743.12060,-1.39232,-0.98821,62.40094,14.55881,13.93704,14.63514,19.26994
743.13060,-1.38013,-0.99715,62.50008,14.58676,13.92985,14.67118,19.31229
743.14060,-1.37932,-0.98994,62.53644,14.60494,13.94803,14.67118,19.31229
743.15060,-1.38044,-0.98917,62.52295,14.60494,13.94399,14.66324,19.31078
743.16060,-1.39169,-0.98145,62.38803,14.60494,13.90351,14.58388,19.29570
743.17060,-1.38620,-0.96956,62.30272,14.58563,13.91634,14.57118,19.22956
743.18060,-1.38775,-0.96807,62.28084,14.58306,13.91297,14.56128,19.22352
743.19060,-1.40430,-0.95795,62.10244,14.56594,13.87603,14.47118,19.18929
743.20060,-1.40430,-0.95795,62.10244,14.56594,13.87603,14.47118,19.18929
743.21060,-1.37483,-0.95987,62.11387,14.56594,13.87603,14.51880,19.15310
743.22060,-1.34074,-0.95409,62.07525,14.58456,13.85546,14.53098,19.10426
743.23060,-1.34006,-0.95397,62.07444,14.58494,13.85503,14.53118,19.10329
743.24060,-1.41260,-0.97668,62.21602,14.53742,13.90546,14.54088,19.23226
743.25060,-1.41856,-0.94689,62.25051,14.59317,13.94680,14.49268,19.21786
743.26060,-1.41868,-0.94595,62.25144,14.59494,13.94803,14.49118,19.21729
743.27060,-1.37525,-0.96482,62.28287,14.56732,13.93851,14.59594,19.18110
743.28060,-1.37308,-0.96576,62.28444,14.56594,13.93803,14.60118,19.17929
743.29060,-1.39617,-0.98104,62.41117,14.56072,13.95942,14.63247,19.25856
743.30060,-1.41761,-0.99282,62.45003,14.55187,13.95377,14.62859,19.31581
743.31060,-1.41811,-0.98963,62.33744,14.54594,13.91703,14.58118,19.29329
743.32060,-1.41523,-0.98812,62.25848,14.50478,13.92627,14.58958,19.23785
743.33060,-1.42065,-0.99059,62.42162,14.58009,13.91870,14.58270,19.34014
743.34060,-1.42171,-0.99108,62.45344,14.59494,13.91703,14.58118,19.36029
743.35060,-1.41735,-0.97557,62.41094,14.60398,13.93105,14.55857,19.31733
743.36060,-1.41221,-0.95729,62.36094,14.61462,13.94754,14.53198,19.26680
743.37060,-1.41205,-0.95674,62.35944,14.61494,13.94803,14.53118,19.26529
743.38060,-1.44260,-0.98178,62.23194,14.51894,13.91728,14.52368,19.27204
743.39060,-1.45192,-0.96561,62.26590,14.54938,13.94654,14.49569,19.27429
743.40060,-1.47108,-0.94910,62.30643,14.56384,13.99573,14.47257,19.27429
743.41060,-1.49709,-0.94572,62.30244,14.53594,14.03103,14.46118,19.27429
743.42060,-1.50275,-0.96268,62.33274,14.52025,14.01426,14.48282,19.31540
743.43060,-1.47139,-0.97121,62.42900,14.56310,13.99211,14.52998,19.34381
743.44060,-1.45735,-0.96894,62.45644,14.58494,13.98903,14.54118,19.34129
743.45060,-1.47122,-0.96825,62.40820,14.55686,13.99695,14.52678,19.32761
743.46060,-1.46328,-0.96974,62.30144,14.54594,13.95494,14.49936,19.30120
743.47060,-1.45827,-0.97041,62.26844,14.54594,13.93803,14.49118,19.29329
743.48060,-1.46003,-0.96864,62.28924,14.56028,13.93803,14.48401,19.30691
743.49060,-1.46072,-0.96794,62.29744,14.56594,13.93803,14.48118,19.31229
743.50060,-1.47453,-0.97302,62.22166,14.52823,13.92721,14.46372,19.30251
743.51060,-1.49123,-0.99905,62.17779,14.46325,13.90113,14.48428,19.32913
743.52060,-1.48490,-1.01051,62.24544,14.46694,13.89703,14.52118,19.36029
743.53060,-1.49593,-1.01841,62.26801,14.45565,13.89703,14.52712,19.38821
743.54060,-1.47456,-1.03925,62.28285,14.43614,13.86635,14.58428,19.39608
743.55060,-1.45447,-1.04999,62.28244,14.42794,13.84503,14.62118,19.38829
743.56060,-1.46112,-1.03536,62.32427,14.45503,13.87692,14.60404,19.38829
743.57060,-1.47217,-1.01103,62.39398,14.50017,13.93006,14.57547,19.38829
743.58060,-1.47383,-1.00738,62.40444,14.50694,13.93803,14.57118,19.38829
743.59060,-1.51539,-1.02696,62.26541,14.45963,13.86852,14.49394,19.44332
743.60060,-1.50782,-1.03765,62.23244,14.41794,13.86603,14.53118,19.41729
743.61060,-1.51200,-1.02901,62.27568,14.43204,13.89517,14.53118,19.41729
743.62060,-1.50460,-1.01999,62.29698,14.44794,13.91361,14.53583,19.39960
743.63060,-1.49068,-1.02080,62.26544,14.44794,13.89703,14.54118,19.37929
743.64060,-1.50705,-1.00491,62.28471,14.46627,13.93087,14.50828,19.37929
743.65060,-1.52549,-0.98701,62.30644,14.48694,13.96903,14.47118,19.37929
743.66060,-1.52363,-1.00642,62.29255,14.45368,13.94293,14.50065,19.39529
743.67060,-1.51900,-1.02349,62.25859,14.42357,13.91094,14.52164,19.40244
743.68060,-1.51575,-1.00847,62.23544,14.44794,13.91703,14.49118,19.37929
743.69060,-1.50815,-1.01249,62.23889,14.44167,13.91390,14.50998,19.37333
743.70060,-1.49197,-1.02104,62.24622,14.42834,13.90723,14.54998,19.36067
743.71060,-1.50928,-1.02345,62.21544,14.40794,13.90703,14.53118,19.36929
743.72060,-1.51271,-1.02524,62.22253,14.40449,13.90885,14.53300,19.37620
743.73060,-1.52281,-1.03048,62.24339,14.39433,13.91420,14.53835,19.39652
743.74060,-1.52815,-1.03325,62.25444,14.38894,13.91703,14.54118,19.40729
743.75060,-1.49426,-1.04821,62.25311,14.42594,13.83859,14.55229,19.43629
743.76060,-1.52379,-1.06058,62.26244,14.34894,13.88603,14.59118,19.43629
743.77060,-1.52769,-1.05890,62.24980,14.34894,13.88488,14.57969,19.43629
743.78060,-1.54580,-1.04813,62.16149,14.35661,13.86653,14.50498,19.43337
743.79060,-1.49354,-1.05761,62.20082,14.38994,13.82519,14.56498,19.42071
743.80060,-1.48279,-1.05820,62.21728,14.40181,13.81918,14.57623,19.42006
743.81060,-1.51316,-1.04031,62.27044,14.42794,13.86603,14.53118,19.44529
743.82060,-1.51278,-1.04034,62.27719,14.42533,13.87161,14.53748,19.44277
743.83060,-1.51096,-1.03981,62.34008,14.39712,13.92985,14.59754,19.41556
743.84060,-1.53154,-1.03089,62.28644,14.37894,13.94803,14.56118,19.39829
743.85060,-1.53049,-1.03179,62.29575,14.38379,13.94496,14.56217,19.40482
743.86060,-1.52278,-1.03864,62.37062,14.42703,13.91703,14.56482,19.46174
743.87060,-1.54162,-1.02563,62.27244,14.41794,13.91703,14.50118,19.43629
743.88060,-1.53651,-1.02595,62.27599,14.42239,13.91331,14.50573,19.43456
743.89060,-1.48541,-1.02920,62.31144,14.46694,13.87603,14.55118,19.41729
743.90060,-1.49055,-1.02736,62.29272,14.46433,13.87513,14.53768,19.41558
743.91060,-1.54175,-1.00922,62.09294,14.43320,13.86477,14.40238,19.39259
743.92060,-1.53137,-1.01419,61.97627,14.38053,13.85077,14.41571,19.32925
743.93060,-1.52711,-1.01623,61.92844,14.35894,13.84503,14.42118,19.30329
743.94060,-1.55589,-1.00558,61.99603,14.37853,13.88520,14.39179,19.34051
743.95060,-1.52295,-1.02742,61.95613,14.38855,13.79764,14.41040,19.35954
743.96060,-1.52158,-1.02832,61.95444,14.38894,13.79403,14.41118,19.36029
743.97060,-1.52687,-1.05110,62.22119,14.39864,13.84350,14.51788,19.46117
743.98060,-1.52703,-1.05180,62.22944,14.39894,13.84503,14.52118,19.46429
743.99060,-1.50059,-1.04910,62.20886,14.43716,13.80485,14.51138,19.45547
744.00060,-1.51324,-1.05866,62.33264,14.43794,13.83411,14.54999,19.51059
744.01060,-1.51364,-1.05896,62.33644,14.43794,13.83503,14.55118,19.51229
744.02060,-1.51066,-1.09483,62.22295,14.40884,13.71475,14.53178,19.56758
744.03060,-1.51057,-1.09594,62.21944,14.40794,13.71103,14.53118,19.56929
744.04060,-1.50247,-1.05093,62.35912,14.49427,13.81094,14.52148,19.53243
744.05060,-1.46955,-1.03234,62.36344,14.56321,13.79483,14.50197,19.50344
744.06060,-1.46820,-1.03163,62.36344,14.56594,13.79403,14.50118,19.50229
744.07060,-1.47675,-0.99720,62.24417,14.54655,13.85318,14.45270,19.39174
744.08060,-1.46082,-1.00103,62.23476,14.55626,13.82872,14.46150,19.38829
744.09060,-1.44562,-1.00564,62.22944,14.56594,13.80403,14.47118,19.38829
744.10060,-1.44713,-1.00717,62.21693,14.55883,13.80124,14.47028,19.38658
744.11060,-1.46245,-1.02276,62.09044,14.48694,13.77303,14.46118,19.36929
744.12060,-1.46433,-1.01796,62.09989,14.49315,13.78419,14.45668,19.36587
744.13060,-1.48172,-0.96905,62.19616,14.56035,13.89424,14.40938,19.33219
744.14060,-1.46571,-0.96427,62.20344,14.60494,13.86603,14.39118,19.34129
744.15060,-1.45816,-0.96324,62.24150,14.60934,13.88187,14.41538,19.33491
744.16060,-1.43362,-0.95425,62.38733,14.63779,13.94479,14.49029,19.31446
744.17060,-1.44140,-0.93508,62.42644,14.68394,13.96903,14.45118,19.32229
744.18060,-1.46409,-0.92132,62.33059,14.65554,13.99104,14.40219,19.28182
744.19060,-1.47338,-0.91569,62.29144,14.64394,14.00003,14.38218,19.26529
744.20060,-1.46809,-0.89751,62.30954,14.67233,14.02966,14.36984,19.23772
744.21060,-1.46075,-0.87228,62.33469,14.71176,14.07080,14.35269,19.19944
744.22060,-1.44183,-0.91271,62.34138,14.66444,14.01067,14.43037,19.23590
744.23060,-1.44163,-0.91313,62.34144,14.66394,14.01003,14.43118,19.23629
744.24060,-1.46841,-0.91664,62.32010,14.65424,14.00033,14.39238,19.27315
744.25060,-1.45741,-0.90397,62.37702,14.67588,14.03952,14.41312,19.24851
744.26060,-1.45472,-0.91074,62.41499,14.66485,14.04949,14.44573,19.25492
744.27060,-1.45736,-0.91722,62.41144,14.65394,14.04103,14.45118,19.26529
744.28060,-1.46588,-0.89872,62.36316,14.68234,14.04103,14.38799,19.25180
744.29060,-1.46145,-0.88842,62.39512,14.70386,14.06244,14.38776,19.24107
744.30060,-1.45421,-0.88591,62.44244,14.71294,14.08203,14.41118,19.23629
744.31060,-1.44175,-0.88796,62.47523,14.73195,14.07253,14.42544,19.24532
744.32060,-1.42802,-0.89022,62.51144,14.75294,14.06203,14.44118,19.25529
744.33060,-1.43124,-0.89920,62.43297,14.73524,14.01896,14.41758,19.26119
744.34060,-1.41999,-0.92197,62.41384,14.69993,13.98313,14.46018,19.27060
744.35060,-1.41061,-0.93344,62.43844,14.68394,13.97903,14.50118,19.27429
744.36060,-1.42672,-0.92030,62.38711,14.67804,13.99732,14.45988,19.25187
744.37060,-1.44434,-0.90122,62.38723,14.68928,14.03835,14.42331,19.23629
744.38060,-1.45421,-0.88591,62.44244,14.71294,14.08203,14.41118,19.23629
744.39060,-1.44193,-0.87412,62.44479,14.73174,14.09660,14.41118,19.20527
744.40060,-1.42809,-0.86083,62.44744,14.75294,14.11303,14.41118,19.17029
744.41060,-1.43843,-0.85257,62.43005,14.75294,14.12760,14.38815,19.16136
744.42060,-1.42857,-0.85769,62.40551,14.75294,14.10226,14.39090,19.15941
744.43060,-1.38276,-0.88839,62.39501,14.75294,14.01337,14.45201,19.17669
744.44060,-1.39286,-0.88209,62.38454,14.75898,14.01974,14.42653,19.17929
744.45060,-1.42821,-0.85935,62.36600,14.77156,14.06080,14.35435,19.17929
744.46060,-1.39943,-0.85804,62.31844,14.76294,14.05103,14.38218,19.12229
744.47060,-1.40953,-0.86019,62.32158,14.74491,14.06462,14.38715,19.12490
744.48060,-1.43807,-0.86629,62.33044,14.69394,14.10303,14.40118,19.13229
744.49060,-1.43739,-0.86338,62.32582,14.69974,14.10303,14.39419,19.12885
744.50060,-1.43540,-0.85484,62.31223,14.71682,14.10303,14.37363,19.11875
744.51060,-1.43342,-0.84629,62.29864,14.73389,14.10303,14.35308,19.10864
744.52060,-1.36586,-0.83260,62.36044,14.83094,14.07203,14.38218,19.07529
744.53060,-1.39414,-0.82267,62.40932,14.82248,14.13031,14.37278,19.08375
744.54060,-1.38373,-0.80063,62.41544,14.84094,14.17503,14.37218,19.02729
744.55060,-1.38270,-0.80119,62.41647,14.83991,14.17503,14.37518,19.02636
744.56060,-1.37380,-0.80598,62.42544,14.83094,14.17503,14.40118,19.01829
744.57060,-1.36971,-0.80805,62.42233,14.83761,14.16126,14.39896,19.02451
744.58060,-1.36022,-0.81232,62.38798,14.85500,14.11623,14.37915,19.03760
744.59060,-1.38132,-0.79935,62.28600,14.82917,14.13014,14.32683,18.99986
744.60060,-1.38030,-0.79539,62.25071,14.82382,14.12987,14.31713,18.97988
744.61060,-1.32037,-0.79321,62.20537,14.84274,14.09581,14.36308,18.90374
744.62060,-1.35392,-0.79998,62.36644,14.86094,14.13403,14.37218,18.99929
744.63060,-1.34952,-0.79822,62.36513,14.86595,14.13323,14.37291,18.99304
744.64060,-1.30055,-0.77865,62.35062,14.92159,14.12436,14.38097,18.92369
744.65060,-1.29320,-0.77571,62.34844,14.92994,14.12303,14.38218,18.91329
744.66060,-1.31341,-0.81256,62.23734,14.82550,14.07510,14.40534,18.93140
744.67060,-1.29398,-0.77250,62.32744,14.94894,14.10303,14.35218,18.92329
744.68060,-1.29532,-0.77482,62.32588,14.93902,14.10588,14.35944,18.92154
744.69060,-1.30828,-0.79885,62.31936,14.84423,14.13195,14.43252,18.91066
744.70060,-1.30552,-0.80862,62.40046,14.87410,14.11305,14.44472,18.96859
744.71060,-1.30406,-0.81378,62.44344,14.88994,14.10303,14.45118,18.99929
744.72060,-1.27913,-0.80405,62.51134,14.93844,14.11273,14.47058,18.98959
744.73060,-1.27836,-0.80375,62.51344,14.93994,14.11303,14.47118,18.98929
744.74060,-1.26133,-0.80701,62.44988,14.93460,14.07992,14.47118,18.96418
744.75060,-1.27503,-0.80332,62.30771,14.89513,14.06342,14.42398,18.92518
744.76060,-1.29495,-0.79876,62.24744,14.87094,14.07203,14.39118,18.91329
744.77060,-1.28256,-0.80926,62.18048,14.87814,14.00507,14.37030,18.92697
744.78060,-1.28424,-0.83304,61.96492,14.80728,13.91117,14.33735,18.90911
744.79060,-1.28560,-0.83716,61.92544,14.79194,13.89703,14.33218,18.90429
744.80060,-1.28454,-0.83848,61.92739,14.79437,13.89193,14.33218,18.90891
744.81060,-1.28124,-0.84257,61.93344,14.80194,13.87603,14.33218,18.92329
744.82060,-1.27476,-0.86222,61.93137,14.77747,13.84617,14.36495,18.94278
744.83060,-1.26588,-0.88914,61.92853,14.74395,13.80526,14.40983,18.96949
744.84060,-1.30024,-0.92433,62.22744,14.68394,13.90703,14.56118,19.07529
744.85060,-1.29542,-0.92493,62.22807,14.69116,13.89845,14.56118,19.07728
744.86060,-1.24623,-0.93130,62.31118,14.76881,13.84159,14.59338,19.10740
744.87060,-1.21974,-0.93528,62.57144,14.82194,13.89703,14.70118,19.15129
744.88060,-1.23238,-0.94119,62.54465,14.82194,13.86853,14.67027,19.18391
744.89060,-1.25659,-0.95250,62.49344,14.82194,13.81403,14.61118,19.24629
744.90060,-1.25866,-0.95516,62.44924,14.80834,13.80009,14.60098,19.23983
744.91060,-1.26620,-0.96223,62.35324,14.77548,13.76963,14.57778,19.23035
744.92060,-1.27302,-0.96592,62.33344,14.76294,13.76303,14.57118,19.23629
744.93060,-1.28404,-0.97343,62.26803,14.73683,13.73869,14.55065,19.24186
744.94060,-1.32968,-0.99750,62.14569,14.67394,13.68003,14.49050,19.30122
744.95060,-1.34622,-1.00264,62.17644,14.67394,13.68003,14.48118,19.34129
744.96060,-1.35041,-1.06858,62.19178,14.60432,13.57678,14.55198,19.45870
744.97060,-1.35332,-1.11439,62.20244,14.55594,13.50503,14.60118,19.54029
744.98060,-1.35614,-1.12892,62.22368,14.55004,13.48084,14.61298,19.57982
744.99060,-1.35931,-1.08775,62.38948,14.63857,13.57967,14.59758,19.57366
745.00060,-1.36016,-1.05227,62.49444,14.70294,13.66003,14.58118,19.55029
745.01060,-1.36304,-1.03635,62.42850,14.67977,13.69687,14.56930,19.48256
745.02060,-1.36501,-1.02545,62.38344,14.66394,13.72203,14.56118,19.43629
745.03060,-1.40606,-1.00654,62.35472,14.64358,13.78103,14.50897,19.42115
745.04060,-1.44541,-0.98646,62.27715,14.60908,13.83503,14.45061,19.38244
745.05060,-1.44696,-0.98399,62.23144,14.59494,13.83503,14.44118,19.36029
745.06060,-1.44156,-0.98112,62.19879,14.57567,13.84723,14.45298,19.32292
745.07060,-1.43910,-0.97770,62.13262,14.53447,13.86748,14.46683,19.26384
745.08060,-1.47378,-0.98373,62.03944,14.46694,13.87603,14.44118,19.25529
745.09060,-1.47340,-0.98004,62.04837,14.48574,13.87133,14.42708,19.26422
745.10060,-1.47298,-0.97589,62.05844,14.50694,13.86603,14.41118,19.27429
745.11060,-1.47632,-0.97015,62.13834,14.52527,13.89987,14.42528,19.28792
745.12060,-1.48239,-0.95898,62.26828,14.56119,13.95391,14.44118,19.31200
745.13060,-1.48727,-0.94896,62.35305,14.59364,13.98768,14.44118,19.33054
745.14060,-1.49725,-0.95111,62.37311,14.58861,13.99603,14.44118,19.34729
745.15060,-1.52700,-0.96818,62.35102,14.54228,13.98555,14.43438,19.38881
745.16060,-1.54686,-0.99149,62.24344,14.47694,13.93803,14.42118,19.40729
745.17060,-1.55170,-0.99748,62.22961,14.46130,13.93101,14.42345,19.41386
745.18060,-1.56594,-1.01512,62.18895,14.41530,13.91034,14.43011,19.43319
745.19060,-1.60138,-1.02679,62.17824,14.40794,13.88099,14.38162,19.50769
745.20060,-1.61681,-1.03335,62.15308,14.38358,13.87603,14.37218,19.52129
745.21060,-1.64640,-1.07978,62.23499,14.32039,13.84973,14.43073,19.63414
745.22060,-1.65137,-1.08789,62.25044,14.30994,13.84503,14.44118,19.65429
745.23060,-1.64326,-1.08333,62.33374,14.35159,13.85353,14.44968,19.67894
745.24060,-1.64869,-1.08949,62.36799,14.40059,13.80318,14.40868,19.75554
745.25060,-1.64990,-1.09071,62.37144,14.40794,13.79403,14.40118,19.76829
745.26060,-1.69863,-1.06763,62.41744,14.36894,13.91703,14.39118,19.74029
745.27060,-1.70038,-1.06599,62.40160,14.36714,13.91613,14.38317,19.73516
745.28060,-1.71925,-1.04815,62.24761,14.35061,13.91159,14.30162,19.68379
745.29060,-1.73258,-1.03423,62.31613,14.36913,13.96221,14.29545,19.68934
745.30060,-1.73584,-1.02567,62.34983,14.38176,13.98831,14.29363,19.68614
745.31060,-1.70131,-1.01475,62.32615,14.40742,13.98173,14.30679,19.63021
745.32060,-1.71807,-1.00577,62.24983,14.39986,13.97903,14.25508,19.61585
745.33060,-1.71965,-1.00555,62.24644,14.39894,13.97903,14.25218,19.61629
745.34060,-1.68367,-0.97909,62.27942,14.44647,14.01880,14.27158,19.54257
745.35060,-1.63914,-0.97924,62.32441,14.49838,13.98705,14.30451,19.53447
745.36060,-1.61544,-0.97977,62.34844,14.52594,13.96903,14.32218,19.53129
745.37060,-1.64051,-0.95814,62.42656,14.53434,14.05555,14.31378,19.52289
745.38060,-1.64528,-0.95402,62.44144,14.53594,14.07203,14.31218,19.52129
745.39060,-1.57323,-0.95104,62.32446,14.57718,13.98535,14.32060,19.44134
745.40060,-1.56349,-0.94247,62.40492,14.60174,14.02111,14.34738,19.43469
745.41060,-1.56422,-0.94095,62.42444,14.60494,14.03103,14.35218,19.43629
745.42060,-1.53541,-0.93581,62.31692,14.60494,13.99575,14.34378,19.37245
745.43060,-1.52393,-0.93168,62.30204,14.62174,13.98343,14.33658,19.36029
745.44060,-1.51924,-0.92919,62.30644,14.63494,13.97903,14.33218,19.36029
745.45060,-1.51185,-0.92055,62.36090,14.63970,14.02292,14.36338,19.33491
745.46060,-1.50528,-0.91287,62.40944,14.64394,14.06203,14.39118,19.31229
745.47060,-1.46464,-0.90847,62.33168,14.67274,14.00947,14.38470,19.26477
745.48060,-1.44759,-0.89712,62.33687,14.69499,14.02065,14.38942,19.23181
745.49060,-1.44590,-0.88375,62.38607,14.71033,14.06457,14.39947,19.21170
745.50060,-1.39947,-0.88373,62.29313,14.73206,14.00003,14.40118,19.15986
745.51060,-1.38118,-0.90010,62.22364,14.69633,13.95903,14.43068,19.13760
745.52060,-1.38679,-0.91058,62.21544,14.66394,13.95903,14.45118,19.14129
745.53060,-1.38512,-0.88979,62.30866,14.73356,13.98912,14.42758,19.15840
745.54060,-1.38397,-0.87538,62.37344,14.78194,14.01003,14.41118,19.17029
745.55060,-1.38605,-0.88055,62.38111,14.74713,14.03422,14.44658,19.15318
745.56060,-1.37761,-0.85843,62.50623,14.79922,14.10050,14.46522,19.14129
745.57060,-1.37093,-0.84105,62.58744,14.85094,14.13403,14.46118,19.14129
745.58060,-1.37579,-0.82792,62.64592,14.87130,14.17685,14.46118,19.13659
745.59060,-1.35422,-0.81106,62.60928,14.89454,14.18291,14.45198,19.07985
745.60060,-1.32359,-0.80534,62.50344,14.89994,14.14403,14.44118,19.01829
745.61060,-1.32359,-0.80534,62.50344,14.89994,14.14403,14.44118,19.01829
745.62060,-1.27693,-0.77756,62.46444,14.97894,14.12303,14.41118,18.95129
745.63060,-1.28995,-0.77991,62.30971,14.92411,14.09934,14.37447,18.91179
745.64060,-1.29332,-0.78358,62.11557,14.86717,14.05585,14.33529,18.85726
745.65060,-1.26839,-0.78559,62.08179,14.88041,14.02141,14.34192,18.83805
745.66060,-1.28820,-0.79158,62.04338,14.84388,14.02377,14.33198,18.84375
745.67060,-1.30950,-0.81278,62.02771,14.77495,14.02772,14.36303,18.86200
745.68060,-1.26511,-0.83530,62.15844,14.78194,14.02003,14.48118,18.87529
745.69060,-1.26009,-0.83170,62.18894,14.79915,14.02679,14.48554,18.87746
745.70060,-1.24211,-0.81879,62.29844,14.86094,14.05103,14.50118,18.88529
745.71060,-1.23676,-0.81711,62.35666,14.87529,14.06829,14.52197,18.89111
745.72060,-1.20732,-0.81526,62.53742,14.92178,14.11077,14.60322,18.90165
745.73060,-1.17147,-0.83292,62.37744,14.88994,14.02003,14.61118,18.85629
745.74060,-1.16808,-0.83251,62.40508,14.90386,14.02003,14.61522,18.86597
745.75060,-1.15233,-0.83199,62.50720,14.95791,14.01476,14.63221,18.90232
745.76060,-1.13172,-0.84134,62.44444,14.94894,13.96903,14.64118,18.88529
745.77060,-1.13736,-0.84369,62.41562,14.93816,13.96001,14.63018,18.88727
745.78060,-1.15738,-0.85207,62.31344,14.89994,13.92803,14.59118,18.89429
745.79060,-1.15738,-0.85207,62.31344,14.89994,13.92803,14.59118,18.89429
745.80060,-1.11630,-0.84927,62.42157,14.93577,13.94991,14.66574,18.87015
745.81060,-1.14336,-0.83438,62.27862,14.88946,13.97071,14.60534,18.81311
745.82060,-1.15422,-0.82841,62.22144,14.87094,13.97903,14.58118,18.79029
745.83060,-1.11174,-0.83499,62.27481,14.93789,13.91887,14.60059,18.81745
745.84060,-1.11202,-0.85039,62.32009,14.94867,13.88696,14.61088,18.87358
745.85060,-1.11207,-0.85086,62.32144,14.94894,13.88603,14.61118,18.87529
745.86060,-1.07389,-0.84519,62.26906,14.94021,13.88603,14.64998,18.79284
745.87060,-1.07270,-0.84501,62.26744,14.93994,13.88603,14.65118,18.79029
745.88060,-1.05408,-0.86444,62.17238,14.88271,13.84626,14.68998,18.75343
745.89060,-1.06671,-0.84702,62.18690,14.92847,13.85473,14.63298,18.77072
745.90060,-1.06712,-0.84646,62.18744,14.92994,13.85503,14.63118,18.77129
745.91060,-1.01846,-0.85195,62.30077,14.98660,13.83583,14.69841,18.77993
745.92060,-1.02561,-0.86089,62.28028,14.95352,13.83503,14.71145,18.78029
745.93060,-1.03429,-0.86915,62.25644,14.91994,13.83503,14.72118,18.78029
745.94060,-1.03212,-0.86877,62.25877,14.91994,13.83715,14.72542,18.77626
745.95060,-1.02403,-0.86735,62.26744,14.91994,13.84503,14.74118,18.76129
745.96060,-1.02241,-0.86814,62.26985,14.92252,13.84138,14.74207,18.76387
745.97060,-1.00371,-0.87264,62.30337,14.95443,13.81268,14.75304,18.78322
745.98060,-0.98280,-0.83695,62.39044,15.00794,13.89703,14.77118,18.71429
745.99060,-0.98606,-0.83616,62.39234,15.02691,13.88110,14.74842,18.73591
746.00060,-0.99751,-0.83105,62.35006,15.01505,13.88736,14.72361,18.72404
746.01060,-1.00124,-0.82872,62.32244,14.98894,13.90703,14.73118,18.69529
746.02060,-0.98824,-0.81908,62.35686,15.03842,13.89986,14.71684,18.70174
746.03060,-0.98311,-0.81528,62.37044,15.05794,13.89703,14.71118,18.70429
746.04060,-0.98718,-0.81192,62.27696,15.03796,13.88281,14.68070,18.67550
746.05060,-0.99133,-0.80448,62.21775,15.02195,13.89161,14.66248,18.64171
746.06060,-0.98869,-0.80390,62.30344,15.03794,13.91703,14.69118,18.65729
746.07060,-0.99181,-0.78584,62.29934,15.05493,13.94750,14.66775,18.62917
746.08060,-0.97387,-0.77292,62.31485,15.09526,13.94968,14.66062,18.60929
746.09060,-0.95136,-0.77276,62.33544,15.12694,13.92803,14.67118,18.60929
746.10060,-0.94093,-0.76737,62.31288,15.13117,13.92803,14.67118,18.58250
746.11060,-0.92916,-0.76128,62.28744,15.13594,13.92803,14.67118,18.55229
746.12060,-0.92222,-0.76820,62.28604,15.14059,13.90384,14.67583,18.56578
746.13060,-0.91241,-0.77321,62.29945,15.15332,13.88366,14.68364,18.57883
746.14060,-0.90840,-0.76684,62.33207,15.16936,13.90024,14.68899,18.57348
746.15060,-0.90728,-0.77177,62.29891,15.15291,13.88776,14.69118,18.56706
746.16060,-0.92139,-0.77709,62.22876,15.10833,13.88511,14.68187,18.55345
746.17060,-0.93695,-0.77343,62.20844,15.08694,13.90703,14.67118,18.54329
746.18060,-0.93979,-0.76946,62.23664,15.09634,13.92160,14.67118,18.54752
746.19060,-0.94300,-0.76499,62.26844,15.10694,13.93803,14.67118,18.55229
746.20060,-0.93639,-0.76412,62.22238,15.10067,13.92519,14.66491,18.53161
746.21060,-0.92230,-0.76227,62.12438,15.08734,13.89785,14.65158,18.48761
746.22060,-0.96400,-0.73065,62.37144,15.14594,14.04103,14.65118,18.53329
746.23060,-0.92909,-0.72352,62.38572,15.18266,14.03049,14.67158,18.50099
746.24060,-0.88053,-0.72368,62.40154,15.22742,13.99269,14.70438,18.47705
746.25060,-0.91774,-0.75085,62.37844,15.17594,13.95903,14.69118,18.55229
746.26060,-0.92028,-0.74226,62.32819,15.16901,13.96596,14.67039,18.52283
746.27060,-0.92509,-0.72604,62.23344,15.15594,13.97903,14.63118,18.46729
746.28060,-0.93019,-0.73103,62.22088,15.14841,13.96706,14.62538,18.48004
746.29060,-0.94518,-0.74574,62.18395,15.12625,13.93183,14.60834,18.51754
746.30060,-0.92814,-0.75382,62.22377,15.12361,13.93103,14.65451,18.51462
746.31060,-0.91648,-0.75476,62.25144,15.12694,13.93803,14.68118,18.50529
746.32060,-0.92910,-0.75164,62.25666,15.12694,13.94899,14.66553,18.51520
746.33060,-0.93022,-0.73165,62.33244,15.16594,14.00003,14.66118,18.50529
746.34060,-0.93006,-0.73197,62.32254,15.16324,13.99724,14.65938,18.50268
746.35060,-0.92839,-0.73514,62.22244,15.13594,13.96903,14.64118,18.47629
746.36060,-0.93055,-0.73685,62.23862,15.13512,13.97276,14.64663,18.48410
746.37060,-0.94988,-0.75240,62.39351,15.12981,14.00795,14.69821,18.55753
746.38060,-0.92956,-0.73899,62.33044,15.15594,13.98903,14.67118,18.51429
746.39060,-0.93335,-0.73945,62.32258,15.15173,13.98832,14.66618,18.51636
746.40060,-0.97552,-0.74456,62.23528,15.10490,13.98038,14.61062,18.53937
746.41060,-0.95181,-0.79302,62.32950,15.08729,13.90954,14.70734,18.62532
746.42060,-0.95070,-0.79474,62.33344,15.08694,13.90703,14.71118,18.62829
746.43060,-0.98083,-0.80092,62.68576,15.12534,14.01551,14.79758,18.74733
746.44060,-0.98208,-0.80117,62.70044,15.12694,14.02003,14.80118,18.75229
746.45060,-0.97530,-0.80219,62.53903,15.07890,13.99025,14.78196,18.68791
746.46060,-0.95494,-0.79222,62.41148,15.07694,13.96023,14.75238,18.62193
746.47060,-0.95410,-0.79180,62.40644,15.07694,13.95903,14.75118,18.61929
746.48060,-1.00002,-0.75688,62.26340,15.08654,13.97823,14.60718,18.59145
746.49060,-0.99128,-0.78339,62.04624,15.01110,13.88015,14.59158,18.56341
746.50060,-0.99083,-0.78456,62.03744,15.00794,13.87603,14.59118,18.56229
746.51060,-0.98870,-0.78208,62.19213,15.01755,13.94521,14.65843,18.57093
746.52060,-0.98862,-0.78198,62.19844,15.01794,13.94803,14.66118,18.57129
746.53060,-0.99440,-0.78557,62.13711,15.00337,13.92427,14.63818,18.57129
746.54060,-1.02117,-0.78528,62.38479,15.02315,14.02057,14.69798,18.64309
746.55060,-1.02609,-0.78501,62.43744,15.02794,14.04103,14.71118,18.65729
746.56060,-1.02414,-0.78766,62.36100,15.01954,14.00659,14.68598,18.64889
746.57060,-1.01184,-0.77830,62.39852,15.04314,14.02607,14.69798,18.63133
746.58060,-1.00957,-0.77643,62.40844,15.04794,14.03103,14.70118,18.62829
746.59060,-1.02816,-0.76409,62.51575,15.08064,14.08217,14.69280,18.66015
746.60060,-1.03174,-0.76171,62.53644,15.08694,14.09203,14.69118,18.66629
746.61060,-1.06749,-0.76856,62.45244,15.03738,14.08363,14.64918,18.68225
746.62060,-1.07721,-0.77208,62.29114,14.98310,14.05309,14.61280,18.64215
746.63060,-1.07943,-0.77377,62.18044,14.94894,14.03103,14.59118,18.60929
746.64060,-1.08526,-0.76069,62.27132,14.99793,14.06014,14.57698,18.63627
746.65060,-1.06650,-0.75208,62.28927,15.01794,14.07203,14.59248,18.60682
746.66060,-1.06048,-0.75214,62.27427,15.01077,14.07203,14.60118,18.59029
746.67060,-1.08358,-0.75447,62.36510,15.01431,14.10453,14.60755,18.63871
746.68060,-1.09612,-0.75548,62.41844,15.01794,14.12303,14.61118,18.66629
746.69060,-1.09128,-0.75313,62.39578,15.02927,14.10755,14.59607,18.66289
746.70060,-1.08445,-0.74983,62.36387,15.04523,14.08574,14.57480,18.65810
746.71060,-1.03253,-0.75364,62.44335,15.09469,14.06295,14.63796,18.64775
746.72060,-1.03009,-0.75385,62.44744,15.09694,14.06203,14.64118,18.64729
746.73060,-1.11542,-0.71370,62.40328,15.06814,14.18011,14.52598,18.62905
746.74060,-1.11589,-0.71954,62.36407,15.03970,14.17421,14.53515,18.61502
746.75060,-1.10487,-0.73354,62.35147,15.01962,14.15010,14.56511,18.61664
746.76060,-1.09680,-0.73350,62.43944,15.06694,14.14403,14.57118,18.65729
746.77060,-1.09942,-0.73593,62.42527,15.05643,14.14127,14.57118,18.65640
746.78060,-1.12871,-0.76176,62.28268,14.94742,14.11303,14.57038,18.65185
746.79060,-1.15574,-0.77255,62.30844,14.92994,14.11303,14.56118,18.70429
746.80060,-1.15574,-0.77255,62.30844,14.92994,14.11303,14.56118,18.70429
746.81060,-1.14777,-0.74913,62.55244,15.06694,14.15403,14.55118,18.78029
746.82060,-1.15269,-0.74549,62.43066,15.03189,14.14215,14.52148,18.73514
746.83060,-1.15435,-0.74892,62.42480,15.01185,14.15005,14.53635,18.72656
746.84060,-1.15170,-0.75814,62.54544,15.01794,14.17503,14.59118,18.76129
746.85060,-1.14724,-0.75858,62.48512,15.01478,14.14882,14.57223,18.74929
746.86060,-1.13790,-0.75951,62.35947,15.00820,14.09422,14.53276,18.72429
746.87060,-1.15689,-0.76270,62.24644,14.95894,14.08203,14.50118,18.70429
746.88060,-1.16001,-0.76667,62.27115,14.94556,14.09610,14.52177,18.70772
746.89060,-1.16597,-0.77426,62.31844,14.91994,14.12303,14.56118,18.71429
746.90060,-1.17025,-0.78286,62.31708,14.90974,14.10909,14.56458,18.73367
746.91060,-1.18995,-0.78662,62.34844,14.90980,14.11334,14.55098,18.77432
746.92060,-1.21238,-0.76118,62.41544,14.94894,14.17503,14.51118,18.78029
746.93060,-1.19724,-0.76193,62.41914,14.95567,14.16796,14.52801,18.76749
746.94060,-1.17287,-0.76628,62.42908,14.96564,14.15073,14.55788,18.75483
746.95060,-1.18392,-0.77209,62.43444,14.95894,14.14403,14.55118,18.78029
746.96060,-1.19719,-0.77267,62.46776,14.95554,14.16137,14.55118,18.79967
746.97060,-1.22292,-0.77379,62.53244,14.94894,14.19503,14.55118,18.83729
746.98060,-1.22292,-0.77379,62.53244,14.94894,14.19503,14.55118,18.83729
746.99060,-1.19323,-0.76428,62.39909,14.94199,14.16587,14.53801,18.75322
747.00060,-1.20750,-0.76536,62.50644,14.94894,14.20603,14.56118,18.79029
747.01060,-1.21642,-0.76713,62.48124,14.93466,14.20372,14.55068,18.79218
747.02060,-1.25370,-0.76991,62.38200,14.88202,14.20247,14.50278,18.79473
747.03060,-1.27099,-0.75147,62.36086,14.88716,14.23790,14.46278,18.77301
747.04060,-1.28033,-0.74151,62.34944,14.88994,14.25703,14.44118,18.76129
747.05060,-1.23581,-0.73514,62.41112,14.93620,14.25703,14.48811,18.72978
747.06060,-1.21395,-0.73202,62.44144,14.95894,14.25703,14.51118,18.71429
747.07060,-1.24279,-0.74730,62.37517,14.90249,14.24067,14.49482,18.73720
747.08060,-1.27999,-0.74518,62.29576,14.84878,14.26307,14.45758,18.72633
747.09060,-1.28586,-0.74412,62.28344,14.84094,14.26803,14.45118,18.72329
747.10060,-1.23016,-0.76767,62.36798,14.90463,14.17945,14.50748,18.77642
747.11060,-1.22500,-0.80885,62.37344,14.85094,14.12303,14.57118,18.82829
747.12060,-1.22653,-0.80708,62.37349,14.85302,14.12581,14.56691,18.82775
747.13060,-1.24572,-0.78502,62.37416,14.87902,14.16047,14.51358,18.82109
747.14060,-1.25378,-0.77575,62.37444,14.88994,14.17503,14.49118,18.81829
747.15060,-1.24918,-0.78025,62.42148,14.90914,14.16543,14.50078,18.84613
747.16060,-1.21914,-0.76139,62.33224,14.90994,14.17463,14.50118,18.74649
747.17060,-1.21789,-0.76060,62.32844,14.90994,14.17503,14.50118,18.74229
747.18060,-1.26204,-0.76932,62.40428,14.88210,14.21439,14.50118,18.80661
747.19060,-1.27106,-0.78550,62.34920,14.83678,14.18979,14.50758,18.81505
747.20060,-1.27510,-0.79440,62.31644,14.81194,14.17503,14.51118,18.81829
747.21060,-1.25497,-0.82435,62.25668,14.77127,14.10614,14.55268,18.82659
747.22060,-1.25084,-0.83049,62.24444,14.76294,14.09203,14.56118,18.82829
747.23060,-1.28562,-0.82656,62.26127,14.74611,14.12738,14.53593,18.85185
747.24060,-1.26665,-0.82098,62.39884,14.79250,14.16007,14.58158,18.86469
747.25060,-1.26180,-0.82006,62.42444,14.80194,14.16503,14.59118,18.86629
747.26060,-1.24054,-0.80872,62.48240,14.85150,14.17343,14.59958,18.85789
747.27060,-1.23258,-0.80718,62.39887,14.85538,14.13498,14.56780,18.84071
747.28060,-1.22945,-0.80767,62.32344,14.85094,14.10303,14.54118,18.82829
747.29060,-1.21880,-0.80520,62.38024,14.86940,14.11771,14.56485,18.82829
747.30060,-1.20698,-0.80246,62.44344,14.88994,14.13403,14.59118,18.82829
747.31060,-1.19930,-0.81107,62.50959,14.87862,14.15251,14.64482,18.83365
747.32060,-1.21847,-0.82568,62.52830,14.85312,14.14662,14.65148,18.87709
747.33060,-1.23513,-0.83170,62.51044,14.84094,14.13403,14.63118,18.90429
747.34060,-1.23901,-0.82116,62.43684,14.82984,14.13987,14.60197,18.86515
747.35060,-1.22401,-0.81307,62.37858,14.83307,14.13173,14.59290,18.82088
747.36060,-1.21144,-0.81267,62.37444,14.84094,14.12303,14.60118,18.80929
747.37060,-1.21303,-0.80752,62.29242,14.84094,14.09901,14.56017,18.79230
747.38060,-1.21416,-0.80388,62.23444,14.84094,14.08203,14.53118,18.78029
747.39060,-1.21266,-0.80713,62.22625,14.83473,14.07555,14.53568,18.78029
747.40060,-1.19035,-0.83434,62.15817,14.78912,14.01535,14.58118,18.77251
747.41060,-1.12797,-0.78398,62.28744,14.93994,14.06203,14.58118,18.70429
747.42060,-1.13932,-0.78167,62.23744,14.92661,14.05837,14.55451,18.69795
747.43060,-1.16065,-0.78737,62.19114,14.89260,14.05528,14.53595,18.70731
747.44060,-1.15842,-0.80370,62.27644,14.88094,14.06203,14.59118,18.74229
747.45060,-1.16203,-0.80381,62.27174,14.87352,14.06698,14.59118,18.74006
747.46060,-1.16989,-0.80404,62.26153,14.85739,14.07773,14.59118,18.73522
747.47060,-1.17303,-0.80413,62.25744,14.85094,14.08203,14.59118,18.73329
747.48060,-1.14888,-0.80598,62.38426,14.90480,14.08203,14.63209,18.76533
747.49060,-1.14942,-0.79749,62.37288,14.92274,14.08203,14.60798,18.76013
747.50060,-1.15401,-0.79385,62.34544,14.91994,14.08203,14.59118,18.75229
747.51060,-1.13092,-0.78469,62.39412,14.94762,14.10208,14.61982,18.72460
747.52060,-1.09584,-0.77044,62.37544,15.01794,14.06203,14.59118,18.70429
747.53060,-1.09728,-0.76758,62.37980,15.02036,14.06947,14.58876,18.70122
747.54060,-1.11362,-0.73508,62.42944,15.04794,14.15403,14.56118,18.66629
747.55060,-1.10941,-0.74150,62.41222,15.03954,14.13681,14.56748,18.66839
747.56060,-1.09884,-0.77081,62.32896,14.98736,14.06993,14.59538,18.67629
747.57060,-1.11874,-0.79019,62.25944,14.90994,14.06203,14.61118,18.67629
747.58060,-1.11384,-0.78896,62.29283,14.92023,14.07064,14.62378,18.67818
747.59060,-1.09284,-0.78700,62.41950,14.96742,14.08776,14.66694,18.69738
747.60060,-1.08320,-0.79688,62.42344,14.99894,14.03103,14.65118,18.74229
747.61060,-1.09695,-0.78782,62.41210,14.99264,14.05686,14.63228,18.73032
747.62060,-1.14871,-0.75370,62.36944,14.96894,14.15403,14.56118,18.68529
747.63060,-1.14871,-0.75370,62.36944,14.96894,14.15403,14.56118,18.68529
747.64060,-1.08607,-0.72168,62.43660,15.05026,14.19175,14.60198,18.59261
747.65060,-1.06937,-0.72996,62.46144,15.07694,14.15403,14.61118,18.61929
747.66060,-1.07274,-0.73102,62.45742,15.07214,14.15403,14.60922,18.62203
747.67060,-1.10080,-0.74266,62.41838,15.02794,14.14810,14.59441,18.64793
747.68060,-1.06432,-0.76537,62.39257,15.02794,14.07390,14.63473,18.65600
747.69060,-1.05848,-0.76900,62.38844,15.02794,14.06203,14.64118,18.65729
747.70060,-1.05880,-0.76215,62.38940,15.01834,14.09083,14.65078,18.62945
747.71060,-1.05881,-0.76186,62.38944,15.01794,14.09203,14.65118,18.62829
747.72060,-1.04725,-0.78034,62.45635,15.00824,14.08234,14.70936,18.65641
747.73060,-1.06686,-0.75946,62.47861,15.03675,14.12141,14.66316,18.65729
747.74060,-1.06768,-0.75858,62.47944,15.03794,14.12303,14.66118,18.65729
747.75060,-1.07077,-0.74659,62.43874,15.07557,14.09923,14.59974,18.66420
747.76060,-1.03718,-0.75482,62.35789,15.03063,14.08387,14.65463,18.58876
747.77060,-1.02939,-0.75750,62.34244,15.01794,14.08203,14.67118,18.57129
747.78060,-1.04805,-0.75505,62.38145,15.04284,14.08203,14.63798,18.61860
747.79060,-1.05187,-0.75455,62.38944,15.04794,14.08203,14.63118,18.62829
747.80060,-1.04381,-0.75529,62.35571,15.03019,14.08203,14.64450,18.59899
747.81060,-1.03408,-0.75617,62.31507,15.00880,14.08203,14.66054,18.56370
747.82060,-1.06879,-0.76763,62.23244,14.95894,14.06203,14.62118,18.59029
747.83060,-1.05877,-0.77174,62.27268,14.98409,14.04443,14.62956,18.61460
747.84060,-1.04209,-0.76959,62.48120,15.03850,14.09311,14.69838,18.65121
747.85060,-1.03929,-0.76903,62.51944,15.04794,14.10303,14.71118,18.65729
747.86060,-1.05604,-0.76291,62.49817,15.04794,14.10989,14.67688,18.66346
747.87060,-1.06371,-0.76011,62.48844,15.04794,14.11303,14.66118,18.66629
747.88060,-1.04239,-0.75196,62.43753,15.07630,14.08322,14.63936,18.63865
747.89060,-1.02102,-0.74962,62.46903,15.10862,14.07203,14.65286,18.63551
747.90060,-1.01590,-0.74989,62.48844,15.11694,14.07203,14.66118,18.63829
747.91060,-1.04433,-0.74138,62.33076,15.05927,14.07933,14.60278,18.58938
747.92060,-1.05489,-0.73821,62.27244,15.03794,14.08203,14.58118,18.57129
747.93060,-1.04649,-0.76616,62.24859,15.00975,14.02277,14.61009,18.60598
747.94060,-1.05471,-0.76624,62.33304,15.01262,14.05907,14.63558,18.62577
747.95060,-1.05915,-0.76211,62.36944,15.01794,14.08203,14.64118,18.62829
747.96060,-1.03727,-0.79225,62.29436,14.97141,14.01118,14.68348,18.62829
747.97060,-1.04174,-0.78848,62.38164,15.00235,14.03117,14.68766,18.66047
747.98060,-1.05350,-0.77345,62.45744,15.03794,14.07203,14.67118,18.67629
747.99060,-1.04932,-0.76585,62.45955,15.03794,14.09383,14.67821,18.64957
748.00060,-1.04755,-0.76264,62.46044,15.03794,14.10303,14.68118,18.63829
748.01060,-1.02719,-0.75727,62.48671,15.08693,14.08102,14.67408,18.64468
748.02060,-1.04228,-0.75504,62.31781,15.02316,14.07203,14.63568,18.58694
748.03060,-1.05188,-0.75503,62.24444,14.98894,14.07203,14.62118,18.56229
748.04060,-1.05988,-0.75646,62.23640,14.97745,14.07586,14.61735,18.56573
748.05060,-1.07099,-0.75845,62.22523,14.96149,14.08118,14.61203,18.57052
748.06060,-1.04273,-0.78392,62.24093,14.97043,14.01003,14.65118,18.60929
748.07060,-1.03691,-0.78080,62.25689,14.98639,14.01003,14.65118,18.60929
748.08060,-1.07338,-0.81102,62.24844,14.88994,14.02003,14.69118,18.64729
748.09060,-1.07780,-0.80389,62.34874,14.91944,14.05661,14.70298,18.66971
748.10060,-1.05984,-0.79228,62.45148,14.99776,14.05784,14.69938,18.69650
748.11060,-1.04524,-0.78765,62.47444,15.03794,14.04103,14.69118,18.70429
748.12060,-1.04485,-0.78532,62.42620,15.00980,14.05309,14.69692,18.66639
748.13060,-1.05237,-0.78106,62.36899,14.98588,14.06203,14.68279,18.63829
748.14060,-1.06608,-0.77662,62.33135,14.98050,14.06203,14.65053,18.63829
748.15060,-1.07006,-0.77533,62.32044,14.97894,14.06203,14.64118,18.63829
748.16060,-1.04210,-0.79520,62.31050,14.97184,14.01020,14.68378,18.64468
748.17060,-1.03068,-0.80331,62.30644,14.96894,13.98903,14.70118,18.64729
748.18060,-1.06923,-0.80225,62.22622,14.88490,14.03870,14.69163,18.61099
748.19060,-1.07075,-0.78791,62.23972,14.93758,14.03143,14.64318,18.62753
748.20060,-1.06850,-0.78945,62.30311,14.94961,14.04470,14.66451,18.64429
748.21060,-1.06404,-0.79371,62.42844,14.96894,14.07203,14.71118,18.67629
748.22060,-1.07947,-0.79284,62.46816,14.96894,14.09290,14.70781,18.69850
748.23060,-1.08146,-0.78015,62.51443,15.00128,14.11687,14.69458,18.70170
748.24060,-1.02382,-0.75785,62.44944,15.06694,14.08203,14.68118,18.61929
748.25060,-1.02221,-0.76634,62.37464,15.04042,14.05041,14.67438,18.60943
748.26060,-1.02254,-0.78011,62.20921,14.98477,13.99133,14.65075,18.58236
748.27060,-1.03271,-0.77197,62.14970,14.97250,13.99808,14.62008,18.55905
748.28060,-1.03140,-0.77267,62.13496,14.96546,13.99631,14.62198,18.55121
748.29060,-1.01109,-0.78731,62.14696,14.94889,13.97860,14.67341,18.54606
748.30060,-1.03040,-0.80571,62.15121,14.91026,13.96903,14.68634,18.58558
748.31060,-1.03805,-0.81081,62.16782,14.90304,13.97007,14.69049,18.60422
748.32060,-1.01311,-0.82328,62.31844,14.92994,13.97903,14.77118,18.63829
748.33060,-1.01311,-0.82328,62.31844,14.92994,13.97903,14.77118,18.63829
748.34060,-1.03511,-0.82070,62.36040,14.93466,14.00083,14.75478,18.67013
748.35060,-1.05976,-0.80328,62.39444,14.98894,14.01003,14.68118,18.71429
748.36060,-1.06074,-0.80461,62.40076,14.98654,14.01171,14.68518,18.71733
748.37060,-1.07110,-0.81931,62.46637,14.95894,14.02953,14.72904,18.74886
748.38060,-1.06053,-0.81117,62.37798,14.95894,14.01078,14.70225,18.70600
748.39060,-1.06010,-0.81085,62.37444,14.95894,14.01003,14.70118,18.70429
748.40060,-1.09870,-0.80211,62.45316,14.94070,14.08875,14.70118,18.72253
748.41060,-1.10031,-0.80175,62.45644,14.93994,14.09203,14.70118,18.72329
748.42060,-1.08368,-0.80350,62.48552,14.94866,14.09203,14.73026,18.71456
748.43060,-1.11492,-0.79919,62.40289,14.89228,14.12181,14.70237,18.68644
748.44060,-1.11623,-0.79901,62.39944,14.88994,14.12303,14.70118,18.68529
748.45060,-1.09179,-0.78984,62.44458,14.96581,14.09326,14.68197,18.70353
748.46060,-1.08950,-0.80660,62.46276,14.96894,14.05267,14.69078,18.75037
748.47060,-1.07582,-0.80000,62.50088,15.00638,14.05103,14.69118,18.75229
748.48060,-1.07170,-0.79358,62.45124,15.02074,14.03119,14.65918,18.74013
748.49060,-1.06969,-0.79013,62.42244,15.02794,14.02003,14.64118,18.73329
748.50060,-1.08554,-0.79638,62.39047,14.98991,14.02610,14.64118,18.73329
748.51060,-1.10997,-0.80361,62.36486,14.94046,14.04384,14.64328,18.73728
748.52060,-1.15327,-0.81168,62.36644,14.87094,14.09203,14.65118,18.75229
748.53060,-1.15705,-0.81063,62.35573,14.87304,14.08783,14.63858,18.75628
748.54060,-1.16665,-0.81354,62.31922,14.87254,14.06342,14.60798,18.77528
748.55060,-1.14937,-0.83936,62.33344,14.84094,14.03103,14.67118,18.79029
748.56060,-1.15940,-0.84851,62.34709,14.82456,14.02872,14.67958,18.81423
748.57060,-1.19709,-0.88288,62.39844,14.76294,14.02003,14.71118,18.90429
748.58060,-1.19591,-0.88373,62.46004,14.77808,14.03100,14.72684,18.92412
748.59060,-1.18708,-0.88660,62.51589,14.79741,14.02955,14.74665,18.94229
748.60060,-1.18066,-0.88834,62.51544,14.80194,14.02003,14.75118,18.94229
748.61060,-1.19911,-0.89579,62.43805,14.76005,14.00583,14.72988,18.94229
748.62060,-1.20665,-0.89884,62.40644,14.74294,14.00003,14.72118,18.94229
748.63060,-1.22236,-0.90768,62.33402,14.71454,13.97092,14.69278,18.95578
748.64060,-1.23748,-0.90605,62.22705,14.69655,13.94412,14.63858,18.94780
748.65060,-1.24103,-0.90391,62.19544,14.69394,13.93803,14.62118,18.94229
748.66060,-1.24546,-0.88432,62.28277,14.71453,14.01116,14.63538,18.92170
748.67060,-1.25877,-0.88813,62.27365,14.70436,14.00672,14.62212,18.94045
748.68060,-1.27142,-0.90111,62.22444,14.68394,13.96903,14.60118,18.97029
748.69060,-1.27604,-0.90236,62.21751,14.68064,13.96573,14.59458,18.97656
748.70060,-1.28542,-0.90489,62.20344,14.67394,13.95903,14.58118,18.98929
748.71060,-1.28775,-0.91440,62.25985,14.67008,13.96290,14.60823,19.01865
748.72060,-1.28400,-0.94027,62.43778,14.65871,13.98524,14.70868,19.08515
748.73060,-1.27722,-0.95011,62.51844,14.65394,14.00003,14.76118,19.10329
748.74060,-1.28893,-0.94079,62.49761,14.65928,14.01072,14.72913,19.09848
748.75060,-1.27787,-0.94206,62.38885,14.65798,13.95865,14.69522,19.07700
748.76060,-1.26341,-0.94845,62.32744,14.65394,13.91703,14.69118,19.06529
748.77060,-1.27057,-0.94561,62.30011,14.63671,13.92951,14.68524,19.04865
748.78060,-1.27547,-0.94366,62.28144,14.62494,13.93803,14.68118,19.03729
748.79060,-1.27664,-0.94512,62.28019,14.62153,13.93690,14.68232,19.03945
748.80060,-1.27787,-0.95894,62.26204,14.60236,13.90999,14.69118,19.05851
748.81060,-1.25378,-0.96651,62.23644,14.62494,13.85503,14.69118,19.06529
748.82060,-1.24917,-0.97433,62.23225,14.60633,13.85038,14.71445,19.06110
748.83060,-1.22416,-0.98312,62.24538,14.60794,13.83077,14.75498,19.05169
748.84060,-1.20102,-0.98289,62.26644,14.63494,13.81403,14.77118,19.04629
748.85060,-1.20961,-0.97028,62.29172,14.65525,13.83973,14.75046,19.04629
748.86060,-1.22173,-0.95248,62.32744,14.68394,13.87603,14.72118,19.04629
748.87060,-1.21622,-0.94963,62.31524,14.68394,13.87821,14.72336,19.02973
748.88060,-1.21109,-0.93806,62.28073,14.67836,13.89960,14.72003,18.98274
748.89060,-1.27535,-0.93208,62.32144,14.65394,13.95903,14.67118,19.03729
748.90060,-1.25471,-0.92881,62.29566,14.66483,13.94526,14.67785,19.00773
748.91060,-1.18236,-0.91733,62.20544,14.70294,13.89703,14.70118,18.90429
748.92060,-1.19307,-0.92281,62.22047,14.68813,13.90379,14.70771,18.92084
748.93060,-1.22560,-0.93780,62.28683,14.64922,13.93223,14.73118,18.97420
748.94060,-1.20355,-0.92020,62.33344,14.70294,13.94803,14.73118,18.95129
748.95060,-1.19363,-0.91257,62.33113,14.72274,13.94803,14.72458,18.93578
748.96060,-1.16479,-0.89012,62.31344,14.77927,13.94470,14.70118,18.88829
748.97060,-1.14744,-0.87622,62.28744,14.81194,13.93803,14.68118,18.85629
748.98060,-1.14071,-0.86779,62.27358,14.83585,13.93076,14.66039,18.84658
748.99060,-1.12800,-0.85187,62.24744,14.88094,13.91703,14.62118,18.82829
749.00060,-1.13707,-0.85894,62.20147,14.84884,13.90860,14.61846,18.82557
749.01060,-1.15994,-0.87967,62.08478,14.75885,13.88818,14.62038,18.81737
749.02060,-1.14702,-0.89535,62.14044,14.72294,13.90703,14.70118,18.80929
749.03060,-1.13690,-0.89106,62.17944,14.75594,13.90370,14.70118,18.81862
749.04060,-1.12396,-0.89135,62.26560,14.80403,13.89454,14.71251,18.85451
749.05060,-1.14530,-0.91736,62.28960,14.75137,13.88721,14.74585,18.90518
749.06060,-1.13561,-0.91508,62.32368,14.76352,13.89695,14.76378,18.89943
749.07060,-1.08643,-0.89091,62.43744,14.84094,13.93803,14.81118,18.84729
749.08060,-1.08254,-0.89043,62.44731,14.85123,13.93362,14.81118,18.85128
749.09060,-1.06487,-0.88246,62.46174,14.89842,13.91491,14.79633,18.85207
749.10060,-1.05346,-0.85960,62.37744,14.92994,13.90703,14.74118,18.79929
749.11060,-1.05341,-0.86274,62.33432,14.91888,13.88960,14.73181,18.79404
749.12060,-1.05912,-0.87718,62.13358,14.85762,13.81871,14.68938,18.76787
749.13060,-1.11935,-0.88552,61.99344,14.72294,13.86603,14.67118,18.73329
749.14060,-1.11638,-0.88463,62.00512,14.73076,13.86603,14.67316,18.73517
749.15060,-1.08934,-0.87650,62.11144,14.80194,13.86603,14.69118,18.75229
749.16060,-1.08763,-0.87766,62.11813,14.80256,13.86535,14.69618,18.75404
749.17060,-1.06343,-0.89347,62.22236,14.81478,13.85807,14.76824,18.78127
749.18060,-1.07599,-0.87974,62.25844,14.84094,13.88603,14.74118,18.79029
749.19060,-1.07396,-0.87801,62.26587,14.84657,13.88856,14.74200,18.78874
749.20060,-1.04860,-0.85952,62.34768,14.90994,13.91351,14.75402,18.77021
749.21060,-1.02304,-0.86942,62.33007,14.90994,13.87828,14.78243,18.75941
749.22060,-0.98419,-0.86406,62.37896,14.97046,13.85503,14.80118,18.75229
749.23060,-0.97277,-0.87253,62.28621,14.93308,13.82640,14.81073,18.71601
749.24060,-0.97271,-0.87321,62.28044,14.92994,13.82503,14.81118,18.71429
749.25060,-1.03403,-0.88913,62.12492,14.83490,13.80487,14.74398,18.74117
749.26060,-1.01526,-0.90525,62.10143,14.82600,13.75905,14.76861,18.74777
749.27060,-0.99771,-0.91797,62.08744,14.82194,13.72203,14.79118,18.75229
749.28060,-0.99813,-0.91096,62.09752,14.81984,13.74786,14.79748,18.73234
749.29060,-0.99972,-0.88460,62.13544,14.81194,13.84503,14.82118,18.65729
749.30060,-1.01333,-0.89992,62.19234,14.81194,13.82948,14.82877,18.72215
749.31060,-1.02704,-0.91493,62.33604,14.84368,13.82289,14.84578,18.82369
749.32060,-1.01707,-0.90320,62.39544,14.88094,13.84503,14.85118,18.81829
749.33060,-1.01335,-0.90600,62.43351,14.88094,13.85490,14.87468,18.82299
749.34060,-0.99845,-0.88650,62.48109,14.93585,13.87534,14.86395,18.80595
749.35060,-0.98614,-0.86048,62.48644,14.99894,13.88603,14.82118,18.78029
749.36060,-0.98670,-0.87015,62.43718,14.98070,13.85502,14.81510,18.78637
749.37060,-0.98707,-0.87639,62.40544,14.96894,13.83503,14.81118,18.79029
749.38060,-0.99768,-0.88258,62.30003,14.90337,13.83503,14.81118,18.75045
749.39060,-1.03113,-0.90045,62.25437,14.82520,13.84333,14.81948,18.76636
749.40060,-1.03754,-0.90386,62.24944,14.81194,13.84503,14.82118,18.77129
749.41060,-1.01586,-0.91066,62.30422,14.84431,13.81930,14.84608,18.79453
749.42060,-1.02789,-0.92069,62.31987,14.83489,13.80850,14.84565,18.83083
749.43060,-1.04117,-0.92766,62.32344,14.82194,13.80403,14.84118,18.85629
749.44060,-1.02549,-0.92057,62.41797,14.86313,13.82569,14.86758,18.86157
749.45060,-1.01152,-0.91424,62.50244,14.89994,13.84503,14.89118,18.86629
749.46060,-1.02354,-0.91814,62.52569,14.89994,13.84503,14.88490,18.89582
749.47060,-1.03129,-0.91817,62.52877,14.88727,13.85903,14.88785,18.89462
749.48060,-1.03161,-0.91704,62.52344,14.88094,13.86603,14.89118,18.88529
749.49060,-1.01391,-0.91704,62.46911,14.89727,13.82470,14.87451,18.87262
749.50060,-1.01213,-0.90687,62.31752,14.88992,13.79017,14.81218,18.82525
749.51060,-1.03658,-0.89948,62.28644,14.86094,13.82503,14.79118,18.80929
749.52060,-1.03174,-0.91882,62.20876,14.81019,13.78723,14.81189,18.79945
749.53060,-1.02723,-0.93687,62.13644,14.76294,13.75203,14.83118,18.79029
749.54060,-1.06320,-0.93807,62.21938,14.77976,13.77001,14.80218,18.86743
749.55060,-1.09230,-0.93956,62.35484,14.78073,13.82711,14.82371,18.92329
749.56060,-1.09722,-0.94056,62.47444,14.76294,13.89703,14.89118,18.92329
749.57060,-1.08229,-0.94982,62.53695,14.78597,13.87729,14.91938,18.95431
749.58060,-1.08299,-0.97149,62.58253,14.78891,13.83576,14.93708,19.02078
749.59060,-1.10274,-0.98419,62.55444,14.76294,13.81403,14.92118,19.05629
749.60060,-1.10678,-0.96370,62.55585,14.79067,13.84317,14.88828,19.03373
749.61060,-1.11134,-0.94059,62.55744,14.82194,13.87603,14.85118,19.00829
749.62060,-1.11134,-0.94059,62.55744,14.82194,13.87603,14.85118,19.00829
749.63060,-1.12061,-0.94608,62.48784,14.79294,13.85805,14.83378,19.00307
749.64060,-1.15143,-0.94340,62.37592,14.73152,13.87550,14.79775,18.97117
749.65060,-1.16849,-0.93868,62.33244,14.70294,13.89703,14.78118,18.95129
749.66060,-1.13746,-0.92523,62.29444,14.73627,13.88303,14.77451,18.90062
749.67060,-1.20041,-0.88094,62.40644,14.78194,14.01003,14.69118,18.92329
749.68060,-1.20050,-0.87015,62.37179,14.78854,14.01696,14.66808,18.89821
749.69060,-1.20070,-0.84821,62.30144,14.80194,14.03103,14.62118,18.84729
749.70060,-1.20070,-0.84821,62.30144,14.80194,14.03103,14.62118,18.84729
749.71060,-1.22058,-0.88799,62.37705,14.74486,14.01428,14.68532,18.93259
749.72060,-1.20475,-0.89393,62.37944,14.71294,14.03103,14.74118,18.89429
749.73060,-1.21176,-0.89540,62.37860,14.71084,14.02872,14.73278,18.90626
749.74060,-1.23293,-0.89903,62.37733,14.71554,14.01352,14.69698,18.95129
749.75060,-1.21333,-0.89185,62.38444,14.76294,13.98903,14.68118,18.95129
749.76060,-1.21272,-0.89677,62.40461,14.76294,13.98487,14.69158,18.96522
749.77060,-1.21040,-0.91546,62.48144,14.76294,13.96903,14.73118,19.01829
749.78060,-1.22090,-0.91933,62.49173,14.74845,13.97764,14.73538,19.03026
749.79060,-1.25590,-0.93018,62.51194,14.69997,14.00567,14.74286,19.06344
749.80060,-1.23892,-0.91605,62.44144,14.72294,13.98903,14.71118,19.01829
749.81060,-1.24599,-0.91598,62.45884,14.72694,13.99323,14.70518,19.03349
749.82060,-1.27739,-0.91851,62.50414,14.73234,14.00171,14.67581,19.09429
749.83060,-1.29315,-0.93269,62.38267,14.67932,13.96010,14.64897,19.09429
749.84060,-1.29537,-0.93647,62.35914,14.66745,13.95082,14.64658,19.09429
749.85060,-1.27147,-0.93304,62.47744,14.70294,13.97903,14.70118,19.09429
749.86060,-1.27387,-0.93552,62.47485,14.69745,13.97653,14.70199,19.09889
749.87060,-1.30360,-0.96675,62.44328,14.62963,13.94434,14.71208,19.15723
749.88060,-1.32741,-0.99633,62.42144,14.57594,13.90703,14.72118,19.21729
749.89060,-1.32793,-0.99301,62.42952,14.58218,13.91359,14.71798,19.21577
749.90060,-1.33264,-0.95741,62.52365,14.65394,13.98241,14.68360,19.20370
749.91060,-1.31836,-0.98737,62.53654,14.65304,13.90703,14.71118,19.26529
749.92060,-1.32609,-0.99014,62.52423,14.63432,13.91256,14.71296,19.26440
749.93060,-1.37096,-0.99996,62.49144,14.53594,13.96903,14.73118,19.25529
749.94060,-1.36800,-0.99946,62.48592,14.54031,13.96351,14.72851,19.25359
749.95060,-1.33989,-0.99520,62.43825,14.58421,13.90954,14.70280,19.24170
749.96060,-1.36543,-1.00450,62.53844,14.57594,13.93803,14.72118,19.30329
749.97060,-1.36543,-1.00450,62.53844,14.57594,13.93803,14.72118,19.30329
749.98060,-1.36979,-1.00872,62.51672,14.56186,13.93064,14.71879,19.30543
749.99060,-1.38372,-1.02221,62.44744,14.51694,13.90703,14.71118,19.31229
750.00060,-1.37857,-1.03512,62.42430,14.49077,13.88731,14.73394,19.31229
750.01060,-1.38411,-1.05857,62.39012,14.44334,13.85503,14.75738,19.33437
750.02060,-1.40051,-1.06126,62.39444,14.43794,13.85503,14.74118,19.36029
750.03060,-1.40507,-1.06732,62.33171,14.40658,13.84140,14.73663,19.34710
750.04060,-1.38895,-1.08220,62.26945,14.38288,13.79623,14.75441,19.33593
750.05060,-1.36405,-1.09096,62.28444,14.39894,13.76303,14.78118,19.34129
750.06060,-1.36420,-1.08936,62.28490,14.39439,13.77214,14.78573,19.33263
750.07060,-1.36437,-1.08746,62.28544,14.38894,13.78303,14.79118,19.32229
750.08060,-1.38593,-1.09032,62.32049,14.38164,13.79837,14.78388,19.35660
750.09060,-1.38697,-1.09404,62.29443,14.34574,13.81233,14.80608,19.33028
750.10060,-1.38555,-1.09458,62.28644,14.33894,13.81403,14.81118,19.32229
750.11060,-1.39513,-1.07113,62.38687,14.38874,13.87379,14.79458,19.32976
750.12060,-1.39566,-1.07371,62.43732,14.42605,13.85228,14.78011,19.37887
750.13060,-1.39450,-1.07965,62.46144,14.44794,13.82503,14.77118,19.41729
750.14060,-1.38284,-1.06036,62.48384,14.48224,13.85373,14.76418,19.38369
750.15060,-1.37785,-1.05210,62.49344,14.49694,13.86603,14.76118,19.36929
750.16060,-1.36921,-1.06530,62.40666,14.48567,13.80180,14.74428,19.37492
750.17060,-1.37277,-1.07945,62.27272,14.45160,13.73652,14.71049,19.37411
750.18060,-1.38237,-1.08309,62.21044,14.42794,13.72203,14.69118,19.36929
750.19060,-1.38365,-1.08832,62.27478,14.41380,13.75102,14.73360,19.37636
750.20060,-1.36090,-1.10117,62.29016,14.41734,13.71930,14.76999,19.38352
750.21060,-1.33465,-1.11323,62.27744,14.42794,13.67003,14.79118,19.38829
750.22060,-1.35703,-1.12949,62.24765,14.37595,13.66419,14.79702,19.41048
750.23060,-1.37297,-1.14107,62.22644,14.33894,13.66003,14.80118,19.42629
750.24060,-1.36017,-1.14267,62.26218,14.34480,13.66589,14.83047,19.42101
750.25060,-1.34653,-1.13827,62.39668,14.38925,13.69398,14.86870,19.44474
750.26060,-1.34327,-1.13435,62.47444,14.41794,13.71103,14.88118,19.46429
750.27060,-1.31092,-1.11436,62.34916,14.45216,13.67507,14.83478,19.38715
750.28060,-1.28394,-1.11128,62.21204,14.46012,13.61365,14.80118,19.33709
750.29060,-1.28141,-1.11958,62.17844,14.44794,13.58803,14.80118,19.34129
750.30060,-1.28141,-1.11958,62.17844,14.44794,13.58803,14.80118,19.34129
750.31060,-1.28264,-1.06057,62.22044,14.55594,13.66003,14.71118,19.29329
750.32060,-1.28327,-1.07237,62.20514,14.50284,13.67398,14.75618,19.27214
750.33060,-1.29259,-1.08032,62.22230,14.44973,13.71317,14.80396,19.25543
750.34060,-1.31156,-1.06592,62.30197,14.47593,13.76237,14.78792,19.27575
750.35060,-1.31159,-1.05924,62.32953,14.50467,13.76440,14.77209,19.28838
750.36060,-1.28400,-1.06540,62.35523,14.52184,13.74203,14.80672,19.28463
750.37060,-1.26240,-1.07369,62.39444,14.51694,13.74203,14.86118,19.27429
750.38060,-1.26240,-1.07369,62.39444,14.51694,13.74203,14.86118,19.27429
750.39060,-1.28480,-1.09111,62.40292,14.51694,13.69819,14.83290,19.35489
750.40060,-1.29408,-1.09832,62.40644,14.51694,13.68003,14.82118,19.38829
750.41060,-1.27383,-1.09909,62.30420,14.49801,13.65069,14.82118,19.33433
750.42060,-1.29082,-1.10763,62.39644,14.49694,13.67003,14.84118,19.38829
750.43060,-1.30014,-1.10550,62.34694,14.48044,13.67003,14.82098,19.37549
750.44060,-1.32069,-1.10235,62.25596,14.44794,13.67003,14.78118,19.35681
750.45060,-1.32201,-1.10388,62.29517,14.45124,13.68026,14.79438,19.36929
750.46060,-1.31507,-1.11010,62.36396,14.45134,13.69421,14.83658,19.38183
750.47060,-1.31090,-1.13222,62.40796,14.43134,13.67355,14.88325,19.41983
750.48060,-1.30222,-1.13490,62.41733,14.43823,13.66352,14.89328,19.42230
750.49060,-1.27149,-1.12468,62.46644,14.49773,13.65415,14.90118,19.41338
750.50060,-1.26883,-1.10142,62.62444,14.57594,13.71103,14.90118,19.43629
750.51060,-1.26672,-1.10469,62.58130,14.56516,13.69335,14.89471,19.42809
750.52060,-1.25551,-1.11589,62.39244,14.52594,13.61663,14.86118,19.38869
750.53060,-1.24645,-1.11567,62.25070,14.51220,13.56703,14.82118,19.35029
750.54060,-1.26067,-1.13019,62.22700,14.46189,13.56703,14.83989,19.35819
750.55060,-1.23878,-1.14387,62.34344,14.47694,13.56703,14.91118,19.38829
750.56060,-1.24064,-1.13766,62.34911,14.47694,13.58656,14.91118,19.37443
750.57060,-1.24846,-1.12174,62.35280,14.46602,13.64267,14.91258,19.33153
750.58060,-1.25246,-1.15718,62.26880,14.41402,13.56001,14.91925,19.37553
750.59060,-1.25076,-1.16587,62.25404,14.40518,13.53851,14.92358,19.38677
750.60060,-1.21788,-1.14732,62.36444,14.47694,13.56703,14.95118,19.36929
750.61060,-1.21486,-1.14738,62.37708,14.48166,13.56783,14.95678,19.37081
750.62060,-1.18000,-1.14618,62.52505,14.54170,13.57762,15.01691,19.38882
750.63060,-1.17777,-1.12262,62.55772,14.61370,13.58495,14.96358,19.39549
750.64060,-1.17683,-1.11273,62.57144,14.64394,13.58803,14.94118,19.39829
750.65060,-1.17992,-1.11941,62.40740,14.57124,13.56846,14.93186,19.33584
750.66060,-1.15129,-1.14592,62.24683,14.56594,13.42897,14.90242,19.34950
750.67060,-1.15004,-1.14704,62.24044,14.56594,13.42303,14.90118,19.35029
750.68060,-1.12601,-1.15685,62.12908,14.51890,13.39327,14.92998,19.28693
750.69060,-1.12501,-1.15726,62.12444,14.51694,13.39203,14.93118,19.28429
750.70060,-1.15138,-1.14590,62.16121,14.51183,13.44464,14.91586,19.28888
750.71060,-1.14955,-1.15660,62.19580,14.48123,13.46160,14.96547,19.28750
750.72060,-1.13452,-1.16858,62.19544,14.46694,13.44303,15.00118,19.28429
750.73060,-1.10696,-1.12924,62.15085,14.53383,13.46339,14.95271,19.20092
750.74060,-1.09706,-1.12725,62.27285,14.57388,13.48372,14.98479,19.23046
750.75060,-1.08778,-1.12649,62.40008,14.61298,13.50402,15.01945,19.26363
750.76060,-1.08731,-1.12645,62.40644,14.61494,13.50503,15.02118,19.26529
750.77060,-1.05217,-1.14071,62.31994,14.60544,13.43660,15.04019,19.23772
750.78060,-1.07007,-1.12783,62.29241,14.65196,13.41288,14.95482,19.27275
750.79060,-1.06849,-1.16496,62.54872,14.62610,13.45235,15.10478,19.36549
750.80060,-1.06839,-1.16652,62.55944,14.62494,13.45403,15.11118,19.36929
750.81060,-1.07808,-1.15906,62.48131,14.60304,13.46133,15.08197,19.33497
750.82060,-1.08166,-1.15629,62.45244,14.59494,13.46403,15.07118,19.32229
750.83060,-1.09081,-1.16456,62.41136,14.56224,13.45565,15.07118,19.32229
750.84060,-1.07311,-1.16242,62.40177,14.58876,13.43067,15.06562,19.31672
750.85060,-1.05758,-1.15945,62.40044,14.61494,13.41203,15.06118,19.31229
750.86060,-1.05711,-1.13370,62.20705,14.59834,13.41203,14.98648,19.21020
750.87060,-1.06200,-1.10076,62.11266,14.61984,13.43776,14.91308,19.14198
750.88060,-1.06302,-1.09509,62.10144,14.62494,13.44303,14.90118,19.13229
750.89060,-1.07289,-1.08652,62.21681,14.65731,13.48619,14.90948,19.16383
750.90060,-1.07491,-1.08477,62.24044,14.66394,13.49503,14.91118,19.17029
750.91060,-1.07384,-1.09333,62.16851,14.63683,13.46626,14.90565,19.15977
750.92060,-1.06186,-1.08617,62.15182,14.66104,13.45403,14.89070,19.14605
750.93060,-1.05177,-1.07338,62.18944,14.70294,13.46403,14.88118,19.14129
750.94060,-1.07892,-1.07474,62.16984,14.66864,13.48573,14.86718,19.14829
750.95060,-1.10178,-1.07988,62.29864,14.68194,13.51673,14.88218,19.21779
750.96060,-1.10657,-1.08182,62.35744,14.69394,13.52603,14.89118,19.24629
750.97060,-1.10283,-1.08386,62.40424,14.70554,13.53003,14.90718,19.26149
750.98060,-1.09722,-1.08691,62.47444,14.72294,13.53603,14.93118,19.28429
750.99060,-1.09285,-1.08325,62.48154,14.72939,13.54281,14.93441,19.27493
751.00060,-1.07420,-1.05860,62.51454,14.79305,13.56167,14.91334,19.24647
751.01060,-1.06326,-1.03900,62.53544,14.85094,13.56703,14.88118,19.23629
751.02060,-1.11409,-1.03523,62.50699,14.79508,13.62031,14.85015,19.24146
751.03060,-1.14530,-1.03605,62.47986,14.74874,13.65205,14.83858,19.24049
751.04060,-1.13352,-1.03920,62.47944,14.75294,13.63903,14.85118,19.23629
751.05060,-1.11817,-1.02566,62.38258,14.76976,13.61525,14.81058,19.18699
751.06060,-1.10702,-1.01582,62.31244,14.78194,13.59803,14.78118,19.15129
751.07060,-1.10702,-1.01582,62.31244,14.78194,13.59803,14.78118,19.15129
751.08060,-1.12909,-1.01684,62.30605,14.76135,13.61294,14.76698,19.16478
751.09060,-1.16862,-1.04164,62.38089,14.70534,13.63517,14.80152,19.23887
751.10060,-1.17591,-1.04747,62.39944,14.69394,13.63903,14.81118,19.25529
751.11060,-1.13396,-1.06116,62.35004,14.70249,13.57063,14.83968,19.23724
751.12060,-1.15579,-1.04419,62.39944,14.72294,13.61903,14.81118,19.24629
751.13060,-1.15667,-1.05084,62.41153,14.71467,13.61458,14.82391,19.25838
751.14060,-1.15993,-1.07554,62.45644,14.68394,13.59803,14.87118,19.30329
751.15060,-1.14098,-1.06985,62.39803,14.69351,13.57757,14.86128,19.26567
751.16060,-1.13566,-1.06694,62.30444,14.68694,13.54970,14.83118,19.23662
751.17060,-1.20211,-1.08425,62.35444,14.63494,13.57703,14.81118,19.33129
751.18060,-1.20070,-1.08879,62.36888,14.62905,13.57703,14.82591,19.33688
751.19060,-1.18403,-1.10005,62.42839,14.62929,13.57287,14.87781,19.34842
751.20060,-1.13341,-1.10156,62.52344,14.68394,13.55703,14.94118,19.34129
751.21060,-1.13024,-1.10364,62.51038,14.67910,13.55026,14.94441,19.33661
751.22060,-1.11437,-1.11407,62.44505,14.65491,13.51639,14.96053,19.31322
751.23060,-1.11801,-1.11291,62.45162,14.65485,13.52258,14.95845,19.31574
751.24060,-1.16207,-1.09568,62.53168,14.66501,13.59579,14.92262,19.34825
751.25060,-1.16872,-1.08813,62.47285,14.67036,13.58456,14.87984,19.33809
751.26060,-1.17319,-1.08306,62.43344,14.67394,13.57703,14.85118,19.33129
751.27060,-1.16537,-1.08720,62.43844,14.66939,13.57249,14.86936,19.32720
751.28060,-1.16509,-1.10598,62.35025,14.60626,13.54440,14.89118,19.30841
751.29060,-1.16846,-1.11109,62.31544,14.58494,13.53603,14.89118,19.30329
751.30060,-1.15124,-1.11672,62.30744,14.56594,13.53603,14.93118,19.27429
751.31060,-1.15028,-1.11767,62.31128,14.56674,13.53435,14.93358,19.27661
751.32060,-1.14028,-1.12857,62.35861,14.57594,13.51670,14.96118,19.30479
751.33060,-1.15239,-1.12757,62.39544,14.57594,13.53603,14.96118,19.32229
751.34060,-1.15001,-1.12561,62.39740,14.58031,13.53790,14.96118,19.31801
751.35060,-1.12491,-1.10944,62.41528,14.62174,13.54879,14.96438,19.28037
751.36060,-1.11674,-1.15342,62.39044,14.58494,13.45403,15.00118,19.35029
751.37060,-1.11531,-1.15095,62.38403,14.58688,13.45598,14.99827,19.34291
751.38060,-1.10195,-1.12794,62.32444,14.60494,13.47403,14.97118,19.27429
751.39060,-1.09964,-1.12775,62.32081,14.60601,13.47185,14.97171,19.27125
751.40060,-1.07077,-1.12540,62.27548,14.61934,13.44451,14.97838,19.23325
751.41060,-1.10354,-1.12700,62.27421,14.59688,13.46203,14.95312,19.26219
751.42060,-1.10664,-1.12718,62.27544,14.59494,13.46403,14.95118,19.26529
751.43060,-1.10080,-1.14745,62.24318,14.56499,13.42410,14.97422,19.27988
751.44060,-1.09021,-1.14918,62.20673,14.55594,13.41203,14.98118,19.25757
751.45060,-1.10422,-1.12356,62.17465,14.59683,13.42659,14.90494,19.24629
751.46060,-1.09091,-1.10583,62.31692,14.64587,13.49014,14.94256,19.23836
751.47060,-1.08541,-1.10396,62.35644,14.65394,13.50503,14.96118,19.23629
751.48060,-1.10619,-1.10408,62.29949,14.63231,13.50062,14.92586,19.24070
751.49060,-1.13128,-1.10422,62.23087,14.60624,13.49530,14.88331,19.24602
751.50060,-1.13431,-1.09239,62.35944,14.62494,13.56703,14.92118,19.24629
751.51060,-1.10116,-1.05672,62.36027,14.71458,13.57533,14.87968,19.19068
751.52060,-1.09642,-1.07657,62.21104,14.65907,13.50897,14.87118,19.17182
751.53060,-1.09684,-1.08215,62.18044,14.64394,13.49503,14.87118,19.17029
751.54060,-1.12633,-1.07029,62.19918,14.66402,13.51578,14.81763,19.20175
751.55060,-1.14089,-1.06443,62.20844,14.67394,13.52603,14.79118,19.21729
751.56060,-1.11851,-1.06279,62.24394,14.69453,13.52603,14.81958,19.20380
751.57060,-1.14878,-1.08071,62.20291,14.61999,13.53306,14.83118,19.21867
751.58060,-1.16545,-1.08858,62.17944,14.58494,13.53603,14.83118,19.22729
751.59060,-1.14125,-1.06499,62.22284,14.65424,13.55073,14.81718,19.20069
751.60060,-1.13730,-1.06961,62.31144,14.65622,13.57630,14.86286,19.21607
751.61060,-1.14450,-1.08618,62.39044,14.62494,13.59803,14.92118,19.24629
751.62060,-1.16719,-1.08886,62.44708,14.63084,13.61042,14.90938,19.29644
751.63060,-1.18294,-1.09071,62.48644,14.63494,13.61903,14.90118,19.33129
751.64060,-1.18294,-1.09071,62.48644,14.63494,13.61903,14.90118,19.33129
751.65060,-1.21806,-1.06945,62.29158,14.60290,13.62105,14.79058,19.27705
751.66060,-1.23432,-1.07264,62.20044,14.56594,13.60803,14.76118,19.26529
751.67060,-1.23473,-1.07818,62.22556,14.56594,13.60428,14.77243,19.28291
751.68060,-1.24078,-1.09366,62.08519,14.50834,13.55618,14.75518,19.26549
751.69060,-1.24736,-1.10135,61.86244,14.43794,13.50503,14.71118,19.20829
751.70060,-1.23968,-1.10693,61.96678,14.47930,13.49563,14.72998,19.26187
751.71060,-1.23105,-1.11320,62.08444,14.52594,13.48503,14.75118,19.32229
751.72060,-1.25883,-1.12442,62.07634,14.46879,13.50798,14.76468,19.33489
751.73060,-1.25935,-1.14202,62.13644,14.44803,13.50785,14.81300,19.36756
751.74060,-1.21931,-1.14668,62.22044,14.50694,13.47403,14.85118,19.38829
751.75060,-1.22337,-1.14350,62.22742,14.50567,13.48711,14.84991,19.38473
751.76060,-1.25530,-1.12857,62.25594,14.48794,13.55843,14.83518,19.37439
751.77060,-1.26430,-1.14390,62.21261,14.46794,13.51710,14.82185,19.40572
751.78060,-1.24576,-1.13561,62.22807,14.49600,13.51863,14.82771,19.38574
751.79060,-1.20663,-1.11694,62.26444,14.55594,13.52603,14.84118,19.34129
751.80060,-1.20536,-1.12181,62.20537,14.53647,13.50557,14.83458,19.32875
751.81060,-1.20229,-1.12915,62.11704,14.50554,13.47667,14.82820,19.30662
751.82060,-1.20081,-1.12137,62.21278,14.53160,13.51497,14.84948,19.31673
751.83060,-1.20000,-1.11710,62.26544,14.54594,13.53603,14.86118,19.32229
751.84060,-1.21623,-1.12349,62.23249,14.51364,13.53603,14.85459,19.32822
751.85060,-1.21201,-1.13871,62.14464,14.46556,13.50304,14.86727,19.30876
751.86060,-1.20894,-1.14161,62.12744,14.45794,13.49503,14.87118,19.30329
751.87060,-1.21223,-1.13858,62.26244,14.51694,13.50503,14.87118,19.36929
751.88060,-1.21049,-1.13815,62.26598,14.51899,13.50574,14.87330,19.36794
751.89060,-1.18754,-1.13277,62.31540,14.54906,13.51263,14.89958,19.35413
751.90060,-1.18658,-1.13535,62.34944,14.58494,13.48503,14.88118,19.39829
751.91060,-1.18658,-1.13535,62.34944,14.58494,13.48503,14.88118,19.39829
751.92060,-1.22367,-1.08534,62.29156,14.61182,13.56871,14.77358,19.33745
751.93060,-1.21856,-1.08592,62.25844,14.57594,13.58803,14.80118,19.29329
751.94060,-1.21702,-1.08787,62.24873,14.57357,13.58069,14.80118,19.29329
751.95060,-1.19988,-1.10955,62.14083,14.54726,13.49911,14.80118,19.29329
751.96060,-1.19903,-1.11064,62.13544,14.54594,13.49503,14.80118,19.29329
751.97060,-1.19009,-1.10914,62.13064,14.51810,13.52479,14.83958,19.24817
751.98060,-1.18851,-1.09292,62.24545,14.54450,13.59447,14.86969,19.23678
751.99060,-1.18844,-1.09208,62.25144,14.54594,13.59803,14.87118,19.23629
752.00060,-1.17592,-1.09501,62.37209,14.58299,13.60753,14.90918,19.27239
752.01060,-1.17775,-1.08715,62.26425,14.58494,13.57829,14.85360,19.24742
752.02060,-1.17786,-1.08682,62.25944,14.58494,13.57703,14.85118,19.24629
752.03060,-1.12936,-1.10791,62.51119,14.65049,13.56753,14.97468,19.31849
752.04060,-1.12681,-1.10901,62.52444,14.65394,13.56703,14.98118,19.32229
752.05060,-1.15104,-1.11369,62.28111,14.56079,13.53757,14.92415,19.25860
752.06060,-1.17905,-1.11412,62.24829,14.53675,13.54563,14.89239,19.27352
752.07060,-1.18017,-1.11413,62.24744,14.53594,13.54603,14.89118,19.27429
752.08060,-1.15452,-1.10075,62.23096,14.56502,13.54603,14.89118,19.22873
752.09060,-1.15371,-1.10033,62.23044,14.56594,13.54603,14.89118,19.22729
752.10060,-1.13710,-1.10435,62.25341,14.57713,13.53425,14.91474,19.22729
752.11060,-1.09748,-1.09630,62.34996,14.62388,13.55309,14.97078,19.20221
752.12060,-1.08306,-1.09073,62.39144,14.64394,13.56703,14.99118,19.18929
752.13060,-1.08561,-1.07469,62.29453,14.64394,13.56703,14.94148,19.14207
752.14060,-1.08196,-1.04039,62.38234,14.73441,13.61019,14.89798,19.13976
752.15060,-1.08110,-1.03406,62.40444,14.75294,13.61903,14.89118,19.14129
752.16060,-1.08731,-1.04797,62.31281,14.68720,13.60509,14.90446,19.11605
752.17060,-1.09045,-1.05502,62.26644,14.65394,13.59803,14.91118,19.10329
752.18060,-1.09453,-1.04644,62.26644,14.67737,13.59803,14.88189,19.10915
752.19060,-1.11567,-1.04262,62.35789,14.70515,13.62222,14.86708,19.16344
752.20060,-1.12833,-1.04418,62.42144,14.71294,13.63903,14.87118,19.19829
752.21060,-1.12636,-1.04514,62.37317,14.70108,13.62635,14.86300,19.18274
752.22060,-1.12362,-1.04647,62.30612,14.68460,13.60874,14.85163,19.16115
752.23060,-1.10994,-1.05767,62.30444,14.65394,13.60803,14.90118,19.14129
752.24060,-1.11401,-1.06094,62.31677,14.65727,13.60137,14.89785,19.16029
752.25060,-1.12213,-1.06747,62.34144,14.66394,13.58803,14.89118,19.19829
752.26060,-1.12873,-1.05397,62.32450,14.68146,13.59972,14.85613,19.18719
752.27060,-1.13654,-1.03962,62.28518,14.68234,13.62021,14.82538,19.15725
752.28060,-1.13880,-1.03618,62.26544,14.67394,13.62903,14.82118,19.14129
752.29060,-1.14012,-1.03428,62.26944,14.67061,13.63937,14.82451,19.13495
752.30060,-1.14239,-1.03101,62.27634,14.66486,13.65718,14.83026,19.12403
752.31060,-1.11984,-1.02923,62.35344,14.73294,13.62903,14.83118,19.16029
752.32060,-1.13050,-1.02548,62.29683,14.70677,13.63972,14.81516,19.13518
752.33060,-1.13983,-1.02220,62.24744,14.68394,13.64903,14.80118,19.11329
752.34060,-1.14453,-1.03498,62.07924,14.63232,13.58929,14.76638,19.09125
752.35060,-1.17840,-1.05393,62.13666,14.57812,13.61795,14.79918,19.14141
752.36060,-1.20033,-1.06088,62.26644,14.56594,13.67003,14.84118,19.18929
752.37060,-1.20728,-1.06895,62.23278,14.56076,13.63793,14.82047,19.21363
752.38060,-1.20801,-1.07989,62.24238,14.56514,13.60803,14.81958,19.24963
752.39060,-1.20126,-1.08390,62.29044,14.57594,13.60803,14.84118,19.26529
752.40060,-1.18906,-1.06875,62.30976,14.60722,13.62689,14.83658,19.23907
752.41060,-1.17474,-1.05098,62.33244,14.64394,13.64903,14.83118,19.20829
752.42060,-1.18681,-1.05803,62.25547,14.60842,13.63036,14.81296,19.20373
752.43060,-1.19709,-1.05253,62.16884,14.59249,13.62198,14.77318,19.18119
752.44060,-1.19199,-1.03548,62.17544,14.62494,13.63903,14.75118,19.16029
752.45060,-1.19978,-1.03634,62.19915,14.62494,13.64747,14.75118,19.17555
752.46060,-1.20667,-1.03727,62.25470,14.62494,13.67016,14.76752,19.19208
752.47060,-1.19697,-1.03658,62.29644,14.62494,13.69103,14.80118,19.17929
752.48060,-1.19599,-1.03698,62.31078,14.63037,13.69103,14.80394,19.18545
752.49060,-1.18635,-1.04093,62.45244,14.68394,13.69103,14.83118,19.24629
752.50060,-1.19341,-1.03866,62.44662,14.67101,13.70752,14.83118,19.23691
752.51060,-1.20886,-1.04084,62.38824,14.62447,13.72157,14.82788,19.21432
752.52060,-1.21021,-1.05491,62.29444,14.58494,13.68003,14.82118,19.20829
752.53060,-1.21199,-1.05052,62.30357,14.59372,13.68741,14.81416,19.20829
752.54060,-1.21736,-1.03721,62.33123,14.62031,13.70975,14.79288,19.20829
752.55060,-1.21512,-1.03173,62.31061,14.62928,13.70638,14.77741,19.19754
752.56060,-1.19934,-1.03730,62.20204,14.61214,13.65895,14.76598,19.16497
752.57060,-1.18360,-1.03875,62.26844,14.63761,13.65970,14.79451,19.17662
752.58060,-1.17906,-1.03831,62.32444,14.65394,13.67003,14.81118,19.18929
752.59060,-1.17112,-1.01674,62.19496,14.66224,13.66173,14.75308,19.11791
752.60060,-1.10949,-0.99618,62.17757,14.74611,13.62600,14.74948,19.05598
752.61060,-1.09720,-0.99288,62.17944,14.76294,13.61903,14.75118,19.04629
752.62060,-1.16795,-1.00193,62.22085,14.68094,13.69524,14.75118,19.09350
752.63060,-1.18209,-1.00404,62.23084,14.66394,13.71103,14.75258,19.10329
752.64060,-1.17485,-1.00577,62.26134,14.66947,13.71467,14.77188,19.10532
752.65060,-1.16929,-0.98760,62.41944,14.74294,13.76303,14.78118,19.13229
752.66060,-1.16987,-0.98710,62.40784,14.73742,13.76463,14.78038,19.12541
752.67060,-1.17477,-0.97971,62.28244,14.68026,13.78471,14.77118,19.04629
752.68060,-1.15452,-0.96145,62.37444,14.75294,13.80403,14.77118,19.04629
752.69060,-1.15408,-0.96237,62.37993,14.75375,13.80323,14.77360,19.04936
752.70060,-1.14910,-0.97281,62.44244,14.76294,13.79403,14.80118,19.08429
752.71060,-1.14801,-0.97028,62.43220,14.76686,13.79235,14.79398,19.07901
752.72060,-1.13611,-0.94117,62.31300,14.80954,13.77471,14.71198,19.01677
752.73060,-1.14345,-0.94142,62.29644,14.78194,13.79403,14.72118,18.99929
752.74060,-1.14469,-0.94192,62.28258,14.77501,13.79326,14.71977,18.99455
752.75060,-1.15886,-0.94889,62.10857,14.68642,13.78303,14.70562,18.93349
752.76060,-1.13211,-0.95461,62.21015,14.71737,13.78303,14.76118,18.94857
752.77060,-1.12730,-0.95564,62.22844,14.72294,13.78303,14.77118,18.95129
752.78060,-1.12152,-0.94854,62.32914,14.80749,13.76403,14.74268,19.01494
752.79060,-1.12122,-0.94816,62.33444,14.81194,13.76303,14.74118,19.01829
752.80060,-1.11229,-0.95323,62.22421,14.76447,13.74614,14.74923,18.96438
752.81060,-1.11322,-0.90089,62.51906,14.89159,13.89766,14.76061,18.96921
752.82060,-1.11341,-0.89768,62.53844,14.89994,13.90703,14.76118,18.97029
752.83060,-1.08843,-0.92096,62.40442,14.87238,13.80913,14.76118,18.96173
752.84060,-1.09555,-0.90584,62.34297,14.87094,13.82367,14.72318,18.92519
752.85060,-1.10044,-0.89637,62.31144,14.87094,13.83503,14.70118,18.90429
752.86060,-1.10463,-0.90541,62.22116,14.83035,13.80936,14.69290,18.88855
752.87060,-1.10550,-0.90729,62.20244,14.82194,13.80403,14.69118,18.88529
752.88060,-1.08644,-0.91760,62.31781,14.82941,13.82146,14.76588,18.90106
752.89060,-1.07761,-0.93220,62.26902,14.79807,13.79050,14.78675,18.89370
752.90060,-1.07367,-0.94216,62.21144,14.77194,13.76303,14.79118,18.88529
752.91060,-1.06201,-0.93765,62.32344,14.80694,13.79173,14.82618,18.89859
752.92060,-1.07485,-0.93535,62.37818,14.81445,13.81564,14.82621,18.92188
752.93060,-1.10029,-0.93481,62.38780,14.80376,13.83222,14.80482,18.94701
752.94060,-1.09028,-0.91942,62.40344,14.85024,13.83503,14.78018,18.93799
752.95060,-1.08414,-0.91287,62.40944,14.87094,13.83503,14.77118,18.93229
752.96060,-1.08414,-0.91287,62.40944,14.87094,13.83503,14.77118,18.93229
752.97060,-1.06260,-0.91624,62.28314,14.85094,13.78773,14.76218,18.88229
752.98060,-1.06239,-0.91701,62.30144,14.85094,13.79403,14.77118,18.88529
752.99060,-1.04548,-0.91353,62.29444,14.87194,13.77933,14.77118,18.87199
753.00060,-1.03823,-0.91203,62.29144,14.88094,13.77303,14.77118,18.86629
753.01060,-1.03454,-0.91619,62.29406,14.87766,13.76615,14.78102,18.86924
753.02060,-1.03004,-0.92629,62.27225,14.84780,13.75840,14.80696,18.85909
753.03060,-1.03227,-0.92744,62.25244,14.83094,13.76303,14.81118,18.84729
753.04060,-1.05040,-0.92079,62.34016,14.85705,13.79541,14.80074,18.88697
753.05060,-1.07231,-0.90791,62.43560,14.89087,13.84072,14.78073,18.92329
753.06060,-1.07721,-0.90169,62.44944,14.89994,13.85503,14.77118,18.92329
753.07060,-1.07721,-0.90169,62.44944,14.89994,13.85503,14.77118,18.92329
753.08060,-1.07231,-0.88148,62.40522,14.91390,13.87603,14.74326,18.87202
753.09060,-1.07163,-0.89079,62.43139,14.90048,13.87603,14.77011,18.88478
753.10060,-1.07081,-0.88055,62.36944,14.89994,13.87603,14.74238,18.85109
753.11060,-1.06940,-0.86163,62.25744,14.89994,13.87603,14.69118,18.79029
753.12060,-1.07260,-0.86612,62.26711,14.89994,13.86822,14.69118,18.80778
753.13060,-1.08779,-0.87879,62.26613,14.87307,13.86004,14.69573,18.83729
753.14060,-1.09952,-0.88487,62.24544,14.84094,13.86603,14.70118,18.83729
753.15060,-1.10453,-0.88894,62.28909,14.84544,13.87053,14.71018,18.86294
753.16060,-1.11066,-0.89391,62.34244,14.85094,13.87603,14.72118,18.89429
753.17060,-1.10208,-0.90275,62.33649,14.85094,13.84913,14.73070,18.90572
753.18060,-1.08301,-0.92240,62.32326,14.85094,13.78934,14.75187,18.93111
753.19060,-1.10666,-0.92726,62.27275,14.82322,13.78057,14.72158,18.94738
753.20060,-1.11747,-0.91828,62.24451,14.80194,13.81338,14.71394,18.91525
753.21060,-1.11097,-0.92730,62.25582,14.78400,13.81191,14.74658,18.91333
753.22060,-1.12991,-0.94952,62.25744,14.76294,13.77303,14.74118,18.98029
753.23060,-1.12967,-0.94120,62.21874,14.75844,13.78248,14.72768,18.95014
753.24060,-1.12938,-0.93103,62.17144,14.75294,13.79403,14.71118,18.91329
753.25060,-1.13173,-0.93707,62.19754,14.74844,13.79403,14.72468,18.93039
753.26060,-1.16000,-0.93928,62.27714,14.75599,13.81698,14.71418,18.98999
753.27060,-1.19101,-0.93297,62.33544,14.77194,13.84503,14.68118,19.03729
753.28060,-1.19101,-0.93297,62.33544,14.77194,13.84503,14.68118,19.03729
753.29060,-1.19101,-0.93297,62.33544,14.77194,13.84503,14.68118,19.03729
753.30060,-1.17831,-0.92429,62.41268,14.81203,13.86416,14.69589,19.04060
753.31060,-1.14943,-0.91371,62.46653,14.84387,13.88605,14.73118,19.00543
753.32060,-1.15065,-0.90640,62.52744,14.87094,13.90703,14.73118,19.01829
753.33060,-1.15618,-0.90216,62.49784,14.86694,13.90903,14.71318,19.00869
753.34060,-1.17151,-0.88609,62.38498,14.85451,13.91346,14.65011,18.96689
753.35060,-1.13997,-0.89038,62.41044,14.87094,13.89703,14.69118,18.95129
753.36060,-1.15000,-0.88896,62.35290,14.85510,13.89025,14.66532,18.94224
753.37060,-1.17106,-0.88597,62.23244,14.82194,13.87603,14.61118,18.92329
753.38060,-1.17378,-0.89153,62.16309,14.78188,13.86896,14.61455,18.89770
753.39060,-1.16954,-0.90337,62.04572,14.71601,13.84850,14.63098,18.85023
753.40060,-1.14978,-0.90514,62.08544,14.74294,13.83503,14.65118,18.85629
753.41060,-1.14445,-0.90330,62.06930,14.74294,13.83262,14.65118,18.84256
753.42060,-1.12828,-0.89771,62.02040,14.74294,13.82533,14.65118,18.80095
753.43060,-1.14239,-0.87117,62.16444,14.84094,13.86603,14.60118,18.85629
753.44060,-1.13793,-0.87692,62.17244,14.83314,13.86183,14.61918,18.85829
753.45060,-1.12008,-0.89993,62.20444,14.80194,13.84503,14.69118,18.86629
753.46060,-1.11988,-0.90295,62.20382,14.79986,13.83859,14.69326,18.87211
753.47060,-1.12556,-0.91770,62.21724,14.78414,13.82023,14.70718,18.90569
753.48060,-1.15139,-0.93068,62.28044,14.75294,13.84503,14.73118,18.95129
753.49060,-1.14974,-0.93368,62.28377,14.75689,13.83443,14.73118,18.96127
753.50060,-1.14109,-0.94423,62.30617,14.77194,13.80083,14.73918,18.99422
753.51060,-1.12932,-0.93996,62.35484,14.77194,13.83483,14.77918,18.96889
753.52060,-1.12580,-0.93867,62.36944,14.77194,13.84503,14.79118,18.96129
753.53060,-1.12678,-0.92054,62.37244,14.78194,13.88603,14.78118,18.92329
753.54060,-1.12430,-0.92068,62.37332,14.78354,13.88443,14.78358,18.92177
753.55060,-1.09897,-0.92064,62.37640,14.80349,13.86603,14.80158,18.90530
753.56060,-1.13991,-0.89875,62.28840,14.82282,13.86603,14.68158,18.91797
753.57060,-1.15714,-0.88954,62.25144,14.83094,13.86603,14.63118,18.92329
753.58060,-1.13234,-0.88510,62.27689,14.84685,13.87399,14.66300,18.89306
753.59060,-1.17985,-0.89462,62.30983,14.81418,13.89583,14.64290,18.95692
753.60060,-1.18313,-0.89527,62.31144,14.81194,13.89703,14.64118,18.96129
753.61060,-1.17604,-0.87407,62.24969,14.81194,13.92648,14.62218,18.88909
753.62060,-1.17567,-0.87295,62.24644,14.81194,13.92803,14.62118,18.88529
753.63060,-1.17232,-0.89550,62.33674,14.82144,13.89857,14.65920,18.95752
753.64060,-1.17421,-0.90361,62.31567,14.79667,13.89147,14.67129,18.95623
753.65060,-1.17623,-0.91040,62.29044,14.77194,13.88603,14.68118,18.95129
753.66060,-1.18571,-0.88742,62.28371,14.80557,13.91210,14.63074,18.93531
753.67060,-1.14856,-0.92105,62.28658,14.79537,13.83172,14.69573,18.96376
753.68060,-1.14049,-0.92893,62.28744,14.79194,13.81403,14.71118,18.97029
753.69060,-1.14049,-0.92893,62.28744,14.79194,13.81403,14.71118,18.97029
753.70060,-1.13205,-0.92724,62.38844,14.81194,13.84503,14.75118,18.98029
753.71060,-1.14439,-0.91189,62.39093,14.81194,13.88819,14.73458,18.95622
753.72060,-1.14252,-0.91875,62.40795,14.81666,13.87251,14.74061,18.97817
753.73060,-1.13760,-0.92997,62.42644,14.82194,13.84503,14.75118,19.00829
753.74060,-1.18537,-0.93401,62.45514,14.77364,13.89543,14.74418,19.04189
753.75060,-1.17357,-0.93428,62.42824,14.75294,13.90303,14.76918,19.00309
753.76060,-1.14464,-0.92550,62.45274,14.79424,13.89703,14.78118,18.98029
753.77060,-1.16262,-0.89546,62.51357,14.84659,13.95501,14.73169,18.98029
753.78060,-1.17274,-0.88447,62.53144,14.86094,13.97903,14.71118,18.98029
753.79060,-1.16802,-0.89446,62.25214,14.79864,13.88523,14.64818,18.92009
753.80060,-1.17277,-0.89942,62.16895,14.78323,13.84880,14.61742,18.91950
753.81060,-1.18245,-0.90034,62.22110,14.79936,13.85417,14.61204,18.95552
753.82060,-1.18399,-0.90048,62.22944,14.80194,13.85503,14.61118,18.96129
753.83060,-1.18043,-0.89519,62.14078,14.75572,13.87484,14.62061,18.88960
753.84060,-1.20694,-0.91994,62.22001,14.75451,13.84503,14.62118,18.99929
753.85060,-1.17699,-0.92533,62.20771,14.73991,13.83928,14.67300,18.95553
753.86060,-1.15720,-0.93053,62.19244,14.72294,13.83503,14.71118,18.92329
753.87060,-1.20200,-0.92554,62.25624,14.70612,13.89477,14.69378,18.96157
753.88060,-1.23567,-0.92118,62.30553,14.70129,13.93417,14.67345,18.99663
753.89060,-1.23770,-0.91999,62.31044,14.71294,13.92803,14.66118,19.00829
753.90060,-1.22504,-0.91699,62.26229,14.70844,13.91858,14.66118,18.97409
753.91060,-1.20827,-0.92082,62.23730,14.71185,13.89322,14.67009,18.96214
753.92060,-1.20668,-0.93015,62.27944,14.72294,13.87603,14.68118,18.99929
753.93060,-1.20668,-0.93015,62.27944,14.72294,13.87603,14.68118,18.99929
753.94060,-1.22945,-0.91685,62.20044,14.71294,13.88603,14.62118,18.98029
753.95060,-1.22594,-0.92107,62.19747,14.70337,13.88273,14.63438,18.97699
753.96060,-1.21390,-0.92187,62.22444,14.71327,13.88303,14.65451,18.97362
753.97060,-1.20404,-0.90637,62.29044,14.77194,13.89703,14.64118,18.98029
753.98060,-1.21006,-0.90221,62.28153,14.76567,13.91056,14.63458,18.97072
753.99060,-1.23355,-0.89124,62.26278,14.75624,13.94133,14.60138,18.96383
754.00060,-1.25641,-0.88611,62.26144,14.76294,13.94803,14.56118,18.98929
754.01060,-1.25641,-0.88611,62.26144,14.76294,13.94803,14.56118,18.98929
754.02060,-1.23539,-0.88135,62.30746,14.80306,13.94213,14.57298,18.98929
754.03060,-1.22080,-0.87805,62.33944,14.83094,13.93803,14.58118,18.98929
754.04060,-1.23108,-0.89232,62.29826,14.79672,13.91425,14.58118,19.00611
754.05060,-1.24530,-0.90406,62.29019,14.75692,13.91827,14.59672,19.01829
754.06060,-1.25160,-0.90535,62.31044,14.74294,13.93803,14.61118,19.01829
754.07060,-1.23326,-0.91731,62.30401,14.73126,13.91408,14.64623,19.01245
754.08060,-1.23360,-0.93349,62.27044,14.71635,13.86935,14.64482,19.03992
754.09060,-1.24053,-0.93746,62.25544,14.71294,13.85503,14.63118,19.05629
754.10060,-1.25749,-0.91570,62.32844,14.73294,13.92803,14.62118,19.04629
754.11060,-1.25381,-0.91556,62.33060,14.73846,13.92387,14.62198,19.04629
754.12060,-1.21306,-0.91453,62.35880,14.79882,13.87931,14.63358,19.04709
754.13060,-1.23146,-0.92035,62.39744,14.76294,13.91703,14.66118,19.05629
754.14060,-1.23112,-0.91961,62.38488,14.76374,13.91249,14.65494,19.05370
754.15060,-1.22991,-0.91354,62.26017,14.76778,13.86769,14.59385,19.03086
754.16060,-1.25818,-0.93286,62.30684,14.71578,13.88835,14.62718,19.07553
754.17060,-1.27003,-0.94097,62.32644,14.69394,13.89703,14.64118,19.09429
754.18060,-1.23196,-0.93090,62.34924,14.70249,13.92648,14.69818,19.02209
754.19060,-1.22996,-0.93037,62.35044,14.70294,13.92803,14.70118,19.01829
754.20060,-1.23139,-0.94849,62.28925,14.69726,13.85611,14.67595,19.05992
754.21060,-1.27472,-0.95350,62.26813,14.62139,13.90863,14.67955,19.05857
754.22060,-1.27850,-0.95300,62.26944,14.61494,13.91703,14.68118,19.05629
754.23060,-1.26204,-0.94935,62.20544,14.62386,13.88873,14.66580,19.02706
754.24060,-1.26163,-0.92701,62.06882,14.65214,13.85865,14.57378,18.98425
754.25060,-1.26969,-0.92391,62.07044,14.65394,13.86603,14.56118,18.98929
754.26060,-1.24201,-0.92877,62.08354,14.66704,13.84572,14.59394,18.97684
754.27060,-1.22744,-0.93133,62.09044,14.67394,13.83503,14.61118,18.97029
754.28060,-1.23433,-0.93965,62.18564,14.68794,13.84203,14.63218,19.02349
754.29060,-1.24599,-0.97431,62.20947,14.64515,13.80119,14.66946,19.09366
754.30060,-1.24959,-0.98720,62.20244,14.62494,13.78303,14.68118,19.11329
754.31060,-1.24543,-0.98196,62.21522,14.63583,13.79226,14.68229,19.10484
754.32060,-1.21053,-0.95048,62.36656,14.72294,13.86041,14.71676,19.06645
754.33060,-1.20895,-0.96030,62.41344,14.72294,13.85503,14.74118,19.09429
754.34060,-1.21250,-0.94761,62.34881,14.72803,13.85503,14.70047,19.06528
754.35060,-1.21593,-0.93535,62.28644,14.73294,13.85503,14.66118,19.03729
754.36060,-1.21631,-0.94339,62.34800,14.73294,13.86130,14.68968,19.06408
754.37060,-1.22126,-0.94785,62.40300,14.72759,13.87968,14.71386,19.08188
754.38060,-1.22944,-0.94505,62.41803,14.71820,13.90362,14.71855,19.07765
754.39060,-1.23401,-0.94348,62.42644,14.71294,13.91703,14.72118,19.07529
754.40060,-1.23391,-0.94091,62.46089,14.73141,13.92139,14.71910,19.08898
754.41060,-1.23367,-0.93509,62.53919,14.77339,13.93130,14.71439,19.12012
754.42060,-1.23153,-0.93110,62.59839,14.80194,13.94087,14.71684,19.13874
754.43060,-1.22652,-0.93101,62.61344,14.80194,13.94803,14.73118,19.13229
754.44060,-1.22065,-0.92272,62.60495,14.81350,13.95535,14.72410,19.11199
754.45060,-1.20480,-0.89551,62.47887,14.83292,13.95255,14.66808,19.02532
754.46060,-1.21027,-0.89494,62.30944,14.80194,13.90703,14.61118,18.98929
754.47060,-1.20796,-0.89177,62.29660,14.80194,13.90977,14.60845,18.97644
754.48060,-1.20269,-0.88457,62.26740,14.80194,13.91598,14.60224,18.94725
754.49060,-1.19853,-0.90006,62.23344,14.76294,13.89703,14.63118,18.94229
754.50060,-1.19775,-0.90625,62.24988,14.75850,13.89214,14.64451,18.95473
754.51060,-1.19677,-0.91399,62.27044,14.75294,13.88603,14.66118,18.97029
754.52060,-1.19798,-0.91480,62.25548,14.75294,13.87694,14.65238,18.97322
754.53060,-1.20072,-0.91664,62.22148,14.75294,13.85627,14.63238,18.97989
754.54060,-1.18736,-0.95670,62.32644,14.71294,13.83503,14.74118,19.03729
754.55060,-1.19055,-0.95364,62.32260,14.71294,13.84165,14.73478,19.03323
754.56060,-1.20051,-0.94406,62.31060,14.71294,13.86231,14.71478,19.02057
754.57060,-1.18427,-0.94328,62.34720,14.73363,13.86053,14.73475,19.01829
754.58060,-1.13480,-0.94715,62.45140,14.78921,13.84216,14.79978,19.02025
754.59060,-1.15086,-0.96312,62.38444,14.75294,13.80403,14.78118,19.04629
754.60060,-1.15303,-0.95883,62.32344,14.74494,13.79583,14.75718,19.02549
754.61060,-1.16232,-0.94138,62.09080,14.71408,13.76769,14.66459,18.94445
754.62060,-1.16522,-0.94031,62.14762,14.71976,13.79099,14.68163,18.95524
754.63060,-1.15378,-0.93729,62.18164,14.73474,13.79983,14.69918,18.94789
754.64060,-1.10596,-0.92988,62.20384,14.78194,13.78303,14.73118,18.90769
754.65060,-1.12950,-0.94136,62.23764,14.76814,13.78103,14.72718,18.96129
754.66060,-1.14723,-0.95156,62.16924,14.71561,13.77437,14.72185,18.95742
754.67060,-1.11863,-0.95330,62.22324,14.72894,13.78103,14.77518,18.93809
754.68060,-1.11057,-0.95168,62.24219,14.73608,13.78700,14.78862,18.93049
754.69060,-1.11691,-0.92494,62.27659,14.77528,13.83660,14.75662,18.90809
754.70060,-1.13215,-0.92125,62.30575,14.81924,13.81612,14.70455,18.96584
754.71060,-1.13125,-0.92055,62.30892,14.82470,13.81403,14.70189,18.96831
754.72060,-1.10756,-0.91094,62.33416,14.86041,13.81621,14.71224,18.94531
754.73060,-1.12651,-0.91546,62.40569,14.85379,13.84336,14.72548,18.98305
754.74060,-1.13464,-0.91740,62.43644,14.85094,13.85503,14.73118,18.99929
754.75060,-1.11352,-0.92004,62.34510,14.83365,13.82311,14.73561,18.95273
754.76060,-1.09098,-0.92286,62.24793,14.81525,13.78915,14.74033,18.90320
754.77060,-1.08691,-0.92337,62.23044,14.81194,13.78303,14.74118,18.89429
754.78060,-1.11710,-0.91324,62.20384,14.79794,13.81243,14.69918,18.89429
754.79060,-1.11937,-0.93526,62.26244,14.76092,13.81628,14.76073,18.92451
754.80060,-1.11000,-0.94887,62.15662,14.73654,13.75499,14.74838,18.91671
754.81060,-1.10648,-0.94830,62.24491,14.77394,13.75960,14.75791,18.95345
754.82060,-1.10608,-0.94790,62.26744,14.78194,13.76303,14.76118,18.96129
754.83060,-1.10220,-0.93312,62.34206,14.81474,13.80485,14.76938,18.95309
754.84060,-1.10134,-0.92988,62.35844,14.82194,13.81403,14.77118,18.95129
754.85060,-1.11934,-0.93107,62.27889,14.79808,13.79812,14.73141,18.95129
754.86060,-1.12302,-0.93794,62.17480,14.78101,13.74866,14.69385,18.95129
754.87060,-1.12222,-0.94340,62.10544,14.77194,13.71103,14.67118,18.95129
754.88060,-1.11128,-0.92679,62.11664,14.77894,13.75443,14.68518,18.89809
754.89060,-1.14013,-0.92955,62.12003,14.74729,13.78010,14.67704,18.91559
754.90060,-1.15403,-0.93364,62.11944,14.73294,13.78303,14.67118,18.93229
754.91060,-1.16596,-0.94741,62.12722,14.69122,13.79081,14.69946,18.94572
754.92060,-1.17090,-0.95311,62.13044,14.67394,13.79403,14.71118,18.95129
754.93060,-1.16120,-0.94860,62.11434,14.70824,13.76463,14.68318,18.95829
754.94060,-1.14546,-0.94818,62.20943,14.74148,13.77614,14.71754,18.97427
754.95060,-1.13211,-0.94992,62.32744,14.76294,13.80403,14.77118,18.98929
754.96060,-1.14539,-0.94050,62.42544,14.78324,13.85443,14.77818,19.00959
754.97060,-1.15106,-0.93647,62.46744,14.79194,13.87603,14.78118,19.01829
754.98060,-1.18515,-0.94397,62.51224,14.79194,13.87603,14.75318,19.09109
754.99060,-1.19064,-0.94258,62.49289,14.78687,13.87603,14.74118,19.08881
755.00060,-1.18179,-0.93811,62.45544,14.78194,13.87603,14.74118,19.05629
755.01060,-1.17885,-0.92065,62.34800,14.81213,13.84431,14.66444,19.02712
755.02060,-1.19043,-0.92673,62.18227,14.77318,13.79049,14.60841,19.01020
755.03060,-1.20112,-0.94368,62.13544,14.72294,13.77303,14.62118,19.01829
755.04060,-1.19510,-0.92970,62.10500,14.71720,13.80289,14.62118,18.96373
755.05060,-1.19063,-0.91933,62.08244,14.71294,13.82503,14.62118,18.92329
755.06060,-1.20512,-0.94216,62.07899,14.67906,13.79517,14.63267,18.97210
755.07060,-1.21586,-0.95699,62.07644,14.65964,13.77303,14.63548,19.00829
755.08060,-1.21586,-0.95541,62.07644,14.66394,13.77303,14.63118,19.00829
755.09060,-1.21265,-0.94664,62.10479,14.67888,13.79498,14.63423,18.99670
755.10060,-1.20702,-0.93126,62.15452,14.70508,13.83348,14.63958,18.97638
755.11060,-1.20110,-0.95125,62.17342,14.70499,13.78776,14.65709,19.02358
755.12060,-1.20001,-0.95757,62.17444,14.70294,13.77303,14.66118,19.03729
755.13060,-1.18741,-0.97224,62.19005,14.69554,13.74756,14.69405,19.05290
755.14060,-1.18468,-0.97542,62.19344,14.69394,13.74203,14.70118,19.05629
755.15060,-1.24714,-0.95500,62.24420,14.65634,13.85859,14.67298,19.05629
755.16060,-1.22855,-0.94452,62.36944,14.68394,13.91703,14.73118,19.03729
755.17060,-1.22875,-0.94091,62.32838,14.68394,13.90808,14.71152,19.02484
755.18060,-1.22554,-0.93951,62.25088,14.67754,13.88275,14.68598,19.00461
755.19060,-1.21722,-0.96400,62.39844,14.66394,13.89703,14.78118,19.05629
755.20060,-1.21615,-0.95634,62.40135,14.68624,13.89703,14.76179,19.05629
755.21060,-1.21392,-0.94030,62.40744,14.73294,13.89703,14.72118,19.05629
755.22060,-1.21392,-0.94030,62.40744,14.73294,13.89703,14.72118,19.05629
755.23060,-1.21477,-0.94061,62.43504,14.72474,13.91703,14.74118,19.05209
755.24060,-1.21973,-0.92847,62.46544,14.77194,13.91703,14.70118,19.07529
755.25060,-1.22795,-0.92492,62.43164,14.77014,13.91303,14.67518,19.07329
755.26060,-1.25425,-0.91524,62.31004,14.76294,13.89083,14.58718,19.06909
755.27060,-1.22760,-0.93345,62.36444,14.76294,13.86603,14.65118,19.08429
755.28060,-1.23477,-0.93211,62.33535,14.74496,13.87432,14.64512,19.07095
755.29060,-1.26315,-0.92681,62.22044,14.67394,13.90703,14.62118,19.01829
755.30060,-1.26315,-0.92681,62.22044,14.67394,13.90703,14.62118,19.01829
755.31060,-1.27082,-0.93830,62.27352,14.67394,13.90005,14.63515,19.06438
755.32060,-1.28175,-0.93363,62.25971,14.68336,13.89703,14.60351,19.07581
755.33060,-1.28330,-0.93250,62.26521,14.68394,13.90207,14.60328,19.07592
755.34060,-1.29816,-0.92692,62.37304,14.68394,13.96684,14.63259,19.08966
755.35060,-1.30496,-0.94757,62.43344,14.68394,13.93803,14.65118,19.16029
755.36060,-1.30215,-0.94766,62.43078,14.68394,13.93656,14.65398,19.15630
755.37060,-1.26481,-0.94888,62.39544,14.68394,13.91703,14.69118,19.10329
755.38060,-1.26481,-0.94888,62.39544,14.68394,13.91703,14.69118,19.10329
755.39060,-1.28593,-0.95429,62.26809,14.64781,13.88000,14.63699,19.10329
755.40060,-1.26531,-0.97129,62.20650,14.63548,13.81775,14.64998,19.10329
755.41060,-1.26384,-0.97234,62.20344,14.63494,13.81403,14.65118,19.10329
755.42060,-1.28463,-0.95458,62.22694,14.61614,13.89205,14.65118,19.06757
755.43060,-1.29179,-0.95988,62.24630,14.60554,13.89703,14.66058,19.08315
755.44060,-1.29217,-0.96029,62.24744,14.60494,13.89703,14.66118,19.08429
755.45060,-1.25953,-0.94738,62.22653,14.67052,13.85711,14.63267,19.06623
755.46060,-1.25783,-0.94671,62.22544,14.67394,13.85503,14.63118,19.06529
755.47060,-1.25404,-0.95203,62.28994,14.68111,13.86292,14.65985,19.08607
755.48060,-1.27840,-0.94643,62.30722,14.67572,13.89151,14.63831,19.10168
755.49060,-1.28401,-0.94476,62.30544,14.67394,13.89703,14.63118,19.10329
755.50060,-1.28339,-0.94287,62.30635,14.67597,13.90060,14.63048,19.09930
755.51060,-1.27912,-0.92160,62.31754,14.69260,13.94722,14.62525,19.05247
755.52060,-1.32497,-0.96596,62.30744,14.57594,13.93803,14.67118,19.12229
755.53060,-1.31908,-0.96558,62.30619,14.58383,13.93059,14.67118,19.12058
755.54060,-1.28808,-0.96361,62.29958,14.62534,13.89144,14.67118,19.11162
755.55060,-1.25924,-0.96178,62.29344,14.66394,13.85503,14.67118,19.10329
755.56060,-1.30554,-0.95947,62.31370,14.62136,13.91319,14.65666,19.12248
755.57060,-1.29290,-0.94503,62.39644,14.66394,13.94803,14.67118,19.11329
755.58060,-1.25231,-0.93649,62.40265,14.72535,13.91284,14.67118,19.09328
755.59060,-1.25975,-0.94687,62.30786,14.69091,13.87543,14.65027,19.09126
755.60060,-1.27093,-0.95306,62.26544,14.66394,13.86603,14.64118,19.09429
755.61060,-1.26354,-0.94946,62.25774,14.67794,13.85833,14.63418,19.08729
755.62060,-1.26037,-0.94792,62.25444,14.68394,13.85503,14.63118,19.08429
755.63060,-1.29031,-0.94018,62.31516,14.69705,13.89091,14.60358,19.12362
755.64060,-1.29215,-0.95133,62.32762,14.69414,13.86906,14.60970,19.15472
755.65060,-1.27870,-0.96829,62.31044,14.68394,13.82503,14.63118,19.17029
755.66060,-1.28625,-0.95850,62.29413,14.67282,13.85544,14.62376,19.14211
755.67060,-1.29033,-0.95818,62.23003,14.62916,13.87062,14.63141,19.09884
755.68060,-1.28178,-0.97413,62.19444,14.60494,13.83503,14.65118,19.10329
755.69060,-1.26625,-0.95453,62.31414,14.67790,13.87037,14.65688,19.10899
755.70060,-1.25457,-0.93979,62.40444,14.73294,13.89703,14.66118,19.11329
755.71060,-1.27458,-0.94481,62.28645,14.67708,13.88506,14.63268,19.09163
755.72060,-1.27998,-0.96607,62.32398,14.65717,13.86406,14.66248,19.14027
755.73060,-1.27265,-0.97920,62.41944,14.67394,13.85503,14.70118,19.18929
755.74060,-1.27265,-0.97920,62.41944,14.67394,13.85503,14.70118,19.18929
755.75060,-1.25902,-0.99153,62.25244,14.61494,13.80403,14.70118,19.13229
755.76060,-1.28569,-0.99537,62.32460,14.61494,13.82647,14.69678,19.18641
755.77060,-1.28822,-0.98722,62.36628,14.64090,13.84183,14.68678,19.19677
755.78060,-1.24828,-0.97061,62.30244,14.67394,13.82503,14.68118,19.12229
755.79060,-1.26079,-0.96873,62.31191,14.66041,13.84803,14.68118,19.12229
755.80060,-1.26434,-0.96080,62.25040,14.64394,13.85799,14.66358,19.08489
755.81060,-1.24945,-0.95361,62.15744,14.64394,13.83503,14.64118,19.03729
755.82060,-1.24859,-0.93504,62.15388,14.67468,13.85330,14.60999,19.01590
755.83060,-1.24752,-0.91192,62.14944,14.71294,13.87603,14.57118,18.98929
755.84060,-1.24604,-0.91887,62.13565,14.69708,13.86661,14.58267,18.98929
755.85060,-1.24163,-0.94182,62.09154,14.64237,13.83853,14.62293,18.98772
755.86060,-1.24334,-0.94075,62.09788,14.63761,13.84911,14.62822,18.98295
755.87060,-1.23932,-0.93844,62.13312,14.65062,13.85855,14.63758,18.98637
755.88060,-1.23300,-0.93761,62.21338,14.68054,13.86774,14.65458,19.01052
755.89060,-1.24625,-0.94635,62.25380,14.66990,13.87305,14.66522,19.04563
755.90060,-1.24851,-0.95091,62.26748,14.66074,13.87603,14.67758,19.05313
755.91060,-1.23754,-0.95021,62.24844,14.65394,13.87603,14.69118,19.02729
755.92060,-1.22964,-0.94993,62.26913,14.66866,13.87155,14.69758,19.03134
755.93060,-1.20498,-0.94907,62.33380,14.71466,13.85755,14.71758,19.04401
755.94060,-1.19708,-0.92407,62.41744,14.78194,13.89703,14.70118,19.03729
755.95060,-1.18898,-0.91792,62.38813,14.79362,13.88872,14.68732,19.01847
755.96060,-1.16243,-0.89487,62.25293,14.82213,13.86098,14.63310,18.93672
755.97060,-1.18905,-0.90298,62.18344,14.74294,13.88603,14.64118,18.91329
755.98060,-1.18849,-0.90087,62.21650,14.75521,13.89477,14.64534,18.92119
755.99060,-1.18636,-0.89282,62.34244,14.80194,13.92803,14.66118,18.95129
756.00060,-1.18636,-0.89282,62.34244,14.80194,13.92803,14.66118,18.95129
756.01060,-1.19117,-0.91786,62.26867,14.74155,13.88603,14.67979,18.96129
756.02060,-1.20483,-0.91841,62.23144,14.72294,13.88603,14.66118,18.96129
756.03060,-1.20107,-0.91764,62.24061,14.72777,13.88750,14.66608,18.95926
756.04060,-1.15233,-0.90698,62.37149,14.79470,13.90993,14.73118,18.93568
756.05060,-1.16623,-0.89982,62.49044,14.83094,13.94803,14.73118,18.98029
756.06060,-1.16464,-0.89827,62.47833,14.82961,13.94803,14.72908,18.97161
756.07060,-1.14341,-0.87763,62.31744,14.81194,13.94803,14.70118,18.85629
756.08060,-1.14341,-0.87763,62.31744,14.81194,13.94803,14.70118,18.85629
756.09060,-1.11502,-0.87332,62.30568,14.87437,13.89194,14.67404,18.86533
756.10060,-1.15517,-0.84585,62.35614,14.87154,13.99319,14.64298,18.84843
756.11060,-1.15792,-0.84413,62.35944,14.87094,14.00003,14.64118,18.84729
756.12060,-1.16442,-0.86986,62.25869,14.84243,13.91164,14.61267,18.89196
756.13060,-1.08899,-0.90124,62.38778,14.85054,13.87729,14.77431,18.88565
756.14060,-1.08581,-0.90250,62.39344,14.85094,13.87603,14.78118,18.88529
756.15060,-1.12984,-0.90531,62.28388,14.81857,13.85030,14.69818,18.91683
756.16060,-1.13888,-0.90588,62.26144,14.81194,13.84503,14.68118,18.92329
756.17060,-1.08147,-0.91512,62.38360,14.87721,13.81073,14.75649,18.93918
756.18060,-1.09964,-0.88014,62.44450,14.91465,13.89709,14.72177,18.91099
756.19060,-1.10593,-0.87226,62.45244,14.91994,13.91703,14.71118,18.90429
756.20060,-1.09839,-0.86249,62.41226,14.93634,13.90883,14.68658,18.88051
756.21060,-1.14942,-0.85209,62.33866,14.89894,13.94065,14.61558,18.88349
756.22060,-1.16100,-0.85027,62.32444,14.88994,13.94803,14.60118,18.88529
756.23060,-1.13532,-0.85805,62.30204,14.89433,13.91202,14.62314,18.87255
756.24060,-1.10436,-0.86743,62.27506,14.89962,13.86864,14.64959,18.85721
756.25060,-1.10541,-0.86983,62.26899,14.89577,13.86313,14.64906,18.86102
756.26060,-1.13527,-0.89871,62.25128,14.85126,13.82061,14.64223,18.93718
756.27060,-1.10400,-0.91641,62.40444,14.88994,13.80403,14.72118,18.98929
756.28060,-1.12772,-0.92316,62.43563,14.82895,13.86087,14.76276,18.98305
756.29060,-1.11945,-0.92511,62.51967,14.85615,13.86694,14.78734,19.00924
756.30060,-1.10777,-0.92447,62.56344,14.88994,13.85503,14.79118,19.02729
756.31060,-1.10777,-0.92447,62.56344,14.88994,13.85503,14.79118,19.02729
756.32060,-1.10064,-0.88844,62.45744,14.93994,13.85503,14.70118,18.96129
756.33060,-1.11173,-0.89032,62.40620,14.91115,13.85503,14.68966,18.95035
756.34060,-1.09508,-0.89164,62.32939,14.89568,13.83149,14.69267,18.90955
756.35060,-1.07665,-0.89159,62.30044,14.89994,13.81403,14.70118,18.88529
756.36060,-1.09272,-0.89419,62.27391,14.88061,13.81403,14.68480,18.89446
756.37060,-1.12093,-0.89875,62.22735,14.84670,13.81403,14.65607,18.91055
756.38060,-1.12634,-0.91555,62.15370,14.80067,13.78034,14.65940,18.91329
756.39060,-1.12648,-0.91903,62.13944,14.79194,13.77303,14.66118,18.91329
756.40060,-1.07817,-0.91650,62.32301,14.88326,13.77303,14.72641,18.94031
756.41060,-1.08449,-0.92971,62.33117,14.86010,13.76382,14.74434,18.96291
756.42060,-1.08114,-0.93793,62.38682,14.86115,13.76585,14.77455,18.98528
756.43060,-1.06135,-0.92684,62.46444,14.90994,13.78303,14.79118,18.98029
756.44060,-1.06905,-0.92273,62.46004,14.91434,13.78787,14.77358,18.98425
756.45060,-1.05912,-0.91077,62.40384,14.91994,13.78919,14.75558,18.93913
756.46060,-1.03396,-0.90219,62.33944,14.91994,13.78303,14.76118,18.87529
756.47060,-1.03396,-0.90219,62.33944,14.91994,13.78303,14.76118,18.87529
756.48060,-1.04685,-0.95098,62.23344,14.85094,13.67003,14.76118,18.95129
756.49060,-1.06131,-0.94818,62.31148,14.86074,13.70367,14.76771,18.97937
756.50060,-1.09389,-0.93780,62.46011,14.87427,13.78670,14.77785,19.02129
756.51060,-1.09964,-0.92855,62.43544,14.86094,13.81403,14.77118,18.98929
756.52060,-1.10372,-0.93115,62.41766,14.85064,13.80904,14.76716,18.99082
756.53060,-1.14186,-0.95486,62.22117,14.74858,13.75619,14.72118,18.99522
756.54060,-1.10677,-0.93006,62.24844,14.81194,13.77303,14.72118,18.94229
756.55060,-1.09679,-0.92715,62.23464,14.82174,13.76483,14.71918,18.92889
756.56060,-1.05681,-0.91551,62.17944,14.86094,13.73203,14.71118,18.87529
756.57060,-1.06617,-0.91708,62.16370,14.85346,13.72800,14.69775,18.88450
756.58060,-1.10195,-0.92566,62.09755,14.81875,13.70891,14.64969,18.92020
756.59060,-1.08358,-0.93552,62.09808,14.80279,13.69827,14.69224,18.90478
756.60060,-1.07209,-0.94528,62.09827,14.78706,13.68750,14.72454,18.89916
756.61060,-1.07973,-0.96136,62.09805,14.75815,13.67252,14.74239,18.92498
756.62060,-1.12148,-0.97604,62.10744,14.68394,13.71103,14.76118,18.95129
756.63060,-1.12285,-0.97742,62.12186,14.68528,13.71252,14.76472,18.95935
756.64060,-1.14074,-0.99553,62.31144,14.70294,13.73203,14.81118,19.06529
756.65060,-1.14144,-0.99280,62.30766,14.70434,13.73637,14.80698,19.05997
756.66060,-1.14634,-0.95593,62.26304,14.72847,13.79256,14.75468,18.98733
756.67060,-1.08748,-0.94867,62.33744,14.80194,13.77303,14.80118,18.96129
756.68060,-1.08661,-0.94910,62.33032,14.80248,13.76805,14.79850,18.96129
756.69060,-1.07222,-0.95631,62.21157,14.81140,13.68502,14.75386,18.96129
756.70060,-1.07443,-0.95637,62.20151,14.80719,13.68446,14.75011,18.95974
756.71060,-1.11291,-0.95167,62.16484,14.74786,13.73979,14.73678,18.94041
756.72060,-1.09035,-0.97525,62.14486,14.74583,13.66840,14.76171,18.96892
756.73060,-1.07833,-0.98318,62.14344,14.75294,13.63903,14.77118,18.98029
756.74060,-1.05278,-0.96014,62.04486,14.77061,13.63903,14.74328,18.89194
756.75060,-1.06449,-0.96903,62.07966,14.75110,13.65026,14.76256,18.91575
756.76060,-1.07636,-0.97829,62.11644,14.73294,13.66003,14.78118,18.94229
756.77060,-1.07436,-0.97314,62.23215,14.75774,13.70219,14.81424,18.95799
756.78060,-1.07013,-0.97882,62.29506,14.77855,13.69460,14.82940,18.99251
756.79060,-1.06931,-0.98029,62.30344,14.78194,13.69103,14.83118,18.99929
756.80060,-1.06899,-0.97477,62.33124,14.79561,13.70516,14.83118,18.99929
756.81060,-1.06861,-0.96818,62.36444,14.81194,13.72203,14.83118,18.99929
756.82060,-1.07873,-0.96892,62.23980,14.79554,13.67939,14.77378,18.99109
756.83060,-1.04155,-0.97266,62.21408,14.80014,13.65281,14.81038,18.95075
756.84060,-1.03290,-0.97345,62.21444,14.80194,13.64903,14.82118,18.94229
756.85060,-1.06696,-1.00120,62.14623,14.72880,13.61534,14.81296,18.98913
756.86060,-1.07436,-1.00722,62.13144,14.71294,13.60803,14.81118,18.99929
756.87060,-1.07436,-1.00722,62.13144,14.71294,13.60803,14.81118,18.99929
756.88060,-1.06528,-0.99081,62.22068,14.74452,13.66192,14.83504,18.97919
756.89060,-1.04911,-0.98924,62.22344,14.76294,13.64903,14.84118,18.97029
756.90060,-1.06537,-0.97704,62.18424,14.74894,13.67843,14.81318,18.94369
756.91060,-1.05971,-0.95424,62.24298,14.80393,13.71252,14.79425,18.93229
756.92060,-1.05412,-0.94648,62.27644,14.83094,13.72203,14.79118,18.93229
756.93060,-1.08485,-0.94026,62.18165,14.78355,13.74294,14.74936,18.90580
756.94060,-1.09824,-0.93755,62.14044,14.76294,13.75203,14.73118,18.89429
756.95060,-1.09824,-0.93755,62.14044,14.76294,13.75203,14.73118,18.89429
756.96060,-1.07597,-0.94579,62.17116,14.74432,13.76227,14.79635,18.86822
756.97060,-1.08361,-0.95161,62.18044,14.74294,13.75203,14.79118,18.89429
756.98060,-1.08017,-0.95351,62.14612,14.74294,13.73112,14.77982,18.89224
756.99060,-1.07639,-0.96143,62.07360,14.74294,13.67635,14.75078,18.90353
757.00060,-1.09324,-0.96446,62.16744,14.74294,13.71103,14.77118,18.94229
757.01060,-1.08067,-0.95896,62.18289,14.76096,13.71508,14.77854,18.92831
757.02060,-1.05909,-0.94952,62.20944,14.79194,13.72203,14.79118,18.90429
757.03060,-1.05909,-0.94952,62.20944,14.79194,13.72203,14.79118,18.90429
757.04060,-1.03509,-0.94099,62.19794,14.84094,13.69103,14.77118,18.89479
757.05060,-1.06731,-0.92281,62.37944,14.85094,13.81403,14.80118,18.91329
757.06060,-1.06910,-0.92124,62.28396,14.83378,13.79159,14.77038,18.88821
757.07060,-1.07876,-0.91898,62.17330,14.80922,13.77145,14.72846,18.86416
757.08060,-1.09552,-0.91839,62.19800,14.80305,13.79059,14.72229,18.88206
757.09060,-1.10418,-0.92347,62.24039,14.80524,13.79403,14.72778,18.91334
757.10060,-1.11562,-0.93397,62.31744,14.81194,13.79403,14.74118,18.97029
757.11060,-1.11595,-0.93053,62.27872,14.80357,13.79403,14.73071,18.95040
757.12060,-1.11192,-0.91179,62.19676,14.79402,13.81707,14.70718,18.87849
757.13060,-1.10074,-0.89971,62.33344,14.84094,13.86603,14.74118,18.88529
757.14060,-1.11217,-0.90833,62.32832,14.83166,13.84939,14.73158,18.91569
757.15060,-1.13368,-0.93535,62.38403,14.81517,13.81759,14.74350,19.00776
757.16060,-1.12787,-0.95350,62.52344,14.82194,13.82503,14.81118,19.06529
757.17060,-1.12576,-0.95161,62.46777,14.81194,13.81470,14.79785,19.04329
757.18060,-1.12152,-0.94783,62.35644,14.79194,13.79403,14.77118,18.99929
757.19060,-1.12965,-0.94122,62.31149,14.78686,13.79657,14.74324,18.98481
757.20060,-1.15610,-0.92281,62.17520,14.76707,13.80403,14.66047,18.94363
757.21060,-1.18888,-0.93695,62.11944,14.70294,13.80403,14.65118,18.96129
757.22060,-1.19169,-0.92599,62.11020,14.71344,13.81915,14.63228,18.94533
757.23060,-1.19701,-0.89761,62.05548,14.73859,13.84609,14.57366,18.89714
757.24060,-1.17689,-0.94679,61.97944,14.68394,13.73203,14.62118,18.94229
757.25060,-1.17624,-0.94279,61.98923,14.69142,13.73990,14.61926,18.93864
757.26060,-1.17348,-0.92598,62.03044,14.72294,13.77303,14.61118,18.92329
757.27060,-1.17348,-0.92598,62.03044,14.72294,13.77303,14.61118,18.92329
757.28060,-1.18917,-0.94398,62.12477,14.72364,13.76660,14.63258,19.00195
757.29060,-1.20614,-0.94179,62.23544,14.73294,13.81403,14.65118,19.03729
757.30060,-1.20614,-0.94179,62.23544,14.73294,13.81403,14.65118,19.03729
757.31060,-1.20656,-0.95883,62.25931,14.71313,13.79829,14.68166,19.06624
757.32060,-1.23366,-0.95371,62.24473,14.69394,13.82475,14.65502,19.07102
757.33060,-1.24024,-0.94839,62.23544,14.69394,13.83503,14.64118,19.06529
757.34060,-1.21996,-0.91578,62.36892,14.77666,13.90271,14.65058,19.03897
757.35060,-1.21867,-0.91370,62.37744,14.78194,13.90703,14.65118,19.03729
757.36060,-1.24156,-0.91740,62.27898,14.73948,13.89411,14.61426,19.03113
757.37060,-1.24822,-0.92067,62.26423,14.73185,13.88603,14.60536,19.04099
757.38060,-1.24015,-0.92167,62.31348,14.75175,13.88603,14.62028,19.05542
757.39060,-1.23609,-0.90489,62.26935,14.76837,13.89496,14.58870,19.01732
757.40060,-1.23442,-0.92481,62.25762,14.72367,13.87985,14.63027,19.02383
757.41060,-1.23423,-0.93011,62.25744,14.71294,13.87603,14.64118,19.02729
757.42060,-1.22525,-0.94066,62.26482,14.70474,13.85881,14.66578,19.03549
757.43060,-1.22328,-0.94297,62.26644,14.70294,13.85503,14.67118,19.03729
757.44060,-1.24982,-0.92417,62.20822,14.72754,13.85503,14.58098,19.04467
757.45060,-1.26495,-0.93548,62.39798,14.74114,13.89767,14.63498,19.12419
757.46060,-1.26698,-0.93886,62.44244,14.74294,13.90703,14.65118,19.14129
757.47060,-1.22546,-0.92422,62.29812,14.75934,13.86439,14.62658,19.04781
757.48060,-1.24869,-0.93457,62.31353,14.72235,13.88020,14.63742,19.07356
757.49060,-1.25618,-0.93771,62.32444,14.71294,13.88603,14.64118,19.08429
757.50060,-1.24783,-0.94686,62.29971,14.69149,13.87112,14.66300,19.07410
757.51060,-1.23321,-0.96290,62.25644,14.65394,13.84503,14.70118,19.05629
757.52060,-1.22205,-0.95975,62.23624,14.67349,13.82483,14.68815,19.04977
757.53060,-1.24140,-0.95848,62.25680,14.69718,13.81403,14.64633,19.09926
757.54060,-1.25240,-0.95866,62.27044,14.70294,13.81403,14.63118,19.12229
757.55060,-1.23493,-0.95406,62.32062,14.72385,13.82867,14.65906,19.10904
757.56060,-1.22734,-0.95206,62.34244,14.73294,13.83503,14.67118,19.10329
757.57060,-1.24191,-0.95509,62.39517,14.73682,13.84705,14.67118,19.14012
757.58060,-1.26873,-0.96470,62.41814,14.70205,13.86603,14.67811,19.17195
757.59060,-1.27045,-0.96685,62.39144,14.68394,13.86603,14.68118,19.16029
757.60060,-1.24397,-0.97188,62.32368,14.68394,13.82128,14.68740,19.13107
757.61060,-1.22864,-0.97301,62.33240,14.70634,13.79978,14.69118,19.13511
757.62060,-1.22924,-0.97158,62.36944,14.72294,13.80403,14.69118,19.15129
757.63060,-1.25452,-0.96208,62.30275,14.70071,13.82170,14.64558,19.13476
757.64060,-1.27363,-0.95491,62.25244,14.68394,13.83503,14.61118,19.12229
757.65060,-1.27555,-0.95791,62.25871,14.67083,13.84282,14.62448,19.12058
757.66060,-1.27892,-0.96317,62.26971,14.64783,13.85649,14.64781,19.11758
757.67060,-1.28228,-0.96843,62.28071,14.62483,13.87016,14.67115,19.11458
757.68060,-1.22934,-0.94502,62.36804,14.73294,13.86603,14.68038,19.08869
757.69060,-1.22965,-0.93672,62.33950,14.74811,13.86047,14.65129,19.07962
757.70060,-1.21411,-0.93411,62.34444,14.76294,13.85503,14.66118,19.06529
757.71060,-1.21411,-0.93411,62.34444,14.76294,13.85503,14.66118,19.06529
757.72060,-1.21304,-0.91825,62.32512,14.78295,13.86952,14.63358,19.03907
757.73060,-1.21257,-0.91112,62.31644,14.79194,13.87603,14.62118,19.02729
757.74060,-1.24687,-0.92668,62.18610,14.70908,13.85648,14.59325,19.02729
757.75060,-1.25218,-0.91748,62.36444,14.75934,13.91331,14.61938,19.07241
757.76060,-1.25180,-0.92091,62.37961,14.75539,13.91485,14.63102,19.07835
757.77060,-1.22815,-0.95271,62.37373,14.71957,13.86098,14.69815,19.09503
757.78060,-1.20322,-0.95075,62.33244,14.75294,13.81403,14.68118,19.08429
757.79060,-1.19639,-0.94833,62.38538,14.76573,13.83212,14.70324,19.08429
757.80060,-1.18774,-0.94528,62.45244,14.78194,13.85503,14.73118,19.08429
757.81060,-1.20085,-0.93881,62.49248,14.79074,13.88231,14.72238,19.09705
757.82060,-1.21173,-0.92931,62.50100,14.80194,13.90107,14.69950,19.09849
757.83060,-1.20265,-0.92729,62.43444,14.80194,13.87603,14.68118,19.07529
757.84060,-1.20195,-0.92583,62.41876,14.80194,13.87283,14.67478,19.06921
757.85060,-1.21300,-0.92357,62.36336,14.78306,13.87243,14.65158,19.05629
757.86060,-1.23967,-0.92539,62.31644,14.74294,13.88603,14.63118,19.05629
757.87060,-1.22582,-0.91582,62.27420,14.74614,13.88955,14.62798,19.01053
757.88060,-1.19634,-0.89545,62.18444,14.75294,13.89703,14.62118,18.91329
757.89060,-1.19021,-0.89891,62.17516,14.75515,13.88113,14.62339,18.91550
757.90060,-1.16343,-0.90341,62.18067,14.79169,13.83484,14.62791,18.92623
757.91060,-1.15282,-0.88760,62.25944,14.85094,13.85503,14.62118,18.93229
757.92060,-1.15532,-0.88406,62.24576,14.83829,13.87103,14.62376,18.91267
757.93060,-1.16251,-0.87388,62.20644,14.80194,13.91703,14.63118,18.85629
757.94060,-1.15613,-0.87779,62.18307,14.80384,13.89366,14.62738,18.85819
757.95060,-1.12142,-0.89251,62.10453,14.82125,13.79992,14.62258,18.86078
757.96060,-1.08963,-0.88394,62.19444,14.86094,13.82503,14.67118,18.83729
757.97060,-1.10185,-0.88171,62.16864,14.85114,13.82903,14.65118,18.83729
757.98060,-1.15345,-0.87558,62.06908,14.80790,13.84301,14.57320,18.84496
757.99060,-1.16376,-0.88681,62.08344,14.79194,13.83503,14.58118,18.87529
758.00060,-1.14880,-0.88427,62.12201,14.80695,13.84472,14.60588,18.86446
758.01060,-1.08524,-0.87349,62.28644,14.87094,13.88603,14.71118,18.81829
758.02060,-1.08827,-0.87281,62.30364,14.88074,13.88603,14.70518,18.83169
758.03060,-1.10660,-0.86863,62.37619,14.91637,13.89532,14.67761,18.88689
758.04060,-1.13508,-0.86194,62.39344,14.89994,13.93803,14.66118,18.89429
758.05060,-1.13433,-0.86081,62.38672,14.89994,13.93803,14.65908,18.88967
758.06060,-1.12242,-0.84708,62.29184,14.89791,13.93369,14.63328,18.82696
758.07060,-1.09723,-0.86548,62.21744,14.87094,13.87603,14.66118,18.80929
758.08060,-1.10115,-0.86368,62.21590,14.87227,13.87890,14.65348,18.81125
758.09060,-1.15331,-0.83976,62.19544,14.88994,13.91703,14.55118,18.83729
758.10060,-1.15208,-0.84004,62.19957,14.89068,13.91744,14.55416,18.83729
758.11060,-1.13453,-0.84401,62.25862,14.90132,13.92329,14.59671,18.83729
758.12060,-1.14645,-0.87965,62.30344,14.84094,13.90703,14.66118,18.89429
758.13060,-1.14585,-0.87867,62.30638,14.84376,13.90824,14.66060,18.89377
758.14060,-1.13843,-0.86645,62.34307,14.87901,13.92335,14.65341,18.88729
758.15060,-1.13590,-0.86411,62.35815,14.89204,13.92369,14.65118,18.89124
758.16060,-1.13731,-0.88102,62.41402,14.91855,13.87671,14.64910,18.96966
758.17060,-1.19857,-0.85041,62.50244,14.89994,14.02003,14.62118,18.96129
758.18060,-1.19717,-0.85194,62.49632,14.89767,14.01526,14.62257,18.96082
758.19060,-1.17726,-0.87394,62.40890,14.86522,13.94705,14.64244,18.95420
758.20060,-1.16929,-0.92514,62.27144,14.74294,13.86603,14.71118,18.95129
758.21060,-1.16929,-0.92514,62.27144,14.74294,13.86603,14.71118,18.95129
758.22060,-1.16326,-0.94425,62.23541,14.72618,13.81409,14.71956,18.97558
758.23060,-1.16209,-0.94795,62.22844,14.72294,13.80403,14.72118,18.98029
758.24060,-1.14624,-0.94178,62.39670,14.76900,13.85197,14.77758,18.99815
758.25060,-1.17057,-0.95428,62.42643,14.73491,13.86548,14.79067,19.03537
758.26060,-1.17192,-0.95497,62.42744,14.73294,13.86603,14.79118,19.03729
758.27060,-1.16443,-0.95521,62.42269,14.77947,13.81666,14.75320,19.07337
758.28060,-1.17815,-0.96039,62.44391,14.76638,13.82530,14.75655,19.09568
758.29060,-1.19032,-0.96484,62.46244,14.75294,13.83503,14.76118,19.11329
758.30060,-1.19360,-0.96584,62.44934,14.74420,13.83503,14.75900,19.11110
758.31060,-1.20534,-0.96942,62.40244,14.71294,13.83503,14.75118,19.10329
758.32060,-1.19879,-0.96768,62.37029,14.71485,13.82317,14.74353,19.08874
758.33060,-1.17761,-0.96206,62.26659,14.72103,13.78490,14.71883,19.04183
758.34060,-1.17472,-0.95054,62.37044,14.80194,13.78303,14.69118,19.09429
758.35060,-1.18793,-0.96042,62.26359,14.73242,13.77660,14.69118,19.06339
758.36060,-1.19268,-0.97878,62.32657,14.70015,13.78752,14.74638,19.09252
758.37060,-1.19152,-0.98455,62.38144,14.70294,13.79403,14.77118,19.11329
758.38060,-1.22279,-0.97053,62.37454,14.70984,13.82232,14.71598,19.12640
758.39060,-1.23684,-0.96423,62.37144,14.71294,13.83503,14.69118,19.13229
758.40060,-1.22824,-0.97678,62.37561,14.69951,13.81605,14.71897,19.14109
758.41060,-1.21316,-0.99050,62.35573,14.69139,13.77756,14.73942,19.14737
758.42060,-1.20525,-0.98922,62.31744,14.70294,13.75203,14.72118,19.14129
758.43060,-1.20525,-0.98922,62.31744,14.70294,13.75203,14.72118,19.14129
758.44060,-1.23014,-0.99956,62.19806,14.63902,13.73323,14.69298,19.13283
758.45060,-1.24329,-0.99167,62.28350,14.65280,13.77997,14.70058,19.15015
758.46060,-1.24403,-0.99113,62.28944,14.65394,13.78303,14.70118,19.15129
758.47060,-1.22301,-1.00038,62.34490,14.67274,13.76423,14.73878,19.16915
758.48060,-1.22443,-1.00040,62.34380,14.66985,13.76657,14.73910,19.16828
758.49060,-1.25551,-0.99429,62.27824,14.61654,13.80667,14.71678,19.13825
758.50060,-1.18585,-1.01240,62.24144,14.63494,13.72203,14.78118,19.10329
758.51060,-1.20283,-0.99288,62.23786,14.64978,13.75887,14.74025,19.08896
758.52060,-1.23412,-0.97591,62.32144,14.67554,13.81762,14.70891,19.11937
758.53060,-1.25797,-0.97857,62.45944,14.69394,13.85503,14.72118,19.18929
758.54060,-1.23252,-0.96796,62.48433,14.71572,13.87370,14.74785,19.14706
758.55060,-1.20074,-0.95472,62.51544,14.74294,13.89703,14.78118,19.09429
758.56060,-1.21068,-0.94479,62.45451,14.75327,13.88599,14.72773,19.08752
758.57060,-1.22567,-0.92592,62.26003,14.75892,13.84269,14.60873,19.04969
758.58060,-1.22196,-0.92483,62.15644,14.74294,13.81403,14.58118,19.01829
758.59060,-1.23215,-0.92700,62.11376,14.71258,13.81887,14.57678,19.00553
758.60060,-1.24422,-0.93122,62.02833,14.66950,13.81126,14.56229,18.98529
758.61060,-1.24306,-0.93303,61.98944,14.66394,13.79403,14.55118,18.98029
758.62060,-1.23402,-0.93612,62.04807,14.66845,13.80801,14.58726,18.98435
758.63060,-1.22303,-0.93988,62.11944,14.67394,13.82503,14.63118,18.98929
758.64060,-1.22303,-0.93988,62.11944,14.67394,13.82503,14.63118,18.98929
758.65060,-1.24703,-0.93099,62.29980,14.71210,13.89391,14.64358,19.05021
758.66060,-1.19424,-0.93049,62.36644,14.77194,13.86603,14.69118,19.03729
758.67060,-1.19424,-0.93049,62.36644,14.77194,13.86603,14.69118,19.03729
758.68060,-1.26402,-0.92882,62.35876,14.74862,13.89039,14.61038,19.10937
758.69060,-1.22947,-0.93824,62.41044,14.78194,13.85503,14.65118,19.12229
758.70060,-1.24561,-0.94321,62.40731,14.75720,13.86474,14.65118,19.13419
758.71060,-1.28102,-0.95410,62.40044,14.70294,13.88603,14.65118,19.16029
758.72060,-1.27840,-0.94812,62.32874,14.68981,13.88267,14.63435,19.12191
758.73060,-1.27542,-0.93879,62.18025,14.66394,13.86590,14.59465,19.05576
758.74060,-1.27994,-0.94396,62.16544,14.66394,13.84503,14.58118,19.07529
758.75060,-1.27674,-0.93000,62.17600,14.69331,13.85856,14.56138,19.06275
758.76060,-1.27023,-0.90168,62.19744,14.75294,13.88603,14.52118,19.03729
758.77060,-1.27023,-0.90168,62.19744,14.75294,13.88603,14.52118,19.03729
