time_s,cop_x_cm,cop_y_cm,mass_kg,tr_kg,tl_kg,br_kg,bl_kg
1286.40820,-0.17781,-1.21269,56.88744,13.14894,12.26903,15.06118,16.40829
1286.41820,-0.17813,-1.21302,56.88792,13.14825,12.26913,15.06168,16.40886
1286.42820,-0.21038,-1.24509,56.93802,13.08028,12.27939,15.11209,16.46626
1286.43820,-0.21217,-1.26091,57.16244,13.10994,12.31003,15.19118,16.55129
1286.44820,-0.21221,-1.25924,57.15250,13.11467,12.30506,15.18148,16.55129
1286.45820,-0.21248,-1.24714,57.08044,13.14894,12.26903,15.11118,16.55129
1286.46820,-0.21149,-1.24882,57.08992,13.14774,12.27023,15.11838,16.55357
1286.47820,-0.20030,-1.25826,57.15380,13.14254,12.28023,15.16998,16.56105
1286.48820,-0.17142,-1.23686,57.11244,13.16894,12.28903,15.16118,16.49329
1286.49820,-0.17111,-1.23184,57.09582,13.17144,12.29170,15.15085,16.48184
1286.50820,-0.16872,-1.19312,56.96801,13.19064,12.31223,15.07138,16.39376
1286.51820,-0.21307,-1.18004,56.81944,13.14894,12.32003,14.98118,16.36929
1286.52820,-0.21307,-1.18004,56.81944,13.14894,12.32003,14.98118,16.36929
1286.53820,-0.21300,-1.17996,56.86419,13.15869,12.33053,14.99368,16.38129
1286.54820,-0.21278,-1.17973,56.99844,13.18794,12.36203,15.03118,16.41729
1286.55820,-0.21871,-1.17159,56.96369,13.19544,12.35928,14.99868,16.41029
1286.56820,-0.23798,-1.14600,56.85319,13.21794,12.35103,14.89618,16.38804
1286.57820,-0.24380,-1.14149,56.82819,13.21794,12.35103,14.87618,16.38304
1286.58820,-0.24426,-1.13588,56.81580,13.22142,12.35595,14.86598,16.37245
1286.59820,-0.22164,-1.11161,56.83052,13.23998,12.40451,14.88438,16.30165
1286.60820,-0.24089,-1.08625,56.72944,13.21794,12.44403,14.83118,16.23629
1286.61820,-0.22757,-1.08466,56.81280,13.25111,12.45254,14.85670,16.25245
1286.62820,-0.22523,-1.08438,56.82744,13.25694,12.45403,14.86118,16.25529
1286.63820,-0.21919,-1.07004,56.84661,13.28308,12.47233,14.85247,16.23873
1286.64820,-0.22561,-1.08519,56.70917,13.20793,12.44751,14.85118,16.20255
1286.65820,-0.22654,-1.08739,56.69144,13.19794,12.44403,14.85118,16.19829
1286.66820,-0.23187,-1.09658,56.74074,13.20954,12.43185,14.85698,16.24237
1286.67820,-0.23125,-1.09635,56.87192,13.25315,12.44810,14.87908,16.29159
1286.68820,-0.22823,-1.09172,56.93644,13.27694,12.46503,14.89118,16.30329
1286.69820,-0.23139,-1.08612,56.85450,13.27694,12.44194,14.84649,16.28913
1286.70820,-0.23248,-1.08420,56.82644,13.27694,12.43403,14.83118,16.28429
1286.71820,-0.25132,-1.10721,56.77316,13.21848,12.41109,14.83858,16.30501
1286.72820,-0.26167,-1.10917,56.76431,13.21274,12.40797,14.82638,16.31722
1286.73820,-0.26548,-1.10286,56.77444,13.22794,12.41303,14.81118,16.32229
1286.74820,-0.24348,-1.12158,56.77878,13.22174,12.37459,14.84838,16.33407
1286.75820,-0.24418,-1.13785,56.74465,13.18942,12.35103,14.86291,16.34129
1286.76820,-0.26434,-1.14468,56.69244,13.14894,12.35103,14.85118,16.34129
1286.77820,-0.27895,-1.13418,56.70608,13.14894,12.38327,14.83878,16.33509
1286.78820,-0.28791,-1.12775,56.71444,13.14894,12.40303,14.83118,16.33129
1286.79820,-0.27415,-1.13995,56.77162,13.16155,12.38579,14.86482,16.35946
1286.80820,-0.25227,-1.15584,56.81992,13.17334,12.35615,14.90558,16.38485
1286.81820,-0.24623,-1.15401,56.75763,13.16191,12.34415,14.89415,16.35742
1286.82820,-0.25610,-1.15776,56.71820,13.14580,12.33322,14.87785,16.36133
1286.83820,-0.28884,-1.18745,56.70617,13.09974,12.30003,14.87508,16.43132
1286.84820,-0.27224,-1.19958,56.79644,13.10994,12.30003,14.93118,16.45529
1286.85820,-0.28836,-1.20081,56.85916,13.11484,12.32012,14.93608,16.48812
1286.86820,-0.30510,-1.20209,56.92444,13.11994,12.34103,14.94118,16.52229
1286.87820,-0.30510,-1.20209,56.92444,13.11994,12.34103,14.94118,16.52229
1286.88820,-0.29552,-1.23631,56.71926,12.98194,12.30215,14.99059,16.44458
1286.89820,-0.26472,-1.24855,56.62675,12.98194,12.23049,14.98524,16.42907
1286.90820,-0.24259,-1.25853,56.55769,12.97852,12.17843,14.98346,16.41729
1286.91820,-0.25296,-1.26344,56.56734,12.95220,12.19685,15.00100,16.41729
1286.92820,-0.29048,-1.26671,56.58544,12.94194,12.20703,14.97118,16.46529
1286.93820,-0.28746,-1.27204,56.58280,12.93498,12.19959,14.98078,16.46745
1286.94820,-0.27790,-1.28892,56.57444,12.91294,12.17603,15.01118,16.47429
1286.95820,-0.27925,-1.29457,56.57822,12.90861,12.16803,15.01562,16.48595
1286.96820,-0.29364,-1.34009,56.62375,12.87118,12.11259,15.05670,16.58329
1286.97820,-0.31651,-1.34251,56.71944,12.85394,12.16603,15.09118,16.60829
1286.98820,-0.31651,-1.34251,56.71944,12.85394,12.16603,15.09118,16.60829
1286.99820,-0.30653,-1.34972,56.71301,12.85889,12.14030,15.09613,16.61769
1287.00820,-0.29934,-1.37571,56.75494,12.84394,12.10903,15.14118,16.66079
1287.01820,-0.30232,-1.39431,56.80344,12.82394,12.10403,15.18118,16.69429
1287.02820,-0.31445,-1.39751,56.78921,12.79312,12.12063,15.18908,16.68638
1287.03820,-0.31767,-1.39836,56.78544,12.78494,12.12503,15.19118,16.68429
1287.04820,-0.31675,-1.39764,56.65181,12.75912,12.09403,15.15237,16.64629
1287.05820,-0.33008,-1.40895,56.61744,12.71594,12.09403,15.16118,16.64629
1287.06820,-0.33102,-1.41004,56.61288,12.70886,12.09643,15.16478,16.64281
1287.07820,-0.34306,-1.42055,56.57056,12.64910,12.11155,15.18798,16.62193
1287.08820,-0.38566,-1.44219,56.49656,12.58377,12.09089,15.16131,16.66059
1287.09820,-0.40188,-1.45042,56.46844,12.55894,12.08303,15.15118,16.67529
1287.10820,-0.36398,-1.46280,56.46844,12.55894,12.05239,15.20061,16.65650
1287.11820,-0.36354,-1.46294,56.46844,12.55894,12.05203,15.20118,16.65629
1287.12820,-0.34390,-1.47911,56.51497,12.56884,12.02233,15.23979,16.68401
1287.13820,-0.39239,-1.49530,56.56544,12.49994,12.07303,15.27018,16.72229
1287.14820,-0.39239,-1.49530,56.56544,12.49994,12.07303,15.27018,16.72229
1287.15820,-0.35855,-1.50531,56.57524,12.50974,12.04264,15.30940,16.71346
1287.16820,-0.40265,-1.51199,56.60184,12.46440,12.08295,15.31018,16.74431
1287.17820,-0.42569,-1.51532,56.61544,12.44094,12.10403,15.31018,16.76029
1287.18820,-0.40116,-1.52865,56.52655,12.44671,12.02669,15.29286,16.76029
1287.19820,-0.38314,-1.53843,56.46144,12.45094,11.97003,15.28018,16.76029
1287.20820,-0.39837,-1.56138,56.37656,12.37384,11.95368,15.29576,16.75328
1287.21820,-0.38979,-1.57157,56.52843,12.39575,11.97205,15.35959,16.80104
1287.22820,-0.38533,-1.57283,56.58944,12.41094,11.98003,15.38018,16.81829
1287.23820,-0.35190,-1.58294,56.45698,12.39688,11.91195,15.37278,16.77537
1287.24820,-0.38389,-1.61575,56.51284,12.33289,11.91868,15.42250,16.83877
1287.25820,-0.39864,-1.62561,56.54744,12.31294,11.92903,15.44018,16.86529
1287.26820,-0.39864,-1.62561,56.54744,12.31294,11.92903,15.44018,16.86529
1287.27820,-0.39864,-1.62561,56.54744,12.31294,11.92903,15.44018,16.86529
1287.28820,-0.32614,-1.63389,56.63744,12.35194,11.90803,15.54018,16.83729
1287.29820,-0.33694,-1.62328,56.61467,12.40246,11.87411,15.46433,16.87377
1287.30820,-0.34929,-1.62825,56.60052,12.38878,11.86939,15.45490,16.88745
1287.31820,-0.35271,-1.64155,56.57074,12.33653,11.87586,15.48802,16.87032
1287.32820,-0.32595,-1.67639,56.55746,12.29027,11.83002,15.56271,16.87446
1287.33820,-0.30815,-1.69182,56.57144,12.30294,11.78503,15.58018,16.90329
1287.34820,-0.31372,-1.69609,56.57887,12.29551,11.78503,15.58399,16.91433
1287.35820,-0.33739,-1.71421,56.61044,12.26394,11.78503,15.60018,16.96129
1287.36820,-0.33769,-1.71190,56.56044,12.25894,11.77453,15.58018,16.94679
1287.37820,-0.33379,-1.71665,56.53994,12.25394,11.75903,15.58018,16.94679
1287.38820,-0.32959,-1.72372,56.56944,12.25394,11.75403,15.60018,16.96129
1287.39820,-0.33785,-1.72874,56.63118,12.24414,11.77755,15.62958,16.97991
1287.40820,-0.35465,-1.73897,56.75718,12.22414,11.82555,15.68958,17.01791
1287.41820,-0.25701,-1.75165,56.53944,12.23394,11.69203,15.70018,16.91329
1287.42820,-0.27627,-1.75315,56.53175,12.21965,11.69936,15.68553,16.92721
1287.43820,-0.30959,-1.75573,56.51844,12.19494,11.71203,15.66018,16.95129
1287.44820,-0.30674,-1.75751,56.51016,12.20538,11.69367,15.64938,16.96173
1287.45820,-0.30234,-1.77101,56.51547,12.20681,11.66103,15.65631,16.99132
1287.46820,-0.30398,-1.79622,56.56444,12.16494,11.66103,15.72018,17.01829
1287.47820,-0.29704,-1.78868,56.56032,12.17682,11.66612,15.71533,17.00204
1287.48820,-0.27683,-1.77121,56.52512,12.19876,11.67266,15.70241,16.95129
1287.49820,-0.28198,-1.79247,56.44744,12.14594,11.64003,15.71018,16.95129
1287.50820,-0.27039,-1.78415,56.48392,12.16946,11.65251,15.71978,16.94217
1287.51820,-0.23379,-1.75785,56.59944,12.24394,11.69203,15.75018,16.91329
1287.52820,-0.23441,-1.76467,56.58216,12.23458,11.67715,15.75018,16.92025
1287.53820,-0.23524,-1.78659,56.53710,12.20494,11.63342,15.75646,16.94229
1287.54820,-0.23045,-1.78775,56.57737,12.20494,11.64751,15.78264,16.94229
1287.55820,-0.22617,-1.78186,56.59588,12.22015,11.65472,15.78217,16.93884
1287.56820,-0.20955,-1.74311,56.62611,12.31216,11.67170,15.72685,16.91540
1287.57820,-0.25934,-1.79947,56.36744,12.14594,11.58903,15.70018,16.93229
1287.58820,-0.25934,-1.79947,56.36744,12.14594,11.58903,15.70018,16.93229
1287.59820,-0.21410,-1.76524,56.44644,12.26394,11.58903,15.68018,16.91329
1287.60820,-0.21410,-1.76524,56.44644,12.26394,11.58903,15.68018,16.91329
1287.61820,-0.18943,-1.75600,56.44149,12.24414,11.62963,15.72968,16.83804
1287.62820,-0.17479,-1.73790,56.38344,12.27394,11.62003,15.69018,16.79929
1287.63820,-0.17479,-1.73790,56.38344,12.27394,11.62003,15.69018,16.79929
1287.64820,-0.17520,-1.73356,56.37000,12.26914,11.62987,15.68778,16.78321
1287.65820,-0.17879,-1.72291,56.36200,12.26330,11.65863,15.68498,16.75509
1287.66820,-0.18602,-1.73277,56.47144,12.29294,11.65103,15.70018,16.82729
1287.67820,-0.18831,-1.72309,56.47264,12.30014,11.66831,15.69058,16.81361
1287.68820,-0.19558,-1.69244,56.47644,12.32294,11.72303,15.66018,16.77029
1287.69820,-0.17443,-1.69138,56.47308,12.34646,11.70071,15.66258,16.76333
1287.70820,-0.15328,-1.67462,56.39140,12.35470,11.69915,15.64138,16.69617
1287.71820,-0.15519,-1.67406,56.38844,12.35194,11.70203,15.64018,16.69429
1287.72820,-0.12498,-1.67283,56.43517,12.39075,11.68619,15.66394,16.69429
1287.73820,-0.13954,-1.68026,56.45850,12.34310,11.72541,15.70420,16.68578
1287.74820,-0.14349,-1.68162,56.46044,12.33294,11.73303,15.71018,16.68429
1287.75820,-0.12380,-1.66838,56.55218,12.38442,11.75349,15.72998,16.68429
1287.76820,-0.11368,-1.66158,56.59944,12.41094,11.76403,15.74018,16.68429
1287.77820,-0.07145,-1.64996,56.38495,12.44540,11.66670,15.65404,16.61882
1287.78820,-0.05992,-1.66442,56.33815,12.44216,11.61418,15.64896,16.63286
1287.79820,-0.05926,-1.66670,56.33644,12.44094,11.60903,15.65018,16.63629
1287.80820,-0.03047,-1.64938,56.39908,12.48357,11.63600,15.67628,16.60323
1287.81820,-0.02843,-1.64543,56.41431,12.48994,11.64590,15.68018,16.59829
1287.82820,-0.02663,-1.64594,56.42924,12.48994,11.65103,15.68998,16.59829
1287.83820,-0.03295,-1.66757,56.46766,12.46098,11.64287,15.72988,16.63393
1287.84820,-0.03649,-1.67445,56.47744,12.45094,11.64003,15.74018,16.64629
1287.85820,-0.01582,-1.69816,56.34942,12.42874,11.54901,15.72538,16.64629
1287.86820,-0.03457,-1.68311,56.50551,12.47999,11.60150,15.72765,16.69637
1287.87820,-0.04332,-1.67524,56.57344,12.49994,11.63003,15.73018,16.71329
1287.88820,-0.03048,-1.67739,56.53984,12.49994,11.61035,15.73018,16.69937
1287.89820,-0.01655,-1.67973,56.50344,12.49994,11.58903,15.73018,16.68429
1287.90820,-0.02400,-1.68184,56.50763,12.48470,11.60084,15.73780,16.68429
1287.91820,-0.06129,-1.67483,56.55856,12.45994,11.66469,15.73929,16.69463
1287.92820,-0.08232,-1.66612,56.59544,12.45994,11.70203,15.73018,16.70329
1287.93820,-0.00216,-1.67719,56.50864,12.48474,11.61275,15.76676,16.64439
1287.94820,0.04819,-1.65943,56.56270,12.54272,11.62189,15.80158,16.59651
1287.95820,0.04886,-1.64442,56.62844,12.56894,11.66103,15.80918,16.58929
1287.96820,0.05805,-1.64631,56.59744,12.55837,11.65364,15.81623,16.56921
1287.97820,0.07289,-1.64937,56.54744,12.54133,11.64170,15.82759,16.53682
1287.98820,0.07868,-1.68329,56.47588,12.53138,11.53703,15.80918,16.59829
1287.99820,0.07279,-1.68686,56.46046,12.51596,11.53703,15.80918,16.59829
1288.00820,0.05699,-1.66767,56.52944,12.50994,11.62003,15.82918,16.57029
1288.01820,0.05923,-1.67231,56.58026,12.52010,11.62003,15.84742,16.59270
1288.02820,0.06380,-1.68177,56.68399,12.54085,11.62003,15.88466,16.63845
1288.03820,0.04606,-1.70502,56.64725,12.50090,11.58656,15.88299,16.67680
1288.04820,0.02939,-1.72174,56.58144,12.45994,11.55803,15.86918,16.69429
1288.05820,0.05196,-1.70982,56.58244,12.49994,11.54803,15.85918,16.67529
1288.06820,0.02843,-1.71141,56.54947,12.47466,11.55536,15.83720,16.68225
1288.07820,0.01733,-1.70019,56.52989,12.46658,11.58294,15.82100,16.65938
1288.08820,0.06916,-1.67579,56.59544,12.52894,11.60903,15.85918,16.59829
1288.09820,0.05097,-1.67291,56.56320,12.51832,11.61306,15.82987,16.60195
1288.10820,0.01679,-1.66988,56.46226,12.48568,11.61013,15.76734,16.59911
1288.11820,0.00935,-1.67537,56.33676,12.44609,11.58261,15.73446,16.57360
1288.12820,0.01188,-1.67312,56.32524,12.44550,11.58383,15.73258,16.56333
1288.13820,0.02298,-1.66375,56.34044,12.45994,11.59903,15.74018,16.54129
1288.14820,0.02647,-1.65611,56.36924,12.48370,11.60647,15.73538,16.54369
1288.15820,0.03657,-1.63074,56.48204,12.56134,11.63987,15.72738,16.55345
1288.16820,0.03361,-1.62693,56.55044,12.56894,11.67103,15.75018,16.56029
1288.17820,0.02297,-1.62928,56.54547,12.55752,11.67451,15.74521,16.56823
1288.18820,-0.01964,-1.63866,56.52561,12.51182,11.68842,15.72535,16.60002
1288.19820,0.01370,-1.59585,56.58044,12.61794,11.71203,15.69018,16.56029
1288.20820,0.01227,-1.59596,56.58416,12.61674,11.71455,15.69138,16.56149
1288.21820,0.00390,-1.60009,56.61324,12.60794,11.72559,15.70378,16.57593
1288.22820,0.01709,-1.62552,56.62135,12.60285,11.67103,15.73018,16.61729
1288.23820,0.00086,-1.63529,56.57890,12.56040,11.67103,15.73018,16.61729
1288.24820,0.00692,-1.62235,56.59767,12.59245,11.67914,15.71543,16.61065
1288.25820,0.01063,-1.61681,56.60844,12.60794,11.68203,15.71018,16.60829
1288.26820,-0.00149,-1.61878,56.48370,12.53963,11.69193,15.70028,16.55186
1288.27820,-0.04336,-1.60469,56.47254,12.53894,11.72272,15.64078,16.57010
1288.28820,-0.04378,-1.60455,56.47244,12.53894,11.72303,15.64018,16.57029
1288.29820,-0.02459,-1.57591,56.38136,12.57788,11.71577,15.58078,16.50693
1288.30820,-0.01468,-1.56113,56.33444,12.59794,11.71203,15.55018,16.47429
1288.31820,-0.05031,-1.58809,56.31111,12.49327,11.74003,15.59685,16.48095
1288.32820,-0.08596,-1.58474,56.42404,12.49570,11.79451,15.60431,16.52952
1288.33820,-0.09058,-1.58037,56.45644,12.50994,11.80503,15.60018,16.54129
1288.34820,-0.06004,-1.59201,56.37658,12.50994,11.74185,15.60018,16.52461
1288.35820,-0.05038,-1.58719,56.47069,12.51770,11.78652,15.65194,16.51452
1288.36820,-0.04952,-1.58616,56.48744,12.51894,11.79503,15.66018,16.51329
1288.37820,-0.05220,-1.58916,56.44272,12.51894,11.76837,15.63438,16.52103
1288.38820,-0.05263,-1.58964,56.43544,12.51894,11.76403,15.63018,16.52229
1288.39820,-0.00664,-1.59949,56.47192,12.51894,11.75535,15.70836,16.48928
1288.40820,-0.04522,-1.57802,56.52740,12.56201,11.78935,15.64266,16.53339
1288.41820,-0.05254,-1.57433,56.53544,12.56894,11.79503,15.63018,16.54129
1288.42820,-0.05580,-1.59563,56.44438,12.50547,11.76652,15.64398,16.52841
1288.43820,-0.05960,-1.62049,56.33850,12.43168,11.73336,15.66002,16.51344
1288.44820,-0.06943,-1.63742,56.50144,12.45994,11.73303,15.70018,16.60829
1288.45820,-0.05774,-1.63588,56.45584,12.47489,11.70239,15.67776,16.60081
1288.46820,-0.05378,-1.63535,56.44044,12.47994,11.69203,15.67018,16.59829
1288.47820,-0.04704,-1.63602,56.42377,12.46651,11.69666,15.68407,16.57653
1288.48820,-0.04655,-1.63573,56.40271,12.44574,11.70914,15.69498,16.55285
1288.49820,-0.08146,-1.63062,56.39444,12.42094,11.74303,15.67018,16.56029
1288.50820,-0.06207,-1.63033,56.37683,12.44310,11.71406,15.66450,16.55517
1288.51820,-0.03507,-1.63999,56.33275,12.43552,11.67888,15.68523,16.53313
1288.52820,-0.02776,-1.64589,56.31444,12.42094,11.67103,15.70018,16.52229
1288.53820,-0.04542,-1.63359,56.30244,12.42922,11.68800,15.66294,16.52229
1288.54820,-0.07047,-1.61616,56.28544,12.44094,11.71203,15.61018,16.52229
1288.55820,-0.06233,-1.62917,56.31239,12.45025,11.68214,15.62488,16.55512
1288.56820,-0.03936,-1.64021,56.36151,12.45994,11.66622,15.66958,16.56577
1288.57820,-0.02427,-1.63761,56.38344,12.45994,11.68203,15.70018,16.54129
1288.58820,-0.03238,-1.62908,56.36316,12.46822,11.68617,15.67121,16.53756
1288.59820,-0.05016,-1.61872,56.33836,12.46720,11.70216,15.63671,16.53229
1288.60820,-0.06296,-1.62226,56.34636,12.44120,11.72283,15.65005,16.53229
1288.61820,-0.07726,-1.62692,56.39637,12.44094,11.73302,15.65662,16.56579
1288.62820,-0.10669,-1.63652,56.50040,12.44094,11.75383,15.67005,16.63559
1288.63820,-0.09618,-1.63629,56.51772,12.43724,11.76550,15.69608,16.61890
1288.64820,-0.08599,-1.63830,56.50807,12.41995,11.77368,15.72186,16.59258
1288.65820,-0.10019,-1.64274,56.44344,12.40094,11.75403,15.69018,16.59829
1288.66820,-0.10106,-1.64289,56.43819,12.40219,11.75016,15.68518,16.60066
1288.67820,-0.11258,-1.64527,56.41608,12.39956,11.73744,15.66180,16.61729
1288.68820,-0.13044,-1.64960,56.46444,12.36194,11.78503,15.70018,16.61729
1288.69820,-0.14165,-1.65066,56.45899,12.35699,11.78503,15.68780,16.62917
1288.70820,-0.16909,-1.65887,56.45396,12.34194,11.77759,15.66458,16.66985
1288.71820,-0.14884,-1.67517,56.48828,12.33978,11.75403,15.71018,16.68429
1288.72820,-0.15162,-1.68141,56.48693,12.33294,11.74484,15.71273,16.69641
1288.73820,-0.15217,-1.70079,56.50980,12.33294,11.70654,15.72337,16.74695
1288.74820,-0.15252,-1.71319,56.52444,12.33294,11.68203,15.73018,16.77929
1288.75820,-0.15987,-1.71160,56.50752,12.31494,11.69679,15.73018,16.76561
1288.76820,-0.16427,-1.71759,56.47636,12.28294,11.70071,15.74098,16.75173
1288.77820,-0.14882,-1.73328,56.47444,12.28294,11.66103,15.76018,16.77029
1288.78820,-0.16796,-1.74064,56.48444,12.24844,11.68153,15.77468,16.77979
1288.79820,-0.18709,-1.74800,56.49444,12.21394,11.70203,15.78918,16.78929
1288.80820,-0.25751,-1.74712,56.60841,12.18563,11.78078,15.78192,16.86008
1288.81820,-0.21661,-1.75052,56.55812,12.19134,11.74535,15.80478,16.81665
1288.82820,-0.18966,-1.75337,56.51539,12.19176,11.71978,15.81839,16.78547
1288.83820,-0.18006,-1.75931,56.42334,12.16527,11.69262,15.81176,16.75368
1288.84820,-0.20839,-1.78667,56.39433,12.12641,11.65153,15.79934,16.81704
1288.85820,-0.20892,-1.78708,56.39444,12.12594,11.65103,15.79918,16.81829
1288.86820,-0.22586,-1.76366,56.37448,12.10997,11.71650,15.78321,16.76479
1288.87820,-0.23014,-1.75774,56.36944,12.10594,11.73303,15.77918,16.75129
1288.88820,-0.17686,-1.74741,56.58634,12.23183,11.72453,15.83021,16.79977
1288.89820,-0.17077,-1.77447,56.54701,12.17651,11.69606,15.87398,16.80046
1288.90820,-0.17125,-1.77880,56.53544,12.16494,11.69203,15.87918,16.79929
1288.91820,-0.18516,-1.75844,56.51994,12.16494,11.73596,15.85334,16.76569
1288.92820,-0.18075,-1.76493,56.43230,12.14860,11.69917,15.83198,16.75255
1288.93820,-0.17967,-1.76652,56.41844,12.14594,11.69203,15.82918,16.75129
1288.94820,-0.19636,-1.76855,56.40975,12.11988,11.70941,15.82918,16.75129
1288.95820,-0.20502,-1.77394,56.42457,12.11594,11.70627,15.82918,16.77318
1288.96820,-0.21178,-1.77903,56.43063,12.11013,11.70203,15.82918,16.78929
1288.97820,-0.23068,-1.77884,56.36872,12.07708,11.70943,15.80698,16.77523
1288.98820,-0.23675,-1.77843,56.34844,12.06694,11.71203,15.79918,16.77029
1288.99820,-0.22190,-1.79977,56.29442,12.04474,11.65875,15.81398,16.77695
1289.00820,-0.19989,-1.80186,56.35092,12.05914,11.66297,15.85618,16.77263
1289.01820,-0.19401,-1.79996,56.37744,12.06694,11.67103,15.86918,16.77029
1289.02820,-0.19340,-1.80556,56.38928,12.08840,11.64069,15.85438,16.80581
1289.03820,-0.19318,-1.80753,56.39344,12.09594,11.63003,15.84918,16.81829
1289.04820,-0.20077,-1.80397,56.38089,12.08530,11.64422,15.84373,16.80765
1289.05820,-0.22280,-1.79407,56.33544,12.04866,11.68617,15.82918,16.77142
1289.06820,-0.22535,-1.79354,56.31844,12.03694,11.69203,15.82918,16.76029
1289.07820,-0.21080,-1.80663,56.23189,12.02528,11.63494,15.81690,16.75476
1289.08820,-0.20619,-1.81768,56.16450,12.01178,11.59287,15.80302,16.75683
1289.09820,-0.20903,-1.81942,56.15644,12.00794,11.58903,15.79918,16.76029
1289.10820,-0.20486,-1.81756,56.14552,12.01369,11.58329,15.79343,16.75511
1289.11820,-0.20178,-1.81618,56.13744,12.01794,11.57903,15.78918,16.75129
1289.12820,-0.20978,-1.81327,56.13744,12.01794,11.58619,15.77880,16.75451
1289.13820,-0.22249,-1.80866,56.13744,12.01794,11.59756,15.76232,16.75962
1289.14820,-0.20610,-1.82476,56.06824,11.97839,11.56839,15.78885,16.73260
1289.15820,-0.20589,-1.82496,56.06744,11.97794,11.56803,15.78918,16.73229
1289.16820,-0.20834,-1.81681,56.23180,12.05616,11.57892,15.78918,16.80753
1289.17820,-0.22216,-1.85975,56.15244,11.96894,11.52703,15.81918,16.83729
1289.18820,-0.22763,-1.86331,56.17427,11.96154,11.53480,15.83028,16.84765
1289.19820,-0.22992,-1.86876,56.17033,11.94894,11.53234,15.83797,16.85108
1289.20820,-0.21812,-1.86774,56.10144,11.94894,11.50603,15.81918,16.82729
1289.21820,-0.21812,-1.86774,56.10144,11.94894,11.50603,15.81918,16.82729
1289.22820,-0.17449,-1.89006,56.10844,11.96894,11.43403,15.85918,16.84629
1289.23820,-0.16709,-1.89325,56.10364,11.96894,11.42419,15.86638,16.84413
1289.24820,-0.14522,-1.90711,56.06348,11.96654,11.37575,15.87718,16.84401
1289.25820,-0.15012,-1.91909,55.98444,11.95894,11.32103,15.83918,16.86529
1289.26820,-0.14437,-1.92462,55.98556,11.95574,11.31111,15.85038,16.86833
1289.27820,-0.12038,-1.94767,55.99023,11.94241,11.26978,15.89705,16.88099
1289.28820,-0.13254,-1.95699,56.05944,11.94894,11.26903,15.90918,16.93229
1289.29820,-0.13254,-1.95699,56.05944,11.94894,11.26903,15.90918,16.93229
1289.30820,-0.12841,-1.96915,56.00844,11.93894,11.22803,15.89918,16.94229
1289.31820,-0.12980,-1.96934,56.02163,11.93775,11.23421,15.90512,16.94454
1289.32820,-0.14005,-1.97385,56.09535,11.91926,11.27211,15.94698,16.95700
1289.33820,-0.13950,-1.99906,55.90044,11.84094,11.20803,15.92918,16.92229
1289.34820,-0.13950,-1.99906,55.90044,11.84094,11.20803,15.92918,16.92229
1289.35820,-0.14209,-2.01381,56.08147,11.86947,11.21787,15.98723,17.00690
1289.36820,-0.08441,-2.02439,56.09335,11.90954,11.15665,16.02778,16.99938
1289.37820,-0.08383,-2.02450,56.09344,11.90994,11.15603,16.02818,16.99929
1289.38820,-0.08427,-2.03012,56.05483,11.88024,11.15603,16.03808,16.98048
1289.39820,-0.08428,-2.03018,56.05444,11.87994,11.15603,16.03818,16.98029
1289.40820,-0.07125,-2.03081,56.04319,11.88556,11.14422,16.04380,16.96960
1289.41820,-0.08113,-2.02095,56.12315,11.90825,11.17869,16.04818,16.98804
1289.42820,-0.10366,-2.00927,56.22344,11.92894,11.22803,16.04818,17.01829
1289.43820,-0.05019,-2.02595,56.17132,11.92894,11.16549,16.09161,16.98528
1289.44820,-0.03839,-2.02915,56.18867,11.93764,11.15603,16.10688,16.98812
1289.45820,-0.03783,-2.02925,56.19244,11.93894,11.15603,16.10818,16.98929
1289.46820,-0.03910,-2.03342,56.20301,11.92605,11.16297,16.12470,16.98929
1289.47820,-0.04166,-2.04188,56.22444,11.89994,11.17703,16.15818,16.98929
1289.48820,-0.03732,-2.03939,56.23426,11.91776,11.16940,16.15091,16.99620
1289.49820,-0.03053,-2.05685,56.31225,11.92366,11.15237,16.19276,17.04345
1289.50820,-0.03193,-2.09451,56.41744,11.87994,11.14603,16.28718,17.10429
1289.51820,-0.04879,-2.08147,56.44617,11.90139,11.16858,16.25809,17.11810
1289.52820,-0.06051,-2.05924,56.50905,11.95155,11.19920,16.22400,17.13430
1289.53820,-0.03608,-2.06001,56.52644,11.96894,11.18703,16.24718,17.12329
1289.54820,-0.02864,-2.02342,56.38924,11.99295,11.19732,16.16437,17.03460
1289.55820,-0.02086,-1.98514,56.24644,12.01794,11.20803,16.07818,16.94229
1289.56820,-0.04006,-1.99023,56.24427,12.00927,11.20326,16.06083,16.97091
1289.57820,-0.05664,-1.99491,56.17295,11.98653,11.18503,16.02647,16.97492
1289.58820,-0.03603,-1.99015,56.00744,11.95894,11.15603,15.99818,16.89429
1289.59820,-0.00637,-1.97685,55.99903,11.99309,11.15108,15.99818,16.85667
1289.60820,-0.00137,-1.95071,56.02707,12.02299,11.19702,15.98877,16.81829
1289.61820,-0.02711,-1.93791,56.06444,12.01794,11.24903,15.97918,16.81829
1289.62820,-0.02849,-1.94051,56.07236,12.02730,11.23655,15.97198,16.83653
1289.63820,-0.03288,-1.94876,56.09744,12.05694,11.19703,15.94918,16.89429
1289.64820,-0.03616,-1.94061,56.11335,12.06064,11.21997,15.94918,16.88356
1289.65820,-0.03302,-1.92962,56.14673,12.08137,11.24016,15.94918,16.87602
1289.66820,-0.01820,-1.93449,56.15744,12.10594,11.20803,15.94918,16.89429
1289.67820,-0.02029,-1.92309,56.13404,12.10594,11.22639,15.93478,16.86693
1289.68820,-0.00636,-1.89676,56.08272,12.12034,11.25543,15.91278,16.79417
1289.69820,0.02502,-1.88602,56.06544,12.14594,11.24903,15.91918,16.75129
1289.70820,0.02502,-1.88602,56.06544,12.14594,11.24903,15.91918,16.75129
1289.71820,-0.01863,-1.86094,56.01844,12.12594,11.31103,15.85918,16.72229
1289.72820,-0.01863,-1.86094,56.01844,12.12594,11.31103,15.85918,16.72229
1289.73820,0.00891,-1.89351,55.97180,12.09720,11.24030,15.90021,16.73408
1289.74820,-0.02258,-1.85855,55.80844,12.10594,11.24903,15.76918,16.68429
1289.75820,-0.01754,-1.86804,55.82956,12.09658,11.24399,15.79558,16.69341
1289.76820,0.00311,-1.89438,55.90965,12.07483,11.23464,15.88401,16.71617
1289.77820,0.02284,-1.87912,55.96468,12.10772,11.26215,15.90415,16.69066
1289.78820,0.02169,-1.88545,55.95153,12.09461,11.25425,15.90918,16.69350
1289.79820,0.00264,-1.91719,55.86744,12.02794,11.20803,15.90918,16.72229
1289.80820,0.00264,-1.91719,55.86744,12.02794,11.20803,15.90918,16.72229
1289.81820,0.01834,-1.92707,55.66058,11.96151,11.16431,15.89236,16.64240
1289.82820,0.02589,-1.94209,55.86744,11.98794,11.18703,15.97918,16.71329
1289.83820,0.02589,-1.94209,55.86744,11.98794,11.18703,15.97918,16.71329
1289.84820,0.01424,-1.92922,55.88942,12.00589,11.20975,15.95720,16.71658
1289.85820,0.00774,-1.92681,55.89310,12.01666,11.20641,15.93987,16.73015
1289.86820,0.02706,-1.95493,55.84444,11.98794,11.14603,15.96918,16.74129
1289.87820,0.01814,-1.96237,55.82925,11.97373,11.13574,15.96428,16.75550
1289.88820,0.00884,-1.97011,55.81344,11.95894,11.12503,15.95918,16.77029
1289.89820,0.01387,-1.98108,55.92194,11.97072,11.13123,16.00816,16.81183
1289.90820,0.03333,-1.98728,55.97064,11.98408,11.12276,16.04432,16.81948
1289.91820,0.04364,-1.98697,55.95944,11.98794,11.11503,16.04818,16.80829
1289.92820,0.02231,-1.95474,55.95331,12.02546,11.15409,15.98003,16.79374
1289.93820,0.05708,-1.93558,55.97751,12.07058,11.16603,15.99198,16.74892
1289.94820,0.06489,-1.93382,55.98244,12.07694,11.16603,15.99818,16.74129
1289.95820,0.05405,-1.90050,56.07800,12.16207,11.20252,15.94693,16.76648
1289.96820,0.05241,-1.89548,56.09244,12.17494,11.20803,15.93918,16.77029
1289.97820,0.05804,-1.87052,56.11222,12.20074,11.25189,15.93058,16.72901
1289.98820,0.06076,-1.86217,56.07645,12.19921,11.25903,15.91771,16.70050
1289.99820,0.06211,-1.85896,56.04744,12.19494,11.25903,15.90918,16.68429
1290.00820,0.04172,-1.84746,56.07089,12.19494,11.29713,15.89453,16.68429
1290.01820,0.02463,-1.81971,56.02930,12.20895,11.33389,15.83756,16.64889
1290.02820,0.02118,-1.81131,56.01144,12.21394,11.34203,15.81918,16.63629
1290.03820,0.02314,-1.80990,56.00891,12.21900,11.33938,15.81539,16.63515
1290.04820,0.04500,-1.79011,56.06039,12.28404,11.34465,15.80442,16.62729
1290.05820,0.05851,-1.77385,56.17244,12.33294,11.38303,15.82918,16.62729
1290.06820,0.06063,-1.76796,56.16695,12.33294,11.39523,15.82918,16.60960
1290.07820,0.06199,-1.76419,56.16344,12.33294,11.40303,15.82918,16.59829
1290.08820,0.07038,-1.76439,56.16089,12.34012,11.39428,15.83161,16.59488
1290.09820,0.10699,-1.74910,56.07570,12.37973,11.35627,15.79668,16.54302
1290.10820,0.07186,-1.72461,55.97844,12.36194,11.39303,15.72018,16.50329
1290.11820,0.06254,-1.72426,56.01225,12.36684,11.40332,15.72018,16.52191
1290.12820,0.04590,-1.72906,56.00316,12.34862,11.40591,15.71232,16.53631
1290.13820,0.03168,-1.73959,55.91278,12.30103,11.38933,15.69628,16.52615
1290.14820,0.01739,-1.74153,55.85967,12.28294,11.38017,15.66933,16.52724
1290.15820,-0.00075,-1.73730,55.82138,12.28294,11.37432,15.62678,16.53735
1290.16820,-0.00784,-1.73564,55.80644,12.28294,11.37203,15.61018,16.54129
1290.17820,0.00522,-1.72524,55.79418,12.32224,11.35300,15.58158,16.53737
1290.18820,-0.00047,-1.73762,55.86744,12.29294,11.38303,15.64018,16.55129
1290.19820,-0.00047,-1.73762,55.86744,12.29294,11.38303,15.64018,16.55129
1290.20820,-0.03579,-1.74548,55.87432,12.27660,11.38303,15.61438,16.60031
1290.21820,-0.06822,-1.72894,55.98220,12.31249,11.43345,15.59041,16.64585
1290.22820,-0.06586,-1.73030,56.01180,12.31689,11.43826,15.60382,16.65283
1290.23820,-0.04901,-1.74018,56.19144,12.34194,11.46503,15.69018,16.69429
1290.24820,-0.05429,-1.73623,56.19527,12.34689,11.47146,15.68029,16.69664
1290.25820,-0.07726,-1.71903,56.21194,12.36839,11.49942,15.63728,16.70685
1290.26820,-0.11729,-1.73638,56.15044,12.31294,11.48603,15.61018,16.74129
1290.27820,-0.11744,-1.73197,56.16177,12.32172,11.49292,15.60685,16.74029
1290.28820,-0.12168,-1.69964,56.24380,12.38486,11.54431,15.57898,16.73565
1290.29820,-0.14420,-1.72084,56.18044,12.33294,11.51703,15.57018,16.76029
1290.30820,-0.14024,-1.71790,56.19137,12.33995,11.52190,15.57374,16.75577
1290.31820,-0.11088,-1.69615,56.27244,12.39194,11.55803,15.60018,16.72229
1290.32820,-0.11088,-1.69615,56.27244,12.39194,11.55803,15.60018,16.72229
1290.33820,-0.14791,-1.73144,56.15536,12.27584,11.53737,15.61002,16.73213
1290.34820,-0.18227,-1.70729,56.21977,12.33235,11.56772,15.54088,16.77882
1290.35820,-0.18261,-1.70705,56.22044,12.33294,11.56803,15.54018,16.77929
1290.36820,-0.20163,-1.71490,56.18678,12.29157,11.57575,15.54018,16.77929
1290.37820,-0.21443,-1.74141,56.38855,12.27394,11.61351,15.64109,16.86001
1290.38820,-0.21531,-1.74577,56.42944,12.27394,11.62003,15.66018,16.87529
1290.39820,-0.19002,-1.77114,56.62022,12.32238,11.58939,15.73926,16.96919
1290.40820,-0.18973,-1.77143,56.62244,12.32294,11.58903,15.74018,16.97029
1290.41820,-0.22457,-1.77434,56.52967,12.29681,11.56878,15.67485,16.98923
1290.42820,-0.20461,-1.78510,56.51660,12.27537,11.55803,15.71586,16.96733
1290.43820,-0.19734,-1.78684,56.52344,12.27394,11.55803,15.73018,16.96129
1290.44820,-0.24773,-1.78362,56.44948,12.19740,11.61135,15.70438,16.93635
1290.45820,-0.27092,-1.81464,56.37316,12.14237,11.55749,15.69149,16.98180
1290.46820,-0.27318,-1.81942,56.36344,12.13594,11.54803,15.69018,16.98929
1290.47820,-0.26842,-1.81881,56.30909,12.12218,11.54047,15.68330,16.96314
1290.48820,-0.26626,-1.81853,56.28444,12.11594,11.53703,15.68018,16.95129
1290.49820,-0.27337,-1.84347,56.28964,12.09441,11.49916,15.69503,17.00104
1290.50820,-0.27253,-1.87234,56.26924,12.04328,11.47049,15.73718,17.01829
1290.51820,-0.27137,-1.87945,56.26144,12.02794,11.46503,15.75018,17.01829
1290.52820,-0.28991,-1.89070,56.31028,12.02794,11.45763,15.75018,17.07453
1290.53820,-0.26919,-1.89773,56.25419,12.00552,11.43934,15.77186,17.03748
1290.54820,-0.25997,-1.89877,56.22944,11.99794,11.43403,15.77918,17.01829
1290.55820,-0.25997,-1.89877,56.22944,11.99794,11.43403,15.77918,17.01829
1290.56820,-0.29019,-1.90090,56.26844,11.97794,11.46503,15.77918,17.04629
1290.57820,-0.24289,-1.89582,56.28347,12.00925,11.45251,15.81676,17.00495
1290.58820,-0.21686,-1.89936,56.29817,12.01783,11.44133,15.84929,16.98972
1290.59820,-0.22032,-1.90977,56.30726,12.00179,11.43545,15.86533,17.00469
1290.60820,-0.20527,-1.90523,56.26774,12.00343,11.42855,15.86369,16.97207
1290.61820,-0.18454,-1.89709,56.27686,12.02348,11.43240,15.87511,16.94587
1290.62820,-0.17299,-1.89354,56.34244,12.04694,11.44503,15.89918,16.95129
1290.63820,-0.17315,-1.88699,56.34285,12.05103,11.45731,15.89509,16.93942
1290.64820,-0.17337,-1.87753,56.34344,12.05694,11.47503,15.88918,16.92229
1290.65820,-0.15184,-1.87293,56.31629,12.06179,11.47018,15.89888,16.88544
1290.66820,-0.13009,-1.86049,56.31833,12.09499,11.46858,15.89498,16.85978
1290.67820,-0.13219,-1.84677,56.37444,12.14594,11.47503,15.86918,16.88429
1290.68820,-0.13192,-1.85457,56.34787,12.13737,11.45318,15.86489,16.89243
1290.69820,-0.11695,-1.86957,56.33187,12.12594,11.42085,15.88785,16.89723
1290.70820,-0.08572,-1.87936,56.37344,12.12594,11.41403,15.94918,16.88429
1290.71820,-0.09724,-1.86726,56.38077,12.14023,11.43272,15.92354,16.88429
1290.72820,-0.11717,-1.84635,56.39344,12.16494,11.46503,15.87918,16.88429
1290.73820,-0.09884,-1.86094,56.33889,12.14712,11.42394,15.89373,16.87410
1290.74820,-0.06467,-1.88188,56.26231,12.13530,11.35203,15.91183,16.86315
1290.75820,-0.05926,-1.86932,56.31330,12.18762,11.35203,15.89196,16.88169
1290.76820,-0.05850,-1.86821,56.32994,12.19256,11.35679,15.89631,16.88429
1290.77820,-0.05194,-1.87695,56.32440,12.17783,11.34761,15.91681,16.88215
1290.78820,-0.03089,-1.89846,56.20844,12.15494,11.26903,15.90918,16.87529
1290.79820,-0.03089,-1.89846,56.20844,12.15494,11.26903,15.90918,16.87529
1290.80820,-0.02890,-1.85447,56.37969,12.23314,11.37099,15.91908,16.85648
1290.81820,-0.03008,-1.85593,56.37205,12.22607,11.37123,15.92079,16.85396
1290.82820,-0.04108,-1.87339,56.28664,12.15454,11.36393,15.93538,16.83279
1290.83820,0.05150,-1.87347,56.25244,12.22394,11.28003,15.96918,16.77929
1290.84820,0.05000,-1.87434,56.25014,12.22084,11.28003,15.96918,16.78008
1290.85820,0.03752,-1.88155,56.23093,12.19501,11.28003,15.96918,16.78670
1290.86820,0.01824,-1.90558,56.28050,12.14657,11.28987,16.01739,16.82667
1290.87820,0.01800,-1.90593,56.28144,12.14594,11.29003,16.01818,16.82729
1290.88820,0.07231,-1.90159,56.10126,12.20435,11.16727,15.93997,16.78967
1290.89820,0.12206,-1.88876,56.18944,12.27394,11.16603,15.97918,16.77029
1290.90820,0.12206,-1.88876,56.18944,12.27394,11.16603,15.97918,16.77029
1290.91820,0.11793,-1.90366,56.15875,12.23434,11.15613,15.99799,16.77029
1290.92820,0.11789,-1.90381,56.15844,12.23394,11.15603,15.99818,16.77029
1290.93820,0.10480,-1.89162,56.17051,12.25118,11.17385,15.97002,16.77546
1290.94820,0.06756,-1.88531,56.18015,12.23563,11.20898,15.94210,16.79344
1290.95820,0.05619,-1.88642,56.18044,12.22394,11.21803,15.93918,16.79929
1290.96820,0.06551,-1.88911,56.08386,12.21520,11.17986,15.91159,16.77721
1290.97820,0.07640,-1.89225,55.97156,12.20504,11.13548,15.87950,16.75154
1290.98820,0.08252,-1.87600,56.22884,12.29890,11.18897,15.92268,16.81829
1290.99820,0.08177,-1.90089,56.13477,12.24421,11.14309,15.92918,16.81829
1291.00820,0.08094,-1.90523,56.11644,12.23394,11.13503,15.92918,16.81829
1291.01820,0.06861,-1.91825,56.06943,12.20585,11.11153,15.91771,16.83434
1291.02820,0.07647,-1.91866,56.03676,12.19655,11.10623,15.92079,16.81319
1291.03820,0.08878,-1.91195,56.03844,12.20494,11.11503,15.92918,16.78929
1291.04820,0.02358,-1.90181,56.08876,12.20494,11.16091,15.86998,16.85293
1291.05820,0.02671,-1.90551,56.03910,12.20494,11.13115,15.84918,16.85383
1291.06820,0.02173,-1.92285,55.97881,12.15336,11.11503,15.86413,16.84629
1291.07820,0.01519,-1.91879,56.01994,12.17044,11.12503,15.85918,16.86529
1291.08820,0.01344,-1.90974,56.07344,12.20494,11.13503,15.84918,16.88429
1291.09820,0.00844,-1.91404,56.02465,12.18023,11.12886,15.84300,16.87255
1291.10820,0.02369,-1.90842,56.09204,12.20703,11.14394,15.86968,16.87139
1291.11820,0.03539,-1.90313,56.15444,12.23394,11.15603,15.88918,16.87529
1291.12820,0.02971,-1.90113,56.12486,12.23024,11.15234,15.87070,16.87159
1291.13820,0.02037,-1.89785,56.07638,12.22418,11.14628,15.84039,16.86553
1291.14820,-0.00356,-1.90121,55.97744,12.16494,11.15603,15.81918,16.83729
1291.15820,-0.00168,-1.88328,56.01138,12.21294,11.16622,15.79057,16.84165
1291.16820,0.00031,-1.86425,56.04744,12.26394,11.17703,15.76018,16.84629
1291.17820,0.00031,-1.86425,56.04744,12.26394,11.17703,15.76018,16.84629
1291.18820,0.02257,-1.90610,56.01976,12.21270,11.11387,15.82638,16.86681
1291.19820,0.00649,-1.92814,56.01144,12.17494,11.09403,15.83918,16.90329
1291.20820,-0.00791,-1.92948,56.01219,12.15669,11.10931,15.83918,16.90701
1291.21820,-0.03113,-1.93389,56.02040,12.12354,11.13503,15.84638,16.91545
1291.22820,-0.02829,-1.93986,56.03973,12.11687,11.13503,15.86638,16.92145
1291.23820,-0.03819,-1.94728,56.06038,12.10467,11.13756,15.87608,16.94207
1291.24820,-0.07260,-1.96929,56.12044,12.06694,11.14603,15.89918,17.00829
1291.25820,-0.08695,-1.96845,56.09950,12.04894,11.15742,15.88816,17.00498
1291.26820,-0.09608,-1.96712,56.09263,12.03757,11.16923,15.88428,17.00155
1291.27820,-0.05511,-1.96739,56.16945,12.08922,11.14870,15.92401,17.00751
1291.28820,-0.05636,-1.96673,56.10696,12.07503,11.13867,15.90542,16.98785
1291.29820,-0.07338,-1.96680,55.87153,12.00794,11.10816,15.83315,16.92229
1291.30820,-0.05513,-1.97687,55.85889,12.00794,11.07827,15.85039,16.92229
1291.31820,-0.04582,-1.98200,55.85244,12.00794,11.06303,15.85918,16.92229
1291.32820,-0.05642,-1.98164,55.94513,12.02394,11.08621,15.87573,16.95925
1291.33820,-0.06500,-1.98135,56.02044,12.03694,11.10503,15.88918,16.98929
1291.34820,-0.08294,-2.00086,55.98538,11.98225,11.09732,15.90320,17.00261
1291.35820,-0.08559,-1.98512,56.05850,12.02406,11.12437,15.89438,17.01569
1291.36820,-0.08384,-1.97668,56.08944,12.04694,11.13503,15.88918,17.01829
1291.37820,-0.06644,-1.99643,56.11967,12.01818,11.12766,15.95554,17.01829
1291.38820,-0.07737,-2.02473,56.13537,12.00794,11.07471,15.95945,17.09327
1291.39820,-0.07760,-2.02501,56.13544,12.00794,11.07403,15.95918,17.09429
1291.40820,-0.12070,-2.01423,56.15029,11.94954,11.16509,15.96908,17.06657
1291.41820,-0.12115,-2.01412,56.15044,11.94894,11.16603,15.96918,17.06629
1291.42820,-0.03251,-2.03182,56.07644,11.99794,11.04303,15.99818,17.03729
1291.43820,-0.06612,-2.02126,56.18324,12.00765,11.10323,15.99818,17.07418
1291.44820,-0.06712,-2.02094,56.18644,12.00794,11.10503,15.99818,17.07529
1291.45820,-0.08182,-2.00009,56.10560,11.98214,11.14889,15.96464,17.00993
1291.46820,-0.07368,-2.01108,56.03224,11.96160,11.11217,15.95918,16.99929
1291.47820,-0.07196,-2.01343,56.02244,11.95894,11.10503,15.95918,16.99929
1291.48820,-0.04164,-1.98811,56.09726,12.07030,11.08676,15.92438,17.01582
1291.49820,-0.03712,-1.98434,56.10844,12.08694,11.08403,15.91918,17.01829
1291.50820,-0.05063,-1.98686,56.04044,12.05837,11.07832,15.89632,17.00743
1291.51820,-0.05866,-1.99340,56.13033,12.00847,11.14922,15.98065,16.99199
1291.52820,-0.05788,-1.99511,56.18244,11.99794,11.17703,16.01818,16.98929
1291.53820,-0.06909,-1.98367,56.16829,12.02029,11.17703,15.97423,16.99674
1291.54820,-0.05529,-2.00082,56.23403,12.01323,11.16895,16.03197,17.01987
1291.55820,-0.04895,-2.00839,56.25944,12.00794,11.16603,16.05818,17.02729
1291.56820,-0.06124,-1.98815,56.22270,12.02215,11.18661,16.00968,17.00426
1291.57820,-0.07406,-1.96704,56.18444,12.03694,11.20803,15.95918,16.98029
1291.58820,-0.04366,-1.99155,56.12738,12.01554,11.14548,15.99155,16.97480
1291.59820,-0.05861,-2.01303,56.06374,11.97622,11.10573,15.97976,17.00203
1291.60820,-0.09046,-2.01405,56.05044,11.95894,11.11503,15.94918,17.02729
1291.61820,-0.07291,-2.01934,56.02975,11.95894,11.09352,15.96159,17.01570
1291.62820,-0.05788,-2.01836,55.98672,11.95894,11.07822,15.95958,16.98998
1291.63820,-0.06815,-2.00953,55.97244,11.95894,11.09403,15.93918,16.98029
1291.64820,-0.03814,-2.02987,55.96177,11.93953,11.05910,15.99206,16.97107
1291.65820,-0.03756,-2.04951,56.01202,11.91894,11.05209,16.03848,17.00250
1291.66820,-0.06477,-2.04375,56.09282,11.93432,11.08403,16.02818,17.04629
1291.67820,-0.05263,-2.03623,56.12420,11.96570,11.08403,16.02818,17.04629
1291.68820,-0.02933,-2.03454,56.11265,11.98404,11.06512,16.03428,17.02921
1291.69820,-0.01744,-2.03533,56.09744,11.98794,11.05303,16.03818,17.01829
1291.70820,-0.03193,-2.03442,56.15127,11.96656,11.09875,16.06767,17.01829
1291.71820,-0.02864,-2.03530,56.10450,11.95161,11.09232,16.06353,16.99704
1291.72820,-0.02556,-2.03574,56.08044,11.94894,11.08403,16.05818,16.98929
1291.73820,-0.02012,-2.02990,56.15491,11.96369,11.11427,16.08767,16.98929
1291.74820,-0.04076,-1.99542,56.10355,12.02639,11.11530,15.97257,16.98929
1291.75820,-0.04039,-1.99555,56.09079,12.02390,11.11220,15.96918,16.98551
1291.76820,-0.03409,-2.00203,56.02244,11.99794,11.09403,15.96918,16.96129
1291.77820,-0.03117,-2.00391,56.02743,11.99538,11.09403,15.97801,16.96001
1291.78820,-0.02093,-2.00940,56.06713,11.98537,11.10690,16.02110,16.95376
1291.79820,-0.05026,-1.98722,56.08444,12.00794,11.14603,15.96918,16.96129
1291.80820,-0.03972,-1.98433,56.06140,12.00554,11.14603,15.97374,16.93609
1291.81820,-0.00727,-1.97559,55.99105,11.99794,11.14603,15.98818,16.85889
1291.82820,-0.01147,-1.97742,56.00190,11.99794,11.14603,15.98818,16.86975
1291.83820,-0.00298,-1.98766,55.91294,12.00014,11.08195,15.95248,16.87837
1291.84820,-0.02016,-1.97677,56.04644,12.01794,11.14603,15.97918,16.90329
1291.85820,-0.01613,-1.97200,56.04251,12.02456,11.14951,15.97581,16.89262
1291.86820,0.01318,-1.93635,56.00111,12.07014,11.17436,15.94746,16.80915
1291.87820,-0.00680,-1.95261,55.92164,12.01782,11.15383,15.93421,16.81577
1291.88820,-0.01441,-1.95879,55.89144,11.99794,11.14603,15.92918,16.81829
1291.89820,-0.00085,-1.92758,55.97444,12.03694,11.21803,15.94918,16.77029
1291.90820,-0.00085,-1.92758,55.97444,12.03694,11.21803,15.94918,16.77029
1291.91820,0.05239,-1.93572,55.87573,12.06597,11.12803,15.93950,16.74222
1291.92820,0.00787,-1.94731,55.97902,12.03904,11.16938,15.96064,16.80996
1291.93820,-0.01051,-1.95181,56.02144,12.02794,11.18703,15.96918,16.83729
1291.94820,0.00249,-1.95033,55.88689,12.02794,11.13490,15.91873,16.80533
1291.95820,0.02211,-1.96787,55.90401,12.01925,11.10766,15.96130,16.81579
1291.96820,0.02471,-1.97057,55.91044,12.01794,11.10503,15.96918,16.81829
1291.97820,0.00742,-1.94364,55.92484,12.06042,11.13455,15.91158,16.81829
1291.98820,0.02153,-1.95681,55.96345,12.05088,11.12779,15.95867,16.82610
1291.99820,0.02468,-1.96038,55.96844,12.04694,11.12503,15.96918,16.82729
1292.00820,0.02188,-1.95152,55.97568,12.05900,11.13770,15.95712,16.82186
1292.01820,0.02003,-1.94570,55.98044,12.06694,11.14603,15.94918,16.81829
1292.02820,0.04173,-1.96504,55.82984,12.02554,11.07763,15.94318,16.78349
1292.03820,0.03920,-1.98018,55.78126,11.98736,11.05868,15.95378,16.78145
1292.04820,0.00961,-1.98398,55.87144,11.96894,11.10503,15.97918,16.81829
1292.05820,0.00789,-1.98243,55.87262,11.97175,11.10651,15.97475,16.81962
1292.06820,-0.00019,-1.97197,55.91830,12.00007,11.12271,15.95883,16.83669
1292.07820,0.00533,-1.96736,56.03644,12.03694,11.14603,15.98818,16.86529
1292.08820,0.00649,-1.95535,56.05600,12.05914,11.16146,15.97727,16.85814
1292.09820,0.00841,-1.93545,56.08844,12.09594,11.18703,15.95918,16.84629
1292.10820,0.00880,-1.94642,56.00293,12.06327,11.15725,15.94957,16.83284
1292.11820,0.01747,-1.94335,55.98213,12.06022,11.15922,15.95342,16.80927
1292.12820,0.02657,-1.92683,56.06144,12.09594,11.19703,15.96918,16.79929
1292.13820,0.02657,-1.92683,56.06144,12.09594,11.19703,15.96918,16.79929
1292.14820,0.00447,-1.92399,56.07181,12.09682,11.20743,15.94487,16.82270
1292.15820,-0.03098,-1.91595,56.05244,12.07694,11.23903,15.90918,16.82729
1292.16820,-0.03098,-1.91595,56.05244,12.07694,11.23903,15.90918,16.82729
1292.17820,0.01036,-1.88811,56.00344,12.13594,11.22803,15.87918,16.76029
1292.18820,-0.00189,-1.89653,55.94944,12.10390,11.21687,15.86838,16.76029
1292.19820,-0.02121,-1.90481,55.86568,12.06110,11.20447,15.84438,16.75573
1292.20820,-0.01422,-1.88612,55.89968,12.10043,11.22514,15.83105,16.74306
1292.21820,-0.01405,-1.89101,55.88903,12.08570,11.22343,15.84068,16.73922
1292.22820,-0.01792,-1.92589,55.85440,12.01562,11.19363,15.88847,16.75668
1292.23820,-0.02176,-1.95792,55.91044,12.00794,11.14603,15.91918,16.83729
1292.24820,-0.02093,-1.95343,55.88908,12.01274,11.14339,15.90478,16.82817
1292.25820,-0.01831,-1.93919,55.82144,12.02794,11.13503,15.85918,16.79929
1292.26820,-0.01178,-1.94718,55.86859,12.02794,11.13503,15.89115,16.81447
1292.27820,0.00896,-1.97631,56.04131,12.02794,11.13503,16.00431,16.87403
1292.28820,0.00458,-1.98717,56.10598,12.02794,11.13503,16.03098,16.91203
1292.29820,0.00377,-1.99138,56.12636,12.02697,11.13406,16.04110,16.92423
1292.30820,0.00718,-2.00302,56.15291,12.01812,11.12521,16.06765,16.94193
1292.31820,-0.00085,-1.99276,56.21444,12.02794,11.16603,16.07818,16.94229
1292.32820,0.00034,-1.99010,56.20894,12.03223,11.16603,16.07268,16.93800
1292.33820,0.00995,-1.96856,56.16444,12.06694,11.16603,16.02818,16.90329
1292.34820,0.01108,-1.96942,56.14992,12.06408,11.16075,16.02525,16.89984
1292.35820,0.02141,-1.97732,56.01792,12.03808,11.11275,15.99858,16.86851
1292.36820,-0.03412,-1.95787,55.92868,12.02794,11.13373,15.89232,16.87468
1292.37820,-0.03608,-1.95713,55.92744,12.02794,11.13503,15.88918,16.87529
1292.38820,-0.02956,-1.95562,56.06758,12.01814,11.20657,15.97738,16.86549
1292.39820,-0.05661,-1.95179,56.06057,12.03044,11.20080,15.92656,16.90278
1292.40820,-0.07076,-1.94981,56.05544,12.03694,11.19703,15.89918,16.92229
1292.41820,-0.05526,-1.93351,56.00298,12.05524,11.19703,15.87478,16.87593
1292.42820,-0.08789,-1.93106,56.00616,12.03644,11.22318,15.85296,16.89359
1292.43820,-0.11368,-1.93590,56.02844,12.01794,11.23903,15.84918,16.92229
1292.44820,-0.10549,-1.93493,56.07471,12.02689,11.25168,15.87386,16.92229
1292.45820,-0.09231,-1.93336,56.14934,12.04131,11.27208,15.91366,16.92229
1292.46820,-0.11992,-1.91283,56.07637,12.03646,11.29714,15.84642,16.89636
1292.47820,-0.12303,-1.89699,55.99282,12.03965,11.29809,15.79766,16.85742
1292.48820,-0.10834,-1.89724,55.99244,12.04694,11.29003,15.80918,16.84629
1292.49820,-0.10530,-1.88894,55.94009,12.08307,11.25243,15.75093,16.85366
1292.50820,-0.12265,-1.91569,55.79542,12.02414,11.18555,15.71553,16.87021
1292.51820,-0.12940,-1.92657,55.74944,11.99794,11.16603,15.71018,16.87529
1292.52820,-0.13550,-1.91767,55.82444,12.00529,11.21162,15.73224,16.87529
1292.53820,-0.13769,-1.91448,55.85144,12.00794,11.22803,15.74018,16.87529
1292.54820,-0.13865,-1.91607,55.86654,12.00147,11.23688,15.75291,16.87529
1292.55820,-0.13930,-1.91980,55.93841,12.00824,11.25085,15.78100,16.89832
1292.56820,-0.13745,-1.91846,55.94944,12.02794,11.23903,15.76918,16.91329
1292.57820,-0.11888,-1.92504,55.91345,12.01574,11.22012,15.78748,16.89011
1292.58820,-0.14145,-1.95081,55.86157,11.95457,11.19660,15.79373,16.91668
1292.59820,-0.17029,-1.96886,55.83744,11.90994,11.18703,15.78918,16.95129
1292.60820,-0.15744,-1.95839,55.88203,11.93395,11.20712,15.80388,16.93708
1292.61820,-0.14408,-1.94751,55.92844,11.95894,11.22803,15.81918,16.92229
1292.62820,-0.16035,-1.95317,55.89244,11.94130,11.21687,15.79794,16.93633
1292.63820,-0.17475,-1.96055,55.86635,11.92874,11.20054,15.77898,16.95810
1292.64820,-0.14364,-1.95480,55.94744,11.96894,11.20803,15.81918,16.95129
1292.65820,-0.14617,-1.96425,55.85864,11.94341,11.17362,15.79735,16.94426
1292.66820,-0.15075,-1.97809,55.76642,11.90360,11.14141,15.78546,16.93595
1292.67820,-0.15121,-1.97409,55.86844,11.90994,11.18703,15.82918,16.94229
1292.68820,-0.14746,-1.97137,55.80796,11.90274,11.17587,15.81118,16.91817
1292.69820,-0.14078,-1.96653,55.70044,11.88994,11.15603,15.77918,16.87529
1292.70820,-0.14229,-1.96936,55.71741,11.88778,11.15830,15.78783,16.88350
1292.71820,-0.15485,-1.99277,55.85576,11.86962,11.17634,15.85851,16.95129
1292.72820,-0.16564,-2.00439,55.70644,11.84094,11.11503,15.79918,16.95129
1292.73820,-0.16647,-2.00252,55.74196,11.85270,11.12247,15.80398,16.96281
1292.74820,-0.18181,-2.00004,55.88756,11.88034,11.16091,15.82878,17.01753
1292.75820,-0.22202,-2.01084,55.99244,11.84994,11.20803,15.85918,17.07529
1292.76820,-0.22202,-2.01084,55.99244,11.84994,11.20803,15.85918,17.07529
1292.77820,-0.19569,-1.99657,56.00444,11.87994,11.21803,15.86918,17.03729
1292.78820,-0.19569,-1.99657,56.00444,11.87994,11.21803,15.86918,17.03729
1292.79820,-0.20344,-1.97288,55.97412,11.91085,11.23277,15.81322,17.01728
1292.80820,-0.16143,-1.98881,55.95344,11.91894,11.17703,15.84918,17.00829
1292.81820,-0.16143,-1.98881,55.95344,11.91894,11.17703,15.84918,17.00829
1292.82820,-0.23288,-1.96972,55.89043,11.85434,11.26244,15.79028,16.98337
1292.83820,-0.23557,-1.96032,55.98744,11.88994,11.29003,15.79918,17.00829
1292.84820,-0.22850,-1.95739,55.98664,11.89869,11.28816,15.79918,17.00061
1292.85820,-0.15774,-1.92803,55.97860,11.98619,11.26941,15.79918,16.92382
1292.86820,-0.16002,-1.92819,55.97246,11.98363,11.26903,15.79575,16.92405
1292.87820,-0.19363,-1.93495,55.91806,11.94443,11.26903,15.76455,16.94005
1292.88820,-0.21406,-1.94343,56.01989,11.94763,11.28728,15.78537,16.99962
1292.89820,-0.21644,-1.94457,56.03644,11.94894,11.29003,15.78918,17.00829
1292.90820,-0.21989,-1.96630,55.92864,11.90092,11.24005,15.77938,17.00829
1292.91820,-0.25291,-1.98930,56.01256,11.86034,11.25883,15.81878,17.07461
1292.92820,-0.25324,-1.98953,56.01344,11.85994,11.25903,15.81918,17.07529
1292.93820,-0.26678,-1.97743,56.01014,11.84740,11.29995,15.81258,17.05021
1292.94820,-0.27375,-1.97119,56.00844,11.84094,11.32103,15.80918,17.03729
1292.95820,-0.21415,-1.98908,55.83530,11.84094,11.20561,15.80057,16.98819
1292.96820,-0.20845,-1.98298,55.81595,11.84860,11.20491,15.79067,16.97177
1292.97820,-0.20914,-1.98141,55.81744,11.84994,11.20803,15.78918,16.97029
1292.98820,-0.20673,-1.97261,55.85540,11.86454,11.23066,15.79648,16.96372
1292.99820,-0.19204,-2.01329,55.89451,11.83381,11.17783,15.86554,17.01733
1293.00820,-0.18713,-2.02893,55.90344,11.82094,11.15603,15.88918,17.03729
1293.01820,-0.19866,-2.01873,55.93348,11.82827,11.18607,15.88185,17.03729
1293.02820,-0.20286,-2.01501,55.94444,11.83094,11.19703,15.87918,17.03729
1293.03820,-0.20600,-2.01630,55.87099,11.81276,11.18182,15.85692,17.01948
1293.04820,-0.21706,-2.04766,55.84670,11.75174,11.15603,15.89166,17.04727
1293.05820,-0.22079,-2.06673,55.91244,11.73194,11.15603,15.93918,17.08529
1293.06820,-0.19736,-2.06001,55.90032,11.76224,11.13725,15.93312,17.06771
1293.07820,-0.18418,-2.05633,55.89777,11.77226,11.13520,15.93886,17.05145
1293.08820,-0.18636,-2.05707,55.90344,11.76194,11.14603,15.94918,17.04629
1293.09820,-0.19009,-2.06096,55.85444,11.75224,11.12614,15.92977,17.04629
1293.10820,-0.16653,-2.06941,55.73092,11.74194,11.06519,15.90918,17.01461
1293.11820,-0.12535,-2.07302,55.68224,11.75634,11.02203,15.92358,16.98029
1293.12820,-0.14461,-2.06244,55.81424,11.77674,11.08155,15.94398,17.01197
1293.13820,-0.17855,-2.05226,55.92344,11.78194,11.14603,15.94918,17.04629
1293.14820,-0.17855,-2.05226,55.92344,11.78194,11.14603,15.94918,17.04629
1293.15820,-0.15847,-2.07145,55.90412,11.74929,11.12371,15.99818,17.03295
1293.16820,-0.15181,-2.06232,55.93244,11.77194,11.13503,15.99818,17.02729
1293.17820,-0.14501,-2.06354,55.94219,11.77806,11.12991,16.00568,17.02854
1293.18820,-0.12614,-2.06693,55.96927,11.79508,11.11567,16.02651,17.03201
1293.19820,-0.10728,-2.07031,55.99636,11.81209,11.10144,16.04735,17.03548
1293.20820,-0.10930,-2.06192,56.00462,11.81730,11.12022,16.04363,17.02347
1293.21820,-0.12999,-2.04416,55.99444,11.81094,11.16603,16.01818,16.99929
1293.22820,-0.11733,-2.03939,55.99048,11.83938,11.14767,16.00414,16.99929
1293.23820,-0.09806,-2.03159,55.96292,11.86870,11.12619,15.98602,16.98201
1293.24820,-0.10382,-2.03278,55.92644,11.83094,11.14603,15.99818,16.95129
1293.25820,-0.10382,-2.03278,55.92644,11.83094,11.14603,15.99818,16.95129
1293.26820,-0.06661,-1.99354,56.04371,11.95603,11.16558,15.97961,16.94249
1293.27820,-0.06575,-1.99263,56.04644,11.95894,11.16603,15.97918,16.94229
1293.28820,-0.06022,-2.03211,55.93181,11.87707,11.10378,16.01105,16.93991
1293.29820,-0.06934,-2.01401,55.95544,11.89994,11.13503,15.98818,16.93229
1293.30820,-0.07093,-2.02073,55.93144,11.88806,11.12054,15.98604,16.93680
1293.31820,-0.08167,-2.02824,55.86125,11.86264,11.09869,15.96262,16.93730
1293.32820,-0.10611,-1.96695,55.89085,11.91784,11.20589,15.89062,16.87650
1293.33820,-0.10660,-1.96573,55.89144,11.91894,11.20803,15.88918,16.87529
1293.34820,-0.09664,-2.03090,55.94632,11.83270,11.15707,16.01560,16.94095
1293.35820,-0.09643,-2.03223,55.94744,11.83094,11.15603,16.01818,16.94229
1293.36820,-0.07329,-1.98726,55.92578,11.92575,11.16262,15.94248,16.89493
1293.37820,-0.03614,-1.99316,55.83144,11.89994,11.13503,15.96918,16.82729
1293.38820,-0.03630,-1.99125,55.83783,11.90293,11.13936,15.96918,16.82636
1293.39820,-0.04051,-1.97510,55.91100,11.93152,11.18056,15.97168,16.82724
1293.40820,-0.06241,-1.97869,56.04610,11.95139,11.20772,15.99088,16.89611
1293.41820,-0.07070,-1.98005,56.09744,11.95894,11.21803,15.99818,16.92229
1293.42820,-0.02134,-1.98713,55.98944,11.94894,11.16603,16.01818,16.85629
1293.43820,-0.02134,-1.98713,55.98944,11.94894,11.16603,16.01818,16.85629
1293.44820,-0.00524,-2.00994,55.90903,11.92957,11.09628,16.01818,16.86501
1293.45820,-0.03475,-2.00772,55.96660,11.91050,11.14449,16.02788,16.88372
1293.46820,-0.03567,-2.00763,55.96844,11.90994,11.14603,16.02818,16.88429
1293.47820,-0.04764,-2.00805,55.85672,11.90341,11.10553,15.96350,16.88429
1293.48820,-0.01612,-2.00873,55.91862,11.89207,11.14069,16.04643,16.83943
1293.49820,-0.00588,-2.00885,55.95144,11.88994,11.15603,16.07818,16.82729
1293.50820,-0.00707,-2.00253,55.93042,11.89679,11.15603,16.05929,16.81831
1293.51820,-0.00961,-1.98907,55.88570,11.91136,11.15603,16.01908,16.79922
1293.52820,-0.01992,-1.98801,55.83761,11.90280,11.14734,15.99032,16.79715
1293.53820,-0.01999,-1.99604,55.81370,11.88557,11.13503,15.99551,16.79759
1293.54820,-0.01016,-1.99573,55.82244,11.88994,11.13503,16.00818,16.78929
1293.55820,0.02567,-2.00616,55.74424,11.89699,11.07022,16.00818,16.76885
1293.56820,0.03732,-2.01291,55.79270,11.90448,11.06619,16.03996,16.78208
1293.57820,0.03324,-2.01574,55.89044,11.90994,11.09403,16.07818,16.80829
1293.58820,0.03609,-2.01803,55.86846,11.90994,11.07938,16.07085,16.80829
1293.59820,0.03713,-2.01886,55.86044,11.90994,11.07403,16.06818,16.80829
1293.60820,0.03827,-2.01741,55.87973,11.90994,11.08553,16.07931,16.80495
1293.61820,0.02839,-2.01685,55.89414,11.89164,11.11113,16.09208,16.79929
1293.62820,0.02084,-2.01807,55.88244,11.87994,11.11503,16.08818,16.79929
1293.63820,0.03729,-2.00012,55.89333,11.92297,11.12048,16.07184,16.77805
1293.64820,0.03641,-2.00787,55.86346,11.89825,11.11390,16.08045,16.77087
1293.65820,0.02474,-2.02600,55.83244,11.84994,11.10503,16.09818,16.77929
1293.66820,0.01940,-2.00025,55.80904,11.89134,11.11703,16.03818,16.76249
1293.67820,0.01583,-1.98308,55.79344,11.91894,11.12503,15.99818,16.75129
1293.68820,0.01583,-1.98308,55.79344,11.91894,11.12503,15.99818,16.75129
1293.69820,0.05288,-2.00476,55.84678,11.92886,11.08403,16.06273,16.77115
1293.70820,0.07822,-1.99751,55.85244,11.94894,11.08403,16.07818,16.74129
1293.71820,0.07822,-1.99751,55.85244,11.94894,11.08403,16.07818,16.74129
1293.72820,0.04071,-1.99293,55.83521,11.94894,11.08816,16.02116,16.77696
1293.73820,0.07413,-2.00142,55.80210,11.94894,11.05372,16.04765,16.75179
1293.74820,0.08145,-1.99649,55.84104,11.96298,11.06779,16.06258,16.74769
1293.75820,0.06723,-1.99550,55.86500,11.94906,11.09403,16.07018,16.75173
1293.76820,0.02088,-2.00983,55.78244,11.87994,11.09403,16.03818,16.77029
1293.77820,0.02846,-1.99893,55.84054,11.90097,11.12362,16.05600,16.75995
1293.78820,0.04210,-1.97932,55.94544,11.93894,11.17703,16.08818,16.74129
1293.79820,0.03719,-1.98707,55.92988,11.93540,11.15511,16.07757,16.76179
1293.80820,0.03098,-1.99833,55.90144,11.93254,11.11863,16.05818,16.79209
1293.81820,0.03594,-1.99311,55.90144,11.93894,11.12503,16.05818,16.77929
1293.82820,0.04037,-1.99182,55.89953,11.93894,11.12742,16.06295,16.77023
1293.83820,0.05269,-1.98823,55.89423,11.93894,11.13404,16.07619,16.74506
1293.84820,0.05643,-1.99044,55.87021,11.93664,11.12100,16.07128,16.74129
1293.85820,0.05383,-1.99661,55.82004,11.93124,11.09059,16.04818,16.75003
1293.86820,0.02393,-1.98640,55.91244,11.93894,11.14603,16.04818,16.77929
1293.87820,0.02393,-1.98640,55.91244,11.93894,11.14603,16.04818,16.77929
1293.88820,0.05156,-1.99100,56.06126,11.98310,11.15200,16.11428,16.81188
1293.89820,0.07850,-2.02254,55.93344,11.89994,11.10503,16.16818,16.76029
1293.90820,0.07304,-2.01622,55.95161,11.91351,11.11446,16.15668,16.76696
1293.91820,0.05481,-1.99506,56.01244,11.95894,11.14603,16.11818,16.78929
1293.92820,0.05280,-1.99749,55.97834,11.94915,11.13580,16.10828,16.78511
1293.93820,0.02979,-2.02008,55.70662,11.86235,11.05534,16.02928,16.75965
1293.94820,-0.02416,-2.04325,55.74044,11.80094,11.07403,16.03818,16.82729
1293.95820,-0.02267,-2.04204,55.74064,11.80296,11.07504,16.03818,16.82446
1293.96820,-0.01024,-2.03259,55.73992,11.81918,11.08163,16.03759,16.80151
1293.97820,-0.01789,-2.04420,55.71705,11.80323,11.05983,16.03228,16.82172
1293.98820,-0.02379,-2.05314,55.69944,11.79094,11.04303,16.02818,16.83729
1293.99820,-0.02877,-2.04497,55.71227,11.80335,11.05586,16.01577,16.83729
1294.00820,-0.03582,-2.03339,55.73044,11.82094,11.07403,15.99818,16.83729
1294.01820,0.01444,-2.06101,55.69908,11.81114,11.00347,16.05698,16.82749
1294.02820,-0.00306,-2.08760,55.83286,11.79359,11.01071,16.11889,16.90968
1294.03820,-0.00589,-2.09157,55.85344,11.79094,11.01203,16.12818,16.92229
1294.04820,-0.07739,-2.06818,55.88340,11.79094,11.08161,16.05088,16.95997
1294.05820,-0.05023,-2.06493,55.84855,11.78221,11.08403,16.07728,16.90503
1294.06820,-0.04931,-2.06485,55.84744,11.78194,11.08403,16.07818,16.90329
1294.07820,-0.01990,-2.05347,55.83041,11.83459,11.05229,16.05495,16.88858
1294.08820,-0.01132,-2.05014,55.82544,11.84994,11.04303,16.04818,16.88429
1294.09820,-0.03810,-2.04156,55.77835,11.80874,11.08592,16.03136,16.85233
1294.10820,-0.05512,-2.07288,55.71665,11.74219,11.05061,16.04521,16.87864
1294.11820,-0.05721,-2.07863,55.70744,11.73194,11.04303,16.04818,16.88429
1294.12820,-0.07503,-2.06880,55.71934,11.73761,11.06627,16.02551,16.88995
1294.13820,-0.08676,-2.06660,55.76249,11.72822,11.09870,16.04129,16.89429
1294.14820,-0.08466,-2.07251,55.80044,11.71294,11.11503,16.07818,16.89429
1294.15820,-0.11589,-2.07426,55.83120,11.71294,11.12335,16.05324,16.94168
1294.16820,-0.12221,-2.07461,55.83744,11.71294,11.12503,16.04818,16.95129
1294.17820,-0.12016,-2.08480,55.84830,11.70489,11.11256,16.06427,16.96657
1294.18820,-0.10729,-2.09015,55.86113,11.70397,11.10562,16.08818,16.96336
1294.19820,-0.09930,-2.08220,55.85844,11.71294,11.11503,16.08818,16.94229
1294.20820,-0.15627,-2.09795,55.81086,11.64841,11.12155,16.05559,16.98530
1294.21820,-0.14919,-2.11802,55.78824,11.60062,11.11101,16.10128,16.97533
1294.22820,-0.13318,-2.12299,55.78944,11.59494,11.10503,16.12818,16.96129
1294.23820,-0.14375,-2.13299,55.75805,11.58034,11.08240,16.11358,16.98173
1294.24820,-0.14766,-2.13669,55.74644,11.57494,11.07403,16.10818,16.98929
1294.25820,-0.11551,-2.11975,55.88275,11.63244,11.11344,16.15986,16.97701
1294.26820,-0.12753,-2.12189,55.81824,11.62854,11.08583,16.11618,16.98769
1294.27820,-0.14732,-2.12952,55.72544,11.60494,11.05303,16.06818,16.99929
1294.28820,-0.16853,-2.13903,55.69645,11.55723,11.06572,16.07422,16.99929
1294.29820,-0.15366,-2.16017,55.79384,11.54934,11.06143,16.14958,17.03349
1294.30820,-0.13454,-2.17006,55.87144,11.56494,11.05303,16.19718,17.05629
1294.31820,-0.13887,-2.16598,55.84015,11.56227,11.05303,16.17873,17.04612
1294.32820,-0.15074,-2.15478,55.75444,11.55494,11.05303,16.12818,17.01829
1294.33820,-0.15348,-2.15579,55.76225,11.54819,11.06049,16.13528,17.01829
1294.34820,-0.14966,-2.16268,55.76736,11.53070,11.06321,16.16023,17.01322
1294.35820,-0.10809,-2.18663,55.72444,11.50594,11.01203,16.21718,16.98929
1294.36820,-0.12673,-2.17569,55.74831,11.52576,11.02862,16.18522,17.00870
1294.37820,-0.14493,-2.16794,55.78819,11.54117,11.04829,16.16619,17.03254
1294.38820,-0.13473,-2.17718,55.79344,11.52594,11.04303,16.19718,17.02729
1294.39820,-0.13473,-2.17718,55.79344,11.52594,11.04303,16.19718,17.02729
1294.40820,-0.13834,-2.20589,55.74444,11.44694,11.03203,16.24718,17.01829
1294.41820,-0.12909,-2.20088,55.74794,11.46409,11.02853,16.24368,17.01164
1294.42820,-0.13456,-2.20053,55.75691,11.47508,11.02203,16.23011,17.02969
1294.43820,-0.17596,-2.21687,55.76144,11.43694,11.02203,16.21718,17.08529
1294.44820,-0.16437,-2.21470,55.74828,11.43694,11.02203,16.22558,17.06373
1294.45820,-0.13719,-2.20871,55.72364,11.43694,11.02675,16.24833,17.01162
1294.46820,-0.15762,-2.20555,55.79444,11.43694,11.06303,16.25718,17.03729
1294.47820,-0.14307,-2.20416,55.78541,11.44407,11.05567,16.26431,17.02137
1294.48820,-0.09638,-2.19969,55.75644,11.46694,11.03203,16.28718,16.97029
1294.49820,-0.09638,-2.19969,55.75644,11.46694,11.03203,16.28718,16.97029
1294.50820,-0.11424,-2.22545,55.63430,11.39319,10.99365,16.27718,16.97029
1294.51820,-0.12345,-2.22713,55.62744,11.37794,11.00203,16.27718,16.97029
1294.52820,-0.12299,-2.22580,55.62318,11.37794,11.00356,16.27566,16.96602
1294.53820,-0.12097,-2.22003,55.60463,11.37794,11.01018,16.26903,16.94748
1294.54820,-0.09493,-2.23906,55.69244,11.42694,10.95003,16.29718,17.01829
1294.55820,-0.09493,-2.23906,55.69244,11.42694,10.95003,16.29718,17.01829
1294.56820,-0.08358,-2.25017,55.66508,11.39861,10.94026,16.32649,16.99972
1294.57820,-0.08250,-2.25012,55.66234,11.39994,10.93793,16.32518,16.99929
1294.58820,-0.07531,-2.24651,55.65395,11.41592,10.92742,16.31425,16.99636
1294.59820,-0.07658,-2.23869,55.74744,11.39794,11.00203,16.37718,16.97029
1294.60820,-0.07658,-2.23869,55.74744,11.39794,11.00203,16.37718,16.97029
1294.61820,-0.07043,-2.23055,55.72629,11.41434,10.99704,16.35817,16.95674
1294.62820,-0.04232,-2.21502,55.66465,11.45774,10.96677,16.32018,16.91996
1294.63820,-0.01446,-2.25060,55.68544,11.42694,10.91903,16.39718,16.94229
1294.64820,-0.01321,-2.24551,55.70555,11.43499,10.93150,16.40080,16.93826
1294.65820,-0.01134,-2.23795,55.73544,11.44694,10.95003,16.40618,16.93229
1294.66820,-0.02616,-2.22459,55.76271,11.46821,10.97240,16.37945,16.94265
1294.67820,-0.08442,-2.23166,55.74847,11.42655,10.99103,16.33900,16.99189
1294.68820,-0.11430,-2.24350,55.72444,11.38794,10.99103,16.32718,17.01829
1294.69820,-0.08987,-2.25301,55.67522,11.38794,10.94806,16.33411,17.00512
1294.70820,-0.03718,-2.24369,55.70102,11.43291,10.93620,16.36977,16.96213
1294.71820,-0.01484,-2.23647,55.72644,11.45694,10.94003,16.38718,16.94229
1294.72820,-0.01485,-2.23463,55.69684,11.44954,10.94003,16.37978,16.92749
1294.73820,-0.01485,-2.23398,55.68644,11.44694,10.94003,16.37718,16.92229
1294.74820,0.01954,-2.25664,55.81802,11.48908,10.89531,16.44512,16.98851
1294.75820,0.00467,-2.26216,55.70831,11.42101,10.90591,16.43915,16.94224
1294.76820,0.00109,-2.26248,55.68544,11.40794,10.90903,16.43618,16.93229
1294.77820,0.00600,-2.27026,55.61549,11.39647,10.87349,16.41898,16.92655
1294.78820,0.00514,-2.28412,55.54138,11.35949,10.84703,16.41779,16.91706
1294.79820,0.00187,-2.28994,55.52544,11.33894,10.84703,16.42618,16.91329
1294.80820,0.01339,-2.27730,55.61128,11.40406,10.84703,16.41878,16.94141
1294.81820,0.01743,-2.27287,55.64144,11.42694,10.84703,16.41618,16.95129
1294.82820,0.01139,-2.28190,55.59141,11.40213,10.82979,16.40819,16.95129
1294.83820,0.00321,-2.29413,55.52379,11.36861,10.80650,16.39740,16.95129
1294.84820,0.03775,-2.30530,55.51144,11.36794,10.77503,16.43618,16.93229
1294.85820,0.01561,-2.29331,55.58037,11.36794,10.83176,16.44228,16.93839
1294.86820,-0.01338,-2.30251,55.66264,11.36794,10.84215,16.44618,17.00637
1294.87820,-0.02263,-2.31300,55.68644,11.36794,10.82603,16.44618,17.04629
1294.88820,-0.03228,-2.31321,55.67953,11.35208,10.83864,16.44618,17.04263
1294.89820,-0.04636,-2.31350,55.66944,11.32894,10.85703,16.44618,17.03729
1294.90820,-0.02089,-2.29904,55.69029,11.36239,10.86722,16.45588,17.00480
1294.91820,-0.00310,-2.28659,55.66829,11.38339,10.86785,16.44677,16.97029
1294.92820,-0.01292,-2.28968,55.62144,11.36794,10.85703,16.42618,16.97029
1294.93820,-0.01292,-2.28968,55.62144,11.36794,10.85703,16.42618,16.97029
1294.94820,0.00215,-2.29249,55.62401,11.36215,10.85698,16.45262,16.95227
1294.95820,0.00265,-2.29787,55.62144,11.36794,10.83703,16.44618,16.97029
1294.96820,-0.00016,-2.30373,55.58688,11.33986,10.83703,16.45338,16.95661
1294.97820,-0.00515,-2.31416,55.52544,11.28994,10.83703,16.46618,16.93229
1294.98820,-0.00500,-2.31466,55.53233,11.29549,10.83301,16.46427,16.93956
1294.99820,-0.00458,-2.31605,55.55148,11.31092,10.82184,16.45895,16.95978
1295.00820,0.02185,-2.32250,55.59234,11.35149,10.78183,16.47273,16.98629
1295.01820,0.04313,-2.32714,55.61744,11.37794,10.75403,16.48618,16.99929
1295.02820,0.02928,-2.33231,55.65436,11.33684,10.79722,16.52798,16.99232
1295.03820,0.08449,-2.32615,55.53031,11.34411,10.75562,16.52940,16.90118
1295.04820,0.09201,-2.32501,55.51400,11.35198,10.74403,16.52298,16.89501
1295.05820,0.07427,-2.32700,55.55800,11.36465,10.74403,16.50965,16.93967
1295.06820,0.06778,-2.32421,55.56328,11.36794,10.74964,16.50068,16.94502
1295.07820,0.05553,-2.29807,55.51465,11.36794,10.79393,16.46058,16.89220
1295.08820,0.07947,-2.30332,55.52444,11.36794,10.78503,16.49618,16.87529
1295.09820,0.08162,-2.30355,55.51454,11.36904,10.77942,16.49288,16.87320
1295.10820,0.10096,-2.30600,55.45188,11.38238,10.73514,16.47285,16.86151
1295.11820,0.11559,-2.31060,55.59144,11.41794,10.74403,16.52618,16.90329
1295.12820,0.11559,-2.31060,55.59144,11.41794,10.74403,16.52618,16.90329
1295.13820,0.07977,-2.30067,55.58344,11.38794,10.79503,16.50618,16.89429
1295.14820,0.07977,-2.30067,55.58344,11.38794,10.79503,16.50618,16.89429
1295.15820,0.09612,-2.32710,55.61970,11.38794,10.74505,16.54538,16.94133
1295.16820,0.09435,-2.31863,55.72438,11.34933,10.84599,16.63428,16.89477
1295.17820,0.09433,-2.31854,55.72544,11.34894,10.84703,16.63518,16.89429
1295.18820,0.16512,-2.31184,55.62826,11.43322,10.74039,16.59304,16.86161
1295.19820,0.14916,-2.29904,55.63136,11.42974,10.77635,16.57758,16.84769
1295.20820,0.14469,-2.29713,55.63444,11.42694,10.78503,16.57618,16.84629
1295.21820,0.13620,-2.29808,55.45198,11.39883,10.73798,16.50159,16.81358
1295.22820,0.16173,-2.29962,55.41042,11.42160,10.69489,16.49058,16.80335
1295.23820,0.17291,-2.29990,55.44344,11.43694,10.69203,16.50618,16.80829
1295.24820,0.17801,-2.29466,55.44706,11.44530,10.69788,16.50618,16.79770
1295.25820,0.18500,-2.28747,55.45202,11.45675,10.70590,16.50618,16.78320
1295.26820,0.19122,-2.28107,55.45644,11.46694,10.71303,16.50618,16.77029
1295.27820,0.14935,-2.28185,55.47393,11.42762,10.75744,16.50068,16.78819
1295.28820,0.15510,-2.24699,55.52644,11.50594,10.78503,16.45618,16.77929
1295.29820,0.16977,-2.25962,55.52971,11.50185,10.75967,16.48073,16.78747
1295.30820,0.18307,-2.27639,55.51699,11.47218,10.74340,16.52103,16.78038
1295.31820,0.17469,-2.27482,55.49844,11.44694,10.76503,16.52618,16.76029
1295.32820,0.16102,-2.26224,55.53322,11.46163,10.79491,16.51149,16.76518
1295.33820,0.14680,-2.24915,55.56944,11.47694,10.82603,16.49618,16.77029
1295.34820,0.15196,-2.24945,55.57648,11.48971,10.81535,16.49357,16.77785
1295.35820,0.16249,-2.25007,55.59084,11.51578,10.79354,16.48825,16.79327
1295.36820,0.19973,-2.22277,55.68794,11.58694,10.82801,16.51391,16.75908
1295.37820,0.21437,-2.21061,55.72844,11.61394,10.84703,16.52618,16.74129
1295.38820,0.25202,-2.25074,55.56886,11.53924,10.75960,16.56862,16.70139
1295.39820,0.26502,-2.23540,55.60075,11.56450,10.78457,16.57618,16.67550
1295.40820,0.26917,-2.23708,55.65806,11.57738,10.79062,16.59764,16.69242
1295.41820,0.28761,-2.24583,55.91544,11.63394,10.81603,16.69518,16.77029
1295.42820,0.28761,-2.24583,55.91544,11.63394,10.81603,16.69518,16.77029
1295.43820,0.31331,-2.21850,56.21803,11.76444,10.87441,16.75135,16.82783
1295.44820,0.32591,-2.20405,56.39746,11.85473,10.89212,16.76849,16.88212
1295.45820,0.33409,-2.20588,56.43108,11.87212,10.88376,16.77882,16.89638
1295.46820,0.34880,-2.20770,56.33387,11.86005,10.85213,16.76068,16.86101
1295.47820,0.37307,-2.17730,56.24314,11.91171,10.83889,16.69445,16.79809
1295.48820,0.36649,-2.15795,56.18705,11.92537,10.85021,16.64372,16.76775
1295.49820,0.34535,-2.12604,56.09544,11.93894,10.87803,16.55618,16.72229
1295.50820,0.35961,-2.11893,56.01173,11.93627,10.86413,16.53478,16.67655
1295.51820,0.38856,-2.09837,55.76578,11.91693,10.83363,16.46638,16.54884
1295.52820,0.36057,-2.09573,55.72074,11.88448,10.85416,16.43989,16.54221
1295.53820,0.36745,-2.08968,55.75687,11.90643,10.86175,16.44516,16.54353
1295.54820,0.40462,-2.07012,55.90344,11.99794,10.87803,16.47618,16.55129
1295.55820,0.38233,-2.06372,55.90666,11.98897,10.90402,16.45801,16.55566
1295.56820,0.31322,-2.02526,55.93837,11.99735,11.00299,16.37648,16.56155
1295.57820,0.33158,-1.96834,56.00844,12.12594,11.04303,16.30718,16.53229
1295.58820,0.33158,-1.96834,56.00844,12.12594,11.04303,16.30718,16.53229
1295.59820,0.31060,-1.91265,55.95706,12.16253,11.12185,16.21739,16.45529
1295.60820,0.28217,-1.87151,55.99444,12.22394,11.17703,16.13818,16.45529
1295.61820,0.28155,-1.86438,55.99383,12.23495,11.18330,16.12606,16.44953
1295.62820,0.27602,-1.80086,55.98844,12.33294,11.23903,16.01818,16.39829
1295.63820,0.27284,-1.79203,55.96831,12.33943,11.24574,15.99739,16.38575
1295.64820,0.24887,-1.71750,55.80647,12.39627,11.30311,15.82771,16.27937
1295.65820,0.26537,-1.69162,55.81580,12.43560,11.33111,15.81438,16.23471
1295.66820,0.27181,-1.68153,55.81944,12.45094,11.34203,15.80918,16.21729
1295.67820,0.25924,-1.61829,55.77288,12.54600,11.38180,15.67435,16.17073
1295.68820,0.27174,-1.59346,55.77619,12.55845,11.43153,15.67969,16.10652
1295.69820,0.27241,-1.59228,55.77644,12.55894,11.43403,15.68018,16.10329
1295.70820,0.22266,-1.54678,55.99313,12.65907,11.53886,15.62542,16.16978
1295.71820,0.20888,-1.53418,56.05344,12.68694,11.56803,15.61018,16.18829
1295.72820,0.20888,-1.53418,56.05344,12.68694,11.56803,15.61018,16.18829
1295.73820,0.17869,-1.42807,55.86754,12.77890,11.65564,15.38543,16.04757
1295.74820,0.18137,-1.41891,55.84244,12.79494,11.65103,15.36018,16.03629
1295.75820,0.22986,-1.39568,55.88716,12.86288,11.65963,15.37738,15.98727
1295.76820,0.20946,-1.37155,55.82346,12.86939,11.68424,15.31238,15.95745
1295.77820,0.17648,-1.34783,55.74092,12.86410,11.71122,15.23355,15.93205
1295.78820,0.17801,-1.32167,55.57822,12.87255,11.69481,15.14504,15.86582
1295.79820,0.17841,-1.31756,55.55244,12.87394,11.69203,15.13118,15.85529
1295.80820,0.15407,-1.30996,55.63782,12.89188,11.73039,15.12499,15.89055
1295.81820,0.16195,-1.29213,55.73592,12.94767,11.76161,15.12876,15.89788
1295.82820,0.16924,-1.28793,55.75044,12.96194,11.76403,15.13118,15.89329
1295.83820,0.16342,-1.28059,55.74877,12.96194,11.78126,15.12285,15.88273
1295.84820,0.12285,-1.24941,55.79499,12.97659,11.86340,15.07920,15.87580
1295.85820,0.11358,-1.24502,55.81344,12.98194,11.87703,15.07118,15.88329
1295.86820,0.10443,-1.22669,55.76130,13.00354,11.87703,15.01159,15.86913
1295.87820,0.10129,-1.22040,55.74344,13.01094,11.87703,14.99118,15.86429
1295.88820,0.11788,-1.22186,55.78638,13.02655,11.87703,15.01851,15.86429
1295.89820,0.14056,-1.22384,55.84520,13.04795,11.87703,15.05594,15.86429
1295.90820,0.09025,-1.24207,55.81956,12.96494,11.90396,15.06118,15.88948
1295.91820,0.08216,-1.24479,55.81444,12.95194,11.90803,15.06118,15.89329
1295.92820,0.09485,-1.26106,55.72330,12.94214,11.83747,15.04158,15.90211
1295.93820,0.08054,-1.28218,55.85844,12.94194,11.84603,15.09118,15.97929
1295.94820,0.04418,-1.26419,55.80626,12.91800,11.89085,15.04207,15.95535
1295.95820,0.02127,-1.25286,55.77344,12.90294,11.91903,15.01118,15.94029
1295.96820,0.02346,-1.26611,55.80091,12.89122,11.91055,15.03946,15.95968
1295.97820,0.02813,-1.28880,55.84751,12.87394,11.89295,15.08610,15.99452
1295.98820,0.03557,-1.30498,55.87844,12.87394,11.86703,15.11118,16.02629
1295.99820,0.00853,-1.31847,55.90170,12.84118,11.87700,15.12067,16.06284
1296.00820,0.00039,-1.33555,55.88852,12.80926,11.86122,15.13550,16.08253
1296.01820,0.02900,-1.33840,55.83744,12.81494,11.82603,15.14118,16.05529
1296.02820,0.00453,-1.34597,55.85200,12.79472,11.83412,15.13714,16.08603
1296.03820,-0.03146,-1.35712,55.87344,12.76494,11.84603,15.13118,16.13129
1296.04820,-0.03146,-1.35712,55.87344,12.76494,11.84603,15.13118,16.13129
1296.05820,-0.04255,-1.41254,55.75212,12.63290,11.78911,15.18838,16.14173
1296.06820,-0.03661,-1.43450,55.71244,12.60794,11.74303,15.20118,16.16029
1296.07820,-0.02949,-1.43167,55.75627,12.63116,11.74590,15.20901,16.17020
1296.08820,-0.00977,-1.42382,55.87801,12.69565,11.75387,15.23075,16.19774
1296.09820,-0.03330,-1.44396,55.81419,12.64679,11.72551,15.21738,16.22451
1296.10820,-0.05777,-1.46472,55.74658,12.59562,11.69640,15.20329,16.25127
1296.11820,-0.06145,-1.46784,55.73644,12.58794,11.69203,15.20118,16.25529
1296.12820,-0.06145,-1.46784,55.73644,12.58794,11.69203,15.20118,16.25529
1296.13820,-0.08397,-1.46775,55.82356,12.56706,11.75107,15.23646,16.26897
1296.14820,-0.04903,-1.51071,55.72444,12.51894,11.65103,15.28018,16.27429
1296.15820,-0.05663,-1.51075,55.75406,12.52144,11.66128,15.28268,16.28866
1296.16820,-0.09020,-1.51380,55.93890,12.53664,11.71877,15.31628,16.36721
1296.17820,-0.02527,-1.52307,55.86344,12.52894,11.67103,15.37018,16.29329
1296.18820,-0.03391,-1.52927,55.86827,12.51100,11.67586,15.37938,16.30203
1296.19820,-0.06284,-1.55003,55.88444,12.45094,11.69203,15.41018,16.33129
1296.20820,-0.06641,-1.54771,55.87800,12.45539,11.69050,15.39791,16.33420
1296.21820,-0.08195,-1.53760,55.85000,12.47472,11.68383,15.34458,16.34687
1296.22820,-0.06607,-1.55151,55.77244,12.45094,11.64003,15.35018,16.33129
1296.23820,-0.06923,-1.55172,55.77836,12.45186,11.64116,15.34814,16.33721
1296.24820,-0.09872,-1.55513,55.82562,12.45653,11.64856,15.32900,16.39152
1296.25820,-0.11145,-1.56677,55.78944,12.43094,11.63003,15.32018,16.40829
1296.26820,-0.11257,-1.56740,55.79687,12.42810,11.63455,15.32528,16.40894
1296.27820,-0.12270,-1.57307,55.86442,12.40227,11.67561,15.37164,16.41490
1296.28820,-0.12385,-1.57599,55.89317,12.39587,11.68723,15.39085,16.41922
1296.29820,-0.09490,-1.58257,55.91051,12.43521,11.63923,15.39751,16.43855
1296.30820,-0.15163,-1.60656,55.85544,12.36194,11.63003,15.37018,16.49329
1296.31820,-0.15163,-1.60656,55.85544,12.36194,11.63003,15.37018,16.49329
1296.32820,-0.19257,-1.62583,55.92429,12.31374,11.66053,15.39969,16.55034
1296.33820,-0.16132,-1.60720,55.81220,12.34784,11.62400,15.35032,16.49003
1296.34820,-0.14838,-1.59951,55.76644,12.36194,11.60903,15.33018,16.46529
1296.35820,-0.16449,-1.61253,55.84972,12.28454,11.69036,15.42816,16.44667
1296.36820,-0.16482,-1.61280,55.85144,12.28294,11.69203,15.43018,16.44629
1296.37820,-0.16094,-1.63683,55.84248,12.27790,11.63435,15.43578,16.49445
1296.38820,-0.14362,-1.65340,55.75960,12.27953,11.55671,15.41532,16.50804
1296.39820,-0.13492,-1.65199,55.71344,12.28294,11.53703,15.40018,16.49329
1296.40820,-0.14487,-1.67017,55.74096,12.24080,11.54649,15.44318,16.51049
1296.41820,-0.14877,-1.67401,55.76866,12.25114,11.53857,15.44158,16.53737
1296.42820,-0.14914,-1.67415,55.77244,12.25394,11.53703,15.44018,16.54129
1296.43820,-0.14906,-1.68197,55.80124,12.23954,11.54459,15.46898,16.54813
1296.44820,-0.14893,-1.69584,55.85244,12.21394,11.55803,15.52018,16.56029
1296.45820,-0.13476,-1.69279,55.87330,12.23439,11.55394,15.52836,16.55660
1296.46820,-0.12169,-1.68644,55.90344,12.25919,11.55754,15.53543,16.55129
1296.47820,-0.12981,-1.68430,55.90344,12.25394,11.56803,15.53018,16.55129
1296.48820,-0.12675,-1.67188,55.87543,12.27246,11.56803,15.50170,16.53325
1296.49820,-0.10855,-1.66040,55.74135,12.28258,11.52876,15.44836,16.48165
1296.50820,-0.09616,-1.66231,55.65544,12.27394,11.49603,15.43018,16.45529
1296.51820,-0.10703,-1.66797,55.74301,12.29145,11.50207,15.44226,16.50723
1296.52820,-0.11415,-1.67168,55.80044,12.30294,11.50603,15.45018,16.54129
1296.53820,-0.11415,-1.67168,55.80044,12.30294,11.50603,15.45018,16.54129
1296.54820,-0.11277,-1.67016,55.83226,12.25224,11.57402,15.51848,16.48752
1296.55820,-0.08890,-1.66933,55.81744,12.26394,11.55803,15.53018,16.46529
1296.56820,-0.06833,-1.66179,55.79408,12.30536,11.52511,15.50363,16.45998
1296.57820,-0.05518,-1.65779,55.76808,12.32333,11.50581,15.48964,16.44929
1296.58820,-0.06587,-1.66348,55.75667,12.28373,11.52662,15.50978,16.43654
1296.59820,-0.07858,-1.64228,55.75020,12.28294,11.57647,15.49098,16.39981
1296.60820,-0.09213,-1.61919,55.74344,12.28294,11.63003,15.47018,16.36029
1296.61820,-0.09213,-1.61919,55.74344,12.28294,11.63003,15.47018,16.36029
1296.62820,-0.05981,-1.66396,55.68679,12.27979,11.49953,15.48668,16.42079
1296.63820,-0.06967,-1.66381,55.68744,12.27394,11.50603,15.48018,16.42729
1296.64820,-0.05985,-1.66636,55.67748,12.27139,11.49811,15.49040,16.41758
1296.65820,-0.03176,-1.67364,55.64901,12.26409,11.47549,15.51960,16.38984
1296.66820,-0.03539,-1.67075,55.79744,12.28294,11.52703,15.57018,16.41729
1296.67820,-0.02982,-1.66776,55.80409,12.30044,11.51968,15.56318,16.42079
1296.68820,-0.01947,-1.66221,55.81644,12.33294,11.50603,15.55018,16.42729
1296.69820,-0.01947,-1.66221,55.81644,12.33294,11.50603,15.55018,16.42729
1296.70820,-0.02636,-1.68835,55.80151,12.30522,11.46342,15.56157,16.47131
1296.71820,0.02399,-1.69484,55.76444,12.31294,11.42403,15.60018,16.42729
1296.72820,0.02276,-1.68628,55.75806,12.31954,11.43565,15.58879,16.41408
1296.73820,0.02112,-1.65854,55.76504,12.34854,11.47745,15.56118,16.37787
1296.74820,0.03015,-1.66317,55.86644,12.37194,11.48603,15.60018,16.40829
1296.75820,0.02713,-1.65681,55.84666,12.36964,11.49546,15.58868,16.39288
1296.76820,0.01700,-1.63549,55.78044,12.36194,11.52703,15.55018,16.34129
1296.77820,0.01700,-1.63549,55.78044,12.36194,11.52703,15.55018,16.34129
1296.78820,0.03902,-1.64610,55.75954,12.37484,11.47923,15.55518,16.35029
1296.79820,0.05185,-1.63904,55.86844,12.40094,11.51703,15.60018,16.35029
1296.80820,0.05115,-1.64151,55.85871,12.39570,11.51206,15.59965,16.35130
1296.81820,0.04418,-1.66624,55.76138,12.34329,11.46233,15.59430,16.36146
1296.82820,-0.00124,-1.64819,55.68944,12.33294,11.48603,15.51018,16.36029
1296.83820,-0.00124,-1.64819,55.68944,12.33294,11.48603,15.51018,16.36029
1296.84820,0.01643,-1.65061,55.73354,12.35674,11.47518,15.53118,16.37044
1296.85820,0.04918,-1.65509,55.81544,12.40094,11.45503,15.57018,16.38929
1296.86820,0.03112,-1.62857,55.81400,12.40574,11.51455,15.54138,16.35233
1296.87820,0.03515,-1.59908,55.81814,12.42044,11.57381,15.53394,16.28995
1296.88820,0.06120,-1.59826,55.82444,12.43094,11.56803,15.56018,16.26529
1296.89820,0.05204,-1.60098,55.76361,12.40765,11.55853,15.54117,16.25626
1296.90820,0.04736,-1.60784,55.72934,12.37724,11.55743,15.54838,16.24629
1296.91820,0.05350,-1.61219,55.76644,12.37194,11.56803,15.58018,16.24629
1296.92820,0.08092,-1.61298,55.74519,12.43059,11.49833,15.54618,16.27009
1296.93820,0.08576,-1.61312,55.74144,12.44094,11.48603,15.54018,16.27429
1296.94820,0.09720,-1.62418,55.75173,12.45398,11.45035,15.54704,16.30037
1296.95820,0.09195,-1.63244,55.76632,12.44242,11.44796,15.55916,16.31678
1296.96820,0.07948,-1.63625,55.77809,12.42157,11.46454,15.56986,16.32213
1296.97820,0.11370,-1.64766,55.74465,12.40715,11.43676,15.61156,16.28918
1296.98820,0.13253,-1.65250,55.69183,12.40831,11.40117,15.60806,16.27429
1296.99820,0.13368,-1.65241,55.67844,12.41094,11.39303,15.60018,16.27429
1297.00820,0.12531,-1.66133,55.62899,12.36803,11.39303,15.60745,16.26047
1297.01820,0.11348,-1.66856,55.63263,12.35194,11.39303,15.61018,16.27748
1297.02820,0.11372,-1.66011,55.62008,12.38958,11.37067,15.56654,16.29329
1297.03820,0.14660,-1.63843,55.58954,12.42625,11.37380,15.55673,16.23276
1297.04820,0.17091,-1.62755,55.58344,12.43094,11.39303,15.58018,16.17929
1297.05820,0.17810,-1.62632,55.58761,12.44822,11.38052,15.57422,16.18465
1297.06820,0.17027,-1.63123,55.61621,12.44927,11.37976,15.57754,16.20964
1297.07820,0.14914,-1.64078,55.65915,12.43147,11.39265,15.58981,16.24522
1297.08820,0.13911,-1.63655,55.64493,12.42299,11.40536,15.57825,16.23833
1297.09820,0.12487,-1.62971,55.62144,12.41094,11.42403,15.56018,16.22629
1297.10820,0.12394,-1.64826,55.59981,12.38224,11.39825,15.57682,16.24251
1297.11820,0.14375,-1.67128,55.57063,12.34985,11.36203,15.61995,16.23880
1297.12820,0.17601,-1.66664,55.57244,12.36194,11.36203,15.65018,16.19829
1297.13820,0.15220,-1.66224,55.60457,12.37633,11.37210,15.62140,16.23474
1297.14820,0.13285,-1.66184,55.61010,12.38549,11.36627,15.59018,16.26816
1297.15820,0.14607,-1.67078,55.55024,12.37233,11.33206,15.59018,16.25566
1297.16820,0.14523,-1.67275,55.51530,12.35676,11.32794,15.58708,16.24352
1297.17820,0.13057,-1.67711,55.48186,12.32294,11.33689,15.58530,16.23673
1297.18820,0.09610,-1.67875,55.59944,12.32294,11.38303,15.60018,16.29329
1297.19820,0.09243,-1.68167,55.59683,12.32093,11.37680,15.59616,16.30294
1297.20820,0.08192,-1.69003,55.58935,12.31518,11.35898,15.58466,16.33053
1297.21820,0.07782,-1.69329,55.58644,12.31294,11.35203,15.58018,16.34129
1297.22820,0.07600,-1.71250,55.55148,12.27250,11.33079,15.60074,16.34746
1297.23820,0.11268,-1.72344,55.48910,12.23739,11.31276,15.65156,16.28739
1297.24820,0.12050,-1.72389,55.47944,12.23394,11.31103,15.66018,16.27429
1297.25820,0.07200,-1.76307,55.56544,12.17494,11.31103,15.70018,16.37929
1297.26820,0.07341,-1.76291,55.58081,12.18184,11.31103,15.70280,16.38514
1297.27820,0.08618,-1.76141,55.72049,12.24454,11.31103,15.72661,16.43831
1297.28820,0.01586,-1.75708,55.60827,12.20766,11.31103,15.61685,16.47273
1297.29820,0.00695,-1.75997,55.61010,12.20264,11.30977,15.61133,16.48636
1297.30820,-0.02127,-1.78930,55.67134,12.17291,11.29379,15.63541,16.56923
1297.31820,0.01170,-1.81204,55.61439,12.12059,11.26664,15.70164,16.52553
1297.32820,0.01601,-1.81948,55.59534,12.10104,11.26003,15.71718,16.51709
1297.33820,-0.02852,-1.82907,55.56744,12.05694,11.26903,15.69018,16.55129
1297.34820,-0.02848,-1.83080,55.57534,12.05494,11.27013,15.69618,16.55409
1297.35820,-0.03034,-1.84659,55.65024,12.03794,11.28003,15.74818,16.58409
1297.36820,-0.05062,-1.84877,55.68444,12.04694,11.28003,15.73018,16.62729
1297.37820,-0.05449,-1.84983,55.67845,12.04263,11.27923,15.72653,16.63006
1297.38820,-0.09319,-1.86050,55.61860,11.99957,11.27120,15.69003,16.65780
1297.39820,-0.07730,-1.89391,55.51937,11.93004,11.21785,15.73052,16.64095
1297.40820,-0.07224,-1.89978,55.50344,11.91894,11.20803,15.74018,16.63629
1297.41820,-0.10137,-1.92780,55.59418,11.87279,11.22368,15.79416,16.70356
1297.42820,-0.10946,-1.93558,55.61944,11.85994,11.22803,15.80918,16.72229
1297.43820,-0.13111,-1.96463,55.69563,11.79464,11.25399,15.88453,16.76247
1297.44820,-0.10772,-1.97389,55.67683,11.82049,11.19775,15.87941,16.77918
1297.45820,-0.10740,-1.97393,55.67644,11.82094,11.19703,15.87918,16.77929
1297.46820,-0.15351,-1.97977,55.50669,11.72588,11.20770,15.83068,16.74243
1297.47820,-0.14143,-2.02278,55.45617,11.64017,11.16794,15.90678,16.74129
1297.48820,-0.13404,-2.04621,55.43144,11.59494,11.14603,15.94918,16.74129
1297.49820,-0.17684,-2.05408,55.44079,11.54479,11.18088,15.94918,16.76594
1297.50820,-0.18439,-2.05547,55.44244,11.53594,11.18703,15.94918,16.77029
1297.51820,-0.22467,-2.10037,55.37860,11.46118,11.12655,15.94078,16.85009
1297.52820,-0.19644,-2.10939,55.49076,11.48810,11.12343,16.00554,16.87369
1297.53820,-0.18961,-2.10948,55.51444,11.49594,11.12503,16.01818,16.87529
1297.54820,-0.18530,-2.11800,55.53080,11.50503,11.10185,16.02273,16.90120
1297.55820,-0.18024,-2.12802,55.55005,11.51573,11.07458,16.02807,16.93168
1297.56820,-0.23386,-2.17174,55.47144,11.36794,11.08403,16.06818,16.95129
1297.57820,-0.23769,-2.17300,55.47656,11.36307,11.08791,16.07068,16.95491
1297.58820,-0.26450,-2.18184,55.51244,11.32894,11.11503,16.08818,16.98029
1297.59820,-0.26952,-2.17994,55.49474,11.32641,11.11503,16.07554,16.97776
1297.60820,-0.26240,-2.17661,55.43439,11.33101,11.09411,16.05025,16.95902
1297.61820,-0.22977,-2.18003,55.42244,11.34894,11.06303,16.06818,16.94229
1297.62820,-0.22487,-2.18164,55.38485,11.34894,11.04393,16.05586,16.93613
1297.63820,-0.24347,-2.17423,55.40502,11.35508,11.06395,16.03590,16.95009
1297.64820,-0.25707,-2.16895,55.43244,11.35894,11.08403,16.02818,16.96129
1297.65820,-0.23190,-2.16130,55.35497,11.35894,11.07122,16.02208,16.90273
1297.66820,-0.21577,-2.15641,55.30544,11.35894,11.06303,16.01818,16.86529
1297.67820,-0.21890,-2.15313,55.31654,11.35894,11.07548,16.01968,16.86244
1297.68820,-0.25622,-2.14829,55.40106,11.33972,11.14075,16.03298,16.88760
1297.69820,-0.27742,-2.16309,55.42444,11.31894,11.13503,16.03818,16.93229
1297.70820,-0.27018,-2.14381,55.42492,11.36599,11.13503,16.00064,16.92326
1297.71820,-0.26825,-2.12311,55.38502,11.39021,11.14490,15.95918,16.89073
1297.72820,-0.27511,-2.12377,55.33944,11.35894,11.15603,15.95918,16.86529
1297.73820,-0.28181,-2.10851,55.37496,11.38390,11.18259,15.94318,16.86529
1297.74820,-0.29575,-2.07677,55.44896,11.43590,11.23793,15.90985,16.86529
1297.75820,-0.28878,-2.08190,55.43892,11.43694,11.22031,15.91278,16.86889
1297.76820,-0.28253,-2.06892,55.36935,11.46203,11.19831,15.86136,16.84765
1297.77820,-0.29418,-2.02818,55.28344,11.50594,11.21803,15.76018,16.79929
1297.78820,-0.29683,-2.02181,55.33187,11.52326,11.23606,15.76336,16.80919
1297.79820,-0.30905,-2.01203,55.39708,11.54326,11.26665,15.75988,16.82729
1297.80820,-0.32963,-2.01712,55.33218,11.51081,11.26003,15.73405,16.82729
1297.81820,-0.33272,-2.01789,55.32244,11.50594,11.25903,15.73018,16.82729
1297.82820,-0.33299,-1.98571,55.44110,11.57243,11.31963,15.72176,16.82729
1297.83820,-0.33304,-1.97966,55.46344,11.58494,11.33103,15.72018,16.82729
1297.84820,-0.32716,-1.95081,55.48793,11.60454,11.39178,15.72018,16.77144
1297.85820,-0.32732,-1.94565,55.50744,11.61394,11.40303,15.72018,16.77029
1297.86820,-0.34990,-1.94302,55.48260,11.60037,11.41269,15.69258,16.77696
1297.87820,-0.42540,-1.92629,55.38595,11.56399,11.44963,15.58485,16.78748
1297.88820,-0.42429,-1.89179,55.32728,11.60332,11.46963,15.51818,16.73615
1297.89820,-0.42469,-1.87459,55.31720,11.62495,11.48554,15.49109,16.71562
1297.90820,-0.43098,-1.80455,55.36844,11.72294,11.57903,15.41018,16.65629
1297.91820,-0.43098,-1.80455,55.36844,11.72294,11.57903,15.41018,16.65629
1297.92820,-0.44123,-1.79311,55.23649,11.68086,11.59330,15.37452,16.58782
1297.93820,-0.45941,-1.75859,55.27323,11.71055,11.66277,15.33962,16.56029
1297.94820,-0.46584,-1.74490,55.31444,11.73194,11.69203,15.33018,16.56029
1297.95820,-0.48388,-1.70501,55.33140,11.79019,11.73775,15.25718,16.54628
1297.96820,-0.51637,-1.64836,55.49342,11.85374,11.88099,15.23118,16.52750
1297.97820,-0.52620,-1.63235,55.55244,11.86994,11.92903,15.23118,16.52229
1297.98820,-0.53528,-1.59472,55.65015,11.92063,12.01205,15.21649,16.50098
1297.99820,-0.53855,-1.58116,55.68544,11.93894,12.04203,15.21118,16.49329
1298.00820,-0.51929,-1.51325,55.73005,12.03397,12.13222,15.16270,16.40117
1298.01820,-0.52997,-1.45151,55.75960,12.10656,12.22343,15.09078,16.33884
1298.02820,-0.53310,-1.43493,55.76744,12.12594,12.24803,15.07118,16.32229
1298.03820,-0.55666,-1.33867,55.72543,12.23146,12.35941,14.91486,16.21970
1298.04820,-0.55649,-1.27132,55.75999,12.30023,12.47060,14.86314,16.12601
1298.05820,-0.55646,-1.26867,55.76144,12.30294,12.47503,14.86118,16.12229
1298.06820,-0.57268,-1.19808,55.87912,12.43223,12.57103,14.76828,16.10758
1298.07820,-0.57740,-1.17755,55.91344,12.46994,12.59903,14.74118,16.10329
1298.08820,-0.59418,-1.14105,55.69754,12.45379,12.60753,14.63068,16.00554
1298.09820,-0.63209,-1.07262,55.78524,12.49259,12.77563,14.58568,15.93134
1298.10820,-0.63824,-1.06171,55.80744,12.49994,12.80503,14.58118,15.92129
1298.11820,-0.63933,-1.03169,55.82845,12.54293,12.84509,14.54698,15.89344
1298.12820,-0.64436,-0.99459,55.90093,12.60740,12.90452,14.51118,15.87783
1298.13820,-0.65426,-0.98019,56.02944,12.65694,12.94903,14.51118,15.91229
1298.14820,-0.65082,-0.94028,55.98896,12.70681,12.97867,14.44613,15.85736
1298.15820,-0.64950,-0.92496,55.97344,12.72594,12.99003,14.42118,15.83629
1298.16820,-0.66095,-0.90935,56.00399,12.74049,13.02785,14.40663,15.82901
1298.17820,-0.68500,-0.87804,56.03807,12.77441,13.08656,14.35811,15.81899
1298.18820,-0.69230,-0.86863,56.04644,12.78494,13.10303,14.34218,15.81629
1298.19820,-0.70593,-0.85562,56.00954,12.77784,13.12503,14.31379,15.79287
1298.20820,-0.69142,-0.81591,55.97396,12.81282,13.17109,14.28036,15.70968
1298.21820,-0.66588,-0.80551,55.99444,12.84394,13.17503,14.29218,15.68329
1298.22820,-0.66137,-0.83748,56.05766,12.83178,13.13795,14.34081,15.74711
1298.23820,-0.65847,-0.85807,56.09844,12.82394,13.11403,14.37218,15.78829
1298.24820,-0.66432,-0.83944,56.24735,12.87717,13.17563,14.38354,15.81101
1298.25820,-0.66189,-0.84011,56.33121,12.89354,13.19644,14.41098,15.83025
1298.26820,-0.65219,-0.86016,56.30644,12.86394,13.16503,14.44118,15.83629
1298.27820,-0.66506,-0.85460,56.25601,12.85117,13.16822,14.41278,15.82384
1298.28820,-0.68656,-0.84530,56.17197,12.82990,13.17354,14.36544,15.80310
1298.29820,-0.66183,-0.87086,56.14117,12.78830,13.13794,14.42418,15.79074
1298.30820,-0.65029,-0.88142,56.13844,12.77494,13.12403,14.45118,15.78829
1298.31820,-0.67775,-0.88000,56.11113,12.79149,13.09838,14.38580,15.83546
1298.32820,-0.68347,-0.87970,56.10544,12.79494,13.09303,14.37218,15.84529
1298.33820,-0.68441,-0.88131,56.02820,12.77563,13.07276,14.35287,15.82694
1298.34820,-0.71756,-0.87649,56.15544,12.78494,13.13403,14.36218,15.87429
1298.35820,-0.72294,-0.86970,56.15982,12.78737,13.15033,14.35488,15.86723
1298.36820,-0.76798,-0.82220,56.22259,12.80844,13.27538,14.30568,15.83309
1298.37820,-0.77944,-0.82491,56.28044,12.81494,13.28903,14.31218,15.86429
1298.38820,-0.77944,-0.82491,56.28044,12.81494,13.28903,14.31218,15.86429
1298.39820,-0.82900,-0.75057,56.49344,12.92294,13.46403,14.24218,15.86429
1298.40820,-0.82800,-0.74705,56.49799,12.92294,13.47488,14.24568,15.85449
1298.41820,-0.83932,-0.72695,56.55154,12.94150,13.53121,14.23809,15.84075
1298.42820,-0.87689,-0.68831,56.68040,12.99452,13.63456,14.19782,15.85350
1298.43820,-0.88543,-0.66710,56.75652,13.02988,13.68775,14.18778,15.85111
1298.44820,-0.89869,-0.58970,57.00732,13.16810,13.86111,14.15238,15.82573
1298.45820,-0.90446,-0.51340,57.16644,13.30694,13.98903,14.08218,15.78829
1298.46820,-0.90446,-0.51340,57.16644,13.30694,13.98903,14.08218,15.78829
1298.47820,-0.86992,-0.43277,57.54444,13.46394,14.21603,14.15218,15.71229
1298.48820,-0.87480,-0.42050,57.54426,13.47807,14.23277,14.13148,15.70194
1298.49820,-0.92604,-0.28431,57.56617,13.63703,14.42822,13.91491,15.58601
1298.50820,-0.94505,-0.16320,57.80344,13.79794,14.69003,13.84218,15.47329
1298.51820,-0.94165,-0.14736,57.81004,13.81864,14.71273,13.82918,15.44949
1298.52820,-0.91829,0.00871,57.86854,14.01774,14.93863,13.68928,15.22289
1298.53820,-0.98341,0.13230,57.86044,14.13294,15.13303,13.48318,15.11129
1298.54820,-0.98378,0.14065,57.86537,14.14147,15.14817,13.47651,15.09922
1298.55820,-0.98742,0.22399,57.91471,14.22681,15.29950,13.40985,14.97855
1298.56820,-0.98888,0.25728,57.93444,14.26094,15.36003,13.38318,14.93029
1298.57820,-0.95888,0.36777,57.84428,14.40500,15.45019,13.23618,14.75291
1298.58820,-0.97911,0.48357,57.71562,14.53092,15.55099,13.02181,14.61189
1298.59820,-0.97996,0.48822,57.71044,14.53594,15.55503,13.01318,14.60629
1298.60820,-0.94975,0.58360,57.62214,14.64073,15.64527,12.90645,14.42969
1298.61820,-0.96668,0.63272,57.53336,14.68184,15.68144,12.80040,14.36968
1298.62820,-0.97664,0.65849,57.48544,14.70294,15.70003,12.74318,14.33929
1298.63820,-0.93247,0.69069,57.53668,14.79450,15.71683,12.73478,14.29057
1298.64820,-0.92407,0.69682,57.54644,14.81194,15.72003,12.73318,14.28129
1298.65820,-0.94791,0.74800,57.55991,14.86159,15.80672,12.65828,14.23332
1298.66820,-0.93567,0.77689,57.52408,14.90881,15.81332,12.61019,14.19175
1298.67820,-0.91792,0.79734,57.48344,14.94894,15.80303,12.57418,14.15729
1298.68820,-0.91221,0.80091,57.49399,14.95794,15.80867,12.57782,14.14956
1298.69820,-0.85701,0.84131,57.61034,15.05874,15.87223,12.60618,14.07319
1298.70820,-0.87345,0.88451,57.70844,15.15594,15.93703,12.53418,14.08129
1298.71820,-0.85995,0.89387,57.73167,15.18281,15.94637,12.53646,14.06603
1298.72820,-0.81424,0.92554,57.81044,15.27394,15.97803,12.54418,14.01429
1298.73820,-0.78693,0.95341,57.87811,15.34301,16.01630,12.54418,13.97462
1298.74820,-0.74400,1.03564,58.01844,15.51614,16.12843,12.49618,13.87769
1298.75820,-0.73615,1.06921,58.06044,15.57894,16.17403,12.46418,13.84329
1298.76820,-0.73489,1.07558,58.01991,15.57298,16.17403,12.45226,13.82064
1298.77820,-0.71266,1.11597,58.05484,15.63974,16.22923,12.43218,13.75369
1298.78820,-0.69843,1.13997,58.09644,15.68694,16.26603,12.42418,13.71929
1298.79820,-0.68167,1.18124,58.13424,15.77574,16.30323,12.37618,13.67909
1298.80820,-0.67050,1.20871,58.15944,15.83494,16.32803,12.34418,13.65229
1298.81820,-0.66332,1.21434,58.17222,15.85258,16.33181,12.34238,13.64545
1298.82820,-0.62138,1.25572,58.21797,15.95620,16.35915,12.31732,13.58529
1298.83820,-0.60566,1.28248,58.19682,15.99563,16.37629,12.28875,13.53615
1298.84820,-0.60157,1.30053,58.19152,16.02083,16.39423,12.26648,13.50999
1298.85820,-0.54477,1.39145,58.27121,16.20028,16.49154,12.20220,13.37720
1298.86820,-0.49226,1.40392,58.37144,16.27794,16.50203,12.24418,13.34729
1298.87820,-0.46892,1.42686,58.39071,16.34233,16.50720,12.22068,13.32050
1298.88820,-0.44262,1.45270,58.41244,16.41494,16.51303,12.19418,13.29029
1298.89820,-0.40420,1.46913,58.46204,16.47190,16.52615,12.21338,13.25061
1298.90820,-0.32438,1.50326,58.56537,16.59057,16.55349,12.25338,13.16794
1298.91820,-0.30525,1.53175,58.59844,16.65194,16.58403,12.23418,13.12829
1298.92820,-0.28703,1.54964,58.58882,16.69247,16.58403,12.21357,13.09875
1298.93820,-0.22094,1.59294,58.59643,16.80078,16.59131,12.19844,13.00590
1298.94820,-0.16214,1.61002,58.64544,16.85894,16.60503,12.24418,12.93729
1298.95820,-0.14697,1.61452,58.67316,16.88978,16.60157,12.24765,12.93417
1298.96820,-0.11842,1.62297,58.72544,16.94794,16.59503,12.25418,12.92829
1298.97820,-0.11842,1.62297,58.72544,16.94794,16.59503,12.25418,12.92829
1298.98820,-0.00333,1.60699,58.68220,16.98947,16.48768,12.34712,12.85793
1298.99820,0.04613,1.62668,58.57744,17.02694,16.44103,12.32418,12.78529
1299.00820,0.06709,1.62615,58.59064,17.04212,16.43201,12.34398,12.77253
1299.01820,0.14638,1.61963,58.62881,17.09251,16.38667,12.42009,12.72953
1299.02820,0.16933,1.59864,58.58956,17.07692,16.32592,12.44698,12.73975
1299.03820,0.18403,1.58519,58.56444,17.06694,16.28703,12.46418,12.74629
1299.04820,0.23120,1.57986,58.62196,17.11823,16.25481,12.50576,12.74317
1299.05820,0.31990,1.56984,58.73044,17.21494,16.19403,12.58418,12.73729
1299.06820,0.33231,1.54116,58.77244,17.20094,16.15798,12.63633,12.77719
1299.07820,0.39682,1.46568,58.87574,17.18880,16.03386,12.78863,12.86445
1299.08820,0.48081,1.41643,58.92182,17.20989,15.91149,12.90530,12.89515
1299.09820,0.53592,1.34835,58.90738,17.16610,15.77127,13.01667,12.95334
1299.10820,0.56723,1.31468,58.90685,17.17669,15.67338,13.04842,13.00837
1299.11820,0.60067,1.27982,58.89260,17.17696,15.57511,13.08631,13.05422
1299.12820,0.68108,1.20315,58.76944,17.10594,15.38003,13.20318,13.08029
1299.13820,0.68520,1.19745,58.77715,17.10700,15.36854,13.21169,13.08991
1299.14820,0.72637,1.14056,58.85428,17.11764,15.25365,13.29680,13.18619
1299.15820,0.79524,1.02884,58.90619,17.08927,15.02195,13.44568,13.34929
1299.16820,0.79859,1.02271,58.90544,17.08594,15.00903,13.45318,13.35729
1299.17820,0.81053,0.95002,58.90985,16.98176,14.92781,13.57590,13.42439
1299.18820,0.81908,0.85159,59.02257,16.93894,14.77687,13.68885,13.61792
1299.19820,0.81932,0.84853,59.02644,16.93794,14.77203,13.69218,13.62429
1299.20820,0.86891,0.79305,59.04792,16.90604,14.67178,13.80285,13.66725
1299.21820,0.89548,0.76332,59.05944,16.88894,14.61803,13.86218,13.69029
1299.22820,0.94751,0.72008,59.03880,16.86314,14.52085,13.94818,13.70663
1299.23820,0.96095,0.71197,59.13778,16.89334,14.52223,13.98798,13.73423
1299.24820,0.96175,0.71180,59.15444,16.89894,14.52503,13.99218,13.73829
1299.25820,1.02746,0.70797,59.15596,16.92101,14.49383,14.06068,13.68045
1299.26820,1.00700,0.68812,59.09745,16.84093,14.49141,14.08218,13.68293
1299.27820,0.99234,0.68148,59.07644,16.80994,14.49403,14.08218,13.69029
1299.28820,1.01781,0.70655,59.09346,16.86840,14.50957,14.06738,13.64811
1299.29820,1.02675,0.71535,59.09944,16.88894,14.51503,14.06218,13.63329
1299.30820,1.03608,0.72237,59.02838,16.86934,14.51503,14.05728,13.58673
1299.31820,1.04096,0.74027,58.97410,16.86378,14.53803,14.04105,13.53124
1299.32820,1.03276,0.75820,59.00744,16.88894,14.57703,14.02218,13.51929
1299.33820,1.04688,0.76332,58.93617,16.87082,14.57039,14.02218,13.47278
1299.34820,1.05419,0.77032,58.91725,16.87483,14.57438,14.01821,13.44984
1299.35820,1.05122,0.77583,58.95944,16.89894,14.58703,14.01218,13.46129
1299.36820,1.05038,0.77363,58.99713,16.90359,14.59681,14.02614,13.47059
1299.37820,1.05688,0.76784,58.99444,16.88571,14.59828,14.05147,13.45898
1299.38820,1.06550,0.76408,58.94144,16.85894,14.58703,14.06218,13.43329
1299.39820,1.06550,0.76408,58.94144,16.85894,14.58703,14.06218,13.43329
1299.40820,1.10118,0.78276,58.97096,16.92302,14.58703,14.06218,13.39873
1299.41820,1.11505,0.79002,58.98244,16.94794,14.58703,14.06218,13.38529
1299.42820,1.09599,0.80338,58.96714,16.94794,14.61338,14.02818,13.37764
1299.43820,1.11866,0.78997,58.91444,16.92377,14.57470,14.05551,13.36045
1299.44820,1.12388,0.78681,58.90444,16.91894,14.56603,14.06218,13.35729
1299.45820,1.13182,0.79777,58.94701,16.95215,14.58391,14.06218,13.34877
1299.46820,1.19353,0.77620,58.93144,16.97794,14.49403,14.11218,13.34729
1299.47820,1.17916,0.77508,58.96853,16.97330,14.51559,14.11682,13.36282
1299.48820,1.13822,0.77190,59.07449,16.96006,14.57718,14.13006,13.40719
1299.49820,1.14652,0.76139,59.11786,16.96249,14.57064,14.16178,13.42294
1299.50820,1.19793,0.72375,59.20436,16.98014,14.50139,14.25998,13.46285
1299.51820,1.20215,0.71037,59.19344,16.98794,14.45303,14.25218,13.50029
1299.52820,1.21436,0.71041,59.12697,16.97874,14.42704,14.24298,13.47821
1299.53820,1.25288,0.70726,58.88236,16.94196,14.32577,14.20298,13.41165
1299.54820,1.24167,0.69291,58.78636,16.91596,14.26377,14.16298,13.44365
1299.55820,1.23919,0.68931,58.76395,16.91065,14.24793,14.15308,13.45229
1299.56820,1.24481,0.69225,58.79944,16.92794,14.25703,14.16218,13.45229
1299.57820,1.23965,0.69038,58.80174,16.91814,14.26323,14.16618,13.45419
1299.58820,1.19420,0.67199,58.81098,16.82663,14.31221,14.20086,13.47129
1299.59820,1.20460,0.65619,58.69641,16.79352,14.24400,14.18761,13.47129
1299.60820,1.20887,0.64970,58.64944,16.77994,14.21603,14.18218,13.47129
1299.61820,1.20887,0.66141,58.61452,16.76151,14.24610,14.18218,13.42473
1299.62820,1.19189,0.64868,58.62023,16.75124,14.22666,14.17248,13.46985
1299.63820,1.19137,0.64827,58.62044,16.75094,14.22603,14.17218,13.47129
1299.64820,1.18196,0.64403,58.71752,16.75094,14.26640,14.21063,13.48955
1299.65820,1.18158,0.64386,58.72144,16.75094,14.26803,14.21218,13.49029
1299.66820,1.17378,0.60276,58.64015,16.67429,14.19603,14.23541,13.53442
1299.67820,1.17255,0.60485,58.46998,16.58467,14.20143,14.23367,13.45022
1299.68820,1.17273,0.60731,58.44444,16.57294,14.20603,14.23218,13.43329
1299.69820,1.15259,0.60896,58.23826,16.53900,14.13561,14.13036,13.43329
1299.70820,1.14962,0.60663,58.12149,16.47487,14.13229,14.12901,13.38532
1299.71820,1.14974,0.60614,58.10644,16.46394,14.13403,14.13218,13.37629
1299.72820,1.14405,0.61315,58.05799,16.43929,14.15103,14.12368,13.34399
1299.73820,1.14304,0.61439,58.04944,16.43494,14.15403,14.12218,13.33829
1299.74820,1.08742,0.62072,58.07719,16.43494,14.18478,14.06218,13.39529
1299.75820,1.01676,0.62401,58.02884,16.38526,14.21735,13.99178,13.43445
1299.76820,0.99646,0.62448,58.00644,16.36594,14.22603,13.97218,13.44229
1299.77820,0.98129,0.62273,57.96546,16.33568,14.23025,13.96069,13.43884
1299.78820,0.96018,0.62031,57.90855,16.29366,14.23610,13.94473,13.43405
1299.79820,0.91562,0.61427,57.94944,16.24794,14.28803,13.95218,13.46129
1299.80820,0.89025,0.61322,57.93404,16.22907,14.29612,13.92908,13.47977
1299.81820,0.85500,0.61176,57.91265,16.20287,14.30735,13.89699,13.50544
1299.82820,0.84971,0.61154,57.90944,16.19894,14.30903,13.89218,13.50929
1299.83820,0.83758,0.59800,57.95704,16.20744,14.29118,13.89218,13.56624
1299.84820,0.76821,0.59400,58.05801,16.17528,14.36630,13.88376,13.63267
1299.85820,0.75237,0.59200,58.07966,16.16572,14.38214,13.88329,13.64851
1299.86820,0.71199,0.56582,58.02809,16.09625,14.35786,13.87196,13.70202
1299.87820,0.69015,0.54724,57.90244,16.03194,14.30903,13.84218,13.71929
1299.88820,0.66097,0.54124,57.87742,16.00834,14.30431,13.81386,13.75091
1299.89820,0.62829,0.53454,57.84944,15.98194,14.29903,13.78218,13.78629
1299.90820,0.61803,0.51049,57.88704,15.92648,14.31313,13.84328,13.80415
1299.91820,0.59362,0.47014,57.91171,15.84299,14.30701,13.90681,13.85490
1299.92820,0.56622,0.44185,57.87400,15.79842,14.26015,13.89538,13.92005
1299.93820,0.54773,0.43339,57.86188,15.76135,14.26944,13.90152,13.92957
1299.94820,0.52471,0.43224,57.85857,15.70903,14.31713,13.92139,13.91103
1299.95820,0.47645,0.36287,57.79044,15.60894,14.20603,13.92218,14.05329
1299.96820,0.47704,0.35630,57.73534,15.57810,14.19183,13.92565,14.03977
1299.97820,0.47814,0.34389,57.63144,15.51994,14.16503,13.93218,14.01429
1299.98820,0.47814,0.34389,57.63144,15.51994,14.16503,13.93218,14.01429
1299.99820,0.43354,0.29335,57.71208,15.45370,14.14487,13.98018,14.13333
1300.00820,0.39023,0.30936,57.68844,15.43194,14.19503,13.93218,14.12929
1300.01820,0.39269,0.30516,57.68200,15.42581,14.18722,13.93831,14.13067
1300.02820,0.40441,0.28511,57.65135,15.39661,14.14999,13.96751,14.13724
1300.03820,0.28895,0.24729,57.61554,15.25870,14.17396,13.93356,14.24932
1300.04820,0.28447,0.24854,57.61048,15.25574,14.17749,13.92798,14.24927
1300.05820,0.28117,0.27619,57.56648,15.27574,14.20483,13.88131,14.20460
1300.06820,0.27539,0.28848,57.54571,15.28303,14.21794,13.85582,14.18892
1300.07820,0.23274,0.29834,57.53374,15.27924,14.24046,13.79688,14.21717
1300.08820,0.24976,0.30179,57.68676,15.33226,14.27468,13.84386,14.23596
1300.09820,0.25637,0.30313,57.74644,15.35294,14.28803,13.86218,14.24329
1300.10820,0.21411,0.30723,57.61602,15.30455,14.27983,13.78836,14.24329
1300.11820,0.23993,0.31126,57.60965,15.30360,14.28769,13.82046,14.19791
1300.12820,0.24119,0.31137,57.61044,15.30394,14.28803,13.82218,14.19629
1300.13820,0.21509,0.30477,57.60303,15.27253,14.29897,13.81512,14.21640
1300.14820,0.18400,0.29692,57.59420,15.23513,14.31200,13.80672,14.24035
1300.15820,0.15699,0.31159,57.65926,15.26867,14.34896,13.77001,14.27163
1300.16820,0.08134,0.31585,57.88388,15.30450,14.43931,13.74618,14.39389
1300.17820,0.07397,0.31102,57.89444,15.29394,14.44303,13.75218,14.40529
1300.18820,0.04968,0.28800,57.95924,15.26869,14.44303,13.77743,14.47009
1300.19820,0.03063,0.31761,58.08344,15.37787,14.47296,13.70494,14.52767
1300.20820,0.03012,0.31882,58.08744,15.38194,14.47403,13.70218,14.52929
1300.21820,-0.00539,0.30567,58.07304,15.33640,14.47868,13.69289,14.56506
1300.22820,-0.04632,0.29052,58.05644,15.28394,14.48403,13.68218,14.60629
1300.23820,-0.04195,0.28572,58.02620,15.31670,14.42355,13.64018,14.64577
1300.24820,-0.05852,0.25523,58.03486,15.28985,14.37725,13.64915,14.71862
1300.25820,-0.06163,0.24995,58.03744,15.28394,14.37103,13.65218,14.73029
1300.26820,-0.06286,0.27626,58.05760,15.30074,14.43151,13.64378,14.68157
1300.27820,-0.06563,0.28887,58.03456,15.30394,14.44863,13.62538,14.65661
1300.28820,-0.06762,0.29486,58.01344,15.30394,14.45303,13.61218,14.64429
1300.29820,-0.05197,0.30339,57.91162,15.31049,14.41594,13.57582,14.60938
1300.30820,-0.04609,0.30660,57.87344,15.31294,14.40203,13.56218,14.59629
1300.31820,-0.05753,0.27141,57.86326,15.26349,14.35694,13.59127,14.65156
1300.32820,-0.06024,0.27359,57.82652,15.24494,14.36222,13.58787,14.63149
1300.33820,-0.05962,0.27971,57.81344,15.24494,14.37103,13.58218,14.61529
1300.34820,-0.07268,0.27806,57.77780,15.22734,14.36619,13.56458,14.61969
1300.35820,-0.09409,0.28328,57.74602,15.21317,14.37731,13.53436,14.62117
1300.36820,-0.10070,0.29345,57.76487,15.22460,14.40131,13.52351,14.61546
1300.37820,-0.10089,0.29376,57.76544,15.22494,14.40203,13.52318,14.61529
1300.38820,-0.11778,0.25711,57.57344,15.12694,14.30903,13.50318,14.63429
1300.39820,-0.12711,0.25919,57.56319,15.12444,14.31153,13.48818,14.63904
1300.40820,-0.17314,0.25506,57.45254,15.05676,14.31223,13.43978,14.64377
1300.41820,-0.20827,0.23488,57.29744,14.93994,14.29903,13.43318,14.62529
1300.42820,-0.19719,0.24526,57.36607,14.99692,14.30319,13.42486,14.64109
1300.43820,-0.19227,0.26068,57.42062,15.04997,14.31685,13.40536,14.64844
1300.44820,-0.20882,0.26207,57.35544,15.00794,14.32903,13.39318,14.62529
1300.45820,-0.17676,0.27334,57.35787,15.03220,14.33437,13.41259,14.57871
1300.46820,-0.14275,0.28530,57.36044,15.05794,14.34003,13.43318,14.52929
1300.47820,-0.15924,0.28795,57.34133,15.04854,14.34630,13.41125,14.53524
1300.48820,-0.19436,0.29359,57.30066,15.02854,14.35963,13.36458,14.54791
1300.49820,-0.21906,0.31759,57.34244,15.03794,14.43203,13.34318,14.52929
1300.50820,-0.21906,0.31759,57.34244,15.03794,14.43203,13.34318,14.52929
1300.51820,-0.21906,0.31759,57.34244,15.03794,14.43203,13.34318,14.52929
1300.52820,-0.26459,0.35810,57.19912,15.01172,14.48621,13.23832,14.46287
1300.53820,-0.22667,0.36021,57.21301,15.03323,14.47717,13.27377,14.42884
1300.54820,-0.25869,0.40627,57.32550,15.07952,14.60470,13.24076,14.40053
1300.55820,-0.26587,0.41460,57.34444,15.08694,14.62803,13.23318,14.39629
1300.56820,-0.19886,0.42541,57.18636,15.12956,14.53063,13.20098,14.32519
1300.57820,-0.17386,0.43665,57.05844,15.10694,14.51503,13.19318,14.24329
1300.58820,-0.17502,0.43734,57.03696,15.10542,14.50711,13.18252,14.24192
1300.59820,-0.18009,0.44031,56.94359,15.09879,14.47268,13.13616,14.23596
1300.60820,-0.20523,0.44984,56.88144,15.05794,14.50503,13.11318,14.20529
1300.61820,-0.20523,0.44984,56.88144,15.05794,14.50503,13.11318,14.20529
1300.62820,-0.20974,0.46413,56.79776,15.02636,14.52872,13.09739,14.14529
1300.63820,-0.15291,0.46656,56.94344,15.10194,14.53503,13.16869,14.13778
1300.64820,-0.15246,0.46843,56.96357,15.10803,14.54407,13.17318,14.13829
1300.65820,-0.17693,0.48431,57.04644,15.11694,14.61803,13.17318,14.13829
1300.66820,-0.17693,0.48431,57.04644,15.11694,14.61803,13.17318,14.13829
1300.67820,-0.15837,0.47423,57.09120,15.14456,14.58851,13.19223,14.16591
1300.68820,-0.14407,0.49332,56.99935,15.15564,14.57733,13.15438,14.11200
1300.69820,-0.14366,0.49393,56.99644,15.15594,14.57703,13.15318,14.11029
1300.70820,-0.13062,0.52034,57.05755,15.19377,14.63717,13.16288,14.06373
1300.71820,-0.14133,0.52722,57.03228,15.17651,14.65843,13.15348,14.04386
1300.72820,-0.14167,0.52741,57.03144,15.17594,14.65903,13.15318,14.04329
1300.73820,-0.10301,0.53206,57.09724,15.21260,14.66843,13.20018,14.01603
1300.74820,-0.10055,0.53235,57.10144,15.21494,14.66903,13.20318,14.01429
1300.75820,-0.10924,0.53487,56.93962,15.16575,14.63981,13.16041,13.97365
1300.76820,-0.09151,0.54009,56.94789,15.18593,14.63701,13.16766,13.95729
1300.77820,-0.08673,0.54104,56.96444,15.19494,14.63903,13.17318,13.95729
1300.78820,-0.09483,0.52524,57.10440,15.22023,14.64746,13.20691,14.02980
1300.79820,-0.09633,0.52231,57.13044,15.22494,14.64903,13.21318,14.04329
1300.80820,-0.07316,0.54907,57.11100,15.26742,14.66343,13.19158,13.98857
1300.81820,-0.07865,0.54149,57.15826,15.26758,14.66903,13.20773,14.01392
1300.82820,-0.08187,0.53749,57.17044,15.26394,14.66903,13.21318,14.02429
1300.83820,-0.08187,0.53749,57.17044,15.26394,14.66903,13.21318,14.02429
1300.84820,-0.03365,0.56157,56.85648,15.24608,14.58255,13.13798,13.88987
1300.85820,0.01057,0.55562,56.94644,15.26394,14.59703,13.22318,13.86229
1300.86820,0.02340,0.56109,56.90508,15.26777,14.58516,13.21552,13.83663
1300.87820,0.04125,0.56870,56.84763,15.27309,14.56867,13.20488,13.80099
1300.88820,0.03421,0.55941,56.72062,15.24558,14.50640,13.15954,13.80910
1300.89820,0.08668,0.54542,56.76345,15.28582,14.45380,13.20954,13.81429
1300.90820,0.10666,0.54186,56.79444,15.30394,14.44303,13.23318,13.81429
1300.91820,0.08390,0.56786,56.78076,15.32482,14.47975,13.17558,13.80061
1300.92820,0.07389,0.59484,56.82152,15.34734,14.54587,13.16038,13.76793
1300.93820,0.07344,0.60140,56.83944,15.35294,14.56603,13.16318,13.75729
1300.94820,0.09336,0.60999,56.81527,15.38146,14.54621,13.14868,13.73892
1300.95820,0.11467,0.61919,56.78944,15.41194,14.52503,13.13318,13.71929
1300.96820,0.10116,0.62800,56.77696,15.39754,14.55479,13.12358,13.70105
1300.97820,0.10733,0.63511,56.80999,15.41351,14.57396,13.13231,13.69021
1300.98820,0.15172,0.62990,56.90944,15.48094,14.54603,13.17318,13.70929
1300.99820,0.13458,0.65996,56.87011,15.49822,14.58298,13.11358,13.67532
1301.00820,0.13530,0.67159,56.81184,15.48792,14.59144,13.09552,13.63697
1301.01820,0.15591,0.65694,56.75918,15.45122,14.56378,13.13275,13.61144
1301.02820,0.14424,0.64779,56.81390,15.47114,14.54999,13.12506,13.66770
1301.03820,0.13281,0.64449,56.85944,15.49094,14.54603,13.11318,13.70929
1301.04820,0.12591,0.64469,56.84168,15.47750,14.55059,13.10863,13.70496
1301.05820,0.10812,0.64944,56.76188,15.43616,14.56159,13.08651,13.67762
1301.06820,0.12785,0.66367,56.69344,15.45094,14.54603,13.06318,13.63329
1301.07820,0.11122,0.65207,56.63137,15.40625,14.52907,13.05490,13.64115
1301.08820,0.08719,0.65463,56.57158,15.39534,14.51474,13.00437,13.65714
1301.09820,0.08675,0.67482,56.60144,15.45094,14.52503,12.96318,13.66229
1301.10820,0.08943,0.67317,56.65001,15.47256,14.52503,12.96945,13.68297
1301.11820,0.09512,0.66967,56.75334,15.51856,14.52503,12.98278,13.72697
1301.12820,0.06904,0.66543,56.79147,15.49281,14.56041,12.99348,13.74477
1301.13820,0.02043,0.65236,56.88283,15.44094,14.62803,13.02732,13.78654
1301.14820,0.02312,0.64292,56.92744,15.44094,14.62803,13.05318,13.80529
1301.15820,0.01888,0.65465,56.93240,15.44713,14.65374,13.04389,13.78763
1301.16820,0.01512,0.66935,56.94168,15.45654,14.68595,13.03418,13.76501
1301.17820,0.03529,0.62881,56.93544,15.44094,14.59703,13.07318,13.82429
1301.18820,0.04900,0.62782,56.93113,15.44774,14.58547,13.08225,13.81567
1301.19820,0.08933,0.62489,56.91847,15.46774,14.55147,13.10891,13.79034
1301.20820,0.08667,0.61486,56.92242,15.45277,14.54350,13.12238,13.80377
1301.21820,0.06064,0.58203,56.94651,15.39194,14.53503,13.16107,13.85848
1301.22820,0.07995,0.57831,56.96423,15.39194,14.53503,13.19535,13.84190
1301.23820,0.08998,0.57637,56.97344,15.39194,14.53503,13.21318,13.83329
1301.24820,0.09533,0.55171,56.89836,15.34541,14.48057,13.22904,13.84333
1301.25820,0.08456,0.52147,56.86035,15.29214,14.43852,13.24908,13.88061
1301.26820,0.07376,0.51578,56.88044,15.28394,14.44303,13.25318,13.90029
1301.27820,0.08645,0.47703,56.89509,15.24352,14.39441,13.31762,13.93954
1301.28820,0.09542,0.44965,56.90544,15.21494,14.36003,13.36318,13.96729
1301.29820,0.07205,0.42898,56.82655,15.14466,14.33780,13.36318,13.98091
1301.30820,0.04367,0.37566,56.80776,15.07905,14.26082,13.38213,14.08576
1301.31820,0.04261,0.37316,56.80844,15.07694,14.25703,13.38318,14.09129
1301.32820,0.12586,0.30715,56.89680,15.09615,14.11874,13.51764,14.16428
1301.33820,0.04736,0.25342,56.92565,14.99221,14.10334,13.53288,14.29723
1301.34820,0.04480,0.25183,56.92644,14.98894,14.10303,13.53318,14.30129
1301.35820,0.09166,0.23774,56.91879,15.05521,13.99769,13.52468,14.34122
1301.36820,0.09996,0.23524,56.91744,15.06694,13.97903,13.52318,14.34829
1301.37820,0.12926,0.15430,56.80883,14.96682,13.82206,13.60718,14.41277
1301.38820,0.10405,0.08259,56.84476,14.88283,13.74546,13.67615,14.54032
1301.39820,0.08938,0.05503,56.87144,14.85094,13.72203,13.70218,14.59629
1301.40820,0.04988,0.05689,56.81171,14.83458,13.71303,13.63673,14.62738
1301.41820,0.06929,0.03573,56.78164,14.80350,13.67631,13.67818,14.62365
1301.42820,0.09145,0.01878,56.76844,14.78194,13.64903,13.72218,14.61529
1301.43820,0.05371,0.02212,56.75182,14.78194,13.64903,13.66436,14.65648
1301.44820,0.03922,0.02341,56.74544,14.78194,13.64903,13.64218,14.67229
1301.45820,0.03586,-0.02566,56.79926,14.73903,13.59667,13.70763,14.75592
1301.46820,0.01911,-0.02249,56.85908,14.75630,13.61716,13.69834,14.78729
1301.47820,0.00259,0.00050,56.90144,14.79194,13.66003,13.66218,14.78729
1301.48820,0.00116,-0.00439,56.82175,14.76428,13.63566,13.64812,14.77369
1301.49820,-0.01011,0.01398,56.74856,14.75861,13.65045,13.60241,14.73708
1301.50820,-0.02639,0.05431,56.77744,14.80194,13.72203,13.55218,14.70129
1301.51820,-0.04075,0.08493,56.70771,14.82518,13.73991,13.47530,14.66732
1301.52820,-0.05051,0.10573,56.66044,14.84094,13.75203,13.42318,14.64429
1301.53820,-0.04036,0.11434,56.63382,14.84889,13.75203,13.41523,14.61766
1301.54820,-0.03807,0.13102,56.57658,14.85537,13.75803,13.38318,14.58000
1301.55820,-0.11700,0.15271,56.47544,14.82194,13.79403,13.26318,14.59629
1301.56820,-0.10415,0.14405,56.48752,14.82612,13.77452,13.28177,14.60511
1301.57820,-0.10820,0.14585,56.54227,14.82667,13.80615,13.30318,14.60627
1301.58820,-0.12901,0.15885,56.58744,14.82194,13.86603,13.30318,14.59629
1301.59820,-0.12901,0.15885,56.58744,14.82194,13.86603,13.30318,14.59629
1301.60820,-0.12952,0.13479,56.60164,14.84253,13.79290,13.28898,14.67723
1301.61820,-0.15054,0.09745,56.64743,14.79463,13.77119,13.33215,14.74946
1301.62820,-0.15522,0.09125,56.65644,14.78194,13.77303,13.34318,14.75829
1301.63820,-0.16150,0.02249,56.59176,14.69962,13.65207,13.38518,14.85489
1301.64820,-0.16270,0.00937,56.57944,14.68394,13.62903,13.39318,14.87329
1301.65820,-0.13622,-0.01436,56.61142,14.67552,13.59453,13.45209,14.88928
1301.66820,-0.22175,-0.07351,56.77173,14.59765,13.60518,13.49747,15.07143
1301.67820,-0.23679,-0.08259,56.79744,14.58494,13.60803,13.50318,15.10129
1301.68820,-0.18305,-0.16072,56.71594,14.49955,13.45861,13.61865,15.13913
1301.69820,-0.24638,-0.22284,56.60644,14.37894,13.37103,13.60218,15.25429
1301.70820,-0.24792,-0.23135,56.60090,14.36528,13.36084,13.61109,15.26369
1301.71820,-0.26194,-0.30894,56.55044,14.24094,13.26803,13.69218,15.34929
1301.72820,-0.26116,-0.31690,56.55089,14.23310,13.25633,13.70127,15.36020
1301.73820,-0.25821,-0.39094,56.56016,14.16329,13.14699,13.77951,15.47037
1301.74820,-0.27263,-0.44488,56.58616,14.12395,13.06499,13.81285,15.58437
1301.75820,-0.27666,-0.45998,56.59344,14.11294,13.04203,13.82218,15.61629
1301.76820,-0.30138,-0.55811,56.59467,14.02494,12.88703,13.87848,15.80422
1301.77820,-0.30416,-0.58426,56.72571,14.02221,12.88703,13.94218,15.87429
1301.78820,-0.31713,-0.59372,56.69903,13.98910,12.88396,13.94515,15.88082
1301.79820,-0.33912,-0.62735,56.70444,13.93594,12.85603,13.97218,15.94029
1301.80820,-0.33912,-0.62735,56.70444,13.93594,12.85603,13.97218,15.94029
1301.81820,-0.33777,-0.71904,56.57770,13.82263,12.68193,14.02488,16.04826
1301.82820,-0.39693,-0.75653,56.68144,13.76894,12.69103,14.05218,16.16929
1301.83820,-0.39693,-0.75653,56.68144,13.76894,12.69103,14.05218,16.16929
1301.84820,-0.37614,-0.80115,56.54812,13.69106,12.59599,14.09178,16.16929
1301.85820,-0.36539,-0.82423,56.47944,13.65094,12.54703,14.11218,16.16929
1301.86820,-0.42117,-0.86366,56.62785,13.62184,12.54703,14.14128,16.31770
1301.87820,-0.48916,-0.91064,56.69583,13.52682,12.55664,14.18060,16.43177
1301.88820,-0.49189,-0.91253,56.69844,13.52294,12.55703,14.18218,16.43629
1301.89820,-0.50355,-0.92229,56.69158,13.47493,12.57761,14.21157,16.42747
1301.90820,-0.56714,-0.96379,56.60898,13.32096,12.59058,14.24206,16.45537
1301.91820,-0.60991,-0.99167,56.55344,13.21794,12.59903,14.26218,16.47429
1301.92820,-0.61346,-1.06131,56.51580,13.12139,12.50576,14.33582,16.55283
1301.93820,-0.55723,-1.12439,56.57716,13.09994,12.39851,14.46054,16.61817
1301.94820,-0.59805,-1.16261,56.45903,12.96853,12.38203,14.48118,16.62729
1301.95820,-0.61953,-1.18808,56.42353,12.90100,12.37061,14.50346,16.64845
1301.96820,-0.63279,-1.21163,56.41279,12.85167,12.35686,14.53031,16.67396
1301.97820,-0.64605,-1.23519,56.40205,12.80234,12.34310,14.55715,16.69946
1301.98820,-0.69048,-1.35365,56.32944,12.59055,12.22987,14.67593,16.83309
1301.99820,-0.70724,-1.39904,56.30144,12.50994,12.18603,14.72118,16.88429
1302.00820,-0.68950,-1.42975,56.19602,12.43177,12.14229,14.77138,16.85058
1302.01820,-0.68249,-1.44189,56.15444,12.40094,12.12503,14.79118,16.83729
1302.02820,-0.69589,-1.46662,56.11680,12.34899,12.09967,14.80754,16.86060
1302.03820,-0.71453,-1.50103,56.06453,12.27683,12.06444,14.83027,16.89299
1302.04820,-0.70465,-1.61917,55.95544,12.09594,11.90803,14.97118,16.98029
1302.05820,-0.72486,-1.65008,55.83007,12.03853,11.83597,14.94189,17.01368
1302.06820,-0.72937,-1.67942,55.76441,12.00190,11.77276,14.94098,17.04877
1302.07820,-0.71438,-1.69071,55.79944,12.00794,11.75403,14.97118,17.06629
1302.08820,-0.71599,-1.70101,55.65985,11.95718,11.72019,14.95238,17.03010
1302.09820,-0.73489,-1.73951,55.50009,11.85341,11.66229,14.95468,17.02971
1302.10820,-0.75416,-1.76975,55.49744,11.80094,11.64003,14.98118,17.07529
1302.11820,-0.73863,-1.76755,55.56350,11.82898,11.64526,15.00494,17.08432
1302.12820,-0.72153,-1.76512,55.63644,11.85994,11.65103,15.03118,17.09429
1302.13820,-0.72153,-1.76512,55.63644,11.85994,11.65103,15.03118,17.09429
1302.14820,-0.79544,-1.76264,55.63366,11.81094,11.70492,14.98388,17.13392
1302.15820,-0.80593,-1.75172,55.58519,11.81094,11.71105,14.94707,17.11613
1302.16820,-0.80528,-1.74049,55.56535,11.82097,11.72000,14.92832,17.09606
1302.17820,-0.79880,-1.71412,55.53178,11.84883,11.74215,14.89261,17.04820
1302.18820,-0.85930,-1.74144,55.50944,11.77194,11.74303,14.88118,17.11329
1302.19820,-0.85387,-1.73915,55.59624,11.79609,11.76123,14.90568,17.13324
1302.20820,-0.84383,-1.73492,55.75744,11.84094,11.79503,14.95118,17.17029
1302.21820,-0.84383,-1.73492,55.75744,11.84094,11.79503,14.95118,17.17029
1302.22820,-0.87187,-1.68119,55.76007,11.86399,11.90451,14.89329,17.09829
1302.23820,-0.86224,-1.65105,55.78770,11.92255,11.93148,14.86039,17.07329
1302.24820,-0.87084,-1.62582,55.79681,11.95010,11.96955,14.82613,17.05103
1302.25820,-0.90329,-1.55475,55.79044,11.99467,12.09616,14.73669,16.96292
1302.26820,-0.88313,-1.50586,55.75244,12.01794,12.17603,14.72118,16.83729
1302.27820,-0.88313,-1.50586,55.75244,12.01794,12.17603,14.72118,16.83729
1302.28820,-0.91465,-1.42731,55.93744,12.11594,12.35103,14.67118,16.79929
1302.29820,-0.91240,-1.42197,55.93417,12.12210,12.35652,14.66637,16.78918
1302.30820,-0.88731,-1.36270,55.89780,12.19055,12.41748,14.61289,16.67688
1302.31820,-0.86174,-1.21483,56.05544,12.40094,12.64003,14.51118,16.50329
1302.32820,-0.86209,-1.20967,56.04751,12.40461,12.64551,14.50325,16.49414
1302.33820,-0.86558,-1.15797,55.96826,12.44131,12.70030,14.42400,16.40265
1302.34820,-0.85738,-1.10742,55.92679,12.49491,12.75205,14.36108,16.31875
1302.35820,-0.80785,-1.06154,56.01929,12.60841,12.79305,14.35608,16.26175
1302.36820,-0.76610,-1.01889,56.09420,12.70820,12.83216,14.34643,16.20740
1302.37820,-0.74122,-0.96528,56.11544,12.79494,12.88703,14.30218,16.13129
1302.38820,-0.73870,-0.96384,56.12124,12.79629,12.89189,14.30690,16.12616
1302.39820,-0.71578,-0.95073,56.17400,12.80856,12.93606,14.34985,16.07953
1302.40820,-0.67508,-0.85363,56.19760,12.94646,13.04831,14.27618,15.92665
1302.41820,-0.67529,-0.81451,56.26865,12.97807,13.14611,14.27871,15.86575
1302.42820,-0.67183,-0.76157,56.30954,13.02213,13.25178,14.25895,15.77667
1302.43820,-0.67060,-0.75159,56.31044,13.03094,13.26803,14.25218,15.75929
1302.44820,-0.61388,-0.66898,56.57746,13.17432,13.45435,14.31228,15.63651
1302.45820,-0.60459,-0.65545,56.62144,13.19794,13.48503,14.32218,15.61629
1302.46820,-0.58989,-0.60235,56.64887,13.29908,13.52875,14.25361,15.56743
1302.47820,-0.49340,-0.50871,56.72752,13.50071,13.59734,14.21664,15.41283
1302.48820,-0.47703,-0.49395,56.74044,13.53294,13.60803,14.21218,15.38729
1302.49820,-0.42524,-0.45273,56.72673,13.61694,13.62003,14.18932,15.30043
1302.50820,-0.36069,-0.40232,56.67741,13.68717,13.65144,14.17941,15.15940
1302.51820,-0.35083,-0.39484,56.66244,13.68994,13.66003,14.18218,15.13029
1302.52820,-0.32051,-0.35843,56.62428,13.72522,13.69675,14.16778,15.03453
1302.53820,-0.30871,-0.34426,56.60944,13.73894,13.71103,14.16218,14.99729
1302.54820,-0.26915,-0.31202,56.64450,13.80797,13.73908,14.16218,14.93526
1302.55820,-0.23088,-0.28499,56.63646,13.83371,13.77660,14.18252,14.84363
1302.56820,-0.22874,-0.28521,56.61844,13.81794,13.78303,14.19218,14.82529
1302.57820,-0.21845,-0.27823,56.61276,13.82859,13.78694,14.19218,14.80506
1302.58820,-0.23193,-0.25367,56.52984,13.84194,13.79403,14.12018,14.77369
1302.59820,-0.25345,-0.24573,56.48144,13.83794,13.79403,14.07218,14.77729
1302.60820,-0.25338,-0.26045,56.44628,13.79682,13.78152,14.09602,14.77192
1302.61820,-0.25333,-0.27044,56.42244,13.76894,13.77303,14.11218,14.76829
1302.62820,-0.25047,-0.26076,56.45391,13.79215,13.78916,14.10825,14.76435
1302.63820,-0.24905,-0.25164,56.49591,13.82228,13.80213,14.10073,14.77077
1302.64820,-0.26659,-0.28582,56.45744,13.78894,13.73203,14.09218,14.84429
1302.65820,-0.25458,-0.29489,56.38856,13.76598,13.69897,14.09677,14.82684
1302.66820,-0.23901,-0.32554,56.38003,13.73010,13.65491,14.14871,14.84631
1302.67820,-0.23742,-0.34838,56.46344,13.71994,13.64903,14.20218,14.89229
1302.68820,-0.25327,-0.37067,56.41880,13.66762,13.62455,14.21178,14.91485
1302.69820,-0.27046,-0.39486,56.37044,13.61094,13.59803,14.22218,14.93929
1302.70820,-0.27046,-0.39486,56.37044,13.61094,13.59803,14.22218,14.93929
1302.71820,-0.27395,-0.43982,56.24567,13.52435,13.51349,14.24263,14.96520
1302.72820,-0.26626,-0.48462,56.27960,13.47674,13.46683,14.31698,15.01905
1302.73820,-0.26265,-0.49383,56.31544,13.47394,13.46403,14.34218,15.03529
1302.74820,-0.29370,-0.51361,56.25889,13.41256,13.44955,14.33528,15.06149
1302.75820,-0.32802,-0.55665,56.24489,13.33556,13.41369,14.36081,15.13484
1302.76820,-0.33609,-0.57021,56.24944,13.31594,13.40203,14.37218,15.15929
1302.77820,-0.37751,-0.62319,56.24368,13.23146,13.35307,14.40002,15.25913
1302.78820,-0.38123,-0.62954,56.25898,13.22309,13.35301,14.41108,15.27180
1302.79820,-0.40837,-0.66912,56.41556,13.17363,13.37850,14.50208,15.36135
1302.80820,-0.49991,-0.68932,56.56844,13.11994,13.45403,14.51118,15.48329
1302.81820,-0.50206,-0.69112,56.58478,13.11891,13.45827,14.51739,15.49022
1302.82820,-0.53282,-0.71261,56.67430,13.07298,13.49283,14.56678,15.54171
1302.83820,-0.57611,-0.73367,56.48944,12.94194,13.48503,14.55118,15.51129
1302.84820,-0.57506,-0.73214,56.50423,12.95265,13.48503,14.54904,15.51750
1302.85820,-0.57120,-0.72653,56.55844,12.99194,13.48503,14.54118,15.54029
1302.86820,-0.57120,-0.72653,56.55844,12.99194,13.48503,14.54118,15.54029
1302.87820,-0.62574,-0.78465,56.36929,12.80695,13.43777,14.56309,15.56148
1302.88820,-0.68835,-0.79236,56.27854,12.72197,13.46147,14.52263,15.57247
1302.89820,-0.72563,-0.79689,56.21469,12.66734,13.47522,14.49794,15.57419
1302.90820,-0.76329,-0.80278,56.08867,12.58353,13.48593,14.47208,15.54713
1302.91820,-0.80658,-0.82527,56.13144,12.53894,13.49503,14.48118,15.61629
1302.92820,-0.80761,-0.82733,56.12493,12.53243,13.49346,14.48321,15.61583
1302.93820,-0.81913,-0.85023,56.05262,12.46012,13.47594,14.50581,15.61074
1302.94820,-0.82698,-0.86584,56.00344,12.41094,13.46403,14.52118,15.60729
1302.95820,-0.81768,-0.88967,55.97078,12.37506,13.42631,14.55338,15.61603
1302.96820,-0.83114,-0.91654,55.83630,12.29660,13.37697,14.54978,15.61295
1302.97820,-0.85989,-0.91520,55.72344,12.25394,13.37103,14.50118,15.59729
1302.98820,-0.81937,-0.90489,55.77367,12.29161,13.38166,14.53982,15.56058
1302.99820,-0.85960,-0.95256,55.82298,12.21714,13.36212,14.58615,15.65757
1303.00820,-0.88276,-0.97927,55.84944,12.17494,13.35103,14.61118,15.71229
1303.01820,-0.80439,-0.99821,55.79652,12.20014,13.25527,14.66158,15.67953
1303.02820,-0.78945,-1.00183,55.78644,12.20494,13.23703,14.67118,15.67329
1303.03820,-0.79724,-1.03754,55.78981,12.17969,13.17644,14.68801,15.74566
1303.04820,-0.80358,-1.07986,55.75187,12.15008,13.08532,14.69118,15.82529
1303.05820,-0.80440,-1.08580,55.74544,12.14594,13.07203,14.69118,15.83629
1303.06820,-0.75148,-1.09263,55.73888,12.16918,13.02912,14.73290,15.80768
1303.07820,-0.73054,-1.14182,55.69332,12.08516,12.97239,14.82185,15.81390
1303.08820,-0.73777,-1.16337,55.67344,12.03694,12.95903,14.85118,15.82629
1303.09820,-0.74030,-1.18246,55.63867,12.01689,12.91690,14.85118,15.85370
1303.10820,-0.74382,-1.20900,55.59037,11.98905,12.85837,14.85118,15.89176
1303.11820,-0.74396,-1.21006,55.58844,11.98794,12.85603,14.85118,15.89329
1303.12820,-0.69698,-1.33255,55.63751,11.91061,12.65641,15.01257,16.05792
1303.13820,-0.67850,-1.34600,55.62344,11.91894,12.60903,15.02118,16.07429
1303.14820,-0.68774,-1.36759,55.65661,11.89170,12.59821,15.05261,16.11410
1303.15820,-0.68869,-1.42857,55.63726,11.81309,12.51951,15.12062,16.18404
1303.16820,-0.67047,-1.45192,55.54644,11.78194,12.45403,15.13118,16.17929
1303.17820,-0.65454,-1.47294,55.60034,11.78665,12.42159,15.17304,16.21905
1303.18820,-0.64005,-1.49205,55.64944,11.79094,12.39203,15.21118,16.25529
1303.19820,-0.65814,-1.52998,55.48412,11.71675,12.30207,15.18197,16.28333
1303.20820,-0.66308,-1.56937,55.36138,11.65226,12.21779,15.18064,16.31068
1303.21820,-0.65052,-1.58859,55.35344,11.63394,12.18603,15.21118,16.32229
1303.22820,-0.63814,-1.61660,55.36880,11.62044,12.13810,15.24794,16.36231
1303.23820,-0.62872,-1.66883,55.38086,11.56823,12.06863,15.31806,16.42594
1303.24820,-0.63424,-1.69195,55.37444,11.52594,12.05203,15.35018,16.44629
1303.25820,-0.63515,-1.69238,55.37629,11.53361,12.04410,15.34225,16.45633
1303.26820,-0.63712,-1.69333,55.38031,11.55027,12.02686,15.32501,16.47817
1303.27820,-0.62295,-1.69454,55.37801,11.56181,12.01139,15.33048,16.47433
1303.28820,-0.58059,-1.70699,55.35550,11.58187,11.95153,15.35365,16.46845
1303.29820,-0.55380,-1.72704,55.32544,11.59494,11.87703,15.36018,16.49329
1303.30820,-0.56990,-1.72423,55.32113,11.58814,11.88882,15.34431,16.49986
1303.31820,-0.61726,-1.71597,55.30847,11.56814,11.92349,15.29765,16.51919
1303.32820,-0.56531,-1.75285,55.23244,11.55494,11.81503,15.34018,16.52229
1303.33820,-0.56258,-1.75461,55.24252,11.56124,11.80873,15.34228,16.53027
1303.34820,-0.55229,-1.76123,55.28044,11.58494,11.78503,15.35018,16.56029
1303.35820,-0.55229,-1.76123,55.28044,11.58494,11.78503,15.35018,16.56029
1303.36820,-0.58641,-1.80204,55.33733,11.51683,11.77814,15.40240,16.63995
1303.37820,-0.54764,-1.81984,55.47344,11.55494,11.75403,15.48018,16.68429
1303.38820,-0.54764,-1.81984,55.47344,11.55494,11.75403,15.48018,16.68429
1303.39820,-0.56136,-1.85227,55.36785,11.51144,11.67441,15.45467,16.72733
1303.40820,-0.51955,-1.84773,55.05544,11.46694,11.59903,15.40018,16.58929
1303.41820,-0.51953,-1.84679,55.06093,11.46784,11.60272,15.40198,16.58839
1303.42820,-0.51937,-1.83721,55.11644,11.47694,11.64003,15.42018,16.57929
1303.43820,-0.51937,-1.83721,55.11644,11.47694,11.64003,15.42018,16.57929
1303.44820,-0.60830,-1.87834,55.06653,11.34767,11.64903,15.41200,16.65783
1303.45820,-0.56340,-1.90529,55.15144,11.36794,11.59903,15.49018,16.69429
1303.46820,-0.56340,-1.90529,55.15144,11.36794,11.59903,15.49018,16.69429
1303.47820,-0.56636,-1.90321,55.13937,11.37035,11.59662,15.47811,16.69429
1303.48820,-0.58039,-1.90690,55.08648,11.36468,11.57135,15.44018,16.71027
1303.49820,-0.58952,-1.92676,55.05744,11.33894,11.53703,15.44018,16.74129
1303.50820,-0.60725,-1.93074,55.13238,11.35282,11.54467,15.44018,16.79472
1303.51820,-0.61506,-1.93250,55.16544,11.35894,11.54803,15.44018,16.81829
1303.52820,-0.60316,-1.95443,55.17417,11.32015,11.53737,15.49836,16.81829
1303.53820,-0.59830,-1.96066,55.09749,11.30665,11.50405,15.48078,16.80600
1303.54820,-0.59584,-1.96369,55.05544,11.29994,11.48603,15.47018,16.79929
1303.55820,-0.61696,-1.93232,55.05712,11.32430,11.53811,15.41978,16.77493
1303.56820,-0.61755,-1.92078,55.06592,11.34591,11.54803,15.40170,16.77029
1303.57820,-0.61694,-1.91979,55.06744,11.34894,11.54803,15.40018,16.77029
1303.58820,-0.60037,-1.90454,55.16086,11.37335,11.59937,15.44226,16.74588
1303.59820,-0.59726,-1.90167,55.17844,11.37794,11.60903,15.45018,16.74129
1303.60820,-0.62364,-1.81255,55.55194,11.51069,11.84903,15.46518,16.72704
1303.61820,-0.63467,-1.49465,56.23444,11.92358,12.50719,15.36938,16.43429
1303.62820,-0.63556,-1.38402,56.45144,12.06694,12.73203,15.33018,16.32229
1303.63820,-0.66645,-1.01530,56.46422,12.45105,13.26666,14.91199,15.83452
1303.64820,-0.70037,-0.54401,56.41422,12.92565,13.93542,14.36897,15.18419
1303.65820,-0.70879,-0.41735,56.39244,13.05094,14.11303,14.22218,15.00629
1303.66820,-0.71409,-0.30310,56.30162,13.15422,14.24812,14.06808,14.83120
1303.67820,-0.72502,-0.06775,56.11544,13.36594,14.52503,13.75218,14.47229
1303.68820,-0.73667,0.08288,55.97325,13.47037,14.71973,13.56397,14.21918
1303.69820,-0.70846,0.31279,55.82016,13.69339,14.98247,13.30338,13.84092
1303.70820,-0.68316,0.39964,55.78244,13.79794,15.07103,13.21318,13.70029
1303.71820,-0.72184,0.43088,55.70586,13.79794,15.10774,13.12634,13.67384
1303.72820,-0.77554,0.48996,55.61323,13.81604,15.18567,12.99449,13.61702
1303.73820,-0.73717,0.56257,55.77744,13.93594,15.32903,13.00318,13.50929
1303.74820,-0.73667,0.59383,55.93979,14.00559,15.42127,13.01259,13.50035
1303.75820,-0.73611,0.62878,56.12244,14.08394,15.52503,13.02318,13.49029
1303.76820,-0.72281,0.63644,56.30532,14.17096,15.55342,13.04179,13.53915
1303.77820,-0.70942,0.65448,56.58923,14.30428,15.61474,13.06318,13.60702
1303.78820,-0.71331,0.67461,56.74963,14.37677,15.67716,13.06318,13.63252
1303.79820,-0.70503,0.69234,56.75964,14.40285,15.70052,13.05278,13.60348
1303.80820,-0.67641,0.72454,56.75516,14.45780,15.72335,13.03318,13.54083
1303.81820,-0.65155,0.72437,56.72744,14.47694,15.68903,13.03318,13.52829
1303.82820,-0.65763,0.71798,56.73877,14.47448,15.68164,13.03318,13.54948
1303.83820,-0.67548,0.69923,56.77211,14.46723,15.65990,13.03318,13.61179
1303.84820,-0.68123,0.69522,56.76516,14.45722,15.65624,13.03228,13.61942
1303.85820,-0.73591,0.65744,56.69126,14.35894,15.62140,13.02318,13.68774
1303.86820,-0.77207,0.60995,56.78944,14.35894,15.55503,13.02318,13.85229
1303.87820,-0.76336,0.60668,56.79808,14.35894,15.55143,13.03878,13.84893
1303.88820,-0.70792,0.56286,56.85165,14.32412,15.50518,13.17222,13.85013
1303.89820,-0.73044,0.50966,56.82544,14.23094,15.45203,13.22318,13.91929
1303.90820,-0.72305,0.50332,56.84677,14.23983,15.43848,13.23429,13.93418
1303.91820,-0.69726,0.48116,56.92144,14.27094,15.39103,13.27318,13.98629
1303.92820,-0.68726,0.46851,56.91598,14.26254,15.36499,13.29208,13.99637
1303.93820,-0.65557,0.41166,56.91241,14.21015,15.27361,13.38439,14.04426
1303.94820,-0.67760,0.37746,56.97544,14.13294,15.29803,13.46318,14.08129
1303.95820,-0.67406,0.37185,56.97740,14.13154,15.28641,13.47018,14.08927
1303.96820,-0.65723,0.34511,56.98673,14.12487,15.23108,13.50351,14.12727
1303.97820,-0.69785,0.31591,57.21444,14.13294,15.26703,13.55218,14.26229
1303.98820,-0.69105,0.31405,57.21057,14.13555,15.25776,13.55668,14.26058
1303.99820,-0.62226,0.29521,57.17144,14.16194,15.16403,13.60218,14.24329
1304.00820,-0.62373,0.29535,57.19399,14.16730,15.17058,13.60582,14.25029
1304.01820,-0.64035,0.29572,57.41806,14.21837,15.23538,13.64152,14.32279
1304.02820,-0.65961,0.28573,57.40424,14.19272,15.22880,13.63494,14.34779
1304.03820,-0.66770,0.28153,57.39844,14.18194,15.22603,13.63218,14.35829
1304.04820,-0.63867,0.29667,57.37711,14.24885,15.18628,13.59339,14.34859
1304.05820,-0.67604,0.32772,57.42106,14.23154,15.30434,13.58248,14.30270
1304.06820,-0.67722,0.32867,57.42244,14.23094,15.30803,13.58218,14.30129
1304.07820,-0.64972,0.35929,57.26724,14.28817,15.24789,13.48615,14.24503
1304.08820,-0.64887,0.36024,57.26244,14.28994,15.24603,13.48318,14.24329
1304.09820,-0.67623,0.36519,57.35571,14.27439,15.32212,13.50773,14.25147
1304.10820,-0.68705,0.37707,57.36031,14.31059,15.31820,13.45942,14.27210
1304.11820,-0.68937,0.38234,57.35244,14.32994,15.30803,13.43318,14.28129
1304.12820,-0.70327,0.37375,57.52545,14.32178,15.38393,13.50663,14.31311
1304.13820,-0.66709,0.37323,57.47379,14.31994,15.35779,13.53150,14.26456
1304.14820,-0.65912,0.37352,57.45544,14.31994,15.34903,13.53318,14.25329
1304.15820,-0.65508,0.37745,57.43551,14.33127,15.33731,13.51755,14.24938
1304.16820,-0.64877,0.38358,57.40444,14.34894,15.31903,13.49318,14.24329
1304.17820,-0.67404,0.35556,57.46125,14.30768,15.31903,13.52846,14.30608
1304.18820,-0.64894,0.32432,57.56738,14.32702,15.27553,13.59390,14.37093
1304.19820,-0.62049,0.31590,57.61344,14.35894,15.24603,13.62218,14.38629
1304.20820,-0.65235,0.33477,57.58040,14.35304,15.28261,13.56967,14.37508
1304.21820,-0.63182,0.33564,57.49505,14.35572,15.23818,13.55285,14.34830
1304.22820,-0.61154,0.32981,57.46544,14.35894,15.20503,13.56218,14.33929
1304.23820,-0.61154,0.32981,57.46544,14.35894,15.20503,13.56218,14.33929
1304.24820,-0.58606,0.34343,57.37744,14.37894,15.17403,13.53318,14.29129
1304.25820,-0.60149,0.33538,57.37095,14.35534,15.17403,13.53318,14.30840
1304.26820,-0.60838,0.32633,57.45285,14.37470,15.17403,13.54450,14.35962
1304.27820,-0.60578,0.32399,57.51144,14.39894,15.17403,13.55218,14.38629
1304.28820,-0.60797,0.31747,57.30405,14.32395,15.12599,13.52347,14.33063
1304.29820,-0.62301,0.31381,57.13738,14.26307,15.09203,13.48351,14.29876
1304.30820,-0.64382,0.31531,57.10644,14.25094,15.09203,13.45318,14.31029
1304.31820,-0.63994,0.31721,57.11915,14.26080,15.09346,13.45461,14.31029
1304.32820,-0.61670,0.32857,57.19544,14.31994,15.10203,13.46318,14.31029
1304.33820,-0.61124,0.31292,57.16245,14.29253,15.07323,13.48177,14.31493
1304.34820,-0.61509,0.28033,57.13282,14.22883,15.04003,13.52598,14.33797
1304.35820,-0.62674,0.26364,57.14244,14.19194,15.04003,13.55218,14.35829
1304.36820,-0.61332,0.25441,57.16912,14.19501,15.02746,13.57978,14.36687
1304.37820,-0.58420,0.23436,57.22712,14.20167,15.00013,13.63978,14.38554
1304.38820,-0.62437,0.21228,57.22044,14.12294,15.02003,13.66218,14.41529
1304.39820,-0.62019,0.21420,57.22211,14.14927,14.99937,13.64218,14.43129
1304.40820,-0.62763,0.20643,57.23034,14.17256,14.96075,13.61306,14.48396
1304.41820,-0.66988,0.17535,57.24344,14.09394,14.96803,13.64218,14.53929
1304.42820,-0.67152,0.16948,57.22180,14.07915,14.95710,13.64432,14.54122
1304.43820,-0.67751,0.14793,57.14244,14.02494,14.91703,13.65218,14.54829
1304.44820,-0.67604,0.14450,57.12543,14.01654,14.90821,13.65428,14.54640
1304.45820,-0.67513,0.12994,57.06526,13.98494,14.87291,13.65794,14.54947
1304.46820,-0.69229,0.12393,57.07944,13.98494,14.86503,13.64218,14.58729
1304.47820,-0.69096,0.12116,57.09649,13.98085,14.87081,13.65627,14.58856
1304.48820,-0.68464,0.10801,57.17770,13.96139,14.89833,13.72339,14.59460
1304.49820,-0.73313,0.06563,57.23644,13.88694,14.89603,13.76218,14.69129
1304.50820,-0.73262,0.06348,57.22414,13.87990,14.89149,13.76396,14.68879
1304.51820,-0.72732,0.04143,57.09844,13.80794,14.84503,13.78218,14.66329
1304.52820,-0.73034,0.03773,57.10894,13.80504,14.84393,13.78618,14.67379
1304.53820,-0.75688,0.00418,57.20200,13.77795,14.83354,13.82317,14.76735
1304.54820,-0.75163,0.00112,57.18765,13.76805,14.82859,13.83307,14.75794
1304.55820,-0.74680,-0.00169,57.17444,13.75894,14.82403,13.84218,14.74929
1304.56820,-0.72440,-0.00954,57.19268,13.76854,14.80387,13.87098,14.74929
1304.57820,-0.70600,-0.02835,57.34224,13.80638,14.79343,13.92978,14.81265
1304.58820,-0.70528,-0.02912,57.34844,13.80794,14.79303,13.93218,14.81529
1304.59820,-0.74840,-0.02338,57.35981,13.77382,14.84728,13.91468,14.82404
1304.60820,-0.75456,-0.02256,57.36144,13.76894,14.85503,13.91218,14.82529
1304.61820,-0.71937,-0.01482,57.28602,13.80050,14.80529,13.89078,14.78945
1304.62820,-0.68590,-0.00672,57.24066,13.83468,14.76877,13.87892,14.75829
1304.63820,-0.68455,-0.00607,57.25044,13.83794,14.77203,13.88218,14.75829
1304.64820,-0.70679,-0.00758,57.22440,13.82114,14.77203,13.85698,14.77425
1304.65820,-0.72507,-0.03349,57.18900,13.77904,14.73144,13.85782,14.82070
1304.66820,-0.73594,-0.05334,57.16544,13.74894,14.70003,13.86218,14.85429
1304.67820,-0.67253,-0.05668,57.26117,13.82994,14.65831,13.91127,14.86165
1304.68820,-0.65847,-0.05741,57.28244,13.84794,14.64903,13.92218,14.86329
1304.69820,-0.70673,-0.05372,57.26818,13.79913,14.70003,13.90024,14.86877
1304.70820,-0.73065,-0.05003,57.22310,13.75894,14.72705,13.88701,14.85009
1304.71820,-0.71370,-0.04934,57.18744,13.75894,14.71103,13.89218,14.82529
1304.72820,-0.69770,-0.04099,57.15057,13.78778,14.68475,13.86662,14.81141
1304.73820,-0.70079,-0.04036,57.08524,13.79054,14.65103,13.82818,14.81549
1304.74820,-0.72143,-0.04963,57.08444,13.75894,14.65903,13.83218,14.83429
1304.75820,-0.71069,-0.05061,57.15135,13.78978,14.65903,13.84786,14.85467
1304.76820,-0.70090,-0.05151,57.21244,13.81794,14.65903,13.86218,14.87329
1304.77820,-0.71390,-0.06296,57.20111,13.77965,14.66294,13.87781,14.88071
1304.78820,-0.73403,-0.08284,57.18834,13.71994,14.66645,13.90476,14.89719
1304.79820,-0.73295,-0.09632,57.22144,13.71994,14.64903,13.92218,14.93029
1304.80820,-0.75372,-0.09972,57.22735,13.70469,14.65868,13.91284,14.95114
1304.81820,-0.79789,-0.10696,57.23994,13.67224,14.67921,13.89297,14.99551
1304.82820,-0.76993,-0.11171,57.20044,13.67094,14.64903,13.91218,14.96829
1304.83820,-0.77439,-0.11115,57.19183,13.66664,14.65047,13.90644,14.96829
1304.84820,-0.78752,-0.10952,57.16652,13.65398,14.65469,13.88956,14.96829
1304.85820,-0.80066,-0.10788,57.14120,13.64132,14.65891,13.87269,14.96829
1304.86820,-0.80945,-0.11254,57.26262,13.66958,14.67908,13.89127,15.02270
1304.87820,-0.80614,-0.06412,57.19644,13.70838,14.72899,13.82498,14.93409
1304.88820,-0.80599,-0.06209,57.19344,13.70994,14.73103,13.82218,14.93029
1304.89820,-0.81869,-0.08416,57.27021,13.66292,14.76078,13.88935,14.95716
1304.90820,-0.75948,-0.08863,57.10762,13.67936,14.65246,13.87279,14.90301
1304.91820,-0.76411,-0.08718,57.11165,13.68097,14.65648,13.86701,14.90718
1304.92820,-0.82040,-0.07365,57.19144,13.68994,14.72103,13.82218,14.95829
1304.93820,-0.81988,-0.06996,57.19438,13.68994,14.73174,13.82428,14.94842
1304.94820,-0.81426,-0.05495,57.18673,13.69202,14.76351,13.82594,14.90526
1304.95820,-0.80026,-0.05060,57.11544,13.69994,14.73103,13.80218,14.88229
1304.96820,-0.80026,-0.05060,57.11544,13.69994,14.73103,13.80218,14.88229
1304.97820,-0.85733,-0.05843,57.02254,13.60712,14.75801,13.77512,14.88229
1304.98820,-0.84704,-0.07833,56.97744,13.57194,14.72103,13.80218,14.88229
1304.99820,-0.84970,-0.07721,56.98266,13.57545,14.72292,13.79768,14.88661
1305.00820,-0.87655,-0.06586,57.03544,13.61094,14.74203,13.75218,14.93029
1305.01820,-0.87655,-0.06586,57.03544,13.61094,14.74203,13.75218,14.93029
1305.02820,-0.86635,-0.05268,57.02768,13.62064,14.76143,13.75218,14.89343
1305.03820,-0.83000,-0.04112,57.04857,13.65936,14.76203,13.77139,14.85579
1305.04820,-0.82851,-0.04066,57.04944,13.66094,14.76203,13.77218,14.85429
1305.05820,-0.83008,-0.05687,56.89075,13.62176,14.68171,13.73300,14.85429
1305.06820,-0.83321,-0.03559,56.97583,13.64976,14.74921,13.74179,14.83507
1305.07820,-0.83333,-0.03471,56.97944,13.65094,14.75203,13.74218,14.83429
1305.08820,-0.85098,-0.02085,57.06776,13.66054,14.82115,13.75178,14.83429
1305.09820,-0.85171,-0.02027,57.07144,13.66094,14.82403,13.75218,14.83429
1305.10820,-0.85737,-0.03087,56.96781,13.64187,14.76491,13.71403,14.84700
1305.11820,-0.84772,-0.05780,56.95119,13.62344,14.70778,13.73718,14.88279
1305.12820,-0.84342,-0.06474,56.96544,13.62094,14.70003,13.75218,14.89229
1305.13820,-0.87968,-0.06280,56.89152,13.57978,14.70927,13.71018,14.89229
1305.14820,-0.87314,-0.09400,57.01744,13.57194,14.70170,13.78703,14.95677
1305.15820,-0.87075,-0.09962,57.04244,13.57194,14.70003,13.80218,14.96829
1305.16820,-0.85309,-0.10570,57.11281,13.57828,14.71335,13.85289,14.96829
1305.17820,-0.81266,-0.12313,57.08438,13.58194,14.65198,13.88888,14.96158
1305.18820,-0.82545,-0.14421,56.98016,13.51166,14.61803,13.89218,14.95829
1305.19820,-0.82798,-0.14817,57.04738,13.51516,14.63779,13.91767,14.97676
1305.20820,-0.82321,-0.14724,57.10144,13.53294,14.64903,13.93218,14.98729
1305.21820,-0.80801,-0.16260,57.08952,13.53294,14.60469,13.94648,15.00541
1305.22820,-0.78892,-0.16860,57.11133,13.55292,14.58042,13.96218,15.01580
1305.23820,-0.78422,-0.14743,57.17944,13.59194,14.62803,13.96218,14.99729
1305.24820,-0.79384,-0.15231,57.09984,13.55963,14.60883,13.94345,14.98792
1305.25820,-0.80742,-0.16094,57.00867,13.52294,14.57898,13.91834,14.98841
1305.26820,-0.81166,-0.16588,57.00744,13.52294,14.56603,13.91218,15.00629
1305.27820,-0.78056,-0.14970,57.09784,13.60210,14.57192,13.91753,15.00629
1305.28820,-0.75359,-0.13568,57.17644,13.67094,14.57703,13.92218,15.00629
1305.29820,-0.75359,-0.13568,57.17644,13.67094,14.57703,13.92218,15.00629
1305.30820,-0.76016,-0.14075,57.03504,13.59940,14.56603,13.91683,14.95278
1305.31820,-0.75136,-0.13849,57.08744,13.63094,14.56603,13.92218,14.96829
1305.32820,-0.75975,-0.13611,57.08687,13.63661,14.56603,13.90517,14.97906
1305.33820,-0.78268,-0.13269,57.08442,13.63947,14.57053,13.87089,15.00353
1305.34820,-0.79282,-0.14790,57.07844,13.57194,14.59703,13.92218,14.98729
1305.35820,-0.79282,-0.14790,57.07844,13.57194,14.59703,13.92218,14.98729
1305.36820,-0.79137,-0.15149,57.15544,13.61094,14.58703,13.92218,15.03529
1305.37820,-0.79137,-0.15149,57.15544,13.61094,14.58703,13.92218,15.03529
1305.38820,-0.77182,-0.14356,56.95493,13.56887,14.54998,13.89337,14.94270
1305.39820,-0.75625,-0.14055,57.06144,13.58194,14.59703,13.95218,14.93029
1305.40820,-0.76803,-0.14857,57.04240,13.56403,14.58547,13.94538,14.94751
1305.41820,-0.80273,-0.17219,56.98640,13.51137,14.55147,13.92538,14.99818
1305.42820,-0.80735,-0.17965,57.01644,13.51294,14.54603,13.93218,15.02529
1305.43820,-0.79946,-0.17981,57.07371,13.52546,14.56131,13.95763,15.02932
1305.44820,-0.77029,-0.18039,57.28644,13.57194,14.61803,14.05218,15.04429
1305.45820,-0.77029,-0.18039,57.28644,13.57194,14.61803,14.05218,15.04429
1305.46820,-0.75912,-0.18938,57.13522,13.55342,14.53961,14.01252,15.02968
1305.47820,-0.73637,-0.18802,57.18421,13.56013,14.56042,14.05950,15.00417
1305.48820,-0.73400,-0.18341,57.18187,13.56023,14.57071,14.06138,14.98955
1305.49820,-0.77199,-0.14067,57.03339,13.54481,14.62000,13.95505,14.91354
1305.50820,-0.76843,-0.14330,57.13286,13.56555,14.64180,13.98697,14.93854
1305.51820,-0.76782,-0.14872,57.18580,13.57212,14.64776,14.00673,14.95920
1305.52820,-0.78995,-0.18252,56.92944,13.47394,14.53503,13.95218,14.96829
1305.53820,-0.78729,-0.18110,56.93309,13.47831,14.53601,13.95307,14.96570
1305.54820,-0.76109,-0.16665,56.97641,13.52187,14.54987,13.96485,14.93982
1305.55820,-0.77325,-0.16750,57.05108,13.50854,14.59787,13.99818,14.94649
1305.56820,-0.77835,-0.16786,57.08244,13.50294,14.61803,14.01218,14.94929
1305.57820,-0.80345,-0.16618,57.01501,13.49357,14.59837,13.95599,14.96708
1305.58820,-0.75329,-0.20473,56.99028,13.46510,14.51831,14.03858,14.96829
1305.59820,-0.75113,-0.20634,56.98944,13.46394,14.51503,14.04218,14.96829
1305.60820,-0.77662,-0.19260,57.01920,13.46394,14.56399,14.02298,14.96829
1305.61820,-0.77768,-0.19203,57.02044,13.46394,14.56603,14.02218,14.96829
1305.62820,-0.76643,-0.19111,56.98972,13.45114,14.56603,14.03498,14.93757
1305.63820,-0.76643,-0.18774,57.08511,13.47960,14.59291,14.05252,14.96008
1305.64820,-0.77234,-0.18508,57.19044,13.51294,14.61803,14.06218,14.99729
1305.65820,-0.76008,-0.19733,57.14444,13.48027,14.59737,14.08885,14.97795
1305.66820,-0.77281,-0.19631,57.09943,13.47104,14.58703,14.05958,14.98178
1305.67820,-0.78052,-0.19339,57.09044,13.47394,14.58703,14.04218,14.98729
1305.68820,-0.74863,-0.21022,57.08714,13.49788,14.51934,14.05869,15.01123
1305.69820,-0.74189,-0.21377,57.08644,13.50294,14.50503,14.06218,15.01629
1305.70820,-0.71369,-0.22240,57.04569,13.48714,14.47925,14.09545,14.98385
1305.71820,-0.77543,-0.25966,57.03578,13.38600,14.48233,14.11048,15.05697
1305.72820,-0.78924,-0.26693,57.03544,13.36594,14.48403,14.11218,15.07329
1305.73820,-0.76403,-0.26705,57.05769,13.38207,14.47847,14.13999,15.05715
1305.74820,-0.74393,-0.26715,57.07544,13.39494,14.47403,14.16218,15.04429
1305.75820,-0.76131,-0.26489,56.97575,13.37414,14.45180,14.11198,15.03783
1305.76820,-0.77814,-0.27503,56.96362,13.34687,14.44780,14.11125,15.05770
1305.77820,-0.78906,-0.28713,56.99344,13.32594,14.45303,14.13218,15.08229
1305.78820,-0.76315,-0.29684,57.05655,13.35463,14.43080,14.16804,15.10308
1305.79820,-0.75769,-0.28942,57.06475,13.36117,14.44683,14.17264,15.08411
1305.80820,-0.76290,-0.27707,57.04644,13.35594,14.47403,14.16218,15.05429
1305.81820,-0.77737,-0.28496,57.06167,13.35008,14.46759,14.15632,15.08768
1305.82820,-0.77311,-0.29947,56.98512,13.31703,14.42704,14.15808,15.08297
1305.83820,-0.76302,-0.30570,56.92444,13.29694,14.40203,14.16218,15.06329
1305.84820,-0.76302,-0.30570,56.92444,13.29694,14.40203,14.16218,15.06329
1305.85820,-0.68523,-0.30991,56.81444,13.31594,14.31903,14.19218,14.98729
1305.86820,-0.69738,-0.31774,56.85617,13.30860,14.32715,14.20377,15.01665
1305.87820,-0.72598,-0.33109,57.01352,13.31028,14.36855,14.24058,15.09411
1305.88820,-0.73690,-0.33220,57.12044,13.32594,14.40203,14.26218,15.13029
1305.89820,-0.73492,-0.32868,57.11076,13.32594,14.40615,14.26012,15.11855
1305.90820,-0.72582,-0.31975,57.04684,13.31275,14.41063,14.25442,15.06904
1305.91820,-0.72080,-0.33597,56.95444,13.26694,14.37103,14.26218,15.05429
1305.92820,-0.73317,-0.33144,56.96211,13.28197,14.37103,14.23458,15.07453
1305.93820,-0.76006,-0.32161,56.97877,13.31463,14.37103,14.17458,15.11853
1305.94820,-0.76155,-0.31736,56.89036,13.28602,14.36729,14.15858,15.07847
1305.95820,-0.76846,-0.31975,56.72764,13.20448,14.36377,14.15258,15.00681
1305.96820,-0.78027,-0.33900,56.74744,13.15894,14.37103,14.19218,15.02529
1305.97820,-0.76376,-0.32500,56.78411,13.20494,14.37770,14.18551,15.01595
1305.98820,-0.73695,-0.30221,56.81871,13.27915,14.37707,14.16317,14.99931
1305.99820,-0.75512,-0.31747,56.70480,13.22683,14.33601,14.13668,15.00527
1306.00820,-0.75821,-0.32006,56.68544,13.21794,14.32903,14.13218,15.00629
1306.01820,-0.69635,-0.32138,56.81144,13.27590,14.32903,14.21618,14.99033
1306.02820,-0.68460,-0.32163,56.83544,13.28694,14.32903,14.23218,14.98729
1306.03820,-0.74706,-0.32685,56.80634,13.23941,14.34940,14.18368,15.03385
1306.04820,-0.73130,-0.32516,57.02444,13.28694,14.41203,14.26218,15.06329
1306.05820,-0.73130,-0.32516,57.02444,13.28694,14.41203,14.26218,15.06329
1306.06820,-0.71748,-0.31433,56.99496,13.29970,14.41203,14.25338,15.02985
1306.07820,-0.73259,-0.33014,56.92444,13.26694,14.37103,14.23218,15.05429
1306.08820,-0.73496,-0.32850,56.92345,13.26874,14.37283,14.22678,15.05510
1306.09820,-0.75898,-0.31197,56.91344,13.28694,14.39103,14.17218,15.06329
1306.10820,-0.75898,-0.31197,56.91344,13.28694,14.39103,14.17218,15.06329
1306.11820,-0.76166,-0.35200,56.90294,13.21153,14.36144,14.23900,15.09097
1306.12820,-0.72974,-0.35183,56.95577,13.18855,14.41046,14.32945,15.02732
1306.13820,-0.72874,-0.35176,56.95744,13.18794,14.41203,14.33218,15.02529
1306.14820,-0.71765,-0.34805,56.92244,13.19961,14.39267,14.31818,15.01199
1306.15820,-0.70353,-0.33855,56.79358,13.20913,14.34435,14.26489,14.97522
1306.16820,-0.74260,-0.34329,56.76944,13.15894,14.37103,14.25218,14.98729
1306.17820,-0.73100,-0.36085,56.81744,13.16534,14.34415,14.28418,15.02377
1306.18820,-0.72448,-0.37071,56.84444,13.16894,14.32903,14.30218,15.04429
1306.19820,-0.66580,-0.37504,56.86278,13.21625,14.27979,14.34080,15.02594
1306.20820,-0.68907,-0.38854,56.89015,13.19053,14.28506,14.34921,15.06535
1306.21820,-0.69978,-0.39418,56.90144,13.17894,14.28803,14.35218,15.08229
1306.22820,-0.69503,-0.40141,56.83851,13.14667,14.27190,14.36025,15.05970
1306.23820,-0.65557,-0.41022,56.82176,13.15571,14.23282,14.39488,15.03836
1306.24820,-0.64819,-0.41159,56.82144,13.15894,14.22603,14.40118,15.03529
1306.25820,-0.66184,-0.37764,56.85840,13.20010,14.28735,14.36002,15.01093
1306.26820,-0.66444,-0.37117,56.86544,13.20794,14.29903,14.35218,15.00629
1306.27820,-0.67456,-0.39481,56.68652,13.14998,14.21167,14.31018,15.01469
1306.28820,-0.67369,-0.39735,56.72580,13.15574,14.21855,14.32458,15.02693
1306.29820,-0.67150,-0.39580,56.78344,13.16894,14.23703,14.34218,15.03529
1306.30820,-0.68393,-0.39616,56.73284,13.16078,14.21990,14.30954,15.04263
1306.31820,-0.68674,-0.39624,56.72144,13.15894,14.21603,14.30218,15.04429
1306.32820,-0.70254,-0.40385,56.76596,13.11778,14.25971,14.34418,15.04429
1306.33820,-0.68237,-0.39934,56.81607,13.16792,14.24499,14.34475,15.05841
1306.34820,-0.67437,-0.39728,56.83044,13.18794,14.23703,14.34218,15.06329
1306.35820,-0.66063,-0.41018,56.83761,13.16714,14.22914,14.38449,15.05683
1306.36820,-0.65646,-0.42378,56.82014,13.15128,14.20267,14.39735,15.06884
1306.37820,-0.65821,-0.43563,56.79195,13.14064,14.17022,14.39203,15.08905
1306.38820,-0.66549,-0.45008,56.79314,13.11827,14.15719,14.40544,15.11225
1306.39820,-0.66831,-0.45513,56.79544,13.10994,14.15403,14.41118,15.12029
1306.40820,-0.66831,-0.45513,56.79544,13.10994,14.15403,14.41118,15.12029
1306.41820,-0.69416,-0.44539,56.78130,13.09331,14.18813,14.38706,15.11280
1306.42820,-0.72039,-0.43350,56.88743,13.11509,14.24701,14.38218,15.14315
1306.43820,-0.72443,-0.43159,56.90844,13.11994,14.25703,14.38218,15.14929
1306.44820,-0.68943,-0.47598,56.72233,13.06693,14.11007,14.39109,15.15424
1306.45820,-0.68191,-0.50386,56.71044,13.05094,14.05103,14.41118,15.19729
1306.46820,-0.68377,-0.48089,56.70469,13.04571,14.11062,14.41118,15.13717
1306.47820,-0.68548,-0.45992,56.69944,13.04094,14.16503,14.41118,15.08229
1306.48820,-0.68516,-0.45859,56.72152,13.05205,14.16785,14.41118,15.09044
1306.49820,-0.67973,-0.45613,56.82826,13.11539,14.16185,14.40663,15.14438
1306.50820,-0.67556,-0.46297,56.79444,13.10994,14.13403,14.40118,15.14929
1306.51820,-0.67892,-0.46128,56.79486,13.10784,14.14054,14.39908,15.14740
1306.52820,-0.68605,-0.45769,56.79575,13.10338,14.15438,14.39462,15.14338
1306.53820,-0.69333,-0.44438,56.68144,13.06094,14.17503,14.37218,15.07329
1306.54820,-0.68748,-0.44740,56.68599,13.06094,14.16972,14.38204,15.07329
1306.55820,-0.67020,-0.45630,56.69944,13.06094,14.15403,14.41118,15.07329
1306.56820,-0.68216,-0.46295,56.66094,13.03679,14.14318,14.40103,15.07994
1306.57820,-0.68968,-0.47261,56.65563,13.00892,14.14452,14.41649,15.08570
1306.58820,-0.66200,-0.46750,56.78044,13.04094,14.18503,14.48118,15.07329
1306.59820,-0.65809,-0.45981,56.78359,13.06159,14.18503,14.46718,15.06979
1306.60820,-0.64487,-0.44438,56.77808,13.10458,14.17785,14.43886,15.05680
1306.61820,-0.62781,-0.44104,56.74563,13.11782,14.15732,14.43224,15.03825
1306.62820,-0.63795,-0.44461,56.75254,13.11554,14.15403,14.42458,15.05839
1306.63820,-0.68355,-0.45915,56.79544,13.09994,14.15403,14.40118,15.14029
1306.64820,-0.67937,-0.46023,56.77201,13.09004,14.14999,14.40522,15.12675
1306.65820,-0.65694,-0.46308,56.70256,13.06133,14.13828,14.42966,15.07329
1306.66820,-0.63522,-0.45780,56.78844,13.09994,14.15403,14.46118,15.07329
1306.67820,-0.63613,-0.45712,56.79897,13.10520,14.15552,14.45983,15.07842
1306.68820,-0.64027,-0.45403,56.84682,13.12913,14.16227,14.45370,15.10173
1306.69820,-0.60897,-0.46514,56.67644,13.10994,14.07203,14.43118,15.06329
1306.70820,-0.61076,-0.46640,56.67628,13.10753,14.07123,14.43118,15.06634
1306.71820,-0.63056,-0.48042,56.67449,13.08074,14.06230,14.43118,15.10027
1306.72820,-0.57101,-0.49041,56.61544,13.08994,14.00003,14.47118,15.05429
1306.73820,-0.57228,-0.49143,56.62691,13.09092,14.00199,14.47412,15.05987
1306.74820,-0.58395,-0.50085,56.73244,13.09994,14.02003,14.50118,15.11129
1306.75820,-0.58589,-0.50104,56.73865,13.09946,14.02302,14.50214,15.11403
1306.76820,-0.60739,-0.50311,56.80763,13.09411,14.05617,14.51284,15.14451
1306.77820,-0.61658,-0.51913,56.88268,13.08488,14.06130,14.54647,15.19003
1306.78820,-0.59431,-0.56164,56.94544,13.06994,14.00003,14.62118,15.25429
1306.79820,-0.60278,-0.55501,56.88598,13.05821,14.00003,14.59287,15.23487
1306.80820,-0.61529,-0.54523,56.79844,13.04094,14.00003,14.55118,15.20629
1306.81820,-0.61890,-0.55707,56.76964,13.00782,13.98995,14.56558,15.20629
1306.82820,-0.60183,-0.55312,56.73028,13.00506,13.98383,14.57158,15.16981
1306.83820,-0.57910,-0.53491,56.72144,13.04094,13.98903,14.56118,15.13029
1306.84820,-0.60880,-0.54682,56.61180,12.98694,13.96122,14.52300,15.14065
1306.85820,-0.61384,-0.56907,56.56604,12.96594,13.90523,14.51518,15.17969
1306.86820,-0.60889,-0.57214,56.57744,12.97194,13.89703,14.52118,15.18729
1306.87820,-0.59094,-0.54483,56.63130,13.00476,13.95763,14.53801,15.13090
1306.88820,-0.58756,-0.53969,56.64144,13.01094,13.96903,14.54118,15.12029
1306.89820,-0.58422,-0.56826,56.61043,12.98332,13.91097,14.55809,15.15806
1306.90820,-0.58454,-0.57997,56.69588,13.01138,13.89437,14.57118,15.21895
1306.91820,-0.58686,-0.57167,56.78344,13.05094,13.91703,14.57118,15.24429
1306.92820,-0.59814,-0.55939,56.84308,13.05094,13.97596,14.58538,15.23080
1306.93820,-0.61682,-0.56023,56.75587,13.00642,13.97693,14.56301,15.20951
1306.94820,-0.62777,-0.56477,56.66944,12.97194,13.95903,14.54118,15.19729
1306.95820,-0.62366,-0.54972,56.60344,12.98527,13.95170,14.50118,15.16529
1306.96820,-0.62160,-0.54218,56.57044,12.99194,13.94803,14.48118,15.14929
1306.97820,-0.63265,-0.54574,56.55249,12.98036,13.94224,14.46960,15.16029
1306.98820,-0.65581,-0.53197,56.60686,12.99420,13.98848,14.45188,15.17231
1306.99820,-0.65234,-0.51246,56.69244,13.03094,14.04103,14.46118,15.15929
1307.00820,-0.64247,-0.53638,56.65495,13.00809,13.98655,14.47876,15.18155
1307.01820,-0.64532,-0.54943,56.65495,12.98766,13.97454,14.49546,15.19729
1307.02820,-0.65847,-0.54425,56.69044,12.98194,14.01003,14.50118,15.19729
1307.03820,-0.64997,-0.54937,56.65953,12.97035,13.99419,14.50891,15.18608
1307.04820,-0.63952,-0.56089,56.63785,12.95194,13.97368,14.53047,15.18176
1307.05820,-0.64305,-0.56477,56.66944,12.95194,13.97903,14.54118,15.19729
1307.06820,-0.62494,-0.56146,56.69630,12.98559,13.96638,14.54427,15.20007
1307.07820,-0.58564,-0.55428,56.75469,13.05875,13.93886,14.55098,15.20611
1307.08820,-0.59857,-0.55317,56.73654,13.04311,13.94863,14.54084,15.20396
1307.09820,-0.63542,-0.55422,56.66948,12.97820,13.97903,14.52492,15.18733
1307.10820,-0.62836,-0.56114,56.65044,12.95194,13.97903,14.55118,15.16829
1307.11820,-0.61343,-0.54785,56.63752,12.98220,13.97563,14.53418,15.14551
1307.12820,-0.60174,-0.54109,56.59748,13.00422,13.95135,14.50798,15.13393
1307.13820,-0.63540,-0.57808,56.56844,12.93294,13.91703,14.52118,15.19729
1307.14820,-0.63540,-0.57808,56.56844,12.93294,13.91703,14.52118,15.19729
1307.15820,-0.57628,-0.56538,56.69706,13.02557,13.91703,14.56838,15.18608
1307.16820,-0.53536,-0.55658,56.78644,13.08994,13.91703,14.60118,15.17829
1307.17820,-0.58236,-0.57647,56.66505,12.99635,13.90347,14.57405,15.19117
1307.18820,-0.52846,-0.57002,56.66744,13.04094,13.87603,14.60118,15.14929
1307.19820,-0.52846,-0.57002,56.66744,13.04094,13.87603,14.60118,15.14929
1307.20820,-0.54982,-0.60191,56.64662,12.99679,13.83107,14.60722,15.21153
1307.21820,-0.55101,-0.56581,56.66644,13.04094,13.88603,14.57118,15.16829
1307.22820,-0.55087,-0.56445,56.68783,13.04798,13.89254,14.57474,15.17256
1307.23820,-0.54944,-0.55060,56.90644,13.11994,13.95903,14.61118,15.21629
1307.24820,-0.54814,-0.55195,56.89571,13.11642,13.95409,14.61118,15.21402
1307.25820,-0.53364,-0.56694,56.77651,13.07735,13.89912,14.61118,15.18886
1307.26820,-0.51043,-0.58422,56.61308,13.04776,13.80815,14.59141,15.16576
1307.27820,-0.50157,-0.58991,56.55444,13.04094,13.77303,14.58118,15.15929
1307.28820,-0.52748,-0.56069,56.60446,13.05982,13.85043,14.55287,15.14135
1307.29820,-0.49567,-0.59230,56.55946,13.00432,13.80609,14.62795,15.12109
1307.30820,-0.49427,-0.59371,56.55744,13.00194,13.80403,14.63118,15.12029
1307.31820,-0.50493,-0.56732,56.68032,13.07682,13.85299,14.60238,15.14813
1307.32820,-0.50537,-0.56622,56.68544,13.07994,13.85503,14.60118,15.14929
1307.33820,-0.50954,-0.58390,56.62152,13.02448,13.83623,14.61998,15.14083
1307.34820,-0.50392,-0.57324,56.77846,13.10727,13.85443,14.62118,15.19558
1307.35820,-0.50374,-0.57288,56.78344,13.10994,13.85503,14.62118,15.19729
1307.36820,-0.48167,-0.57640,56.64001,13.08935,13.79876,14.60059,15.15131
1307.37820,-0.50216,-0.57295,56.67356,13.10514,13.80747,14.57438,15.18657
1307.38820,-0.50798,-0.57198,56.69244,13.10994,13.81403,14.57118,15.19729
1307.39820,-0.48741,-0.57155,56.62038,13.08509,13.80575,14.58775,15.14179
1307.40820,-0.48314,-0.57145,56.60544,13.07994,13.80403,14.59118,15.13029
1307.41820,-0.47564,-0.61150,56.58881,13.00675,13.76993,14.66603,15.14609
1307.42820,-0.48181,-0.60534,56.64843,13.05715,13.76303,14.63672,15.19153
1307.43820,-0.48449,-0.60037,56.67044,13.07994,13.76303,14.62118,15.20629
1307.44820,-0.46889,-0.59278,56.61412,13.09420,13.74093,14.59979,15.17920
1307.45820,-0.46591,-0.59963,56.62253,13.07973,13.74240,14.62227,15.17813
1307.46820,-0.46899,-0.60882,56.65144,13.06094,13.75203,14.65118,15.18729
1307.47820,-0.49298,-0.62135,56.66737,13.03734,13.75203,14.65118,15.22682
1307.48820,-0.50964,-0.63005,56.67844,13.02094,13.75203,14.65118,15.25429
1307.49820,-0.51646,-0.62648,56.61379,13.00242,13.74890,14.62921,15.23326
1307.50820,-0.52806,-0.62039,56.50422,12.97104,13.74358,14.59198,15.19762
1307.51820,-0.49558,-0.63202,56.53844,13.01094,13.69103,14.61118,15.22529
1307.52820,-0.49970,-0.62322,56.54944,13.01761,13.71137,14.60451,15.21595
1307.53820,-0.50591,-0.60236,56.59583,13.04548,13.75721,14.59118,15.20197
1307.54820,-0.50001,-0.59271,56.66757,13.08823,13.77242,14.59118,15.21574
1307.55820,-0.49259,-0.59596,56.67973,13.08529,13.77303,14.60977,15.21164
1307.56820,-0.48432,-0.60016,56.69044,13.07994,13.77303,14.63118,15.20629
1307.57820,-0.48755,-0.59383,56.70449,13.09093,13.78444,14.62284,15.20629
1307.58820,-0.50289,-0.56374,56.77137,13.14324,13.83874,14.58310,15.20629
1307.59820,-0.52623,-0.54574,56.53644,13.08994,13.82503,14.49118,15.13029
1307.60820,-0.52359,-0.54738,56.52937,13.08250,13.82503,14.49862,15.12322
1307.61820,-0.51832,-0.53859,56.50262,13.08538,13.83121,14.48957,15.09647
1307.62820,-0.51656,-0.51343,56.47041,13.11893,13.84463,14.44259,15.06425
1307.63820,-0.51892,-0.51273,56.46269,13.12270,13.83890,14.43198,15.06911
1307.64820,-0.52417,-0.51287,56.44803,13.12870,13.82557,14.41198,15.08178
1307.65820,-0.52118,-0.50764,56.39244,13.12261,13.81803,14.39485,15.05695
1307.66820,-0.53091,-0.49218,56.38682,13.13000,13.84619,14.37204,15.03859
1307.67820,-0.56209,-0.48257,56.58944,13.16894,13.92803,14.39118,15.10129
1307.68820,-0.55651,-0.49517,56.58154,13.15520,13.90674,14.40835,15.11125
1307.69820,-0.54174,-0.51542,56.59129,13.13944,13.87688,14.44818,15.12679
1307.70820,-0.53409,-0.50833,56.63744,13.15894,13.89703,14.46118,15.12029
1307.71820,-0.53409,-0.50833,56.63744,13.15894,13.89703,14.46118,15.12029
1307.72820,-0.57931,-0.49879,56.73844,13.15894,13.96903,14.45118,15.15929
1307.73820,-0.57855,-0.50105,56.73099,13.15539,13.96340,14.45209,15.16010
1307.74820,-0.57099,-0.52600,56.64193,13.11640,13.89783,14.45764,15.17006
1307.75820,-0.57104,-0.53691,56.57444,13.09994,13.85503,14.44118,15.17829
1307.76820,-0.57218,-0.53455,56.58082,13.10632,13.85754,14.43641,15.18055
1307.77820,-0.58700,-0.50995,56.63661,13.16832,13.88324,14.38218,15.20287
1307.78820,-0.60587,-0.53188,56.46644,13.06094,13.85503,14.38218,15.16829
1307.79820,-0.60602,-0.53190,56.48070,13.06767,13.85503,14.38218,15.17581
1307.80820,-0.60739,-0.53214,56.61044,13.12894,13.85503,14.38218,15.24429
1307.81820,-0.60676,-0.53501,56.60024,13.12246,13.84951,14.38452,15.24375
1307.82820,-0.59980,-0.56703,56.48691,13.05046,13.78818,14.41052,15.23775
1307.83820,-0.58555,-0.57118,56.44781,13.07533,13.73446,14.38523,15.25280
1307.84820,-0.58459,-0.57042,56.44844,13.07994,13.73203,14.38218,15.25429
1307.85820,-0.58455,-0.56980,56.48930,13.07483,13.75808,14.40721,15.24918
1307.86820,-0.57160,-0.59583,56.55694,13.06319,13.73728,14.46868,15.28779
1307.87820,-0.56729,-0.60470,56.56644,13.06094,13.72203,14.48118,15.30229
1307.88820,-0.56175,-0.60421,56.61237,13.09055,13.71539,14.48118,15.32525
1307.89820,-0.55812,-0.60389,56.64244,13.10994,13.71103,14.48118,15.34029
1307.90820,-0.56749,-0.61028,56.58945,13.08393,13.69610,14.46914,15.34029
1307.91820,-0.59599,-0.62971,56.42886,13.00509,13.65084,14.43264,15.34029
1307.92820,-0.65692,-0.62945,56.46144,12.99194,13.68003,14.38218,15.40729
1307.93820,-0.62288,-0.64872,56.40251,12.95874,13.63770,14.43115,15.37492
1307.94820,-0.66235,-0.67374,56.39708,12.90297,13.62903,14.43288,15.43220
1307.95820,-0.67186,-0.67805,56.39844,12.89294,13.62903,14.43118,15.44529
1307.96820,-0.67256,-0.68776,56.40110,12.88573,13.61348,14.43877,15.46311
1307.97820,-0.67370,-0.70364,56.40544,12.87394,13.58803,14.45118,15.49229
1307.98820,-0.64318,-0.70687,56.40411,12.89316,13.56019,14.47107,15.47969
1307.99820,-0.61928,-0.74940,56.49889,12.88243,13.50997,14.55896,15.54753
1308.00820,-0.61582,-0.76630,56.53844,12.87394,13.49503,14.59118,15.57829
1308.01820,-0.67049,-0.76668,56.55410,12.85074,13.52461,14.55058,15.62817
1308.02820,-0.69540,-0.78159,56.48635,12.80824,13.49858,14.52777,15.65176
1308.03820,-0.68779,-0.78918,56.44544,12.79494,13.47403,14.53118,15.64529
1308.04820,-0.68745,-0.78677,56.41415,12.79284,13.46752,14.51858,15.63521
1308.05820,-0.68615,-0.77770,56.29644,12.78494,13.44303,14.47118,15.59729
1308.06820,-0.69351,-0.77832,56.33010,12.78494,13.45717,14.47791,15.61008
1308.07820,-0.71387,-0.78633,56.35107,12.76282,13.46928,14.48368,15.63529
1308.08820,-0.72373,-0.79764,56.27544,12.72594,13.44303,14.47118,15.63529
1308.09820,-0.73256,-0.81609,56.26265,12.68999,13.42750,14.48946,15.65570
1308.10820,-0.75179,-0.85623,56.23483,12.61185,13.39372,14.52919,15.70007
1308.11820,-0.76847,-0.88150,56.37944,12.59794,13.41203,14.59118,15.77829
1308.12820,-0.76404,-0.88804,56.35558,12.58616,13.39663,14.59722,15.77557
1308.13820,-0.75418,-0.90260,56.30256,12.55999,13.36240,14.61064,15.76953
1308.14820,-0.75460,-0.91676,56.35087,12.54860,13.36103,14.64480,15.79644
1308.15820,-0.75641,-0.94685,56.46294,12.52561,13.36103,14.71951,15.85679
1308.16820,-0.80587,-0.97841,56.42244,12.45994,13.33003,14.70118,15.93129
1308.17820,-0.81302,-0.98932,56.40132,12.44377,13.30957,14.69788,15.95010
1308.18820,-0.83483,-1.04136,56.33244,12.33561,13.25770,14.74451,15.99462
1308.19820,-0.84945,-1.10120,56.28044,12.18494,13.23703,14.85118,16.00729
1308.20820,-0.85019,-1.10334,56.30271,12.18972,13.23703,14.85613,16.01983
1308.21820,-0.85244,-1.10980,56.37021,12.20422,13.23703,14.87113,16.05783
1308.22820,-0.85181,-1.15732,56.37268,12.17986,13.14503,14.89751,16.15029
1308.23820,-0.88069,-1.21359,56.34313,12.03206,13.14050,14.99353,16.17703
1308.24820,-0.88505,-1.26810,56.48744,11.97794,13.12403,15.11118,16.27429
1308.25820,-0.88532,-1.28823,56.42423,11.93468,13.08938,15.12378,16.27639
1308.26820,-0.90283,-1.37040,56.19174,11.75942,12.95903,15.16482,16.30847
1308.27820,-0.96411,-1.39277,56.21144,11.71294,12.95903,15.14118,16.39829
1308.28820,-0.96411,-1.39277,56.21144,11.71294,12.95903,15.14118,16.39829
1308.29820,-0.91761,-1.46440,56.04939,11.62281,12.80193,15.21410,16.41055
1308.30820,-0.90618,-1.48541,56.05999,11.61022,12.76750,15.24655,16.43572
1308.31820,-0.89952,-1.49804,56.07260,11.60566,12.74647,15.26578,16.45469
1308.32820,-0.87816,-1.54185,56.16644,11.61394,12.67103,15.33018,16.55129
1308.33820,-0.87769,-1.54484,56.15983,11.60978,12.66495,15.33178,16.55331
1308.34820,-0.87177,-1.58236,56.07716,11.55778,12.58895,15.35178,16.57865
1308.35820,-0.87008,-1.60023,55.97432,11.52920,12.52938,15.33320,16.58254
1308.36820,-0.87047,-1.60124,55.94144,11.52594,12.51603,15.32018,16.57929
1308.37820,-0.86121,-1.62337,55.97351,11.55329,12.44812,15.32018,16.65191
1308.38820,-0.86066,-1.62470,55.97544,11.55494,12.44403,15.32018,16.65629
1308.39820,-0.82635,-1.66434,55.88519,11.53689,12.32623,15.33918,16.68289
1308.40820,-0.82305,-1.66152,55.85669,11.49794,12.35993,15.36868,16.63014
1308.41820,-0.82297,-1.66126,55.85544,11.49594,12.36203,15.37018,16.62729
1308.42820,-0.80951,-1.68237,55.82050,11.48557,12.30580,15.38110,16.64803
1308.43820,-0.81071,-1.70473,55.77873,11.47141,12.24743,15.37360,16.68629
1308.44820,-0.82076,-1.70862,55.76844,11.46694,12.23803,15.36018,16.70329
1308.45820,-0.80326,-1.73160,55.84231,11.45034,12.22973,15.43488,16.72736
1308.46820,-0.79170,-1.74643,55.85329,11.47184,12.17657,15.43358,16.77130
1308.47820,-0.79006,-1.74850,55.85244,11.47694,12.16603,15.43018,16.77929
1308.48820,-0.79612,-1.76323,55.82625,11.44080,12.15503,15.44589,16.78452
1308.49820,-0.80164,-1.77663,55.80244,11.40794,12.14503,15.46018,16.78929
1308.50820,-0.79079,-1.78936,55.79004,11.39194,12.12463,15.48418,16.78929
1308.51820,-0.77106,-1.80293,55.80574,11.39594,12.09403,15.51318,16.80259
1308.52820,-0.76957,-1.80056,55.82044,11.40794,12.09403,15.51018,16.80829
1308.53820,-0.77703,-1.80151,55.79252,11.40102,12.08688,15.49403,16.81059
1308.54820,-0.78126,-1.81906,55.70367,11.36901,12.03860,15.47776,16.81829
1308.55820,-0.75791,-1.83528,55.70844,11.35894,12.01103,15.52018,16.81829
1308.56820,-0.77848,-1.83915,55.69215,11.31881,12.03488,15.52600,16.81247
1308.57820,-0.79328,-1.84194,55.68044,11.28994,12.05203,15.53018,16.80829
1308.58820,-0.79655,-1.84698,55.73612,11.30676,12.04623,15.53598,16.84715
1308.59820,-0.80254,-1.87825,55.72714,11.29052,11.98229,15.54018,16.91415
1308.60820,-0.80518,-1.89828,55.69144,11.26994,11.93903,15.54018,16.94229
1308.61820,-0.80507,-1.90399,55.68360,11.25865,11.93310,15.54783,16.94401
1308.62820,-0.80487,-1.91401,55.66984,11.23886,11.92270,15.56125,16.94703
1308.63820,-0.80468,-1.92404,55.65608,11.21906,11.91230,15.57468,16.95005
1308.64820,-0.80647,-1.97312,55.68119,11.13784,11.88408,15.66568,16.99359
1308.65820,-0.85197,-2.00250,55.65644,11.07294,11.86703,15.66018,17.05629
1308.66820,-0.83090,-2.01259,55.63754,11.07744,11.83013,15.67368,17.05629
1308.67820,-0.80486,-2.02612,55.63262,11.08294,11.78958,15.69927,17.06083
1308.68820,-0.80455,-2.02756,55.65444,11.08294,11.79503,15.71018,17.06629
1308.69820,-0.80455,-2.02756,55.65444,11.08294,11.79503,15.71018,17.06629
1308.70820,-0.82808,-2.02800,55.57382,11.04872,11.79503,15.67538,17.05469
1308.71820,-0.80458,-2.03100,55.46074,11.06942,11.72056,15.63041,17.04035
1308.72820,-0.78466,-2.03164,55.43726,11.09021,11.68858,15.62382,17.03465
1308.73820,-0.79568,-2.02408,55.48544,11.06294,11.75403,15.66018,17.00829
1308.74820,-0.78731,-2.03724,55.49099,11.05673,11.73051,15.67978,17.02397
1308.75820,-0.76606,-2.05572,55.53800,11.06624,11.69529,15.72018,17.05629
1308.76820,-0.75766,-2.03770,55.61244,11.11294,11.72303,15.72018,17.05629
1308.77820,-0.76146,-2.03102,55.62256,11.10854,11.74789,15.72458,17.04155
1308.78820,-0.77297,-2.01078,55.65323,11.09521,11.82323,15.73791,16.99688
1308.79820,-0.76835,-1.99962,55.66124,11.10474,11.84423,15.73818,16.97409
1308.80820,-0.74756,-1.96617,55.68285,11.15194,11.88765,15.72814,16.91512
1308.81820,-0.76897,-1.95611,55.72344,11.15194,11.92903,15.72018,16.92229
1308.82820,-0.76469,-1.95644,55.69544,11.15194,11.91663,15.71218,16.91469
1308.83820,-0.74771,-1.95417,55.58611,11.15515,11.87366,15.67804,16.87926
1308.84820,-0.74857,-1.93627,55.59948,11.17119,11.90682,15.66735,16.85413
1308.85820,-0.74915,-1.92428,55.60844,11.18194,11.92903,15.66018,16.83729
1308.86820,-0.75280,-1.90907,55.68833,11.18976,11.99156,15.68623,16.82079
1308.87820,-0.70208,-1.90752,55.48144,11.19094,11.90803,15.65018,16.73229
1308.88820,-0.70208,-1.90752,55.48144,11.19094,11.90803,15.65018,16.73229
1308.89820,-0.71965,-1.89541,55.63144,11.22094,11.97003,15.67018,16.77029
1308.90820,-0.71811,-1.89032,55.63732,11.23000,11.97584,15.66593,16.76554
1308.91820,-0.69894,-1.82680,55.71077,11.34328,12.04841,15.61283,16.70625
1308.92820,-0.70126,-1.81615,55.66947,11.36731,12.03303,15.56585,16.70329
1308.93820,-0.70315,-1.81182,55.64344,11.37794,12.02203,15.54018,16.70329
1308.94820,-0.65774,-1.75302,55.63679,11.49010,12.05055,15.48315,16.61299
1308.95820,-0.65312,-1.75338,55.63047,11.49594,12.04118,15.48018,16.61317
1308.96820,-0.65123,-1.75625,55.62544,11.49594,12.03203,15.48018,16.61729
1308.97820,-0.66354,-1.76097,55.62061,11.48008,12.03433,15.47788,16.62832
1308.98820,-0.70481,-1.77680,55.60444,11.42694,12.04203,15.47018,16.66529
1308.99820,-0.67411,-1.77580,55.60411,11.45631,12.01497,15.48008,16.65275
1309.00820,-0.60245,-1.77484,55.63314,11.51924,11.96663,15.52328,16.62399
1309.01820,-0.58357,-1.77703,55.69344,11.52594,11.98003,15.57018,16.61729
1309.02820,-0.56949,-1.79405,55.65623,11.48778,11.96095,15.60834,16.59916
1309.03820,-0.56881,-1.79487,55.65444,11.48594,11.96003,15.61018,16.59829
1309.04820,-0.55697,-1.80665,55.57409,11.47429,11.90913,15.59791,16.59277
1309.05820,-0.52018,-1.83309,55.59525,11.46694,11.86090,15.66279,16.60462
1309.06820,-0.51318,-1.83763,55.61244,11.46694,11.85703,15.68018,16.60829
1309.07820,-0.52989,-1.81517,55.53684,11.49899,11.84799,15.58978,16.60007
1309.08820,-0.48463,-1.82079,55.47777,11.53104,11.77742,15.58691,16.58239
1309.09820,-0.47508,-1.82285,55.46944,11.53594,11.76403,15.59018,16.57929
1309.10820,-0.45532,-1.81015,55.55024,11.59530,11.76953,15.59568,16.58973
1309.11820,-0.43918,-1.79978,55.61644,11.64394,11.77403,15.60018,16.59829
1309.12820,-0.41283,-1.79513,55.51704,11.66453,11.72291,15.56468,16.56492
1309.13820,-0.42030,-1.75224,55.48070,11.70134,11.77516,15.50048,16.50372
1309.14820,-0.42775,-1.73550,55.48244,11.71294,11.80503,15.48018,16.48429
1309.15820,-0.43117,-1.73282,55.43365,11.70587,11.79796,15.45897,16.47085
1309.16820,-0.44242,-1.71095,55.40435,11.71430,11.83025,15.42178,16.43802
1309.17820,-0.44990,-1.69516,55.39744,11.72294,11.85703,15.40018,16.41729
1309.18820,-0.41104,-1.66687,55.48444,11.81534,11.87052,15.40018,16.39840
1309.19820,-0.39232,-1.65324,55.52644,11.85994,11.87703,15.40018,16.38929
1309.20820,-0.39298,-1.64780,55.44832,11.85994,11.85687,15.36098,16.37053
1309.21820,-0.36762,-1.62512,55.28488,11.90220,11.79968,15.27088,16.31212
1309.22820,-0.34410,-1.61765,55.31744,11.93894,11.79503,15.28018,16.30329
1309.23820,-0.35604,-1.60733,55.30115,11.93312,11.81888,15.26273,16.28642
1309.24820,-0.36788,-1.57113,55.32189,11.96375,11.88500,15.22717,16.24597
1309.25820,-0.37014,-1.55115,55.34444,11.98794,11.91903,15.21118,16.22629
1309.26820,-0.36257,-1.54490,55.33921,11.99941,11.92048,15.20683,16.21250
1309.27820,-0.31793,-1.50805,55.30844,12.06694,11.92903,15.18118,16.13129
1309.28820,-0.34367,-1.50052,55.29960,12.05763,11.95277,15.15326,16.13594
1309.29820,-0.37142,-1.48618,55.32118,12.06948,11.98509,15.11658,16.15003
1309.30820,-0.36926,-1.47951,55.35844,12.09594,11.99103,15.11118,16.16029
1309.31820,-0.36763,-1.47663,55.34732,12.10043,11.98867,15.10331,16.15489
1309.32820,-0.36573,-1.44429,55.27540,12.13594,12.00027,15.03488,16.10431
1309.33820,-0.40737,-1.40822,55.33544,12.13594,12.11403,15.01118,16.07429
1309.34820,-0.38513,-1.39462,55.30310,12.16828,12.10050,14.99138,16.04294
1309.35820,-0.33989,-1.36697,55.23744,12.23394,12.07303,14.95118,15.97929
1309.36820,-0.33989,-1.36697,55.23744,12.23394,12.07303,14.95118,15.97929
1309.37820,-0.31613,-1.33082,55.19565,12.31347,12.06262,14.88138,15.93818
1309.38820,-0.36239,-1.30539,55.15344,12.27394,12.14503,14.84118,15.89329
1309.39820,-0.35354,-1.29543,55.15249,12.29269,12.14996,14.83324,15.87660
1309.40820,-0.32751,-1.26613,55.14968,12.34783,12.16444,14.80987,15.82754
1309.41820,-0.24116,-1.24186,55.13844,12.41094,12.15503,14.85118,15.72129
1309.42820,-0.24488,-1.22654,55.10408,12.42263,12.16506,14.81777,15.69862
1309.43820,-0.25676,-1.17753,54.99444,12.45994,12.19703,14.71118,15.62629
1309.44820,-0.25676,-1.17753,54.99444,12.45994,12.19703,14.71118,15.62629
1309.45820,-0.22798,-1.15444,55.03098,12.52768,12.20140,14.69807,15.60383
1309.46820,-0.22370,-1.13093,54.99323,12.55417,12.21465,14.65833,15.56608
1309.47820,-0.22293,-1.12670,54.98644,12.55894,12.21703,14.65118,15.55929
1309.48820,-0.22606,-1.12065,55.03973,12.58134,12.23325,14.65118,15.57396
1309.49820,-0.21776,-1.09443,55.03176,12.58794,12.28635,14.65118,15.50629
1309.50820,-0.21549,-1.05377,55.03384,12.67799,12.29537,14.56504,15.49543
1309.51820,-0.19664,-0.99784,55.07244,12.77494,12.35103,14.51118,15.43529
1309.52820,-0.19356,-0.98328,55.06992,12.78880,12.37119,14.49998,15.40995
1309.53820,-0.17893,-0.91393,55.05792,12.85480,12.46719,14.44665,15.28928
1309.54820,-0.15394,-0.75744,55.01744,13.02094,12.66003,14.29218,15.04429
1309.55820,-0.15701,-0.73865,55.02294,13.04311,12.68578,14.26885,15.02520
1309.56820,-0.17094,-0.65328,55.04794,13.14386,12.80283,14.16279,14.93846
1309.57820,-0.18486,-0.56799,55.07294,13.24462,12.91987,14.05673,14.85172
1309.58820,-0.16524,-0.29509,54.98146,13.52627,13.25286,13.75465,14.44769
1309.59820,-0.18653,-0.03793,55.15544,13.86694,13.61903,13.47318,14.19629
1309.60820,-0.18810,-0.01726,55.13973,13.88636,13.64177,13.44397,14.16763
1309.61820,-0.20563,0.21320,54.96517,14.10215,13.89440,13.11941,13.84921
1309.62820,-0.16813,0.46646,55.02073,14.45264,14.18340,12.84409,13.54061
1309.63820,-0.16652,0.47663,55.02344,14.46694,14.19503,12.83318,13.52829
1309.64820,-0.11916,0.70198,55.08584,14.81638,14.42255,12.57494,13.27197
1309.65820,-0.12977,0.84094,55.24941,15.05979,14.60270,12.39933,13.18759
1309.66820,-0.13016,0.84498,55.25444,15.06694,14.60803,12.39418,13.18529
1309.67820,-0.11456,0.90684,55.32673,15.18851,14.67539,12.32847,13.13436
1309.68820,-0.09225,0.99531,55.43044,15.36294,14.77203,12.23418,13.06129
1309.69820,-0.07737,1.04228,55.48545,15.46281,14.81636,12.18077,13.02550
1309.70820,-0.02891,1.10917,55.67504,15.65437,14.89161,12.14598,12.98308
1309.71820,-0.00435,1.12716,55.77344,15.72694,14.91703,12.15418,12.97529
1309.72820,0.01068,1.13120,55.68144,15.70694,14.89637,12.14751,12.93062
1309.73820,0.01821,1.13323,55.63544,15.69694,14.88603,12.14418,12.90829
1309.74820,0.00731,1.13959,55.77672,15.75360,14.92261,12.14418,12.95634
1309.75820,-0.01092,1.10266,55.91753,15.75139,14.91167,12.19327,13.06120
1309.76820,-0.01401,1.09391,55.93644,15.74594,14.90603,12.20418,13.08029
1309.77820,-0.02463,1.04869,55.94372,15.69666,14.84835,12.24338,13.15533
1309.78820,-0.05006,0.96199,56.06076,15.60365,14.79207,12.36192,13.30313
1309.79820,-0.06408,0.91998,56.15244,15.55894,14.78303,12.43418,13.37629
1309.80820,-0.08677,0.83449,56.17303,15.46167,14.68079,12.51228,13.51829
1309.81820,-0.08439,0.74843,56.27942,15.42194,14.56519,12.60808,13.68421
1309.82820,-0.11935,0.70809,56.21673,15.31923,14.53503,12.63418,13.72829
1309.83820,-0.17933,0.64246,56.16446,15.15342,14.51141,12.69620,13.80343
1309.84820,-0.21123,0.55298,56.29144,15.04794,14.46303,12.82318,13.95729
1309.85820,-0.22261,0.50665,56.20532,14.97881,14.37281,12.83490,14.01880
1309.86820,-0.19629,0.39310,56.18650,14.84348,14.21849,12.99506,14.12946
1309.87820,-0.17184,0.33572,56.21644,14.78194,14.15403,13.10318,14.17729
1309.88820,-0.18869,0.26958,56.13501,14.69062,14.04061,13.13226,14.27151
1309.89820,-0.21952,0.15600,56.01463,14.52333,13.86726,13.20001,14.42404
1309.90820,-0.24079,0.08100,55.94444,14.40794,13.76303,13.25318,14.52029
1309.91820,-0.24994,0.02505,55.97151,14.33215,13.71509,13.33051,14.59375
1309.92820,-0.26445,-0.06360,56.01444,14.21194,13.63903,13.45318,14.71029
1309.93820,-0.29214,-0.11354,55.88014,14.11371,13.54809,13.44934,14.76900
1309.94820,-0.31982,-0.28943,55.70679,13.86892,13.27732,13.57301,14.98753
1309.95820,-0.30024,-0.39860,55.75544,13.76894,13.13403,13.72218,15.13029
1309.96820,-0.31721,-0.44047,55.76295,13.69994,13.10425,13.77302,15.18573
1309.97820,-0.35409,-0.53145,55.77926,13.54994,13.03952,13.88355,15.30626
1309.98820,-0.36562,-0.63521,55.77599,13.41212,12.92194,14.00491,15.43701
1309.99820,-0.38347,-0.74563,55.75308,13.25405,12.79919,14.12874,15.57111
1310.00820,-0.43457,-0.81936,55.73057,13.09775,12.76476,14.20821,15.65985
1310.01820,-0.44982,-0.84587,55.70113,13.05502,12.72906,14.21690,15.70015
1310.02820,-0.49549,-0.95428,55.53122,12.87212,12.56926,14.25804,15.83180
1310.03820,-0.50489,-1.02650,55.36744,12.72594,12.46503,14.31218,15.86429
1310.04820,-0.50489,-1.02650,55.36744,12.72594,12.46503,14.31218,15.86429
1310.05820,-0.52776,-1.12140,55.38844,12.60794,12.36203,14.41118,16.00729
1310.06820,-0.53630,-1.12739,55.38348,12.58775,12.36546,14.41802,16.01225
1310.07820,-0.56301,-1.14609,55.36797,12.52465,12.37615,14.43942,16.02776
1310.08820,-0.56928,-1.14958,55.38216,12.50732,12.39139,14.45564,16.02782
1310.09820,-0.55881,-1.14112,55.41044,12.52894,12.40303,14.46118,16.01729
1310.10820,-0.59234,-1.15010,55.35933,12.47841,12.40878,14.44395,16.02820
1310.11820,-0.62041,-1.13396,55.24744,12.41094,12.46503,14.42118,15.95029
1310.12820,-0.62224,-1.12239,55.25224,12.42674,12.47943,14.40538,15.94069
1310.13820,-0.62955,-1.07613,55.27144,12.48994,12.53703,14.34218,15.90229
1310.14820,-0.62955,-1.07613,55.27144,12.48994,12.53703,14.34218,15.90229
1310.15820,-0.64930,-1.04431,55.36747,12.54312,12.60461,14.31036,15.90938
1310.16820,-0.65022,-0.99668,55.44544,12.60794,12.69103,14.28218,15.86429
1310.17820,-0.65022,-0.99668,55.44544,12.60794,12.69103,14.28218,15.86429
1310.18820,-0.67836,-0.97672,55.29024,12.56874,12.70783,14.21018,15.80349
1310.19820,-0.65063,-0.96326,55.39538,12.61556,12.74178,14.24976,15.78829
1310.20820,-0.64917,-0.96290,55.40144,12.61794,12.74303,14.25218,15.78829
1310.21820,-0.67175,-0.90387,55.30256,12.63714,12.82175,14.15618,15.68749
1310.22820,-0.70442,-0.89423,55.46901,12.66280,12.89618,14.16932,15.74072
1310.23820,-0.70968,-0.89304,55.49744,12.66694,12.90803,14.17218,15.75029
1310.24820,-0.66496,-0.83609,55.68291,12.79751,13.00201,14.18881,15.69456
1310.25820,-0.65594,-0.82461,55.72044,12.82394,13.02103,14.19218,15.68329
1310.26820,-0.63694,-0.76058,55.63412,12.91441,13.04676,14.08428,15.58867
1310.27820,-0.64904,-0.67906,55.65711,12.98191,13.18898,14.01238,15.47384
1310.28820,-0.65231,-0.66507,55.66544,12.99194,13.21703,14.00218,15.45429
1310.29820,-0.61687,-0.60043,55.65935,13.08988,13.27403,13.94685,15.34860
1310.30820,-0.60199,-0.50815,55.68852,13.22737,13.37575,13.84267,15.24273
1310.31820,-0.61363,-0.47417,55.71744,13.27694,13.42303,13.79218,15.22529
1310.32820,-0.58230,-0.42038,55.56047,13.33280,13.42303,13.70026,15.10438
1310.33820,-0.56927,-0.39800,55.49544,13.35594,13.42303,13.66218,15.05429
1310.34820,-0.60914,-0.34854,55.51938,13.37470,13.53627,13.60394,15.00446
1310.35820,-0.59797,-0.27862,55.44564,13.45424,13.59103,13.50288,14.89749
1310.36820,-0.58384,-0.26016,55.40844,13.48394,13.58803,13.47318,14.86329
1310.37820,-0.57432,-0.24006,55.43600,13.51610,13.61822,13.46662,14.83507
1310.38820,-0.57818,-0.20680,55.49529,13.58194,13.66236,13.42468,14.82631
1310.39820,-0.59577,-0.21271,55.49744,13.58194,13.64903,13.40318,14.86329
1310.40820,-0.59270,-0.20422,55.47594,13.58845,13.65262,13.39015,14.84472
1310.41820,-0.58730,-0.18932,55.43823,13.59988,13.65890,13.36729,14.81215
1310.42820,-0.58633,-0.18663,55.43144,13.60194,13.66003,13.36318,14.80629
1310.43820,-0.51613,-0.17880,55.55683,13.70441,13.63833,13.41178,14.80231
1310.44820,-0.57977,-0.20845,55.53544,13.63094,13.62903,13.39318,14.88229
1310.45820,-0.57790,-0.20903,55.54706,13.63588,13.62841,13.39630,14.88647
1310.46820,-0.55119,-0.21717,55.71314,13.70641,13.61948,13.44095,14.94630
1310.47820,-0.53869,-0.21204,55.67144,13.71994,13.59803,13.42318,14.93029
1310.48820,-0.53953,-0.19980,55.65935,13.72227,13.61966,13.41388,14.90354
1310.49820,-0.54231,-0.15936,55.61944,13.72994,13.69103,13.38318,14.81529
1310.50820,-0.52859,-0.15911,55.58941,13.73621,13.67057,13.37988,14.80275
1310.51820,-0.52059,-0.15557,55.55393,13.75221,13.64570,13.35684,14.79918
1310.52820,-0.56151,-0.14935,55.60644,13.75894,13.68003,13.32318,14.84429
1310.53820,-0.55299,-0.14785,55.60033,13.76449,13.67513,13.32559,14.83511
1310.54820,-0.45706,-0.12413,55.53424,13.83974,13.62503,13.34118,14.72829
1310.55820,-0.46348,-0.09799,55.54944,13.88694,13.64903,13.29318,14.72029
1310.56820,-0.46411,-0.09830,55.57212,13.89303,13.65344,13.29738,14.72827
1310.57820,-0.46647,-0.09944,55.65744,13.91594,13.67003,13.31318,14.75829
1310.58820,-0.46647,-0.09944,55.65744,13.91594,13.67003,13.31318,14.75829
1310.59820,-0.44097,-0.10073,55.40025,13.87834,13.57703,13.25758,14.68730
1310.60820,-0.44293,-0.07082,55.29144,13.89694,13.57703,13.18318,14.63429
1310.61820,-0.44189,-0.07170,55.29306,13.89694,13.57571,13.18531,14.63510
1310.62820,-0.42882,-0.08263,55.31327,13.89694,13.55922,13.21190,14.64520
1310.63820,-0.40665,-0.09278,55.32704,13.90674,13.53163,13.23718,14.65149
1310.64820,-0.36211,-0.09916,55.31908,13.94374,13.47522,13.25318,14.64694
1310.65820,-0.39571,-0.10991,55.34246,13.91229,13.49215,13.25318,14.68484
1310.66820,-0.40142,-0.11174,55.34644,13.90694,13.49503,13.25318,14.69129
1310.67820,-0.41221,-0.15270,55.47937,13.92634,13.44179,13.28519,14.82605
1310.68820,-0.39312,-0.16501,55.51159,13.93305,13.42098,13.31875,14.83880
1310.69820,-0.38492,-0.17030,55.52544,13.93594,13.41203,13.33318,14.84429
1310.70820,-0.42783,-0.15703,55.36699,13.87008,13.43208,13.26636,14.79847
1310.71820,-0.39781,-0.19173,55.43240,13.87654,13.37351,13.33038,14.85197
1310.72820,-0.39648,-0.19320,55.43544,13.87694,13.37103,13.33318,14.85429
1310.73820,-0.36727,-0.16800,55.47914,13.92662,13.40415,13.34238,14.80599
1310.74820,-0.33303,-0.13847,55.53044,13.98494,13.44303,13.35318,14.74929
1310.75820,-0.34357,-0.16017,55.57232,13.97270,13.42306,13.37251,14.80405
1310.76820,-0.36092,-0.17389,55.62448,13.99182,13.39619,13.35678,14.87970
1310.77820,-0.37122,-0.17545,55.65044,14.01494,13.38203,13.33318,14.92029
1310.78820,-0.33731,-0.16368,55.54749,14.00074,13.37422,13.34028,14.83225
1310.79820,-0.38108,-0.16570,55.53035,13.95197,13.40965,13.32450,14.84424
1310.80820,-0.41596,-0.16983,55.54544,13.92594,13.43303,13.31318,14.87329
1310.81820,-0.37003,-0.15310,55.50440,13.99320,13.38629,13.28468,14.84023
1310.82820,-0.33533,-0.14046,55.47344,14.04394,13.35103,13.26318,14.81529
1310.83820,-0.33889,-0.13301,55.52762,14.02327,13.41662,13.30595,14.78178
1310.84820,-0.33698,-0.15449,55.51359,13.97346,13.40718,13.35130,14.78164
1310.85820,-0.33556,-0.16484,55.49844,13.95594,13.39203,13.36318,14.78729
1310.86820,-0.33556,-0.16484,55.49844,13.95594,13.39203,13.36318,14.78729
1310.87820,-0.35406,-0.20847,55.53002,13.91897,13.33831,13.39197,14.88077
1310.88820,-0.35616,-0.21303,55.57244,13.91594,13.35103,13.41318,14.89229
1310.89820,-0.36711,-0.24023,55.59344,13.87954,13.33143,13.44585,14.93662
1310.90820,-0.37961,-0.27128,55.61744,13.83794,13.30903,13.48318,14.98729
1310.91820,-0.36812,-0.28650,55.61060,13.83224,13.27426,13.50028,15.00382
1310.92820,-0.39971,-0.32910,55.56212,13.76068,13.21839,13.50748,15.07557
1310.93820,-0.43012,-0.35260,55.52944,13.70994,13.19603,13.50318,15.12029
1310.94820,-0.39861,-0.37095,55.58530,13.70994,13.17836,13.57101,15.12599
1310.95820,-0.41244,-0.40627,55.73745,13.69854,13.17700,13.63928,15.22263
1310.96820,-0.44068,-0.42244,55.82044,13.68994,13.18603,13.65218,15.29229
1310.97820,-0.44014,-0.42500,55.81244,13.68672,13.17914,13.65218,15.29440
1310.98820,-0.43581,-0.44548,55.74844,13.66094,13.12403,13.65218,15.31129
1310.99820,-0.44956,-0.45864,55.72909,13.62915,13.11436,13.65679,15.32880
1311.00820,-0.45000,-0.48131,55.65514,13.60049,13.05218,13.64868,15.35379
1311.01820,-0.43080,-0.49020,55.59244,13.61094,12.99003,13.63218,15.35929
1311.02820,-0.42900,-0.50159,55.62565,13.59906,12.99003,13.66264,15.37391
1311.03820,-0.42510,-0.52628,55.69783,13.57323,12.99003,13.72887,15.40570
1311.04820,-0.41637,-0.53982,55.69944,13.56194,12.96903,13.75218,15.41629
1311.05820,-0.44274,-0.54922,55.66487,13.52537,12.96618,13.73789,15.43543
1311.06820,-0.50882,-0.57278,55.57844,13.43394,12.95903,13.70218,15.48329
1311.07820,-0.49549,-0.58453,55.58975,13.43717,12.93253,13.72157,15.49848
1311.08820,-0.48019,-0.61482,55.58577,13.43094,12.86303,13.74551,15.54629
1311.09820,-0.50536,-0.62624,55.53044,13.40494,12.83503,13.71218,15.57829
1311.10820,-0.50536,-0.62624,55.53044,13.40494,12.83503,13.71218,15.57829
1311.11820,-0.46594,-0.65252,55.60084,13.44394,12.76523,13.75818,15.63349
1311.12820,-0.44112,-0.66158,55.66644,13.44394,12.77403,13.82218,15.62629
1311.13820,-0.44777,-0.67133,55.65833,13.42773,12.76261,13.82586,15.64213
1311.14820,-0.47728,-0.71457,55.62244,13.35594,12.71203,13.84218,15.71229
1311.15820,-0.47728,-0.71457,55.62244,13.35594,12.71203,13.84218,15.71229
1311.16820,-0.46954,-0.72452,55.59538,13.34274,12.68827,13.85208,15.71229
1311.17820,-0.45807,-0.75202,55.58532,13.31594,12.64333,13.88868,15.73737
1311.18820,-0.46670,-0.76670,55.67644,13.31594,12.65003,13.92218,15.78829
1311.19820,-0.45855,-0.78498,55.65581,13.30104,12.61069,13.93746,15.80662
1311.20820,-0.47917,-0.82053,55.51984,13.21934,12.54253,13.92618,15.83179
1311.21820,-0.52067,-0.82782,55.39444,13.14894,12.53703,13.88218,15.82629
1311.22820,-0.48259,-0.87177,55.48257,13.13058,12.48930,13.99234,15.87035
1311.23820,-0.47965,-0.87776,55.48469,13.12554,12.48074,14.00218,15.87623
1311.24820,-0.48658,-0.90878,55.40612,13.07526,12.41937,14.00518,15.90631
1311.25820,-0.49925,-0.95865,55.38544,13.00194,12.36203,14.05218,15.96929
1311.26820,-0.49826,-0.95991,55.38426,13.00124,12.35914,14.05357,15.97030
1311.27820,-0.48401,-0.97782,55.36734,12.99129,12.31785,14.07347,15.98472
1311.28820,-0.47864,-0.99651,55.36126,12.98739,12.27358,14.08127,16.01901
1311.29820,-0.48532,-0.99805,55.36944,12.99194,12.26903,14.07218,16.03629
1311.30820,-0.45323,-1.01476,55.37754,12.98294,12.24113,14.12618,16.02729
1311.31820,-0.44967,-1.01662,55.37844,12.98194,12.23803,14.13218,16.02629
1311.32820,-0.44704,-1.02539,55.39744,12.96927,12.23803,14.15751,16.03262
1311.33820,-0.45277,-1.04793,55.33987,12.94765,12.17875,14.14361,16.06986
1311.34820,-0.45568,-1.05493,55.31244,12.94194,12.15503,14.13218,16.08329
1311.35820,-0.41573,-1.02833,55.22529,12.99174,12.13013,14.09068,16.01274
1311.36820,-0.39777,-1.01704,55.23577,12.98877,12.16522,14.12170,15.96008
1311.37820,-0.39271,-1.01402,55.25044,12.98194,12.18603,14.14218,15.94029
1311.38820,-0.38586,-1.03322,55.28964,12.98894,12.15033,14.16318,15.98719
1311.39820,-0.38292,-1.04144,55.30644,12.99194,12.13503,14.17218,16.00729
1311.40820,-0.39209,-1.05331,55.09038,12.94385,12.05628,14.10248,15.98777
1311.41820,-0.39528,-1.05223,55.14974,12.95724,12.07243,14.11418,16.00589
1311.42820,-0.39492,-1.04956,55.21544,12.97194,12.09403,14.13218,16.01729
1311.43820,-0.41518,-1.04929,55.17391,12.94907,12.09870,14.10885,16.01729
1311.44820,-0.43443,-1.04813,55.13562,12.93245,12.10075,14.08218,16.02024
1311.45820,-0.42637,-1.04638,55.15444,12.95194,12.09403,14.08218,16.02629
1311.46820,-0.43658,-1.05354,55.19263,12.95194,12.09403,14.08788,16.05878
1311.47820,-0.45161,-1.05601,55.24824,12.94817,12.11706,14.09973,16.08329
1311.48820,-0.46368,-1.05119,55.29244,12.94194,12.15503,14.11218,16.08329
1311.49820,-0.46742,-1.05911,55.26634,12.91539,12.15053,14.12118,16.07924
1311.50820,-0.47200,-1.06880,55.23444,12.88294,12.14503,14.13218,16.07429
1311.51820,-0.46560,-1.05480,55.20866,12.90516,12.14503,14.10551,16.05295
1311.52820,-0.45617,-1.04099,55.13634,12.91957,12.13122,14.06772,16.01782
1311.53820,-0.45441,-1.04560,55.08644,12.90294,12.11403,14.06218,16.00729
1311.54820,-0.45441,-1.04560,55.08644,12.90294,12.11403,14.06218,16.00729
1311.55820,-0.42413,-0.99603,55.25014,13.01471,12.19672,14.06918,15.96953
1311.56820,-0.46353,-0.96263,55.31044,13.06094,12.25903,14.00218,15.98829
1311.57820,-0.46353,-0.96263,55.31044,13.06094,12.25903,14.00218,15.98829
1311.58820,-0.46493,-0.94903,55.32758,13.04117,12.31967,14.02854,15.93820
1311.59820,-0.47177,-0.92311,55.33149,13.04711,12.37842,14.01578,15.89018
1311.60820,-0.47141,-0.87802,55.33418,13.10575,12.43044,13.95891,15.83908
1311.61820,-0.44512,-0.86416,55.36044,13.15894,12.42303,13.95218,15.82629
1311.62820,-0.44512,-0.86416,55.36044,13.15894,12.42303,13.95218,15.82629
1311.63820,-0.51868,-0.81946,55.31764,13.12370,12.54693,13.87248,15.77452
1311.64820,-0.53940,-0.79915,55.15644,13.13894,12.50603,13.75218,15.75929
1311.65820,-0.53940,-0.79915,55.15644,13.13894,12.50603,13.75218,15.75929
1311.66820,-0.50746,-0.80202,55.25744,13.15894,12.52603,13.82218,15.75029
1311.67820,-0.51218,-0.79617,55.22293,13.15478,12.52832,13.80347,15.73636
1311.68820,-0.53145,-0.77412,55.11952,13.14500,12.54330,13.73824,15.69298
1311.69820,-0.53633,-0.77537,55.23044,13.16894,12.56803,13.76218,15.73129
1311.70820,-0.53633,-0.77537,55.23044,13.16894,12.56803,13.76218,15.73129
1311.71820,-0.52742,-0.76810,55.43484,13.21467,12.63523,13.82751,15.75742
1311.72820,-0.53747,-0.75283,55.47544,13.27694,12.62903,13.77218,15.79729
1311.73820,-0.53482,-0.75239,55.47496,13.27694,12.62990,13.77535,15.79277
1311.74820,-0.50396,-0.74716,55.46944,13.27694,12.64003,13.81218,15.74029
1311.75820,-0.50396,-0.74716,55.46944,13.27694,12.64003,13.81218,15.74029
1311.76820,-0.52509,-0.76126,55.37705,13.23550,12.60407,13.78148,15.75600
1311.77820,-0.49752,-0.71441,55.49144,13.33594,12.67103,13.77218,15.71229
1311.78820,-0.49752,-0.71441,55.49144,13.33594,12.67103,13.77218,15.71229
1311.79820,-0.49458,-0.71852,55.36797,13.31709,12.62202,13.73448,15.69438
1311.80820,-0.49440,-0.71877,55.36044,13.31594,12.61903,13.73218,15.69329
1311.81820,-0.50476,-0.71923,55.44594,13.31594,12.65798,13.76068,15.71134
1311.82820,-0.49463,-0.70588,55.44189,13.34444,12.66003,13.74318,15.69424
1311.83820,-0.49406,-0.70518,55.44144,13.34594,12.66003,13.74218,15.69329
1311.84820,-0.48190,-0.72734,55.39014,13.33644,12.59163,13.74218,15.71989
1311.85820,-0.48509,-0.73682,55.40970,13.32020,12.59400,13.76389,15.73160
1311.86820,-0.48832,-0.74381,55.42844,13.30694,12.59903,13.78218,15.74029
1311.87820,-0.45002,-0.72969,55.50997,13.37118,12.60727,13.80689,15.72464
1311.88820,-0.42213,-0.73952,55.40190,13.37768,12.52631,13.78315,15.71476
1311.89820,-0.41466,-0.74439,55.35444,13.37494,12.49503,13.77218,15.71229
1311.90820,-0.40645,-0.75015,55.35895,13.37125,12.48683,13.78858,15.71229
1311.91820,-0.39644,-0.75718,55.36445,13.36675,12.47683,13.80858,15.71229
1311.92820,-0.40789,-0.76841,55.35700,13.34485,12.46800,13.81218,15.73197
1311.93820,-0.39481,-0.74789,55.40174,13.41154,12.47203,13.78418,15.73399
1311.94820,-0.38681,-0.73730,55.42244,13.44394,12.47503,13.77218,15.73129
1311.95820,-0.39045,-0.75833,55.41104,13.39948,12.46306,13.80638,15.74212
1311.96820,-0.40268,-0.78608,55.40113,13.34661,12.44388,13.83873,15.77191
1311.97820,-0.41932,-0.80693,55.39883,13.31270,12.42606,13.85023,15.80984
1311.98820,-0.42215,-0.81047,55.39844,13.30694,12.42303,13.85218,15.81629
1311.99820,-0.43659,-0.84162,55.43616,13.27414,12.39761,13.88498,15.87943
1312.00820,-0.43976,-0.84845,55.44444,13.26694,12.39203,13.89218,15.89329
1312.01820,-0.44338,-0.91911,55.42612,13.17800,12.30074,13.96752,15.97987
1312.02820,-0.47444,-0.92815,55.49844,13.15894,12.33103,13.98218,16.02629
1312.03820,-0.46592,-0.93153,55.47405,13.15002,12.32053,13.99008,16.01342
1312.04820,-0.39714,-0.98352,55.28823,13.06702,12.19214,14.07000,15.95907
1312.05820,-0.39514,-1.01505,55.29544,13.05094,12.13503,14.09218,16.01729
1312.06820,-0.41635,-1.01318,55.28644,13.03744,12.14898,14.07418,16.02584
1312.07820,-0.44228,-1.01088,55.27544,13.02094,12.16603,14.05218,16.03629
1312.08820,-0.44266,-1.02190,55.30137,13.01230,12.15978,14.07304,16.05625
1312.09820,-0.44349,-1.04634,55.35898,12.99309,12.14587,14.11940,16.10062
1312.10820,-0.41654,-1.07183,55.31244,12.94194,12.11403,14.18218,16.07429
1312.11820,-0.43348,-1.08119,55.29260,12.92018,12.10411,14.17258,16.09573
1312.12820,-0.46141,-1.09426,55.23525,12.87685,12.08982,14.15218,16.11640
1312.13820,-0.44442,-1.07994,55.20344,12.88294,12.10403,14.15218,16.06429
1312.14820,-0.44442,-1.07994,55.20344,12.88294,12.10403,14.15218,16.06429
1312.15820,-0.43915,-1.07003,55.37344,12.93294,12.15503,14.19218,16.09329
1312.16820,-0.43811,-1.06757,55.34331,12.93102,12.14928,14.18066,16.08235
1312.17820,-0.44062,-1.06034,55.19804,12.91314,12.11883,14.12418,16.04189
1312.18820,-0.46823,-1.07301,55.12444,12.87394,12.09403,14.09218,16.06429
1312.19820,-0.46554,-1.07486,55.14399,12.87492,12.09742,14.10419,16.06745
1312.20820,-0.45138,-1.08460,55.24686,12.88010,12.11523,14.16741,16.08412
1312.21820,-0.47984,-1.06055,55.23444,12.89294,12.15503,14.11218,16.07429
1312.22820,-0.47928,-1.06093,55.23917,12.89476,12.15443,14.11339,16.07659
1312.23820,-0.47056,-1.06689,55.31244,12.92294,12.14503,14.13218,16.11229
1312.24820,-0.46996,-1.06743,55.31378,12.92365,12.14362,14.13289,16.11363
1312.25820,-0.46237,-1.07378,55.33097,12.93460,12.12503,14.14005,16.13129
1312.26820,-0.46470,-1.06414,55.32512,12.95534,12.12503,14.11346,16.13129
1312.27820,-0.46396,-1.05478,55.31918,12.97467,12.12573,14.09218,16.12660
1312.28820,-0.42937,-1.03407,55.30312,13.00985,12.13349,14.09331,16.06647
1312.29820,-0.43267,-1.05140,55.31279,12.99426,12.11145,14.10944,16.09765
1312.30820,-0.43527,-1.06508,55.32044,12.98194,12.09403,14.12218,16.12229
1312.31820,-0.45826,-1.04320,55.32126,12.99786,12.13158,14.07728,16.11453
1312.32820,-0.49160,-1.01147,55.32244,13.02094,12.18603,14.01218,16.10329
1312.33820,-0.50306,-1.02253,55.23855,12.97476,12.16718,14.00275,16.09386
1312.34820,-0.50255,-1.02427,55.36644,12.98144,12.21448,14.05918,16.11134
1312.35820,-0.50249,-1.02433,55.37344,12.98194,12.21703,14.06218,16.11229
1312.36820,-0.52353,-1.03421,55.44166,12.98194,12.22405,14.06856,16.16712
1312.37820,-0.50770,-1.03211,55.45025,13.02435,12.19066,14.05062,16.18463
1312.38820,-0.49682,-1.02909,55.43844,13.04094,12.17603,14.04218,16.17929
1312.39820,-0.51869,-1.03911,55.49748,13.00076,12.21867,14.08318,16.19487
1312.40820,-0.52348,-1.04131,55.51044,12.99194,12.22803,14.09218,16.19829
1312.41820,-0.52707,-1.04280,55.36858,12.98374,12.16817,14.02658,16.19009
1312.42820,-0.55162,-1.02980,55.39976,12.95734,12.24031,14.03678,16.16533
1312.43820,-0.55682,-1.02688,55.41344,12.95194,12.25903,14.04218,16.16029
1312.44820,-0.55563,-1.04449,55.38983,12.93673,12.22074,14.04743,16.18494
1312.45820,-0.55523,-1.06719,55.32696,12.90185,12.17197,14.05218,16.20096
1312.46820,-0.55552,-1.07003,55.30944,12.89294,12.16603,14.05218,16.19829
1312.47820,-0.57020,-1.08039,55.34794,12.90694,12.14433,14.03818,16.25849
1312.48820,-0.57648,-1.08483,55.36444,12.91294,12.13503,14.03218,16.28429
1312.49820,-0.59872,-1.09169,55.34756,12.88041,12.14327,14.02806,16.29582
1312.50820,-0.60688,-1.10025,55.34771,12.85261,12.15037,14.04551,16.29922
1312.51820,-0.57988,-1.09882,55.37544,12.87394,12.14503,14.07218,16.28429
1312.52820,-0.60689,-1.09095,55.33392,12.86107,12.15823,14.03034,16.28429
1312.53820,-0.65521,-1.07689,55.25978,12.83808,12.18179,13.95563,16.28429
1312.54820,-0.65306,-1.04703,55.26858,12.84214,12.25409,13.95858,16.21377
1312.55820,-0.65067,-1.04103,55.27344,12.84394,12.26903,13.96218,16.19829
1312.56820,-0.64309,-1.02517,55.29041,12.89955,12.25961,13.92448,16.20677
1312.57820,-0.64832,-1.01352,55.24722,12.89145,12.27626,13.90495,16.17455
1312.58820,-0.63830,-0.99619,55.23067,12.90521,12.29696,13.89595,16.13254
1312.59820,-0.61482,-0.98068,55.25744,12.94194,12.31003,13.90218,16.10329
1312.60820,-0.64084,-0.97099,55.16726,12.92418,12.31003,13.84297,16.09008
1312.61820,-0.65786,-0.96894,55.04999,12.89394,12.29158,13.79468,16.06979
1312.62820,-0.64047,-0.98065,55.03844,12.88294,12.26903,13.82218,16.06429
1312.63820,-0.66919,-0.98224,55.07800,12.87450,12.29170,13.81329,16.09851
1312.64820,-0.70502,-0.98423,55.12744,12.86394,12.32003,13.80218,16.14129
1312.65820,-0.70502,-0.98423,55.12744,12.86394,12.32003,13.80218,16.14129
1312.66820,-0.67013,-0.97152,55.03229,12.88067,12.29052,13.78378,16.07732
1312.67820,-0.66423,-0.98705,55.10085,12.89562,12.26939,13.80955,16.12629
1312.68820,-0.66135,-0.99465,55.13444,12.90294,12.25903,13.82218,16.15029
1312.69820,-0.68234,-0.99827,55.12839,12.87933,12.27114,13.81613,16.16179
1312.70820,-0.63761,-1.01175,55.11544,12.87394,12.23803,13.87218,16.13129
1312.71820,-0.64668,-1.01364,55.11903,12.86087,12.24816,13.87545,16.13455
1312.72820,-0.66537,-1.01754,55.12644,12.83394,12.26903,13.88218,16.14129
1312.73820,-0.64404,-1.01390,55.15556,12.85602,12.26903,13.90138,16.12913
1312.74820,-0.58354,-1.01466,55.19805,12.89357,12.24899,13.96157,16.09391
1312.75820,-0.55156,-1.03247,55.15744,12.87394,12.20703,14.00218,16.07429
1312.76820,-0.55156,-1.03247,55.15744,12.87394,12.20703,14.00218,16.07429
1312.77820,-0.54971,-1.03879,55.14267,12.89102,12.16795,13.98026,16.10344
1312.78820,-0.59172,-1.05320,55.21944,12.88294,12.17603,13.97218,16.18829
1312.79820,-0.58539,-1.05218,55.23164,12.89094,12.17603,13.97818,16.18649
1312.80820,-0.56012,-1.04812,55.28044,12.92294,12.17603,14.00218,16.17929
1312.81820,-0.56535,-1.05317,55.28016,12.91056,12.17603,14.00774,16.18582
1312.82820,-0.59027,-1.07723,55.27884,12.85162,12.17603,14.03423,16.21695
1312.83820,-0.52286,-1.08165,55.19537,12.87967,12.09950,14.05151,16.16469
1312.84820,-0.51804,-1.08202,55.19091,12.88222,12.09403,14.05293,16.16172
1312.85820,-0.52564,-1.09016,55.21188,12.87201,12.09403,14.06369,16.18215
1312.86820,-0.54690,-1.08963,55.35044,12.85394,12.17603,14.12218,16.19829
1312.87820,-0.54767,-1.09337,55.35262,12.84917,12.17272,14.12703,16.20370
1312.88820,-0.55640,-1.13583,55.37744,12.79494,12.13503,14.18218,16.26529
1312.89820,-0.55505,-1.13766,55.37389,12.79547,12.12846,14.18165,16.26831
1312.90820,-0.53814,-1.16054,55.32952,12.80209,12.04634,14.17503,16.30605
1312.91820,-0.51962,-1.16687,55.37678,12.81428,12.04000,14.20956,16.31294
1312.92820,-0.51884,-1.16663,55.38144,12.81494,12.04203,14.21218,16.31229
1312.93820,-0.50501,-1.17006,55.31434,12.79986,12.01866,14.21218,16.28364
1312.94820,-0.49886,-1.19846,55.36937,12.77115,12.00310,14.27563,16.31949
1312.95820,-0.49844,-1.20556,55.38944,12.76494,12.00103,14.29218,16.33129
1312.96820,-0.53498,-1.22185,55.33342,12.70037,12.00103,14.28269,16.34933
1312.97820,-0.53692,-1.22271,55.33044,12.69694,12.00103,14.28218,16.35029
1312.98820,-0.50533,-1.22115,55.32993,12.72691,11.97462,14.29234,16.33606
1312.99820,-0.48082,-1.22175,55.33387,12.75192,11.94992,14.30057,16.33146
1313.00820,-0.55047,-1.24581,55.38444,12.70594,11.96003,14.28218,16.43629
1313.01820,-0.54073,-1.23800,55.38541,12.72210,11.96327,14.27895,16.42109
1313.02820,-0.50755,-1.23643,55.33451,12.73340,11.93311,14.28525,16.38275
1313.03820,-0.48110,-1.26694,55.22544,12.68694,11.85703,14.31218,16.36929
1313.04820,-0.48378,-1.26751,55.20624,12.68054,11.85351,14.30578,16.36641
1313.05820,-0.48947,-1.26873,55.16544,12.66694,11.84603,14.29218,16.36029
1313.06820,-0.45490,-1.26384,55.24360,12.70783,11.85173,14.33359,16.35045
1313.07820,-0.45168,-1.25595,55.27136,12.71346,11.87758,14.34566,16.33466
1313.08820,-0.46640,-1.25424,55.24844,12.69694,11.88803,14.33218,16.33129
1313.09820,-0.53101,-1.26274,55.20708,12.65001,11.89599,14.27650,16.38458
1313.10820,-0.54764,-1.26492,55.19644,12.63794,11.89803,14.26218,16.39829
1313.11820,-0.52721,-1.27321,55.21605,12.64775,11.87687,14.28799,16.40345
1313.12820,-0.49620,-1.28537,55.29030,12.66401,11.86410,14.34753,16.41465
1313.13820,-0.49129,-1.28718,55.31344,12.66694,11.86703,14.36218,16.41729
1313.14820,-0.51282,-1.28304,55.35544,12.66694,11.89573,14.35518,16.43759
1313.15820,-0.52591,-1.26711,55.31184,12.67394,11.90803,14.31018,16.41969
1313.16820,-0.52757,-1.26103,55.28544,12.67694,11.90803,14.29218,16.40829
1313.17820,-0.52757,-1.26103,55.28544,12.67694,11.90803,14.29218,16.40829
1313.18820,-0.50602,-1.25280,55.30613,12.68635,11.92779,14.32040,16.37160
1313.19820,-0.50380,-1.25149,55.31201,12.69235,11.92758,14.32010,16.37199
1313.20820,-0.49167,-1.24378,55.38424,12.76146,11.90935,14.30178,16.41165
1313.21820,-0.48684,-1.26479,55.46344,12.73594,11.91903,14.37218,16.43629
1313.22820,-0.51938,-1.26186,55.40390,12.69573,11.93990,14.34164,16.42662
1313.23820,-0.53054,-1.25500,55.30144,12.67877,11.92795,14.29436,16.40036
1313.24820,-0.50522,-1.24998,55.24544,12.70594,11.88803,14.27218,16.37929
1313.25820,-0.46791,-1.24331,55.23920,12.71931,11.88803,14.30337,16.32849
1313.26820,-0.44312,-1.23831,55.19800,12.73154,11.86955,14.30258,16.29433
1313.27820,-0.47072,-1.24251,55.15544,12.72594,11.84603,14.25218,16.33129
1313.28820,-0.47072,-1.24251,55.15544,12.72594,11.84603,14.25218,16.33129
1313.29820,-0.49057,-1.26662,55.08644,12.65694,11.82603,14.26218,16.34129
1313.30820,-0.50073,-1.26247,55.08644,12.65694,11.83605,14.24925,16.34420
1313.31820,-0.51335,-1.26272,55.11119,12.66684,11.83657,14.23538,16.37240
1313.32820,-0.49579,-1.28081,55.16144,12.68694,11.79503,14.26218,16.41729
1313.33820,-0.50488,-1.27288,55.18473,12.69297,11.81853,14.25594,16.41729
1313.34820,-0.54299,-1.24751,55.26355,12.70764,11.90037,14.23112,16.42441
1313.35820,-0.56079,-1.27136,55.21408,12.66615,11.86208,14.22580,16.46005
1313.36820,-0.55886,-1.28841,55.18844,12.64574,11.82983,14.23618,16.47669
1313.37820,-0.50271,-1.29162,55.22044,12.67694,11.80503,14.29218,16.44629
1313.38820,-0.49986,-1.29011,55.22150,12.68215,11.80397,14.29112,16.44427
1313.39820,-0.48563,-1.28251,55.22682,12.70822,11.79865,14.28580,16.43416
1313.40820,-0.52967,-1.28798,55.27044,12.66694,11.84603,14.29218,16.46529
1313.41820,-0.53282,-1.28550,55.26461,12.67037,11.84603,14.28189,16.46632
1313.42820,-0.54855,-1.27309,55.23547,12.68751,11.84603,14.23047,16.47146
1313.43820,-0.58257,-1.28617,55.08244,12.58794,11.84603,14.21218,16.43629
1313.44820,-0.57634,-1.28568,55.09162,12.59719,11.84203,14.21532,16.43707
1313.45820,-0.50329,-1.27993,55.19944,12.70594,11.79503,14.25218,16.44629
1313.46820,-0.50819,-1.27786,55.20934,12.70735,11.80302,14.24935,16.44961
1313.47820,-0.57089,-1.25141,55.33112,12.72333,11.90531,14.21271,16.48977
1313.48820,-0.55158,-1.25982,55.22712,12.69066,11.87131,14.21938,16.44577
1313.49820,-0.54345,-1.26336,55.18344,12.67694,11.85703,14.22218,16.42729
1313.50820,-0.56188,-1.24329,55.28164,12.73485,11.89144,14.18861,16.46673
1313.51820,-0.56090,-1.27296,55.27122,12.69033,11.85939,14.22931,16.49219
1313.52820,-0.56063,-1.27501,55.26944,12.68694,11.85703,14.23218,16.49329
1313.53820,-0.55276,-1.25897,55.29039,12.72815,11.86402,14.21123,16.48700
1313.54820,-0.54936,-1.25205,55.29944,12.74594,11.86703,14.20218,16.48429
1313.55820,-0.54380,-1.27091,55.22006,12.68195,11.85002,14.23458,16.45351
1313.56820,-0.53875,-1.26959,55.22353,12.70703,11.82967,14.21763,16.46920
1313.57820,-0.53791,-1.26832,55.22844,12.71594,11.82603,14.21218,16.47429
1313.58820,-0.54733,-1.28268,55.29497,12.69025,11.84645,14.25829,16.49998
1313.59820,-0.56798,-1.28022,55.29013,12.68349,11.85703,14.23632,16.51329
1313.60820,-0.57629,-1.27501,55.26944,12.68694,11.85703,14.21218,16.51329
1313.61820,-0.57658,-1.26995,55.24184,12.68694,11.85703,14.19838,16.49949
1313.62820,-0.57671,-1.26768,55.22944,12.68694,11.85703,14.19218,16.49329
1313.63820,-0.58228,-1.25522,55.27126,12.71412,11.87864,14.17824,16.50026
1313.64820,-0.58051,-1.27039,55.32304,12.70564,11.87333,14.21418,16.52989
1313.65820,-0.57872,-1.27921,55.33744,12.69694,11.86703,14.23218,16.54129
1313.66820,-0.58783,-1.27404,55.30919,12.69377,11.87021,14.20996,16.53525
1313.67820,-0.58310,-1.27949,55.20797,12.66414,11.84169,14.19638,16.50576
1313.68820,-0.56470,-1.29201,55.17744,12.64694,11.81503,14.22218,16.49329
1313.69820,-0.61752,-1.26408,55.24629,12.67516,11.88501,14.16010,16.52602
1313.70820,-0.65820,-1.24257,55.29944,12.69694,11.93903,14.11218,16.55129
1313.71820,-0.64110,-1.24578,55.23430,12.69043,11.90874,14.10892,16.52621
1313.72820,-0.61101,-1.25144,55.12001,12.67900,11.85560,14.10321,16.48221
1313.73820,-0.59896,-1.26566,55.11584,12.65234,11.84603,14.14318,16.47429
1313.74820,-0.59750,-1.26855,55.11944,12.64694,11.84603,14.15218,16.47429
1313.75820,-0.62754,-1.26530,55.08496,12.61060,11.87492,14.13354,16.46590
1313.76820,-0.63220,-1.27344,55.12802,12.62693,11.85804,14.13218,16.51086
1313.77820,-0.63253,-1.27385,55.13668,12.62794,11.85987,14.13495,16.51391
1313.78820,-0.63522,-1.27346,55.22044,12.62794,11.89803,14.17218,16.52229
1313.79820,-0.63395,-1.27451,55.21875,12.62794,11.89473,14.17298,16.52309
1313.80820,-0.61740,-1.28662,55.18201,12.62002,11.85703,14.18416,16.52080
1313.81820,-0.60937,-1.28694,55.11144,12.58794,11.85703,14.19218,16.47429
1313.82820,-0.62314,-1.28431,55.13349,12.59476,11.86635,14.17854,16.49383
1313.83820,-0.67290,-1.27435,55.22021,12.61058,11.91311,14.14138,16.55514
1313.84820,-0.68236,-1.27113,55.25699,12.58760,11.96024,14.17011,16.53905
1313.85820,-0.68633,-1.26978,55.27244,12.57794,11.98003,14.18218,16.53229
1313.86820,-0.63142,-1.27575,55.21044,12.62794,11.88803,14.17218,16.52229
1313.87820,-0.63785,-1.27534,55.20821,12.62794,11.88803,14.16290,16.52934
1313.88820,-0.67635,-1.27096,55.19483,12.61733,11.90331,14.11794,16.55626
1313.89820,-0.71453,-1.26134,55.18144,12.57794,11.96003,14.10218,16.54129
1313.90820,-0.71162,-1.26720,55.19444,12.57994,11.94963,14.11018,16.55469
1313.91820,-0.70738,-1.29147,55.22504,12.57414,11.91023,14.13618,16.60449
1313.92820,-0.73707,-1.29497,55.13944,12.51894,11.91903,14.11218,16.58929
1313.93820,-0.73707,-1.29497,55.13944,12.51894,11.91903,14.11218,16.58929
1313.94820,-0.70555,-1.26400,55.21716,12.62046,11.92696,14.08839,16.58136
1313.95820,-0.69735,-1.25593,55.23744,12.64694,11.92903,14.08218,16.57929
1313.96820,-0.70799,-1.25267,55.12573,12.58724,11.94693,14.07428,16.51728
1313.97820,-0.70998,-1.27608,55.16944,12.57794,11.91903,14.10218,16.57029
1313.98820,-0.70995,-1.27370,55.17210,12.58417,11.91973,14.09728,16.57092
1313.99820,-0.70579,-1.24136,55.20772,12.66833,11.92973,14.03565,16.57402
1314.00820,-0.65611,-1.23051,55.21144,12.68694,11.93903,14.08218,16.50329
1314.01820,-0.65611,-1.23051,55.21144,12.68694,11.93903,14.08218,16.50329
1314.02820,-0.71275,-1.17913,55.20868,12.68694,12.06223,14.00863,16.45088
1314.03820,-0.71771,-1.17462,55.20844,12.68694,12.07303,14.00218,16.44629
1314.04820,-0.70657,-1.19959,55.07991,12.66776,11.97424,13.97340,16.46451
1314.05820,-0.70620,-1.17365,55.21364,12.68614,12.07851,14.02018,16.42881
1314.06820,-0.70620,-1.17253,55.21944,12.68694,12.08303,14.02218,16.42729
1314.07820,-0.68889,-1.17810,55.15951,12.71154,12.01805,13.99064,16.43927
1314.08820,-0.69213,-1.18462,55.13201,12.72594,11.97558,13.95881,16.47168
1314.09820,-0.70877,-1.18866,55.14144,12.72594,11.97003,13.94218,16.50329
1314.10820,-0.70860,-1.18981,55.16828,12.71714,11.98807,13.96418,16.49889
1314.11820,-0.71104,-1.20461,55.24189,12.70139,12.00092,14.01241,16.52717
1314.12820,-0.71365,-1.21763,55.28044,12.69694,11.99103,14.03218,16.56029
1314.13820,-0.72255,-1.21182,55.31947,12.70837,12.01114,14.02824,16.57172
1314.14820,-0.73544,-1.20340,55.37605,12.72495,12.04028,14.02252,16.58829
1314.15820,-0.73622,-1.20290,55.37944,12.72594,12.04203,14.02218,16.58929
1314.16820,-0.72137,-1.21368,55.33104,12.72954,11.99063,14.01418,16.59669
1314.17820,-0.68162,-1.21269,55.33644,12.76494,11.96003,14.03218,16.57929
1314.18820,-0.69573,-1.18489,55.37370,12.79254,12.01661,14.00458,16.55997
1314.19820,-0.70207,-1.17240,55.39044,12.80494,12.04203,13.99218,16.55129
1314.20820,-0.71320,-1.19662,55.32144,12.73663,12.02064,14.01288,16.55129
1314.21820,-0.73415,-1.20423,55.29113,12.69973,12.02552,14.00838,16.55750
1314.22820,-0.74130,-1.20275,55.29144,12.69694,12.03203,14.00218,16.56029
1314.23820,-0.73692,-1.20388,55.32362,12.71502,12.02560,14.00524,16.57775
1314.24820,-0.74029,-1.20570,55.27783,12.71621,11.99952,13.97763,16.58447
1314.25820,-0.75011,-1.20516,55.19044,12.68694,11.99103,13.95218,16.56029
1314.26820,-0.74846,-1.20277,55.16499,12.68694,11.98544,13.94200,16.55062
1314.27820,-0.74687,-1.20046,55.14044,12.68694,11.98003,13.93218,16.54129
1314.28820,-0.73551,-1.20311,55.10257,12.68694,11.95670,13.92835,16.53058
1314.29820,-0.72503,-1.20606,55.04906,12.68313,11.92945,13.91964,16.51684
1314.30820,-0.77922,-1.19697,55.10144,12.65694,12.00103,13.90218,16.54129
1314.31820,-0.77736,-1.20951,55.08909,12.63743,11.98471,13.91811,16.54885
1314.32820,-0.76754,-1.22365,55.05860,12.61434,11.96003,13.93898,16.54525
1314.33820,-0.75265,-1.21336,55.03344,12.62794,11.96003,13.93218,16.51329
1314.34820,-0.74389,-1.21557,55.02960,12.63402,11.94691,13.93538,16.51329
1314.35820,-0.71860,-1.23043,55.01120,12.63446,11.90239,13.95818,16.51617
1314.36820,-0.70443,-1.25206,54.98944,12.60794,11.86703,13.99218,16.52229
1314.37820,-0.70979,-1.24812,55.02460,12.61605,11.88409,13.99426,16.53019
1314.38820,-0.72704,-1.23542,55.13802,12.64223,11.93913,14.00097,16.55570
1314.39820,-0.73768,-1.24060,55.13583,12.62452,11.94333,14.00408,16.56390
1314.40820,-0.76943,-1.26705,55.06573,12.54794,11.92479,14.00642,16.58658
1314.41820,-0.76757,-1.24431,55.17644,12.62794,11.94903,13.98218,16.61729
1314.42820,-0.76667,-1.24417,55.15418,12.61834,11.94903,13.98218,16.60462
1314.43820,-0.75715,-1.24661,55.08593,12.57990,11.95119,13.99983,16.55501
1314.44820,-0.73364,-1.25886,55.19044,12.58794,11.96003,14.07218,16.57029
1314.45820,-0.73646,-1.25575,55.17587,12.58688,11.96216,14.06261,16.56422
1314.46820,-0.75060,-1.24013,55.10299,12.58156,11.97280,14.01473,16.53390
1314.47820,-0.76024,-1.22949,55.05344,12.57794,11.98003,13.98218,16.51329
1314.48820,-0.77193,-1.24203,55.13412,12.55259,12.01103,14.03156,16.53893
1314.49820,-0.74157,-1.22224,55.14386,12.60481,12.01103,14.02271,16.50530
1314.50820,-0.74336,-1.22332,55.13857,12.60300,12.00785,14.01968,16.50804
1314.51820,-0.79505,-1.25588,55.05464,12.53247,11.96231,13.98397,16.57589
1314.52820,-0.79709,-1.24485,55.08844,12.55744,11.97903,13.97268,16.57929
1314.53820,-0.79706,-1.24418,55.09044,12.55894,11.98003,13.97218,16.57929
1314.54820,-0.76037,-1.26309,55.11566,12.55053,11.95397,14.03944,16.57172
1314.55820,-0.75342,-1.26667,55.12044,12.54894,11.94903,14.05218,16.57029
1314.56820,-0.82763,-1.23170,55.19752,12.54894,12.06793,13.99478,16.58587
1314.57820,-0.86383,-1.23445,55.24799,12.55826,12.07447,13.96354,16.65172
1314.58820,-0.86529,-1.23521,55.25044,12.55894,12.07303,13.96218,16.65629
1314.59820,-0.79540,-1.23291,55.31431,12.61500,12.05103,14.02605,16.62222
1314.60820,-0.77995,-1.21718,55.39046,12.65352,12.08467,14.04398,16.60829
1314.61820,-0.78282,-1.21394,55.40144,12.65694,12.09403,14.04218,16.60829
1314.62820,-0.75924,-1.20410,55.27078,12.66516,12.05130,14.00109,16.55323
1314.63820,-0.75411,-1.20196,55.24244,12.66694,12.04203,13.99218,16.54129
1314.64820,-0.77491,-1.20485,55.17858,12.63138,12.04203,13.97041,16.53476
1314.65820,-0.77982,-1.20675,55.34557,12.65175,12.09171,14.02428,16.57783
1314.66820,-0.77849,-1.20712,55.43144,12.66694,12.11403,14.05218,16.59829
1314.67820,-0.76238,-1.20096,55.28999,12.64693,12.08574,14.02458,16.53274
1314.68820,-0.76383,-1.20142,55.31959,12.66485,12.07993,14.01908,16.55573
1314.69820,-0.76774,-1.20288,55.36144,12.67694,12.08303,14.02218,16.57929
1314.70820,-0.78171,-1.20717,55.35518,12.65606,12.09069,14.02218,16.58625
1314.71820,-0.78781,-1.20905,55.35244,12.64694,12.09403,14.02218,16.58929
1314.72820,-0.75869,-1.21541,55.34617,12.65264,12.07009,14.05068,16.57276
1314.73820,-0.75619,-1.21102,55.36937,12.67404,12.06970,14.04368,16.58195
1314.74820,-0.77086,-1.20410,55.39044,12.68694,12.08303,14.02218,16.59829
1314.75820,-0.74866,-1.21432,55.36741,12.68118,12.05367,14.04521,16.58735
1314.76820,-0.73505,-1.21454,55.30204,12.66542,12.03972,14.04682,16.55009
1314.77820,-0.73946,-1.20277,55.22444,12.64694,12.05203,14.02218,16.50329
1314.78820,-0.72080,-1.18942,55.21142,12.68690,12.03856,13.99973,16.48623
1314.79820,-0.69788,-1.17304,55.19544,12.73594,12.02203,13.97218,16.46529
1314.80820,-0.70507,-1.16549,55.20522,12.73150,12.04914,13.97218,16.45240
1314.81820,-0.70500,-1.16542,55.25837,12.71900,12.08567,14.01048,16.44323
1314.82820,-0.68491,-1.18618,55.34933,12.70357,12.09152,14.09558,16.45865
1314.83820,-0.68319,-1.18321,55.37685,12.71090,12.10373,14.10379,16.45843
1314.84820,-0.69886,-1.15620,55.35050,12.74262,12.12578,14.03928,16.44284
1314.85820,-0.68209,-1.16005,55.33162,12.75594,12.09463,14.03825,16.44280
1314.86820,-0.66960,-1.16818,55.32744,12.75594,12.07303,14.05218,16.44629
1314.87820,-0.71021,-1.14627,55.28185,12.72514,12.13649,14.00906,16.41117
1314.88820,-0.73554,-1.13260,55.25344,12.70594,12.17603,13.98218,16.38929
1314.89820,-0.66891,-1.14889,55.15910,12.73215,12.06793,13.99528,16.36373
1314.90820,-0.65858,-1.12032,55.05717,12.76367,12.05957,13.92751,16.30642
1314.91820,-0.66534,-1.11783,55.05901,12.76321,12.06687,13.92026,16.30866
1314.92820,-0.68048,-1.12650,55.05927,12.73634,12.07293,13.92802,16.32198
1314.93820,-0.65668,-1.15886,54.96544,12.65694,12.03203,13.99218,16.28429
1314.94820,-0.65400,-1.15354,54.98140,12.67569,12.03330,13.98458,16.28783
1314.95820,-0.63990,-1.12555,55.06540,12.77435,12.03997,13.94458,16.30650
1314.96820,-0.63828,-1.11769,55.09865,12.80312,12.04518,13.93400,16.31635
1314.97820,-0.68298,-1.13142,55.20904,12.77081,12.09403,13.96288,16.38132
1314.98820,-0.71167,-1.15063,55.19044,12.71594,12.09403,13.97218,16.40829
1314.99820,-0.70536,-1.14972,55.18363,12.71752,12.09158,13.97535,16.39918
1315.00820,-0.63371,-1.13875,55.10114,12.73634,12.06220,14.00781,16.29480
1315.01820,-0.66040,-1.13255,55.05398,12.74202,12.05027,13.94531,16.31639
1315.02820,-0.67884,-1.12826,55.02144,12.74594,12.04203,13.90218,16.33129
1315.03820,-0.68583,-1.08773,55.00054,12.75544,12.12088,13.87368,16.25054
1315.04820,-0.64855,-1.12168,55.20919,12.79262,12.09587,13.98505,16.33564
1315.05820,-0.64618,-1.12395,55.22244,12.79494,12.09403,13.99218,16.34129
1315.06820,-0.68745,-1.08954,55.15986,12.77232,12.17169,13.93186,16.28399
1315.07820,-0.70094,-1.07830,55.13944,12.76494,12.19703,13.91218,16.26529
1315.08820,-0.67643,-1.09010,55.14272,12.80594,12.12897,13.90398,16.30383
1315.09820,-0.68441,-1.06873,55.31236,12.82232,12.24113,13.95958,16.28933
1315.10820,-0.68733,-1.06349,55.34944,12.82394,12.26903,13.97218,16.28429
1315.11820,-0.67276,-1.05411,55.34851,12.86541,12.24993,13.94888,16.28429
1315.12820,-0.65628,-1.04514,55.31244,12.90319,12.21753,13.91468,16.27704
1315.13820,-0.65694,-1.05054,55.20744,12.87394,12.18603,13.89218,16.25529
1315.14820,-0.66431,-1.05357,55.25722,12.87851,12.19670,13.90234,16.27967
1315.15820,-0.67144,-1.05651,55.30544,12.88294,12.20703,13.91218,16.30329
1315.16820,-0.69388,-1.04887,55.25255,12.86302,12.22146,13.87784,16.29024
1315.17820,-0.68766,-1.03622,55.26915,12.89465,12.22803,13.86218,16.28429
1315.18820,-0.68027,-1.03211,55.28744,12.91294,12.22803,13.86218,16.28429
1315.19820,-0.68027,-1.03211,55.28744,12.91294,12.22803,13.86218,16.28429
1315.20820,-0.66001,-1.06434,55.21869,12.88064,12.15100,13.88703,16.30002
1315.21820,-0.65332,-1.09165,55.11487,12.81724,12.10134,13.90862,16.28767
1315.22820,-0.65278,-1.09612,55.09544,12.80494,12.09403,13.91218,16.28429
1315.23820,-0.64610,-1.11119,55.21438,12.84235,12.07389,13.94096,16.35718
1315.24820,-0.65031,-1.10986,55.21833,12.83927,12.08198,13.94060,16.35648
1315.25820,-0.69589,-1.08788,55.20295,12.78888,12.17863,13.92540,16.31003
1315.26820,-0.62084,-1.09889,55.17444,12.83394,12.09403,13.96218,16.28429
1315.27820,-0.65313,-1.09961,55.12899,12.80258,12.10312,13.93036,16.29292
1315.28820,-0.69530,-1.10653,55.04693,12.75637,12.09554,13.88316,16.31186
1315.29820,-0.69940,-1.11392,55.01344,12.74594,12.07303,13.87218,16.32229
1315.30820,-0.68820,-1.11240,55.08411,12.76327,12.09126,13.90329,16.32629
1315.31820,-0.67423,-1.11050,55.17244,12.78494,12.11403,13.94218,16.33129
1315.32820,-0.66937,-1.10797,55.15967,12.77784,12.12148,13.94928,16.31106
1315.33820,-0.65506,-1.09649,55.15394,12.79176,12.13276,13.95082,16.27860
1315.34820,-0.63648,-1.07313,55.21344,12.88294,12.12503,13.91218,16.29329
1315.35820,-0.65175,-1.08045,55.17010,12.84561,12.12503,13.90902,16.29044
1315.36820,-0.67092,-1.08842,55.11697,12.79360,12.13372,13.91086,16.27879
1315.37820,-0.63684,-1.06915,55.21644,12.86394,12.15503,13.93218,16.26529
1315.38820,-0.63362,-1.07220,55.16844,12.85434,12.13551,13.92258,16.25601
1315.39820,-0.62678,-1.07869,55.06644,12.83394,12.09403,13.90218,16.23629
1315.40820,-0.62678,-1.07869,55.06644,12.83394,12.09403,13.90218,16.23629
1315.41820,-0.64551,-1.07359,55.31304,12.87174,12.18023,13.96018,16.30089
1315.42820,-0.65407,-1.06696,55.38344,12.90294,12.19703,13.95218,16.33129
1315.43820,-0.65997,-1.06017,55.35589,12.90104,12.20292,13.93318,16.31875
1315.44820,-0.68507,-1.02975,55.26599,12.88743,12.24950,13.87118,16.25788
1315.45820,-0.68456,-1.02373,55.38344,12.86394,12.34103,13.95218,16.22629
1315.46820,-0.68124,-1.02888,55.37192,12.86526,12.32196,13.94953,16.23516
1315.47820,-0.66458,-1.05466,55.31430,12.87189,12.22660,13.93629,16.27953
1315.48820,-0.66058,-1.06335,55.29110,12.86916,12.19773,13.93287,16.29135
1315.49820,-0.67551,-1.07114,55.21944,12.80788,12.20763,13.94038,16.26355
1315.50820,-0.66150,-1.04824,55.21944,12.85394,12.21703,13.91218,16.23629
1315.51820,-0.66170,-1.04676,55.22833,12.86010,12.21850,13.91008,16.23965
1315.52820,-0.66337,-1.03039,55.34308,12.93533,12.23512,13.88834,16.28429
1315.53820,-0.65016,-1.07746,55.29508,12.84093,12.19352,13.97634,16.28429
1315.54820,-0.64778,-1.08594,55.28644,12.82394,12.18603,13.99218,16.28429
1315.55820,-0.66262,-1.07594,55.35544,12.85344,12.21203,13.97718,16.31279
1315.56820,-0.67742,-1.06596,55.42444,12.88294,12.23803,13.96218,16.34129
1315.57820,-0.67358,-1.08428,55.37744,12.84628,12.20889,13.98098,16.34129
1315.58820,-0.69738,-1.08156,55.18738,12.80728,12.16849,13.89758,16.31403
1315.59820,-0.69892,-1.08131,55.17544,12.80494,12.16603,13.89218,16.31229
1315.60820,-0.67768,-1.07455,55.17041,12.82957,12.15548,13.89218,16.29319
1315.61820,-0.68937,-1.07863,55.16994,12.81444,12.16053,13.89218,16.30279
1315.62820,-0.72208,-1.08939,55.17444,12.77494,12.17603,13.89218,16.33129
1315.63820,-0.68739,-1.09396,55.28418,12.81348,12.17603,13.95097,16.34370
1315.64820,-0.66903,-1.09638,55.34244,12.83394,12.17603,13.98218,16.35029
1315.65820,-0.66379,-1.11862,55.21699,12.77984,12.11958,13.98218,16.33539
1315.66820,-0.70693,-1.09715,55.19945,12.78924,12.15425,13.90928,16.34668
1315.67820,-0.71739,-1.09068,55.20344,12.79494,12.16603,13.89218,16.35029
1315.68820,-0.69553,-1.09477,55.23624,12.80587,12.16002,13.92498,16.34537
1315.69820,-0.68590,-1.09390,55.39906,12.84948,12.19211,13.97250,16.38497
1315.70820,-0.69406,-1.08980,55.53044,12.88294,12.22803,13.99218,16.42729
1315.71820,-0.71439,-1.06739,55.34090,12.84622,12.23343,13.91118,16.35007
1315.72820,-0.73182,-1.04818,55.17944,12.81494,12.23803,13.84218,16.28429
1315.73820,-0.72362,-1.04838,55.14456,12.81174,12.22491,13.83898,16.26893
1315.74820,-0.69174,-1.04281,55.07743,12.82664,12.19299,13.83218,16.22562
1315.75820,-0.66699,-1.03251,55.08944,12.86394,12.18603,13.83218,16.20729
1315.76820,-0.65516,-1.01151,55.06775,12.87352,12.21731,13.82714,16.14978
1315.77820,-0.67999,-0.99808,54.97715,12.82832,12.25360,13.79689,16.09834
1315.78820,-0.71571,-1.00516,54.90944,12.77494,12.25903,13.77218,16.10329
1315.79820,-0.69871,-1.00513,54.96870,12.81952,12.24154,13.77782,16.12981
1315.80820,-0.68561,-1.00511,55.01444,12.85394,12.22803,13.78218,16.15029
1315.81820,-0.71223,-0.99407,55.08438,12.84257,12.29797,13.79355,16.15029
1315.82820,-0.72258,-0.97257,55.14195,12.86363,12.35517,13.78715,16.13600
1315.83820,-0.70631,-0.95077,55.14944,12.91294,12.36203,13.76218,16.11229
1315.84820,-0.70300,-0.94301,55.18089,12.92364,12.38453,13.77092,16.10180
1315.85820,-0.69645,-0.88782,55.29162,12.99430,12.49849,13.76218,16.03665
1315.86820,-0.70571,-0.83971,55.28844,13.05094,12.55703,13.69218,15.98829
1315.87820,-0.70342,-0.82567,55.26304,13.05941,12.57085,13.67436,15.95844
1315.88820,-0.70056,-0.80817,55.23144,13.06994,12.58803,13.65218,15.92129
1315.89820,-0.69362,-0.79824,55.23748,13.09682,12.58803,13.63708,15.91555
1315.90820,-0.67820,-0.77616,55.25090,13.15655,12.58803,13.60352,15.90280
1315.91820,-0.73847,-0.71934,55.26944,13.16894,12.72203,13.52318,15.85529
1315.92820,-0.71178,-0.71337,55.27344,13.18527,12.72203,13.54285,15.82329
1315.93820,-0.66651,-0.69614,55.27227,13.22947,12.71908,13.55587,15.76786
1315.94820,-0.68582,-0.68348,55.25044,13.25694,12.71203,13.49318,15.78829
1315.95820,-0.67894,-0.67689,55.26294,13.26844,12.72237,13.49651,15.77562
1315.96820,-0.65677,-0.65568,55.30326,13.30554,12.75570,13.50727,15.73476
1315.97820,-0.64458,-0.64402,55.32544,13.32594,12.77403,13.51318,15.71229
1315.98820,-0.63927,-0.65083,55.29332,13.32154,12.74675,13.50878,15.71625
1315.99820,-0.63396,-0.64161,55.38979,13.36291,12.77328,13.52102,15.73258
1316.00820,-0.63380,-0.62417,55.47212,13.40242,12.81503,13.52166,15.73299
1316.01820,-0.62356,-0.59473,55.42351,13.44838,12.81768,13.46523,15.69222
1316.02820,-0.59644,-0.55868,55.41888,13.52056,12.83093,13.42550,15.64189
1316.03820,-0.58804,-0.54750,55.41744,13.54294,12.83503,13.41318,15.62629
1316.04820,-0.52928,-0.52467,55.31867,13.56996,12.81640,13.41318,15.51913
1316.05820,-0.52283,-0.52191,55.30857,13.57607,12.81216,13.41038,15.50996
1316.06820,-0.48979,-0.50449,55.27527,13.64200,12.77256,13.37038,15.49033
1316.07820,-0.42847,-0.46463,55.33944,13.78894,12.75303,13.33318,15.46429
1316.08820,-0.42167,-0.46138,55.34871,13.80296,12.75137,13.33239,15.46199
1316.09820,-0.33842,-0.41834,55.46268,13.97952,12.73418,13.31833,15.43064
1316.10820,-0.27915,-0.34818,55.54644,14.16194,12.76303,13.25318,15.36829
1316.11820,-0.27552,-0.34097,55.55452,14.17904,12.76740,13.24472,15.36335
1316.12820,-0.22379,-0.23829,55.66996,14.42334,12.82982,13.12392,15.29288
1316.13820,-0.20213,-0.19529,55.71844,14.52594,12.85603,13.07318,15.26329
1316.14820,-0.08588,-0.06673,55.63062,14.78861,12.86387,12.91636,15.06178
1316.15820,-0.00161,0.11939,55.66975,15.13560,12.99079,12.69721,14.84615
1316.16820,0.00226,0.13054,55.67444,15.15594,13.00003,12.68418,14.83429
1316.17820,0.12470,0.30503,55.40858,15.45503,12.99054,12.40883,14.55419
1316.18820,0.25282,0.47630,55.33612,15.78510,13.03894,12.20606,14.30602
1316.19820,0.26051,0.48654,55.33244,15.80494,13.04203,12.19418,14.29129
1316.20820,0.29643,0.57757,55.40790,15.97051,13.13703,12.11275,14.18760
1316.21820,0.32660,0.65404,55.47144,16.10994,13.21703,12.04418,14.10029
1316.22820,0.43695,0.79756,55.52622,16.43696,13.26849,11.88648,13.93429
1316.23820,0.48179,0.94958,55.70344,16.69870,13.47297,11.77282,13.75894
1316.24820,0.48661,0.97609,55.73944,16.74094,13.51503,11.75518,13.72829
1316.25820,0.48317,1.06841,55.81927,16.84792,13.67740,11.68458,13.60936
1316.26820,0.47052,1.22909,56.00517,17.05419,13.96748,11.55698,13.42652
1316.27820,0.44893,1.41301,56.26944,17.31294,14.30903,11.40518,13.24229
1316.28820,0.45007,1.57771,56.19459,17.47720,14.50864,11.20419,13.00456
1316.29820,0.45057,1.65079,56.16144,17.54994,14.59703,11.11518,12.89929
1316.30820,0.45057,1.65079,56.16144,17.54994,14.59703,11.11518,12.89929
1316.31820,0.43279,1.84392,55.96333,17.70088,14.80675,10.84015,12.61555
1316.32820,0.41920,2.04027,55.70817,17.83129,15.00787,10.56213,12.30688
1316.33820,0.38528,2.21554,55.54230,17.94068,15.22769,10.32469,12.04925
1316.34820,0.36242,2.34483,55.51850,18.03983,15.42914,10.18412,11.86541
1316.35820,0.37341,2.39973,55.57300,18.10279,15.53285,10.16295,11.77441
1316.36820,0.35635,2.43967,55.64835,18.13476,15.64395,10.14739,11.72224
1316.37820,0.32038,2.47884,55.74995,18.15551,15.78066,10.13196,11.68182
1316.38820,0.30926,2.49095,55.78144,18.16194,15.82303,10.12718,11.66929
1316.39820,0.28251,2.62671,55.95127,18.34351,16.07808,9.99718,11.53249
1316.40820,0.27860,2.67417,56.09044,18.40894,16.21503,9.99718,11.46929
